sale_id,boom_user_id,confidence,match_method,match_weight,decision,candidate_count,exact_email_candidate,exact_phone_candidate,exact_contact_conflict,top_candidate,top_raw_confidence,runner_up_candidate,runner_up_confidence,runner_up_email_score,runner_up_phone_score,runner_up_name_score,confidence_margin,email_score,phone_score,name_score,alias_signals,alias_source
ft_sal_000003,SIN_MATCH,0.0,SIN_CANDIDATO_DE_CONTACTO,0.0,SIN_CANDIDATO_DE_CONTACTO,0,SIN_MATCH,SIN_MATCH,False,SIN_MATCH,0.0,SIN_MATCH,0.0,0.0,0.0,0.0,0.0,0.0,0.0,0.0,0,NO_APLICA
ft_sal_000004,SIN_MATCH,0.0,SIN_CANDIDATO_DE_CONTACTO,0.0,SIN_CANDIDATO_DE_CONTACTO,0,SIN_MATCH,SIN_MATCH,False,SIN_MATCH,0.0,SIN_MATCH,0.0,0.0,0.0,0.0,0.0,0.0,0.0,0.0,0,NO_APLICA
ft_sal_000006,SIN_MATCH,0.0,SIN_CANDIDATO_DE_CONTACTO,0.0,SIN_CANDIDATO_DE_CONTACTO,0,SIN_MATCH,SIN_MATCH,False,SIN_MATCH,0.0,SIN_MATCH,0.0,0.0,0.0,0.0,0.0,0.0,0.0,0.0,0,NO_APLICA
ft_sal_000008,SIN_MATCH,0.0,SIN_CANDIDATO_DE_CONTACTO,0.0,SIN_CANDIDATO_DE_CONTACTO,0,SIN_MATCH,SIN_MATCH,False,SIN_MATCH,0.0,SIN_MATCH,0.0,0.0,0.0,0.0,0.0,0.0,0.0,0.0,0,NO_APLICA
ft_sal_000009,SIN_MATCH,0.0,SIN_CANDIDATO_DE_CONTACTO,0.0,SIN_CANDIDATO_DE_CONTACTO,0,SIN_MATCH,SIN_MATCH,False,SIN_MATCH,0.0,SIN_MATCH,0.0,0.0,0.0,0.0,0.0,0.0,0.0,0.0,0,NO_APLICA
ft_sal_000011,SIN_MATCH,0.0,SIN_CANDIDATO_DE_CONTACTO,0.0,SIN_CANDIDATO_DE_CONTACTO,0,SIN_MATCH,SIN_MATCH,False,SIN_MATCH,0.0,SIN_MATCH,0.0,0.0,0.0,0.0,0.0,0.0,0.0,0.0,0,NO_APLICA
ft_sal_000013,SIN_MATCH,0.0,SIN_CANDIDATO_DE_CONTACTO,0.0,SIN_CANDIDATO_DE_CONTACTO,0,SIN_MATCH,SIN_MATCH,False,SIN_MATCH,0.0,SIN_MATCH,0.0,0.0,0.0,0.0,0.0,0.0,0.0,0.0,0,NO_APLICA
ft_sal_000016,SIN_MATCH,0.0,SIN_CANDIDATO_DE_CONTACTO,0.0,SIN_CANDIDATO_DE_CONTACTO,0,SIN_MATCH,SIN_MATCH,False,SIN_MATCH,0.0,SIN_MATCH,0.0,0.0,0.0,0.0,0.0,0.0,0.0,0.0,0,NO_APLICA
ft_sal_000017,SIN_MATCH,0.0,SIN_CANDIDATO_DE_CONTACTO,0.0,SIN_CANDIDATO_DE_CONTACTO,0,SIN_MATCH,SIN_MATCH,False,SIN_MATCH,0.0,SIN_MATCH,0.0,0.0,0.0,0.0,0.0,0.0,0.0,0.0,0,NO_APLICA
ft_sal_000019,SIN_MATCH,0.0,SIN_CANDIDATO_DE_CONTACTO,0.0,SIN_CANDIDATO_DE_CONTACTO,0,SIN_MATCH,SIN_MATCH,False,SIN_MATCH,0.0,SIN_MATCH,0.0,0.0,0.0,0.0,0.0,0.0,0.0,0.0,0,NO_APLICA
ft_sal_000024,SIN_MATCH,0.0,SIN_CANDIDATO_DE_CONTACTO,0.0,SIN_CANDIDATO_DE_CONTACTO,0,SIN_MATCH,SIN_MATCH,False,SIN_MATCH,0.0,SIN_MATCH,0.0,0.0,0.0,0.0,0.0,0.0,0.0,0.0,0,NO_APLICA
ft_sal_000029,SIN_MATCH,0.0,SIN_CANDIDATO_DE_CONTACTO,0.0,SIN_CANDIDATO_DE_CONTACTO,0,SIN_MATCH,SIN_MATCH,False,SIN_MATCH,0.0,SIN_MATCH,0.0,0.0,0.0,0.0,0.0,0.0,0.0,0.0,0,NO_APLICA
ft_sal_000031,SIN_MATCH,0.0,SIN_CANDIDATO_DE_CONTACTO,0.0,SIN_CANDIDATO_DE_CONTACTO,0,SIN_MATCH,SIN_MATCH,False,SIN_MATCH,0.0,SIN_MATCH,0.0,0.0,0.0,0.0,0.0,0.0,0.0,0.0,0,NO_APLICA
ft_sal_000032,SIN_MATCH,0.0,SIN_CANDIDATO_DE_CONTACTO,0.0,SIN_CANDIDATO_DE_CONTACTO,0,SIN_MATCH,SIN_MATCH,False,SIN_MATCH,0.0,SIN_MATCH,0.0,0.0,0.0,0.0,0.0,0.0,0.0,0.0,0,NO_APLICA
ft_sal_000034,SIN_MATCH,0.0,SIN_CANDIDATO_DE_CONTACTO,0.0,SIN_CANDIDATO_DE_CONTACTO,0,SIN_MATCH,SIN_MATCH,False,SIN_MATCH,0.0,SIN_MATCH,0.0,0.0,0.0,0.0,0.0,0.0,0.0,0.0,0,NO_APLICA
ft_sal_000036,SIN_MATCH,0.0,SIN_CANDIDATO_DE_CONTACTO,0.0,SIN_CANDIDATO_DE_CONTACTO,0,SIN_MATCH,SIN_MATCH,False,SIN_MATCH,0.0,SIN_MATCH,0.0,0.0,0.0,0.0,0.0,0.0,0.0,0.0,0,NO_APLICA
ft_sal_000037,SIN_MATCH,0.0,SIN_CANDIDATO_DE_CONTACTO,0.0,SIN_CANDIDATO_DE_CONTACTO,0,SIN_MATCH,SIN_MATCH,False,SIN_MATCH,0.0,SIN_MATCH,0.0,0.0,0.0,0.0,0.0,0.0,0.0,0.0,0,NO_APLICA
ft_sal_000040,SIN_MATCH,0.0,SIN_CANDIDATO_DE_CONTACTO,0.0,SIN_CANDIDATO_DE_CONTACTO,0,SIN_MATCH,SIN_MATCH,False,SIN_MATCH,0.0,SIN_MATCH,0.0,0.0,0.0,0.0,0.0,0.0,0.0,0.0,0,NO_APLICA
ft_sal_000041,SIN_MATCH,0.0,EVIDENCIA_INSUFICIENTE,0.0,EVIDENCIA_INSUFICIENTE,1,SIN_MATCH,bm_usr_005310,False,bm_usr_005310,0.58,SIN_MATCH,0.0,0.0,0.0,0.0,0.58,0.0,1.0,0.381,0,NO_APLICA
ft_sal_000042,SIN_MATCH,0.0,SIN_CANDIDATO_DE_CONTACTO,0.0,SIN_CANDIDATO_DE_CONTACTO,0,SIN_MATCH,SIN_MATCH,False,SIN_MATCH,0.0,SIN_MATCH,0.0,0.0,0.0,0.0,0.0,0.0,0.0,0.0,0,NO_APLICA
ft_sal_000043,SIN_MATCH,0.0,SIN_CANDIDATO_DE_CONTACTO,0.0,SIN_CANDIDATO_DE_CONTACTO,0,SIN_MATCH,SIN_MATCH,False,SIN_MATCH,0.0,SIN_MATCH,0.0,0.0,0.0,0.0,0.0,0.0,0.0,0.0,0,NO_APLICA
ft_sal_000044,SIN_MATCH,0.0,SIN_CANDIDATO_DE_CONTACTO,0.0,SIN_CANDIDATO_DE_CONTACTO,0,SIN_MATCH,SIN_MATCH,False,SIN_MATCH,0.0,SIN_MATCH,0.0,0.0,0.0,0.0,0.0,0.0,0.0,0.0,0,NO_APLICA
ft_sal_000049,SIN_MATCH,0.0,SIN_CANDIDATO_DE_CONTACTO,0.0,SIN_CANDIDATO_DE_CONTACTO,0,SIN_MATCH,SIN_MATCH,False,SIN_MATCH,0.0,SIN_MATCH,0.0,0.0,0.0,0.0,0.0,0.0,0.0,0.0,0,NO_APLICA
ft_sal_000056,SIN_MATCH,0.0,SIN_CANDIDATO_DE_CONTACTO,0.0,SIN_CANDIDATO_DE_CONTACTO,0,SIN_MATCH,SIN_MATCH,False,SIN_MATCH,0.0,SIN_MATCH,0.0,0.0,0.0,0.0,0.0,0.0,0.0,0.0,0,NO_APLICA
ft_sal_000066,SIN_MATCH,0.0,SIN_CANDIDATO_DE_CONTACTO,0.0,SIN_CANDIDATO_DE_CONTACTO,0,SIN_MATCH,SIN_MATCH,False,SIN_MATCH,0.0,SIN_MATCH,0.0,0.0,0.0,0.0,0.0,0.0,0.0,0.0,0,NO_APLICA
ft_sal_000069,SIN_MATCH,0.0,SIN_CANDIDATO_DE_CONTACTO,0.0,SIN_CANDIDATO_DE_CONTACTO,0,SIN_MATCH,SIN_MATCH,False,SIN_MATCH,0.0,SIN_MATCH,0.0,0.0,0.0,0.0,0.0,0.0,0.0,0.0,0,NO_APLICA
ft_sal_000073,SIN_MATCH,0.0,SIN_CANDIDATO_DE_CONTACTO,0.0,SIN_CANDIDATO_DE_CONTACTO,0,SIN_MATCH,SIN_MATCH,False,SIN_MATCH,0.0,SIN_MATCH,0.0,0.0,0.0,0.0,0.0,0.0,0.0,0.0,0,NO_APLICA
ft_sal_000075,SIN_MATCH,0.0,SIN_CANDIDATO_DE_CONTACTO,0.0,SIN_CANDIDATO_DE_CONTACTO,0,SIN_MATCH,SIN_MATCH,False,SIN_MATCH,0.0,SIN_MATCH,0.0,0.0,0.0,0.0,0.0,0.0,0.0,0.0,0,NO_APLICA
ft_sal_000077,SIN_MATCH,0.0,SIN_CANDIDATO_DE_CONTACTO,0.0,SIN_CANDIDATO_DE_CONTACTO,0,SIN_MATCH,SIN_MATCH,False,SIN_MATCH,0.0,SIN_MATCH,0.0,0.0,0.0,0.0,0.0,0.0,0.0,0.0,0,NO_APLICA
ft_sal_000081,SIN_MATCH,0.0,SIN_CANDIDATO_DE_CONTACTO,0.0,SIN_CANDIDATO_DE_CONTACTO,0,SIN_MATCH,SIN_MATCH,False,SIN_MATCH,0.0,SIN_MATCH,0.0,0.0,0.0,0.0,0.0,0.0,0.0,0.0,0,NO_APLICA
ft_sal_000083,SIN_MATCH,0.0,SIN_CANDIDATO_DE_CONTACTO,0.0,SIN_CANDIDATO_DE_CONTACTO,0,SIN_MATCH,SIN_MATCH,False,SIN_MATCH,0.0,SIN_MATCH,0.0,0.0,0.0,0.0,0.0,0.0,0.0,0.0,0,NO_APLICA
ft_sal_000084,SIN_MATCH,0.0,SIN_CANDIDATO_DE_CONTACTO,0.0,SIN_CANDIDATO_DE_CONTACTO,0,SIN_MATCH,SIN_MATCH,False,SIN_MATCH,0.0,SIN_MATCH,0.0,0.0,0.0,0.0,0.0,0.0,0.0,0.0,0,NO_APLICA
ft_sal_000086,SIN_MATCH,0.0,SIN_CANDIDATO_DE_CONTACTO,0.0,SIN_CANDIDATO_DE_CONTACTO,0,SIN_MATCH,SIN_MATCH,False,SIN_MATCH,0.0,SIN_MATCH,0.0,0.0,0.0,0.0,0.0,0.0,0.0,0.0,0,NO_APLICA
ft_sal_000087,SIN_MATCH,0.0,SIN_CANDIDATO_DE_CONTACTO,0.0,SIN_CANDIDATO_DE_CONTACTO,0,SIN_MATCH,SIN_MATCH,False,SIN_MATCH,0.0,SIN_MATCH,0.0,0.0,0.0,0.0,0.0,0.0,0.0,0.0,0,NO_APLICA
ft_sal_000088,SIN_MATCH,0.0,SIN_CANDIDATO_DE_CONTACTO,0.0,SIN_CANDIDATO_DE_CONTACTO,0,SIN_MATCH,SIN_MATCH,False,SIN_MATCH,0.0,SIN_MATCH,0.0,0.0,0.0,0.0,0.0,0.0,0.0,0.0,0,NO_APLICA
ft_sal_000090,SIN_MATCH,0.0,SIN_CANDIDATO_DE_CONTACTO,0.0,SIN_CANDIDATO_DE_CONTACTO,0,SIN_MATCH,SIN_MATCH,False,SIN_MATCH,0.0,SIN_MATCH,0.0,0.0,0.0,0.0,0.0,0.0,0.0,0.0,0,NO_APLICA
ft_sal_000096,SIN_MATCH,0.0,SIN_CANDIDATO_DE_CONTACTO,0.0,SIN_CANDIDATO_DE_CONTACTO,0,SIN_MATCH,SIN_MATCH,False,SIN_MATCH,0.0,SIN_MATCH,0.0,0.0,0.0,0.0,0.0,0.0,0.0,0.0,0,NO_APLICA
ft_sal_000097,SIN_MATCH,0.0,SIN_CANDIDATO_DE_CONTACTO,0.0,SIN_CANDIDATO_DE_CONTACTO,0,SIN_MATCH,SIN_MATCH,False,SIN_MATCH,0.0,SIN_MATCH,0.0,0.0,0.0,0.0,0.0,0.0,0.0,0.0,0,NO_APLICA
ft_sal_000098,SIN_MATCH,0.0,SIN_CANDIDATO_DE_CONTACTO,0.0,SIN_CANDIDATO_DE_CONTACTO,0,SIN_MATCH,SIN_MATCH,False,SIN_MATCH,0.0,SIN_MATCH,0.0,0.0,0.0,0.0,0.0,0.0,0.0,0.0,0,NO_APLICA
ft_sal_000099,SIN_MATCH,0.0,SIN_CANDIDATO_DE_CONTACTO,0.0,SIN_CANDIDATO_DE_CONTACTO,0,SIN_MATCH,SIN_MATCH,False,SIN_MATCH,0.0,SIN_MATCH,0.0,0.0,0.0,0.0,0.0,0.0,0.0,0.0,0,NO_APLICA
ft_sal_000109,SIN_MATCH,0.0,SIN_CANDIDATO_DE_CONTACTO,0.0,SIN_CANDIDATO_DE_CONTACTO,0,SIN_MATCH,SIN_MATCH,False,SIN_MATCH,0.0,SIN_MATCH,0.0,0.0,0.0,0.0,0.0,0.0,0.0,0.0,0,NO_APLICA
ft_sal_000110,SIN_MATCH,0.0,SIN_CANDIDATO_DE_CONTACTO,0.0,SIN_CANDIDATO_DE_CONTACTO,0,SIN_MATCH,SIN_MATCH,False,SIN_MATCH,0.0,SIN_MATCH,0.0,0.0,0.0,0.0,0.0,0.0,0.0,0.0,0,NO_APLICA
ft_sal_000116,SIN_MATCH,0.0,SIN_CANDIDATO_DE_CONTACTO,0.0,SIN_CANDIDATO_DE_CONTACTO,0,SIN_MATCH,SIN_MATCH,False,SIN_MATCH,0.0,SIN_MATCH,0.0,0.0,0.0,0.0,0.0,0.0,0.0,0.0,0,NO_APLICA
ft_sal_000120,SIN_MATCH,0.0,SIN_CANDIDATO_DE_CONTACTO,0.0,SIN_CANDIDATO_DE_CONTACTO,0,SIN_MATCH,SIN_MATCH,False,SIN_MATCH,0.0,SIN_MATCH,0.0,0.0,0.0,0.0,0.0,0.0,0.0,0.0,0,NO_APLICA
ft_sal_000122,SIN_MATCH,0.0,SIN_CANDIDATO_DE_CONTACTO,0.0,SIN_CANDIDATO_DE_CONTACTO,0,SIN_MATCH,SIN_MATCH,False,SIN_MATCH,0.0,SIN_MATCH,0.0,0.0,0.0,0.0,0.0,0.0,0.0,0.0,0,NO_APLICA
ft_sal_000123,SIN_MATCH,0.0,SIN_CANDIDATO_DE_CONTACTO,0.0,SIN_CANDIDATO_DE_CONTACTO,0,SIN_MATCH,SIN_MATCH,False,SIN_MATCH,0.0,SIN_MATCH,0.0,0.0,0.0,0.0,0.0,0.0,0.0,0.0,0,NO_APLICA
ft_sal_000125,SIN_MATCH,0.0,SIN_CANDIDATO_DE_CONTACTO,0.0,SIN_CANDIDATO_DE_CONTACTO,0,SIN_MATCH,SIN_MATCH,False,SIN_MATCH,0.0,SIN_MATCH,0.0,0.0,0.0,0.0,0.0,0.0,0.0,0.0,0,NO_APLICA
ft_sal_000126,SIN_MATCH,0.0,SIN_CANDIDATO_DE_CONTACTO,0.0,SIN_CANDIDATO_DE_CONTACTO,0,SIN_MATCH,SIN_MATCH,False,SIN_MATCH,0.0,SIN_MATCH,0.0,0.0,0.0,0.0,0.0,0.0,0.0,0.0,0,NO_APLICA
ft_sal_000128,SIN_MATCH,0.0,SIN_CANDIDATO_DE_CONTACTO,0.0,SIN_CANDIDATO_DE_CONTACTO,0,SIN_MATCH,SIN_MATCH,False,SIN_MATCH,0.0,SIN_MATCH,0.0,0.0,0.0,0.0,0.0,0.0,0.0,0.0,0,NO_APLICA
ft_sal_000129,SIN_MATCH,0.0,SIN_CANDIDATO_DE_CONTACTO,0.0,SIN_CANDIDATO_DE_CONTACTO,0,SIN_MATCH,SIN_MATCH,False,SIN_MATCH,0.0,SIN_MATCH,0.0,0.0,0.0,0.0,0.0,0.0,0.0,0.0,0,NO_APLICA
ft_sal_000130,SIN_MATCH,0.0,EVIDENCIA_INSUFICIENTE,0.0,EVIDENCIA_INSUFICIENTE,2,bm_usr_001749,bm_usr_004325,True,bm_usr_004325,0.58,bm_usr_001749,0.58,1.0,0.0,0.3529,0.0,0.0,1.0,0.3871,0,NO_APLICA
ft_sal_000135,SIN_MATCH,0.0,SIN_CANDIDATO_DE_CONTACTO,0.0,SIN_CANDIDATO_DE_CONTACTO,0,SIN_MATCH,SIN_MATCH,False,SIN_MATCH,0.0,SIN_MATCH,0.0,0.0,0.0,0.0,0.0,0.0,0.0,0.0,0,NO_APLICA
ft_sal_000137,SIN_MATCH,0.0,SIN_CANDIDATO_DE_CONTACTO,0.0,SIN_CANDIDATO_DE_CONTACTO,0,SIN_MATCH,SIN_MATCH,False,SIN_MATCH,0.0,SIN_MATCH,0.0,0.0,0.0,0.0,0.0,0.0,0.0,0.0,0,NO_APLICA
ft_sal_000140,SIN_MATCH,0.0,SIN_CANDIDATO_DE_CONTACTO,0.0,SIN_CANDIDATO_DE_CONTACTO,0,SIN_MATCH,SIN_MATCH,False,SIN_MATCH,0.0,SIN_MATCH,0.0,0.0,0.0,0.0,0.0,0.0,0.0,0.0,0,NO_APLICA
ft_sal_000143,SIN_MATCH,0.0,SIN_CANDIDATO_DE_CONTACTO,0.0,SIN_CANDIDATO_DE_CONTACTO,0,SIN_MATCH,SIN_MATCH,False,SIN_MATCH,0.0,SIN_MATCH,0.0,0.0,0.0,0.0,0.0,0.0,0.0,0.0,0,NO_APLICA
ft_sal_000144,SIN_MATCH,0.0,SIN_CANDIDATO_DE_CONTACTO,0.0,SIN_CANDIDATO_DE_CONTACTO,0,SIN_MATCH,SIN_MATCH,False,SIN_MATCH,0.0,SIN_MATCH,0.0,0.0,0.0,0.0,0.0,0.0,0.0,0.0,0,NO_APLICA
ft_sal_000148,SIN_MATCH,0.0,SIN_CANDIDATO_DE_CONTACTO,0.0,SIN_CANDIDATO_DE_CONTACTO,0,SIN_MATCH,SIN_MATCH,False,SIN_MATCH,0.0,SIN_MATCH,0.0,0.0,0.0,0.0,0.0,0.0,0.0,0.0,0,NO_APLICA
ft_sal_000149,SIN_MATCH,0.0,SIN_CANDIDATO_DE_CONTACTO,0.0,SIN_CANDIDATO_DE_CONTACTO,0,SIN_MATCH,SIN_MATCH,False,SIN_MATCH,0.0,SIN_MATCH,0.0,0.0,0.0,0.0,0.0,0.0,0.0,0.0,0,NO_APLICA
ft_sal_000150,SIN_MATCH,0.0,SIN_CANDIDATO_DE_CONTACTO,0.0,SIN_CANDIDATO_DE_CONTACTO,0,SIN_MATCH,SIN_MATCH,False,SIN_MATCH,0.0,SIN_MATCH,0.0,0.0,0.0,0.0,0.0,0.0,0.0,0.0,0,NO_APLICA
ft_sal_000151,SIN_MATCH,0.0,SIN_CANDIDATO_DE_CONTACTO,0.0,SIN_CANDIDATO_DE_CONTACTO,0,SIN_MATCH,SIN_MATCH,False,SIN_MATCH,0.0,SIN_MATCH,0.0,0.0,0.0,0.0,0.0,0.0,0.0,0.0,0,NO_APLICA
ft_sal_000152,SIN_MATCH,0.0,SIN_CANDIDATO_DE_CONTACTO,0.0,SIN_CANDIDATO_DE_CONTACTO,0,SIN_MATCH,SIN_MATCH,False,SIN_MATCH,0.0,SIN_MATCH,0.0,0.0,0.0,0.0,0.0,0.0,0.0,0.0,0,NO_APLICA
ft_sal_000154,SIN_MATCH,0.0,SIN_CANDIDATO_DE_CONTACTO,0.0,SIN_CANDIDATO_DE_CONTACTO,0,SIN_MATCH,SIN_MATCH,False,SIN_MATCH,0.0,SIN_MATCH,0.0,0.0,0.0,0.0,0.0,0.0,0.0,0.0,0,NO_APLICA
ft_sal_000157,SIN_MATCH,0.0,SIN_CANDIDATO_DE_CONTACTO,0.0,SIN_CANDIDATO_DE_CONTACTO,0,SIN_MATCH,SIN_MATCH,False,SIN_MATCH,0.0,SIN_MATCH,0.0,0.0,0.0,0.0,0.0,0.0,0.0,0.0,0,NO_APLICA
ft_sal_000161,SIN_MATCH,0.0,SIN_CANDIDATO_DE_CONTACTO,0.0,SIN_CANDIDATO_DE_CONTACTO,0,SIN_MATCH,SIN_MATCH,False,SIN_MATCH,0.0,SIN_MATCH,0.0,0.0,0.0,0.0,0.0,0.0,0.0,0.0,0,NO_APLICA
ft_sal_000166,SIN_MATCH,0.0,SIN_CANDIDATO_DE_CONTACTO,0.0,SIN_CANDIDATO_DE_CONTACTO,0,SIN_MATCH,SIN_MATCH,False,SIN_MATCH,0.0,SIN_MATCH,0.0,0.0,0.0,0.0,0.0,0.0,0.0,0.0,0,NO_APLICA
ft_sal_000168,SIN_MATCH,0.0,SIN_CANDIDATO_DE_CONTACTO,0.0,SIN_CANDIDATO_DE_CONTACTO,0,SIN_MATCH,SIN_MATCH,False,SIN_MATCH,0.0,SIN_MATCH,0.0,0.0,0.0,0.0,0.0,0.0,0.0,0.0,0,NO_APLICA
ft_sal_000170,SIN_MATCH,0.0,SIN_CANDIDATO_DE_CONTACTO,0.0,SIN_CANDIDATO_DE_CONTACTO,0,SIN_MATCH,SIN_MATCH,False,SIN_MATCH,0.0,SIN_MATCH,0.0,0.0,0.0,0.0,0.0,0.0,0.0,0.0,0,NO_APLICA
ft_sal_000171,SIN_MATCH,0.0,SIN_CANDIDATO_DE_CONTACTO,0.0,SIN_CANDIDATO_DE_CONTACTO,0,SIN_MATCH,SIN_MATCH,False,SIN_MATCH,0.0,SIN_MATCH,0.0,0.0,0.0,0.0,0.0,0.0,0.0,0.0,0,NO_APLICA
ft_sal_000176,SIN_MATCH,0.0,AMBIGUO,0.0,AMBIGUO,2,SIN_MATCH,SIN_MATCH,False,bm_usr_002240,0.97,bm_usr_001350,0.92,0.9,0.0,1.0,0.05,0.9,0.9,1.0,0,NO_APLICA
ft_sal_000186,SIN_MATCH,0.0,SIN_CANDIDATO_DE_CONTACTO,0.0,SIN_CANDIDATO_DE_CONTACTO,0,SIN_MATCH,SIN_MATCH,False,SIN_MATCH,0.0,SIN_MATCH,0.0,0.0,0.0,0.0,0.0,0.0,0.0,0.0,0,NO_APLICA
ft_sal_000195,SIN_MATCH,0.0,SIN_CANDIDATO_DE_CONTACTO,0.0,SIN_CANDIDATO_DE_CONTACTO,0,SIN_MATCH,SIN_MATCH,False,SIN_MATCH,0.0,SIN_MATCH,0.0,0.0,0.0,0.0,0.0,0.0,0.0,0.0,0,NO_APLICA
ft_sal_000197,SIN_MATCH,0.0,SIN_CANDIDATO_DE_CONTACTO,0.0,SIN_CANDIDATO_DE_CONTACTO,0,SIN_MATCH,SIN_MATCH,False,SIN_MATCH,0.0,SIN_MATCH,0.0,0.0,0.0,0.0,0.0,0.0,0.0,0.0,0,NO_APLICA
ft_sal_000202,SIN_MATCH,0.0,SIN_CANDIDATO_DE_CONTACTO,0.0,SIN_CANDIDATO_DE_CONTACTO,0,SIN_MATCH,SIN_MATCH,False,SIN_MATCH,0.0,SIN_MATCH,0.0,0.0,0.0,0.0,0.0,0.0,0.0,0.0,0,NO_APLICA
ft_sal_000203,SIN_MATCH,0.0,SIN_CANDIDATO_DE_CONTACTO,0.0,SIN_CANDIDATO_DE_CONTACTO,0,SIN_MATCH,SIN_MATCH,False,SIN_MATCH,0.0,SIN_MATCH,0.0,0.0,0.0,0.0,0.0,0.0,0.0,0.0,0,NO_APLICA
ft_sal_000204,SIN_MATCH,0.0,SIN_CANDIDATO_DE_CONTACTO,0.0,SIN_CANDIDATO_DE_CONTACTO,0,SIN_MATCH,SIN_MATCH,False,SIN_MATCH,0.0,SIN_MATCH,0.0,0.0,0.0,0.0,0.0,0.0,0.0,0.0,0,NO_APLICA
ft_sal_000205,SIN_MATCH,0.0,SIN_CANDIDATO_DE_CONTACTO,0.0,SIN_CANDIDATO_DE_CONTACTO,0,SIN_MATCH,SIN_MATCH,False,SIN_MATCH,0.0,SIN_MATCH,0.0,0.0,0.0,0.0,0.0,0.0,0.0,0.0,0,NO_APLICA
ft_sal_000212,SIN_MATCH,0.0,SIN_CANDIDATO_DE_CONTACTO,0.0,SIN_CANDIDATO_DE_CONTACTO,0,SIN_MATCH,SIN_MATCH,False,SIN_MATCH,0.0,SIN_MATCH,0.0,0.0,0.0,0.0,0.0,0.0,0.0,0.0,0,NO_APLICA
ft_sal_000213,SIN_MATCH,0.0,SIN_CANDIDATO_DE_CONTACTO,0.0,SIN_CANDIDATO_DE_CONTACTO,0,SIN_MATCH,SIN_MATCH,False,SIN_MATCH,0.0,SIN_MATCH,0.0,0.0,0.0,0.0,0.0,0.0,0.0,0.0,0,NO_APLICA
ft_sal_000215,SIN_MATCH,0.0,SIN_CANDIDATO_DE_CONTACTO,0.0,SIN_CANDIDATO_DE_CONTACTO,0,SIN_MATCH,SIN_MATCH,False,SIN_MATCH,0.0,SIN_MATCH,0.0,0.0,0.0,0.0,0.0,0.0,0.0,0.0,0,NO_APLICA
ft_sal_000218,SIN_MATCH,0.0,SIN_CANDIDATO_DE_CONTACTO,0.0,SIN_CANDIDATO_DE_CONTACTO,0,SIN_MATCH,SIN_MATCH,False,SIN_MATCH,0.0,SIN_MATCH,0.0,0.0,0.0,0.0,0.0,0.0,0.0,0.0,0,NO_APLICA
ft_sal_000220,SIN_MATCH,0.0,SIN_CANDIDATO_DE_CONTACTO,0.0,SIN_CANDIDATO_DE_CONTACTO,0,SIN_MATCH,SIN_MATCH,False,SIN_MATCH,0.0,SIN_MATCH,0.0,0.0,0.0,0.0,0.0,0.0,0.0,0.0,0,NO_APLICA
ft_sal_000222,SIN_MATCH,0.0,SIN_CANDIDATO_DE_CONTACTO,0.0,SIN_CANDIDATO_DE_CONTACTO,0,SIN_MATCH,SIN_MATCH,False,SIN_MATCH,0.0,SIN_MATCH,0.0,0.0,0.0,0.0,0.0,0.0,0.0,0.0,0,NO_APLICA
ft_sal_000223,SIN_MATCH,0.0,SIN_CANDIDATO_DE_CONTACTO,0.0,SIN_CANDIDATO_DE_CONTACTO,0,SIN_MATCH,SIN_MATCH,False,SIN_MATCH,0.0,SIN_MATCH,0.0,0.0,0.0,0.0,0.0,0.0,0.0,0.0,0,NO_APLICA
ft_sal_000230,SIN_MATCH,0.0,SIN_CANDIDATO_DE_CONTACTO,0.0,SIN_CANDIDATO_DE_CONTACTO,0,SIN_MATCH,SIN_MATCH,False,SIN_MATCH,0.0,SIN_MATCH,0.0,0.0,0.0,0.0,0.0,0.0,0.0,0.0,0,NO_APLICA
ft_sal_000233,SIN_MATCH,0.0,SIN_CANDIDATO_DE_CONTACTO,0.0,SIN_CANDIDATO_DE_CONTACTO,0,SIN_MATCH,SIN_MATCH,False,SIN_MATCH,0.0,SIN_MATCH,0.0,0.0,0.0,0.0,0.0,0.0,0.0,0.0,0,NO_APLICA
ft_sal_000234,SIN_MATCH,0.0,SIN_CANDIDATO_DE_CONTACTO,0.0,SIN_CANDIDATO_DE_CONTACTO,0,SIN_MATCH,SIN_MATCH,False,SIN_MATCH,0.0,SIN_MATCH,0.0,0.0,0.0,0.0,0.0,0.0,0.0,0.0,0,NO_APLICA
ft_sal_000235,SIN_MATCH,0.0,SIN_CANDIDATO_DE_CONTACTO,0.0,SIN_CANDIDATO_DE_CONTACTO,0,SIN_MATCH,SIN_MATCH,False,SIN_MATCH,0.0,SIN_MATCH,0.0,0.0,0.0,0.0,0.0,0.0,0.0,0.0,0,NO_APLICA
ft_sal_000239,SIN_MATCH,0.0,AMBIGUO,0.0,AMBIGUO,2,bm_usr_004514,SIN_MATCH,False,bm_usr_004739,0.97,bm_usr_004514,0.96,1.0,0.0,0.96,0.01,0.9,0.9,1.0,0,NO_APLICA
ft_sal_000252,SIN_MATCH,0.0,SIN_CANDIDATO_DE_CONTACTO,0.0,SIN_CANDIDATO_DE_CONTACTO,0,SIN_MATCH,SIN_MATCH,False,SIN_MATCH,0.0,SIN_MATCH,0.0,0.0,0.0,0.0,0.0,0.0,0.0,0.0,0,NO_APLICA
ft_sal_000253,SIN_MATCH,0.0,SIN_CANDIDATO_DE_CONTACTO,0.0,SIN_CANDIDATO_DE_CONTACTO,0,SIN_MATCH,SIN_MATCH,False,SIN_MATCH,0.0,SIN_MATCH,0.0,0.0,0.0,0.0,0.0,0.0,0.0,0.0,0,NO_APLICA
ft_sal_000255,SIN_MATCH,0.0,SIN_CANDIDATO_DE_CONTACTO,0.0,SIN_CANDIDATO_DE_CONTACTO,0,SIN_MATCH,SIN_MATCH,False,SIN_MATCH,0.0,SIN_MATCH,0.0,0.0,0.0,0.0,0.0,0.0,0.0,0.0,0,NO_APLICA
ft_sal_000258,SIN_MATCH,0.0,SIN_CANDIDATO_DE_CONTACTO,0.0,SIN_CANDIDATO_DE_CONTACTO,0,SIN_MATCH,SIN_MATCH,False,SIN_MATCH,0.0,SIN_MATCH,0.0,0.0,0.0,0.0,0.0,0.0,0.0,0.0,0,NO_APLICA
ft_sal_000262,SIN_MATCH,0.0,SIN_CANDIDATO_DE_CONTACTO,0.0,SIN_CANDIDATO_DE_CONTACTO,0,SIN_MATCH,SIN_MATCH,False,SIN_MATCH,0.0,SIN_MATCH,0.0,0.0,0.0,0.0,0.0,0.0,0.0,0.0,0,NO_APLICA
ft_sal_000263,SIN_MATCH,0.0,SIN_CANDIDATO_DE_CONTACTO,0.0,SIN_CANDIDATO_DE_CONTACTO,0,SIN_MATCH,SIN_MATCH,False,SIN_MATCH,0.0,SIN_MATCH,0.0,0.0,0.0,0.0,0.0,0.0,0.0,0.0,0,NO_APLICA
ft_sal_000265,SIN_MATCH,0.0,SIN_CANDIDATO_DE_CONTACTO,0.0,SIN_CANDIDATO_DE_CONTACTO,0,SIN_MATCH,SIN_MATCH,False,SIN_MATCH,0.0,SIN_MATCH,0.0,0.0,0.0,0.0,0.0,0.0,0.0,0.0,0,NO_APLICA
ft_sal_000268,SIN_MATCH,0.0,SIN_CANDIDATO_DE_CONTACTO,0.0,SIN_CANDIDATO_DE_CONTACTO,0,SIN_MATCH,SIN_MATCH,False,SIN_MATCH,0.0,SIN_MATCH,0.0,0.0,0.0,0.0,0.0,0.0,0.0,0.0,0,NO_APLICA
ft_sal_000273,SIN_MATCH,0.0,SIN_CANDIDATO_DE_CONTACTO,0.0,SIN_CANDIDATO_DE_CONTACTO,0,SIN_MATCH,SIN_MATCH,False,SIN_MATCH,0.0,SIN_MATCH,0.0,0.0,0.0,0.0,0.0,0.0,0.0,0.0,0,NO_APLICA
ft_sal_000275,SIN_MATCH,0.0,SIN_CANDIDATO_DE_CONTACTO,0.0,SIN_CANDIDATO_DE_CONTACTO,0,SIN_MATCH,SIN_MATCH,False,SIN_MATCH,0.0,SIN_MATCH,0.0,0.0,0.0,0.0,0.0,0.0,0.0,0.0,0,NO_APLICA
ft_sal_000276,SIN_MATCH,0.0,SIN_CANDIDATO_DE_CONTACTO,0.0,SIN_CANDIDATO_DE_CONTACTO,0,SIN_MATCH,SIN_MATCH,False,SIN_MATCH,0.0,SIN_MATCH,0.0,0.0,0.0,0.0,0.0,0.0,0.0,0.0,0,NO_APLICA
ft_sal_000289,SIN_MATCH,0.0,SIN_CANDIDATO_DE_CONTACTO,0.0,SIN_CANDIDATO_DE_CONTACTO,0,SIN_MATCH,SIN_MATCH,False,SIN_MATCH,0.0,SIN_MATCH,0.0,0.0,0.0,0.0,0.0,0.0,0.0,0.0,0,NO_APLICA
ft_sal_000290,SIN_MATCH,0.0,SIN_CANDIDATO_DE_CONTACTO,0.0,SIN_CANDIDATO_DE_CONTACTO,0,SIN_MATCH,SIN_MATCH,False,SIN_MATCH,0.0,SIN_MATCH,0.0,0.0,0.0,0.0,0.0,0.0,0.0,0.0,0,NO_APLICA
ft_sal_000291,SIN_MATCH,0.0,SIN_CANDIDATO_DE_CONTACTO,0.0,SIN_CANDIDATO_DE_CONTACTO,0,SIN_MATCH,SIN_MATCH,False,SIN_MATCH,0.0,SIN_MATCH,0.0,0.0,0.0,0.0,0.0,0.0,0.0,0.0,0,NO_APLICA
ft_sal_000292,SIN_MATCH,0.0,SIN_CANDIDATO_DE_CONTACTO,0.0,SIN_CANDIDATO_DE_CONTACTO,0,SIN_MATCH,SIN_MATCH,False,SIN_MATCH,0.0,SIN_MATCH,0.0,0.0,0.0,0.0,0.0,0.0,0.0,0.0,0,NO_APLICA
ft_sal_000296,SIN_MATCH,0.0,SIN_CANDIDATO_DE_CONTACTO,0.0,SIN_CANDIDATO_DE_CONTACTO,0,SIN_MATCH,SIN_MATCH,False,SIN_MATCH,0.0,SIN_MATCH,0.0,0.0,0.0,0.0,0.0,0.0,0.0,0.0,0,NO_APLICA
ft_sal_000299,SIN_MATCH,0.0,SIN_CANDIDATO_DE_CONTACTO,0.0,SIN_CANDIDATO_DE_CONTACTO,0,SIN_MATCH,SIN_MATCH,False,SIN_MATCH,0.0,SIN_MATCH,0.0,0.0,0.0,0.0,0.0,0.0,0.0,0.0,0,NO_APLICA
ft_sal_000300,SIN_MATCH,0.0,SIN_CANDIDATO_DE_CONTACTO,0.0,SIN_CANDIDATO_DE_CONTACTO,0,SIN_MATCH,SIN_MATCH,False,SIN_MATCH,0.0,SIN_MATCH,0.0,0.0,0.0,0.0,0.0,0.0,0.0,0.0,0,NO_APLICA
ft_sal_000307,SIN_MATCH,0.0,SIN_CANDIDATO_DE_CONTACTO,0.0,SIN_CANDIDATO_DE_CONTACTO,0,SIN_MATCH,SIN_MATCH,False,SIN_MATCH,0.0,SIN_MATCH,0.0,0.0,0.0,0.0,0.0,0.0,0.0,0.0,0,NO_APLICA
ft_sal_000309,SIN_MATCH,0.0,SIN_CANDIDATO_DE_CONTACTO,0.0,SIN_CANDIDATO_DE_CONTACTO,0,SIN_MATCH,SIN_MATCH,False,SIN_MATCH,0.0,SIN_MATCH,0.0,0.0,0.0,0.0,0.0,0.0,0.0,0.0,0,NO_APLICA
ft_sal_000315,SIN_MATCH,0.0,SIN_CANDIDATO_DE_CONTACTO,0.0,SIN_CANDIDATO_DE_CONTACTO,0,SIN_MATCH,SIN_MATCH,False,SIN_MATCH,0.0,SIN_MATCH,0.0,0.0,0.0,0.0,0.0,0.0,0.0,0.0,0,NO_APLICA
ft_sal_000317,SIN_MATCH,0.0,SIN_CANDIDATO_DE_CONTACTO,0.0,SIN_CANDIDATO_DE_CONTACTO,0,SIN_MATCH,SIN_MATCH,False,SIN_MATCH,0.0,SIN_MATCH,0.0,0.0,0.0,0.0,0.0,0.0,0.0,0.0,0,NO_APLICA
ft_sal_000325,SIN_MATCH,0.0,SIN_CANDIDATO_DE_CONTACTO,0.0,SIN_CANDIDATO_DE_CONTACTO,0,SIN_MATCH,SIN_MATCH,False,SIN_MATCH,0.0,SIN_MATCH,0.0,0.0,0.0,0.0,0.0,0.0,0.0,0.0,0,NO_APLICA
ft_sal_000330,SIN_MATCH,0.0,SIN_CANDIDATO_DE_CONTACTO,0.0,SIN_CANDIDATO_DE_CONTACTO,0,SIN_MATCH,SIN_MATCH,False,SIN_MATCH,0.0,SIN_MATCH,0.0,0.0,0.0,0.0,0.0,0.0,0.0,0.0,0,NO_APLICA
ft_sal_000331,SIN_MATCH,0.0,SIN_CANDIDATO_DE_CONTACTO,0.0,SIN_CANDIDATO_DE_CONTACTO,0,SIN_MATCH,SIN_MATCH,False,SIN_MATCH,0.0,SIN_MATCH,0.0,0.0,0.0,0.0,0.0,0.0,0.0,0.0,0,NO_APLICA
ft_sal_000332,SIN_MATCH,0.0,SIN_CANDIDATO_DE_CONTACTO,0.0,SIN_CANDIDATO_DE_CONTACTO,0,SIN_MATCH,SIN_MATCH,False,SIN_MATCH,0.0,SIN_MATCH,0.0,0.0,0.0,0.0,0.0,0.0,0.0,0.0,0,NO_APLICA
ft_sal_000333,SIN_MATCH,0.0,SIN_CANDIDATO_DE_CONTACTO,0.0,SIN_CANDIDATO_DE_CONTACTO,0,SIN_MATCH,SIN_MATCH,False,SIN_MATCH,0.0,SIN_MATCH,0.0,0.0,0.0,0.0,0.0,0.0,0.0,0.0,0,NO_APLICA
ft_sal_000334,SIN_MATCH,0.0,SIN_CANDIDATO_DE_CONTACTO,0.0,SIN_CANDIDATO_DE_CONTACTO,0,SIN_MATCH,SIN_MATCH,False,SIN_MATCH,0.0,SIN_MATCH,0.0,0.0,0.0,0.0,0.0,0.0,0.0,0.0,0,NO_APLICA
ft_sal_000335,SIN_MATCH,0.0,SIN_CANDIDATO_DE_CONTACTO,0.0,SIN_CANDIDATO_DE_CONTACTO,0,SIN_MATCH,SIN_MATCH,False,SIN_MATCH,0.0,SIN_MATCH,0.0,0.0,0.0,0.0,0.0,0.0,0.0,0.0,0,NO_APLICA
ft_sal_000339,SIN_MATCH,0.0,SIN_CANDIDATO_DE_CONTACTO,0.0,SIN_CANDIDATO_DE_CONTACTO,0,SIN_MATCH,SIN_MATCH,False,SIN_MATCH,0.0,SIN_MATCH,0.0,0.0,0.0,0.0,0.0,0.0,0.0,0.0,0,NO_APLICA
ft_sal_000341,SIN_MATCH,0.0,SIN_CANDIDATO_DE_CONTACTO,0.0,SIN_CANDIDATO_DE_CONTACTO,0,SIN_MATCH,SIN_MATCH,False,SIN_MATCH,0.0,SIN_MATCH,0.0,0.0,0.0,0.0,0.0,0.0,0.0,0.0,0,NO_APLICA
ft_sal_000346,SIN_MATCH,0.0,SIN_CANDIDATO_DE_CONTACTO,0.0,SIN_CANDIDATO_DE_CONTACTO,0,SIN_MATCH,SIN_MATCH,False,SIN_MATCH,0.0,SIN_MATCH,0.0,0.0,0.0,0.0,0.0,0.0,0.0,0.0,0,NO_APLICA
ft_sal_000360,SIN_MATCH,0.0,SIN_CANDIDATO_DE_CONTACTO,0.0,SIN_CANDIDATO_DE_CONTACTO,0,SIN_MATCH,SIN_MATCH,False,SIN_MATCH,0.0,SIN_MATCH,0.0,0.0,0.0,0.0,0.0,0.0,0.0,0.0,0,NO_APLICA
ft_sal_000361,SIN_MATCH,0.0,SIN_CANDIDATO_DE_CONTACTO,0.0,SIN_CANDIDATO_DE_CONTACTO,0,SIN_MATCH,SIN_MATCH,False,SIN_MATCH,0.0,SIN_MATCH,0.0,0.0,0.0,0.0,0.0,0.0,0.0,0.0,0,NO_APLICA
ft_sal_000366,SIN_MATCH,0.0,SIN_CANDIDATO_DE_CONTACTO,0.0,SIN_CANDIDATO_DE_CONTACTO,0,SIN_MATCH,SIN_MATCH,False,SIN_MATCH,0.0,SIN_MATCH,0.0,0.0,0.0,0.0,0.0,0.0,0.0,0.0,0,NO_APLICA
ft_sal_000368,SIN_MATCH,0.0,SIN_CANDIDATO_DE_CONTACTO,0.0,SIN_CANDIDATO_DE_CONTACTO,0,SIN_MATCH,SIN_MATCH,False,SIN_MATCH,0.0,SIN_MATCH,0.0,0.0,0.0,0.0,0.0,0.0,0.0,0.0,0,NO_APLICA
ft_sal_000370,SIN_MATCH,0.0,SIN_CANDIDATO_DE_CONTACTO,0.0,SIN_CANDIDATO_DE_CONTACTO,0,SIN_MATCH,SIN_MATCH,False,SIN_MATCH,0.0,SIN_MATCH,0.0,0.0,0.0,0.0,0.0,0.0,0.0,0.0,0,NO_APLICA
ft_sal_000373,SIN_MATCH,0.0,SIN_CANDIDATO_DE_CONTACTO,0.0,SIN_CANDIDATO_DE_CONTACTO,0,SIN_MATCH,SIN_MATCH,False,SIN_MATCH,0.0,SIN_MATCH,0.0,0.0,0.0,0.0,0.0,0.0,0.0,0.0,0,NO_APLICA
ft_sal_000374,SIN_MATCH,0.0,SIN_CANDIDATO_DE_CONTACTO,0.0,SIN_CANDIDATO_DE_CONTACTO,0,SIN_MATCH,SIN_MATCH,False,SIN_MATCH,0.0,SIN_MATCH,0.0,0.0,0.0,0.0,0.0,0.0,0.0,0.0,0,NO_APLICA
ft_sal_000377,SIN_MATCH,0.0,SIN_CANDIDATO_DE_CONTACTO,0.0,SIN_CANDIDATO_DE_CONTACTO,0,SIN_MATCH,SIN_MATCH,False,SIN_MATCH,0.0,SIN_MATCH,0.0,0.0,0.0,0.0,0.0,0.0,0.0,0.0,0,NO_APLICA
ft_sal_000386,SIN_MATCH,0.0,SIN_CANDIDATO_DE_CONTACTO,0.0,SIN_CANDIDATO_DE_CONTACTO,0,SIN_MATCH,SIN_MATCH,False,SIN_MATCH,0.0,SIN_MATCH,0.0,0.0,0.0,0.0,0.0,0.0,0.0,0.0,0,NO_APLICA
ft_sal_000388,SIN_MATCH,0.0,SIN_CANDIDATO_DE_CONTACTO,0.0,SIN_CANDIDATO_DE_CONTACTO,0,SIN_MATCH,SIN_MATCH,False,SIN_MATCH,0.0,SIN_MATCH,0.0,0.0,0.0,0.0,0.0,0.0,0.0,0.0,0,NO_APLICA
ft_sal_000390,SIN_MATCH,0.0,SIN_CANDIDATO_DE_CONTACTO,0.0,SIN_CANDIDATO_DE_CONTACTO,0,SIN_MATCH,SIN_MATCH,False,SIN_MATCH,0.0,SIN_MATCH,0.0,0.0,0.0,0.0,0.0,0.0,0.0,0.0,0,NO_APLICA
ft_sal_000392,SIN_MATCH,0.0,SIN_CANDIDATO_DE_CONTACTO,0.0,SIN_CANDIDATO_DE_CONTACTO,0,SIN_MATCH,SIN_MATCH,False,SIN_MATCH,0.0,SIN_MATCH,0.0,0.0,0.0,0.0,0.0,0.0,0.0,0.0,0,NO_APLICA
ft_sal_000397,SIN_MATCH,0.0,SIN_CANDIDATO_DE_CONTACTO,0.0,SIN_CANDIDATO_DE_CONTACTO,0,SIN_MATCH,SIN_MATCH,False,SIN_MATCH,0.0,SIN_MATCH,0.0,0.0,0.0,0.0,0.0,0.0,0.0,0.0,0,NO_APLICA
ft_sal_000398,SIN_MATCH,0.0,SIN_CANDIDATO_DE_CONTACTO,0.0,SIN_CANDIDATO_DE_CONTACTO,0,SIN_MATCH,SIN_MATCH,False,SIN_MATCH,0.0,SIN_MATCH,0.0,0.0,0.0,0.0,0.0,0.0,0.0,0.0,0,NO_APLICA
ft_sal_000399,SIN_MATCH,0.0,SIN_CANDIDATO_DE_CONTACTO,0.0,SIN_CANDIDATO_DE_CONTACTO,0,SIN_MATCH,SIN_MATCH,False,SIN_MATCH,0.0,SIN_MATCH,0.0,0.0,0.0,0.0,0.0,0.0,0.0,0.0,0,NO_APLICA
ft_sal_000400,SIN_MATCH,0.0,SIN_CANDIDATO_DE_CONTACTO,0.0,SIN_CANDIDATO_DE_CONTACTO,0,SIN_MATCH,SIN_MATCH,False,SIN_MATCH,0.0,SIN_MATCH,0.0,0.0,0.0,0.0,0.0,0.0,0.0,0.0,0,NO_APLICA
ft_sal_000405,SIN_MATCH,0.0,SIN_CANDIDATO_DE_CONTACTO,0.0,SIN_CANDIDATO_DE_CONTACTO,0,SIN_MATCH,SIN_MATCH,False,SIN_MATCH,0.0,SIN_MATCH,0.0,0.0,0.0,0.0,0.0,0.0,0.0,0.0,0,NO_APLICA
ft_sal_000412,SIN_MATCH,0.0,SIN_CANDIDATO_DE_CONTACTO,0.0,SIN_CANDIDATO_DE_CONTACTO,0,SIN_MATCH,SIN_MATCH,False,SIN_MATCH,0.0,SIN_MATCH,0.0,0.0,0.0,0.0,0.0,0.0,0.0,0.0,0,NO_APLICA
ft_sal_000414,SIN_MATCH,0.0,SIN_CANDIDATO_DE_CONTACTO,0.0,SIN_CANDIDATO_DE_CONTACTO,0,SIN_MATCH,SIN_MATCH,False,SIN_MATCH,0.0,SIN_MATCH,0.0,0.0,0.0,0.0,0.0,0.0,0.0,0.0,0,NO_APLICA
ft_sal_000415,SIN_MATCH,0.0,SIN_CANDIDATO_DE_CONTACTO,0.0,SIN_CANDIDATO_DE_CONTACTO,0,SIN_MATCH,SIN_MATCH,False,SIN_MATCH,0.0,SIN_MATCH,0.0,0.0,0.0,0.0,0.0,0.0,0.0,0.0,0,NO_APLICA
ft_sal_000416,SIN_MATCH,0.0,SIN_CANDIDATO_DE_CONTACTO,0.0,SIN_CANDIDATO_DE_CONTACTO,0,SIN_MATCH,SIN_MATCH,False,SIN_MATCH,0.0,SIN_MATCH,0.0,0.0,0.0,0.0,0.0,0.0,0.0,0.0,0,NO_APLICA
ft_sal_000418,SIN_MATCH,0.0,SIN_CANDIDATO_DE_CONTACTO,0.0,SIN_CANDIDATO_DE_CONTACTO,0,SIN_MATCH,SIN_MATCH,False,SIN_MATCH,0.0,SIN_MATCH,0.0,0.0,0.0,0.0,0.0,0.0,0.0,0.0,0,NO_APLICA
ft_sal_000419,SIN_MATCH,0.0,SIN_CANDIDATO_DE_CONTACTO,0.0,SIN_CANDIDATO_DE_CONTACTO,0,SIN_MATCH,SIN_MATCH,False,SIN_MATCH,0.0,SIN_MATCH,0.0,0.0,0.0,0.0,0.0,0.0,0.0,0.0,0,NO_APLICA
ft_sal_000420,SIN_MATCH,0.0,SIN_CANDIDATO_DE_CONTACTO,0.0,SIN_CANDIDATO_DE_CONTACTO,0,SIN_MATCH,SIN_MATCH,False,SIN_MATCH,0.0,SIN_MATCH,0.0,0.0,0.0,0.0,0.0,0.0,0.0,0.0,0,NO_APLICA
ft_sal_000423,SIN_MATCH,0.0,SIN_CANDIDATO_DE_CONTACTO,0.0,SIN_CANDIDATO_DE_CONTACTO,0,SIN_MATCH,SIN_MATCH,False,SIN_MATCH,0.0,SIN_MATCH,0.0,0.0,0.0,0.0,0.0,0.0,0.0,0.0,0,NO_APLICA
ft_sal_000424,SIN_MATCH,0.0,SIN_CANDIDATO_DE_CONTACTO,0.0,SIN_CANDIDATO_DE_CONTACTO,0,SIN_MATCH,SIN_MATCH,False,SIN_MATCH,0.0,SIN_MATCH,0.0,0.0,0.0,0.0,0.0,0.0,0.0,0.0,0,NO_APLICA
ft_sal_000425,SIN_MATCH,0.0,SIN_CANDIDATO_DE_CONTACTO,0.0,SIN_CANDIDATO_DE_CONTACTO,0,SIN_MATCH,SIN_MATCH,False,SIN_MATCH,0.0,SIN_MATCH,0.0,0.0,0.0,0.0,0.0,0.0,0.0,0.0,0,NO_APLICA
ft_sal_000426,SIN_MATCH,0.0,SIN_CANDIDATO_DE_CONTACTO,0.0,SIN_CANDIDATO_DE_CONTACTO,0,SIN_MATCH,SIN_MATCH,False,SIN_MATCH,0.0,SIN_MATCH,0.0,0.0,0.0,0.0,0.0,0.0,0.0,0.0,0,NO_APLICA
ft_sal_000427,SIN_MATCH,0.0,SIN_CANDIDATO_DE_CONTACTO,0.0,SIN_CANDIDATO_DE_CONTACTO,0,SIN_MATCH,SIN_MATCH,False,SIN_MATCH,0.0,SIN_MATCH,0.0,0.0,0.0,0.0,0.0,0.0,0.0,0.0,0,NO_APLICA
ft_sal_000428,SIN_MATCH,0.0,SIN_CANDIDATO_DE_CONTACTO,0.0,SIN_CANDIDATO_DE_CONTACTO,0,SIN_MATCH,SIN_MATCH,False,SIN_MATCH,0.0,SIN_MATCH,0.0,0.0,0.0,0.0,0.0,0.0,0.0,0.0,0,NO_APLICA
ft_sal_000429,SIN_MATCH,0.0,SIN_CANDIDATO_DE_CONTACTO,0.0,SIN_CANDIDATO_DE_CONTACTO,0,SIN_MATCH,SIN_MATCH,False,SIN_MATCH,0.0,SIN_MATCH,0.0,0.0,0.0,0.0,0.0,0.0,0.0,0.0,0,NO_APLICA
ft_sal_000432,SIN_MATCH,0.0,SIN_CANDIDATO_DE_CONTACTO,0.0,SIN_CANDIDATO_DE_CONTACTO,0,SIN_MATCH,SIN_MATCH,False,SIN_MATCH,0.0,SIN_MATCH,0.0,0.0,0.0,0.0,0.0,0.0,0.0,0.0,0,NO_APLICA
ft_sal_000439,SIN_MATCH,0.0,SIN_CANDIDATO_DE_CONTACTO,0.0,SIN_CANDIDATO_DE_CONTACTO,0,SIN_MATCH,SIN_MATCH,False,SIN_MATCH,0.0,SIN_MATCH,0.0,0.0,0.0,0.0,0.0,0.0,0.0,0.0,0,NO_APLICA
ft_sal_000443,SIN_MATCH,0.0,SIN_CANDIDATO_DE_CONTACTO,0.0,SIN_CANDIDATO_DE_CONTACTO,0,SIN_MATCH,SIN_MATCH,False,SIN_MATCH,0.0,SIN_MATCH,0.0,0.0,0.0,0.0,0.0,0.0,0.0,0.0,0,NO_APLICA
ft_sal_000446,SIN_MATCH,0.0,SIN_CANDIDATO_DE_CONTACTO,0.0,SIN_CANDIDATO_DE_CONTACTO,0,SIN_MATCH,SIN_MATCH,False,SIN_MATCH,0.0,SIN_MATCH,0.0,0.0,0.0,0.0,0.0,0.0,0.0,0.0,0,NO_APLICA
ft_sal_000449,SIN_MATCH,0.0,SIN_CANDIDATO_DE_CONTACTO,0.0,SIN_CANDIDATO_DE_CONTACTO,0,SIN_MATCH,SIN_MATCH,False,SIN_MATCH,0.0,SIN_MATCH,0.0,0.0,0.0,0.0,0.0,0.0,0.0,0.0,0,NO_APLICA
ft_sal_000451,SIN_MATCH,0.0,SIN_CANDIDATO_DE_CONTACTO,0.0,SIN_CANDIDATO_DE_CONTACTO,0,SIN_MATCH,SIN_MATCH,False,SIN_MATCH,0.0,SIN_MATCH,0.0,0.0,0.0,0.0,0.0,0.0,0.0,0.0,0,NO_APLICA
ft_sal_000453,SIN_MATCH,0.0,SIN_CANDIDATO_DE_CONTACTO,0.0,SIN_CANDIDATO_DE_CONTACTO,0,SIN_MATCH,SIN_MATCH,False,SIN_MATCH,0.0,SIN_MATCH,0.0,0.0,0.0,0.0,0.0,0.0,0.0,0.0,0,NO_APLICA
ft_sal_000454,SIN_MATCH,0.0,SIN_CANDIDATO_DE_CONTACTO,0.0,SIN_CANDIDATO_DE_CONTACTO,0,SIN_MATCH,SIN_MATCH,False,SIN_MATCH,0.0,SIN_MATCH,0.0,0.0,0.0,0.0,0.0,0.0,0.0,0.0,0,NO_APLICA
ft_sal_000456,SIN_MATCH,0.0,SIN_CANDIDATO_DE_CONTACTO,0.0,SIN_CANDIDATO_DE_CONTACTO,0,SIN_MATCH,SIN_MATCH,False,SIN_MATCH,0.0,SIN_MATCH,0.0,0.0,0.0,0.0,0.0,0.0,0.0,0.0,0,NO_APLICA
ft_sal_000457,SIN_MATCH,0.0,SIN_CANDIDATO_DE_CONTACTO,0.0,SIN_CANDIDATO_DE_CONTACTO,0,SIN_MATCH,SIN_MATCH,False,SIN_MATCH,0.0,SIN_MATCH,0.0,0.0,0.0,0.0,0.0,0.0,0.0,0.0,0,NO_APLICA
ft_sal_000461,SIN_MATCH,0.0,SIN_CANDIDATO_DE_CONTACTO,0.0,SIN_CANDIDATO_DE_CONTACTO,0,SIN_MATCH,SIN_MATCH,False,SIN_MATCH,0.0,SIN_MATCH,0.0,0.0,0.0,0.0,0.0,0.0,0.0,0.0,0,NO_APLICA
ft_sal_000463,SIN_MATCH,0.0,SIN_CANDIDATO_DE_CONTACTO,0.0,SIN_CANDIDATO_DE_CONTACTO,0,SIN_MATCH,SIN_MATCH,False,SIN_MATCH,0.0,SIN_MATCH,0.0,0.0,0.0,0.0,0.0,0.0,0.0,0.0,0,NO_APLICA
ft_sal_000464,SIN_MATCH,0.0,SIN_CANDIDATO_DE_CONTACTO,0.0,SIN_CANDIDATO_DE_CONTACTO,0,SIN_MATCH,SIN_MATCH,False,SIN_MATCH,0.0,SIN_MATCH,0.0,0.0,0.0,0.0,0.0,0.0,0.0,0.0,0,NO_APLICA
ft_sal_000465,SIN_MATCH,0.0,SIN_CANDIDATO_DE_CONTACTO,0.0,SIN_CANDIDATO_DE_CONTACTO,0,SIN_MATCH,SIN_MATCH,False,SIN_MATCH,0.0,SIN_MATCH,0.0,0.0,0.0,0.0,0.0,0.0,0.0,0.0,0,NO_APLICA
ft_sal_000471,SIN_MATCH,0.0,SIN_CANDIDATO_DE_CONTACTO,0.0,SIN_CANDIDATO_DE_CONTACTO,0,SIN_MATCH,SIN_MATCH,False,SIN_MATCH,0.0,SIN_MATCH,0.0,0.0,0.0,0.0,0.0,0.0,0.0,0.0,0,NO_APLICA
ft_sal_000472,SIN_MATCH,0.0,SIN_CANDIDATO_DE_CONTACTO,0.0,SIN_CANDIDATO_DE_CONTACTO,0,SIN_MATCH,SIN_MATCH,False,SIN_MATCH,0.0,SIN_MATCH,0.0,0.0,0.0,0.0,0.0,0.0,0.0,0.0,0,NO_APLICA
ft_sal_000473,SIN_MATCH,0.0,SIN_CANDIDATO_DE_CONTACTO,0.0,SIN_CANDIDATO_DE_CONTACTO,0,SIN_MATCH,SIN_MATCH,False,SIN_MATCH,0.0,SIN_MATCH,0.0,0.0,0.0,0.0,0.0,0.0,0.0,0.0,0,NO_APLICA
ft_sal_000474,SIN_MATCH,0.0,SIN_CANDIDATO_DE_CONTACTO,0.0,SIN_CANDIDATO_DE_CONTACTO,0,SIN_MATCH,SIN_MATCH,False,SIN_MATCH,0.0,SIN_MATCH,0.0,0.0,0.0,0.0,0.0,0.0,0.0,0.0,0,NO_APLICA
ft_sal_000475,SIN_MATCH,0.0,SIN_CANDIDATO_DE_CONTACTO,0.0,SIN_CANDIDATO_DE_CONTACTO,0,SIN_MATCH,SIN_MATCH,False,SIN_MATCH,0.0,SIN_MATCH,0.0,0.0,0.0,0.0,0.0,0.0,0.0,0.0,0,NO_APLICA
ft_sal_000476,SIN_MATCH,0.0,SIN_CANDIDATO_DE_CONTACTO,0.0,SIN_CANDIDATO_DE_CONTACTO,0,SIN_MATCH,SIN_MATCH,False,SIN_MATCH,0.0,SIN_MATCH,0.0,0.0,0.0,0.0,0.0,0.0,0.0,0.0,0,NO_APLICA
ft_sal_000478,SIN_MATCH,0.0,SIN_CANDIDATO_DE_CONTACTO,0.0,SIN_CANDIDATO_DE_CONTACTO,0,SIN_MATCH,SIN_MATCH,False,SIN_MATCH,0.0,SIN_MATCH,0.0,0.0,0.0,0.0,0.0,0.0,0.0,0.0,0,NO_APLICA
ft_sal_000479,SIN_MATCH,0.0,SIN_CANDIDATO_DE_CONTACTO,0.0,SIN_CANDIDATO_DE_CONTACTO,0,SIN_MATCH,SIN_MATCH,False,SIN_MATCH,0.0,SIN_MATCH,0.0,0.0,0.0,0.0,0.0,0.0,0.0,0.0,0,NO_APLICA
ft_sal_000482,SIN_MATCH,0.0,SIN_CANDIDATO_DE_CONTACTO,0.0,SIN_CANDIDATO_DE_CONTACTO,0,SIN_MATCH,SIN_MATCH,False,SIN_MATCH,0.0,SIN_MATCH,0.0,0.0,0.0,0.0,0.0,0.0,0.0,0.0,0,NO_APLICA
ft_sal_000484,SIN_MATCH,0.0,SIN_CANDIDATO_DE_CONTACTO,0.0,SIN_CANDIDATO_DE_CONTACTO,0,SIN_MATCH,SIN_MATCH,False,SIN_MATCH,0.0,SIN_MATCH,0.0,0.0,0.0,0.0,0.0,0.0,0.0,0.0,0,NO_APLICA
ft_sal_000486,SIN_MATCH,0.0,SIN_CANDIDATO_DE_CONTACTO,0.0,SIN_CANDIDATO_DE_CONTACTO,0,SIN_MATCH,SIN_MATCH,False,SIN_MATCH,0.0,SIN_MATCH,0.0,0.0,0.0,0.0,0.0,0.0,0.0,0.0,0,NO_APLICA
ft_sal_000490,SIN_MATCH,0.0,SIN_CANDIDATO_DE_CONTACTO,0.0,SIN_CANDIDATO_DE_CONTACTO,0,SIN_MATCH,SIN_MATCH,False,SIN_MATCH,0.0,SIN_MATCH,0.0,0.0,0.0,0.0,0.0,0.0,0.0,0.0,0,NO_APLICA
ft_sal_000492,SIN_MATCH,0.0,SIN_CANDIDATO_DE_CONTACTO,0.0,SIN_CANDIDATO_DE_CONTACTO,0,SIN_MATCH,SIN_MATCH,False,SIN_MATCH,0.0,SIN_MATCH,0.0,0.0,0.0,0.0,0.0,0.0,0.0,0.0,0,NO_APLICA
ft_sal_000493,SIN_MATCH,0.0,SIN_CANDIDATO_DE_CONTACTO,0.0,SIN_CANDIDATO_DE_CONTACTO,0,SIN_MATCH,SIN_MATCH,False,SIN_MATCH,0.0,SIN_MATCH,0.0,0.0,0.0,0.0,0.0,0.0,0.0,0.0,0,NO_APLICA
ft_sal_000494,SIN_MATCH,0.0,SIN_CANDIDATO_DE_CONTACTO,0.0,SIN_CANDIDATO_DE_CONTACTO,0,SIN_MATCH,SIN_MATCH,False,SIN_MATCH,0.0,SIN_MATCH,0.0,0.0,0.0,0.0,0.0,0.0,0.0,0.0,0,NO_APLICA
ft_sal_000496,SIN_MATCH,0.0,SIN_CANDIDATO_DE_CONTACTO,0.0,SIN_CANDIDATO_DE_CONTACTO,0,SIN_MATCH,SIN_MATCH,False,SIN_MATCH,0.0,SIN_MATCH,0.0,0.0,0.0,0.0,0.0,0.0,0.0,0.0,0,NO_APLICA
ft_sal_000497,SIN_MATCH,0.0,SIN_CANDIDATO_DE_CONTACTO,0.0,SIN_CANDIDATO_DE_CONTACTO,0,SIN_MATCH,SIN_MATCH,False,SIN_MATCH,0.0,SIN_MATCH,0.0,0.0,0.0,0.0,0.0,0.0,0.0,0.0,0,NO_APLICA
ft_sal_000499,SIN_MATCH,0.0,SIN_CANDIDATO_DE_CONTACTO,0.0,SIN_CANDIDATO_DE_CONTACTO,0,SIN_MATCH,SIN_MATCH,False,SIN_MATCH,0.0,SIN_MATCH,0.0,0.0,0.0,0.0,0.0,0.0,0.0,0.0,0,NO_APLICA
ft_sal_000502,SIN_MATCH,0.0,SIN_CANDIDATO_DE_CONTACTO,0.0,SIN_CANDIDATO_DE_CONTACTO,0,SIN_MATCH,SIN_MATCH,False,SIN_MATCH,0.0,SIN_MATCH,0.0,0.0,0.0,0.0,0.0,0.0,0.0,0.0,0,NO_APLICA
ft_sal_000503,SIN_MATCH,0.0,SIN_CANDIDATO_DE_CONTACTO,0.0,SIN_CANDIDATO_DE_CONTACTO,0,SIN_MATCH,SIN_MATCH,False,SIN_MATCH,0.0,SIN_MATCH,0.0,0.0,0.0,0.0,0.0,0.0,0.0,0.0,0,NO_APLICA
ft_sal_000504,SIN_MATCH,0.0,SIN_CANDIDATO_DE_CONTACTO,0.0,SIN_CANDIDATO_DE_CONTACTO,0,SIN_MATCH,SIN_MATCH,False,SIN_MATCH,0.0,SIN_MATCH,0.0,0.0,0.0,0.0,0.0,0.0,0.0,0.0,0,NO_APLICA
ft_sal_000507,SIN_MATCH,0.0,SIN_CANDIDATO_DE_CONTACTO,0.0,SIN_CANDIDATO_DE_CONTACTO,0,SIN_MATCH,SIN_MATCH,False,SIN_MATCH,0.0,SIN_MATCH,0.0,0.0,0.0,0.0,0.0,0.0,0.0,0.0,0,NO_APLICA
ft_sal_000508,SIN_MATCH,0.0,SIN_CANDIDATO_DE_CONTACTO,0.0,SIN_CANDIDATO_DE_CONTACTO,0,SIN_MATCH,SIN_MATCH,False,SIN_MATCH,0.0,SIN_MATCH,0.0,0.0,0.0,0.0,0.0,0.0,0.0,0.0,0,NO_APLICA
ft_sal_000512,SIN_MATCH,0.0,SIN_CANDIDATO_DE_CONTACTO,0.0,SIN_CANDIDATO_DE_CONTACTO,0,SIN_MATCH,SIN_MATCH,False,SIN_MATCH,0.0,SIN_MATCH,0.0,0.0,0.0,0.0,0.0,0.0,0.0,0.0,0,NO_APLICA
ft_sal_000517,SIN_MATCH,0.0,SIN_CANDIDATO_DE_CONTACTO,0.0,SIN_CANDIDATO_DE_CONTACTO,0,SIN_MATCH,SIN_MATCH,False,SIN_MATCH,0.0,SIN_MATCH,0.0,0.0,0.0,0.0,0.0,0.0,0.0,0.0,0,NO_APLICA
ft_sal_000522,SIN_MATCH,0.0,SIN_CANDIDATO_DE_CONTACTO,0.0,SIN_CANDIDATO_DE_CONTACTO,0,SIN_MATCH,SIN_MATCH,False,SIN_MATCH,0.0,SIN_MATCH,0.0,0.0,0.0,0.0,0.0,0.0,0.0,0.0,0,NO_APLICA
ft_sal_000523,SIN_MATCH,0.0,SIN_CANDIDATO_DE_CONTACTO,0.0,SIN_CANDIDATO_DE_CONTACTO,0,SIN_MATCH,SIN_MATCH,False,SIN_MATCH,0.0,SIN_MATCH,0.0,0.0,0.0,0.0,0.0,0.0,0.0,0.0,0,NO_APLICA
ft_sal_000526,SIN_MATCH,0.0,SIN_CANDIDATO_DE_CONTACTO,0.0,SIN_CANDIDATO_DE_CONTACTO,0,SIN_MATCH,SIN_MATCH,False,SIN_MATCH,0.0,SIN_MATCH,0.0,0.0,0.0,0.0,0.0,0.0,0.0,0.0,0,NO_APLICA
ft_sal_000529,SIN_MATCH,0.0,SIN_CANDIDATO_DE_CONTACTO,0.0,SIN_CANDIDATO_DE_CONTACTO,0,SIN_MATCH,SIN_MATCH,False,SIN_MATCH,0.0,SIN_MATCH,0.0,0.0,0.0,0.0,0.0,0.0,0.0,0.0,0,NO_APLICA
ft_sal_000531,SIN_MATCH,0.0,AMBIGUO,0.0,AMBIGUO,4,bm_usr_000203,bm_usr_003196,True,bm_usr_000203,0.96,bm_usr_003196,0.96,0.0,1.0,1.0,0.0,1.0,0.0,1.0,2,ALIAS_CONTRADICTORIOS
ft_sal_000532,SIN_MATCH,0.0,SIN_CANDIDATO_DE_CONTACTO,0.0,SIN_CANDIDATO_DE_CONTACTO,0,SIN_MATCH,SIN_MATCH,False,SIN_MATCH,0.0,SIN_MATCH,0.0,0.0,0.0,0.0,0.0,0.0,0.0,0.0,0,NO_APLICA
ft_sal_000534,SIN_MATCH,0.0,SIN_CANDIDATO_DE_CONTACTO,0.0,SIN_CANDIDATO_DE_CONTACTO,0,SIN_MATCH,SIN_MATCH,False,SIN_MATCH,0.0,SIN_MATCH,0.0,0.0,0.0,0.0,0.0,0.0,0.0,0.0,0,NO_APLICA
ft_sal_000538,SIN_MATCH,0.0,SIN_CANDIDATO_DE_CONTACTO,0.0,SIN_CANDIDATO_DE_CONTACTO,0,SIN_MATCH,SIN_MATCH,False,SIN_MATCH,0.0,SIN_MATCH,0.0,0.0,0.0,0.0,0.0,0.0,0.0,0.0,0,NO_APLICA
ft_sal_000541,SIN_MATCH,0.0,SIN_CANDIDATO_DE_CONTACTO,0.0,SIN_CANDIDATO_DE_CONTACTO,0,SIN_MATCH,SIN_MATCH,False,SIN_MATCH,0.0,SIN_MATCH,0.0,0.0,0.0,0.0,0.0,0.0,0.0,0.0,0,NO_APLICA
ft_sal_000546,SIN_MATCH,0.0,SIN_CANDIDATO_DE_CONTACTO,0.0,SIN_CANDIDATO_DE_CONTACTO,0,SIN_MATCH,SIN_MATCH,False,SIN_MATCH,0.0,SIN_MATCH,0.0,0.0,0.0,0.0,0.0,0.0,0.0,0.0,0,NO_APLICA
ft_sal_000547,SIN_MATCH,0.0,SIN_CANDIDATO_DE_CONTACTO,0.0,SIN_CANDIDATO_DE_CONTACTO,0,SIN_MATCH,SIN_MATCH,False,SIN_MATCH,0.0,SIN_MATCH,0.0,0.0,0.0,0.0,0.0,0.0,0.0,0.0,0,NO_APLICA
ft_sal_000549,SIN_MATCH,0.0,SIN_CANDIDATO_DE_CONTACTO,0.0,SIN_CANDIDATO_DE_CONTACTO,0,SIN_MATCH,SIN_MATCH,False,SIN_MATCH,0.0,SIN_MATCH,0.0,0.0,0.0,0.0,0.0,0.0,0.0,0.0,0,NO_APLICA
ft_sal_000550,SIN_MATCH,0.0,SIN_CANDIDATO_DE_CONTACTO,0.0,SIN_CANDIDATO_DE_CONTACTO,0,SIN_MATCH,SIN_MATCH,False,SIN_MATCH,0.0,SIN_MATCH,0.0,0.0,0.0,0.0,0.0,0.0,0.0,0.0,0,NO_APLICA
ft_sal_000551,SIN_MATCH,0.0,SIN_CANDIDATO_DE_CONTACTO,0.0,SIN_CANDIDATO_DE_CONTACTO,0,SIN_MATCH,SIN_MATCH,False,SIN_MATCH,0.0,SIN_MATCH,0.0,0.0,0.0,0.0,0.0,0.0,0.0,0.0,0,NO_APLICA
ft_sal_000552,SIN_MATCH,0.0,SIN_CANDIDATO_DE_CONTACTO,0.0,SIN_CANDIDATO_DE_CONTACTO,0,SIN_MATCH,SIN_MATCH,False,SIN_MATCH,0.0,SIN_MATCH,0.0,0.0,0.0,0.0,0.0,0.0,0.0,0.0,0,NO_APLICA
ft_sal_000562,SIN_MATCH,0.0,SIN_CANDIDATO_DE_CONTACTO,0.0,SIN_CANDIDATO_DE_CONTACTO,0,SIN_MATCH,SIN_MATCH,False,SIN_MATCH,0.0,SIN_MATCH,0.0,0.0,0.0,0.0,0.0,0.0,0.0,0.0,0,NO_APLICA
ft_sal_000563,SIN_MATCH,0.0,SIN_CANDIDATO_DE_CONTACTO,0.0,SIN_CANDIDATO_DE_CONTACTO,0,SIN_MATCH,SIN_MATCH,False,SIN_MATCH,0.0,SIN_MATCH,0.0,0.0,0.0,0.0,0.0,0.0,0.0,0.0,0,NO_APLICA
ft_sal_000564,SIN_MATCH,0.0,SIN_CANDIDATO_DE_CONTACTO,0.0,SIN_CANDIDATO_DE_CONTACTO,0,SIN_MATCH,SIN_MATCH,False,SIN_MATCH,0.0,SIN_MATCH,0.0,0.0,0.0,0.0,0.0,0.0,0.0,0.0,0,NO_APLICA
ft_sal_000579,SIN_MATCH,0.0,SIN_CANDIDATO_DE_CONTACTO,0.0,SIN_CANDIDATO_DE_CONTACTO,0,SIN_MATCH,SIN_MATCH,False,SIN_MATCH,0.0,SIN_MATCH,0.0,0.0,0.0,0.0,0.0,0.0,0.0,0.0,0,NO_APLICA
ft_sal_000581,SIN_MATCH,0.0,SIN_CANDIDATO_DE_CONTACTO,0.0,SIN_CANDIDATO_DE_CONTACTO,0,SIN_MATCH,SIN_MATCH,False,SIN_MATCH,0.0,SIN_MATCH,0.0,0.0,0.0,0.0,0.0,0.0,0.0,0.0,0,NO_APLICA
ft_sal_000586,SIN_MATCH,0.0,SIN_CANDIDATO_DE_CONTACTO,0.0,SIN_CANDIDATO_DE_CONTACTO,0,SIN_MATCH,SIN_MATCH,False,SIN_MATCH,0.0,SIN_MATCH,0.0,0.0,0.0,0.0,0.0,0.0,0.0,0.0,0,NO_APLICA
ft_sal_000590,SIN_MATCH,0.0,SIN_CANDIDATO_DE_CONTACTO,0.0,SIN_CANDIDATO_DE_CONTACTO,0,SIN_MATCH,SIN_MATCH,False,SIN_MATCH,0.0,SIN_MATCH,0.0,0.0,0.0,0.0,0.0,0.0,0.0,0.0,0,NO_APLICA
ft_sal_000591,SIN_MATCH,0.0,SIN_CANDIDATO_DE_CONTACTO,0.0,SIN_CANDIDATO_DE_CONTACTO,0,SIN_MATCH,SIN_MATCH,False,SIN_MATCH,0.0,SIN_MATCH,0.0,0.0,0.0,0.0,0.0,0.0,0.0,0.0,0,NO_APLICA
ft_sal_000593,SIN_MATCH,0.0,SIN_CANDIDATO_DE_CONTACTO,0.0,SIN_CANDIDATO_DE_CONTACTO,0,SIN_MATCH,SIN_MATCH,False,SIN_MATCH,0.0,SIN_MATCH,0.0,0.0,0.0,0.0,0.0,0.0,0.0,0.0,0,NO_APLICA
ft_sal_000598,SIN_MATCH,0.0,SIN_CANDIDATO_DE_CONTACTO,0.0,SIN_CANDIDATO_DE_CONTACTO,0,SIN_MATCH,SIN_MATCH,False,SIN_MATCH,0.0,SIN_MATCH,0.0,0.0,0.0,0.0,0.0,0.0,0.0,0.0,0,NO_APLICA
ft_sal_000599,SIN_MATCH,0.0,SIN_CANDIDATO_DE_CONTACTO,0.0,SIN_CANDIDATO_DE_CONTACTO,0,SIN_MATCH,SIN_MATCH,False,SIN_MATCH,0.0,SIN_MATCH,0.0,0.0,0.0,0.0,0.0,0.0,0.0,0.0,0,NO_APLICA
ft_sal_000600,SIN_MATCH,0.0,SIN_CANDIDATO_DE_CONTACTO,0.0,SIN_CANDIDATO_DE_CONTACTO,0,SIN_MATCH,SIN_MATCH,False,SIN_MATCH,0.0,SIN_MATCH,0.0,0.0,0.0,0.0,0.0,0.0,0.0,0.0,0,NO_APLICA
ft_sal_000602,SIN_MATCH,0.0,SIN_CANDIDATO_DE_CONTACTO,0.0,SIN_CANDIDATO_DE_CONTACTO,0,SIN_MATCH,SIN_MATCH,False,SIN_MATCH,0.0,SIN_MATCH,0.0,0.0,0.0,0.0,0.0,0.0,0.0,0.0,0,NO_APLICA
ft_sal_000605,SIN_MATCH,0.0,SIN_CANDIDATO_DE_CONTACTO,0.0,SIN_CANDIDATO_DE_CONTACTO,0,SIN_MATCH,SIN_MATCH,False,SIN_MATCH,0.0,SIN_MATCH,0.0,0.0,0.0,0.0,0.0,0.0,0.0,0.0,0,NO_APLICA
ft_sal_000610,SIN_MATCH,0.0,SIN_CANDIDATO_DE_CONTACTO,0.0,SIN_CANDIDATO_DE_CONTACTO,0,SIN_MATCH,SIN_MATCH,False,SIN_MATCH,0.0,SIN_MATCH,0.0,0.0,0.0,0.0,0.0,0.0,0.0,0.0,0,NO_APLICA
ft_sal_000611,SIN_MATCH,0.0,SIN_CANDIDATO_DE_CONTACTO,0.0,SIN_CANDIDATO_DE_CONTACTO,0,SIN_MATCH,SIN_MATCH,False,SIN_MATCH,0.0,SIN_MATCH,0.0,0.0,0.0,0.0,0.0,0.0,0.0,0.0,0,NO_APLICA
ft_sal_000613,SIN_MATCH,0.0,SIN_CANDIDATO_DE_CONTACTO,0.0,SIN_CANDIDATO_DE_CONTACTO,0,SIN_MATCH,SIN_MATCH,False,SIN_MATCH,0.0,SIN_MATCH,0.0,0.0,0.0,0.0,0.0,0.0,0.0,0.0,0,NO_APLICA
ft_sal_000618,SIN_MATCH,0.0,SIN_CANDIDATO_DE_CONTACTO,0.0,SIN_CANDIDATO_DE_CONTACTO,0,SIN_MATCH,SIN_MATCH,False,SIN_MATCH,0.0,SIN_MATCH,0.0,0.0,0.0,0.0,0.0,0.0,0.0,0.0,0,NO_APLICA
ft_sal_000625,SIN_MATCH,0.0,SIN_CANDIDATO_DE_CONTACTO,0.0,SIN_CANDIDATO_DE_CONTACTO,0,SIN_MATCH,SIN_MATCH,False,SIN_MATCH,0.0,SIN_MATCH,0.0,0.0,0.0,0.0,0.0,0.0,0.0,0.0,0,NO_APLICA
ft_sal_000631,SIN_MATCH,0.0,SIN_CANDIDATO_DE_CONTACTO,0.0,SIN_CANDIDATO_DE_CONTACTO,0,SIN_MATCH,SIN_MATCH,False,SIN_MATCH,0.0,SIN_MATCH,0.0,0.0,0.0,0.0,0.0,0.0,0.0,0.0,0,NO_APLICA
ft_sal_000636,SIN_MATCH,0.0,SIN_CANDIDATO_DE_CONTACTO,0.0,SIN_CANDIDATO_DE_CONTACTO,0,SIN_MATCH,SIN_MATCH,False,SIN_MATCH,0.0,SIN_MATCH,0.0,0.0,0.0,0.0,0.0,0.0,0.0,0.0,0,NO_APLICA
ft_sal_000639,SIN_MATCH,0.0,SIN_CANDIDATO_DE_CONTACTO,0.0,SIN_CANDIDATO_DE_CONTACTO,0,SIN_MATCH,SIN_MATCH,False,SIN_MATCH,0.0,SIN_MATCH,0.0,0.0,0.0,0.0,0.0,0.0,0.0,0.0,0,NO_APLICA
ft_sal_000642,SIN_MATCH,0.0,SIN_CANDIDATO_DE_CONTACTO,0.0,SIN_CANDIDATO_DE_CONTACTO,0,SIN_MATCH,SIN_MATCH,False,SIN_MATCH,0.0,SIN_MATCH,0.0,0.0,0.0,0.0,0.0,0.0,0.0,0.0,0,NO_APLICA
ft_sal_000645,SIN_MATCH,0.0,SIN_CANDIDATO_DE_CONTACTO,0.0,SIN_CANDIDATO_DE_CONTACTO,0,SIN_MATCH,SIN_MATCH,False,SIN_MATCH,0.0,SIN_MATCH,0.0,0.0,0.0,0.0,0.0,0.0,0.0,0.0,0,NO_APLICA
ft_sal_000646,SIN_MATCH,0.0,SIN_CANDIDATO_DE_CONTACTO,0.0,SIN_CANDIDATO_DE_CONTACTO,0,SIN_MATCH,SIN_MATCH,False,SIN_MATCH,0.0,SIN_MATCH,0.0,0.0,0.0,0.0,0.0,0.0,0.0,0.0,0,NO_APLICA
ft_sal_000648,SIN_MATCH,0.0,SIN_CANDIDATO_DE_CONTACTO,0.0,SIN_CANDIDATO_DE_CONTACTO,0,SIN_MATCH,SIN_MATCH,False,SIN_MATCH,0.0,SIN_MATCH,0.0,0.0,0.0,0.0,0.0,0.0,0.0,0.0,0,NO_APLICA
ft_sal_000655,SIN_MATCH,0.0,SIN_CANDIDATO_DE_CONTACTO,0.0,SIN_CANDIDATO_DE_CONTACTO,0,SIN_MATCH,SIN_MATCH,False,SIN_MATCH,0.0,SIN_MATCH,0.0,0.0,0.0,0.0,0.0,0.0,0.0,0.0,0,NO_APLICA
ft_sal_000657,SIN_MATCH,0.0,SIN_CANDIDATO_DE_CONTACTO,0.0,SIN_CANDIDATO_DE_CONTACTO,0,SIN_MATCH,SIN_MATCH,False,SIN_MATCH,0.0,SIN_MATCH,0.0,0.0,0.0,0.0,0.0,0.0,0.0,0.0,0,NO_APLICA
ft_sal_000660,SIN_MATCH,0.0,SIN_CANDIDATO_DE_CONTACTO,0.0,SIN_CANDIDATO_DE_CONTACTO,0,SIN_MATCH,SIN_MATCH,False,SIN_MATCH,0.0,SIN_MATCH,0.0,0.0,0.0,0.0,0.0,0.0,0.0,0.0,0,NO_APLICA
ft_sal_000662,SIN_MATCH,0.0,SIN_CANDIDATO_DE_CONTACTO,0.0,SIN_CANDIDATO_DE_CONTACTO,0,SIN_MATCH,SIN_MATCH,False,SIN_MATCH,0.0,SIN_MATCH,0.0,0.0,0.0,0.0,0.0,0.0,0.0,0.0,0,NO_APLICA
ft_sal_000670,SIN_MATCH,0.0,SIN_CANDIDATO_DE_CONTACTO,0.0,SIN_CANDIDATO_DE_CONTACTO,0,SIN_MATCH,SIN_MATCH,False,SIN_MATCH,0.0,SIN_MATCH,0.0,0.0,0.0,0.0,0.0,0.0,0.0,0.0,0,NO_APLICA
ft_sal_000671,SIN_MATCH,0.0,SIN_CANDIDATO_DE_CONTACTO,0.0,SIN_CANDIDATO_DE_CONTACTO,0,SIN_MATCH,SIN_MATCH,False,SIN_MATCH,0.0,SIN_MATCH,0.0,0.0,0.0,0.0,0.0,0.0,0.0,0.0,0,NO_APLICA
ft_sal_000674,SIN_MATCH,0.0,SIN_CANDIDATO_DE_CONTACTO,0.0,SIN_CANDIDATO_DE_CONTACTO,0,SIN_MATCH,SIN_MATCH,False,SIN_MATCH,0.0,SIN_MATCH,0.0,0.0,0.0,0.0,0.0,0.0,0.0,0.0,0,NO_APLICA
ft_sal_000680,SIN_MATCH,0.0,SIN_CANDIDATO_DE_CONTACTO,0.0,SIN_CANDIDATO_DE_CONTACTO,0,SIN_MATCH,SIN_MATCH,False,SIN_MATCH,0.0,SIN_MATCH,0.0,0.0,0.0,0.0,0.0,0.0,0.0,0.0,0,NO_APLICA
ft_sal_000685,SIN_MATCH,0.0,SIN_CANDIDATO_DE_CONTACTO,0.0,SIN_CANDIDATO_DE_CONTACTO,0,SIN_MATCH,SIN_MATCH,False,SIN_MATCH,0.0,SIN_MATCH,0.0,0.0,0.0,0.0,0.0,0.0,0.0,0.0,0,NO_APLICA
ft_sal_000688,SIN_MATCH,0.0,SIN_CANDIDATO_DE_CONTACTO,0.0,SIN_CANDIDATO_DE_CONTACTO,0,SIN_MATCH,SIN_MATCH,False,SIN_MATCH,0.0,SIN_MATCH,0.0,0.0,0.0,0.0,0.0,0.0,0.0,0.0,0,NO_APLICA
ft_sal_000689,SIN_MATCH,0.0,SIN_CANDIDATO_DE_CONTACTO,0.0,SIN_CANDIDATO_DE_CONTACTO,0,SIN_MATCH,SIN_MATCH,False,SIN_MATCH,0.0,SIN_MATCH,0.0,0.0,0.0,0.0,0.0,0.0,0.0,0.0,0,NO_APLICA
ft_sal_000692,SIN_MATCH,0.0,SIN_CANDIDATO_DE_CONTACTO,0.0,SIN_CANDIDATO_DE_CONTACTO,0,SIN_MATCH,SIN_MATCH,False,SIN_MATCH,0.0,SIN_MATCH,0.0,0.0,0.0,0.0,0.0,0.0,0.0,0.0,0,NO_APLICA
ft_sal_000697,SIN_MATCH,0.0,SIN_CANDIDATO_DE_CONTACTO,0.0,SIN_CANDIDATO_DE_CONTACTO,0,SIN_MATCH,SIN_MATCH,False,SIN_MATCH,0.0,SIN_MATCH,0.0,0.0,0.0,0.0,0.0,0.0,0.0,0.0,0,NO_APLICA
ft_sal_000701,SIN_MATCH,0.0,SIN_CANDIDATO_DE_CONTACTO,0.0,SIN_CANDIDATO_DE_CONTACTO,0,SIN_MATCH,SIN_MATCH,False,SIN_MATCH,0.0,SIN_MATCH,0.0,0.0,0.0,0.0,0.0,0.0,0.0,0.0,0,NO_APLICA
ft_sal_000702,SIN_MATCH,0.0,SIN_CANDIDATO_DE_CONTACTO,0.0,SIN_CANDIDATO_DE_CONTACTO,0,SIN_MATCH,SIN_MATCH,False,SIN_MATCH,0.0,SIN_MATCH,0.0,0.0,0.0,0.0,0.0,0.0,0.0,0.0,0,NO_APLICA
ft_sal_000705,SIN_MATCH,0.0,SIN_CANDIDATO_DE_CONTACTO,0.0,SIN_CANDIDATO_DE_CONTACTO,0,SIN_MATCH,SIN_MATCH,False,SIN_MATCH,0.0,SIN_MATCH,0.0,0.0,0.0,0.0,0.0,0.0,0.0,0.0,0,NO_APLICA
ft_sal_000707,SIN_MATCH,0.0,SIN_CANDIDATO_DE_CONTACTO,0.0,SIN_CANDIDATO_DE_CONTACTO,0,SIN_MATCH,SIN_MATCH,False,SIN_MATCH,0.0,SIN_MATCH,0.0,0.0,0.0,0.0,0.0,0.0,0.0,0.0,0,NO_APLICA
ft_sal_000710,SIN_MATCH,0.0,SIN_CANDIDATO_DE_CONTACTO,0.0,SIN_CANDIDATO_DE_CONTACTO,0,SIN_MATCH,SIN_MATCH,False,SIN_MATCH,0.0,SIN_MATCH,0.0,0.0,0.0,0.0,0.0,0.0,0.0,0.0,0,NO_APLICA
ft_sal_000711,SIN_MATCH,0.0,SIN_CANDIDATO_DE_CONTACTO,0.0,SIN_CANDIDATO_DE_CONTACTO,0,SIN_MATCH,SIN_MATCH,False,SIN_MATCH,0.0,SIN_MATCH,0.0,0.0,0.0,0.0,0.0,0.0,0.0,0.0,0,NO_APLICA
ft_sal_000713,SIN_MATCH,0.0,SIN_CANDIDATO_DE_CONTACTO,0.0,SIN_CANDIDATO_DE_CONTACTO,0,SIN_MATCH,SIN_MATCH,False,SIN_MATCH,0.0,SIN_MATCH,0.0,0.0,0.0,0.0,0.0,0.0,0.0,0.0,0,NO_APLICA
ft_sal_000715,SIN_MATCH,0.0,SIN_CANDIDATO_DE_CONTACTO,0.0,SIN_CANDIDATO_DE_CONTACTO,0,SIN_MATCH,SIN_MATCH,False,SIN_MATCH,0.0,SIN_MATCH,0.0,0.0,0.0,0.0,0.0,0.0,0.0,0.0,0,NO_APLICA
ft_sal_000717,SIN_MATCH,0.0,SIN_CANDIDATO_DE_CONTACTO,0.0,SIN_CANDIDATO_DE_CONTACTO,0,SIN_MATCH,SIN_MATCH,False,SIN_MATCH,0.0,SIN_MATCH,0.0,0.0,0.0,0.0,0.0,0.0,0.0,0.0,0,NO_APLICA
ft_sal_000728,SIN_MATCH,0.0,SIN_CANDIDATO_DE_CONTACTO,0.0,SIN_CANDIDATO_DE_CONTACTO,0,SIN_MATCH,SIN_MATCH,False,SIN_MATCH,0.0,SIN_MATCH,0.0,0.0,0.0,0.0,0.0,0.0,0.0,0.0,0,NO_APLICA
ft_sal_000729,SIN_MATCH,0.0,SIN_CANDIDATO_DE_CONTACTO,0.0,SIN_CANDIDATO_DE_CONTACTO,0,SIN_MATCH,SIN_MATCH,False,SIN_MATCH,0.0,SIN_MATCH,0.0,0.0,0.0,0.0,0.0,0.0,0.0,0.0,0,NO_APLICA
ft_sal_000730,SIN_MATCH,0.0,SIN_CANDIDATO_DE_CONTACTO,0.0,SIN_CANDIDATO_DE_CONTACTO,0,SIN_MATCH,SIN_MATCH,False,SIN_MATCH,0.0,SIN_MATCH,0.0,0.0,0.0,0.0,0.0,0.0,0.0,0.0,0,NO_APLICA
ft_sal_000745,SIN_MATCH,0.0,SIN_CANDIDATO_DE_CONTACTO,0.0,SIN_CANDIDATO_DE_CONTACTO,0,SIN_MATCH,SIN_MATCH,False,SIN_MATCH,0.0,SIN_MATCH,0.0,0.0,0.0,0.0,0.0,0.0,0.0,0.0,0,NO_APLICA
ft_sal_000747,SIN_MATCH,0.0,SIN_CANDIDATO_DE_CONTACTO,0.0,SIN_CANDIDATO_DE_CONTACTO,0,SIN_MATCH,SIN_MATCH,False,SIN_MATCH,0.0,SIN_MATCH,0.0,0.0,0.0,0.0,0.0,0.0,0.0,0.0,0,NO_APLICA
ft_sal_000749,SIN_MATCH,0.0,SIN_CANDIDATO_DE_CONTACTO,0.0,SIN_CANDIDATO_DE_CONTACTO,0,SIN_MATCH,SIN_MATCH,False,SIN_MATCH,0.0,SIN_MATCH,0.0,0.0,0.0,0.0,0.0,0.0,0.0,0.0,0,NO_APLICA
ft_sal_000757,SIN_MATCH,0.0,SIN_CANDIDATO_DE_CONTACTO,0.0,SIN_CANDIDATO_DE_CONTACTO,0,SIN_MATCH,SIN_MATCH,False,SIN_MATCH,0.0,SIN_MATCH,0.0,0.0,0.0,0.0,0.0,0.0,0.0,0.0,0,NO_APLICA
ft_sal_000759,SIN_MATCH,0.0,SIN_CANDIDATO_DE_CONTACTO,0.0,SIN_CANDIDATO_DE_CONTACTO,0,SIN_MATCH,SIN_MATCH,False,SIN_MATCH,0.0,SIN_MATCH,0.0,0.0,0.0,0.0,0.0,0.0,0.0,0.0,0,NO_APLICA
ft_sal_000775,SIN_MATCH,0.0,SIN_CANDIDATO_DE_CONTACTO,0.0,SIN_CANDIDATO_DE_CONTACTO,0,SIN_MATCH,SIN_MATCH,False,SIN_MATCH,0.0,SIN_MATCH,0.0,0.0,0.0,0.0,0.0,0.0,0.0,0.0,0,NO_APLICA
ft_sal_000784,SIN_MATCH,0.0,SIN_CANDIDATO_DE_CONTACTO,0.0,SIN_CANDIDATO_DE_CONTACTO,0,SIN_MATCH,SIN_MATCH,False,SIN_MATCH,0.0,SIN_MATCH,0.0,0.0,0.0,0.0,0.0,0.0,0.0,0.0,0,NO_APLICA
ft_sal_000788,SIN_MATCH,0.0,SIN_CANDIDATO_DE_CONTACTO,0.0,SIN_CANDIDATO_DE_CONTACTO,0,SIN_MATCH,SIN_MATCH,False,SIN_MATCH,0.0,SIN_MATCH,0.0,0.0,0.0,0.0,0.0,0.0,0.0,0.0,0,NO_APLICA
ft_sal_000797,SIN_MATCH,0.0,SIN_CANDIDATO_DE_CONTACTO,0.0,SIN_CANDIDATO_DE_CONTACTO,0,SIN_MATCH,SIN_MATCH,False,SIN_MATCH,0.0,SIN_MATCH,0.0,0.0,0.0,0.0,0.0,0.0,0.0,0.0,0,NO_APLICA
ft_sal_000799,SIN_MATCH,0.0,SIN_CANDIDATO_DE_CONTACTO,0.0,SIN_CANDIDATO_DE_CONTACTO,0,SIN_MATCH,SIN_MATCH,False,SIN_MATCH,0.0,SIN_MATCH,0.0,0.0,0.0,0.0,0.0,0.0,0.0,0.0,0,NO_APLICA
ft_sal_000800,SIN_MATCH,0.0,SIN_CANDIDATO_DE_CONTACTO,0.0,SIN_CANDIDATO_DE_CONTACTO,0,SIN_MATCH,SIN_MATCH,False,SIN_MATCH,0.0,SIN_MATCH,0.0,0.0,0.0,0.0,0.0,0.0,0.0,0.0,0,NO_APLICA
ft_sal_000805,SIN_MATCH,0.0,SIN_CANDIDATO_DE_CONTACTO,0.0,SIN_CANDIDATO_DE_CONTACTO,0,SIN_MATCH,SIN_MATCH,False,SIN_MATCH,0.0,SIN_MATCH,0.0,0.0,0.0,0.0,0.0,0.0,0.0,0.0,0,NO_APLICA
ft_sal_000813,SIN_MATCH,0.0,SIN_CANDIDATO_DE_CONTACTO,0.0,SIN_CANDIDATO_DE_CONTACTO,0,SIN_MATCH,SIN_MATCH,False,SIN_MATCH,0.0,SIN_MATCH,0.0,0.0,0.0,0.0,0.0,0.0,0.0,0.0,0,NO_APLICA
ft_sal_000821,SIN_MATCH,0.0,SIN_CANDIDATO_DE_CONTACTO,0.0,SIN_CANDIDATO_DE_CONTACTO,0,SIN_MATCH,SIN_MATCH,False,SIN_MATCH,0.0,SIN_MATCH,0.0,0.0,0.0,0.0,0.0,0.0,0.0,0.0,0,NO_APLICA
ft_sal_000826,SIN_MATCH,0.0,SIN_CANDIDATO_DE_CONTACTO,0.0,SIN_CANDIDATO_DE_CONTACTO,0,SIN_MATCH,SIN_MATCH,False,SIN_MATCH,0.0,SIN_MATCH,0.0,0.0,0.0,0.0,0.0,0.0,0.0,0.0,0,NO_APLICA
ft_sal_000832,SIN_MATCH,0.0,SIN_CANDIDATO_DE_CONTACTO,0.0,SIN_CANDIDATO_DE_CONTACTO,0,SIN_MATCH,SIN_MATCH,False,SIN_MATCH,0.0,SIN_MATCH,0.0,0.0,0.0,0.0,0.0,0.0,0.0,0.0,0,NO_APLICA
ft_sal_000845,SIN_MATCH,0.0,SIN_CANDIDATO_DE_CONTACTO,0.0,SIN_CANDIDATO_DE_CONTACTO,0,SIN_MATCH,SIN_MATCH,False,SIN_MATCH,0.0,SIN_MATCH,0.0,0.0,0.0,0.0,0.0,0.0,0.0,0.0,0,NO_APLICA
ft_sal_000851,SIN_MATCH,0.0,SIN_CANDIDATO_DE_CONTACTO,0.0,SIN_CANDIDATO_DE_CONTACTO,0,SIN_MATCH,SIN_MATCH,False,SIN_MATCH,0.0,SIN_MATCH,0.0,0.0,0.0,0.0,0.0,0.0,0.0,0.0,0,NO_APLICA
ft_sal_000855,SIN_MATCH,0.0,SIN_CANDIDATO_DE_CONTACTO,0.0,SIN_CANDIDATO_DE_CONTACTO,0,SIN_MATCH,SIN_MATCH,False,SIN_MATCH,0.0,SIN_MATCH,0.0,0.0,0.0,0.0,0.0,0.0,0.0,0.0,0,NO_APLICA
ft_sal_000868,SIN_MATCH,0.0,SIN_CANDIDATO_DE_CONTACTO,0.0,SIN_CANDIDATO_DE_CONTACTO,0,SIN_MATCH,SIN_MATCH,False,SIN_MATCH,0.0,SIN_MATCH,0.0,0.0,0.0,0.0,0.0,0.0,0.0,0.0,0,NO_APLICA
ft_sal_000869,SIN_MATCH,0.0,SIN_CANDIDATO_DE_CONTACTO,0.0,SIN_CANDIDATO_DE_CONTACTO,0,SIN_MATCH,SIN_MATCH,False,SIN_MATCH,0.0,SIN_MATCH,0.0,0.0,0.0,0.0,0.0,0.0,0.0,0.0,0,NO_APLICA
ft_sal_000870,SIN_MATCH,0.0,SIN_CANDIDATO_DE_CONTACTO,0.0,SIN_CANDIDATO_DE_CONTACTO,0,SIN_MATCH,SIN_MATCH,False,SIN_MATCH,0.0,SIN_MATCH,0.0,0.0,0.0,0.0,0.0,0.0,0.0,0.0,0,NO_APLICA
ft_sal_000875,SIN_MATCH,0.0,SIN_CANDIDATO_DE_CONTACTO,0.0,SIN_CANDIDATO_DE_CONTACTO,0,SIN_MATCH,SIN_MATCH,False,SIN_MATCH,0.0,SIN_MATCH,0.0,0.0,0.0,0.0,0.0,0.0,0.0,0.0,0,NO_APLICA
ft_sal_000876,SIN_MATCH,0.0,SIN_CANDIDATO_DE_CONTACTO,0.0,SIN_CANDIDATO_DE_CONTACTO,0,SIN_MATCH,SIN_MATCH,False,SIN_MATCH,0.0,SIN_MATCH,0.0,0.0,0.0,0.0,0.0,0.0,0.0,0.0,0,NO_APLICA
ft_sal_000882,SIN_MATCH,0.0,SIN_CANDIDATO_DE_CONTACTO,0.0,SIN_CANDIDATO_DE_CONTACTO,0,SIN_MATCH,SIN_MATCH,False,SIN_MATCH,0.0,SIN_MATCH,0.0,0.0,0.0,0.0,0.0,0.0,0.0,0.0,0,NO_APLICA
ft_sal_000884,SIN_MATCH,0.0,SIN_CANDIDATO_DE_CONTACTO,0.0,SIN_CANDIDATO_DE_CONTACTO,0,SIN_MATCH,SIN_MATCH,False,SIN_MATCH,0.0,SIN_MATCH,0.0,0.0,0.0,0.0,0.0,0.0,0.0,0.0,0,NO_APLICA
ft_sal_000886,SIN_MATCH,0.0,SIN_CANDIDATO_DE_CONTACTO,0.0,SIN_CANDIDATO_DE_CONTACTO,0,SIN_MATCH,SIN_MATCH,False,SIN_MATCH,0.0,SIN_MATCH,0.0,0.0,0.0,0.0,0.0,0.0,0.0,0.0,0,NO_APLICA
ft_sal_000890,SIN_MATCH,0.0,SIN_CANDIDATO_DE_CONTACTO,0.0,SIN_CANDIDATO_DE_CONTACTO,0,SIN_MATCH,SIN_MATCH,False,SIN_MATCH,0.0,SIN_MATCH,0.0,0.0,0.0,0.0,0.0,0.0,0.0,0.0,0,NO_APLICA
ft_sal_000891,SIN_MATCH,0.0,SIN_CANDIDATO_DE_CONTACTO,0.0,SIN_CANDIDATO_DE_CONTACTO,0,SIN_MATCH,SIN_MATCH,False,SIN_MATCH,0.0,SIN_MATCH,0.0,0.0,0.0,0.0,0.0,0.0,0.0,0.0,0,NO_APLICA
ft_sal_000892,SIN_MATCH,0.0,SIN_CANDIDATO_DE_CONTACTO,0.0,SIN_CANDIDATO_DE_CONTACTO,0,SIN_MATCH,SIN_MATCH,False,SIN_MATCH,0.0,SIN_MATCH,0.0,0.0,0.0,0.0,0.0,0.0,0.0,0.0,0,NO_APLICA
ft_sal_000894,SIN_MATCH,0.0,SIN_CANDIDATO_DE_CONTACTO,0.0,SIN_CANDIDATO_DE_CONTACTO,0,SIN_MATCH,SIN_MATCH,False,SIN_MATCH,0.0,SIN_MATCH,0.0,0.0,0.0,0.0,0.0,0.0,0.0,0.0,0,NO_APLICA
ft_sal_000896,SIN_MATCH,0.0,SIN_CANDIDATO_DE_CONTACTO,0.0,SIN_CANDIDATO_DE_CONTACTO,0,SIN_MATCH,SIN_MATCH,False,SIN_MATCH,0.0,SIN_MATCH,0.0,0.0,0.0,0.0,0.0,0.0,0.0,0.0,0,NO_APLICA
ft_sal_000898,SIN_MATCH,0.0,SIN_CANDIDATO_DE_CONTACTO,0.0,SIN_CANDIDATO_DE_CONTACTO,0,SIN_MATCH,SIN_MATCH,False,SIN_MATCH,0.0,SIN_MATCH,0.0,0.0,0.0,0.0,0.0,0.0,0.0,0.0,0,NO_APLICA
ft_sal_000899,SIN_MATCH,0.0,SIN_CANDIDATO_DE_CONTACTO,0.0,SIN_CANDIDATO_DE_CONTACTO,0,SIN_MATCH,SIN_MATCH,False,SIN_MATCH,0.0,SIN_MATCH,0.0,0.0,0.0,0.0,0.0,0.0,0.0,0.0,0,NO_APLICA
ft_sal_000900,SIN_MATCH,0.0,SIN_CANDIDATO_DE_CONTACTO,0.0,SIN_CANDIDATO_DE_CONTACTO,0,SIN_MATCH,SIN_MATCH,False,SIN_MATCH,0.0,SIN_MATCH,0.0,0.0,0.0,0.0,0.0,0.0,0.0,0.0,0,NO_APLICA
ft_sal_000901,SIN_MATCH,0.0,SIN_CANDIDATO_DE_CONTACTO,0.0,SIN_CANDIDATO_DE_CONTACTO,0,SIN_MATCH,SIN_MATCH,False,SIN_MATCH,0.0,SIN_MATCH,0.0,0.0,0.0,0.0,0.0,0.0,0.0,0.0,0,NO_APLICA
ft_sal_000902,SIN_MATCH,0.0,SIN_CANDIDATO_DE_CONTACTO,0.0,SIN_CANDIDATO_DE_CONTACTO,0,SIN_MATCH,SIN_MATCH,False,SIN_MATCH,0.0,SIN_MATCH,0.0,0.0,0.0,0.0,0.0,0.0,0.0,0.0,0,NO_APLICA
ft_sal_000905,SIN_MATCH,0.0,SIN_CANDIDATO_DE_CONTACTO,0.0,SIN_CANDIDATO_DE_CONTACTO,0,SIN_MATCH,SIN_MATCH,False,SIN_MATCH,0.0,SIN_MATCH,0.0,0.0,0.0,0.0,0.0,0.0,0.0,0.0,0,NO_APLICA
ft_sal_000906,SIN_MATCH,0.0,SIN_CANDIDATO_DE_CONTACTO,0.0,SIN_CANDIDATO_DE_CONTACTO,0,SIN_MATCH,SIN_MATCH,False,SIN_MATCH,0.0,SIN_MATCH,0.0,0.0,0.0,0.0,0.0,0.0,0.0,0.0,0,NO_APLICA
ft_sal_000907,SIN_MATCH,0.0,SIN_CANDIDATO_DE_CONTACTO,0.0,SIN_CANDIDATO_DE_CONTACTO,0,SIN_MATCH,SIN_MATCH,False,SIN_MATCH,0.0,SIN_MATCH,0.0,0.0,0.0,0.0,0.0,0.0,0.0,0.0,0,NO_APLICA
ft_sal_000908,SIN_MATCH,0.0,SIN_CANDIDATO_DE_CONTACTO,0.0,SIN_CANDIDATO_DE_CONTACTO,0,SIN_MATCH,SIN_MATCH,False,SIN_MATCH,0.0,SIN_MATCH,0.0,0.0,0.0,0.0,0.0,0.0,0.0,0.0,0,NO_APLICA
ft_sal_000910,SIN_MATCH,0.0,SIN_CANDIDATO_DE_CONTACTO,0.0,SIN_CANDIDATO_DE_CONTACTO,0,SIN_MATCH,SIN_MATCH,False,SIN_MATCH,0.0,SIN_MATCH,0.0,0.0,0.0,0.0,0.0,0.0,0.0,0.0,0,NO_APLICA
ft_sal_000913,SIN_MATCH,0.0,SIN_CANDIDATO_DE_CONTACTO,0.0,SIN_CANDIDATO_DE_CONTACTO,0,SIN_MATCH,SIN_MATCH,False,SIN_MATCH,0.0,SIN_MATCH,0.0,0.0,0.0,0.0,0.0,0.0,0.0,0.0,0,NO_APLICA
ft_sal_000915,SIN_MATCH,0.0,SIN_CANDIDATO_DE_CONTACTO,0.0,SIN_CANDIDATO_DE_CONTACTO,0,SIN_MATCH,SIN_MATCH,False,SIN_MATCH,0.0,SIN_MATCH,0.0,0.0,0.0,0.0,0.0,0.0,0.0,0.0,0,NO_APLICA
ft_sal_000916,SIN_MATCH,0.0,SIN_CANDIDATO_DE_CONTACTO,0.0,SIN_CANDIDATO_DE_CONTACTO,0,SIN_MATCH,SIN_MATCH,False,SIN_MATCH,0.0,SIN_MATCH,0.0,0.0,0.0,0.0,0.0,0.0,0.0,0.0,0,NO_APLICA
ft_sal_000917,SIN_MATCH,0.0,EVIDENCIA_INSUFICIENTE,0.0,EVIDENCIA_INSUFICIENTE,2,bm_usr_003494,bm_usr_003061,True,bm_usr_003061,0.58,bm_usr_003494,0.58,1.0,0.0,0.3077,0.0,0.0,1.0,0.3571,0,NO_APLICA
ft_sal_000918,SIN_MATCH,0.0,SIN_CANDIDATO_DE_CONTACTO,0.0,SIN_CANDIDATO_DE_CONTACTO,0,SIN_MATCH,SIN_MATCH,False,SIN_MATCH,0.0,SIN_MATCH,0.0,0.0,0.0,0.0,0.0,0.0,0.0,0.0,0,NO_APLICA
ft_sal_000920,SIN_MATCH,0.0,SIN_CANDIDATO_DE_CONTACTO,0.0,SIN_CANDIDATO_DE_CONTACTO,0,SIN_MATCH,SIN_MATCH,False,SIN_MATCH,0.0,SIN_MATCH,0.0,0.0,0.0,0.0,0.0,0.0,0.0,0.0,0,NO_APLICA
ft_sal_000921,SIN_MATCH,0.0,SIN_CANDIDATO_DE_CONTACTO,0.0,SIN_CANDIDATO_DE_CONTACTO,0,SIN_MATCH,SIN_MATCH,False,SIN_MATCH,0.0,SIN_MATCH,0.0,0.0,0.0,0.0,0.0,0.0,0.0,0.0,0,NO_APLICA
ft_sal_000924,SIN_MATCH,0.0,SIN_CANDIDATO_DE_CONTACTO,0.0,SIN_CANDIDATO_DE_CONTACTO,0,SIN_MATCH,SIN_MATCH,False,SIN_MATCH,0.0,SIN_MATCH,0.0,0.0,0.0,0.0,0.0,0.0,0.0,0.0,0,NO_APLICA
ft_sal_000925,SIN_MATCH,0.0,SIN_CANDIDATO_DE_CONTACTO,0.0,SIN_CANDIDATO_DE_CONTACTO,0,SIN_MATCH,SIN_MATCH,False,SIN_MATCH,0.0,SIN_MATCH,0.0,0.0,0.0,0.0,0.0,0.0,0.0,0.0,0,NO_APLICA
ft_sal_000928,SIN_MATCH,0.0,SIN_CANDIDATO_DE_CONTACTO,0.0,SIN_CANDIDATO_DE_CONTACTO,0,SIN_MATCH,SIN_MATCH,False,SIN_MATCH,0.0,SIN_MATCH,0.0,0.0,0.0,0.0,0.0,0.0,0.0,0.0,0,NO_APLICA
ft_sal_000929,SIN_MATCH,0.0,SIN_CANDIDATO_DE_CONTACTO,0.0,SIN_CANDIDATO_DE_CONTACTO,0,SIN_MATCH,SIN_MATCH,False,SIN_MATCH,0.0,SIN_MATCH,0.0,0.0,0.0,0.0,0.0,0.0,0.0,0.0,0,NO_APLICA
ft_sal_000932,SIN_MATCH,0.0,SIN_CANDIDATO_DE_CONTACTO,0.0,SIN_CANDIDATO_DE_CONTACTO,0,SIN_MATCH,SIN_MATCH,False,SIN_MATCH,0.0,SIN_MATCH,0.0,0.0,0.0,0.0,0.0,0.0,0.0,0.0,0,NO_APLICA
ft_sal_000933,SIN_MATCH,0.0,SIN_CANDIDATO_DE_CONTACTO,0.0,SIN_CANDIDATO_DE_CONTACTO,0,SIN_MATCH,SIN_MATCH,False,SIN_MATCH,0.0,SIN_MATCH,0.0,0.0,0.0,0.0,0.0,0.0,0.0,0.0,0,NO_APLICA
ft_sal_000936,SIN_MATCH,0.0,SIN_CANDIDATO_DE_CONTACTO,0.0,SIN_CANDIDATO_DE_CONTACTO,0,SIN_MATCH,SIN_MATCH,False,SIN_MATCH,0.0,SIN_MATCH,0.0,0.0,0.0,0.0,0.0,0.0,0.0,0.0,0,NO_APLICA
ft_sal_000937,SIN_MATCH,0.0,SIN_CANDIDATO_DE_CONTACTO,0.0,SIN_CANDIDATO_DE_CONTACTO,0,SIN_MATCH,SIN_MATCH,False,SIN_MATCH,0.0,SIN_MATCH,0.0,0.0,0.0,0.0,0.0,0.0,0.0,0.0,0,NO_APLICA
ft_sal_000938,SIN_MATCH,0.0,SIN_CANDIDATO_DE_CONTACTO,0.0,SIN_CANDIDATO_DE_CONTACTO,0,SIN_MATCH,SIN_MATCH,False,SIN_MATCH,0.0,SIN_MATCH,0.0,0.0,0.0,0.0,0.0,0.0,0.0,0.0,0,NO_APLICA
ft_sal_000942,SIN_MATCH,0.0,SIN_CANDIDATO_DE_CONTACTO,0.0,SIN_CANDIDATO_DE_CONTACTO,0,SIN_MATCH,SIN_MATCH,False,SIN_MATCH,0.0,SIN_MATCH,0.0,0.0,0.0,0.0,0.0,0.0,0.0,0.0,0,NO_APLICA
ft_sal_000944,SIN_MATCH,0.0,SIN_CANDIDATO_DE_CONTACTO,0.0,SIN_CANDIDATO_DE_CONTACTO,0,SIN_MATCH,SIN_MATCH,False,SIN_MATCH,0.0,SIN_MATCH,0.0,0.0,0.0,0.0,0.0,0.0,0.0,0.0,0,NO_APLICA
ft_sal_000946,SIN_MATCH,0.0,SIN_CANDIDATO_DE_CONTACTO,0.0,SIN_CANDIDATO_DE_CONTACTO,0,SIN_MATCH,SIN_MATCH,False,SIN_MATCH,0.0,SIN_MATCH,0.0,0.0,0.0,0.0,0.0,0.0,0.0,0.0,0,NO_APLICA
ft_sal_000947,SIN_MATCH,0.0,SIN_CANDIDATO_DE_CONTACTO,0.0,SIN_CANDIDATO_DE_CONTACTO,0,SIN_MATCH,SIN_MATCH,False,SIN_MATCH,0.0,SIN_MATCH,0.0,0.0,0.0,0.0,0.0,0.0,0.0,0.0,0,NO_APLICA
ft_sal_000951,SIN_MATCH,0.0,SIN_CANDIDATO_DE_CONTACTO,0.0,SIN_CANDIDATO_DE_CONTACTO,0,SIN_MATCH,SIN_MATCH,False,SIN_MATCH,0.0,SIN_MATCH,0.0,0.0,0.0,0.0,0.0,0.0,0.0,0.0,0,NO_APLICA
ft_sal_000952,SIN_MATCH,0.0,SIN_CANDIDATO_DE_CONTACTO,0.0,SIN_CANDIDATO_DE_CONTACTO,0,SIN_MATCH,SIN_MATCH,False,SIN_MATCH,0.0,SIN_MATCH,0.0,0.0,0.0,0.0,0.0,0.0,0.0,0.0,0,NO_APLICA
ft_sal_000953,SIN_MATCH,0.0,SIN_CANDIDATO_DE_CONTACTO,0.0,SIN_CANDIDATO_DE_CONTACTO,0,SIN_MATCH,SIN_MATCH,False,SIN_MATCH,0.0,SIN_MATCH,0.0,0.0,0.0,0.0,0.0,0.0,0.0,0.0,0,NO_APLICA
ft_sal_000958,SIN_MATCH,0.0,SIN_CANDIDATO_DE_CONTACTO,0.0,SIN_CANDIDATO_DE_CONTACTO,0,SIN_MATCH,SIN_MATCH,False,SIN_MATCH,0.0,SIN_MATCH,0.0,0.0,0.0,0.0,0.0,0.0,0.0,0.0,0,NO_APLICA
ft_sal_000959,SIN_MATCH,0.0,SIN_CANDIDATO_DE_CONTACTO,0.0,SIN_CANDIDATO_DE_CONTACTO,0,SIN_MATCH,SIN_MATCH,False,SIN_MATCH,0.0,SIN_MATCH,0.0,0.0,0.0,0.0,0.0,0.0,0.0,0.0,0,NO_APLICA
ft_sal_000960,SIN_MATCH,0.0,SIN_CANDIDATO_DE_CONTACTO,0.0,SIN_CANDIDATO_DE_CONTACTO,0,SIN_MATCH,SIN_MATCH,False,SIN_MATCH,0.0,SIN_MATCH,0.0,0.0,0.0,0.0,0.0,0.0,0.0,0.0,0,NO_APLICA
ft_sal_000964,SIN_MATCH,0.0,SIN_CANDIDATO_DE_CONTACTO,0.0,SIN_CANDIDATO_DE_CONTACTO,0,SIN_MATCH,SIN_MATCH,False,SIN_MATCH,0.0,SIN_MATCH,0.0,0.0,0.0,0.0,0.0,0.0,0.0,0.0,0,NO_APLICA
ft_sal_000965,SIN_MATCH,0.0,SIN_CANDIDATO_DE_CONTACTO,0.0,SIN_CANDIDATO_DE_CONTACTO,0,SIN_MATCH,SIN_MATCH,False,SIN_MATCH,0.0,SIN_MATCH,0.0,0.0,0.0,0.0,0.0,0.0,0.0,0.0,0,NO_APLICA
ft_sal_000968,SIN_MATCH,0.0,SIN_CANDIDATO_DE_CONTACTO,0.0,SIN_CANDIDATO_DE_CONTACTO,0,SIN_MATCH,SIN_MATCH,False,SIN_MATCH,0.0,SIN_MATCH,0.0,0.0,0.0,0.0,0.0,0.0,0.0,0.0,0,NO_APLICA
ft_sal_000969,SIN_MATCH,0.0,SIN_CANDIDATO_DE_CONTACTO,0.0,SIN_CANDIDATO_DE_CONTACTO,0,SIN_MATCH,SIN_MATCH,False,SIN_MATCH,0.0,SIN_MATCH,0.0,0.0,0.0,0.0,0.0,0.0,0.0,0.0,0,NO_APLICA
ft_sal_000973,SIN_MATCH,0.0,SIN_CANDIDATO_DE_CONTACTO,0.0,SIN_CANDIDATO_DE_CONTACTO,0,SIN_MATCH,SIN_MATCH,False,SIN_MATCH,0.0,SIN_MATCH,0.0,0.0,0.0,0.0,0.0,0.0,0.0,0.0,0,NO_APLICA
ft_sal_000978,SIN_MATCH,0.0,SIN_CANDIDATO_DE_CONTACTO,0.0,SIN_CANDIDATO_DE_CONTACTO,0,SIN_MATCH,SIN_MATCH,False,SIN_MATCH,0.0,SIN_MATCH,0.0,0.0,0.0,0.0,0.0,0.0,0.0,0.0,0,NO_APLICA
ft_sal_000979,SIN_MATCH,0.0,SIN_CANDIDATO_DE_CONTACTO,0.0,SIN_CANDIDATO_DE_CONTACTO,0,SIN_MATCH,SIN_MATCH,False,SIN_MATCH,0.0,SIN_MATCH,0.0,0.0,0.0,0.0,0.0,0.0,0.0,0.0,0,NO_APLICA
ft_sal_000980,SIN_MATCH,0.0,SIN_CANDIDATO_DE_CONTACTO,0.0,SIN_CANDIDATO_DE_CONTACTO,0,SIN_MATCH,SIN_MATCH,False,SIN_MATCH,0.0,SIN_MATCH,0.0,0.0,0.0,0.0,0.0,0.0,0.0,0.0,0,NO_APLICA
ft_sal_000981,SIN_MATCH,0.0,SIN_CANDIDATO_DE_CONTACTO,0.0,SIN_CANDIDATO_DE_CONTACTO,0,SIN_MATCH,SIN_MATCH,False,SIN_MATCH,0.0,SIN_MATCH,0.0,0.0,0.0,0.0,0.0,0.0,0.0,0.0,0,NO_APLICA
ft_sal_000982,SIN_MATCH,0.0,SIN_CANDIDATO_DE_CONTACTO,0.0,SIN_CANDIDATO_DE_CONTACTO,0,SIN_MATCH,SIN_MATCH,False,SIN_MATCH,0.0,SIN_MATCH,0.0,0.0,0.0,0.0,0.0,0.0,0.0,0.0,0,NO_APLICA
ft_sal_000983,SIN_MATCH,0.0,SIN_CANDIDATO_DE_CONTACTO,0.0,SIN_CANDIDATO_DE_CONTACTO,0,SIN_MATCH,SIN_MATCH,False,SIN_MATCH,0.0,SIN_MATCH,0.0,0.0,0.0,0.0,0.0,0.0,0.0,0.0,0,NO_APLICA
ft_sal_000987,SIN_MATCH,0.0,SIN_CANDIDATO_DE_CONTACTO,0.0,SIN_CANDIDATO_DE_CONTACTO,0,SIN_MATCH,SIN_MATCH,False,SIN_MATCH,0.0,SIN_MATCH,0.0,0.0,0.0,0.0,0.0,0.0,0.0,0.0,0,NO_APLICA
ft_sal_000990,SIN_MATCH,0.0,SIN_CANDIDATO_DE_CONTACTO,0.0,SIN_CANDIDATO_DE_CONTACTO,0,SIN_MATCH,SIN_MATCH,False,SIN_MATCH,0.0,SIN_MATCH,0.0,0.0,0.0,0.0,0.0,0.0,0.0,0.0,0,NO_APLICA
ft_sal_000991,SIN_MATCH,0.0,SIN_CANDIDATO_DE_CONTACTO,0.0,SIN_CANDIDATO_DE_CONTACTO,0,SIN_MATCH,SIN_MATCH,False,SIN_MATCH,0.0,SIN_MATCH,0.0,0.0,0.0,0.0,0.0,0.0,0.0,0.0,0,NO_APLICA
ft_sal_000992,SIN_MATCH,0.0,SIN_CANDIDATO_DE_CONTACTO,0.0,SIN_CANDIDATO_DE_CONTACTO,0,SIN_MATCH,SIN_MATCH,False,SIN_MATCH,0.0,SIN_MATCH,0.0,0.0,0.0,0.0,0.0,0.0,0.0,0.0,0,NO_APLICA
ft_sal_000994,SIN_MATCH,0.0,SIN_CANDIDATO_DE_CONTACTO,0.0,SIN_CANDIDATO_DE_CONTACTO,0,SIN_MATCH,SIN_MATCH,False,SIN_MATCH,0.0,SIN_MATCH,0.0,0.0,0.0,0.0,0.0,0.0,0.0,0.0,0,NO_APLICA
ft_sal_000995,SIN_MATCH,0.0,SIN_CANDIDATO_DE_CONTACTO,0.0,SIN_CANDIDATO_DE_CONTACTO,0,SIN_MATCH,SIN_MATCH,False,SIN_MATCH,0.0,SIN_MATCH,0.0,0.0,0.0,0.0,0.0,0.0,0.0,0.0,0,NO_APLICA
ft_sal_000997,SIN_MATCH,0.0,SIN_CANDIDATO_DE_CONTACTO,0.0,SIN_CANDIDATO_DE_CONTACTO,0,SIN_MATCH,SIN_MATCH,False,SIN_MATCH,0.0,SIN_MATCH,0.0,0.0,0.0,0.0,0.0,0.0,0.0,0.0,0,NO_APLICA
ft_sal_000998,SIN_MATCH,0.0,SIN_CANDIDATO_DE_CONTACTO,0.0,SIN_CANDIDATO_DE_CONTACTO,0,SIN_MATCH,SIN_MATCH,False,SIN_MATCH,0.0,SIN_MATCH,0.0,0.0,0.0,0.0,0.0,0.0,0.0,0.0,0,NO_APLICA
ft_sal_000999,SIN_MATCH,0.0,SIN_CANDIDATO_DE_CONTACTO,0.0,SIN_CANDIDATO_DE_CONTACTO,0,SIN_MATCH,SIN_MATCH,False,SIN_MATCH,0.0,SIN_MATCH,0.0,0.0,0.0,0.0,0.0,0.0,0.0,0.0,0,NO_APLICA
ft_sal_001001,SIN_MATCH,0.0,SIN_CANDIDATO_DE_CONTACTO,0.0,SIN_CANDIDATO_DE_CONTACTO,0,SIN_MATCH,SIN_MATCH,False,SIN_MATCH,0.0,SIN_MATCH,0.0,0.0,0.0,0.0,0.0,0.0,0.0,0.0,0,NO_APLICA
ft_sal_001004,SIN_MATCH,0.0,SIN_CANDIDATO_DE_CONTACTO,0.0,SIN_CANDIDATO_DE_CONTACTO,0,SIN_MATCH,SIN_MATCH,False,SIN_MATCH,0.0,SIN_MATCH,0.0,0.0,0.0,0.0,0.0,0.0,0.0,0.0,0,NO_APLICA
ft_sal_001006,SIN_MATCH,0.0,SIN_CANDIDATO_DE_CONTACTO,0.0,SIN_CANDIDATO_DE_CONTACTO,0,SIN_MATCH,SIN_MATCH,False,SIN_MATCH,0.0,SIN_MATCH,0.0,0.0,0.0,0.0,0.0,0.0,0.0,0.0,0,NO_APLICA
ft_sal_001007,SIN_MATCH,0.0,SIN_CANDIDATO_DE_CONTACTO,0.0,SIN_CANDIDATO_DE_CONTACTO,0,SIN_MATCH,SIN_MATCH,False,SIN_MATCH,0.0,SIN_MATCH,0.0,0.0,0.0,0.0,0.0,0.0,0.0,0.0,0,NO_APLICA
ft_sal_001009,SIN_MATCH,0.0,SIN_CANDIDATO_DE_CONTACTO,0.0,SIN_CANDIDATO_DE_CONTACTO,0,SIN_MATCH,SIN_MATCH,False,SIN_MATCH,0.0,SIN_MATCH,0.0,0.0,0.0,0.0,0.0,0.0,0.0,0.0,0,NO_APLICA
ft_sal_001013,SIN_MATCH,0.0,SIN_CANDIDATO_DE_CONTACTO,0.0,SIN_CANDIDATO_DE_CONTACTO,0,SIN_MATCH,SIN_MATCH,False,SIN_MATCH,0.0,SIN_MATCH,0.0,0.0,0.0,0.0,0.0,0.0,0.0,0.0,0,NO_APLICA
ft_sal_001016,SIN_MATCH,0.0,SIN_CANDIDATO_DE_CONTACTO,0.0,SIN_CANDIDATO_DE_CONTACTO,0,SIN_MATCH,SIN_MATCH,False,SIN_MATCH,0.0,SIN_MATCH,0.0,0.0,0.0,0.0,0.0,0.0,0.0,0.0,0,NO_APLICA
ft_sal_001026,SIN_MATCH,0.0,SIN_CANDIDATO_DE_CONTACTO,0.0,SIN_CANDIDATO_DE_CONTACTO,0,SIN_MATCH,SIN_MATCH,False,SIN_MATCH,0.0,SIN_MATCH,0.0,0.0,0.0,0.0,0.0,0.0,0.0,0.0,0,NO_APLICA
ft_sal_001031,SIN_MATCH,0.0,SIN_CANDIDATO_DE_CONTACTO,0.0,SIN_CANDIDATO_DE_CONTACTO,0,SIN_MATCH,SIN_MATCH,False,SIN_MATCH,0.0,SIN_MATCH,0.0,0.0,0.0,0.0,0.0,0.0,0.0,0.0,0,NO_APLICA
ft_sal_001035,SIN_MATCH,0.0,SIN_CANDIDATO_DE_CONTACTO,0.0,SIN_CANDIDATO_DE_CONTACTO,0,SIN_MATCH,SIN_MATCH,False,SIN_MATCH,0.0,SIN_MATCH,0.0,0.0,0.0,0.0,0.0,0.0,0.0,0.0,0,NO_APLICA
ft_sal_001036,SIN_MATCH,0.0,SIN_CANDIDATO_DE_CONTACTO,0.0,SIN_CANDIDATO_DE_CONTACTO,0,SIN_MATCH,SIN_MATCH,False,SIN_MATCH,0.0,SIN_MATCH,0.0,0.0,0.0,0.0,0.0,0.0,0.0,0.0,0,NO_APLICA
ft_sal_001039,SIN_MATCH,0.0,SIN_CANDIDATO_DE_CONTACTO,0.0,SIN_CANDIDATO_DE_CONTACTO,0,SIN_MATCH,SIN_MATCH,False,SIN_MATCH,0.0,SIN_MATCH,0.0,0.0,0.0,0.0,0.0,0.0,0.0,0.0,0,NO_APLICA
ft_sal_001041,SIN_MATCH,0.0,SIN_CANDIDATO_DE_CONTACTO,0.0,SIN_CANDIDATO_DE_CONTACTO,0,SIN_MATCH,SIN_MATCH,False,SIN_MATCH,0.0,SIN_MATCH,0.0,0.0,0.0,0.0,0.0,0.0,0.0,0.0,0,NO_APLICA
ft_sal_001044,SIN_MATCH,0.0,SIN_CANDIDATO_DE_CONTACTO,0.0,SIN_CANDIDATO_DE_CONTACTO,0,SIN_MATCH,SIN_MATCH,False,SIN_MATCH,0.0,SIN_MATCH,0.0,0.0,0.0,0.0,0.0,0.0,0.0,0.0,0,NO_APLICA
ft_sal_001045,SIN_MATCH,0.0,SIN_CANDIDATO_DE_CONTACTO,0.0,SIN_CANDIDATO_DE_CONTACTO,0,SIN_MATCH,SIN_MATCH,False,SIN_MATCH,0.0,SIN_MATCH,0.0,0.0,0.0,0.0,0.0,0.0,0.0,0.0,0,NO_APLICA
ft_sal_001047,SIN_MATCH,0.0,SIN_CANDIDATO_DE_CONTACTO,0.0,SIN_CANDIDATO_DE_CONTACTO,0,SIN_MATCH,SIN_MATCH,False,SIN_MATCH,0.0,SIN_MATCH,0.0,0.0,0.0,0.0,0.0,0.0,0.0,0.0,0,NO_APLICA
ft_sal_001051,SIN_MATCH,0.0,SIN_CANDIDATO_DE_CONTACTO,0.0,SIN_CANDIDATO_DE_CONTACTO,0,SIN_MATCH,SIN_MATCH,False,SIN_MATCH,0.0,SIN_MATCH,0.0,0.0,0.0,0.0,0.0,0.0,0.0,0.0,0,NO_APLICA
ft_sal_001052,SIN_MATCH,0.0,SIN_CANDIDATO_DE_CONTACTO,0.0,SIN_CANDIDATO_DE_CONTACTO,0,SIN_MATCH,SIN_MATCH,False,SIN_MATCH,0.0,SIN_MATCH,0.0,0.0,0.0,0.0,0.0,0.0,0.0,0.0,0,NO_APLICA
ft_sal_001053,SIN_MATCH,0.0,SIN_CANDIDATO_DE_CONTACTO,0.0,SIN_CANDIDATO_DE_CONTACTO,0,SIN_MATCH,SIN_MATCH,False,SIN_MATCH,0.0,SIN_MATCH,0.0,0.0,0.0,0.0,0.0,0.0,0.0,0.0,0,NO_APLICA
ft_sal_001057,SIN_MATCH,0.0,SIN_CANDIDATO_DE_CONTACTO,0.0,SIN_CANDIDATO_DE_CONTACTO,0,SIN_MATCH,SIN_MATCH,False,SIN_MATCH,0.0,SIN_MATCH,0.0,0.0,0.0,0.0,0.0,0.0,0.0,0.0,0,NO_APLICA
ft_sal_001058,SIN_MATCH,0.0,SIN_CANDIDATO_DE_CONTACTO,0.0,SIN_CANDIDATO_DE_CONTACTO,0,SIN_MATCH,SIN_MATCH,False,SIN_MATCH,0.0,SIN_MATCH,0.0,0.0,0.0,0.0,0.0,0.0,0.0,0.0,0,NO_APLICA
ft_sal_001059,SIN_MATCH,0.0,SIN_CANDIDATO_DE_CONTACTO,0.0,SIN_CANDIDATO_DE_CONTACTO,0,SIN_MATCH,SIN_MATCH,False,SIN_MATCH,0.0,SIN_MATCH,0.0,0.0,0.0,0.0,0.0,0.0,0.0,0.0,0,NO_APLICA
ft_sal_001063,SIN_MATCH,0.0,SIN_CANDIDATO_DE_CONTACTO,0.0,SIN_CANDIDATO_DE_CONTACTO,0,SIN_MATCH,SIN_MATCH,False,SIN_MATCH,0.0,SIN_MATCH,0.0,0.0,0.0,0.0,0.0,0.0,0.0,0.0,0,NO_APLICA
ft_sal_001065,SIN_MATCH,0.0,SIN_CANDIDATO_DE_CONTACTO,0.0,SIN_CANDIDATO_DE_CONTACTO,0,SIN_MATCH,SIN_MATCH,False,SIN_MATCH,0.0,SIN_MATCH,0.0,0.0,0.0,0.0,0.0,0.0,0.0,0.0,0,NO_APLICA
ft_sal_001066,SIN_MATCH,0.0,SIN_CANDIDATO_DE_CONTACTO,0.0,SIN_CANDIDATO_DE_CONTACTO,0,SIN_MATCH,SIN_MATCH,False,SIN_MATCH,0.0,SIN_MATCH,0.0,0.0,0.0,0.0,0.0,0.0,0.0,0.0,0,NO_APLICA
ft_sal_001068,SIN_MATCH,0.0,SIN_CANDIDATO_DE_CONTACTO,0.0,SIN_CANDIDATO_DE_CONTACTO,0,SIN_MATCH,SIN_MATCH,False,SIN_MATCH,0.0,SIN_MATCH,0.0,0.0,0.0,0.0,0.0,0.0,0.0,0.0,0,NO_APLICA
ft_sal_001073,SIN_MATCH,0.0,SIN_CANDIDATO_DE_CONTACTO,0.0,SIN_CANDIDATO_DE_CONTACTO,0,SIN_MATCH,SIN_MATCH,False,SIN_MATCH,0.0,SIN_MATCH,0.0,0.0,0.0,0.0,0.0,0.0,0.0,0.0,0,NO_APLICA
ft_sal_001076,SIN_MATCH,0.0,SIN_CANDIDATO_DE_CONTACTO,0.0,SIN_CANDIDATO_DE_CONTACTO,0,SIN_MATCH,SIN_MATCH,False,SIN_MATCH,0.0,SIN_MATCH,0.0,0.0,0.0,0.0,0.0,0.0,0.0,0.0,0,NO_APLICA
ft_sal_001079,SIN_MATCH,0.0,SIN_CANDIDATO_DE_CONTACTO,0.0,SIN_CANDIDATO_DE_CONTACTO,0,SIN_MATCH,SIN_MATCH,False,SIN_MATCH,0.0,SIN_MATCH,0.0,0.0,0.0,0.0,0.0,0.0,0.0,0.0,0,NO_APLICA
ft_sal_001080,SIN_MATCH,0.0,SIN_CANDIDATO_DE_CONTACTO,0.0,SIN_CANDIDATO_DE_CONTACTO,0,SIN_MATCH,SIN_MATCH,False,SIN_MATCH,0.0,SIN_MATCH,0.0,0.0,0.0,0.0,0.0,0.0,0.0,0.0,0,NO_APLICA
ft_sal_001081,SIN_MATCH,0.0,EVIDENCIA_INSUFICIENTE,0.0,EVIDENCIA_INSUFICIENTE,2,bm_usr_002949,bm_usr_005551,True,bm_usr_005551,0.58,bm_usr_002949,0.58,1.0,0.0,0.1538,0.0,0.0,1.0,0.4138,0,NO_APLICA
ft_sal_001085,SIN_MATCH,0.0,SIN_CANDIDATO_DE_CONTACTO,0.0,SIN_CANDIDATO_DE_CONTACTO,0,SIN_MATCH,SIN_MATCH,False,SIN_MATCH,0.0,SIN_MATCH,0.0,0.0,0.0,0.0,0.0,0.0,0.0,0.0,0,NO_APLICA
ft_sal_001090,SIN_MATCH,0.0,SIN_CANDIDATO_DE_CONTACTO,0.0,SIN_CANDIDATO_DE_CONTACTO,0,SIN_MATCH,SIN_MATCH,False,SIN_MATCH,0.0,SIN_MATCH,0.0,0.0,0.0,0.0,0.0,0.0,0.0,0.0,0,NO_APLICA
ft_sal_001091,SIN_MATCH,0.0,SIN_CANDIDATO_DE_CONTACTO,0.0,SIN_CANDIDATO_DE_CONTACTO,0,SIN_MATCH,SIN_MATCH,False,SIN_MATCH,0.0,SIN_MATCH,0.0,0.0,0.0,0.0,0.0,0.0,0.0,0.0,0,NO_APLICA
ft_sal_001094,SIN_MATCH,0.0,SIN_CANDIDATO_DE_CONTACTO,0.0,SIN_CANDIDATO_DE_CONTACTO,0,SIN_MATCH,SIN_MATCH,False,SIN_MATCH,0.0,SIN_MATCH,0.0,0.0,0.0,0.0,0.0,0.0,0.0,0.0,0,NO_APLICA
ft_sal_001097,SIN_MATCH,0.0,SIN_CANDIDATO_DE_CONTACTO,0.0,SIN_CANDIDATO_DE_CONTACTO,0,SIN_MATCH,SIN_MATCH,False,SIN_MATCH,0.0,SIN_MATCH,0.0,0.0,0.0,0.0,0.0,0.0,0.0,0.0,0,NO_APLICA
ft_sal_001100,SIN_MATCH,0.0,SIN_CANDIDATO_DE_CONTACTO,0.0,SIN_CANDIDATO_DE_CONTACTO,0,SIN_MATCH,SIN_MATCH,False,SIN_MATCH,0.0,SIN_MATCH,0.0,0.0,0.0,0.0,0.0,0.0,0.0,0.0,0,NO_APLICA
ft_sal_001103,SIN_MATCH,0.0,SIN_CANDIDATO_DE_CONTACTO,0.0,SIN_CANDIDATO_DE_CONTACTO,0,SIN_MATCH,SIN_MATCH,False,SIN_MATCH,0.0,SIN_MATCH,0.0,0.0,0.0,0.0,0.0,0.0,0.0,0.0,0,NO_APLICA
ft_sal_001104,SIN_MATCH,0.0,SIN_CANDIDATO_DE_CONTACTO,0.0,SIN_CANDIDATO_DE_CONTACTO,0,SIN_MATCH,SIN_MATCH,False,SIN_MATCH,0.0,SIN_MATCH,0.0,0.0,0.0,0.0,0.0,0.0,0.0,0.0,0,NO_APLICA
ft_sal_001106,SIN_MATCH,0.0,SIN_CANDIDATO_DE_CONTACTO,0.0,SIN_CANDIDATO_DE_CONTACTO,0,SIN_MATCH,SIN_MATCH,False,SIN_MATCH,0.0,SIN_MATCH,0.0,0.0,0.0,0.0,0.0,0.0,0.0,0.0,0,NO_APLICA
ft_sal_001107,SIN_MATCH,0.0,SIN_CANDIDATO_DE_CONTACTO,0.0,SIN_CANDIDATO_DE_CONTACTO,0,SIN_MATCH,SIN_MATCH,False,SIN_MATCH,0.0,SIN_MATCH,0.0,0.0,0.0,0.0,0.0,0.0,0.0,0.0,0,NO_APLICA
ft_sal_001116,SIN_MATCH,0.0,SIN_CANDIDATO_DE_CONTACTO,0.0,SIN_CANDIDATO_DE_CONTACTO,0,SIN_MATCH,SIN_MATCH,False,SIN_MATCH,0.0,SIN_MATCH,0.0,0.0,0.0,0.0,0.0,0.0,0.0,0.0,0,NO_APLICA
ft_sal_001117,SIN_MATCH,0.0,SIN_CANDIDATO_DE_CONTACTO,0.0,SIN_CANDIDATO_DE_CONTACTO,0,SIN_MATCH,SIN_MATCH,False,SIN_MATCH,0.0,SIN_MATCH,0.0,0.0,0.0,0.0,0.0,0.0,0.0,0.0,0,NO_APLICA
ft_sal_001118,SIN_MATCH,0.0,SIN_CANDIDATO_DE_CONTACTO,0.0,SIN_CANDIDATO_DE_CONTACTO,0,SIN_MATCH,SIN_MATCH,False,SIN_MATCH,0.0,SIN_MATCH,0.0,0.0,0.0,0.0,0.0,0.0,0.0,0.0,0,NO_APLICA
ft_sal_001119,SIN_MATCH,0.0,SIN_CANDIDATO_DE_CONTACTO,0.0,SIN_CANDIDATO_DE_CONTACTO,0,SIN_MATCH,SIN_MATCH,False,SIN_MATCH,0.0,SIN_MATCH,0.0,0.0,0.0,0.0,0.0,0.0,0.0,0.0,0,NO_APLICA
ft_sal_001124,SIN_MATCH,0.0,SIN_CANDIDATO_DE_CONTACTO,0.0,SIN_CANDIDATO_DE_CONTACTO,0,SIN_MATCH,SIN_MATCH,False,SIN_MATCH,0.0,SIN_MATCH,0.0,0.0,0.0,0.0,0.0,0.0,0.0,0.0,0,NO_APLICA
ft_sal_001128,SIN_MATCH,0.0,SIN_CANDIDATO_DE_CONTACTO,0.0,SIN_CANDIDATO_DE_CONTACTO,0,SIN_MATCH,SIN_MATCH,False,SIN_MATCH,0.0,SIN_MATCH,0.0,0.0,0.0,0.0,0.0,0.0,0.0,0.0,0,NO_APLICA
ft_sal_001133,SIN_MATCH,0.0,SIN_CANDIDATO_DE_CONTACTO,0.0,SIN_CANDIDATO_DE_CONTACTO,0,SIN_MATCH,SIN_MATCH,False,SIN_MATCH,0.0,SIN_MATCH,0.0,0.0,0.0,0.0,0.0,0.0,0.0,0.0,0,NO_APLICA
ft_sal_001135,SIN_MATCH,0.0,SIN_CANDIDATO_DE_CONTACTO,0.0,SIN_CANDIDATO_DE_CONTACTO,0,SIN_MATCH,SIN_MATCH,False,SIN_MATCH,0.0,SIN_MATCH,0.0,0.0,0.0,0.0,0.0,0.0,0.0,0.0,0,NO_APLICA
ft_sal_001140,SIN_MATCH,0.0,SIN_CANDIDATO_DE_CONTACTO,0.0,SIN_CANDIDATO_DE_CONTACTO,0,SIN_MATCH,SIN_MATCH,False,SIN_MATCH,0.0,SIN_MATCH,0.0,0.0,0.0,0.0,0.0,0.0,0.0,0.0,0,NO_APLICA
ft_sal_001141,SIN_MATCH,0.0,SIN_CANDIDATO_DE_CONTACTO,0.0,SIN_CANDIDATO_DE_CONTACTO,0,SIN_MATCH,SIN_MATCH,False,SIN_MATCH,0.0,SIN_MATCH,0.0,0.0,0.0,0.0,0.0,0.0,0.0,0.0,0,NO_APLICA
ft_sal_001144,SIN_MATCH,0.0,SIN_CANDIDATO_DE_CONTACTO,0.0,SIN_CANDIDATO_DE_CONTACTO,0,SIN_MATCH,SIN_MATCH,False,SIN_MATCH,0.0,SIN_MATCH,0.0,0.0,0.0,0.0,0.0,0.0,0.0,0.0,0,NO_APLICA
ft_sal_001145,SIN_MATCH,0.0,SIN_CANDIDATO_DE_CONTACTO,0.0,SIN_CANDIDATO_DE_CONTACTO,0,SIN_MATCH,SIN_MATCH,False,SIN_MATCH,0.0,SIN_MATCH,0.0,0.0,0.0,0.0,0.0,0.0,0.0,0.0,0,NO_APLICA
ft_sal_001147,SIN_MATCH,0.0,SIN_CANDIDATO_DE_CONTACTO,0.0,SIN_CANDIDATO_DE_CONTACTO,0,SIN_MATCH,SIN_MATCH,False,SIN_MATCH,0.0,SIN_MATCH,0.0,0.0,0.0,0.0,0.0,0.0,0.0,0.0,0,NO_APLICA
ft_sal_001153,SIN_MATCH,0.0,SIN_CANDIDATO_DE_CONTACTO,0.0,SIN_CANDIDATO_DE_CONTACTO,0,SIN_MATCH,SIN_MATCH,False,SIN_MATCH,0.0,SIN_MATCH,0.0,0.0,0.0,0.0,0.0,0.0,0.0,0.0,0,NO_APLICA
ft_sal_001154,SIN_MATCH,0.0,SIN_CANDIDATO_DE_CONTACTO,0.0,SIN_CANDIDATO_DE_CONTACTO,0,SIN_MATCH,SIN_MATCH,False,SIN_MATCH,0.0,SIN_MATCH,0.0,0.0,0.0,0.0,0.0,0.0,0.0,0.0,0,NO_APLICA
ft_sal_001158,SIN_MATCH,0.0,SIN_CANDIDATO_DE_CONTACTO,0.0,SIN_CANDIDATO_DE_CONTACTO,0,SIN_MATCH,SIN_MATCH,False,SIN_MATCH,0.0,SIN_MATCH,0.0,0.0,0.0,0.0,0.0,0.0,0.0,0.0,0,NO_APLICA
ft_sal_001160,SIN_MATCH,0.0,SIN_CANDIDATO_DE_CONTACTO,0.0,SIN_CANDIDATO_DE_CONTACTO,0,SIN_MATCH,SIN_MATCH,False,SIN_MATCH,0.0,SIN_MATCH,0.0,0.0,0.0,0.0,0.0,0.0,0.0,0.0,0,NO_APLICA
ft_sal_001161,SIN_MATCH,0.0,SIN_CANDIDATO_DE_CONTACTO,0.0,SIN_CANDIDATO_DE_CONTACTO,0,SIN_MATCH,SIN_MATCH,False,SIN_MATCH,0.0,SIN_MATCH,0.0,0.0,0.0,0.0,0.0,0.0,0.0,0.0,0,NO_APLICA
ft_sal_001162,SIN_MATCH,0.0,SIN_CANDIDATO_DE_CONTACTO,0.0,SIN_CANDIDATO_DE_CONTACTO,0,SIN_MATCH,SIN_MATCH,False,SIN_MATCH,0.0,SIN_MATCH,0.0,0.0,0.0,0.0,0.0,0.0,0.0,0.0,0,NO_APLICA
ft_sal_001169,SIN_MATCH,0.0,SIN_CANDIDATO_DE_CONTACTO,0.0,SIN_CANDIDATO_DE_CONTACTO,0,SIN_MATCH,SIN_MATCH,False,SIN_MATCH,0.0,SIN_MATCH,0.0,0.0,0.0,0.0,0.0,0.0,0.0,0.0,0,NO_APLICA
ft_sal_001176,SIN_MATCH,0.0,SIN_CANDIDATO_DE_CONTACTO,0.0,SIN_CANDIDATO_DE_CONTACTO,0,SIN_MATCH,SIN_MATCH,False,SIN_MATCH,0.0,SIN_MATCH,0.0,0.0,0.0,0.0,0.0,0.0,0.0,0.0,0,NO_APLICA
ft_sal_001178,SIN_MATCH,0.0,SIN_CANDIDATO_DE_CONTACTO,0.0,SIN_CANDIDATO_DE_CONTACTO,0,SIN_MATCH,SIN_MATCH,False,SIN_MATCH,0.0,SIN_MATCH,0.0,0.0,0.0,0.0,0.0,0.0,0.0,0.0,0,NO_APLICA
ft_sal_001183,SIN_MATCH,0.0,SIN_CANDIDATO_DE_CONTACTO,0.0,SIN_CANDIDATO_DE_CONTACTO,0,SIN_MATCH,SIN_MATCH,False,SIN_MATCH,0.0,SIN_MATCH,0.0,0.0,0.0,0.0,0.0,0.0,0.0,0.0,0,NO_APLICA
ft_sal_001185,SIN_MATCH,0.0,SIN_CANDIDATO_DE_CONTACTO,0.0,SIN_CANDIDATO_DE_CONTACTO,0,SIN_MATCH,SIN_MATCH,False,SIN_MATCH,0.0,SIN_MATCH,0.0,0.0,0.0,0.0,0.0,0.0,0.0,0.0,0,NO_APLICA
ft_sal_001186,SIN_MATCH,0.0,SIN_CANDIDATO_DE_CONTACTO,0.0,SIN_CANDIDATO_DE_CONTACTO,0,SIN_MATCH,SIN_MATCH,False,SIN_MATCH,0.0,SIN_MATCH,0.0,0.0,0.0,0.0,0.0,0.0,0.0,0.0,0,NO_APLICA
ft_sal_001193,SIN_MATCH,0.0,SIN_CANDIDATO_DE_CONTACTO,0.0,SIN_CANDIDATO_DE_CONTACTO,0,SIN_MATCH,SIN_MATCH,False,SIN_MATCH,0.0,SIN_MATCH,0.0,0.0,0.0,0.0,0.0,0.0,0.0,0.0,0,NO_APLICA
ft_sal_001195,SIN_MATCH,0.0,SIN_CANDIDATO_DE_CONTACTO,0.0,SIN_CANDIDATO_DE_CONTACTO,0,SIN_MATCH,SIN_MATCH,False,SIN_MATCH,0.0,SIN_MATCH,0.0,0.0,0.0,0.0,0.0,0.0,0.0,0.0,0,NO_APLICA
ft_sal_001201,SIN_MATCH,0.0,SIN_CANDIDATO_DE_CONTACTO,0.0,SIN_CANDIDATO_DE_CONTACTO,0,SIN_MATCH,SIN_MATCH,False,SIN_MATCH,0.0,SIN_MATCH,0.0,0.0,0.0,0.0,0.0,0.0,0.0,0.0,0,NO_APLICA
ft_sal_001202,SIN_MATCH,0.0,SIN_CANDIDATO_DE_CONTACTO,0.0,SIN_CANDIDATO_DE_CONTACTO,0,SIN_MATCH,SIN_MATCH,False,SIN_MATCH,0.0,SIN_MATCH,0.0,0.0,0.0,0.0,0.0,0.0,0.0,0.0,0,NO_APLICA
ft_sal_001207,SIN_MATCH,0.0,SIN_CANDIDATO_DE_CONTACTO,0.0,SIN_CANDIDATO_DE_CONTACTO,0,SIN_MATCH,SIN_MATCH,False,SIN_MATCH,0.0,SIN_MATCH,0.0,0.0,0.0,0.0,0.0,0.0,0.0,0.0,0,NO_APLICA
ft_sal_001226,SIN_MATCH,0.0,SIN_CANDIDATO_DE_CONTACTO,0.0,SIN_CANDIDATO_DE_CONTACTO,0,SIN_MATCH,SIN_MATCH,False,SIN_MATCH,0.0,SIN_MATCH,0.0,0.0,0.0,0.0,0.0,0.0,0.0,0.0,0,NO_APLICA
ft_sal_001233,SIN_MATCH,0.0,SIN_CANDIDATO_DE_CONTACTO,0.0,SIN_CANDIDATO_DE_CONTACTO,0,SIN_MATCH,SIN_MATCH,False,SIN_MATCH,0.0,SIN_MATCH,0.0,0.0,0.0,0.0,0.0,0.0,0.0,0.0,0,NO_APLICA
ft_sal_001234,SIN_MATCH,0.0,SIN_CANDIDATO_DE_CONTACTO,0.0,SIN_CANDIDATO_DE_CONTACTO,0,SIN_MATCH,SIN_MATCH,False,SIN_MATCH,0.0,SIN_MATCH,0.0,0.0,0.0,0.0,0.0,0.0,0.0,0.0,0,NO_APLICA
ft_sal_001235,SIN_MATCH,0.0,SIN_CANDIDATO_DE_CONTACTO,0.0,SIN_CANDIDATO_DE_CONTACTO,0,SIN_MATCH,SIN_MATCH,False,SIN_MATCH,0.0,SIN_MATCH,0.0,0.0,0.0,0.0,0.0,0.0,0.0,0.0,0,NO_APLICA
ft_sal_001238,SIN_MATCH,0.0,SIN_CANDIDATO_DE_CONTACTO,0.0,SIN_CANDIDATO_DE_CONTACTO,0,SIN_MATCH,SIN_MATCH,False,SIN_MATCH,0.0,SIN_MATCH,0.0,0.0,0.0,0.0,0.0,0.0,0.0,0.0,0,NO_APLICA
ft_sal_001239,SIN_MATCH,0.0,SIN_CANDIDATO_DE_CONTACTO,0.0,SIN_CANDIDATO_DE_CONTACTO,0,SIN_MATCH,SIN_MATCH,False,SIN_MATCH,0.0,SIN_MATCH,0.0,0.0,0.0,0.0,0.0,0.0,0.0,0.0,0,NO_APLICA
ft_sal_001241,SIN_MATCH,0.0,SIN_CANDIDATO_DE_CONTACTO,0.0,SIN_CANDIDATO_DE_CONTACTO,0,SIN_MATCH,SIN_MATCH,False,SIN_MATCH,0.0,SIN_MATCH,0.0,0.0,0.0,0.0,0.0,0.0,0.0,0.0,0,NO_APLICA
ft_sal_001242,SIN_MATCH,0.0,SIN_CANDIDATO_DE_CONTACTO,0.0,SIN_CANDIDATO_DE_CONTACTO,0,SIN_MATCH,SIN_MATCH,False,SIN_MATCH,0.0,SIN_MATCH,0.0,0.0,0.0,0.0,0.0,0.0,0.0,0.0,0,NO_APLICA
ft_sal_001243,SIN_MATCH,0.0,SIN_CANDIDATO_DE_CONTACTO,0.0,SIN_CANDIDATO_DE_CONTACTO,0,SIN_MATCH,SIN_MATCH,False,SIN_MATCH,0.0,SIN_MATCH,0.0,0.0,0.0,0.0,0.0,0.0,0.0,0.0,0,NO_APLICA
ft_sal_001244,SIN_MATCH,0.0,SIN_CANDIDATO_DE_CONTACTO,0.0,SIN_CANDIDATO_DE_CONTACTO,0,SIN_MATCH,SIN_MATCH,False,SIN_MATCH,0.0,SIN_MATCH,0.0,0.0,0.0,0.0,0.0,0.0,0.0,0.0,0,NO_APLICA
ft_sal_001245,SIN_MATCH,0.0,SIN_CANDIDATO_DE_CONTACTO,0.0,SIN_CANDIDATO_DE_CONTACTO,0,SIN_MATCH,SIN_MATCH,False,SIN_MATCH,0.0,SIN_MATCH,0.0,0.0,0.0,0.0,0.0,0.0,0.0,0.0,0,NO_APLICA
ft_sal_001246,SIN_MATCH,0.0,SIN_CANDIDATO_DE_CONTACTO,0.0,SIN_CANDIDATO_DE_CONTACTO,0,SIN_MATCH,SIN_MATCH,False,SIN_MATCH,0.0,SIN_MATCH,0.0,0.0,0.0,0.0,0.0,0.0,0.0,0.0,0,NO_APLICA
ft_sal_001251,SIN_MATCH,0.0,SIN_CANDIDATO_DE_CONTACTO,0.0,SIN_CANDIDATO_DE_CONTACTO,0,SIN_MATCH,SIN_MATCH,False,SIN_MATCH,0.0,SIN_MATCH,0.0,0.0,0.0,0.0,0.0,0.0,0.0,0.0,0,NO_APLICA
ft_sal_001254,SIN_MATCH,0.0,SIN_CANDIDATO_DE_CONTACTO,0.0,SIN_CANDIDATO_DE_CONTACTO,0,SIN_MATCH,SIN_MATCH,False,SIN_MATCH,0.0,SIN_MATCH,0.0,0.0,0.0,0.0,0.0,0.0,0.0,0.0,0,NO_APLICA
ft_sal_001255,SIN_MATCH,0.0,SIN_CANDIDATO_DE_CONTACTO,0.0,SIN_CANDIDATO_DE_CONTACTO,0,SIN_MATCH,SIN_MATCH,False,SIN_MATCH,0.0,SIN_MATCH,0.0,0.0,0.0,0.0,0.0,0.0,0.0,0.0,0,NO_APLICA
ft_sal_001256,SIN_MATCH,0.0,SIN_CANDIDATO_DE_CONTACTO,0.0,SIN_CANDIDATO_DE_CONTACTO,0,SIN_MATCH,SIN_MATCH,False,SIN_MATCH,0.0,SIN_MATCH,0.0,0.0,0.0,0.0,0.0,0.0,0.0,0.0,0,NO_APLICA
ft_sal_001262,SIN_MATCH,0.0,SIN_CANDIDATO_DE_CONTACTO,0.0,SIN_CANDIDATO_DE_CONTACTO,0,SIN_MATCH,SIN_MATCH,False,SIN_MATCH,0.0,SIN_MATCH,0.0,0.0,0.0,0.0,0.0,0.0,0.0,0.0,0,NO_APLICA
ft_sal_001264,SIN_MATCH,0.0,SIN_CANDIDATO_DE_CONTACTO,0.0,SIN_CANDIDATO_DE_CONTACTO,0,SIN_MATCH,SIN_MATCH,False,SIN_MATCH,0.0,SIN_MATCH,0.0,0.0,0.0,0.0,0.0,0.0,0.0,0.0,0,NO_APLICA
ft_sal_001265,SIN_MATCH,0.0,SIN_CANDIDATO_DE_CONTACTO,0.0,SIN_CANDIDATO_DE_CONTACTO,0,SIN_MATCH,SIN_MATCH,False,SIN_MATCH,0.0,SIN_MATCH,0.0,0.0,0.0,0.0,0.0,0.0,0.0,0.0,0,NO_APLICA
ft_sal_001268,SIN_MATCH,0.0,SIN_CANDIDATO_DE_CONTACTO,0.0,SIN_CANDIDATO_DE_CONTACTO,0,SIN_MATCH,SIN_MATCH,False,SIN_MATCH,0.0,SIN_MATCH,0.0,0.0,0.0,0.0,0.0,0.0,0.0,0.0,0,NO_APLICA
ft_sal_001281,SIN_MATCH,0.0,SIN_CANDIDATO_DE_CONTACTO,0.0,SIN_CANDIDATO_DE_CONTACTO,0,SIN_MATCH,SIN_MATCH,False,SIN_MATCH,0.0,SIN_MATCH,0.0,0.0,0.0,0.0,0.0,0.0,0.0,0.0,0,NO_APLICA
ft_sal_001283,SIN_MATCH,0.0,SIN_CANDIDATO_DE_CONTACTO,0.0,SIN_CANDIDATO_DE_CONTACTO,0,SIN_MATCH,SIN_MATCH,False,SIN_MATCH,0.0,SIN_MATCH,0.0,0.0,0.0,0.0,0.0,0.0,0.0,0.0,0,NO_APLICA
ft_sal_001288,SIN_MATCH,0.0,SIN_CANDIDATO_DE_CONTACTO,0.0,SIN_CANDIDATO_DE_CONTACTO,0,SIN_MATCH,SIN_MATCH,False,SIN_MATCH,0.0,SIN_MATCH,0.0,0.0,0.0,0.0,0.0,0.0,0.0,0.0,0,NO_APLICA
ft_sal_001289,SIN_MATCH,0.0,SIN_CANDIDATO_DE_CONTACTO,0.0,SIN_CANDIDATO_DE_CONTACTO,0,SIN_MATCH,SIN_MATCH,False,SIN_MATCH,0.0,SIN_MATCH,0.0,0.0,0.0,0.0,0.0,0.0,0.0,0.0,0,NO_APLICA
ft_sal_001291,SIN_MATCH,0.0,SIN_CANDIDATO_DE_CONTACTO,0.0,SIN_CANDIDATO_DE_CONTACTO,0,SIN_MATCH,SIN_MATCH,False,SIN_MATCH,0.0,SIN_MATCH,0.0,0.0,0.0,0.0,0.0,0.0,0.0,0.0,0,NO_APLICA
ft_sal_001293,SIN_MATCH,0.0,SIN_CANDIDATO_DE_CONTACTO,0.0,SIN_CANDIDATO_DE_CONTACTO,0,SIN_MATCH,SIN_MATCH,False,SIN_MATCH,0.0,SIN_MATCH,0.0,0.0,0.0,0.0,0.0,0.0,0.0,0.0,0,NO_APLICA
ft_sal_001294,SIN_MATCH,0.0,SIN_CANDIDATO_DE_CONTACTO,0.0,SIN_CANDIDATO_DE_CONTACTO,0,SIN_MATCH,SIN_MATCH,False,SIN_MATCH,0.0,SIN_MATCH,0.0,0.0,0.0,0.0,0.0,0.0,0.0,0.0,0,NO_APLICA
ft_sal_001296,SIN_MATCH,0.0,SIN_CANDIDATO_DE_CONTACTO,0.0,SIN_CANDIDATO_DE_CONTACTO,0,SIN_MATCH,SIN_MATCH,False,SIN_MATCH,0.0,SIN_MATCH,0.0,0.0,0.0,0.0,0.0,0.0,0.0,0.0,0,NO_APLICA
ft_sal_001297,SIN_MATCH,0.0,SIN_CANDIDATO_DE_CONTACTO,0.0,SIN_CANDIDATO_DE_CONTACTO,0,SIN_MATCH,SIN_MATCH,False,SIN_MATCH,0.0,SIN_MATCH,0.0,0.0,0.0,0.0,0.0,0.0,0.0,0.0,0,NO_APLICA
ft_sal_001301,SIN_MATCH,0.0,SIN_CANDIDATO_DE_CONTACTO,0.0,SIN_CANDIDATO_DE_CONTACTO,0,SIN_MATCH,SIN_MATCH,False,SIN_MATCH,0.0,SIN_MATCH,0.0,0.0,0.0,0.0,0.0,0.0,0.0,0.0,0,NO_APLICA
ft_sal_001302,SIN_MATCH,0.0,SIN_CANDIDATO_DE_CONTACTO,0.0,SIN_CANDIDATO_DE_CONTACTO,0,SIN_MATCH,SIN_MATCH,False,SIN_MATCH,0.0,SIN_MATCH,0.0,0.0,0.0,0.0,0.0,0.0,0.0,0.0,0,NO_APLICA
ft_sal_001303,SIN_MATCH,0.0,SIN_CANDIDATO_DE_CONTACTO,0.0,SIN_CANDIDATO_DE_CONTACTO,0,SIN_MATCH,SIN_MATCH,False,SIN_MATCH,0.0,SIN_MATCH,0.0,0.0,0.0,0.0,0.0,0.0,0.0,0.0,0,NO_APLICA
ft_sal_001304,SIN_MATCH,0.0,SIN_CANDIDATO_DE_CONTACTO,0.0,SIN_CANDIDATO_DE_CONTACTO,0,SIN_MATCH,SIN_MATCH,False,SIN_MATCH,0.0,SIN_MATCH,0.0,0.0,0.0,0.0,0.0,0.0,0.0,0.0,0,NO_APLICA
ft_sal_001308,SIN_MATCH,0.0,SIN_CANDIDATO_DE_CONTACTO,0.0,SIN_CANDIDATO_DE_CONTACTO,0,SIN_MATCH,SIN_MATCH,False,SIN_MATCH,0.0,SIN_MATCH,0.0,0.0,0.0,0.0,0.0,0.0,0.0,0.0,0,NO_APLICA
ft_sal_001310,SIN_MATCH,0.0,SIN_CANDIDATO_DE_CONTACTO,0.0,SIN_CANDIDATO_DE_CONTACTO,0,SIN_MATCH,SIN_MATCH,False,SIN_MATCH,0.0,SIN_MATCH,0.0,0.0,0.0,0.0,0.0,0.0,0.0,0.0,0,NO_APLICA
ft_sal_001311,SIN_MATCH,0.0,SIN_CANDIDATO_DE_CONTACTO,0.0,SIN_CANDIDATO_DE_CONTACTO,0,SIN_MATCH,SIN_MATCH,False,SIN_MATCH,0.0,SIN_MATCH,0.0,0.0,0.0,0.0,0.0,0.0,0.0,0.0,0,NO_APLICA
ft_sal_001313,SIN_MATCH,0.0,SIN_CANDIDATO_DE_CONTACTO,0.0,SIN_CANDIDATO_DE_CONTACTO,0,SIN_MATCH,SIN_MATCH,False,SIN_MATCH,0.0,SIN_MATCH,0.0,0.0,0.0,0.0,0.0,0.0,0.0,0.0,0,NO_APLICA
ft_sal_001315,SIN_MATCH,0.0,SIN_CANDIDATO_DE_CONTACTO,0.0,SIN_CANDIDATO_DE_CONTACTO,0,SIN_MATCH,SIN_MATCH,False,SIN_MATCH,0.0,SIN_MATCH,0.0,0.0,0.0,0.0,0.0,0.0,0.0,0.0,0,NO_APLICA
ft_sal_001316,SIN_MATCH,0.0,SIN_CANDIDATO_DE_CONTACTO,0.0,SIN_CANDIDATO_DE_CONTACTO,0,SIN_MATCH,SIN_MATCH,False,SIN_MATCH,0.0,SIN_MATCH,0.0,0.0,0.0,0.0,0.0,0.0,0.0,0.0,0,NO_APLICA
ft_sal_001318,SIN_MATCH,0.0,SIN_CANDIDATO_DE_CONTACTO,0.0,SIN_CANDIDATO_DE_CONTACTO,0,SIN_MATCH,SIN_MATCH,False,SIN_MATCH,0.0,SIN_MATCH,0.0,0.0,0.0,0.0,0.0,0.0,0.0,0.0,0,NO_APLICA
ft_sal_001319,SIN_MATCH,0.0,SIN_CANDIDATO_DE_CONTACTO,0.0,SIN_CANDIDATO_DE_CONTACTO,0,SIN_MATCH,SIN_MATCH,False,SIN_MATCH,0.0,SIN_MATCH,0.0,0.0,0.0,0.0,0.0,0.0,0.0,0.0,0,NO_APLICA
ft_sal_001320,SIN_MATCH,0.0,SIN_CANDIDATO_DE_CONTACTO,0.0,SIN_CANDIDATO_DE_CONTACTO,0,SIN_MATCH,SIN_MATCH,False,SIN_MATCH,0.0,SIN_MATCH,0.0,0.0,0.0,0.0,0.0,0.0,0.0,0.0,0,NO_APLICA
ft_sal_001322,SIN_MATCH,0.0,SIN_CANDIDATO_DE_CONTACTO,0.0,SIN_CANDIDATO_DE_CONTACTO,0,SIN_MATCH,SIN_MATCH,False,SIN_MATCH,0.0,SIN_MATCH,0.0,0.0,0.0,0.0,0.0,0.0,0.0,0.0,0,NO_APLICA
ft_sal_001323,SIN_MATCH,0.0,SIN_CANDIDATO_DE_CONTACTO,0.0,SIN_CANDIDATO_DE_CONTACTO,0,SIN_MATCH,SIN_MATCH,False,SIN_MATCH,0.0,SIN_MATCH,0.0,0.0,0.0,0.0,0.0,0.0,0.0,0.0,0,NO_APLICA
ft_sal_001326,SIN_MATCH,0.0,SIN_CANDIDATO_DE_CONTACTO,0.0,SIN_CANDIDATO_DE_CONTACTO,0,SIN_MATCH,SIN_MATCH,False,SIN_MATCH,0.0,SIN_MATCH,0.0,0.0,0.0,0.0,0.0,0.0,0.0,0.0,0,NO_APLICA
ft_sal_001327,SIN_MATCH,0.0,SIN_CANDIDATO_DE_CONTACTO,0.0,SIN_CANDIDATO_DE_CONTACTO,0,SIN_MATCH,SIN_MATCH,False,SIN_MATCH,0.0,SIN_MATCH,0.0,0.0,0.0,0.0,0.0,0.0,0.0,0.0,0,NO_APLICA
ft_sal_001328,SIN_MATCH,0.0,SIN_CANDIDATO_DE_CONTACTO,0.0,SIN_CANDIDATO_DE_CONTACTO,0,SIN_MATCH,SIN_MATCH,False,SIN_MATCH,0.0,SIN_MATCH,0.0,0.0,0.0,0.0,0.0,0.0,0.0,0.0,0,NO_APLICA
ft_sal_001333,SIN_MATCH,0.0,SIN_CANDIDATO_DE_CONTACTO,0.0,SIN_CANDIDATO_DE_CONTACTO,0,SIN_MATCH,SIN_MATCH,False,SIN_MATCH,0.0,SIN_MATCH,0.0,0.0,0.0,0.0,0.0,0.0,0.0,0.0,0,NO_APLICA
ft_sal_001337,SIN_MATCH,0.0,EVIDENCIA_INSUFICIENTE,0.0,EVIDENCIA_INSUFICIENTE,2,bm_usr_004959,bm_usr_005085,True,bm_usr_004959,0.58,bm_usr_005085,0.58,0.0,1.0,0.1176,0.0,1.0,0.0,0.2727,0,NO_APLICA
ft_sal_001338,SIN_MATCH,0.0,SIN_CANDIDATO_DE_CONTACTO,0.0,SIN_CANDIDATO_DE_CONTACTO,0,SIN_MATCH,SIN_MATCH,False,SIN_MATCH,0.0,SIN_MATCH,0.0,0.0,0.0,0.0,0.0,0.0,0.0,0.0,0,NO_APLICA
ft_sal_001339,SIN_MATCH,0.0,SIN_CANDIDATO_DE_CONTACTO,0.0,SIN_CANDIDATO_DE_CONTACTO,0,SIN_MATCH,SIN_MATCH,False,SIN_MATCH,0.0,SIN_MATCH,0.0,0.0,0.0,0.0,0.0,0.0,0.0,0.0,0,NO_APLICA
ft_sal_001341,SIN_MATCH,0.0,SIN_CANDIDATO_DE_CONTACTO,0.0,SIN_CANDIDATO_DE_CONTACTO,0,SIN_MATCH,SIN_MATCH,False,SIN_MATCH,0.0,SIN_MATCH,0.0,0.0,0.0,0.0,0.0,0.0,0.0,0.0,0,NO_APLICA
ft_sal_001342,SIN_MATCH,0.0,SIN_CANDIDATO_DE_CONTACTO,0.0,SIN_CANDIDATO_DE_CONTACTO,0,SIN_MATCH,SIN_MATCH,False,SIN_MATCH,0.0,SIN_MATCH,0.0,0.0,0.0,0.0,0.0,0.0,0.0,0.0,0,NO_APLICA
ft_sal_001344,SIN_MATCH,0.0,SIN_CANDIDATO_DE_CONTACTO,0.0,SIN_CANDIDATO_DE_CONTACTO,0,SIN_MATCH,SIN_MATCH,False,SIN_MATCH,0.0,SIN_MATCH,0.0,0.0,0.0,0.0,0.0,0.0,0.0,0.0,0,NO_APLICA
ft_sal_001348,SIN_MATCH,0.0,SIN_CANDIDATO_DE_CONTACTO,0.0,SIN_CANDIDATO_DE_CONTACTO,0,SIN_MATCH,SIN_MATCH,False,SIN_MATCH,0.0,SIN_MATCH,0.0,0.0,0.0,0.0,0.0,0.0,0.0,0.0,0,NO_APLICA
ft_sal_001351,SIN_MATCH,0.0,SIN_CANDIDATO_DE_CONTACTO,0.0,SIN_CANDIDATO_DE_CONTACTO,0,SIN_MATCH,SIN_MATCH,False,SIN_MATCH,0.0,SIN_MATCH,0.0,0.0,0.0,0.0,0.0,0.0,0.0,0.0,0,NO_APLICA
ft_sal_001352,SIN_MATCH,0.0,SIN_CANDIDATO_DE_CONTACTO,0.0,SIN_CANDIDATO_DE_CONTACTO,0,SIN_MATCH,SIN_MATCH,False,SIN_MATCH,0.0,SIN_MATCH,0.0,0.0,0.0,0.0,0.0,0.0,0.0,0.0,0,NO_APLICA
ft_sal_001357,SIN_MATCH,0.0,SIN_CANDIDATO_DE_CONTACTO,0.0,SIN_CANDIDATO_DE_CONTACTO,0,SIN_MATCH,SIN_MATCH,False,SIN_MATCH,0.0,SIN_MATCH,0.0,0.0,0.0,0.0,0.0,0.0,0.0,0.0,0,NO_APLICA
ft_sal_001359,SIN_MATCH,0.0,SIN_CANDIDATO_DE_CONTACTO,0.0,SIN_CANDIDATO_DE_CONTACTO,0,SIN_MATCH,SIN_MATCH,False,SIN_MATCH,0.0,SIN_MATCH,0.0,0.0,0.0,0.0,0.0,0.0,0.0,0.0,0,NO_APLICA
ft_sal_001361,SIN_MATCH,0.0,SIN_CANDIDATO_DE_CONTACTO,0.0,SIN_CANDIDATO_DE_CONTACTO,0,SIN_MATCH,SIN_MATCH,False,SIN_MATCH,0.0,SIN_MATCH,0.0,0.0,0.0,0.0,0.0,0.0,0.0,0.0,0,NO_APLICA
ft_sal_001364,SIN_MATCH,0.0,SIN_CANDIDATO_DE_CONTACTO,0.0,SIN_CANDIDATO_DE_CONTACTO,0,SIN_MATCH,SIN_MATCH,False,SIN_MATCH,0.0,SIN_MATCH,0.0,0.0,0.0,0.0,0.0,0.0,0.0,0.0,0,NO_APLICA
ft_sal_001366,SIN_MATCH,0.0,SIN_CANDIDATO_DE_CONTACTO,0.0,SIN_CANDIDATO_DE_CONTACTO,0,SIN_MATCH,SIN_MATCH,False,SIN_MATCH,0.0,SIN_MATCH,0.0,0.0,0.0,0.0,0.0,0.0,0.0,0.0,0,NO_APLICA
ft_sal_001374,SIN_MATCH,0.0,SIN_CANDIDATO_DE_CONTACTO,0.0,SIN_CANDIDATO_DE_CONTACTO,0,SIN_MATCH,SIN_MATCH,False,SIN_MATCH,0.0,SIN_MATCH,0.0,0.0,0.0,0.0,0.0,0.0,0.0,0.0,0,NO_APLICA
ft_sal_001379,SIN_MATCH,0.0,SIN_CANDIDATO_DE_CONTACTO,0.0,SIN_CANDIDATO_DE_CONTACTO,0,SIN_MATCH,SIN_MATCH,False,SIN_MATCH,0.0,SIN_MATCH,0.0,0.0,0.0,0.0,0.0,0.0,0.0,0.0,0,NO_APLICA
ft_sal_001383,SIN_MATCH,0.0,SIN_CANDIDATO_DE_CONTACTO,0.0,SIN_CANDIDATO_DE_CONTACTO,0,SIN_MATCH,SIN_MATCH,False,SIN_MATCH,0.0,SIN_MATCH,0.0,0.0,0.0,0.0,0.0,0.0,0.0,0.0,0,NO_APLICA
ft_sal_001387,SIN_MATCH,0.0,SIN_CANDIDATO_DE_CONTACTO,0.0,SIN_CANDIDATO_DE_CONTACTO,0,SIN_MATCH,SIN_MATCH,False,SIN_MATCH,0.0,SIN_MATCH,0.0,0.0,0.0,0.0,0.0,0.0,0.0,0.0,0,NO_APLICA
ft_sal_001395,SIN_MATCH,0.0,SIN_CANDIDATO_DE_CONTACTO,0.0,SIN_CANDIDATO_DE_CONTACTO,0,SIN_MATCH,SIN_MATCH,False,SIN_MATCH,0.0,SIN_MATCH,0.0,0.0,0.0,0.0,0.0,0.0,0.0,0.0,0,NO_APLICA
ft_sal_001402,SIN_MATCH,0.0,SIN_CANDIDATO_DE_CONTACTO,0.0,SIN_CANDIDATO_DE_CONTACTO,0,SIN_MATCH,SIN_MATCH,False,SIN_MATCH,0.0,SIN_MATCH,0.0,0.0,0.0,0.0,0.0,0.0,0.0,0.0,0,NO_APLICA
ft_sal_001403,SIN_MATCH,0.0,SIN_CANDIDATO_DE_CONTACTO,0.0,SIN_CANDIDATO_DE_CONTACTO,0,SIN_MATCH,SIN_MATCH,False,SIN_MATCH,0.0,SIN_MATCH,0.0,0.0,0.0,0.0,0.0,0.0,0.0,0.0,0,NO_APLICA
ft_sal_001414,SIN_MATCH,0.0,SIN_CANDIDATO_DE_CONTACTO,0.0,SIN_CANDIDATO_DE_CONTACTO,0,SIN_MATCH,SIN_MATCH,False,SIN_MATCH,0.0,SIN_MATCH,0.0,0.0,0.0,0.0,0.0,0.0,0.0,0.0,0,NO_APLICA
ft_sal_001415,SIN_MATCH,0.0,SIN_CANDIDATO_DE_CONTACTO,0.0,SIN_CANDIDATO_DE_CONTACTO,0,SIN_MATCH,SIN_MATCH,False,SIN_MATCH,0.0,SIN_MATCH,0.0,0.0,0.0,0.0,0.0,0.0,0.0,0.0,0,NO_APLICA
ft_sal_001417,SIN_MATCH,0.0,SIN_CANDIDATO_DE_CONTACTO,0.0,SIN_CANDIDATO_DE_CONTACTO,0,SIN_MATCH,SIN_MATCH,False,SIN_MATCH,0.0,SIN_MATCH,0.0,0.0,0.0,0.0,0.0,0.0,0.0,0.0,0,NO_APLICA
ft_sal_001423,SIN_MATCH,0.0,SIN_CANDIDATO_DE_CONTACTO,0.0,SIN_CANDIDATO_DE_CONTACTO,0,SIN_MATCH,SIN_MATCH,False,SIN_MATCH,0.0,SIN_MATCH,0.0,0.0,0.0,0.0,0.0,0.0,0.0,0.0,0,NO_APLICA
ft_sal_001424,SIN_MATCH,0.0,SIN_CANDIDATO_DE_CONTACTO,0.0,SIN_CANDIDATO_DE_CONTACTO,0,SIN_MATCH,SIN_MATCH,False,SIN_MATCH,0.0,SIN_MATCH,0.0,0.0,0.0,0.0,0.0,0.0,0.0,0.0,0,NO_APLICA
ft_sal_001426,SIN_MATCH,0.0,SIN_CANDIDATO_DE_CONTACTO,0.0,SIN_CANDIDATO_DE_CONTACTO,0,SIN_MATCH,SIN_MATCH,False,SIN_MATCH,0.0,SIN_MATCH,0.0,0.0,0.0,0.0,0.0,0.0,0.0,0.0,0,NO_APLICA
ft_sal_001427,SIN_MATCH,0.0,SIN_CANDIDATO_DE_CONTACTO,0.0,SIN_CANDIDATO_DE_CONTACTO,0,SIN_MATCH,SIN_MATCH,False,SIN_MATCH,0.0,SIN_MATCH,0.0,0.0,0.0,0.0,0.0,0.0,0.0,0.0,0,NO_APLICA
ft_sal_001428,SIN_MATCH,0.0,SIN_CANDIDATO_DE_CONTACTO,0.0,SIN_CANDIDATO_DE_CONTACTO,0,SIN_MATCH,SIN_MATCH,False,SIN_MATCH,0.0,SIN_MATCH,0.0,0.0,0.0,0.0,0.0,0.0,0.0,0.0,0,NO_APLICA
ft_sal_001430,SIN_MATCH,0.0,SIN_CANDIDATO_DE_CONTACTO,0.0,SIN_CANDIDATO_DE_CONTACTO,0,SIN_MATCH,SIN_MATCH,False,SIN_MATCH,0.0,SIN_MATCH,0.0,0.0,0.0,0.0,0.0,0.0,0.0,0.0,0,NO_APLICA
ft_sal_001431,SIN_MATCH,0.0,SIN_CANDIDATO_DE_CONTACTO,0.0,SIN_CANDIDATO_DE_CONTACTO,0,SIN_MATCH,SIN_MATCH,False,SIN_MATCH,0.0,SIN_MATCH,0.0,0.0,0.0,0.0,0.0,0.0,0.0,0.0,0,NO_APLICA
ft_sal_001432,SIN_MATCH,0.0,SIN_CANDIDATO_DE_CONTACTO,0.0,SIN_CANDIDATO_DE_CONTACTO,0,SIN_MATCH,SIN_MATCH,False,SIN_MATCH,0.0,SIN_MATCH,0.0,0.0,0.0,0.0,0.0,0.0,0.0,0.0,0,NO_APLICA
ft_sal_001433,SIN_MATCH,0.0,SIN_CANDIDATO_DE_CONTACTO,0.0,SIN_CANDIDATO_DE_CONTACTO,0,SIN_MATCH,SIN_MATCH,False,SIN_MATCH,0.0,SIN_MATCH,0.0,0.0,0.0,0.0,0.0,0.0,0.0,0.0,0,NO_APLICA
ft_sal_001434,SIN_MATCH,0.0,SIN_CANDIDATO_DE_CONTACTO,0.0,SIN_CANDIDATO_DE_CONTACTO,0,SIN_MATCH,SIN_MATCH,False,SIN_MATCH,0.0,SIN_MATCH,0.0,0.0,0.0,0.0,0.0,0.0,0.0,0.0,0,NO_APLICA
ft_sal_001436,SIN_MATCH,0.0,SIN_CANDIDATO_DE_CONTACTO,0.0,SIN_CANDIDATO_DE_CONTACTO,0,SIN_MATCH,SIN_MATCH,False,SIN_MATCH,0.0,SIN_MATCH,0.0,0.0,0.0,0.0,0.0,0.0,0.0,0.0,0,NO_APLICA
ft_sal_001438,SIN_MATCH,0.0,SIN_CANDIDATO_DE_CONTACTO,0.0,SIN_CANDIDATO_DE_CONTACTO,0,SIN_MATCH,SIN_MATCH,False,SIN_MATCH,0.0,SIN_MATCH,0.0,0.0,0.0,0.0,0.0,0.0,0.0,0.0,0,NO_APLICA
ft_sal_001442,SIN_MATCH,0.0,SIN_CANDIDATO_DE_CONTACTO,0.0,SIN_CANDIDATO_DE_CONTACTO,0,SIN_MATCH,SIN_MATCH,False,SIN_MATCH,0.0,SIN_MATCH,0.0,0.0,0.0,0.0,0.0,0.0,0.0,0.0,0,NO_APLICA
ft_sal_001443,SIN_MATCH,0.0,SIN_CANDIDATO_DE_CONTACTO,0.0,SIN_CANDIDATO_DE_CONTACTO,0,SIN_MATCH,SIN_MATCH,False,SIN_MATCH,0.0,SIN_MATCH,0.0,0.0,0.0,0.0,0.0,0.0,0.0,0.0,0,NO_APLICA
ft_sal_001447,SIN_MATCH,0.0,AMBIGUO,0.0,AMBIGUO,2,bm_usr_002291,SIN_MATCH,False,bm_usr_002291,0.94,bm_usr_001031,0.86,0.9,0.0,0.84,0.08,1.0,0.9,0.84,0,NO_APLICA
ft_sal_001451,SIN_MATCH,0.0,SIN_CANDIDATO_DE_CONTACTO,0.0,SIN_CANDIDATO_DE_CONTACTO,0,SIN_MATCH,SIN_MATCH,False,SIN_MATCH,0.0,SIN_MATCH,0.0,0.0,0.0,0.0,0.0,0.0,0.0,0.0,0,NO_APLICA
ft_sal_001452,SIN_MATCH,0.0,SIN_CANDIDATO_DE_CONTACTO,0.0,SIN_CANDIDATO_DE_CONTACTO,0,SIN_MATCH,SIN_MATCH,False,SIN_MATCH,0.0,SIN_MATCH,0.0,0.0,0.0,0.0,0.0,0.0,0.0,0.0,0,NO_APLICA
ft_sal_001453,SIN_MATCH,0.0,SIN_CANDIDATO_DE_CONTACTO,0.0,SIN_CANDIDATO_DE_CONTACTO,0,SIN_MATCH,SIN_MATCH,False,SIN_MATCH,0.0,SIN_MATCH,0.0,0.0,0.0,0.0,0.0,0.0,0.0,0.0,0,NO_APLICA
ft_sal_001454,SIN_MATCH,0.0,SIN_CANDIDATO_DE_CONTACTO,0.0,SIN_CANDIDATO_DE_CONTACTO,0,SIN_MATCH,SIN_MATCH,False,SIN_MATCH,0.0,SIN_MATCH,0.0,0.0,0.0,0.0,0.0,0.0,0.0,0.0,0,NO_APLICA
ft_sal_001459,SIN_MATCH,0.0,SIN_CANDIDATO_DE_CONTACTO,0.0,SIN_CANDIDATO_DE_CONTACTO,0,SIN_MATCH,SIN_MATCH,False,SIN_MATCH,0.0,SIN_MATCH,0.0,0.0,0.0,0.0,0.0,0.0,0.0,0.0,0,NO_APLICA
ft_sal_001465,SIN_MATCH,0.0,SIN_CANDIDATO_DE_CONTACTO,0.0,SIN_CANDIDATO_DE_CONTACTO,0,SIN_MATCH,SIN_MATCH,False,SIN_MATCH,0.0,SIN_MATCH,0.0,0.0,0.0,0.0,0.0,0.0,0.0,0.0,0,NO_APLICA
ft_sal_001466,SIN_MATCH,0.0,SIN_CANDIDATO_DE_CONTACTO,0.0,SIN_CANDIDATO_DE_CONTACTO,0,SIN_MATCH,SIN_MATCH,False,SIN_MATCH,0.0,SIN_MATCH,0.0,0.0,0.0,0.0,0.0,0.0,0.0,0.0,0,NO_APLICA
ft_sal_001468,SIN_MATCH,0.0,SIN_CANDIDATO_DE_CONTACTO,0.0,SIN_CANDIDATO_DE_CONTACTO,0,SIN_MATCH,SIN_MATCH,False,SIN_MATCH,0.0,SIN_MATCH,0.0,0.0,0.0,0.0,0.0,0.0,0.0,0.0,0,NO_APLICA
ft_sal_001477,SIN_MATCH,0.0,SIN_CANDIDATO_DE_CONTACTO,0.0,SIN_CANDIDATO_DE_CONTACTO,0,SIN_MATCH,SIN_MATCH,False,SIN_MATCH,0.0,SIN_MATCH,0.0,0.0,0.0,0.0,0.0,0.0,0.0,0.0,0,NO_APLICA
ft_sal_001478,SIN_MATCH,0.0,SIN_CANDIDATO_DE_CONTACTO,0.0,SIN_CANDIDATO_DE_CONTACTO,0,SIN_MATCH,SIN_MATCH,False,SIN_MATCH,0.0,SIN_MATCH,0.0,0.0,0.0,0.0,0.0,0.0,0.0,0.0,0,NO_APLICA
ft_sal_001482,SIN_MATCH,0.0,SIN_CANDIDATO_DE_CONTACTO,0.0,SIN_CANDIDATO_DE_CONTACTO,0,SIN_MATCH,SIN_MATCH,False,SIN_MATCH,0.0,SIN_MATCH,0.0,0.0,0.0,0.0,0.0,0.0,0.0,0.0,0,NO_APLICA
ft_sal_001483,SIN_MATCH,0.0,SIN_CANDIDATO_DE_CONTACTO,0.0,SIN_CANDIDATO_DE_CONTACTO,0,SIN_MATCH,SIN_MATCH,False,SIN_MATCH,0.0,SIN_MATCH,0.0,0.0,0.0,0.0,0.0,0.0,0.0,0.0,0,NO_APLICA
ft_sal_001492,SIN_MATCH,0.0,SIN_CANDIDATO_DE_CONTACTO,0.0,SIN_CANDIDATO_DE_CONTACTO,0,SIN_MATCH,SIN_MATCH,False,SIN_MATCH,0.0,SIN_MATCH,0.0,0.0,0.0,0.0,0.0,0.0,0.0,0.0,0,NO_APLICA
ft_sal_001493,SIN_MATCH,0.0,SIN_CANDIDATO_DE_CONTACTO,0.0,SIN_CANDIDATO_DE_CONTACTO,0,SIN_MATCH,SIN_MATCH,False,SIN_MATCH,0.0,SIN_MATCH,0.0,0.0,0.0,0.0,0.0,0.0,0.0,0.0,0,NO_APLICA
ft_sal_001494,SIN_MATCH,0.0,SIN_CANDIDATO_DE_CONTACTO,0.0,SIN_CANDIDATO_DE_CONTACTO,0,SIN_MATCH,SIN_MATCH,False,SIN_MATCH,0.0,SIN_MATCH,0.0,0.0,0.0,0.0,0.0,0.0,0.0,0.0,0,NO_APLICA
ft_sal_001498,SIN_MATCH,0.0,SIN_CANDIDATO_DE_CONTACTO,0.0,SIN_CANDIDATO_DE_CONTACTO,0,SIN_MATCH,SIN_MATCH,False,SIN_MATCH,0.0,SIN_MATCH,0.0,0.0,0.0,0.0,0.0,0.0,0.0,0.0,0,NO_APLICA
ft_sal_001499,SIN_MATCH,0.0,SIN_CANDIDATO_DE_CONTACTO,0.0,SIN_CANDIDATO_DE_CONTACTO,0,SIN_MATCH,SIN_MATCH,False,SIN_MATCH,0.0,SIN_MATCH,0.0,0.0,0.0,0.0,0.0,0.0,0.0,0.0,0,NO_APLICA
ft_sal_001500,SIN_MATCH,0.0,SIN_CANDIDATO_DE_CONTACTO,0.0,SIN_CANDIDATO_DE_CONTACTO,0,SIN_MATCH,SIN_MATCH,False,SIN_MATCH,0.0,SIN_MATCH,0.0,0.0,0.0,0.0,0.0,0.0,0.0,0.0,0,NO_APLICA
ft_sal_001505,SIN_MATCH,0.0,AMBIGUO,0.0,AMBIGUO,2,SIN_MATCH,bm_usr_000214,False,bm_usr_000214,0.94,bm_usr_001465,0.86,0.9,0.0,0.84,0.08,0.9,1.0,0.84,0,NO_APLICA
ft_sal_001507,SIN_MATCH,0.0,SIN_CANDIDATO_DE_CONTACTO,0.0,SIN_CANDIDATO_DE_CONTACTO,0,SIN_MATCH,SIN_MATCH,False,SIN_MATCH,0.0,SIN_MATCH,0.0,0.0,0.0,0.0,0.0,0.0,0.0,0.0,0,NO_APLICA
ft_sal_001508,SIN_MATCH,0.0,SIN_CANDIDATO_DE_CONTACTO,0.0,SIN_CANDIDATO_DE_CONTACTO,0,SIN_MATCH,SIN_MATCH,False,SIN_MATCH,0.0,SIN_MATCH,0.0,0.0,0.0,0.0,0.0,0.0,0.0,0.0,0,NO_APLICA
ft_sal_001509,SIN_MATCH,0.0,SIN_CANDIDATO_DE_CONTACTO,0.0,SIN_CANDIDATO_DE_CONTACTO,0,SIN_MATCH,SIN_MATCH,False,SIN_MATCH,0.0,SIN_MATCH,0.0,0.0,0.0,0.0,0.0,0.0,0.0,0.0,0,NO_APLICA
ft_sal_001513,SIN_MATCH,0.0,SIN_CANDIDATO_DE_CONTACTO,0.0,SIN_CANDIDATO_DE_CONTACTO,0,SIN_MATCH,SIN_MATCH,False,SIN_MATCH,0.0,SIN_MATCH,0.0,0.0,0.0,0.0,0.0,0.0,0.0,0.0,0,NO_APLICA
ft_sal_001514,SIN_MATCH,0.0,SIN_CANDIDATO_DE_CONTACTO,0.0,SIN_CANDIDATO_DE_CONTACTO,0,SIN_MATCH,SIN_MATCH,False,SIN_MATCH,0.0,SIN_MATCH,0.0,0.0,0.0,0.0,0.0,0.0,0.0,0.0,0,NO_APLICA
ft_sal_001516,SIN_MATCH,0.0,SIN_CANDIDATO_DE_CONTACTO,0.0,SIN_CANDIDATO_DE_CONTACTO,0,SIN_MATCH,SIN_MATCH,False,SIN_MATCH,0.0,SIN_MATCH,0.0,0.0,0.0,0.0,0.0,0.0,0.0,0.0,0,NO_APLICA
ft_sal_001517,SIN_MATCH,0.0,SIN_CANDIDATO_DE_CONTACTO,0.0,SIN_CANDIDATO_DE_CONTACTO,0,SIN_MATCH,SIN_MATCH,False,SIN_MATCH,0.0,SIN_MATCH,0.0,0.0,0.0,0.0,0.0,0.0,0.0,0.0,0,NO_APLICA
ft_sal_001518,SIN_MATCH,0.0,SIN_CANDIDATO_DE_CONTACTO,0.0,SIN_CANDIDATO_DE_CONTACTO,0,SIN_MATCH,SIN_MATCH,False,SIN_MATCH,0.0,SIN_MATCH,0.0,0.0,0.0,0.0,0.0,0.0,0.0,0.0,0,NO_APLICA
ft_sal_001519,SIN_MATCH,0.0,SIN_CANDIDATO_DE_CONTACTO,0.0,SIN_CANDIDATO_DE_CONTACTO,0,SIN_MATCH,SIN_MATCH,False,SIN_MATCH,0.0,SIN_MATCH,0.0,0.0,0.0,0.0,0.0,0.0,0.0,0.0,0,NO_APLICA
ft_sal_001520,SIN_MATCH,0.0,SIN_CANDIDATO_DE_CONTACTO,0.0,SIN_CANDIDATO_DE_CONTACTO,0,SIN_MATCH,SIN_MATCH,False,SIN_MATCH,0.0,SIN_MATCH,0.0,0.0,0.0,0.0,0.0,0.0,0.0,0.0,0,NO_APLICA
ft_sal_001529,SIN_MATCH,0.0,SIN_CANDIDATO_DE_CONTACTO,0.0,SIN_CANDIDATO_DE_CONTACTO,0,SIN_MATCH,SIN_MATCH,False,SIN_MATCH,0.0,SIN_MATCH,0.0,0.0,0.0,0.0,0.0,0.0,0.0,0.0,0,NO_APLICA
ft_sal_001532,SIN_MATCH,0.0,SIN_CANDIDATO_DE_CONTACTO,0.0,SIN_CANDIDATO_DE_CONTACTO,0,SIN_MATCH,SIN_MATCH,False,SIN_MATCH,0.0,SIN_MATCH,0.0,0.0,0.0,0.0,0.0,0.0,0.0,0.0,0,NO_APLICA
ft_sal_001534,SIN_MATCH,0.0,SIN_CANDIDATO_DE_CONTACTO,0.0,SIN_CANDIDATO_DE_CONTACTO,0,SIN_MATCH,SIN_MATCH,False,SIN_MATCH,0.0,SIN_MATCH,0.0,0.0,0.0,0.0,0.0,0.0,0.0,0.0,0,NO_APLICA
ft_sal_001537,SIN_MATCH,0.0,SIN_CANDIDATO_DE_CONTACTO,0.0,SIN_CANDIDATO_DE_CONTACTO,0,SIN_MATCH,SIN_MATCH,False,SIN_MATCH,0.0,SIN_MATCH,0.0,0.0,0.0,0.0,0.0,0.0,0.0,0.0,0,NO_APLICA
ft_sal_001540,SIN_MATCH,0.0,SIN_CANDIDATO_DE_CONTACTO,0.0,SIN_CANDIDATO_DE_CONTACTO,0,SIN_MATCH,SIN_MATCH,False,SIN_MATCH,0.0,SIN_MATCH,0.0,0.0,0.0,0.0,0.0,0.0,0.0,0.0,0,NO_APLICA
ft_sal_001541,SIN_MATCH,0.0,SIN_CANDIDATO_DE_CONTACTO,0.0,SIN_CANDIDATO_DE_CONTACTO,0,SIN_MATCH,SIN_MATCH,False,SIN_MATCH,0.0,SIN_MATCH,0.0,0.0,0.0,0.0,0.0,0.0,0.0,0.0,0,NO_APLICA
ft_sal_001542,SIN_MATCH,0.0,SIN_CANDIDATO_DE_CONTACTO,0.0,SIN_CANDIDATO_DE_CONTACTO,0,SIN_MATCH,SIN_MATCH,False,SIN_MATCH,0.0,SIN_MATCH,0.0,0.0,0.0,0.0,0.0,0.0,0.0,0.0,0,NO_APLICA
ft_sal_001544,SIN_MATCH,0.0,SIN_CANDIDATO_DE_CONTACTO,0.0,SIN_CANDIDATO_DE_CONTACTO,0,SIN_MATCH,SIN_MATCH,False,SIN_MATCH,0.0,SIN_MATCH,0.0,0.0,0.0,0.0,0.0,0.0,0.0,0.0,0,NO_APLICA
ft_sal_001545,SIN_MATCH,0.0,SIN_CANDIDATO_DE_CONTACTO,0.0,SIN_CANDIDATO_DE_CONTACTO,0,SIN_MATCH,SIN_MATCH,False,SIN_MATCH,0.0,SIN_MATCH,0.0,0.0,0.0,0.0,0.0,0.0,0.0,0.0,0,NO_APLICA
ft_sal_001546,SIN_MATCH,0.0,AMBIGUO,0.0,AMBIGUO,2,bm_usr_000397,bm_usr_005193,True,bm_usr_005193,0.96,bm_usr_000397,0.96,1.0,0.0,1.0,0.0,0.0,1.0,1.0,0,NO_APLICA
ft_sal_001547,SIN_MATCH,0.0,SIN_CANDIDATO_DE_CONTACTO,0.0,SIN_CANDIDATO_DE_CONTACTO,0,SIN_MATCH,SIN_MATCH,False,SIN_MATCH,0.0,SIN_MATCH,0.0,0.0,0.0,0.0,0.0,0.0,0.0,0.0,0,NO_APLICA
ft_sal_001557,SIN_MATCH,0.0,SIN_CANDIDATO_DE_CONTACTO,0.0,SIN_CANDIDATO_DE_CONTACTO,0,SIN_MATCH,SIN_MATCH,False,SIN_MATCH,0.0,SIN_MATCH,0.0,0.0,0.0,0.0,0.0,0.0,0.0,0.0,0,NO_APLICA
ft_sal_001561,SIN_MATCH,0.0,SIN_CANDIDATO_DE_CONTACTO,0.0,SIN_CANDIDATO_DE_CONTACTO,0,SIN_MATCH,SIN_MATCH,False,SIN_MATCH,0.0,SIN_MATCH,0.0,0.0,0.0,0.0,0.0,0.0,0.0,0.0,0,NO_APLICA
ft_sal_001565,SIN_MATCH,0.0,SIN_CANDIDATO_DE_CONTACTO,0.0,SIN_CANDIDATO_DE_CONTACTO,0,SIN_MATCH,SIN_MATCH,False,SIN_MATCH,0.0,SIN_MATCH,0.0,0.0,0.0,0.0,0.0,0.0,0.0,0.0,0,NO_APLICA
ft_sal_001567,SIN_MATCH,0.0,SIN_CANDIDATO_DE_CONTACTO,0.0,SIN_CANDIDATO_DE_CONTACTO,0,SIN_MATCH,SIN_MATCH,False,SIN_MATCH,0.0,SIN_MATCH,0.0,0.0,0.0,0.0,0.0,0.0,0.0,0.0,0,NO_APLICA
ft_sal_001568,SIN_MATCH,0.0,SIN_CANDIDATO_DE_CONTACTO,0.0,SIN_CANDIDATO_DE_CONTACTO,0,SIN_MATCH,SIN_MATCH,False,SIN_MATCH,0.0,SIN_MATCH,0.0,0.0,0.0,0.0,0.0,0.0,0.0,0.0,0,NO_APLICA
ft_sal_001570,SIN_MATCH,0.0,SIN_CANDIDATO_DE_CONTACTO,0.0,SIN_CANDIDATO_DE_CONTACTO,0,SIN_MATCH,SIN_MATCH,False,SIN_MATCH,0.0,SIN_MATCH,0.0,0.0,0.0,0.0,0.0,0.0,0.0,0.0,0,NO_APLICA
ft_sal_001572,SIN_MATCH,0.0,SIN_CANDIDATO_DE_CONTACTO,0.0,SIN_CANDIDATO_DE_CONTACTO,0,SIN_MATCH,SIN_MATCH,False,SIN_MATCH,0.0,SIN_MATCH,0.0,0.0,0.0,0.0,0.0,0.0,0.0,0.0,0,NO_APLICA
ft_sal_001574,SIN_MATCH,0.0,AMBIGUO,0.0,AMBIGUO,3,SIN_MATCH,bm_usr_004872,False,bm_usr_004708,0.92,bm_usr_000851,0.92,0.9,0.0,1.0,0.0,0.9,0.0,1.0,0,NO_APLICA
ft_sal_001576,SIN_MATCH,0.0,SIN_CANDIDATO_DE_CONTACTO,0.0,SIN_CANDIDATO_DE_CONTACTO,0,SIN_MATCH,SIN_MATCH,False,SIN_MATCH,0.0,SIN_MATCH,0.0,0.0,0.0,0.0,0.0,0.0,0.0,0.0,0,NO_APLICA
ft_sal_001583,SIN_MATCH,0.0,SIN_CANDIDATO_DE_CONTACTO,0.0,SIN_CANDIDATO_DE_CONTACTO,0,SIN_MATCH,SIN_MATCH,False,SIN_MATCH,0.0,SIN_MATCH,0.0,0.0,0.0,0.0,0.0,0.0,0.0,0.0,0,NO_APLICA
ft_sal_001584,SIN_MATCH,0.0,SIN_CANDIDATO_DE_CONTACTO,0.0,SIN_CANDIDATO_DE_CONTACTO,0,SIN_MATCH,SIN_MATCH,False,SIN_MATCH,0.0,SIN_MATCH,0.0,0.0,0.0,0.0,0.0,0.0,0.0,0.0,0,NO_APLICA
ft_sal_001591,SIN_MATCH,0.0,SIN_CANDIDATO_DE_CONTACTO,0.0,SIN_CANDIDATO_DE_CONTACTO,0,SIN_MATCH,SIN_MATCH,False,SIN_MATCH,0.0,SIN_MATCH,0.0,0.0,0.0,0.0,0.0,0.0,0.0,0.0,0,NO_APLICA
ft_sal_001594,SIN_MATCH,0.0,SIN_CANDIDATO_DE_CONTACTO,0.0,SIN_CANDIDATO_DE_CONTACTO,0,SIN_MATCH,SIN_MATCH,False,SIN_MATCH,0.0,SIN_MATCH,0.0,0.0,0.0,0.0,0.0,0.0,0.0,0.0,0,NO_APLICA
ft_sal_001595,SIN_MATCH,0.0,SIN_CANDIDATO_DE_CONTACTO,0.0,SIN_CANDIDATO_DE_CONTACTO,0,SIN_MATCH,SIN_MATCH,False,SIN_MATCH,0.0,SIN_MATCH,0.0,0.0,0.0,0.0,0.0,0.0,0.0,0.0,0,NO_APLICA
ft_sal_001597,SIN_MATCH,0.0,SIN_CANDIDATO_DE_CONTACTO,0.0,SIN_CANDIDATO_DE_CONTACTO,0,SIN_MATCH,SIN_MATCH,False,SIN_MATCH,0.0,SIN_MATCH,0.0,0.0,0.0,0.0,0.0,0.0,0.0,0.0,0,NO_APLICA
ft_sal_001598,SIN_MATCH,0.0,SIN_CANDIDATO_DE_CONTACTO,0.0,SIN_CANDIDATO_DE_CONTACTO,0,SIN_MATCH,SIN_MATCH,False,SIN_MATCH,0.0,SIN_MATCH,0.0,0.0,0.0,0.0,0.0,0.0,0.0,0.0,0,NO_APLICA
ft_sal_001603,SIN_MATCH,0.0,SIN_CANDIDATO_DE_CONTACTO,0.0,SIN_CANDIDATO_DE_CONTACTO,0,SIN_MATCH,SIN_MATCH,False,SIN_MATCH,0.0,SIN_MATCH,0.0,0.0,0.0,0.0,0.0,0.0,0.0,0.0,0,NO_APLICA
ft_sal_001604,SIN_MATCH,0.0,SIN_CANDIDATO_DE_CONTACTO,0.0,SIN_CANDIDATO_DE_CONTACTO,0,SIN_MATCH,SIN_MATCH,False,SIN_MATCH,0.0,SIN_MATCH,0.0,0.0,0.0,0.0,0.0,0.0,0.0,0.0,0,NO_APLICA
ft_sal_001605,SIN_MATCH,0.0,SIN_CANDIDATO_DE_CONTACTO,0.0,SIN_CANDIDATO_DE_CONTACTO,0,SIN_MATCH,SIN_MATCH,False,SIN_MATCH,0.0,SIN_MATCH,0.0,0.0,0.0,0.0,0.0,0.0,0.0,0.0,0,NO_APLICA
ft_sal_001612,SIN_MATCH,0.0,SIN_CANDIDATO_DE_CONTACTO,0.0,SIN_CANDIDATO_DE_CONTACTO,0,SIN_MATCH,SIN_MATCH,False,SIN_MATCH,0.0,SIN_MATCH,0.0,0.0,0.0,0.0,0.0,0.0,0.0,0.0,0,NO_APLICA
ft_sal_001616,SIN_MATCH,0.0,SIN_CANDIDATO_DE_CONTACTO,0.0,SIN_CANDIDATO_DE_CONTACTO,0,SIN_MATCH,SIN_MATCH,False,SIN_MATCH,0.0,SIN_MATCH,0.0,0.0,0.0,0.0,0.0,0.0,0.0,0.0,0,NO_APLICA
ft_sal_001617,SIN_MATCH,0.0,SIN_CANDIDATO_DE_CONTACTO,0.0,SIN_CANDIDATO_DE_CONTACTO,0,SIN_MATCH,SIN_MATCH,False,SIN_MATCH,0.0,SIN_MATCH,0.0,0.0,0.0,0.0,0.0,0.0,0.0,0.0,0,NO_APLICA
ft_sal_001618,SIN_MATCH,0.0,SIN_CANDIDATO_DE_CONTACTO,0.0,SIN_CANDIDATO_DE_CONTACTO,0,SIN_MATCH,SIN_MATCH,False,SIN_MATCH,0.0,SIN_MATCH,0.0,0.0,0.0,0.0,0.0,0.0,0.0,0.0,0,NO_APLICA
ft_sal_001619,SIN_MATCH,0.0,SIN_CANDIDATO_DE_CONTACTO,0.0,SIN_CANDIDATO_DE_CONTACTO,0,SIN_MATCH,SIN_MATCH,False,SIN_MATCH,0.0,SIN_MATCH,0.0,0.0,0.0,0.0,0.0,0.0,0.0,0.0,0,NO_APLICA
ft_sal_001620,SIN_MATCH,0.0,SIN_CANDIDATO_DE_CONTACTO,0.0,SIN_CANDIDATO_DE_CONTACTO,0,SIN_MATCH,SIN_MATCH,False,SIN_MATCH,0.0,SIN_MATCH,0.0,0.0,0.0,0.0,0.0,0.0,0.0,0.0,0,NO_APLICA
ft_sal_001621,SIN_MATCH,0.0,SIN_CANDIDATO_DE_CONTACTO,0.0,SIN_CANDIDATO_DE_CONTACTO,0,SIN_MATCH,SIN_MATCH,False,SIN_MATCH,0.0,SIN_MATCH,0.0,0.0,0.0,0.0,0.0,0.0,0.0,0.0,0,NO_APLICA
ft_sal_001623,SIN_MATCH,0.0,SIN_CANDIDATO_DE_CONTACTO,0.0,SIN_CANDIDATO_DE_CONTACTO,0,SIN_MATCH,SIN_MATCH,False,SIN_MATCH,0.0,SIN_MATCH,0.0,0.0,0.0,0.0,0.0,0.0,0.0,0.0,0,NO_APLICA
ft_sal_001624,SIN_MATCH,0.0,SIN_CANDIDATO_DE_CONTACTO,0.0,SIN_CANDIDATO_DE_CONTACTO,0,SIN_MATCH,SIN_MATCH,False,SIN_MATCH,0.0,SIN_MATCH,0.0,0.0,0.0,0.0,0.0,0.0,0.0,0.0,0,NO_APLICA
ft_sal_001625,SIN_MATCH,0.0,SIN_CANDIDATO_DE_CONTACTO,0.0,SIN_CANDIDATO_DE_CONTACTO,0,SIN_MATCH,SIN_MATCH,False,SIN_MATCH,0.0,SIN_MATCH,0.0,0.0,0.0,0.0,0.0,0.0,0.0,0.0,0,NO_APLICA
ft_sal_001626,SIN_MATCH,0.0,SIN_CANDIDATO_DE_CONTACTO,0.0,SIN_CANDIDATO_DE_CONTACTO,0,SIN_MATCH,SIN_MATCH,False,SIN_MATCH,0.0,SIN_MATCH,0.0,0.0,0.0,0.0,0.0,0.0,0.0,0.0,0,NO_APLICA
ft_sal_001632,SIN_MATCH,0.0,SIN_CANDIDATO_DE_CONTACTO,0.0,SIN_CANDIDATO_DE_CONTACTO,0,SIN_MATCH,SIN_MATCH,False,SIN_MATCH,0.0,SIN_MATCH,0.0,0.0,0.0,0.0,0.0,0.0,0.0,0.0,0,NO_APLICA
ft_sal_001633,SIN_MATCH,0.0,AMBIGUO,0.0,AMBIGUO,2,bm_usr_004916,SIN_MATCH,False,bm_usr_004916,0.94,bm_usr_002566,0.86,0.9,0.0,0.84,0.08,1.0,0.9,0.84,0,NO_APLICA
ft_sal_001642,SIN_MATCH,0.0,SIN_CANDIDATO_DE_CONTACTO,0.0,SIN_CANDIDATO_DE_CONTACTO,0,SIN_MATCH,SIN_MATCH,False,SIN_MATCH,0.0,SIN_MATCH,0.0,0.0,0.0,0.0,0.0,0.0,0.0,0.0,0,NO_APLICA
ft_sal_001643,SIN_MATCH,0.0,SIN_CANDIDATO_DE_CONTACTO,0.0,SIN_CANDIDATO_DE_CONTACTO,0,SIN_MATCH,SIN_MATCH,False,SIN_MATCH,0.0,SIN_MATCH,0.0,0.0,0.0,0.0,0.0,0.0,0.0,0.0,0,NO_APLICA
ft_sal_001644,SIN_MATCH,0.0,SIN_CANDIDATO_DE_CONTACTO,0.0,SIN_CANDIDATO_DE_CONTACTO,0,SIN_MATCH,SIN_MATCH,False,SIN_MATCH,0.0,SIN_MATCH,0.0,0.0,0.0,0.0,0.0,0.0,0.0,0.0,0,NO_APLICA
ft_sal_001647,SIN_MATCH,0.0,SIN_CANDIDATO_DE_CONTACTO,0.0,SIN_CANDIDATO_DE_CONTACTO,0,SIN_MATCH,SIN_MATCH,False,SIN_MATCH,0.0,SIN_MATCH,0.0,0.0,0.0,0.0,0.0,0.0,0.0,0.0,0,NO_APLICA
ft_sal_001648,SIN_MATCH,0.0,SIN_CANDIDATO_DE_CONTACTO,0.0,SIN_CANDIDATO_DE_CONTACTO,0,SIN_MATCH,SIN_MATCH,False,SIN_MATCH,0.0,SIN_MATCH,0.0,0.0,0.0,0.0,0.0,0.0,0.0,0.0,0,NO_APLICA
ft_sal_001649,SIN_MATCH,0.0,SIN_CANDIDATO_DE_CONTACTO,0.0,SIN_CANDIDATO_DE_CONTACTO,0,SIN_MATCH,SIN_MATCH,False,SIN_MATCH,0.0,SIN_MATCH,0.0,0.0,0.0,0.0,0.0,0.0,0.0,0.0,0,NO_APLICA
ft_sal_001650,SIN_MATCH,0.0,SIN_CANDIDATO_DE_CONTACTO,0.0,SIN_CANDIDATO_DE_CONTACTO,0,SIN_MATCH,SIN_MATCH,False,SIN_MATCH,0.0,SIN_MATCH,0.0,0.0,0.0,0.0,0.0,0.0,0.0,0.0,0,NO_APLICA
ft_sal_001651,SIN_MATCH,0.0,SIN_CANDIDATO_DE_CONTACTO,0.0,SIN_CANDIDATO_DE_CONTACTO,0,SIN_MATCH,SIN_MATCH,False,SIN_MATCH,0.0,SIN_MATCH,0.0,0.0,0.0,0.0,0.0,0.0,0.0,0.0,0,NO_APLICA
ft_sal_001653,SIN_MATCH,0.0,SIN_CANDIDATO_DE_CONTACTO,0.0,SIN_CANDIDATO_DE_CONTACTO,0,SIN_MATCH,SIN_MATCH,False,SIN_MATCH,0.0,SIN_MATCH,0.0,0.0,0.0,0.0,0.0,0.0,0.0,0.0,0,NO_APLICA
ft_sal_001655,SIN_MATCH,0.0,SIN_CANDIDATO_DE_CONTACTO,0.0,SIN_CANDIDATO_DE_CONTACTO,0,SIN_MATCH,SIN_MATCH,False,SIN_MATCH,0.0,SIN_MATCH,0.0,0.0,0.0,0.0,0.0,0.0,0.0,0.0,0,NO_APLICA
ft_sal_001656,SIN_MATCH,0.0,SIN_CANDIDATO_DE_CONTACTO,0.0,SIN_CANDIDATO_DE_CONTACTO,0,SIN_MATCH,SIN_MATCH,False,SIN_MATCH,0.0,SIN_MATCH,0.0,0.0,0.0,0.0,0.0,0.0,0.0,0.0,0,NO_APLICA
ft_sal_001658,SIN_MATCH,0.0,SIN_CANDIDATO_DE_CONTACTO,0.0,SIN_CANDIDATO_DE_CONTACTO,0,SIN_MATCH,SIN_MATCH,False,SIN_MATCH,0.0,SIN_MATCH,0.0,0.0,0.0,0.0,0.0,0.0,0.0,0.0,0,NO_APLICA
ft_sal_001659,SIN_MATCH,0.0,SIN_CANDIDATO_DE_CONTACTO,0.0,SIN_CANDIDATO_DE_CONTACTO,0,SIN_MATCH,SIN_MATCH,False,SIN_MATCH,0.0,SIN_MATCH,0.0,0.0,0.0,0.0,0.0,0.0,0.0,0.0,0,NO_APLICA
ft_sal_001660,SIN_MATCH,0.0,SIN_CANDIDATO_DE_CONTACTO,0.0,SIN_CANDIDATO_DE_CONTACTO,0,SIN_MATCH,SIN_MATCH,False,SIN_MATCH,0.0,SIN_MATCH,0.0,0.0,0.0,0.0,0.0,0.0,0.0,0.0,0,NO_APLICA
ft_sal_001666,SIN_MATCH,0.0,SIN_CANDIDATO_DE_CONTACTO,0.0,SIN_CANDIDATO_DE_CONTACTO,0,SIN_MATCH,SIN_MATCH,False,SIN_MATCH,0.0,SIN_MATCH,0.0,0.0,0.0,0.0,0.0,0.0,0.0,0.0,0,NO_APLICA
ft_sal_001671,SIN_MATCH,0.0,SIN_CANDIDATO_DE_CONTACTO,0.0,SIN_CANDIDATO_DE_CONTACTO,0,SIN_MATCH,SIN_MATCH,False,SIN_MATCH,0.0,SIN_MATCH,0.0,0.0,0.0,0.0,0.0,0.0,0.0,0.0,0,NO_APLICA
ft_sal_001673,SIN_MATCH,0.0,SIN_CANDIDATO_DE_CONTACTO,0.0,SIN_CANDIDATO_DE_CONTACTO,0,SIN_MATCH,SIN_MATCH,False,SIN_MATCH,0.0,SIN_MATCH,0.0,0.0,0.0,0.0,0.0,0.0,0.0,0.0,0,NO_APLICA
ft_sal_001675,SIN_MATCH,0.0,SIN_CANDIDATO_DE_CONTACTO,0.0,SIN_CANDIDATO_DE_CONTACTO,0,SIN_MATCH,SIN_MATCH,False,SIN_MATCH,0.0,SIN_MATCH,0.0,0.0,0.0,0.0,0.0,0.0,0.0,0.0,0,NO_APLICA
ft_sal_001679,SIN_MATCH,0.0,SIN_CANDIDATO_DE_CONTACTO,0.0,SIN_CANDIDATO_DE_CONTACTO,0,SIN_MATCH,SIN_MATCH,False,SIN_MATCH,0.0,SIN_MATCH,0.0,0.0,0.0,0.0,0.0,0.0,0.0,0.0,0,NO_APLICA
ft_sal_001680,SIN_MATCH,0.0,SIN_CANDIDATO_DE_CONTACTO,0.0,SIN_CANDIDATO_DE_CONTACTO,0,SIN_MATCH,SIN_MATCH,False,SIN_MATCH,0.0,SIN_MATCH,0.0,0.0,0.0,0.0,0.0,0.0,0.0,0.0,0,NO_APLICA
ft_sal_001681,SIN_MATCH,0.0,SIN_CANDIDATO_DE_CONTACTO,0.0,SIN_CANDIDATO_DE_CONTACTO,0,SIN_MATCH,SIN_MATCH,False,SIN_MATCH,0.0,SIN_MATCH,0.0,0.0,0.0,0.0,0.0,0.0,0.0,0.0,0,NO_APLICA
ft_sal_001687,SIN_MATCH,0.0,SIN_CANDIDATO_DE_CONTACTO,0.0,SIN_CANDIDATO_DE_CONTACTO,0,SIN_MATCH,SIN_MATCH,False,SIN_MATCH,0.0,SIN_MATCH,0.0,0.0,0.0,0.0,0.0,0.0,0.0,0.0,0,NO_APLICA
ft_sal_001688,SIN_MATCH,0.0,SIN_CANDIDATO_DE_CONTACTO,0.0,SIN_CANDIDATO_DE_CONTACTO,0,SIN_MATCH,SIN_MATCH,False,SIN_MATCH,0.0,SIN_MATCH,0.0,0.0,0.0,0.0,0.0,0.0,0.0,0.0,0,NO_APLICA
ft_sal_001692,SIN_MATCH,0.0,SIN_CANDIDATO_DE_CONTACTO,0.0,SIN_CANDIDATO_DE_CONTACTO,0,SIN_MATCH,SIN_MATCH,False,SIN_MATCH,0.0,SIN_MATCH,0.0,0.0,0.0,0.0,0.0,0.0,0.0,0.0,0,NO_APLICA
ft_sal_001696,SIN_MATCH,0.0,AMBIGUO,0.0,AMBIGUO,2,bm_usr_003158,bm_usr_004574,True,bm_usr_003158,0.96,bm_usr_004574,0.96,0.0,1.0,1.0,0.0,1.0,0.0,1.0,0,NO_APLICA
ft_sal_001702,SIN_MATCH,0.0,SIN_CANDIDATO_DE_CONTACTO,0.0,SIN_CANDIDATO_DE_CONTACTO,0,SIN_MATCH,SIN_MATCH,False,SIN_MATCH,0.0,SIN_MATCH,0.0,0.0,0.0,0.0,0.0,0.0,0.0,0.0,0,NO_APLICA
ft_sal_001703,SIN_MATCH,0.0,SIN_CANDIDATO_DE_CONTACTO,0.0,SIN_CANDIDATO_DE_CONTACTO,0,SIN_MATCH,SIN_MATCH,False,SIN_MATCH,0.0,SIN_MATCH,0.0,0.0,0.0,0.0,0.0,0.0,0.0,0.0,0,NO_APLICA
ft_sal_001705,SIN_MATCH,0.0,SIN_CANDIDATO_DE_CONTACTO,0.0,SIN_CANDIDATO_DE_CONTACTO,0,SIN_MATCH,SIN_MATCH,False,SIN_MATCH,0.0,SIN_MATCH,0.0,0.0,0.0,0.0,0.0,0.0,0.0,0.0,0,NO_APLICA
ft_sal_001707,SIN_MATCH,0.0,SIN_CANDIDATO_DE_CONTACTO,0.0,SIN_CANDIDATO_DE_CONTACTO,0,SIN_MATCH,SIN_MATCH,False,SIN_MATCH,0.0,SIN_MATCH,0.0,0.0,0.0,0.0,0.0,0.0,0.0,0.0,0,NO_APLICA
ft_sal_001717,SIN_MATCH,0.0,SIN_CANDIDATO_DE_CONTACTO,0.0,SIN_CANDIDATO_DE_CONTACTO,0,SIN_MATCH,SIN_MATCH,False,SIN_MATCH,0.0,SIN_MATCH,0.0,0.0,0.0,0.0,0.0,0.0,0.0,0.0,0,NO_APLICA
ft_sal_001718,SIN_MATCH,0.0,SIN_CANDIDATO_DE_CONTACTO,0.0,SIN_CANDIDATO_DE_CONTACTO,0,SIN_MATCH,SIN_MATCH,False,SIN_MATCH,0.0,SIN_MATCH,0.0,0.0,0.0,0.0,0.0,0.0,0.0,0.0,0,NO_APLICA
ft_sal_001721,SIN_MATCH,0.0,SIN_CANDIDATO_DE_CONTACTO,0.0,SIN_CANDIDATO_DE_CONTACTO,0,SIN_MATCH,SIN_MATCH,False,SIN_MATCH,0.0,SIN_MATCH,0.0,0.0,0.0,0.0,0.0,0.0,0.0,0.0,0,NO_APLICA
ft_sal_001722,SIN_MATCH,0.0,SIN_CANDIDATO_DE_CONTACTO,0.0,SIN_CANDIDATO_DE_CONTACTO,0,SIN_MATCH,SIN_MATCH,False,SIN_MATCH,0.0,SIN_MATCH,0.0,0.0,0.0,0.0,0.0,0.0,0.0,0.0,0,NO_APLICA
ft_sal_001723,SIN_MATCH,0.0,SIN_CANDIDATO_DE_CONTACTO,0.0,SIN_CANDIDATO_DE_CONTACTO,0,SIN_MATCH,SIN_MATCH,False,SIN_MATCH,0.0,SIN_MATCH,0.0,0.0,0.0,0.0,0.0,0.0,0.0,0.0,0,NO_APLICA
ft_sal_001724,SIN_MATCH,0.0,SIN_CANDIDATO_DE_CONTACTO,0.0,SIN_CANDIDATO_DE_CONTACTO,0,SIN_MATCH,SIN_MATCH,False,SIN_MATCH,0.0,SIN_MATCH,0.0,0.0,0.0,0.0,0.0,0.0,0.0,0.0,0,NO_APLICA
ft_sal_001728,SIN_MATCH,0.0,SIN_CANDIDATO_DE_CONTACTO,0.0,SIN_CANDIDATO_DE_CONTACTO,0,SIN_MATCH,SIN_MATCH,False,SIN_MATCH,0.0,SIN_MATCH,0.0,0.0,0.0,0.0,0.0,0.0,0.0,0.0,0,NO_APLICA
ft_sal_001729,SIN_MATCH,0.0,SIN_CANDIDATO_DE_CONTACTO,0.0,SIN_CANDIDATO_DE_CONTACTO,0,SIN_MATCH,SIN_MATCH,False,SIN_MATCH,0.0,SIN_MATCH,0.0,0.0,0.0,0.0,0.0,0.0,0.0,0.0,0,NO_APLICA
ft_sal_001730,SIN_MATCH,0.0,SIN_CANDIDATO_DE_CONTACTO,0.0,SIN_CANDIDATO_DE_CONTACTO,0,SIN_MATCH,SIN_MATCH,False,SIN_MATCH,0.0,SIN_MATCH,0.0,0.0,0.0,0.0,0.0,0.0,0.0,0.0,0,NO_APLICA
ft_sal_001732,SIN_MATCH,0.0,SIN_CANDIDATO_DE_CONTACTO,0.0,SIN_CANDIDATO_DE_CONTACTO,0,SIN_MATCH,SIN_MATCH,False,SIN_MATCH,0.0,SIN_MATCH,0.0,0.0,0.0,0.0,0.0,0.0,0.0,0.0,0,NO_APLICA
ft_sal_001733,SIN_MATCH,0.0,SIN_CANDIDATO_DE_CONTACTO,0.0,SIN_CANDIDATO_DE_CONTACTO,0,SIN_MATCH,SIN_MATCH,False,SIN_MATCH,0.0,SIN_MATCH,0.0,0.0,0.0,0.0,0.0,0.0,0.0,0.0,0,NO_APLICA
ft_sal_001734,SIN_MATCH,0.0,SIN_CANDIDATO_DE_CONTACTO,0.0,SIN_CANDIDATO_DE_CONTACTO,0,SIN_MATCH,SIN_MATCH,False,SIN_MATCH,0.0,SIN_MATCH,0.0,0.0,0.0,0.0,0.0,0.0,0.0,0.0,0,NO_APLICA
ft_sal_001739,SIN_MATCH,0.0,SIN_CANDIDATO_DE_CONTACTO,0.0,SIN_CANDIDATO_DE_CONTACTO,0,SIN_MATCH,SIN_MATCH,False,SIN_MATCH,0.0,SIN_MATCH,0.0,0.0,0.0,0.0,0.0,0.0,0.0,0.0,0,NO_APLICA
ft_sal_001747,SIN_MATCH,0.0,SIN_CANDIDATO_DE_CONTACTO,0.0,SIN_CANDIDATO_DE_CONTACTO,0,SIN_MATCH,SIN_MATCH,False,SIN_MATCH,0.0,SIN_MATCH,0.0,0.0,0.0,0.0,0.0,0.0,0.0,0.0,0,NO_APLICA
ft_sal_001751,SIN_MATCH,0.0,SIN_CANDIDATO_DE_CONTACTO,0.0,SIN_CANDIDATO_DE_CONTACTO,0,SIN_MATCH,SIN_MATCH,False,SIN_MATCH,0.0,SIN_MATCH,0.0,0.0,0.0,0.0,0.0,0.0,0.0,0.0,0,NO_APLICA
ft_sal_001753,SIN_MATCH,0.0,SIN_CANDIDATO_DE_CONTACTO,0.0,SIN_CANDIDATO_DE_CONTACTO,0,SIN_MATCH,SIN_MATCH,False,SIN_MATCH,0.0,SIN_MATCH,0.0,0.0,0.0,0.0,0.0,0.0,0.0,0.0,0,NO_APLICA
ft_sal_001755,SIN_MATCH,0.0,SIN_CANDIDATO_DE_CONTACTO,0.0,SIN_CANDIDATO_DE_CONTACTO,0,SIN_MATCH,SIN_MATCH,False,SIN_MATCH,0.0,SIN_MATCH,0.0,0.0,0.0,0.0,0.0,0.0,0.0,0.0,0,NO_APLICA
ft_sal_001758,SIN_MATCH,0.0,SIN_CANDIDATO_DE_CONTACTO,0.0,SIN_CANDIDATO_DE_CONTACTO,0,SIN_MATCH,SIN_MATCH,False,SIN_MATCH,0.0,SIN_MATCH,0.0,0.0,0.0,0.0,0.0,0.0,0.0,0.0,0,NO_APLICA
ft_sal_001761,SIN_MATCH,0.0,EVIDENCIA_INSUFICIENTE,0.0,EVIDENCIA_INSUFICIENTE,2,bm_usr_004575,bm_usr_004458,True,bm_usr_004458,0.58,bm_usr_004575,0.58,1.0,0.0,0.24,0.0,0.0,1.0,0.5385,0,NO_APLICA
ft_sal_001762,SIN_MATCH,0.0,SIN_CANDIDATO_DE_CONTACTO,0.0,SIN_CANDIDATO_DE_CONTACTO,0,SIN_MATCH,SIN_MATCH,False,SIN_MATCH,0.0,SIN_MATCH,0.0,0.0,0.0,0.0,0.0,0.0,0.0,0.0,0,NO_APLICA
ft_sal_001764,SIN_MATCH,0.0,SIN_CANDIDATO_DE_CONTACTO,0.0,SIN_CANDIDATO_DE_CONTACTO,0,SIN_MATCH,SIN_MATCH,False,SIN_MATCH,0.0,SIN_MATCH,0.0,0.0,0.0,0.0,0.0,0.0,0.0,0.0,0,NO_APLICA
ft_sal_001765,SIN_MATCH,0.0,SIN_CANDIDATO_DE_CONTACTO,0.0,SIN_CANDIDATO_DE_CONTACTO,0,SIN_MATCH,SIN_MATCH,False,SIN_MATCH,0.0,SIN_MATCH,0.0,0.0,0.0,0.0,0.0,0.0,0.0,0.0,0,NO_APLICA
ft_sal_001767,SIN_MATCH,0.0,SIN_CANDIDATO_DE_CONTACTO,0.0,SIN_CANDIDATO_DE_CONTACTO,0,SIN_MATCH,SIN_MATCH,False,SIN_MATCH,0.0,SIN_MATCH,0.0,0.0,0.0,0.0,0.0,0.0,0.0,0.0,0,NO_APLICA
ft_sal_001771,SIN_MATCH,0.0,SIN_CANDIDATO_DE_CONTACTO,0.0,SIN_CANDIDATO_DE_CONTACTO,0,SIN_MATCH,SIN_MATCH,False,SIN_MATCH,0.0,SIN_MATCH,0.0,0.0,0.0,0.0,0.0,0.0,0.0,0.0,0,NO_APLICA
ft_sal_001772,SIN_MATCH,0.0,SIN_CANDIDATO_DE_CONTACTO,0.0,SIN_CANDIDATO_DE_CONTACTO,0,SIN_MATCH,SIN_MATCH,False,SIN_MATCH,0.0,SIN_MATCH,0.0,0.0,0.0,0.0,0.0,0.0,0.0,0.0,0,NO_APLICA
ft_sal_001775,SIN_MATCH,0.0,SIN_CANDIDATO_DE_CONTACTO,0.0,SIN_CANDIDATO_DE_CONTACTO,0,SIN_MATCH,SIN_MATCH,False,SIN_MATCH,0.0,SIN_MATCH,0.0,0.0,0.0,0.0,0.0,0.0,0.0,0.0,0,NO_APLICA
ft_sal_001781,SIN_MATCH,0.0,SIN_CANDIDATO_DE_CONTACTO,0.0,SIN_CANDIDATO_DE_CONTACTO,0,SIN_MATCH,SIN_MATCH,False,SIN_MATCH,0.0,SIN_MATCH,0.0,0.0,0.0,0.0,0.0,0.0,0.0,0.0,0,NO_APLICA
ft_sal_001783,SIN_MATCH,0.0,SIN_CANDIDATO_DE_CONTACTO,0.0,SIN_CANDIDATO_DE_CONTACTO,0,SIN_MATCH,SIN_MATCH,False,SIN_MATCH,0.0,SIN_MATCH,0.0,0.0,0.0,0.0,0.0,0.0,0.0,0.0,0,NO_APLICA
ft_sal_001786,SIN_MATCH,0.0,SIN_CANDIDATO_DE_CONTACTO,0.0,SIN_CANDIDATO_DE_CONTACTO,0,SIN_MATCH,SIN_MATCH,False,SIN_MATCH,0.0,SIN_MATCH,0.0,0.0,0.0,0.0,0.0,0.0,0.0,0.0,0,NO_APLICA
ft_sal_001789,SIN_MATCH,0.0,SIN_CANDIDATO_DE_CONTACTO,0.0,SIN_CANDIDATO_DE_CONTACTO,0,SIN_MATCH,SIN_MATCH,False,SIN_MATCH,0.0,SIN_MATCH,0.0,0.0,0.0,0.0,0.0,0.0,0.0,0.0,0,NO_APLICA
ft_sal_001790,SIN_MATCH,0.0,SIN_CANDIDATO_DE_CONTACTO,0.0,SIN_CANDIDATO_DE_CONTACTO,0,SIN_MATCH,SIN_MATCH,False,SIN_MATCH,0.0,SIN_MATCH,0.0,0.0,0.0,0.0,0.0,0.0,0.0,0.0,0,NO_APLICA
ft_sal_001793,SIN_MATCH,0.0,SIN_CANDIDATO_DE_CONTACTO,0.0,SIN_CANDIDATO_DE_CONTACTO,0,SIN_MATCH,SIN_MATCH,False,SIN_MATCH,0.0,SIN_MATCH,0.0,0.0,0.0,0.0,0.0,0.0,0.0,0.0,0,NO_APLICA
ft_sal_001794,SIN_MATCH,0.0,SIN_CANDIDATO_DE_CONTACTO,0.0,SIN_CANDIDATO_DE_CONTACTO,0,SIN_MATCH,SIN_MATCH,False,SIN_MATCH,0.0,SIN_MATCH,0.0,0.0,0.0,0.0,0.0,0.0,0.0,0.0,0,NO_APLICA
ft_sal_001795,SIN_MATCH,0.0,EVIDENCIA_INSUFICIENTE,0.0,EVIDENCIA_INSUFICIENTE,3,bm_usr_003738,bm_usr_005071,True,bm_usr_005071,0.58,bm_usr_003738,0.58,1.0,0.0,0.1905,0.0,0.0,1.0,0.3636,0,NO_APLICA
ft_sal_001796,SIN_MATCH,0.0,SIN_CANDIDATO_DE_CONTACTO,0.0,SIN_CANDIDATO_DE_CONTACTO,0,SIN_MATCH,SIN_MATCH,False,SIN_MATCH,0.0,SIN_MATCH,0.0,0.0,0.0,0.0,0.0,0.0,0.0,0.0,0,NO_APLICA
ft_sal_001808,SIN_MATCH,0.0,SIN_CANDIDATO_DE_CONTACTO,0.0,SIN_CANDIDATO_DE_CONTACTO,0,SIN_MATCH,SIN_MATCH,False,SIN_MATCH,0.0,SIN_MATCH,0.0,0.0,0.0,0.0,0.0,0.0,0.0,0.0,0,NO_APLICA
ft_sal_001809,SIN_MATCH,0.0,SIN_CANDIDATO_DE_CONTACTO,0.0,SIN_CANDIDATO_DE_CONTACTO,0,SIN_MATCH,SIN_MATCH,False,SIN_MATCH,0.0,SIN_MATCH,0.0,0.0,0.0,0.0,0.0,0.0,0.0,0.0,0,NO_APLICA
ft_sal_001818,SIN_MATCH,0.0,SIN_CANDIDATO_DE_CONTACTO,0.0,SIN_CANDIDATO_DE_CONTACTO,0,SIN_MATCH,SIN_MATCH,False,SIN_MATCH,0.0,SIN_MATCH,0.0,0.0,0.0,0.0,0.0,0.0,0.0,0.0,0,NO_APLICA
ft_sal_001819,SIN_MATCH,0.0,SIN_CANDIDATO_DE_CONTACTO,0.0,SIN_CANDIDATO_DE_CONTACTO,0,SIN_MATCH,SIN_MATCH,False,SIN_MATCH,0.0,SIN_MATCH,0.0,0.0,0.0,0.0,0.0,0.0,0.0,0.0,0,NO_APLICA
ft_sal_001823,SIN_MATCH,0.0,SIN_CANDIDATO_DE_CONTACTO,0.0,SIN_CANDIDATO_DE_CONTACTO,0,SIN_MATCH,SIN_MATCH,False,SIN_MATCH,0.0,SIN_MATCH,0.0,0.0,0.0,0.0,0.0,0.0,0.0,0.0,0,NO_APLICA
ft_sal_001824,SIN_MATCH,0.0,SIN_CANDIDATO_DE_CONTACTO,0.0,SIN_CANDIDATO_DE_CONTACTO,0,SIN_MATCH,SIN_MATCH,False,SIN_MATCH,0.0,SIN_MATCH,0.0,0.0,0.0,0.0,0.0,0.0,0.0,0.0,0,NO_APLICA
ft_sal_001825,SIN_MATCH,0.0,EVIDENCIA_INSUFICIENTE,0.0,EVIDENCIA_INSUFICIENTE,1,bm_usr_002830,SIN_MATCH,False,bm_usr_002830,0.58,SIN_MATCH,0.0,0.0,0.0,0.0,0.58,1.0,0.0,0.3,0,NO_APLICA
ft_sal_001828,SIN_MATCH,0.0,AMBIGUO,0.0,AMBIGUO,2,bm_usr_002315,bm_usr_001825,True,bm_usr_002315,0.96,bm_usr_001825,0.96,0.0,1.0,1.0,0.0,1.0,0.0,1.0,0,NO_APLICA
ft_sal_001830,SIN_MATCH,0.0,SIN_CANDIDATO_DE_CONTACTO,0.0,SIN_CANDIDATO_DE_CONTACTO,0,SIN_MATCH,SIN_MATCH,False,SIN_MATCH,0.0,SIN_MATCH,0.0,0.0,0.0,0.0,0.0,0.0,0.0,0.0,0,NO_APLICA
ft_sal_001831,SIN_MATCH,0.0,SIN_CANDIDATO_DE_CONTACTO,0.0,SIN_CANDIDATO_DE_CONTACTO,0,SIN_MATCH,SIN_MATCH,False,SIN_MATCH,0.0,SIN_MATCH,0.0,0.0,0.0,0.0,0.0,0.0,0.0,0.0,0,NO_APLICA
ft_sal_001835,SIN_MATCH,0.0,SIN_CANDIDATO_DE_CONTACTO,0.0,SIN_CANDIDATO_DE_CONTACTO,0,SIN_MATCH,SIN_MATCH,False,SIN_MATCH,0.0,SIN_MATCH,0.0,0.0,0.0,0.0,0.0,0.0,0.0,0.0,0,NO_APLICA
ft_sal_001836,SIN_MATCH,0.0,SIN_CANDIDATO_DE_CONTACTO,0.0,SIN_CANDIDATO_DE_CONTACTO,0,SIN_MATCH,SIN_MATCH,False,SIN_MATCH,0.0,SIN_MATCH,0.0,0.0,0.0,0.0,0.0,0.0,0.0,0.0,0,NO_APLICA
ft_sal_001837,SIN_MATCH,0.0,EVIDENCIA_INSUFICIENTE,0.0,EVIDENCIA_INSUFICIENTE,2,bm_usr_004489,bm_usr_002538,True,bm_usr_004489,0.58,bm_usr_002538,0.58,0.0,1.0,0.25,0.0,1.0,0.0,0.2857,0,NO_APLICA
ft_sal_001840,SIN_MATCH,0.0,AMBIGUO,0.0,AMBIGUO,2,bm_usr_002315,bm_usr_001825,True,bm_usr_002315,0.96,bm_usr_001825,0.96,0.0,1.0,1.0,0.0,1.0,0.0,1.0,0,NO_APLICA
ft_sal_001842,SIN_MATCH,0.0,SIN_CANDIDATO_DE_CONTACTO,0.0,SIN_CANDIDATO_DE_CONTACTO,0,SIN_MATCH,SIN_MATCH,False,SIN_MATCH,0.0,SIN_MATCH,0.0,0.0,0.0,0.0,0.0,0.0,0.0,0.0,0,NO_APLICA
ft_sal_001847,SIN_MATCH,0.0,SIN_CANDIDATO_DE_CONTACTO,0.0,SIN_CANDIDATO_DE_CONTACTO,0,SIN_MATCH,SIN_MATCH,False,SIN_MATCH,0.0,SIN_MATCH,0.0,0.0,0.0,0.0,0.0,0.0,0.0,0.0,0,NO_APLICA
ft_sal_001848,SIN_MATCH,0.0,SIN_CANDIDATO_DE_CONTACTO,0.0,SIN_CANDIDATO_DE_CONTACTO,0,SIN_MATCH,SIN_MATCH,False,SIN_MATCH,0.0,SIN_MATCH,0.0,0.0,0.0,0.0,0.0,0.0,0.0,0.0,0,NO_APLICA
ft_sal_001851,SIN_MATCH,0.0,SIN_CANDIDATO_DE_CONTACTO,0.0,SIN_CANDIDATO_DE_CONTACTO,0,SIN_MATCH,SIN_MATCH,False,SIN_MATCH,0.0,SIN_MATCH,0.0,0.0,0.0,0.0,0.0,0.0,0.0,0.0,0,NO_APLICA
ft_sal_001854,SIN_MATCH,0.0,SIN_CANDIDATO_DE_CONTACTO,0.0,SIN_CANDIDATO_DE_CONTACTO,0,SIN_MATCH,SIN_MATCH,False,SIN_MATCH,0.0,SIN_MATCH,0.0,0.0,0.0,0.0,0.0,0.0,0.0,0.0,0,NO_APLICA
ft_sal_001855,SIN_MATCH,0.0,SIN_CANDIDATO_DE_CONTACTO,0.0,SIN_CANDIDATO_DE_CONTACTO,0,SIN_MATCH,SIN_MATCH,False,SIN_MATCH,0.0,SIN_MATCH,0.0,0.0,0.0,0.0,0.0,0.0,0.0,0.0,0,NO_APLICA
ft_sal_001862,SIN_MATCH,0.0,SIN_CANDIDATO_DE_CONTACTO,0.0,SIN_CANDIDATO_DE_CONTACTO,0,SIN_MATCH,SIN_MATCH,False,SIN_MATCH,0.0,SIN_MATCH,0.0,0.0,0.0,0.0,0.0,0.0,0.0,0.0,0,NO_APLICA
ft_sal_001864,SIN_MATCH,0.0,SIN_CANDIDATO_DE_CONTACTO,0.0,SIN_CANDIDATO_DE_CONTACTO,0,SIN_MATCH,SIN_MATCH,False,SIN_MATCH,0.0,SIN_MATCH,0.0,0.0,0.0,0.0,0.0,0.0,0.0,0.0,0,NO_APLICA
ft_sal_001866,SIN_MATCH,0.0,SIN_CANDIDATO_DE_CONTACTO,0.0,SIN_CANDIDATO_DE_CONTACTO,0,SIN_MATCH,SIN_MATCH,False,SIN_MATCH,0.0,SIN_MATCH,0.0,0.0,0.0,0.0,0.0,0.0,0.0,0.0,0,NO_APLICA
ft_sal_001870,SIN_MATCH,0.0,SIN_CANDIDATO_DE_CONTACTO,0.0,SIN_CANDIDATO_DE_CONTACTO,0,SIN_MATCH,SIN_MATCH,False,SIN_MATCH,0.0,SIN_MATCH,0.0,0.0,0.0,0.0,0.0,0.0,0.0,0.0,0,NO_APLICA
ft_sal_001872,SIN_MATCH,0.0,SIN_CANDIDATO_DE_CONTACTO,0.0,SIN_CANDIDATO_DE_CONTACTO,0,SIN_MATCH,SIN_MATCH,False,SIN_MATCH,0.0,SIN_MATCH,0.0,0.0,0.0,0.0,0.0,0.0,0.0,0.0,0,NO_APLICA
ft_sal_001875,SIN_MATCH,0.0,SIN_CANDIDATO_DE_CONTACTO,0.0,SIN_CANDIDATO_DE_CONTACTO,0,SIN_MATCH,SIN_MATCH,False,SIN_MATCH,0.0,SIN_MATCH,0.0,0.0,0.0,0.0,0.0,0.0,0.0,0.0,0,NO_APLICA
ft_sal_001881,SIN_MATCH,0.0,SIN_CANDIDATO_DE_CONTACTO,0.0,SIN_CANDIDATO_DE_CONTACTO,0,SIN_MATCH,SIN_MATCH,False,SIN_MATCH,0.0,SIN_MATCH,0.0,0.0,0.0,0.0,0.0,0.0,0.0,0.0,0,NO_APLICA
ft_sal_001882,SIN_MATCH,0.0,SIN_CANDIDATO_DE_CONTACTO,0.0,SIN_CANDIDATO_DE_CONTACTO,0,SIN_MATCH,SIN_MATCH,False,SIN_MATCH,0.0,SIN_MATCH,0.0,0.0,0.0,0.0,0.0,0.0,0.0,0.0,0,NO_APLICA
ft_sal_001883,SIN_MATCH,0.0,SIN_CANDIDATO_DE_CONTACTO,0.0,SIN_CANDIDATO_DE_CONTACTO,0,SIN_MATCH,SIN_MATCH,False,SIN_MATCH,0.0,SIN_MATCH,0.0,0.0,0.0,0.0,0.0,0.0,0.0,0.0,0,NO_APLICA
ft_sal_001884,SIN_MATCH,0.0,SIN_CANDIDATO_DE_CONTACTO,0.0,SIN_CANDIDATO_DE_CONTACTO,0,SIN_MATCH,SIN_MATCH,False,SIN_MATCH,0.0,SIN_MATCH,0.0,0.0,0.0,0.0,0.0,0.0,0.0,0.0,0,NO_APLICA
ft_sal_001885,SIN_MATCH,0.0,SIN_CANDIDATO_DE_CONTACTO,0.0,SIN_CANDIDATO_DE_CONTACTO,0,SIN_MATCH,SIN_MATCH,False,SIN_MATCH,0.0,SIN_MATCH,0.0,0.0,0.0,0.0,0.0,0.0,0.0,0.0,0,NO_APLICA
ft_sal_001887,SIN_MATCH,0.0,SIN_CANDIDATO_DE_CONTACTO,0.0,SIN_CANDIDATO_DE_CONTACTO,0,SIN_MATCH,SIN_MATCH,False,SIN_MATCH,0.0,SIN_MATCH,0.0,0.0,0.0,0.0,0.0,0.0,0.0,0.0,0,NO_APLICA
ft_sal_001889,SIN_MATCH,0.0,SIN_CANDIDATO_DE_CONTACTO,0.0,SIN_CANDIDATO_DE_CONTACTO,0,SIN_MATCH,SIN_MATCH,False,SIN_MATCH,0.0,SIN_MATCH,0.0,0.0,0.0,0.0,0.0,0.0,0.0,0.0,0,NO_APLICA
ft_sal_001896,SIN_MATCH,0.0,SIN_CANDIDATO_DE_CONTACTO,0.0,SIN_CANDIDATO_DE_CONTACTO,0,SIN_MATCH,SIN_MATCH,False,SIN_MATCH,0.0,SIN_MATCH,0.0,0.0,0.0,0.0,0.0,0.0,0.0,0.0,0,NO_APLICA
ft_sal_001897,SIN_MATCH,0.0,SIN_CANDIDATO_DE_CONTACTO,0.0,SIN_CANDIDATO_DE_CONTACTO,0,SIN_MATCH,SIN_MATCH,False,SIN_MATCH,0.0,SIN_MATCH,0.0,0.0,0.0,0.0,0.0,0.0,0.0,0.0,0,NO_APLICA
ft_sal_001901,SIN_MATCH,0.0,SIN_CANDIDATO_DE_CONTACTO,0.0,SIN_CANDIDATO_DE_CONTACTO,0,SIN_MATCH,SIN_MATCH,False,SIN_MATCH,0.0,SIN_MATCH,0.0,0.0,0.0,0.0,0.0,0.0,0.0,0.0,0,NO_APLICA
ft_sal_001907,SIN_MATCH,0.0,SIN_CANDIDATO_DE_CONTACTO,0.0,SIN_CANDIDATO_DE_CONTACTO,0,SIN_MATCH,SIN_MATCH,False,SIN_MATCH,0.0,SIN_MATCH,0.0,0.0,0.0,0.0,0.0,0.0,0.0,0.0,0,NO_APLICA
ft_sal_001912,SIN_MATCH,0.0,SIN_CANDIDATO_DE_CONTACTO,0.0,SIN_CANDIDATO_DE_CONTACTO,0,SIN_MATCH,SIN_MATCH,False,SIN_MATCH,0.0,SIN_MATCH,0.0,0.0,0.0,0.0,0.0,0.0,0.0,0.0,0,NO_APLICA
ft_sal_001914,SIN_MATCH,0.0,SIN_CANDIDATO_DE_CONTACTO,0.0,SIN_CANDIDATO_DE_CONTACTO,0,SIN_MATCH,SIN_MATCH,False,SIN_MATCH,0.0,SIN_MATCH,0.0,0.0,0.0,0.0,0.0,0.0,0.0,0.0,0,NO_APLICA
ft_sal_001915,SIN_MATCH,0.0,SIN_CANDIDATO_DE_CONTACTO,0.0,SIN_CANDIDATO_DE_CONTACTO,0,SIN_MATCH,SIN_MATCH,False,SIN_MATCH,0.0,SIN_MATCH,0.0,0.0,0.0,0.0,0.0,0.0,0.0,0.0,0,NO_APLICA
ft_sal_001921,SIN_MATCH,0.0,SIN_CANDIDATO_DE_CONTACTO,0.0,SIN_CANDIDATO_DE_CONTACTO,0,SIN_MATCH,SIN_MATCH,False,SIN_MATCH,0.0,SIN_MATCH,0.0,0.0,0.0,0.0,0.0,0.0,0.0,0.0,0,NO_APLICA
ft_sal_001924,SIN_MATCH,0.0,SIN_CANDIDATO_DE_CONTACTO,0.0,SIN_CANDIDATO_DE_CONTACTO,0,SIN_MATCH,SIN_MATCH,False,SIN_MATCH,0.0,SIN_MATCH,0.0,0.0,0.0,0.0,0.0,0.0,0.0,0.0,0,NO_APLICA
ft_sal_001926,SIN_MATCH,0.0,SIN_CANDIDATO_DE_CONTACTO,0.0,SIN_CANDIDATO_DE_CONTACTO,0,SIN_MATCH,SIN_MATCH,False,SIN_MATCH,0.0,SIN_MATCH,0.0,0.0,0.0,0.0,0.0,0.0,0.0,0.0,0,NO_APLICA
ft_sal_001927,SIN_MATCH,0.0,SIN_CANDIDATO_DE_CONTACTO,0.0,SIN_CANDIDATO_DE_CONTACTO,0,SIN_MATCH,SIN_MATCH,False,SIN_MATCH,0.0,SIN_MATCH,0.0,0.0,0.0,0.0,0.0,0.0,0.0,0.0,0,NO_APLICA
ft_sal_001930,SIN_MATCH,0.0,AMBIGUO,0.0,AMBIGUO,2,bm_usr_001699,bm_usr_002300,True,bm_usr_001699,0.96,bm_usr_002300,0.96,0.0,1.0,1.0,0.0,1.0,0.0,1.0,0,NO_APLICA
ft_sal_001932,SIN_MATCH,0.0,SIN_CANDIDATO_DE_CONTACTO,0.0,SIN_CANDIDATO_DE_CONTACTO,0,SIN_MATCH,SIN_MATCH,False,SIN_MATCH,0.0,SIN_MATCH,0.0,0.0,0.0,0.0,0.0,0.0,0.0,0.0,0,NO_APLICA
ft_sal_001934,SIN_MATCH,0.0,SIN_CANDIDATO_DE_CONTACTO,0.0,SIN_CANDIDATO_DE_CONTACTO,0,SIN_MATCH,SIN_MATCH,False,SIN_MATCH,0.0,SIN_MATCH,0.0,0.0,0.0,0.0,0.0,0.0,0.0,0.0,0,NO_APLICA
ft_sal_001935,SIN_MATCH,0.0,SIN_CANDIDATO_DE_CONTACTO,0.0,SIN_CANDIDATO_DE_CONTACTO,0,SIN_MATCH,SIN_MATCH,False,SIN_MATCH,0.0,SIN_MATCH,0.0,0.0,0.0,0.0,0.0,0.0,0.0,0.0,0,NO_APLICA
ft_sal_001938,SIN_MATCH,0.0,SIN_CANDIDATO_DE_CONTACTO,0.0,SIN_CANDIDATO_DE_CONTACTO,0,SIN_MATCH,SIN_MATCH,False,SIN_MATCH,0.0,SIN_MATCH,0.0,0.0,0.0,0.0,0.0,0.0,0.0,0.0,0,NO_APLICA
ft_sal_001939,SIN_MATCH,0.0,SIN_CANDIDATO_DE_CONTACTO,0.0,SIN_CANDIDATO_DE_CONTACTO,0,SIN_MATCH,SIN_MATCH,False,SIN_MATCH,0.0,SIN_MATCH,0.0,0.0,0.0,0.0,0.0,0.0,0.0,0.0,0,NO_APLICA
ft_sal_001940,SIN_MATCH,0.0,SIN_CANDIDATO_DE_CONTACTO,0.0,SIN_CANDIDATO_DE_CONTACTO,0,SIN_MATCH,SIN_MATCH,False,SIN_MATCH,0.0,SIN_MATCH,0.0,0.0,0.0,0.0,0.0,0.0,0.0,0.0,0,NO_APLICA
ft_sal_001943,SIN_MATCH,0.0,SIN_CANDIDATO_DE_CONTACTO,0.0,SIN_CANDIDATO_DE_CONTACTO,0,SIN_MATCH,SIN_MATCH,False,SIN_MATCH,0.0,SIN_MATCH,0.0,0.0,0.0,0.0,0.0,0.0,0.0,0.0,0,NO_APLICA
ft_sal_001946,SIN_MATCH,0.0,SIN_CANDIDATO_DE_CONTACTO,0.0,SIN_CANDIDATO_DE_CONTACTO,0,SIN_MATCH,SIN_MATCH,False,SIN_MATCH,0.0,SIN_MATCH,0.0,0.0,0.0,0.0,0.0,0.0,0.0,0.0,0,NO_APLICA
ft_sal_001953,SIN_MATCH,0.0,SIN_CANDIDATO_DE_CONTACTO,0.0,SIN_CANDIDATO_DE_CONTACTO,0,SIN_MATCH,SIN_MATCH,False,SIN_MATCH,0.0,SIN_MATCH,0.0,0.0,0.0,0.0,0.0,0.0,0.0,0.0,0,NO_APLICA
ft_sal_001958,SIN_MATCH,0.0,SIN_CANDIDATO_DE_CONTACTO,0.0,SIN_CANDIDATO_DE_CONTACTO,0,SIN_MATCH,SIN_MATCH,False,SIN_MATCH,0.0,SIN_MATCH,0.0,0.0,0.0,0.0,0.0,0.0,0.0,0.0,0,NO_APLICA
ft_sal_001959,SIN_MATCH,0.0,SIN_CANDIDATO_DE_CONTACTO,0.0,SIN_CANDIDATO_DE_CONTACTO,0,SIN_MATCH,SIN_MATCH,False,SIN_MATCH,0.0,SIN_MATCH,0.0,0.0,0.0,0.0,0.0,0.0,0.0,0.0,0,NO_APLICA
ft_sal_001960,SIN_MATCH,0.0,SIN_CANDIDATO_DE_CONTACTO,0.0,SIN_CANDIDATO_DE_CONTACTO,0,SIN_MATCH,SIN_MATCH,False,SIN_MATCH,0.0,SIN_MATCH,0.0,0.0,0.0,0.0,0.0,0.0,0.0,0.0,0,NO_APLICA
ft_sal_001961,SIN_MATCH,0.0,SIN_CANDIDATO_DE_CONTACTO,0.0,SIN_CANDIDATO_DE_CONTACTO,0,SIN_MATCH,SIN_MATCH,False,SIN_MATCH,0.0,SIN_MATCH,0.0,0.0,0.0,0.0,0.0,0.0,0.0,0.0,0,NO_APLICA
ft_sal_001963,SIN_MATCH,0.0,SIN_CANDIDATO_DE_CONTACTO,0.0,SIN_CANDIDATO_DE_CONTACTO,0,SIN_MATCH,SIN_MATCH,False,SIN_MATCH,0.0,SIN_MATCH,0.0,0.0,0.0,0.0,0.0,0.0,0.0,0.0,0,NO_APLICA
ft_sal_001964,SIN_MATCH,0.0,SIN_CANDIDATO_DE_CONTACTO,0.0,SIN_CANDIDATO_DE_CONTACTO,0,SIN_MATCH,SIN_MATCH,False,SIN_MATCH,0.0,SIN_MATCH,0.0,0.0,0.0,0.0,0.0,0.0,0.0,0.0,0,NO_APLICA
ft_sal_001966,SIN_MATCH,0.0,SIN_CANDIDATO_DE_CONTACTO,0.0,SIN_CANDIDATO_DE_CONTACTO,0,SIN_MATCH,SIN_MATCH,False,SIN_MATCH,0.0,SIN_MATCH,0.0,0.0,0.0,0.0,0.0,0.0,0.0,0.0,0,NO_APLICA
ft_sal_001972,SIN_MATCH,0.0,SIN_CANDIDATO_DE_CONTACTO,0.0,SIN_CANDIDATO_DE_CONTACTO,0,SIN_MATCH,SIN_MATCH,False,SIN_MATCH,0.0,SIN_MATCH,0.0,0.0,0.0,0.0,0.0,0.0,0.0,0.0,0,NO_APLICA
ft_sal_001974,SIN_MATCH,0.0,SIN_CANDIDATO_DE_CONTACTO,0.0,SIN_CANDIDATO_DE_CONTACTO,0,SIN_MATCH,SIN_MATCH,False,SIN_MATCH,0.0,SIN_MATCH,0.0,0.0,0.0,0.0,0.0,0.0,0.0,0.0,0,NO_APLICA
ft_sal_001977,SIN_MATCH,0.0,SIN_CANDIDATO_DE_CONTACTO,0.0,SIN_CANDIDATO_DE_CONTACTO,0,SIN_MATCH,SIN_MATCH,False,SIN_MATCH,0.0,SIN_MATCH,0.0,0.0,0.0,0.0,0.0,0.0,0.0,0.0,0,NO_APLICA
ft_sal_001978,SIN_MATCH,0.0,SIN_CANDIDATO_DE_CONTACTO,0.0,SIN_CANDIDATO_DE_CONTACTO,0,SIN_MATCH,SIN_MATCH,False,SIN_MATCH,0.0,SIN_MATCH,0.0,0.0,0.0,0.0,0.0,0.0,0.0,0.0,0,NO_APLICA
ft_sal_001981,SIN_MATCH,0.0,SIN_CANDIDATO_DE_CONTACTO,0.0,SIN_CANDIDATO_DE_CONTACTO,0,SIN_MATCH,SIN_MATCH,False,SIN_MATCH,0.0,SIN_MATCH,0.0,0.0,0.0,0.0,0.0,0.0,0.0,0.0,0,NO_APLICA
ft_sal_001982,SIN_MATCH,0.0,SIN_CANDIDATO_DE_CONTACTO,0.0,SIN_CANDIDATO_DE_CONTACTO,0,SIN_MATCH,SIN_MATCH,False,SIN_MATCH,0.0,SIN_MATCH,0.0,0.0,0.0,0.0,0.0,0.0,0.0,0.0,0,NO_APLICA
ft_sal_001983,SIN_MATCH,0.0,SIN_CANDIDATO_DE_CONTACTO,0.0,SIN_CANDIDATO_DE_CONTACTO,0,SIN_MATCH,SIN_MATCH,False,SIN_MATCH,0.0,SIN_MATCH,0.0,0.0,0.0,0.0,0.0,0.0,0.0,0.0,0,NO_APLICA
ft_sal_001984,SIN_MATCH,0.0,SIN_CANDIDATO_DE_CONTACTO,0.0,SIN_CANDIDATO_DE_CONTACTO,0,SIN_MATCH,SIN_MATCH,False,SIN_MATCH,0.0,SIN_MATCH,0.0,0.0,0.0,0.0,0.0,0.0,0.0,0.0,0,NO_APLICA
ft_sal_001985,SIN_MATCH,0.0,SIN_CANDIDATO_DE_CONTACTO,0.0,SIN_CANDIDATO_DE_CONTACTO,0,SIN_MATCH,SIN_MATCH,False,SIN_MATCH,0.0,SIN_MATCH,0.0,0.0,0.0,0.0,0.0,0.0,0.0,0.0,0,NO_APLICA
ft_sal_001987,SIN_MATCH,0.0,SIN_CANDIDATO_DE_CONTACTO,0.0,SIN_CANDIDATO_DE_CONTACTO,0,SIN_MATCH,SIN_MATCH,False,SIN_MATCH,0.0,SIN_MATCH,0.0,0.0,0.0,0.0,0.0,0.0,0.0,0.0,0,NO_APLICA
ft_sal_001989,SIN_MATCH,0.0,SIN_CANDIDATO_DE_CONTACTO,0.0,SIN_CANDIDATO_DE_CONTACTO,0,SIN_MATCH,SIN_MATCH,False,SIN_MATCH,0.0,SIN_MATCH,0.0,0.0,0.0,0.0,0.0,0.0,0.0,0.0,0,NO_APLICA
ft_sal_001992,SIN_MATCH,0.0,SIN_CANDIDATO_DE_CONTACTO,0.0,SIN_CANDIDATO_DE_CONTACTO,0,SIN_MATCH,SIN_MATCH,False,SIN_MATCH,0.0,SIN_MATCH,0.0,0.0,0.0,0.0,0.0,0.0,0.0,0.0,0,NO_APLICA
ft_sal_001994,SIN_MATCH,0.0,SIN_CANDIDATO_DE_CONTACTO,0.0,SIN_CANDIDATO_DE_CONTACTO,0,SIN_MATCH,SIN_MATCH,False,SIN_MATCH,0.0,SIN_MATCH,0.0,0.0,0.0,0.0,0.0,0.0,0.0,0.0,0,NO_APLICA
ft_sal_001996,SIN_MATCH,0.0,SIN_CANDIDATO_DE_CONTACTO,0.0,SIN_CANDIDATO_DE_CONTACTO,0,SIN_MATCH,SIN_MATCH,False,SIN_MATCH,0.0,SIN_MATCH,0.0,0.0,0.0,0.0,0.0,0.0,0.0,0.0,0,NO_APLICA
ft_sal_001997,SIN_MATCH,0.0,SIN_CANDIDATO_DE_CONTACTO,0.0,SIN_CANDIDATO_DE_CONTACTO,0,SIN_MATCH,SIN_MATCH,False,SIN_MATCH,0.0,SIN_MATCH,0.0,0.0,0.0,0.0,0.0,0.0,0.0,0.0,0,NO_APLICA
ft_sal_001998,SIN_MATCH,0.0,SIN_CANDIDATO_DE_CONTACTO,0.0,SIN_CANDIDATO_DE_CONTACTO,0,SIN_MATCH,SIN_MATCH,False,SIN_MATCH,0.0,SIN_MATCH,0.0,0.0,0.0,0.0,0.0,0.0,0.0,0.0,0,NO_APLICA
ft_sal_002000,SIN_MATCH,0.0,EVIDENCIA_INSUFICIENTE,0.0,EVIDENCIA_INSUFICIENTE,1,bm_usr_001228,SIN_MATCH,False,bm_usr_001228,0.58,SIN_MATCH,0.0,0.0,0.0,0.0,0.58,1.0,0.0,0.32,0,NO_APLICA
ft_sal_002001,SIN_MATCH,0.0,SIN_CANDIDATO_DE_CONTACTO,0.0,SIN_CANDIDATO_DE_CONTACTO,0,SIN_MATCH,SIN_MATCH,False,SIN_MATCH,0.0,SIN_MATCH,0.0,0.0,0.0,0.0,0.0,0.0,0.0,0.0,0,NO_APLICA
ft_sal_002003,SIN_MATCH,0.0,SIN_CANDIDATO_DE_CONTACTO,0.0,SIN_CANDIDATO_DE_CONTACTO,0,SIN_MATCH,SIN_MATCH,False,SIN_MATCH,0.0,SIN_MATCH,0.0,0.0,0.0,0.0,0.0,0.0,0.0,0.0,0,NO_APLICA
ft_sal_002004,SIN_MATCH,0.0,SIN_CANDIDATO_DE_CONTACTO,0.0,SIN_CANDIDATO_DE_CONTACTO,0,SIN_MATCH,SIN_MATCH,False,SIN_MATCH,0.0,SIN_MATCH,0.0,0.0,0.0,0.0,0.0,0.0,0.0,0.0,0,NO_APLICA
ft_sal_002005,SIN_MATCH,0.0,SIN_CANDIDATO_DE_CONTACTO,0.0,SIN_CANDIDATO_DE_CONTACTO,0,SIN_MATCH,SIN_MATCH,False,SIN_MATCH,0.0,SIN_MATCH,0.0,0.0,0.0,0.0,0.0,0.0,0.0,0.0,0,NO_APLICA
ft_sal_002007,SIN_MATCH,0.0,SIN_CANDIDATO_DE_CONTACTO,0.0,SIN_CANDIDATO_DE_CONTACTO,0,SIN_MATCH,SIN_MATCH,False,SIN_MATCH,0.0,SIN_MATCH,0.0,0.0,0.0,0.0,0.0,0.0,0.0,0.0,0,NO_APLICA
ft_sal_002009,SIN_MATCH,0.0,SIN_CANDIDATO_DE_CONTACTO,0.0,SIN_CANDIDATO_DE_CONTACTO,0,SIN_MATCH,SIN_MATCH,False,SIN_MATCH,0.0,SIN_MATCH,0.0,0.0,0.0,0.0,0.0,0.0,0.0,0.0,0,NO_APLICA
ft_sal_002010,SIN_MATCH,0.0,SIN_CANDIDATO_DE_CONTACTO,0.0,SIN_CANDIDATO_DE_CONTACTO,0,SIN_MATCH,SIN_MATCH,False,SIN_MATCH,0.0,SIN_MATCH,0.0,0.0,0.0,0.0,0.0,0.0,0.0,0.0,0,NO_APLICA
ft_sal_002013,SIN_MATCH,0.0,SIN_CANDIDATO_DE_CONTACTO,0.0,SIN_CANDIDATO_DE_CONTACTO,0,SIN_MATCH,SIN_MATCH,False,SIN_MATCH,0.0,SIN_MATCH,0.0,0.0,0.0,0.0,0.0,0.0,0.0,0.0,0,NO_APLICA
ft_sal_002014,SIN_MATCH,0.0,SIN_CANDIDATO_DE_CONTACTO,0.0,SIN_CANDIDATO_DE_CONTACTO,0,SIN_MATCH,SIN_MATCH,False,SIN_MATCH,0.0,SIN_MATCH,0.0,0.0,0.0,0.0,0.0,0.0,0.0,0.0,0,NO_APLICA
ft_sal_002016,SIN_MATCH,0.0,SIN_CANDIDATO_DE_CONTACTO,0.0,SIN_CANDIDATO_DE_CONTACTO,0,SIN_MATCH,SIN_MATCH,False,SIN_MATCH,0.0,SIN_MATCH,0.0,0.0,0.0,0.0,0.0,0.0,0.0,0.0,0,NO_APLICA
ft_sal_002017,SIN_MATCH,0.0,SIN_CANDIDATO_DE_CONTACTO,0.0,SIN_CANDIDATO_DE_CONTACTO,0,SIN_MATCH,SIN_MATCH,False,SIN_MATCH,0.0,SIN_MATCH,0.0,0.0,0.0,0.0,0.0,0.0,0.0,0.0,0,NO_APLICA
ft_sal_002018,SIN_MATCH,0.0,SIN_CANDIDATO_DE_CONTACTO,0.0,SIN_CANDIDATO_DE_CONTACTO,0,SIN_MATCH,SIN_MATCH,False,SIN_MATCH,0.0,SIN_MATCH,0.0,0.0,0.0,0.0,0.0,0.0,0.0,0.0,0,NO_APLICA
ft_sal_002019,SIN_MATCH,0.0,SIN_CANDIDATO_DE_CONTACTO,0.0,SIN_CANDIDATO_DE_CONTACTO,0,SIN_MATCH,SIN_MATCH,False,SIN_MATCH,0.0,SIN_MATCH,0.0,0.0,0.0,0.0,0.0,0.0,0.0,0.0,0,NO_APLICA
ft_sal_002020,SIN_MATCH,0.0,SIN_CANDIDATO_DE_CONTACTO,0.0,SIN_CANDIDATO_DE_CONTACTO,0,SIN_MATCH,SIN_MATCH,False,SIN_MATCH,0.0,SIN_MATCH,0.0,0.0,0.0,0.0,0.0,0.0,0.0,0.0,0,NO_APLICA
ft_sal_002021,SIN_MATCH,0.0,SIN_CANDIDATO_DE_CONTACTO,0.0,SIN_CANDIDATO_DE_CONTACTO,0,SIN_MATCH,SIN_MATCH,False,SIN_MATCH,0.0,SIN_MATCH,0.0,0.0,0.0,0.0,0.0,0.0,0.0,0.0,0,NO_APLICA
ft_sal_002023,SIN_MATCH,0.0,SIN_CANDIDATO_DE_CONTACTO,0.0,SIN_CANDIDATO_DE_CONTACTO,0,SIN_MATCH,SIN_MATCH,False,SIN_MATCH,0.0,SIN_MATCH,0.0,0.0,0.0,0.0,0.0,0.0,0.0,0.0,0,NO_APLICA
ft_sal_002024,SIN_MATCH,0.0,SIN_CANDIDATO_DE_CONTACTO,0.0,SIN_CANDIDATO_DE_CONTACTO,0,SIN_MATCH,SIN_MATCH,False,SIN_MATCH,0.0,SIN_MATCH,0.0,0.0,0.0,0.0,0.0,0.0,0.0,0.0,0,NO_APLICA
ft_sal_002026,SIN_MATCH,0.0,SIN_CANDIDATO_DE_CONTACTO,0.0,SIN_CANDIDATO_DE_CONTACTO,0,SIN_MATCH,SIN_MATCH,False,SIN_MATCH,0.0,SIN_MATCH,0.0,0.0,0.0,0.0,0.0,0.0,0.0,0.0,0,NO_APLICA
ft_sal_002027,SIN_MATCH,0.0,SIN_CANDIDATO_DE_CONTACTO,0.0,SIN_CANDIDATO_DE_CONTACTO,0,SIN_MATCH,SIN_MATCH,False,SIN_MATCH,0.0,SIN_MATCH,0.0,0.0,0.0,0.0,0.0,0.0,0.0,0.0,0,NO_APLICA
ft_sal_002029,SIN_MATCH,0.0,SIN_CANDIDATO_DE_CONTACTO,0.0,SIN_CANDIDATO_DE_CONTACTO,0,SIN_MATCH,SIN_MATCH,False,SIN_MATCH,0.0,SIN_MATCH,0.0,0.0,0.0,0.0,0.0,0.0,0.0,0.0,0,NO_APLICA
ft_sal_002030,SIN_MATCH,0.0,SIN_CANDIDATO_DE_CONTACTO,0.0,SIN_CANDIDATO_DE_CONTACTO,0,SIN_MATCH,SIN_MATCH,False,SIN_MATCH,0.0,SIN_MATCH,0.0,0.0,0.0,0.0,0.0,0.0,0.0,0.0,0,NO_APLICA
ft_sal_002032,SIN_MATCH,0.0,SIN_CANDIDATO_DE_CONTACTO,0.0,SIN_CANDIDATO_DE_CONTACTO,0,SIN_MATCH,SIN_MATCH,False,SIN_MATCH,0.0,SIN_MATCH,0.0,0.0,0.0,0.0,0.0,0.0,0.0,0.0,0,NO_APLICA
ft_sal_002033,SIN_MATCH,0.0,SIN_CANDIDATO_DE_CONTACTO,0.0,SIN_CANDIDATO_DE_CONTACTO,0,SIN_MATCH,SIN_MATCH,False,SIN_MATCH,0.0,SIN_MATCH,0.0,0.0,0.0,0.0,0.0,0.0,0.0,0.0,0,NO_APLICA
ft_sal_002036,SIN_MATCH,0.0,SIN_CANDIDATO_DE_CONTACTO,0.0,SIN_CANDIDATO_DE_CONTACTO,0,SIN_MATCH,SIN_MATCH,False,SIN_MATCH,0.0,SIN_MATCH,0.0,0.0,0.0,0.0,0.0,0.0,0.0,0.0,0,NO_APLICA
ft_sal_002038,SIN_MATCH,0.0,SIN_CANDIDATO_DE_CONTACTO,0.0,SIN_CANDIDATO_DE_CONTACTO,0,SIN_MATCH,SIN_MATCH,False,SIN_MATCH,0.0,SIN_MATCH,0.0,0.0,0.0,0.0,0.0,0.0,0.0,0.0,0,NO_APLICA
ft_sal_002039,SIN_MATCH,0.0,SIN_CANDIDATO_DE_CONTACTO,0.0,SIN_CANDIDATO_DE_CONTACTO,0,SIN_MATCH,SIN_MATCH,False,SIN_MATCH,0.0,SIN_MATCH,0.0,0.0,0.0,0.0,0.0,0.0,0.0,0.0,0,NO_APLICA
ft_sal_002040,SIN_MATCH,0.0,SIN_CANDIDATO_DE_CONTACTO,0.0,SIN_CANDIDATO_DE_CONTACTO,0,SIN_MATCH,SIN_MATCH,False,SIN_MATCH,0.0,SIN_MATCH,0.0,0.0,0.0,0.0,0.0,0.0,0.0,0.0,0,NO_APLICA
ft_sal_002041,SIN_MATCH,0.0,SIN_CANDIDATO_DE_CONTACTO,0.0,SIN_CANDIDATO_DE_CONTACTO,0,SIN_MATCH,SIN_MATCH,False,SIN_MATCH,0.0,SIN_MATCH,0.0,0.0,0.0,0.0,0.0,0.0,0.0,0.0,0,NO_APLICA
ft_sal_002043,SIN_MATCH,0.0,SIN_CANDIDATO_DE_CONTACTO,0.0,SIN_CANDIDATO_DE_CONTACTO,0,SIN_MATCH,SIN_MATCH,False,SIN_MATCH,0.0,SIN_MATCH,0.0,0.0,0.0,0.0,0.0,0.0,0.0,0.0,0,NO_APLICA
ft_sal_002044,SIN_MATCH,0.0,SIN_CANDIDATO_DE_CONTACTO,0.0,SIN_CANDIDATO_DE_CONTACTO,0,SIN_MATCH,SIN_MATCH,False,SIN_MATCH,0.0,SIN_MATCH,0.0,0.0,0.0,0.0,0.0,0.0,0.0,0.0,0,NO_APLICA
ft_sal_002046,SIN_MATCH,0.0,SIN_CANDIDATO_DE_CONTACTO,0.0,SIN_CANDIDATO_DE_CONTACTO,0,SIN_MATCH,SIN_MATCH,False,SIN_MATCH,0.0,SIN_MATCH,0.0,0.0,0.0,0.0,0.0,0.0,0.0,0.0,0,NO_APLICA
ft_sal_002048,SIN_MATCH,0.0,SIN_CANDIDATO_DE_CONTACTO,0.0,SIN_CANDIDATO_DE_CONTACTO,0,SIN_MATCH,SIN_MATCH,False,SIN_MATCH,0.0,SIN_MATCH,0.0,0.0,0.0,0.0,0.0,0.0,0.0,0.0,0,NO_APLICA
ft_sal_002049,SIN_MATCH,0.0,SIN_CANDIDATO_DE_CONTACTO,0.0,SIN_CANDIDATO_DE_CONTACTO,0,SIN_MATCH,SIN_MATCH,False,SIN_MATCH,0.0,SIN_MATCH,0.0,0.0,0.0,0.0,0.0,0.0,0.0,0.0,0,NO_APLICA
ft_sal_002050,SIN_MATCH,0.0,SIN_CANDIDATO_DE_CONTACTO,0.0,SIN_CANDIDATO_DE_CONTACTO,0,SIN_MATCH,SIN_MATCH,False,SIN_MATCH,0.0,SIN_MATCH,0.0,0.0,0.0,0.0,0.0,0.0,0.0,0.0,0,NO_APLICA
ft_sal_002051,SIN_MATCH,0.0,SIN_CANDIDATO_DE_CONTACTO,0.0,SIN_CANDIDATO_DE_CONTACTO,0,SIN_MATCH,SIN_MATCH,False,SIN_MATCH,0.0,SIN_MATCH,0.0,0.0,0.0,0.0,0.0,0.0,0.0,0.0,0,NO_APLICA
ft_sal_002055,SIN_MATCH,0.0,SIN_CANDIDATO_DE_CONTACTO,0.0,SIN_CANDIDATO_DE_CONTACTO,0,SIN_MATCH,SIN_MATCH,False,SIN_MATCH,0.0,SIN_MATCH,0.0,0.0,0.0,0.0,0.0,0.0,0.0,0.0,0,NO_APLICA
ft_sal_002057,SIN_MATCH,0.0,SIN_CANDIDATO_DE_CONTACTO,0.0,SIN_CANDIDATO_DE_CONTACTO,0,SIN_MATCH,SIN_MATCH,False,SIN_MATCH,0.0,SIN_MATCH,0.0,0.0,0.0,0.0,0.0,0.0,0.0,0.0,0,NO_APLICA
ft_sal_002058,SIN_MATCH,0.0,SIN_CANDIDATO_DE_CONTACTO,0.0,SIN_CANDIDATO_DE_CONTACTO,0,SIN_MATCH,SIN_MATCH,False,SIN_MATCH,0.0,SIN_MATCH,0.0,0.0,0.0,0.0,0.0,0.0,0.0,0.0,0,NO_APLICA
ft_sal_002059,SIN_MATCH,0.0,SIN_CANDIDATO_DE_CONTACTO,0.0,SIN_CANDIDATO_DE_CONTACTO,0,SIN_MATCH,SIN_MATCH,False,SIN_MATCH,0.0,SIN_MATCH,0.0,0.0,0.0,0.0,0.0,0.0,0.0,0.0,0,NO_APLICA
ft_sal_002062,SIN_MATCH,0.0,SIN_CANDIDATO_DE_CONTACTO,0.0,SIN_CANDIDATO_DE_CONTACTO,0,SIN_MATCH,SIN_MATCH,False,SIN_MATCH,0.0,SIN_MATCH,0.0,0.0,0.0,0.0,0.0,0.0,0.0,0.0,0,NO_APLICA
ft_sal_002069,SIN_MATCH,0.0,SIN_CANDIDATO_DE_CONTACTO,0.0,SIN_CANDIDATO_DE_CONTACTO,0,SIN_MATCH,SIN_MATCH,False,SIN_MATCH,0.0,SIN_MATCH,0.0,0.0,0.0,0.0,0.0,0.0,0.0,0.0,0,NO_APLICA
ft_sal_002070,SIN_MATCH,0.0,SIN_CANDIDATO_DE_CONTACTO,0.0,SIN_CANDIDATO_DE_CONTACTO,0,SIN_MATCH,SIN_MATCH,False,SIN_MATCH,0.0,SIN_MATCH,0.0,0.0,0.0,0.0,0.0,0.0,0.0,0.0,0,NO_APLICA
ft_sal_002071,SIN_MATCH,0.0,SIN_CANDIDATO_DE_CONTACTO,0.0,SIN_CANDIDATO_DE_CONTACTO,0,SIN_MATCH,SIN_MATCH,False,SIN_MATCH,0.0,SIN_MATCH,0.0,0.0,0.0,0.0,0.0,0.0,0.0,0.0,0,NO_APLICA
ft_sal_002074,SIN_MATCH,0.0,SIN_CANDIDATO_DE_CONTACTO,0.0,SIN_CANDIDATO_DE_CONTACTO,0,SIN_MATCH,SIN_MATCH,False,SIN_MATCH,0.0,SIN_MATCH,0.0,0.0,0.0,0.0,0.0,0.0,0.0,0.0,0,NO_APLICA
ft_sal_002076,SIN_MATCH,0.0,SIN_CANDIDATO_DE_CONTACTO,0.0,SIN_CANDIDATO_DE_CONTACTO,0,SIN_MATCH,SIN_MATCH,False,SIN_MATCH,0.0,SIN_MATCH,0.0,0.0,0.0,0.0,0.0,0.0,0.0,0.0,0,NO_APLICA
ft_sal_002077,SIN_MATCH,0.0,SIN_CANDIDATO_DE_CONTACTO,0.0,SIN_CANDIDATO_DE_CONTACTO,0,SIN_MATCH,SIN_MATCH,False,SIN_MATCH,0.0,SIN_MATCH,0.0,0.0,0.0,0.0,0.0,0.0,0.0,0.0,0,NO_APLICA
ft_sal_002079,SIN_MATCH,0.0,SIN_CANDIDATO_DE_CONTACTO,0.0,SIN_CANDIDATO_DE_CONTACTO,0,SIN_MATCH,SIN_MATCH,False,SIN_MATCH,0.0,SIN_MATCH,0.0,0.0,0.0,0.0,0.0,0.0,0.0,0.0,0,NO_APLICA
ft_sal_002082,SIN_MATCH,0.0,SIN_CANDIDATO_DE_CONTACTO,0.0,SIN_CANDIDATO_DE_CONTACTO,0,SIN_MATCH,SIN_MATCH,False,SIN_MATCH,0.0,SIN_MATCH,0.0,0.0,0.0,0.0,0.0,0.0,0.0,0.0,0,NO_APLICA
ft_sal_002084,SIN_MATCH,0.0,SIN_CANDIDATO_DE_CONTACTO,0.0,SIN_CANDIDATO_DE_CONTACTO,0,SIN_MATCH,SIN_MATCH,False,SIN_MATCH,0.0,SIN_MATCH,0.0,0.0,0.0,0.0,0.0,0.0,0.0,0.0,0,NO_APLICA
ft_sal_002086,SIN_MATCH,0.0,SIN_CANDIDATO_DE_CONTACTO,0.0,SIN_CANDIDATO_DE_CONTACTO,0,SIN_MATCH,SIN_MATCH,False,SIN_MATCH,0.0,SIN_MATCH,0.0,0.0,0.0,0.0,0.0,0.0,0.0,0.0,0,NO_APLICA
ft_sal_002087,SIN_MATCH,0.0,SIN_CANDIDATO_DE_CONTACTO,0.0,SIN_CANDIDATO_DE_CONTACTO,0,SIN_MATCH,SIN_MATCH,False,SIN_MATCH,0.0,SIN_MATCH,0.0,0.0,0.0,0.0,0.0,0.0,0.0,0.0,0,NO_APLICA
ft_sal_002088,SIN_MATCH,0.0,SIN_CANDIDATO_DE_CONTACTO,0.0,SIN_CANDIDATO_DE_CONTACTO,0,SIN_MATCH,SIN_MATCH,False,SIN_MATCH,0.0,SIN_MATCH,0.0,0.0,0.0,0.0,0.0,0.0,0.0,0.0,0,NO_APLICA
ft_sal_002093,SIN_MATCH,0.0,SIN_CANDIDATO_DE_CONTACTO,0.0,SIN_CANDIDATO_DE_CONTACTO,0,SIN_MATCH,SIN_MATCH,False,SIN_MATCH,0.0,SIN_MATCH,0.0,0.0,0.0,0.0,0.0,0.0,0.0,0.0,0,NO_APLICA
ft_sal_002096,SIN_MATCH,0.0,SIN_CANDIDATO_DE_CONTACTO,0.0,SIN_CANDIDATO_DE_CONTACTO,0,SIN_MATCH,SIN_MATCH,False,SIN_MATCH,0.0,SIN_MATCH,0.0,0.0,0.0,0.0,0.0,0.0,0.0,0.0,0,NO_APLICA
ft_sal_002097,SIN_MATCH,0.0,SIN_CANDIDATO_DE_CONTACTO,0.0,SIN_CANDIDATO_DE_CONTACTO,0,SIN_MATCH,SIN_MATCH,False,SIN_MATCH,0.0,SIN_MATCH,0.0,0.0,0.0,0.0,0.0,0.0,0.0,0.0,0,NO_APLICA
ft_sal_002098,SIN_MATCH,0.0,SIN_CANDIDATO_DE_CONTACTO,0.0,SIN_CANDIDATO_DE_CONTACTO,0,SIN_MATCH,SIN_MATCH,False,SIN_MATCH,0.0,SIN_MATCH,0.0,0.0,0.0,0.0,0.0,0.0,0.0,0.0,0,NO_APLICA
ft_sal_002100,SIN_MATCH,0.0,SIN_CANDIDATO_DE_CONTACTO,0.0,SIN_CANDIDATO_DE_CONTACTO,0,SIN_MATCH,SIN_MATCH,False,SIN_MATCH,0.0,SIN_MATCH,0.0,0.0,0.0,0.0,0.0,0.0,0.0,0.0,0,NO_APLICA
ft_sal_002102,SIN_MATCH,0.0,SIN_CANDIDATO_DE_CONTACTO,0.0,SIN_CANDIDATO_DE_CONTACTO,0,SIN_MATCH,SIN_MATCH,False,SIN_MATCH,0.0,SIN_MATCH,0.0,0.0,0.0,0.0,0.0,0.0,0.0,0.0,0,NO_APLICA
ft_sal_002103,SIN_MATCH,0.0,SIN_CANDIDATO_DE_CONTACTO,0.0,SIN_CANDIDATO_DE_CONTACTO,0,SIN_MATCH,SIN_MATCH,False,SIN_MATCH,0.0,SIN_MATCH,0.0,0.0,0.0,0.0,0.0,0.0,0.0,0.0,0,NO_APLICA
ft_sal_002105,SIN_MATCH,0.0,SIN_CANDIDATO_DE_CONTACTO,0.0,SIN_CANDIDATO_DE_CONTACTO,0,SIN_MATCH,SIN_MATCH,False,SIN_MATCH,0.0,SIN_MATCH,0.0,0.0,0.0,0.0,0.0,0.0,0.0,0.0,0,NO_APLICA
ft_sal_002107,SIN_MATCH,0.0,SIN_CANDIDATO_DE_CONTACTO,0.0,SIN_CANDIDATO_DE_CONTACTO,0,SIN_MATCH,SIN_MATCH,False,SIN_MATCH,0.0,SIN_MATCH,0.0,0.0,0.0,0.0,0.0,0.0,0.0,0.0,0,NO_APLICA
ft_sal_002108,SIN_MATCH,0.0,SIN_CANDIDATO_DE_CONTACTO,0.0,SIN_CANDIDATO_DE_CONTACTO,0,SIN_MATCH,SIN_MATCH,False,SIN_MATCH,0.0,SIN_MATCH,0.0,0.0,0.0,0.0,0.0,0.0,0.0,0.0,0,NO_APLICA
ft_sal_002112,SIN_MATCH,0.0,SIN_CANDIDATO_DE_CONTACTO,0.0,SIN_CANDIDATO_DE_CONTACTO,0,SIN_MATCH,SIN_MATCH,False,SIN_MATCH,0.0,SIN_MATCH,0.0,0.0,0.0,0.0,0.0,0.0,0.0,0.0,0,NO_APLICA
ft_sal_002116,SIN_MATCH,0.0,SIN_CANDIDATO_DE_CONTACTO,0.0,SIN_CANDIDATO_DE_CONTACTO,0,SIN_MATCH,SIN_MATCH,False,SIN_MATCH,0.0,SIN_MATCH,0.0,0.0,0.0,0.0,0.0,0.0,0.0,0.0,0,NO_APLICA
ft_sal_002122,SIN_MATCH,0.0,SIN_CANDIDATO_DE_CONTACTO,0.0,SIN_CANDIDATO_DE_CONTACTO,0,SIN_MATCH,SIN_MATCH,False,SIN_MATCH,0.0,SIN_MATCH,0.0,0.0,0.0,0.0,0.0,0.0,0.0,0.0,0,NO_APLICA
ft_sal_002123,SIN_MATCH,0.0,SIN_CANDIDATO_DE_CONTACTO,0.0,SIN_CANDIDATO_DE_CONTACTO,0,SIN_MATCH,SIN_MATCH,False,SIN_MATCH,0.0,SIN_MATCH,0.0,0.0,0.0,0.0,0.0,0.0,0.0,0.0,0,NO_APLICA
ft_sal_002126,SIN_MATCH,0.0,SIN_CANDIDATO_DE_CONTACTO,0.0,SIN_CANDIDATO_DE_CONTACTO,0,SIN_MATCH,SIN_MATCH,False,SIN_MATCH,0.0,SIN_MATCH,0.0,0.0,0.0,0.0,0.0,0.0,0.0,0.0,0,NO_APLICA
ft_sal_002132,SIN_MATCH,0.0,EVIDENCIA_INSUFICIENTE,0.0,EVIDENCIA_INSUFICIENTE,2,bm_usr_003476,bm_usr_002674,True,bm_usr_002674,0.58,bm_usr_003476,0.58,1.0,0.0,0.2308,0.0,0.0,1.0,0.5517,0,NO_APLICA
ft_sal_002136,SIN_MATCH,0.0,SIN_CANDIDATO_DE_CONTACTO,0.0,SIN_CANDIDATO_DE_CONTACTO,0,SIN_MATCH,SIN_MATCH,False,SIN_MATCH,0.0,SIN_MATCH,0.0,0.0,0.0,0.0,0.0,0.0,0.0,0.0,0,NO_APLICA
ft_sal_002139,SIN_MATCH,0.0,SIN_CANDIDATO_DE_CONTACTO,0.0,SIN_CANDIDATO_DE_CONTACTO,0,SIN_MATCH,SIN_MATCH,False,SIN_MATCH,0.0,SIN_MATCH,0.0,0.0,0.0,0.0,0.0,0.0,0.0,0.0,0,NO_APLICA
ft_sal_002140,SIN_MATCH,0.0,SIN_CANDIDATO_DE_CONTACTO,0.0,SIN_CANDIDATO_DE_CONTACTO,0,SIN_MATCH,SIN_MATCH,False,SIN_MATCH,0.0,SIN_MATCH,0.0,0.0,0.0,0.0,0.0,0.0,0.0,0.0,0,NO_APLICA
ft_sal_002141,SIN_MATCH,0.0,SIN_CANDIDATO_DE_CONTACTO,0.0,SIN_CANDIDATO_DE_CONTACTO,0,SIN_MATCH,SIN_MATCH,False,SIN_MATCH,0.0,SIN_MATCH,0.0,0.0,0.0,0.0,0.0,0.0,0.0,0.0,0,NO_APLICA
ft_sal_002142,SIN_MATCH,0.0,SIN_CANDIDATO_DE_CONTACTO,0.0,SIN_CANDIDATO_DE_CONTACTO,0,SIN_MATCH,SIN_MATCH,False,SIN_MATCH,0.0,SIN_MATCH,0.0,0.0,0.0,0.0,0.0,0.0,0.0,0.0,0,NO_APLICA
ft_sal_002146,SIN_MATCH,0.0,SIN_CANDIDATO_DE_CONTACTO,0.0,SIN_CANDIDATO_DE_CONTACTO,0,SIN_MATCH,SIN_MATCH,False,SIN_MATCH,0.0,SIN_MATCH,0.0,0.0,0.0,0.0,0.0,0.0,0.0,0.0,0,NO_APLICA
ft_sal_002147,SIN_MATCH,0.0,SIN_CANDIDATO_DE_CONTACTO,0.0,SIN_CANDIDATO_DE_CONTACTO,0,SIN_MATCH,SIN_MATCH,False,SIN_MATCH,0.0,SIN_MATCH,0.0,0.0,0.0,0.0,0.0,0.0,0.0,0.0,0,NO_APLICA
ft_sal_002151,SIN_MATCH,0.0,SIN_CANDIDATO_DE_CONTACTO,0.0,SIN_CANDIDATO_DE_CONTACTO,0,SIN_MATCH,SIN_MATCH,False,SIN_MATCH,0.0,SIN_MATCH,0.0,0.0,0.0,0.0,0.0,0.0,0.0,0.0,0,NO_APLICA
ft_sal_002153,SIN_MATCH,0.0,SIN_CANDIDATO_DE_CONTACTO,0.0,SIN_CANDIDATO_DE_CONTACTO,0,SIN_MATCH,SIN_MATCH,False,SIN_MATCH,0.0,SIN_MATCH,0.0,0.0,0.0,0.0,0.0,0.0,0.0,0.0,0,NO_APLICA
ft_sal_002157,SIN_MATCH,0.0,SIN_CANDIDATO_DE_CONTACTO,0.0,SIN_CANDIDATO_DE_CONTACTO,0,SIN_MATCH,SIN_MATCH,False,SIN_MATCH,0.0,SIN_MATCH,0.0,0.0,0.0,0.0,0.0,0.0,0.0,0.0,0,NO_APLICA
ft_sal_002159,SIN_MATCH,0.0,SIN_CANDIDATO_DE_CONTACTO,0.0,SIN_CANDIDATO_DE_CONTACTO,0,SIN_MATCH,SIN_MATCH,False,SIN_MATCH,0.0,SIN_MATCH,0.0,0.0,0.0,0.0,0.0,0.0,0.0,0.0,0,NO_APLICA
ft_sal_002160,SIN_MATCH,0.0,SIN_CANDIDATO_DE_CONTACTO,0.0,SIN_CANDIDATO_DE_CONTACTO,0,SIN_MATCH,SIN_MATCH,False,SIN_MATCH,0.0,SIN_MATCH,0.0,0.0,0.0,0.0,0.0,0.0,0.0,0.0,0,NO_APLICA
ft_sal_002166,SIN_MATCH,0.0,SIN_CANDIDATO_DE_CONTACTO,0.0,SIN_CANDIDATO_DE_CONTACTO,0,SIN_MATCH,SIN_MATCH,False,SIN_MATCH,0.0,SIN_MATCH,0.0,0.0,0.0,0.0,0.0,0.0,0.0,0.0,0,NO_APLICA
ft_sal_002167,SIN_MATCH,0.0,SIN_CANDIDATO_DE_CONTACTO,0.0,SIN_CANDIDATO_DE_CONTACTO,0,SIN_MATCH,SIN_MATCH,False,SIN_MATCH,0.0,SIN_MATCH,0.0,0.0,0.0,0.0,0.0,0.0,0.0,0.0,0,NO_APLICA
ft_sal_002168,SIN_MATCH,0.0,EVIDENCIA_INSUFICIENTE,0.0,EVIDENCIA_INSUFICIENTE,1,bm_usr_001945,SIN_MATCH,False,bm_usr_001945,0.58,SIN_MATCH,0.0,0.0,0.0,0.0,0.58,1.0,0.0,0.24,0,NO_APLICA
ft_sal_002170,SIN_MATCH,0.0,SIN_CANDIDATO_DE_CONTACTO,0.0,SIN_CANDIDATO_DE_CONTACTO,0,SIN_MATCH,SIN_MATCH,False,SIN_MATCH,0.0,SIN_MATCH,0.0,0.0,0.0,0.0,0.0,0.0,0.0,0.0,0,NO_APLICA
ft_sal_002173,SIN_MATCH,0.0,SIN_CANDIDATO_DE_CONTACTO,0.0,SIN_CANDIDATO_DE_CONTACTO,0,SIN_MATCH,SIN_MATCH,False,SIN_MATCH,0.0,SIN_MATCH,0.0,0.0,0.0,0.0,0.0,0.0,0.0,0.0,0,NO_APLICA
ft_sal_002174,SIN_MATCH,0.0,SIN_CANDIDATO_DE_CONTACTO,0.0,SIN_CANDIDATO_DE_CONTACTO,0,SIN_MATCH,SIN_MATCH,False,SIN_MATCH,0.0,SIN_MATCH,0.0,0.0,0.0,0.0,0.0,0.0,0.0,0.0,0,NO_APLICA
ft_sal_002176,SIN_MATCH,0.0,SIN_CANDIDATO_DE_CONTACTO,0.0,SIN_CANDIDATO_DE_CONTACTO,0,SIN_MATCH,SIN_MATCH,False,SIN_MATCH,0.0,SIN_MATCH,0.0,0.0,0.0,0.0,0.0,0.0,0.0,0.0,0,NO_APLICA
ft_sal_002178,SIN_MATCH,0.0,SIN_CANDIDATO_DE_CONTACTO,0.0,SIN_CANDIDATO_DE_CONTACTO,0,SIN_MATCH,SIN_MATCH,False,SIN_MATCH,0.0,SIN_MATCH,0.0,0.0,0.0,0.0,0.0,0.0,0.0,0.0,0,NO_APLICA
ft_sal_002179,SIN_MATCH,0.0,SIN_CANDIDATO_DE_CONTACTO,0.0,SIN_CANDIDATO_DE_CONTACTO,0,SIN_MATCH,SIN_MATCH,False,SIN_MATCH,0.0,SIN_MATCH,0.0,0.0,0.0,0.0,0.0,0.0,0.0,0.0,0,NO_APLICA
ft_sal_002184,SIN_MATCH,0.0,SIN_CANDIDATO_DE_CONTACTO,0.0,SIN_CANDIDATO_DE_CONTACTO,0,SIN_MATCH,SIN_MATCH,False,SIN_MATCH,0.0,SIN_MATCH,0.0,0.0,0.0,0.0,0.0,0.0,0.0,0.0,0,NO_APLICA
ft_sal_002185,SIN_MATCH,0.0,SIN_CANDIDATO_DE_CONTACTO,0.0,SIN_CANDIDATO_DE_CONTACTO,0,SIN_MATCH,SIN_MATCH,False,SIN_MATCH,0.0,SIN_MATCH,0.0,0.0,0.0,0.0,0.0,0.0,0.0,0.0,0,NO_APLICA
ft_sal_002194,SIN_MATCH,0.0,SIN_CANDIDATO_DE_CONTACTO,0.0,SIN_CANDIDATO_DE_CONTACTO,0,SIN_MATCH,SIN_MATCH,False,SIN_MATCH,0.0,SIN_MATCH,0.0,0.0,0.0,0.0,0.0,0.0,0.0,0.0,0,NO_APLICA
ft_sal_002196,SIN_MATCH,0.0,SIN_CANDIDATO_DE_CONTACTO,0.0,SIN_CANDIDATO_DE_CONTACTO,0,SIN_MATCH,SIN_MATCH,False,SIN_MATCH,0.0,SIN_MATCH,0.0,0.0,0.0,0.0,0.0,0.0,0.0,0.0,0,NO_APLICA
ft_sal_002198,SIN_MATCH,0.0,SIN_CANDIDATO_DE_CONTACTO,0.0,SIN_CANDIDATO_DE_CONTACTO,0,SIN_MATCH,SIN_MATCH,False,SIN_MATCH,0.0,SIN_MATCH,0.0,0.0,0.0,0.0,0.0,0.0,0.0,0.0,0,NO_APLICA
ft_sal_002199,SIN_MATCH,0.0,SIN_CANDIDATO_DE_CONTACTO,0.0,SIN_CANDIDATO_DE_CONTACTO,0,SIN_MATCH,SIN_MATCH,False,SIN_MATCH,0.0,SIN_MATCH,0.0,0.0,0.0,0.0,0.0,0.0,0.0,0.0,0,NO_APLICA
ft_sal_002200,SIN_MATCH,0.0,EVIDENCIA_INSUFICIENTE,0.0,EVIDENCIA_INSUFICIENTE,2,bm_usr_001587,bm_usr_001416,True,bm_usr_001416,0.58,bm_usr_001587,0.58,1.0,0.0,0.2609,0.0,0.0,1.0,0.48,0,NO_APLICA
ft_sal_002202,SIN_MATCH,0.0,SIN_CANDIDATO_DE_CONTACTO,0.0,SIN_CANDIDATO_DE_CONTACTO,0,SIN_MATCH,SIN_MATCH,False,SIN_MATCH,0.0,SIN_MATCH,0.0,0.0,0.0,0.0,0.0,0.0,0.0,0.0,0,NO_APLICA
ft_sal_002207,SIN_MATCH,0.0,SIN_CANDIDATO_DE_CONTACTO,0.0,SIN_CANDIDATO_DE_CONTACTO,0,SIN_MATCH,SIN_MATCH,False,SIN_MATCH,0.0,SIN_MATCH,0.0,0.0,0.0,0.0,0.0,0.0,0.0,0.0,0,NO_APLICA
ft_sal_002211,SIN_MATCH,0.0,SIN_CANDIDATO_DE_CONTACTO,0.0,SIN_CANDIDATO_DE_CONTACTO,0,SIN_MATCH,SIN_MATCH,False,SIN_MATCH,0.0,SIN_MATCH,0.0,0.0,0.0,0.0,0.0,0.0,0.0,0.0,0,NO_APLICA
ft_sal_002212,SIN_MATCH,0.0,SIN_CANDIDATO_DE_CONTACTO,0.0,SIN_CANDIDATO_DE_CONTACTO,0,SIN_MATCH,SIN_MATCH,False,SIN_MATCH,0.0,SIN_MATCH,0.0,0.0,0.0,0.0,0.0,0.0,0.0,0.0,0,NO_APLICA
ft_sal_002214,SIN_MATCH,0.0,SIN_CANDIDATO_DE_CONTACTO,0.0,SIN_CANDIDATO_DE_CONTACTO,0,SIN_MATCH,SIN_MATCH,False,SIN_MATCH,0.0,SIN_MATCH,0.0,0.0,0.0,0.0,0.0,0.0,0.0,0.0,0,NO_APLICA
ft_sal_002215,SIN_MATCH,0.0,SIN_CANDIDATO_DE_CONTACTO,0.0,SIN_CANDIDATO_DE_CONTACTO,0,SIN_MATCH,SIN_MATCH,False,SIN_MATCH,0.0,SIN_MATCH,0.0,0.0,0.0,0.0,0.0,0.0,0.0,0.0,0,NO_APLICA
ft_sal_002218,SIN_MATCH,0.0,SIN_CANDIDATO_DE_CONTACTO,0.0,SIN_CANDIDATO_DE_CONTACTO,0,SIN_MATCH,SIN_MATCH,False,SIN_MATCH,0.0,SIN_MATCH,0.0,0.0,0.0,0.0,0.0,0.0,0.0,0.0,0,NO_APLICA
ft_sal_002220,SIN_MATCH,0.0,SIN_CANDIDATO_DE_CONTACTO,0.0,SIN_CANDIDATO_DE_CONTACTO,0,SIN_MATCH,SIN_MATCH,False,SIN_MATCH,0.0,SIN_MATCH,0.0,0.0,0.0,0.0,0.0,0.0,0.0,0.0,0,NO_APLICA
ft_sal_002221,SIN_MATCH,0.0,SIN_CANDIDATO_DE_CONTACTO,0.0,SIN_CANDIDATO_DE_CONTACTO,0,SIN_MATCH,SIN_MATCH,False,SIN_MATCH,0.0,SIN_MATCH,0.0,0.0,0.0,0.0,0.0,0.0,0.0,0.0,0,NO_APLICA
ft_sal_002223,SIN_MATCH,0.0,SIN_CANDIDATO_DE_CONTACTO,0.0,SIN_CANDIDATO_DE_CONTACTO,0,SIN_MATCH,SIN_MATCH,False,SIN_MATCH,0.0,SIN_MATCH,0.0,0.0,0.0,0.0,0.0,0.0,0.0,0.0,0,NO_APLICA
ft_sal_002224,SIN_MATCH,0.0,SIN_CANDIDATO_DE_CONTACTO,0.0,SIN_CANDIDATO_DE_CONTACTO,0,SIN_MATCH,SIN_MATCH,False,SIN_MATCH,0.0,SIN_MATCH,0.0,0.0,0.0,0.0,0.0,0.0,0.0,0.0,0,NO_APLICA
ft_sal_002225,SIN_MATCH,0.0,SIN_CANDIDATO_DE_CONTACTO,0.0,SIN_CANDIDATO_DE_CONTACTO,0,SIN_MATCH,SIN_MATCH,False,SIN_MATCH,0.0,SIN_MATCH,0.0,0.0,0.0,0.0,0.0,0.0,0.0,0.0,0,NO_APLICA
ft_sal_002226,SIN_MATCH,0.0,SIN_CANDIDATO_DE_CONTACTO,0.0,SIN_CANDIDATO_DE_CONTACTO,0,SIN_MATCH,SIN_MATCH,False,SIN_MATCH,0.0,SIN_MATCH,0.0,0.0,0.0,0.0,0.0,0.0,0.0,0.0,0,NO_APLICA
ft_sal_002228,SIN_MATCH,0.0,SIN_CANDIDATO_DE_CONTACTO,0.0,SIN_CANDIDATO_DE_CONTACTO,0,SIN_MATCH,SIN_MATCH,False,SIN_MATCH,0.0,SIN_MATCH,0.0,0.0,0.0,0.0,0.0,0.0,0.0,0.0,0,NO_APLICA
ft_sal_002229,SIN_MATCH,0.0,SIN_CANDIDATO_DE_CONTACTO,0.0,SIN_CANDIDATO_DE_CONTACTO,0,SIN_MATCH,SIN_MATCH,False,SIN_MATCH,0.0,SIN_MATCH,0.0,0.0,0.0,0.0,0.0,0.0,0.0,0.0,0,NO_APLICA
ft_sal_002230,SIN_MATCH,0.0,SIN_CANDIDATO_DE_CONTACTO,0.0,SIN_CANDIDATO_DE_CONTACTO,0,SIN_MATCH,SIN_MATCH,False,SIN_MATCH,0.0,SIN_MATCH,0.0,0.0,0.0,0.0,0.0,0.0,0.0,0.0,0,NO_APLICA
ft_sal_002231,SIN_MATCH,0.0,SIN_CANDIDATO_DE_CONTACTO,0.0,SIN_CANDIDATO_DE_CONTACTO,0,SIN_MATCH,SIN_MATCH,False,SIN_MATCH,0.0,SIN_MATCH,0.0,0.0,0.0,0.0,0.0,0.0,0.0,0.0,0,NO_APLICA
ft_sal_002234,SIN_MATCH,0.0,SIN_CANDIDATO_DE_CONTACTO,0.0,SIN_CANDIDATO_DE_CONTACTO,0,SIN_MATCH,SIN_MATCH,False,SIN_MATCH,0.0,SIN_MATCH,0.0,0.0,0.0,0.0,0.0,0.0,0.0,0.0,0,NO_APLICA
ft_sal_002236,SIN_MATCH,0.0,SIN_CANDIDATO_DE_CONTACTO,0.0,SIN_CANDIDATO_DE_CONTACTO,0,SIN_MATCH,SIN_MATCH,False,SIN_MATCH,0.0,SIN_MATCH,0.0,0.0,0.0,0.0,0.0,0.0,0.0,0.0,0,NO_APLICA
ft_sal_002237,SIN_MATCH,0.0,SIN_CANDIDATO_DE_CONTACTO,0.0,SIN_CANDIDATO_DE_CONTACTO,0,SIN_MATCH,SIN_MATCH,False,SIN_MATCH,0.0,SIN_MATCH,0.0,0.0,0.0,0.0,0.0,0.0,0.0,0.0,0,NO_APLICA
ft_sal_002241,SIN_MATCH,0.0,SIN_CANDIDATO_DE_CONTACTO,0.0,SIN_CANDIDATO_DE_CONTACTO,0,SIN_MATCH,SIN_MATCH,False,SIN_MATCH,0.0,SIN_MATCH,0.0,0.0,0.0,0.0,0.0,0.0,0.0,0.0,0,NO_APLICA
ft_sal_002243,SIN_MATCH,0.0,SIN_CANDIDATO_DE_CONTACTO,0.0,SIN_CANDIDATO_DE_CONTACTO,0,SIN_MATCH,SIN_MATCH,False,SIN_MATCH,0.0,SIN_MATCH,0.0,0.0,0.0,0.0,0.0,0.0,0.0,0.0,0,NO_APLICA
ft_sal_002244,SIN_MATCH,0.0,SIN_CANDIDATO_DE_CONTACTO,0.0,SIN_CANDIDATO_DE_CONTACTO,0,SIN_MATCH,SIN_MATCH,False,SIN_MATCH,0.0,SIN_MATCH,0.0,0.0,0.0,0.0,0.0,0.0,0.0,0.0,0,NO_APLICA
ft_sal_002254,SIN_MATCH,0.0,AMBIGUO,0.0,AMBIGUO,2,bm_usr_002856,bm_usr_005034,True,bm_usr_005034,0.96,bm_usr_002856,0.96,1.0,0.0,1.0,0.0,0.0,1.0,1.0,0,NO_APLICA
ft_sal_002255,SIN_MATCH,0.0,SIN_CANDIDATO_DE_CONTACTO,0.0,SIN_CANDIDATO_DE_CONTACTO,0,SIN_MATCH,SIN_MATCH,False,SIN_MATCH,0.0,SIN_MATCH,0.0,0.0,0.0,0.0,0.0,0.0,0.0,0.0,0,NO_APLICA
ft_sal_002257,SIN_MATCH,0.0,SIN_CANDIDATO_DE_CONTACTO,0.0,SIN_CANDIDATO_DE_CONTACTO,0,SIN_MATCH,SIN_MATCH,False,SIN_MATCH,0.0,SIN_MATCH,0.0,0.0,0.0,0.0,0.0,0.0,0.0,0.0,0,NO_APLICA
ft_sal_002258,SIN_MATCH,0.0,SIN_CANDIDATO_DE_CONTACTO,0.0,SIN_CANDIDATO_DE_CONTACTO,0,SIN_MATCH,SIN_MATCH,False,SIN_MATCH,0.0,SIN_MATCH,0.0,0.0,0.0,0.0,0.0,0.0,0.0,0.0,0,NO_APLICA
ft_sal_002259,SIN_MATCH,0.0,SIN_CANDIDATO_DE_CONTACTO,0.0,SIN_CANDIDATO_DE_CONTACTO,0,SIN_MATCH,SIN_MATCH,False,SIN_MATCH,0.0,SIN_MATCH,0.0,0.0,0.0,0.0,0.0,0.0,0.0,0.0,0,NO_APLICA
ft_sal_002260,SIN_MATCH,0.0,SIN_CANDIDATO_DE_CONTACTO,0.0,SIN_CANDIDATO_DE_CONTACTO,0,SIN_MATCH,SIN_MATCH,False,SIN_MATCH,0.0,SIN_MATCH,0.0,0.0,0.0,0.0,0.0,0.0,0.0,0.0,0,NO_APLICA
ft_sal_002261,SIN_MATCH,0.0,SIN_CANDIDATO_DE_CONTACTO,0.0,SIN_CANDIDATO_DE_CONTACTO,0,SIN_MATCH,SIN_MATCH,False,SIN_MATCH,0.0,SIN_MATCH,0.0,0.0,0.0,0.0,0.0,0.0,0.0,0.0,0,NO_APLICA
ft_sal_002264,SIN_MATCH,0.0,SIN_CANDIDATO_DE_CONTACTO,0.0,SIN_CANDIDATO_DE_CONTACTO,0,SIN_MATCH,SIN_MATCH,False,SIN_MATCH,0.0,SIN_MATCH,0.0,0.0,0.0,0.0,0.0,0.0,0.0,0.0,0,NO_APLICA
ft_sal_002265,SIN_MATCH,0.0,SIN_CANDIDATO_DE_CONTACTO,0.0,SIN_CANDIDATO_DE_CONTACTO,0,SIN_MATCH,SIN_MATCH,False,SIN_MATCH,0.0,SIN_MATCH,0.0,0.0,0.0,0.0,0.0,0.0,0.0,0.0,0,NO_APLICA
ft_sal_002267,SIN_MATCH,0.0,SIN_CANDIDATO_DE_CONTACTO,0.0,SIN_CANDIDATO_DE_CONTACTO,0,SIN_MATCH,SIN_MATCH,False,SIN_MATCH,0.0,SIN_MATCH,0.0,0.0,0.0,0.0,0.0,0.0,0.0,0.0,0,NO_APLICA
ft_sal_002270,SIN_MATCH,0.0,SIN_CANDIDATO_DE_CONTACTO,0.0,SIN_CANDIDATO_DE_CONTACTO,0,SIN_MATCH,SIN_MATCH,False,SIN_MATCH,0.0,SIN_MATCH,0.0,0.0,0.0,0.0,0.0,0.0,0.0,0.0,0,NO_APLICA
ft_sal_002272,SIN_MATCH,0.0,SIN_CANDIDATO_DE_CONTACTO,0.0,SIN_CANDIDATO_DE_CONTACTO,0,SIN_MATCH,SIN_MATCH,False,SIN_MATCH,0.0,SIN_MATCH,0.0,0.0,0.0,0.0,0.0,0.0,0.0,0.0,0,NO_APLICA
ft_sal_002273,SIN_MATCH,0.0,SIN_CANDIDATO_DE_CONTACTO,0.0,SIN_CANDIDATO_DE_CONTACTO,0,SIN_MATCH,SIN_MATCH,False,SIN_MATCH,0.0,SIN_MATCH,0.0,0.0,0.0,0.0,0.0,0.0,0.0,0.0,0,NO_APLICA
ft_sal_002275,SIN_MATCH,0.0,SIN_CANDIDATO_DE_CONTACTO,0.0,SIN_CANDIDATO_DE_CONTACTO,0,SIN_MATCH,SIN_MATCH,False,SIN_MATCH,0.0,SIN_MATCH,0.0,0.0,0.0,0.0,0.0,0.0,0.0,0.0,0,NO_APLICA
ft_sal_002279,SIN_MATCH,0.0,SIN_CANDIDATO_DE_CONTACTO,0.0,SIN_CANDIDATO_DE_CONTACTO,0,SIN_MATCH,SIN_MATCH,False,SIN_MATCH,0.0,SIN_MATCH,0.0,0.0,0.0,0.0,0.0,0.0,0.0,0.0,0,NO_APLICA
ft_sal_002281,SIN_MATCH,0.0,SIN_CANDIDATO_DE_CONTACTO,0.0,SIN_CANDIDATO_DE_CONTACTO,0,SIN_MATCH,SIN_MATCH,False,SIN_MATCH,0.0,SIN_MATCH,0.0,0.0,0.0,0.0,0.0,0.0,0.0,0.0,0,NO_APLICA
ft_sal_002282,SIN_MATCH,0.0,SIN_CANDIDATO_DE_CONTACTO,0.0,SIN_CANDIDATO_DE_CONTACTO,0,SIN_MATCH,SIN_MATCH,False,SIN_MATCH,0.0,SIN_MATCH,0.0,0.0,0.0,0.0,0.0,0.0,0.0,0.0,0,NO_APLICA
ft_sal_002285,SIN_MATCH,0.0,SIN_CANDIDATO_DE_CONTACTO,0.0,SIN_CANDIDATO_DE_CONTACTO,0,SIN_MATCH,SIN_MATCH,False,SIN_MATCH,0.0,SIN_MATCH,0.0,0.0,0.0,0.0,0.0,0.0,0.0,0.0,0,NO_APLICA
ft_sal_002286,SIN_MATCH,0.0,SIN_CANDIDATO_DE_CONTACTO,0.0,SIN_CANDIDATO_DE_CONTACTO,0,SIN_MATCH,SIN_MATCH,False,SIN_MATCH,0.0,SIN_MATCH,0.0,0.0,0.0,0.0,0.0,0.0,0.0,0.0,0,NO_APLICA
ft_sal_002287,SIN_MATCH,0.0,SIN_CANDIDATO_DE_CONTACTO,0.0,SIN_CANDIDATO_DE_CONTACTO,0,SIN_MATCH,SIN_MATCH,False,SIN_MATCH,0.0,SIN_MATCH,0.0,0.0,0.0,0.0,0.0,0.0,0.0,0.0,0,NO_APLICA
ft_sal_002288,SIN_MATCH,0.0,SIN_CANDIDATO_DE_CONTACTO,0.0,SIN_CANDIDATO_DE_CONTACTO,0,SIN_MATCH,SIN_MATCH,False,SIN_MATCH,0.0,SIN_MATCH,0.0,0.0,0.0,0.0,0.0,0.0,0.0,0.0,0,NO_APLICA
ft_sal_002290,SIN_MATCH,0.0,SIN_CANDIDATO_DE_CONTACTO,0.0,SIN_CANDIDATO_DE_CONTACTO,0,SIN_MATCH,SIN_MATCH,False,SIN_MATCH,0.0,SIN_MATCH,0.0,0.0,0.0,0.0,0.0,0.0,0.0,0.0,0,NO_APLICA
ft_sal_002292,SIN_MATCH,0.0,SIN_CANDIDATO_DE_CONTACTO,0.0,SIN_CANDIDATO_DE_CONTACTO,0,SIN_MATCH,SIN_MATCH,False,SIN_MATCH,0.0,SIN_MATCH,0.0,0.0,0.0,0.0,0.0,0.0,0.0,0.0,0,NO_APLICA
ft_sal_002293,SIN_MATCH,0.0,SIN_CANDIDATO_DE_CONTACTO,0.0,SIN_CANDIDATO_DE_CONTACTO,0,SIN_MATCH,SIN_MATCH,False,SIN_MATCH,0.0,SIN_MATCH,0.0,0.0,0.0,0.0,0.0,0.0,0.0,0.0,0,NO_APLICA
ft_sal_002294,SIN_MATCH,0.0,SIN_CANDIDATO_DE_CONTACTO,0.0,SIN_CANDIDATO_DE_CONTACTO,0,SIN_MATCH,SIN_MATCH,False,SIN_MATCH,0.0,SIN_MATCH,0.0,0.0,0.0,0.0,0.0,0.0,0.0,0.0,0,NO_APLICA
ft_sal_002297,SIN_MATCH,0.0,SIN_CANDIDATO_DE_CONTACTO,0.0,SIN_CANDIDATO_DE_CONTACTO,0,SIN_MATCH,SIN_MATCH,False,SIN_MATCH,0.0,SIN_MATCH,0.0,0.0,0.0,0.0,0.0,0.0,0.0,0.0,0,NO_APLICA
ft_sal_002298,SIN_MATCH,0.0,SIN_CANDIDATO_DE_CONTACTO,0.0,SIN_CANDIDATO_DE_CONTACTO,0,SIN_MATCH,SIN_MATCH,False,SIN_MATCH,0.0,SIN_MATCH,0.0,0.0,0.0,0.0,0.0,0.0,0.0,0.0,0,NO_APLICA
ft_sal_002300,SIN_MATCH,0.0,SIN_CANDIDATO_DE_CONTACTO,0.0,SIN_CANDIDATO_DE_CONTACTO,0,SIN_MATCH,SIN_MATCH,False,SIN_MATCH,0.0,SIN_MATCH,0.0,0.0,0.0,0.0,0.0,0.0,0.0,0.0,0,NO_APLICA
ft_sal_002301,SIN_MATCH,0.0,SIN_CANDIDATO_DE_CONTACTO,0.0,SIN_CANDIDATO_DE_CONTACTO,0,SIN_MATCH,SIN_MATCH,False,SIN_MATCH,0.0,SIN_MATCH,0.0,0.0,0.0,0.0,0.0,0.0,0.0,0.0,0,NO_APLICA
ft_sal_002303,SIN_MATCH,0.0,SIN_CANDIDATO_DE_CONTACTO,0.0,SIN_CANDIDATO_DE_CONTACTO,0,SIN_MATCH,SIN_MATCH,False,SIN_MATCH,0.0,SIN_MATCH,0.0,0.0,0.0,0.0,0.0,0.0,0.0,0.0,0,NO_APLICA
ft_sal_002309,SIN_MATCH,0.0,SIN_CANDIDATO_DE_CONTACTO,0.0,SIN_CANDIDATO_DE_CONTACTO,0,SIN_MATCH,SIN_MATCH,False,SIN_MATCH,0.0,SIN_MATCH,0.0,0.0,0.0,0.0,0.0,0.0,0.0,0.0,0,NO_APLICA
ft_sal_002311,SIN_MATCH,0.0,SIN_CANDIDATO_DE_CONTACTO,0.0,SIN_CANDIDATO_DE_CONTACTO,0,SIN_MATCH,SIN_MATCH,False,SIN_MATCH,0.0,SIN_MATCH,0.0,0.0,0.0,0.0,0.0,0.0,0.0,0.0,0,NO_APLICA
ft_sal_002312,SIN_MATCH,0.0,SIN_CANDIDATO_DE_CONTACTO,0.0,SIN_CANDIDATO_DE_CONTACTO,0,SIN_MATCH,SIN_MATCH,False,SIN_MATCH,0.0,SIN_MATCH,0.0,0.0,0.0,0.0,0.0,0.0,0.0,0.0,0,NO_APLICA
ft_sal_002313,SIN_MATCH,0.0,AMBIGUO,0.0,AMBIGUO,2,bm_usr_002197,bm_usr_004000,True,bm_usr_002197,0.91,bm_usr_004000,0.91,0.0,1.0,0.84,0.0,1.0,0.0,0.84,0,NO_APLICA
ft_sal_002319,SIN_MATCH,0.0,SIN_CANDIDATO_DE_CONTACTO,0.0,SIN_CANDIDATO_DE_CONTACTO,0,SIN_MATCH,SIN_MATCH,False,SIN_MATCH,0.0,SIN_MATCH,0.0,0.0,0.0,0.0,0.0,0.0,0.0,0.0,0,NO_APLICA
ft_sal_002320,SIN_MATCH,0.0,SIN_CANDIDATO_DE_CONTACTO,0.0,SIN_CANDIDATO_DE_CONTACTO,0,SIN_MATCH,SIN_MATCH,False,SIN_MATCH,0.0,SIN_MATCH,0.0,0.0,0.0,0.0,0.0,0.0,0.0,0.0,0,NO_APLICA
ft_sal_002323,SIN_MATCH,0.0,SIN_CANDIDATO_DE_CONTACTO,0.0,SIN_CANDIDATO_DE_CONTACTO,0,SIN_MATCH,SIN_MATCH,False,SIN_MATCH,0.0,SIN_MATCH,0.0,0.0,0.0,0.0,0.0,0.0,0.0,0.0,0,NO_APLICA
ft_sal_002330,SIN_MATCH,0.0,SIN_CANDIDATO_DE_CONTACTO,0.0,SIN_CANDIDATO_DE_CONTACTO,0,SIN_MATCH,SIN_MATCH,False,SIN_MATCH,0.0,SIN_MATCH,0.0,0.0,0.0,0.0,0.0,0.0,0.0,0.0,0,NO_APLICA
ft_sal_002335,SIN_MATCH,0.0,SIN_CANDIDATO_DE_CONTACTO,0.0,SIN_CANDIDATO_DE_CONTACTO,0,SIN_MATCH,SIN_MATCH,False,SIN_MATCH,0.0,SIN_MATCH,0.0,0.0,0.0,0.0,0.0,0.0,0.0,0.0,0,NO_APLICA
ft_sal_002338,SIN_MATCH,0.0,SIN_CANDIDATO_DE_CONTACTO,0.0,SIN_CANDIDATO_DE_CONTACTO,0,SIN_MATCH,SIN_MATCH,False,SIN_MATCH,0.0,SIN_MATCH,0.0,0.0,0.0,0.0,0.0,0.0,0.0,0.0,0,NO_APLICA
ft_sal_002339,SIN_MATCH,0.0,SIN_CANDIDATO_DE_CONTACTO,0.0,SIN_CANDIDATO_DE_CONTACTO,0,SIN_MATCH,SIN_MATCH,False,SIN_MATCH,0.0,SIN_MATCH,0.0,0.0,0.0,0.0,0.0,0.0,0.0,0.0,0,NO_APLICA
ft_sal_002341,SIN_MATCH,0.0,SIN_CANDIDATO_DE_CONTACTO,0.0,SIN_CANDIDATO_DE_CONTACTO,0,SIN_MATCH,SIN_MATCH,False,SIN_MATCH,0.0,SIN_MATCH,0.0,0.0,0.0,0.0,0.0,0.0,0.0,0.0,0,NO_APLICA
ft_sal_002344,SIN_MATCH,0.0,SIN_CANDIDATO_DE_CONTACTO,0.0,SIN_CANDIDATO_DE_CONTACTO,0,SIN_MATCH,SIN_MATCH,False,SIN_MATCH,0.0,SIN_MATCH,0.0,0.0,0.0,0.0,0.0,0.0,0.0,0.0,0,NO_APLICA
ft_sal_002345,SIN_MATCH,0.0,SIN_CANDIDATO_DE_CONTACTO,0.0,SIN_CANDIDATO_DE_CONTACTO,0,SIN_MATCH,SIN_MATCH,False,SIN_MATCH,0.0,SIN_MATCH,0.0,0.0,0.0,0.0,0.0,0.0,0.0,0.0,0,NO_APLICA
ft_sal_002347,SIN_MATCH,0.0,SIN_CANDIDATO_DE_CONTACTO,0.0,SIN_CANDIDATO_DE_CONTACTO,0,SIN_MATCH,SIN_MATCH,False,SIN_MATCH,0.0,SIN_MATCH,0.0,0.0,0.0,0.0,0.0,0.0,0.0,0.0,0,NO_APLICA
ft_sal_002348,SIN_MATCH,0.0,SIN_CANDIDATO_DE_CONTACTO,0.0,SIN_CANDIDATO_DE_CONTACTO,0,SIN_MATCH,SIN_MATCH,False,SIN_MATCH,0.0,SIN_MATCH,0.0,0.0,0.0,0.0,0.0,0.0,0.0,0.0,0,NO_APLICA
ft_sal_002349,SIN_MATCH,0.0,SIN_CANDIDATO_DE_CONTACTO,0.0,SIN_CANDIDATO_DE_CONTACTO,0,SIN_MATCH,SIN_MATCH,False,SIN_MATCH,0.0,SIN_MATCH,0.0,0.0,0.0,0.0,0.0,0.0,0.0,0.0,0,NO_APLICA
ft_sal_002351,SIN_MATCH,0.0,SIN_CANDIDATO_DE_CONTACTO,0.0,SIN_CANDIDATO_DE_CONTACTO,0,SIN_MATCH,SIN_MATCH,False,SIN_MATCH,0.0,SIN_MATCH,0.0,0.0,0.0,0.0,0.0,0.0,0.0,0.0,0,NO_APLICA
ft_sal_002352,SIN_MATCH,0.0,SIN_CANDIDATO_DE_CONTACTO,0.0,SIN_CANDIDATO_DE_CONTACTO,0,SIN_MATCH,SIN_MATCH,False,SIN_MATCH,0.0,SIN_MATCH,0.0,0.0,0.0,0.0,0.0,0.0,0.0,0.0,0,NO_APLICA
ft_sal_002353,SIN_MATCH,0.0,SIN_CANDIDATO_DE_CONTACTO,0.0,SIN_CANDIDATO_DE_CONTACTO,0,SIN_MATCH,SIN_MATCH,False,SIN_MATCH,0.0,SIN_MATCH,0.0,0.0,0.0,0.0,0.0,0.0,0.0,0.0,0,NO_APLICA
ft_sal_002355,SIN_MATCH,0.0,SIN_CANDIDATO_DE_CONTACTO,0.0,SIN_CANDIDATO_DE_CONTACTO,0,SIN_MATCH,SIN_MATCH,False,SIN_MATCH,0.0,SIN_MATCH,0.0,0.0,0.0,0.0,0.0,0.0,0.0,0.0,0,NO_APLICA
ft_sal_002356,SIN_MATCH,0.0,SIN_CANDIDATO_DE_CONTACTO,0.0,SIN_CANDIDATO_DE_CONTACTO,0,SIN_MATCH,SIN_MATCH,False,SIN_MATCH,0.0,SIN_MATCH,0.0,0.0,0.0,0.0,0.0,0.0,0.0,0.0,0,NO_APLICA
ft_sal_002357,SIN_MATCH,0.0,SIN_CANDIDATO_DE_CONTACTO,0.0,SIN_CANDIDATO_DE_CONTACTO,0,SIN_MATCH,SIN_MATCH,False,SIN_MATCH,0.0,SIN_MATCH,0.0,0.0,0.0,0.0,0.0,0.0,0.0,0.0,0,NO_APLICA
ft_sal_002358,SIN_MATCH,0.0,SIN_CANDIDATO_DE_CONTACTO,0.0,SIN_CANDIDATO_DE_CONTACTO,0,SIN_MATCH,SIN_MATCH,False,SIN_MATCH,0.0,SIN_MATCH,0.0,0.0,0.0,0.0,0.0,0.0,0.0,0.0,0,NO_APLICA
ft_sal_002359,SIN_MATCH,0.0,SIN_CANDIDATO_DE_CONTACTO,0.0,SIN_CANDIDATO_DE_CONTACTO,0,SIN_MATCH,SIN_MATCH,False,SIN_MATCH,0.0,SIN_MATCH,0.0,0.0,0.0,0.0,0.0,0.0,0.0,0.0,0,NO_APLICA
ft_sal_002361,SIN_MATCH,0.0,SIN_CANDIDATO_DE_CONTACTO,0.0,SIN_CANDIDATO_DE_CONTACTO,0,SIN_MATCH,SIN_MATCH,False,SIN_MATCH,0.0,SIN_MATCH,0.0,0.0,0.0,0.0,0.0,0.0,0.0,0.0,0,NO_APLICA
ft_sal_002364,SIN_MATCH,0.0,SIN_CANDIDATO_DE_CONTACTO,0.0,SIN_CANDIDATO_DE_CONTACTO,0,SIN_MATCH,SIN_MATCH,False,SIN_MATCH,0.0,SIN_MATCH,0.0,0.0,0.0,0.0,0.0,0.0,0.0,0.0,0,NO_APLICA
ft_sal_002365,SIN_MATCH,0.0,SIN_CANDIDATO_DE_CONTACTO,0.0,SIN_CANDIDATO_DE_CONTACTO,0,SIN_MATCH,SIN_MATCH,False,SIN_MATCH,0.0,SIN_MATCH,0.0,0.0,0.0,0.0,0.0,0.0,0.0,0.0,0,NO_APLICA
ft_sal_002366,SIN_MATCH,0.0,SIN_CANDIDATO_DE_CONTACTO,0.0,SIN_CANDIDATO_DE_CONTACTO,0,SIN_MATCH,SIN_MATCH,False,SIN_MATCH,0.0,SIN_MATCH,0.0,0.0,0.0,0.0,0.0,0.0,0.0,0.0,0,NO_APLICA
ft_sal_002368,SIN_MATCH,0.0,SIN_CANDIDATO_DE_CONTACTO,0.0,SIN_CANDIDATO_DE_CONTACTO,0,SIN_MATCH,SIN_MATCH,False,SIN_MATCH,0.0,SIN_MATCH,0.0,0.0,0.0,0.0,0.0,0.0,0.0,0.0,0,NO_APLICA
ft_sal_002369,SIN_MATCH,0.0,SIN_CANDIDATO_DE_CONTACTO,0.0,SIN_CANDIDATO_DE_CONTACTO,0,SIN_MATCH,SIN_MATCH,False,SIN_MATCH,0.0,SIN_MATCH,0.0,0.0,0.0,0.0,0.0,0.0,0.0,0.0,0,NO_APLICA
ft_sal_002370,SIN_MATCH,0.0,SIN_CANDIDATO_DE_CONTACTO,0.0,SIN_CANDIDATO_DE_CONTACTO,0,SIN_MATCH,SIN_MATCH,False,SIN_MATCH,0.0,SIN_MATCH,0.0,0.0,0.0,0.0,0.0,0.0,0.0,0.0,0,NO_APLICA
ft_sal_002374,SIN_MATCH,0.0,SIN_CANDIDATO_DE_CONTACTO,0.0,SIN_CANDIDATO_DE_CONTACTO,0,SIN_MATCH,SIN_MATCH,False,SIN_MATCH,0.0,SIN_MATCH,0.0,0.0,0.0,0.0,0.0,0.0,0.0,0.0,0,NO_APLICA
ft_sal_002377,SIN_MATCH,0.0,SIN_CANDIDATO_DE_CONTACTO,0.0,SIN_CANDIDATO_DE_CONTACTO,0,SIN_MATCH,SIN_MATCH,False,SIN_MATCH,0.0,SIN_MATCH,0.0,0.0,0.0,0.0,0.0,0.0,0.0,0.0,0,NO_APLICA
ft_sal_002378,SIN_MATCH,0.0,SIN_CANDIDATO_DE_CONTACTO,0.0,SIN_CANDIDATO_DE_CONTACTO,0,SIN_MATCH,SIN_MATCH,False,SIN_MATCH,0.0,SIN_MATCH,0.0,0.0,0.0,0.0,0.0,0.0,0.0,0.0,0,NO_APLICA
ft_sal_002381,SIN_MATCH,0.0,SIN_CANDIDATO_DE_CONTACTO,0.0,SIN_CANDIDATO_DE_CONTACTO,0,SIN_MATCH,SIN_MATCH,False,SIN_MATCH,0.0,SIN_MATCH,0.0,0.0,0.0,0.0,0.0,0.0,0.0,0.0,0,NO_APLICA
ft_sal_002382,SIN_MATCH,0.0,SIN_CANDIDATO_DE_CONTACTO,0.0,SIN_CANDIDATO_DE_CONTACTO,0,SIN_MATCH,SIN_MATCH,False,SIN_MATCH,0.0,SIN_MATCH,0.0,0.0,0.0,0.0,0.0,0.0,0.0,0.0,0,NO_APLICA
ft_sal_002385,SIN_MATCH,0.0,SIN_CANDIDATO_DE_CONTACTO,0.0,SIN_CANDIDATO_DE_CONTACTO,0,SIN_MATCH,SIN_MATCH,False,SIN_MATCH,0.0,SIN_MATCH,0.0,0.0,0.0,0.0,0.0,0.0,0.0,0.0,0,NO_APLICA
ft_sal_002386,SIN_MATCH,0.0,SIN_CANDIDATO_DE_CONTACTO,0.0,SIN_CANDIDATO_DE_CONTACTO,0,SIN_MATCH,SIN_MATCH,False,SIN_MATCH,0.0,SIN_MATCH,0.0,0.0,0.0,0.0,0.0,0.0,0.0,0.0,0,NO_APLICA
ft_sal_002387,SIN_MATCH,0.0,SIN_CANDIDATO_DE_CONTACTO,0.0,SIN_CANDIDATO_DE_CONTACTO,0,SIN_MATCH,SIN_MATCH,False,SIN_MATCH,0.0,SIN_MATCH,0.0,0.0,0.0,0.0,0.0,0.0,0.0,0.0,0,NO_APLICA
ft_sal_002390,SIN_MATCH,0.0,SIN_CANDIDATO_DE_CONTACTO,0.0,SIN_CANDIDATO_DE_CONTACTO,0,SIN_MATCH,SIN_MATCH,False,SIN_MATCH,0.0,SIN_MATCH,0.0,0.0,0.0,0.0,0.0,0.0,0.0,0.0,0,NO_APLICA
ft_sal_002392,SIN_MATCH,0.0,SIN_CANDIDATO_DE_CONTACTO,0.0,SIN_CANDIDATO_DE_CONTACTO,0,SIN_MATCH,SIN_MATCH,False,SIN_MATCH,0.0,SIN_MATCH,0.0,0.0,0.0,0.0,0.0,0.0,0.0,0.0,0,NO_APLICA
ft_sal_002394,SIN_MATCH,0.0,SIN_CANDIDATO_DE_CONTACTO,0.0,SIN_CANDIDATO_DE_CONTACTO,0,SIN_MATCH,SIN_MATCH,False,SIN_MATCH,0.0,SIN_MATCH,0.0,0.0,0.0,0.0,0.0,0.0,0.0,0.0,0,NO_APLICA
ft_sal_002395,SIN_MATCH,0.0,SIN_CANDIDATO_DE_CONTACTO,0.0,SIN_CANDIDATO_DE_CONTACTO,0,SIN_MATCH,SIN_MATCH,False,SIN_MATCH,0.0,SIN_MATCH,0.0,0.0,0.0,0.0,0.0,0.0,0.0,0.0,0,NO_APLICA
ft_sal_002397,SIN_MATCH,0.0,SIN_CANDIDATO_DE_CONTACTO,0.0,SIN_CANDIDATO_DE_CONTACTO,0,SIN_MATCH,SIN_MATCH,False,SIN_MATCH,0.0,SIN_MATCH,0.0,0.0,0.0,0.0,0.0,0.0,0.0,0.0,0,NO_APLICA
ft_sal_002399,SIN_MATCH,0.0,SIN_CANDIDATO_DE_CONTACTO,0.0,SIN_CANDIDATO_DE_CONTACTO,0,SIN_MATCH,SIN_MATCH,False,SIN_MATCH,0.0,SIN_MATCH,0.0,0.0,0.0,0.0,0.0,0.0,0.0,0.0,0,NO_APLICA
ft_sal_002400,SIN_MATCH,0.0,SIN_CANDIDATO_DE_CONTACTO,0.0,SIN_CANDIDATO_DE_CONTACTO,0,SIN_MATCH,SIN_MATCH,False,SIN_MATCH,0.0,SIN_MATCH,0.0,0.0,0.0,0.0,0.0,0.0,0.0,0.0,0,NO_APLICA
ft_sal_002403,SIN_MATCH,0.0,SIN_CANDIDATO_DE_CONTACTO,0.0,SIN_CANDIDATO_DE_CONTACTO,0,SIN_MATCH,SIN_MATCH,False,SIN_MATCH,0.0,SIN_MATCH,0.0,0.0,0.0,0.0,0.0,0.0,0.0,0.0,0,NO_APLICA
ft_sal_002404,SIN_MATCH,0.0,SIN_CANDIDATO_DE_CONTACTO,0.0,SIN_CANDIDATO_DE_CONTACTO,0,SIN_MATCH,SIN_MATCH,False,SIN_MATCH,0.0,SIN_MATCH,0.0,0.0,0.0,0.0,0.0,0.0,0.0,0.0,0,NO_APLICA
ft_sal_002405,SIN_MATCH,0.0,SIN_CANDIDATO_DE_CONTACTO,0.0,SIN_CANDIDATO_DE_CONTACTO,0,SIN_MATCH,SIN_MATCH,False,SIN_MATCH,0.0,SIN_MATCH,0.0,0.0,0.0,0.0,0.0,0.0,0.0,0.0,0,NO_APLICA
ft_sal_002407,SIN_MATCH,0.0,SIN_CANDIDATO_DE_CONTACTO,0.0,SIN_CANDIDATO_DE_CONTACTO,0,SIN_MATCH,SIN_MATCH,False,SIN_MATCH,0.0,SIN_MATCH,0.0,0.0,0.0,0.0,0.0,0.0,0.0,0.0,0,NO_APLICA
ft_sal_002410,SIN_MATCH,0.0,SIN_CANDIDATO_DE_CONTACTO,0.0,SIN_CANDIDATO_DE_CONTACTO,0,SIN_MATCH,SIN_MATCH,False,SIN_MATCH,0.0,SIN_MATCH,0.0,0.0,0.0,0.0,0.0,0.0,0.0,0.0,0,NO_APLICA
ft_sal_002411,SIN_MATCH,0.0,SIN_CANDIDATO_DE_CONTACTO,0.0,SIN_CANDIDATO_DE_CONTACTO,0,SIN_MATCH,SIN_MATCH,False,SIN_MATCH,0.0,SIN_MATCH,0.0,0.0,0.0,0.0,0.0,0.0,0.0,0.0,0,NO_APLICA
ft_sal_002412,SIN_MATCH,0.0,SIN_CANDIDATO_DE_CONTACTO,0.0,SIN_CANDIDATO_DE_CONTACTO,0,SIN_MATCH,SIN_MATCH,False,SIN_MATCH,0.0,SIN_MATCH,0.0,0.0,0.0,0.0,0.0,0.0,0.0,0.0,0,NO_APLICA
ft_sal_002415,SIN_MATCH,0.0,SIN_CANDIDATO_DE_CONTACTO,0.0,SIN_CANDIDATO_DE_CONTACTO,0,SIN_MATCH,SIN_MATCH,False,SIN_MATCH,0.0,SIN_MATCH,0.0,0.0,0.0,0.0,0.0,0.0,0.0,0.0,0,NO_APLICA
ft_sal_002416,SIN_MATCH,0.0,SIN_CANDIDATO_DE_CONTACTO,0.0,SIN_CANDIDATO_DE_CONTACTO,0,SIN_MATCH,SIN_MATCH,False,SIN_MATCH,0.0,SIN_MATCH,0.0,0.0,0.0,0.0,0.0,0.0,0.0,0.0,0,NO_APLICA
ft_sal_002417,SIN_MATCH,0.0,SIN_CANDIDATO_DE_CONTACTO,0.0,SIN_CANDIDATO_DE_CONTACTO,0,SIN_MATCH,SIN_MATCH,False,SIN_MATCH,0.0,SIN_MATCH,0.0,0.0,0.0,0.0,0.0,0.0,0.0,0.0,0,NO_APLICA
ft_sal_002418,SIN_MATCH,0.0,SIN_CANDIDATO_DE_CONTACTO,0.0,SIN_CANDIDATO_DE_CONTACTO,0,SIN_MATCH,SIN_MATCH,False,SIN_MATCH,0.0,SIN_MATCH,0.0,0.0,0.0,0.0,0.0,0.0,0.0,0.0,0,NO_APLICA
ft_sal_002419,SIN_MATCH,0.0,SIN_CANDIDATO_DE_CONTACTO,0.0,SIN_CANDIDATO_DE_CONTACTO,0,SIN_MATCH,SIN_MATCH,False,SIN_MATCH,0.0,SIN_MATCH,0.0,0.0,0.0,0.0,0.0,0.0,0.0,0.0,0,NO_APLICA
ft_sal_002420,SIN_MATCH,0.0,SIN_CANDIDATO_DE_CONTACTO,0.0,SIN_CANDIDATO_DE_CONTACTO,0,SIN_MATCH,SIN_MATCH,False,SIN_MATCH,0.0,SIN_MATCH,0.0,0.0,0.0,0.0,0.0,0.0,0.0,0.0,0,NO_APLICA
ft_sal_002422,SIN_MATCH,0.0,SIN_CANDIDATO_DE_CONTACTO,0.0,SIN_CANDIDATO_DE_CONTACTO,0,SIN_MATCH,SIN_MATCH,False,SIN_MATCH,0.0,SIN_MATCH,0.0,0.0,0.0,0.0,0.0,0.0,0.0,0.0,0,NO_APLICA
ft_sal_002424,SIN_MATCH,0.0,SIN_CANDIDATO_DE_CONTACTO,0.0,SIN_CANDIDATO_DE_CONTACTO,0,SIN_MATCH,SIN_MATCH,False,SIN_MATCH,0.0,SIN_MATCH,0.0,0.0,0.0,0.0,0.0,0.0,0.0,0.0,0,NO_APLICA
ft_sal_002425,SIN_MATCH,0.0,SIN_CANDIDATO_DE_CONTACTO,0.0,SIN_CANDIDATO_DE_CONTACTO,0,SIN_MATCH,SIN_MATCH,False,SIN_MATCH,0.0,SIN_MATCH,0.0,0.0,0.0,0.0,0.0,0.0,0.0,0.0,0,NO_APLICA
ft_sal_002426,SIN_MATCH,0.0,SIN_CANDIDATO_DE_CONTACTO,0.0,SIN_CANDIDATO_DE_CONTACTO,0,SIN_MATCH,SIN_MATCH,False,SIN_MATCH,0.0,SIN_MATCH,0.0,0.0,0.0,0.0,0.0,0.0,0.0,0.0,0,NO_APLICA
ft_sal_002427,SIN_MATCH,0.0,SIN_CANDIDATO_DE_CONTACTO,0.0,SIN_CANDIDATO_DE_CONTACTO,0,SIN_MATCH,SIN_MATCH,False,SIN_MATCH,0.0,SIN_MATCH,0.0,0.0,0.0,0.0,0.0,0.0,0.0,0.0,0,NO_APLICA
ft_sal_002428,SIN_MATCH,0.0,SIN_CANDIDATO_DE_CONTACTO,0.0,SIN_CANDIDATO_DE_CONTACTO,0,SIN_MATCH,SIN_MATCH,False,SIN_MATCH,0.0,SIN_MATCH,0.0,0.0,0.0,0.0,0.0,0.0,0.0,0.0,0,NO_APLICA
ft_sal_002430,SIN_MATCH,0.0,SIN_CANDIDATO_DE_CONTACTO,0.0,SIN_CANDIDATO_DE_CONTACTO,0,SIN_MATCH,SIN_MATCH,False,SIN_MATCH,0.0,SIN_MATCH,0.0,0.0,0.0,0.0,0.0,0.0,0.0,0.0,0,NO_APLICA
ft_sal_002431,SIN_MATCH,0.0,SIN_CANDIDATO_DE_CONTACTO,0.0,SIN_CANDIDATO_DE_CONTACTO,0,SIN_MATCH,SIN_MATCH,False,SIN_MATCH,0.0,SIN_MATCH,0.0,0.0,0.0,0.0,0.0,0.0,0.0,0.0,0,NO_APLICA
ft_sal_002432,SIN_MATCH,0.0,SIN_CANDIDATO_DE_CONTACTO,0.0,SIN_CANDIDATO_DE_CONTACTO,0,SIN_MATCH,SIN_MATCH,False,SIN_MATCH,0.0,SIN_MATCH,0.0,0.0,0.0,0.0,0.0,0.0,0.0,0.0,0,NO_APLICA
ft_sal_002433,SIN_MATCH,0.0,SIN_CANDIDATO_DE_CONTACTO,0.0,SIN_CANDIDATO_DE_CONTACTO,0,SIN_MATCH,SIN_MATCH,False,SIN_MATCH,0.0,SIN_MATCH,0.0,0.0,0.0,0.0,0.0,0.0,0.0,0.0,0,NO_APLICA
ft_sal_002434,SIN_MATCH,0.0,SIN_CANDIDATO_DE_CONTACTO,0.0,SIN_CANDIDATO_DE_CONTACTO,0,SIN_MATCH,SIN_MATCH,False,SIN_MATCH,0.0,SIN_MATCH,0.0,0.0,0.0,0.0,0.0,0.0,0.0,0.0,0,NO_APLICA
ft_sal_002438,SIN_MATCH,0.0,SIN_CANDIDATO_DE_CONTACTO,0.0,SIN_CANDIDATO_DE_CONTACTO,0,SIN_MATCH,SIN_MATCH,False,SIN_MATCH,0.0,SIN_MATCH,0.0,0.0,0.0,0.0,0.0,0.0,0.0,0.0,0,NO_APLICA
ft_sal_002439,SIN_MATCH,0.0,SIN_CANDIDATO_DE_CONTACTO,0.0,SIN_CANDIDATO_DE_CONTACTO,0,SIN_MATCH,SIN_MATCH,False,SIN_MATCH,0.0,SIN_MATCH,0.0,0.0,0.0,0.0,0.0,0.0,0.0,0.0,0,NO_APLICA
ft_sal_002440,SIN_MATCH,0.0,SIN_CANDIDATO_DE_CONTACTO,0.0,SIN_CANDIDATO_DE_CONTACTO,0,SIN_MATCH,SIN_MATCH,False,SIN_MATCH,0.0,SIN_MATCH,0.0,0.0,0.0,0.0,0.0,0.0,0.0,0.0,0,NO_APLICA
ft_sal_002441,SIN_MATCH,0.0,SIN_CANDIDATO_DE_CONTACTO,0.0,SIN_CANDIDATO_DE_CONTACTO,0,SIN_MATCH,SIN_MATCH,False,SIN_MATCH,0.0,SIN_MATCH,0.0,0.0,0.0,0.0,0.0,0.0,0.0,0.0,0,NO_APLICA
ft_sal_002442,SIN_MATCH,0.0,SIN_CANDIDATO_DE_CONTACTO,0.0,SIN_CANDIDATO_DE_CONTACTO,0,SIN_MATCH,SIN_MATCH,False,SIN_MATCH,0.0,SIN_MATCH,0.0,0.0,0.0,0.0,0.0,0.0,0.0,0.0,0,NO_APLICA
ft_sal_002446,SIN_MATCH,0.0,SIN_CANDIDATO_DE_CONTACTO,0.0,SIN_CANDIDATO_DE_CONTACTO,0,SIN_MATCH,SIN_MATCH,False,SIN_MATCH,0.0,SIN_MATCH,0.0,0.0,0.0,0.0,0.0,0.0,0.0,0.0,0,NO_APLICA
ft_sal_002447,SIN_MATCH,0.0,SIN_CANDIDATO_DE_CONTACTO,0.0,SIN_CANDIDATO_DE_CONTACTO,0,SIN_MATCH,SIN_MATCH,False,SIN_MATCH,0.0,SIN_MATCH,0.0,0.0,0.0,0.0,0.0,0.0,0.0,0.0,0,NO_APLICA
ft_sal_002449,SIN_MATCH,0.0,SIN_CANDIDATO_DE_CONTACTO,0.0,SIN_CANDIDATO_DE_CONTACTO,0,SIN_MATCH,SIN_MATCH,False,SIN_MATCH,0.0,SIN_MATCH,0.0,0.0,0.0,0.0,0.0,0.0,0.0,0.0,0,NO_APLICA
ft_sal_002450,SIN_MATCH,0.0,SIN_CANDIDATO_DE_CONTACTO,0.0,SIN_CANDIDATO_DE_CONTACTO,0,SIN_MATCH,SIN_MATCH,False,SIN_MATCH,0.0,SIN_MATCH,0.0,0.0,0.0,0.0,0.0,0.0,0.0,0.0,0,NO_APLICA
ft_sal_002451,SIN_MATCH,0.0,SIN_CANDIDATO_DE_CONTACTO,0.0,SIN_CANDIDATO_DE_CONTACTO,0,SIN_MATCH,SIN_MATCH,False,SIN_MATCH,0.0,SIN_MATCH,0.0,0.0,0.0,0.0,0.0,0.0,0.0,0.0,0,NO_APLICA
ft_sal_002452,SIN_MATCH,0.0,SIN_CANDIDATO_DE_CONTACTO,0.0,SIN_CANDIDATO_DE_CONTACTO,0,SIN_MATCH,SIN_MATCH,False,SIN_MATCH,0.0,SIN_MATCH,0.0,0.0,0.0,0.0,0.0,0.0,0.0,0.0,0,NO_APLICA
ft_sal_002453,SIN_MATCH,0.0,SIN_CANDIDATO_DE_CONTACTO,0.0,SIN_CANDIDATO_DE_CONTACTO,0,SIN_MATCH,SIN_MATCH,False,SIN_MATCH,0.0,SIN_MATCH,0.0,0.0,0.0,0.0,0.0,0.0,0.0,0.0,0,NO_APLICA
ft_sal_002454,SIN_MATCH,0.0,SIN_CANDIDATO_DE_CONTACTO,0.0,SIN_CANDIDATO_DE_CONTACTO,0,SIN_MATCH,SIN_MATCH,False,SIN_MATCH,0.0,SIN_MATCH,0.0,0.0,0.0,0.0,0.0,0.0,0.0,0.0,0,NO_APLICA
ft_sal_002455,SIN_MATCH,0.0,SIN_CANDIDATO_DE_CONTACTO,0.0,SIN_CANDIDATO_DE_CONTACTO,0,SIN_MATCH,SIN_MATCH,False,SIN_MATCH,0.0,SIN_MATCH,0.0,0.0,0.0,0.0,0.0,0.0,0.0,0.0,0,NO_APLICA
ft_sal_002456,SIN_MATCH,0.0,SIN_CANDIDATO_DE_CONTACTO,0.0,SIN_CANDIDATO_DE_CONTACTO,0,SIN_MATCH,SIN_MATCH,False,SIN_MATCH,0.0,SIN_MATCH,0.0,0.0,0.0,0.0,0.0,0.0,0.0,0.0,0,NO_APLICA
ft_sal_002457,SIN_MATCH,0.0,SIN_CANDIDATO_DE_CONTACTO,0.0,SIN_CANDIDATO_DE_CONTACTO,0,SIN_MATCH,SIN_MATCH,False,SIN_MATCH,0.0,SIN_MATCH,0.0,0.0,0.0,0.0,0.0,0.0,0.0,0.0,0,NO_APLICA
ft_sal_002459,SIN_MATCH,0.0,SIN_CANDIDATO_DE_CONTACTO,0.0,SIN_CANDIDATO_DE_CONTACTO,0,SIN_MATCH,SIN_MATCH,False,SIN_MATCH,0.0,SIN_MATCH,0.0,0.0,0.0,0.0,0.0,0.0,0.0,0.0,0,NO_APLICA
ft_sal_002466,SIN_MATCH,0.0,SIN_CANDIDATO_DE_CONTACTO,0.0,SIN_CANDIDATO_DE_CONTACTO,0,SIN_MATCH,SIN_MATCH,False,SIN_MATCH,0.0,SIN_MATCH,0.0,0.0,0.0,0.0,0.0,0.0,0.0,0.0,0,NO_APLICA
ft_sal_002468,SIN_MATCH,0.0,SIN_CANDIDATO_DE_CONTACTO,0.0,SIN_CANDIDATO_DE_CONTACTO,0,SIN_MATCH,SIN_MATCH,False,SIN_MATCH,0.0,SIN_MATCH,0.0,0.0,0.0,0.0,0.0,0.0,0.0,0.0,0,NO_APLICA
ft_sal_002470,SIN_MATCH,0.0,AMBIGUO,0.0,AMBIGUO,3,bm_usr_001759,SIN_MATCH,False,bm_usr_001759,0.91,bm_usr_001748,0.86,0.9,0.0,0.84,0.05,1.0,0.0,0.84,0,NO_APLICA
ft_sal_002478,SIN_MATCH,0.0,SIN_CANDIDATO_DE_CONTACTO,0.0,SIN_CANDIDATO_DE_CONTACTO,0,SIN_MATCH,SIN_MATCH,False,SIN_MATCH,0.0,SIN_MATCH,0.0,0.0,0.0,0.0,0.0,0.0,0.0,0.0,0,NO_APLICA
ft_sal_002486,SIN_MATCH,0.0,SIN_CANDIDATO_DE_CONTACTO,0.0,SIN_CANDIDATO_DE_CONTACTO,0,SIN_MATCH,SIN_MATCH,False,SIN_MATCH,0.0,SIN_MATCH,0.0,0.0,0.0,0.0,0.0,0.0,0.0,0.0,0,NO_APLICA
ft_sal_002487,SIN_MATCH,0.0,SIN_CANDIDATO_DE_CONTACTO,0.0,SIN_CANDIDATO_DE_CONTACTO,0,SIN_MATCH,SIN_MATCH,False,SIN_MATCH,0.0,SIN_MATCH,0.0,0.0,0.0,0.0,0.0,0.0,0.0,0.0,0,NO_APLICA
ft_sal_002489,SIN_MATCH,0.0,SIN_CANDIDATO_DE_CONTACTO,0.0,SIN_CANDIDATO_DE_CONTACTO,0,SIN_MATCH,SIN_MATCH,False,SIN_MATCH,0.0,SIN_MATCH,0.0,0.0,0.0,0.0,0.0,0.0,0.0,0.0,0,NO_APLICA
ft_sal_002490,SIN_MATCH,0.0,EVIDENCIA_INSUFICIENTE,0.0,EVIDENCIA_INSUFICIENTE,1,SIN_MATCH,bm_usr_000378,False,bm_usr_000378,0.58,SIN_MATCH,0.0,0.0,0.0,0.0,0.58,0.0,1.0,0.25,0,NO_APLICA
ft_sal_002494,SIN_MATCH,0.0,SIN_CANDIDATO_DE_CONTACTO,0.0,SIN_CANDIDATO_DE_CONTACTO,0,SIN_MATCH,SIN_MATCH,False,SIN_MATCH,0.0,SIN_MATCH,0.0,0.0,0.0,0.0,0.0,0.0,0.0,0.0,0,NO_APLICA
ft_sal_002496,SIN_MATCH,0.0,SIN_CANDIDATO_DE_CONTACTO,0.0,SIN_CANDIDATO_DE_CONTACTO,0,SIN_MATCH,SIN_MATCH,False,SIN_MATCH,0.0,SIN_MATCH,0.0,0.0,0.0,0.0,0.0,0.0,0.0,0.0,0,NO_APLICA
ft_sal_002497,SIN_MATCH,0.0,SIN_CANDIDATO_DE_CONTACTO,0.0,SIN_CANDIDATO_DE_CONTACTO,0,SIN_MATCH,SIN_MATCH,False,SIN_MATCH,0.0,SIN_MATCH,0.0,0.0,0.0,0.0,0.0,0.0,0.0,0.0,0,NO_APLICA
ft_sal_002499,SIN_MATCH,0.0,AMBIGUO,0.0,AMBIGUO,2,bm_usr_003437,bm_usr_003510,True,bm_usr_003510,0.96,bm_usr_003437,0.96,1.0,0.0,1.0,0.0,0.0,1.0,1.0,0,NO_APLICA
ft_sal_002500,SIN_MATCH,0.0,SIN_CANDIDATO_DE_CONTACTO,0.0,SIN_CANDIDATO_DE_CONTACTO,0,SIN_MATCH,SIN_MATCH,False,SIN_MATCH,0.0,SIN_MATCH,0.0,0.0,0.0,0.0,0.0,0.0,0.0,0.0,0,NO_APLICA
ft_sal_002501,SIN_MATCH,0.0,SIN_CANDIDATO_DE_CONTACTO,0.0,SIN_CANDIDATO_DE_CONTACTO,0,SIN_MATCH,SIN_MATCH,False,SIN_MATCH,0.0,SIN_MATCH,0.0,0.0,0.0,0.0,0.0,0.0,0.0,0.0,0,NO_APLICA
ft_sal_002506,SIN_MATCH,0.0,SIN_CANDIDATO_DE_CONTACTO,0.0,SIN_CANDIDATO_DE_CONTACTO,0,SIN_MATCH,SIN_MATCH,False,SIN_MATCH,0.0,SIN_MATCH,0.0,0.0,0.0,0.0,0.0,0.0,0.0,0.0,0,NO_APLICA
ft_sal_002507,SIN_MATCH,0.0,SIN_CANDIDATO_DE_CONTACTO,0.0,SIN_CANDIDATO_DE_CONTACTO,0,SIN_MATCH,SIN_MATCH,False,SIN_MATCH,0.0,SIN_MATCH,0.0,0.0,0.0,0.0,0.0,0.0,0.0,0.0,0,NO_APLICA
ft_sal_002509,SIN_MATCH,0.0,AMBIGUO,0.0,AMBIGUO,2,bm_usr_001634,bm_usr_002968,True,bm_usr_001634,0.91,bm_usr_002968,0.91,0.0,1.0,0.84,0.0,1.0,0.0,0.84,0,NO_APLICA
ft_sal_002510,SIN_MATCH,0.0,SIN_CANDIDATO_DE_CONTACTO,0.0,SIN_CANDIDATO_DE_CONTACTO,0,SIN_MATCH,SIN_MATCH,False,SIN_MATCH,0.0,SIN_MATCH,0.0,0.0,0.0,0.0,0.0,0.0,0.0,0.0,0,NO_APLICA
ft_sal_002514,SIN_MATCH,0.0,SIN_CANDIDATO_DE_CONTACTO,0.0,SIN_CANDIDATO_DE_CONTACTO,0,SIN_MATCH,SIN_MATCH,False,SIN_MATCH,0.0,SIN_MATCH,0.0,0.0,0.0,0.0,0.0,0.0,0.0,0.0,0,NO_APLICA
ft_sal_002515,SIN_MATCH,0.0,SIN_CANDIDATO_DE_CONTACTO,0.0,SIN_CANDIDATO_DE_CONTACTO,0,SIN_MATCH,SIN_MATCH,False,SIN_MATCH,0.0,SIN_MATCH,0.0,0.0,0.0,0.0,0.0,0.0,0.0,0.0,0,NO_APLICA
ft_sal_002517,SIN_MATCH,0.0,SIN_CANDIDATO_DE_CONTACTO,0.0,SIN_CANDIDATO_DE_CONTACTO,0,SIN_MATCH,SIN_MATCH,False,SIN_MATCH,0.0,SIN_MATCH,0.0,0.0,0.0,0.0,0.0,0.0,0.0,0.0,0,NO_APLICA
ft_sal_002520,SIN_MATCH,0.0,SIN_CANDIDATO_DE_CONTACTO,0.0,SIN_CANDIDATO_DE_CONTACTO,0,SIN_MATCH,SIN_MATCH,False,SIN_MATCH,0.0,SIN_MATCH,0.0,0.0,0.0,0.0,0.0,0.0,0.0,0.0,0,NO_APLICA
ft_sal_002525,SIN_MATCH,0.0,SIN_CANDIDATO_DE_CONTACTO,0.0,SIN_CANDIDATO_DE_CONTACTO,0,SIN_MATCH,SIN_MATCH,False,SIN_MATCH,0.0,SIN_MATCH,0.0,0.0,0.0,0.0,0.0,0.0,0.0,0.0,0,NO_APLICA
ft_sal_002526,SIN_MATCH,0.0,SIN_CANDIDATO_DE_CONTACTO,0.0,SIN_CANDIDATO_DE_CONTACTO,0,SIN_MATCH,SIN_MATCH,False,SIN_MATCH,0.0,SIN_MATCH,0.0,0.0,0.0,0.0,0.0,0.0,0.0,0.0,0,NO_APLICA
ft_sal_002527,SIN_MATCH,0.0,SIN_CANDIDATO_DE_CONTACTO,0.0,SIN_CANDIDATO_DE_CONTACTO,0,SIN_MATCH,SIN_MATCH,False,SIN_MATCH,0.0,SIN_MATCH,0.0,0.0,0.0,0.0,0.0,0.0,0.0,0.0,0,NO_APLICA
ft_sal_002534,SIN_MATCH,0.0,SIN_CANDIDATO_DE_CONTACTO,0.0,SIN_CANDIDATO_DE_CONTACTO,0,SIN_MATCH,SIN_MATCH,False,SIN_MATCH,0.0,SIN_MATCH,0.0,0.0,0.0,0.0,0.0,0.0,0.0,0.0,0,NO_APLICA
ft_sal_002535,SIN_MATCH,0.0,SIN_CANDIDATO_DE_CONTACTO,0.0,SIN_CANDIDATO_DE_CONTACTO,0,SIN_MATCH,SIN_MATCH,False,SIN_MATCH,0.0,SIN_MATCH,0.0,0.0,0.0,0.0,0.0,0.0,0.0,0.0,0,NO_APLICA
ft_sal_002539,SIN_MATCH,0.0,SIN_CANDIDATO_DE_CONTACTO,0.0,SIN_CANDIDATO_DE_CONTACTO,0,SIN_MATCH,SIN_MATCH,False,SIN_MATCH,0.0,SIN_MATCH,0.0,0.0,0.0,0.0,0.0,0.0,0.0,0.0,0,NO_APLICA
ft_sal_002540,SIN_MATCH,0.0,SIN_CANDIDATO_DE_CONTACTO,0.0,SIN_CANDIDATO_DE_CONTACTO,0,SIN_MATCH,SIN_MATCH,False,SIN_MATCH,0.0,SIN_MATCH,0.0,0.0,0.0,0.0,0.0,0.0,0.0,0.0,0,NO_APLICA
ft_sal_002541,SIN_MATCH,0.0,SIN_CANDIDATO_DE_CONTACTO,0.0,SIN_CANDIDATO_DE_CONTACTO,0,SIN_MATCH,SIN_MATCH,False,SIN_MATCH,0.0,SIN_MATCH,0.0,0.0,0.0,0.0,0.0,0.0,0.0,0.0,0,NO_APLICA
ft_sal_002545,SIN_MATCH,0.0,SIN_CANDIDATO_DE_CONTACTO,0.0,SIN_CANDIDATO_DE_CONTACTO,0,SIN_MATCH,SIN_MATCH,False,SIN_MATCH,0.0,SIN_MATCH,0.0,0.0,0.0,0.0,0.0,0.0,0.0,0.0,0,NO_APLICA
ft_sal_002547,SIN_MATCH,0.0,SIN_CANDIDATO_DE_CONTACTO,0.0,SIN_CANDIDATO_DE_CONTACTO,0,SIN_MATCH,SIN_MATCH,False,SIN_MATCH,0.0,SIN_MATCH,0.0,0.0,0.0,0.0,0.0,0.0,0.0,0.0,0,NO_APLICA
ft_sal_002548,SIN_MATCH,0.0,SIN_CANDIDATO_DE_CONTACTO,0.0,SIN_CANDIDATO_DE_CONTACTO,0,SIN_MATCH,SIN_MATCH,False,SIN_MATCH,0.0,SIN_MATCH,0.0,0.0,0.0,0.0,0.0,0.0,0.0,0.0,0,NO_APLICA
ft_sal_002549,SIN_MATCH,0.0,SIN_CANDIDATO_DE_CONTACTO,0.0,SIN_CANDIDATO_DE_CONTACTO,0,SIN_MATCH,SIN_MATCH,False,SIN_MATCH,0.0,SIN_MATCH,0.0,0.0,0.0,0.0,0.0,0.0,0.0,0.0,0,NO_APLICA
ft_sal_002552,SIN_MATCH,0.0,SIN_CANDIDATO_DE_CONTACTO,0.0,SIN_CANDIDATO_DE_CONTACTO,0,SIN_MATCH,SIN_MATCH,False,SIN_MATCH,0.0,SIN_MATCH,0.0,0.0,0.0,0.0,0.0,0.0,0.0,0.0,0,NO_APLICA
ft_sal_002554,SIN_MATCH,0.0,SIN_CANDIDATO_DE_CONTACTO,0.0,SIN_CANDIDATO_DE_CONTACTO,0,SIN_MATCH,SIN_MATCH,False,SIN_MATCH,0.0,SIN_MATCH,0.0,0.0,0.0,0.0,0.0,0.0,0.0,0.0,0,NO_APLICA
ft_sal_002558,SIN_MATCH,0.0,SIN_CANDIDATO_DE_CONTACTO,0.0,SIN_CANDIDATO_DE_CONTACTO,0,SIN_MATCH,SIN_MATCH,False,SIN_MATCH,0.0,SIN_MATCH,0.0,0.0,0.0,0.0,0.0,0.0,0.0,0.0,0,NO_APLICA
ft_sal_002563,SIN_MATCH,0.0,SIN_CANDIDATO_DE_CONTACTO,0.0,SIN_CANDIDATO_DE_CONTACTO,0,SIN_MATCH,SIN_MATCH,False,SIN_MATCH,0.0,SIN_MATCH,0.0,0.0,0.0,0.0,0.0,0.0,0.0,0.0,0,NO_APLICA
ft_sal_002576,SIN_MATCH,0.0,SIN_CANDIDATO_DE_CONTACTO,0.0,SIN_CANDIDATO_DE_CONTACTO,0,SIN_MATCH,SIN_MATCH,False,SIN_MATCH,0.0,SIN_MATCH,0.0,0.0,0.0,0.0,0.0,0.0,0.0,0.0,0,NO_APLICA
ft_sal_002579,SIN_MATCH,0.0,SIN_CANDIDATO_DE_CONTACTO,0.0,SIN_CANDIDATO_DE_CONTACTO,0,SIN_MATCH,SIN_MATCH,False,SIN_MATCH,0.0,SIN_MATCH,0.0,0.0,0.0,0.0,0.0,0.0,0.0,0.0,0,NO_APLICA
ft_sal_002580,SIN_MATCH,0.0,SIN_CANDIDATO_DE_CONTACTO,0.0,SIN_CANDIDATO_DE_CONTACTO,0,SIN_MATCH,SIN_MATCH,False,SIN_MATCH,0.0,SIN_MATCH,0.0,0.0,0.0,0.0,0.0,0.0,0.0,0.0,0,NO_APLICA
ft_sal_002581,SIN_MATCH,0.0,SIN_CANDIDATO_DE_CONTACTO,0.0,SIN_CANDIDATO_DE_CONTACTO,0,SIN_MATCH,SIN_MATCH,False,SIN_MATCH,0.0,SIN_MATCH,0.0,0.0,0.0,0.0,0.0,0.0,0.0,0.0,0,NO_APLICA
ft_sal_002582,SIN_MATCH,0.0,SIN_CANDIDATO_DE_CONTACTO,0.0,SIN_CANDIDATO_DE_CONTACTO,0,SIN_MATCH,SIN_MATCH,False,SIN_MATCH,0.0,SIN_MATCH,0.0,0.0,0.0,0.0,0.0,0.0,0.0,0.0,0,NO_APLICA
ft_sal_002583,SIN_MATCH,0.0,SIN_CANDIDATO_DE_CONTACTO,0.0,SIN_CANDIDATO_DE_CONTACTO,0,SIN_MATCH,SIN_MATCH,False,SIN_MATCH,0.0,SIN_MATCH,0.0,0.0,0.0,0.0,0.0,0.0,0.0,0.0,0,NO_APLICA
ft_sal_002588,SIN_MATCH,0.0,SIN_CANDIDATO_DE_CONTACTO,0.0,SIN_CANDIDATO_DE_CONTACTO,0,SIN_MATCH,SIN_MATCH,False,SIN_MATCH,0.0,SIN_MATCH,0.0,0.0,0.0,0.0,0.0,0.0,0.0,0.0,0,NO_APLICA
ft_sal_002590,SIN_MATCH,0.0,SIN_CANDIDATO_DE_CONTACTO,0.0,SIN_CANDIDATO_DE_CONTACTO,0,SIN_MATCH,SIN_MATCH,False,SIN_MATCH,0.0,SIN_MATCH,0.0,0.0,0.0,0.0,0.0,0.0,0.0,0.0,0,NO_APLICA
ft_sal_002591,SIN_MATCH,0.0,SIN_CANDIDATO_DE_CONTACTO,0.0,SIN_CANDIDATO_DE_CONTACTO,0,SIN_MATCH,SIN_MATCH,False,SIN_MATCH,0.0,SIN_MATCH,0.0,0.0,0.0,0.0,0.0,0.0,0.0,0.0,0,NO_APLICA
ft_sal_002594,SIN_MATCH,0.0,SIN_CANDIDATO_DE_CONTACTO,0.0,SIN_CANDIDATO_DE_CONTACTO,0,SIN_MATCH,SIN_MATCH,False,SIN_MATCH,0.0,SIN_MATCH,0.0,0.0,0.0,0.0,0.0,0.0,0.0,0.0,0,NO_APLICA
ft_sal_002595,SIN_MATCH,0.0,SIN_CANDIDATO_DE_CONTACTO,0.0,SIN_CANDIDATO_DE_CONTACTO,0,SIN_MATCH,SIN_MATCH,False,SIN_MATCH,0.0,SIN_MATCH,0.0,0.0,0.0,0.0,0.0,0.0,0.0,0.0,0,NO_APLICA
ft_sal_002597,SIN_MATCH,0.0,SIN_CANDIDATO_DE_CONTACTO,0.0,SIN_CANDIDATO_DE_CONTACTO,0,SIN_MATCH,SIN_MATCH,False,SIN_MATCH,0.0,SIN_MATCH,0.0,0.0,0.0,0.0,0.0,0.0,0.0,0.0,0,NO_APLICA
ft_sal_002598,SIN_MATCH,0.0,SIN_CANDIDATO_DE_CONTACTO,0.0,SIN_CANDIDATO_DE_CONTACTO,0,SIN_MATCH,SIN_MATCH,False,SIN_MATCH,0.0,SIN_MATCH,0.0,0.0,0.0,0.0,0.0,0.0,0.0,0.0,0,NO_APLICA
ft_sal_002601,SIN_MATCH,0.0,SIN_CANDIDATO_DE_CONTACTO,0.0,SIN_CANDIDATO_DE_CONTACTO,0,SIN_MATCH,SIN_MATCH,False,SIN_MATCH,0.0,SIN_MATCH,0.0,0.0,0.0,0.0,0.0,0.0,0.0,0.0,0,NO_APLICA
ft_sal_002602,SIN_MATCH,0.0,SIN_CANDIDATO_DE_CONTACTO,0.0,SIN_CANDIDATO_DE_CONTACTO,0,SIN_MATCH,SIN_MATCH,False,SIN_MATCH,0.0,SIN_MATCH,0.0,0.0,0.0,0.0,0.0,0.0,0.0,0.0,0,NO_APLICA
ft_sal_002604,SIN_MATCH,0.0,SIN_CANDIDATO_DE_CONTACTO,0.0,SIN_CANDIDATO_DE_CONTACTO,0,SIN_MATCH,SIN_MATCH,False,SIN_MATCH,0.0,SIN_MATCH,0.0,0.0,0.0,0.0,0.0,0.0,0.0,0.0,0,NO_APLICA
ft_sal_002611,SIN_MATCH,0.0,SIN_CANDIDATO_DE_CONTACTO,0.0,SIN_CANDIDATO_DE_CONTACTO,0,SIN_MATCH,SIN_MATCH,False,SIN_MATCH,0.0,SIN_MATCH,0.0,0.0,0.0,0.0,0.0,0.0,0.0,0.0,0,NO_APLICA
ft_sal_002612,SIN_MATCH,0.0,SIN_CANDIDATO_DE_CONTACTO,0.0,SIN_CANDIDATO_DE_CONTACTO,0,SIN_MATCH,SIN_MATCH,False,SIN_MATCH,0.0,SIN_MATCH,0.0,0.0,0.0,0.0,0.0,0.0,0.0,0.0,0,NO_APLICA
ft_sal_002614,SIN_MATCH,0.0,SIN_CANDIDATO_DE_CONTACTO,0.0,SIN_CANDIDATO_DE_CONTACTO,0,SIN_MATCH,SIN_MATCH,False,SIN_MATCH,0.0,SIN_MATCH,0.0,0.0,0.0,0.0,0.0,0.0,0.0,0.0,0,NO_APLICA
ft_sal_002618,SIN_MATCH,0.0,SIN_CANDIDATO_DE_CONTACTO,0.0,SIN_CANDIDATO_DE_CONTACTO,0,SIN_MATCH,SIN_MATCH,False,SIN_MATCH,0.0,SIN_MATCH,0.0,0.0,0.0,0.0,0.0,0.0,0.0,0.0,0,NO_APLICA
ft_sal_002619,SIN_MATCH,0.0,SIN_CANDIDATO_DE_CONTACTO,0.0,SIN_CANDIDATO_DE_CONTACTO,0,SIN_MATCH,SIN_MATCH,False,SIN_MATCH,0.0,SIN_MATCH,0.0,0.0,0.0,0.0,0.0,0.0,0.0,0.0,0,NO_APLICA
ft_sal_002620,SIN_MATCH,0.0,AMBIGUO,0.0,AMBIGUO,2,bm_usr_002986,bm_usr_005819,True,bm_usr_002986,0.96,bm_usr_005819,0.96,0.0,1.0,1.0,0.0,1.0,0.0,1.0,0,NO_APLICA
ft_sal_002621,SIN_MATCH,0.0,SIN_CANDIDATO_DE_CONTACTO,0.0,SIN_CANDIDATO_DE_CONTACTO,0,SIN_MATCH,SIN_MATCH,False,SIN_MATCH,0.0,SIN_MATCH,0.0,0.0,0.0,0.0,0.0,0.0,0.0,0.0,0,NO_APLICA
ft_sal_002624,SIN_MATCH,0.0,SIN_CANDIDATO_DE_CONTACTO,0.0,SIN_CANDIDATO_DE_CONTACTO,0,SIN_MATCH,SIN_MATCH,False,SIN_MATCH,0.0,SIN_MATCH,0.0,0.0,0.0,0.0,0.0,0.0,0.0,0.0,0,NO_APLICA
ft_sal_002625,SIN_MATCH,0.0,SIN_CANDIDATO_DE_CONTACTO,0.0,SIN_CANDIDATO_DE_CONTACTO,0,SIN_MATCH,SIN_MATCH,False,SIN_MATCH,0.0,SIN_MATCH,0.0,0.0,0.0,0.0,0.0,0.0,0.0,0.0,0,NO_APLICA
ft_sal_002626,SIN_MATCH,0.0,SIN_CANDIDATO_DE_CONTACTO,0.0,SIN_CANDIDATO_DE_CONTACTO,0,SIN_MATCH,SIN_MATCH,False,SIN_MATCH,0.0,SIN_MATCH,0.0,0.0,0.0,0.0,0.0,0.0,0.0,0.0,0,NO_APLICA
ft_sal_002627,SIN_MATCH,0.0,SIN_CANDIDATO_DE_CONTACTO,0.0,SIN_CANDIDATO_DE_CONTACTO,0,SIN_MATCH,SIN_MATCH,False,SIN_MATCH,0.0,SIN_MATCH,0.0,0.0,0.0,0.0,0.0,0.0,0.0,0.0,0,NO_APLICA
ft_sal_002634,SIN_MATCH,0.0,SIN_CANDIDATO_DE_CONTACTO,0.0,SIN_CANDIDATO_DE_CONTACTO,0,SIN_MATCH,SIN_MATCH,False,SIN_MATCH,0.0,SIN_MATCH,0.0,0.0,0.0,0.0,0.0,0.0,0.0,0.0,0,NO_APLICA
ft_sal_002635,SIN_MATCH,0.0,SIN_CANDIDATO_DE_CONTACTO,0.0,SIN_CANDIDATO_DE_CONTACTO,0,SIN_MATCH,SIN_MATCH,False,SIN_MATCH,0.0,SIN_MATCH,0.0,0.0,0.0,0.0,0.0,0.0,0.0,0.0,0,NO_APLICA
ft_sal_002638,SIN_MATCH,0.0,SIN_CANDIDATO_DE_CONTACTO,0.0,SIN_CANDIDATO_DE_CONTACTO,0,SIN_MATCH,SIN_MATCH,False,SIN_MATCH,0.0,SIN_MATCH,0.0,0.0,0.0,0.0,0.0,0.0,0.0,0.0,0,NO_APLICA
ft_sal_002639,SIN_MATCH,0.0,SIN_CANDIDATO_DE_CONTACTO,0.0,SIN_CANDIDATO_DE_CONTACTO,0,SIN_MATCH,SIN_MATCH,False,SIN_MATCH,0.0,SIN_MATCH,0.0,0.0,0.0,0.0,0.0,0.0,0.0,0.0,0,NO_APLICA
ft_sal_002640,SIN_MATCH,0.0,SIN_CANDIDATO_DE_CONTACTO,0.0,SIN_CANDIDATO_DE_CONTACTO,0,SIN_MATCH,SIN_MATCH,False,SIN_MATCH,0.0,SIN_MATCH,0.0,0.0,0.0,0.0,0.0,0.0,0.0,0.0,0,NO_APLICA
ft_sal_002641,SIN_MATCH,0.0,SIN_CANDIDATO_DE_CONTACTO,0.0,SIN_CANDIDATO_DE_CONTACTO,0,SIN_MATCH,SIN_MATCH,False,SIN_MATCH,0.0,SIN_MATCH,0.0,0.0,0.0,0.0,0.0,0.0,0.0,0.0,0,NO_APLICA
ft_sal_002642,SIN_MATCH,0.0,SIN_CANDIDATO_DE_CONTACTO,0.0,SIN_CANDIDATO_DE_CONTACTO,0,SIN_MATCH,SIN_MATCH,False,SIN_MATCH,0.0,SIN_MATCH,0.0,0.0,0.0,0.0,0.0,0.0,0.0,0.0,0,NO_APLICA
ft_sal_002647,SIN_MATCH,0.0,SIN_CANDIDATO_DE_CONTACTO,0.0,SIN_CANDIDATO_DE_CONTACTO,0,SIN_MATCH,SIN_MATCH,False,SIN_MATCH,0.0,SIN_MATCH,0.0,0.0,0.0,0.0,0.0,0.0,0.0,0.0,0,NO_APLICA
ft_sal_002648,SIN_MATCH,0.0,SIN_CANDIDATO_DE_CONTACTO,0.0,SIN_CANDIDATO_DE_CONTACTO,0,SIN_MATCH,SIN_MATCH,False,SIN_MATCH,0.0,SIN_MATCH,0.0,0.0,0.0,0.0,0.0,0.0,0.0,0.0,0,NO_APLICA
ft_sal_002651,SIN_MATCH,0.0,SIN_CANDIDATO_DE_CONTACTO,0.0,SIN_CANDIDATO_DE_CONTACTO,0,SIN_MATCH,SIN_MATCH,False,SIN_MATCH,0.0,SIN_MATCH,0.0,0.0,0.0,0.0,0.0,0.0,0.0,0.0,0,NO_APLICA
ft_sal_002652,SIN_MATCH,0.0,SIN_CANDIDATO_DE_CONTACTO,0.0,SIN_CANDIDATO_DE_CONTACTO,0,SIN_MATCH,SIN_MATCH,False,SIN_MATCH,0.0,SIN_MATCH,0.0,0.0,0.0,0.0,0.0,0.0,0.0,0.0,0,NO_APLICA
ft_sal_002655,SIN_MATCH,0.0,SIN_CANDIDATO_DE_CONTACTO,0.0,SIN_CANDIDATO_DE_CONTACTO,0,SIN_MATCH,SIN_MATCH,False,SIN_MATCH,0.0,SIN_MATCH,0.0,0.0,0.0,0.0,0.0,0.0,0.0,0.0,0,NO_APLICA
ft_sal_002656,SIN_MATCH,0.0,SIN_CANDIDATO_DE_CONTACTO,0.0,SIN_CANDIDATO_DE_CONTACTO,0,SIN_MATCH,SIN_MATCH,False,SIN_MATCH,0.0,SIN_MATCH,0.0,0.0,0.0,0.0,0.0,0.0,0.0,0.0,0,NO_APLICA
ft_sal_002663,SIN_MATCH,0.0,SIN_CANDIDATO_DE_CONTACTO,0.0,SIN_CANDIDATO_DE_CONTACTO,0,SIN_MATCH,SIN_MATCH,False,SIN_MATCH,0.0,SIN_MATCH,0.0,0.0,0.0,0.0,0.0,0.0,0.0,0.0,0,NO_APLICA
ft_sal_002664,SIN_MATCH,0.0,SIN_CANDIDATO_DE_CONTACTO,0.0,SIN_CANDIDATO_DE_CONTACTO,0,SIN_MATCH,SIN_MATCH,False,SIN_MATCH,0.0,SIN_MATCH,0.0,0.0,0.0,0.0,0.0,0.0,0.0,0.0,0,NO_APLICA
ft_sal_002665,SIN_MATCH,0.0,SIN_CANDIDATO_DE_CONTACTO,0.0,SIN_CANDIDATO_DE_CONTACTO,0,SIN_MATCH,SIN_MATCH,False,SIN_MATCH,0.0,SIN_MATCH,0.0,0.0,0.0,0.0,0.0,0.0,0.0,0.0,0,NO_APLICA
ft_sal_002666,SIN_MATCH,0.0,SIN_CANDIDATO_DE_CONTACTO,0.0,SIN_CANDIDATO_DE_CONTACTO,0,SIN_MATCH,SIN_MATCH,False,SIN_MATCH,0.0,SIN_MATCH,0.0,0.0,0.0,0.0,0.0,0.0,0.0,0.0,0,NO_APLICA
ft_sal_002668,SIN_MATCH,0.0,SIN_CANDIDATO_DE_CONTACTO,0.0,SIN_CANDIDATO_DE_CONTACTO,0,SIN_MATCH,SIN_MATCH,False,SIN_MATCH,0.0,SIN_MATCH,0.0,0.0,0.0,0.0,0.0,0.0,0.0,0.0,0,NO_APLICA
ft_sal_002670,SIN_MATCH,0.0,SIN_CANDIDATO_DE_CONTACTO,0.0,SIN_CANDIDATO_DE_CONTACTO,0,SIN_MATCH,SIN_MATCH,False,SIN_MATCH,0.0,SIN_MATCH,0.0,0.0,0.0,0.0,0.0,0.0,0.0,0.0,0,NO_APLICA
ft_sal_002671,SIN_MATCH,0.0,SIN_CANDIDATO_DE_CONTACTO,0.0,SIN_CANDIDATO_DE_CONTACTO,0,SIN_MATCH,SIN_MATCH,False,SIN_MATCH,0.0,SIN_MATCH,0.0,0.0,0.0,0.0,0.0,0.0,0.0,0.0,0,NO_APLICA
ft_sal_002673,SIN_MATCH,0.0,SIN_CANDIDATO_DE_CONTACTO,0.0,SIN_CANDIDATO_DE_CONTACTO,0,SIN_MATCH,SIN_MATCH,False,SIN_MATCH,0.0,SIN_MATCH,0.0,0.0,0.0,0.0,0.0,0.0,0.0,0.0,0,NO_APLICA
ft_sal_002674,SIN_MATCH,0.0,SIN_CANDIDATO_DE_CONTACTO,0.0,SIN_CANDIDATO_DE_CONTACTO,0,SIN_MATCH,SIN_MATCH,False,SIN_MATCH,0.0,SIN_MATCH,0.0,0.0,0.0,0.0,0.0,0.0,0.0,0.0,0,NO_APLICA
ft_sal_002675,SIN_MATCH,0.0,SIN_CANDIDATO_DE_CONTACTO,0.0,SIN_CANDIDATO_DE_CONTACTO,0,SIN_MATCH,SIN_MATCH,False,SIN_MATCH,0.0,SIN_MATCH,0.0,0.0,0.0,0.0,0.0,0.0,0.0,0.0,0,NO_APLICA
ft_sal_002681,SIN_MATCH,0.0,SIN_CANDIDATO_DE_CONTACTO,0.0,SIN_CANDIDATO_DE_CONTACTO,0,SIN_MATCH,SIN_MATCH,False,SIN_MATCH,0.0,SIN_MATCH,0.0,0.0,0.0,0.0,0.0,0.0,0.0,0.0,0,NO_APLICA
ft_sal_002682,SIN_MATCH,0.0,SIN_CANDIDATO_DE_CONTACTO,0.0,SIN_CANDIDATO_DE_CONTACTO,0,SIN_MATCH,SIN_MATCH,False,SIN_MATCH,0.0,SIN_MATCH,0.0,0.0,0.0,0.0,0.0,0.0,0.0,0.0,0,NO_APLICA
ft_sal_002686,SIN_MATCH,0.0,SIN_CANDIDATO_DE_CONTACTO,0.0,SIN_CANDIDATO_DE_CONTACTO,0,SIN_MATCH,SIN_MATCH,False,SIN_MATCH,0.0,SIN_MATCH,0.0,0.0,0.0,0.0,0.0,0.0,0.0,0.0,0,NO_APLICA
ft_sal_002691,SIN_MATCH,0.0,SIN_CANDIDATO_DE_CONTACTO,0.0,SIN_CANDIDATO_DE_CONTACTO,0,SIN_MATCH,SIN_MATCH,False,SIN_MATCH,0.0,SIN_MATCH,0.0,0.0,0.0,0.0,0.0,0.0,0.0,0.0,0,NO_APLICA
ft_sal_002694,SIN_MATCH,0.0,SIN_CANDIDATO_DE_CONTACTO,0.0,SIN_CANDIDATO_DE_CONTACTO,0,SIN_MATCH,SIN_MATCH,False,SIN_MATCH,0.0,SIN_MATCH,0.0,0.0,0.0,0.0,0.0,0.0,0.0,0.0,0,NO_APLICA
ft_sal_002695,SIN_MATCH,0.0,SIN_CANDIDATO_DE_CONTACTO,0.0,SIN_CANDIDATO_DE_CONTACTO,0,SIN_MATCH,SIN_MATCH,False,SIN_MATCH,0.0,SIN_MATCH,0.0,0.0,0.0,0.0,0.0,0.0,0.0,0.0,0,NO_APLICA
ft_sal_002696,SIN_MATCH,0.0,SIN_CANDIDATO_DE_CONTACTO,0.0,SIN_CANDIDATO_DE_CONTACTO,0,SIN_MATCH,SIN_MATCH,False,SIN_MATCH,0.0,SIN_MATCH,0.0,0.0,0.0,0.0,0.0,0.0,0.0,0.0,0,NO_APLICA
ft_sal_002697,SIN_MATCH,0.0,SIN_CANDIDATO_DE_CONTACTO,0.0,SIN_CANDIDATO_DE_CONTACTO,0,SIN_MATCH,SIN_MATCH,False,SIN_MATCH,0.0,SIN_MATCH,0.0,0.0,0.0,0.0,0.0,0.0,0.0,0.0,0,NO_APLICA
ft_sal_002698,SIN_MATCH,0.0,SIN_CANDIDATO_DE_CONTACTO,0.0,SIN_CANDIDATO_DE_CONTACTO,0,SIN_MATCH,SIN_MATCH,False,SIN_MATCH,0.0,SIN_MATCH,0.0,0.0,0.0,0.0,0.0,0.0,0.0,0.0,0,NO_APLICA
ft_sal_002700,SIN_MATCH,0.0,SIN_CANDIDATO_DE_CONTACTO,0.0,SIN_CANDIDATO_DE_CONTACTO,0,SIN_MATCH,SIN_MATCH,False,SIN_MATCH,0.0,SIN_MATCH,0.0,0.0,0.0,0.0,0.0,0.0,0.0,0.0,0,NO_APLICA
ft_sal_002701,SIN_MATCH,0.0,SIN_CANDIDATO_DE_CONTACTO,0.0,SIN_CANDIDATO_DE_CONTACTO,0,SIN_MATCH,SIN_MATCH,False,SIN_MATCH,0.0,SIN_MATCH,0.0,0.0,0.0,0.0,0.0,0.0,0.0,0.0,0,NO_APLICA
ft_sal_002703,SIN_MATCH,0.0,SIN_CANDIDATO_DE_CONTACTO,0.0,SIN_CANDIDATO_DE_CONTACTO,0,SIN_MATCH,SIN_MATCH,False,SIN_MATCH,0.0,SIN_MATCH,0.0,0.0,0.0,0.0,0.0,0.0,0.0,0.0,0,NO_APLICA
ft_sal_002705,SIN_MATCH,0.0,SIN_CANDIDATO_DE_CONTACTO,0.0,SIN_CANDIDATO_DE_CONTACTO,0,SIN_MATCH,SIN_MATCH,False,SIN_MATCH,0.0,SIN_MATCH,0.0,0.0,0.0,0.0,0.0,0.0,0.0,0.0,0,NO_APLICA
ft_sal_002708,SIN_MATCH,0.0,SIN_CANDIDATO_DE_CONTACTO,0.0,SIN_CANDIDATO_DE_CONTACTO,0,SIN_MATCH,SIN_MATCH,False,SIN_MATCH,0.0,SIN_MATCH,0.0,0.0,0.0,0.0,0.0,0.0,0.0,0.0,0,NO_APLICA
ft_sal_002709,SIN_MATCH,0.0,SIN_CANDIDATO_DE_CONTACTO,0.0,SIN_CANDIDATO_DE_CONTACTO,0,SIN_MATCH,SIN_MATCH,False,SIN_MATCH,0.0,SIN_MATCH,0.0,0.0,0.0,0.0,0.0,0.0,0.0,0.0,0,NO_APLICA
ft_sal_002712,SIN_MATCH,0.0,SIN_CANDIDATO_DE_CONTACTO,0.0,SIN_CANDIDATO_DE_CONTACTO,0,SIN_MATCH,SIN_MATCH,False,SIN_MATCH,0.0,SIN_MATCH,0.0,0.0,0.0,0.0,0.0,0.0,0.0,0.0,0,NO_APLICA
ft_sal_002714,SIN_MATCH,0.0,SIN_CANDIDATO_DE_CONTACTO,0.0,SIN_CANDIDATO_DE_CONTACTO,0,SIN_MATCH,SIN_MATCH,False,SIN_MATCH,0.0,SIN_MATCH,0.0,0.0,0.0,0.0,0.0,0.0,0.0,0.0,0,NO_APLICA
ft_sal_002715,SIN_MATCH,0.0,SIN_CANDIDATO_DE_CONTACTO,0.0,SIN_CANDIDATO_DE_CONTACTO,0,SIN_MATCH,SIN_MATCH,False,SIN_MATCH,0.0,SIN_MATCH,0.0,0.0,0.0,0.0,0.0,0.0,0.0,0.0,0,NO_APLICA
ft_sal_002716,SIN_MATCH,0.0,SIN_CANDIDATO_DE_CONTACTO,0.0,SIN_CANDIDATO_DE_CONTACTO,0,SIN_MATCH,SIN_MATCH,False,SIN_MATCH,0.0,SIN_MATCH,0.0,0.0,0.0,0.0,0.0,0.0,0.0,0.0,0,NO_APLICA
ft_sal_002717,SIN_MATCH,0.0,SIN_CANDIDATO_DE_CONTACTO,0.0,SIN_CANDIDATO_DE_CONTACTO,0,SIN_MATCH,SIN_MATCH,False,SIN_MATCH,0.0,SIN_MATCH,0.0,0.0,0.0,0.0,0.0,0.0,0.0,0.0,0,NO_APLICA
ft_sal_002718,SIN_MATCH,0.0,SIN_CANDIDATO_DE_CONTACTO,0.0,SIN_CANDIDATO_DE_CONTACTO,0,SIN_MATCH,SIN_MATCH,False,SIN_MATCH,0.0,SIN_MATCH,0.0,0.0,0.0,0.0,0.0,0.0,0.0,0.0,0,NO_APLICA
ft_sal_002719,SIN_MATCH,0.0,SIN_CANDIDATO_DE_CONTACTO,0.0,SIN_CANDIDATO_DE_CONTACTO,0,SIN_MATCH,SIN_MATCH,False,SIN_MATCH,0.0,SIN_MATCH,0.0,0.0,0.0,0.0,0.0,0.0,0.0,0.0,0,NO_APLICA
ft_sal_002720,SIN_MATCH,0.0,SIN_CANDIDATO_DE_CONTACTO,0.0,SIN_CANDIDATO_DE_CONTACTO,0,SIN_MATCH,SIN_MATCH,False,SIN_MATCH,0.0,SIN_MATCH,0.0,0.0,0.0,0.0,0.0,0.0,0.0,0.0,0,NO_APLICA
ft_sal_002724,SIN_MATCH,0.0,SIN_CANDIDATO_DE_CONTACTO,0.0,SIN_CANDIDATO_DE_CONTACTO,0,SIN_MATCH,SIN_MATCH,False,SIN_MATCH,0.0,SIN_MATCH,0.0,0.0,0.0,0.0,0.0,0.0,0.0,0.0,0,NO_APLICA
ft_sal_002725,SIN_MATCH,0.0,AMBIGUO,0.0,AMBIGUO,3,bm_usr_000406,bm_usr_001084,True,bm_usr_000406,0.96,bm_usr_001084,0.96,0.0,1.0,1.0,0.0,1.0,0.0,1.0,0,NO_APLICA
ft_sal_002727,SIN_MATCH,0.0,SIN_CANDIDATO_DE_CONTACTO,0.0,SIN_CANDIDATO_DE_CONTACTO,0,SIN_MATCH,SIN_MATCH,False,SIN_MATCH,0.0,SIN_MATCH,0.0,0.0,0.0,0.0,0.0,0.0,0.0,0.0,0,NO_APLICA
ft_sal_002728,SIN_MATCH,0.0,SIN_CANDIDATO_DE_CONTACTO,0.0,SIN_CANDIDATO_DE_CONTACTO,0,SIN_MATCH,SIN_MATCH,False,SIN_MATCH,0.0,SIN_MATCH,0.0,0.0,0.0,0.0,0.0,0.0,0.0,0.0,0,NO_APLICA
ft_sal_002732,SIN_MATCH,0.0,SIN_CANDIDATO_DE_CONTACTO,0.0,SIN_CANDIDATO_DE_CONTACTO,0,SIN_MATCH,SIN_MATCH,False,SIN_MATCH,0.0,SIN_MATCH,0.0,0.0,0.0,0.0,0.0,0.0,0.0,0.0,0,NO_APLICA
ft_sal_002734,SIN_MATCH,0.0,SIN_CANDIDATO_DE_CONTACTO,0.0,SIN_CANDIDATO_DE_CONTACTO,0,SIN_MATCH,SIN_MATCH,False,SIN_MATCH,0.0,SIN_MATCH,0.0,0.0,0.0,0.0,0.0,0.0,0.0,0.0,0,NO_APLICA
ft_sal_002738,SIN_MATCH,0.0,SIN_CANDIDATO_DE_CONTACTO,0.0,SIN_CANDIDATO_DE_CONTACTO,0,SIN_MATCH,SIN_MATCH,False,SIN_MATCH,0.0,SIN_MATCH,0.0,0.0,0.0,0.0,0.0,0.0,0.0,0.0,0,NO_APLICA
ft_sal_002745,SIN_MATCH,0.0,SIN_CANDIDATO_DE_CONTACTO,0.0,SIN_CANDIDATO_DE_CONTACTO,0,SIN_MATCH,SIN_MATCH,False,SIN_MATCH,0.0,SIN_MATCH,0.0,0.0,0.0,0.0,0.0,0.0,0.0,0.0,0,NO_APLICA
ft_sal_002747,SIN_MATCH,0.0,SIN_CANDIDATO_DE_CONTACTO,0.0,SIN_CANDIDATO_DE_CONTACTO,0,SIN_MATCH,SIN_MATCH,False,SIN_MATCH,0.0,SIN_MATCH,0.0,0.0,0.0,0.0,0.0,0.0,0.0,0.0,0,NO_APLICA
ft_sal_002749,SIN_MATCH,0.0,SIN_CANDIDATO_DE_CONTACTO,0.0,SIN_CANDIDATO_DE_CONTACTO,0,SIN_MATCH,SIN_MATCH,False,SIN_MATCH,0.0,SIN_MATCH,0.0,0.0,0.0,0.0,0.0,0.0,0.0,0.0,0,NO_APLICA
ft_sal_002752,SIN_MATCH,0.0,SIN_CANDIDATO_DE_CONTACTO,0.0,SIN_CANDIDATO_DE_CONTACTO,0,SIN_MATCH,SIN_MATCH,False,SIN_MATCH,0.0,SIN_MATCH,0.0,0.0,0.0,0.0,0.0,0.0,0.0,0.0,0,NO_APLICA
ft_sal_002753,SIN_MATCH,0.0,SIN_CANDIDATO_DE_CONTACTO,0.0,SIN_CANDIDATO_DE_CONTACTO,0,SIN_MATCH,SIN_MATCH,False,SIN_MATCH,0.0,SIN_MATCH,0.0,0.0,0.0,0.0,0.0,0.0,0.0,0.0,0,NO_APLICA
ft_sal_002756,SIN_MATCH,0.0,SIN_CANDIDATO_DE_CONTACTO,0.0,SIN_CANDIDATO_DE_CONTACTO,0,SIN_MATCH,SIN_MATCH,False,SIN_MATCH,0.0,SIN_MATCH,0.0,0.0,0.0,0.0,0.0,0.0,0.0,0.0,0,NO_APLICA
ft_sal_002757,SIN_MATCH,0.0,SIN_CANDIDATO_DE_CONTACTO,0.0,SIN_CANDIDATO_DE_CONTACTO,0,SIN_MATCH,SIN_MATCH,False,SIN_MATCH,0.0,SIN_MATCH,0.0,0.0,0.0,0.0,0.0,0.0,0.0,0.0,0,NO_APLICA
ft_sal_002759,SIN_MATCH,0.0,SIN_CANDIDATO_DE_CONTACTO,0.0,SIN_CANDIDATO_DE_CONTACTO,0,SIN_MATCH,SIN_MATCH,False,SIN_MATCH,0.0,SIN_MATCH,0.0,0.0,0.0,0.0,0.0,0.0,0.0,0.0,0,NO_APLICA
ft_sal_002760,SIN_MATCH,0.0,SIN_CANDIDATO_DE_CONTACTO,0.0,SIN_CANDIDATO_DE_CONTACTO,0,SIN_MATCH,SIN_MATCH,False,SIN_MATCH,0.0,SIN_MATCH,0.0,0.0,0.0,0.0,0.0,0.0,0.0,0.0,0,NO_APLICA
ft_sal_002764,SIN_MATCH,0.0,SIN_CANDIDATO_DE_CONTACTO,0.0,SIN_CANDIDATO_DE_CONTACTO,0,SIN_MATCH,SIN_MATCH,False,SIN_MATCH,0.0,SIN_MATCH,0.0,0.0,0.0,0.0,0.0,0.0,0.0,0.0,0,NO_APLICA
ft_sal_002766,SIN_MATCH,0.0,SIN_CANDIDATO_DE_CONTACTO,0.0,SIN_CANDIDATO_DE_CONTACTO,0,SIN_MATCH,SIN_MATCH,False,SIN_MATCH,0.0,SIN_MATCH,0.0,0.0,0.0,0.0,0.0,0.0,0.0,0.0,0,NO_APLICA
ft_sal_002767,SIN_MATCH,0.0,SIN_CANDIDATO_DE_CONTACTO,0.0,SIN_CANDIDATO_DE_CONTACTO,0,SIN_MATCH,SIN_MATCH,False,SIN_MATCH,0.0,SIN_MATCH,0.0,0.0,0.0,0.0,0.0,0.0,0.0,0.0,0,NO_APLICA
ft_sal_002770,SIN_MATCH,0.0,SIN_CANDIDATO_DE_CONTACTO,0.0,SIN_CANDIDATO_DE_CONTACTO,0,SIN_MATCH,SIN_MATCH,False,SIN_MATCH,0.0,SIN_MATCH,0.0,0.0,0.0,0.0,0.0,0.0,0.0,0.0,0,NO_APLICA
ft_sal_002774,SIN_MATCH,0.0,SIN_CANDIDATO_DE_CONTACTO,0.0,SIN_CANDIDATO_DE_CONTACTO,0,SIN_MATCH,SIN_MATCH,False,SIN_MATCH,0.0,SIN_MATCH,0.0,0.0,0.0,0.0,0.0,0.0,0.0,0.0,0,NO_APLICA
ft_sal_002775,SIN_MATCH,0.0,SIN_CANDIDATO_DE_CONTACTO,0.0,SIN_CANDIDATO_DE_CONTACTO,0,SIN_MATCH,SIN_MATCH,False,SIN_MATCH,0.0,SIN_MATCH,0.0,0.0,0.0,0.0,0.0,0.0,0.0,0.0,0,NO_APLICA
ft_sal_002776,SIN_MATCH,0.0,SIN_CANDIDATO_DE_CONTACTO,0.0,SIN_CANDIDATO_DE_CONTACTO,0,SIN_MATCH,SIN_MATCH,False,SIN_MATCH,0.0,SIN_MATCH,0.0,0.0,0.0,0.0,0.0,0.0,0.0,0.0,0,NO_APLICA
ft_sal_002777,SIN_MATCH,0.0,SIN_CANDIDATO_DE_CONTACTO,0.0,SIN_CANDIDATO_DE_CONTACTO,0,SIN_MATCH,SIN_MATCH,False,SIN_MATCH,0.0,SIN_MATCH,0.0,0.0,0.0,0.0,0.0,0.0,0.0,0.0,0,NO_APLICA
ft_sal_002778,SIN_MATCH,0.0,SIN_CANDIDATO_DE_CONTACTO,0.0,SIN_CANDIDATO_DE_CONTACTO,0,SIN_MATCH,SIN_MATCH,False,SIN_MATCH,0.0,SIN_MATCH,0.0,0.0,0.0,0.0,0.0,0.0,0.0,0.0,0,NO_APLICA
ft_sal_002779,SIN_MATCH,0.0,SIN_CANDIDATO_DE_CONTACTO,0.0,SIN_CANDIDATO_DE_CONTACTO,0,SIN_MATCH,SIN_MATCH,False,SIN_MATCH,0.0,SIN_MATCH,0.0,0.0,0.0,0.0,0.0,0.0,0.0,0.0,0,NO_APLICA
ft_sal_002780,SIN_MATCH,0.0,SIN_CANDIDATO_DE_CONTACTO,0.0,SIN_CANDIDATO_DE_CONTACTO,0,SIN_MATCH,SIN_MATCH,False,SIN_MATCH,0.0,SIN_MATCH,0.0,0.0,0.0,0.0,0.0,0.0,0.0,0.0,0,NO_APLICA
ft_sal_002781,SIN_MATCH,0.0,SIN_CANDIDATO_DE_CONTACTO,0.0,SIN_CANDIDATO_DE_CONTACTO,0,SIN_MATCH,SIN_MATCH,False,SIN_MATCH,0.0,SIN_MATCH,0.0,0.0,0.0,0.0,0.0,0.0,0.0,0.0,0,NO_APLICA
ft_sal_002784,SIN_MATCH,0.0,SIN_CANDIDATO_DE_CONTACTO,0.0,SIN_CANDIDATO_DE_CONTACTO,0,SIN_MATCH,SIN_MATCH,False,SIN_MATCH,0.0,SIN_MATCH,0.0,0.0,0.0,0.0,0.0,0.0,0.0,0.0,0,NO_APLICA
ft_sal_002786,SIN_MATCH,0.0,SIN_CANDIDATO_DE_CONTACTO,0.0,SIN_CANDIDATO_DE_CONTACTO,0,SIN_MATCH,SIN_MATCH,False,SIN_MATCH,0.0,SIN_MATCH,0.0,0.0,0.0,0.0,0.0,0.0,0.0,0.0,0,NO_APLICA
ft_sal_002791,SIN_MATCH,0.0,SIN_CANDIDATO_DE_CONTACTO,0.0,SIN_CANDIDATO_DE_CONTACTO,0,SIN_MATCH,SIN_MATCH,False,SIN_MATCH,0.0,SIN_MATCH,0.0,0.0,0.0,0.0,0.0,0.0,0.0,0.0,0,NO_APLICA
ft_sal_002792,SIN_MATCH,0.0,SIN_CANDIDATO_DE_CONTACTO,0.0,SIN_CANDIDATO_DE_CONTACTO,0,SIN_MATCH,SIN_MATCH,False,SIN_MATCH,0.0,SIN_MATCH,0.0,0.0,0.0,0.0,0.0,0.0,0.0,0.0,0,NO_APLICA
ft_sal_002800,SIN_MATCH,0.0,SIN_CANDIDATO_DE_CONTACTO,0.0,SIN_CANDIDATO_DE_CONTACTO,0,SIN_MATCH,SIN_MATCH,False,SIN_MATCH,0.0,SIN_MATCH,0.0,0.0,0.0,0.0,0.0,0.0,0.0,0.0,0,NO_APLICA
ft_sal_002805,SIN_MATCH,0.0,SIN_CANDIDATO_DE_CONTACTO,0.0,SIN_CANDIDATO_DE_CONTACTO,0,SIN_MATCH,SIN_MATCH,False,SIN_MATCH,0.0,SIN_MATCH,0.0,0.0,0.0,0.0,0.0,0.0,0.0,0.0,0,NO_APLICA
ft_sal_002806,SIN_MATCH,0.0,SIN_CANDIDATO_DE_CONTACTO,0.0,SIN_CANDIDATO_DE_CONTACTO,0,SIN_MATCH,SIN_MATCH,False,SIN_MATCH,0.0,SIN_MATCH,0.0,0.0,0.0,0.0,0.0,0.0,0.0,0.0,0,NO_APLICA
ft_sal_002807,SIN_MATCH,0.0,SIN_CANDIDATO_DE_CONTACTO,0.0,SIN_CANDIDATO_DE_CONTACTO,0,SIN_MATCH,SIN_MATCH,False,SIN_MATCH,0.0,SIN_MATCH,0.0,0.0,0.0,0.0,0.0,0.0,0.0,0.0,0,NO_APLICA
ft_sal_002809,SIN_MATCH,0.0,SIN_CANDIDATO_DE_CONTACTO,0.0,SIN_CANDIDATO_DE_CONTACTO,0,SIN_MATCH,SIN_MATCH,False,SIN_MATCH,0.0,SIN_MATCH,0.0,0.0,0.0,0.0,0.0,0.0,0.0,0.0,0,NO_APLICA
ft_sal_002810,SIN_MATCH,0.0,SIN_CANDIDATO_DE_CONTACTO,0.0,SIN_CANDIDATO_DE_CONTACTO,0,SIN_MATCH,SIN_MATCH,False,SIN_MATCH,0.0,SIN_MATCH,0.0,0.0,0.0,0.0,0.0,0.0,0.0,0.0,0,NO_APLICA
ft_sal_002814,SIN_MATCH,0.0,SIN_CANDIDATO_DE_CONTACTO,0.0,SIN_CANDIDATO_DE_CONTACTO,0,SIN_MATCH,SIN_MATCH,False,SIN_MATCH,0.0,SIN_MATCH,0.0,0.0,0.0,0.0,0.0,0.0,0.0,0.0,0,NO_APLICA
ft_sal_002817,SIN_MATCH,0.0,SIN_CANDIDATO_DE_CONTACTO,0.0,SIN_CANDIDATO_DE_CONTACTO,0,SIN_MATCH,SIN_MATCH,False,SIN_MATCH,0.0,SIN_MATCH,0.0,0.0,0.0,0.0,0.0,0.0,0.0,0.0,0,NO_APLICA
ft_sal_002819,SIN_MATCH,0.0,SIN_CANDIDATO_DE_CONTACTO,0.0,SIN_CANDIDATO_DE_CONTACTO,0,SIN_MATCH,SIN_MATCH,False,SIN_MATCH,0.0,SIN_MATCH,0.0,0.0,0.0,0.0,0.0,0.0,0.0,0.0,0,NO_APLICA
ft_sal_002821,SIN_MATCH,0.0,SIN_CANDIDATO_DE_CONTACTO,0.0,SIN_CANDIDATO_DE_CONTACTO,0,SIN_MATCH,SIN_MATCH,False,SIN_MATCH,0.0,SIN_MATCH,0.0,0.0,0.0,0.0,0.0,0.0,0.0,0.0,0,NO_APLICA
ft_sal_002822,SIN_MATCH,0.0,SIN_CANDIDATO_DE_CONTACTO,0.0,SIN_CANDIDATO_DE_CONTACTO,0,SIN_MATCH,SIN_MATCH,False,SIN_MATCH,0.0,SIN_MATCH,0.0,0.0,0.0,0.0,0.0,0.0,0.0,0.0,0,NO_APLICA
ft_sal_002824,SIN_MATCH,0.0,SIN_CANDIDATO_DE_CONTACTO,0.0,SIN_CANDIDATO_DE_CONTACTO,0,SIN_MATCH,SIN_MATCH,False,SIN_MATCH,0.0,SIN_MATCH,0.0,0.0,0.0,0.0,0.0,0.0,0.0,0.0,0,NO_APLICA
ft_sal_002825,SIN_MATCH,0.0,SIN_CANDIDATO_DE_CONTACTO,0.0,SIN_CANDIDATO_DE_CONTACTO,0,SIN_MATCH,SIN_MATCH,False,SIN_MATCH,0.0,SIN_MATCH,0.0,0.0,0.0,0.0,0.0,0.0,0.0,0.0,0,NO_APLICA
ft_sal_002826,SIN_MATCH,0.0,SIN_CANDIDATO_DE_CONTACTO,0.0,SIN_CANDIDATO_DE_CONTACTO,0,SIN_MATCH,SIN_MATCH,False,SIN_MATCH,0.0,SIN_MATCH,0.0,0.0,0.0,0.0,0.0,0.0,0.0,0.0,0,NO_APLICA
ft_sal_002828,SIN_MATCH,0.0,SIN_CANDIDATO_DE_CONTACTO,0.0,SIN_CANDIDATO_DE_CONTACTO,0,SIN_MATCH,SIN_MATCH,False,SIN_MATCH,0.0,SIN_MATCH,0.0,0.0,0.0,0.0,0.0,0.0,0.0,0.0,0,NO_APLICA
ft_sal_002831,SIN_MATCH,0.0,SIN_CANDIDATO_DE_CONTACTO,0.0,SIN_CANDIDATO_DE_CONTACTO,0,SIN_MATCH,SIN_MATCH,False,SIN_MATCH,0.0,SIN_MATCH,0.0,0.0,0.0,0.0,0.0,0.0,0.0,0.0,0,NO_APLICA
ft_sal_002832,SIN_MATCH,0.0,SIN_CANDIDATO_DE_CONTACTO,0.0,SIN_CANDIDATO_DE_CONTACTO,0,SIN_MATCH,SIN_MATCH,False,SIN_MATCH,0.0,SIN_MATCH,0.0,0.0,0.0,0.0,0.0,0.0,0.0,0.0,0,NO_APLICA
ft_sal_002833,SIN_MATCH,0.0,SIN_CANDIDATO_DE_CONTACTO,0.0,SIN_CANDIDATO_DE_CONTACTO,0,SIN_MATCH,SIN_MATCH,False,SIN_MATCH,0.0,SIN_MATCH,0.0,0.0,0.0,0.0,0.0,0.0,0.0,0.0,0,NO_APLICA
ft_sal_002834,SIN_MATCH,0.0,SIN_CANDIDATO_DE_CONTACTO,0.0,SIN_CANDIDATO_DE_CONTACTO,0,SIN_MATCH,SIN_MATCH,False,SIN_MATCH,0.0,SIN_MATCH,0.0,0.0,0.0,0.0,0.0,0.0,0.0,0.0,0,NO_APLICA
ft_sal_002836,SIN_MATCH,0.0,SIN_CANDIDATO_DE_CONTACTO,0.0,SIN_CANDIDATO_DE_CONTACTO,0,SIN_MATCH,SIN_MATCH,False,SIN_MATCH,0.0,SIN_MATCH,0.0,0.0,0.0,0.0,0.0,0.0,0.0,0.0,0,NO_APLICA
ft_sal_002837,SIN_MATCH,0.0,SIN_CANDIDATO_DE_CONTACTO,0.0,SIN_CANDIDATO_DE_CONTACTO,0,SIN_MATCH,SIN_MATCH,False,SIN_MATCH,0.0,SIN_MATCH,0.0,0.0,0.0,0.0,0.0,0.0,0.0,0.0,0,NO_APLICA
ft_sal_002840,SIN_MATCH,0.0,SIN_CANDIDATO_DE_CONTACTO,0.0,SIN_CANDIDATO_DE_CONTACTO,0,SIN_MATCH,SIN_MATCH,False,SIN_MATCH,0.0,SIN_MATCH,0.0,0.0,0.0,0.0,0.0,0.0,0.0,0.0,0,NO_APLICA
ft_sal_002841,SIN_MATCH,0.0,SIN_CANDIDATO_DE_CONTACTO,0.0,SIN_CANDIDATO_DE_CONTACTO,0,SIN_MATCH,SIN_MATCH,False,SIN_MATCH,0.0,SIN_MATCH,0.0,0.0,0.0,0.0,0.0,0.0,0.0,0.0,0,NO_APLICA
ft_sal_002843,SIN_MATCH,0.0,SIN_CANDIDATO_DE_CONTACTO,0.0,SIN_CANDIDATO_DE_CONTACTO,0,SIN_MATCH,SIN_MATCH,False,SIN_MATCH,0.0,SIN_MATCH,0.0,0.0,0.0,0.0,0.0,0.0,0.0,0.0,0,NO_APLICA
ft_sal_002844,SIN_MATCH,0.0,SIN_CANDIDATO_DE_CONTACTO,0.0,SIN_CANDIDATO_DE_CONTACTO,0,SIN_MATCH,SIN_MATCH,False,SIN_MATCH,0.0,SIN_MATCH,0.0,0.0,0.0,0.0,0.0,0.0,0.0,0.0,0,NO_APLICA
ft_sal_002845,SIN_MATCH,0.0,SIN_CANDIDATO_DE_CONTACTO,0.0,SIN_CANDIDATO_DE_CONTACTO,0,SIN_MATCH,SIN_MATCH,False,SIN_MATCH,0.0,SIN_MATCH,0.0,0.0,0.0,0.0,0.0,0.0,0.0,0.0,0,NO_APLICA
ft_sal_002846,SIN_MATCH,0.0,SIN_CANDIDATO_DE_CONTACTO,0.0,SIN_CANDIDATO_DE_CONTACTO,0,SIN_MATCH,SIN_MATCH,False,SIN_MATCH,0.0,SIN_MATCH,0.0,0.0,0.0,0.0,0.0,0.0,0.0,0.0,0,NO_APLICA
ft_sal_002849,SIN_MATCH,0.0,SIN_CANDIDATO_DE_CONTACTO,0.0,SIN_CANDIDATO_DE_CONTACTO,0,SIN_MATCH,SIN_MATCH,False,SIN_MATCH,0.0,SIN_MATCH,0.0,0.0,0.0,0.0,0.0,0.0,0.0,0.0,0,NO_APLICA
ft_sal_002856,SIN_MATCH,0.0,SIN_CANDIDATO_DE_CONTACTO,0.0,SIN_CANDIDATO_DE_CONTACTO,0,SIN_MATCH,SIN_MATCH,False,SIN_MATCH,0.0,SIN_MATCH,0.0,0.0,0.0,0.0,0.0,0.0,0.0,0.0,0,NO_APLICA
ft_sal_002857,SIN_MATCH,0.0,SIN_CANDIDATO_DE_CONTACTO,0.0,SIN_CANDIDATO_DE_CONTACTO,0,SIN_MATCH,SIN_MATCH,False,SIN_MATCH,0.0,SIN_MATCH,0.0,0.0,0.0,0.0,0.0,0.0,0.0,0.0,0,NO_APLICA
ft_sal_002859,SIN_MATCH,0.0,SIN_CANDIDATO_DE_CONTACTO,0.0,SIN_CANDIDATO_DE_CONTACTO,0,SIN_MATCH,SIN_MATCH,False,SIN_MATCH,0.0,SIN_MATCH,0.0,0.0,0.0,0.0,0.0,0.0,0.0,0.0,0,NO_APLICA
ft_sal_002860,SIN_MATCH,0.0,SIN_CANDIDATO_DE_CONTACTO,0.0,SIN_CANDIDATO_DE_CONTACTO,0,SIN_MATCH,SIN_MATCH,False,SIN_MATCH,0.0,SIN_MATCH,0.0,0.0,0.0,0.0,0.0,0.0,0.0,0.0,0,NO_APLICA
ft_sal_002862,SIN_MATCH,0.0,SIN_CANDIDATO_DE_CONTACTO,0.0,SIN_CANDIDATO_DE_CONTACTO,0,SIN_MATCH,SIN_MATCH,False,SIN_MATCH,0.0,SIN_MATCH,0.0,0.0,0.0,0.0,0.0,0.0,0.0,0.0,0,NO_APLICA
ft_sal_002863,SIN_MATCH,0.0,SIN_CANDIDATO_DE_CONTACTO,0.0,SIN_CANDIDATO_DE_CONTACTO,0,SIN_MATCH,SIN_MATCH,False,SIN_MATCH,0.0,SIN_MATCH,0.0,0.0,0.0,0.0,0.0,0.0,0.0,0.0,0,NO_APLICA
ft_sal_002865,SIN_MATCH,0.0,SIN_CANDIDATO_DE_CONTACTO,0.0,SIN_CANDIDATO_DE_CONTACTO,0,SIN_MATCH,SIN_MATCH,False,SIN_MATCH,0.0,SIN_MATCH,0.0,0.0,0.0,0.0,0.0,0.0,0.0,0.0,0,NO_APLICA
ft_sal_002867,SIN_MATCH,0.0,SIN_CANDIDATO_DE_CONTACTO,0.0,SIN_CANDIDATO_DE_CONTACTO,0,SIN_MATCH,SIN_MATCH,False,SIN_MATCH,0.0,SIN_MATCH,0.0,0.0,0.0,0.0,0.0,0.0,0.0,0.0,0,NO_APLICA
ft_sal_002871,SIN_MATCH,0.0,SIN_CANDIDATO_DE_CONTACTO,0.0,SIN_CANDIDATO_DE_CONTACTO,0,SIN_MATCH,SIN_MATCH,False,SIN_MATCH,0.0,SIN_MATCH,0.0,0.0,0.0,0.0,0.0,0.0,0.0,0.0,0,NO_APLICA
ft_sal_002874,SIN_MATCH,0.0,SIN_CANDIDATO_DE_CONTACTO,0.0,SIN_CANDIDATO_DE_CONTACTO,0,SIN_MATCH,SIN_MATCH,False,SIN_MATCH,0.0,SIN_MATCH,0.0,0.0,0.0,0.0,0.0,0.0,0.0,0.0,0,NO_APLICA
ft_sal_002875,SIN_MATCH,0.0,SIN_CANDIDATO_DE_CONTACTO,0.0,SIN_CANDIDATO_DE_CONTACTO,0,SIN_MATCH,SIN_MATCH,False,SIN_MATCH,0.0,SIN_MATCH,0.0,0.0,0.0,0.0,0.0,0.0,0.0,0.0,0,NO_APLICA
ft_sal_002877,SIN_MATCH,0.0,SIN_CANDIDATO_DE_CONTACTO,0.0,SIN_CANDIDATO_DE_CONTACTO,0,SIN_MATCH,SIN_MATCH,False,SIN_MATCH,0.0,SIN_MATCH,0.0,0.0,0.0,0.0,0.0,0.0,0.0,0.0,0,NO_APLICA
ft_sal_002884,SIN_MATCH,0.0,SIN_CANDIDATO_DE_CONTACTO,0.0,SIN_CANDIDATO_DE_CONTACTO,0,SIN_MATCH,SIN_MATCH,False,SIN_MATCH,0.0,SIN_MATCH,0.0,0.0,0.0,0.0,0.0,0.0,0.0,0.0,0,NO_APLICA
ft_sal_002885,SIN_MATCH,0.0,SIN_CANDIDATO_DE_CONTACTO,0.0,SIN_CANDIDATO_DE_CONTACTO,0,SIN_MATCH,SIN_MATCH,False,SIN_MATCH,0.0,SIN_MATCH,0.0,0.0,0.0,0.0,0.0,0.0,0.0,0.0,0,NO_APLICA
ft_sal_002886,SIN_MATCH,0.0,SIN_CANDIDATO_DE_CONTACTO,0.0,SIN_CANDIDATO_DE_CONTACTO,0,SIN_MATCH,SIN_MATCH,False,SIN_MATCH,0.0,SIN_MATCH,0.0,0.0,0.0,0.0,0.0,0.0,0.0,0.0,0,NO_APLICA
ft_sal_002888,SIN_MATCH,0.0,SIN_CANDIDATO_DE_CONTACTO,0.0,SIN_CANDIDATO_DE_CONTACTO,0,SIN_MATCH,SIN_MATCH,False,SIN_MATCH,0.0,SIN_MATCH,0.0,0.0,0.0,0.0,0.0,0.0,0.0,0.0,0,NO_APLICA
ft_sal_002889,SIN_MATCH,0.0,SIN_CANDIDATO_DE_CONTACTO,0.0,SIN_CANDIDATO_DE_CONTACTO,0,SIN_MATCH,SIN_MATCH,False,SIN_MATCH,0.0,SIN_MATCH,0.0,0.0,0.0,0.0,0.0,0.0,0.0,0.0,0,NO_APLICA
ft_sal_002892,SIN_MATCH,0.0,SIN_CANDIDATO_DE_CONTACTO,0.0,SIN_CANDIDATO_DE_CONTACTO,0,SIN_MATCH,SIN_MATCH,False,SIN_MATCH,0.0,SIN_MATCH,0.0,0.0,0.0,0.0,0.0,0.0,0.0,0.0,0,NO_APLICA
ft_sal_002893,SIN_MATCH,0.0,SIN_CANDIDATO_DE_CONTACTO,0.0,SIN_CANDIDATO_DE_CONTACTO,0,SIN_MATCH,SIN_MATCH,False,SIN_MATCH,0.0,SIN_MATCH,0.0,0.0,0.0,0.0,0.0,0.0,0.0,0.0,0,NO_APLICA
ft_sal_002894,SIN_MATCH,0.0,SIN_CANDIDATO_DE_CONTACTO,0.0,SIN_CANDIDATO_DE_CONTACTO,0,SIN_MATCH,SIN_MATCH,False,SIN_MATCH,0.0,SIN_MATCH,0.0,0.0,0.0,0.0,0.0,0.0,0.0,0.0,0,NO_APLICA
ft_sal_002896,SIN_MATCH,0.0,SIN_CANDIDATO_DE_CONTACTO,0.0,SIN_CANDIDATO_DE_CONTACTO,0,SIN_MATCH,SIN_MATCH,False,SIN_MATCH,0.0,SIN_MATCH,0.0,0.0,0.0,0.0,0.0,0.0,0.0,0.0,0,NO_APLICA
ft_sal_002897,SIN_MATCH,0.0,SIN_CANDIDATO_DE_CONTACTO,0.0,SIN_CANDIDATO_DE_CONTACTO,0,SIN_MATCH,SIN_MATCH,False,SIN_MATCH,0.0,SIN_MATCH,0.0,0.0,0.0,0.0,0.0,0.0,0.0,0.0,0,NO_APLICA
ft_sal_002898,SIN_MATCH,0.0,SIN_CANDIDATO_DE_CONTACTO,0.0,SIN_CANDIDATO_DE_CONTACTO,0,SIN_MATCH,SIN_MATCH,False,SIN_MATCH,0.0,SIN_MATCH,0.0,0.0,0.0,0.0,0.0,0.0,0.0,0.0,0,NO_APLICA
ft_sal_002899,SIN_MATCH,0.0,SIN_CANDIDATO_DE_CONTACTO,0.0,SIN_CANDIDATO_DE_CONTACTO,0,SIN_MATCH,SIN_MATCH,False,SIN_MATCH,0.0,SIN_MATCH,0.0,0.0,0.0,0.0,0.0,0.0,0.0,0.0,0,NO_APLICA
ft_sal_002900,SIN_MATCH,0.0,SIN_CANDIDATO_DE_CONTACTO,0.0,SIN_CANDIDATO_DE_CONTACTO,0,SIN_MATCH,SIN_MATCH,False,SIN_MATCH,0.0,SIN_MATCH,0.0,0.0,0.0,0.0,0.0,0.0,0.0,0.0,0,NO_APLICA
ft_sal_002901,SIN_MATCH,0.0,SIN_CANDIDATO_DE_CONTACTO,0.0,SIN_CANDIDATO_DE_CONTACTO,0,SIN_MATCH,SIN_MATCH,False,SIN_MATCH,0.0,SIN_MATCH,0.0,0.0,0.0,0.0,0.0,0.0,0.0,0.0,0,NO_APLICA
ft_sal_002902,SIN_MATCH,0.0,SIN_CANDIDATO_DE_CONTACTO,0.0,SIN_CANDIDATO_DE_CONTACTO,0,SIN_MATCH,SIN_MATCH,False,SIN_MATCH,0.0,SIN_MATCH,0.0,0.0,0.0,0.0,0.0,0.0,0.0,0.0,0,NO_APLICA
ft_sal_002903,SIN_MATCH,0.0,SIN_CANDIDATO_DE_CONTACTO,0.0,SIN_CANDIDATO_DE_CONTACTO,0,SIN_MATCH,SIN_MATCH,False,SIN_MATCH,0.0,SIN_MATCH,0.0,0.0,0.0,0.0,0.0,0.0,0.0,0.0,0,NO_APLICA
ft_sal_002904,SIN_MATCH,0.0,SIN_CANDIDATO_DE_CONTACTO,0.0,SIN_CANDIDATO_DE_CONTACTO,0,SIN_MATCH,SIN_MATCH,False,SIN_MATCH,0.0,SIN_MATCH,0.0,0.0,0.0,0.0,0.0,0.0,0.0,0.0,0,NO_APLICA
ft_sal_002905,SIN_MATCH,0.0,SIN_CANDIDATO_DE_CONTACTO,0.0,SIN_CANDIDATO_DE_CONTACTO,0,SIN_MATCH,SIN_MATCH,False,SIN_MATCH,0.0,SIN_MATCH,0.0,0.0,0.0,0.0,0.0,0.0,0.0,0.0,0,NO_APLICA
ft_sal_002907,SIN_MATCH,0.0,SIN_CANDIDATO_DE_CONTACTO,0.0,SIN_CANDIDATO_DE_CONTACTO,0,SIN_MATCH,SIN_MATCH,False,SIN_MATCH,0.0,SIN_MATCH,0.0,0.0,0.0,0.0,0.0,0.0,0.0,0.0,0,NO_APLICA
ft_sal_002908,SIN_MATCH,0.0,SIN_CANDIDATO_DE_CONTACTO,0.0,SIN_CANDIDATO_DE_CONTACTO,0,SIN_MATCH,SIN_MATCH,False,SIN_MATCH,0.0,SIN_MATCH,0.0,0.0,0.0,0.0,0.0,0.0,0.0,0.0,0,NO_APLICA
ft_sal_002910,SIN_MATCH,0.0,SIN_CANDIDATO_DE_CONTACTO,0.0,SIN_CANDIDATO_DE_CONTACTO,0,SIN_MATCH,SIN_MATCH,False,SIN_MATCH,0.0,SIN_MATCH,0.0,0.0,0.0,0.0,0.0,0.0,0.0,0.0,0,NO_APLICA
ft_sal_002911,SIN_MATCH,0.0,SIN_CANDIDATO_DE_CONTACTO,0.0,SIN_CANDIDATO_DE_CONTACTO,0,SIN_MATCH,SIN_MATCH,False,SIN_MATCH,0.0,SIN_MATCH,0.0,0.0,0.0,0.0,0.0,0.0,0.0,0.0,0,NO_APLICA
ft_sal_002916,SIN_MATCH,0.0,SIN_CANDIDATO_DE_CONTACTO,0.0,SIN_CANDIDATO_DE_CONTACTO,0,SIN_MATCH,SIN_MATCH,False,SIN_MATCH,0.0,SIN_MATCH,0.0,0.0,0.0,0.0,0.0,0.0,0.0,0.0,0,NO_APLICA
ft_sal_002917,SIN_MATCH,0.0,SIN_CANDIDATO_DE_CONTACTO,0.0,SIN_CANDIDATO_DE_CONTACTO,0,SIN_MATCH,SIN_MATCH,False,SIN_MATCH,0.0,SIN_MATCH,0.0,0.0,0.0,0.0,0.0,0.0,0.0,0.0,0,NO_APLICA
ft_sal_002919,SIN_MATCH,0.0,SIN_CANDIDATO_DE_CONTACTO,0.0,SIN_CANDIDATO_DE_CONTACTO,0,SIN_MATCH,SIN_MATCH,False,SIN_MATCH,0.0,SIN_MATCH,0.0,0.0,0.0,0.0,0.0,0.0,0.0,0.0,0,NO_APLICA
ft_sal_002921,SIN_MATCH,0.0,SIN_CANDIDATO_DE_CONTACTO,0.0,SIN_CANDIDATO_DE_CONTACTO,0,SIN_MATCH,SIN_MATCH,False,SIN_MATCH,0.0,SIN_MATCH,0.0,0.0,0.0,0.0,0.0,0.0,0.0,0.0,0,NO_APLICA
ft_sal_002930,SIN_MATCH,0.0,SIN_CANDIDATO_DE_CONTACTO,0.0,SIN_CANDIDATO_DE_CONTACTO,0,SIN_MATCH,SIN_MATCH,False,SIN_MATCH,0.0,SIN_MATCH,0.0,0.0,0.0,0.0,0.0,0.0,0.0,0.0,0,NO_APLICA
ft_sal_002932,SIN_MATCH,0.0,SIN_CANDIDATO_DE_CONTACTO,0.0,SIN_CANDIDATO_DE_CONTACTO,0,SIN_MATCH,SIN_MATCH,False,SIN_MATCH,0.0,SIN_MATCH,0.0,0.0,0.0,0.0,0.0,0.0,0.0,0.0,0,NO_APLICA
ft_sal_002933,SIN_MATCH,0.0,SIN_CANDIDATO_DE_CONTACTO,0.0,SIN_CANDIDATO_DE_CONTACTO,0,SIN_MATCH,SIN_MATCH,False,SIN_MATCH,0.0,SIN_MATCH,0.0,0.0,0.0,0.0,0.0,0.0,0.0,0.0,0,NO_APLICA
ft_sal_002936,SIN_MATCH,0.0,SIN_CANDIDATO_DE_CONTACTO,0.0,SIN_CANDIDATO_DE_CONTACTO,0,SIN_MATCH,SIN_MATCH,False,SIN_MATCH,0.0,SIN_MATCH,0.0,0.0,0.0,0.0,0.0,0.0,0.0,0.0,0,NO_APLICA
ft_sal_002938,SIN_MATCH,0.0,SIN_CANDIDATO_DE_CONTACTO,0.0,SIN_CANDIDATO_DE_CONTACTO,0,SIN_MATCH,SIN_MATCH,False,SIN_MATCH,0.0,SIN_MATCH,0.0,0.0,0.0,0.0,0.0,0.0,0.0,0.0,0,NO_APLICA
ft_sal_002939,SIN_MATCH,0.0,SIN_CANDIDATO_DE_CONTACTO,0.0,SIN_CANDIDATO_DE_CONTACTO,0,SIN_MATCH,SIN_MATCH,False,SIN_MATCH,0.0,SIN_MATCH,0.0,0.0,0.0,0.0,0.0,0.0,0.0,0.0,0,NO_APLICA
ft_sal_002940,SIN_MATCH,0.0,SIN_CANDIDATO_DE_CONTACTO,0.0,SIN_CANDIDATO_DE_CONTACTO,0,SIN_MATCH,SIN_MATCH,False,SIN_MATCH,0.0,SIN_MATCH,0.0,0.0,0.0,0.0,0.0,0.0,0.0,0.0,0,NO_APLICA
ft_sal_002942,SIN_MATCH,0.0,SIN_CANDIDATO_DE_CONTACTO,0.0,SIN_CANDIDATO_DE_CONTACTO,0,SIN_MATCH,SIN_MATCH,False,SIN_MATCH,0.0,SIN_MATCH,0.0,0.0,0.0,0.0,0.0,0.0,0.0,0.0,0,NO_APLICA
ft_sal_002944,SIN_MATCH,0.0,SIN_CANDIDATO_DE_CONTACTO,0.0,SIN_CANDIDATO_DE_CONTACTO,0,SIN_MATCH,SIN_MATCH,False,SIN_MATCH,0.0,SIN_MATCH,0.0,0.0,0.0,0.0,0.0,0.0,0.0,0.0,0,NO_APLICA
ft_sal_002947,SIN_MATCH,0.0,AMBIGUO,0.0,AMBIGUO,2,SIN_MATCH,SIN_MATCH,False,bm_usr_005246,0.92,bm_usr_005690,0.92,0.9,0.0,0.95,0.0,0.0,0.9,1.0,0,NO_APLICA
ft_sal_002948,SIN_MATCH,0.0,SIN_CANDIDATO_DE_CONTACTO,0.0,SIN_CANDIDATO_DE_CONTACTO,0,SIN_MATCH,SIN_MATCH,False,SIN_MATCH,0.0,SIN_MATCH,0.0,0.0,0.0,0.0,0.0,0.0,0.0,0.0,0,NO_APLICA
ft_sal_002950,SIN_MATCH,0.0,SIN_CANDIDATO_DE_CONTACTO,0.0,SIN_CANDIDATO_DE_CONTACTO,0,SIN_MATCH,SIN_MATCH,False,SIN_MATCH,0.0,SIN_MATCH,0.0,0.0,0.0,0.0,0.0,0.0,0.0,0.0,0,NO_APLICA
ft_sal_002953,SIN_MATCH,0.0,SIN_CANDIDATO_DE_CONTACTO,0.0,SIN_CANDIDATO_DE_CONTACTO,0,SIN_MATCH,SIN_MATCH,False,SIN_MATCH,0.0,SIN_MATCH,0.0,0.0,0.0,0.0,0.0,0.0,0.0,0.0,0,NO_APLICA
ft_sal_002954,SIN_MATCH,0.0,SIN_CANDIDATO_DE_CONTACTO,0.0,SIN_CANDIDATO_DE_CONTACTO,0,SIN_MATCH,SIN_MATCH,False,SIN_MATCH,0.0,SIN_MATCH,0.0,0.0,0.0,0.0,0.0,0.0,0.0,0.0,0,NO_APLICA
ft_sal_002959,SIN_MATCH,0.0,SIN_CANDIDATO_DE_CONTACTO,0.0,SIN_CANDIDATO_DE_CONTACTO,0,SIN_MATCH,SIN_MATCH,False,SIN_MATCH,0.0,SIN_MATCH,0.0,0.0,0.0,0.0,0.0,0.0,0.0,0.0,0,NO_APLICA
ft_sal_002961,SIN_MATCH,0.0,SIN_CANDIDATO_DE_CONTACTO,0.0,SIN_CANDIDATO_DE_CONTACTO,0,SIN_MATCH,SIN_MATCH,False,SIN_MATCH,0.0,SIN_MATCH,0.0,0.0,0.0,0.0,0.0,0.0,0.0,0.0,0,NO_APLICA
ft_sal_002962,SIN_MATCH,0.0,SIN_CANDIDATO_DE_CONTACTO,0.0,SIN_CANDIDATO_DE_CONTACTO,0,SIN_MATCH,SIN_MATCH,False,SIN_MATCH,0.0,SIN_MATCH,0.0,0.0,0.0,0.0,0.0,0.0,0.0,0.0,0,NO_APLICA
ft_sal_002963,SIN_MATCH,0.0,SIN_CANDIDATO_DE_CONTACTO,0.0,SIN_CANDIDATO_DE_CONTACTO,0,SIN_MATCH,SIN_MATCH,False,SIN_MATCH,0.0,SIN_MATCH,0.0,0.0,0.0,0.0,0.0,0.0,0.0,0.0,0,NO_APLICA
ft_sal_002965,SIN_MATCH,0.0,SIN_CANDIDATO_DE_CONTACTO,0.0,SIN_CANDIDATO_DE_CONTACTO,0,SIN_MATCH,SIN_MATCH,False,SIN_MATCH,0.0,SIN_MATCH,0.0,0.0,0.0,0.0,0.0,0.0,0.0,0.0,0,NO_APLICA
ft_sal_002969,SIN_MATCH,0.0,SIN_CANDIDATO_DE_CONTACTO,0.0,SIN_CANDIDATO_DE_CONTACTO,0,SIN_MATCH,SIN_MATCH,False,SIN_MATCH,0.0,SIN_MATCH,0.0,0.0,0.0,0.0,0.0,0.0,0.0,0.0,0,NO_APLICA
ft_sal_002972,SIN_MATCH,0.0,SIN_CANDIDATO_DE_CONTACTO,0.0,SIN_CANDIDATO_DE_CONTACTO,0,SIN_MATCH,SIN_MATCH,False,SIN_MATCH,0.0,SIN_MATCH,0.0,0.0,0.0,0.0,0.0,0.0,0.0,0.0,0,NO_APLICA
ft_sal_002973,SIN_MATCH,0.0,SIN_CANDIDATO_DE_CONTACTO,0.0,SIN_CANDIDATO_DE_CONTACTO,0,SIN_MATCH,SIN_MATCH,False,SIN_MATCH,0.0,SIN_MATCH,0.0,0.0,0.0,0.0,0.0,0.0,0.0,0.0,0,NO_APLICA
ft_sal_002975,SIN_MATCH,0.0,SIN_CANDIDATO_DE_CONTACTO,0.0,SIN_CANDIDATO_DE_CONTACTO,0,SIN_MATCH,SIN_MATCH,False,SIN_MATCH,0.0,SIN_MATCH,0.0,0.0,0.0,0.0,0.0,0.0,0.0,0.0,0,NO_APLICA
ft_sal_002978,SIN_MATCH,0.0,SIN_CANDIDATO_DE_CONTACTO,0.0,SIN_CANDIDATO_DE_CONTACTO,0,SIN_MATCH,SIN_MATCH,False,SIN_MATCH,0.0,SIN_MATCH,0.0,0.0,0.0,0.0,0.0,0.0,0.0,0.0,0,NO_APLICA
ft_sal_002983,SIN_MATCH,0.0,SIN_CANDIDATO_DE_CONTACTO,0.0,SIN_CANDIDATO_DE_CONTACTO,0,SIN_MATCH,SIN_MATCH,False,SIN_MATCH,0.0,SIN_MATCH,0.0,0.0,0.0,0.0,0.0,0.0,0.0,0.0,0,NO_APLICA
ft_sal_002984,SIN_MATCH,0.0,SIN_CANDIDATO_DE_CONTACTO,0.0,SIN_CANDIDATO_DE_CONTACTO,0,SIN_MATCH,SIN_MATCH,False,SIN_MATCH,0.0,SIN_MATCH,0.0,0.0,0.0,0.0,0.0,0.0,0.0,0.0,0,NO_APLICA
ft_sal_002985,SIN_MATCH,0.0,SIN_CANDIDATO_DE_CONTACTO,0.0,SIN_CANDIDATO_DE_CONTACTO,0,SIN_MATCH,SIN_MATCH,False,SIN_MATCH,0.0,SIN_MATCH,0.0,0.0,0.0,0.0,0.0,0.0,0.0,0.0,0,NO_APLICA
ft_sal_002987,SIN_MATCH,0.0,SIN_CANDIDATO_DE_CONTACTO,0.0,SIN_CANDIDATO_DE_CONTACTO,0,SIN_MATCH,SIN_MATCH,False,SIN_MATCH,0.0,SIN_MATCH,0.0,0.0,0.0,0.0,0.0,0.0,0.0,0.0,0,NO_APLICA
ft_sal_002992,SIN_MATCH,0.0,SIN_CANDIDATO_DE_CONTACTO,0.0,SIN_CANDIDATO_DE_CONTACTO,0,SIN_MATCH,SIN_MATCH,False,SIN_MATCH,0.0,SIN_MATCH,0.0,0.0,0.0,0.0,0.0,0.0,0.0,0.0,0,NO_APLICA
ft_sal_002993,SIN_MATCH,0.0,SIN_CANDIDATO_DE_CONTACTO,0.0,SIN_CANDIDATO_DE_CONTACTO,0,SIN_MATCH,SIN_MATCH,False,SIN_MATCH,0.0,SIN_MATCH,0.0,0.0,0.0,0.0,0.0,0.0,0.0,0.0,0,NO_APLICA
ft_sal_002995,SIN_MATCH,0.0,SIN_CANDIDATO_DE_CONTACTO,0.0,SIN_CANDIDATO_DE_CONTACTO,0,SIN_MATCH,SIN_MATCH,False,SIN_MATCH,0.0,SIN_MATCH,0.0,0.0,0.0,0.0,0.0,0.0,0.0,0.0,0,NO_APLICA
ft_sal_002996,SIN_MATCH,0.0,SIN_CANDIDATO_DE_CONTACTO,0.0,SIN_CANDIDATO_DE_CONTACTO,0,SIN_MATCH,SIN_MATCH,False,SIN_MATCH,0.0,SIN_MATCH,0.0,0.0,0.0,0.0,0.0,0.0,0.0,0.0,0,NO_APLICA
ft_sal_002997,SIN_MATCH,0.0,SIN_CANDIDATO_DE_CONTACTO,0.0,SIN_CANDIDATO_DE_CONTACTO,0,SIN_MATCH,SIN_MATCH,False,SIN_MATCH,0.0,SIN_MATCH,0.0,0.0,0.0,0.0,0.0,0.0,0.0,0.0,0,NO_APLICA
ft_sal_002999,SIN_MATCH,0.0,SIN_CANDIDATO_DE_CONTACTO,0.0,SIN_CANDIDATO_DE_CONTACTO,0,SIN_MATCH,SIN_MATCH,False,SIN_MATCH,0.0,SIN_MATCH,0.0,0.0,0.0,0.0,0.0,0.0,0.0,0.0,0,NO_APLICA
ft_sal_003001,SIN_MATCH,0.0,SIN_CANDIDATO_DE_CONTACTO,0.0,SIN_CANDIDATO_DE_CONTACTO,0,SIN_MATCH,SIN_MATCH,False,SIN_MATCH,0.0,SIN_MATCH,0.0,0.0,0.0,0.0,0.0,0.0,0.0,0.0,0,NO_APLICA
ft_sal_003005,SIN_MATCH,0.0,SIN_CANDIDATO_DE_CONTACTO,0.0,SIN_CANDIDATO_DE_CONTACTO,0,SIN_MATCH,SIN_MATCH,False,SIN_MATCH,0.0,SIN_MATCH,0.0,0.0,0.0,0.0,0.0,0.0,0.0,0.0,0,NO_APLICA
ft_sal_003006,SIN_MATCH,0.0,SIN_CANDIDATO_DE_CONTACTO,0.0,SIN_CANDIDATO_DE_CONTACTO,0,SIN_MATCH,SIN_MATCH,False,SIN_MATCH,0.0,SIN_MATCH,0.0,0.0,0.0,0.0,0.0,0.0,0.0,0.0,0,NO_APLICA
ft_sal_003009,SIN_MATCH,0.0,SIN_CANDIDATO_DE_CONTACTO,0.0,SIN_CANDIDATO_DE_CONTACTO,0,SIN_MATCH,SIN_MATCH,False,SIN_MATCH,0.0,SIN_MATCH,0.0,0.0,0.0,0.0,0.0,0.0,0.0,0.0,0,NO_APLICA
ft_sal_003012,SIN_MATCH,0.0,SIN_CANDIDATO_DE_CONTACTO,0.0,SIN_CANDIDATO_DE_CONTACTO,0,SIN_MATCH,SIN_MATCH,False,SIN_MATCH,0.0,SIN_MATCH,0.0,0.0,0.0,0.0,0.0,0.0,0.0,0.0,0,NO_APLICA
ft_sal_003013,SIN_MATCH,0.0,SIN_CANDIDATO_DE_CONTACTO,0.0,SIN_CANDIDATO_DE_CONTACTO,0,SIN_MATCH,SIN_MATCH,False,SIN_MATCH,0.0,SIN_MATCH,0.0,0.0,0.0,0.0,0.0,0.0,0.0,0.0,0,NO_APLICA
ft_sal_003014,SIN_MATCH,0.0,SIN_CANDIDATO_DE_CONTACTO,0.0,SIN_CANDIDATO_DE_CONTACTO,0,SIN_MATCH,SIN_MATCH,False,SIN_MATCH,0.0,SIN_MATCH,0.0,0.0,0.0,0.0,0.0,0.0,0.0,0.0,0,NO_APLICA
ft_sal_003015,SIN_MATCH,0.0,SIN_CANDIDATO_DE_CONTACTO,0.0,SIN_CANDIDATO_DE_CONTACTO,0,SIN_MATCH,SIN_MATCH,False,SIN_MATCH,0.0,SIN_MATCH,0.0,0.0,0.0,0.0,0.0,0.0,0.0,0.0,0,NO_APLICA
ft_sal_003017,SIN_MATCH,0.0,SIN_CANDIDATO_DE_CONTACTO,0.0,SIN_CANDIDATO_DE_CONTACTO,0,SIN_MATCH,SIN_MATCH,False,SIN_MATCH,0.0,SIN_MATCH,0.0,0.0,0.0,0.0,0.0,0.0,0.0,0.0,0,NO_APLICA
ft_sal_003020,SIN_MATCH,0.0,SIN_CANDIDATO_DE_CONTACTO,0.0,SIN_CANDIDATO_DE_CONTACTO,0,SIN_MATCH,SIN_MATCH,False,SIN_MATCH,0.0,SIN_MATCH,0.0,0.0,0.0,0.0,0.0,0.0,0.0,0.0,0,NO_APLICA
ft_sal_003023,SIN_MATCH,0.0,SIN_CANDIDATO_DE_CONTACTO,0.0,SIN_CANDIDATO_DE_CONTACTO,0,SIN_MATCH,SIN_MATCH,False,SIN_MATCH,0.0,SIN_MATCH,0.0,0.0,0.0,0.0,0.0,0.0,0.0,0.0,0,NO_APLICA
ft_sal_003024,SIN_MATCH,0.0,SIN_CANDIDATO_DE_CONTACTO,0.0,SIN_CANDIDATO_DE_CONTACTO,0,SIN_MATCH,SIN_MATCH,False,SIN_MATCH,0.0,SIN_MATCH,0.0,0.0,0.0,0.0,0.0,0.0,0.0,0.0,0,NO_APLICA
ft_sal_003025,SIN_MATCH,0.0,SIN_CANDIDATO_DE_CONTACTO,0.0,SIN_CANDIDATO_DE_CONTACTO,0,SIN_MATCH,SIN_MATCH,False,SIN_MATCH,0.0,SIN_MATCH,0.0,0.0,0.0,0.0,0.0,0.0,0.0,0.0,0,NO_APLICA
ft_sal_003026,SIN_MATCH,0.0,SIN_CANDIDATO_DE_CONTACTO,0.0,SIN_CANDIDATO_DE_CONTACTO,0,SIN_MATCH,SIN_MATCH,False,SIN_MATCH,0.0,SIN_MATCH,0.0,0.0,0.0,0.0,0.0,0.0,0.0,0.0,0,NO_APLICA
ft_sal_003027,SIN_MATCH,0.0,SIN_CANDIDATO_DE_CONTACTO,0.0,SIN_CANDIDATO_DE_CONTACTO,0,SIN_MATCH,SIN_MATCH,False,SIN_MATCH,0.0,SIN_MATCH,0.0,0.0,0.0,0.0,0.0,0.0,0.0,0.0,0,NO_APLICA
ft_sal_003035,SIN_MATCH,0.0,SIN_CANDIDATO_DE_CONTACTO,0.0,SIN_CANDIDATO_DE_CONTACTO,0,SIN_MATCH,SIN_MATCH,False,SIN_MATCH,0.0,SIN_MATCH,0.0,0.0,0.0,0.0,0.0,0.0,0.0,0.0,0,NO_APLICA
ft_sal_003038,SIN_MATCH,0.0,SIN_CANDIDATO_DE_CONTACTO,0.0,SIN_CANDIDATO_DE_CONTACTO,0,SIN_MATCH,SIN_MATCH,False,SIN_MATCH,0.0,SIN_MATCH,0.0,0.0,0.0,0.0,0.0,0.0,0.0,0.0,0,NO_APLICA
ft_sal_003040,SIN_MATCH,0.0,SIN_CANDIDATO_DE_CONTACTO,0.0,SIN_CANDIDATO_DE_CONTACTO,0,SIN_MATCH,SIN_MATCH,False,SIN_MATCH,0.0,SIN_MATCH,0.0,0.0,0.0,0.0,0.0,0.0,0.0,0.0,0,NO_APLICA
ft_sal_003044,SIN_MATCH,0.0,SIN_CANDIDATO_DE_CONTACTO,0.0,SIN_CANDIDATO_DE_CONTACTO,0,SIN_MATCH,SIN_MATCH,False,SIN_MATCH,0.0,SIN_MATCH,0.0,0.0,0.0,0.0,0.0,0.0,0.0,0.0,0,NO_APLICA
ft_sal_003052,SIN_MATCH,0.0,SIN_CANDIDATO_DE_CONTACTO,0.0,SIN_CANDIDATO_DE_CONTACTO,0,SIN_MATCH,SIN_MATCH,False,SIN_MATCH,0.0,SIN_MATCH,0.0,0.0,0.0,0.0,0.0,0.0,0.0,0.0,0,NO_APLICA
ft_sal_003055,SIN_MATCH,0.0,SIN_CANDIDATO_DE_CONTACTO,0.0,SIN_CANDIDATO_DE_CONTACTO,0,SIN_MATCH,SIN_MATCH,False,SIN_MATCH,0.0,SIN_MATCH,0.0,0.0,0.0,0.0,0.0,0.0,0.0,0.0,0,NO_APLICA
ft_sal_003056,SIN_MATCH,0.0,SIN_CANDIDATO_DE_CONTACTO,0.0,SIN_CANDIDATO_DE_CONTACTO,0,SIN_MATCH,SIN_MATCH,False,SIN_MATCH,0.0,SIN_MATCH,0.0,0.0,0.0,0.0,0.0,0.0,0.0,0.0,0,NO_APLICA
ft_sal_003059,SIN_MATCH,0.0,SIN_CANDIDATO_DE_CONTACTO,0.0,SIN_CANDIDATO_DE_CONTACTO,0,SIN_MATCH,SIN_MATCH,False,SIN_MATCH,0.0,SIN_MATCH,0.0,0.0,0.0,0.0,0.0,0.0,0.0,0.0,0,NO_APLICA
ft_sal_003060,SIN_MATCH,0.0,SIN_CANDIDATO_DE_CONTACTO,0.0,SIN_CANDIDATO_DE_CONTACTO,0,SIN_MATCH,SIN_MATCH,False,SIN_MATCH,0.0,SIN_MATCH,0.0,0.0,0.0,0.0,0.0,0.0,0.0,0.0,0,NO_APLICA
ft_sal_003061,SIN_MATCH,0.0,SIN_CANDIDATO_DE_CONTACTO,0.0,SIN_CANDIDATO_DE_CONTACTO,0,SIN_MATCH,SIN_MATCH,False,SIN_MATCH,0.0,SIN_MATCH,0.0,0.0,0.0,0.0,0.0,0.0,0.0,0.0,0,NO_APLICA
ft_sal_003062,SIN_MATCH,0.0,SIN_CANDIDATO_DE_CONTACTO,0.0,SIN_CANDIDATO_DE_CONTACTO,0,SIN_MATCH,SIN_MATCH,False,SIN_MATCH,0.0,SIN_MATCH,0.0,0.0,0.0,0.0,0.0,0.0,0.0,0.0,0,NO_APLICA
ft_sal_003066,SIN_MATCH,0.0,SIN_CANDIDATO_DE_CONTACTO,0.0,SIN_CANDIDATO_DE_CONTACTO,0,SIN_MATCH,SIN_MATCH,False,SIN_MATCH,0.0,SIN_MATCH,0.0,0.0,0.0,0.0,0.0,0.0,0.0,0.0,0,NO_APLICA
ft_sal_003068,SIN_MATCH,0.0,SIN_CANDIDATO_DE_CONTACTO,0.0,SIN_CANDIDATO_DE_CONTACTO,0,SIN_MATCH,SIN_MATCH,False,SIN_MATCH,0.0,SIN_MATCH,0.0,0.0,0.0,0.0,0.0,0.0,0.0,0.0,0,NO_APLICA
ft_sal_003069,SIN_MATCH,0.0,SIN_CANDIDATO_DE_CONTACTO,0.0,SIN_CANDIDATO_DE_CONTACTO,0,SIN_MATCH,SIN_MATCH,False,SIN_MATCH,0.0,SIN_MATCH,0.0,0.0,0.0,0.0,0.0,0.0,0.0,0.0,0,NO_APLICA
ft_sal_003073,SIN_MATCH,0.0,SIN_CANDIDATO_DE_CONTACTO,0.0,SIN_CANDIDATO_DE_CONTACTO,0,SIN_MATCH,SIN_MATCH,False,SIN_MATCH,0.0,SIN_MATCH,0.0,0.0,0.0,0.0,0.0,0.0,0.0,0.0,0,NO_APLICA
ft_sal_003074,SIN_MATCH,0.0,SIN_CANDIDATO_DE_CONTACTO,0.0,SIN_CANDIDATO_DE_CONTACTO,0,SIN_MATCH,SIN_MATCH,False,SIN_MATCH,0.0,SIN_MATCH,0.0,0.0,0.0,0.0,0.0,0.0,0.0,0.0,0,NO_APLICA
ft_sal_003075,SIN_MATCH,0.0,SIN_CANDIDATO_DE_CONTACTO,0.0,SIN_CANDIDATO_DE_CONTACTO,0,SIN_MATCH,SIN_MATCH,False,SIN_MATCH,0.0,SIN_MATCH,0.0,0.0,0.0,0.0,0.0,0.0,0.0,0.0,0,NO_APLICA
ft_sal_003076,SIN_MATCH,0.0,SIN_CANDIDATO_DE_CONTACTO,0.0,SIN_CANDIDATO_DE_CONTACTO,0,SIN_MATCH,SIN_MATCH,False,SIN_MATCH,0.0,SIN_MATCH,0.0,0.0,0.0,0.0,0.0,0.0,0.0,0.0,0,NO_APLICA
ft_sal_003077,SIN_MATCH,0.0,SIN_CANDIDATO_DE_CONTACTO,0.0,SIN_CANDIDATO_DE_CONTACTO,0,SIN_MATCH,SIN_MATCH,False,SIN_MATCH,0.0,SIN_MATCH,0.0,0.0,0.0,0.0,0.0,0.0,0.0,0.0,0,NO_APLICA
ft_sal_003080,SIN_MATCH,0.0,SIN_CANDIDATO_DE_CONTACTO,0.0,SIN_CANDIDATO_DE_CONTACTO,0,SIN_MATCH,SIN_MATCH,False,SIN_MATCH,0.0,SIN_MATCH,0.0,0.0,0.0,0.0,0.0,0.0,0.0,0.0,0,NO_APLICA
ft_sal_003084,SIN_MATCH,0.0,SIN_CANDIDATO_DE_CONTACTO,0.0,SIN_CANDIDATO_DE_CONTACTO,0,SIN_MATCH,SIN_MATCH,False,SIN_MATCH,0.0,SIN_MATCH,0.0,0.0,0.0,0.0,0.0,0.0,0.0,0.0,0,NO_APLICA
ft_sal_003085,SIN_MATCH,0.0,SIN_CANDIDATO_DE_CONTACTO,0.0,SIN_CANDIDATO_DE_CONTACTO,0,SIN_MATCH,SIN_MATCH,False,SIN_MATCH,0.0,SIN_MATCH,0.0,0.0,0.0,0.0,0.0,0.0,0.0,0.0,0,NO_APLICA
ft_sal_003089,SIN_MATCH,0.0,SIN_CANDIDATO_DE_CONTACTO,0.0,SIN_CANDIDATO_DE_CONTACTO,0,SIN_MATCH,SIN_MATCH,False,SIN_MATCH,0.0,SIN_MATCH,0.0,0.0,0.0,0.0,0.0,0.0,0.0,0.0,0,NO_APLICA
ft_sal_003093,SIN_MATCH,0.0,SIN_CANDIDATO_DE_CONTACTO,0.0,SIN_CANDIDATO_DE_CONTACTO,0,SIN_MATCH,SIN_MATCH,False,SIN_MATCH,0.0,SIN_MATCH,0.0,0.0,0.0,0.0,0.0,0.0,0.0,0.0,0,NO_APLICA
ft_sal_003095,SIN_MATCH,0.0,SIN_CANDIDATO_DE_CONTACTO,0.0,SIN_CANDIDATO_DE_CONTACTO,0,SIN_MATCH,SIN_MATCH,False,SIN_MATCH,0.0,SIN_MATCH,0.0,0.0,0.0,0.0,0.0,0.0,0.0,0.0,0,NO_APLICA
ft_sal_003096,SIN_MATCH,0.0,SIN_CANDIDATO_DE_CONTACTO,0.0,SIN_CANDIDATO_DE_CONTACTO,0,SIN_MATCH,SIN_MATCH,False,SIN_MATCH,0.0,SIN_MATCH,0.0,0.0,0.0,0.0,0.0,0.0,0.0,0.0,0,NO_APLICA
ft_sal_003099,SIN_MATCH,0.0,SIN_CANDIDATO_DE_CONTACTO,0.0,SIN_CANDIDATO_DE_CONTACTO,0,SIN_MATCH,SIN_MATCH,False,SIN_MATCH,0.0,SIN_MATCH,0.0,0.0,0.0,0.0,0.0,0.0,0.0,0.0,0,NO_APLICA
ft_sal_003100,SIN_MATCH,0.0,SIN_CANDIDATO_DE_CONTACTO,0.0,SIN_CANDIDATO_DE_CONTACTO,0,SIN_MATCH,SIN_MATCH,False,SIN_MATCH,0.0,SIN_MATCH,0.0,0.0,0.0,0.0,0.0,0.0,0.0,0.0,0,NO_APLICA
ft_sal_003104,SIN_MATCH,0.0,SIN_CANDIDATO_DE_CONTACTO,0.0,SIN_CANDIDATO_DE_CONTACTO,0,SIN_MATCH,SIN_MATCH,False,SIN_MATCH,0.0,SIN_MATCH,0.0,0.0,0.0,0.0,0.0,0.0,0.0,0.0,0,NO_APLICA
ft_sal_003105,SIN_MATCH,0.0,SIN_CANDIDATO_DE_CONTACTO,0.0,SIN_CANDIDATO_DE_CONTACTO,0,SIN_MATCH,SIN_MATCH,False,SIN_MATCH,0.0,SIN_MATCH,0.0,0.0,0.0,0.0,0.0,0.0,0.0,0.0,0,NO_APLICA
ft_sal_003107,SIN_MATCH,0.0,SIN_CANDIDATO_DE_CONTACTO,0.0,SIN_CANDIDATO_DE_CONTACTO,0,SIN_MATCH,SIN_MATCH,False,SIN_MATCH,0.0,SIN_MATCH,0.0,0.0,0.0,0.0,0.0,0.0,0.0,0.0,0,NO_APLICA
ft_sal_003108,SIN_MATCH,0.0,SIN_CANDIDATO_DE_CONTACTO,0.0,SIN_CANDIDATO_DE_CONTACTO,0,SIN_MATCH,SIN_MATCH,False,SIN_MATCH,0.0,SIN_MATCH,0.0,0.0,0.0,0.0,0.0,0.0,0.0,0.0,0,NO_APLICA
ft_sal_003109,SIN_MATCH,0.0,SIN_CANDIDATO_DE_CONTACTO,0.0,SIN_CANDIDATO_DE_CONTACTO,0,SIN_MATCH,SIN_MATCH,False,SIN_MATCH,0.0,SIN_MATCH,0.0,0.0,0.0,0.0,0.0,0.0,0.0,0.0,0,NO_APLICA
ft_sal_003113,SIN_MATCH,0.0,SIN_CANDIDATO_DE_CONTACTO,0.0,SIN_CANDIDATO_DE_CONTACTO,0,SIN_MATCH,SIN_MATCH,False,SIN_MATCH,0.0,SIN_MATCH,0.0,0.0,0.0,0.0,0.0,0.0,0.0,0.0,0,NO_APLICA
ft_sal_003114,SIN_MATCH,0.0,SIN_CANDIDATO_DE_CONTACTO,0.0,SIN_CANDIDATO_DE_CONTACTO,0,SIN_MATCH,SIN_MATCH,False,SIN_MATCH,0.0,SIN_MATCH,0.0,0.0,0.0,0.0,0.0,0.0,0.0,0.0,0,NO_APLICA
ft_sal_003117,SIN_MATCH,0.0,SIN_CANDIDATO_DE_CONTACTO,0.0,SIN_CANDIDATO_DE_CONTACTO,0,SIN_MATCH,SIN_MATCH,False,SIN_MATCH,0.0,SIN_MATCH,0.0,0.0,0.0,0.0,0.0,0.0,0.0,0.0,0,NO_APLICA
ft_sal_003124,SIN_MATCH,0.0,SIN_CANDIDATO_DE_CONTACTO,0.0,SIN_CANDIDATO_DE_CONTACTO,0,SIN_MATCH,SIN_MATCH,False,SIN_MATCH,0.0,SIN_MATCH,0.0,0.0,0.0,0.0,0.0,0.0,0.0,0.0,0,NO_APLICA
ft_sal_003125,SIN_MATCH,0.0,SIN_CANDIDATO_DE_CONTACTO,0.0,SIN_CANDIDATO_DE_CONTACTO,0,SIN_MATCH,SIN_MATCH,False,SIN_MATCH,0.0,SIN_MATCH,0.0,0.0,0.0,0.0,0.0,0.0,0.0,0.0,0,NO_APLICA
ft_sal_003127,SIN_MATCH,0.0,SIN_CANDIDATO_DE_CONTACTO,0.0,SIN_CANDIDATO_DE_CONTACTO,0,SIN_MATCH,SIN_MATCH,False,SIN_MATCH,0.0,SIN_MATCH,0.0,0.0,0.0,0.0,0.0,0.0,0.0,0.0,0,NO_APLICA
ft_sal_003129,SIN_MATCH,0.0,SIN_CANDIDATO_DE_CONTACTO,0.0,SIN_CANDIDATO_DE_CONTACTO,0,SIN_MATCH,SIN_MATCH,False,SIN_MATCH,0.0,SIN_MATCH,0.0,0.0,0.0,0.0,0.0,0.0,0.0,0.0,0,NO_APLICA
ft_sal_003130,SIN_MATCH,0.0,SIN_CANDIDATO_DE_CONTACTO,0.0,SIN_CANDIDATO_DE_CONTACTO,0,SIN_MATCH,SIN_MATCH,False,SIN_MATCH,0.0,SIN_MATCH,0.0,0.0,0.0,0.0,0.0,0.0,0.0,0.0,0,NO_APLICA
ft_sal_003131,SIN_MATCH,0.0,SIN_CANDIDATO_DE_CONTACTO,0.0,SIN_CANDIDATO_DE_CONTACTO,0,SIN_MATCH,SIN_MATCH,False,SIN_MATCH,0.0,SIN_MATCH,0.0,0.0,0.0,0.0,0.0,0.0,0.0,0.0,0,NO_APLICA
ft_sal_003133,SIN_MATCH,0.0,SIN_CANDIDATO_DE_CONTACTO,0.0,SIN_CANDIDATO_DE_CONTACTO,0,SIN_MATCH,SIN_MATCH,False,SIN_MATCH,0.0,SIN_MATCH,0.0,0.0,0.0,0.0,0.0,0.0,0.0,0.0,0,NO_APLICA
ft_sal_003138,SIN_MATCH,0.0,SIN_CANDIDATO_DE_CONTACTO,0.0,SIN_CANDIDATO_DE_CONTACTO,0,SIN_MATCH,SIN_MATCH,False,SIN_MATCH,0.0,SIN_MATCH,0.0,0.0,0.0,0.0,0.0,0.0,0.0,0.0,0,NO_APLICA
ft_sal_003139,SIN_MATCH,0.0,SIN_CANDIDATO_DE_CONTACTO,0.0,SIN_CANDIDATO_DE_CONTACTO,0,SIN_MATCH,SIN_MATCH,False,SIN_MATCH,0.0,SIN_MATCH,0.0,0.0,0.0,0.0,0.0,0.0,0.0,0.0,0,NO_APLICA
ft_sal_003143,SIN_MATCH,0.0,SIN_CANDIDATO_DE_CONTACTO,0.0,SIN_CANDIDATO_DE_CONTACTO,0,SIN_MATCH,SIN_MATCH,False,SIN_MATCH,0.0,SIN_MATCH,0.0,0.0,0.0,0.0,0.0,0.0,0.0,0.0,0,NO_APLICA
ft_sal_003144,SIN_MATCH,0.0,SIN_CANDIDATO_DE_CONTACTO,0.0,SIN_CANDIDATO_DE_CONTACTO,0,SIN_MATCH,SIN_MATCH,False,SIN_MATCH,0.0,SIN_MATCH,0.0,0.0,0.0,0.0,0.0,0.0,0.0,0.0,0,NO_APLICA
ft_sal_003151,SIN_MATCH,0.0,SIN_CANDIDATO_DE_CONTACTO,0.0,SIN_CANDIDATO_DE_CONTACTO,0,SIN_MATCH,SIN_MATCH,False,SIN_MATCH,0.0,SIN_MATCH,0.0,0.0,0.0,0.0,0.0,0.0,0.0,0.0,0,NO_APLICA
ft_sal_003152,SIN_MATCH,0.0,SIN_CANDIDATO_DE_CONTACTO,0.0,SIN_CANDIDATO_DE_CONTACTO,0,SIN_MATCH,SIN_MATCH,False,SIN_MATCH,0.0,SIN_MATCH,0.0,0.0,0.0,0.0,0.0,0.0,0.0,0.0,0,NO_APLICA
ft_sal_003155,SIN_MATCH,0.0,SIN_CANDIDATO_DE_CONTACTO,0.0,SIN_CANDIDATO_DE_CONTACTO,0,SIN_MATCH,SIN_MATCH,False,SIN_MATCH,0.0,SIN_MATCH,0.0,0.0,0.0,0.0,0.0,0.0,0.0,0.0,0,NO_APLICA
ft_sal_003157,SIN_MATCH,0.0,SIN_CANDIDATO_DE_CONTACTO,0.0,SIN_CANDIDATO_DE_CONTACTO,0,SIN_MATCH,SIN_MATCH,False,SIN_MATCH,0.0,SIN_MATCH,0.0,0.0,0.0,0.0,0.0,0.0,0.0,0.0,0,NO_APLICA
ft_sal_003159,SIN_MATCH,0.0,SIN_CANDIDATO_DE_CONTACTO,0.0,SIN_CANDIDATO_DE_CONTACTO,0,SIN_MATCH,SIN_MATCH,False,SIN_MATCH,0.0,SIN_MATCH,0.0,0.0,0.0,0.0,0.0,0.0,0.0,0.0,0,NO_APLICA
ft_sal_003160,SIN_MATCH,0.0,SIN_CANDIDATO_DE_CONTACTO,0.0,SIN_CANDIDATO_DE_CONTACTO,0,SIN_MATCH,SIN_MATCH,False,SIN_MATCH,0.0,SIN_MATCH,0.0,0.0,0.0,0.0,0.0,0.0,0.0,0.0,0,NO_APLICA
ft_sal_003161,SIN_MATCH,0.0,SIN_CANDIDATO_DE_CONTACTO,0.0,SIN_CANDIDATO_DE_CONTACTO,0,SIN_MATCH,SIN_MATCH,False,SIN_MATCH,0.0,SIN_MATCH,0.0,0.0,0.0,0.0,0.0,0.0,0.0,0.0,0,NO_APLICA
ft_sal_003165,SIN_MATCH,0.0,SIN_CANDIDATO_DE_CONTACTO,0.0,SIN_CANDIDATO_DE_CONTACTO,0,SIN_MATCH,SIN_MATCH,False,SIN_MATCH,0.0,SIN_MATCH,0.0,0.0,0.0,0.0,0.0,0.0,0.0,0.0,0,NO_APLICA
ft_sal_003172,SIN_MATCH,0.0,SIN_CANDIDATO_DE_CONTACTO,0.0,SIN_CANDIDATO_DE_CONTACTO,0,SIN_MATCH,SIN_MATCH,False,SIN_MATCH,0.0,SIN_MATCH,0.0,0.0,0.0,0.0,0.0,0.0,0.0,0.0,0,NO_APLICA
ft_sal_003176,SIN_MATCH,0.0,SIN_CANDIDATO_DE_CONTACTO,0.0,SIN_CANDIDATO_DE_CONTACTO,0,SIN_MATCH,SIN_MATCH,False,SIN_MATCH,0.0,SIN_MATCH,0.0,0.0,0.0,0.0,0.0,0.0,0.0,0.0,0,NO_APLICA
ft_sal_003178,SIN_MATCH,0.0,SIN_CANDIDATO_DE_CONTACTO,0.0,SIN_CANDIDATO_DE_CONTACTO,0,SIN_MATCH,SIN_MATCH,False,SIN_MATCH,0.0,SIN_MATCH,0.0,0.0,0.0,0.0,0.0,0.0,0.0,0.0,0,NO_APLICA
ft_sal_003179,SIN_MATCH,0.0,SIN_CANDIDATO_DE_CONTACTO,0.0,SIN_CANDIDATO_DE_CONTACTO,0,SIN_MATCH,SIN_MATCH,False,SIN_MATCH,0.0,SIN_MATCH,0.0,0.0,0.0,0.0,0.0,0.0,0.0,0.0,0,NO_APLICA
ft_sal_003181,SIN_MATCH,0.0,SIN_CANDIDATO_DE_CONTACTO,0.0,SIN_CANDIDATO_DE_CONTACTO,0,SIN_MATCH,SIN_MATCH,False,SIN_MATCH,0.0,SIN_MATCH,0.0,0.0,0.0,0.0,0.0,0.0,0.0,0.0,0,NO_APLICA
ft_sal_003183,SIN_MATCH,0.0,SIN_CANDIDATO_DE_CONTACTO,0.0,SIN_CANDIDATO_DE_CONTACTO,0,SIN_MATCH,SIN_MATCH,False,SIN_MATCH,0.0,SIN_MATCH,0.0,0.0,0.0,0.0,0.0,0.0,0.0,0.0,0,NO_APLICA
ft_sal_003184,SIN_MATCH,0.0,SIN_CANDIDATO_DE_CONTACTO,0.0,SIN_CANDIDATO_DE_CONTACTO,0,SIN_MATCH,SIN_MATCH,False,SIN_MATCH,0.0,SIN_MATCH,0.0,0.0,0.0,0.0,0.0,0.0,0.0,0.0,0,NO_APLICA
ft_sal_003185,SIN_MATCH,0.0,SIN_CANDIDATO_DE_CONTACTO,0.0,SIN_CANDIDATO_DE_CONTACTO,0,SIN_MATCH,SIN_MATCH,False,SIN_MATCH,0.0,SIN_MATCH,0.0,0.0,0.0,0.0,0.0,0.0,0.0,0.0,0,NO_APLICA
ft_sal_003187,SIN_MATCH,0.0,SIN_CANDIDATO_DE_CONTACTO,0.0,SIN_CANDIDATO_DE_CONTACTO,0,SIN_MATCH,SIN_MATCH,False,SIN_MATCH,0.0,SIN_MATCH,0.0,0.0,0.0,0.0,0.0,0.0,0.0,0.0,0,NO_APLICA
ft_sal_003188,SIN_MATCH,0.0,SIN_CANDIDATO_DE_CONTACTO,0.0,SIN_CANDIDATO_DE_CONTACTO,0,SIN_MATCH,SIN_MATCH,False,SIN_MATCH,0.0,SIN_MATCH,0.0,0.0,0.0,0.0,0.0,0.0,0.0,0.0,0,NO_APLICA
ft_sal_003192,SIN_MATCH,0.0,SIN_CANDIDATO_DE_CONTACTO,0.0,SIN_CANDIDATO_DE_CONTACTO,0,SIN_MATCH,SIN_MATCH,False,SIN_MATCH,0.0,SIN_MATCH,0.0,0.0,0.0,0.0,0.0,0.0,0.0,0.0,0,NO_APLICA
ft_sal_003193,SIN_MATCH,0.0,SIN_CANDIDATO_DE_CONTACTO,0.0,SIN_CANDIDATO_DE_CONTACTO,0,SIN_MATCH,SIN_MATCH,False,SIN_MATCH,0.0,SIN_MATCH,0.0,0.0,0.0,0.0,0.0,0.0,0.0,0.0,0,NO_APLICA
ft_sal_003195,SIN_MATCH,0.0,SIN_CANDIDATO_DE_CONTACTO,0.0,SIN_CANDIDATO_DE_CONTACTO,0,SIN_MATCH,SIN_MATCH,False,SIN_MATCH,0.0,SIN_MATCH,0.0,0.0,0.0,0.0,0.0,0.0,0.0,0.0,0,NO_APLICA
ft_sal_003200,SIN_MATCH,0.0,SIN_CANDIDATO_DE_CONTACTO,0.0,SIN_CANDIDATO_DE_CONTACTO,0,SIN_MATCH,SIN_MATCH,False,SIN_MATCH,0.0,SIN_MATCH,0.0,0.0,0.0,0.0,0.0,0.0,0.0,0.0,0,NO_APLICA
ft_sal_003201,SIN_MATCH,0.0,SIN_CANDIDATO_DE_CONTACTO,0.0,SIN_CANDIDATO_DE_CONTACTO,0,SIN_MATCH,SIN_MATCH,False,SIN_MATCH,0.0,SIN_MATCH,0.0,0.0,0.0,0.0,0.0,0.0,0.0,0.0,0,NO_APLICA
ft_sal_003202,SIN_MATCH,0.0,SIN_CANDIDATO_DE_CONTACTO,0.0,SIN_CANDIDATO_DE_CONTACTO,0,SIN_MATCH,SIN_MATCH,False,SIN_MATCH,0.0,SIN_MATCH,0.0,0.0,0.0,0.0,0.0,0.0,0.0,0.0,0,NO_APLICA
ft_sal_003206,SIN_MATCH,0.0,SIN_CANDIDATO_DE_CONTACTO,0.0,SIN_CANDIDATO_DE_CONTACTO,0,SIN_MATCH,SIN_MATCH,False,SIN_MATCH,0.0,SIN_MATCH,0.0,0.0,0.0,0.0,0.0,0.0,0.0,0.0,0,NO_APLICA
ft_sal_003207,SIN_MATCH,0.0,SIN_CANDIDATO_DE_CONTACTO,0.0,SIN_CANDIDATO_DE_CONTACTO,0,SIN_MATCH,SIN_MATCH,False,SIN_MATCH,0.0,SIN_MATCH,0.0,0.0,0.0,0.0,0.0,0.0,0.0,0.0,0,NO_APLICA
ft_sal_003214,SIN_MATCH,0.0,SIN_CANDIDATO_DE_CONTACTO,0.0,SIN_CANDIDATO_DE_CONTACTO,0,SIN_MATCH,SIN_MATCH,False,SIN_MATCH,0.0,SIN_MATCH,0.0,0.0,0.0,0.0,0.0,0.0,0.0,0.0,0,NO_APLICA
ft_sal_003217,SIN_MATCH,0.0,SIN_CANDIDATO_DE_CONTACTO,0.0,SIN_CANDIDATO_DE_CONTACTO,0,SIN_MATCH,SIN_MATCH,False,SIN_MATCH,0.0,SIN_MATCH,0.0,0.0,0.0,0.0,0.0,0.0,0.0,0.0,0,NO_APLICA
ft_sal_003220,SIN_MATCH,0.0,SIN_CANDIDATO_DE_CONTACTO,0.0,SIN_CANDIDATO_DE_CONTACTO,0,SIN_MATCH,SIN_MATCH,False,SIN_MATCH,0.0,SIN_MATCH,0.0,0.0,0.0,0.0,0.0,0.0,0.0,0.0,0,NO_APLICA
ft_sal_003221,SIN_MATCH,0.0,SIN_CANDIDATO_DE_CONTACTO,0.0,SIN_CANDIDATO_DE_CONTACTO,0,SIN_MATCH,SIN_MATCH,False,SIN_MATCH,0.0,SIN_MATCH,0.0,0.0,0.0,0.0,0.0,0.0,0.0,0.0,0,NO_APLICA
ft_sal_003223,SIN_MATCH,0.0,SIN_CANDIDATO_DE_CONTACTO,0.0,SIN_CANDIDATO_DE_CONTACTO,0,SIN_MATCH,SIN_MATCH,False,SIN_MATCH,0.0,SIN_MATCH,0.0,0.0,0.0,0.0,0.0,0.0,0.0,0.0,0,NO_APLICA
ft_sal_003228,SIN_MATCH,0.0,SIN_CANDIDATO_DE_CONTACTO,0.0,SIN_CANDIDATO_DE_CONTACTO,0,SIN_MATCH,SIN_MATCH,False,SIN_MATCH,0.0,SIN_MATCH,0.0,0.0,0.0,0.0,0.0,0.0,0.0,0.0,0,NO_APLICA
ft_sal_003229,SIN_MATCH,0.0,SIN_CANDIDATO_DE_CONTACTO,0.0,SIN_CANDIDATO_DE_CONTACTO,0,SIN_MATCH,SIN_MATCH,False,SIN_MATCH,0.0,SIN_MATCH,0.0,0.0,0.0,0.0,0.0,0.0,0.0,0.0,0,NO_APLICA
ft_sal_003230,SIN_MATCH,0.0,SIN_CANDIDATO_DE_CONTACTO,0.0,SIN_CANDIDATO_DE_CONTACTO,0,SIN_MATCH,SIN_MATCH,False,SIN_MATCH,0.0,SIN_MATCH,0.0,0.0,0.0,0.0,0.0,0.0,0.0,0.0,0,NO_APLICA
ft_sal_003231,SIN_MATCH,0.0,SIN_CANDIDATO_DE_CONTACTO,0.0,SIN_CANDIDATO_DE_CONTACTO,0,SIN_MATCH,SIN_MATCH,False,SIN_MATCH,0.0,SIN_MATCH,0.0,0.0,0.0,0.0,0.0,0.0,0.0,0.0,0,NO_APLICA
ft_sal_003232,SIN_MATCH,0.0,SIN_CANDIDATO_DE_CONTACTO,0.0,SIN_CANDIDATO_DE_CONTACTO,0,SIN_MATCH,SIN_MATCH,False,SIN_MATCH,0.0,SIN_MATCH,0.0,0.0,0.0,0.0,0.0,0.0,0.0,0.0,0,NO_APLICA
ft_sal_003235,SIN_MATCH,0.0,SIN_CANDIDATO_DE_CONTACTO,0.0,SIN_CANDIDATO_DE_CONTACTO,0,SIN_MATCH,SIN_MATCH,False,SIN_MATCH,0.0,SIN_MATCH,0.0,0.0,0.0,0.0,0.0,0.0,0.0,0.0,0,NO_APLICA
ft_sal_003239,SIN_MATCH,0.0,SIN_CANDIDATO_DE_CONTACTO,0.0,SIN_CANDIDATO_DE_CONTACTO,0,SIN_MATCH,SIN_MATCH,False,SIN_MATCH,0.0,SIN_MATCH,0.0,0.0,0.0,0.0,0.0,0.0,0.0,0.0,0,NO_APLICA
ft_sal_003240,SIN_MATCH,0.0,SIN_CANDIDATO_DE_CONTACTO,0.0,SIN_CANDIDATO_DE_CONTACTO,0,SIN_MATCH,SIN_MATCH,False,SIN_MATCH,0.0,SIN_MATCH,0.0,0.0,0.0,0.0,0.0,0.0,0.0,0.0,0,NO_APLICA
ft_sal_003245,SIN_MATCH,0.0,SIN_CANDIDATO_DE_CONTACTO,0.0,SIN_CANDIDATO_DE_CONTACTO,0,SIN_MATCH,SIN_MATCH,False,SIN_MATCH,0.0,SIN_MATCH,0.0,0.0,0.0,0.0,0.0,0.0,0.0,0.0,0,NO_APLICA
ft_sal_003246,SIN_MATCH,0.0,SIN_CANDIDATO_DE_CONTACTO,0.0,SIN_CANDIDATO_DE_CONTACTO,0,SIN_MATCH,SIN_MATCH,False,SIN_MATCH,0.0,SIN_MATCH,0.0,0.0,0.0,0.0,0.0,0.0,0.0,0.0,0,NO_APLICA
ft_sal_003247,SIN_MATCH,0.0,SIN_CANDIDATO_DE_CONTACTO,0.0,SIN_CANDIDATO_DE_CONTACTO,0,SIN_MATCH,SIN_MATCH,False,SIN_MATCH,0.0,SIN_MATCH,0.0,0.0,0.0,0.0,0.0,0.0,0.0,0.0,0,NO_APLICA
ft_sal_003250,SIN_MATCH,0.0,SIN_CANDIDATO_DE_CONTACTO,0.0,SIN_CANDIDATO_DE_CONTACTO,0,SIN_MATCH,SIN_MATCH,False,SIN_MATCH,0.0,SIN_MATCH,0.0,0.0,0.0,0.0,0.0,0.0,0.0,0.0,0,NO_APLICA
ft_sal_003252,SIN_MATCH,0.0,SIN_CANDIDATO_DE_CONTACTO,0.0,SIN_CANDIDATO_DE_CONTACTO,0,SIN_MATCH,SIN_MATCH,False,SIN_MATCH,0.0,SIN_MATCH,0.0,0.0,0.0,0.0,0.0,0.0,0.0,0.0,0,NO_APLICA
ft_sal_003254,SIN_MATCH,0.0,SIN_CANDIDATO_DE_CONTACTO,0.0,SIN_CANDIDATO_DE_CONTACTO,0,SIN_MATCH,SIN_MATCH,False,SIN_MATCH,0.0,SIN_MATCH,0.0,0.0,0.0,0.0,0.0,0.0,0.0,0.0,0,NO_APLICA
ft_sal_003257,SIN_MATCH,0.0,SIN_CANDIDATO_DE_CONTACTO,0.0,SIN_CANDIDATO_DE_CONTACTO,0,SIN_MATCH,SIN_MATCH,False,SIN_MATCH,0.0,SIN_MATCH,0.0,0.0,0.0,0.0,0.0,0.0,0.0,0.0,0,NO_APLICA
ft_sal_003260,SIN_MATCH,0.0,SIN_CANDIDATO_DE_CONTACTO,0.0,SIN_CANDIDATO_DE_CONTACTO,0,SIN_MATCH,SIN_MATCH,False,SIN_MATCH,0.0,SIN_MATCH,0.0,0.0,0.0,0.0,0.0,0.0,0.0,0.0,0,NO_APLICA
ft_sal_003261,SIN_MATCH,0.0,SIN_CANDIDATO_DE_CONTACTO,0.0,SIN_CANDIDATO_DE_CONTACTO,0,SIN_MATCH,SIN_MATCH,False,SIN_MATCH,0.0,SIN_MATCH,0.0,0.0,0.0,0.0,0.0,0.0,0.0,0.0,0,NO_APLICA
ft_sal_003263,SIN_MATCH,0.0,SIN_CANDIDATO_DE_CONTACTO,0.0,SIN_CANDIDATO_DE_CONTACTO,0,SIN_MATCH,SIN_MATCH,False,SIN_MATCH,0.0,SIN_MATCH,0.0,0.0,0.0,0.0,0.0,0.0,0.0,0.0,0,NO_APLICA
ft_sal_003264,SIN_MATCH,0.0,SIN_CANDIDATO_DE_CONTACTO,0.0,SIN_CANDIDATO_DE_CONTACTO,0,SIN_MATCH,SIN_MATCH,False,SIN_MATCH,0.0,SIN_MATCH,0.0,0.0,0.0,0.0,0.0,0.0,0.0,0.0,0,NO_APLICA
ft_sal_003267,SIN_MATCH,0.0,SIN_CANDIDATO_DE_CONTACTO,0.0,SIN_CANDIDATO_DE_CONTACTO,0,SIN_MATCH,SIN_MATCH,False,SIN_MATCH,0.0,SIN_MATCH,0.0,0.0,0.0,0.0,0.0,0.0,0.0,0.0,0,NO_APLICA
ft_sal_003269,SIN_MATCH,0.0,SIN_CANDIDATO_DE_CONTACTO,0.0,SIN_CANDIDATO_DE_CONTACTO,0,SIN_MATCH,SIN_MATCH,False,SIN_MATCH,0.0,SIN_MATCH,0.0,0.0,0.0,0.0,0.0,0.0,0.0,0.0,0,NO_APLICA
ft_sal_003273,SIN_MATCH,0.0,SIN_CANDIDATO_DE_CONTACTO,0.0,SIN_CANDIDATO_DE_CONTACTO,0,SIN_MATCH,SIN_MATCH,False,SIN_MATCH,0.0,SIN_MATCH,0.0,0.0,0.0,0.0,0.0,0.0,0.0,0.0,0,NO_APLICA
ft_sal_003278,SIN_MATCH,0.0,SIN_CANDIDATO_DE_CONTACTO,0.0,SIN_CANDIDATO_DE_CONTACTO,0,SIN_MATCH,SIN_MATCH,False,SIN_MATCH,0.0,SIN_MATCH,0.0,0.0,0.0,0.0,0.0,0.0,0.0,0.0,0,NO_APLICA
ft_sal_003283,SIN_MATCH,0.0,SIN_CANDIDATO_DE_CONTACTO,0.0,SIN_CANDIDATO_DE_CONTACTO,0,SIN_MATCH,SIN_MATCH,False,SIN_MATCH,0.0,SIN_MATCH,0.0,0.0,0.0,0.0,0.0,0.0,0.0,0.0,0,NO_APLICA
ft_sal_003290,SIN_MATCH,0.0,SIN_CANDIDATO_DE_CONTACTO,0.0,SIN_CANDIDATO_DE_CONTACTO,0,SIN_MATCH,SIN_MATCH,False,SIN_MATCH,0.0,SIN_MATCH,0.0,0.0,0.0,0.0,0.0,0.0,0.0,0.0,0,NO_APLICA
ft_sal_003292,SIN_MATCH,0.0,SIN_CANDIDATO_DE_CONTACTO,0.0,SIN_CANDIDATO_DE_CONTACTO,0,SIN_MATCH,SIN_MATCH,False,SIN_MATCH,0.0,SIN_MATCH,0.0,0.0,0.0,0.0,0.0,0.0,0.0,0.0,0,NO_APLICA
ft_sal_003293,SIN_MATCH,0.0,SIN_CANDIDATO_DE_CONTACTO,0.0,SIN_CANDIDATO_DE_CONTACTO,0,SIN_MATCH,SIN_MATCH,False,SIN_MATCH,0.0,SIN_MATCH,0.0,0.0,0.0,0.0,0.0,0.0,0.0,0.0,0,NO_APLICA
ft_sal_003294,SIN_MATCH,0.0,SIN_CANDIDATO_DE_CONTACTO,0.0,SIN_CANDIDATO_DE_CONTACTO,0,SIN_MATCH,SIN_MATCH,False,SIN_MATCH,0.0,SIN_MATCH,0.0,0.0,0.0,0.0,0.0,0.0,0.0,0.0,0,NO_APLICA
ft_sal_003295,SIN_MATCH,0.0,SIN_CANDIDATO_DE_CONTACTO,0.0,SIN_CANDIDATO_DE_CONTACTO,0,SIN_MATCH,SIN_MATCH,False,SIN_MATCH,0.0,SIN_MATCH,0.0,0.0,0.0,0.0,0.0,0.0,0.0,0.0,0,NO_APLICA
ft_sal_003296,SIN_MATCH,0.0,EVIDENCIA_INSUFICIENTE,0.0,EVIDENCIA_INSUFICIENTE,2,bm_usr_002373,bm_usr_001943,True,bm_usr_001943,0.58,bm_usr_002373,0.58,1.0,0.0,0.3333,0.0,0.0,1.0,0.3571,0,NO_APLICA
ft_sal_003300,SIN_MATCH,0.0,SIN_CANDIDATO_DE_CONTACTO,0.0,SIN_CANDIDATO_DE_CONTACTO,0,SIN_MATCH,SIN_MATCH,False,SIN_MATCH,0.0,SIN_MATCH,0.0,0.0,0.0,0.0,0.0,0.0,0.0,0.0,0,NO_APLICA
ft_sal_003303,SIN_MATCH,0.0,SIN_CANDIDATO_DE_CONTACTO,0.0,SIN_CANDIDATO_DE_CONTACTO,0,SIN_MATCH,SIN_MATCH,False,SIN_MATCH,0.0,SIN_MATCH,0.0,0.0,0.0,0.0,0.0,0.0,0.0,0.0,0,NO_APLICA
ft_sal_003307,SIN_MATCH,0.0,SIN_CANDIDATO_DE_CONTACTO,0.0,SIN_CANDIDATO_DE_CONTACTO,0,SIN_MATCH,SIN_MATCH,False,SIN_MATCH,0.0,SIN_MATCH,0.0,0.0,0.0,0.0,0.0,0.0,0.0,0.0,0,NO_APLICA
ft_sal_003308,SIN_MATCH,0.0,SIN_CANDIDATO_DE_CONTACTO,0.0,SIN_CANDIDATO_DE_CONTACTO,0,SIN_MATCH,SIN_MATCH,False,SIN_MATCH,0.0,SIN_MATCH,0.0,0.0,0.0,0.0,0.0,0.0,0.0,0.0,0,NO_APLICA
ft_sal_003309,SIN_MATCH,0.0,SIN_CANDIDATO_DE_CONTACTO,0.0,SIN_CANDIDATO_DE_CONTACTO,0,SIN_MATCH,SIN_MATCH,False,SIN_MATCH,0.0,SIN_MATCH,0.0,0.0,0.0,0.0,0.0,0.0,0.0,0.0,0,NO_APLICA
ft_sal_003310,SIN_MATCH,0.0,SIN_CANDIDATO_DE_CONTACTO,0.0,SIN_CANDIDATO_DE_CONTACTO,0,SIN_MATCH,SIN_MATCH,False,SIN_MATCH,0.0,SIN_MATCH,0.0,0.0,0.0,0.0,0.0,0.0,0.0,0.0,0,NO_APLICA
ft_sal_003311,SIN_MATCH,0.0,SIN_CANDIDATO_DE_CONTACTO,0.0,SIN_CANDIDATO_DE_CONTACTO,0,SIN_MATCH,SIN_MATCH,False,SIN_MATCH,0.0,SIN_MATCH,0.0,0.0,0.0,0.0,0.0,0.0,0.0,0.0,0,NO_APLICA
ft_sal_003313,SIN_MATCH,0.0,AMBIGUO,0.0,AMBIGUO,2,bm_usr_001686,SIN_MATCH,False,bm_usr_001686,0.91,bm_usr_000743,0.86,0.9,0.0,0.84,0.05,1.0,0.0,0.84,0,NO_APLICA
ft_sal_003314,SIN_MATCH,0.0,SIN_CANDIDATO_DE_CONTACTO,0.0,SIN_CANDIDATO_DE_CONTACTO,0,SIN_MATCH,SIN_MATCH,False,SIN_MATCH,0.0,SIN_MATCH,0.0,0.0,0.0,0.0,0.0,0.0,0.0,0.0,0,NO_APLICA
ft_sal_003316,SIN_MATCH,0.0,SIN_CANDIDATO_DE_CONTACTO,0.0,SIN_CANDIDATO_DE_CONTACTO,0,SIN_MATCH,SIN_MATCH,False,SIN_MATCH,0.0,SIN_MATCH,0.0,0.0,0.0,0.0,0.0,0.0,0.0,0.0,0,NO_APLICA
ft_sal_003319,SIN_MATCH,0.0,SIN_CANDIDATO_DE_CONTACTO,0.0,SIN_CANDIDATO_DE_CONTACTO,0,SIN_MATCH,SIN_MATCH,False,SIN_MATCH,0.0,SIN_MATCH,0.0,0.0,0.0,0.0,0.0,0.0,0.0,0.0,0,NO_APLICA
ft_sal_003320,SIN_MATCH,0.0,SIN_CANDIDATO_DE_CONTACTO,0.0,SIN_CANDIDATO_DE_CONTACTO,0,SIN_MATCH,SIN_MATCH,False,SIN_MATCH,0.0,SIN_MATCH,0.0,0.0,0.0,0.0,0.0,0.0,0.0,0.0,0,NO_APLICA
ft_sal_003321,SIN_MATCH,0.0,SIN_CANDIDATO_DE_CONTACTO,0.0,SIN_CANDIDATO_DE_CONTACTO,0,SIN_MATCH,SIN_MATCH,False,SIN_MATCH,0.0,SIN_MATCH,0.0,0.0,0.0,0.0,0.0,0.0,0.0,0.0,0,NO_APLICA
ft_sal_003323,SIN_MATCH,0.0,SIN_CANDIDATO_DE_CONTACTO,0.0,SIN_CANDIDATO_DE_CONTACTO,0,SIN_MATCH,SIN_MATCH,False,SIN_MATCH,0.0,SIN_MATCH,0.0,0.0,0.0,0.0,0.0,0.0,0.0,0.0,0,NO_APLICA
ft_sal_003328,SIN_MATCH,0.0,SIN_CANDIDATO_DE_CONTACTO,0.0,SIN_CANDIDATO_DE_CONTACTO,0,SIN_MATCH,SIN_MATCH,False,SIN_MATCH,0.0,SIN_MATCH,0.0,0.0,0.0,0.0,0.0,0.0,0.0,0.0,0,NO_APLICA
ft_sal_003329,SIN_MATCH,0.0,SIN_CANDIDATO_DE_CONTACTO,0.0,SIN_CANDIDATO_DE_CONTACTO,0,SIN_MATCH,SIN_MATCH,False,SIN_MATCH,0.0,SIN_MATCH,0.0,0.0,0.0,0.0,0.0,0.0,0.0,0.0,0,NO_APLICA
ft_sal_003330,SIN_MATCH,0.0,SIN_CANDIDATO_DE_CONTACTO,0.0,SIN_CANDIDATO_DE_CONTACTO,0,SIN_MATCH,SIN_MATCH,False,SIN_MATCH,0.0,SIN_MATCH,0.0,0.0,0.0,0.0,0.0,0.0,0.0,0.0,0,NO_APLICA
ft_sal_003331,SIN_MATCH,0.0,SIN_CANDIDATO_DE_CONTACTO,0.0,SIN_CANDIDATO_DE_CONTACTO,0,SIN_MATCH,SIN_MATCH,False,SIN_MATCH,0.0,SIN_MATCH,0.0,0.0,0.0,0.0,0.0,0.0,0.0,0.0,0,NO_APLICA
ft_sal_003333,SIN_MATCH,0.0,SIN_CANDIDATO_DE_CONTACTO,0.0,SIN_CANDIDATO_DE_CONTACTO,0,SIN_MATCH,SIN_MATCH,False,SIN_MATCH,0.0,SIN_MATCH,0.0,0.0,0.0,0.0,0.0,0.0,0.0,0.0,0,NO_APLICA
ft_sal_003334,SIN_MATCH,0.0,SIN_CANDIDATO_DE_CONTACTO,0.0,SIN_CANDIDATO_DE_CONTACTO,0,SIN_MATCH,SIN_MATCH,False,SIN_MATCH,0.0,SIN_MATCH,0.0,0.0,0.0,0.0,0.0,0.0,0.0,0.0,0,NO_APLICA
ft_sal_003335,SIN_MATCH,0.0,SIN_CANDIDATO_DE_CONTACTO,0.0,SIN_CANDIDATO_DE_CONTACTO,0,SIN_MATCH,SIN_MATCH,False,SIN_MATCH,0.0,SIN_MATCH,0.0,0.0,0.0,0.0,0.0,0.0,0.0,0.0,0,NO_APLICA
ft_sal_003336,SIN_MATCH,0.0,SIN_CANDIDATO_DE_CONTACTO,0.0,SIN_CANDIDATO_DE_CONTACTO,0,SIN_MATCH,SIN_MATCH,False,SIN_MATCH,0.0,SIN_MATCH,0.0,0.0,0.0,0.0,0.0,0.0,0.0,0.0,0,NO_APLICA
ft_sal_003337,SIN_MATCH,0.0,SIN_CANDIDATO_DE_CONTACTO,0.0,SIN_CANDIDATO_DE_CONTACTO,0,SIN_MATCH,SIN_MATCH,False,SIN_MATCH,0.0,SIN_MATCH,0.0,0.0,0.0,0.0,0.0,0.0,0.0,0.0,0,NO_APLICA
ft_sal_003338,SIN_MATCH,0.0,SIN_CANDIDATO_DE_CONTACTO,0.0,SIN_CANDIDATO_DE_CONTACTO,0,SIN_MATCH,SIN_MATCH,False,SIN_MATCH,0.0,SIN_MATCH,0.0,0.0,0.0,0.0,0.0,0.0,0.0,0.0,0,NO_APLICA
ft_sal_003340,SIN_MATCH,0.0,SIN_CANDIDATO_DE_CONTACTO,0.0,SIN_CANDIDATO_DE_CONTACTO,0,SIN_MATCH,SIN_MATCH,False,SIN_MATCH,0.0,SIN_MATCH,0.0,0.0,0.0,0.0,0.0,0.0,0.0,0.0,0,NO_APLICA
ft_sal_003341,SIN_MATCH,0.0,SIN_CANDIDATO_DE_CONTACTO,0.0,SIN_CANDIDATO_DE_CONTACTO,0,SIN_MATCH,SIN_MATCH,False,SIN_MATCH,0.0,SIN_MATCH,0.0,0.0,0.0,0.0,0.0,0.0,0.0,0.0,0,NO_APLICA
ft_sal_003351,SIN_MATCH,0.0,SIN_CANDIDATO_DE_CONTACTO,0.0,SIN_CANDIDATO_DE_CONTACTO,0,SIN_MATCH,SIN_MATCH,False,SIN_MATCH,0.0,SIN_MATCH,0.0,0.0,0.0,0.0,0.0,0.0,0.0,0.0,0,NO_APLICA
ft_sal_003358,SIN_MATCH,0.0,SIN_CANDIDATO_DE_CONTACTO,0.0,SIN_CANDIDATO_DE_CONTACTO,0,SIN_MATCH,SIN_MATCH,False,SIN_MATCH,0.0,SIN_MATCH,0.0,0.0,0.0,0.0,0.0,0.0,0.0,0.0,0,NO_APLICA
ft_sal_003371,SIN_MATCH,0.0,SIN_CANDIDATO_DE_CONTACTO,0.0,SIN_CANDIDATO_DE_CONTACTO,0,SIN_MATCH,SIN_MATCH,False,SIN_MATCH,0.0,SIN_MATCH,0.0,0.0,0.0,0.0,0.0,0.0,0.0,0.0,0,NO_APLICA
ft_sal_003373,SIN_MATCH,0.0,SIN_CANDIDATO_DE_CONTACTO,0.0,SIN_CANDIDATO_DE_CONTACTO,0,SIN_MATCH,SIN_MATCH,False,SIN_MATCH,0.0,SIN_MATCH,0.0,0.0,0.0,0.0,0.0,0.0,0.0,0.0,0,NO_APLICA
ft_sal_003378,SIN_MATCH,0.0,SIN_CANDIDATO_DE_CONTACTO,0.0,SIN_CANDIDATO_DE_CONTACTO,0,SIN_MATCH,SIN_MATCH,False,SIN_MATCH,0.0,SIN_MATCH,0.0,0.0,0.0,0.0,0.0,0.0,0.0,0.0,0,NO_APLICA
ft_sal_003379,SIN_MATCH,0.0,EVIDENCIA_INSUFICIENTE,0.0,EVIDENCIA_INSUFICIENTE,1,SIN_MATCH,bm_usr_001006,False,bm_usr_001006,0.58,SIN_MATCH,0.0,0.0,0.0,0.0,0.58,0.0,1.0,0.24,0,NO_APLICA
ft_sal_003381,SIN_MATCH,0.0,SIN_CANDIDATO_DE_CONTACTO,0.0,SIN_CANDIDATO_DE_CONTACTO,0,SIN_MATCH,SIN_MATCH,False,SIN_MATCH,0.0,SIN_MATCH,0.0,0.0,0.0,0.0,0.0,0.0,0.0,0.0,0,NO_APLICA
ft_sal_003383,SIN_MATCH,0.0,SIN_CANDIDATO_DE_CONTACTO,0.0,SIN_CANDIDATO_DE_CONTACTO,0,SIN_MATCH,SIN_MATCH,False,SIN_MATCH,0.0,SIN_MATCH,0.0,0.0,0.0,0.0,0.0,0.0,0.0,0.0,0,NO_APLICA
ft_sal_003389,SIN_MATCH,0.0,SIN_CANDIDATO_DE_CONTACTO,0.0,SIN_CANDIDATO_DE_CONTACTO,0,SIN_MATCH,SIN_MATCH,False,SIN_MATCH,0.0,SIN_MATCH,0.0,0.0,0.0,0.0,0.0,0.0,0.0,0.0,0,NO_APLICA
ft_sal_003393,SIN_MATCH,0.0,SIN_CANDIDATO_DE_CONTACTO,0.0,SIN_CANDIDATO_DE_CONTACTO,0,SIN_MATCH,SIN_MATCH,False,SIN_MATCH,0.0,SIN_MATCH,0.0,0.0,0.0,0.0,0.0,0.0,0.0,0.0,0,NO_APLICA
ft_sal_003394,SIN_MATCH,0.0,SIN_CANDIDATO_DE_CONTACTO,0.0,SIN_CANDIDATO_DE_CONTACTO,0,SIN_MATCH,SIN_MATCH,False,SIN_MATCH,0.0,SIN_MATCH,0.0,0.0,0.0,0.0,0.0,0.0,0.0,0.0,0,NO_APLICA
ft_sal_003396,SIN_MATCH,0.0,SIN_CANDIDATO_DE_CONTACTO,0.0,SIN_CANDIDATO_DE_CONTACTO,0,SIN_MATCH,SIN_MATCH,False,SIN_MATCH,0.0,SIN_MATCH,0.0,0.0,0.0,0.0,0.0,0.0,0.0,0.0,0,NO_APLICA
ft_sal_003404,SIN_MATCH,0.0,SIN_CANDIDATO_DE_CONTACTO,0.0,SIN_CANDIDATO_DE_CONTACTO,0,SIN_MATCH,SIN_MATCH,False,SIN_MATCH,0.0,SIN_MATCH,0.0,0.0,0.0,0.0,0.0,0.0,0.0,0.0,0,NO_APLICA
ft_sal_003410,SIN_MATCH,0.0,SIN_CANDIDATO_DE_CONTACTO,0.0,SIN_CANDIDATO_DE_CONTACTO,0,SIN_MATCH,SIN_MATCH,False,SIN_MATCH,0.0,SIN_MATCH,0.0,0.0,0.0,0.0,0.0,0.0,0.0,0.0,0,NO_APLICA
ft_sal_003412,SIN_MATCH,0.0,SIN_CANDIDATO_DE_CONTACTO,0.0,SIN_CANDIDATO_DE_CONTACTO,0,SIN_MATCH,SIN_MATCH,False,SIN_MATCH,0.0,SIN_MATCH,0.0,0.0,0.0,0.0,0.0,0.0,0.0,0.0,0,NO_APLICA
ft_sal_003414,SIN_MATCH,0.0,SIN_CANDIDATO_DE_CONTACTO,0.0,SIN_CANDIDATO_DE_CONTACTO,0,SIN_MATCH,SIN_MATCH,False,SIN_MATCH,0.0,SIN_MATCH,0.0,0.0,0.0,0.0,0.0,0.0,0.0,0.0,0,NO_APLICA
ft_sal_003415,SIN_MATCH,0.0,SIN_CANDIDATO_DE_CONTACTO,0.0,SIN_CANDIDATO_DE_CONTACTO,0,SIN_MATCH,SIN_MATCH,False,SIN_MATCH,0.0,SIN_MATCH,0.0,0.0,0.0,0.0,0.0,0.0,0.0,0.0,0,NO_APLICA
ft_sal_003418,SIN_MATCH,0.0,SIN_CANDIDATO_DE_CONTACTO,0.0,SIN_CANDIDATO_DE_CONTACTO,0,SIN_MATCH,SIN_MATCH,False,SIN_MATCH,0.0,SIN_MATCH,0.0,0.0,0.0,0.0,0.0,0.0,0.0,0.0,0,NO_APLICA
ft_sal_003421,SIN_MATCH,0.0,SIN_CANDIDATO_DE_CONTACTO,0.0,SIN_CANDIDATO_DE_CONTACTO,0,SIN_MATCH,SIN_MATCH,False,SIN_MATCH,0.0,SIN_MATCH,0.0,0.0,0.0,0.0,0.0,0.0,0.0,0.0,0,NO_APLICA
ft_sal_003423,SIN_MATCH,0.0,SIN_CANDIDATO_DE_CONTACTO,0.0,SIN_CANDIDATO_DE_CONTACTO,0,SIN_MATCH,SIN_MATCH,False,SIN_MATCH,0.0,SIN_MATCH,0.0,0.0,0.0,0.0,0.0,0.0,0.0,0.0,0,NO_APLICA
ft_sal_003425,SIN_MATCH,0.0,SIN_CANDIDATO_DE_CONTACTO,0.0,SIN_CANDIDATO_DE_CONTACTO,0,SIN_MATCH,SIN_MATCH,False,SIN_MATCH,0.0,SIN_MATCH,0.0,0.0,0.0,0.0,0.0,0.0,0.0,0.0,0,NO_APLICA
ft_sal_003426,SIN_MATCH,0.0,SIN_CANDIDATO_DE_CONTACTO,0.0,SIN_CANDIDATO_DE_CONTACTO,0,SIN_MATCH,SIN_MATCH,False,SIN_MATCH,0.0,SIN_MATCH,0.0,0.0,0.0,0.0,0.0,0.0,0.0,0.0,0,NO_APLICA
ft_sal_003429,SIN_MATCH,0.0,SIN_CANDIDATO_DE_CONTACTO,0.0,SIN_CANDIDATO_DE_CONTACTO,0,SIN_MATCH,SIN_MATCH,False,SIN_MATCH,0.0,SIN_MATCH,0.0,0.0,0.0,0.0,0.0,0.0,0.0,0.0,0,NO_APLICA
ft_sal_003434,SIN_MATCH,0.0,SIN_CANDIDATO_DE_CONTACTO,0.0,SIN_CANDIDATO_DE_CONTACTO,0,SIN_MATCH,SIN_MATCH,False,SIN_MATCH,0.0,SIN_MATCH,0.0,0.0,0.0,0.0,0.0,0.0,0.0,0.0,0,NO_APLICA
ft_sal_003435,SIN_MATCH,0.0,SIN_CANDIDATO_DE_CONTACTO,0.0,SIN_CANDIDATO_DE_CONTACTO,0,SIN_MATCH,SIN_MATCH,False,SIN_MATCH,0.0,SIN_MATCH,0.0,0.0,0.0,0.0,0.0,0.0,0.0,0.0,0,NO_APLICA
ft_sal_003439,SIN_MATCH,0.0,SIN_CANDIDATO_DE_CONTACTO,0.0,SIN_CANDIDATO_DE_CONTACTO,0,SIN_MATCH,SIN_MATCH,False,SIN_MATCH,0.0,SIN_MATCH,0.0,0.0,0.0,0.0,0.0,0.0,0.0,0.0,0,NO_APLICA
ft_sal_003441,SIN_MATCH,0.0,SIN_CANDIDATO_DE_CONTACTO,0.0,SIN_CANDIDATO_DE_CONTACTO,0,SIN_MATCH,SIN_MATCH,False,SIN_MATCH,0.0,SIN_MATCH,0.0,0.0,0.0,0.0,0.0,0.0,0.0,0.0,0,NO_APLICA
ft_sal_003458,SIN_MATCH,0.0,SIN_CANDIDATO_DE_CONTACTO,0.0,SIN_CANDIDATO_DE_CONTACTO,0,SIN_MATCH,SIN_MATCH,False,SIN_MATCH,0.0,SIN_MATCH,0.0,0.0,0.0,0.0,0.0,0.0,0.0,0.0,0,NO_APLICA
ft_sal_003462,SIN_MATCH,0.0,SIN_CANDIDATO_DE_CONTACTO,0.0,SIN_CANDIDATO_DE_CONTACTO,0,SIN_MATCH,SIN_MATCH,False,SIN_MATCH,0.0,SIN_MATCH,0.0,0.0,0.0,0.0,0.0,0.0,0.0,0.0,0,NO_APLICA
ft_sal_003463,SIN_MATCH,0.0,SIN_CANDIDATO_DE_CONTACTO,0.0,SIN_CANDIDATO_DE_CONTACTO,0,SIN_MATCH,SIN_MATCH,False,SIN_MATCH,0.0,SIN_MATCH,0.0,0.0,0.0,0.0,0.0,0.0,0.0,0.0,0,NO_APLICA
ft_sal_003466,SIN_MATCH,0.0,SIN_CANDIDATO_DE_CONTACTO,0.0,SIN_CANDIDATO_DE_CONTACTO,0,SIN_MATCH,SIN_MATCH,False,SIN_MATCH,0.0,SIN_MATCH,0.0,0.0,0.0,0.0,0.0,0.0,0.0,0.0,0,NO_APLICA
ft_sal_003469,SIN_MATCH,0.0,SIN_CANDIDATO_DE_CONTACTO,0.0,SIN_CANDIDATO_DE_CONTACTO,0,SIN_MATCH,SIN_MATCH,False,SIN_MATCH,0.0,SIN_MATCH,0.0,0.0,0.0,0.0,0.0,0.0,0.0,0.0,0,NO_APLICA
ft_sal_003470,SIN_MATCH,0.0,SIN_CANDIDATO_DE_CONTACTO,0.0,SIN_CANDIDATO_DE_CONTACTO,0,SIN_MATCH,SIN_MATCH,False,SIN_MATCH,0.0,SIN_MATCH,0.0,0.0,0.0,0.0,0.0,0.0,0.0,0.0,0,NO_APLICA
ft_sal_003472,SIN_MATCH,0.0,SIN_CANDIDATO_DE_CONTACTO,0.0,SIN_CANDIDATO_DE_CONTACTO,0,SIN_MATCH,SIN_MATCH,False,SIN_MATCH,0.0,SIN_MATCH,0.0,0.0,0.0,0.0,0.0,0.0,0.0,0.0,0,NO_APLICA
ft_sal_003475,SIN_MATCH,0.0,SIN_CANDIDATO_DE_CONTACTO,0.0,SIN_CANDIDATO_DE_CONTACTO,0,SIN_MATCH,SIN_MATCH,False,SIN_MATCH,0.0,SIN_MATCH,0.0,0.0,0.0,0.0,0.0,0.0,0.0,0.0,0,NO_APLICA
ft_sal_003476,SIN_MATCH,0.0,SIN_CANDIDATO_DE_CONTACTO,0.0,SIN_CANDIDATO_DE_CONTACTO,0,SIN_MATCH,SIN_MATCH,False,SIN_MATCH,0.0,SIN_MATCH,0.0,0.0,0.0,0.0,0.0,0.0,0.0,0.0,0,NO_APLICA
ft_sal_003477,SIN_MATCH,0.0,SIN_CANDIDATO_DE_CONTACTO,0.0,SIN_CANDIDATO_DE_CONTACTO,0,SIN_MATCH,SIN_MATCH,False,SIN_MATCH,0.0,SIN_MATCH,0.0,0.0,0.0,0.0,0.0,0.0,0.0,0.0,0,NO_APLICA
ft_sal_003482,SIN_MATCH,0.0,SIN_CANDIDATO_DE_CONTACTO,0.0,SIN_CANDIDATO_DE_CONTACTO,0,SIN_MATCH,SIN_MATCH,False,SIN_MATCH,0.0,SIN_MATCH,0.0,0.0,0.0,0.0,0.0,0.0,0.0,0.0,0,NO_APLICA
ft_sal_003485,SIN_MATCH,0.0,AMBIGUO,0.0,AMBIGUO,2,bm_usr_001266,bm_usr_002272,True,bm_usr_002272,0.96,bm_usr_001266,0.96,1.0,0.0,1.0,0.0,0.0,1.0,1.0,2,ALIAS_CONTRADICTORIOS
ft_sal_003486,SIN_MATCH,0.0,SIN_CANDIDATO_DE_CONTACTO,0.0,SIN_CANDIDATO_DE_CONTACTO,0,SIN_MATCH,SIN_MATCH,False,SIN_MATCH,0.0,SIN_MATCH,0.0,0.0,0.0,0.0,0.0,0.0,0.0,0.0,0,NO_APLICA
ft_sal_003487,SIN_MATCH,0.0,SIN_CANDIDATO_DE_CONTACTO,0.0,SIN_CANDIDATO_DE_CONTACTO,0,SIN_MATCH,SIN_MATCH,False,SIN_MATCH,0.0,SIN_MATCH,0.0,0.0,0.0,0.0,0.0,0.0,0.0,0.0,0,NO_APLICA
ft_sal_003489,SIN_MATCH,0.0,SIN_CANDIDATO_DE_CONTACTO,0.0,SIN_CANDIDATO_DE_CONTACTO,0,SIN_MATCH,SIN_MATCH,False,SIN_MATCH,0.0,SIN_MATCH,0.0,0.0,0.0,0.0,0.0,0.0,0.0,0.0,0,NO_APLICA
ft_sal_003491,SIN_MATCH,0.0,SIN_CANDIDATO_DE_CONTACTO,0.0,SIN_CANDIDATO_DE_CONTACTO,0,SIN_MATCH,SIN_MATCH,False,SIN_MATCH,0.0,SIN_MATCH,0.0,0.0,0.0,0.0,0.0,0.0,0.0,0.0,0,NO_APLICA
ft_sal_003495,SIN_MATCH,0.0,SIN_CANDIDATO_DE_CONTACTO,0.0,SIN_CANDIDATO_DE_CONTACTO,0,SIN_MATCH,SIN_MATCH,False,SIN_MATCH,0.0,SIN_MATCH,0.0,0.0,0.0,0.0,0.0,0.0,0.0,0.0,0,NO_APLICA
ft_sal_003498,SIN_MATCH,0.0,SIN_CANDIDATO_DE_CONTACTO,0.0,SIN_CANDIDATO_DE_CONTACTO,0,SIN_MATCH,SIN_MATCH,False,SIN_MATCH,0.0,SIN_MATCH,0.0,0.0,0.0,0.0,0.0,0.0,0.0,0.0,0,NO_APLICA
ft_sal_003499,SIN_MATCH,0.0,SIN_CANDIDATO_DE_CONTACTO,0.0,SIN_CANDIDATO_DE_CONTACTO,0,SIN_MATCH,SIN_MATCH,False,SIN_MATCH,0.0,SIN_MATCH,0.0,0.0,0.0,0.0,0.0,0.0,0.0,0.0,0,NO_APLICA
ft_sal_003500,SIN_MATCH,0.0,SIN_CANDIDATO_DE_CONTACTO,0.0,SIN_CANDIDATO_DE_CONTACTO,0,SIN_MATCH,SIN_MATCH,False,SIN_MATCH,0.0,SIN_MATCH,0.0,0.0,0.0,0.0,0.0,0.0,0.0,0.0,0,NO_APLICA
ft_sal_003502,SIN_MATCH,0.0,SIN_CANDIDATO_DE_CONTACTO,0.0,SIN_CANDIDATO_DE_CONTACTO,0,SIN_MATCH,SIN_MATCH,False,SIN_MATCH,0.0,SIN_MATCH,0.0,0.0,0.0,0.0,0.0,0.0,0.0,0.0,0,NO_APLICA
ft_sal_003505,SIN_MATCH,0.0,SIN_CANDIDATO_DE_CONTACTO,0.0,SIN_CANDIDATO_DE_CONTACTO,0,SIN_MATCH,SIN_MATCH,False,SIN_MATCH,0.0,SIN_MATCH,0.0,0.0,0.0,0.0,0.0,0.0,0.0,0.0,0,NO_APLICA
ft_sal_003506,SIN_MATCH,0.0,SIN_CANDIDATO_DE_CONTACTO,0.0,SIN_CANDIDATO_DE_CONTACTO,0,SIN_MATCH,SIN_MATCH,False,SIN_MATCH,0.0,SIN_MATCH,0.0,0.0,0.0,0.0,0.0,0.0,0.0,0.0,0,NO_APLICA
ft_sal_003508,SIN_MATCH,0.0,SIN_CANDIDATO_DE_CONTACTO,0.0,SIN_CANDIDATO_DE_CONTACTO,0,SIN_MATCH,SIN_MATCH,False,SIN_MATCH,0.0,SIN_MATCH,0.0,0.0,0.0,0.0,0.0,0.0,0.0,0.0,0,NO_APLICA
ft_sal_003514,SIN_MATCH,0.0,SIN_CANDIDATO_DE_CONTACTO,0.0,SIN_CANDIDATO_DE_CONTACTO,0,SIN_MATCH,SIN_MATCH,False,SIN_MATCH,0.0,SIN_MATCH,0.0,0.0,0.0,0.0,0.0,0.0,0.0,0.0,0,NO_APLICA
ft_sal_003516,SIN_MATCH,0.0,SIN_CANDIDATO_DE_CONTACTO,0.0,SIN_CANDIDATO_DE_CONTACTO,0,SIN_MATCH,SIN_MATCH,False,SIN_MATCH,0.0,SIN_MATCH,0.0,0.0,0.0,0.0,0.0,0.0,0.0,0.0,0,NO_APLICA
ft_sal_003523,SIN_MATCH,0.0,SIN_CANDIDATO_DE_CONTACTO,0.0,SIN_CANDIDATO_DE_CONTACTO,0,SIN_MATCH,SIN_MATCH,False,SIN_MATCH,0.0,SIN_MATCH,0.0,0.0,0.0,0.0,0.0,0.0,0.0,0.0,0,NO_APLICA
ft_sal_003526,SIN_MATCH,0.0,SIN_CANDIDATO_DE_CONTACTO,0.0,SIN_CANDIDATO_DE_CONTACTO,0,SIN_MATCH,SIN_MATCH,False,SIN_MATCH,0.0,SIN_MATCH,0.0,0.0,0.0,0.0,0.0,0.0,0.0,0.0,0,NO_APLICA
ft_sal_003528,SIN_MATCH,0.0,SIN_CANDIDATO_DE_CONTACTO,0.0,SIN_CANDIDATO_DE_CONTACTO,0,SIN_MATCH,SIN_MATCH,False,SIN_MATCH,0.0,SIN_MATCH,0.0,0.0,0.0,0.0,0.0,0.0,0.0,0.0,0,NO_APLICA
ft_sal_003530,SIN_MATCH,0.0,SIN_CANDIDATO_DE_CONTACTO,0.0,SIN_CANDIDATO_DE_CONTACTO,0,SIN_MATCH,SIN_MATCH,False,SIN_MATCH,0.0,SIN_MATCH,0.0,0.0,0.0,0.0,0.0,0.0,0.0,0.0,0,NO_APLICA
ft_sal_003533,SIN_MATCH,0.0,SIN_CANDIDATO_DE_CONTACTO,0.0,SIN_CANDIDATO_DE_CONTACTO,0,SIN_MATCH,SIN_MATCH,False,SIN_MATCH,0.0,SIN_MATCH,0.0,0.0,0.0,0.0,0.0,0.0,0.0,0.0,0,NO_APLICA
ft_sal_003541,SIN_MATCH,0.0,SIN_CANDIDATO_DE_CONTACTO,0.0,SIN_CANDIDATO_DE_CONTACTO,0,SIN_MATCH,SIN_MATCH,False,SIN_MATCH,0.0,SIN_MATCH,0.0,0.0,0.0,0.0,0.0,0.0,0.0,0.0,0,NO_APLICA
ft_sal_003543,SIN_MATCH,0.0,EVIDENCIA_INSUFICIENTE,0.0,EVIDENCIA_INSUFICIENTE,1,SIN_MATCH,bm_usr_000655,False,bm_usr_000655,0.58,SIN_MATCH,0.0,0.0,0.0,0.0,0.58,0.0,1.0,0.3077,0,NO_APLICA
ft_sal_003545,SIN_MATCH,0.0,SIN_CANDIDATO_DE_CONTACTO,0.0,SIN_CANDIDATO_DE_CONTACTO,0,SIN_MATCH,SIN_MATCH,False,SIN_MATCH,0.0,SIN_MATCH,0.0,0.0,0.0,0.0,0.0,0.0,0.0,0.0,0,NO_APLICA
ft_sal_003554,SIN_MATCH,0.0,SIN_CANDIDATO_DE_CONTACTO,0.0,SIN_CANDIDATO_DE_CONTACTO,0,SIN_MATCH,SIN_MATCH,False,SIN_MATCH,0.0,SIN_MATCH,0.0,0.0,0.0,0.0,0.0,0.0,0.0,0.0,0,NO_APLICA
ft_sal_003556,SIN_MATCH,0.0,SIN_CANDIDATO_DE_CONTACTO,0.0,SIN_CANDIDATO_DE_CONTACTO,0,SIN_MATCH,SIN_MATCH,False,SIN_MATCH,0.0,SIN_MATCH,0.0,0.0,0.0,0.0,0.0,0.0,0.0,0.0,0,NO_APLICA
ft_sal_003557,SIN_MATCH,0.0,SIN_CANDIDATO_DE_CONTACTO,0.0,SIN_CANDIDATO_DE_CONTACTO,0,SIN_MATCH,SIN_MATCH,False,SIN_MATCH,0.0,SIN_MATCH,0.0,0.0,0.0,0.0,0.0,0.0,0.0,0.0,0,NO_APLICA
ft_sal_003560,SIN_MATCH,0.0,SIN_CANDIDATO_DE_CONTACTO,0.0,SIN_CANDIDATO_DE_CONTACTO,0,SIN_MATCH,SIN_MATCH,False,SIN_MATCH,0.0,SIN_MATCH,0.0,0.0,0.0,0.0,0.0,0.0,0.0,0.0,0,NO_APLICA
ft_sal_003561,SIN_MATCH,0.0,SIN_CANDIDATO_DE_CONTACTO,0.0,SIN_CANDIDATO_DE_CONTACTO,0,SIN_MATCH,SIN_MATCH,False,SIN_MATCH,0.0,SIN_MATCH,0.0,0.0,0.0,0.0,0.0,0.0,0.0,0.0,0,NO_APLICA
ft_sal_003563,SIN_MATCH,0.0,SIN_CANDIDATO_DE_CONTACTO,0.0,SIN_CANDIDATO_DE_CONTACTO,0,SIN_MATCH,SIN_MATCH,False,SIN_MATCH,0.0,SIN_MATCH,0.0,0.0,0.0,0.0,0.0,0.0,0.0,0.0,0,NO_APLICA
ft_sal_003565,SIN_MATCH,0.0,SIN_CANDIDATO_DE_CONTACTO,0.0,SIN_CANDIDATO_DE_CONTACTO,0,SIN_MATCH,SIN_MATCH,False,SIN_MATCH,0.0,SIN_MATCH,0.0,0.0,0.0,0.0,0.0,0.0,0.0,0.0,0,NO_APLICA
ft_sal_003568,SIN_MATCH,0.0,SIN_CANDIDATO_DE_CONTACTO,0.0,SIN_CANDIDATO_DE_CONTACTO,0,SIN_MATCH,SIN_MATCH,False,SIN_MATCH,0.0,SIN_MATCH,0.0,0.0,0.0,0.0,0.0,0.0,0.0,0.0,0,NO_APLICA
ft_sal_003570,SIN_MATCH,0.0,SIN_CANDIDATO_DE_CONTACTO,0.0,SIN_CANDIDATO_DE_CONTACTO,0,SIN_MATCH,SIN_MATCH,False,SIN_MATCH,0.0,SIN_MATCH,0.0,0.0,0.0,0.0,0.0,0.0,0.0,0.0,0,NO_APLICA
ft_sal_003571,SIN_MATCH,0.0,SIN_CANDIDATO_DE_CONTACTO,0.0,SIN_CANDIDATO_DE_CONTACTO,0,SIN_MATCH,SIN_MATCH,False,SIN_MATCH,0.0,SIN_MATCH,0.0,0.0,0.0,0.0,0.0,0.0,0.0,0.0,0,NO_APLICA
ft_sal_003572,SIN_MATCH,0.0,SIN_CANDIDATO_DE_CONTACTO,0.0,SIN_CANDIDATO_DE_CONTACTO,0,SIN_MATCH,SIN_MATCH,False,SIN_MATCH,0.0,SIN_MATCH,0.0,0.0,0.0,0.0,0.0,0.0,0.0,0.0,0,NO_APLICA
ft_sal_003573,SIN_MATCH,0.0,SIN_CANDIDATO_DE_CONTACTO,0.0,SIN_CANDIDATO_DE_CONTACTO,0,SIN_MATCH,SIN_MATCH,False,SIN_MATCH,0.0,SIN_MATCH,0.0,0.0,0.0,0.0,0.0,0.0,0.0,0.0,0,NO_APLICA
ft_sal_003574,SIN_MATCH,0.0,SIN_CANDIDATO_DE_CONTACTO,0.0,SIN_CANDIDATO_DE_CONTACTO,0,SIN_MATCH,SIN_MATCH,False,SIN_MATCH,0.0,SIN_MATCH,0.0,0.0,0.0,0.0,0.0,0.0,0.0,0.0,0,NO_APLICA
ft_sal_003576,SIN_MATCH,0.0,SIN_CANDIDATO_DE_CONTACTO,0.0,SIN_CANDIDATO_DE_CONTACTO,0,SIN_MATCH,SIN_MATCH,False,SIN_MATCH,0.0,SIN_MATCH,0.0,0.0,0.0,0.0,0.0,0.0,0.0,0.0,0,NO_APLICA
ft_sal_003577,SIN_MATCH,0.0,SIN_CANDIDATO_DE_CONTACTO,0.0,SIN_CANDIDATO_DE_CONTACTO,0,SIN_MATCH,SIN_MATCH,False,SIN_MATCH,0.0,SIN_MATCH,0.0,0.0,0.0,0.0,0.0,0.0,0.0,0.0,0,NO_APLICA
ft_sal_003580,SIN_MATCH,0.0,SIN_CANDIDATO_DE_CONTACTO,0.0,SIN_CANDIDATO_DE_CONTACTO,0,SIN_MATCH,SIN_MATCH,False,SIN_MATCH,0.0,SIN_MATCH,0.0,0.0,0.0,0.0,0.0,0.0,0.0,0.0,0,NO_APLICA
ft_sal_003581,SIN_MATCH,0.0,SIN_CANDIDATO_DE_CONTACTO,0.0,SIN_CANDIDATO_DE_CONTACTO,0,SIN_MATCH,SIN_MATCH,False,SIN_MATCH,0.0,SIN_MATCH,0.0,0.0,0.0,0.0,0.0,0.0,0.0,0.0,0,NO_APLICA
ft_sal_003582,SIN_MATCH,0.0,SIN_CANDIDATO_DE_CONTACTO,0.0,SIN_CANDIDATO_DE_CONTACTO,0,SIN_MATCH,SIN_MATCH,False,SIN_MATCH,0.0,SIN_MATCH,0.0,0.0,0.0,0.0,0.0,0.0,0.0,0.0,0,NO_APLICA
ft_sal_003584,SIN_MATCH,0.0,SIN_CANDIDATO_DE_CONTACTO,0.0,SIN_CANDIDATO_DE_CONTACTO,0,SIN_MATCH,SIN_MATCH,False,SIN_MATCH,0.0,SIN_MATCH,0.0,0.0,0.0,0.0,0.0,0.0,0.0,0.0,0,NO_APLICA
ft_sal_003585,SIN_MATCH,0.0,SIN_CANDIDATO_DE_CONTACTO,0.0,SIN_CANDIDATO_DE_CONTACTO,0,SIN_MATCH,SIN_MATCH,False,SIN_MATCH,0.0,SIN_MATCH,0.0,0.0,0.0,0.0,0.0,0.0,0.0,0.0,0,NO_APLICA
ft_sal_003591,SIN_MATCH,0.0,SIN_CANDIDATO_DE_CONTACTO,0.0,SIN_CANDIDATO_DE_CONTACTO,0,SIN_MATCH,SIN_MATCH,False,SIN_MATCH,0.0,SIN_MATCH,0.0,0.0,0.0,0.0,0.0,0.0,0.0,0.0,0,NO_APLICA
ft_sal_003592,SIN_MATCH,0.0,SIN_CANDIDATO_DE_CONTACTO,0.0,SIN_CANDIDATO_DE_CONTACTO,0,SIN_MATCH,SIN_MATCH,False,SIN_MATCH,0.0,SIN_MATCH,0.0,0.0,0.0,0.0,0.0,0.0,0.0,0.0,0,NO_APLICA
ft_sal_003594,SIN_MATCH,0.0,SIN_CANDIDATO_DE_CONTACTO,0.0,SIN_CANDIDATO_DE_CONTACTO,0,SIN_MATCH,SIN_MATCH,False,SIN_MATCH,0.0,SIN_MATCH,0.0,0.0,0.0,0.0,0.0,0.0,0.0,0.0,0,NO_APLICA
ft_sal_003595,SIN_MATCH,0.0,SIN_CANDIDATO_DE_CONTACTO,0.0,SIN_CANDIDATO_DE_CONTACTO,0,SIN_MATCH,SIN_MATCH,False,SIN_MATCH,0.0,SIN_MATCH,0.0,0.0,0.0,0.0,0.0,0.0,0.0,0.0,0,NO_APLICA
ft_sal_003598,SIN_MATCH,0.0,SIN_CANDIDATO_DE_CONTACTO,0.0,SIN_CANDIDATO_DE_CONTACTO,0,SIN_MATCH,SIN_MATCH,False,SIN_MATCH,0.0,SIN_MATCH,0.0,0.0,0.0,0.0,0.0,0.0,0.0,0.0,0,NO_APLICA
ft_sal_003602,SIN_MATCH,0.0,SIN_CANDIDATO_DE_CONTACTO,0.0,SIN_CANDIDATO_DE_CONTACTO,0,SIN_MATCH,SIN_MATCH,False,SIN_MATCH,0.0,SIN_MATCH,0.0,0.0,0.0,0.0,0.0,0.0,0.0,0.0,0,NO_APLICA
ft_sal_003603,SIN_MATCH,0.0,SIN_CANDIDATO_DE_CONTACTO,0.0,SIN_CANDIDATO_DE_CONTACTO,0,SIN_MATCH,SIN_MATCH,False,SIN_MATCH,0.0,SIN_MATCH,0.0,0.0,0.0,0.0,0.0,0.0,0.0,0.0,0,NO_APLICA
ft_sal_003606,SIN_MATCH,0.0,SIN_CANDIDATO_DE_CONTACTO,0.0,SIN_CANDIDATO_DE_CONTACTO,0,SIN_MATCH,SIN_MATCH,False,SIN_MATCH,0.0,SIN_MATCH,0.0,0.0,0.0,0.0,0.0,0.0,0.0,0.0,0,NO_APLICA
ft_sal_003609,SIN_MATCH,0.0,SIN_CANDIDATO_DE_CONTACTO,0.0,SIN_CANDIDATO_DE_CONTACTO,0,SIN_MATCH,SIN_MATCH,False,SIN_MATCH,0.0,SIN_MATCH,0.0,0.0,0.0,0.0,0.0,0.0,0.0,0.0,0,NO_APLICA
ft_sal_003611,SIN_MATCH,0.0,SIN_CANDIDATO_DE_CONTACTO,0.0,SIN_CANDIDATO_DE_CONTACTO,0,SIN_MATCH,SIN_MATCH,False,SIN_MATCH,0.0,SIN_MATCH,0.0,0.0,0.0,0.0,0.0,0.0,0.0,0.0,0,NO_APLICA
ft_sal_003616,SIN_MATCH,0.0,SIN_CANDIDATO_DE_CONTACTO,0.0,SIN_CANDIDATO_DE_CONTACTO,0,SIN_MATCH,SIN_MATCH,False,SIN_MATCH,0.0,SIN_MATCH,0.0,0.0,0.0,0.0,0.0,0.0,0.0,0.0,0,NO_APLICA
ft_sal_003618,SIN_MATCH,0.0,SIN_CANDIDATO_DE_CONTACTO,0.0,SIN_CANDIDATO_DE_CONTACTO,0,SIN_MATCH,SIN_MATCH,False,SIN_MATCH,0.0,SIN_MATCH,0.0,0.0,0.0,0.0,0.0,0.0,0.0,0.0,0,NO_APLICA
ft_sal_003619,SIN_MATCH,0.0,SIN_CANDIDATO_DE_CONTACTO,0.0,SIN_CANDIDATO_DE_CONTACTO,0,SIN_MATCH,SIN_MATCH,False,SIN_MATCH,0.0,SIN_MATCH,0.0,0.0,0.0,0.0,0.0,0.0,0.0,0.0,0,NO_APLICA
ft_sal_003621,SIN_MATCH,0.0,SIN_CANDIDATO_DE_CONTACTO,0.0,SIN_CANDIDATO_DE_CONTACTO,0,SIN_MATCH,SIN_MATCH,False,SIN_MATCH,0.0,SIN_MATCH,0.0,0.0,0.0,0.0,0.0,0.0,0.0,0.0,0,NO_APLICA
ft_sal_003622,SIN_MATCH,0.0,SIN_CANDIDATO_DE_CONTACTO,0.0,SIN_CANDIDATO_DE_CONTACTO,0,SIN_MATCH,SIN_MATCH,False,SIN_MATCH,0.0,SIN_MATCH,0.0,0.0,0.0,0.0,0.0,0.0,0.0,0.0,0,NO_APLICA
ft_sal_003627,SIN_MATCH,0.0,SIN_CANDIDATO_DE_CONTACTO,0.0,SIN_CANDIDATO_DE_CONTACTO,0,SIN_MATCH,SIN_MATCH,False,SIN_MATCH,0.0,SIN_MATCH,0.0,0.0,0.0,0.0,0.0,0.0,0.0,0.0,0,NO_APLICA
ft_sal_003629,SIN_MATCH,0.0,SIN_CANDIDATO_DE_CONTACTO,0.0,SIN_CANDIDATO_DE_CONTACTO,0,SIN_MATCH,SIN_MATCH,False,SIN_MATCH,0.0,SIN_MATCH,0.0,0.0,0.0,0.0,0.0,0.0,0.0,0.0,0,NO_APLICA
ft_sal_003630,SIN_MATCH,0.0,SIN_CANDIDATO_DE_CONTACTO,0.0,SIN_CANDIDATO_DE_CONTACTO,0,SIN_MATCH,SIN_MATCH,False,SIN_MATCH,0.0,SIN_MATCH,0.0,0.0,0.0,0.0,0.0,0.0,0.0,0.0,0,NO_APLICA
ft_sal_003631,SIN_MATCH,0.0,SIN_CANDIDATO_DE_CONTACTO,0.0,SIN_CANDIDATO_DE_CONTACTO,0,SIN_MATCH,SIN_MATCH,False,SIN_MATCH,0.0,SIN_MATCH,0.0,0.0,0.0,0.0,0.0,0.0,0.0,0.0,0,NO_APLICA
ft_sal_003632,SIN_MATCH,0.0,SIN_CANDIDATO_DE_CONTACTO,0.0,SIN_CANDIDATO_DE_CONTACTO,0,SIN_MATCH,SIN_MATCH,False,SIN_MATCH,0.0,SIN_MATCH,0.0,0.0,0.0,0.0,0.0,0.0,0.0,0.0,0,NO_APLICA
ft_sal_003633,SIN_MATCH,0.0,SIN_CANDIDATO_DE_CONTACTO,0.0,SIN_CANDIDATO_DE_CONTACTO,0,SIN_MATCH,SIN_MATCH,False,SIN_MATCH,0.0,SIN_MATCH,0.0,0.0,0.0,0.0,0.0,0.0,0.0,0.0,0,NO_APLICA
ft_sal_003639,SIN_MATCH,0.0,SIN_CANDIDATO_DE_CONTACTO,0.0,SIN_CANDIDATO_DE_CONTACTO,0,SIN_MATCH,SIN_MATCH,False,SIN_MATCH,0.0,SIN_MATCH,0.0,0.0,0.0,0.0,0.0,0.0,0.0,0.0,0,NO_APLICA
ft_sal_003641,SIN_MATCH,0.0,SIN_CANDIDATO_DE_CONTACTO,0.0,SIN_CANDIDATO_DE_CONTACTO,0,SIN_MATCH,SIN_MATCH,False,SIN_MATCH,0.0,SIN_MATCH,0.0,0.0,0.0,0.0,0.0,0.0,0.0,0.0,0,NO_APLICA
ft_sal_003643,SIN_MATCH,0.0,SIN_CANDIDATO_DE_CONTACTO,0.0,SIN_CANDIDATO_DE_CONTACTO,0,SIN_MATCH,SIN_MATCH,False,SIN_MATCH,0.0,SIN_MATCH,0.0,0.0,0.0,0.0,0.0,0.0,0.0,0.0,0,NO_APLICA
ft_sal_003644,SIN_MATCH,0.0,SIN_CANDIDATO_DE_CONTACTO,0.0,SIN_CANDIDATO_DE_CONTACTO,0,SIN_MATCH,SIN_MATCH,False,SIN_MATCH,0.0,SIN_MATCH,0.0,0.0,0.0,0.0,0.0,0.0,0.0,0.0,0,NO_APLICA
ft_sal_003645,SIN_MATCH,0.0,SIN_CANDIDATO_DE_CONTACTO,0.0,SIN_CANDIDATO_DE_CONTACTO,0,SIN_MATCH,SIN_MATCH,False,SIN_MATCH,0.0,SIN_MATCH,0.0,0.0,0.0,0.0,0.0,0.0,0.0,0.0,0,NO_APLICA
ft_sal_003646,SIN_MATCH,0.0,SIN_CANDIDATO_DE_CONTACTO,0.0,SIN_CANDIDATO_DE_CONTACTO,0,SIN_MATCH,SIN_MATCH,False,SIN_MATCH,0.0,SIN_MATCH,0.0,0.0,0.0,0.0,0.0,0.0,0.0,0.0,0,NO_APLICA
ft_sal_003652,SIN_MATCH,0.0,EVIDENCIA_INSUFICIENTE,0.0,EVIDENCIA_INSUFICIENTE,1,bm_usr_000994,SIN_MATCH,False,bm_usr_000994,0.58,SIN_MATCH,0.0,0.0,0.0,0.0,0.58,1.0,0.0,0.6087,0,NO_APLICA
ft_sal_003660,SIN_MATCH,0.0,SIN_CANDIDATO_DE_CONTACTO,0.0,SIN_CANDIDATO_DE_CONTACTO,0,SIN_MATCH,SIN_MATCH,False,SIN_MATCH,0.0,SIN_MATCH,0.0,0.0,0.0,0.0,0.0,0.0,0.0,0.0,0,NO_APLICA
ft_sal_003668,SIN_MATCH,0.0,SIN_CANDIDATO_DE_CONTACTO,0.0,SIN_CANDIDATO_DE_CONTACTO,0,SIN_MATCH,SIN_MATCH,False,SIN_MATCH,0.0,SIN_MATCH,0.0,0.0,0.0,0.0,0.0,0.0,0.0,0.0,0,NO_APLICA
ft_sal_003673,SIN_MATCH,0.0,SIN_CANDIDATO_DE_CONTACTO,0.0,SIN_CANDIDATO_DE_CONTACTO,0,SIN_MATCH,SIN_MATCH,False,SIN_MATCH,0.0,SIN_MATCH,0.0,0.0,0.0,0.0,0.0,0.0,0.0,0.0,0,NO_APLICA
ft_sal_003674,SIN_MATCH,0.0,SIN_CANDIDATO_DE_CONTACTO,0.0,SIN_CANDIDATO_DE_CONTACTO,0,SIN_MATCH,SIN_MATCH,False,SIN_MATCH,0.0,SIN_MATCH,0.0,0.0,0.0,0.0,0.0,0.0,0.0,0.0,0,NO_APLICA
ft_sal_003675,SIN_MATCH,0.0,SIN_CANDIDATO_DE_CONTACTO,0.0,SIN_CANDIDATO_DE_CONTACTO,0,SIN_MATCH,SIN_MATCH,False,SIN_MATCH,0.0,SIN_MATCH,0.0,0.0,0.0,0.0,0.0,0.0,0.0,0.0,0,NO_APLICA
ft_sal_003678,SIN_MATCH,0.0,SIN_CANDIDATO_DE_CONTACTO,0.0,SIN_CANDIDATO_DE_CONTACTO,0,SIN_MATCH,SIN_MATCH,False,SIN_MATCH,0.0,SIN_MATCH,0.0,0.0,0.0,0.0,0.0,0.0,0.0,0.0,0,NO_APLICA
ft_sal_003694,SIN_MATCH,0.0,SIN_CANDIDATO_DE_CONTACTO,0.0,SIN_CANDIDATO_DE_CONTACTO,0,SIN_MATCH,SIN_MATCH,False,SIN_MATCH,0.0,SIN_MATCH,0.0,0.0,0.0,0.0,0.0,0.0,0.0,0.0,0,NO_APLICA
ft_sal_003695,SIN_MATCH,0.0,SIN_CANDIDATO_DE_CONTACTO,0.0,SIN_CANDIDATO_DE_CONTACTO,0,SIN_MATCH,SIN_MATCH,False,SIN_MATCH,0.0,SIN_MATCH,0.0,0.0,0.0,0.0,0.0,0.0,0.0,0.0,0,NO_APLICA
ft_sal_003698,SIN_MATCH,0.0,SIN_CANDIDATO_DE_CONTACTO,0.0,SIN_CANDIDATO_DE_CONTACTO,0,SIN_MATCH,SIN_MATCH,False,SIN_MATCH,0.0,SIN_MATCH,0.0,0.0,0.0,0.0,0.0,0.0,0.0,0.0,0,NO_APLICA
ft_sal_003699,SIN_MATCH,0.0,SIN_CANDIDATO_DE_CONTACTO,0.0,SIN_CANDIDATO_DE_CONTACTO,0,SIN_MATCH,SIN_MATCH,False,SIN_MATCH,0.0,SIN_MATCH,0.0,0.0,0.0,0.0,0.0,0.0,0.0,0.0,0,NO_APLICA
ft_sal_003700,SIN_MATCH,0.0,SIN_CANDIDATO_DE_CONTACTO,0.0,SIN_CANDIDATO_DE_CONTACTO,0,SIN_MATCH,SIN_MATCH,False,SIN_MATCH,0.0,SIN_MATCH,0.0,0.0,0.0,0.0,0.0,0.0,0.0,0.0,0,NO_APLICA
ft_sal_003702,SIN_MATCH,0.0,SIN_CANDIDATO_DE_CONTACTO,0.0,SIN_CANDIDATO_DE_CONTACTO,0,SIN_MATCH,SIN_MATCH,False,SIN_MATCH,0.0,SIN_MATCH,0.0,0.0,0.0,0.0,0.0,0.0,0.0,0.0,0,NO_APLICA
ft_sal_003703,SIN_MATCH,0.0,SIN_CANDIDATO_DE_CONTACTO,0.0,SIN_CANDIDATO_DE_CONTACTO,0,SIN_MATCH,SIN_MATCH,False,SIN_MATCH,0.0,SIN_MATCH,0.0,0.0,0.0,0.0,0.0,0.0,0.0,0.0,0,NO_APLICA
ft_sal_003705,SIN_MATCH,0.0,SIN_CANDIDATO_DE_CONTACTO,0.0,SIN_CANDIDATO_DE_CONTACTO,0,SIN_MATCH,SIN_MATCH,False,SIN_MATCH,0.0,SIN_MATCH,0.0,0.0,0.0,0.0,0.0,0.0,0.0,0.0,0,NO_APLICA
ft_sal_003712,SIN_MATCH,0.0,SIN_CANDIDATO_DE_CONTACTO,0.0,SIN_CANDIDATO_DE_CONTACTO,0,SIN_MATCH,SIN_MATCH,False,SIN_MATCH,0.0,SIN_MATCH,0.0,0.0,0.0,0.0,0.0,0.0,0.0,0.0,0,NO_APLICA
ft_sal_003713,SIN_MATCH,0.0,SIN_CANDIDATO_DE_CONTACTO,0.0,SIN_CANDIDATO_DE_CONTACTO,0,SIN_MATCH,SIN_MATCH,False,SIN_MATCH,0.0,SIN_MATCH,0.0,0.0,0.0,0.0,0.0,0.0,0.0,0.0,0,NO_APLICA
ft_sal_003714,SIN_MATCH,0.0,SIN_CANDIDATO_DE_CONTACTO,0.0,SIN_CANDIDATO_DE_CONTACTO,0,SIN_MATCH,SIN_MATCH,False,SIN_MATCH,0.0,SIN_MATCH,0.0,0.0,0.0,0.0,0.0,0.0,0.0,0.0,0,NO_APLICA
ft_sal_003716,SIN_MATCH,0.0,SIN_CANDIDATO_DE_CONTACTO,0.0,SIN_CANDIDATO_DE_CONTACTO,0,SIN_MATCH,SIN_MATCH,False,SIN_MATCH,0.0,SIN_MATCH,0.0,0.0,0.0,0.0,0.0,0.0,0.0,0.0,0,NO_APLICA
ft_sal_003719,SIN_MATCH,0.0,SIN_CANDIDATO_DE_CONTACTO,0.0,SIN_CANDIDATO_DE_CONTACTO,0,SIN_MATCH,SIN_MATCH,False,SIN_MATCH,0.0,SIN_MATCH,0.0,0.0,0.0,0.0,0.0,0.0,0.0,0.0,0,NO_APLICA
ft_sal_003724,SIN_MATCH,0.0,SIN_CANDIDATO_DE_CONTACTO,0.0,SIN_CANDIDATO_DE_CONTACTO,0,SIN_MATCH,SIN_MATCH,False,SIN_MATCH,0.0,SIN_MATCH,0.0,0.0,0.0,0.0,0.0,0.0,0.0,0.0,0,NO_APLICA
ft_sal_003726,SIN_MATCH,0.0,SIN_CANDIDATO_DE_CONTACTO,0.0,SIN_CANDIDATO_DE_CONTACTO,0,SIN_MATCH,SIN_MATCH,False,SIN_MATCH,0.0,SIN_MATCH,0.0,0.0,0.0,0.0,0.0,0.0,0.0,0.0,0,NO_APLICA
ft_sal_003728,SIN_MATCH,0.0,SIN_CANDIDATO_DE_CONTACTO,0.0,SIN_CANDIDATO_DE_CONTACTO,0,SIN_MATCH,SIN_MATCH,False,SIN_MATCH,0.0,SIN_MATCH,0.0,0.0,0.0,0.0,0.0,0.0,0.0,0.0,0,NO_APLICA
ft_sal_003740,SIN_MATCH,0.0,SIN_CANDIDATO_DE_CONTACTO,0.0,SIN_CANDIDATO_DE_CONTACTO,0,SIN_MATCH,SIN_MATCH,False,SIN_MATCH,0.0,SIN_MATCH,0.0,0.0,0.0,0.0,0.0,0.0,0.0,0.0,0,NO_APLICA
ft_sal_003744,SIN_MATCH,0.0,SIN_CANDIDATO_DE_CONTACTO,0.0,SIN_CANDIDATO_DE_CONTACTO,0,SIN_MATCH,SIN_MATCH,False,SIN_MATCH,0.0,SIN_MATCH,0.0,0.0,0.0,0.0,0.0,0.0,0.0,0.0,0,NO_APLICA
ft_sal_003745,SIN_MATCH,0.0,SIN_CANDIDATO_DE_CONTACTO,0.0,SIN_CANDIDATO_DE_CONTACTO,0,SIN_MATCH,SIN_MATCH,False,SIN_MATCH,0.0,SIN_MATCH,0.0,0.0,0.0,0.0,0.0,0.0,0.0,0.0,0,NO_APLICA
ft_sal_003747,SIN_MATCH,0.0,SIN_CANDIDATO_DE_CONTACTO,0.0,SIN_CANDIDATO_DE_CONTACTO,0,SIN_MATCH,SIN_MATCH,False,SIN_MATCH,0.0,SIN_MATCH,0.0,0.0,0.0,0.0,0.0,0.0,0.0,0.0,0,NO_APLICA
ft_sal_003748,SIN_MATCH,0.0,SIN_CANDIDATO_DE_CONTACTO,0.0,SIN_CANDIDATO_DE_CONTACTO,0,SIN_MATCH,SIN_MATCH,False,SIN_MATCH,0.0,SIN_MATCH,0.0,0.0,0.0,0.0,0.0,0.0,0.0,0.0,0,NO_APLICA
ft_sal_003749,SIN_MATCH,0.0,SIN_CANDIDATO_DE_CONTACTO,0.0,SIN_CANDIDATO_DE_CONTACTO,0,SIN_MATCH,SIN_MATCH,False,SIN_MATCH,0.0,SIN_MATCH,0.0,0.0,0.0,0.0,0.0,0.0,0.0,0.0,0,NO_APLICA
ft_sal_003753,SIN_MATCH,0.0,SIN_CANDIDATO_DE_CONTACTO,0.0,SIN_CANDIDATO_DE_CONTACTO,0,SIN_MATCH,SIN_MATCH,False,SIN_MATCH,0.0,SIN_MATCH,0.0,0.0,0.0,0.0,0.0,0.0,0.0,0.0,0,NO_APLICA
ft_sal_003755,SIN_MATCH,0.0,SIN_CANDIDATO_DE_CONTACTO,0.0,SIN_CANDIDATO_DE_CONTACTO,0,SIN_MATCH,SIN_MATCH,False,SIN_MATCH,0.0,SIN_MATCH,0.0,0.0,0.0,0.0,0.0,0.0,0.0,0.0,0,NO_APLICA
ft_sal_003758,SIN_MATCH,0.0,SIN_CANDIDATO_DE_CONTACTO,0.0,SIN_CANDIDATO_DE_CONTACTO,0,SIN_MATCH,SIN_MATCH,False,SIN_MATCH,0.0,SIN_MATCH,0.0,0.0,0.0,0.0,0.0,0.0,0.0,0.0,0,NO_APLICA
ft_sal_003762,SIN_MATCH,0.0,SIN_CANDIDATO_DE_CONTACTO,0.0,SIN_CANDIDATO_DE_CONTACTO,0,SIN_MATCH,SIN_MATCH,False,SIN_MATCH,0.0,SIN_MATCH,0.0,0.0,0.0,0.0,0.0,0.0,0.0,0.0,0,NO_APLICA
ft_sal_003764,SIN_MATCH,0.0,SIN_CANDIDATO_DE_CONTACTO,0.0,SIN_CANDIDATO_DE_CONTACTO,0,SIN_MATCH,SIN_MATCH,False,SIN_MATCH,0.0,SIN_MATCH,0.0,0.0,0.0,0.0,0.0,0.0,0.0,0.0,0,NO_APLICA
ft_sal_003766,SIN_MATCH,0.0,SIN_CANDIDATO_DE_CONTACTO,0.0,SIN_CANDIDATO_DE_CONTACTO,0,SIN_MATCH,SIN_MATCH,False,SIN_MATCH,0.0,SIN_MATCH,0.0,0.0,0.0,0.0,0.0,0.0,0.0,0.0,0,NO_APLICA
ft_sal_003767,SIN_MATCH,0.0,SIN_CANDIDATO_DE_CONTACTO,0.0,SIN_CANDIDATO_DE_CONTACTO,0,SIN_MATCH,SIN_MATCH,False,SIN_MATCH,0.0,SIN_MATCH,0.0,0.0,0.0,0.0,0.0,0.0,0.0,0.0,0,NO_APLICA
ft_sal_003769,SIN_MATCH,0.0,SIN_CANDIDATO_DE_CONTACTO,0.0,SIN_CANDIDATO_DE_CONTACTO,0,SIN_MATCH,SIN_MATCH,False,SIN_MATCH,0.0,SIN_MATCH,0.0,0.0,0.0,0.0,0.0,0.0,0.0,0.0,0,NO_APLICA
ft_sal_003770,SIN_MATCH,0.0,SIN_CANDIDATO_DE_CONTACTO,0.0,SIN_CANDIDATO_DE_CONTACTO,0,SIN_MATCH,SIN_MATCH,False,SIN_MATCH,0.0,SIN_MATCH,0.0,0.0,0.0,0.0,0.0,0.0,0.0,0.0,0,NO_APLICA
ft_sal_003771,SIN_MATCH,0.0,SIN_CANDIDATO_DE_CONTACTO,0.0,SIN_CANDIDATO_DE_CONTACTO,0,SIN_MATCH,SIN_MATCH,False,SIN_MATCH,0.0,SIN_MATCH,0.0,0.0,0.0,0.0,0.0,0.0,0.0,0.0,0,NO_APLICA
ft_sal_003772,SIN_MATCH,0.0,SIN_CANDIDATO_DE_CONTACTO,0.0,SIN_CANDIDATO_DE_CONTACTO,0,SIN_MATCH,SIN_MATCH,False,SIN_MATCH,0.0,SIN_MATCH,0.0,0.0,0.0,0.0,0.0,0.0,0.0,0.0,0,NO_APLICA
ft_sal_003773,SIN_MATCH,0.0,SIN_CANDIDATO_DE_CONTACTO,0.0,SIN_CANDIDATO_DE_CONTACTO,0,SIN_MATCH,SIN_MATCH,False,SIN_MATCH,0.0,SIN_MATCH,0.0,0.0,0.0,0.0,0.0,0.0,0.0,0.0,0,NO_APLICA
ft_sal_003775,SIN_MATCH,0.0,SIN_CANDIDATO_DE_CONTACTO,0.0,SIN_CANDIDATO_DE_CONTACTO,0,SIN_MATCH,SIN_MATCH,False,SIN_MATCH,0.0,SIN_MATCH,0.0,0.0,0.0,0.0,0.0,0.0,0.0,0.0,0,NO_APLICA
ft_sal_003779,SIN_MATCH,0.0,SIN_CANDIDATO_DE_CONTACTO,0.0,SIN_CANDIDATO_DE_CONTACTO,0,SIN_MATCH,SIN_MATCH,False,SIN_MATCH,0.0,SIN_MATCH,0.0,0.0,0.0,0.0,0.0,0.0,0.0,0.0,0,NO_APLICA
ft_sal_003780,SIN_MATCH,0.0,SIN_CANDIDATO_DE_CONTACTO,0.0,SIN_CANDIDATO_DE_CONTACTO,0,SIN_MATCH,SIN_MATCH,False,SIN_MATCH,0.0,SIN_MATCH,0.0,0.0,0.0,0.0,0.0,0.0,0.0,0.0,0,NO_APLICA
ft_sal_003782,SIN_MATCH,0.0,SIN_CANDIDATO_DE_CONTACTO,0.0,SIN_CANDIDATO_DE_CONTACTO,0,SIN_MATCH,SIN_MATCH,False,SIN_MATCH,0.0,SIN_MATCH,0.0,0.0,0.0,0.0,0.0,0.0,0.0,0.0,0,NO_APLICA
ft_sal_003783,SIN_MATCH,0.0,SIN_CANDIDATO_DE_CONTACTO,0.0,SIN_CANDIDATO_DE_CONTACTO,0,SIN_MATCH,SIN_MATCH,False,SIN_MATCH,0.0,SIN_MATCH,0.0,0.0,0.0,0.0,0.0,0.0,0.0,0.0,0,NO_APLICA
ft_sal_003784,SIN_MATCH,0.0,SIN_CANDIDATO_DE_CONTACTO,0.0,SIN_CANDIDATO_DE_CONTACTO,0,SIN_MATCH,SIN_MATCH,False,SIN_MATCH,0.0,SIN_MATCH,0.0,0.0,0.0,0.0,0.0,0.0,0.0,0.0,0,NO_APLICA
ft_sal_003786,SIN_MATCH,0.0,SIN_CANDIDATO_DE_CONTACTO,0.0,SIN_CANDIDATO_DE_CONTACTO,0,SIN_MATCH,SIN_MATCH,False,SIN_MATCH,0.0,SIN_MATCH,0.0,0.0,0.0,0.0,0.0,0.0,0.0,0.0,0,NO_APLICA
ft_sal_003787,SIN_MATCH,0.0,SIN_CANDIDATO_DE_CONTACTO,0.0,SIN_CANDIDATO_DE_CONTACTO,0,SIN_MATCH,SIN_MATCH,False,SIN_MATCH,0.0,SIN_MATCH,0.0,0.0,0.0,0.0,0.0,0.0,0.0,0.0,0,NO_APLICA
ft_sal_003788,SIN_MATCH,0.0,SIN_CANDIDATO_DE_CONTACTO,0.0,SIN_CANDIDATO_DE_CONTACTO,0,SIN_MATCH,SIN_MATCH,False,SIN_MATCH,0.0,SIN_MATCH,0.0,0.0,0.0,0.0,0.0,0.0,0.0,0.0,0,NO_APLICA
ft_sal_003789,SIN_MATCH,0.0,SIN_CANDIDATO_DE_CONTACTO,0.0,SIN_CANDIDATO_DE_CONTACTO,0,SIN_MATCH,SIN_MATCH,False,SIN_MATCH,0.0,SIN_MATCH,0.0,0.0,0.0,0.0,0.0,0.0,0.0,0.0,0,NO_APLICA
ft_sal_003793,SIN_MATCH,0.0,SIN_CANDIDATO_DE_CONTACTO,0.0,SIN_CANDIDATO_DE_CONTACTO,0,SIN_MATCH,SIN_MATCH,False,SIN_MATCH,0.0,SIN_MATCH,0.0,0.0,0.0,0.0,0.0,0.0,0.0,0.0,0,NO_APLICA
ft_sal_003795,SIN_MATCH,0.0,SIN_CANDIDATO_DE_CONTACTO,0.0,SIN_CANDIDATO_DE_CONTACTO,0,SIN_MATCH,SIN_MATCH,False,SIN_MATCH,0.0,SIN_MATCH,0.0,0.0,0.0,0.0,0.0,0.0,0.0,0.0,0,NO_APLICA
ft_sal_003797,SIN_MATCH,0.0,SIN_CANDIDATO_DE_CONTACTO,0.0,SIN_CANDIDATO_DE_CONTACTO,0,SIN_MATCH,SIN_MATCH,False,SIN_MATCH,0.0,SIN_MATCH,0.0,0.0,0.0,0.0,0.0,0.0,0.0,0.0,0,NO_APLICA
ft_sal_003800,SIN_MATCH,0.0,SIN_CANDIDATO_DE_CONTACTO,0.0,SIN_CANDIDATO_DE_CONTACTO,0,SIN_MATCH,SIN_MATCH,False,SIN_MATCH,0.0,SIN_MATCH,0.0,0.0,0.0,0.0,0.0,0.0,0.0,0.0,0,NO_APLICA
ft_sal_003801,SIN_MATCH,0.0,SIN_CANDIDATO_DE_CONTACTO,0.0,SIN_CANDIDATO_DE_CONTACTO,0,SIN_MATCH,SIN_MATCH,False,SIN_MATCH,0.0,SIN_MATCH,0.0,0.0,0.0,0.0,0.0,0.0,0.0,0.0,0,NO_APLICA
ft_sal_003802,SIN_MATCH,0.0,SIN_CANDIDATO_DE_CONTACTO,0.0,SIN_CANDIDATO_DE_CONTACTO,0,SIN_MATCH,SIN_MATCH,False,SIN_MATCH,0.0,SIN_MATCH,0.0,0.0,0.0,0.0,0.0,0.0,0.0,0.0,0,NO_APLICA
ft_sal_003804,SIN_MATCH,0.0,SIN_CANDIDATO_DE_CONTACTO,0.0,SIN_CANDIDATO_DE_CONTACTO,0,SIN_MATCH,SIN_MATCH,False,SIN_MATCH,0.0,SIN_MATCH,0.0,0.0,0.0,0.0,0.0,0.0,0.0,0.0,0,NO_APLICA
ft_sal_003805,SIN_MATCH,0.0,SIN_CANDIDATO_DE_CONTACTO,0.0,SIN_CANDIDATO_DE_CONTACTO,0,SIN_MATCH,SIN_MATCH,False,SIN_MATCH,0.0,SIN_MATCH,0.0,0.0,0.0,0.0,0.0,0.0,0.0,0.0,0,NO_APLICA
ft_sal_003808,SIN_MATCH,0.0,SIN_CANDIDATO_DE_CONTACTO,0.0,SIN_CANDIDATO_DE_CONTACTO,0,SIN_MATCH,SIN_MATCH,False,SIN_MATCH,0.0,SIN_MATCH,0.0,0.0,0.0,0.0,0.0,0.0,0.0,0.0,0,NO_APLICA
ft_sal_003810,SIN_MATCH,0.0,SIN_CANDIDATO_DE_CONTACTO,0.0,SIN_CANDIDATO_DE_CONTACTO,0,SIN_MATCH,SIN_MATCH,False,SIN_MATCH,0.0,SIN_MATCH,0.0,0.0,0.0,0.0,0.0,0.0,0.0,0.0,0,NO_APLICA
ft_sal_003816,SIN_MATCH,0.0,SIN_CANDIDATO_DE_CONTACTO,0.0,SIN_CANDIDATO_DE_CONTACTO,0,SIN_MATCH,SIN_MATCH,False,SIN_MATCH,0.0,SIN_MATCH,0.0,0.0,0.0,0.0,0.0,0.0,0.0,0.0,0,NO_APLICA
ft_sal_003817,SIN_MATCH,0.0,SIN_CANDIDATO_DE_CONTACTO,0.0,SIN_CANDIDATO_DE_CONTACTO,0,SIN_MATCH,SIN_MATCH,False,SIN_MATCH,0.0,SIN_MATCH,0.0,0.0,0.0,0.0,0.0,0.0,0.0,0.0,0,NO_APLICA
ft_sal_003818,SIN_MATCH,0.0,SIN_CANDIDATO_DE_CONTACTO,0.0,SIN_CANDIDATO_DE_CONTACTO,0,SIN_MATCH,SIN_MATCH,False,SIN_MATCH,0.0,SIN_MATCH,0.0,0.0,0.0,0.0,0.0,0.0,0.0,0.0,0,NO_APLICA
ft_sal_003822,SIN_MATCH,0.0,SIN_CANDIDATO_DE_CONTACTO,0.0,SIN_CANDIDATO_DE_CONTACTO,0,SIN_MATCH,SIN_MATCH,False,SIN_MATCH,0.0,SIN_MATCH,0.0,0.0,0.0,0.0,0.0,0.0,0.0,0.0,0,NO_APLICA
ft_sal_003824,SIN_MATCH,0.0,SIN_CANDIDATO_DE_CONTACTO,0.0,SIN_CANDIDATO_DE_CONTACTO,0,SIN_MATCH,SIN_MATCH,False,SIN_MATCH,0.0,SIN_MATCH,0.0,0.0,0.0,0.0,0.0,0.0,0.0,0.0,0,NO_APLICA
ft_sal_003826,SIN_MATCH,0.0,SIN_CANDIDATO_DE_CONTACTO,0.0,SIN_CANDIDATO_DE_CONTACTO,0,SIN_MATCH,SIN_MATCH,False,SIN_MATCH,0.0,SIN_MATCH,0.0,0.0,0.0,0.0,0.0,0.0,0.0,0.0,0,NO_APLICA
ft_sal_003829,SIN_MATCH,0.0,SIN_CANDIDATO_DE_CONTACTO,0.0,SIN_CANDIDATO_DE_CONTACTO,0,SIN_MATCH,SIN_MATCH,False,SIN_MATCH,0.0,SIN_MATCH,0.0,0.0,0.0,0.0,0.0,0.0,0.0,0.0,0,NO_APLICA
ft_sal_003830,SIN_MATCH,0.0,SIN_CANDIDATO_DE_CONTACTO,0.0,SIN_CANDIDATO_DE_CONTACTO,0,SIN_MATCH,SIN_MATCH,False,SIN_MATCH,0.0,SIN_MATCH,0.0,0.0,0.0,0.0,0.0,0.0,0.0,0.0,0,NO_APLICA
ft_sal_003833,SIN_MATCH,0.0,SIN_CANDIDATO_DE_CONTACTO,0.0,SIN_CANDIDATO_DE_CONTACTO,0,SIN_MATCH,SIN_MATCH,False,SIN_MATCH,0.0,SIN_MATCH,0.0,0.0,0.0,0.0,0.0,0.0,0.0,0.0,0,NO_APLICA
ft_sal_003834,SIN_MATCH,0.0,SIN_CANDIDATO_DE_CONTACTO,0.0,SIN_CANDIDATO_DE_CONTACTO,0,SIN_MATCH,SIN_MATCH,False,SIN_MATCH,0.0,SIN_MATCH,0.0,0.0,0.0,0.0,0.0,0.0,0.0,0.0,0,NO_APLICA
ft_sal_003837,SIN_MATCH,0.0,SIN_CANDIDATO_DE_CONTACTO,0.0,SIN_CANDIDATO_DE_CONTACTO,0,SIN_MATCH,SIN_MATCH,False,SIN_MATCH,0.0,SIN_MATCH,0.0,0.0,0.0,0.0,0.0,0.0,0.0,0.0,0,NO_APLICA
ft_sal_003838,SIN_MATCH,0.0,SIN_CANDIDATO_DE_CONTACTO,0.0,SIN_CANDIDATO_DE_CONTACTO,0,SIN_MATCH,SIN_MATCH,False,SIN_MATCH,0.0,SIN_MATCH,0.0,0.0,0.0,0.0,0.0,0.0,0.0,0.0,0,NO_APLICA
ft_sal_003839,SIN_MATCH,0.0,SIN_CANDIDATO_DE_CONTACTO,0.0,SIN_CANDIDATO_DE_CONTACTO,0,SIN_MATCH,SIN_MATCH,False,SIN_MATCH,0.0,SIN_MATCH,0.0,0.0,0.0,0.0,0.0,0.0,0.0,0.0,0,NO_APLICA
ft_sal_003843,SIN_MATCH,0.0,SIN_CANDIDATO_DE_CONTACTO,0.0,SIN_CANDIDATO_DE_CONTACTO,0,SIN_MATCH,SIN_MATCH,False,SIN_MATCH,0.0,SIN_MATCH,0.0,0.0,0.0,0.0,0.0,0.0,0.0,0.0,0,NO_APLICA
ft_sal_003844,SIN_MATCH,0.0,SIN_CANDIDATO_DE_CONTACTO,0.0,SIN_CANDIDATO_DE_CONTACTO,0,SIN_MATCH,SIN_MATCH,False,SIN_MATCH,0.0,SIN_MATCH,0.0,0.0,0.0,0.0,0.0,0.0,0.0,0.0,0,NO_APLICA
ft_sal_003845,SIN_MATCH,0.0,SIN_CANDIDATO_DE_CONTACTO,0.0,SIN_CANDIDATO_DE_CONTACTO,0,SIN_MATCH,SIN_MATCH,False,SIN_MATCH,0.0,SIN_MATCH,0.0,0.0,0.0,0.0,0.0,0.0,0.0,0.0,0,NO_APLICA
ft_sal_003846,SIN_MATCH,0.0,SIN_CANDIDATO_DE_CONTACTO,0.0,SIN_CANDIDATO_DE_CONTACTO,0,SIN_MATCH,SIN_MATCH,False,SIN_MATCH,0.0,SIN_MATCH,0.0,0.0,0.0,0.0,0.0,0.0,0.0,0.0,0,NO_APLICA
ft_sal_003849,SIN_MATCH,0.0,SIN_CANDIDATO_DE_CONTACTO,0.0,SIN_CANDIDATO_DE_CONTACTO,0,SIN_MATCH,SIN_MATCH,False,SIN_MATCH,0.0,SIN_MATCH,0.0,0.0,0.0,0.0,0.0,0.0,0.0,0.0,0,NO_APLICA
ft_sal_003850,SIN_MATCH,0.0,SIN_CANDIDATO_DE_CONTACTO,0.0,SIN_CANDIDATO_DE_CONTACTO,0,SIN_MATCH,SIN_MATCH,False,SIN_MATCH,0.0,SIN_MATCH,0.0,0.0,0.0,0.0,0.0,0.0,0.0,0.0,0,NO_APLICA
ft_sal_003856,SIN_MATCH,0.0,SIN_CANDIDATO_DE_CONTACTO,0.0,SIN_CANDIDATO_DE_CONTACTO,0,SIN_MATCH,SIN_MATCH,False,SIN_MATCH,0.0,SIN_MATCH,0.0,0.0,0.0,0.0,0.0,0.0,0.0,0.0,0,NO_APLICA
ft_sal_003857,SIN_MATCH,0.0,SIN_CANDIDATO_DE_CONTACTO,0.0,SIN_CANDIDATO_DE_CONTACTO,0,SIN_MATCH,SIN_MATCH,False,SIN_MATCH,0.0,SIN_MATCH,0.0,0.0,0.0,0.0,0.0,0.0,0.0,0.0,0,NO_APLICA
ft_sal_003859,SIN_MATCH,0.0,SIN_CANDIDATO_DE_CONTACTO,0.0,SIN_CANDIDATO_DE_CONTACTO,0,SIN_MATCH,SIN_MATCH,False,SIN_MATCH,0.0,SIN_MATCH,0.0,0.0,0.0,0.0,0.0,0.0,0.0,0.0,0,NO_APLICA
ft_sal_003867,SIN_MATCH,0.0,SIN_CANDIDATO_DE_CONTACTO,0.0,SIN_CANDIDATO_DE_CONTACTO,0,SIN_MATCH,SIN_MATCH,False,SIN_MATCH,0.0,SIN_MATCH,0.0,0.0,0.0,0.0,0.0,0.0,0.0,0.0,0,NO_APLICA
ft_sal_003868,SIN_MATCH,0.0,SIN_CANDIDATO_DE_CONTACTO,0.0,SIN_CANDIDATO_DE_CONTACTO,0,SIN_MATCH,SIN_MATCH,False,SIN_MATCH,0.0,SIN_MATCH,0.0,0.0,0.0,0.0,0.0,0.0,0.0,0.0,0,NO_APLICA
ft_sal_003870,SIN_MATCH,0.0,SIN_CANDIDATO_DE_CONTACTO,0.0,SIN_CANDIDATO_DE_CONTACTO,0,SIN_MATCH,SIN_MATCH,False,SIN_MATCH,0.0,SIN_MATCH,0.0,0.0,0.0,0.0,0.0,0.0,0.0,0.0,0,NO_APLICA
ft_sal_003872,SIN_MATCH,0.0,SIN_CANDIDATO_DE_CONTACTO,0.0,SIN_CANDIDATO_DE_CONTACTO,0,SIN_MATCH,SIN_MATCH,False,SIN_MATCH,0.0,SIN_MATCH,0.0,0.0,0.0,0.0,0.0,0.0,0.0,0.0,0,NO_APLICA
ft_sal_003874,SIN_MATCH,0.0,SIN_CANDIDATO_DE_CONTACTO,0.0,SIN_CANDIDATO_DE_CONTACTO,0,SIN_MATCH,SIN_MATCH,False,SIN_MATCH,0.0,SIN_MATCH,0.0,0.0,0.0,0.0,0.0,0.0,0.0,0.0,0,NO_APLICA
ft_sal_003877,SIN_MATCH,0.0,SIN_CANDIDATO_DE_CONTACTO,0.0,SIN_CANDIDATO_DE_CONTACTO,0,SIN_MATCH,SIN_MATCH,False,SIN_MATCH,0.0,SIN_MATCH,0.0,0.0,0.0,0.0,0.0,0.0,0.0,0.0,0,NO_APLICA
ft_sal_003879,SIN_MATCH,0.0,SIN_CANDIDATO_DE_CONTACTO,0.0,SIN_CANDIDATO_DE_CONTACTO,0,SIN_MATCH,SIN_MATCH,False,SIN_MATCH,0.0,SIN_MATCH,0.0,0.0,0.0,0.0,0.0,0.0,0.0,0.0,0,NO_APLICA
ft_sal_003881,SIN_MATCH,0.0,SIN_CANDIDATO_DE_CONTACTO,0.0,SIN_CANDIDATO_DE_CONTACTO,0,SIN_MATCH,SIN_MATCH,False,SIN_MATCH,0.0,SIN_MATCH,0.0,0.0,0.0,0.0,0.0,0.0,0.0,0.0,0,NO_APLICA
ft_sal_003887,SIN_MATCH,0.0,SIN_CANDIDATO_DE_CONTACTO,0.0,SIN_CANDIDATO_DE_CONTACTO,0,SIN_MATCH,SIN_MATCH,False,SIN_MATCH,0.0,SIN_MATCH,0.0,0.0,0.0,0.0,0.0,0.0,0.0,0.0,0,NO_APLICA
ft_sal_003888,SIN_MATCH,0.0,SIN_CANDIDATO_DE_CONTACTO,0.0,SIN_CANDIDATO_DE_CONTACTO,0,SIN_MATCH,SIN_MATCH,False,SIN_MATCH,0.0,SIN_MATCH,0.0,0.0,0.0,0.0,0.0,0.0,0.0,0.0,0,NO_APLICA
ft_sal_003891,SIN_MATCH,0.0,SIN_CANDIDATO_DE_CONTACTO,0.0,SIN_CANDIDATO_DE_CONTACTO,0,SIN_MATCH,SIN_MATCH,False,SIN_MATCH,0.0,SIN_MATCH,0.0,0.0,0.0,0.0,0.0,0.0,0.0,0.0,0,NO_APLICA
ft_sal_003892,SIN_MATCH,0.0,SIN_CANDIDATO_DE_CONTACTO,0.0,SIN_CANDIDATO_DE_CONTACTO,0,SIN_MATCH,SIN_MATCH,False,SIN_MATCH,0.0,SIN_MATCH,0.0,0.0,0.0,0.0,0.0,0.0,0.0,0.0,0,NO_APLICA
ft_sal_003893,SIN_MATCH,0.0,SIN_CANDIDATO_DE_CONTACTO,0.0,SIN_CANDIDATO_DE_CONTACTO,0,SIN_MATCH,SIN_MATCH,False,SIN_MATCH,0.0,SIN_MATCH,0.0,0.0,0.0,0.0,0.0,0.0,0.0,0.0,0,NO_APLICA
ft_sal_003898,SIN_MATCH,0.0,SIN_CANDIDATO_DE_CONTACTO,0.0,SIN_CANDIDATO_DE_CONTACTO,0,SIN_MATCH,SIN_MATCH,False,SIN_MATCH,0.0,SIN_MATCH,0.0,0.0,0.0,0.0,0.0,0.0,0.0,0.0,0,NO_APLICA
ft_sal_003901,SIN_MATCH,0.0,SIN_CANDIDATO_DE_CONTACTO,0.0,SIN_CANDIDATO_DE_CONTACTO,0,SIN_MATCH,SIN_MATCH,False,SIN_MATCH,0.0,SIN_MATCH,0.0,0.0,0.0,0.0,0.0,0.0,0.0,0.0,0,NO_APLICA
ft_sal_003904,SIN_MATCH,0.0,SIN_CANDIDATO_DE_CONTACTO,0.0,SIN_CANDIDATO_DE_CONTACTO,0,SIN_MATCH,SIN_MATCH,False,SIN_MATCH,0.0,SIN_MATCH,0.0,0.0,0.0,0.0,0.0,0.0,0.0,0.0,0,NO_APLICA
ft_sal_003906,SIN_MATCH,0.0,SIN_CANDIDATO_DE_CONTACTO,0.0,SIN_CANDIDATO_DE_CONTACTO,0,SIN_MATCH,SIN_MATCH,False,SIN_MATCH,0.0,SIN_MATCH,0.0,0.0,0.0,0.0,0.0,0.0,0.0,0.0,0,NO_APLICA
ft_sal_003907,SIN_MATCH,0.0,SIN_CANDIDATO_DE_CONTACTO,0.0,SIN_CANDIDATO_DE_CONTACTO,0,SIN_MATCH,SIN_MATCH,False,SIN_MATCH,0.0,SIN_MATCH,0.0,0.0,0.0,0.0,0.0,0.0,0.0,0.0,0,NO_APLICA
ft_sal_003908,SIN_MATCH,0.0,SIN_CANDIDATO_DE_CONTACTO,0.0,SIN_CANDIDATO_DE_CONTACTO,0,SIN_MATCH,SIN_MATCH,False,SIN_MATCH,0.0,SIN_MATCH,0.0,0.0,0.0,0.0,0.0,0.0,0.0,0.0,0,NO_APLICA
ft_sal_003911,SIN_MATCH,0.0,SIN_CANDIDATO_DE_CONTACTO,0.0,SIN_CANDIDATO_DE_CONTACTO,0,SIN_MATCH,SIN_MATCH,False,SIN_MATCH,0.0,SIN_MATCH,0.0,0.0,0.0,0.0,0.0,0.0,0.0,0.0,0,NO_APLICA
ft_sal_003912,SIN_MATCH,0.0,SIN_CANDIDATO_DE_CONTACTO,0.0,SIN_CANDIDATO_DE_CONTACTO,0,SIN_MATCH,SIN_MATCH,False,SIN_MATCH,0.0,SIN_MATCH,0.0,0.0,0.0,0.0,0.0,0.0,0.0,0.0,0,NO_APLICA
ft_sal_003913,SIN_MATCH,0.0,SIN_CANDIDATO_DE_CONTACTO,0.0,SIN_CANDIDATO_DE_CONTACTO,0,SIN_MATCH,SIN_MATCH,False,SIN_MATCH,0.0,SIN_MATCH,0.0,0.0,0.0,0.0,0.0,0.0,0.0,0.0,0,NO_APLICA
ft_sal_003914,SIN_MATCH,0.0,SIN_CANDIDATO_DE_CONTACTO,0.0,SIN_CANDIDATO_DE_CONTACTO,0,SIN_MATCH,SIN_MATCH,False,SIN_MATCH,0.0,SIN_MATCH,0.0,0.0,0.0,0.0,0.0,0.0,0.0,0.0,0,NO_APLICA
ft_sal_003915,SIN_MATCH,0.0,SIN_CANDIDATO_DE_CONTACTO,0.0,SIN_CANDIDATO_DE_CONTACTO,0,SIN_MATCH,SIN_MATCH,False,SIN_MATCH,0.0,SIN_MATCH,0.0,0.0,0.0,0.0,0.0,0.0,0.0,0.0,0,NO_APLICA
ft_sal_003919,SIN_MATCH,0.0,SIN_CANDIDATO_DE_CONTACTO,0.0,SIN_CANDIDATO_DE_CONTACTO,0,SIN_MATCH,SIN_MATCH,False,SIN_MATCH,0.0,SIN_MATCH,0.0,0.0,0.0,0.0,0.0,0.0,0.0,0.0,0,NO_APLICA
ft_sal_003922,SIN_MATCH,0.0,SIN_CANDIDATO_DE_CONTACTO,0.0,SIN_CANDIDATO_DE_CONTACTO,0,SIN_MATCH,SIN_MATCH,False,SIN_MATCH,0.0,SIN_MATCH,0.0,0.0,0.0,0.0,0.0,0.0,0.0,0.0,0,NO_APLICA
ft_sal_003924,SIN_MATCH,0.0,AMBIGUO,0.0,AMBIGUO,2,bm_usr_000002,bm_usr_005936,True,bm_usr_000002,0.96,bm_usr_005936,0.96,0.0,1.0,1.0,0.0,1.0,0.0,1.0,0,NO_APLICA
ft_sal_003925,SIN_MATCH,0.0,SIN_CANDIDATO_DE_CONTACTO,0.0,SIN_CANDIDATO_DE_CONTACTO,0,SIN_MATCH,SIN_MATCH,False,SIN_MATCH,0.0,SIN_MATCH,0.0,0.0,0.0,0.0,0.0,0.0,0.0,0.0,0,NO_APLICA
ft_sal_003926,SIN_MATCH,0.0,SIN_CANDIDATO_DE_CONTACTO,0.0,SIN_CANDIDATO_DE_CONTACTO,0,SIN_MATCH,SIN_MATCH,False,SIN_MATCH,0.0,SIN_MATCH,0.0,0.0,0.0,0.0,0.0,0.0,0.0,0.0,0,NO_APLICA
ft_sal_003935,SIN_MATCH,0.0,SIN_CANDIDATO_DE_CONTACTO,0.0,SIN_CANDIDATO_DE_CONTACTO,0,SIN_MATCH,SIN_MATCH,False,SIN_MATCH,0.0,SIN_MATCH,0.0,0.0,0.0,0.0,0.0,0.0,0.0,0.0,0,NO_APLICA
ft_sal_003937,SIN_MATCH,0.0,SIN_CANDIDATO_DE_CONTACTO,0.0,SIN_CANDIDATO_DE_CONTACTO,0,SIN_MATCH,SIN_MATCH,False,SIN_MATCH,0.0,SIN_MATCH,0.0,0.0,0.0,0.0,0.0,0.0,0.0,0.0,0,NO_APLICA
ft_sal_003943,SIN_MATCH,0.0,SIN_CANDIDATO_DE_CONTACTO,0.0,SIN_CANDIDATO_DE_CONTACTO,0,SIN_MATCH,SIN_MATCH,False,SIN_MATCH,0.0,SIN_MATCH,0.0,0.0,0.0,0.0,0.0,0.0,0.0,0.0,0,NO_APLICA
ft_sal_003950,SIN_MATCH,0.0,SIN_CANDIDATO_DE_CONTACTO,0.0,SIN_CANDIDATO_DE_CONTACTO,0,SIN_MATCH,SIN_MATCH,False,SIN_MATCH,0.0,SIN_MATCH,0.0,0.0,0.0,0.0,0.0,0.0,0.0,0.0,0,NO_APLICA
ft_sal_003952,SIN_MATCH,0.0,SIN_CANDIDATO_DE_CONTACTO,0.0,SIN_CANDIDATO_DE_CONTACTO,0,SIN_MATCH,SIN_MATCH,False,SIN_MATCH,0.0,SIN_MATCH,0.0,0.0,0.0,0.0,0.0,0.0,0.0,0.0,0,NO_APLICA
ft_sal_003957,SIN_MATCH,0.0,SIN_CANDIDATO_DE_CONTACTO,0.0,SIN_CANDIDATO_DE_CONTACTO,0,SIN_MATCH,SIN_MATCH,False,SIN_MATCH,0.0,SIN_MATCH,0.0,0.0,0.0,0.0,0.0,0.0,0.0,0.0,0,NO_APLICA
ft_sal_003961,SIN_MATCH,0.0,SIN_CANDIDATO_DE_CONTACTO,0.0,SIN_CANDIDATO_DE_CONTACTO,0,SIN_MATCH,SIN_MATCH,False,SIN_MATCH,0.0,SIN_MATCH,0.0,0.0,0.0,0.0,0.0,0.0,0.0,0.0,0,NO_APLICA
ft_sal_003962,SIN_MATCH,0.0,SIN_CANDIDATO_DE_CONTACTO,0.0,SIN_CANDIDATO_DE_CONTACTO,0,SIN_MATCH,SIN_MATCH,False,SIN_MATCH,0.0,SIN_MATCH,0.0,0.0,0.0,0.0,0.0,0.0,0.0,0.0,0,NO_APLICA
ft_sal_003963,SIN_MATCH,0.0,SIN_CANDIDATO_DE_CONTACTO,0.0,SIN_CANDIDATO_DE_CONTACTO,0,SIN_MATCH,SIN_MATCH,False,SIN_MATCH,0.0,SIN_MATCH,0.0,0.0,0.0,0.0,0.0,0.0,0.0,0.0,0,NO_APLICA
ft_sal_003969,SIN_MATCH,0.0,SIN_CANDIDATO_DE_CONTACTO,0.0,SIN_CANDIDATO_DE_CONTACTO,0,SIN_MATCH,SIN_MATCH,False,SIN_MATCH,0.0,SIN_MATCH,0.0,0.0,0.0,0.0,0.0,0.0,0.0,0.0,0,NO_APLICA
ft_sal_003971,SIN_MATCH,0.0,SIN_CANDIDATO_DE_CONTACTO,0.0,SIN_CANDIDATO_DE_CONTACTO,0,SIN_MATCH,SIN_MATCH,False,SIN_MATCH,0.0,SIN_MATCH,0.0,0.0,0.0,0.0,0.0,0.0,0.0,0.0,0,NO_APLICA
ft_sal_003976,SIN_MATCH,0.0,AMBIGUO,0.0,AMBIGUO,3,bm_usr_001043,bm_usr_002424,True,bm_usr_001043,0.96,bm_usr_002424,0.96,0.0,1.0,1.0,0.0,1.0,0.0,1.0,0,NO_APLICA
ft_sal_003981,SIN_MATCH,0.0,SIN_CANDIDATO_DE_CONTACTO,0.0,SIN_CANDIDATO_DE_CONTACTO,0,SIN_MATCH,SIN_MATCH,False,SIN_MATCH,0.0,SIN_MATCH,0.0,0.0,0.0,0.0,0.0,0.0,0.0,0.0,0,NO_APLICA
ft_sal_003982,SIN_MATCH,0.0,SIN_CANDIDATO_DE_CONTACTO,0.0,SIN_CANDIDATO_DE_CONTACTO,0,SIN_MATCH,SIN_MATCH,False,SIN_MATCH,0.0,SIN_MATCH,0.0,0.0,0.0,0.0,0.0,0.0,0.0,0.0,0,NO_APLICA
ft_sal_003993,SIN_MATCH,0.0,SIN_CANDIDATO_DE_CONTACTO,0.0,SIN_CANDIDATO_DE_CONTACTO,0,SIN_MATCH,SIN_MATCH,False,SIN_MATCH,0.0,SIN_MATCH,0.0,0.0,0.0,0.0,0.0,0.0,0.0,0.0,0,NO_APLICA
ft_sal_004000,SIN_MATCH,0.0,SIN_CANDIDATO_DE_CONTACTO,0.0,SIN_CANDIDATO_DE_CONTACTO,0,SIN_MATCH,SIN_MATCH,False,SIN_MATCH,0.0,SIN_MATCH,0.0,0.0,0.0,0.0,0.0,0.0,0.0,0.0,0,NO_APLICA
ft_sal_004001,SIN_MATCH,0.0,SIN_CANDIDATO_DE_CONTACTO,0.0,SIN_CANDIDATO_DE_CONTACTO,0,SIN_MATCH,SIN_MATCH,False,SIN_MATCH,0.0,SIN_MATCH,0.0,0.0,0.0,0.0,0.0,0.0,0.0,0.0,0,NO_APLICA
ft_sal_004006,SIN_MATCH,0.0,SIN_CANDIDATO_DE_CONTACTO,0.0,SIN_CANDIDATO_DE_CONTACTO,0,SIN_MATCH,SIN_MATCH,False,SIN_MATCH,0.0,SIN_MATCH,0.0,0.0,0.0,0.0,0.0,0.0,0.0,0.0,0,NO_APLICA
ft_sal_004007,SIN_MATCH,0.0,SIN_CANDIDATO_DE_CONTACTO,0.0,SIN_CANDIDATO_DE_CONTACTO,0,SIN_MATCH,SIN_MATCH,False,SIN_MATCH,0.0,SIN_MATCH,0.0,0.0,0.0,0.0,0.0,0.0,0.0,0.0,0,NO_APLICA
ft_sal_004009,SIN_MATCH,0.0,SIN_CANDIDATO_DE_CONTACTO,0.0,SIN_CANDIDATO_DE_CONTACTO,0,SIN_MATCH,SIN_MATCH,False,SIN_MATCH,0.0,SIN_MATCH,0.0,0.0,0.0,0.0,0.0,0.0,0.0,0.0,0,NO_APLICA
ft_sal_004012,SIN_MATCH,0.0,SIN_CANDIDATO_DE_CONTACTO,0.0,SIN_CANDIDATO_DE_CONTACTO,0,SIN_MATCH,SIN_MATCH,False,SIN_MATCH,0.0,SIN_MATCH,0.0,0.0,0.0,0.0,0.0,0.0,0.0,0.0,0,NO_APLICA
ft_sal_004013,SIN_MATCH,0.0,SIN_CANDIDATO_DE_CONTACTO,0.0,SIN_CANDIDATO_DE_CONTACTO,0,SIN_MATCH,SIN_MATCH,False,SIN_MATCH,0.0,SIN_MATCH,0.0,0.0,0.0,0.0,0.0,0.0,0.0,0.0,0,NO_APLICA
ft_sal_004015,SIN_MATCH,0.0,SIN_CANDIDATO_DE_CONTACTO,0.0,SIN_CANDIDATO_DE_CONTACTO,0,SIN_MATCH,SIN_MATCH,False,SIN_MATCH,0.0,SIN_MATCH,0.0,0.0,0.0,0.0,0.0,0.0,0.0,0.0,0,NO_APLICA
ft_sal_004016,SIN_MATCH,0.0,EVIDENCIA_INSUFICIENTE,0.0,EVIDENCIA_INSUFICIENTE,2,bm_usr_000770,bm_usr_005480,True,bm_usr_000770,0.58,bm_usr_005480,0.58,0.0,1.0,0.3158,0.0,1.0,0.0,0.3529,0,NO_APLICA
ft_sal_004019,SIN_MATCH,0.0,SIN_CANDIDATO_DE_CONTACTO,0.0,SIN_CANDIDATO_DE_CONTACTO,0,SIN_MATCH,SIN_MATCH,False,SIN_MATCH,0.0,SIN_MATCH,0.0,0.0,0.0,0.0,0.0,0.0,0.0,0.0,0,NO_APLICA
ft_sal_004022,SIN_MATCH,0.0,SIN_CANDIDATO_DE_CONTACTO,0.0,SIN_CANDIDATO_DE_CONTACTO,0,SIN_MATCH,SIN_MATCH,False,SIN_MATCH,0.0,SIN_MATCH,0.0,0.0,0.0,0.0,0.0,0.0,0.0,0.0,0,NO_APLICA
ft_sal_004024,SIN_MATCH,0.0,SIN_CANDIDATO_DE_CONTACTO,0.0,SIN_CANDIDATO_DE_CONTACTO,0,SIN_MATCH,SIN_MATCH,False,SIN_MATCH,0.0,SIN_MATCH,0.0,0.0,0.0,0.0,0.0,0.0,0.0,0.0,0,NO_APLICA
ft_sal_004032,SIN_MATCH,0.0,SIN_CANDIDATO_DE_CONTACTO,0.0,SIN_CANDIDATO_DE_CONTACTO,0,SIN_MATCH,SIN_MATCH,False,SIN_MATCH,0.0,SIN_MATCH,0.0,0.0,0.0,0.0,0.0,0.0,0.0,0.0,0,NO_APLICA
ft_sal_004033,SIN_MATCH,0.0,SIN_CANDIDATO_DE_CONTACTO,0.0,SIN_CANDIDATO_DE_CONTACTO,0,SIN_MATCH,SIN_MATCH,False,SIN_MATCH,0.0,SIN_MATCH,0.0,0.0,0.0,0.0,0.0,0.0,0.0,0.0,0,NO_APLICA
ft_sal_004039,SIN_MATCH,0.0,SIN_CANDIDATO_DE_CONTACTO,0.0,SIN_CANDIDATO_DE_CONTACTO,0,SIN_MATCH,SIN_MATCH,False,SIN_MATCH,0.0,SIN_MATCH,0.0,0.0,0.0,0.0,0.0,0.0,0.0,0.0,0,NO_APLICA
ft_sal_004041,SIN_MATCH,0.0,SIN_CANDIDATO_DE_CONTACTO,0.0,SIN_CANDIDATO_DE_CONTACTO,0,SIN_MATCH,SIN_MATCH,False,SIN_MATCH,0.0,SIN_MATCH,0.0,0.0,0.0,0.0,0.0,0.0,0.0,0.0,0,NO_APLICA
ft_sal_004051,SIN_MATCH,0.0,SIN_CANDIDATO_DE_CONTACTO,0.0,SIN_CANDIDATO_DE_CONTACTO,0,SIN_MATCH,SIN_MATCH,False,SIN_MATCH,0.0,SIN_MATCH,0.0,0.0,0.0,0.0,0.0,0.0,0.0,0.0,0,NO_APLICA
ft_sal_004052,SIN_MATCH,0.0,SIN_CANDIDATO_DE_CONTACTO,0.0,SIN_CANDIDATO_DE_CONTACTO,0,SIN_MATCH,SIN_MATCH,False,SIN_MATCH,0.0,SIN_MATCH,0.0,0.0,0.0,0.0,0.0,0.0,0.0,0.0,0,NO_APLICA
ft_sal_004056,SIN_MATCH,0.0,SIN_CANDIDATO_DE_CONTACTO,0.0,SIN_CANDIDATO_DE_CONTACTO,0,SIN_MATCH,SIN_MATCH,False,SIN_MATCH,0.0,SIN_MATCH,0.0,0.0,0.0,0.0,0.0,0.0,0.0,0.0,0,NO_APLICA
ft_sal_004060,SIN_MATCH,0.0,SIN_CANDIDATO_DE_CONTACTO,0.0,SIN_CANDIDATO_DE_CONTACTO,0,SIN_MATCH,SIN_MATCH,False,SIN_MATCH,0.0,SIN_MATCH,0.0,0.0,0.0,0.0,0.0,0.0,0.0,0.0,0,NO_APLICA
ft_sal_004063,SIN_MATCH,0.0,SIN_CANDIDATO_DE_CONTACTO,0.0,SIN_CANDIDATO_DE_CONTACTO,0,SIN_MATCH,SIN_MATCH,False,SIN_MATCH,0.0,SIN_MATCH,0.0,0.0,0.0,0.0,0.0,0.0,0.0,0.0,0,NO_APLICA
ft_sal_004067,SIN_MATCH,0.0,SIN_CANDIDATO_DE_CONTACTO,0.0,SIN_CANDIDATO_DE_CONTACTO,0,SIN_MATCH,SIN_MATCH,False,SIN_MATCH,0.0,SIN_MATCH,0.0,0.0,0.0,0.0,0.0,0.0,0.0,0.0,0,NO_APLICA
ft_sal_004068,SIN_MATCH,0.0,SIN_CANDIDATO_DE_CONTACTO,0.0,SIN_CANDIDATO_DE_CONTACTO,0,SIN_MATCH,SIN_MATCH,False,SIN_MATCH,0.0,SIN_MATCH,0.0,0.0,0.0,0.0,0.0,0.0,0.0,0.0,0,NO_APLICA
ft_sal_004071,SIN_MATCH,0.0,SIN_CANDIDATO_DE_CONTACTO,0.0,SIN_CANDIDATO_DE_CONTACTO,0,SIN_MATCH,SIN_MATCH,False,SIN_MATCH,0.0,SIN_MATCH,0.0,0.0,0.0,0.0,0.0,0.0,0.0,0.0,0,NO_APLICA
ft_sal_004073,SIN_MATCH,0.0,SIN_CANDIDATO_DE_CONTACTO,0.0,SIN_CANDIDATO_DE_CONTACTO,0,SIN_MATCH,SIN_MATCH,False,SIN_MATCH,0.0,SIN_MATCH,0.0,0.0,0.0,0.0,0.0,0.0,0.0,0.0,0,NO_APLICA
ft_sal_004075,SIN_MATCH,0.0,SIN_CANDIDATO_DE_CONTACTO,0.0,SIN_CANDIDATO_DE_CONTACTO,0,SIN_MATCH,SIN_MATCH,False,SIN_MATCH,0.0,SIN_MATCH,0.0,0.0,0.0,0.0,0.0,0.0,0.0,0.0,0,NO_APLICA
ft_sal_004079,SIN_MATCH,0.0,SIN_CANDIDATO_DE_CONTACTO,0.0,SIN_CANDIDATO_DE_CONTACTO,0,SIN_MATCH,SIN_MATCH,False,SIN_MATCH,0.0,SIN_MATCH,0.0,0.0,0.0,0.0,0.0,0.0,0.0,0.0,0,NO_APLICA
ft_sal_004092,SIN_MATCH,0.0,SIN_CANDIDATO_DE_CONTACTO,0.0,SIN_CANDIDATO_DE_CONTACTO,0,SIN_MATCH,SIN_MATCH,False,SIN_MATCH,0.0,SIN_MATCH,0.0,0.0,0.0,0.0,0.0,0.0,0.0,0.0,0,NO_APLICA
ft_sal_004095,SIN_MATCH,0.0,SIN_CANDIDATO_DE_CONTACTO,0.0,SIN_CANDIDATO_DE_CONTACTO,0,SIN_MATCH,SIN_MATCH,False,SIN_MATCH,0.0,SIN_MATCH,0.0,0.0,0.0,0.0,0.0,0.0,0.0,0.0,0,NO_APLICA
ft_sal_004098,SIN_MATCH,0.0,AMBIGUO,0.0,AMBIGUO,2,bm_usr_000838,bm_usr_001279,True,bm_usr_001279,0.96,bm_usr_000838,0.96,1.0,0.0,1.0,0.0,0.0,1.0,1.0,0,NO_APLICA
ft_sal_004101,SIN_MATCH,0.0,SIN_CANDIDATO_DE_CONTACTO,0.0,SIN_CANDIDATO_DE_CONTACTO,0,SIN_MATCH,SIN_MATCH,False,SIN_MATCH,0.0,SIN_MATCH,0.0,0.0,0.0,0.0,0.0,0.0,0.0,0.0,0,NO_APLICA
ft_sal_004102,SIN_MATCH,0.0,SIN_CANDIDATO_DE_CONTACTO,0.0,SIN_CANDIDATO_DE_CONTACTO,0,SIN_MATCH,SIN_MATCH,False,SIN_MATCH,0.0,SIN_MATCH,0.0,0.0,0.0,0.0,0.0,0.0,0.0,0.0,0,NO_APLICA
ft_sal_004104,SIN_MATCH,0.0,SIN_CANDIDATO_DE_CONTACTO,0.0,SIN_CANDIDATO_DE_CONTACTO,0,SIN_MATCH,SIN_MATCH,False,SIN_MATCH,0.0,SIN_MATCH,0.0,0.0,0.0,0.0,0.0,0.0,0.0,0.0,0,NO_APLICA
ft_sal_004105,SIN_MATCH,0.0,SIN_CANDIDATO_DE_CONTACTO,0.0,SIN_CANDIDATO_DE_CONTACTO,0,SIN_MATCH,SIN_MATCH,False,SIN_MATCH,0.0,SIN_MATCH,0.0,0.0,0.0,0.0,0.0,0.0,0.0,0.0,0,NO_APLICA
ft_sal_004107,SIN_MATCH,0.0,SIN_CANDIDATO_DE_CONTACTO,0.0,SIN_CANDIDATO_DE_CONTACTO,0,SIN_MATCH,SIN_MATCH,False,SIN_MATCH,0.0,SIN_MATCH,0.0,0.0,0.0,0.0,0.0,0.0,0.0,0.0,0,NO_APLICA
ft_sal_004112,SIN_MATCH,0.0,SIN_CANDIDATO_DE_CONTACTO,0.0,SIN_CANDIDATO_DE_CONTACTO,0,SIN_MATCH,SIN_MATCH,False,SIN_MATCH,0.0,SIN_MATCH,0.0,0.0,0.0,0.0,0.0,0.0,0.0,0.0,0,NO_APLICA
ft_sal_004114,SIN_MATCH,0.0,SIN_CANDIDATO_DE_CONTACTO,0.0,SIN_CANDIDATO_DE_CONTACTO,0,SIN_MATCH,SIN_MATCH,False,SIN_MATCH,0.0,SIN_MATCH,0.0,0.0,0.0,0.0,0.0,0.0,0.0,0.0,0,NO_APLICA
ft_sal_004117,SIN_MATCH,0.0,SIN_CANDIDATO_DE_CONTACTO,0.0,SIN_CANDIDATO_DE_CONTACTO,0,SIN_MATCH,SIN_MATCH,False,SIN_MATCH,0.0,SIN_MATCH,0.0,0.0,0.0,0.0,0.0,0.0,0.0,0.0,0,NO_APLICA
ft_sal_004120,SIN_MATCH,0.0,SIN_CANDIDATO_DE_CONTACTO,0.0,SIN_CANDIDATO_DE_CONTACTO,0,SIN_MATCH,SIN_MATCH,False,SIN_MATCH,0.0,SIN_MATCH,0.0,0.0,0.0,0.0,0.0,0.0,0.0,0.0,0,NO_APLICA
ft_sal_004124,SIN_MATCH,0.0,SIN_CANDIDATO_DE_CONTACTO,0.0,SIN_CANDIDATO_DE_CONTACTO,0,SIN_MATCH,SIN_MATCH,False,SIN_MATCH,0.0,SIN_MATCH,0.0,0.0,0.0,0.0,0.0,0.0,0.0,0.0,0,NO_APLICA
ft_sal_004129,SIN_MATCH,0.0,SIN_CANDIDATO_DE_CONTACTO,0.0,SIN_CANDIDATO_DE_CONTACTO,0,SIN_MATCH,SIN_MATCH,False,SIN_MATCH,0.0,SIN_MATCH,0.0,0.0,0.0,0.0,0.0,0.0,0.0,0.0,0,NO_APLICA
ft_sal_004133,SIN_MATCH,0.0,SIN_CANDIDATO_DE_CONTACTO,0.0,SIN_CANDIDATO_DE_CONTACTO,0,SIN_MATCH,SIN_MATCH,False,SIN_MATCH,0.0,SIN_MATCH,0.0,0.0,0.0,0.0,0.0,0.0,0.0,0.0,0,NO_APLICA
ft_sal_004137,SIN_MATCH,0.0,SIN_CANDIDATO_DE_CONTACTO,0.0,SIN_CANDIDATO_DE_CONTACTO,0,SIN_MATCH,SIN_MATCH,False,SIN_MATCH,0.0,SIN_MATCH,0.0,0.0,0.0,0.0,0.0,0.0,0.0,0.0,0,NO_APLICA
ft_sal_004142,SIN_MATCH,0.0,SIN_CANDIDATO_DE_CONTACTO,0.0,SIN_CANDIDATO_DE_CONTACTO,0,SIN_MATCH,SIN_MATCH,False,SIN_MATCH,0.0,SIN_MATCH,0.0,0.0,0.0,0.0,0.0,0.0,0.0,0.0,0,NO_APLICA
ft_sal_004143,SIN_MATCH,0.0,SIN_CANDIDATO_DE_CONTACTO,0.0,SIN_CANDIDATO_DE_CONTACTO,0,SIN_MATCH,SIN_MATCH,False,SIN_MATCH,0.0,SIN_MATCH,0.0,0.0,0.0,0.0,0.0,0.0,0.0,0.0,0,NO_APLICA
ft_sal_004144,SIN_MATCH,0.0,SIN_CANDIDATO_DE_CONTACTO,0.0,SIN_CANDIDATO_DE_CONTACTO,0,SIN_MATCH,SIN_MATCH,False,SIN_MATCH,0.0,SIN_MATCH,0.0,0.0,0.0,0.0,0.0,0.0,0.0,0.0,0,NO_APLICA
ft_sal_004145,SIN_MATCH,0.0,SIN_CANDIDATO_DE_CONTACTO,0.0,SIN_CANDIDATO_DE_CONTACTO,0,SIN_MATCH,SIN_MATCH,False,SIN_MATCH,0.0,SIN_MATCH,0.0,0.0,0.0,0.0,0.0,0.0,0.0,0.0,0,NO_APLICA
ft_sal_004149,SIN_MATCH,0.0,SIN_CANDIDATO_DE_CONTACTO,0.0,SIN_CANDIDATO_DE_CONTACTO,0,SIN_MATCH,SIN_MATCH,False,SIN_MATCH,0.0,SIN_MATCH,0.0,0.0,0.0,0.0,0.0,0.0,0.0,0.0,0,NO_APLICA
ft_sal_004150,SIN_MATCH,0.0,SIN_CANDIDATO_DE_CONTACTO,0.0,SIN_CANDIDATO_DE_CONTACTO,0,SIN_MATCH,SIN_MATCH,False,SIN_MATCH,0.0,SIN_MATCH,0.0,0.0,0.0,0.0,0.0,0.0,0.0,0.0,0,NO_APLICA
ft_sal_004151,SIN_MATCH,0.0,SIN_CANDIDATO_DE_CONTACTO,0.0,SIN_CANDIDATO_DE_CONTACTO,0,SIN_MATCH,SIN_MATCH,False,SIN_MATCH,0.0,SIN_MATCH,0.0,0.0,0.0,0.0,0.0,0.0,0.0,0.0,0,NO_APLICA
ft_sal_004156,SIN_MATCH,0.0,SIN_CANDIDATO_DE_CONTACTO,0.0,SIN_CANDIDATO_DE_CONTACTO,0,SIN_MATCH,SIN_MATCH,False,SIN_MATCH,0.0,SIN_MATCH,0.0,0.0,0.0,0.0,0.0,0.0,0.0,0.0,0,NO_APLICA
ft_sal_004157,SIN_MATCH,0.0,SIN_CANDIDATO_DE_CONTACTO,0.0,SIN_CANDIDATO_DE_CONTACTO,0,SIN_MATCH,SIN_MATCH,False,SIN_MATCH,0.0,SIN_MATCH,0.0,0.0,0.0,0.0,0.0,0.0,0.0,0.0,0,NO_APLICA
ft_sal_004159,SIN_MATCH,0.0,SIN_CANDIDATO_DE_CONTACTO,0.0,SIN_CANDIDATO_DE_CONTACTO,0,SIN_MATCH,SIN_MATCH,False,SIN_MATCH,0.0,SIN_MATCH,0.0,0.0,0.0,0.0,0.0,0.0,0.0,0.0,0,NO_APLICA
ft_sal_004161,SIN_MATCH,0.0,SIN_CANDIDATO_DE_CONTACTO,0.0,SIN_CANDIDATO_DE_CONTACTO,0,SIN_MATCH,SIN_MATCH,False,SIN_MATCH,0.0,SIN_MATCH,0.0,0.0,0.0,0.0,0.0,0.0,0.0,0.0,0,NO_APLICA
ft_sal_004163,SIN_MATCH,0.0,SIN_CANDIDATO_DE_CONTACTO,0.0,SIN_CANDIDATO_DE_CONTACTO,0,SIN_MATCH,SIN_MATCH,False,SIN_MATCH,0.0,SIN_MATCH,0.0,0.0,0.0,0.0,0.0,0.0,0.0,0.0,0,NO_APLICA
ft_sal_004164,SIN_MATCH,0.0,SIN_CANDIDATO_DE_CONTACTO,0.0,SIN_CANDIDATO_DE_CONTACTO,0,SIN_MATCH,SIN_MATCH,False,SIN_MATCH,0.0,SIN_MATCH,0.0,0.0,0.0,0.0,0.0,0.0,0.0,0.0,0,NO_APLICA
ft_sal_004166,SIN_MATCH,0.0,SIN_CANDIDATO_DE_CONTACTO,0.0,SIN_CANDIDATO_DE_CONTACTO,0,SIN_MATCH,SIN_MATCH,False,SIN_MATCH,0.0,SIN_MATCH,0.0,0.0,0.0,0.0,0.0,0.0,0.0,0.0,0,NO_APLICA
ft_sal_004167,SIN_MATCH,0.0,EVIDENCIA_INSUFICIENTE,0.0,EVIDENCIA_INSUFICIENTE,2,bm_usr_005436,SIN_MATCH,False,bm_usr_005436,0.58,bm_usr_003872,0.45,0.9,0.0,0.3846,0.13,1.0,0.0,0.3846,0,NO_APLICA
ft_sal_004172,SIN_MATCH,0.0,SIN_CANDIDATO_DE_CONTACTO,0.0,SIN_CANDIDATO_DE_CONTACTO,0,SIN_MATCH,SIN_MATCH,False,SIN_MATCH,0.0,SIN_MATCH,0.0,0.0,0.0,0.0,0.0,0.0,0.0,0.0,0,NO_APLICA
ft_sal_004173,SIN_MATCH,0.0,SIN_CANDIDATO_DE_CONTACTO,0.0,SIN_CANDIDATO_DE_CONTACTO,0,SIN_MATCH,SIN_MATCH,False,SIN_MATCH,0.0,SIN_MATCH,0.0,0.0,0.0,0.0,0.0,0.0,0.0,0.0,0,NO_APLICA
ft_sal_004175,SIN_MATCH,0.0,SIN_CANDIDATO_DE_CONTACTO,0.0,SIN_CANDIDATO_DE_CONTACTO,0,SIN_MATCH,SIN_MATCH,False,SIN_MATCH,0.0,SIN_MATCH,0.0,0.0,0.0,0.0,0.0,0.0,0.0,0.0,0,NO_APLICA
ft_sal_004176,SIN_MATCH,0.0,SIN_CANDIDATO_DE_CONTACTO,0.0,SIN_CANDIDATO_DE_CONTACTO,0,SIN_MATCH,SIN_MATCH,False,SIN_MATCH,0.0,SIN_MATCH,0.0,0.0,0.0,0.0,0.0,0.0,0.0,0.0,0,NO_APLICA
ft_sal_004182,SIN_MATCH,0.0,SIN_CANDIDATO_DE_CONTACTO,0.0,SIN_CANDIDATO_DE_CONTACTO,0,SIN_MATCH,SIN_MATCH,False,SIN_MATCH,0.0,SIN_MATCH,0.0,0.0,0.0,0.0,0.0,0.0,0.0,0.0,0,NO_APLICA
ft_sal_004183,SIN_MATCH,0.0,SIN_CANDIDATO_DE_CONTACTO,0.0,SIN_CANDIDATO_DE_CONTACTO,0,SIN_MATCH,SIN_MATCH,False,SIN_MATCH,0.0,SIN_MATCH,0.0,0.0,0.0,0.0,0.0,0.0,0.0,0.0,0,NO_APLICA
ft_sal_004189,SIN_MATCH,0.0,SIN_CANDIDATO_DE_CONTACTO,0.0,SIN_CANDIDATO_DE_CONTACTO,0,SIN_MATCH,SIN_MATCH,False,SIN_MATCH,0.0,SIN_MATCH,0.0,0.0,0.0,0.0,0.0,0.0,0.0,0.0,0,NO_APLICA
ft_sal_004191,SIN_MATCH,0.0,SIN_CANDIDATO_DE_CONTACTO,0.0,SIN_CANDIDATO_DE_CONTACTO,0,SIN_MATCH,SIN_MATCH,False,SIN_MATCH,0.0,SIN_MATCH,0.0,0.0,0.0,0.0,0.0,0.0,0.0,0.0,0,NO_APLICA
ft_sal_004192,SIN_MATCH,0.0,SIN_CANDIDATO_DE_CONTACTO,0.0,SIN_CANDIDATO_DE_CONTACTO,0,SIN_MATCH,SIN_MATCH,False,SIN_MATCH,0.0,SIN_MATCH,0.0,0.0,0.0,0.0,0.0,0.0,0.0,0.0,0,NO_APLICA
ft_sal_004194,SIN_MATCH,0.0,SIN_CANDIDATO_DE_CONTACTO,0.0,SIN_CANDIDATO_DE_CONTACTO,0,SIN_MATCH,SIN_MATCH,False,SIN_MATCH,0.0,SIN_MATCH,0.0,0.0,0.0,0.0,0.0,0.0,0.0,0.0,0,NO_APLICA
ft_sal_004196,SIN_MATCH,0.0,SIN_CANDIDATO_DE_CONTACTO,0.0,SIN_CANDIDATO_DE_CONTACTO,0,SIN_MATCH,SIN_MATCH,False,SIN_MATCH,0.0,SIN_MATCH,0.0,0.0,0.0,0.0,0.0,0.0,0.0,0.0,0,NO_APLICA
ft_sal_004197,SIN_MATCH,0.0,SIN_CANDIDATO_DE_CONTACTO,0.0,SIN_CANDIDATO_DE_CONTACTO,0,SIN_MATCH,SIN_MATCH,False,SIN_MATCH,0.0,SIN_MATCH,0.0,0.0,0.0,0.0,0.0,0.0,0.0,0.0,0,NO_APLICA
ft_sal_004201,SIN_MATCH,0.0,SIN_CANDIDATO_DE_CONTACTO,0.0,SIN_CANDIDATO_DE_CONTACTO,0,SIN_MATCH,SIN_MATCH,False,SIN_MATCH,0.0,SIN_MATCH,0.0,0.0,0.0,0.0,0.0,0.0,0.0,0.0,0,NO_APLICA
ft_sal_004210,SIN_MATCH,0.0,SIN_CANDIDATO_DE_CONTACTO,0.0,SIN_CANDIDATO_DE_CONTACTO,0,SIN_MATCH,SIN_MATCH,False,SIN_MATCH,0.0,SIN_MATCH,0.0,0.0,0.0,0.0,0.0,0.0,0.0,0.0,0,NO_APLICA
ft_sal_004211,SIN_MATCH,0.0,SIN_CANDIDATO_DE_CONTACTO,0.0,SIN_CANDIDATO_DE_CONTACTO,0,SIN_MATCH,SIN_MATCH,False,SIN_MATCH,0.0,SIN_MATCH,0.0,0.0,0.0,0.0,0.0,0.0,0.0,0.0,0,NO_APLICA
ft_sal_004212,SIN_MATCH,0.0,SIN_CANDIDATO_DE_CONTACTO,0.0,SIN_CANDIDATO_DE_CONTACTO,0,SIN_MATCH,SIN_MATCH,False,SIN_MATCH,0.0,SIN_MATCH,0.0,0.0,0.0,0.0,0.0,0.0,0.0,0.0,0,NO_APLICA
ft_sal_004213,SIN_MATCH,0.0,SIN_CANDIDATO_DE_CONTACTO,0.0,SIN_CANDIDATO_DE_CONTACTO,0,SIN_MATCH,SIN_MATCH,False,SIN_MATCH,0.0,SIN_MATCH,0.0,0.0,0.0,0.0,0.0,0.0,0.0,0.0,0,NO_APLICA
ft_sal_004219,SIN_MATCH,0.0,SIN_CANDIDATO_DE_CONTACTO,0.0,SIN_CANDIDATO_DE_CONTACTO,0,SIN_MATCH,SIN_MATCH,False,SIN_MATCH,0.0,SIN_MATCH,0.0,0.0,0.0,0.0,0.0,0.0,0.0,0.0,0,NO_APLICA
ft_sal_004220,SIN_MATCH,0.0,SIN_CANDIDATO_DE_CONTACTO,0.0,SIN_CANDIDATO_DE_CONTACTO,0,SIN_MATCH,SIN_MATCH,False,SIN_MATCH,0.0,SIN_MATCH,0.0,0.0,0.0,0.0,0.0,0.0,0.0,0.0,0,NO_APLICA
ft_sal_004221,SIN_MATCH,0.0,SIN_CANDIDATO_DE_CONTACTO,0.0,SIN_CANDIDATO_DE_CONTACTO,0,SIN_MATCH,SIN_MATCH,False,SIN_MATCH,0.0,SIN_MATCH,0.0,0.0,0.0,0.0,0.0,0.0,0.0,0.0,0,NO_APLICA
ft_sal_004224,SIN_MATCH,0.0,SIN_CANDIDATO_DE_CONTACTO,0.0,SIN_CANDIDATO_DE_CONTACTO,0,SIN_MATCH,SIN_MATCH,False,SIN_MATCH,0.0,SIN_MATCH,0.0,0.0,0.0,0.0,0.0,0.0,0.0,0.0,0,NO_APLICA
ft_sal_004226,SIN_MATCH,0.0,EVIDENCIA_INSUFICIENTE,0.0,EVIDENCIA_INSUFICIENTE,1,SIN_MATCH,bm_usr_002641,False,bm_usr_002641,0.58,SIN_MATCH,0.0,0.0,0.0,0.0,0.58,0.0,1.0,0.1714,0,NO_APLICA
ft_sal_004229,SIN_MATCH,0.0,SIN_CANDIDATO_DE_CONTACTO,0.0,SIN_CANDIDATO_DE_CONTACTO,0,SIN_MATCH,SIN_MATCH,False,SIN_MATCH,0.0,SIN_MATCH,0.0,0.0,0.0,0.0,0.0,0.0,0.0,0.0,0,NO_APLICA
ft_sal_004230,SIN_MATCH,0.0,SIN_CANDIDATO_DE_CONTACTO,0.0,SIN_CANDIDATO_DE_CONTACTO,0,SIN_MATCH,SIN_MATCH,False,SIN_MATCH,0.0,SIN_MATCH,0.0,0.0,0.0,0.0,0.0,0.0,0.0,0.0,0,NO_APLICA
ft_sal_004232,SIN_MATCH,0.0,SIN_CANDIDATO_DE_CONTACTO,0.0,SIN_CANDIDATO_DE_CONTACTO,0,SIN_MATCH,SIN_MATCH,False,SIN_MATCH,0.0,SIN_MATCH,0.0,0.0,0.0,0.0,0.0,0.0,0.0,0.0,0,NO_APLICA
ft_sal_004236,SIN_MATCH,0.0,SIN_CANDIDATO_DE_CONTACTO,0.0,SIN_CANDIDATO_DE_CONTACTO,0,SIN_MATCH,SIN_MATCH,False,SIN_MATCH,0.0,SIN_MATCH,0.0,0.0,0.0,0.0,0.0,0.0,0.0,0.0,0,NO_APLICA
ft_sal_004238,SIN_MATCH,0.0,SIN_CANDIDATO_DE_CONTACTO,0.0,SIN_CANDIDATO_DE_CONTACTO,0,SIN_MATCH,SIN_MATCH,False,SIN_MATCH,0.0,SIN_MATCH,0.0,0.0,0.0,0.0,0.0,0.0,0.0,0.0,0,NO_APLICA
ft_sal_004239,SIN_MATCH,0.0,SIN_CANDIDATO_DE_CONTACTO,0.0,SIN_CANDIDATO_DE_CONTACTO,0,SIN_MATCH,SIN_MATCH,False,SIN_MATCH,0.0,SIN_MATCH,0.0,0.0,0.0,0.0,0.0,0.0,0.0,0.0,0,NO_APLICA
ft_sal_004240,SIN_MATCH,0.0,SIN_CANDIDATO_DE_CONTACTO,0.0,SIN_CANDIDATO_DE_CONTACTO,0,SIN_MATCH,SIN_MATCH,False,SIN_MATCH,0.0,SIN_MATCH,0.0,0.0,0.0,0.0,0.0,0.0,0.0,0.0,0,NO_APLICA
ft_sal_004241,SIN_MATCH,0.0,SIN_CANDIDATO_DE_CONTACTO,0.0,SIN_CANDIDATO_DE_CONTACTO,0,SIN_MATCH,SIN_MATCH,False,SIN_MATCH,0.0,SIN_MATCH,0.0,0.0,0.0,0.0,0.0,0.0,0.0,0.0,0,NO_APLICA
ft_sal_004242,SIN_MATCH,0.0,SIN_CANDIDATO_DE_CONTACTO,0.0,SIN_CANDIDATO_DE_CONTACTO,0,SIN_MATCH,SIN_MATCH,False,SIN_MATCH,0.0,SIN_MATCH,0.0,0.0,0.0,0.0,0.0,0.0,0.0,0.0,0,NO_APLICA
ft_sal_004244,SIN_MATCH,0.0,SIN_CANDIDATO_DE_CONTACTO,0.0,SIN_CANDIDATO_DE_CONTACTO,0,SIN_MATCH,SIN_MATCH,False,SIN_MATCH,0.0,SIN_MATCH,0.0,0.0,0.0,0.0,0.0,0.0,0.0,0.0,0,NO_APLICA
ft_sal_004246,SIN_MATCH,0.0,SIN_CANDIDATO_DE_CONTACTO,0.0,SIN_CANDIDATO_DE_CONTACTO,0,SIN_MATCH,SIN_MATCH,False,SIN_MATCH,0.0,SIN_MATCH,0.0,0.0,0.0,0.0,0.0,0.0,0.0,0.0,0,NO_APLICA
ft_sal_004247,SIN_MATCH,0.0,SIN_CANDIDATO_DE_CONTACTO,0.0,SIN_CANDIDATO_DE_CONTACTO,0,SIN_MATCH,SIN_MATCH,False,SIN_MATCH,0.0,SIN_MATCH,0.0,0.0,0.0,0.0,0.0,0.0,0.0,0.0,0,NO_APLICA
ft_sal_004252,SIN_MATCH,0.0,SIN_CANDIDATO_DE_CONTACTO,0.0,SIN_CANDIDATO_DE_CONTACTO,0,SIN_MATCH,SIN_MATCH,False,SIN_MATCH,0.0,SIN_MATCH,0.0,0.0,0.0,0.0,0.0,0.0,0.0,0.0,0,NO_APLICA
ft_sal_004256,SIN_MATCH,0.0,SIN_CANDIDATO_DE_CONTACTO,0.0,SIN_CANDIDATO_DE_CONTACTO,0,SIN_MATCH,SIN_MATCH,False,SIN_MATCH,0.0,SIN_MATCH,0.0,0.0,0.0,0.0,0.0,0.0,0.0,0.0,0,NO_APLICA
ft_sal_004258,SIN_MATCH,0.0,SIN_CANDIDATO_DE_CONTACTO,0.0,SIN_CANDIDATO_DE_CONTACTO,0,SIN_MATCH,SIN_MATCH,False,SIN_MATCH,0.0,SIN_MATCH,0.0,0.0,0.0,0.0,0.0,0.0,0.0,0.0,0,NO_APLICA
ft_sal_004265,SIN_MATCH,0.0,EVIDENCIA_INSUFICIENTE,0.0,EVIDENCIA_INSUFICIENTE,1,bm_usr_005501,SIN_MATCH,False,bm_usr_005501,0.58,SIN_MATCH,0.0,0.0,0.0,0.0,0.58,1.0,0.0,0.3333,0,NO_APLICA
ft_sal_004266,SIN_MATCH,0.0,SIN_CANDIDATO_DE_CONTACTO,0.0,SIN_CANDIDATO_DE_CONTACTO,0,SIN_MATCH,SIN_MATCH,False,SIN_MATCH,0.0,SIN_MATCH,0.0,0.0,0.0,0.0,0.0,0.0,0.0,0.0,0,NO_APLICA
ft_sal_004269,SIN_MATCH,0.0,SIN_CANDIDATO_DE_CONTACTO,0.0,SIN_CANDIDATO_DE_CONTACTO,0,SIN_MATCH,SIN_MATCH,False,SIN_MATCH,0.0,SIN_MATCH,0.0,0.0,0.0,0.0,0.0,0.0,0.0,0.0,0,NO_APLICA
ft_sal_004270,SIN_MATCH,0.0,SIN_CANDIDATO_DE_CONTACTO,0.0,SIN_CANDIDATO_DE_CONTACTO,0,SIN_MATCH,SIN_MATCH,False,SIN_MATCH,0.0,SIN_MATCH,0.0,0.0,0.0,0.0,0.0,0.0,0.0,0.0,0,NO_APLICA
ft_sal_004274,SIN_MATCH,0.0,SIN_CANDIDATO_DE_CONTACTO,0.0,SIN_CANDIDATO_DE_CONTACTO,0,SIN_MATCH,SIN_MATCH,False,SIN_MATCH,0.0,SIN_MATCH,0.0,0.0,0.0,0.0,0.0,0.0,0.0,0.0,0,NO_APLICA
ft_sal_004276,SIN_MATCH,0.0,SIN_CANDIDATO_DE_CONTACTO,0.0,SIN_CANDIDATO_DE_CONTACTO,0,SIN_MATCH,SIN_MATCH,False,SIN_MATCH,0.0,SIN_MATCH,0.0,0.0,0.0,0.0,0.0,0.0,0.0,0.0,0,NO_APLICA
ft_sal_004282,SIN_MATCH,0.0,SIN_CANDIDATO_DE_CONTACTO,0.0,SIN_CANDIDATO_DE_CONTACTO,0,SIN_MATCH,SIN_MATCH,False,SIN_MATCH,0.0,SIN_MATCH,0.0,0.0,0.0,0.0,0.0,0.0,0.0,0.0,0,NO_APLICA
ft_sal_004285,SIN_MATCH,0.0,SIN_CANDIDATO_DE_CONTACTO,0.0,SIN_CANDIDATO_DE_CONTACTO,0,SIN_MATCH,SIN_MATCH,False,SIN_MATCH,0.0,SIN_MATCH,0.0,0.0,0.0,0.0,0.0,0.0,0.0,0.0,0,NO_APLICA
ft_sal_004286,SIN_MATCH,0.0,SIN_CANDIDATO_DE_CONTACTO,0.0,SIN_CANDIDATO_DE_CONTACTO,0,SIN_MATCH,SIN_MATCH,False,SIN_MATCH,0.0,SIN_MATCH,0.0,0.0,0.0,0.0,0.0,0.0,0.0,0.0,0,NO_APLICA
ft_sal_004287,SIN_MATCH,0.0,SIN_CANDIDATO_DE_CONTACTO,0.0,SIN_CANDIDATO_DE_CONTACTO,0,SIN_MATCH,SIN_MATCH,False,SIN_MATCH,0.0,SIN_MATCH,0.0,0.0,0.0,0.0,0.0,0.0,0.0,0.0,0,NO_APLICA
ft_sal_004288,SIN_MATCH,0.0,SIN_CANDIDATO_DE_CONTACTO,0.0,SIN_CANDIDATO_DE_CONTACTO,0,SIN_MATCH,SIN_MATCH,False,SIN_MATCH,0.0,SIN_MATCH,0.0,0.0,0.0,0.0,0.0,0.0,0.0,0.0,0,NO_APLICA
ft_sal_004289,SIN_MATCH,0.0,SIN_CANDIDATO_DE_CONTACTO,0.0,SIN_CANDIDATO_DE_CONTACTO,0,SIN_MATCH,SIN_MATCH,False,SIN_MATCH,0.0,SIN_MATCH,0.0,0.0,0.0,0.0,0.0,0.0,0.0,0.0,0,NO_APLICA
ft_sal_004290,SIN_MATCH,0.0,SIN_CANDIDATO_DE_CONTACTO,0.0,SIN_CANDIDATO_DE_CONTACTO,0,SIN_MATCH,SIN_MATCH,False,SIN_MATCH,0.0,SIN_MATCH,0.0,0.0,0.0,0.0,0.0,0.0,0.0,0.0,0,NO_APLICA
ft_sal_004291,SIN_MATCH,0.0,SIN_CANDIDATO_DE_CONTACTO,0.0,SIN_CANDIDATO_DE_CONTACTO,0,SIN_MATCH,SIN_MATCH,False,SIN_MATCH,0.0,SIN_MATCH,0.0,0.0,0.0,0.0,0.0,0.0,0.0,0.0,0,NO_APLICA
ft_sal_004297,SIN_MATCH,0.0,SIN_CANDIDATO_DE_CONTACTO,0.0,SIN_CANDIDATO_DE_CONTACTO,0,SIN_MATCH,SIN_MATCH,False,SIN_MATCH,0.0,SIN_MATCH,0.0,0.0,0.0,0.0,0.0,0.0,0.0,0.0,0,NO_APLICA
ft_sal_004298,SIN_MATCH,0.0,SIN_CANDIDATO_DE_CONTACTO,0.0,SIN_CANDIDATO_DE_CONTACTO,0,SIN_MATCH,SIN_MATCH,False,SIN_MATCH,0.0,SIN_MATCH,0.0,0.0,0.0,0.0,0.0,0.0,0.0,0.0,0,NO_APLICA
ft_sal_004299,SIN_MATCH,0.0,AMBIGUO,0.0,AMBIGUO,3,bm_usr_001287,bm_usr_000936,True,bm_usr_000936,0.96,bm_usr_001287,0.96,1.0,0.0,1.0,0.0,0.0,1.0,1.0,2,ALIAS_CONTRADICTORIOS
ft_sal_004303,SIN_MATCH,0.0,SIN_CANDIDATO_DE_CONTACTO,0.0,SIN_CANDIDATO_DE_CONTACTO,0,SIN_MATCH,SIN_MATCH,False,SIN_MATCH,0.0,SIN_MATCH,0.0,0.0,0.0,0.0,0.0,0.0,0.0,0.0,0,NO_APLICA
ft_sal_004304,SIN_MATCH,0.0,SIN_CANDIDATO_DE_CONTACTO,0.0,SIN_CANDIDATO_DE_CONTACTO,0,SIN_MATCH,SIN_MATCH,False,SIN_MATCH,0.0,SIN_MATCH,0.0,0.0,0.0,0.0,0.0,0.0,0.0,0.0,0,NO_APLICA
ft_sal_004305,SIN_MATCH,0.0,SIN_CANDIDATO_DE_CONTACTO,0.0,SIN_CANDIDATO_DE_CONTACTO,0,SIN_MATCH,SIN_MATCH,False,SIN_MATCH,0.0,SIN_MATCH,0.0,0.0,0.0,0.0,0.0,0.0,0.0,0.0,0,NO_APLICA
ft_sal_004312,SIN_MATCH,0.0,SIN_CANDIDATO_DE_CONTACTO,0.0,SIN_CANDIDATO_DE_CONTACTO,0,SIN_MATCH,SIN_MATCH,False,SIN_MATCH,0.0,SIN_MATCH,0.0,0.0,0.0,0.0,0.0,0.0,0.0,0.0,0,NO_APLICA
ft_sal_004313,SIN_MATCH,0.0,SIN_CANDIDATO_DE_CONTACTO,0.0,SIN_CANDIDATO_DE_CONTACTO,0,SIN_MATCH,SIN_MATCH,False,SIN_MATCH,0.0,SIN_MATCH,0.0,0.0,0.0,0.0,0.0,0.0,0.0,0.0,0,NO_APLICA
ft_sal_004318,SIN_MATCH,0.0,EVIDENCIA_INSUFICIENTE,0.0,EVIDENCIA_INSUFICIENTE,1,bm_usr_001788,SIN_MATCH,False,bm_usr_001788,0.58,SIN_MATCH,0.0,0.0,0.0,0.0,0.58,1.0,0.0,0.4242,0,NO_APLICA
ft_sal_004321,SIN_MATCH,0.0,SIN_CANDIDATO_DE_CONTACTO,0.0,SIN_CANDIDATO_DE_CONTACTO,0,SIN_MATCH,SIN_MATCH,False,SIN_MATCH,0.0,SIN_MATCH,0.0,0.0,0.0,0.0,0.0,0.0,0.0,0.0,0,NO_APLICA
ft_sal_004326,SIN_MATCH,0.0,SIN_CANDIDATO_DE_CONTACTO,0.0,SIN_CANDIDATO_DE_CONTACTO,0,SIN_MATCH,SIN_MATCH,False,SIN_MATCH,0.0,SIN_MATCH,0.0,0.0,0.0,0.0,0.0,0.0,0.0,0.0,0,NO_APLICA
ft_sal_004328,SIN_MATCH,0.0,SIN_CANDIDATO_DE_CONTACTO,0.0,SIN_CANDIDATO_DE_CONTACTO,0,SIN_MATCH,SIN_MATCH,False,SIN_MATCH,0.0,SIN_MATCH,0.0,0.0,0.0,0.0,0.0,0.0,0.0,0.0,0,NO_APLICA
ft_sal_004330,SIN_MATCH,0.0,SIN_CANDIDATO_DE_CONTACTO,0.0,SIN_CANDIDATO_DE_CONTACTO,0,SIN_MATCH,SIN_MATCH,False,SIN_MATCH,0.0,SIN_MATCH,0.0,0.0,0.0,0.0,0.0,0.0,0.0,0.0,0,NO_APLICA
ft_sal_004333,SIN_MATCH,0.0,SIN_CANDIDATO_DE_CONTACTO,0.0,SIN_CANDIDATO_DE_CONTACTO,0,SIN_MATCH,SIN_MATCH,False,SIN_MATCH,0.0,SIN_MATCH,0.0,0.0,0.0,0.0,0.0,0.0,0.0,0.0,0,NO_APLICA
ft_sal_004339,SIN_MATCH,0.0,SIN_CANDIDATO_DE_CONTACTO,0.0,SIN_CANDIDATO_DE_CONTACTO,0,SIN_MATCH,SIN_MATCH,False,SIN_MATCH,0.0,SIN_MATCH,0.0,0.0,0.0,0.0,0.0,0.0,0.0,0.0,0,NO_APLICA
ft_sal_004341,SIN_MATCH,0.0,SIN_CANDIDATO_DE_CONTACTO,0.0,SIN_CANDIDATO_DE_CONTACTO,0,SIN_MATCH,SIN_MATCH,False,SIN_MATCH,0.0,SIN_MATCH,0.0,0.0,0.0,0.0,0.0,0.0,0.0,0.0,0,NO_APLICA
ft_sal_004343,SIN_MATCH,0.0,SIN_CANDIDATO_DE_CONTACTO,0.0,SIN_CANDIDATO_DE_CONTACTO,0,SIN_MATCH,SIN_MATCH,False,SIN_MATCH,0.0,SIN_MATCH,0.0,0.0,0.0,0.0,0.0,0.0,0.0,0.0,0,NO_APLICA
ft_sal_004351,SIN_MATCH,0.0,SIN_CANDIDATO_DE_CONTACTO,0.0,SIN_CANDIDATO_DE_CONTACTO,0,SIN_MATCH,SIN_MATCH,False,SIN_MATCH,0.0,SIN_MATCH,0.0,0.0,0.0,0.0,0.0,0.0,0.0,0.0,0,NO_APLICA
ft_sal_004354,SIN_MATCH,0.0,SIN_CANDIDATO_DE_CONTACTO,0.0,SIN_CANDIDATO_DE_CONTACTO,0,SIN_MATCH,SIN_MATCH,False,SIN_MATCH,0.0,SIN_MATCH,0.0,0.0,0.0,0.0,0.0,0.0,0.0,0.0,0,NO_APLICA
ft_sal_004355,SIN_MATCH,0.0,SIN_CANDIDATO_DE_CONTACTO,0.0,SIN_CANDIDATO_DE_CONTACTO,0,SIN_MATCH,SIN_MATCH,False,SIN_MATCH,0.0,SIN_MATCH,0.0,0.0,0.0,0.0,0.0,0.0,0.0,0.0,0,NO_APLICA
ft_sal_004357,SIN_MATCH,0.0,SIN_CANDIDATO_DE_CONTACTO,0.0,SIN_CANDIDATO_DE_CONTACTO,0,SIN_MATCH,SIN_MATCH,False,SIN_MATCH,0.0,SIN_MATCH,0.0,0.0,0.0,0.0,0.0,0.0,0.0,0.0,0,NO_APLICA
ft_sal_004358,SIN_MATCH,0.0,EVIDENCIA_INSUFICIENTE,0.0,EVIDENCIA_INSUFICIENTE,1,bm_usr_003085,SIN_MATCH,False,bm_usr_003085,0.58,SIN_MATCH,0.0,0.0,0.0,0.0,0.58,1.0,0.0,0.375,0,NO_APLICA
ft_sal_004359,SIN_MATCH,0.0,SIN_CANDIDATO_DE_CONTACTO,0.0,SIN_CANDIDATO_DE_CONTACTO,0,SIN_MATCH,SIN_MATCH,False,SIN_MATCH,0.0,SIN_MATCH,0.0,0.0,0.0,0.0,0.0,0.0,0.0,0.0,0,NO_APLICA
ft_sal_004361,SIN_MATCH,0.0,SIN_CANDIDATO_DE_CONTACTO,0.0,SIN_CANDIDATO_DE_CONTACTO,0,SIN_MATCH,SIN_MATCH,False,SIN_MATCH,0.0,SIN_MATCH,0.0,0.0,0.0,0.0,0.0,0.0,0.0,0.0,0,NO_APLICA
ft_sal_004366,SIN_MATCH,0.0,SIN_CANDIDATO_DE_CONTACTO,0.0,SIN_CANDIDATO_DE_CONTACTO,0,SIN_MATCH,SIN_MATCH,False,SIN_MATCH,0.0,SIN_MATCH,0.0,0.0,0.0,0.0,0.0,0.0,0.0,0.0,0,NO_APLICA
ft_sal_004367,SIN_MATCH,0.0,SIN_CANDIDATO_DE_CONTACTO,0.0,SIN_CANDIDATO_DE_CONTACTO,0,SIN_MATCH,SIN_MATCH,False,SIN_MATCH,0.0,SIN_MATCH,0.0,0.0,0.0,0.0,0.0,0.0,0.0,0.0,0,NO_APLICA
ft_sal_004371,SIN_MATCH,0.0,SIN_CANDIDATO_DE_CONTACTO,0.0,SIN_CANDIDATO_DE_CONTACTO,0,SIN_MATCH,SIN_MATCH,False,SIN_MATCH,0.0,SIN_MATCH,0.0,0.0,0.0,0.0,0.0,0.0,0.0,0.0,0,NO_APLICA
ft_sal_004375,SIN_MATCH,0.0,SIN_CANDIDATO_DE_CONTACTO,0.0,SIN_CANDIDATO_DE_CONTACTO,0,SIN_MATCH,SIN_MATCH,False,SIN_MATCH,0.0,SIN_MATCH,0.0,0.0,0.0,0.0,0.0,0.0,0.0,0.0,0,NO_APLICA
ft_sal_004377,SIN_MATCH,0.0,SIN_CANDIDATO_DE_CONTACTO,0.0,SIN_CANDIDATO_DE_CONTACTO,0,SIN_MATCH,SIN_MATCH,False,SIN_MATCH,0.0,SIN_MATCH,0.0,0.0,0.0,0.0,0.0,0.0,0.0,0.0,0,NO_APLICA
ft_sal_004384,SIN_MATCH,0.0,SIN_CANDIDATO_DE_CONTACTO,0.0,SIN_CANDIDATO_DE_CONTACTO,0,SIN_MATCH,SIN_MATCH,False,SIN_MATCH,0.0,SIN_MATCH,0.0,0.0,0.0,0.0,0.0,0.0,0.0,0.0,0,NO_APLICA
ft_sal_004386,SIN_MATCH,0.0,SIN_CANDIDATO_DE_CONTACTO,0.0,SIN_CANDIDATO_DE_CONTACTO,0,SIN_MATCH,SIN_MATCH,False,SIN_MATCH,0.0,SIN_MATCH,0.0,0.0,0.0,0.0,0.0,0.0,0.0,0.0,0,NO_APLICA
ft_sal_004387,SIN_MATCH,0.0,SIN_CANDIDATO_DE_CONTACTO,0.0,SIN_CANDIDATO_DE_CONTACTO,0,SIN_MATCH,SIN_MATCH,False,SIN_MATCH,0.0,SIN_MATCH,0.0,0.0,0.0,0.0,0.0,0.0,0.0,0.0,0,NO_APLICA
ft_sal_004392,SIN_MATCH,0.0,SIN_CANDIDATO_DE_CONTACTO,0.0,SIN_CANDIDATO_DE_CONTACTO,0,SIN_MATCH,SIN_MATCH,False,SIN_MATCH,0.0,SIN_MATCH,0.0,0.0,0.0,0.0,0.0,0.0,0.0,0.0,0,NO_APLICA
ft_sal_004398,SIN_MATCH,0.0,SIN_CANDIDATO_DE_CONTACTO,0.0,SIN_CANDIDATO_DE_CONTACTO,0,SIN_MATCH,SIN_MATCH,False,SIN_MATCH,0.0,SIN_MATCH,0.0,0.0,0.0,0.0,0.0,0.0,0.0,0.0,0,NO_APLICA
ft_sal_004400,SIN_MATCH,0.0,SIN_CANDIDATO_DE_CONTACTO,0.0,SIN_CANDIDATO_DE_CONTACTO,0,SIN_MATCH,SIN_MATCH,False,SIN_MATCH,0.0,SIN_MATCH,0.0,0.0,0.0,0.0,0.0,0.0,0.0,0.0,0,NO_APLICA
ft_sal_004407,SIN_MATCH,0.0,SIN_CANDIDATO_DE_CONTACTO,0.0,SIN_CANDIDATO_DE_CONTACTO,0,SIN_MATCH,SIN_MATCH,False,SIN_MATCH,0.0,SIN_MATCH,0.0,0.0,0.0,0.0,0.0,0.0,0.0,0.0,0,NO_APLICA
ft_sal_004408,SIN_MATCH,0.0,SIN_CANDIDATO_DE_CONTACTO,0.0,SIN_CANDIDATO_DE_CONTACTO,0,SIN_MATCH,SIN_MATCH,False,SIN_MATCH,0.0,SIN_MATCH,0.0,0.0,0.0,0.0,0.0,0.0,0.0,0.0,0,NO_APLICA
ft_sal_004409,SIN_MATCH,0.0,SIN_CANDIDATO_DE_CONTACTO,0.0,SIN_CANDIDATO_DE_CONTACTO,0,SIN_MATCH,SIN_MATCH,False,SIN_MATCH,0.0,SIN_MATCH,0.0,0.0,0.0,0.0,0.0,0.0,0.0,0.0,0,NO_APLICA
ft_sal_004413,SIN_MATCH,0.0,SIN_CANDIDATO_DE_CONTACTO,0.0,SIN_CANDIDATO_DE_CONTACTO,0,SIN_MATCH,SIN_MATCH,False,SIN_MATCH,0.0,SIN_MATCH,0.0,0.0,0.0,0.0,0.0,0.0,0.0,0.0,0,NO_APLICA
ft_sal_004414,SIN_MATCH,0.0,SIN_CANDIDATO_DE_CONTACTO,0.0,SIN_CANDIDATO_DE_CONTACTO,0,SIN_MATCH,SIN_MATCH,False,SIN_MATCH,0.0,SIN_MATCH,0.0,0.0,0.0,0.0,0.0,0.0,0.0,0.0,0,NO_APLICA
ft_sal_004415,SIN_MATCH,0.0,SIN_CANDIDATO_DE_CONTACTO,0.0,SIN_CANDIDATO_DE_CONTACTO,0,SIN_MATCH,SIN_MATCH,False,SIN_MATCH,0.0,SIN_MATCH,0.0,0.0,0.0,0.0,0.0,0.0,0.0,0.0,0,NO_APLICA
ft_sal_004417,SIN_MATCH,0.0,SIN_CANDIDATO_DE_CONTACTO,0.0,SIN_CANDIDATO_DE_CONTACTO,0,SIN_MATCH,SIN_MATCH,False,SIN_MATCH,0.0,SIN_MATCH,0.0,0.0,0.0,0.0,0.0,0.0,0.0,0.0,0,NO_APLICA
ft_sal_004418,SIN_MATCH,0.0,SIN_CANDIDATO_DE_CONTACTO,0.0,SIN_CANDIDATO_DE_CONTACTO,0,SIN_MATCH,SIN_MATCH,False,SIN_MATCH,0.0,SIN_MATCH,0.0,0.0,0.0,0.0,0.0,0.0,0.0,0.0,0,NO_APLICA
ft_sal_004419,SIN_MATCH,0.0,SIN_CANDIDATO_DE_CONTACTO,0.0,SIN_CANDIDATO_DE_CONTACTO,0,SIN_MATCH,SIN_MATCH,False,SIN_MATCH,0.0,SIN_MATCH,0.0,0.0,0.0,0.0,0.0,0.0,0.0,0.0,0,NO_APLICA
ft_sal_004422,SIN_MATCH,0.0,SIN_CANDIDATO_DE_CONTACTO,0.0,SIN_CANDIDATO_DE_CONTACTO,0,SIN_MATCH,SIN_MATCH,False,SIN_MATCH,0.0,SIN_MATCH,0.0,0.0,0.0,0.0,0.0,0.0,0.0,0.0,0,NO_APLICA
ft_sal_004424,SIN_MATCH,0.0,SIN_CANDIDATO_DE_CONTACTO,0.0,SIN_CANDIDATO_DE_CONTACTO,0,SIN_MATCH,SIN_MATCH,False,SIN_MATCH,0.0,SIN_MATCH,0.0,0.0,0.0,0.0,0.0,0.0,0.0,0.0,0,NO_APLICA
ft_sal_004425,SIN_MATCH,0.0,SIN_CANDIDATO_DE_CONTACTO,0.0,SIN_CANDIDATO_DE_CONTACTO,0,SIN_MATCH,SIN_MATCH,False,SIN_MATCH,0.0,SIN_MATCH,0.0,0.0,0.0,0.0,0.0,0.0,0.0,0.0,0,NO_APLICA
ft_sal_004431,SIN_MATCH,0.0,SIN_CANDIDATO_DE_CONTACTO,0.0,SIN_CANDIDATO_DE_CONTACTO,0,SIN_MATCH,SIN_MATCH,False,SIN_MATCH,0.0,SIN_MATCH,0.0,0.0,0.0,0.0,0.0,0.0,0.0,0.0,0,NO_APLICA
ft_sal_004432,SIN_MATCH,0.0,SIN_CANDIDATO_DE_CONTACTO,0.0,SIN_CANDIDATO_DE_CONTACTO,0,SIN_MATCH,SIN_MATCH,False,SIN_MATCH,0.0,SIN_MATCH,0.0,0.0,0.0,0.0,0.0,0.0,0.0,0.0,0,NO_APLICA
ft_sal_004433,SIN_MATCH,0.0,SIN_CANDIDATO_DE_CONTACTO,0.0,SIN_CANDIDATO_DE_CONTACTO,0,SIN_MATCH,SIN_MATCH,False,SIN_MATCH,0.0,SIN_MATCH,0.0,0.0,0.0,0.0,0.0,0.0,0.0,0.0,0,NO_APLICA
ft_sal_004435,SIN_MATCH,0.0,SIN_CANDIDATO_DE_CONTACTO,0.0,SIN_CANDIDATO_DE_CONTACTO,0,SIN_MATCH,SIN_MATCH,False,SIN_MATCH,0.0,SIN_MATCH,0.0,0.0,0.0,0.0,0.0,0.0,0.0,0.0,0,NO_APLICA
ft_sal_004439,SIN_MATCH,0.0,SIN_CANDIDATO_DE_CONTACTO,0.0,SIN_CANDIDATO_DE_CONTACTO,0,SIN_MATCH,SIN_MATCH,False,SIN_MATCH,0.0,SIN_MATCH,0.0,0.0,0.0,0.0,0.0,0.0,0.0,0.0,0,NO_APLICA
ft_sal_004440,SIN_MATCH,0.0,SIN_CANDIDATO_DE_CONTACTO,0.0,SIN_CANDIDATO_DE_CONTACTO,0,SIN_MATCH,SIN_MATCH,False,SIN_MATCH,0.0,SIN_MATCH,0.0,0.0,0.0,0.0,0.0,0.0,0.0,0.0,0,NO_APLICA
ft_sal_004444,SIN_MATCH,0.0,SIN_CANDIDATO_DE_CONTACTO,0.0,SIN_CANDIDATO_DE_CONTACTO,0,SIN_MATCH,SIN_MATCH,False,SIN_MATCH,0.0,SIN_MATCH,0.0,0.0,0.0,0.0,0.0,0.0,0.0,0.0,0,NO_APLICA
ft_sal_004447,SIN_MATCH,0.0,SIN_CANDIDATO_DE_CONTACTO,0.0,SIN_CANDIDATO_DE_CONTACTO,0,SIN_MATCH,SIN_MATCH,False,SIN_MATCH,0.0,SIN_MATCH,0.0,0.0,0.0,0.0,0.0,0.0,0.0,0.0,0,NO_APLICA
ft_sal_004451,SIN_MATCH,0.0,SIN_CANDIDATO_DE_CONTACTO,0.0,SIN_CANDIDATO_DE_CONTACTO,0,SIN_MATCH,SIN_MATCH,False,SIN_MATCH,0.0,SIN_MATCH,0.0,0.0,0.0,0.0,0.0,0.0,0.0,0.0,0,NO_APLICA
ft_sal_004453,SIN_MATCH,0.0,EVIDENCIA_INSUFICIENTE,0.0,EVIDENCIA_INSUFICIENTE,1,SIN_MATCH,SIN_MATCH,False,bm_usr_002764,0.45,SIN_MATCH,0.0,0.0,0.0,0.0,0.45,0.0,0.9,0.24,0,NO_APLICA
ft_sal_004454,SIN_MATCH,0.0,SIN_CANDIDATO_DE_CONTACTO,0.0,SIN_CANDIDATO_DE_CONTACTO,0,SIN_MATCH,SIN_MATCH,False,SIN_MATCH,0.0,SIN_MATCH,0.0,0.0,0.0,0.0,0.0,0.0,0.0,0.0,0,NO_APLICA
ft_sal_004455,SIN_MATCH,0.0,SIN_CANDIDATO_DE_CONTACTO,0.0,SIN_CANDIDATO_DE_CONTACTO,0,SIN_MATCH,SIN_MATCH,False,SIN_MATCH,0.0,SIN_MATCH,0.0,0.0,0.0,0.0,0.0,0.0,0.0,0.0,0,NO_APLICA
ft_sal_004463,SIN_MATCH,0.0,SIN_CANDIDATO_DE_CONTACTO,0.0,SIN_CANDIDATO_DE_CONTACTO,0,SIN_MATCH,SIN_MATCH,False,SIN_MATCH,0.0,SIN_MATCH,0.0,0.0,0.0,0.0,0.0,0.0,0.0,0.0,0,NO_APLICA
ft_sal_004465,SIN_MATCH,0.0,SIN_CANDIDATO_DE_CONTACTO,0.0,SIN_CANDIDATO_DE_CONTACTO,0,SIN_MATCH,SIN_MATCH,False,SIN_MATCH,0.0,SIN_MATCH,0.0,0.0,0.0,0.0,0.0,0.0,0.0,0.0,0,NO_APLICA
ft_sal_004466,SIN_MATCH,0.0,SIN_CANDIDATO_DE_CONTACTO,0.0,SIN_CANDIDATO_DE_CONTACTO,0,SIN_MATCH,SIN_MATCH,False,SIN_MATCH,0.0,SIN_MATCH,0.0,0.0,0.0,0.0,0.0,0.0,0.0,0.0,0,NO_APLICA
ft_sal_004468,SIN_MATCH,0.0,SIN_CANDIDATO_DE_CONTACTO,0.0,SIN_CANDIDATO_DE_CONTACTO,0,SIN_MATCH,SIN_MATCH,False,SIN_MATCH,0.0,SIN_MATCH,0.0,0.0,0.0,0.0,0.0,0.0,0.0,0.0,0,NO_APLICA
ft_sal_004470,SIN_MATCH,0.0,SIN_CANDIDATO_DE_CONTACTO,0.0,SIN_CANDIDATO_DE_CONTACTO,0,SIN_MATCH,SIN_MATCH,False,SIN_MATCH,0.0,SIN_MATCH,0.0,0.0,0.0,0.0,0.0,0.0,0.0,0.0,0,NO_APLICA
ft_sal_004472,SIN_MATCH,0.0,SIN_CANDIDATO_DE_CONTACTO,0.0,SIN_CANDIDATO_DE_CONTACTO,0,SIN_MATCH,SIN_MATCH,False,SIN_MATCH,0.0,SIN_MATCH,0.0,0.0,0.0,0.0,0.0,0.0,0.0,0.0,0,NO_APLICA
ft_sal_004473,SIN_MATCH,0.0,SIN_CANDIDATO_DE_CONTACTO,0.0,SIN_CANDIDATO_DE_CONTACTO,0,SIN_MATCH,SIN_MATCH,False,SIN_MATCH,0.0,SIN_MATCH,0.0,0.0,0.0,0.0,0.0,0.0,0.0,0.0,0,NO_APLICA
ft_sal_004476,SIN_MATCH,0.0,SIN_CANDIDATO_DE_CONTACTO,0.0,SIN_CANDIDATO_DE_CONTACTO,0,SIN_MATCH,SIN_MATCH,False,SIN_MATCH,0.0,SIN_MATCH,0.0,0.0,0.0,0.0,0.0,0.0,0.0,0.0,0,NO_APLICA
ft_sal_004481,SIN_MATCH,0.0,SIN_CANDIDATO_DE_CONTACTO,0.0,SIN_CANDIDATO_DE_CONTACTO,0,SIN_MATCH,SIN_MATCH,False,SIN_MATCH,0.0,SIN_MATCH,0.0,0.0,0.0,0.0,0.0,0.0,0.0,0.0,0,NO_APLICA
ft_sal_004484,SIN_MATCH,0.0,SIN_CANDIDATO_DE_CONTACTO,0.0,SIN_CANDIDATO_DE_CONTACTO,0,SIN_MATCH,SIN_MATCH,False,SIN_MATCH,0.0,SIN_MATCH,0.0,0.0,0.0,0.0,0.0,0.0,0.0,0.0,0,NO_APLICA
ft_sal_004485,SIN_MATCH,0.0,SIN_CANDIDATO_DE_CONTACTO,0.0,SIN_CANDIDATO_DE_CONTACTO,0,SIN_MATCH,SIN_MATCH,False,SIN_MATCH,0.0,SIN_MATCH,0.0,0.0,0.0,0.0,0.0,0.0,0.0,0.0,0,NO_APLICA
ft_sal_004486,SIN_MATCH,0.0,SIN_CANDIDATO_DE_CONTACTO,0.0,SIN_CANDIDATO_DE_CONTACTO,0,SIN_MATCH,SIN_MATCH,False,SIN_MATCH,0.0,SIN_MATCH,0.0,0.0,0.0,0.0,0.0,0.0,0.0,0.0,0,NO_APLICA
ft_sal_004489,SIN_MATCH,0.0,SIN_CANDIDATO_DE_CONTACTO,0.0,SIN_CANDIDATO_DE_CONTACTO,0,SIN_MATCH,SIN_MATCH,False,SIN_MATCH,0.0,SIN_MATCH,0.0,0.0,0.0,0.0,0.0,0.0,0.0,0.0,0,NO_APLICA
ft_sal_004496,SIN_MATCH,0.0,SIN_CANDIDATO_DE_CONTACTO,0.0,SIN_CANDIDATO_DE_CONTACTO,0,SIN_MATCH,SIN_MATCH,False,SIN_MATCH,0.0,SIN_MATCH,0.0,0.0,0.0,0.0,0.0,0.0,0.0,0.0,0,NO_APLICA
ft_sal_004497,SIN_MATCH,0.0,SIN_CANDIDATO_DE_CONTACTO,0.0,SIN_CANDIDATO_DE_CONTACTO,0,SIN_MATCH,SIN_MATCH,False,SIN_MATCH,0.0,SIN_MATCH,0.0,0.0,0.0,0.0,0.0,0.0,0.0,0.0,0,NO_APLICA
ft_sal_004498,SIN_MATCH,0.0,SIN_CANDIDATO_DE_CONTACTO,0.0,SIN_CANDIDATO_DE_CONTACTO,0,SIN_MATCH,SIN_MATCH,False,SIN_MATCH,0.0,SIN_MATCH,0.0,0.0,0.0,0.0,0.0,0.0,0.0,0.0,0,NO_APLICA
ft_sal_004501,SIN_MATCH,0.0,SIN_CANDIDATO_DE_CONTACTO,0.0,SIN_CANDIDATO_DE_CONTACTO,0,SIN_MATCH,SIN_MATCH,False,SIN_MATCH,0.0,SIN_MATCH,0.0,0.0,0.0,0.0,0.0,0.0,0.0,0.0,0,NO_APLICA
ft_sal_004504,SIN_MATCH,0.0,SIN_CANDIDATO_DE_CONTACTO,0.0,SIN_CANDIDATO_DE_CONTACTO,0,SIN_MATCH,SIN_MATCH,False,SIN_MATCH,0.0,SIN_MATCH,0.0,0.0,0.0,0.0,0.0,0.0,0.0,0.0,0,NO_APLICA
ft_sal_004506,SIN_MATCH,0.0,SIN_CANDIDATO_DE_CONTACTO,0.0,SIN_CANDIDATO_DE_CONTACTO,0,SIN_MATCH,SIN_MATCH,False,SIN_MATCH,0.0,SIN_MATCH,0.0,0.0,0.0,0.0,0.0,0.0,0.0,0.0,0,NO_APLICA
ft_sal_004508,SIN_MATCH,0.0,SIN_CANDIDATO_DE_CONTACTO,0.0,SIN_CANDIDATO_DE_CONTACTO,0,SIN_MATCH,SIN_MATCH,False,SIN_MATCH,0.0,SIN_MATCH,0.0,0.0,0.0,0.0,0.0,0.0,0.0,0.0,0,NO_APLICA
ft_sal_004510,SIN_MATCH,0.0,SIN_CANDIDATO_DE_CONTACTO,0.0,SIN_CANDIDATO_DE_CONTACTO,0,SIN_MATCH,SIN_MATCH,False,SIN_MATCH,0.0,SIN_MATCH,0.0,0.0,0.0,0.0,0.0,0.0,0.0,0.0,0,NO_APLICA
ft_sal_004511,SIN_MATCH,0.0,SIN_CANDIDATO_DE_CONTACTO,0.0,SIN_CANDIDATO_DE_CONTACTO,0,SIN_MATCH,SIN_MATCH,False,SIN_MATCH,0.0,SIN_MATCH,0.0,0.0,0.0,0.0,0.0,0.0,0.0,0.0,0,NO_APLICA
ft_sal_004513,SIN_MATCH,0.0,SIN_CANDIDATO_DE_CONTACTO,0.0,SIN_CANDIDATO_DE_CONTACTO,0,SIN_MATCH,SIN_MATCH,False,SIN_MATCH,0.0,SIN_MATCH,0.0,0.0,0.0,0.0,0.0,0.0,0.0,0.0,0,NO_APLICA
ft_sal_004514,SIN_MATCH,0.0,SIN_CANDIDATO_DE_CONTACTO,0.0,SIN_CANDIDATO_DE_CONTACTO,0,SIN_MATCH,SIN_MATCH,False,SIN_MATCH,0.0,SIN_MATCH,0.0,0.0,0.0,0.0,0.0,0.0,0.0,0.0,0,NO_APLICA
ft_sal_004515,SIN_MATCH,0.0,SIN_CANDIDATO_DE_CONTACTO,0.0,SIN_CANDIDATO_DE_CONTACTO,0,SIN_MATCH,SIN_MATCH,False,SIN_MATCH,0.0,SIN_MATCH,0.0,0.0,0.0,0.0,0.0,0.0,0.0,0.0,0,NO_APLICA
ft_sal_004517,SIN_MATCH,0.0,SIN_CANDIDATO_DE_CONTACTO,0.0,SIN_CANDIDATO_DE_CONTACTO,0,SIN_MATCH,SIN_MATCH,False,SIN_MATCH,0.0,SIN_MATCH,0.0,0.0,0.0,0.0,0.0,0.0,0.0,0.0,0,NO_APLICA
ft_sal_004518,SIN_MATCH,0.0,SIN_CANDIDATO_DE_CONTACTO,0.0,SIN_CANDIDATO_DE_CONTACTO,0,SIN_MATCH,SIN_MATCH,False,SIN_MATCH,0.0,SIN_MATCH,0.0,0.0,0.0,0.0,0.0,0.0,0.0,0.0,0,NO_APLICA
ft_sal_004519,SIN_MATCH,0.0,SIN_CANDIDATO_DE_CONTACTO,0.0,SIN_CANDIDATO_DE_CONTACTO,0,SIN_MATCH,SIN_MATCH,False,SIN_MATCH,0.0,SIN_MATCH,0.0,0.0,0.0,0.0,0.0,0.0,0.0,0.0,0,NO_APLICA
ft_sal_004520,SIN_MATCH,0.0,SIN_CANDIDATO_DE_CONTACTO,0.0,SIN_CANDIDATO_DE_CONTACTO,0,SIN_MATCH,SIN_MATCH,False,SIN_MATCH,0.0,SIN_MATCH,0.0,0.0,0.0,0.0,0.0,0.0,0.0,0.0,0,NO_APLICA
ft_sal_004524,SIN_MATCH,0.0,SIN_CANDIDATO_DE_CONTACTO,0.0,SIN_CANDIDATO_DE_CONTACTO,0,SIN_MATCH,SIN_MATCH,False,SIN_MATCH,0.0,SIN_MATCH,0.0,0.0,0.0,0.0,0.0,0.0,0.0,0.0,0,NO_APLICA
ft_sal_004528,SIN_MATCH,0.0,SIN_CANDIDATO_DE_CONTACTO,0.0,SIN_CANDIDATO_DE_CONTACTO,0,SIN_MATCH,SIN_MATCH,False,SIN_MATCH,0.0,SIN_MATCH,0.0,0.0,0.0,0.0,0.0,0.0,0.0,0.0,0,NO_APLICA
ft_sal_004534,SIN_MATCH,0.0,SIN_CANDIDATO_DE_CONTACTO,0.0,SIN_CANDIDATO_DE_CONTACTO,0,SIN_MATCH,SIN_MATCH,False,SIN_MATCH,0.0,SIN_MATCH,0.0,0.0,0.0,0.0,0.0,0.0,0.0,0.0,0,NO_APLICA
ft_sal_004535,SIN_MATCH,0.0,SIN_CANDIDATO_DE_CONTACTO,0.0,SIN_CANDIDATO_DE_CONTACTO,0,SIN_MATCH,SIN_MATCH,False,SIN_MATCH,0.0,SIN_MATCH,0.0,0.0,0.0,0.0,0.0,0.0,0.0,0.0,0,NO_APLICA
ft_sal_004540,SIN_MATCH,0.0,SIN_CANDIDATO_DE_CONTACTO,0.0,SIN_CANDIDATO_DE_CONTACTO,0,SIN_MATCH,SIN_MATCH,False,SIN_MATCH,0.0,SIN_MATCH,0.0,0.0,0.0,0.0,0.0,0.0,0.0,0.0,0,NO_APLICA
ft_sal_004542,SIN_MATCH,0.0,SIN_CANDIDATO_DE_CONTACTO,0.0,SIN_CANDIDATO_DE_CONTACTO,0,SIN_MATCH,SIN_MATCH,False,SIN_MATCH,0.0,SIN_MATCH,0.0,0.0,0.0,0.0,0.0,0.0,0.0,0.0,0,NO_APLICA
ft_sal_004545,SIN_MATCH,0.0,SIN_CANDIDATO_DE_CONTACTO,0.0,SIN_CANDIDATO_DE_CONTACTO,0,SIN_MATCH,SIN_MATCH,False,SIN_MATCH,0.0,SIN_MATCH,0.0,0.0,0.0,0.0,0.0,0.0,0.0,0.0,0,NO_APLICA
ft_sal_004547,SIN_MATCH,0.0,SIN_CANDIDATO_DE_CONTACTO,0.0,SIN_CANDIDATO_DE_CONTACTO,0,SIN_MATCH,SIN_MATCH,False,SIN_MATCH,0.0,SIN_MATCH,0.0,0.0,0.0,0.0,0.0,0.0,0.0,0.0,0,NO_APLICA
ft_sal_004550,SIN_MATCH,0.0,SIN_CANDIDATO_DE_CONTACTO,0.0,SIN_CANDIDATO_DE_CONTACTO,0,SIN_MATCH,SIN_MATCH,False,SIN_MATCH,0.0,SIN_MATCH,0.0,0.0,0.0,0.0,0.0,0.0,0.0,0.0,0,NO_APLICA
ft_sal_004554,SIN_MATCH,0.0,SIN_CANDIDATO_DE_CONTACTO,0.0,SIN_CANDIDATO_DE_CONTACTO,0,SIN_MATCH,SIN_MATCH,False,SIN_MATCH,0.0,SIN_MATCH,0.0,0.0,0.0,0.0,0.0,0.0,0.0,0.0,0,NO_APLICA
ft_sal_004555,SIN_MATCH,0.0,SIN_CANDIDATO_DE_CONTACTO,0.0,SIN_CANDIDATO_DE_CONTACTO,0,SIN_MATCH,SIN_MATCH,False,SIN_MATCH,0.0,SIN_MATCH,0.0,0.0,0.0,0.0,0.0,0.0,0.0,0.0,0,NO_APLICA
ft_sal_004557,SIN_MATCH,0.0,SIN_CANDIDATO_DE_CONTACTO,0.0,SIN_CANDIDATO_DE_CONTACTO,0,SIN_MATCH,SIN_MATCH,False,SIN_MATCH,0.0,SIN_MATCH,0.0,0.0,0.0,0.0,0.0,0.0,0.0,0.0,0,NO_APLICA
ft_sal_004561,SIN_MATCH,0.0,SIN_CANDIDATO_DE_CONTACTO,0.0,SIN_CANDIDATO_DE_CONTACTO,0,SIN_MATCH,SIN_MATCH,False,SIN_MATCH,0.0,SIN_MATCH,0.0,0.0,0.0,0.0,0.0,0.0,0.0,0.0,0,NO_APLICA
ft_sal_004564,SIN_MATCH,0.0,SIN_CANDIDATO_DE_CONTACTO,0.0,SIN_CANDIDATO_DE_CONTACTO,0,SIN_MATCH,SIN_MATCH,False,SIN_MATCH,0.0,SIN_MATCH,0.0,0.0,0.0,0.0,0.0,0.0,0.0,0.0,0,NO_APLICA
ft_sal_004567,SIN_MATCH,0.0,SIN_CANDIDATO_DE_CONTACTO,0.0,SIN_CANDIDATO_DE_CONTACTO,0,SIN_MATCH,SIN_MATCH,False,SIN_MATCH,0.0,SIN_MATCH,0.0,0.0,0.0,0.0,0.0,0.0,0.0,0.0,0,NO_APLICA
ft_sal_004568,SIN_MATCH,0.0,SIN_CANDIDATO_DE_CONTACTO,0.0,SIN_CANDIDATO_DE_CONTACTO,0,SIN_MATCH,SIN_MATCH,False,SIN_MATCH,0.0,SIN_MATCH,0.0,0.0,0.0,0.0,0.0,0.0,0.0,0.0,0,NO_APLICA
ft_sal_004572,SIN_MATCH,0.0,SIN_CANDIDATO_DE_CONTACTO,0.0,SIN_CANDIDATO_DE_CONTACTO,0,SIN_MATCH,SIN_MATCH,False,SIN_MATCH,0.0,SIN_MATCH,0.0,0.0,0.0,0.0,0.0,0.0,0.0,0.0,0,NO_APLICA
ft_sal_004573,SIN_MATCH,0.0,SIN_CANDIDATO_DE_CONTACTO,0.0,SIN_CANDIDATO_DE_CONTACTO,0,SIN_MATCH,SIN_MATCH,False,SIN_MATCH,0.0,SIN_MATCH,0.0,0.0,0.0,0.0,0.0,0.0,0.0,0.0,0,NO_APLICA
ft_sal_004574,SIN_MATCH,0.0,SIN_CANDIDATO_DE_CONTACTO,0.0,SIN_CANDIDATO_DE_CONTACTO,0,SIN_MATCH,SIN_MATCH,False,SIN_MATCH,0.0,SIN_MATCH,0.0,0.0,0.0,0.0,0.0,0.0,0.0,0.0,0,NO_APLICA
ft_sal_004576,SIN_MATCH,0.0,SIN_CANDIDATO_DE_CONTACTO,0.0,SIN_CANDIDATO_DE_CONTACTO,0,SIN_MATCH,SIN_MATCH,False,SIN_MATCH,0.0,SIN_MATCH,0.0,0.0,0.0,0.0,0.0,0.0,0.0,0.0,0,NO_APLICA
ft_sal_004585,SIN_MATCH,0.0,SIN_CANDIDATO_DE_CONTACTO,0.0,SIN_CANDIDATO_DE_CONTACTO,0,SIN_MATCH,SIN_MATCH,False,SIN_MATCH,0.0,SIN_MATCH,0.0,0.0,0.0,0.0,0.0,0.0,0.0,0.0,0,NO_APLICA
ft_sal_004598,SIN_MATCH,0.0,SIN_CANDIDATO_DE_CONTACTO,0.0,SIN_CANDIDATO_DE_CONTACTO,0,SIN_MATCH,SIN_MATCH,False,SIN_MATCH,0.0,SIN_MATCH,0.0,0.0,0.0,0.0,0.0,0.0,0.0,0.0,0,NO_APLICA
ft_sal_004603,SIN_MATCH,0.0,SIN_CANDIDATO_DE_CONTACTO,0.0,SIN_CANDIDATO_DE_CONTACTO,0,SIN_MATCH,SIN_MATCH,False,SIN_MATCH,0.0,SIN_MATCH,0.0,0.0,0.0,0.0,0.0,0.0,0.0,0.0,0,NO_APLICA
ft_sal_004605,SIN_MATCH,0.0,SIN_CANDIDATO_DE_CONTACTO,0.0,SIN_CANDIDATO_DE_CONTACTO,0,SIN_MATCH,SIN_MATCH,False,SIN_MATCH,0.0,SIN_MATCH,0.0,0.0,0.0,0.0,0.0,0.0,0.0,0.0,0,NO_APLICA
ft_sal_004607,SIN_MATCH,0.0,SIN_CANDIDATO_DE_CONTACTO,0.0,SIN_CANDIDATO_DE_CONTACTO,0,SIN_MATCH,SIN_MATCH,False,SIN_MATCH,0.0,SIN_MATCH,0.0,0.0,0.0,0.0,0.0,0.0,0.0,0.0,0,NO_APLICA
ft_sal_004608,SIN_MATCH,0.0,SIN_CANDIDATO_DE_CONTACTO,0.0,SIN_CANDIDATO_DE_CONTACTO,0,SIN_MATCH,SIN_MATCH,False,SIN_MATCH,0.0,SIN_MATCH,0.0,0.0,0.0,0.0,0.0,0.0,0.0,0.0,0,NO_APLICA
ft_sal_004614,SIN_MATCH,0.0,SIN_CANDIDATO_DE_CONTACTO,0.0,SIN_CANDIDATO_DE_CONTACTO,0,SIN_MATCH,SIN_MATCH,False,SIN_MATCH,0.0,SIN_MATCH,0.0,0.0,0.0,0.0,0.0,0.0,0.0,0.0,0,NO_APLICA
ft_sal_004618,SIN_MATCH,0.0,SIN_CANDIDATO_DE_CONTACTO,0.0,SIN_CANDIDATO_DE_CONTACTO,0,SIN_MATCH,SIN_MATCH,False,SIN_MATCH,0.0,SIN_MATCH,0.0,0.0,0.0,0.0,0.0,0.0,0.0,0.0,0,NO_APLICA
ft_sal_004620,SIN_MATCH,0.0,SIN_CANDIDATO_DE_CONTACTO,0.0,SIN_CANDIDATO_DE_CONTACTO,0,SIN_MATCH,SIN_MATCH,False,SIN_MATCH,0.0,SIN_MATCH,0.0,0.0,0.0,0.0,0.0,0.0,0.0,0.0,0,NO_APLICA
ft_sal_004625,SIN_MATCH,0.0,SIN_CANDIDATO_DE_CONTACTO,0.0,SIN_CANDIDATO_DE_CONTACTO,0,SIN_MATCH,SIN_MATCH,False,SIN_MATCH,0.0,SIN_MATCH,0.0,0.0,0.0,0.0,0.0,0.0,0.0,0.0,0,NO_APLICA
ft_sal_004627,SIN_MATCH,0.0,SIN_CANDIDATO_DE_CONTACTO,0.0,SIN_CANDIDATO_DE_CONTACTO,0,SIN_MATCH,SIN_MATCH,False,SIN_MATCH,0.0,SIN_MATCH,0.0,0.0,0.0,0.0,0.0,0.0,0.0,0.0,0,NO_APLICA
ft_sal_004629,SIN_MATCH,0.0,SIN_CANDIDATO_DE_CONTACTO,0.0,SIN_CANDIDATO_DE_CONTACTO,0,SIN_MATCH,SIN_MATCH,False,SIN_MATCH,0.0,SIN_MATCH,0.0,0.0,0.0,0.0,0.0,0.0,0.0,0.0,0,NO_APLICA
ft_sal_004639,SIN_MATCH,0.0,SIN_CANDIDATO_DE_CONTACTO,0.0,SIN_CANDIDATO_DE_CONTACTO,0,SIN_MATCH,SIN_MATCH,False,SIN_MATCH,0.0,SIN_MATCH,0.0,0.0,0.0,0.0,0.0,0.0,0.0,0.0,0,NO_APLICA
ft_sal_004640,SIN_MATCH,0.0,SIN_CANDIDATO_DE_CONTACTO,0.0,SIN_CANDIDATO_DE_CONTACTO,0,SIN_MATCH,SIN_MATCH,False,SIN_MATCH,0.0,SIN_MATCH,0.0,0.0,0.0,0.0,0.0,0.0,0.0,0.0,0,NO_APLICA
ft_sal_004646,SIN_MATCH,0.0,SIN_CANDIDATO_DE_CONTACTO,0.0,SIN_CANDIDATO_DE_CONTACTO,0,SIN_MATCH,SIN_MATCH,False,SIN_MATCH,0.0,SIN_MATCH,0.0,0.0,0.0,0.0,0.0,0.0,0.0,0.0,0,NO_APLICA
ft_sal_004650,SIN_MATCH,0.0,EVIDENCIA_INSUFICIENTE,0.0,EVIDENCIA_INSUFICIENTE,1,SIN_MATCH,bm_usr_005114,False,bm_usr_005114,0.58,SIN_MATCH,0.0,0.0,0.0,0.0,0.58,0.0,1.0,0.3529,0,NO_APLICA
ft_sal_004651,SIN_MATCH,0.0,SIN_CANDIDATO_DE_CONTACTO,0.0,SIN_CANDIDATO_DE_CONTACTO,0,SIN_MATCH,SIN_MATCH,False,SIN_MATCH,0.0,SIN_MATCH,0.0,0.0,0.0,0.0,0.0,0.0,0.0,0.0,0,NO_APLICA
ft_sal_004653,SIN_MATCH,0.0,SIN_CANDIDATO_DE_CONTACTO,0.0,SIN_CANDIDATO_DE_CONTACTO,0,SIN_MATCH,SIN_MATCH,False,SIN_MATCH,0.0,SIN_MATCH,0.0,0.0,0.0,0.0,0.0,0.0,0.0,0.0,0,NO_APLICA
ft_sal_004655,SIN_MATCH,0.0,SIN_CANDIDATO_DE_CONTACTO,0.0,SIN_CANDIDATO_DE_CONTACTO,0,SIN_MATCH,SIN_MATCH,False,SIN_MATCH,0.0,SIN_MATCH,0.0,0.0,0.0,0.0,0.0,0.0,0.0,0.0,0,NO_APLICA
ft_sal_004656,SIN_MATCH,0.0,SIN_CANDIDATO_DE_CONTACTO,0.0,SIN_CANDIDATO_DE_CONTACTO,0,SIN_MATCH,SIN_MATCH,False,SIN_MATCH,0.0,SIN_MATCH,0.0,0.0,0.0,0.0,0.0,0.0,0.0,0.0,0,NO_APLICA
ft_sal_004658,SIN_MATCH,0.0,EVIDENCIA_INSUFICIENTE,0.0,EVIDENCIA_INSUFICIENTE,1,bm_usr_005853,SIN_MATCH,False,bm_usr_005853,0.58,SIN_MATCH,0.0,0.0,0.0,0.0,0.58,1.0,0.0,0.2963,0,NO_APLICA
ft_sal_004662,SIN_MATCH,0.0,SIN_CANDIDATO_DE_CONTACTO,0.0,SIN_CANDIDATO_DE_CONTACTO,0,SIN_MATCH,SIN_MATCH,False,SIN_MATCH,0.0,SIN_MATCH,0.0,0.0,0.0,0.0,0.0,0.0,0.0,0.0,0,NO_APLICA
ft_sal_004674,SIN_MATCH,0.0,SIN_CANDIDATO_DE_CONTACTO,0.0,SIN_CANDIDATO_DE_CONTACTO,0,SIN_MATCH,SIN_MATCH,False,SIN_MATCH,0.0,SIN_MATCH,0.0,0.0,0.0,0.0,0.0,0.0,0.0,0.0,0,NO_APLICA
ft_sal_004675,SIN_MATCH,0.0,SIN_CANDIDATO_DE_CONTACTO,0.0,SIN_CANDIDATO_DE_CONTACTO,0,SIN_MATCH,SIN_MATCH,False,SIN_MATCH,0.0,SIN_MATCH,0.0,0.0,0.0,0.0,0.0,0.0,0.0,0.0,0,NO_APLICA
ft_sal_004685,SIN_MATCH,0.0,SIN_CANDIDATO_DE_CONTACTO,0.0,SIN_CANDIDATO_DE_CONTACTO,0,SIN_MATCH,SIN_MATCH,False,SIN_MATCH,0.0,SIN_MATCH,0.0,0.0,0.0,0.0,0.0,0.0,0.0,0.0,0,NO_APLICA
ft_sal_004693,SIN_MATCH,0.0,SIN_CANDIDATO_DE_CONTACTO,0.0,SIN_CANDIDATO_DE_CONTACTO,0,SIN_MATCH,SIN_MATCH,False,SIN_MATCH,0.0,SIN_MATCH,0.0,0.0,0.0,0.0,0.0,0.0,0.0,0.0,0,NO_APLICA
ft_sal_004695,SIN_MATCH,0.0,SIN_CANDIDATO_DE_CONTACTO,0.0,SIN_CANDIDATO_DE_CONTACTO,0,SIN_MATCH,SIN_MATCH,False,SIN_MATCH,0.0,SIN_MATCH,0.0,0.0,0.0,0.0,0.0,0.0,0.0,0.0,0,NO_APLICA
ft_sal_004697,SIN_MATCH,0.0,SIN_CANDIDATO_DE_CONTACTO,0.0,SIN_CANDIDATO_DE_CONTACTO,0,SIN_MATCH,SIN_MATCH,False,SIN_MATCH,0.0,SIN_MATCH,0.0,0.0,0.0,0.0,0.0,0.0,0.0,0.0,0,NO_APLICA
ft_sal_004703,SIN_MATCH,0.0,SIN_CANDIDATO_DE_CONTACTO,0.0,SIN_CANDIDATO_DE_CONTACTO,0,SIN_MATCH,SIN_MATCH,False,SIN_MATCH,0.0,SIN_MATCH,0.0,0.0,0.0,0.0,0.0,0.0,0.0,0.0,0,NO_APLICA
ft_sal_004704,SIN_MATCH,0.0,SIN_CANDIDATO_DE_CONTACTO,0.0,SIN_CANDIDATO_DE_CONTACTO,0,SIN_MATCH,SIN_MATCH,False,SIN_MATCH,0.0,SIN_MATCH,0.0,0.0,0.0,0.0,0.0,0.0,0.0,0.0,0,NO_APLICA
ft_sal_004706,SIN_MATCH,0.0,SIN_CANDIDATO_DE_CONTACTO,0.0,SIN_CANDIDATO_DE_CONTACTO,0,SIN_MATCH,SIN_MATCH,False,SIN_MATCH,0.0,SIN_MATCH,0.0,0.0,0.0,0.0,0.0,0.0,0.0,0.0,0,NO_APLICA
ft_sal_004708,SIN_MATCH,0.0,SIN_CANDIDATO_DE_CONTACTO,0.0,SIN_CANDIDATO_DE_CONTACTO,0,SIN_MATCH,SIN_MATCH,False,SIN_MATCH,0.0,SIN_MATCH,0.0,0.0,0.0,0.0,0.0,0.0,0.0,0.0,0,NO_APLICA
ft_sal_004711,SIN_MATCH,0.0,SIN_CANDIDATO_DE_CONTACTO,0.0,SIN_CANDIDATO_DE_CONTACTO,0,SIN_MATCH,SIN_MATCH,False,SIN_MATCH,0.0,SIN_MATCH,0.0,0.0,0.0,0.0,0.0,0.0,0.0,0.0,0,NO_APLICA
ft_sal_004713,SIN_MATCH,0.0,SIN_CANDIDATO_DE_CONTACTO,0.0,SIN_CANDIDATO_DE_CONTACTO,0,SIN_MATCH,SIN_MATCH,False,SIN_MATCH,0.0,SIN_MATCH,0.0,0.0,0.0,0.0,0.0,0.0,0.0,0.0,0,NO_APLICA
ft_sal_004715,SIN_MATCH,0.0,SIN_CANDIDATO_DE_CONTACTO,0.0,SIN_CANDIDATO_DE_CONTACTO,0,SIN_MATCH,SIN_MATCH,False,SIN_MATCH,0.0,SIN_MATCH,0.0,0.0,0.0,0.0,0.0,0.0,0.0,0.0,0,NO_APLICA
ft_sal_004716,SIN_MATCH,0.0,SIN_CANDIDATO_DE_CONTACTO,0.0,SIN_CANDIDATO_DE_CONTACTO,0,SIN_MATCH,SIN_MATCH,False,SIN_MATCH,0.0,SIN_MATCH,0.0,0.0,0.0,0.0,0.0,0.0,0.0,0.0,0,NO_APLICA
ft_sal_004721,SIN_MATCH,0.0,SIN_CANDIDATO_DE_CONTACTO,0.0,SIN_CANDIDATO_DE_CONTACTO,0,SIN_MATCH,SIN_MATCH,False,SIN_MATCH,0.0,SIN_MATCH,0.0,0.0,0.0,0.0,0.0,0.0,0.0,0.0,0,NO_APLICA
ft_sal_004723,SIN_MATCH,0.0,SIN_CANDIDATO_DE_CONTACTO,0.0,SIN_CANDIDATO_DE_CONTACTO,0,SIN_MATCH,SIN_MATCH,False,SIN_MATCH,0.0,SIN_MATCH,0.0,0.0,0.0,0.0,0.0,0.0,0.0,0.0,0,NO_APLICA
ft_sal_004728,SIN_MATCH,0.0,SIN_CANDIDATO_DE_CONTACTO,0.0,SIN_CANDIDATO_DE_CONTACTO,0,SIN_MATCH,SIN_MATCH,False,SIN_MATCH,0.0,SIN_MATCH,0.0,0.0,0.0,0.0,0.0,0.0,0.0,0.0,0,NO_APLICA
ft_sal_004732,SIN_MATCH,0.0,EVIDENCIA_INSUFICIENTE,0.0,EVIDENCIA_INSUFICIENTE,1,bm_usr_002388,SIN_MATCH,False,bm_usr_002388,0.58,SIN_MATCH,0.0,0.0,0.0,0.0,0.58,1.0,0.0,0.32,0,NO_APLICA
ft_sal_004733,SIN_MATCH,0.0,SIN_CANDIDATO_DE_CONTACTO,0.0,SIN_CANDIDATO_DE_CONTACTO,0,SIN_MATCH,SIN_MATCH,False,SIN_MATCH,0.0,SIN_MATCH,0.0,0.0,0.0,0.0,0.0,0.0,0.0,0.0,0,NO_APLICA
ft_sal_004735,SIN_MATCH,0.0,SIN_CANDIDATO_DE_CONTACTO,0.0,SIN_CANDIDATO_DE_CONTACTO,0,SIN_MATCH,SIN_MATCH,False,SIN_MATCH,0.0,SIN_MATCH,0.0,0.0,0.0,0.0,0.0,0.0,0.0,0.0,0,NO_APLICA
ft_sal_004736,SIN_MATCH,0.0,SIN_CANDIDATO_DE_CONTACTO,0.0,SIN_CANDIDATO_DE_CONTACTO,0,SIN_MATCH,SIN_MATCH,False,SIN_MATCH,0.0,SIN_MATCH,0.0,0.0,0.0,0.0,0.0,0.0,0.0,0.0,0,NO_APLICA
ft_sal_004738,SIN_MATCH,0.0,SIN_CANDIDATO_DE_CONTACTO,0.0,SIN_CANDIDATO_DE_CONTACTO,0,SIN_MATCH,SIN_MATCH,False,SIN_MATCH,0.0,SIN_MATCH,0.0,0.0,0.0,0.0,0.0,0.0,0.0,0.0,0,NO_APLICA
ft_sal_004739,SIN_MATCH,0.0,SIN_CANDIDATO_DE_CONTACTO,0.0,SIN_CANDIDATO_DE_CONTACTO,0,SIN_MATCH,SIN_MATCH,False,SIN_MATCH,0.0,SIN_MATCH,0.0,0.0,0.0,0.0,0.0,0.0,0.0,0.0,0,NO_APLICA
ft_sal_004750,SIN_MATCH,0.0,SIN_CANDIDATO_DE_CONTACTO,0.0,SIN_CANDIDATO_DE_CONTACTO,0,SIN_MATCH,SIN_MATCH,False,SIN_MATCH,0.0,SIN_MATCH,0.0,0.0,0.0,0.0,0.0,0.0,0.0,0.0,0,NO_APLICA
ft_sal_004751,SIN_MATCH,0.0,SIN_CANDIDATO_DE_CONTACTO,0.0,SIN_CANDIDATO_DE_CONTACTO,0,SIN_MATCH,SIN_MATCH,False,SIN_MATCH,0.0,SIN_MATCH,0.0,0.0,0.0,0.0,0.0,0.0,0.0,0.0,0,NO_APLICA
ft_sal_004752,SIN_MATCH,0.0,SIN_CANDIDATO_DE_CONTACTO,0.0,SIN_CANDIDATO_DE_CONTACTO,0,SIN_MATCH,SIN_MATCH,False,SIN_MATCH,0.0,SIN_MATCH,0.0,0.0,0.0,0.0,0.0,0.0,0.0,0.0,0,NO_APLICA
ft_sal_004755,SIN_MATCH,0.0,SIN_CANDIDATO_DE_CONTACTO,0.0,SIN_CANDIDATO_DE_CONTACTO,0,SIN_MATCH,SIN_MATCH,False,SIN_MATCH,0.0,SIN_MATCH,0.0,0.0,0.0,0.0,0.0,0.0,0.0,0.0,0,NO_APLICA
ft_sal_004760,SIN_MATCH,0.0,SIN_CANDIDATO_DE_CONTACTO,0.0,SIN_CANDIDATO_DE_CONTACTO,0,SIN_MATCH,SIN_MATCH,False,SIN_MATCH,0.0,SIN_MATCH,0.0,0.0,0.0,0.0,0.0,0.0,0.0,0.0,0,NO_APLICA
ft_sal_004762,SIN_MATCH,0.0,SIN_CANDIDATO_DE_CONTACTO,0.0,SIN_CANDIDATO_DE_CONTACTO,0,SIN_MATCH,SIN_MATCH,False,SIN_MATCH,0.0,SIN_MATCH,0.0,0.0,0.0,0.0,0.0,0.0,0.0,0.0,0,NO_APLICA
ft_sal_004766,SIN_MATCH,0.0,SIN_CANDIDATO_DE_CONTACTO,0.0,SIN_CANDIDATO_DE_CONTACTO,0,SIN_MATCH,SIN_MATCH,False,SIN_MATCH,0.0,SIN_MATCH,0.0,0.0,0.0,0.0,0.0,0.0,0.0,0.0,0,NO_APLICA
ft_sal_004768,SIN_MATCH,0.0,SIN_CANDIDATO_DE_CONTACTO,0.0,SIN_CANDIDATO_DE_CONTACTO,0,SIN_MATCH,SIN_MATCH,False,SIN_MATCH,0.0,SIN_MATCH,0.0,0.0,0.0,0.0,0.0,0.0,0.0,0.0,0,NO_APLICA
ft_sal_004770,SIN_MATCH,0.0,SIN_CANDIDATO_DE_CONTACTO,0.0,SIN_CANDIDATO_DE_CONTACTO,0,SIN_MATCH,SIN_MATCH,False,SIN_MATCH,0.0,SIN_MATCH,0.0,0.0,0.0,0.0,0.0,0.0,0.0,0.0,0,NO_APLICA
ft_sal_004772,SIN_MATCH,0.0,SIN_CANDIDATO_DE_CONTACTO,0.0,SIN_CANDIDATO_DE_CONTACTO,0,SIN_MATCH,SIN_MATCH,False,SIN_MATCH,0.0,SIN_MATCH,0.0,0.0,0.0,0.0,0.0,0.0,0.0,0.0,0,NO_APLICA
ft_sal_004776,SIN_MATCH,0.0,SIN_CANDIDATO_DE_CONTACTO,0.0,SIN_CANDIDATO_DE_CONTACTO,0,SIN_MATCH,SIN_MATCH,False,SIN_MATCH,0.0,SIN_MATCH,0.0,0.0,0.0,0.0,0.0,0.0,0.0,0.0,0,NO_APLICA
ft_sal_004781,SIN_MATCH,0.0,SIN_CANDIDATO_DE_CONTACTO,0.0,SIN_CANDIDATO_DE_CONTACTO,0,SIN_MATCH,SIN_MATCH,False,SIN_MATCH,0.0,SIN_MATCH,0.0,0.0,0.0,0.0,0.0,0.0,0.0,0.0,0,NO_APLICA
ft_sal_004788,SIN_MATCH,0.0,SIN_CANDIDATO_DE_CONTACTO,0.0,SIN_CANDIDATO_DE_CONTACTO,0,SIN_MATCH,SIN_MATCH,False,SIN_MATCH,0.0,SIN_MATCH,0.0,0.0,0.0,0.0,0.0,0.0,0.0,0.0,0,NO_APLICA
ft_sal_004791,SIN_MATCH,0.0,SIN_CANDIDATO_DE_CONTACTO,0.0,SIN_CANDIDATO_DE_CONTACTO,0,SIN_MATCH,SIN_MATCH,False,SIN_MATCH,0.0,SIN_MATCH,0.0,0.0,0.0,0.0,0.0,0.0,0.0,0.0,0,NO_APLICA
ft_sal_004797,SIN_MATCH,0.0,SIN_CANDIDATO_DE_CONTACTO,0.0,SIN_CANDIDATO_DE_CONTACTO,0,SIN_MATCH,SIN_MATCH,False,SIN_MATCH,0.0,SIN_MATCH,0.0,0.0,0.0,0.0,0.0,0.0,0.0,0.0,0,NO_APLICA
ft_sal_004798,SIN_MATCH,0.0,SIN_CANDIDATO_DE_CONTACTO,0.0,SIN_CANDIDATO_DE_CONTACTO,0,SIN_MATCH,SIN_MATCH,False,SIN_MATCH,0.0,SIN_MATCH,0.0,0.0,0.0,0.0,0.0,0.0,0.0,0.0,0,NO_APLICA
ft_sal_004799,SIN_MATCH,0.0,SIN_CANDIDATO_DE_CONTACTO,0.0,SIN_CANDIDATO_DE_CONTACTO,0,SIN_MATCH,SIN_MATCH,False,SIN_MATCH,0.0,SIN_MATCH,0.0,0.0,0.0,0.0,0.0,0.0,0.0,0.0,0,NO_APLICA
ft_sal_004805,SIN_MATCH,0.0,SIN_CANDIDATO_DE_CONTACTO,0.0,SIN_CANDIDATO_DE_CONTACTO,0,SIN_MATCH,SIN_MATCH,False,SIN_MATCH,0.0,SIN_MATCH,0.0,0.0,0.0,0.0,0.0,0.0,0.0,0.0,0,NO_APLICA
ft_sal_004806,SIN_MATCH,0.0,SIN_CANDIDATO_DE_CONTACTO,0.0,SIN_CANDIDATO_DE_CONTACTO,0,SIN_MATCH,SIN_MATCH,False,SIN_MATCH,0.0,SIN_MATCH,0.0,0.0,0.0,0.0,0.0,0.0,0.0,0.0,0,NO_APLICA
ft_sal_004812,SIN_MATCH,0.0,SIN_CANDIDATO_DE_CONTACTO,0.0,SIN_CANDIDATO_DE_CONTACTO,0,SIN_MATCH,SIN_MATCH,False,SIN_MATCH,0.0,SIN_MATCH,0.0,0.0,0.0,0.0,0.0,0.0,0.0,0.0,0,NO_APLICA
ft_sal_004813,SIN_MATCH,0.0,SIN_CANDIDATO_DE_CONTACTO,0.0,SIN_CANDIDATO_DE_CONTACTO,0,SIN_MATCH,SIN_MATCH,False,SIN_MATCH,0.0,SIN_MATCH,0.0,0.0,0.0,0.0,0.0,0.0,0.0,0.0,0,NO_APLICA
ft_sal_004819,SIN_MATCH,0.0,SIN_CANDIDATO_DE_CONTACTO,0.0,SIN_CANDIDATO_DE_CONTACTO,0,SIN_MATCH,SIN_MATCH,False,SIN_MATCH,0.0,SIN_MATCH,0.0,0.0,0.0,0.0,0.0,0.0,0.0,0.0,0,NO_APLICA
ft_sal_004825,SIN_MATCH,0.0,SIN_CANDIDATO_DE_CONTACTO,0.0,SIN_CANDIDATO_DE_CONTACTO,0,SIN_MATCH,SIN_MATCH,False,SIN_MATCH,0.0,SIN_MATCH,0.0,0.0,0.0,0.0,0.0,0.0,0.0,0.0,0,NO_APLICA
ft_sal_004829,SIN_MATCH,0.0,SIN_CANDIDATO_DE_CONTACTO,0.0,SIN_CANDIDATO_DE_CONTACTO,0,SIN_MATCH,SIN_MATCH,False,SIN_MATCH,0.0,SIN_MATCH,0.0,0.0,0.0,0.0,0.0,0.0,0.0,0.0,0,NO_APLICA
ft_sal_004831,SIN_MATCH,0.0,SIN_CANDIDATO_DE_CONTACTO,0.0,SIN_CANDIDATO_DE_CONTACTO,0,SIN_MATCH,SIN_MATCH,False,SIN_MATCH,0.0,SIN_MATCH,0.0,0.0,0.0,0.0,0.0,0.0,0.0,0.0,0,NO_APLICA
ft_sal_004834,SIN_MATCH,0.0,SIN_CANDIDATO_DE_CONTACTO,0.0,SIN_CANDIDATO_DE_CONTACTO,0,SIN_MATCH,SIN_MATCH,False,SIN_MATCH,0.0,SIN_MATCH,0.0,0.0,0.0,0.0,0.0,0.0,0.0,0.0,0,NO_APLICA
ft_sal_004835,SIN_MATCH,0.0,SIN_CANDIDATO_DE_CONTACTO,0.0,SIN_CANDIDATO_DE_CONTACTO,0,SIN_MATCH,SIN_MATCH,False,SIN_MATCH,0.0,SIN_MATCH,0.0,0.0,0.0,0.0,0.0,0.0,0.0,0.0,0,NO_APLICA
ft_sal_004839,SIN_MATCH,0.0,SIN_CANDIDATO_DE_CONTACTO,0.0,SIN_CANDIDATO_DE_CONTACTO,0,SIN_MATCH,SIN_MATCH,False,SIN_MATCH,0.0,SIN_MATCH,0.0,0.0,0.0,0.0,0.0,0.0,0.0,0.0,0,NO_APLICA
ft_sal_004850,SIN_MATCH,0.0,SIN_CANDIDATO_DE_CONTACTO,0.0,SIN_CANDIDATO_DE_CONTACTO,0,SIN_MATCH,SIN_MATCH,False,SIN_MATCH,0.0,SIN_MATCH,0.0,0.0,0.0,0.0,0.0,0.0,0.0,0.0,0,NO_APLICA
ft_sal_004851,SIN_MATCH,0.0,SIN_CANDIDATO_DE_CONTACTO,0.0,SIN_CANDIDATO_DE_CONTACTO,0,SIN_MATCH,SIN_MATCH,False,SIN_MATCH,0.0,SIN_MATCH,0.0,0.0,0.0,0.0,0.0,0.0,0.0,0.0,0,NO_APLICA
ft_sal_004861,SIN_MATCH,0.0,SIN_CANDIDATO_DE_CONTACTO,0.0,SIN_CANDIDATO_DE_CONTACTO,0,SIN_MATCH,SIN_MATCH,False,SIN_MATCH,0.0,SIN_MATCH,0.0,0.0,0.0,0.0,0.0,0.0,0.0,0.0,0,NO_APLICA
ft_sal_004862,SIN_MATCH,0.0,SIN_CANDIDATO_DE_CONTACTO,0.0,SIN_CANDIDATO_DE_CONTACTO,0,SIN_MATCH,SIN_MATCH,False,SIN_MATCH,0.0,SIN_MATCH,0.0,0.0,0.0,0.0,0.0,0.0,0.0,0.0,0,NO_APLICA
ft_sal_004863,SIN_MATCH,0.0,SIN_CANDIDATO_DE_CONTACTO,0.0,SIN_CANDIDATO_DE_CONTACTO,0,SIN_MATCH,SIN_MATCH,False,SIN_MATCH,0.0,SIN_MATCH,0.0,0.0,0.0,0.0,0.0,0.0,0.0,0.0,0,NO_APLICA
ft_sal_004868,SIN_MATCH,0.0,SIN_CANDIDATO_DE_CONTACTO,0.0,SIN_CANDIDATO_DE_CONTACTO,0,SIN_MATCH,SIN_MATCH,False,SIN_MATCH,0.0,SIN_MATCH,0.0,0.0,0.0,0.0,0.0,0.0,0.0,0.0,0,NO_APLICA
ft_sal_004869,SIN_MATCH,0.0,SIN_CANDIDATO_DE_CONTACTO,0.0,SIN_CANDIDATO_DE_CONTACTO,0,SIN_MATCH,SIN_MATCH,False,SIN_MATCH,0.0,SIN_MATCH,0.0,0.0,0.0,0.0,0.0,0.0,0.0,0.0,0,NO_APLICA
ft_sal_004871,SIN_MATCH,0.0,SIN_CANDIDATO_DE_CONTACTO,0.0,SIN_CANDIDATO_DE_CONTACTO,0,SIN_MATCH,SIN_MATCH,False,SIN_MATCH,0.0,SIN_MATCH,0.0,0.0,0.0,0.0,0.0,0.0,0.0,0.0,0,NO_APLICA
ft_sal_004872,SIN_MATCH,0.0,SIN_CANDIDATO_DE_CONTACTO,0.0,SIN_CANDIDATO_DE_CONTACTO,0,SIN_MATCH,SIN_MATCH,False,SIN_MATCH,0.0,SIN_MATCH,0.0,0.0,0.0,0.0,0.0,0.0,0.0,0.0,0,NO_APLICA
ft_sal_004876,SIN_MATCH,0.0,SIN_CANDIDATO_DE_CONTACTO,0.0,SIN_CANDIDATO_DE_CONTACTO,0,SIN_MATCH,SIN_MATCH,False,SIN_MATCH,0.0,SIN_MATCH,0.0,0.0,0.0,0.0,0.0,0.0,0.0,0.0,0,NO_APLICA
ft_sal_004878,SIN_MATCH,0.0,SIN_CANDIDATO_DE_CONTACTO,0.0,SIN_CANDIDATO_DE_CONTACTO,0,SIN_MATCH,SIN_MATCH,False,SIN_MATCH,0.0,SIN_MATCH,0.0,0.0,0.0,0.0,0.0,0.0,0.0,0.0,0,NO_APLICA
ft_sal_004879,SIN_MATCH,0.0,SIN_CANDIDATO_DE_CONTACTO,0.0,SIN_CANDIDATO_DE_CONTACTO,0,SIN_MATCH,SIN_MATCH,False,SIN_MATCH,0.0,SIN_MATCH,0.0,0.0,0.0,0.0,0.0,0.0,0.0,0.0,0,NO_APLICA
ft_sal_004880,SIN_MATCH,0.0,SIN_CANDIDATO_DE_CONTACTO,0.0,SIN_CANDIDATO_DE_CONTACTO,0,SIN_MATCH,SIN_MATCH,False,SIN_MATCH,0.0,SIN_MATCH,0.0,0.0,0.0,0.0,0.0,0.0,0.0,0.0,0,NO_APLICA
ft_sal_004883,SIN_MATCH,0.0,SIN_CANDIDATO_DE_CONTACTO,0.0,SIN_CANDIDATO_DE_CONTACTO,0,SIN_MATCH,SIN_MATCH,False,SIN_MATCH,0.0,SIN_MATCH,0.0,0.0,0.0,0.0,0.0,0.0,0.0,0.0,0,NO_APLICA
ft_sal_004885,SIN_MATCH,0.0,SIN_CANDIDATO_DE_CONTACTO,0.0,SIN_CANDIDATO_DE_CONTACTO,0,SIN_MATCH,SIN_MATCH,False,SIN_MATCH,0.0,SIN_MATCH,0.0,0.0,0.0,0.0,0.0,0.0,0.0,0.0,0,NO_APLICA
ft_sal_004886,SIN_MATCH,0.0,SIN_CANDIDATO_DE_CONTACTO,0.0,SIN_CANDIDATO_DE_CONTACTO,0,SIN_MATCH,SIN_MATCH,False,SIN_MATCH,0.0,SIN_MATCH,0.0,0.0,0.0,0.0,0.0,0.0,0.0,0.0,0,NO_APLICA
ft_sal_004887,SIN_MATCH,0.0,SIN_CANDIDATO_DE_CONTACTO,0.0,SIN_CANDIDATO_DE_CONTACTO,0,SIN_MATCH,SIN_MATCH,False,SIN_MATCH,0.0,SIN_MATCH,0.0,0.0,0.0,0.0,0.0,0.0,0.0,0.0,0,NO_APLICA
ft_sal_004890,SIN_MATCH,0.0,SIN_CANDIDATO_DE_CONTACTO,0.0,SIN_CANDIDATO_DE_CONTACTO,0,SIN_MATCH,SIN_MATCH,False,SIN_MATCH,0.0,SIN_MATCH,0.0,0.0,0.0,0.0,0.0,0.0,0.0,0.0,0,NO_APLICA
ft_sal_004891,SIN_MATCH,0.0,SIN_CANDIDATO_DE_CONTACTO,0.0,SIN_CANDIDATO_DE_CONTACTO,0,SIN_MATCH,SIN_MATCH,False,SIN_MATCH,0.0,SIN_MATCH,0.0,0.0,0.0,0.0,0.0,0.0,0.0,0.0,0,NO_APLICA
ft_sal_004896,SIN_MATCH,0.0,SIN_CANDIDATO_DE_CONTACTO,0.0,SIN_CANDIDATO_DE_CONTACTO,0,SIN_MATCH,SIN_MATCH,False,SIN_MATCH,0.0,SIN_MATCH,0.0,0.0,0.0,0.0,0.0,0.0,0.0,0.0,0,NO_APLICA
ft_sal_004899,SIN_MATCH,0.0,SIN_CANDIDATO_DE_CONTACTO,0.0,SIN_CANDIDATO_DE_CONTACTO,0,SIN_MATCH,SIN_MATCH,False,SIN_MATCH,0.0,SIN_MATCH,0.0,0.0,0.0,0.0,0.0,0.0,0.0,0.0,0,NO_APLICA
ft_sal_004901,SIN_MATCH,0.0,SIN_CANDIDATO_DE_CONTACTO,0.0,SIN_CANDIDATO_DE_CONTACTO,0,SIN_MATCH,SIN_MATCH,False,SIN_MATCH,0.0,SIN_MATCH,0.0,0.0,0.0,0.0,0.0,0.0,0.0,0.0,0,NO_APLICA
ft_sal_004903,SIN_MATCH,0.0,SIN_CANDIDATO_DE_CONTACTO,0.0,SIN_CANDIDATO_DE_CONTACTO,0,SIN_MATCH,SIN_MATCH,False,SIN_MATCH,0.0,SIN_MATCH,0.0,0.0,0.0,0.0,0.0,0.0,0.0,0.0,0,NO_APLICA
ft_sal_004906,SIN_MATCH,0.0,SIN_CANDIDATO_DE_CONTACTO,0.0,SIN_CANDIDATO_DE_CONTACTO,0,SIN_MATCH,SIN_MATCH,False,SIN_MATCH,0.0,SIN_MATCH,0.0,0.0,0.0,0.0,0.0,0.0,0.0,0.0,0,NO_APLICA
ft_sal_004908,SIN_MATCH,0.0,SIN_CANDIDATO_DE_CONTACTO,0.0,SIN_CANDIDATO_DE_CONTACTO,0,SIN_MATCH,SIN_MATCH,False,SIN_MATCH,0.0,SIN_MATCH,0.0,0.0,0.0,0.0,0.0,0.0,0.0,0.0,0,NO_APLICA
ft_sal_004913,SIN_MATCH,0.0,SIN_CANDIDATO_DE_CONTACTO,0.0,SIN_CANDIDATO_DE_CONTACTO,0,SIN_MATCH,SIN_MATCH,False,SIN_MATCH,0.0,SIN_MATCH,0.0,0.0,0.0,0.0,0.0,0.0,0.0,0.0,0,NO_APLICA
ft_sal_004921,SIN_MATCH,0.0,SIN_CANDIDATO_DE_CONTACTO,0.0,SIN_CANDIDATO_DE_CONTACTO,0,SIN_MATCH,SIN_MATCH,False,SIN_MATCH,0.0,SIN_MATCH,0.0,0.0,0.0,0.0,0.0,0.0,0.0,0.0,0,NO_APLICA
ft_sal_004926,SIN_MATCH,0.0,SIN_CANDIDATO_DE_CONTACTO,0.0,SIN_CANDIDATO_DE_CONTACTO,0,SIN_MATCH,SIN_MATCH,False,SIN_MATCH,0.0,SIN_MATCH,0.0,0.0,0.0,0.0,0.0,0.0,0.0,0.0,0,NO_APLICA
ft_sal_004932,SIN_MATCH,0.0,SIN_CANDIDATO_DE_CONTACTO,0.0,SIN_CANDIDATO_DE_CONTACTO,0,SIN_MATCH,SIN_MATCH,False,SIN_MATCH,0.0,SIN_MATCH,0.0,0.0,0.0,0.0,0.0,0.0,0.0,0.0,0,NO_APLICA
ft_sal_004933,SIN_MATCH,0.0,SIN_CANDIDATO_DE_CONTACTO,0.0,SIN_CANDIDATO_DE_CONTACTO,0,SIN_MATCH,SIN_MATCH,False,SIN_MATCH,0.0,SIN_MATCH,0.0,0.0,0.0,0.0,0.0,0.0,0.0,0.0,0,NO_APLICA
ft_sal_004937,SIN_MATCH,0.0,SIN_CANDIDATO_DE_CONTACTO,0.0,SIN_CANDIDATO_DE_CONTACTO,0,SIN_MATCH,SIN_MATCH,False,SIN_MATCH,0.0,SIN_MATCH,0.0,0.0,0.0,0.0,0.0,0.0,0.0,0.0,0,NO_APLICA
ft_sal_004946,SIN_MATCH,0.0,SIN_CANDIDATO_DE_CONTACTO,0.0,SIN_CANDIDATO_DE_CONTACTO,0,SIN_MATCH,SIN_MATCH,False,SIN_MATCH,0.0,SIN_MATCH,0.0,0.0,0.0,0.0,0.0,0.0,0.0,0.0,0,NO_APLICA
ft_sal_004948,SIN_MATCH,0.0,SIN_CANDIDATO_DE_CONTACTO,0.0,SIN_CANDIDATO_DE_CONTACTO,0,SIN_MATCH,SIN_MATCH,False,SIN_MATCH,0.0,SIN_MATCH,0.0,0.0,0.0,0.0,0.0,0.0,0.0,0.0,0,NO_APLICA
ft_sal_004960,SIN_MATCH,0.0,SIN_CANDIDATO_DE_CONTACTO,0.0,SIN_CANDIDATO_DE_CONTACTO,0,SIN_MATCH,SIN_MATCH,False,SIN_MATCH,0.0,SIN_MATCH,0.0,0.0,0.0,0.0,0.0,0.0,0.0,0.0,0,NO_APLICA
ft_sal_004962,SIN_MATCH,0.0,SIN_CANDIDATO_DE_CONTACTO,0.0,SIN_CANDIDATO_DE_CONTACTO,0,SIN_MATCH,SIN_MATCH,False,SIN_MATCH,0.0,SIN_MATCH,0.0,0.0,0.0,0.0,0.0,0.0,0.0,0.0,0,NO_APLICA
ft_sal_004963,SIN_MATCH,0.0,SIN_CANDIDATO_DE_CONTACTO,0.0,SIN_CANDIDATO_DE_CONTACTO,0,SIN_MATCH,SIN_MATCH,False,SIN_MATCH,0.0,SIN_MATCH,0.0,0.0,0.0,0.0,0.0,0.0,0.0,0.0,0,NO_APLICA
ft_sal_004970,SIN_MATCH,0.0,SIN_CANDIDATO_DE_CONTACTO,0.0,SIN_CANDIDATO_DE_CONTACTO,0,SIN_MATCH,SIN_MATCH,False,SIN_MATCH,0.0,SIN_MATCH,0.0,0.0,0.0,0.0,0.0,0.0,0.0,0.0,0,NO_APLICA
ft_sal_004977,SIN_MATCH,0.0,SIN_CANDIDATO_DE_CONTACTO,0.0,SIN_CANDIDATO_DE_CONTACTO,0,SIN_MATCH,SIN_MATCH,False,SIN_MATCH,0.0,SIN_MATCH,0.0,0.0,0.0,0.0,0.0,0.0,0.0,0.0,0,NO_APLICA
ft_sal_004982,SIN_MATCH,0.0,SIN_CANDIDATO_DE_CONTACTO,0.0,SIN_CANDIDATO_DE_CONTACTO,0,SIN_MATCH,SIN_MATCH,False,SIN_MATCH,0.0,SIN_MATCH,0.0,0.0,0.0,0.0,0.0,0.0,0.0,0.0,0,NO_APLICA
ft_sal_004985,SIN_MATCH,0.0,SIN_CANDIDATO_DE_CONTACTO,0.0,SIN_CANDIDATO_DE_CONTACTO,0,SIN_MATCH,SIN_MATCH,False,SIN_MATCH,0.0,SIN_MATCH,0.0,0.0,0.0,0.0,0.0,0.0,0.0,0.0,0,NO_APLICA
ft_sal_004986,SIN_MATCH,0.0,SIN_CANDIDATO_DE_CONTACTO,0.0,SIN_CANDIDATO_DE_CONTACTO,0,SIN_MATCH,SIN_MATCH,False,SIN_MATCH,0.0,SIN_MATCH,0.0,0.0,0.0,0.0,0.0,0.0,0.0,0.0,0,NO_APLICA
ft_sal_004987,SIN_MATCH,0.0,SIN_CANDIDATO_DE_CONTACTO,0.0,SIN_CANDIDATO_DE_CONTACTO,0,SIN_MATCH,SIN_MATCH,False,SIN_MATCH,0.0,SIN_MATCH,0.0,0.0,0.0,0.0,0.0,0.0,0.0,0.0,0,NO_APLICA
ft_sal_004989,SIN_MATCH,0.0,SIN_CANDIDATO_DE_CONTACTO,0.0,SIN_CANDIDATO_DE_CONTACTO,0,SIN_MATCH,SIN_MATCH,False,SIN_MATCH,0.0,SIN_MATCH,0.0,0.0,0.0,0.0,0.0,0.0,0.0,0.0,0,NO_APLICA
ft_sal_004990,SIN_MATCH,0.0,SIN_CANDIDATO_DE_CONTACTO,0.0,SIN_CANDIDATO_DE_CONTACTO,0,SIN_MATCH,SIN_MATCH,False,SIN_MATCH,0.0,SIN_MATCH,0.0,0.0,0.0,0.0,0.0,0.0,0.0,0.0,0,NO_APLICA
ft_sal_004993,SIN_MATCH,0.0,SIN_CANDIDATO_DE_CONTACTO,0.0,SIN_CANDIDATO_DE_CONTACTO,0,SIN_MATCH,SIN_MATCH,False,SIN_MATCH,0.0,SIN_MATCH,0.0,0.0,0.0,0.0,0.0,0.0,0.0,0.0,0,NO_APLICA
ft_sal_004996,SIN_MATCH,0.0,SIN_CANDIDATO_DE_CONTACTO,0.0,SIN_CANDIDATO_DE_CONTACTO,0,SIN_MATCH,SIN_MATCH,False,SIN_MATCH,0.0,SIN_MATCH,0.0,0.0,0.0,0.0,0.0,0.0,0.0,0.0,0,NO_APLICA
ft_sal_004997,SIN_MATCH,0.0,SIN_CANDIDATO_DE_CONTACTO,0.0,SIN_CANDIDATO_DE_CONTACTO,0,SIN_MATCH,SIN_MATCH,False,SIN_MATCH,0.0,SIN_MATCH,0.0,0.0,0.0,0.0,0.0,0.0,0.0,0.0,0,NO_APLICA
ft_sal_004999,SIN_MATCH,0.0,SIN_CANDIDATO_DE_CONTACTO,0.0,SIN_CANDIDATO_DE_CONTACTO,0,SIN_MATCH,SIN_MATCH,False,SIN_MATCH,0.0,SIN_MATCH,0.0,0.0,0.0,0.0,0.0,0.0,0.0,0.0,0,NO_APLICA
ft_sal_005000,SIN_MATCH,0.0,SIN_CANDIDATO_DE_CONTACTO,0.0,SIN_CANDIDATO_DE_CONTACTO,0,SIN_MATCH,SIN_MATCH,False,SIN_MATCH,0.0,SIN_MATCH,0.0,0.0,0.0,0.0,0.0,0.0,0.0,0.0,0,NO_APLICA
ft_sal_005003,SIN_MATCH,0.0,SIN_CANDIDATO_DE_CONTACTO,0.0,SIN_CANDIDATO_DE_CONTACTO,0,SIN_MATCH,SIN_MATCH,False,SIN_MATCH,0.0,SIN_MATCH,0.0,0.0,0.0,0.0,0.0,0.0,0.0,0.0,0,NO_APLICA
ft_sal_005009,SIN_MATCH,0.0,SIN_CANDIDATO_DE_CONTACTO,0.0,SIN_CANDIDATO_DE_CONTACTO,0,SIN_MATCH,SIN_MATCH,False,SIN_MATCH,0.0,SIN_MATCH,0.0,0.0,0.0,0.0,0.0,0.0,0.0,0.0,0,NO_APLICA
ft_sal_005010,SIN_MATCH,0.0,SIN_CANDIDATO_DE_CONTACTO,0.0,SIN_CANDIDATO_DE_CONTACTO,0,SIN_MATCH,SIN_MATCH,False,SIN_MATCH,0.0,SIN_MATCH,0.0,0.0,0.0,0.0,0.0,0.0,0.0,0.0,0,NO_APLICA
ft_sal_005011,SIN_MATCH,0.0,SIN_CANDIDATO_DE_CONTACTO,0.0,SIN_CANDIDATO_DE_CONTACTO,0,SIN_MATCH,SIN_MATCH,False,SIN_MATCH,0.0,SIN_MATCH,0.0,0.0,0.0,0.0,0.0,0.0,0.0,0.0,0,NO_APLICA
ft_sal_005012,SIN_MATCH,0.0,SIN_CANDIDATO_DE_CONTACTO,0.0,SIN_CANDIDATO_DE_CONTACTO,0,SIN_MATCH,SIN_MATCH,False,SIN_MATCH,0.0,SIN_MATCH,0.0,0.0,0.0,0.0,0.0,0.0,0.0,0.0,0,NO_APLICA
ft_sal_005014,SIN_MATCH,0.0,SIN_CANDIDATO_DE_CONTACTO,0.0,SIN_CANDIDATO_DE_CONTACTO,0,SIN_MATCH,SIN_MATCH,False,SIN_MATCH,0.0,SIN_MATCH,0.0,0.0,0.0,0.0,0.0,0.0,0.0,0.0,0,NO_APLICA
ft_sal_005015,SIN_MATCH,0.0,SIN_CANDIDATO_DE_CONTACTO,0.0,SIN_CANDIDATO_DE_CONTACTO,0,SIN_MATCH,SIN_MATCH,False,SIN_MATCH,0.0,SIN_MATCH,0.0,0.0,0.0,0.0,0.0,0.0,0.0,0.0,0,NO_APLICA
ft_sal_005016,SIN_MATCH,0.0,SIN_CANDIDATO_DE_CONTACTO,0.0,SIN_CANDIDATO_DE_CONTACTO,0,SIN_MATCH,SIN_MATCH,False,SIN_MATCH,0.0,SIN_MATCH,0.0,0.0,0.0,0.0,0.0,0.0,0.0,0.0,0,NO_APLICA
ft_sal_005019,SIN_MATCH,0.0,SIN_CANDIDATO_DE_CONTACTO,0.0,SIN_CANDIDATO_DE_CONTACTO,0,SIN_MATCH,SIN_MATCH,False,SIN_MATCH,0.0,SIN_MATCH,0.0,0.0,0.0,0.0,0.0,0.0,0.0,0.0,0,NO_APLICA
ft_sal_005020,SIN_MATCH,0.0,SIN_CANDIDATO_DE_CONTACTO,0.0,SIN_CANDIDATO_DE_CONTACTO,0,SIN_MATCH,SIN_MATCH,False,SIN_MATCH,0.0,SIN_MATCH,0.0,0.0,0.0,0.0,0.0,0.0,0.0,0.0,0,NO_APLICA
ft_sal_005021,SIN_MATCH,0.0,SIN_CANDIDATO_DE_CONTACTO,0.0,SIN_CANDIDATO_DE_CONTACTO,0,SIN_MATCH,SIN_MATCH,False,SIN_MATCH,0.0,SIN_MATCH,0.0,0.0,0.0,0.0,0.0,0.0,0.0,0.0,0,NO_APLICA
ft_sal_005022,SIN_MATCH,0.0,SIN_CANDIDATO_DE_CONTACTO,0.0,SIN_CANDIDATO_DE_CONTACTO,0,SIN_MATCH,SIN_MATCH,False,SIN_MATCH,0.0,SIN_MATCH,0.0,0.0,0.0,0.0,0.0,0.0,0.0,0.0,0,NO_APLICA
ft_sal_005023,SIN_MATCH,0.0,SIN_CANDIDATO_DE_CONTACTO,0.0,SIN_CANDIDATO_DE_CONTACTO,0,SIN_MATCH,SIN_MATCH,False,SIN_MATCH,0.0,SIN_MATCH,0.0,0.0,0.0,0.0,0.0,0.0,0.0,0.0,0,NO_APLICA
ft_sal_005024,SIN_MATCH,0.0,SIN_CANDIDATO_DE_CONTACTO,0.0,SIN_CANDIDATO_DE_CONTACTO,0,SIN_MATCH,SIN_MATCH,False,SIN_MATCH,0.0,SIN_MATCH,0.0,0.0,0.0,0.0,0.0,0.0,0.0,0.0,0,NO_APLICA
ft_sal_005026,SIN_MATCH,0.0,SIN_CANDIDATO_DE_CONTACTO,0.0,SIN_CANDIDATO_DE_CONTACTO,0,SIN_MATCH,SIN_MATCH,False,SIN_MATCH,0.0,SIN_MATCH,0.0,0.0,0.0,0.0,0.0,0.0,0.0,0.0,0,NO_APLICA
ft_sal_005027,SIN_MATCH,0.0,SIN_CANDIDATO_DE_CONTACTO,0.0,SIN_CANDIDATO_DE_CONTACTO,0,SIN_MATCH,SIN_MATCH,False,SIN_MATCH,0.0,SIN_MATCH,0.0,0.0,0.0,0.0,0.0,0.0,0.0,0.0,0,NO_APLICA
ft_sal_005028,SIN_MATCH,0.0,SIN_CANDIDATO_DE_CONTACTO,0.0,SIN_CANDIDATO_DE_CONTACTO,0,SIN_MATCH,SIN_MATCH,False,SIN_MATCH,0.0,SIN_MATCH,0.0,0.0,0.0,0.0,0.0,0.0,0.0,0.0,0,NO_APLICA
ft_sal_005031,SIN_MATCH,0.0,SIN_CANDIDATO_DE_CONTACTO,0.0,SIN_CANDIDATO_DE_CONTACTO,0,SIN_MATCH,SIN_MATCH,False,SIN_MATCH,0.0,SIN_MATCH,0.0,0.0,0.0,0.0,0.0,0.0,0.0,0.0,0,NO_APLICA
ft_sal_005032,SIN_MATCH,0.0,SIN_CANDIDATO_DE_CONTACTO,0.0,SIN_CANDIDATO_DE_CONTACTO,0,SIN_MATCH,SIN_MATCH,False,SIN_MATCH,0.0,SIN_MATCH,0.0,0.0,0.0,0.0,0.0,0.0,0.0,0.0,0,NO_APLICA
ft_sal_005034,SIN_MATCH,0.0,AMBIGUO,0.0,AMBIGUO,2,bm_usr_000080,bm_usr_000373,True,bm_usr_000080,0.96,bm_usr_000373,0.96,0.0,1.0,1.0,0.0,1.0,0.0,1.0,0,NO_APLICA
ft_sal_005035,SIN_MATCH,0.0,SIN_CANDIDATO_DE_CONTACTO,0.0,SIN_CANDIDATO_DE_CONTACTO,0,SIN_MATCH,SIN_MATCH,False,SIN_MATCH,0.0,SIN_MATCH,0.0,0.0,0.0,0.0,0.0,0.0,0.0,0.0,0,NO_APLICA
ft_sal_005036,SIN_MATCH,0.0,SIN_CANDIDATO_DE_CONTACTO,0.0,SIN_CANDIDATO_DE_CONTACTO,0,SIN_MATCH,SIN_MATCH,False,SIN_MATCH,0.0,SIN_MATCH,0.0,0.0,0.0,0.0,0.0,0.0,0.0,0.0,0,NO_APLICA
ft_sal_005038,SIN_MATCH,0.0,SIN_CANDIDATO_DE_CONTACTO,0.0,SIN_CANDIDATO_DE_CONTACTO,0,SIN_MATCH,SIN_MATCH,False,SIN_MATCH,0.0,SIN_MATCH,0.0,0.0,0.0,0.0,0.0,0.0,0.0,0.0,0,NO_APLICA
ft_sal_005039,SIN_MATCH,0.0,SIN_CANDIDATO_DE_CONTACTO,0.0,SIN_CANDIDATO_DE_CONTACTO,0,SIN_MATCH,SIN_MATCH,False,SIN_MATCH,0.0,SIN_MATCH,0.0,0.0,0.0,0.0,0.0,0.0,0.0,0.0,0,NO_APLICA
ft_sal_005046,SIN_MATCH,0.0,SIN_CANDIDATO_DE_CONTACTO,0.0,SIN_CANDIDATO_DE_CONTACTO,0,SIN_MATCH,SIN_MATCH,False,SIN_MATCH,0.0,SIN_MATCH,0.0,0.0,0.0,0.0,0.0,0.0,0.0,0.0,0,NO_APLICA
ft_sal_005051,SIN_MATCH,0.0,SIN_CANDIDATO_DE_CONTACTO,0.0,SIN_CANDIDATO_DE_CONTACTO,0,SIN_MATCH,SIN_MATCH,False,SIN_MATCH,0.0,SIN_MATCH,0.0,0.0,0.0,0.0,0.0,0.0,0.0,0.0,0,NO_APLICA
ft_sal_005052,SIN_MATCH,0.0,SIN_CANDIDATO_DE_CONTACTO,0.0,SIN_CANDIDATO_DE_CONTACTO,0,SIN_MATCH,SIN_MATCH,False,SIN_MATCH,0.0,SIN_MATCH,0.0,0.0,0.0,0.0,0.0,0.0,0.0,0.0,0,NO_APLICA
ft_sal_005058,SIN_MATCH,0.0,SIN_CANDIDATO_DE_CONTACTO,0.0,SIN_CANDIDATO_DE_CONTACTO,0,SIN_MATCH,SIN_MATCH,False,SIN_MATCH,0.0,SIN_MATCH,0.0,0.0,0.0,0.0,0.0,0.0,0.0,0.0,0,NO_APLICA
ft_sal_005062,SIN_MATCH,0.0,SIN_CANDIDATO_DE_CONTACTO,0.0,SIN_CANDIDATO_DE_CONTACTO,0,SIN_MATCH,SIN_MATCH,False,SIN_MATCH,0.0,SIN_MATCH,0.0,0.0,0.0,0.0,0.0,0.0,0.0,0.0,0,NO_APLICA
ft_sal_005063,SIN_MATCH,0.0,SIN_CANDIDATO_DE_CONTACTO,0.0,SIN_CANDIDATO_DE_CONTACTO,0,SIN_MATCH,SIN_MATCH,False,SIN_MATCH,0.0,SIN_MATCH,0.0,0.0,0.0,0.0,0.0,0.0,0.0,0.0,0,NO_APLICA
ft_sal_005065,SIN_MATCH,0.0,SIN_CANDIDATO_DE_CONTACTO,0.0,SIN_CANDIDATO_DE_CONTACTO,0,SIN_MATCH,SIN_MATCH,False,SIN_MATCH,0.0,SIN_MATCH,0.0,0.0,0.0,0.0,0.0,0.0,0.0,0.0,0,NO_APLICA
ft_sal_005070,SIN_MATCH,0.0,SIN_CANDIDATO_DE_CONTACTO,0.0,SIN_CANDIDATO_DE_CONTACTO,0,SIN_MATCH,SIN_MATCH,False,SIN_MATCH,0.0,SIN_MATCH,0.0,0.0,0.0,0.0,0.0,0.0,0.0,0.0,0,NO_APLICA
ft_sal_005074,SIN_MATCH,0.0,SIN_CANDIDATO_DE_CONTACTO,0.0,SIN_CANDIDATO_DE_CONTACTO,0,SIN_MATCH,SIN_MATCH,False,SIN_MATCH,0.0,SIN_MATCH,0.0,0.0,0.0,0.0,0.0,0.0,0.0,0.0,0,NO_APLICA
ft_sal_005075,SIN_MATCH,0.0,SIN_CANDIDATO_DE_CONTACTO,0.0,SIN_CANDIDATO_DE_CONTACTO,0,SIN_MATCH,SIN_MATCH,False,SIN_MATCH,0.0,SIN_MATCH,0.0,0.0,0.0,0.0,0.0,0.0,0.0,0.0,0,NO_APLICA
ft_sal_005076,SIN_MATCH,0.0,SIN_CANDIDATO_DE_CONTACTO,0.0,SIN_CANDIDATO_DE_CONTACTO,0,SIN_MATCH,SIN_MATCH,False,SIN_MATCH,0.0,SIN_MATCH,0.0,0.0,0.0,0.0,0.0,0.0,0.0,0.0,0,NO_APLICA
ft_sal_005077,SIN_MATCH,0.0,SIN_CANDIDATO_DE_CONTACTO,0.0,SIN_CANDIDATO_DE_CONTACTO,0,SIN_MATCH,SIN_MATCH,False,SIN_MATCH,0.0,SIN_MATCH,0.0,0.0,0.0,0.0,0.0,0.0,0.0,0.0,0,NO_APLICA
ft_sal_005078,SIN_MATCH,0.0,SIN_CANDIDATO_DE_CONTACTO,0.0,SIN_CANDIDATO_DE_CONTACTO,0,SIN_MATCH,SIN_MATCH,False,SIN_MATCH,0.0,SIN_MATCH,0.0,0.0,0.0,0.0,0.0,0.0,0.0,0.0,0,NO_APLICA
ft_sal_005079,SIN_MATCH,0.0,SIN_CANDIDATO_DE_CONTACTO,0.0,SIN_CANDIDATO_DE_CONTACTO,0,SIN_MATCH,SIN_MATCH,False,SIN_MATCH,0.0,SIN_MATCH,0.0,0.0,0.0,0.0,0.0,0.0,0.0,0.0,0,NO_APLICA
ft_sal_005085,SIN_MATCH,0.0,SIN_CANDIDATO_DE_CONTACTO,0.0,SIN_CANDIDATO_DE_CONTACTO,0,SIN_MATCH,SIN_MATCH,False,SIN_MATCH,0.0,SIN_MATCH,0.0,0.0,0.0,0.0,0.0,0.0,0.0,0.0,0,NO_APLICA
ft_sal_005090,SIN_MATCH,0.0,SIN_CANDIDATO_DE_CONTACTO,0.0,SIN_CANDIDATO_DE_CONTACTO,0,SIN_MATCH,SIN_MATCH,False,SIN_MATCH,0.0,SIN_MATCH,0.0,0.0,0.0,0.0,0.0,0.0,0.0,0.0,0,NO_APLICA
ft_sal_005098,SIN_MATCH,0.0,SIN_CANDIDATO_DE_CONTACTO,0.0,SIN_CANDIDATO_DE_CONTACTO,0,SIN_MATCH,SIN_MATCH,False,SIN_MATCH,0.0,SIN_MATCH,0.0,0.0,0.0,0.0,0.0,0.0,0.0,0.0,0,NO_APLICA
ft_sal_005103,SIN_MATCH,0.0,SIN_CANDIDATO_DE_CONTACTO,0.0,SIN_CANDIDATO_DE_CONTACTO,0,SIN_MATCH,SIN_MATCH,False,SIN_MATCH,0.0,SIN_MATCH,0.0,0.0,0.0,0.0,0.0,0.0,0.0,0.0,0,NO_APLICA
ft_sal_005107,SIN_MATCH,0.0,SIN_CANDIDATO_DE_CONTACTO,0.0,SIN_CANDIDATO_DE_CONTACTO,0,SIN_MATCH,SIN_MATCH,False,SIN_MATCH,0.0,SIN_MATCH,0.0,0.0,0.0,0.0,0.0,0.0,0.0,0.0,0,NO_APLICA
ft_sal_005113,SIN_MATCH,0.0,SIN_CANDIDATO_DE_CONTACTO,0.0,SIN_CANDIDATO_DE_CONTACTO,0,SIN_MATCH,SIN_MATCH,False,SIN_MATCH,0.0,SIN_MATCH,0.0,0.0,0.0,0.0,0.0,0.0,0.0,0.0,0,NO_APLICA
ft_sal_005119,SIN_MATCH,0.0,SIN_CANDIDATO_DE_CONTACTO,0.0,SIN_CANDIDATO_DE_CONTACTO,0,SIN_MATCH,SIN_MATCH,False,SIN_MATCH,0.0,SIN_MATCH,0.0,0.0,0.0,0.0,0.0,0.0,0.0,0.0,0,NO_APLICA
ft_sal_005123,SIN_MATCH,0.0,SIN_CANDIDATO_DE_CONTACTO,0.0,SIN_CANDIDATO_DE_CONTACTO,0,SIN_MATCH,SIN_MATCH,False,SIN_MATCH,0.0,SIN_MATCH,0.0,0.0,0.0,0.0,0.0,0.0,0.0,0.0,0,NO_APLICA
ft_sal_005124,SIN_MATCH,0.0,SIN_CANDIDATO_DE_CONTACTO,0.0,SIN_CANDIDATO_DE_CONTACTO,0,SIN_MATCH,SIN_MATCH,False,SIN_MATCH,0.0,SIN_MATCH,0.0,0.0,0.0,0.0,0.0,0.0,0.0,0.0,0,NO_APLICA
ft_sal_005127,SIN_MATCH,0.0,SIN_CANDIDATO_DE_CONTACTO,0.0,SIN_CANDIDATO_DE_CONTACTO,0,SIN_MATCH,SIN_MATCH,False,SIN_MATCH,0.0,SIN_MATCH,0.0,0.0,0.0,0.0,0.0,0.0,0.0,0.0,0,NO_APLICA
ft_sal_005128,SIN_MATCH,0.0,SIN_CANDIDATO_DE_CONTACTO,0.0,SIN_CANDIDATO_DE_CONTACTO,0,SIN_MATCH,SIN_MATCH,False,SIN_MATCH,0.0,SIN_MATCH,0.0,0.0,0.0,0.0,0.0,0.0,0.0,0.0,0,NO_APLICA
ft_sal_005129,SIN_MATCH,0.0,SIN_CANDIDATO_DE_CONTACTO,0.0,SIN_CANDIDATO_DE_CONTACTO,0,SIN_MATCH,SIN_MATCH,False,SIN_MATCH,0.0,SIN_MATCH,0.0,0.0,0.0,0.0,0.0,0.0,0.0,0.0,0,NO_APLICA
ft_sal_005131,SIN_MATCH,0.0,SIN_CANDIDATO_DE_CONTACTO,0.0,SIN_CANDIDATO_DE_CONTACTO,0,SIN_MATCH,SIN_MATCH,False,SIN_MATCH,0.0,SIN_MATCH,0.0,0.0,0.0,0.0,0.0,0.0,0.0,0.0,0,NO_APLICA
ft_sal_005133,SIN_MATCH,0.0,SIN_CANDIDATO_DE_CONTACTO,0.0,SIN_CANDIDATO_DE_CONTACTO,0,SIN_MATCH,SIN_MATCH,False,SIN_MATCH,0.0,SIN_MATCH,0.0,0.0,0.0,0.0,0.0,0.0,0.0,0.0,0,NO_APLICA
ft_sal_005136,SIN_MATCH,0.0,SIN_CANDIDATO_DE_CONTACTO,0.0,SIN_CANDIDATO_DE_CONTACTO,0,SIN_MATCH,SIN_MATCH,False,SIN_MATCH,0.0,SIN_MATCH,0.0,0.0,0.0,0.0,0.0,0.0,0.0,0.0,0,NO_APLICA
ft_sal_005145,SIN_MATCH,0.0,SIN_CANDIDATO_DE_CONTACTO,0.0,SIN_CANDIDATO_DE_CONTACTO,0,SIN_MATCH,SIN_MATCH,False,SIN_MATCH,0.0,SIN_MATCH,0.0,0.0,0.0,0.0,0.0,0.0,0.0,0.0,0,NO_APLICA
ft_sal_005146,SIN_MATCH,0.0,SIN_CANDIDATO_DE_CONTACTO,0.0,SIN_CANDIDATO_DE_CONTACTO,0,SIN_MATCH,SIN_MATCH,False,SIN_MATCH,0.0,SIN_MATCH,0.0,0.0,0.0,0.0,0.0,0.0,0.0,0.0,0,NO_APLICA
ft_sal_005148,SIN_MATCH,0.0,SIN_CANDIDATO_DE_CONTACTO,0.0,SIN_CANDIDATO_DE_CONTACTO,0,SIN_MATCH,SIN_MATCH,False,SIN_MATCH,0.0,SIN_MATCH,0.0,0.0,0.0,0.0,0.0,0.0,0.0,0.0,0,NO_APLICA
ft_sal_005158,SIN_MATCH,0.0,SIN_CANDIDATO_DE_CONTACTO,0.0,SIN_CANDIDATO_DE_CONTACTO,0,SIN_MATCH,SIN_MATCH,False,SIN_MATCH,0.0,SIN_MATCH,0.0,0.0,0.0,0.0,0.0,0.0,0.0,0.0,0,NO_APLICA
ft_sal_005160,SIN_MATCH,0.0,AMBIGUO,0.0,AMBIGUO,2,bm_usr_005210,bm_usr_000482,True,bm_usr_000482,0.96,bm_usr_005210,0.96,1.0,0.0,1.0,0.0,0.0,1.0,1.0,0,NO_APLICA
ft_sal_005161,SIN_MATCH,0.0,SIN_CANDIDATO_DE_CONTACTO,0.0,SIN_CANDIDATO_DE_CONTACTO,0,SIN_MATCH,SIN_MATCH,False,SIN_MATCH,0.0,SIN_MATCH,0.0,0.0,0.0,0.0,0.0,0.0,0.0,0.0,0,NO_APLICA
ft_sal_005162,SIN_MATCH,0.0,SIN_CANDIDATO_DE_CONTACTO,0.0,SIN_CANDIDATO_DE_CONTACTO,0,SIN_MATCH,SIN_MATCH,False,SIN_MATCH,0.0,SIN_MATCH,0.0,0.0,0.0,0.0,0.0,0.0,0.0,0.0,0,NO_APLICA
ft_sal_005176,SIN_MATCH,0.0,SIN_CANDIDATO_DE_CONTACTO,0.0,SIN_CANDIDATO_DE_CONTACTO,0,SIN_MATCH,SIN_MATCH,False,SIN_MATCH,0.0,SIN_MATCH,0.0,0.0,0.0,0.0,0.0,0.0,0.0,0.0,0,NO_APLICA
ft_sal_005183,SIN_MATCH,0.0,EVIDENCIA_INSUFICIENTE,0.0,EVIDENCIA_INSUFICIENTE,1,SIN_MATCH,bm_usr_005557,False,bm_usr_005557,0.58,SIN_MATCH,0.0,0.0,0.0,0.0,0.58,0.0,1.0,0.25,0,NO_APLICA
ft_sal_005185,SIN_MATCH,0.0,EVIDENCIA_INSUFICIENTE,0.0,EVIDENCIA_INSUFICIENTE,2,bm_usr_005316,bm_usr_001580,True,bm_usr_001580,0.58,bm_usr_005316,0.58,1.0,0.0,0.3077,0.0,0.0,1.0,0.6429,0,NO_APLICA
ft_sal_005191,SIN_MATCH,0.0,SIN_CANDIDATO_DE_CONTACTO,0.0,SIN_CANDIDATO_DE_CONTACTO,0,SIN_MATCH,SIN_MATCH,False,SIN_MATCH,0.0,SIN_MATCH,0.0,0.0,0.0,0.0,0.0,0.0,0.0,0.0,0,NO_APLICA
ft_sal_005203,SIN_MATCH,0.0,SIN_CANDIDATO_DE_CONTACTO,0.0,SIN_CANDIDATO_DE_CONTACTO,0,SIN_MATCH,SIN_MATCH,False,SIN_MATCH,0.0,SIN_MATCH,0.0,0.0,0.0,0.0,0.0,0.0,0.0,0.0,0,NO_APLICA
ft_sal_005205,SIN_MATCH,0.0,SIN_CANDIDATO_DE_CONTACTO,0.0,SIN_CANDIDATO_DE_CONTACTO,0,SIN_MATCH,SIN_MATCH,False,SIN_MATCH,0.0,SIN_MATCH,0.0,0.0,0.0,0.0,0.0,0.0,0.0,0.0,0,NO_APLICA
ft_sal_005206,SIN_MATCH,0.0,SIN_CANDIDATO_DE_CONTACTO,0.0,SIN_CANDIDATO_DE_CONTACTO,0,SIN_MATCH,SIN_MATCH,False,SIN_MATCH,0.0,SIN_MATCH,0.0,0.0,0.0,0.0,0.0,0.0,0.0,0.0,0,NO_APLICA
ft_sal_005207,SIN_MATCH,0.0,SIN_CANDIDATO_DE_CONTACTO,0.0,SIN_CANDIDATO_DE_CONTACTO,0,SIN_MATCH,SIN_MATCH,False,SIN_MATCH,0.0,SIN_MATCH,0.0,0.0,0.0,0.0,0.0,0.0,0.0,0.0,0,NO_APLICA
ft_sal_005208,SIN_MATCH,0.0,EVIDENCIA_INSUFICIENTE,0.0,EVIDENCIA_INSUFICIENTE,2,bm_usr_004672,bm_usr_005259,True,bm_usr_005259,0.58,bm_usr_004672,0.58,1.0,0.0,0.1875,0.0,0.0,1.0,0.4118,0,NO_APLICA
ft_sal_005210,SIN_MATCH,0.0,SIN_CANDIDATO_DE_CONTACTO,0.0,SIN_CANDIDATO_DE_CONTACTO,0,SIN_MATCH,SIN_MATCH,False,SIN_MATCH,0.0,SIN_MATCH,0.0,0.0,0.0,0.0,0.0,0.0,0.0,0.0,0,NO_APLICA
ft_sal_005213,SIN_MATCH,0.0,SIN_CANDIDATO_DE_CONTACTO,0.0,SIN_CANDIDATO_DE_CONTACTO,0,SIN_MATCH,SIN_MATCH,False,SIN_MATCH,0.0,SIN_MATCH,0.0,0.0,0.0,0.0,0.0,0.0,0.0,0.0,0,NO_APLICA
ft_sal_005214,SIN_MATCH,0.0,SIN_CANDIDATO_DE_CONTACTO,0.0,SIN_CANDIDATO_DE_CONTACTO,0,SIN_MATCH,SIN_MATCH,False,SIN_MATCH,0.0,SIN_MATCH,0.0,0.0,0.0,0.0,0.0,0.0,0.0,0.0,0,NO_APLICA
ft_sal_005215,SIN_MATCH,0.0,SIN_CANDIDATO_DE_CONTACTO,0.0,SIN_CANDIDATO_DE_CONTACTO,0,SIN_MATCH,SIN_MATCH,False,SIN_MATCH,0.0,SIN_MATCH,0.0,0.0,0.0,0.0,0.0,0.0,0.0,0.0,0,NO_APLICA
ft_sal_005218,SIN_MATCH,0.0,SIN_CANDIDATO_DE_CONTACTO,0.0,SIN_CANDIDATO_DE_CONTACTO,0,SIN_MATCH,SIN_MATCH,False,SIN_MATCH,0.0,SIN_MATCH,0.0,0.0,0.0,0.0,0.0,0.0,0.0,0.0,0,NO_APLICA
ft_sal_005221,SIN_MATCH,0.0,SIN_CANDIDATO_DE_CONTACTO,0.0,SIN_CANDIDATO_DE_CONTACTO,0,SIN_MATCH,SIN_MATCH,False,SIN_MATCH,0.0,SIN_MATCH,0.0,0.0,0.0,0.0,0.0,0.0,0.0,0.0,0,NO_APLICA
ft_sal_005223,SIN_MATCH,0.0,SIN_CANDIDATO_DE_CONTACTO,0.0,SIN_CANDIDATO_DE_CONTACTO,0,SIN_MATCH,SIN_MATCH,False,SIN_MATCH,0.0,SIN_MATCH,0.0,0.0,0.0,0.0,0.0,0.0,0.0,0.0,0,NO_APLICA
ft_sal_005224,SIN_MATCH,0.0,SIN_CANDIDATO_DE_CONTACTO,0.0,SIN_CANDIDATO_DE_CONTACTO,0,SIN_MATCH,SIN_MATCH,False,SIN_MATCH,0.0,SIN_MATCH,0.0,0.0,0.0,0.0,0.0,0.0,0.0,0.0,0,NO_APLICA
ft_sal_005226,SIN_MATCH,0.0,SIN_CANDIDATO_DE_CONTACTO,0.0,SIN_CANDIDATO_DE_CONTACTO,0,SIN_MATCH,SIN_MATCH,False,SIN_MATCH,0.0,SIN_MATCH,0.0,0.0,0.0,0.0,0.0,0.0,0.0,0.0,0,NO_APLICA
ft_sal_005228,SIN_MATCH,0.0,SIN_CANDIDATO_DE_CONTACTO,0.0,SIN_CANDIDATO_DE_CONTACTO,0,SIN_MATCH,SIN_MATCH,False,SIN_MATCH,0.0,SIN_MATCH,0.0,0.0,0.0,0.0,0.0,0.0,0.0,0.0,0,NO_APLICA
ft_sal_005229,SIN_MATCH,0.0,SIN_CANDIDATO_DE_CONTACTO,0.0,SIN_CANDIDATO_DE_CONTACTO,0,SIN_MATCH,SIN_MATCH,False,SIN_MATCH,0.0,SIN_MATCH,0.0,0.0,0.0,0.0,0.0,0.0,0.0,0.0,0,NO_APLICA
ft_sal_005231,SIN_MATCH,0.0,SIN_CANDIDATO_DE_CONTACTO,0.0,SIN_CANDIDATO_DE_CONTACTO,0,SIN_MATCH,SIN_MATCH,False,SIN_MATCH,0.0,SIN_MATCH,0.0,0.0,0.0,0.0,0.0,0.0,0.0,0.0,0,NO_APLICA
ft_sal_005232,SIN_MATCH,0.0,SIN_CANDIDATO_DE_CONTACTO,0.0,SIN_CANDIDATO_DE_CONTACTO,0,SIN_MATCH,SIN_MATCH,False,SIN_MATCH,0.0,SIN_MATCH,0.0,0.0,0.0,0.0,0.0,0.0,0.0,0.0,0,NO_APLICA
ft_sal_005242,SIN_MATCH,0.0,SIN_CANDIDATO_DE_CONTACTO,0.0,SIN_CANDIDATO_DE_CONTACTO,0,SIN_MATCH,SIN_MATCH,False,SIN_MATCH,0.0,SIN_MATCH,0.0,0.0,0.0,0.0,0.0,0.0,0.0,0.0,0,NO_APLICA
ft_sal_005245,SIN_MATCH,0.0,SIN_CANDIDATO_DE_CONTACTO,0.0,SIN_CANDIDATO_DE_CONTACTO,0,SIN_MATCH,SIN_MATCH,False,SIN_MATCH,0.0,SIN_MATCH,0.0,0.0,0.0,0.0,0.0,0.0,0.0,0.0,0,NO_APLICA
ft_sal_005247,SIN_MATCH,0.0,SIN_CANDIDATO_DE_CONTACTO,0.0,SIN_CANDIDATO_DE_CONTACTO,0,SIN_MATCH,SIN_MATCH,False,SIN_MATCH,0.0,SIN_MATCH,0.0,0.0,0.0,0.0,0.0,0.0,0.0,0.0,0,NO_APLICA
ft_sal_005248,SIN_MATCH,0.0,SIN_CANDIDATO_DE_CONTACTO,0.0,SIN_CANDIDATO_DE_CONTACTO,0,SIN_MATCH,SIN_MATCH,False,SIN_MATCH,0.0,SIN_MATCH,0.0,0.0,0.0,0.0,0.0,0.0,0.0,0.0,0,NO_APLICA
ft_sal_005251,SIN_MATCH,0.0,SIN_CANDIDATO_DE_CONTACTO,0.0,SIN_CANDIDATO_DE_CONTACTO,0,SIN_MATCH,SIN_MATCH,False,SIN_MATCH,0.0,SIN_MATCH,0.0,0.0,0.0,0.0,0.0,0.0,0.0,0.0,0,NO_APLICA
ft_sal_005253,SIN_MATCH,0.0,SIN_CANDIDATO_DE_CONTACTO,0.0,SIN_CANDIDATO_DE_CONTACTO,0,SIN_MATCH,SIN_MATCH,False,SIN_MATCH,0.0,SIN_MATCH,0.0,0.0,0.0,0.0,0.0,0.0,0.0,0.0,0,NO_APLICA
ft_sal_005256,SIN_MATCH,0.0,SIN_CANDIDATO_DE_CONTACTO,0.0,SIN_CANDIDATO_DE_CONTACTO,0,SIN_MATCH,SIN_MATCH,False,SIN_MATCH,0.0,SIN_MATCH,0.0,0.0,0.0,0.0,0.0,0.0,0.0,0.0,0,NO_APLICA
ft_sal_005257,SIN_MATCH,0.0,SIN_CANDIDATO_DE_CONTACTO,0.0,SIN_CANDIDATO_DE_CONTACTO,0,SIN_MATCH,SIN_MATCH,False,SIN_MATCH,0.0,SIN_MATCH,0.0,0.0,0.0,0.0,0.0,0.0,0.0,0.0,0,NO_APLICA
ft_sal_005258,SIN_MATCH,0.0,SIN_CANDIDATO_DE_CONTACTO,0.0,SIN_CANDIDATO_DE_CONTACTO,0,SIN_MATCH,SIN_MATCH,False,SIN_MATCH,0.0,SIN_MATCH,0.0,0.0,0.0,0.0,0.0,0.0,0.0,0.0,0,NO_APLICA
ft_sal_005264,SIN_MATCH,0.0,SIN_CANDIDATO_DE_CONTACTO,0.0,SIN_CANDIDATO_DE_CONTACTO,0,SIN_MATCH,SIN_MATCH,False,SIN_MATCH,0.0,SIN_MATCH,0.0,0.0,0.0,0.0,0.0,0.0,0.0,0.0,0,NO_APLICA
ft_sal_005265,SIN_MATCH,0.0,SIN_CANDIDATO_DE_CONTACTO,0.0,SIN_CANDIDATO_DE_CONTACTO,0,SIN_MATCH,SIN_MATCH,False,SIN_MATCH,0.0,SIN_MATCH,0.0,0.0,0.0,0.0,0.0,0.0,0.0,0.0,0,NO_APLICA
ft_sal_005266,SIN_MATCH,0.0,SIN_CANDIDATO_DE_CONTACTO,0.0,SIN_CANDIDATO_DE_CONTACTO,0,SIN_MATCH,SIN_MATCH,False,SIN_MATCH,0.0,SIN_MATCH,0.0,0.0,0.0,0.0,0.0,0.0,0.0,0.0,0,NO_APLICA
ft_sal_005267,SIN_MATCH,0.0,SIN_CANDIDATO_DE_CONTACTO,0.0,SIN_CANDIDATO_DE_CONTACTO,0,SIN_MATCH,SIN_MATCH,False,SIN_MATCH,0.0,SIN_MATCH,0.0,0.0,0.0,0.0,0.0,0.0,0.0,0.0,0,NO_APLICA
ft_sal_005268,SIN_MATCH,0.0,SIN_CANDIDATO_DE_CONTACTO,0.0,SIN_CANDIDATO_DE_CONTACTO,0,SIN_MATCH,SIN_MATCH,False,SIN_MATCH,0.0,SIN_MATCH,0.0,0.0,0.0,0.0,0.0,0.0,0.0,0.0,0,NO_APLICA
ft_sal_005270,SIN_MATCH,0.0,SIN_CANDIDATO_DE_CONTACTO,0.0,SIN_CANDIDATO_DE_CONTACTO,0,SIN_MATCH,SIN_MATCH,False,SIN_MATCH,0.0,SIN_MATCH,0.0,0.0,0.0,0.0,0.0,0.0,0.0,0.0,0,NO_APLICA
ft_sal_005271,SIN_MATCH,0.0,SIN_CANDIDATO_DE_CONTACTO,0.0,SIN_CANDIDATO_DE_CONTACTO,0,SIN_MATCH,SIN_MATCH,False,SIN_MATCH,0.0,SIN_MATCH,0.0,0.0,0.0,0.0,0.0,0.0,0.0,0.0,0,NO_APLICA
ft_sal_005272,SIN_MATCH,0.0,SIN_CANDIDATO_DE_CONTACTO,0.0,SIN_CANDIDATO_DE_CONTACTO,0,SIN_MATCH,SIN_MATCH,False,SIN_MATCH,0.0,SIN_MATCH,0.0,0.0,0.0,0.0,0.0,0.0,0.0,0.0,0,NO_APLICA
ft_sal_005273,SIN_MATCH,0.0,SIN_CANDIDATO_DE_CONTACTO,0.0,SIN_CANDIDATO_DE_CONTACTO,0,SIN_MATCH,SIN_MATCH,False,SIN_MATCH,0.0,SIN_MATCH,0.0,0.0,0.0,0.0,0.0,0.0,0.0,0.0,0,NO_APLICA
ft_sal_005275,SIN_MATCH,0.0,SIN_CANDIDATO_DE_CONTACTO,0.0,SIN_CANDIDATO_DE_CONTACTO,0,SIN_MATCH,SIN_MATCH,False,SIN_MATCH,0.0,SIN_MATCH,0.0,0.0,0.0,0.0,0.0,0.0,0.0,0.0,0,NO_APLICA
ft_sal_005280,SIN_MATCH,0.0,SIN_CANDIDATO_DE_CONTACTO,0.0,SIN_CANDIDATO_DE_CONTACTO,0,SIN_MATCH,SIN_MATCH,False,SIN_MATCH,0.0,SIN_MATCH,0.0,0.0,0.0,0.0,0.0,0.0,0.0,0.0,0,NO_APLICA
ft_sal_005282,SIN_MATCH,0.0,SIN_CANDIDATO_DE_CONTACTO,0.0,SIN_CANDIDATO_DE_CONTACTO,0,SIN_MATCH,SIN_MATCH,False,SIN_MATCH,0.0,SIN_MATCH,0.0,0.0,0.0,0.0,0.0,0.0,0.0,0.0,0,NO_APLICA
ft_sal_005283,SIN_MATCH,0.0,SIN_CANDIDATO_DE_CONTACTO,0.0,SIN_CANDIDATO_DE_CONTACTO,0,SIN_MATCH,SIN_MATCH,False,SIN_MATCH,0.0,SIN_MATCH,0.0,0.0,0.0,0.0,0.0,0.0,0.0,0.0,0,NO_APLICA
ft_sal_005285,SIN_MATCH,0.0,SIN_CANDIDATO_DE_CONTACTO,0.0,SIN_CANDIDATO_DE_CONTACTO,0,SIN_MATCH,SIN_MATCH,False,SIN_MATCH,0.0,SIN_MATCH,0.0,0.0,0.0,0.0,0.0,0.0,0.0,0.0,0,NO_APLICA
ft_sal_005292,SIN_MATCH,0.0,SIN_CANDIDATO_DE_CONTACTO,0.0,SIN_CANDIDATO_DE_CONTACTO,0,SIN_MATCH,SIN_MATCH,False,SIN_MATCH,0.0,SIN_MATCH,0.0,0.0,0.0,0.0,0.0,0.0,0.0,0.0,0,NO_APLICA
ft_sal_005294,SIN_MATCH,0.0,SIN_CANDIDATO_DE_CONTACTO,0.0,SIN_CANDIDATO_DE_CONTACTO,0,SIN_MATCH,SIN_MATCH,False,SIN_MATCH,0.0,SIN_MATCH,0.0,0.0,0.0,0.0,0.0,0.0,0.0,0.0,0,NO_APLICA
ft_sal_005297,SIN_MATCH,0.0,SIN_CANDIDATO_DE_CONTACTO,0.0,SIN_CANDIDATO_DE_CONTACTO,0,SIN_MATCH,SIN_MATCH,False,SIN_MATCH,0.0,SIN_MATCH,0.0,0.0,0.0,0.0,0.0,0.0,0.0,0.0,0,NO_APLICA
ft_sal_005300,SIN_MATCH,0.0,SIN_CANDIDATO_DE_CONTACTO,0.0,SIN_CANDIDATO_DE_CONTACTO,0,SIN_MATCH,SIN_MATCH,False,SIN_MATCH,0.0,SIN_MATCH,0.0,0.0,0.0,0.0,0.0,0.0,0.0,0.0,0,NO_APLICA
ft_sal_005301,SIN_MATCH,0.0,SIN_CANDIDATO_DE_CONTACTO,0.0,SIN_CANDIDATO_DE_CONTACTO,0,SIN_MATCH,SIN_MATCH,False,SIN_MATCH,0.0,SIN_MATCH,0.0,0.0,0.0,0.0,0.0,0.0,0.0,0.0,0,NO_APLICA
ft_sal_005308,SIN_MATCH,0.0,EVIDENCIA_INSUFICIENTE,0.0,EVIDENCIA_INSUFICIENTE,1,SIN_MATCH,bm_usr_003681,False,bm_usr_003681,0.58,SIN_MATCH,0.0,0.0,0.0,0.0,0.58,0.0,1.0,0.2857,0,NO_APLICA
ft_sal_005309,SIN_MATCH,0.0,SIN_CANDIDATO_DE_CONTACTO,0.0,SIN_CANDIDATO_DE_CONTACTO,0,SIN_MATCH,SIN_MATCH,False,SIN_MATCH,0.0,SIN_MATCH,0.0,0.0,0.0,0.0,0.0,0.0,0.0,0.0,0,NO_APLICA
ft_sal_005310,SIN_MATCH,0.0,SIN_CANDIDATO_DE_CONTACTO,0.0,SIN_CANDIDATO_DE_CONTACTO,0,SIN_MATCH,SIN_MATCH,False,SIN_MATCH,0.0,SIN_MATCH,0.0,0.0,0.0,0.0,0.0,0.0,0.0,0.0,0,NO_APLICA
ft_sal_005312,SIN_MATCH,0.0,SIN_CANDIDATO_DE_CONTACTO,0.0,SIN_CANDIDATO_DE_CONTACTO,0,SIN_MATCH,SIN_MATCH,False,SIN_MATCH,0.0,SIN_MATCH,0.0,0.0,0.0,0.0,0.0,0.0,0.0,0.0,0,NO_APLICA
ft_sal_005313,SIN_MATCH,0.0,SIN_CANDIDATO_DE_CONTACTO,0.0,SIN_CANDIDATO_DE_CONTACTO,0,SIN_MATCH,SIN_MATCH,False,SIN_MATCH,0.0,SIN_MATCH,0.0,0.0,0.0,0.0,0.0,0.0,0.0,0.0,0,NO_APLICA
ft_sal_005317,SIN_MATCH,0.0,SIN_CANDIDATO_DE_CONTACTO,0.0,SIN_CANDIDATO_DE_CONTACTO,0,SIN_MATCH,SIN_MATCH,False,SIN_MATCH,0.0,SIN_MATCH,0.0,0.0,0.0,0.0,0.0,0.0,0.0,0.0,0,NO_APLICA
ft_sal_005318,SIN_MATCH,0.0,SIN_CANDIDATO_DE_CONTACTO,0.0,SIN_CANDIDATO_DE_CONTACTO,0,SIN_MATCH,SIN_MATCH,False,SIN_MATCH,0.0,SIN_MATCH,0.0,0.0,0.0,0.0,0.0,0.0,0.0,0.0,0,NO_APLICA
ft_sal_005320,SIN_MATCH,0.0,SIN_CANDIDATO_DE_CONTACTO,0.0,SIN_CANDIDATO_DE_CONTACTO,0,SIN_MATCH,SIN_MATCH,False,SIN_MATCH,0.0,SIN_MATCH,0.0,0.0,0.0,0.0,0.0,0.0,0.0,0.0,0,NO_APLICA
ft_sal_005321,SIN_MATCH,0.0,SIN_CANDIDATO_DE_CONTACTO,0.0,SIN_CANDIDATO_DE_CONTACTO,0,SIN_MATCH,SIN_MATCH,False,SIN_MATCH,0.0,SIN_MATCH,0.0,0.0,0.0,0.0,0.0,0.0,0.0,0.0,0,NO_APLICA
ft_sal_005322,SIN_MATCH,0.0,SIN_CANDIDATO_DE_CONTACTO,0.0,SIN_CANDIDATO_DE_CONTACTO,0,SIN_MATCH,SIN_MATCH,False,SIN_MATCH,0.0,SIN_MATCH,0.0,0.0,0.0,0.0,0.0,0.0,0.0,0.0,0,NO_APLICA
ft_sal_005323,SIN_MATCH,0.0,SIN_CANDIDATO_DE_CONTACTO,0.0,SIN_CANDIDATO_DE_CONTACTO,0,SIN_MATCH,SIN_MATCH,False,SIN_MATCH,0.0,SIN_MATCH,0.0,0.0,0.0,0.0,0.0,0.0,0.0,0.0,0,NO_APLICA
ft_sal_005324,SIN_MATCH,0.0,SIN_CANDIDATO_DE_CONTACTO,0.0,SIN_CANDIDATO_DE_CONTACTO,0,SIN_MATCH,SIN_MATCH,False,SIN_MATCH,0.0,SIN_MATCH,0.0,0.0,0.0,0.0,0.0,0.0,0.0,0.0,0,NO_APLICA
ft_sal_005327,SIN_MATCH,0.0,SIN_CANDIDATO_DE_CONTACTO,0.0,SIN_CANDIDATO_DE_CONTACTO,0,SIN_MATCH,SIN_MATCH,False,SIN_MATCH,0.0,SIN_MATCH,0.0,0.0,0.0,0.0,0.0,0.0,0.0,0.0,0,NO_APLICA
ft_sal_005328,SIN_MATCH,0.0,SIN_CANDIDATO_DE_CONTACTO,0.0,SIN_CANDIDATO_DE_CONTACTO,0,SIN_MATCH,SIN_MATCH,False,SIN_MATCH,0.0,SIN_MATCH,0.0,0.0,0.0,0.0,0.0,0.0,0.0,0.0,0,NO_APLICA
ft_sal_005329,SIN_MATCH,0.0,SIN_CANDIDATO_DE_CONTACTO,0.0,SIN_CANDIDATO_DE_CONTACTO,0,SIN_MATCH,SIN_MATCH,False,SIN_MATCH,0.0,SIN_MATCH,0.0,0.0,0.0,0.0,0.0,0.0,0.0,0.0,0,NO_APLICA
ft_sal_005330,SIN_MATCH,0.0,SIN_CANDIDATO_DE_CONTACTO,0.0,SIN_CANDIDATO_DE_CONTACTO,0,SIN_MATCH,SIN_MATCH,False,SIN_MATCH,0.0,SIN_MATCH,0.0,0.0,0.0,0.0,0.0,0.0,0.0,0.0,0,NO_APLICA
ft_sal_005331,SIN_MATCH,0.0,SIN_CANDIDATO_DE_CONTACTO,0.0,SIN_CANDIDATO_DE_CONTACTO,0,SIN_MATCH,SIN_MATCH,False,SIN_MATCH,0.0,SIN_MATCH,0.0,0.0,0.0,0.0,0.0,0.0,0.0,0.0,0,NO_APLICA
ft_sal_005334,SIN_MATCH,0.0,SIN_CANDIDATO_DE_CONTACTO,0.0,SIN_CANDIDATO_DE_CONTACTO,0,SIN_MATCH,SIN_MATCH,False,SIN_MATCH,0.0,SIN_MATCH,0.0,0.0,0.0,0.0,0.0,0.0,0.0,0.0,0,NO_APLICA
ft_sal_005336,SIN_MATCH,0.0,SIN_CANDIDATO_DE_CONTACTO,0.0,SIN_CANDIDATO_DE_CONTACTO,0,SIN_MATCH,SIN_MATCH,False,SIN_MATCH,0.0,SIN_MATCH,0.0,0.0,0.0,0.0,0.0,0.0,0.0,0.0,0,NO_APLICA
ft_sal_005339,SIN_MATCH,0.0,SIN_CANDIDATO_DE_CONTACTO,0.0,SIN_CANDIDATO_DE_CONTACTO,0,SIN_MATCH,SIN_MATCH,False,SIN_MATCH,0.0,SIN_MATCH,0.0,0.0,0.0,0.0,0.0,0.0,0.0,0.0,0,NO_APLICA
ft_sal_005341,SIN_MATCH,0.0,SIN_CANDIDATO_DE_CONTACTO,0.0,SIN_CANDIDATO_DE_CONTACTO,0,SIN_MATCH,SIN_MATCH,False,SIN_MATCH,0.0,SIN_MATCH,0.0,0.0,0.0,0.0,0.0,0.0,0.0,0.0,0,NO_APLICA
ft_sal_005344,SIN_MATCH,0.0,SIN_CANDIDATO_DE_CONTACTO,0.0,SIN_CANDIDATO_DE_CONTACTO,0,SIN_MATCH,SIN_MATCH,False,SIN_MATCH,0.0,SIN_MATCH,0.0,0.0,0.0,0.0,0.0,0.0,0.0,0.0,0,NO_APLICA
ft_sal_005345,SIN_MATCH,0.0,SIN_CANDIDATO_DE_CONTACTO,0.0,SIN_CANDIDATO_DE_CONTACTO,0,SIN_MATCH,SIN_MATCH,False,SIN_MATCH,0.0,SIN_MATCH,0.0,0.0,0.0,0.0,0.0,0.0,0.0,0.0,0,NO_APLICA
ft_sal_005346,SIN_MATCH,0.0,SIN_CANDIDATO_DE_CONTACTO,0.0,SIN_CANDIDATO_DE_CONTACTO,0,SIN_MATCH,SIN_MATCH,False,SIN_MATCH,0.0,SIN_MATCH,0.0,0.0,0.0,0.0,0.0,0.0,0.0,0.0,0,NO_APLICA
ft_sal_005355,SIN_MATCH,0.0,SIN_CANDIDATO_DE_CONTACTO,0.0,SIN_CANDIDATO_DE_CONTACTO,0,SIN_MATCH,SIN_MATCH,False,SIN_MATCH,0.0,SIN_MATCH,0.0,0.0,0.0,0.0,0.0,0.0,0.0,0.0,0,NO_APLICA
ft_sal_005356,SIN_MATCH,0.0,SIN_CANDIDATO_DE_CONTACTO,0.0,SIN_CANDIDATO_DE_CONTACTO,0,SIN_MATCH,SIN_MATCH,False,SIN_MATCH,0.0,SIN_MATCH,0.0,0.0,0.0,0.0,0.0,0.0,0.0,0.0,0,NO_APLICA
ft_sal_005358,SIN_MATCH,0.0,SIN_CANDIDATO_DE_CONTACTO,0.0,SIN_CANDIDATO_DE_CONTACTO,0,SIN_MATCH,SIN_MATCH,False,SIN_MATCH,0.0,SIN_MATCH,0.0,0.0,0.0,0.0,0.0,0.0,0.0,0.0,0,NO_APLICA
ft_sal_005359,SIN_MATCH,0.0,SIN_CANDIDATO_DE_CONTACTO,0.0,SIN_CANDIDATO_DE_CONTACTO,0,SIN_MATCH,SIN_MATCH,False,SIN_MATCH,0.0,SIN_MATCH,0.0,0.0,0.0,0.0,0.0,0.0,0.0,0.0,0,NO_APLICA
ft_sal_005361,SIN_MATCH,0.0,SIN_CANDIDATO_DE_CONTACTO,0.0,SIN_CANDIDATO_DE_CONTACTO,0,SIN_MATCH,SIN_MATCH,False,SIN_MATCH,0.0,SIN_MATCH,0.0,0.0,0.0,0.0,0.0,0.0,0.0,0.0,0,NO_APLICA
ft_sal_005362,SIN_MATCH,0.0,SIN_CANDIDATO_DE_CONTACTO,0.0,SIN_CANDIDATO_DE_CONTACTO,0,SIN_MATCH,SIN_MATCH,False,SIN_MATCH,0.0,SIN_MATCH,0.0,0.0,0.0,0.0,0.0,0.0,0.0,0.0,0,NO_APLICA
ft_sal_005363,SIN_MATCH,0.0,SIN_CANDIDATO_DE_CONTACTO,0.0,SIN_CANDIDATO_DE_CONTACTO,0,SIN_MATCH,SIN_MATCH,False,SIN_MATCH,0.0,SIN_MATCH,0.0,0.0,0.0,0.0,0.0,0.0,0.0,0.0,0,NO_APLICA
ft_sal_005366,SIN_MATCH,0.0,SIN_CANDIDATO_DE_CONTACTO,0.0,SIN_CANDIDATO_DE_CONTACTO,0,SIN_MATCH,SIN_MATCH,False,SIN_MATCH,0.0,SIN_MATCH,0.0,0.0,0.0,0.0,0.0,0.0,0.0,0.0,0,NO_APLICA
ft_sal_005367,SIN_MATCH,0.0,SIN_CANDIDATO_DE_CONTACTO,0.0,SIN_CANDIDATO_DE_CONTACTO,0,SIN_MATCH,SIN_MATCH,False,SIN_MATCH,0.0,SIN_MATCH,0.0,0.0,0.0,0.0,0.0,0.0,0.0,0.0,0,NO_APLICA
ft_sal_005370,SIN_MATCH,0.0,SIN_CANDIDATO_DE_CONTACTO,0.0,SIN_CANDIDATO_DE_CONTACTO,0,SIN_MATCH,SIN_MATCH,False,SIN_MATCH,0.0,SIN_MATCH,0.0,0.0,0.0,0.0,0.0,0.0,0.0,0.0,0,NO_APLICA
ft_sal_005371,SIN_MATCH,0.0,SIN_CANDIDATO_DE_CONTACTO,0.0,SIN_CANDIDATO_DE_CONTACTO,0,SIN_MATCH,SIN_MATCH,False,SIN_MATCH,0.0,SIN_MATCH,0.0,0.0,0.0,0.0,0.0,0.0,0.0,0.0,0,NO_APLICA
ft_sal_005372,SIN_MATCH,0.0,SIN_CANDIDATO_DE_CONTACTO,0.0,SIN_CANDIDATO_DE_CONTACTO,0,SIN_MATCH,SIN_MATCH,False,SIN_MATCH,0.0,SIN_MATCH,0.0,0.0,0.0,0.0,0.0,0.0,0.0,0.0,0,NO_APLICA
ft_sal_005376,SIN_MATCH,0.0,SIN_CANDIDATO_DE_CONTACTO,0.0,SIN_CANDIDATO_DE_CONTACTO,0,SIN_MATCH,SIN_MATCH,False,SIN_MATCH,0.0,SIN_MATCH,0.0,0.0,0.0,0.0,0.0,0.0,0.0,0.0,0,NO_APLICA
ft_sal_005389,SIN_MATCH,0.0,SIN_CANDIDATO_DE_CONTACTO,0.0,SIN_CANDIDATO_DE_CONTACTO,0,SIN_MATCH,SIN_MATCH,False,SIN_MATCH,0.0,SIN_MATCH,0.0,0.0,0.0,0.0,0.0,0.0,0.0,0.0,0,NO_APLICA
ft_sal_005391,SIN_MATCH,0.0,SIN_CANDIDATO_DE_CONTACTO,0.0,SIN_CANDIDATO_DE_CONTACTO,0,SIN_MATCH,SIN_MATCH,False,SIN_MATCH,0.0,SIN_MATCH,0.0,0.0,0.0,0.0,0.0,0.0,0.0,0.0,0,NO_APLICA
ft_sal_005396,SIN_MATCH,0.0,SIN_CANDIDATO_DE_CONTACTO,0.0,SIN_CANDIDATO_DE_CONTACTO,0,SIN_MATCH,SIN_MATCH,False,SIN_MATCH,0.0,SIN_MATCH,0.0,0.0,0.0,0.0,0.0,0.0,0.0,0.0,0,NO_APLICA
ft_sal_005398,SIN_MATCH,0.0,SIN_CANDIDATO_DE_CONTACTO,0.0,SIN_CANDIDATO_DE_CONTACTO,0,SIN_MATCH,SIN_MATCH,False,SIN_MATCH,0.0,SIN_MATCH,0.0,0.0,0.0,0.0,0.0,0.0,0.0,0.0,0,NO_APLICA
ft_sal_005400,SIN_MATCH,0.0,SIN_CANDIDATO_DE_CONTACTO,0.0,SIN_CANDIDATO_DE_CONTACTO,0,SIN_MATCH,SIN_MATCH,False,SIN_MATCH,0.0,SIN_MATCH,0.0,0.0,0.0,0.0,0.0,0.0,0.0,0.0,0,NO_APLICA
ft_sal_005401,SIN_MATCH,0.0,SIN_CANDIDATO_DE_CONTACTO,0.0,SIN_CANDIDATO_DE_CONTACTO,0,SIN_MATCH,SIN_MATCH,False,SIN_MATCH,0.0,SIN_MATCH,0.0,0.0,0.0,0.0,0.0,0.0,0.0,0.0,0,NO_APLICA
ft_sal_005402,SIN_MATCH,0.0,SIN_CANDIDATO_DE_CONTACTO,0.0,SIN_CANDIDATO_DE_CONTACTO,0,SIN_MATCH,SIN_MATCH,False,SIN_MATCH,0.0,SIN_MATCH,0.0,0.0,0.0,0.0,0.0,0.0,0.0,0.0,0,NO_APLICA
ft_sal_005403,SIN_MATCH,0.0,SIN_CANDIDATO_DE_CONTACTO,0.0,SIN_CANDIDATO_DE_CONTACTO,0,SIN_MATCH,SIN_MATCH,False,SIN_MATCH,0.0,SIN_MATCH,0.0,0.0,0.0,0.0,0.0,0.0,0.0,0.0,0,NO_APLICA
ft_sal_005405,SIN_MATCH,0.0,SIN_CANDIDATO_DE_CONTACTO,0.0,SIN_CANDIDATO_DE_CONTACTO,0,SIN_MATCH,SIN_MATCH,False,SIN_MATCH,0.0,SIN_MATCH,0.0,0.0,0.0,0.0,0.0,0.0,0.0,0.0,0,NO_APLICA
ft_sal_005411,SIN_MATCH,0.0,SIN_CANDIDATO_DE_CONTACTO,0.0,SIN_CANDIDATO_DE_CONTACTO,0,SIN_MATCH,SIN_MATCH,False,SIN_MATCH,0.0,SIN_MATCH,0.0,0.0,0.0,0.0,0.0,0.0,0.0,0.0,0,NO_APLICA
ft_sal_005412,SIN_MATCH,0.0,SIN_CANDIDATO_DE_CONTACTO,0.0,SIN_CANDIDATO_DE_CONTACTO,0,SIN_MATCH,SIN_MATCH,False,SIN_MATCH,0.0,SIN_MATCH,0.0,0.0,0.0,0.0,0.0,0.0,0.0,0.0,0,NO_APLICA
ft_sal_005414,SIN_MATCH,0.0,SIN_CANDIDATO_DE_CONTACTO,0.0,SIN_CANDIDATO_DE_CONTACTO,0,SIN_MATCH,SIN_MATCH,False,SIN_MATCH,0.0,SIN_MATCH,0.0,0.0,0.0,0.0,0.0,0.0,0.0,0.0,0,NO_APLICA
ft_sal_005419,SIN_MATCH,0.0,SIN_CANDIDATO_DE_CONTACTO,0.0,SIN_CANDIDATO_DE_CONTACTO,0,SIN_MATCH,SIN_MATCH,False,SIN_MATCH,0.0,SIN_MATCH,0.0,0.0,0.0,0.0,0.0,0.0,0.0,0.0,0,NO_APLICA
ft_sal_005421,SIN_MATCH,0.0,SIN_CANDIDATO_DE_CONTACTO,0.0,SIN_CANDIDATO_DE_CONTACTO,0,SIN_MATCH,SIN_MATCH,False,SIN_MATCH,0.0,SIN_MATCH,0.0,0.0,0.0,0.0,0.0,0.0,0.0,0.0,0,NO_APLICA
ft_sal_005423,SIN_MATCH,0.0,SIN_CANDIDATO_DE_CONTACTO,0.0,SIN_CANDIDATO_DE_CONTACTO,0,SIN_MATCH,SIN_MATCH,False,SIN_MATCH,0.0,SIN_MATCH,0.0,0.0,0.0,0.0,0.0,0.0,0.0,0.0,0,NO_APLICA
ft_sal_005425,SIN_MATCH,0.0,SIN_CANDIDATO_DE_CONTACTO,0.0,SIN_CANDIDATO_DE_CONTACTO,0,SIN_MATCH,SIN_MATCH,False,SIN_MATCH,0.0,SIN_MATCH,0.0,0.0,0.0,0.0,0.0,0.0,0.0,0.0,0,NO_APLICA
ft_sal_005429,SIN_MATCH,0.0,SIN_CANDIDATO_DE_CONTACTO,0.0,SIN_CANDIDATO_DE_CONTACTO,0,SIN_MATCH,SIN_MATCH,False,SIN_MATCH,0.0,SIN_MATCH,0.0,0.0,0.0,0.0,0.0,0.0,0.0,0.0,0,NO_APLICA
ft_sal_005430,SIN_MATCH,0.0,SIN_CANDIDATO_DE_CONTACTO,0.0,SIN_CANDIDATO_DE_CONTACTO,0,SIN_MATCH,SIN_MATCH,False,SIN_MATCH,0.0,SIN_MATCH,0.0,0.0,0.0,0.0,0.0,0.0,0.0,0.0,0,NO_APLICA
ft_sal_005431,SIN_MATCH,0.0,SIN_CANDIDATO_DE_CONTACTO,0.0,SIN_CANDIDATO_DE_CONTACTO,0,SIN_MATCH,SIN_MATCH,False,SIN_MATCH,0.0,SIN_MATCH,0.0,0.0,0.0,0.0,0.0,0.0,0.0,0.0,0,NO_APLICA
ft_sal_005433,SIN_MATCH,0.0,SIN_CANDIDATO_DE_CONTACTO,0.0,SIN_CANDIDATO_DE_CONTACTO,0,SIN_MATCH,SIN_MATCH,False,SIN_MATCH,0.0,SIN_MATCH,0.0,0.0,0.0,0.0,0.0,0.0,0.0,0.0,0,NO_APLICA
ft_sal_005437,SIN_MATCH,0.0,SIN_CANDIDATO_DE_CONTACTO,0.0,SIN_CANDIDATO_DE_CONTACTO,0,SIN_MATCH,SIN_MATCH,False,SIN_MATCH,0.0,SIN_MATCH,0.0,0.0,0.0,0.0,0.0,0.0,0.0,0.0,0,NO_APLICA
ft_sal_005439,SIN_MATCH,0.0,SIN_CANDIDATO_DE_CONTACTO,0.0,SIN_CANDIDATO_DE_CONTACTO,0,SIN_MATCH,SIN_MATCH,False,SIN_MATCH,0.0,SIN_MATCH,0.0,0.0,0.0,0.0,0.0,0.0,0.0,0.0,0,NO_APLICA
ft_sal_005440,SIN_MATCH,0.0,SIN_CANDIDATO_DE_CONTACTO,0.0,SIN_CANDIDATO_DE_CONTACTO,0,SIN_MATCH,SIN_MATCH,False,SIN_MATCH,0.0,SIN_MATCH,0.0,0.0,0.0,0.0,0.0,0.0,0.0,0.0,0,NO_APLICA
ft_sal_005442,SIN_MATCH,0.0,SIN_CANDIDATO_DE_CONTACTO,0.0,SIN_CANDIDATO_DE_CONTACTO,0,SIN_MATCH,SIN_MATCH,False,SIN_MATCH,0.0,SIN_MATCH,0.0,0.0,0.0,0.0,0.0,0.0,0.0,0.0,0,NO_APLICA
ft_sal_005444,SIN_MATCH,0.0,SIN_CANDIDATO_DE_CONTACTO,0.0,SIN_CANDIDATO_DE_CONTACTO,0,SIN_MATCH,SIN_MATCH,False,SIN_MATCH,0.0,SIN_MATCH,0.0,0.0,0.0,0.0,0.0,0.0,0.0,0.0,0,NO_APLICA
ft_sal_005445,SIN_MATCH,0.0,SIN_CANDIDATO_DE_CONTACTO,0.0,SIN_CANDIDATO_DE_CONTACTO,0,SIN_MATCH,SIN_MATCH,False,SIN_MATCH,0.0,SIN_MATCH,0.0,0.0,0.0,0.0,0.0,0.0,0.0,0.0,0,NO_APLICA
ft_sal_005447,SIN_MATCH,0.0,SIN_CANDIDATO_DE_CONTACTO,0.0,SIN_CANDIDATO_DE_CONTACTO,0,SIN_MATCH,SIN_MATCH,False,SIN_MATCH,0.0,SIN_MATCH,0.0,0.0,0.0,0.0,0.0,0.0,0.0,0.0,0,NO_APLICA
ft_sal_005448,SIN_MATCH,0.0,SIN_CANDIDATO_DE_CONTACTO,0.0,SIN_CANDIDATO_DE_CONTACTO,0,SIN_MATCH,SIN_MATCH,False,SIN_MATCH,0.0,SIN_MATCH,0.0,0.0,0.0,0.0,0.0,0.0,0.0,0.0,0,NO_APLICA
ft_sal_005449,SIN_MATCH,0.0,SIN_CANDIDATO_DE_CONTACTO,0.0,SIN_CANDIDATO_DE_CONTACTO,0,SIN_MATCH,SIN_MATCH,False,SIN_MATCH,0.0,SIN_MATCH,0.0,0.0,0.0,0.0,0.0,0.0,0.0,0.0,0,NO_APLICA
ft_sal_005450,SIN_MATCH,0.0,SIN_CANDIDATO_DE_CONTACTO,0.0,SIN_CANDIDATO_DE_CONTACTO,0,SIN_MATCH,SIN_MATCH,False,SIN_MATCH,0.0,SIN_MATCH,0.0,0.0,0.0,0.0,0.0,0.0,0.0,0.0,0,NO_APLICA
ft_sal_005451,SIN_MATCH,0.0,SIN_CANDIDATO_DE_CONTACTO,0.0,SIN_CANDIDATO_DE_CONTACTO,0,SIN_MATCH,SIN_MATCH,False,SIN_MATCH,0.0,SIN_MATCH,0.0,0.0,0.0,0.0,0.0,0.0,0.0,0.0,0,NO_APLICA
ft_sal_005454,SIN_MATCH,0.0,SIN_CANDIDATO_DE_CONTACTO,0.0,SIN_CANDIDATO_DE_CONTACTO,0,SIN_MATCH,SIN_MATCH,False,SIN_MATCH,0.0,SIN_MATCH,0.0,0.0,0.0,0.0,0.0,0.0,0.0,0.0,0,NO_APLICA
ft_sal_005455,SIN_MATCH,0.0,SIN_CANDIDATO_DE_CONTACTO,0.0,SIN_CANDIDATO_DE_CONTACTO,0,SIN_MATCH,SIN_MATCH,False,SIN_MATCH,0.0,SIN_MATCH,0.0,0.0,0.0,0.0,0.0,0.0,0.0,0.0,0,NO_APLICA
ft_sal_005458,SIN_MATCH,0.0,SIN_CANDIDATO_DE_CONTACTO,0.0,SIN_CANDIDATO_DE_CONTACTO,0,SIN_MATCH,SIN_MATCH,False,SIN_MATCH,0.0,SIN_MATCH,0.0,0.0,0.0,0.0,0.0,0.0,0.0,0.0,0,NO_APLICA
ft_sal_005459,SIN_MATCH,0.0,SIN_CANDIDATO_DE_CONTACTO,0.0,SIN_CANDIDATO_DE_CONTACTO,0,SIN_MATCH,SIN_MATCH,False,SIN_MATCH,0.0,SIN_MATCH,0.0,0.0,0.0,0.0,0.0,0.0,0.0,0.0,0,NO_APLICA
ft_sal_005461,SIN_MATCH,0.0,SIN_CANDIDATO_DE_CONTACTO,0.0,SIN_CANDIDATO_DE_CONTACTO,0,SIN_MATCH,SIN_MATCH,False,SIN_MATCH,0.0,SIN_MATCH,0.0,0.0,0.0,0.0,0.0,0.0,0.0,0.0,0,NO_APLICA
ft_sal_005462,SIN_MATCH,0.0,SIN_CANDIDATO_DE_CONTACTO,0.0,SIN_CANDIDATO_DE_CONTACTO,0,SIN_MATCH,SIN_MATCH,False,SIN_MATCH,0.0,SIN_MATCH,0.0,0.0,0.0,0.0,0.0,0.0,0.0,0.0,0,NO_APLICA
ft_sal_005463,SIN_MATCH,0.0,SIN_CANDIDATO_DE_CONTACTO,0.0,SIN_CANDIDATO_DE_CONTACTO,0,SIN_MATCH,SIN_MATCH,False,SIN_MATCH,0.0,SIN_MATCH,0.0,0.0,0.0,0.0,0.0,0.0,0.0,0.0,0,NO_APLICA
ft_sal_005465,SIN_MATCH,0.0,SIN_CANDIDATO_DE_CONTACTO,0.0,SIN_CANDIDATO_DE_CONTACTO,0,SIN_MATCH,SIN_MATCH,False,SIN_MATCH,0.0,SIN_MATCH,0.0,0.0,0.0,0.0,0.0,0.0,0.0,0.0,0,NO_APLICA
ft_sal_005466,SIN_MATCH,0.0,SIN_CANDIDATO_DE_CONTACTO,0.0,SIN_CANDIDATO_DE_CONTACTO,0,SIN_MATCH,SIN_MATCH,False,SIN_MATCH,0.0,SIN_MATCH,0.0,0.0,0.0,0.0,0.0,0.0,0.0,0.0,0,NO_APLICA
ft_sal_005467,SIN_MATCH,0.0,SIN_CANDIDATO_DE_CONTACTO,0.0,SIN_CANDIDATO_DE_CONTACTO,0,SIN_MATCH,SIN_MATCH,False,SIN_MATCH,0.0,SIN_MATCH,0.0,0.0,0.0,0.0,0.0,0.0,0.0,0.0,0,NO_APLICA
ft_sal_005468,SIN_MATCH,0.0,SIN_CANDIDATO_DE_CONTACTO,0.0,SIN_CANDIDATO_DE_CONTACTO,0,SIN_MATCH,SIN_MATCH,False,SIN_MATCH,0.0,SIN_MATCH,0.0,0.0,0.0,0.0,0.0,0.0,0.0,0.0,0,NO_APLICA
ft_sal_005470,SIN_MATCH,0.0,SIN_CANDIDATO_DE_CONTACTO,0.0,SIN_CANDIDATO_DE_CONTACTO,0,SIN_MATCH,SIN_MATCH,False,SIN_MATCH,0.0,SIN_MATCH,0.0,0.0,0.0,0.0,0.0,0.0,0.0,0.0,0,NO_APLICA
ft_sal_005471,SIN_MATCH,0.0,SIN_CANDIDATO_DE_CONTACTO,0.0,SIN_CANDIDATO_DE_CONTACTO,0,SIN_MATCH,SIN_MATCH,False,SIN_MATCH,0.0,SIN_MATCH,0.0,0.0,0.0,0.0,0.0,0.0,0.0,0.0,0,NO_APLICA
ft_sal_005473,SIN_MATCH,0.0,SIN_CANDIDATO_DE_CONTACTO,0.0,SIN_CANDIDATO_DE_CONTACTO,0,SIN_MATCH,SIN_MATCH,False,SIN_MATCH,0.0,SIN_MATCH,0.0,0.0,0.0,0.0,0.0,0.0,0.0,0.0,0,NO_APLICA
ft_sal_005474,SIN_MATCH,0.0,SIN_CANDIDATO_DE_CONTACTO,0.0,SIN_CANDIDATO_DE_CONTACTO,0,SIN_MATCH,SIN_MATCH,False,SIN_MATCH,0.0,SIN_MATCH,0.0,0.0,0.0,0.0,0.0,0.0,0.0,0.0,0,NO_APLICA
ft_sal_005476,SIN_MATCH,0.0,SIN_CANDIDATO_DE_CONTACTO,0.0,SIN_CANDIDATO_DE_CONTACTO,0,SIN_MATCH,SIN_MATCH,False,SIN_MATCH,0.0,SIN_MATCH,0.0,0.0,0.0,0.0,0.0,0.0,0.0,0.0,0,NO_APLICA
ft_sal_005477,SIN_MATCH,0.0,SIN_CANDIDATO_DE_CONTACTO,0.0,SIN_CANDIDATO_DE_CONTACTO,0,SIN_MATCH,SIN_MATCH,False,SIN_MATCH,0.0,SIN_MATCH,0.0,0.0,0.0,0.0,0.0,0.0,0.0,0.0,0,NO_APLICA
ft_sal_005479,SIN_MATCH,0.0,SIN_CANDIDATO_DE_CONTACTO,0.0,SIN_CANDIDATO_DE_CONTACTO,0,SIN_MATCH,SIN_MATCH,False,SIN_MATCH,0.0,SIN_MATCH,0.0,0.0,0.0,0.0,0.0,0.0,0.0,0.0,0,NO_APLICA
ft_sal_005480,SIN_MATCH,0.0,SIN_CANDIDATO_DE_CONTACTO,0.0,SIN_CANDIDATO_DE_CONTACTO,0,SIN_MATCH,SIN_MATCH,False,SIN_MATCH,0.0,SIN_MATCH,0.0,0.0,0.0,0.0,0.0,0.0,0.0,0.0,0,NO_APLICA
ft_sal_005487,SIN_MATCH,0.0,SIN_CANDIDATO_DE_CONTACTO,0.0,SIN_CANDIDATO_DE_CONTACTO,0,SIN_MATCH,SIN_MATCH,False,SIN_MATCH,0.0,SIN_MATCH,0.0,0.0,0.0,0.0,0.0,0.0,0.0,0.0,0,NO_APLICA
ft_sal_005491,SIN_MATCH,0.0,SIN_CANDIDATO_DE_CONTACTO,0.0,SIN_CANDIDATO_DE_CONTACTO,0,SIN_MATCH,SIN_MATCH,False,SIN_MATCH,0.0,SIN_MATCH,0.0,0.0,0.0,0.0,0.0,0.0,0.0,0.0,0,NO_APLICA
ft_sal_005493,SIN_MATCH,0.0,SIN_CANDIDATO_DE_CONTACTO,0.0,SIN_CANDIDATO_DE_CONTACTO,0,SIN_MATCH,SIN_MATCH,False,SIN_MATCH,0.0,SIN_MATCH,0.0,0.0,0.0,0.0,0.0,0.0,0.0,0.0,0,NO_APLICA
ft_sal_005495,SIN_MATCH,0.0,SIN_CANDIDATO_DE_CONTACTO,0.0,SIN_CANDIDATO_DE_CONTACTO,0,SIN_MATCH,SIN_MATCH,False,SIN_MATCH,0.0,SIN_MATCH,0.0,0.0,0.0,0.0,0.0,0.0,0.0,0.0,0,NO_APLICA
ft_sal_005496,SIN_MATCH,0.0,SIN_CANDIDATO_DE_CONTACTO,0.0,SIN_CANDIDATO_DE_CONTACTO,0,SIN_MATCH,SIN_MATCH,False,SIN_MATCH,0.0,SIN_MATCH,0.0,0.0,0.0,0.0,0.0,0.0,0.0,0.0,0,NO_APLICA
ft_sal_005497,SIN_MATCH,0.0,SIN_CANDIDATO_DE_CONTACTO,0.0,SIN_CANDIDATO_DE_CONTACTO,0,SIN_MATCH,SIN_MATCH,False,SIN_MATCH,0.0,SIN_MATCH,0.0,0.0,0.0,0.0,0.0,0.0,0.0,0.0,0,NO_APLICA
ft_sal_005499,SIN_MATCH,0.0,SIN_CANDIDATO_DE_CONTACTO,0.0,SIN_CANDIDATO_DE_CONTACTO,0,SIN_MATCH,SIN_MATCH,False,SIN_MATCH,0.0,SIN_MATCH,0.0,0.0,0.0,0.0,0.0,0.0,0.0,0.0,0,NO_APLICA
ft_sal_005500,SIN_MATCH,0.0,SIN_CANDIDATO_DE_CONTACTO,0.0,SIN_CANDIDATO_DE_CONTACTO,0,SIN_MATCH,SIN_MATCH,False,SIN_MATCH,0.0,SIN_MATCH,0.0,0.0,0.0,0.0,0.0,0.0,0.0,0.0,0,NO_APLICA
ft_sal_005501,SIN_MATCH,0.0,EVIDENCIA_INSUFICIENTE,0.0,EVIDENCIA_INSUFICIENTE,1,SIN_MATCH,bm_usr_004512,False,bm_usr_004512,0.58,SIN_MATCH,0.0,0.0,0.0,0.0,0.58,0.0,1.0,0.3448,0,NO_APLICA
ft_sal_005502,SIN_MATCH,0.0,SIN_CANDIDATO_DE_CONTACTO,0.0,SIN_CANDIDATO_DE_CONTACTO,0,SIN_MATCH,SIN_MATCH,False,SIN_MATCH,0.0,SIN_MATCH,0.0,0.0,0.0,0.0,0.0,0.0,0.0,0.0,0,NO_APLICA
ft_sal_005505,SIN_MATCH,0.0,SIN_CANDIDATO_DE_CONTACTO,0.0,SIN_CANDIDATO_DE_CONTACTO,0,SIN_MATCH,SIN_MATCH,False,SIN_MATCH,0.0,SIN_MATCH,0.0,0.0,0.0,0.0,0.0,0.0,0.0,0.0,0,NO_APLICA
ft_sal_005506,SIN_MATCH,0.0,SIN_CANDIDATO_DE_CONTACTO,0.0,SIN_CANDIDATO_DE_CONTACTO,0,SIN_MATCH,SIN_MATCH,False,SIN_MATCH,0.0,SIN_MATCH,0.0,0.0,0.0,0.0,0.0,0.0,0.0,0.0,0,NO_APLICA
ft_sal_005507,SIN_MATCH,0.0,SIN_CANDIDATO_DE_CONTACTO,0.0,SIN_CANDIDATO_DE_CONTACTO,0,SIN_MATCH,SIN_MATCH,False,SIN_MATCH,0.0,SIN_MATCH,0.0,0.0,0.0,0.0,0.0,0.0,0.0,0.0,0,NO_APLICA
ft_sal_005508,SIN_MATCH,0.0,SIN_CANDIDATO_DE_CONTACTO,0.0,SIN_CANDIDATO_DE_CONTACTO,0,SIN_MATCH,SIN_MATCH,False,SIN_MATCH,0.0,SIN_MATCH,0.0,0.0,0.0,0.0,0.0,0.0,0.0,0.0,0,NO_APLICA
ft_sal_005510,SIN_MATCH,0.0,SIN_CANDIDATO_DE_CONTACTO,0.0,SIN_CANDIDATO_DE_CONTACTO,0,SIN_MATCH,SIN_MATCH,False,SIN_MATCH,0.0,SIN_MATCH,0.0,0.0,0.0,0.0,0.0,0.0,0.0,0.0,0,NO_APLICA
ft_sal_005511,SIN_MATCH,0.0,SIN_CANDIDATO_DE_CONTACTO,0.0,SIN_CANDIDATO_DE_CONTACTO,0,SIN_MATCH,SIN_MATCH,False,SIN_MATCH,0.0,SIN_MATCH,0.0,0.0,0.0,0.0,0.0,0.0,0.0,0.0,0,NO_APLICA
ft_sal_005513,SIN_MATCH,0.0,SIN_CANDIDATO_DE_CONTACTO,0.0,SIN_CANDIDATO_DE_CONTACTO,0,SIN_MATCH,SIN_MATCH,False,SIN_MATCH,0.0,SIN_MATCH,0.0,0.0,0.0,0.0,0.0,0.0,0.0,0.0,0,NO_APLICA
ft_sal_005514,SIN_MATCH,0.0,SIN_CANDIDATO_DE_CONTACTO,0.0,SIN_CANDIDATO_DE_CONTACTO,0,SIN_MATCH,SIN_MATCH,False,SIN_MATCH,0.0,SIN_MATCH,0.0,0.0,0.0,0.0,0.0,0.0,0.0,0.0,0,NO_APLICA
ft_sal_005515,SIN_MATCH,0.0,SIN_CANDIDATO_DE_CONTACTO,0.0,SIN_CANDIDATO_DE_CONTACTO,0,SIN_MATCH,SIN_MATCH,False,SIN_MATCH,0.0,SIN_MATCH,0.0,0.0,0.0,0.0,0.0,0.0,0.0,0.0,0,NO_APLICA
ft_sal_005516,SIN_MATCH,0.0,SIN_CANDIDATO_DE_CONTACTO,0.0,SIN_CANDIDATO_DE_CONTACTO,0,SIN_MATCH,SIN_MATCH,False,SIN_MATCH,0.0,SIN_MATCH,0.0,0.0,0.0,0.0,0.0,0.0,0.0,0.0,0,NO_APLICA
ft_sal_005518,SIN_MATCH,0.0,SIN_CANDIDATO_DE_CONTACTO,0.0,SIN_CANDIDATO_DE_CONTACTO,0,SIN_MATCH,SIN_MATCH,False,SIN_MATCH,0.0,SIN_MATCH,0.0,0.0,0.0,0.0,0.0,0.0,0.0,0.0,0,NO_APLICA
ft_sal_005523,SIN_MATCH,0.0,SIN_CANDIDATO_DE_CONTACTO,0.0,SIN_CANDIDATO_DE_CONTACTO,0,SIN_MATCH,SIN_MATCH,False,SIN_MATCH,0.0,SIN_MATCH,0.0,0.0,0.0,0.0,0.0,0.0,0.0,0.0,0,NO_APLICA
ft_sal_005524,SIN_MATCH,0.0,SIN_CANDIDATO_DE_CONTACTO,0.0,SIN_CANDIDATO_DE_CONTACTO,0,SIN_MATCH,SIN_MATCH,False,SIN_MATCH,0.0,SIN_MATCH,0.0,0.0,0.0,0.0,0.0,0.0,0.0,0.0,0,NO_APLICA
ft_sal_005526,SIN_MATCH,0.0,SIN_CANDIDATO_DE_CONTACTO,0.0,SIN_CANDIDATO_DE_CONTACTO,0,SIN_MATCH,SIN_MATCH,False,SIN_MATCH,0.0,SIN_MATCH,0.0,0.0,0.0,0.0,0.0,0.0,0.0,0.0,0,NO_APLICA
ft_sal_005527,SIN_MATCH,0.0,SIN_CANDIDATO_DE_CONTACTO,0.0,SIN_CANDIDATO_DE_CONTACTO,0,SIN_MATCH,SIN_MATCH,False,SIN_MATCH,0.0,SIN_MATCH,0.0,0.0,0.0,0.0,0.0,0.0,0.0,0.0,0,NO_APLICA
ft_sal_005529,SIN_MATCH,0.0,SIN_CANDIDATO_DE_CONTACTO,0.0,SIN_CANDIDATO_DE_CONTACTO,0,SIN_MATCH,SIN_MATCH,False,SIN_MATCH,0.0,SIN_MATCH,0.0,0.0,0.0,0.0,0.0,0.0,0.0,0.0,0,NO_APLICA
ft_sal_005533,SIN_MATCH,0.0,SIN_CANDIDATO_DE_CONTACTO,0.0,SIN_CANDIDATO_DE_CONTACTO,0,SIN_MATCH,SIN_MATCH,False,SIN_MATCH,0.0,SIN_MATCH,0.0,0.0,0.0,0.0,0.0,0.0,0.0,0.0,0,NO_APLICA
ft_sal_005537,SIN_MATCH,0.0,SIN_CANDIDATO_DE_CONTACTO,0.0,SIN_CANDIDATO_DE_CONTACTO,0,SIN_MATCH,SIN_MATCH,False,SIN_MATCH,0.0,SIN_MATCH,0.0,0.0,0.0,0.0,0.0,0.0,0.0,0.0,0,NO_APLICA
ft_sal_005539,SIN_MATCH,0.0,SIN_CANDIDATO_DE_CONTACTO,0.0,SIN_CANDIDATO_DE_CONTACTO,0,SIN_MATCH,SIN_MATCH,False,SIN_MATCH,0.0,SIN_MATCH,0.0,0.0,0.0,0.0,0.0,0.0,0.0,0.0,0,NO_APLICA
ft_sal_005545,SIN_MATCH,0.0,SIN_CANDIDATO_DE_CONTACTO,0.0,SIN_CANDIDATO_DE_CONTACTO,0,SIN_MATCH,SIN_MATCH,False,SIN_MATCH,0.0,SIN_MATCH,0.0,0.0,0.0,0.0,0.0,0.0,0.0,0.0,0,NO_APLICA
ft_sal_005547,SIN_MATCH,0.0,SIN_CANDIDATO_DE_CONTACTO,0.0,SIN_CANDIDATO_DE_CONTACTO,0,SIN_MATCH,SIN_MATCH,False,SIN_MATCH,0.0,SIN_MATCH,0.0,0.0,0.0,0.0,0.0,0.0,0.0,0.0,0,NO_APLICA
ft_sal_005549,SIN_MATCH,0.0,SIN_CANDIDATO_DE_CONTACTO,0.0,SIN_CANDIDATO_DE_CONTACTO,0,SIN_MATCH,SIN_MATCH,False,SIN_MATCH,0.0,SIN_MATCH,0.0,0.0,0.0,0.0,0.0,0.0,0.0,0.0,0,NO_APLICA
ft_sal_005550,SIN_MATCH,0.0,SIN_CANDIDATO_DE_CONTACTO,0.0,SIN_CANDIDATO_DE_CONTACTO,0,SIN_MATCH,SIN_MATCH,False,SIN_MATCH,0.0,SIN_MATCH,0.0,0.0,0.0,0.0,0.0,0.0,0.0,0.0,0,NO_APLICA
ft_sal_005553,SIN_MATCH,0.0,SIN_CANDIDATO_DE_CONTACTO,0.0,SIN_CANDIDATO_DE_CONTACTO,0,SIN_MATCH,SIN_MATCH,False,SIN_MATCH,0.0,SIN_MATCH,0.0,0.0,0.0,0.0,0.0,0.0,0.0,0.0,0,NO_APLICA
ft_sal_005554,SIN_MATCH,0.0,SIN_CANDIDATO_DE_CONTACTO,0.0,SIN_CANDIDATO_DE_CONTACTO,0,SIN_MATCH,SIN_MATCH,False,SIN_MATCH,0.0,SIN_MATCH,0.0,0.0,0.0,0.0,0.0,0.0,0.0,0.0,0,NO_APLICA
ft_sal_005555,SIN_MATCH,0.0,SIN_CANDIDATO_DE_CONTACTO,0.0,SIN_CANDIDATO_DE_CONTACTO,0,SIN_MATCH,SIN_MATCH,False,SIN_MATCH,0.0,SIN_MATCH,0.0,0.0,0.0,0.0,0.0,0.0,0.0,0.0,0,NO_APLICA
ft_sal_005557,SIN_MATCH,0.0,SIN_CANDIDATO_DE_CONTACTO,0.0,SIN_CANDIDATO_DE_CONTACTO,0,SIN_MATCH,SIN_MATCH,False,SIN_MATCH,0.0,SIN_MATCH,0.0,0.0,0.0,0.0,0.0,0.0,0.0,0.0,0,NO_APLICA
ft_sal_005558,SIN_MATCH,0.0,SIN_CANDIDATO_DE_CONTACTO,0.0,SIN_CANDIDATO_DE_CONTACTO,0,SIN_MATCH,SIN_MATCH,False,SIN_MATCH,0.0,SIN_MATCH,0.0,0.0,0.0,0.0,0.0,0.0,0.0,0.0,0,NO_APLICA
ft_sal_005560,SIN_MATCH,0.0,SIN_CANDIDATO_DE_CONTACTO,0.0,SIN_CANDIDATO_DE_CONTACTO,0,SIN_MATCH,SIN_MATCH,False,SIN_MATCH,0.0,SIN_MATCH,0.0,0.0,0.0,0.0,0.0,0.0,0.0,0.0,0,NO_APLICA
ft_sal_005562,SIN_MATCH,0.0,SIN_CANDIDATO_DE_CONTACTO,0.0,SIN_CANDIDATO_DE_CONTACTO,0,SIN_MATCH,SIN_MATCH,False,SIN_MATCH,0.0,SIN_MATCH,0.0,0.0,0.0,0.0,0.0,0.0,0.0,0.0,0,NO_APLICA
ft_sal_005563,SIN_MATCH,0.0,SIN_CANDIDATO_DE_CONTACTO,0.0,SIN_CANDIDATO_DE_CONTACTO,0,SIN_MATCH,SIN_MATCH,False,SIN_MATCH,0.0,SIN_MATCH,0.0,0.0,0.0,0.0,0.0,0.0,0.0,0.0,0,NO_APLICA
ft_sal_005565,SIN_MATCH,0.0,SIN_CANDIDATO_DE_CONTACTO,0.0,SIN_CANDIDATO_DE_CONTACTO,0,SIN_MATCH,SIN_MATCH,False,SIN_MATCH,0.0,SIN_MATCH,0.0,0.0,0.0,0.0,0.0,0.0,0.0,0.0,0,NO_APLICA
ft_sal_005566,SIN_MATCH,0.0,SIN_CANDIDATO_DE_CONTACTO,0.0,SIN_CANDIDATO_DE_CONTACTO,0,SIN_MATCH,SIN_MATCH,False,SIN_MATCH,0.0,SIN_MATCH,0.0,0.0,0.0,0.0,0.0,0.0,0.0,0.0,0,NO_APLICA
ft_sal_005571,SIN_MATCH,0.0,SIN_CANDIDATO_DE_CONTACTO,0.0,SIN_CANDIDATO_DE_CONTACTO,0,SIN_MATCH,SIN_MATCH,False,SIN_MATCH,0.0,SIN_MATCH,0.0,0.0,0.0,0.0,0.0,0.0,0.0,0.0,0,NO_APLICA
ft_sal_005575,SIN_MATCH,0.0,SIN_CANDIDATO_DE_CONTACTO,0.0,SIN_CANDIDATO_DE_CONTACTO,0,SIN_MATCH,SIN_MATCH,False,SIN_MATCH,0.0,SIN_MATCH,0.0,0.0,0.0,0.0,0.0,0.0,0.0,0.0,0,NO_APLICA
ft_sal_005578,SIN_MATCH,0.0,SIN_CANDIDATO_DE_CONTACTO,0.0,SIN_CANDIDATO_DE_CONTACTO,0,SIN_MATCH,SIN_MATCH,False,SIN_MATCH,0.0,SIN_MATCH,0.0,0.0,0.0,0.0,0.0,0.0,0.0,0.0,0,NO_APLICA
ft_sal_005579,SIN_MATCH,0.0,SIN_CANDIDATO_DE_CONTACTO,0.0,SIN_CANDIDATO_DE_CONTACTO,0,SIN_MATCH,SIN_MATCH,False,SIN_MATCH,0.0,SIN_MATCH,0.0,0.0,0.0,0.0,0.0,0.0,0.0,0.0,0,NO_APLICA
ft_sal_005580,SIN_MATCH,0.0,SIN_CANDIDATO_DE_CONTACTO,0.0,SIN_CANDIDATO_DE_CONTACTO,0,SIN_MATCH,SIN_MATCH,False,SIN_MATCH,0.0,SIN_MATCH,0.0,0.0,0.0,0.0,0.0,0.0,0.0,0.0,0,NO_APLICA
ft_sal_005584,SIN_MATCH,0.0,SIN_CANDIDATO_DE_CONTACTO,0.0,SIN_CANDIDATO_DE_CONTACTO,0,SIN_MATCH,SIN_MATCH,False,SIN_MATCH,0.0,SIN_MATCH,0.0,0.0,0.0,0.0,0.0,0.0,0.0,0.0,0,NO_APLICA
ft_sal_005586,SIN_MATCH,0.0,SIN_CANDIDATO_DE_CONTACTO,0.0,SIN_CANDIDATO_DE_CONTACTO,0,SIN_MATCH,SIN_MATCH,False,SIN_MATCH,0.0,SIN_MATCH,0.0,0.0,0.0,0.0,0.0,0.0,0.0,0.0,0,NO_APLICA
ft_sal_005587,SIN_MATCH,0.0,SIN_CANDIDATO_DE_CONTACTO,0.0,SIN_CANDIDATO_DE_CONTACTO,0,SIN_MATCH,SIN_MATCH,False,SIN_MATCH,0.0,SIN_MATCH,0.0,0.0,0.0,0.0,0.0,0.0,0.0,0.0,0,NO_APLICA
ft_sal_005588,SIN_MATCH,0.0,SIN_CANDIDATO_DE_CONTACTO,0.0,SIN_CANDIDATO_DE_CONTACTO,0,SIN_MATCH,SIN_MATCH,False,SIN_MATCH,0.0,SIN_MATCH,0.0,0.0,0.0,0.0,0.0,0.0,0.0,0.0,0,NO_APLICA
ft_sal_005589,SIN_MATCH,0.0,SIN_CANDIDATO_DE_CONTACTO,0.0,SIN_CANDIDATO_DE_CONTACTO,0,SIN_MATCH,SIN_MATCH,False,SIN_MATCH,0.0,SIN_MATCH,0.0,0.0,0.0,0.0,0.0,0.0,0.0,0.0,0,NO_APLICA
ft_sal_005593,SIN_MATCH,0.0,SIN_CANDIDATO_DE_CONTACTO,0.0,SIN_CANDIDATO_DE_CONTACTO,0,SIN_MATCH,SIN_MATCH,False,SIN_MATCH,0.0,SIN_MATCH,0.0,0.0,0.0,0.0,0.0,0.0,0.0,0.0,0,NO_APLICA
ft_sal_005601,SIN_MATCH,0.0,SIN_CANDIDATO_DE_CONTACTO,0.0,SIN_CANDIDATO_DE_CONTACTO,0,SIN_MATCH,SIN_MATCH,False,SIN_MATCH,0.0,SIN_MATCH,0.0,0.0,0.0,0.0,0.0,0.0,0.0,0.0,0,NO_APLICA
ft_sal_005602,SIN_MATCH,0.0,SIN_CANDIDATO_DE_CONTACTO,0.0,SIN_CANDIDATO_DE_CONTACTO,0,SIN_MATCH,SIN_MATCH,False,SIN_MATCH,0.0,SIN_MATCH,0.0,0.0,0.0,0.0,0.0,0.0,0.0,0.0,0,NO_APLICA
ft_sal_005604,SIN_MATCH,0.0,SIN_CANDIDATO_DE_CONTACTO,0.0,SIN_CANDIDATO_DE_CONTACTO,0,SIN_MATCH,SIN_MATCH,False,SIN_MATCH,0.0,SIN_MATCH,0.0,0.0,0.0,0.0,0.0,0.0,0.0,0.0,0,NO_APLICA
ft_sal_005605,SIN_MATCH,0.0,SIN_CANDIDATO_DE_CONTACTO,0.0,SIN_CANDIDATO_DE_CONTACTO,0,SIN_MATCH,SIN_MATCH,False,SIN_MATCH,0.0,SIN_MATCH,0.0,0.0,0.0,0.0,0.0,0.0,0.0,0.0,0,NO_APLICA
ft_sal_005606,SIN_MATCH,0.0,SIN_CANDIDATO_DE_CONTACTO,0.0,SIN_CANDIDATO_DE_CONTACTO,0,SIN_MATCH,SIN_MATCH,False,SIN_MATCH,0.0,SIN_MATCH,0.0,0.0,0.0,0.0,0.0,0.0,0.0,0.0,0,NO_APLICA
ft_sal_005607,SIN_MATCH,0.0,SIN_CANDIDATO_DE_CONTACTO,0.0,SIN_CANDIDATO_DE_CONTACTO,0,SIN_MATCH,SIN_MATCH,False,SIN_MATCH,0.0,SIN_MATCH,0.0,0.0,0.0,0.0,0.0,0.0,0.0,0.0,0,NO_APLICA
ft_sal_005610,SIN_MATCH,0.0,SIN_CANDIDATO_DE_CONTACTO,0.0,SIN_CANDIDATO_DE_CONTACTO,0,SIN_MATCH,SIN_MATCH,False,SIN_MATCH,0.0,SIN_MATCH,0.0,0.0,0.0,0.0,0.0,0.0,0.0,0.0,0,NO_APLICA
ft_sal_005614,SIN_MATCH,0.0,SIN_CANDIDATO_DE_CONTACTO,0.0,SIN_CANDIDATO_DE_CONTACTO,0,SIN_MATCH,SIN_MATCH,False,SIN_MATCH,0.0,SIN_MATCH,0.0,0.0,0.0,0.0,0.0,0.0,0.0,0.0,0,NO_APLICA
ft_sal_005615,SIN_MATCH,0.0,SIN_CANDIDATO_DE_CONTACTO,0.0,SIN_CANDIDATO_DE_CONTACTO,0,SIN_MATCH,SIN_MATCH,False,SIN_MATCH,0.0,SIN_MATCH,0.0,0.0,0.0,0.0,0.0,0.0,0.0,0.0,0,NO_APLICA
ft_sal_005619,SIN_MATCH,0.0,SIN_CANDIDATO_DE_CONTACTO,0.0,SIN_CANDIDATO_DE_CONTACTO,0,SIN_MATCH,SIN_MATCH,False,SIN_MATCH,0.0,SIN_MATCH,0.0,0.0,0.0,0.0,0.0,0.0,0.0,0.0,0,NO_APLICA
ft_sal_005620,SIN_MATCH,0.0,SIN_CANDIDATO_DE_CONTACTO,0.0,SIN_CANDIDATO_DE_CONTACTO,0,SIN_MATCH,SIN_MATCH,False,SIN_MATCH,0.0,SIN_MATCH,0.0,0.0,0.0,0.0,0.0,0.0,0.0,0.0,0,NO_APLICA
ft_sal_005623,SIN_MATCH,0.0,SIN_CANDIDATO_DE_CONTACTO,0.0,SIN_CANDIDATO_DE_CONTACTO,0,SIN_MATCH,SIN_MATCH,False,SIN_MATCH,0.0,SIN_MATCH,0.0,0.0,0.0,0.0,0.0,0.0,0.0,0.0,0,NO_APLICA
ft_sal_005626,SIN_MATCH,0.0,SIN_CANDIDATO_DE_CONTACTO,0.0,SIN_CANDIDATO_DE_CONTACTO,0,SIN_MATCH,SIN_MATCH,False,SIN_MATCH,0.0,SIN_MATCH,0.0,0.0,0.0,0.0,0.0,0.0,0.0,0.0,0,NO_APLICA
ft_sal_005627,SIN_MATCH,0.0,SIN_CANDIDATO_DE_CONTACTO,0.0,SIN_CANDIDATO_DE_CONTACTO,0,SIN_MATCH,SIN_MATCH,False,SIN_MATCH,0.0,SIN_MATCH,0.0,0.0,0.0,0.0,0.0,0.0,0.0,0.0,0,NO_APLICA
ft_sal_005628,SIN_MATCH,0.0,SIN_CANDIDATO_DE_CONTACTO,0.0,SIN_CANDIDATO_DE_CONTACTO,0,SIN_MATCH,SIN_MATCH,False,SIN_MATCH,0.0,SIN_MATCH,0.0,0.0,0.0,0.0,0.0,0.0,0.0,0.0,0,NO_APLICA
ft_sal_005629,SIN_MATCH,0.0,SIN_CANDIDATO_DE_CONTACTO,0.0,SIN_CANDIDATO_DE_CONTACTO,0,SIN_MATCH,SIN_MATCH,False,SIN_MATCH,0.0,SIN_MATCH,0.0,0.0,0.0,0.0,0.0,0.0,0.0,0.0,0,NO_APLICA
ft_sal_005635,SIN_MATCH,0.0,SIN_CANDIDATO_DE_CONTACTO,0.0,SIN_CANDIDATO_DE_CONTACTO,0,SIN_MATCH,SIN_MATCH,False,SIN_MATCH,0.0,SIN_MATCH,0.0,0.0,0.0,0.0,0.0,0.0,0.0,0.0,0,NO_APLICA
ft_sal_005636,SIN_MATCH,0.0,SIN_CANDIDATO_DE_CONTACTO,0.0,SIN_CANDIDATO_DE_CONTACTO,0,SIN_MATCH,SIN_MATCH,False,SIN_MATCH,0.0,SIN_MATCH,0.0,0.0,0.0,0.0,0.0,0.0,0.0,0.0,0,NO_APLICA
ft_sal_005637,SIN_MATCH,0.0,SIN_CANDIDATO_DE_CONTACTO,0.0,SIN_CANDIDATO_DE_CONTACTO,0,SIN_MATCH,SIN_MATCH,False,SIN_MATCH,0.0,SIN_MATCH,0.0,0.0,0.0,0.0,0.0,0.0,0.0,0.0,0,NO_APLICA
ft_sal_005639,SIN_MATCH,0.0,SIN_CANDIDATO_DE_CONTACTO,0.0,SIN_CANDIDATO_DE_CONTACTO,0,SIN_MATCH,SIN_MATCH,False,SIN_MATCH,0.0,SIN_MATCH,0.0,0.0,0.0,0.0,0.0,0.0,0.0,0.0,0,NO_APLICA
ft_sal_005640,SIN_MATCH,0.0,SIN_CANDIDATO_DE_CONTACTO,0.0,SIN_CANDIDATO_DE_CONTACTO,0,SIN_MATCH,SIN_MATCH,False,SIN_MATCH,0.0,SIN_MATCH,0.0,0.0,0.0,0.0,0.0,0.0,0.0,0.0,0,NO_APLICA
ft_sal_005642,SIN_MATCH,0.0,SIN_CANDIDATO_DE_CONTACTO,0.0,SIN_CANDIDATO_DE_CONTACTO,0,SIN_MATCH,SIN_MATCH,False,SIN_MATCH,0.0,SIN_MATCH,0.0,0.0,0.0,0.0,0.0,0.0,0.0,0.0,0,NO_APLICA
ft_sal_005643,SIN_MATCH,0.0,SIN_CANDIDATO_DE_CONTACTO,0.0,SIN_CANDIDATO_DE_CONTACTO,0,SIN_MATCH,SIN_MATCH,False,SIN_MATCH,0.0,SIN_MATCH,0.0,0.0,0.0,0.0,0.0,0.0,0.0,0.0,0,NO_APLICA
ft_sal_005644,SIN_MATCH,0.0,SIN_CANDIDATO_DE_CONTACTO,0.0,SIN_CANDIDATO_DE_CONTACTO,0,SIN_MATCH,SIN_MATCH,False,SIN_MATCH,0.0,SIN_MATCH,0.0,0.0,0.0,0.0,0.0,0.0,0.0,0.0,0,NO_APLICA
ft_sal_005648,SIN_MATCH,0.0,SIN_CANDIDATO_DE_CONTACTO,0.0,SIN_CANDIDATO_DE_CONTACTO,0,SIN_MATCH,SIN_MATCH,False,SIN_MATCH,0.0,SIN_MATCH,0.0,0.0,0.0,0.0,0.0,0.0,0.0,0.0,0,NO_APLICA
ft_sal_005650,SIN_MATCH,0.0,SIN_CANDIDATO_DE_CONTACTO,0.0,SIN_CANDIDATO_DE_CONTACTO,0,SIN_MATCH,SIN_MATCH,False,SIN_MATCH,0.0,SIN_MATCH,0.0,0.0,0.0,0.0,0.0,0.0,0.0,0.0,0,NO_APLICA
ft_sal_005651,SIN_MATCH,0.0,SIN_CANDIDATO_DE_CONTACTO,0.0,SIN_CANDIDATO_DE_CONTACTO,0,SIN_MATCH,SIN_MATCH,False,SIN_MATCH,0.0,SIN_MATCH,0.0,0.0,0.0,0.0,0.0,0.0,0.0,0.0,0,NO_APLICA
ft_sal_005656,SIN_MATCH,0.0,SIN_CANDIDATO_DE_CONTACTO,0.0,SIN_CANDIDATO_DE_CONTACTO,0,SIN_MATCH,SIN_MATCH,False,SIN_MATCH,0.0,SIN_MATCH,0.0,0.0,0.0,0.0,0.0,0.0,0.0,0.0,0,NO_APLICA
ft_sal_005657,SIN_MATCH,0.0,SIN_CANDIDATO_DE_CONTACTO,0.0,SIN_CANDIDATO_DE_CONTACTO,0,SIN_MATCH,SIN_MATCH,False,SIN_MATCH,0.0,SIN_MATCH,0.0,0.0,0.0,0.0,0.0,0.0,0.0,0.0,0,NO_APLICA
ft_sal_005659,SIN_MATCH,0.0,SIN_CANDIDATO_DE_CONTACTO,0.0,SIN_CANDIDATO_DE_CONTACTO,0,SIN_MATCH,SIN_MATCH,False,SIN_MATCH,0.0,SIN_MATCH,0.0,0.0,0.0,0.0,0.0,0.0,0.0,0.0,0,NO_APLICA
ft_sal_005661,SIN_MATCH,0.0,SIN_CANDIDATO_DE_CONTACTO,0.0,SIN_CANDIDATO_DE_CONTACTO,0,SIN_MATCH,SIN_MATCH,False,SIN_MATCH,0.0,SIN_MATCH,0.0,0.0,0.0,0.0,0.0,0.0,0.0,0.0,0,NO_APLICA
ft_sal_005665,SIN_MATCH,0.0,SIN_CANDIDATO_DE_CONTACTO,0.0,SIN_CANDIDATO_DE_CONTACTO,0,SIN_MATCH,SIN_MATCH,False,SIN_MATCH,0.0,SIN_MATCH,0.0,0.0,0.0,0.0,0.0,0.0,0.0,0.0,0,NO_APLICA
ft_sal_005666,SIN_MATCH,0.0,SIN_CANDIDATO_DE_CONTACTO,0.0,SIN_CANDIDATO_DE_CONTACTO,0,SIN_MATCH,SIN_MATCH,False,SIN_MATCH,0.0,SIN_MATCH,0.0,0.0,0.0,0.0,0.0,0.0,0.0,0.0,0,NO_APLICA
ft_sal_005667,SIN_MATCH,0.0,SIN_CANDIDATO_DE_CONTACTO,0.0,SIN_CANDIDATO_DE_CONTACTO,0,SIN_MATCH,SIN_MATCH,False,SIN_MATCH,0.0,SIN_MATCH,0.0,0.0,0.0,0.0,0.0,0.0,0.0,0.0,0,NO_APLICA
ft_sal_005670,SIN_MATCH,0.0,SIN_CANDIDATO_DE_CONTACTO,0.0,SIN_CANDIDATO_DE_CONTACTO,0,SIN_MATCH,SIN_MATCH,False,SIN_MATCH,0.0,SIN_MATCH,0.0,0.0,0.0,0.0,0.0,0.0,0.0,0.0,0,NO_APLICA
ft_sal_005671,SIN_MATCH,0.0,SIN_CANDIDATO_DE_CONTACTO,0.0,SIN_CANDIDATO_DE_CONTACTO,0,SIN_MATCH,SIN_MATCH,False,SIN_MATCH,0.0,SIN_MATCH,0.0,0.0,0.0,0.0,0.0,0.0,0.0,0.0,0,NO_APLICA
ft_sal_005673,SIN_MATCH,0.0,SIN_CANDIDATO_DE_CONTACTO,0.0,SIN_CANDIDATO_DE_CONTACTO,0,SIN_MATCH,SIN_MATCH,False,SIN_MATCH,0.0,SIN_MATCH,0.0,0.0,0.0,0.0,0.0,0.0,0.0,0.0,0,NO_APLICA
ft_sal_005675,SIN_MATCH,0.0,SIN_CANDIDATO_DE_CONTACTO,0.0,SIN_CANDIDATO_DE_CONTACTO,0,SIN_MATCH,SIN_MATCH,False,SIN_MATCH,0.0,SIN_MATCH,0.0,0.0,0.0,0.0,0.0,0.0,0.0,0.0,0,NO_APLICA
ft_sal_005676,SIN_MATCH,0.0,SIN_CANDIDATO_DE_CONTACTO,0.0,SIN_CANDIDATO_DE_CONTACTO,0,SIN_MATCH,SIN_MATCH,False,SIN_MATCH,0.0,SIN_MATCH,0.0,0.0,0.0,0.0,0.0,0.0,0.0,0.0,0,NO_APLICA
ft_sal_005677,SIN_MATCH,0.0,SIN_CANDIDATO_DE_CONTACTO,0.0,SIN_CANDIDATO_DE_CONTACTO,0,SIN_MATCH,SIN_MATCH,False,SIN_MATCH,0.0,SIN_MATCH,0.0,0.0,0.0,0.0,0.0,0.0,0.0,0.0,0,NO_APLICA
ft_sal_005679,SIN_MATCH,0.0,SIN_CANDIDATO_DE_CONTACTO,0.0,SIN_CANDIDATO_DE_CONTACTO,0,SIN_MATCH,SIN_MATCH,False,SIN_MATCH,0.0,SIN_MATCH,0.0,0.0,0.0,0.0,0.0,0.0,0.0,0.0,0,NO_APLICA
ft_sal_005681,SIN_MATCH,0.0,SIN_CANDIDATO_DE_CONTACTO,0.0,SIN_CANDIDATO_DE_CONTACTO,0,SIN_MATCH,SIN_MATCH,False,SIN_MATCH,0.0,SIN_MATCH,0.0,0.0,0.0,0.0,0.0,0.0,0.0,0.0,0,NO_APLICA
ft_sal_005682,SIN_MATCH,0.0,SIN_CANDIDATO_DE_CONTACTO,0.0,SIN_CANDIDATO_DE_CONTACTO,0,SIN_MATCH,SIN_MATCH,False,SIN_MATCH,0.0,SIN_MATCH,0.0,0.0,0.0,0.0,0.0,0.0,0.0,0.0,0,NO_APLICA
ft_sal_005687,SIN_MATCH,0.0,SIN_CANDIDATO_DE_CONTACTO,0.0,SIN_CANDIDATO_DE_CONTACTO,0,SIN_MATCH,SIN_MATCH,False,SIN_MATCH,0.0,SIN_MATCH,0.0,0.0,0.0,0.0,0.0,0.0,0.0,0.0,0,NO_APLICA
ft_sal_005692,SIN_MATCH,0.0,SIN_CANDIDATO_DE_CONTACTO,0.0,SIN_CANDIDATO_DE_CONTACTO,0,SIN_MATCH,SIN_MATCH,False,SIN_MATCH,0.0,SIN_MATCH,0.0,0.0,0.0,0.0,0.0,0.0,0.0,0.0,0,NO_APLICA
ft_sal_005694,SIN_MATCH,0.0,SIN_CANDIDATO_DE_CONTACTO,0.0,SIN_CANDIDATO_DE_CONTACTO,0,SIN_MATCH,SIN_MATCH,False,SIN_MATCH,0.0,SIN_MATCH,0.0,0.0,0.0,0.0,0.0,0.0,0.0,0.0,0,NO_APLICA
ft_sal_005699,SIN_MATCH,0.0,SIN_CANDIDATO_DE_CONTACTO,0.0,SIN_CANDIDATO_DE_CONTACTO,0,SIN_MATCH,SIN_MATCH,False,SIN_MATCH,0.0,SIN_MATCH,0.0,0.0,0.0,0.0,0.0,0.0,0.0,0.0,0,NO_APLICA
ft_sal_005702,SIN_MATCH,0.0,SIN_CANDIDATO_DE_CONTACTO,0.0,SIN_CANDIDATO_DE_CONTACTO,0,SIN_MATCH,SIN_MATCH,False,SIN_MATCH,0.0,SIN_MATCH,0.0,0.0,0.0,0.0,0.0,0.0,0.0,0.0,0,NO_APLICA
ft_sal_005705,SIN_MATCH,0.0,SIN_CANDIDATO_DE_CONTACTO,0.0,SIN_CANDIDATO_DE_CONTACTO,0,SIN_MATCH,SIN_MATCH,False,SIN_MATCH,0.0,SIN_MATCH,0.0,0.0,0.0,0.0,0.0,0.0,0.0,0.0,0,NO_APLICA
ft_sal_005708,SIN_MATCH,0.0,SIN_CANDIDATO_DE_CONTACTO,0.0,SIN_CANDIDATO_DE_CONTACTO,0,SIN_MATCH,SIN_MATCH,False,SIN_MATCH,0.0,SIN_MATCH,0.0,0.0,0.0,0.0,0.0,0.0,0.0,0.0,0,NO_APLICA
ft_sal_005709,SIN_MATCH,0.0,SIN_CANDIDATO_DE_CONTACTO,0.0,SIN_CANDIDATO_DE_CONTACTO,0,SIN_MATCH,SIN_MATCH,False,SIN_MATCH,0.0,SIN_MATCH,0.0,0.0,0.0,0.0,0.0,0.0,0.0,0.0,0,NO_APLICA
ft_sal_005713,SIN_MATCH,0.0,SIN_CANDIDATO_DE_CONTACTO,0.0,SIN_CANDIDATO_DE_CONTACTO,0,SIN_MATCH,SIN_MATCH,False,SIN_MATCH,0.0,SIN_MATCH,0.0,0.0,0.0,0.0,0.0,0.0,0.0,0.0,0,NO_APLICA
ft_sal_005718,SIN_MATCH,0.0,SIN_CANDIDATO_DE_CONTACTO,0.0,SIN_CANDIDATO_DE_CONTACTO,0,SIN_MATCH,SIN_MATCH,False,SIN_MATCH,0.0,SIN_MATCH,0.0,0.0,0.0,0.0,0.0,0.0,0.0,0.0,0,NO_APLICA
ft_sal_005719,SIN_MATCH,0.0,SIN_CANDIDATO_DE_CONTACTO,0.0,SIN_CANDIDATO_DE_CONTACTO,0,SIN_MATCH,SIN_MATCH,False,SIN_MATCH,0.0,SIN_MATCH,0.0,0.0,0.0,0.0,0.0,0.0,0.0,0.0,0,NO_APLICA
ft_sal_005722,SIN_MATCH,0.0,SIN_CANDIDATO_DE_CONTACTO,0.0,SIN_CANDIDATO_DE_CONTACTO,0,SIN_MATCH,SIN_MATCH,False,SIN_MATCH,0.0,SIN_MATCH,0.0,0.0,0.0,0.0,0.0,0.0,0.0,0.0,0,NO_APLICA
ft_sal_005723,SIN_MATCH,0.0,SIN_CANDIDATO_DE_CONTACTO,0.0,SIN_CANDIDATO_DE_CONTACTO,0,SIN_MATCH,SIN_MATCH,False,SIN_MATCH,0.0,SIN_MATCH,0.0,0.0,0.0,0.0,0.0,0.0,0.0,0.0,0,NO_APLICA
ft_sal_005726,SIN_MATCH,0.0,SIN_CANDIDATO_DE_CONTACTO,0.0,SIN_CANDIDATO_DE_CONTACTO,0,SIN_MATCH,SIN_MATCH,False,SIN_MATCH,0.0,SIN_MATCH,0.0,0.0,0.0,0.0,0.0,0.0,0.0,0.0,0,NO_APLICA
ft_sal_005727,SIN_MATCH,0.0,SIN_CANDIDATO_DE_CONTACTO,0.0,SIN_CANDIDATO_DE_CONTACTO,0,SIN_MATCH,SIN_MATCH,False,SIN_MATCH,0.0,SIN_MATCH,0.0,0.0,0.0,0.0,0.0,0.0,0.0,0.0,0,NO_APLICA
ft_sal_005728,SIN_MATCH,0.0,SIN_CANDIDATO_DE_CONTACTO,0.0,SIN_CANDIDATO_DE_CONTACTO,0,SIN_MATCH,SIN_MATCH,False,SIN_MATCH,0.0,SIN_MATCH,0.0,0.0,0.0,0.0,0.0,0.0,0.0,0.0,0,NO_APLICA
ft_sal_005729,SIN_MATCH,0.0,SIN_CANDIDATO_DE_CONTACTO,0.0,SIN_CANDIDATO_DE_CONTACTO,0,SIN_MATCH,SIN_MATCH,False,SIN_MATCH,0.0,SIN_MATCH,0.0,0.0,0.0,0.0,0.0,0.0,0.0,0.0,0,NO_APLICA
ft_sal_005731,SIN_MATCH,0.0,SIN_CANDIDATO_DE_CONTACTO,0.0,SIN_CANDIDATO_DE_CONTACTO,0,SIN_MATCH,SIN_MATCH,False,SIN_MATCH,0.0,SIN_MATCH,0.0,0.0,0.0,0.0,0.0,0.0,0.0,0.0,0,NO_APLICA
ft_sal_005733,SIN_MATCH,0.0,SIN_CANDIDATO_DE_CONTACTO,0.0,SIN_CANDIDATO_DE_CONTACTO,0,SIN_MATCH,SIN_MATCH,False,SIN_MATCH,0.0,SIN_MATCH,0.0,0.0,0.0,0.0,0.0,0.0,0.0,0.0,0,NO_APLICA
ft_sal_005740,SIN_MATCH,0.0,SIN_CANDIDATO_DE_CONTACTO,0.0,SIN_CANDIDATO_DE_CONTACTO,0,SIN_MATCH,SIN_MATCH,False,SIN_MATCH,0.0,SIN_MATCH,0.0,0.0,0.0,0.0,0.0,0.0,0.0,0.0,0,NO_APLICA
ft_sal_005743,SIN_MATCH,0.0,SIN_CANDIDATO_DE_CONTACTO,0.0,SIN_CANDIDATO_DE_CONTACTO,0,SIN_MATCH,SIN_MATCH,False,SIN_MATCH,0.0,SIN_MATCH,0.0,0.0,0.0,0.0,0.0,0.0,0.0,0.0,0,NO_APLICA
ft_sal_005745,SIN_MATCH,0.0,SIN_CANDIDATO_DE_CONTACTO,0.0,SIN_CANDIDATO_DE_CONTACTO,0,SIN_MATCH,SIN_MATCH,False,SIN_MATCH,0.0,SIN_MATCH,0.0,0.0,0.0,0.0,0.0,0.0,0.0,0.0,0,NO_APLICA
ft_sal_005748,SIN_MATCH,0.0,SIN_CANDIDATO_DE_CONTACTO,0.0,SIN_CANDIDATO_DE_CONTACTO,0,SIN_MATCH,SIN_MATCH,False,SIN_MATCH,0.0,SIN_MATCH,0.0,0.0,0.0,0.0,0.0,0.0,0.0,0.0,0,NO_APLICA
ft_sal_005757,SIN_MATCH,0.0,SIN_CANDIDATO_DE_CONTACTO,0.0,SIN_CANDIDATO_DE_CONTACTO,0,SIN_MATCH,SIN_MATCH,False,SIN_MATCH,0.0,SIN_MATCH,0.0,0.0,0.0,0.0,0.0,0.0,0.0,0.0,0,NO_APLICA
ft_sal_005761,SIN_MATCH,0.0,EVIDENCIA_INSUFICIENTE,0.0,EVIDENCIA_INSUFICIENTE,1,bm_usr_003143,SIN_MATCH,False,bm_usr_003143,0.58,SIN_MATCH,0.0,0.0,0.0,0.0,0.58,1.0,0.0,0.4138,0,NO_APLICA
ft_sal_005764,SIN_MATCH,0.0,AMBIGUO,0.0,AMBIGUO,2,bm_usr_001123,SIN_MATCH,False,bm_usr_001123,0.91,bm_usr_005202,0.86,0.9,0.0,0.84,0.05,1.0,0.0,0.84,0,NO_APLICA
ft_sal_005766,SIN_MATCH,0.0,EVIDENCIA_INSUFICIENTE,0.0,EVIDENCIA_INSUFICIENTE,2,bm_usr_000695,bm_usr_002327,True,bm_usr_002327,0.58,bm_usr_000695,0.58,1.0,0.0,0.2759,0.0,0.0,1.0,0.3077,0,NO_APLICA
ft_sal_005773,SIN_MATCH,0.0,SIN_CANDIDATO_DE_CONTACTO,0.0,SIN_CANDIDATO_DE_CONTACTO,0,SIN_MATCH,SIN_MATCH,False,SIN_MATCH,0.0,SIN_MATCH,0.0,0.0,0.0,0.0,0.0,0.0,0.0,0.0,0,NO_APLICA
ft_sal_005775,SIN_MATCH,0.0,SIN_CANDIDATO_DE_CONTACTO,0.0,SIN_CANDIDATO_DE_CONTACTO,0,SIN_MATCH,SIN_MATCH,False,SIN_MATCH,0.0,SIN_MATCH,0.0,0.0,0.0,0.0,0.0,0.0,0.0,0.0,0,NO_APLICA
ft_sal_005782,SIN_MATCH,0.0,SIN_CANDIDATO_DE_CONTACTO,0.0,SIN_CANDIDATO_DE_CONTACTO,0,SIN_MATCH,SIN_MATCH,False,SIN_MATCH,0.0,SIN_MATCH,0.0,0.0,0.0,0.0,0.0,0.0,0.0,0.0,0,NO_APLICA
ft_sal_005783,SIN_MATCH,0.0,SIN_CANDIDATO_DE_CONTACTO,0.0,SIN_CANDIDATO_DE_CONTACTO,0,SIN_MATCH,SIN_MATCH,False,SIN_MATCH,0.0,SIN_MATCH,0.0,0.0,0.0,0.0,0.0,0.0,0.0,0.0,0,NO_APLICA
ft_sal_005803,SIN_MATCH,0.0,SIN_CANDIDATO_DE_CONTACTO,0.0,SIN_CANDIDATO_DE_CONTACTO,0,SIN_MATCH,SIN_MATCH,False,SIN_MATCH,0.0,SIN_MATCH,0.0,0.0,0.0,0.0,0.0,0.0,0.0,0.0,0,NO_APLICA
ft_sal_005808,SIN_MATCH,0.0,AMBIGUO,0.0,AMBIGUO,2,bm_usr_000782,bm_usr_003262,True,bm_usr_003262,0.91,bm_usr_000782,0.91,1.0,0.0,0.84,0.0,0.0,1.0,0.84,0,NO_APLICA
ft_sal_005812,SIN_MATCH,0.0,SIN_CANDIDATO_DE_CONTACTO,0.0,SIN_CANDIDATO_DE_CONTACTO,0,SIN_MATCH,SIN_MATCH,False,SIN_MATCH,0.0,SIN_MATCH,0.0,0.0,0.0,0.0,0.0,0.0,0.0,0.0,0,NO_APLICA
ft_sal_005820,SIN_MATCH,0.0,SIN_CANDIDATO_DE_CONTACTO,0.0,SIN_CANDIDATO_DE_CONTACTO,0,SIN_MATCH,SIN_MATCH,False,SIN_MATCH,0.0,SIN_MATCH,0.0,0.0,0.0,0.0,0.0,0.0,0.0,0.0,0,NO_APLICA
ft_sal_005823,SIN_MATCH,0.0,SIN_CANDIDATO_DE_CONTACTO,0.0,SIN_CANDIDATO_DE_CONTACTO,0,SIN_MATCH,SIN_MATCH,False,SIN_MATCH,0.0,SIN_MATCH,0.0,0.0,0.0,0.0,0.0,0.0,0.0,0.0,0,NO_APLICA
ft_sal_005824,SIN_MATCH,0.0,AMBIGUO,0.0,AMBIGUO,3,bm_usr_002777,bm_usr_004417,True,bm_usr_002777,0.91,bm_usr_005507,0.86,0.9,0.0,0.84,0.05,1.0,0.0,0.84,0,NO_APLICA
ft_sal_005827,SIN_MATCH,0.0,SIN_CANDIDATO_DE_CONTACTO,0.0,SIN_CANDIDATO_DE_CONTACTO,0,SIN_MATCH,SIN_MATCH,False,SIN_MATCH,0.0,SIN_MATCH,0.0,0.0,0.0,0.0,0.0,0.0,0.0,0.0,0,NO_APLICA
ft_sal_005833,SIN_MATCH,0.0,SIN_CANDIDATO_DE_CONTACTO,0.0,SIN_CANDIDATO_DE_CONTACTO,0,SIN_MATCH,SIN_MATCH,False,SIN_MATCH,0.0,SIN_MATCH,0.0,0.0,0.0,0.0,0.0,0.0,0.0,0.0,0,NO_APLICA
ft_sal_005841,SIN_MATCH,0.0,SIN_CANDIDATO_DE_CONTACTO,0.0,SIN_CANDIDATO_DE_CONTACTO,0,SIN_MATCH,SIN_MATCH,False,SIN_MATCH,0.0,SIN_MATCH,0.0,0.0,0.0,0.0,0.0,0.0,0.0,0.0,0,NO_APLICA
ft_sal_005842,SIN_MATCH,0.0,SIN_CANDIDATO_DE_CONTACTO,0.0,SIN_CANDIDATO_DE_CONTACTO,0,SIN_MATCH,SIN_MATCH,False,SIN_MATCH,0.0,SIN_MATCH,0.0,0.0,0.0,0.0,0.0,0.0,0.0,0.0,0,NO_APLICA
ft_sal_005854,SIN_MATCH,0.0,SIN_CANDIDATO_DE_CONTACTO,0.0,SIN_CANDIDATO_DE_CONTACTO,0,SIN_MATCH,SIN_MATCH,False,SIN_MATCH,0.0,SIN_MATCH,0.0,0.0,0.0,0.0,0.0,0.0,0.0,0.0,0,NO_APLICA
ft_sal_005859,SIN_MATCH,0.0,SIN_CANDIDATO_DE_CONTACTO,0.0,SIN_CANDIDATO_DE_CONTACTO,0,SIN_MATCH,SIN_MATCH,False,SIN_MATCH,0.0,SIN_MATCH,0.0,0.0,0.0,0.0,0.0,0.0,0.0,0.0,0,NO_APLICA
ft_sal_005861,SIN_MATCH,0.0,SIN_CANDIDATO_DE_CONTACTO,0.0,SIN_CANDIDATO_DE_CONTACTO,0,SIN_MATCH,SIN_MATCH,False,SIN_MATCH,0.0,SIN_MATCH,0.0,0.0,0.0,0.0,0.0,0.0,0.0,0.0,0,NO_APLICA
ft_sal_005863,SIN_MATCH,0.0,SIN_CANDIDATO_DE_CONTACTO,0.0,SIN_CANDIDATO_DE_CONTACTO,0,SIN_MATCH,SIN_MATCH,False,SIN_MATCH,0.0,SIN_MATCH,0.0,0.0,0.0,0.0,0.0,0.0,0.0,0.0,0,NO_APLICA
ft_sal_005864,SIN_MATCH,0.0,SIN_CANDIDATO_DE_CONTACTO,0.0,SIN_CANDIDATO_DE_CONTACTO,0,SIN_MATCH,SIN_MATCH,False,SIN_MATCH,0.0,SIN_MATCH,0.0,0.0,0.0,0.0,0.0,0.0,0.0,0.0,0,NO_APLICA
ft_sal_005865,SIN_MATCH,0.0,SIN_CANDIDATO_DE_CONTACTO,0.0,SIN_CANDIDATO_DE_CONTACTO,0,SIN_MATCH,SIN_MATCH,False,SIN_MATCH,0.0,SIN_MATCH,0.0,0.0,0.0,0.0,0.0,0.0,0.0,0.0,0,NO_APLICA
ft_sal_005869,SIN_MATCH,0.0,SIN_CANDIDATO_DE_CONTACTO,0.0,SIN_CANDIDATO_DE_CONTACTO,0,SIN_MATCH,SIN_MATCH,False,SIN_MATCH,0.0,SIN_MATCH,0.0,0.0,0.0,0.0,0.0,0.0,0.0,0.0,0,NO_APLICA
ft_sal_005872,SIN_MATCH,0.0,SIN_CANDIDATO_DE_CONTACTO,0.0,SIN_CANDIDATO_DE_CONTACTO,0,SIN_MATCH,SIN_MATCH,False,SIN_MATCH,0.0,SIN_MATCH,0.0,0.0,0.0,0.0,0.0,0.0,0.0,0.0,0,NO_APLICA
ft_sal_005873,SIN_MATCH,0.0,SIN_CANDIDATO_DE_CONTACTO,0.0,SIN_CANDIDATO_DE_CONTACTO,0,SIN_MATCH,SIN_MATCH,False,SIN_MATCH,0.0,SIN_MATCH,0.0,0.0,0.0,0.0,0.0,0.0,0.0,0.0,0,NO_APLICA
ft_sal_005877,SIN_MATCH,0.0,SIN_CANDIDATO_DE_CONTACTO,0.0,SIN_CANDIDATO_DE_CONTACTO,0,SIN_MATCH,SIN_MATCH,False,SIN_MATCH,0.0,SIN_MATCH,0.0,0.0,0.0,0.0,0.0,0.0,0.0,0.0,0,NO_APLICA
ft_sal_005878,SIN_MATCH,0.0,SIN_CANDIDATO_DE_CONTACTO,0.0,SIN_CANDIDATO_DE_CONTACTO,0,SIN_MATCH,SIN_MATCH,False,SIN_MATCH,0.0,SIN_MATCH,0.0,0.0,0.0,0.0,0.0,0.0,0.0,0.0,0,NO_APLICA
ft_sal_005884,SIN_MATCH,0.0,SIN_CANDIDATO_DE_CONTACTO,0.0,SIN_CANDIDATO_DE_CONTACTO,0,SIN_MATCH,SIN_MATCH,False,SIN_MATCH,0.0,SIN_MATCH,0.0,0.0,0.0,0.0,0.0,0.0,0.0,0.0,0,NO_APLICA
ft_sal_005886,SIN_MATCH,0.0,SIN_CANDIDATO_DE_CONTACTO,0.0,SIN_CANDIDATO_DE_CONTACTO,0,SIN_MATCH,SIN_MATCH,False,SIN_MATCH,0.0,SIN_MATCH,0.0,0.0,0.0,0.0,0.0,0.0,0.0,0.0,0,NO_APLICA
ft_sal_005887,SIN_MATCH,0.0,SIN_CANDIDATO_DE_CONTACTO,0.0,SIN_CANDIDATO_DE_CONTACTO,0,SIN_MATCH,SIN_MATCH,False,SIN_MATCH,0.0,SIN_MATCH,0.0,0.0,0.0,0.0,0.0,0.0,0.0,0.0,0,NO_APLICA
ft_sal_005888,SIN_MATCH,0.0,SIN_CANDIDATO_DE_CONTACTO,0.0,SIN_CANDIDATO_DE_CONTACTO,0,SIN_MATCH,SIN_MATCH,False,SIN_MATCH,0.0,SIN_MATCH,0.0,0.0,0.0,0.0,0.0,0.0,0.0,0.0,0,NO_APLICA
ft_sal_005889,SIN_MATCH,0.0,SIN_CANDIDATO_DE_CONTACTO,0.0,SIN_CANDIDATO_DE_CONTACTO,0,SIN_MATCH,SIN_MATCH,False,SIN_MATCH,0.0,SIN_MATCH,0.0,0.0,0.0,0.0,0.0,0.0,0.0,0.0,0,NO_APLICA
ft_sal_005891,SIN_MATCH,0.0,SIN_CANDIDATO_DE_CONTACTO,0.0,SIN_CANDIDATO_DE_CONTACTO,0,SIN_MATCH,SIN_MATCH,False,SIN_MATCH,0.0,SIN_MATCH,0.0,0.0,0.0,0.0,0.0,0.0,0.0,0.0,0,NO_APLICA
ft_sal_005896,SIN_MATCH,0.0,SIN_CANDIDATO_DE_CONTACTO,0.0,SIN_CANDIDATO_DE_CONTACTO,0,SIN_MATCH,SIN_MATCH,False,SIN_MATCH,0.0,SIN_MATCH,0.0,0.0,0.0,0.0,0.0,0.0,0.0,0.0,0,NO_APLICA
ft_sal_005900,SIN_MATCH,0.0,SIN_CANDIDATO_DE_CONTACTO,0.0,SIN_CANDIDATO_DE_CONTACTO,0,SIN_MATCH,SIN_MATCH,False,SIN_MATCH,0.0,SIN_MATCH,0.0,0.0,0.0,0.0,0.0,0.0,0.0,0.0,0,NO_APLICA
ft_sal_005901,SIN_MATCH,0.0,SIN_CANDIDATO_DE_CONTACTO,0.0,SIN_CANDIDATO_DE_CONTACTO,0,SIN_MATCH,SIN_MATCH,False,SIN_MATCH,0.0,SIN_MATCH,0.0,0.0,0.0,0.0,0.0,0.0,0.0,0.0,0,NO_APLICA
ft_sal_005903,SIN_MATCH,0.0,SIN_CANDIDATO_DE_CONTACTO,0.0,SIN_CANDIDATO_DE_CONTACTO,0,SIN_MATCH,SIN_MATCH,False,SIN_MATCH,0.0,SIN_MATCH,0.0,0.0,0.0,0.0,0.0,0.0,0.0,0.0,0,NO_APLICA
ft_sal_005904,SIN_MATCH,0.0,SIN_CANDIDATO_DE_CONTACTO,0.0,SIN_CANDIDATO_DE_CONTACTO,0,SIN_MATCH,SIN_MATCH,False,SIN_MATCH,0.0,SIN_MATCH,0.0,0.0,0.0,0.0,0.0,0.0,0.0,0.0,0,NO_APLICA
ft_sal_005905,SIN_MATCH,0.0,SIN_CANDIDATO_DE_CONTACTO,0.0,SIN_CANDIDATO_DE_CONTACTO,0,SIN_MATCH,SIN_MATCH,False,SIN_MATCH,0.0,SIN_MATCH,0.0,0.0,0.0,0.0,0.0,0.0,0.0,0.0,0,NO_APLICA
ft_sal_005907,SIN_MATCH,0.0,SIN_CANDIDATO_DE_CONTACTO,0.0,SIN_CANDIDATO_DE_CONTACTO,0,SIN_MATCH,SIN_MATCH,False,SIN_MATCH,0.0,SIN_MATCH,0.0,0.0,0.0,0.0,0.0,0.0,0.0,0.0,0,NO_APLICA
ft_sal_005910,SIN_MATCH,0.0,SIN_CANDIDATO_DE_CONTACTO,0.0,SIN_CANDIDATO_DE_CONTACTO,0,SIN_MATCH,SIN_MATCH,False,SIN_MATCH,0.0,SIN_MATCH,0.0,0.0,0.0,0.0,0.0,0.0,0.0,0.0,0,NO_APLICA
ft_sal_005911,SIN_MATCH,0.0,SIN_CANDIDATO_DE_CONTACTO,0.0,SIN_CANDIDATO_DE_CONTACTO,0,SIN_MATCH,SIN_MATCH,False,SIN_MATCH,0.0,SIN_MATCH,0.0,0.0,0.0,0.0,0.0,0.0,0.0,0.0,0,NO_APLICA
ft_sal_005915,SIN_MATCH,0.0,SIN_CANDIDATO_DE_CONTACTO,0.0,SIN_CANDIDATO_DE_CONTACTO,0,SIN_MATCH,SIN_MATCH,False,SIN_MATCH,0.0,SIN_MATCH,0.0,0.0,0.0,0.0,0.0,0.0,0.0,0.0,0,NO_APLICA
ft_sal_005916,SIN_MATCH,0.0,SIN_CANDIDATO_DE_CONTACTO,0.0,SIN_CANDIDATO_DE_CONTACTO,0,SIN_MATCH,SIN_MATCH,False,SIN_MATCH,0.0,SIN_MATCH,0.0,0.0,0.0,0.0,0.0,0.0,0.0,0.0,0,NO_APLICA
ft_sal_005917,SIN_MATCH,0.0,SIN_CANDIDATO_DE_CONTACTO,0.0,SIN_CANDIDATO_DE_CONTACTO,0,SIN_MATCH,SIN_MATCH,False,SIN_MATCH,0.0,SIN_MATCH,0.0,0.0,0.0,0.0,0.0,0.0,0.0,0.0,0,NO_APLICA
ft_sal_005925,SIN_MATCH,0.0,SIN_CANDIDATO_DE_CONTACTO,0.0,SIN_CANDIDATO_DE_CONTACTO,0,SIN_MATCH,SIN_MATCH,False,SIN_MATCH,0.0,SIN_MATCH,0.0,0.0,0.0,0.0,0.0,0.0,0.0,0.0,0,NO_APLICA
ft_sal_005926,SIN_MATCH,0.0,SIN_CANDIDATO_DE_CONTACTO,0.0,SIN_CANDIDATO_DE_CONTACTO,0,SIN_MATCH,SIN_MATCH,False,SIN_MATCH,0.0,SIN_MATCH,0.0,0.0,0.0,0.0,0.0,0.0,0.0,0.0,0,NO_APLICA
ft_sal_005927,SIN_MATCH,0.0,SIN_CANDIDATO_DE_CONTACTO,0.0,SIN_CANDIDATO_DE_CONTACTO,0,SIN_MATCH,SIN_MATCH,False,SIN_MATCH,0.0,SIN_MATCH,0.0,0.0,0.0,0.0,0.0,0.0,0.0,0.0,0,NO_APLICA
ft_sal_005929,SIN_MATCH,0.0,SIN_CANDIDATO_DE_CONTACTO,0.0,SIN_CANDIDATO_DE_CONTACTO,0,SIN_MATCH,SIN_MATCH,False,SIN_MATCH,0.0,SIN_MATCH,0.0,0.0,0.0,0.0,0.0,0.0,0.0,0.0,0,NO_APLICA
ft_sal_005930,SIN_MATCH,0.0,SIN_CANDIDATO_DE_CONTACTO,0.0,SIN_CANDIDATO_DE_CONTACTO,0,SIN_MATCH,SIN_MATCH,False,SIN_MATCH,0.0,SIN_MATCH,0.0,0.0,0.0,0.0,0.0,0.0,0.0,0.0,0,NO_APLICA
ft_sal_005935,SIN_MATCH,0.0,SIN_CANDIDATO_DE_CONTACTO,0.0,SIN_CANDIDATO_DE_CONTACTO,0,SIN_MATCH,SIN_MATCH,False,SIN_MATCH,0.0,SIN_MATCH,0.0,0.0,0.0,0.0,0.0,0.0,0.0,0.0,0,NO_APLICA
ft_sal_005939,SIN_MATCH,0.0,SIN_CANDIDATO_DE_CONTACTO,0.0,SIN_CANDIDATO_DE_CONTACTO,0,SIN_MATCH,SIN_MATCH,False,SIN_MATCH,0.0,SIN_MATCH,0.0,0.0,0.0,0.0,0.0,0.0,0.0,0.0,0,NO_APLICA
ft_sal_005942,SIN_MATCH,0.0,SIN_CANDIDATO_DE_CONTACTO,0.0,SIN_CANDIDATO_DE_CONTACTO,0,SIN_MATCH,SIN_MATCH,False,SIN_MATCH,0.0,SIN_MATCH,0.0,0.0,0.0,0.0,0.0,0.0,0.0,0.0,0,NO_APLICA
ft_sal_005943,SIN_MATCH,0.0,SIN_CANDIDATO_DE_CONTACTO,0.0,SIN_CANDIDATO_DE_CONTACTO,0,SIN_MATCH,SIN_MATCH,False,SIN_MATCH,0.0,SIN_MATCH,0.0,0.0,0.0,0.0,0.0,0.0,0.0,0.0,0,NO_APLICA
ft_sal_005946,SIN_MATCH,0.0,SIN_CANDIDATO_DE_CONTACTO,0.0,SIN_CANDIDATO_DE_CONTACTO,0,SIN_MATCH,SIN_MATCH,False,SIN_MATCH,0.0,SIN_MATCH,0.0,0.0,0.0,0.0,0.0,0.0,0.0,0.0,0,NO_APLICA
ft_sal_005947,SIN_MATCH,0.0,SIN_CANDIDATO_DE_CONTACTO,0.0,SIN_CANDIDATO_DE_CONTACTO,0,SIN_MATCH,SIN_MATCH,False,SIN_MATCH,0.0,SIN_MATCH,0.0,0.0,0.0,0.0,0.0,0.0,0.0,0.0,0,NO_APLICA
ft_sal_005948,SIN_MATCH,0.0,SIN_CANDIDATO_DE_CONTACTO,0.0,SIN_CANDIDATO_DE_CONTACTO,0,SIN_MATCH,SIN_MATCH,False,SIN_MATCH,0.0,SIN_MATCH,0.0,0.0,0.0,0.0,0.0,0.0,0.0,0.0,0,NO_APLICA
ft_sal_005951,SIN_MATCH,0.0,SIN_CANDIDATO_DE_CONTACTO,0.0,SIN_CANDIDATO_DE_CONTACTO,0,SIN_MATCH,SIN_MATCH,False,SIN_MATCH,0.0,SIN_MATCH,0.0,0.0,0.0,0.0,0.0,0.0,0.0,0.0,0,NO_APLICA
ft_sal_005954,SIN_MATCH,0.0,SIN_CANDIDATO_DE_CONTACTO,0.0,SIN_CANDIDATO_DE_CONTACTO,0,SIN_MATCH,SIN_MATCH,False,SIN_MATCH,0.0,SIN_MATCH,0.0,0.0,0.0,0.0,0.0,0.0,0.0,0.0,0,NO_APLICA
ft_sal_005958,SIN_MATCH,0.0,SIN_CANDIDATO_DE_CONTACTO,0.0,SIN_CANDIDATO_DE_CONTACTO,0,SIN_MATCH,SIN_MATCH,False,SIN_MATCH,0.0,SIN_MATCH,0.0,0.0,0.0,0.0,0.0,0.0,0.0,0.0,0,NO_APLICA
ft_sal_005960,SIN_MATCH,0.0,EVIDENCIA_INSUFICIENTE,0.0,EVIDENCIA_INSUFICIENTE,1,bm_usr_001267,SIN_MATCH,False,bm_usr_001267,0.58,SIN_MATCH,0.0,0.0,0.0,0.0,0.58,1.0,0.0,0.3448,0,NO_APLICA
ft_sal_005965,SIN_MATCH,0.0,SIN_CANDIDATO_DE_CONTACTO,0.0,SIN_CANDIDATO_DE_CONTACTO,0,SIN_MATCH,SIN_MATCH,False,SIN_MATCH,0.0,SIN_MATCH,0.0,0.0,0.0,0.0,0.0,0.0,0.0,0.0,0,NO_APLICA
ft_sal_005969,SIN_MATCH,0.0,SIN_CANDIDATO_DE_CONTACTO,0.0,SIN_CANDIDATO_DE_CONTACTO,0,SIN_MATCH,SIN_MATCH,False,SIN_MATCH,0.0,SIN_MATCH,0.0,0.0,0.0,0.0,0.0,0.0,0.0,0.0,0,NO_APLICA
ft_sal_005971,SIN_MATCH,0.0,SIN_CANDIDATO_DE_CONTACTO,0.0,SIN_CANDIDATO_DE_CONTACTO,0,SIN_MATCH,SIN_MATCH,False,SIN_MATCH,0.0,SIN_MATCH,0.0,0.0,0.0,0.0,0.0,0.0,0.0,0.0,0,NO_APLICA
ft_sal_005973,SIN_MATCH,0.0,SIN_CANDIDATO_DE_CONTACTO,0.0,SIN_CANDIDATO_DE_CONTACTO,0,SIN_MATCH,SIN_MATCH,False,SIN_MATCH,0.0,SIN_MATCH,0.0,0.0,0.0,0.0,0.0,0.0,0.0,0.0,0,NO_APLICA
ft_sal_005976,SIN_MATCH,0.0,SIN_CANDIDATO_DE_CONTACTO,0.0,SIN_CANDIDATO_DE_CONTACTO,0,SIN_MATCH,SIN_MATCH,False,SIN_MATCH,0.0,SIN_MATCH,0.0,0.0,0.0,0.0,0.0,0.0,0.0,0.0,0,NO_APLICA
ft_sal_005979,SIN_MATCH,0.0,SIN_CANDIDATO_DE_CONTACTO,0.0,SIN_CANDIDATO_DE_CONTACTO,0,SIN_MATCH,SIN_MATCH,False,SIN_MATCH,0.0,SIN_MATCH,0.0,0.0,0.0,0.0,0.0,0.0,0.0,0.0,0,NO_APLICA
ft_sal_005980,SIN_MATCH,0.0,SIN_CANDIDATO_DE_CONTACTO,0.0,SIN_CANDIDATO_DE_CONTACTO,0,SIN_MATCH,SIN_MATCH,False,SIN_MATCH,0.0,SIN_MATCH,0.0,0.0,0.0,0.0,0.0,0.0,0.0,0.0,0,NO_APLICA
ft_sal_005981,SIN_MATCH,0.0,SIN_CANDIDATO_DE_CONTACTO,0.0,SIN_CANDIDATO_DE_CONTACTO,0,SIN_MATCH,SIN_MATCH,False,SIN_MATCH,0.0,SIN_MATCH,0.0,0.0,0.0,0.0,0.0,0.0,0.0,0.0,0,NO_APLICA
ft_sal_005982,SIN_MATCH,0.0,SIN_CANDIDATO_DE_CONTACTO,0.0,SIN_CANDIDATO_DE_CONTACTO,0,SIN_MATCH,SIN_MATCH,False,SIN_MATCH,0.0,SIN_MATCH,0.0,0.0,0.0,0.0,0.0,0.0,0.0,0.0,0,NO_APLICA
ft_sal_005983,SIN_MATCH,0.0,SIN_CANDIDATO_DE_CONTACTO,0.0,SIN_CANDIDATO_DE_CONTACTO,0,SIN_MATCH,SIN_MATCH,False,SIN_MATCH,0.0,SIN_MATCH,0.0,0.0,0.0,0.0,0.0,0.0,0.0,0.0,0,NO_APLICA
ft_sal_005984,SIN_MATCH,0.0,SIN_CANDIDATO_DE_CONTACTO,0.0,SIN_CANDIDATO_DE_CONTACTO,0,SIN_MATCH,SIN_MATCH,False,SIN_MATCH,0.0,SIN_MATCH,0.0,0.0,0.0,0.0,0.0,0.0,0.0,0.0,0,NO_APLICA
ft_sal_005985,SIN_MATCH,0.0,SIN_CANDIDATO_DE_CONTACTO,0.0,SIN_CANDIDATO_DE_CONTACTO,0,SIN_MATCH,SIN_MATCH,False,SIN_MATCH,0.0,SIN_MATCH,0.0,0.0,0.0,0.0,0.0,0.0,0.0,0.0,0,NO_APLICA
ft_sal_005987,SIN_MATCH,0.0,SIN_CANDIDATO_DE_CONTACTO,0.0,SIN_CANDIDATO_DE_CONTACTO,0,SIN_MATCH,SIN_MATCH,False,SIN_MATCH,0.0,SIN_MATCH,0.0,0.0,0.0,0.0,0.0,0.0,0.0,0.0,0,NO_APLICA
ft_sal_005994,SIN_MATCH,0.0,SIN_CANDIDATO_DE_CONTACTO,0.0,SIN_CANDIDATO_DE_CONTACTO,0,SIN_MATCH,SIN_MATCH,False,SIN_MATCH,0.0,SIN_MATCH,0.0,0.0,0.0,0.0,0.0,0.0,0.0,0.0,0,NO_APLICA
ft_sal_006002,SIN_MATCH,0.0,SIN_CANDIDATO_DE_CONTACTO,0.0,SIN_CANDIDATO_DE_CONTACTO,0,SIN_MATCH,SIN_MATCH,False,SIN_MATCH,0.0,SIN_MATCH,0.0,0.0,0.0,0.0,0.0,0.0,0.0,0.0,0,NO_APLICA
ft_sal_006004,SIN_MATCH,0.0,SIN_CANDIDATO_DE_CONTACTO,0.0,SIN_CANDIDATO_DE_CONTACTO,0,SIN_MATCH,SIN_MATCH,False,SIN_MATCH,0.0,SIN_MATCH,0.0,0.0,0.0,0.0,0.0,0.0,0.0,0.0,0,NO_APLICA
ft_sal_006005,SIN_MATCH,0.0,SIN_CANDIDATO_DE_CONTACTO,0.0,SIN_CANDIDATO_DE_CONTACTO,0,SIN_MATCH,SIN_MATCH,False,SIN_MATCH,0.0,SIN_MATCH,0.0,0.0,0.0,0.0,0.0,0.0,0.0,0.0,0,NO_APLICA
ft_sal_006010,SIN_MATCH,0.0,SIN_CANDIDATO_DE_CONTACTO,0.0,SIN_CANDIDATO_DE_CONTACTO,0,SIN_MATCH,SIN_MATCH,False,SIN_MATCH,0.0,SIN_MATCH,0.0,0.0,0.0,0.0,0.0,0.0,0.0,0.0,0,NO_APLICA
ft_sal_006012,SIN_MATCH,0.0,SIN_CANDIDATO_DE_CONTACTO,0.0,SIN_CANDIDATO_DE_CONTACTO,0,SIN_MATCH,SIN_MATCH,False,SIN_MATCH,0.0,SIN_MATCH,0.0,0.0,0.0,0.0,0.0,0.0,0.0,0.0,0,NO_APLICA
ft_sal_006019,SIN_MATCH,0.0,SIN_CANDIDATO_DE_CONTACTO,0.0,SIN_CANDIDATO_DE_CONTACTO,0,SIN_MATCH,SIN_MATCH,False,SIN_MATCH,0.0,SIN_MATCH,0.0,0.0,0.0,0.0,0.0,0.0,0.0,0.0,0,NO_APLICA
ft_sal_006027,SIN_MATCH,0.0,SIN_CANDIDATO_DE_CONTACTO,0.0,SIN_CANDIDATO_DE_CONTACTO,0,SIN_MATCH,SIN_MATCH,False,SIN_MATCH,0.0,SIN_MATCH,0.0,0.0,0.0,0.0,0.0,0.0,0.0,0.0,0,NO_APLICA
ft_sal_006032,SIN_MATCH,0.0,SIN_CANDIDATO_DE_CONTACTO,0.0,SIN_CANDIDATO_DE_CONTACTO,0,SIN_MATCH,SIN_MATCH,False,SIN_MATCH,0.0,SIN_MATCH,0.0,0.0,0.0,0.0,0.0,0.0,0.0,0.0,0,NO_APLICA
ft_sal_006035,SIN_MATCH,0.0,SIN_CANDIDATO_DE_CONTACTO,0.0,SIN_CANDIDATO_DE_CONTACTO,0,SIN_MATCH,SIN_MATCH,False,SIN_MATCH,0.0,SIN_MATCH,0.0,0.0,0.0,0.0,0.0,0.0,0.0,0.0,0,NO_APLICA
ft_sal_006036,SIN_MATCH,0.0,SIN_CANDIDATO_DE_CONTACTO,0.0,SIN_CANDIDATO_DE_CONTACTO,0,SIN_MATCH,SIN_MATCH,False,SIN_MATCH,0.0,SIN_MATCH,0.0,0.0,0.0,0.0,0.0,0.0,0.0,0.0,0,NO_APLICA
ft_sal_006037,SIN_MATCH,0.0,SIN_CANDIDATO_DE_CONTACTO,0.0,SIN_CANDIDATO_DE_CONTACTO,0,SIN_MATCH,SIN_MATCH,False,SIN_MATCH,0.0,SIN_MATCH,0.0,0.0,0.0,0.0,0.0,0.0,0.0,0.0,0,NO_APLICA
ft_sal_006038,SIN_MATCH,0.0,SIN_CANDIDATO_DE_CONTACTO,0.0,SIN_CANDIDATO_DE_CONTACTO,0,SIN_MATCH,SIN_MATCH,False,SIN_MATCH,0.0,SIN_MATCH,0.0,0.0,0.0,0.0,0.0,0.0,0.0,0.0,0,NO_APLICA
ft_sal_006042,SIN_MATCH,0.0,SIN_CANDIDATO_DE_CONTACTO,0.0,SIN_CANDIDATO_DE_CONTACTO,0,SIN_MATCH,SIN_MATCH,False,SIN_MATCH,0.0,SIN_MATCH,0.0,0.0,0.0,0.0,0.0,0.0,0.0,0.0,0,NO_APLICA
ft_sal_006046,SIN_MATCH,0.0,SIN_CANDIDATO_DE_CONTACTO,0.0,SIN_CANDIDATO_DE_CONTACTO,0,SIN_MATCH,SIN_MATCH,False,SIN_MATCH,0.0,SIN_MATCH,0.0,0.0,0.0,0.0,0.0,0.0,0.0,0.0,0,NO_APLICA
ft_sal_006049,SIN_MATCH,0.0,SIN_CANDIDATO_DE_CONTACTO,0.0,SIN_CANDIDATO_DE_CONTACTO,0,SIN_MATCH,SIN_MATCH,False,SIN_MATCH,0.0,SIN_MATCH,0.0,0.0,0.0,0.0,0.0,0.0,0.0,0.0,0,NO_APLICA
ft_sal_006052,SIN_MATCH,0.0,SIN_CANDIDATO_DE_CONTACTO,0.0,SIN_CANDIDATO_DE_CONTACTO,0,SIN_MATCH,SIN_MATCH,False,SIN_MATCH,0.0,SIN_MATCH,0.0,0.0,0.0,0.0,0.0,0.0,0.0,0.0,0,NO_APLICA
ft_sal_006053,SIN_MATCH,0.0,SIN_CANDIDATO_DE_CONTACTO,0.0,SIN_CANDIDATO_DE_CONTACTO,0,SIN_MATCH,SIN_MATCH,False,SIN_MATCH,0.0,SIN_MATCH,0.0,0.0,0.0,0.0,0.0,0.0,0.0,0.0,0,NO_APLICA
ft_sal_006054,SIN_MATCH,0.0,SIN_CANDIDATO_DE_CONTACTO,0.0,SIN_CANDIDATO_DE_CONTACTO,0,SIN_MATCH,SIN_MATCH,False,SIN_MATCH,0.0,SIN_MATCH,0.0,0.0,0.0,0.0,0.0,0.0,0.0,0.0,0,NO_APLICA
ft_sal_006055,SIN_MATCH,0.0,SIN_CANDIDATO_DE_CONTACTO,0.0,SIN_CANDIDATO_DE_CONTACTO,0,SIN_MATCH,SIN_MATCH,False,SIN_MATCH,0.0,SIN_MATCH,0.0,0.0,0.0,0.0,0.0,0.0,0.0,0.0,0,NO_APLICA
ft_sal_006056,SIN_MATCH,0.0,SIN_CANDIDATO_DE_CONTACTO,0.0,SIN_CANDIDATO_DE_CONTACTO,0,SIN_MATCH,SIN_MATCH,False,SIN_MATCH,0.0,SIN_MATCH,0.0,0.0,0.0,0.0,0.0,0.0,0.0,0.0,0,NO_APLICA
ft_sal_006057,SIN_MATCH,0.0,SIN_CANDIDATO_DE_CONTACTO,0.0,SIN_CANDIDATO_DE_CONTACTO,0,SIN_MATCH,SIN_MATCH,False,SIN_MATCH,0.0,SIN_MATCH,0.0,0.0,0.0,0.0,0.0,0.0,0.0,0.0,0,NO_APLICA
ft_sal_006061,SIN_MATCH,0.0,SIN_CANDIDATO_DE_CONTACTO,0.0,SIN_CANDIDATO_DE_CONTACTO,0,SIN_MATCH,SIN_MATCH,False,SIN_MATCH,0.0,SIN_MATCH,0.0,0.0,0.0,0.0,0.0,0.0,0.0,0.0,0,NO_APLICA
ft_sal_006067,SIN_MATCH,0.0,SIN_CANDIDATO_DE_CONTACTO,0.0,SIN_CANDIDATO_DE_CONTACTO,0,SIN_MATCH,SIN_MATCH,False,SIN_MATCH,0.0,SIN_MATCH,0.0,0.0,0.0,0.0,0.0,0.0,0.0,0.0,0,NO_APLICA
ft_sal_006069,SIN_MATCH,0.0,SIN_CANDIDATO_DE_CONTACTO,0.0,SIN_CANDIDATO_DE_CONTACTO,0,SIN_MATCH,SIN_MATCH,False,SIN_MATCH,0.0,SIN_MATCH,0.0,0.0,0.0,0.0,0.0,0.0,0.0,0.0,0,NO_APLICA
ft_sal_006072,SIN_MATCH,0.0,SIN_CANDIDATO_DE_CONTACTO,0.0,SIN_CANDIDATO_DE_CONTACTO,0,SIN_MATCH,SIN_MATCH,False,SIN_MATCH,0.0,SIN_MATCH,0.0,0.0,0.0,0.0,0.0,0.0,0.0,0.0,0,NO_APLICA
ft_sal_006073,SIN_MATCH,0.0,SIN_CANDIDATO_DE_CONTACTO,0.0,SIN_CANDIDATO_DE_CONTACTO,0,SIN_MATCH,SIN_MATCH,False,SIN_MATCH,0.0,SIN_MATCH,0.0,0.0,0.0,0.0,0.0,0.0,0.0,0.0,0,NO_APLICA
ft_sal_006074,SIN_MATCH,0.0,SIN_CANDIDATO_DE_CONTACTO,0.0,SIN_CANDIDATO_DE_CONTACTO,0,SIN_MATCH,SIN_MATCH,False,SIN_MATCH,0.0,SIN_MATCH,0.0,0.0,0.0,0.0,0.0,0.0,0.0,0.0,0,NO_APLICA
ft_sal_006075,SIN_MATCH,0.0,SIN_CANDIDATO_DE_CONTACTO,0.0,SIN_CANDIDATO_DE_CONTACTO,0,SIN_MATCH,SIN_MATCH,False,SIN_MATCH,0.0,SIN_MATCH,0.0,0.0,0.0,0.0,0.0,0.0,0.0,0.0,0,NO_APLICA
ft_sal_006079,SIN_MATCH,0.0,SIN_CANDIDATO_DE_CONTACTO,0.0,SIN_CANDIDATO_DE_CONTACTO,0,SIN_MATCH,SIN_MATCH,False,SIN_MATCH,0.0,SIN_MATCH,0.0,0.0,0.0,0.0,0.0,0.0,0.0,0.0,0,NO_APLICA
ft_sal_006081,SIN_MATCH,0.0,SIN_CANDIDATO_DE_CONTACTO,0.0,SIN_CANDIDATO_DE_CONTACTO,0,SIN_MATCH,SIN_MATCH,False,SIN_MATCH,0.0,SIN_MATCH,0.0,0.0,0.0,0.0,0.0,0.0,0.0,0.0,0,NO_APLICA
ft_sal_006082,SIN_MATCH,0.0,SIN_CANDIDATO_DE_CONTACTO,0.0,SIN_CANDIDATO_DE_CONTACTO,0,SIN_MATCH,SIN_MATCH,False,SIN_MATCH,0.0,SIN_MATCH,0.0,0.0,0.0,0.0,0.0,0.0,0.0,0.0,0,NO_APLICA
ft_sal_006084,SIN_MATCH,0.0,SIN_CANDIDATO_DE_CONTACTO,0.0,SIN_CANDIDATO_DE_CONTACTO,0,SIN_MATCH,SIN_MATCH,False,SIN_MATCH,0.0,SIN_MATCH,0.0,0.0,0.0,0.0,0.0,0.0,0.0,0.0,0,NO_APLICA
ft_sal_006090,SIN_MATCH,0.0,SIN_CANDIDATO_DE_CONTACTO,0.0,SIN_CANDIDATO_DE_CONTACTO,0,SIN_MATCH,SIN_MATCH,False,SIN_MATCH,0.0,SIN_MATCH,0.0,0.0,0.0,0.0,0.0,0.0,0.0,0.0,0,NO_APLICA
ft_sal_006094,SIN_MATCH,0.0,SIN_CANDIDATO_DE_CONTACTO,0.0,SIN_CANDIDATO_DE_CONTACTO,0,SIN_MATCH,SIN_MATCH,False,SIN_MATCH,0.0,SIN_MATCH,0.0,0.0,0.0,0.0,0.0,0.0,0.0,0.0,0,NO_APLICA
ft_sal_006095,SIN_MATCH,0.0,SIN_CANDIDATO_DE_CONTACTO,0.0,SIN_CANDIDATO_DE_CONTACTO,0,SIN_MATCH,SIN_MATCH,False,SIN_MATCH,0.0,SIN_MATCH,0.0,0.0,0.0,0.0,0.0,0.0,0.0,0.0,0,NO_APLICA
ft_sal_006097,SIN_MATCH,0.0,SIN_CANDIDATO_DE_CONTACTO,0.0,SIN_CANDIDATO_DE_CONTACTO,0,SIN_MATCH,SIN_MATCH,False,SIN_MATCH,0.0,SIN_MATCH,0.0,0.0,0.0,0.0,0.0,0.0,0.0,0.0,0,NO_APLICA
ft_sal_006099,SIN_MATCH,0.0,SIN_CANDIDATO_DE_CONTACTO,0.0,SIN_CANDIDATO_DE_CONTACTO,0,SIN_MATCH,SIN_MATCH,False,SIN_MATCH,0.0,SIN_MATCH,0.0,0.0,0.0,0.0,0.0,0.0,0.0,0.0,0,NO_APLICA
ft_sal_006100,SIN_MATCH,0.0,SIN_CANDIDATO_DE_CONTACTO,0.0,SIN_CANDIDATO_DE_CONTACTO,0,SIN_MATCH,SIN_MATCH,False,SIN_MATCH,0.0,SIN_MATCH,0.0,0.0,0.0,0.0,0.0,0.0,0.0,0.0,0,NO_APLICA
ft_sal_006101,SIN_MATCH,0.0,SIN_CANDIDATO_DE_CONTACTO,0.0,SIN_CANDIDATO_DE_CONTACTO,0,SIN_MATCH,SIN_MATCH,False,SIN_MATCH,0.0,SIN_MATCH,0.0,0.0,0.0,0.0,0.0,0.0,0.0,0.0,0,NO_APLICA
ft_sal_006106,SIN_MATCH,0.0,SIN_CANDIDATO_DE_CONTACTO,0.0,SIN_CANDIDATO_DE_CONTACTO,0,SIN_MATCH,SIN_MATCH,False,SIN_MATCH,0.0,SIN_MATCH,0.0,0.0,0.0,0.0,0.0,0.0,0.0,0.0,0,NO_APLICA
ft_sal_006110,SIN_MATCH,0.0,SIN_CANDIDATO_DE_CONTACTO,0.0,SIN_CANDIDATO_DE_CONTACTO,0,SIN_MATCH,SIN_MATCH,False,SIN_MATCH,0.0,SIN_MATCH,0.0,0.0,0.0,0.0,0.0,0.0,0.0,0.0,0,NO_APLICA
ft_sal_006111,SIN_MATCH,0.0,SIN_CANDIDATO_DE_CONTACTO,0.0,SIN_CANDIDATO_DE_CONTACTO,0,SIN_MATCH,SIN_MATCH,False,SIN_MATCH,0.0,SIN_MATCH,0.0,0.0,0.0,0.0,0.0,0.0,0.0,0.0,0,NO_APLICA
ft_sal_006112,SIN_MATCH,0.0,SIN_CANDIDATO_DE_CONTACTO,0.0,SIN_CANDIDATO_DE_CONTACTO,0,SIN_MATCH,SIN_MATCH,False,SIN_MATCH,0.0,SIN_MATCH,0.0,0.0,0.0,0.0,0.0,0.0,0.0,0.0,0,NO_APLICA
ft_sal_006117,SIN_MATCH,0.0,SIN_CANDIDATO_DE_CONTACTO,0.0,SIN_CANDIDATO_DE_CONTACTO,0,SIN_MATCH,SIN_MATCH,False,SIN_MATCH,0.0,SIN_MATCH,0.0,0.0,0.0,0.0,0.0,0.0,0.0,0.0,0,NO_APLICA
ft_sal_006119,SIN_MATCH,0.0,SIN_CANDIDATO_DE_CONTACTO,0.0,SIN_CANDIDATO_DE_CONTACTO,0,SIN_MATCH,SIN_MATCH,False,SIN_MATCH,0.0,SIN_MATCH,0.0,0.0,0.0,0.0,0.0,0.0,0.0,0.0,0,NO_APLICA
ft_sal_006120,SIN_MATCH,0.0,SIN_CANDIDATO_DE_CONTACTO,0.0,SIN_CANDIDATO_DE_CONTACTO,0,SIN_MATCH,SIN_MATCH,False,SIN_MATCH,0.0,SIN_MATCH,0.0,0.0,0.0,0.0,0.0,0.0,0.0,0.0,0,NO_APLICA
ft_sal_006125,SIN_MATCH,0.0,SIN_CANDIDATO_DE_CONTACTO,0.0,SIN_CANDIDATO_DE_CONTACTO,0,SIN_MATCH,SIN_MATCH,False,SIN_MATCH,0.0,SIN_MATCH,0.0,0.0,0.0,0.0,0.0,0.0,0.0,0.0,0,NO_APLICA
ft_sal_006133,SIN_MATCH,0.0,SIN_CANDIDATO_DE_CONTACTO,0.0,SIN_CANDIDATO_DE_CONTACTO,0,SIN_MATCH,SIN_MATCH,False,SIN_MATCH,0.0,SIN_MATCH,0.0,0.0,0.0,0.0,0.0,0.0,0.0,0.0,0,NO_APLICA
ft_sal_006137,SIN_MATCH,0.0,SIN_CANDIDATO_DE_CONTACTO,0.0,SIN_CANDIDATO_DE_CONTACTO,0,SIN_MATCH,SIN_MATCH,False,SIN_MATCH,0.0,SIN_MATCH,0.0,0.0,0.0,0.0,0.0,0.0,0.0,0.0,0,NO_APLICA
ft_sal_006139,SIN_MATCH,0.0,SIN_CANDIDATO_DE_CONTACTO,0.0,SIN_CANDIDATO_DE_CONTACTO,0,SIN_MATCH,SIN_MATCH,False,SIN_MATCH,0.0,SIN_MATCH,0.0,0.0,0.0,0.0,0.0,0.0,0.0,0.0,0,NO_APLICA
ft_sal_006140,SIN_MATCH,0.0,SIN_CANDIDATO_DE_CONTACTO,0.0,SIN_CANDIDATO_DE_CONTACTO,0,SIN_MATCH,SIN_MATCH,False,SIN_MATCH,0.0,SIN_MATCH,0.0,0.0,0.0,0.0,0.0,0.0,0.0,0.0,0,NO_APLICA
ft_sal_006142,SIN_MATCH,0.0,SIN_CANDIDATO_DE_CONTACTO,0.0,SIN_CANDIDATO_DE_CONTACTO,0,SIN_MATCH,SIN_MATCH,False,SIN_MATCH,0.0,SIN_MATCH,0.0,0.0,0.0,0.0,0.0,0.0,0.0,0.0,0,NO_APLICA
ft_sal_006144,SIN_MATCH,0.0,SIN_CANDIDATO_DE_CONTACTO,0.0,SIN_CANDIDATO_DE_CONTACTO,0,SIN_MATCH,SIN_MATCH,False,SIN_MATCH,0.0,SIN_MATCH,0.0,0.0,0.0,0.0,0.0,0.0,0.0,0.0,0,NO_APLICA
ft_sal_006152,SIN_MATCH,0.0,SIN_CANDIDATO_DE_CONTACTO,0.0,SIN_CANDIDATO_DE_CONTACTO,0,SIN_MATCH,SIN_MATCH,False,SIN_MATCH,0.0,SIN_MATCH,0.0,0.0,0.0,0.0,0.0,0.0,0.0,0.0,0,NO_APLICA
ft_sal_006153,SIN_MATCH,0.0,SIN_CANDIDATO_DE_CONTACTO,0.0,SIN_CANDIDATO_DE_CONTACTO,0,SIN_MATCH,SIN_MATCH,False,SIN_MATCH,0.0,SIN_MATCH,0.0,0.0,0.0,0.0,0.0,0.0,0.0,0.0,0,NO_APLICA
ft_sal_006159,SIN_MATCH,0.0,SIN_CANDIDATO_DE_CONTACTO,0.0,SIN_CANDIDATO_DE_CONTACTO,0,SIN_MATCH,SIN_MATCH,False,SIN_MATCH,0.0,SIN_MATCH,0.0,0.0,0.0,0.0,0.0,0.0,0.0,0.0,0,NO_APLICA
ft_sal_006173,SIN_MATCH,0.0,SIN_CANDIDATO_DE_CONTACTO,0.0,SIN_CANDIDATO_DE_CONTACTO,0,SIN_MATCH,SIN_MATCH,False,SIN_MATCH,0.0,SIN_MATCH,0.0,0.0,0.0,0.0,0.0,0.0,0.0,0.0,0,NO_APLICA
ft_sal_006176,SIN_MATCH,0.0,SIN_CANDIDATO_DE_CONTACTO,0.0,SIN_CANDIDATO_DE_CONTACTO,0,SIN_MATCH,SIN_MATCH,False,SIN_MATCH,0.0,SIN_MATCH,0.0,0.0,0.0,0.0,0.0,0.0,0.0,0.0,0,NO_APLICA
ft_sal_006179,SIN_MATCH,0.0,SIN_CANDIDATO_DE_CONTACTO,0.0,SIN_CANDIDATO_DE_CONTACTO,0,SIN_MATCH,SIN_MATCH,False,SIN_MATCH,0.0,SIN_MATCH,0.0,0.0,0.0,0.0,0.0,0.0,0.0,0.0,0,NO_APLICA
ft_sal_006181,SIN_MATCH,0.0,SIN_CANDIDATO_DE_CONTACTO,0.0,SIN_CANDIDATO_DE_CONTACTO,0,SIN_MATCH,SIN_MATCH,False,SIN_MATCH,0.0,SIN_MATCH,0.0,0.0,0.0,0.0,0.0,0.0,0.0,0.0,0,NO_APLICA
ft_sal_006182,SIN_MATCH,0.0,SIN_CANDIDATO_DE_CONTACTO,0.0,SIN_CANDIDATO_DE_CONTACTO,0,SIN_MATCH,SIN_MATCH,False,SIN_MATCH,0.0,SIN_MATCH,0.0,0.0,0.0,0.0,0.0,0.0,0.0,0.0,0,NO_APLICA
ft_sal_006184,SIN_MATCH,0.0,SIN_CANDIDATO_DE_CONTACTO,0.0,SIN_CANDIDATO_DE_CONTACTO,0,SIN_MATCH,SIN_MATCH,False,SIN_MATCH,0.0,SIN_MATCH,0.0,0.0,0.0,0.0,0.0,0.0,0.0,0.0,0,NO_APLICA
ft_sal_006187,SIN_MATCH,0.0,SIN_CANDIDATO_DE_CONTACTO,0.0,SIN_CANDIDATO_DE_CONTACTO,0,SIN_MATCH,SIN_MATCH,False,SIN_MATCH,0.0,SIN_MATCH,0.0,0.0,0.0,0.0,0.0,0.0,0.0,0.0,0,NO_APLICA
ft_sal_006188,SIN_MATCH,0.0,SIN_CANDIDATO_DE_CONTACTO,0.0,SIN_CANDIDATO_DE_CONTACTO,0,SIN_MATCH,SIN_MATCH,False,SIN_MATCH,0.0,SIN_MATCH,0.0,0.0,0.0,0.0,0.0,0.0,0.0,0.0,0,NO_APLICA
ft_sal_006189,SIN_MATCH,0.0,SIN_CANDIDATO_DE_CONTACTO,0.0,SIN_CANDIDATO_DE_CONTACTO,0,SIN_MATCH,SIN_MATCH,False,SIN_MATCH,0.0,SIN_MATCH,0.0,0.0,0.0,0.0,0.0,0.0,0.0,0.0,0,NO_APLICA
ft_sal_006198,SIN_MATCH,0.0,SIN_CANDIDATO_DE_CONTACTO,0.0,SIN_CANDIDATO_DE_CONTACTO,0,SIN_MATCH,SIN_MATCH,False,SIN_MATCH,0.0,SIN_MATCH,0.0,0.0,0.0,0.0,0.0,0.0,0.0,0.0,0,NO_APLICA
ft_sal_006202,SIN_MATCH,0.0,SIN_CANDIDATO_DE_CONTACTO,0.0,SIN_CANDIDATO_DE_CONTACTO,0,SIN_MATCH,SIN_MATCH,False,SIN_MATCH,0.0,SIN_MATCH,0.0,0.0,0.0,0.0,0.0,0.0,0.0,0.0,0,NO_APLICA
ft_sal_006204,SIN_MATCH,0.0,SIN_CANDIDATO_DE_CONTACTO,0.0,SIN_CANDIDATO_DE_CONTACTO,0,SIN_MATCH,SIN_MATCH,False,SIN_MATCH,0.0,SIN_MATCH,0.0,0.0,0.0,0.0,0.0,0.0,0.0,0.0,0,NO_APLICA
ft_sal_006208,SIN_MATCH,0.0,SIN_CANDIDATO_DE_CONTACTO,0.0,SIN_CANDIDATO_DE_CONTACTO,0,SIN_MATCH,SIN_MATCH,False,SIN_MATCH,0.0,SIN_MATCH,0.0,0.0,0.0,0.0,0.0,0.0,0.0,0.0,0,NO_APLICA
ft_sal_006212,SIN_MATCH,0.0,SIN_CANDIDATO_DE_CONTACTO,0.0,SIN_CANDIDATO_DE_CONTACTO,0,SIN_MATCH,SIN_MATCH,False,SIN_MATCH,0.0,SIN_MATCH,0.0,0.0,0.0,0.0,0.0,0.0,0.0,0.0,0,NO_APLICA
ft_sal_006213,SIN_MATCH,0.0,SIN_CANDIDATO_DE_CONTACTO,0.0,SIN_CANDIDATO_DE_CONTACTO,0,SIN_MATCH,SIN_MATCH,False,SIN_MATCH,0.0,SIN_MATCH,0.0,0.0,0.0,0.0,0.0,0.0,0.0,0.0,0,NO_APLICA
ft_sal_006217,SIN_MATCH,0.0,AMBIGUO,0.0,AMBIGUO,2,bm_usr_002976,bm_usr_000298,True,bm_usr_002976,0.91,bm_usr_000298,0.91,0.0,1.0,0.84,0.0,1.0,0.0,0.84,0,NO_APLICA
ft_sal_006218,SIN_MATCH,0.0,SIN_CANDIDATO_DE_CONTACTO,0.0,SIN_CANDIDATO_DE_CONTACTO,0,SIN_MATCH,SIN_MATCH,False,SIN_MATCH,0.0,SIN_MATCH,0.0,0.0,0.0,0.0,0.0,0.0,0.0,0.0,0,NO_APLICA
ft_sal_006220,SIN_MATCH,0.0,SIN_CANDIDATO_DE_CONTACTO,0.0,SIN_CANDIDATO_DE_CONTACTO,0,SIN_MATCH,SIN_MATCH,False,SIN_MATCH,0.0,SIN_MATCH,0.0,0.0,0.0,0.0,0.0,0.0,0.0,0.0,0,NO_APLICA
ft_sal_006222,SIN_MATCH,0.0,SIN_CANDIDATO_DE_CONTACTO,0.0,SIN_CANDIDATO_DE_CONTACTO,0,SIN_MATCH,SIN_MATCH,False,SIN_MATCH,0.0,SIN_MATCH,0.0,0.0,0.0,0.0,0.0,0.0,0.0,0.0,0,NO_APLICA
ft_sal_006227,SIN_MATCH,0.0,EVIDENCIA_INSUFICIENTE,0.0,EVIDENCIA_INSUFICIENTE,1,bm_usr_003393,SIN_MATCH,False,bm_usr_003393,0.58,SIN_MATCH,0.0,0.0,0.0,0.0,0.58,1.0,0.0,0.4762,0,NO_APLICA
ft_sal_006230,SIN_MATCH,0.0,SIN_CANDIDATO_DE_CONTACTO,0.0,SIN_CANDIDATO_DE_CONTACTO,0,SIN_MATCH,SIN_MATCH,False,SIN_MATCH,0.0,SIN_MATCH,0.0,0.0,0.0,0.0,0.0,0.0,0.0,0.0,0,NO_APLICA
ft_sal_006235,SIN_MATCH,0.0,SIN_CANDIDATO_DE_CONTACTO,0.0,SIN_CANDIDATO_DE_CONTACTO,0,SIN_MATCH,SIN_MATCH,False,SIN_MATCH,0.0,SIN_MATCH,0.0,0.0,0.0,0.0,0.0,0.0,0.0,0.0,0,NO_APLICA
ft_sal_006237,SIN_MATCH,0.0,SIN_CANDIDATO_DE_CONTACTO,0.0,SIN_CANDIDATO_DE_CONTACTO,0,SIN_MATCH,SIN_MATCH,False,SIN_MATCH,0.0,SIN_MATCH,0.0,0.0,0.0,0.0,0.0,0.0,0.0,0.0,0,NO_APLICA
ft_sal_006242,SIN_MATCH,0.0,SIN_CANDIDATO_DE_CONTACTO,0.0,SIN_CANDIDATO_DE_CONTACTO,0,SIN_MATCH,SIN_MATCH,False,SIN_MATCH,0.0,SIN_MATCH,0.0,0.0,0.0,0.0,0.0,0.0,0.0,0.0,0,NO_APLICA
ft_sal_006243,SIN_MATCH,0.0,SIN_CANDIDATO_DE_CONTACTO,0.0,SIN_CANDIDATO_DE_CONTACTO,0,SIN_MATCH,SIN_MATCH,False,SIN_MATCH,0.0,SIN_MATCH,0.0,0.0,0.0,0.0,0.0,0.0,0.0,0.0,0,NO_APLICA
ft_sal_006247,SIN_MATCH,0.0,SIN_CANDIDATO_DE_CONTACTO,0.0,SIN_CANDIDATO_DE_CONTACTO,0,SIN_MATCH,SIN_MATCH,False,SIN_MATCH,0.0,SIN_MATCH,0.0,0.0,0.0,0.0,0.0,0.0,0.0,0.0,0,NO_APLICA
ft_sal_006249,SIN_MATCH,0.0,SIN_CANDIDATO_DE_CONTACTO,0.0,SIN_CANDIDATO_DE_CONTACTO,0,SIN_MATCH,SIN_MATCH,False,SIN_MATCH,0.0,SIN_MATCH,0.0,0.0,0.0,0.0,0.0,0.0,0.0,0.0,0,NO_APLICA
ft_sal_006250,SIN_MATCH,0.0,SIN_CANDIDATO_DE_CONTACTO,0.0,SIN_CANDIDATO_DE_CONTACTO,0,SIN_MATCH,SIN_MATCH,False,SIN_MATCH,0.0,SIN_MATCH,0.0,0.0,0.0,0.0,0.0,0.0,0.0,0.0,0,NO_APLICA
ft_sal_006252,SIN_MATCH,0.0,SIN_CANDIDATO_DE_CONTACTO,0.0,SIN_CANDIDATO_DE_CONTACTO,0,SIN_MATCH,SIN_MATCH,False,SIN_MATCH,0.0,SIN_MATCH,0.0,0.0,0.0,0.0,0.0,0.0,0.0,0.0,0,NO_APLICA
ft_sal_006260,SIN_MATCH,0.0,SIN_CANDIDATO_DE_CONTACTO,0.0,SIN_CANDIDATO_DE_CONTACTO,0,SIN_MATCH,SIN_MATCH,False,SIN_MATCH,0.0,SIN_MATCH,0.0,0.0,0.0,0.0,0.0,0.0,0.0,0.0,0,NO_APLICA
ft_sal_006265,SIN_MATCH,0.0,SIN_CANDIDATO_DE_CONTACTO,0.0,SIN_CANDIDATO_DE_CONTACTO,0,SIN_MATCH,SIN_MATCH,False,SIN_MATCH,0.0,SIN_MATCH,0.0,0.0,0.0,0.0,0.0,0.0,0.0,0.0,0,NO_APLICA
ft_sal_006267,SIN_MATCH,0.0,SIN_CANDIDATO_DE_CONTACTO,0.0,SIN_CANDIDATO_DE_CONTACTO,0,SIN_MATCH,SIN_MATCH,False,SIN_MATCH,0.0,SIN_MATCH,0.0,0.0,0.0,0.0,0.0,0.0,0.0,0.0,0,NO_APLICA
ft_sal_006268,SIN_MATCH,0.0,SIN_CANDIDATO_DE_CONTACTO,0.0,SIN_CANDIDATO_DE_CONTACTO,0,SIN_MATCH,SIN_MATCH,False,SIN_MATCH,0.0,SIN_MATCH,0.0,0.0,0.0,0.0,0.0,0.0,0.0,0.0,0,NO_APLICA
ft_sal_006272,SIN_MATCH,0.0,SIN_CANDIDATO_DE_CONTACTO,0.0,SIN_CANDIDATO_DE_CONTACTO,0,SIN_MATCH,SIN_MATCH,False,SIN_MATCH,0.0,SIN_MATCH,0.0,0.0,0.0,0.0,0.0,0.0,0.0,0.0,0,NO_APLICA
ft_sal_006273,SIN_MATCH,0.0,SIN_CANDIDATO_DE_CONTACTO,0.0,SIN_CANDIDATO_DE_CONTACTO,0,SIN_MATCH,SIN_MATCH,False,SIN_MATCH,0.0,SIN_MATCH,0.0,0.0,0.0,0.0,0.0,0.0,0.0,0.0,0,NO_APLICA
ft_sal_006274,SIN_MATCH,0.0,EVIDENCIA_INSUFICIENTE,0.0,EVIDENCIA_INSUFICIENTE,1,bm_usr_001126,SIN_MATCH,False,bm_usr_001126,0.58,SIN_MATCH,0.0,0.0,0.0,0.0,0.58,1.0,0.0,0.2857,0,NO_APLICA
ft_sal_006275,SIN_MATCH,0.0,SIN_CANDIDATO_DE_CONTACTO,0.0,SIN_CANDIDATO_DE_CONTACTO,0,SIN_MATCH,SIN_MATCH,False,SIN_MATCH,0.0,SIN_MATCH,0.0,0.0,0.0,0.0,0.0,0.0,0.0,0.0,0,NO_APLICA
ft_sal_006276,SIN_MATCH,0.0,SIN_CANDIDATO_DE_CONTACTO,0.0,SIN_CANDIDATO_DE_CONTACTO,0,SIN_MATCH,SIN_MATCH,False,SIN_MATCH,0.0,SIN_MATCH,0.0,0.0,0.0,0.0,0.0,0.0,0.0,0.0,0,NO_APLICA
ft_sal_006277,SIN_MATCH,0.0,SIN_CANDIDATO_DE_CONTACTO,0.0,SIN_CANDIDATO_DE_CONTACTO,0,SIN_MATCH,SIN_MATCH,False,SIN_MATCH,0.0,SIN_MATCH,0.0,0.0,0.0,0.0,0.0,0.0,0.0,0.0,0,NO_APLICA
ft_sal_006278,SIN_MATCH,0.0,SIN_CANDIDATO_DE_CONTACTO,0.0,SIN_CANDIDATO_DE_CONTACTO,0,SIN_MATCH,SIN_MATCH,False,SIN_MATCH,0.0,SIN_MATCH,0.0,0.0,0.0,0.0,0.0,0.0,0.0,0.0,0,NO_APLICA
ft_sal_006282,SIN_MATCH,0.0,SIN_CANDIDATO_DE_CONTACTO,0.0,SIN_CANDIDATO_DE_CONTACTO,0,SIN_MATCH,SIN_MATCH,False,SIN_MATCH,0.0,SIN_MATCH,0.0,0.0,0.0,0.0,0.0,0.0,0.0,0.0,0,NO_APLICA
ft_sal_006290,SIN_MATCH,0.0,SIN_CANDIDATO_DE_CONTACTO,0.0,SIN_CANDIDATO_DE_CONTACTO,0,SIN_MATCH,SIN_MATCH,False,SIN_MATCH,0.0,SIN_MATCH,0.0,0.0,0.0,0.0,0.0,0.0,0.0,0.0,0,NO_APLICA
ft_sal_006292,SIN_MATCH,0.0,SIN_CANDIDATO_DE_CONTACTO,0.0,SIN_CANDIDATO_DE_CONTACTO,0,SIN_MATCH,SIN_MATCH,False,SIN_MATCH,0.0,SIN_MATCH,0.0,0.0,0.0,0.0,0.0,0.0,0.0,0.0,0,NO_APLICA
ft_sal_006295,SIN_MATCH,0.0,SIN_CANDIDATO_DE_CONTACTO,0.0,SIN_CANDIDATO_DE_CONTACTO,0,SIN_MATCH,SIN_MATCH,False,SIN_MATCH,0.0,SIN_MATCH,0.0,0.0,0.0,0.0,0.0,0.0,0.0,0.0,0,NO_APLICA
ft_sal_006298,SIN_MATCH,0.0,SIN_CANDIDATO_DE_CONTACTO,0.0,SIN_CANDIDATO_DE_CONTACTO,0,SIN_MATCH,SIN_MATCH,False,SIN_MATCH,0.0,SIN_MATCH,0.0,0.0,0.0,0.0,0.0,0.0,0.0,0.0,0,NO_APLICA
ft_sal_006310,SIN_MATCH,0.0,SIN_CANDIDATO_DE_CONTACTO,0.0,SIN_CANDIDATO_DE_CONTACTO,0,SIN_MATCH,SIN_MATCH,False,SIN_MATCH,0.0,SIN_MATCH,0.0,0.0,0.0,0.0,0.0,0.0,0.0,0.0,0,NO_APLICA
ft_sal_006312,SIN_MATCH,0.0,SIN_CANDIDATO_DE_CONTACTO,0.0,SIN_CANDIDATO_DE_CONTACTO,0,SIN_MATCH,SIN_MATCH,False,SIN_MATCH,0.0,SIN_MATCH,0.0,0.0,0.0,0.0,0.0,0.0,0.0,0.0,0,NO_APLICA
ft_sal_006315,SIN_MATCH,0.0,SIN_CANDIDATO_DE_CONTACTO,0.0,SIN_CANDIDATO_DE_CONTACTO,0,SIN_MATCH,SIN_MATCH,False,SIN_MATCH,0.0,SIN_MATCH,0.0,0.0,0.0,0.0,0.0,0.0,0.0,0.0,0,NO_APLICA
ft_sal_006321,SIN_MATCH,0.0,SIN_CANDIDATO_DE_CONTACTO,0.0,SIN_CANDIDATO_DE_CONTACTO,0,SIN_MATCH,SIN_MATCH,False,SIN_MATCH,0.0,SIN_MATCH,0.0,0.0,0.0,0.0,0.0,0.0,0.0,0.0,0,NO_APLICA
ft_sal_006327,SIN_MATCH,0.0,SIN_CANDIDATO_DE_CONTACTO,0.0,SIN_CANDIDATO_DE_CONTACTO,0,SIN_MATCH,SIN_MATCH,False,SIN_MATCH,0.0,SIN_MATCH,0.0,0.0,0.0,0.0,0.0,0.0,0.0,0.0,0,NO_APLICA
ft_sal_006330,SIN_MATCH,0.0,SIN_CANDIDATO_DE_CONTACTO,0.0,SIN_CANDIDATO_DE_CONTACTO,0,SIN_MATCH,SIN_MATCH,False,SIN_MATCH,0.0,SIN_MATCH,0.0,0.0,0.0,0.0,0.0,0.0,0.0,0.0,0,NO_APLICA
ft_sal_006336,SIN_MATCH,0.0,SIN_CANDIDATO_DE_CONTACTO,0.0,SIN_CANDIDATO_DE_CONTACTO,0,SIN_MATCH,SIN_MATCH,False,SIN_MATCH,0.0,SIN_MATCH,0.0,0.0,0.0,0.0,0.0,0.0,0.0,0.0,0,NO_APLICA
ft_sal_006339,SIN_MATCH,0.0,SIN_CANDIDATO_DE_CONTACTO,0.0,SIN_CANDIDATO_DE_CONTACTO,0,SIN_MATCH,SIN_MATCH,False,SIN_MATCH,0.0,SIN_MATCH,0.0,0.0,0.0,0.0,0.0,0.0,0.0,0.0,0,NO_APLICA
ft_sal_006343,SIN_MATCH,0.0,SIN_CANDIDATO_DE_CONTACTO,0.0,SIN_CANDIDATO_DE_CONTACTO,0,SIN_MATCH,SIN_MATCH,False,SIN_MATCH,0.0,SIN_MATCH,0.0,0.0,0.0,0.0,0.0,0.0,0.0,0.0,0,NO_APLICA
ft_sal_006350,SIN_MATCH,0.0,SIN_CANDIDATO_DE_CONTACTO,0.0,SIN_CANDIDATO_DE_CONTACTO,0,SIN_MATCH,SIN_MATCH,False,SIN_MATCH,0.0,SIN_MATCH,0.0,0.0,0.0,0.0,0.0,0.0,0.0,0.0,0,NO_APLICA
ft_sal_006363,SIN_MATCH,0.0,SIN_CANDIDATO_DE_CONTACTO,0.0,SIN_CANDIDATO_DE_CONTACTO,0,SIN_MATCH,SIN_MATCH,False,SIN_MATCH,0.0,SIN_MATCH,0.0,0.0,0.0,0.0,0.0,0.0,0.0,0.0,0,NO_APLICA
ft_sal_006364,SIN_MATCH,0.0,SIN_CANDIDATO_DE_CONTACTO,0.0,SIN_CANDIDATO_DE_CONTACTO,0,SIN_MATCH,SIN_MATCH,False,SIN_MATCH,0.0,SIN_MATCH,0.0,0.0,0.0,0.0,0.0,0.0,0.0,0.0,0,NO_APLICA
ft_sal_006366,SIN_MATCH,0.0,SIN_CANDIDATO_DE_CONTACTO,0.0,SIN_CANDIDATO_DE_CONTACTO,0,SIN_MATCH,SIN_MATCH,False,SIN_MATCH,0.0,SIN_MATCH,0.0,0.0,0.0,0.0,0.0,0.0,0.0,0.0,0,NO_APLICA
ft_sal_006374,SIN_MATCH,0.0,SIN_CANDIDATO_DE_CONTACTO,0.0,SIN_CANDIDATO_DE_CONTACTO,0,SIN_MATCH,SIN_MATCH,False,SIN_MATCH,0.0,SIN_MATCH,0.0,0.0,0.0,0.0,0.0,0.0,0.0,0.0,0,NO_APLICA
ft_sal_006375,SIN_MATCH,0.0,SIN_CANDIDATO_DE_CONTACTO,0.0,SIN_CANDIDATO_DE_CONTACTO,0,SIN_MATCH,SIN_MATCH,False,SIN_MATCH,0.0,SIN_MATCH,0.0,0.0,0.0,0.0,0.0,0.0,0.0,0.0,0,NO_APLICA
ft_sal_006377,SIN_MATCH,0.0,SIN_CANDIDATO_DE_CONTACTO,0.0,SIN_CANDIDATO_DE_CONTACTO,0,SIN_MATCH,SIN_MATCH,False,SIN_MATCH,0.0,SIN_MATCH,0.0,0.0,0.0,0.0,0.0,0.0,0.0,0.0,0,NO_APLICA
ft_sal_006382,SIN_MATCH,0.0,SIN_CANDIDATO_DE_CONTACTO,0.0,SIN_CANDIDATO_DE_CONTACTO,0,SIN_MATCH,SIN_MATCH,False,SIN_MATCH,0.0,SIN_MATCH,0.0,0.0,0.0,0.0,0.0,0.0,0.0,0.0,0,NO_APLICA
ft_sal_006383,SIN_MATCH,0.0,SIN_CANDIDATO_DE_CONTACTO,0.0,SIN_CANDIDATO_DE_CONTACTO,0,SIN_MATCH,SIN_MATCH,False,SIN_MATCH,0.0,SIN_MATCH,0.0,0.0,0.0,0.0,0.0,0.0,0.0,0.0,0,NO_APLICA
