ticket_id,sale_id,event_id,ticket_type,checked_in,p_ticket_type_baseline,p_logistic_regression,p_catboost,p_xgboost
ft_tkt_0000001,ft_sal_000001,ft_evt_0027,PREFERENCIAL,1,0.9314496020944585,0.9635618186718615,0.9593010396416402,0.9658116102218628
ft_tkt_0000002,ft_sal_000001,ft_evt_0027,PREFERENCIAL,1,0.9314496020944585,0.9635618186718615,0.9593010396416402,0.9658116102218628
ft_tkt_0000003,ft_sal_000001,ft_evt_0027,PREFERENCIAL,1,0.9314496020944585,0.9635618186718615,0.9593010396416402,0.9658116102218628
ft_tkt_0000004,ft_sal_000002,ft_evt_0027,VIP,1,0.9362121140393361,0.9353522944393506,0.933240664558799,0.9206430912017822
ft_tkt_0000005,ft_sal_000003,ft_evt_0027,GENERAL,1,0.9352882500254978,0.9515784413293316,0.9413587507789054,0.9491583108901978
ft_tkt_0000006,ft_sal_000003,ft_evt_0027,GENERAL,1,0.9352882500254978,0.9515784413293316,0.9413587507789054,0.9491583108901978
ft_tkt_0000007,ft_sal_000003,ft_evt_0027,GENERAL,1,0.9352882500254978,0.9515784413293316,0.9413587507789054,0.9491583108901978
ft_tkt_0000008,ft_sal_000004,ft_evt_0027,GENERAL,1,0.9352882500254978,0.9737974708828169,0.9575122405588657,0.9427205920219421
ft_tkt_0000009,ft_sal_000005,ft_evt_0027,CORTESÍA,0,0.40252443406149635,0.5930323277473405,0.5478843545592038,0.6118362545967102
ft_tkt_0000010,ft_sal_000005,ft_evt_0027,CORTESÍA,1,0.40252443406149635,0.5930323277473405,0.5478843545592038,0.6118362545967102
ft_tkt_0000011,ft_sal_000006,ft_evt_0027,GENERAL,1,0.9352882500254978,0.9533537108148569,0.9387638388382801,0.9167653322219849
ft_tkt_0000012,ft_sal_000007,ft_evt_0027,GENERAL,1,0.9352882500254978,0.9299843650108721,0.9262790666781684,0.9354512095451355
ft_tkt_0000013,ft_sal_000008,ft_evt_0027,GENERAL,1,0.9352882500254978,0.9787188750480531,0.9702935542195561,0.9718469977378845
ft_tkt_0000014,ft_sal_000008,ft_evt_0027,GENERAL,1,0.9352882500254978,0.9787188750480531,0.9702935542195561,0.9718469977378845
ft_tkt_0000015,ft_sal_000009,ft_evt_0027,VIP,1,0.9362121140393361,0.9622376010458478,0.9450226498143316,0.9363489747047424
ft_tkt_0000016,ft_sal_000010,ft_evt_0027,GENERAL,0,0.9352882500254978,0.9545412720033668,0.9449021525934157,0.936222493648529
ft_tkt_0000017,ft_sal_000010,ft_evt_0027,GENERAL,1,0.9352882500254978,0.9545412720033668,0.9449021525934157,0.936222493648529
ft_tkt_0000018,ft_sal_000011,ft_evt_0027,GENERAL,1,0.9352882500254978,0.9397782409386812,0.9363740486863583,0.9450395703315735
ft_tkt_0000019,ft_sal_000012,ft_evt_0027,CORTESÍA,0,0.40252443406149635,0.5533974333027637,0.5494979181907903,0.569939911365509
ft_tkt_0000020,ft_sal_000013,ft_evt_0027,PREFERENCIAL,1,0.9314496020944585,0.9630109038894769,0.9450499546974804,0.9243886470794678
ft_tkt_0000021,ft_sal_000013,ft_evt_0027,PREFERENCIAL,1,0.9314496020944585,0.9630109038894769,0.9450499546974804,0.9243886470794678
ft_tkt_0000022,ft_sal_000014,ft_evt_0027,VIP,0,0.9362121140393361,0.9581424164887986,0.9434546298477614,0.9500212669372559
ft_tkt_0000023,ft_sal_000014,ft_evt_0027,VIP,0,0.9362121140393361,0.9581424164887986,0.9434546298477614,0.9500212669372559
ft_tkt_0000024,ft_sal_000014,ft_evt_0027,VIP,1,0.9362121140393361,0.9581424164887986,0.9434546298477614,0.9500212669372559
ft_tkt_0000025,ft_sal_000015,ft_evt_0027,PREFERENCIAL,1,0.9314496020944585,0.9603193163904549,0.9387380755014593,0.9539149403572083
ft_tkt_0000026,ft_sal_000015,ft_evt_0027,PREFERENCIAL,1,0.9314496020944585,0.9603193163904549,0.9387380755014593,0.9539149403572083
ft_tkt_0000027,ft_sal_000016,ft_evt_0027,GENERAL,1,0.9352882500254978,0.9562417749464941,0.9447594760066736,0.9600224494934082
ft_tkt_0000028,ft_sal_000017,ft_evt_0027,GENERAL,1,0.9352882500254978,0.9559516251425575,0.9447594760066736,0.960455060005188
ft_tkt_0000029,ft_sal_000018,ft_evt_0027,VIP,1,0.9362121140393361,0.9470308415010589,0.932550047794405,0.9135740995407104
ft_tkt_0000030,ft_sal_000019,ft_evt_0027,GENERAL,1,0.9352882500254978,0.9598059449465306,0.9432789864475768,0.9474619030952454
ft_tkt_0000031,ft_sal_000019,ft_evt_0027,GENERAL,1,0.9352882500254978,0.9598059449465306,0.9432789864475768,0.9474619030952454
ft_tkt_0000032,ft_sal_000019,ft_evt_0027,GENERAL,1,0.9352882500254978,0.9598059449465306,0.9432789864475768,0.9474619030952454
ft_tkt_0000033,ft_sal_000020,ft_evt_0027,CORTESÍA,0,0.40252443406149635,0.41182752477656803,0.39998804170850644,0.2913246750831604
ft_tkt_0000034,ft_sal_000020,ft_evt_0027,CORTESÍA,0,0.40252443406149635,0.41182752477656803,0.39998804170850644,0.2913246750831604
ft_tkt_0000035,ft_sal_000021,ft_evt_0027,GENERAL,1,0.9352882500254978,0.9328510573642573,0.9339234289129212,0.9494066834449768
ft_tkt_0000036,ft_sal_000022,ft_evt_0027,GENERAL,1,0.9352882500254978,0.9434655687404714,0.9365828090071281,0.9322915077209473
ft_tkt_0000037,ft_sal_000022,ft_evt_0027,GENERAL,1,0.9352882500254978,0.9434655687404714,0.9365828090071281,0.9322915077209473
ft_tkt_0000038,ft_sal_000022,ft_evt_0027,GENERAL,1,0.9352882500254978,0.9434655687404714,0.9365828090071281,0.9322915077209473
ft_tkt_0000039,ft_sal_000022,ft_evt_0027,GENERAL,1,0.9352882500254978,0.9434655687404714,0.9365828090071281,0.9322915077209473
ft_tkt_0000040,ft_sal_000023,ft_evt_0027,CORTESÍA,0,0.40252443406149635,0.5694516156894528,0.6112381210109625,0.7119234204292297
ft_tkt_0000041,ft_sal_000023,ft_evt_0027,CORTESÍA,1,0.40252443406149635,0.5694516156894528,0.6112381210109625,0.7119234204292297
ft_tkt_0000042,ft_sal_000024,ft_evt_0027,VIP,1,0.9362121140393361,0.9608892598539441,0.9435519562062937,0.9372840523719788
ft_tkt_0000043,ft_sal_000025,ft_evt_0027,CORTESÍA,0,0.40252443406149635,0.46457347537741855,0.4371081043345891,0.35705238580703735
ft_tkt_0000044,ft_sal_000025,ft_evt_0027,CORTESÍA,0,0.40252443406149635,0.46457347537741855,0.4371081043345891,0.35705238580703735
ft_tkt_0000045,ft_sal_000026,ft_evt_0027,GENERAL,1,0.9352882500254978,0.943918772363525,0.9309853255319586,0.8895333409309387
ft_tkt_0000046,ft_sal_000026,ft_evt_0027,GENERAL,1,0.9352882500254978,0.943918772363525,0.9309853255319586,0.8895333409309387
ft_tkt_0000047,ft_sal_000026,ft_evt_0027,GENERAL,1,0.9352882500254978,0.943918772363525,0.9309853255319586,0.8895333409309387
ft_tkt_0000048,ft_sal_000027,ft_evt_0027,PREFERENCIAL,1,0.9314496020944585,0.9481688453394795,0.9382254665131519,0.9417890310287476
ft_tkt_0000049,ft_sal_000027,ft_evt_0027,PREFERENCIAL,1,0.9314496020944585,0.9481688453394795,0.9382254665131519,0.9417890310287476
ft_tkt_0000050,ft_sal_000027,ft_evt_0027,PREFERENCIAL,1,0.9314496020944585,0.9481688453394795,0.9382254665131519,0.9417890310287476
ft_tkt_0000051,ft_sal_000028,ft_evt_0027,GENERAL,1,0.9352882500254978,0.9637000529699341,0.9449730468993464,0.9484695196151733
ft_tkt_0000052,ft_sal_000028,ft_evt_0027,GENERAL,1,0.9352882500254978,0.9637000529699341,0.9449730468993464,0.9484695196151733
ft_tkt_0000053,ft_sal_000029,ft_evt_0027,PREFERENCIAL,1,0.9314496020944585,0.9655146092007978,0.9497490978777657,0.9563020467758179
ft_tkt_0000054,ft_sal_000029,ft_evt_0027,PREFERENCIAL,1,0.9314496020944585,0.9655146092007978,0.9497490978777657,0.9563020467758179
ft_tkt_0000055,ft_sal_000030,ft_evt_0027,PREFERENCIAL,1,0.9314496020944585,0.9447668760230826,0.9199518329090455,0.9107716083526611
ft_tkt_0000056,ft_sal_000031,ft_evt_0027,CORTESÍA,0,0.40252443406149635,0.509554818150678,0.4908630377049933,0.5026599764823914
ft_tkt_0000057,ft_sal_000031,ft_evt_0027,CORTESÍA,1,0.40252443406149635,0.509554818150678,0.4908630377049933,0.5026599764823914
ft_tkt_0000058,ft_sal_000032,ft_evt_0027,GENERAL,1,0.9352882500254978,0.9624284582495329,0.9468342070827619,0.9559999704360962
ft_tkt_0000059,ft_sal_000032,ft_evt_0027,GENERAL,1,0.9352882500254978,0.9624284582495329,0.9468342070827619,0.9559999704360962
ft_tkt_0000060,ft_sal_000032,ft_evt_0027,GENERAL,1,0.9352882500254978,0.9624284582495329,0.9468342070827619,0.9559999704360962
ft_tkt_0000061,ft_sal_000033,ft_evt_0027,CORTESÍA,1,0.40252443406149635,0.32670276570657864,0.3644043095909848,0.304816335439682
ft_tkt_0000062,ft_sal_000034,ft_evt_0027,GENERAL,0,0.9352882500254978,0.9627025613340782,0.9449292175442027,0.9491010904312134
ft_tkt_0000063,ft_sal_000034,ft_evt_0027,GENERAL,1,0.9352882500254978,0.9627025613340782,0.9449292175442027,0.9491010904312134
ft_tkt_0000064,ft_sal_000035,ft_evt_0027,GENERAL,1,0.9352882500254978,0.9822054691504162,0.9538848691181641,0.9469465017318726
ft_tkt_0000065,ft_sal_000036,ft_evt_0027,GENERAL,1,0.9352882500254978,0.9398481862543202,0.9355511915432305,0.9439489245414734
ft_tkt_0000066,ft_sal_000037,ft_evt_0027,PREFERENCIAL,1,0.9314496020944585,0.9619634621990819,0.9456142436833113,0.9457634687423706
ft_tkt_0000067,ft_sal_000037,ft_evt_0027,PREFERENCIAL,1,0.9314496020944585,0.9619634621990819,0.9456142436833113,0.9457634687423706
ft_tkt_0000068,ft_sal_000038,ft_evt_0027,GENERAL,1,0.9352882500254978,0.9527259208412365,0.9273404174029065,0.9126994609832764
ft_tkt_0000069,ft_sal_000039,ft_evt_0027,GENERAL,1,0.9352882500254978,0.941257287003317,0.9344851576001303,0.9331057667732239
ft_tkt_0000070,ft_sal_000039,ft_evt_0027,GENERAL,1,0.9352882500254978,0.941257287003317,0.9344851576001303,0.9331057667732239
ft_tkt_0000071,ft_sal_000039,ft_evt_0027,GENERAL,1,0.9352882500254978,0.941257287003317,0.9344851576001303,0.9331057667732239
ft_tkt_0000072,ft_sal_000039,ft_evt_0027,GENERAL,1,0.9352882500254978,0.941257287003317,0.9344851576001303,0.9331057667732239
ft_tkt_0000073,ft_sal_000040,ft_evt_0027,GENERAL,0,0.9352882500254978,0.9621797922360735,0.9462512815772257,0.9410920143127441
ft_tkt_0000074,ft_sal_000040,ft_evt_0027,GENERAL,1,0.9352882500254978,0.9621797922360735,0.9462512815772257,0.9410920143127441
ft_tkt_0000075,ft_sal_000041,ft_evt_0027,CORTESÍA,0,0.40252443406149635,0.29044570052880236,0.3629061479880698,0.3918227255344391
ft_tkt_0000076,ft_sal_000041,ft_evt_0027,CORTESÍA,0,0.40252443406149635,0.29044570052880236,0.3629061479880698,0.3918227255344391
ft_tkt_0000077,ft_sal_000042,ft_evt_0027,GENERAL,1,0.9352882500254978,0.9521317786647895,0.9397188706057187,0.9177974462509155
ft_tkt_0000078,ft_sal_000043,ft_evt_0027,PREFERENCIAL,1,0.9314496020944585,0.9655111443490889,0.9511806355799118,0.9632534384727478
ft_tkt_0000079,ft_sal_000043,ft_evt_0027,PREFERENCIAL,1,0.9314496020944585,0.9655111443490889,0.9511806355799118,0.9632534384727478
ft_tkt_0000080,ft_sal_000043,ft_evt_0027,PREFERENCIAL,1,0.9314496020944585,0.9655111443490889,0.9511806355799118,0.9632534384727478
ft_tkt_0000081,ft_sal_000044,ft_evt_0027,GENERAL,1,0.9352882500254978,0.9621280674062369,0.9462512815772257,0.9459617137908936
ft_tkt_0000082,ft_sal_000044,ft_evt_0027,GENERAL,1,0.9352882500254978,0.9621280674062369,0.9462512815772257,0.9459617137908936
ft_tkt_0000083,ft_sal_000045,ft_evt_0027,CORTESÍA,1,0.40252443406149635,0.43974204330128075,0.430502747322843,0.3457866311073303
ft_tkt_0000084,ft_sal_000045,ft_evt_0027,CORTESÍA,0,0.40252443406149635,0.43974204330128075,0.430502747322843,0.3457866311073303
ft_tkt_0000085,ft_sal_000046,ft_evt_0027,CORTESÍA,0,0.40252443406149635,0.5790751491153838,0.5937257437957334,0.5964900851249695
ft_tkt_0000086,ft_sal_000046,ft_evt_0027,CORTESÍA,0,0.40252443406149635,0.5790751491153838,0.5937257437957334,0.5964900851249695
ft_tkt_0000087,ft_sal_000047,ft_evt_0027,GENERAL,1,0.9352882500254978,0.9643935690239642,0.9432324756708842,0.9672960638999939
ft_tkt_0000088,ft_sal_000047,ft_evt_0027,GENERAL,1,0.9352882500254978,0.9643935690239642,0.9432324756708842,0.9672960638999939
ft_tkt_0000089,ft_sal_000048,ft_evt_0027,CORTESÍA,0,0.40252443406149635,0.5381429494187187,0.5323898563343826,0.45416808128356934
ft_tkt_0000090,ft_sal_000048,ft_evt_0027,CORTESÍA,0,0.40252443406149635,0.5381429494187187,0.5323898563343826,0.45416808128356934
ft_tkt_0000091,ft_sal_000049,ft_evt_0027,GENERAL,1,0.9352882500254978,0.9550889823651467,0.9445745635571868,0.9589362144470215
ft_tkt_0000092,ft_sal_000050,ft_evt_0027,CORTESÍA,1,0.40252443406149635,0.4330391388819976,0.4190597927801801,0.45483168959617615
ft_tkt_0000093,ft_sal_000050,ft_evt_0027,CORTESÍA,0,0.40252443406149635,0.4330391388819976,0.4190597927801801,0.45483168959617615
ft_tkt_0000094,ft_sal_000051,ft_evt_0027,PREFERENCIAL,1,0.9314496020944585,0.9509091009870815,0.9321180063861088,0.9155591130256653
ft_tkt_0000095,ft_sal_000051,ft_evt_0027,PREFERENCIAL,1,0.9314496020944585,0.9509091009870815,0.9321180063861088,0.9155591130256653
ft_tkt_0000096,ft_sal_000052,ft_evt_0027,CORTESÍA,1,0.40252443406149635,0.42751022419772045,0.4196083712421162,0.32330599427223206
ft_tkt_0000097,ft_sal_000052,ft_evt_0027,CORTESÍA,0,0.40252443406149635,0.42751022419772045,0.4196083712421162,0.32330599427223206
ft_tkt_0000098,ft_sal_000053,ft_evt_0027,GENERAL,1,0.9352882500254978,0.9411453756355327,0.9336852812984177,0.9460737705230713
ft_tkt_0000099,ft_sal_000053,ft_evt_0027,GENERAL,1,0.9352882500254978,0.9411453756355327,0.9336852812984177,0.9460737705230713
ft_tkt_0000100,ft_sal_000054,ft_evt_0027,CORTESÍA,0,0.40252443406149635,0.4742986518683722,0.42771143953938484,0.4116351306438446
ft_tkt_0000101,ft_sal_000054,ft_evt_0027,CORTESÍA,1,0.40252443406149635,0.4742986518683722,0.42771143953938484,0.4116351306438446
ft_tkt_0000102,ft_sal_000055,ft_evt_0027,GENERAL,1,0.9352882500254978,0.962697244453842,0.9463864797102695,0.9292646646499634
ft_tkt_0000103,ft_sal_000056,ft_evt_0027,GENERAL,1,0.9352882500254978,0.9613926025751027,0.9462168101800865,0.9473176598548889
ft_tkt_0000104,ft_sal_000056,ft_evt_0027,GENERAL,0,0.9352882500254978,0.9613926025751027,0.9462168101800865,0.9473176598548889
ft_tkt_0000105,ft_sal_000057,ft_evt_0027,GENERAL,1,0.9352882500254978,0.9096374421145096,0.9248588972240831,0.8422305583953857
ft_tkt_0000106,ft_sal_000058,ft_evt_0027,GENERAL,1,0.9352882500254978,0.8887384009460328,0.9173463335358774,0.8088005185127258
ft_tkt_0000107,ft_sal_000059,ft_evt_0027,PREFERENCIAL,1,0.9314496020944585,0.9549063941827207,0.9413044218207617,0.9594635367393494
ft_tkt_0000108,ft_sal_000059,ft_evt_0027,PREFERENCIAL,1,0.9314496020944585,0.9549063941827207,0.9413044218207617,0.9594635367393494
ft_tkt_0000109,ft_sal_000060,ft_evt_0027,GENERAL,1,0.9352882500254978,0.9293669113049999,0.9300525582221707,0.9258876442909241
ft_tkt_0000110,ft_sal_000060,ft_evt_0027,GENERAL,1,0.9352882500254978,0.9293669113049999,0.9300525582221707,0.9258876442909241
ft_tkt_0000111,ft_sal_000061,ft_evt_0027,CORTESÍA,1,0.40252443406149635,0.43081060791559345,0.4477157813354256,0.4182144105434418
ft_tkt_0000112,ft_sal_000061,ft_evt_0027,CORTESÍA,0,0.40252443406149635,0.43081060791559345,0.4477157813354256,0.4182144105434418
ft_tkt_0000113,ft_sal_000061,ft_evt_0027,CORTESÍA,0,0.40252443406149635,0.43081060791559345,0.4477157813354256,0.4182144105434418
ft_tkt_0000114,ft_sal_000061,ft_evt_0027,CORTESÍA,0,0.40252443406149635,0.43081060791559345,0.4477157813354256,0.4182144105434418
ft_tkt_0000115,ft_sal_000062,ft_evt_0027,VIP,1,0.9362121140393361,0.9443782455282623,0.9296406605257562,0.9388363361358643
ft_tkt_0000116,ft_sal_000063,ft_evt_0027,GENERAL,1,0.9352882500254978,0.9235915879340365,0.9188057941137893,0.903221070766449
ft_tkt_0000117,ft_sal_000063,ft_evt_0027,GENERAL,1,0.9352882500254978,0.9235915879340365,0.9188057941137893,0.903221070766449
ft_tkt_0000118,ft_sal_000063,ft_evt_0027,GENERAL,1,0.9352882500254978,0.9235915879340365,0.9188057941137893,0.903221070766449
ft_tkt_0000119,ft_sal_000063,ft_evt_0027,GENERAL,0,0.9352882500254978,0.9235915879340365,0.9188057941137893,0.903221070766449
ft_tkt_0000120,ft_sal_000064,ft_evt_0027,VIP,1,0.9362121140393361,0.9708414587208665,0.9361917200413588,0.9453707337379456
ft_tkt_0000121,ft_sal_000065,ft_evt_0027,GENERAL,1,0.9352882500254978,0.9368730565252159,0.9247816707552988,0.8676549792289734
ft_tkt_0000122,ft_sal_000065,ft_evt_0027,GENERAL,0,0.9352882500254978,0.9368730565252159,0.9247816707552988,0.8676549792289734
ft_tkt_0000123,ft_sal_000065,ft_evt_0027,GENERAL,1,0.9352882500254978,0.9368730565252159,0.9247816707552988,0.8676549792289734
ft_tkt_0000124,ft_sal_000066,ft_evt_0027,CORTESÍA,0,0.40252443406149635,0.45792729064649523,0.4710094059018601,0.41195401549339294
ft_tkt_0000125,ft_sal_000067,ft_evt_0027,GENERAL,0,0.9352882500254978,0.9808232210645821,0.9631054827955965,0.9687607884407043
ft_tkt_0000126,ft_sal_000067,ft_evt_0027,GENERAL,1,0.9352882500254978,0.9808232210645821,0.9631054827955965,0.9687607884407043
ft_tkt_0000127,ft_sal_000068,ft_evt_0027,GENERAL,1,0.9352882500254978,0.9499529427786361,0.9350371647002014,0.9380580186843872
ft_tkt_0000128,ft_sal_000068,ft_evt_0027,GENERAL,1,0.9352882500254978,0.9499529427786361,0.9350371647002014,0.9380580186843872
ft_tkt_0000129,ft_sal_000069,ft_evt_0027,GENERAL,1,0.9352882500254978,0.9578138595182417,0.9454398655273846,0.9426119327545166
ft_tkt_0000130,ft_sal_000070,ft_evt_0027,CORTESÍA,1,0.40252443406149635,0.5041758234325161,0.5825808669744585,0.653618335723877
ft_tkt_0000131,ft_sal_000070,ft_evt_0027,CORTESÍA,1,0.40252443406149635,0.5041758234325161,0.5825808669744585,0.653618335723877
ft_tkt_0000132,ft_sal_000071,ft_evt_0027,CORTESÍA,1,0.40252443406149635,0.663087565568606,0.5510763412726053,0.4973224997520447
ft_tkt_0000133,ft_sal_000072,ft_evt_0027,GENERAL,1,0.9352882500254978,0.9500221521280388,0.9353924828085339,0.9107126593589783
ft_tkt_0000134,ft_sal_000072,ft_evt_0027,GENERAL,1,0.9352882500254978,0.9500221521280388,0.9353924828085339,0.9107126593589783
ft_tkt_0000135,ft_sal_000072,ft_evt_0027,GENERAL,1,0.9352882500254978,0.9500221521280388,0.9353924828085339,0.9107126593589783
ft_tkt_0000136,ft_sal_000073,ft_evt_0027,CORTESÍA,1,0.40252443406149635,0.48363787125114316,0.48662452668952727,0.47347182035446167
ft_tkt_0000137,ft_sal_000074,ft_evt_0027,GENERAL,1,0.9352882500254978,0.9789835809092291,0.9493798764092314,0.9536572694778442
ft_tkt_0000138,ft_sal_000075,ft_evt_0027,GENERAL,1,0.9352882500254978,0.9619048619378201,0.9448657775283945,0.9486585259437561
ft_tkt_0000139,ft_sal_000075,ft_evt_0027,GENERAL,1,0.9352882500254978,0.9619048619378201,0.9448657775283945,0.9486585259437561
ft_tkt_0000140,ft_sal_000076,ft_evt_0027,CORTESÍA,0,0.40252443406149635,0.30599267726091034,0.33806614956974407,0.46259310841560364
ft_tkt_0000141,ft_sal_000077,ft_evt_0027,VIP,1,0.9362121140393361,0.9814579887732655,0.9637654569121226,0.9579312801361084
ft_tkt_0000142,ft_sal_000077,ft_evt_0027,VIP,1,0.9362121140393361,0.9814579887732655,0.9637654569121226,0.9579312801361084
ft_tkt_0000143,ft_sal_000077,ft_evt_0027,VIP,1,0.9362121140393361,0.9814579887732655,0.9637654569121226,0.9579312801361084
ft_tkt_0000144,ft_sal_000078,ft_evt_0027,GENERAL,1,0.9352882500254978,0.9275103368626652,0.9321892776917973,0.9493752121925354
ft_tkt_0000145,ft_sal_000079,ft_evt_0027,GENERAL,1,0.9352882500254978,0.942707220420969,0.9287082613315426,0.8930209279060364
ft_tkt_0000146,ft_sal_000079,ft_evt_0027,GENERAL,1,0.9352882500254978,0.942707220420969,0.9287082613315426,0.8930209279060364
ft_tkt_0000147,ft_sal_000079,ft_evt_0027,GENERAL,1,0.9352882500254978,0.942707220420969,0.9287082613315426,0.8930209279060364
ft_tkt_0000148,ft_sal_000080,ft_evt_0027,CORTESÍA,0,0.40252443406149635,0.5125147616974278,0.5613946753361433,0.6151553392410278
ft_tkt_0000149,ft_sal_000080,ft_evt_0027,CORTESÍA,1,0.40252443406149635,0.5125147616974278,0.5613946753361433,0.6151553392410278
ft_tkt_0000150,ft_sal_000081,ft_evt_0027,CORTESÍA,0,0.40252443406149635,0.50636744206993,0.48092211980876104,0.4376220107078552
ft_tkt_0000151,ft_sal_000081,ft_evt_0027,CORTESÍA,0,0.40252443406149635,0.50636744206993,0.48092211980876104,0.4376220107078552
ft_tkt_0000152,ft_sal_000082,ft_evt_0027,CORTESÍA,0,0.40252443406149635,0.25538469249724666,0.3666610967619934,0.35076141357421875
ft_tkt_0000153,ft_sal_000083,ft_evt_0027,GENERAL,1,0.9352882500254978,0.9586263369606407,0.9420741779335918,0.9285738468170166
ft_tkt_0000154,ft_sal_000083,ft_evt_0027,GENERAL,1,0.9352882500254978,0.9586263369606407,0.9420741779335918,0.9285738468170166
ft_tkt_0000155,ft_sal_000083,ft_evt_0027,GENERAL,0,0.9352882500254978,0.9586263369606407,0.9420741779335918,0.9285738468170166
ft_tkt_0000156,ft_sal_000084,ft_evt_0027,PREFERENCIAL,1,0.9314496020944585,0.9362838987436135,0.93569105784421,0.9234514236450195
ft_tkt_0000157,ft_sal_000085,ft_evt_0027,CORTESÍA,1,0.40252443406149635,0.5177319432344963,0.4447223698973684,0.37236925959587097
ft_tkt_0000158,ft_sal_000086,ft_evt_0027,GENERAL,1,0.9352882500254978,0.9598769497654682,0.9432396610701115,0.9444234371185303
ft_tkt_0000159,ft_sal_000086,ft_evt_0027,GENERAL,1,0.9352882500254978,0.9598769497654682,0.9432396610701115,0.9444234371185303
ft_tkt_0000160,ft_sal_000087,ft_evt_0027,CORTESÍA,0,0.40252443406149635,0.531234838168388,0.5187003142524143,0.48898693919181824
ft_tkt_0000161,ft_sal_000087,ft_evt_0027,CORTESÍA,1,0.40252443406149635,0.531234838168388,0.5187003142524143,0.48898693919181824
ft_tkt_0000162,ft_sal_000088,ft_evt_0027,CORTESÍA,0,0.40252443406149635,0.4620849999622537,0.4710094059018601,0.3943020701408386
ft_tkt_0000163,ft_sal_000089,ft_evt_0027,CORTESÍA,0,0.40252443406149635,0.47763942136017445,0.4892065586554074,0.510855495929718
ft_tkt_0000164,ft_sal_000089,ft_evt_0027,CORTESÍA,0,0.40252443406149635,0.47763942136017445,0.4892065586554074,0.510855495929718
ft_tkt_0000165,ft_sal_000090,ft_evt_0027,GENERAL,1,0.9352882500254978,0.9446666841534775,0.9366878809463915,0.9484602212905884
ft_tkt_0000166,ft_sal_000091,ft_evt_0027,CORTESÍA,0,0.40252443406149635,0.2616841521845499,0.32551392473512913,0.257207453250885
ft_tkt_0000167,ft_sal_000092,ft_evt_0027,GENERAL,1,0.9352882500254978,0.9627637109969308,0.9387875977812619,0.9688252210617065
ft_tkt_0000168,ft_sal_000093,ft_evt_0027,GENERAL,1,0.9352882500254978,0.9420923148621088,0.9299232741961146,0.9430553913116455
ft_tkt_0000169,ft_sal_000094,ft_evt_0027,GENERAL,1,0.9352882500254978,0.9634204518831211,0.9640657188153251,0.9740947484970093
ft_tkt_0000170,ft_sal_000094,ft_evt_0027,GENERAL,1,0.9352882500254978,0.9634204518831211,0.9640657188153251,0.9740947484970093
ft_tkt_0000171,ft_sal_000095,ft_evt_0027,GENERAL,1,0.9352882500254978,0.9554301682048432,0.9382814475503425,0.9693037867546082
ft_tkt_0000172,ft_sal_000096,ft_evt_0027,PREFERENCIAL,1,0.9314496020944585,0.9554598401559795,0.9454601519672337,0.9535290598869324
ft_tkt_0000173,ft_sal_000097,ft_evt_0027,GENERAL,1,0.9352882500254978,0.973927249601376,0.9567481530634163,0.9506696462631226
ft_tkt_0000174,ft_sal_000098,ft_evt_0027,CORTESÍA,1,0.40252443406149635,0.4672398932876497,0.4809352673606699,0.4722617566585541
ft_tkt_0000175,ft_sal_000099,ft_evt_0027,GENERAL,1,0.9352882500254978,0.9528870575675494,0.9412786339159507,0.9141750335693359
ft_tkt_0000176,ft_sal_000100,ft_evt_0027,CORTESÍA,0,0.40252443406149635,0.3989034777977599,0.3945311705540505,0.29684382677078247
ft_tkt_0000177,ft_sal_000100,ft_evt_0027,CORTESÍA,1,0.40252443406149635,0.3989034777977599,0.3945311705540505,0.29684382677078247
ft_tkt_0000178,ft_sal_000101,ft_evt_0027,PREFERENCIAL,0,0.9314496020944585,0.8873763944151848,0.9279617134803044,0.8957721590995789
ft_tkt_0000179,ft_sal_000102,ft_evt_0027,GENERAL,1,0.9352882500254978,0.940538620526031,0.9277728325935625,0.9257135391235352
ft_tkt_0000180,ft_sal_000102,ft_evt_0027,GENERAL,1,0.9352882500254978,0.940538620526031,0.9277728325935625,0.9257135391235352
ft_tkt_0000181,ft_sal_000102,ft_evt_0027,GENERAL,1,0.9352882500254978,0.940538620526031,0.9277728325935625,0.9257135391235352
ft_tkt_0000182,ft_sal_000102,ft_evt_0027,GENERAL,1,0.9352882500254978,0.940538620526031,0.9277728325935625,0.9257135391235352
ft_tkt_0000183,ft_sal_000103,ft_evt_0027,GENERAL,1,0.9352882500254978,0.9440530727137767,0.9280860212318974,0.9113234281539917
ft_tkt_0000184,ft_sal_000104,ft_evt_0027,PREFERENCIAL,1,0.9314496020944585,0.9402740727037373,0.930896291806328,0.889514684677124
ft_tkt_0000185,ft_sal_000104,ft_evt_0027,PREFERENCIAL,1,0.9314496020944585,0.9402740727037373,0.930896291806328,0.889514684677124
ft_tkt_0000186,ft_sal_000105,ft_evt_0027,GENERAL,1,0.9352882500254978,0.94707876406256,0.9332933001389648,0.9654595851898193
ft_tkt_0000187,ft_sal_000106,ft_evt_0027,GENERAL,0,0.9352882500254978,0.9443055876582995,0.936410314027698,0.9345089197158813
ft_tkt_0000188,ft_sal_000106,ft_evt_0027,GENERAL,1,0.9352882500254978,0.9443055876582995,0.936410314027698,0.9345089197158813
ft_tkt_0000189,ft_sal_000106,ft_evt_0027,GENERAL,1,0.9352882500254978,0.9443055876582995,0.936410314027698,0.9345089197158813
ft_tkt_0000190,ft_sal_000107,ft_evt_0027,CORTESÍA,0,0.40252443406149635,0.42398876934910895,0.42895459525255225,0.36197635531425476
ft_tkt_0000191,ft_sal_000107,ft_evt_0027,CORTESÍA,1,0.40252443406149635,0.42398876934910895,0.42895459525255225,0.36197635531425476
ft_tkt_0000192,ft_sal_000107,ft_evt_0027,CORTESÍA,0,0.40252443406149635,0.42398876934910895,0.42895459525255225,0.36197635531425476
ft_tkt_0000193,ft_sal_000107,ft_evt_0027,CORTESÍA,1,0.40252443406149635,0.42398876934910895,0.42895459525255225,0.36197635531425476
ft_tkt_0000194,ft_sal_000108,ft_evt_0027,VIP,1,0.9362121140393361,0.9440255581944503,0.9336861918475867,0.9290894269943237
ft_tkt_0000195,ft_sal_000109,ft_evt_0027,GENERAL,1,0.9352882500254978,0.9581242713386682,0.9454398655273846,0.949111819267273
ft_tkt_0000196,ft_sal_000110,ft_evt_0027,GENERAL,1,0.9352882500254978,0.9444560667500546,0.9360894985165359,0.9065111875534058
ft_tkt_0000197,ft_sal_000110,ft_evt_0027,GENERAL,1,0.9352882500254978,0.9444560667500546,0.9360894985165359,0.9065111875534058
ft_tkt_0000198,ft_sal_000111,ft_evt_0027,GENERAL,1,0.9352882500254978,0.96775406333273,0.9554524472123574,0.9285779595375061
ft_tkt_0000199,ft_sal_000112,ft_evt_0027,GENERAL,1,0.9352882500254978,0.9556315118730183,0.9374592514046413,0.954677939414978
ft_tkt_0000200,ft_sal_000112,ft_evt_0027,GENERAL,1,0.9352882500254978,0.9556315118730183,0.9374592514046413,0.954677939414978
ft_tkt_0000201,ft_sal_000113,ft_evt_0027,CORTESÍA,1,0.40252443406149635,0.41945514839168474,0.4170502572302295,0.42250630259513855
ft_tkt_0000202,ft_sal_000113,ft_evt_0027,CORTESÍA,0,0.40252443406149635,0.41945514839168474,0.4170502572302295,0.42250630259513855
ft_tkt_0000203,ft_sal_000113,ft_evt_0027,CORTESÍA,1,0.40252443406149635,0.41945514839168474,0.4170502572302295,0.42250630259513855
ft_tkt_0000204,ft_sal_000114,ft_evt_0027,GENERAL,1,0.9352882500254978,0.9449598394744951,0.9288681255812706,0.9365057349205017
ft_tkt_0000205,ft_sal_000114,ft_evt_0027,GENERAL,1,0.9352882500254978,0.9449598394744951,0.9288681255812706,0.9365057349205017
ft_tkt_0000206,ft_sal_000115,ft_evt_0027,CORTESÍA,0,0.40252443406149635,0.5156182172096112,0.5262490011114299,0.47299233078956604
ft_tkt_0000207,ft_sal_000116,ft_evt_0027,GENERAL,1,0.9352882500254978,0.9574755312641554,0.9443958358470687,0.9567584991455078
ft_tkt_0000208,ft_sal_000117,ft_evt_0027,GENERAL,1,0.9352882500254978,0.8980415327235243,0.9280115032238078,0.9363044500350952
ft_tkt_0000209,ft_sal_000118,ft_evt_0027,GENERAL,1,0.9352882500254978,0.9470291701047654,0.9321828794947692,0.9488482475280762
ft_tkt_0000210,ft_sal_000119,ft_evt_0027,VIP,1,0.9362121140393361,0.9394026272241309,0.9296074262280818,0.9223116636276245
ft_tkt_0000211,ft_sal_000119,ft_evt_0027,VIP,1,0.9362121140393361,0.9394026272241309,0.9296074262280818,0.9223116636276245
ft_tkt_0000212,ft_sal_000120,ft_evt_0027,VIP,1,0.9362121140393361,0.9783474274011784,0.9601059559576343,0.9573071599006653
ft_tkt_0000213,ft_sal_000121,ft_evt_0027,GENERAL,1,0.9352882500254978,0.9510326584963404,0.953722660927473,0.9653452634811401
ft_tkt_0000214,ft_sal_000121,ft_evt_0027,GENERAL,1,0.9352882500254978,0.9510326584963404,0.953722660927473,0.9653452634811401
ft_tkt_0000215,ft_sal_000122,ft_evt_0027,GENERAL,1,0.9352882500254978,0.9510588979013624,0.9397188706057187,0.90962153673172
ft_tkt_0000216,ft_sal_000123,ft_evt_0027,PREFERENCIAL,1,0.9314496020944585,0.952586083823911,0.9418073547156364,0.9376335740089417
ft_tkt_0000217,ft_sal_000124,ft_evt_0027,CORTESÍA,0,0.40252443406149635,0.5720592700634125,0.5106733440251693,0.3854338824748993
ft_tkt_0000218,ft_sal_000124,ft_evt_0027,CORTESÍA,1,0.40252443406149635,0.5720592700634125,0.5106733440251693,0.3854338824748993
ft_tkt_0000219,ft_sal_000125,ft_evt_0027,GENERAL,1,0.9352882500254978,0.9409998947620469,0.9353779629239097,0.9221333265304565
ft_tkt_0000220,ft_sal_000126,ft_evt_0027,VIP,1,0.9362121140393361,0.9629324644965596,0.9457833535842856,0.9486793279647827
ft_tkt_0000221,ft_sal_000127,ft_evt_0027,PREFERENCIAL,1,0.9314496020944585,0.9536421791882542,0.9334525556106706,0.9074993133544922
ft_tkt_0000222,ft_sal_000127,ft_evt_0027,PREFERENCIAL,1,0.9314496020944585,0.9536421791882542,0.9334525556106706,0.9074993133544922
ft_tkt_0000223,ft_sal_000128,ft_evt_0027,CORTESÍA,1,0.40252443406149635,0.5021832657823087,0.48092211980876104,0.4451470673084259
ft_tkt_0000224,ft_sal_000128,ft_evt_0027,CORTESÍA,1,0.40252443406149635,0.5021832657823087,0.48092211980876104,0.4451470673084259
ft_tkt_0000225,ft_sal_000129,ft_evt_0018,GENERAL,1,0.9349759289756103,0.9626795187503845,0.9494479613121815,0.9572874903678894
ft_tkt_0000226,ft_sal_000129,ft_evt_0018,GENERAL,1,0.9349759289756103,0.9626795187503845,0.9494479613121815,0.9572874903678894
ft_tkt_0000227,ft_sal_000129,ft_evt_0018,GENERAL,1,0.9349759289756103,0.9626795187503845,0.9494479613121815,0.9572874903678894
ft_tkt_0000228,ft_sal_000130,ft_evt_0018,VIP,1,0.9404152722541531,0.9489412484550734,0.9227185842696904,0.968065619468689
ft_tkt_0000229,ft_sal_000130,ft_evt_0018,VIP,0,0.9404152722541531,0.9489412484550734,0.9227185842696904,0.968065619468689
ft_tkt_0000230,ft_sal_000131,ft_evt_0018,PREFERENCIAL,1,0.9345943760947751,0.9461094653066895,0.9387302526709734,0.9405912160873413
ft_tkt_0000231,ft_sal_000131,ft_evt_0018,PREFERENCIAL,1,0.9345943760947751,0.9461094653066895,0.9387302526709734,0.9405912160873413
ft_tkt_0000232,ft_sal_000131,ft_evt_0018,PREFERENCIAL,1,0.9345943760947751,0.9461094653066895,0.9387302526709734,0.9405912160873413
ft_tkt_0000233,ft_sal_000132,ft_evt_0018,GENERAL,1,0.9349759289756103,0.9884987689689924,0.9714737492924083,0.9655032753944397
ft_tkt_0000234,ft_sal_000133,ft_evt_0018,PREFERENCIAL,1,0.9345943760947751,0.9503968640033371,0.9386973972124214,0.9425917863845825
ft_tkt_0000235,ft_sal_000134,ft_evt_0018,GENERAL,1,0.9349759289756103,0.9503760447235909,0.9534287296156625,0.961450457572937
ft_tkt_0000236,ft_sal_000134,ft_evt_0018,GENERAL,1,0.9349759289756103,0.9503760447235909,0.9534287296156625,0.961450457572937
ft_tkt_0000237,ft_sal_000134,ft_evt_0018,GENERAL,1,0.9349759289756103,0.9503760447235909,0.9534287296156625,0.961450457572937
ft_tkt_0000238,ft_sal_000134,ft_evt_0018,GENERAL,1,0.9349759289756103,0.9503760447235909,0.9534287296156625,0.961450457572937
ft_tkt_0000239,ft_sal_000135,ft_evt_0018,GENERAL,1,0.9349759289756103,0.9608599162164708,0.9510250329875516,0.9611408114433289
ft_tkt_0000240,ft_sal_000135,ft_evt_0018,GENERAL,1,0.9349759289756103,0.9608599162164708,0.9510250329875516,0.9611408114433289
ft_tkt_0000241,ft_sal_000135,ft_evt_0018,GENERAL,1,0.9349759289756103,0.9608599162164708,0.9510250329875516,0.9611408114433289
ft_tkt_0000242,ft_sal_000135,ft_evt_0018,GENERAL,1,0.9349759289756103,0.9608599162164708,0.9510250329875516,0.9611408114433289
ft_tkt_0000243,ft_sal_000136,ft_evt_0018,VIP,1,0.9404152722541531,0.9603810960972713,0.9469836365703049,0.9745614528656006
ft_tkt_0000244,ft_sal_000137,ft_evt_0018,GENERAL,1,0.9349759289756103,0.9617213565532,0.9521321316642528,0.9579358696937561
ft_tkt_0000245,ft_sal_000137,ft_evt_0018,GENERAL,1,0.9349759289756103,0.9617213565532,0.9521321316642528,0.9579358696937561
ft_tkt_0000246,ft_sal_000137,ft_evt_0018,GENERAL,1,0.9349759289756103,0.9617213565532,0.9521321316642528,0.9579358696937561
ft_tkt_0000247,ft_sal_000137,ft_evt_0018,GENERAL,1,0.9349759289756103,0.9617213565532,0.9521321316642528,0.9579358696937561
ft_tkt_0000248,ft_sal_000138,ft_evt_0018,PREFERENCIAL,1,0.9345943760947751,0.9612432786492329,0.9448734297759576,0.965255081653595
ft_tkt_0000249,ft_sal_000139,ft_evt_0018,GENERAL,1,0.9349759289756103,0.9194950533767843,0.9462823081918791,0.9538578987121582
ft_tkt_0000250,ft_sal_000139,ft_evt_0018,GENERAL,1,0.9349759289756103,0.9194950533767843,0.9462823081918791,0.9538578987121582
ft_tkt_0000251,ft_sal_000140,ft_evt_0018,PREFERENCIAL,1,0.9345943760947751,0.9671315365379624,0.9540602038829711,0.9628791809082031
ft_tkt_0000252,ft_sal_000140,ft_evt_0018,PREFERENCIAL,1,0.9345943760947751,0.9671315365379624,0.9540602038829711,0.9628791809082031
ft_tkt_0000253,ft_sal_000141,ft_evt_0018,VIP,1,0.9404152722541531,0.9814109586269063,0.9658334363842676,0.9720290899276733
ft_tkt_0000254,ft_sal_000142,ft_evt_0018,GENERAL,1,0.9349759289756103,0.951917023538911,0.9648876074952994,0.9368554949760437
ft_tkt_0000255,ft_sal_000143,ft_evt_0018,VIP,1,0.9404152722541531,0.9746292610611976,0.9593575783164561,0.9752296209335327
ft_tkt_0000256,ft_sal_000144,ft_evt_0018,VIP,1,0.9404152722541531,0.9839357873932698,0.9712628619733281,0.9811336994171143
ft_tkt_0000257,ft_sal_000145,ft_evt_0018,GENERAL,1,0.9349759289756103,0.9449199682096845,0.9298510575925465,0.9262705445289612
ft_tkt_0000258,ft_sal_000145,ft_evt_0018,GENERAL,1,0.9349759289756103,0.9449199682096845,0.9298510575925465,0.9262705445289612
ft_tkt_0000259,ft_sal_000146,ft_evt_0018,GENERAL,1,0.9349759289756103,0.9700369979687513,0.9702601063729809,0.9620842933654785
ft_tkt_0000260,ft_sal_000147,ft_evt_0018,PREFERENCIAL,1,0.9345943760947751,0.9556426231937226,0.9418903103858755,0.9689282774925232
ft_tkt_0000261,ft_sal_000148,ft_evt_0018,GENERAL,1,0.9349759289756103,0.9598771305224506,0.9493505304021542,0.9565444588661194
ft_tkt_0000262,ft_sal_000148,ft_evt_0018,GENERAL,1,0.9349759289756103,0.9598771305224506,0.9493505304021542,0.9565444588661194
ft_tkt_0000263,ft_sal_000148,ft_evt_0018,GENERAL,1,0.9349759289756103,0.9598771305224506,0.9493505304021542,0.9565444588661194
ft_tkt_0000264,ft_sal_000148,ft_evt_0018,GENERAL,0,0.9349759289756103,0.9598771305224506,0.9493505304021542,0.9565444588661194
ft_tkt_0000265,ft_sal_000149,ft_evt_0018,GENERAL,1,0.9349759289756103,0.9641367233268203,0.9519198893032452,0.9616618156433105
ft_tkt_0000266,ft_sal_000149,ft_evt_0018,GENERAL,1,0.9349759289756103,0.9641367233268203,0.9519198893032452,0.9616618156433105
ft_tkt_0000267,ft_sal_000150,ft_evt_0018,GENERAL,1,0.9349759289756103,0.9651431925574067,0.9514825697877904,0.9637539386749268
ft_tkt_0000268,ft_sal_000150,ft_evt_0018,GENERAL,1,0.9349759289756103,0.9651431925574067,0.9514825697877904,0.9637539386749268
ft_tkt_0000269,ft_sal_000151,ft_evt_0018,GENERAL,1,0.9349759289756103,0.9614954984632305,0.9511899539972288,0.9643871784210205
ft_tkt_0000270,ft_sal_000151,ft_evt_0018,GENERAL,1,0.9349759289756103,0.9614954984632305,0.9511899539972288,0.9643871784210205
ft_tkt_0000271,ft_sal_000152,ft_evt_0018,CORTESÍA,1,0.39289583504262665,0.4780016669313766,0.49832355739446493,0.5343915820121765
ft_tkt_0000272,ft_sal_000152,ft_evt_0018,CORTESÍA,1,0.39289583504262665,0.4780016669313766,0.49832355739446493,0.5343915820121765
ft_tkt_0000273,ft_sal_000153,ft_evt_0018,GENERAL,0,0.9349759289756103,0.9432979412526096,0.9417557680719352,0.9446640014648438
ft_tkt_0000274,ft_sal_000154,ft_evt_0018,GENERAL,1,0.9349759289756103,0.9525393287183668,0.943766262212828,0.936622679233551
ft_tkt_0000275,ft_sal_000155,ft_evt_0018,GENERAL,1,0.9349759289756103,0.9379269005725014,0.9419133286674988,0.9514750838279724
ft_tkt_0000276,ft_sal_000155,ft_evt_0018,GENERAL,1,0.9349759289756103,0.9379269005725014,0.9419133286674988,0.9514750838279724
ft_tkt_0000277,ft_sal_000156,ft_evt_0018,GENERAL,1,0.9349759289756103,0.9754580494237377,0.9633745761981838,0.9575367569923401
ft_tkt_0000278,ft_sal_000157,ft_evt_0018,GENERAL,1,0.9349759289756103,0.9536684570591317,0.950539193553793,0.9599639177322388
ft_tkt_0000279,ft_sal_000158,ft_evt_0018,GENERAL,1,0.9349759289756103,0.973713042240291,0.9578315575209284,0.9583426713943481
ft_tkt_0000280,ft_sal_000158,ft_evt_0018,GENERAL,1,0.9349759289756103,0.973713042240291,0.9578315575209284,0.9583426713943481
ft_tkt_0000281,ft_sal_000159,ft_evt_0018,VIP,1,0.9404152722541531,0.9740622849451087,0.9512177385401598,0.9730383157730103
ft_tkt_0000282,ft_sal_000160,ft_evt_0018,CORTESÍA,0,0.39289583504262665,0.36117332493800225,0.39140243581308,0.28892916440963745
ft_tkt_0000283,ft_sal_000160,ft_evt_0018,CORTESÍA,0,0.39289583504262665,0.36117332493800225,0.39140243581308,0.28892916440963745
ft_tkt_0000284,ft_sal_000160,ft_evt_0018,CORTESÍA,1,0.39289583504262665,0.36117332493800225,0.39140243581308,0.28892916440963745
ft_tkt_0000285,ft_sal_000160,ft_evt_0018,CORTESÍA,0,0.39289583504262665,0.36117332493800225,0.39140243581308,0.28892916440963745
ft_tkt_0000286,ft_sal_000161,ft_evt_0018,VIP,1,0.9404152722541531,0.9826062695349678,0.9728437548973367,0.9833127856254578
ft_tkt_0000287,ft_sal_000161,ft_evt_0018,VIP,1,0.9404152722541531,0.9826062695349678,0.9728437548973367,0.9833127856254578
ft_tkt_0000288,ft_sal_000161,ft_evt_0018,VIP,1,0.9404152722541531,0.9826062695349678,0.9728437548973367,0.9833127856254578
ft_tkt_0000289,ft_sal_000162,ft_evt_0018,GENERAL,1,0.9349759289756103,0.9347666482838555,0.9258128848466206,0.9360494017601013
ft_tkt_0000290,ft_sal_000162,ft_evt_0018,GENERAL,1,0.9349759289756103,0.9347666482838555,0.9258128848466206,0.9360494017601013
ft_tkt_0000291,ft_sal_000163,ft_evt_0018,PREFERENCIAL,1,0.9345943760947751,0.9241226360888916,0.9524169373680497,0.9504971504211426
ft_tkt_0000292,ft_sal_000164,ft_evt_0018,GENERAL,1,0.9349759289756103,0.929301889762734,0.9508390434935023,0.9361820816993713
ft_tkt_0000293,ft_sal_000165,ft_evt_0018,GENERAL,1,0.9349759289756103,0.9692230148486043,0.9574388901918003,0.9689982533454895
ft_tkt_0000294,ft_sal_000165,ft_evt_0018,GENERAL,1,0.9349759289756103,0.9692230148486043,0.9574388901918003,0.9689982533454895
ft_tkt_0000295,ft_sal_000166,ft_evt_0018,PREFERENCIAL,1,0.9345943760947751,0.9630514969554002,0.9546769966424462,0.9734449982643127
ft_tkt_0000296,ft_sal_000167,ft_evt_0018,PREFERENCIAL,1,0.9345943760947751,0.9449692999177478,0.9453730155461331,0.9546082019805908
ft_tkt_0000297,ft_sal_000167,ft_evt_0018,PREFERENCIAL,1,0.9345943760947751,0.9449692999177478,0.9453730155461331,0.9546082019805908
ft_tkt_0000298,ft_sal_000167,ft_evt_0018,PREFERENCIAL,1,0.9345943760947751,0.9449692999177478,0.9453730155461331,0.9546082019805908
ft_tkt_0000299,ft_sal_000168,ft_evt_0018,PREFERENCIAL,1,0.9345943760947751,0.9574997793509654,0.954070207517582,0.9658625721931458
ft_tkt_0000300,ft_sal_000168,ft_evt_0018,PREFERENCIAL,1,0.9345943760947751,0.9574997793509654,0.954070207517582,0.9658625721931458
ft_tkt_0000301,ft_sal_000168,ft_evt_0018,PREFERENCIAL,1,0.9345943760947751,0.9574997793509654,0.954070207517582,0.9658625721931458
ft_tkt_0000302,ft_sal_000168,ft_evt_0018,PREFERENCIAL,1,0.9345943760947751,0.9574997793509654,0.954070207517582,0.9658625721931458
ft_tkt_0000303,ft_sal_000168,ft_evt_0018,PREFERENCIAL,1,0.9345943760947751,0.9574997793509654,0.954070207517582,0.9658625721931458
ft_tkt_0000304,ft_sal_000168,ft_evt_0018,PREFERENCIAL,1,0.9345943760947751,0.9574997793509654,0.954070207517582,0.9658625721931458
ft_tkt_0000305,ft_sal_000169,ft_evt_0018,GENERAL,1,0.9349759289756103,0.9494940672018,0.9358739343229101,0.9391767978668213
ft_tkt_0000306,ft_sal_000169,ft_evt_0018,GENERAL,1,0.9349759289756103,0.9494940672018,0.9358739343229101,0.9391767978668213
ft_tkt_0000307,ft_sal_000170,ft_evt_0018,GENERAL,1,0.9349759289756103,0.9694539410257897,0.9597364312863096,0.9529411196708679
ft_tkt_0000308,ft_sal_000171,ft_evt_0018,GENERAL,1,0.9349759289756103,0.9518727755146724,0.939998869880032,0.9265208840370178
ft_tkt_0000309,ft_sal_000172,ft_evt_0018,GENERAL,1,0.9349759289756103,0.9480685814440805,0.9408581191620101,0.941840410232544
ft_tkt_0000310,ft_sal_000172,ft_evt_0018,GENERAL,1,0.9349759289756103,0.9480685814440805,0.9408581191620101,0.941840410232544
ft_tkt_0000311,ft_sal_000172,ft_evt_0018,GENERAL,0,0.9349759289756103,0.9480685814440805,0.9408581191620101,0.941840410232544
ft_tkt_0000312,ft_sal_000172,ft_evt_0018,GENERAL,1,0.9349759289756103,0.9480685814440805,0.9408581191620101,0.941840410232544
ft_tkt_0000313,ft_sal_000173,ft_evt_0018,PREFERENCIAL,1,0.9345943760947751,0.9650262764514042,0.9583611241914849,0.9574831128120422
ft_tkt_0000314,ft_sal_000174,ft_evt_0018,CORTESÍA,1,0.39289583504262665,0.3047113907891256,0.33004549551651596,0.19647854566574097
ft_tkt_0000315,ft_sal_000175,ft_evt_0018,PREFERENCIAL,0,0.9345943760947751,0.9383704796752642,0.9470433954749873,0.9600905776023865
ft_tkt_0000316,ft_sal_000175,ft_evt_0018,PREFERENCIAL,1,0.9345943760947751,0.9383704796752642,0.9470433954749873,0.9600905776023865
ft_tkt_0000317,ft_sal_000176,ft_evt_0018,PREFERENCIAL,1,0.9345943760947751,0.9324396519360962,0.9398211913619207,0.9655342698097229
ft_tkt_0000318,ft_sal_000177,ft_evt_0018,GENERAL,1,0.9349759289756103,0.9586019303374923,0.9455290409770193,0.9494658708572388
ft_tkt_0000319,ft_sal_000178,ft_evt_0018,GENERAL,1,0.9349759289756103,0.9447673573982177,0.9403808109259117,0.9407268166542053
ft_tkt_0000320,ft_sal_000178,ft_evt_0018,GENERAL,1,0.9349759289756103,0.9447673573982177,0.9403808109259117,0.9407268166542053
ft_tkt_0000321,ft_sal_000179,ft_evt_0018,GENERAL,1,0.9349759289756103,0.9402937595844703,0.9496276273735145,0.9495165944099426
ft_tkt_0000322,ft_sal_000179,ft_evt_0018,GENERAL,1,0.9349759289756103,0.9402937595844703,0.9496276273735145,0.9495165944099426
ft_tkt_0000323,ft_sal_000180,ft_evt_0018,GENERAL,1,0.9349759289756103,0.9507936526639428,0.9405622818623155,0.9467303156852722
ft_tkt_0000324,ft_sal_000180,ft_evt_0018,GENERAL,1,0.9349759289756103,0.9507936526639428,0.9405622818623155,0.9467303156852722
ft_tkt_0000325,ft_sal_000181,ft_evt_0018,CORTESÍA,0,0.39289583504262665,0.378212556007591,0.4224389616476651,0.3811785876750946
ft_tkt_0000326,ft_sal_000181,ft_evt_0018,CORTESÍA,1,0.39289583504262665,0.378212556007591,0.4224389616476651,0.3811785876750946
ft_tkt_0000327,ft_sal_000181,ft_evt_0018,CORTESÍA,0,0.39289583504262665,0.378212556007591,0.4224389616476651,0.3811785876750946
ft_tkt_0000328,ft_sal_000182,ft_evt_0051,GENERAL,1,0.9346165947465126,0.930425513849746,0.9295278907167881,0.9066294431686401
ft_tkt_0000329,ft_sal_000182,ft_evt_0051,GENERAL,1,0.9346165947465126,0.930425513849746,0.9295278907167881,0.9066294431686401
ft_tkt_0000330,ft_sal_000182,ft_evt_0051,GENERAL,0,0.9346165947465126,0.930425513849746,0.9295278907167881,0.9066294431686401
ft_tkt_0000331,ft_sal_000182,ft_evt_0051,GENERAL,1,0.9346165947465126,0.930425513849746,0.9295278907167881,0.9066294431686401
ft_tkt_0000332,ft_sal_000182,ft_evt_0051,GENERAL,1,0.9346165947465126,0.930425513849746,0.9295278907167881,0.9066294431686401
ft_tkt_0000333,ft_sal_000182,ft_evt_0051,GENERAL,1,0.9346165947465126,0.930425513849746,0.9295278907167881,0.9066294431686401
ft_tkt_0000334,ft_sal_000183,ft_evt_0051,GENERAL,1,0.9346165947465126,0.9269145363662699,0.9336724867836536,0.9318750500679016
ft_tkt_0000335,ft_sal_000184,ft_evt_0051,GENERAL,0,0.9346165947465126,0.9281279354107381,0.9271625981273132,0.9285839200019836
ft_tkt_0000336,ft_sal_000184,ft_evt_0051,GENERAL,1,0.9346165947465126,0.9281279354107381,0.9271625981273132,0.9285839200019836
ft_tkt_0000337,ft_sal_000185,ft_evt_0051,PREFERENCIAL,1,0.932553728100417,0.9719909451417422,0.9588947695449979,0.957808792591095
ft_tkt_0000338,ft_sal_000186,ft_evt_0051,CORTESÍA,1,0.3751295741085871,0.40103521222487276,0.39059209393573113,0.3732525706291199
ft_tkt_0000339,ft_sal_000186,ft_evt_0051,CORTESÍA,0,0.3751295741085871,0.40103521222487276,0.39059209393573113,0.3732525706291199
ft_tkt_0000340,ft_sal_000187,ft_evt_0051,PREFERENCIAL,1,0.932553728100417,0.9192499562275392,0.9214660829246585,0.9276047348976135
ft_tkt_0000341,ft_sal_000188,ft_evt_0051,CORTESÍA,1,0.3751295741085871,0.3966997679275256,0.3934707725652994,0.4076325297355652
ft_tkt_0000342,ft_sal_000188,ft_evt_0051,CORTESÍA,1,0.3751295741085871,0.3966997679275256,0.3934707725652994,0.4076325297355652
ft_tkt_0000343,ft_sal_000189,ft_evt_0051,GENERAL,1,0.9346165947465126,0.9094976082740577,0.9203695919628455,0.9224604368209839
ft_tkt_0000344,ft_sal_000190,ft_evt_0051,GENERAL,1,0.9346165947465126,0.9282471250327424,0.9347120879772868,0.939433753490448
ft_tkt_0000345,ft_sal_000191,ft_evt_0051,GENERAL,0,0.9346165947465126,0.9219670703544659,0.9215989343663805,0.9345762729644775
ft_tkt_0000346,ft_sal_000191,ft_evt_0051,GENERAL,0,0.9346165947465126,0.9219670703544659,0.9215989343663805,0.9345762729644775
ft_tkt_0000347,ft_sal_000191,ft_evt_0051,GENERAL,1,0.9346165947465126,0.9219670703544659,0.9215989343663805,0.9345762729644775
ft_tkt_0000348,ft_sal_000192,ft_evt_0051,CORTESÍA,0,0.3751295741085871,0.43138623826044536,0.5455511013231817,0.553806483745575
ft_tkt_0000349,ft_sal_000192,ft_evt_0051,CORTESÍA,0,0.3751295741085871,0.43138623826044536,0.5455511013231817,0.553806483745575
ft_tkt_0000350,ft_sal_000193,ft_evt_0051,VIP,1,0.9303854601488023,0.9546704135446442,0.9350922282937583,0.9099318385124207
ft_tkt_0000351,ft_sal_000193,ft_evt_0051,VIP,1,0.9303854601488023,0.9546704135446442,0.9350922282937583,0.9099318385124207
ft_tkt_0000352,ft_sal_000193,ft_evt_0051,VIP,1,0.9303854601488023,0.9546704135446442,0.9350922282937583,0.9099318385124207
ft_tkt_0000353,ft_sal_000194,ft_evt_0051,CORTESÍA,1,0.3751295741085871,0.4670002496192004,0.5047057033855032,0.5540665984153748
ft_tkt_0000354,ft_sal_000194,ft_evt_0051,CORTESÍA,0,0.3751295741085871,0.4670002496192004,0.5047057033855032,0.5540665984153748
ft_tkt_0000355,ft_sal_000195,ft_evt_0051,GENERAL,1,0.9346165947465126,0.970210748479124,0.957095574209769,0.9634004235267639
ft_tkt_0000356,ft_sal_000195,ft_evt_0051,GENERAL,1,0.9346165947465126,0.970210748479124,0.957095574209769,0.9634004235267639
ft_tkt_0000357,ft_sal_000195,ft_evt_0051,GENERAL,1,0.9346165947465126,0.970210748479124,0.957095574209769,0.9634004235267639
ft_tkt_0000358,ft_sal_000196,ft_evt_0051,GENERAL,1,0.9346165947465126,0.9003080347581337,0.9272859588737087,0.9269974231719971
ft_tkt_0000359,ft_sal_000197,ft_evt_0051,GENERAL,1,0.9346165947465126,0.9574086635238609,0.947748502717938,0.9382738471031189
ft_tkt_0000360,ft_sal_000197,ft_evt_0051,GENERAL,1,0.9346165947465126,0.9574086635238609,0.947748502717938,0.9382738471031189
ft_tkt_0000361,ft_sal_000197,ft_evt_0051,GENERAL,1,0.9346165947465126,0.9574086635238609,0.947748502717938,0.9382738471031189
ft_tkt_0000362,ft_sal_000197,ft_evt_0051,GENERAL,1,0.9346165947465126,0.9574086635238609,0.947748502717938,0.9382738471031189
ft_tkt_0000363,ft_sal_000198,ft_evt_0051,PREFERENCIAL,1,0.932553728100417,0.9420323398088448,0.9333330768836009,0.9412161707878113
ft_tkt_0000364,ft_sal_000199,ft_evt_0051,GENERAL,1,0.9346165947465126,0.9486044047836326,0.9524242499493535,0.9555842876434326
ft_tkt_0000365,ft_sal_000199,ft_evt_0051,GENERAL,1,0.9346165947465126,0.9486044047836326,0.9524242499493535,0.9555842876434326
ft_tkt_0000366,ft_sal_000199,ft_evt_0051,GENERAL,1,0.9346165947465126,0.9486044047836326,0.9524242499493535,0.9555842876434326
ft_tkt_0000367,ft_sal_000199,ft_evt_0051,GENERAL,1,0.9346165947465126,0.9486044047836326,0.9524242499493535,0.9555842876434326
ft_tkt_0000368,ft_sal_000200,ft_evt_0051,CORTESÍA,1,0.3751295741085871,0.43141033911056503,0.4917741649040986,0.543647050857544
ft_tkt_0000369,ft_sal_000200,ft_evt_0051,CORTESÍA,1,0.3751295741085871,0.43141033911056503,0.4917741649040986,0.543647050857544
ft_tkt_0000370,ft_sal_000201,ft_evt_0051,GENERAL,1,0.9346165947465126,0.963057866153724,0.9469861072717701,0.9598324298858643
ft_tkt_0000371,ft_sal_000202,ft_evt_0051,GENERAL,1,0.9346165947465126,0.9458259707461992,0.9483017651049527,0.9540354013442993
ft_tkt_0000372,ft_sal_000203,ft_evt_0051,PREFERENCIAL,1,0.932553728100417,0.9512357777607179,0.9505901616398219,0.9503016471862793
ft_tkt_0000373,ft_sal_000204,ft_evt_0051,VIP,1,0.9303854601488023,0.9604916212558438,0.9511374570133008,0.9515745043754578
ft_tkt_0000374,ft_sal_000205,ft_evt_0051,CORTESÍA,0,0.3751295741085871,0.3280552108248417,0.38384670335457666,0.36682915687561035
ft_tkt_0000375,ft_sal_000206,ft_evt_0051,GENERAL,1,0.9346165947465126,0.9525641463693937,0.9510037413923941,0.9496685862541199
ft_tkt_0000376,ft_sal_000206,ft_evt_0051,GENERAL,1,0.9346165947465126,0.9525641463693937,0.9510037413923941,0.9496685862541199
ft_tkt_0000377,ft_sal_000206,ft_evt_0051,GENERAL,1,0.9346165947465126,0.9525641463693937,0.9510037413923941,0.9496685862541199
ft_tkt_0000378,ft_sal_000206,ft_evt_0051,GENERAL,1,0.9346165947465126,0.9525641463693937,0.9510037413923941,0.9496685862541199
ft_tkt_0000379,ft_sal_000207,ft_evt_0051,CORTESÍA,0,0.3751295741085871,0.30167658874251113,0.3860890756213602,0.33636370301246643
ft_tkt_0000380,ft_sal_000208,ft_evt_0051,PREFERENCIAL,1,0.932553728100417,0.9261887124262465,0.9302156831360748,0.9398167729377747
ft_tkt_0000381,ft_sal_000209,ft_evt_0051,VIP,1,0.9303854601488023,0.9568379567269857,0.9557589455049947,0.956937849521637
ft_tkt_0000382,ft_sal_000209,ft_evt_0051,VIP,1,0.9303854601488023,0.9568379567269857,0.9557589455049947,0.956937849521637
ft_tkt_0000383,ft_sal_000210,ft_evt_0051,VIP,1,0.9303854601488023,0.9443948415257307,0.9303029272293508,0.9436626434326172
ft_tkt_0000384,ft_sal_000210,ft_evt_0051,VIP,1,0.9303854601488023,0.9443948415257307,0.9303029272293508,0.9436626434326172
ft_tkt_0000385,ft_sal_000210,ft_evt_0051,VIP,1,0.9303854601488023,0.9443948415257307,0.9303029272293508,0.9436626434326172
ft_tkt_0000386,ft_sal_000211,ft_evt_0051,CORTESÍA,1,0.3751295741085871,0.3285641464913148,0.35869981123925854,0.3298830986022949
ft_tkt_0000387,ft_sal_000212,ft_evt_0051,GENERAL,1,0.9346165947465126,0.923576658036491,0.9399514514545279,0.9508529305458069
ft_tkt_0000388,ft_sal_000213,ft_evt_0051,VIP,1,0.9303854601488023,0.9714131443724012,0.9483143358475243,0.9554952383041382
ft_tkt_0000389,ft_sal_000213,ft_evt_0051,VIP,1,0.9303854601488023,0.9714131443724012,0.9483143358475243,0.9554952383041382
ft_tkt_0000390,ft_sal_000213,ft_evt_0051,VIP,1,0.9303854601488023,0.9714131443724012,0.9483143358475243,0.9554952383041382
ft_tkt_0000391,ft_sal_000213,ft_evt_0051,VIP,1,0.9303854601488023,0.9714131443724012,0.9483143358475243,0.9554952383041382
ft_tkt_0000392,ft_sal_000214,ft_evt_0051,GENERAL,1,0.9346165947465126,0.8931363652168439,0.9155089598213841,0.908537745475769
ft_tkt_0000393,ft_sal_000215,ft_evt_0051,GENERAL,1,0.9346165947465126,0.9553521408611059,0.9482287418180578,0.9471932649612427
ft_tkt_0000394,ft_sal_000215,ft_evt_0051,GENERAL,1,0.9346165947465126,0.9553521408611059,0.9482287418180578,0.9471932649612427
ft_tkt_0000395,ft_sal_000215,ft_evt_0051,GENERAL,1,0.9346165947465126,0.9553521408611059,0.9482287418180578,0.9471932649612427
ft_tkt_0000396,ft_sal_000215,ft_evt_0051,GENERAL,1,0.9346165947465126,0.9553521408611059,0.9482287418180578,0.9471932649612427
ft_tkt_0000397,ft_sal_000215,ft_evt_0051,GENERAL,1,0.9346165947465126,0.9553521408611059,0.9482287418180578,0.9471932649612427
ft_tkt_0000398,ft_sal_000215,ft_evt_0051,GENERAL,1,0.9346165947465126,0.9553521408611059,0.9482287418180578,0.9471932649612427
ft_tkt_0000399,ft_sal_000216,ft_evt_0051,PREFERENCIAL,1,0.932553728100417,0.9418734473956175,0.9334669647881444,0.9308021664619446
ft_tkt_0000400,ft_sal_000216,ft_evt_0051,PREFERENCIAL,0,0.932553728100417,0.9418734473956175,0.9334669647881444,0.9308021664619446
ft_tkt_0000401,ft_sal_000216,ft_evt_0051,PREFERENCIAL,1,0.932553728100417,0.9418734473956175,0.9334669647881444,0.9308021664619446
ft_tkt_0000402,ft_sal_000216,ft_evt_0051,PREFERENCIAL,1,0.932553728100417,0.9418734473956175,0.9334669647881444,0.9308021664619446
ft_tkt_0000403,ft_sal_000216,ft_evt_0051,PREFERENCIAL,1,0.932553728100417,0.9418734473956175,0.9334669647881444,0.9308021664619446
ft_tkt_0000404,ft_sal_000216,ft_evt_0051,PREFERENCIAL,1,0.932553728100417,0.9418734473956175,0.9334669647881444,0.9308021664619446
ft_tkt_0000405,ft_sal_000217,ft_evt_0051,PREFERENCIAL,1,0.932553728100417,0.942981192972014,0.9323802745123538,0.9038905501365662
ft_tkt_0000406,ft_sal_000217,ft_evt_0051,PREFERENCIAL,1,0.932553728100417,0.942981192972014,0.9323802745123538,0.9038905501365662
ft_tkt_0000407,ft_sal_000217,ft_evt_0051,PREFERENCIAL,1,0.932553728100417,0.942981192972014,0.9323802745123538,0.9038905501365662
ft_tkt_0000408,ft_sal_000217,ft_evt_0051,PREFERENCIAL,1,0.932553728100417,0.942981192972014,0.9323802745123538,0.9038905501365662
ft_tkt_0000409,ft_sal_000217,ft_evt_0051,PREFERENCIAL,1,0.932553728100417,0.942981192972014,0.9323802745123538,0.9038905501365662
ft_tkt_0000410,ft_sal_000217,ft_evt_0051,PREFERENCIAL,1,0.932553728100417,0.942981192972014,0.9323802745123538,0.9038905501365662
ft_tkt_0000411,ft_sal_000218,ft_evt_0051,GENERAL,1,0.9346165947465126,0.9457570179810499,0.9414251289539435,0.9511348605155945
ft_tkt_0000412,ft_sal_000219,ft_evt_0051,PREFERENCIAL,1,0.932553728100417,0.9478037615358474,0.9323889597962706,0.9110255837440491
ft_tkt_0000413,ft_sal_000219,ft_evt_0051,PREFERENCIAL,1,0.932553728100417,0.9478037615358474,0.9323889597962706,0.9110255837440491
ft_tkt_0000414,ft_sal_000219,ft_evt_0051,PREFERENCIAL,1,0.932553728100417,0.9478037615358474,0.9323889597962706,0.9110255837440491
ft_tkt_0000415,ft_sal_000220,ft_evt_0051,GENERAL,1,0.9346165947465126,0.9451476331670656,0.9470616875529585,0.9542819857597351
ft_tkt_0000416,ft_sal_000221,ft_evt_0051,CORTESÍA,0,0.3751295741085871,0.3801183648630766,0.4135041682973595,0.37083277106285095
ft_tkt_0000417,ft_sal_000221,ft_evt_0051,CORTESÍA,1,0.3751295741085871,0.3801183648630766,0.4135041682973595,0.37083277106285095
ft_tkt_0000418,ft_sal_000222,ft_evt_0051,GENERAL,1,0.9346165947465126,0.9395446251243267,0.9402545817735474,0.9474750757217407
ft_tkt_0000419,ft_sal_000222,ft_evt_0051,GENERAL,1,0.9346165947465126,0.9395446251243267,0.9402545817735474,0.9474750757217407
ft_tkt_0000420,ft_sal_000223,ft_evt_0051,GENERAL,1,0.9346165947465126,0.9467089911977054,0.9487737360103444,0.9539099931716919
ft_tkt_0000421,ft_sal_000224,ft_evt_0051,GENERAL,1,0.9346165947465126,0.9628572451242139,0.9571094389356698,0.9526144862174988
ft_tkt_0000422,ft_sal_000225,ft_evt_0051,CORTESÍA,0,0.3751295741085871,0.2573192950288965,0.38626834021137313,0.35802018642425537
ft_tkt_0000423,ft_sal_000226,ft_evt_0051,GENERAL,1,0.9346165947465126,0.9410206953978685,0.9339348220628794,0.9288622736930847
ft_tkt_0000424,ft_sal_000226,ft_evt_0051,GENERAL,1,0.9346165947465126,0.9410206953978685,0.9339348220628794,0.9288622736930847
ft_tkt_0000425,ft_sal_000227,ft_evt_0051,CORTESÍA,0,0.3751295741085871,0.3716656957959817,0.41132086392171885,0.42927882075309753
ft_tkt_0000426,ft_sal_000227,ft_evt_0051,CORTESÍA,0,0.3751295741085871,0.3716656957959817,0.41132086392171885,0.42927882075309753
ft_tkt_0000427,ft_sal_000228,ft_evt_0051,GENERAL,1,0.9346165947465126,0.9358320498518459,0.9323546855545043,0.8878897428512573
ft_tkt_0000428,ft_sal_000228,ft_evt_0051,GENERAL,1,0.9346165947465126,0.9358320498518459,0.9323546855545043,0.8878897428512573
ft_tkt_0000429,ft_sal_000229,ft_evt_0051,PREFERENCIAL,0,0.932553728100417,0.9430871344787841,0.9307180866323952,0.9442322254180908
ft_tkt_0000430,ft_sal_000229,ft_evt_0051,PREFERENCIAL,1,0.932553728100417,0.9430871344787841,0.9307180866323952,0.9442322254180908
ft_tkt_0000431,ft_sal_000230,ft_evt_0051,PREFERENCIAL,1,0.932553728100417,0.9738309847082924,0.9580492270518552,0.9546148180961609
ft_tkt_0000432,ft_sal_000230,ft_evt_0051,PREFERENCIAL,1,0.932553728100417,0.9738309847082924,0.9580492270518552,0.9546148180961609
ft_tkt_0000433,ft_sal_000230,ft_evt_0051,PREFERENCIAL,1,0.932553728100417,0.9738309847082924,0.9580492270518552,0.9546148180961609
ft_tkt_0000434,ft_sal_000231,ft_evt_0051,GENERAL,1,0.9346165947465126,0.9321852785406762,0.9341643966704128,0.9525671005249023
ft_tkt_0000435,ft_sal_000231,ft_evt_0051,GENERAL,1,0.9346165947465126,0.9321852785406762,0.9341643966704128,0.9525671005249023
ft_tkt_0000436,ft_sal_000232,ft_evt_0051,PREFERENCIAL,1,0.932553728100417,0.9622747666338607,0.9371849467071256,0.9429028630256653
ft_tkt_0000437,ft_sal_000232,ft_evt_0051,PREFERENCIAL,1,0.932553728100417,0.9622747666338607,0.9371849467071256,0.9429028630256653
ft_tkt_0000438,ft_sal_000233,ft_evt_0051,GENERAL,1,0.9346165947465126,0.9511110473360334,0.9521199595348655,0.9531148672103882
ft_tkt_0000439,ft_sal_000234,ft_evt_0051,CORTESÍA,1,0.3751295741085871,0.3052863860204932,0.38030144368673197,0.37591299414634705
ft_tkt_0000440,ft_sal_000235,ft_evt_0051,GENERAL,1,0.9346165947465126,0.9541567968303876,0.9416962413501141,0.9329355955123901
ft_tkt_0000441,ft_sal_000235,ft_evt_0051,GENERAL,1,0.9346165947465126,0.9541567968303876,0.9416962413501141,0.9329355955123901
ft_tkt_0000442,ft_sal_000236,ft_evt_0051,PREFERENCIAL,1,0.932553728100417,0.9651771988273625,0.9525997452877705,0.9562401175498962
ft_tkt_0000443,ft_sal_000237,ft_evt_0051,GENERAL,1,0.9346165947465126,0.9448958763773547,0.9362250766336333,0.9442517757415771
ft_tkt_0000444,ft_sal_000238,ft_evt_0051,GENERAL,1,0.9346165947465126,0.94038359046144,0.9345765096474133,0.949959397315979
ft_tkt_0000445,ft_sal_000239,ft_evt_0051,GENERAL,1,0.9346165947465126,0.8818213092549273,0.859672779592162,0.9046748280525208
ft_tkt_0000446,ft_sal_000239,ft_evt_0051,GENERAL,0,0.9346165947465126,0.8818213092549273,0.859672779592162,0.9046748280525208
ft_tkt_0000447,ft_sal_000239,ft_evt_0051,GENERAL,0,0.9346165947465126,0.8818213092549273,0.859672779592162,0.9046748280525208
ft_tkt_0000448,ft_sal_000240,ft_evt_0051,GENERAL,1,0.9346165947465126,0.9416195760850403,0.9281698567891505,0.8845539093017578
ft_tkt_0000449,ft_sal_000240,ft_evt_0051,GENERAL,1,0.9346165947465126,0.9416195760850403,0.9281698567891505,0.8845539093017578
ft_tkt_0000450,ft_sal_000240,ft_evt_0051,GENERAL,1,0.9346165947465126,0.9416195760850403,0.9281698567891505,0.8845539093017578
ft_tkt_0000451,ft_sal_000240,ft_evt_0051,GENERAL,1,0.9346165947465126,0.9416195760850403,0.9281698567891505,0.8845539093017578
ft_tkt_0000452,ft_sal_000241,ft_evt_0051,CORTESÍA,1,0.3751295741085871,0.4300498707461756,0.40899447229913394,0.423005074262619
ft_tkt_0000453,ft_sal_000242,ft_evt_0051,VIP,1,0.9303854601488023,0.9602146150199515,0.9391776810306252,0.9549338817596436
ft_tkt_0000454,ft_sal_000242,ft_evt_0051,VIP,1,0.9303854601488023,0.9602146150199515,0.9391776810306252,0.9549338817596436
ft_tkt_0000455,ft_sal_000243,ft_evt_0051,CORTESÍA,0,0.3751295741085871,0.37168096032512205,0.35445893248230026,0.3269469738006592
ft_tkt_0000456,ft_sal_000243,ft_evt_0051,CORTESÍA,0,0.3751295741085871,0.37168096032512205,0.35445893248230026,0.3269469738006592
ft_tkt_0000457,ft_sal_000244,ft_evt_0051,VIP,1,0.9303854601488023,0.9705266296492038,0.9554109524428996,0.9527403116226196
ft_tkt_0000458,ft_sal_000245,ft_evt_0051,GENERAL,1,0.9346165947465126,0.9173184559864092,0.9232952571972494,0.9372166395187378
ft_tkt_0000459,ft_sal_000246,ft_evt_0051,CORTESÍA,0,0.3751295741085871,0.3726791443370142,0.3379422013672516,0.3258548378944397
ft_tkt_0000460,ft_sal_000246,ft_evt_0051,CORTESÍA,0,0.3751295741085871,0.3726791443370142,0.3379422013672516,0.3258548378944397
ft_tkt_0000461,ft_sal_000247,ft_evt_0051,CORTESÍA,0,0.3751295741085871,0.36215718066677693,0.3616552015887425,0.28230273723602295
ft_tkt_0000462,ft_sal_000247,ft_evt_0051,CORTESÍA,0,0.3751295741085871,0.36215718066677693,0.3616552015887425,0.28230273723602295
ft_tkt_0000463,ft_sal_000248,ft_evt_0051,GENERAL,1,0.9346165947465126,0.9298795441534636,0.9312284212239013,0.940536379814148
ft_tkt_0000464,ft_sal_000248,ft_evt_0051,GENERAL,1,0.9346165947465126,0.9298795441534636,0.9312284212239013,0.940536379814148
ft_tkt_0000465,ft_sal_000249,ft_evt_0051,CORTESÍA,0,0.3751295741085871,0.36248145708419993,0.34165811565612364,0.33939534425735474
ft_tkt_0000466,ft_sal_000250,ft_evt_0051,GENERAL,1,0.9346165947465126,0.9550623310208242,0.9554041759668538,0.9680753350257874
ft_tkt_0000467,ft_sal_000250,ft_evt_0051,GENERAL,1,0.9346165947465126,0.9550623310208242,0.9554041759668538,0.9680753350257874
ft_tkt_0000468,ft_sal_000251,ft_evt_0051,CORTESÍA,1,0.3751295741085871,0.45888709150061047,0.5510129384919877,0.5724636912345886
ft_tkt_0000469,ft_sal_000251,ft_evt_0051,CORTESÍA,1,0.3751295741085871,0.45888709150061047,0.5510129384919877,0.5724636912345886
ft_tkt_0000470,ft_sal_000252,ft_evt_0051,GENERAL,1,0.9346165947465126,0.9628270436448471,0.9572897273052098,0.9566807150840759
ft_tkt_0000471,ft_sal_000253,ft_evt_0051,GENERAL,1,0.9346165947465126,0.9558053506159215,0.9479865638052533,0.954258382320404
ft_tkt_0000472,ft_sal_000253,ft_evt_0051,GENERAL,1,0.9346165947465126,0.9558053506159215,0.9479865638052533,0.954258382320404
ft_tkt_0000473,ft_sal_000253,ft_evt_0051,GENERAL,1,0.9346165947465126,0.9558053506159215,0.9479865638052533,0.954258382320404
ft_tkt_0000474,ft_sal_000254,ft_evt_0051,GENERAL,1,0.9346165947465126,0.9269406706252301,0.9322128406210661,0.9501213431358337
ft_tkt_0000475,ft_sal_000254,ft_evt_0051,GENERAL,1,0.9346165947465126,0.9269406706252301,0.9322128406210661,0.9501213431358337
ft_tkt_0000476,ft_sal_000254,ft_evt_0051,GENERAL,1,0.9346165947465126,0.9269406706252301,0.9322128406210661,0.9501213431358337
ft_tkt_0000477,ft_sal_000255,ft_evt_0051,PREFERENCIAL,1,0.932553728100417,0.9734372060314469,0.9582611162651157,0.9651853442192078
ft_tkt_0000478,ft_sal_000255,ft_evt_0051,PREFERENCIAL,1,0.932553728100417,0.9734372060314469,0.9582611162651157,0.9651853442192078
ft_tkt_0000479,ft_sal_000256,ft_evt_0051,GENERAL,1,0.9346165947465126,0.9225339741521407,0.9289284298013883,0.9128022789955139
ft_tkt_0000480,ft_sal_000257,ft_evt_0051,GENERAL,0,0.9346165947465126,0.9279906609809095,0.9295944197347593,0.9194192290306091
ft_tkt_0000481,ft_sal_000257,ft_evt_0051,GENERAL,1,0.9346165947465126,0.9279906609809095,0.9295944197347593,0.9194192290306091
ft_tkt_0000482,ft_sal_000257,ft_evt_0051,GENERAL,1,0.9346165947465126,0.9279906609809095,0.9295944197347593,0.9194192290306091
ft_tkt_0000483,ft_sal_000258,ft_evt_0051,VIP,1,0.9303854601488023,0.9583927124754971,0.943103423735623,0.9534204602241516
ft_tkt_0000484,ft_sal_000258,ft_evt_0051,VIP,1,0.9303854601488023,0.9583927124754971,0.943103423735623,0.9534204602241516
ft_tkt_0000485,ft_sal_000259,ft_evt_0051,GENERAL,1,0.9346165947465126,0.9275832986783028,0.9373043733924179,0.944367527961731
ft_tkt_0000486,ft_sal_000260,ft_evt_0051,CORTESÍA,1,0.3751295741085871,0.44800423777287185,0.5449311384967763,0.6183571815490723
ft_tkt_0000487,ft_sal_000260,ft_evt_0051,CORTESÍA,1,0.3751295741085871,0.44800423777287185,0.5449311384967763,0.6183571815490723
ft_tkt_0000488,ft_sal_000260,ft_evt_0051,CORTESÍA,1,0.3751295741085871,0.44800423777287185,0.5449311384967763,0.6183571815490723
ft_tkt_0000489,ft_sal_000261,ft_evt_0051,GENERAL,1,0.9346165947465126,0.9103262884220902,0.9118590093257846,0.9290621280670166
ft_tkt_0000490,ft_sal_000262,ft_evt_0051,VIP,1,0.9303854601488023,0.9607270517615761,0.9522972425410109,0.9567008018493652
ft_tkt_0000491,ft_sal_000263,ft_evt_0051,GENERAL,1,0.9346165947465126,0.9579555043063368,0.9493180865220376,0.951744794845581
ft_tkt_0000492,ft_sal_000263,ft_evt_0051,GENERAL,1,0.9346165947465126,0.9579555043063368,0.9493180865220376,0.951744794845581
ft_tkt_0000493,ft_sal_000264,ft_evt_0051,GENERAL,1,0.9346165947465126,0.9653219747559986,0.9544681964290532,0.9590845704078674
ft_tkt_0000494,ft_sal_000265,ft_evt_0051,VIP,1,0.9303854601488023,0.9700861149105217,0.9479670440796443,0.958968460559845
ft_tkt_0000495,ft_sal_000265,ft_evt_0051,VIP,1,0.9303854601488023,0.9700861149105217,0.9479670440796443,0.958968460559845
ft_tkt_0000496,ft_sal_000265,ft_evt_0051,VIP,1,0.9303854601488023,0.9700861149105217,0.9479670440796443,0.958968460559845
ft_tkt_0000497,ft_sal_000265,ft_evt_0051,VIP,1,0.9303854601488023,0.9700861149105217,0.9479670440796443,0.958968460559845
ft_tkt_0000498,ft_sal_000266,ft_evt_0051,GENERAL,1,0.9346165947465126,0.9322741336925174,0.922258144967561,0.9122258424758911
ft_tkt_0000499,ft_sal_000267,ft_evt_0051,GENERAL,1,0.9346165947465126,0.9346286754994212,0.9317424452326191,0.9433507919311523
ft_tkt_0000500,ft_sal_000268,ft_evt_0051,GENERAL,1,0.9346165947465126,0.9349417887361677,0.9446093812738013,0.9457376599311829
ft_tkt_0000501,ft_sal_000269,ft_evt_0051,VIP,1,0.9303854601488023,0.9406268327786231,0.9299500393740913,0.9458022713661194
ft_tkt_0000502,ft_sal_000269,ft_evt_0051,VIP,1,0.9303854601488023,0.9406268327786231,0.9299500393740913,0.9458022713661194
ft_tkt_0000503,ft_sal_000270,ft_evt_0051,GENERAL,1,0.9346165947465126,0.9288657884551491,0.9260316379177387,0.9413511753082275
ft_tkt_0000504,ft_sal_000270,ft_evt_0051,GENERAL,1,0.9346165947465126,0.9288657884551491,0.9260316379177387,0.9413511753082275
ft_tkt_0000505,ft_sal_000271,ft_evt_0051,CORTESÍA,0,0.3751295741085871,0.31873405559473095,0.338367795871971,0.35152414441108704
ft_tkt_0000506,ft_sal_000272,ft_evt_0051,PREFERENCIAL,1,0.932553728100417,0.9508829590371115,0.9360752747751351,0.9416036009788513
ft_tkt_0000507,ft_sal_000273,ft_evt_0051,CORTESÍA,0,0.3751295741085871,0.4001690699076927,0.43862940942040546,0.4575307071208954
ft_tkt_0000508,ft_sal_000274,ft_evt_0051,PREFERENCIAL,1,0.932553728100417,0.9091241661600648,0.9207695612536353,0.9100891351699829
ft_tkt_0000509,ft_sal_000275,ft_evt_0051,GENERAL,1,0.9346165947465126,0.9543815406312611,0.9416962413501141,0.9329355955123901
ft_tkt_0000510,ft_sal_000275,ft_evt_0051,GENERAL,1,0.9346165947465126,0.9543815406312611,0.9416962413501141,0.9329355955123901
ft_tkt_0000511,ft_sal_000276,ft_evt_0051,GENERAL,1,0.9346165947465126,0.9472269703522155,0.9485261126271793,0.9488029479980469
ft_tkt_0000512,ft_sal_000277,ft_evt_0051,GENERAL,1,0.9346165947465126,0.952257861633793,0.946806427187208,0.9546136260032654
ft_tkt_0000513,ft_sal_000278,ft_evt_0051,PREFERENCIAL,1,0.932553728100417,0.9384708350620856,0.9315127064527641,0.9323906898498535
ft_tkt_0000514,ft_sal_000279,ft_evt_0051,GENERAL,1,0.9346165947465126,0.8962692580701282,0.9164019892015502,0.9200236201286316
ft_tkt_0000515,ft_sal_000280,ft_evt_0051,GENERAL,1,0.9346165947465126,0.9746620409118795,0.9625481799512874,0.9520131945610046
ft_tkt_0000516,ft_sal_000281,ft_evt_0051,GENERAL,0,0.9346165947465126,0.939364517255916,0.9346631965976276,0.9504944682121277
ft_tkt_0000517,ft_sal_000282,ft_evt_0051,GENERAL,1,0.9346165947465126,0.9127226255417988,0.9234956411623654,0.9261403679847717
ft_tkt_0000518,ft_sal_000283,ft_evt_0051,GENERAL,1,0.9346165947465126,0.9182847287242829,0.9283700281796365,0.9340359568595886
ft_tkt_0000519,ft_sal_000284,ft_evt_0051,CORTESÍA,1,0.3751295741085871,0.4355637409106813,0.4696680068883938,0.45016756653785706
ft_tkt_0000520,ft_sal_000285,ft_evt_0051,GENERAL,1,0.9346165947465126,0.941630105164884,0.9454099936063012,0.9487692713737488
ft_tkt_0000521,ft_sal_000286,ft_evt_0051,GENERAL,1,0.9346165947465126,0.9095416421482614,0.9240499439091944,0.9322875738143921
ft_tkt_0000522,ft_sal_000287,ft_evt_0051,GENERAL,1,0.9346165947465126,0.9488034236457225,0.9348925523760846,0.9362658858299255
ft_tkt_0000523,ft_sal_000287,ft_evt_0051,GENERAL,1,0.9346165947465126,0.9488034236457225,0.9348925523760846,0.9362658858299255
ft_tkt_0000524,ft_sal_000288,ft_evt_0051,GENERAL,1,0.9346165947465126,0.9090361173515075,0.9163938042570922,0.9346761107444763
ft_tkt_0000525,ft_sal_000289,ft_evt_0051,VIP,1,0.9303854601488023,0.9538718824041627,0.9442675143172028,0.9542937874794006
ft_tkt_0000526,ft_sal_000290,ft_evt_0051,GENERAL,1,0.9346165947465126,0.9477678177203188,0.9485070069845576,0.9475529789924622
ft_tkt_0000527,ft_sal_000291,ft_evt_0051,VIP,1,0.9303854601488023,0.9689724200765494,0.9494822080237648,0.9602246284484863
ft_tkt_0000528,ft_sal_000291,ft_evt_0051,VIP,1,0.9303854601488023,0.9689724200765494,0.9494822080237648,0.9602246284484863
ft_tkt_0000529,ft_sal_000291,ft_evt_0051,VIP,1,0.9303854601488023,0.9689724200765494,0.9494822080237648,0.9602246284484863
ft_tkt_0000530,ft_sal_000292,ft_evt_0051,VIP,1,0.9303854601488023,0.9665806244334592,0.9483745095685295,0.9629814028739929
ft_tkt_0000531,ft_sal_000292,ft_evt_0051,VIP,1,0.9303854601488023,0.9665806244334592,0.9483745095685295,0.9629814028739929
ft_tkt_0000532,ft_sal_000293,ft_evt_0051,PREFERENCIAL,1,0.932553728100417,0.9369009756758382,0.9315778035473429,0.919041097164154
ft_tkt_0000533,ft_sal_000293,ft_evt_0051,PREFERENCIAL,1,0.932553728100417,0.9369009756758382,0.9315778035473429,0.919041097164154
ft_tkt_0000534,ft_sal_000294,ft_evt_0051,GENERAL,1,0.9346165947465126,0.9487277696590292,0.9337932739033533,0.9470985531806946
ft_tkt_0000535,ft_sal_000294,ft_evt_0051,GENERAL,1,0.9346165947465126,0.9487277696590292,0.9337932739033533,0.9470985531806946
ft_tkt_0000536,ft_sal_000295,ft_evt_0051,GENERAL,1,0.9346165947465126,0.9288352363006803,0.9227646663154917,0.93018639087677
ft_tkt_0000537,ft_sal_000295,ft_evt_0051,GENERAL,1,0.9346165947465126,0.9288352363006803,0.9227646663154917,0.93018639087677
ft_tkt_0000538,ft_sal_000295,ft_evt_0051,GENERAL,1,0.9346165947465126,0.9288352363006803,0.9227646663154917,0.93018639087677
ft_tkt_0000539,ft_sal_000295,ft_evt_0051,GENERAL,1,0.9346165947465126,0.9288352363006803,0.9227646663154917,0.93018639087677
ft_tkt_0000540,ft_sal_000296,ft_evt_0051,GENERAL,1,0.9346165947465126,0.9437873791243124,0.9466306704348544,0.958275556564331
ft_tkt_0000541,ft_sal_000297,ft_evt_0051,CORTESÍA,1,0.3751295741085871,0.42726049445973063,0.5276147849788704,0.47726085782051086
ft_tkt_0000542,ft_sal_000298,ft_evt_0051,GENERAL,1,0.9346165947465126,0.9215694540504044,0.9083921492210266,0.8726946711540222
ft_tkt_0000543,ft_sal_000299,ft_evt_0051,CORTESÍA,0,0.3751295741085871,0.4959664646099546,0.5127297789034596,0.5694013237953186
ft_tkt_0000544,ft_sal_000300,ft_evt_0051,VIP,1,0.9303854601488023,0.9722460438941498,0.9508645177853497,0.9583882093429565
ft_tkt_0000545,ft_sal_000300,ft_evt_0051,VIP,1,0.9303854601488023,0.9722460438941498,0.9508645177853497,0.9583882093429565
ft_tkt_0000546,ft_sal_000300,ft_evt_0051,VIP,0,0.9303854601488023,0.9722460438941498,0.9508645177853497,0.9583882093429565
ft_tkt_0000547,ft_sal_000300,ft_evt_0051,VIP,1,0.9303854601488023,0.9722460438941498,0.9508645177853497,0.9583882093429565
ft_tkt_0000548,ft_sal_000301,ft_evt_0051,PREFERENCIAL,1,0.932553728100417,0.9403441137013401,0.9350107112704965,0.9330580234527588
ft_tkt_0000549,ft_sal_000302,ft_evt_0051,PREFERENCIAL,1,0.932553728100417,0.9473222552374794,0.9383621363516399,0.9440057873725891
ft_tkt_0000550,ft_sal_000303,ft_evt_0051,GENERAL,1,0.9346165947465126,0.899826220713817,0.9224425879827504,0.9044360518455505
ft_tkt_0000551,ft_sal_000303,ft_evt_0051,GENERAL,0,0.9346165947465126,0.899826220713817,0.9224425879827504,0.9044360518455505
ft_tkt_0000552,ft_sal_000303,ft_evt_0051,GENERAL,1,0.9346165947465126,0.899826220713817,0.9224425879827504,0.9044360518455505
ft_tkt_0000553,ft_sal_000303,ft_evt_0051,GENERAL,1,0.9346165947465126,0.899826220713817,0.9224425879827504,0.9044360518455505
ft_tkt_0000554,ft_sal_000303,ft_evt_0051,GENERAL,1,0.9346165947465126,0.899826220713817,0.9224425879827504,0.9044360518455505
ft_tkt_0000555,ft_sal_000303,ft_evt_0051,GENERAL,1,0.9346165947465126,0.899826220713817,0.9224425879827504,0.9044360518455505
ft_tkt_0000556,ft_sal_000304,ft_evt_0051,GENERAL,1,0.9346165947465126,0.8289714216361245,0.9114956268026939,0.9027083516120911
ft_tkt_0000557,ft_sal_000305,ft_evt_0051,CORTESÍA,1,0.3751295741085871,0.5491458647808083,0.5375871417299389,0.5517671704292297
ft_tkt_0000558,ft_sal_000306,ft_evt_0051,VIP,1,0.9303854601488023,0.9724121032537449,0.9536196037192923,0.9657476544380188
ft_tkt_0000559,ft_sal_000306,ft_evt_0051,VIP,1,0.9303854601488023,0.9724121032537449,0.9536196037192923,0.9657476544380188
ft_tkt_0000560,ft_sal_000307,ft_evt_0051,GENERAL,1,0.9346165947465126,0.9596383511374174,0.9516383945265666,0.954279363155365
ft_tkt_0000561,ft_sal_000307,ft_evt_0051,GENERAL,1,0.9346165947465126,0.9596383511374174,0.9516383945265666,0.954279363155365
ft_tkt_0000562,ft_sal_000308,ft_evt_0051,CORTESÍA,0,0.3751295741085871,0.39324094897298906,0.4562303060366145,0.4923176169395447
ft_tkt_0000563,ft_sal_000308,ft_evt_0051,CORTESÍA,1,0.3751295741085871,0.39324094897298906,0.4562303060366145,0.4923176169395447
ft_tkt_0000564,ft_sal_000308,ft_evt_0051,CORTESÍA,0,0.3751295741085871,0.39324094897298906,0.4562303060366145,0.4923176169395447
ft_tkt_0000565,ft_sal_000309,ft_evt_0051,GENERAL,1,0.9346165947465126,0.9554745068417088,0.9476055933425069,0.9551623463630676
ft_tkt_0000566,ft_sal_000309,ft_evt_0051,GENERAL,1,0.9346165947465126,0.9554745068417088,0.9476055933425069,0.9551623463630676
ft_tkt_0000567,ft_sal_000310,ft_evt_0051,VIP,1,0.9303854601488023,0.9542008472446005,0.9377192280216864,0.9508290886878967
ft_tkt_0000568,ft_sal_000310,ft_evt_0051,VIP,1,0.9303854601488023,0.9542008472446005,0.9377192280216864,0.9508290886878967
ft_tkt_0000569,ft_sal_000311,ft_evt_0051,GENERAL,1,0.9346165947465126,0.941729980592425,0.9457820486510404,0.948883593082428
ft_tkt_0000570,ft_sal_000312,ft_evt_0051,GENERAL,1,0.9346165947465126,0.9299382760450264,0.9269150988147831,0.9350339770317078
ft_tkt_0000571,ft_sal_000312,ft_evt_0051,GENERAL,1,0.9346165947465126,0.9299382760450264,0.9269150988147831,0.9350339770317078
ft_tkt_0000572,ft_sal_000313,ft_evt_0051,GENERAL,0,0.9346165947465126,0.9682012808180684,0.9547982354053925,0.9475927948951721
ft_tkt_0000573,ft_sal_000314,ft_evt_0051,GENERAL,1,0.9346165947465126,0.8585174623561527,0.9140162412536789,0.8973808884620667
ft_tkt_0000574,ft_sal_000315,ft_evt_0051,GENERAL,1,0.9346165947465126,0.9500705138908035,0.9406550261276262,0.9320971965789795
ft_tkt_0000575,ft_sal_000315,ft_evt_0051,GENERAL,1,0.9346165947465126,0.9500705138908035,0.9406550261276262,0.9320971965789795
ft_tkt_0000576,ft_sal_000316,ft_evt_0051,GENERAL,1,0.9346165947465126,0.9345469134810782,0.9264279177869884,0.9236714839935303
ft_tkt_0000577,ft_sal_000316,ft_evt_0051,GENERAL,1,0.9346165947465126,0.9345469134810782,0.9264279177869884,0.9236714839935303
ft_tkt_0000578,ft_sal_000317,ft_evt_0051,GENERAL,1,0.9346165947465126,0.9504569604179387,0.9403891595824218,0.9370332360267639
ft_tkt_0000579,ft_sal_000317,ft_evt_0051,GENERAL,1,0.9346165947465126,0.9504569604179387,0.9403891595824218,0.9370332360267639
ft_tkt_0000580,ft_sal_000317,ft_evt_0051,GENERAL,0,0.9346165947465126,0.9504569604179387,0.9403891595824218,0.9370332360267639
ft_tkt_0000581,ft_sal_000318,ft_evt_0051,CORTESÍA,0,0.3751295741085871,0.3235995988258245,0.38999178667040185,0.3850928246974945
ft_tkt_0000582,ft_sal_000318,ft_evt_0051,CORTESÍA,1,0.3751295741085871,0.3235995988258245,0.38999178667040185,0.3850928246974945
ft_tkt_0000583,ft_sal_000319,ft_evt_0051,CORTESÍA,1,0.3751295741085871,0.35355971001898434,0.3824883911159172,0.2920055389404297
ft_tkt_0000584,ft_sal_000320,ft_evt_0051,GENERAL,1,0.9346165947465126,0.9317456229795551,0.9224720659046824,0.9389420747756958
ft_tkt_0000585,ft_sal_000320,ft_evt_0051,GENERAL,1,0.9346165947465126,0.9317456229795551,0.9224720659046824,0.9389420747756958
ft_tkt_0000586,ft_sal_000320,ft_evt_0051,GENERAL,1,0.9346165947465126,0.9317456229795551,0.9224720659046824,0.9389420747756958
ft_tkt_0000587,ft_sal_000320,ft_evt_0051,GENERAL,1,0.9346165947465126,0.9317456229795551,0.9224720659046824,0.9389420747756958
ft_tkt_0000588,ft_sal_000321,ft_evt_0051,GENERAL,1,0.9346165947465126,0.9154441275527455,0.9272661708120449,0.9293469190597534
ft_tkt_0000589,ft_sal_000322,ft_evt_0051,VIP,1,0.9303854601488023,0.941377666508666,0.9243758668837726,0.9306590557098389
ft_tkt_0000590,ft_sal_000322,ft_evt_0051,VIP,1,0.9303854601488023,0.941377666508666,0.9243758668837726,0.9306590557098389
ft_tkt_0000591,ft_sal_000323,ft_evt_0051,VIP,1,0.9303854601488023,0.9464279502697426,0.9349114634946903,0.9573505520820618
ft_tkt_0000592,ft_sal_000323,ft_evt_0051,VIP,1,0.9303854601488023,0.9464279502697426,0.9349114634946903,0.9573505520820618
ft_tkt_0000593,ft_sal_000324,ft_evt_0051,VIP,1,0.9303854601488023,0.9493729850334618,0.9292674760506513,0.9390092492103577
ft_tkt_0000594,ft_sal_000324,ft_evt_0051,VIP,1,0.9303854601488023,0.9493729850334618,0.9292674760506513,0.9390092492103577
ft_tkt_0000595,ft_sal_000324,ft_evt_0051,VIP,1,0.9303854601488023,0.9493729850334618,0.9292674760506513,0.9390092492103577
ft_tkt_0000596,ft_sal_000324,ft_evt_0051,VIP,1,0.9303854601488023,0.9493729850334618,0.9292674760506513,0.9390092492103577
ft_tkt_0000597,ft_sal_000325,ft_evt_0051,GENERAL,1,0.9346165947465126,0.9513472880317695,0.9514990903466278,0.9545176029205322
ft_tkt_0000598,ft_sal_000326,ft_evt_0051,CORTESÍA,0,0.3751295741085871,0.298407951203523,0.38576882483055147,0.3794872462749481
ft_tkt_0000599,ft_sal_000327,ft_evt_0051,GENERAL,1,0.9346165947465126,0.9660207905040649,0.9449331227173112,0.9580101370811462
ft_tkt_0000600,ft_sal_000327,ft_evt_0051,GENERAL,1,0.9346165947465126,0.9660207905040649,0.9449331227173112,0.9580101370811462
ft_tkt_0000601,ft_sal_000328,ft_evt_0051,GENERAL,1,0.9346165947465126,0.9199106611516296,0.9342657038367527,0.9193493723869324
ft_tkt_0000602,ft_sal_000329,ft_evt_0051,GENERAL,1,0.9346165947465126,0.9448372058604882,0.9277257086597054,0.9477049112319946
ft_tkt_0000603,ft_sal_000329,ft_evt_0051,GENERAL,1,0.9346165947465126,0.9448372058604882,0.9277257086597054,0.9477049112319946
ft_tkt_0000604,ft_sal_000330,ft_evt_0051,PREFERENCIAL,0,0.932553728100417,0.9518964271352256,0.9506028734993467,0.9501646161079407
ft_tkt_0000605,ft_sal_000331,ft_evt_0051,GENERAL,1,0.9346165947465126,0.9393423250556522,0.9406603296012052,0.9310110807418823
ft_tkt_0000606,ft_sal_000332,ft_evt_0051,GENERAL,1,0.9346165947465126,0.9477104242484317,0.9489264569596214,0.9493247866630554
ft_tkt_0000607,ft_sal_000333,ft_evt_0051,GENERAL,1,0.9346165947465126,0.9558240801803195,0.9474982295136414,0.9553797841072083
ft_tkt_0000608,ft_sal_000333,ft_evt_0051,GENERAL,1,0.9346165947465126,0.9558240801803195,0.9474982295136414,0.9553797841072083
ft_tkt_0000609,ft_sal_000333,ft_evt_0051,GENERAL,1,0.9346165947465126,0.9558240801803195,0.9474982295136414,0.9553797841072083
ft_tkt_0000610,ft_sal_000334,ft_evt_0051,CORTESÍA,1,0.3751295741085871,0.4591709595762989,0.44445474906382654,0.44133415818214417
ft_tkt_0000611,ft_sal_000334,ft_evt_0051,CORTESÍA,0,0.3751295741085871,0.4591709595762989,0.44445474906382654,0.44133415818214417
ft_tkt_0000612,ft_sal_000335,ft_evt_0051,CORTESÍA,0,0.3751295741085871,0.36676970509692997,0.3897225040653534,0.3629924952983856
ft_tkt_0000613,ft_sal_000336,ft_evt_0051,VIP,1,0.9303854601488023,0.9417135768531619,0.947845500780905,0.9429470896720886
ft_tkt_0000614,ft_sal_000336,ft_evt_0051,VIP,1,0.9303854601488023,0.9417135768531619,0.947845500780905,0.9429470896720886
ft_tkt_0000615,ft_sal_000337,ft_evt_0051,VIP,1,0.9303854601488023,0.9435660065379002,0.9419930295249356,0.9469157457351685
ft_tkt_0000616,ft_sal_000338,ft_evt_0051,GENERAL,1,0.9346165947465126,0.9501780394790115,0.9283233566208596,0.9434951543807983
ft_tkt_0000617,ft_sal_000339,ft_evt_0051,GENERAL,1,0.9346165947465126,0.9551338895976992,0.9470696938590616,0.9522174000740051
ft_tkt_0000618,ft_sal_000339,ft_evt_0051,GENERAL,1,0.9346165947465126,0.9551338895976992,0.9470696938590616,0.9522174000740051
ft_tkt_0000619,ft_sal_000339,ft_evt_0051,GENERAL,1,0.9346165947465126,0.9551338895976992,0.9470696938590616,0.9522174000740051
ft_tkt_0000620,ft_sal_000339,ft_evt_0051,GENERAL,1,0.9346165947465126,0.9551338895976992,0.9470696938590616,0.9522174000740051
ft_tkt_0000621,ft_sal_000340,ft_evt_0051,PREFERENCIAL,1,0.932553728100417,0.9585430738327666,0.944475090874526,0.9480342268943787
ft_tkt_0000622,ft_sal_000341,ft_evt_0051,CORTESÍA,0,0.3751295741085871,0.3696983534908937,0.3953332157010853,0.36623314023017883
ft_tkt_0000623,ft_sal_000342,ft_evt_0051,GENERAL,1,0.9346165947465126,0.9434393075663977,0.9362548087952078,0.952384352684021
ft_tkt_0000624,ft_sal_000343,ft_evt_0051,GENERAL,1,0.9346165947465126,0.8799564078607874,0.9138401696080544,0.8874818682670593
ft_tkt_0000625,ft_sal_000344,ft_evt_0051,PREFERENCIAL,1,0.932553728100417,0.9542619011236041,0.937408652896715,0.9580488801002502
ft_tkt_0000626,ft_sal_000344,ft_evt_0051,PREFERENCIAL,1,0.932553728100417,0.9542619011236041,0.937408652896715,0.9580488801002502
ft_tkt_0000627,ft_sal_000345,ft_evt_0051,CORTESÍA,0,0.3751295741085871,0.3932565146595695,0.38664595423034537,0.3329608738422394
ft_tkt_0000628,ft_sal_000346,ft_evt_0051,GENERAL,1,0.9346165947465126,0.9538191708662233,0.9412944446317901,0.9275331497192383
ft_tkt_0000629,ft_sal_000346,ft_evt_0051,GENERAL,1,0.9346165947465126,0.9538191708662233,0.9412944446317901,0.9275331497192383
ft_tkt_0000630,ft_sal_000347,ft_evt_0051,CORTESÍA,0,0.3751295741085871,0.3707845351512971,0.40640426040159916,0.428966224193573
ft_tkt_0000631,ft_sal_000347,ft_evt_0051,CORTESÍA,1,0.3751295741085871,0.3707845351512971,0.40640426040159916,0.428966224193573
ft_tkt_0000632,ft_sal_000348,ft_evt_0051,PREFERENCIAL,1,0.932553728100417,0.9627272056106536,0.9455998300634793,0.9573096036911011
ft_tkt_0000633,ft_sal_000349,ft_evt_0051,GENERAL,1,0.9346165947465126,0.9605482763800556,0.9477411498426959,0.9300671815872192
ft_tkt_0000634,ft_sal_000350,ft_evt_0051,GENERAL,1,0.9346165947465126,0.9263944830156903,0.9381600813952808,0.9565289616584778
ft_tkt_0000635,ft_sal_000350,ft_evt_0051,GENERAL,1,0.9346165947465126,0.9263944830156903,0.9381600813952808,0.9565289616584778
ft_tkt_0000636,ft_sal_000350,ft_evt_0051,GENERAL,1,0.9346165947465126,0.9263944830156903,0.9381600813952808,0.9565289616584778
ft_tkt_0000637,ft_sal_000350,ft_evt_0051,GENERAL,1,0.9346165947465126,0.9263944830156903,0.9381600813952808,0.9565289616584778
ft_tkt_0000638,ft_sal_000350,ft_evt_0051,GENERAL,1,0.9346165947465126,0.9263944830156903,0.9381600813952808,0.9565289616584778
ft_tkt_0000639,ft_sal_000350,ft_evt_0051,GENERAL,1,0.9346165947465126,0.9263944830156903,0.9381600813952808,0.9565289616584778
ft_tkt_0000640,ft_sal_000351,ft_evt_0051,CORTESÍA,0,0.3751295741085871,0.402410420856133,0.41179074121319187,0.42371028661727905
ft_tkt_0000641,ft_sal_000352,ft_evt_0051,PREFERENCIAL,0,0.932553728100417,0.9397416354540111,0.9263580272077605,0.9295922517776489
ft_tkt_0000642,ft_sal_000353,ft_evt_0051,CORTESÍA,0,0.3751295741085871,0.26837655668730703,0.3317698407170947,0.2445470094680786
ft_tkt_0000643,ft_sal_000354,ft_evt_0051,GENERAL,1,0.9346165947465126,0.9197527250569293,0.9363007445213476,0.9522045850753784
ft_tkt_0000644,ft_sal_000355,ft_evt_0051,GENERAL,1,0.9346165947465126,0.9605482041793748,0.9588272543014328,0.972590446472168
ft_tkt_0000645,ft_sal_000355,ft_evt_0051,GENERAL,1,0.9346165947465126,0.9605482041793748,0.9588272543014328,0.972590446472168
ft_tkt_0000646,ft_sal_000356,ft_evt_0051,GENERAL,1,0.9346165947465126,0.9434851053274711,0.9343062961195439,0.9342935681343079
ft_tkt_0000647,ft_sal_000356,ft_evt_0051,GENERAL,1,0.9346165947465126,0.9434851053274711,0.9343062961195439,0.9342935681343079
ft_tkt_0000648,ft_sal_000357,ft_evt_0051,GENERAL,1,0.9346165947465126,0.927752252319038,0.9171885891157708,0.9084295034408569
ft_tkt_0000649,ft_sal_000357,ft_evt_0051,GENERAL,1,0.9346165947465126,0.927752252319038,0.9171885891157708,0.9084295034408569
ft_tkt_0000650,ft_sal_000357,ft_evt_0051,GENERAL,1,0.9346165947465126,0.927752252319038,0.9171885891157708,0.9084295034408569
ft_tkt_0000651,ft_sal_000357,ft_evt_0051,GENERAL,1,0.9346165947465126,0.927752252319038,0.9171885891157708,0.9084295034408569
ft_tkt_0000652,ft_sal_000358,ft_evt_0051,PREFERENCIAL,1,0.932553728100417,0.9414615579870578,0.9373263862061141,0.9545047879219055
ft_tkt_0000653,ft_sal_000358,ft_evt_0051,PREFERENCIAL,1,0.932553728100417,0.9414615579870578,0.9373263862061141,0.9545047879219055
ft_tkt_0000654,ft_sal_000359,ft_evt_0051,GENERAL,0,0.9346165947465126,0.9492877202275708,0.9273008497911944,0.9276009798049927
ft_tkt_0000655,ft_sal_000360,ft_evt_0051,GENERAL,1,0.9346165947465126,0.9594384048441184,0.9509659176572423,0.954279363155365
ft_tkt_0000656,ft_sal_000360,ft_evt_0051,GENERAL,1,0.9346165947465126,0.9594384048441184,0.9509659176572423,0.954279363155365
ft_tkt_0000657,ft_sal_000361,ft_evt_0051,PREFERENCIAL,1,0.932553728100417,0.9735030085834484,0.9582611162651157,0.9658822417259216
ft_tkt_0000658,ft_sal_000361,ft_evt_0051,PREFERENCIAL,1,0.932553728100417,0.9735030085834484,0.9582611162651157,0.9658822417259216
ft_tkt_0000659,ft_sal_000362,ft_evt_0051,GENERAL,1,0.9346165947465126,0.9532901166938765,0.9441410262744806,0.9647268652915955
ft_tkt_0000660,ft_sal_000363,ft_evt_0051,CORTESÍA,1,0.3751295741085871,0.47092256627972573,0.49029336662555784,0.5063329935073853
ft_tkt_0000661,ft_sal_000363,ft_evt_0051,CORTESÍA,1,0.3751295741085871,0.47092256627972573,0.49029336662555784,0.5063329935073853
ft_tkt_0000662,ft_sal_000363,ft_evt_0051,CORTESÍA,0,0.3751295741085871,0.47092256627972573,0.49029336662555784,0.5063329935073853
ft_tkt_0000663,ft_sal_000364,ft_evt_0051,CORTESÍA,0,0.3751295741085871,0.29747444087492314,0.383900137134085,0.3357875943183899
ft_tkt_0000664,ft_sal_000364,ft_evt_0051,CORTESÍA,0,0.3751295741085871,0.29747444087492314,0.383900137134085,0.3357875943183899
ft_tkt_0000665,ft_sal_000364,ft_evt_0051,CORTESÍA,0,0.3751295741085871,0.29747444087492314,0.383900137134085,0.3357875943183899
ft_tkt_0000666,ft_sal_000364,ft_evt_0051,CORTESÍA,0,0.3751295741085871,0.29747444087492314,0.383900137134085,0.3357875943183899
ft_tkt_0000667,ft_sal_000365,ft_evt_0051,PREFERENCIAL,1,0.932553728100417,0.9482658932240721,0.9341805515215396,0.9608572125434875
ft_tkt_0000668,ft_sal_000365,ft_evt_0051,PREFERENCIAL,1,0.932553728100417,0.9482658932240721,0.9341805515215396,0.9608572125434875
ft_tkt_0000669,ft_sal_000365,ft_evt_0051,PREFERENCIAL,1,0.932553728100417,0.9482658932240721,0.9341805515215396,0.9608572125434875
ft_tkt_0000670,ft_sal_000366,ft_evt_0051,GENERAL,1,0.9346165947465126,0.9574158346317893,0.9494709996990379,0.9509925246238708
ft_tkt_0000671,ft_sal_000366,ft_evt_0051,GENERAL,1,0.9346165947465126,0.9574158346317893,0.9494709996990379,0.9509925246238708
ft_tkt_0000672,ft_sal_000367,ft_evt_0051,PREFERENCIAL,1,0.932553728100417,0.9455854784680625,0.9308246916935805,0.9268875122070312
ft_tkt_0000673,ft_sal_000367,ft_evt_0051,PREFERENCIAL,1,0.932553728100417,0.9455854784680625,0.9308246916935805,0.9268875122070312
ft_tkt_0000674,ft_sal_000368,ft_evt_0051,GENERAL,1,0.9346165947465126,0.9627619086179853,0.9395151025301423,0.9517555832862854
ft_tkt_0000675,ft_sal_000369,ft_evt_0051,GENERAL,1,0.9346165947465126,0.9364353391850263,0.9240819539360334,0.927277147769928
ft_tkt_0000676,ft_sal_000369,ft_evt_0051,GENERAL,1,0.9346165947465126,0.9364353391850263,0.9240819539360334,0.927277147769928
ft_tkt_0000677,ft_sal_000370,ft_evt_0051,VIP,1,0.9303854601488023,0.9587530015411084,0.9503501206282483,0.9508046507835388
ft_tkt_0000678,ft_sal_000371,ft_evt_0051,GENERAL,1,0.9346165947465126,0.9580668809546381,0.9266331344771931,0.9408251643180847
ft_tkt_0000679,ft_sal_000371,ft_evt_0051,GENERAL,1,0.9346165947465126,0.9580668809546381,0.9266331344771931,0.9408251643180847
ft_tkt_0000680,ft_sal_000372,ft_evt_0051,GENERAL,1,0.9346165947465126,0.895195058627571,0.9188578953667395,0.913383960723877
ft_tkt_0000681,ft_sal_000373,ft_evt_0051,PREFERENCIAL,1,0.932553728100417,0.9609301980358979,0.9492102109490924,0.9596613645553589
ft_tkt_0000682,ft_sal_000373,ft_evt_0051,PREFERENCIAL,1,0.932553728100417,0.9609301980358979,0.9492102109490924,0.9596613645553589
ft_tkt_0000683,ft_sal_000374,ft_evt_0051,VIP,1,0.9303854601488023,0.9572778040990451,0.9482578339348878,0.9516685605049133
ft_tkt_0000684,ft_sal_000375,ft_evt_0051,GENERAL,1,0.9346165947465126,0.9153335842256743,0.9262344622296583,0.9160924553871155
ft_tkt_0000685,ft_sal_000376,ft_evt_0051,VIP,1,0.9303854601488023,0.938950296645776,0.9227205787552132,0.9436483383178711
ft_tkt_0000686,ft_sal_000376,ft_evt_0051,VIP,1,0.9303854601488023,0.938950296645776,0.9227205787552132,0.9436483383178711
ft_tkt_0000687,ft_sal_000376,ft_evt_0051,VIP,1,0.9303854601488023,0.938950296645776,0.9227205787552132,0.9436483383178711
ft_tkt_0000688,ft_sal_000377,ft_evt_0051,VIP,0,0.9303854601488023,0.9697950997156802,0.9509843163510449,0.9543858766555786
ft_tkt_0000689,ft_sal_000377,ft_evt_0051,VIP,1,0.9303854601488023,0.9697950997156802,0.9509843163510449,0.9543858766555786
ft_tkt_0000690,ft_sal_000378,ft_evt_0051,GENERAL,0,0.9346165947465126,0.9125437744499075,0.9265453539220566,0.9138866662979126
ft_tkt_0000691,ft_sal_000379,ft_evt_0051,PREFERENCIAL,1,0.932553728100417,0.9670386627194638,0.9616887165972373,0.9450321197509766
ft_tkt_0000692,ft_sal_000380,ft_evt_0051,GENERAL,1,0.9346165947465126,0.9498631894665229,0.9368784750158852,0.950291633605957
ft_tkt_0000693,ft_sal_000380,ft_evt_0051,GENERAL,1,0.9346165947465126,0.9498631894665229,0.9368784750158852,0.950291633605957
ft_tkt_0000694,ft_sal_000381,ft_evt_0051,VIP,1,0.9303854601488023,0.9662569795734598,0.9456913084580401,0.9558079242706299
ft_tkt_0000695,ft_sal_000382,ft_evt_0051,GENERAL,1,0.9346165947465126,0.9286062389456053,0.9266736121963685,0.9348692297935486
ft_tkt_0000696,ft_sal_000382,ft_evt_0051,GENERAL,1,0.9346165947465126,0.9286062389456053,0.9266736121963685,0.9348692297935486
ft_tkt_0000697,ft_sal_000383,ft_evt_0051,VIP,1,0.9303854601488023,0.9259269955577039,0.9234494858784257,0.9180660247802734
ft_tkt_0000698,ft_sal_000384,ft_evt_0051,CORTESÍA,0,0.3751295741085871,0.27173534101296504,0.3401592866302283,0.24714665114879608
ft_tkt_0000699,ft_sal_000385,ft_evt_0051,GENERAL,1,0.9346165947465126,0.9324864126124444,0.9178148119509986,0.9040555953979492
ft_tkt_0000700,ft_sal_000386,ft_evt_0051,GENERAL,1,0.9346165947465126,0.9574855169521598,0.9495643656623364,0.9521497488021851
ft_tkt_0000701,ft_sal_000386,ft_evt_0051,GENERAL,1,0.9346165947465126,0.9574855169521598,0.9495643656623364,0.9521497488021851
ft_tkt_0000702,ft_sal_000387,ft_evt_0051,GENERAL,1,0.9346165947465126,0.9399683541350939,0.944405098240641,0.9471030235290527
ft_tkt_0000703,ft_sal_000387,ft_evt_0051,GENERAL,1,0.9346165947465126,0.9399683541350939,0.944405098240641,0.9471030235290527
ft_tkt_0000704,ft_sal_000388,ft_evt_0061,CORTESÍA,1,0.3985098879822984,0.2308660267799928,0.4273136147014779,0.4780222475528717
ft_tkt_0000705,ft_sal_000388,ft_evt_0061,CORTESÍA,0,0.3985098879822984,0.2308660267799928,0.4273136147014779,0.4780222475528717
ft_tkt_0000706,ft_sal_000388,ft_evt_0061,CORTESÍA,1,0.3985098879822984,0.2308660267799928,0.4273136147014779,0.4780222475528717
ft_tkt_0000707,ft_sal_000389,ft_evt_0061,CORTESÍA,0,0.3985098879822984,0.1950377726500465,0.3975768682171875,0.37091290950775146
ft_tkt_0000708,ft_sal_000389,ft_evt_0061,CORTESÍA,0,0.3985098879822984,0.1950377726500465,0.3975768682171875,0.37091290950775146
ft_tkt_0000709,ft_sal_000389,ft_evt_0061,CORTESÍA,1,0.3985098879822984,0.1950377726500465,0.3975768682171875,0.37091290950775146
ft_tkt_0000710,ft_sal_000390,ft_evt_0061,CORTESÍA,1,0.3985098879822984,0.27223511750785856,0.4413981785003611,0.43524304032325745
ft_tkt_0000711,ft_sal_000390,ft_evt_0061,CORTESÍA,0,0.3985098879822984,0.27223511750785856,0.4413981785003611,0.43524304032325745
ft_tkt_0000712,ft_sal_000391,ft_evt_0061,CORTESÍA,0,0.3985098879822984,0.21557847402480315,0.35625370673588175,0.323269784450531
ft_tkt_0000713,ft_sal_000391,ft_evt_0061,CORTESÍA,0,0.3985098879822984,0.21557847402480315,0.35625370673588175,0.323269784450531
ft_tkt_0000714,ft_sal_000391,ft_evt_0061,CORTESÍA,0,0.3985098879822984,0.21557847402480315,0.35625370673588175,0.323269784450531
ft_tkt_0000715,ft_sal_000391,ft_evt_0061,CORTESÍA,0,0.3985098879822984,0.21557847402480315,0.35625370673588175,0.323269784450531
ft_tkt_0000716,ft_sal_000392,ft_evt_0061,CORTESÍA,1,0.3985098879822984,0.357182195673772,0.5065249626697033,0.526923418045044
ft_tkt_0000717,ft_sal_000393,ft_evt_0061,CORTESÍA,0,0.3985098879822984,0.250723236844939,0.41248908795951333,0.4183392822742462
ft_tkt_0000718,ft_sal_000394,ft_evt_0061,CORTESÍA,0,0.3985098879822984,0.2636688273978969,0.3482972972053702,0.4840000867843628
ft_tkt_0000719,ft_sal_000395,ft_evt_0061,CORTESÍA,0,0.3985098879822984,0.1923168216317787,0.3865841831182983,0.40458548069000244
ft_tkt_0000720,ft_sal_000396,ft_evt_0061,CORTESÍA,0,0.3985098879822984,0.40892359145193746,0.4937299441291794,0.6092548966407776
ft_tkt_0000721,ft_sal_000397,ft_evt_0061,CORTESÍA,1,0.3985098879822984,0.2597344790241858,0.4463878963020882,0.514072060585022
ft_tkt_0000722,ft_sal_000398,ft_evt_0061,CORTESÍA,1,0.3985098879822984,0.27811607712712133,0.4666094422635718,0.521298348903656
ft_tkt_0000723,ft_sal_000399,ft_evt_0061,CORTESÍA,1,0.3985098879822984,0.2402361369800773,0.45356570361948206,0.48772066831588745
ft_tkt_0000724,ft_sal_000399,ft_evt_0061,CORTESÍA,0,0.3985098879822984,0.2402361369800773,0.45356570361948206,0.48772066831588745
ft_tkt_0000725,ft_sal_000400,ft_evt_0061,CORTESÍA,0,0.3985098879822984,0.27002305231503065,0.44753297472611214,0.4379279613494873
ft_tkt_0000726,ft_sal_000400,ft_evt_0061,CORTESÍA,0,0.3985098879822984,0.27002305231503065,0.44753297472611214,0.4379279613494873
ft_tkt_0000727,ft_sal_000400,ft_evt_0061,CORTESÍA,1,0.3985098879822984,0.27002305231503065,0.44753297472611214,0.4379279613494873
ft_tkt_0000728,ft_sal_000401,ft_evt_0061,CORTESÍA,0,0.3985098879822984,0.22551432058852236,0.3753721086045419,0.45061570405960083
ft_tkt_0000729,ft_sal_000401,ft_evt_0061,CORTESÍA,0,0.3985098879822984,0.22551432058852236,0.3753721086045419,0.45061570405960083
ft_tkt_0000730,ft_sal_000402,ft_evt_0061,CORTESÍA,1,0.3985098879822984,0.25389193646405,0.45507536589678105,0.6337262988090515
ft_tkt_0000731,ft_sal_000402,ft_evt_0061,CORTESÍA,0,0.3985098879822984,0.25389193646405,0.45507536589678105,0.6337262988090515
ft_tkt_0000732,ft_sal_000403,ft_evt_0061,CORTESÍA,1,0.3985098879822984,0.3049433495570699,0.34786927397117834,0.46771755814552307
ft_tkt_0000733,ft_sal_000404,ft_evt_0061,CORTESÍA,1,0.3985098879822984,0.195159009247887,0.3211329372117839,0.26313266158103943
ft_tkt_0000734,ft_sal_000405,ft_evt_0061,CORTESÍA,0,0.3985098879822984,0.35830723218606714,0.49308973210554324,0.6037673950195312
ft_tkt_0000735,ft_sal_000406,ft_evt_0061,CORTESÍA,1,0.3985098879822984,0.27111722657946197,0.42386952900740543,0.4849669933319092
ft_tkt_0000736,ft_sal_000406,ft_evt_0061,CORTESÍA,0,0.3985098879822984,0.27111722657946197,0.42386952900740543,0.4849669933319092
ft_tkt_0000737,ft_sal_000407,ft_evt_0061,CORTESÍA,0,0.3985098879822984,0.20996864188492598,0.3296261866322121,0.23610711097717285
ft_tkt_0000738,ft_sal_000408,ft_evt_0061,CORTESÍA,0,0.3985098879822984,0.237953460813886,0.39116267577414277,0.42879393696784973
ft_tkt_0000739,ft_sal_000409,ft_evt_0061,CORTESÍA,0,0.3985098879822984,0.20882712517686886,0.3496298508263215,0.33048614859580994
ft_tkt_0000740,ft_sal_000409,ft_evt_0061,CORTESÍA,0,0.3985098879822984,0.20882712517686886,0.3496298508263215,0.33048614859580994
ft_tkt_0000741,ft_sal_000410,ft_evt_0061,CORTESÍA,0,0.3985098879822984,0.30965684363839596,0.49268230639551536,0.7219012379646301
ft_tkt_0000742,ft_sal_000410,ft_evt_0061,CORTESÍA,0,0.3985098879822984,0.30965684363839596,0.49268230639551536,0.7219012379646301
ft_tkt_0000743,ft_sal_000411,ft_evt_0061,CORTESÍA,0,0.3985098879822984,0.2497647556805455,0.393563760800854,0.4265781342983246
ft_tkt_0000744,ft_sal_000411,ft_evt_0061,CORTESÍA,0,0.3985098879822984,0.2497647556805455,0.393563760800854,0.4265781342983246
ft_tkt_0000745,ft_sal_000411,ft_evt_0061,CORTESÍA,1,0.3985098879822984,0.2497647556805455,0.393563760800854,0.4265781342983246
ft_tkt_0000746,ft_sal_000412,ft_evt_0061,CORTESÍA,0,0.3985098879822984,0.26285334889776213,0.4463878963020882,0.5113602876663208
ft_tkt_0000747,ft_sal_000413,ft_evt_0061,CORTESÍA,0,0.3985098879822984,0.18099744235459322,0.34823300059717277,0.4092417061328888
ft_tkt_0000748,ft_sal_000414,ft_evt_0061,CORTESÍA,1,0.3985098879822984,0.26504130475758936,0.45127126389035926,0.5074589848518372
ft_tkt_0000749,ft_sal_000415,ft_evt_0061,CORTESÍA,1,0.3985098879822984,0.2855269002865847,0.4432961665570853,0.4665282964706421
ft_tkt_0000750,ft_sal_000415,ft_evt_0061,CORTESÍA,1,0.3985098879822984,0.2855269002865847,0.4432961665570853,0.4665282964706421
ft_tkt_0000751,ft_sal_000416,ft_evt_0061,CORTESÍA,0,0.3985098879822984,0.31440237922185915,0.4780151279802281,0.5199075937271118
ft_tkt_0000752,ft_sal_000416,ft_evt_0061,CORTESÍA,0,0.3985098879822984,0.31440237922185915,0.4780151279802281,0.5199075937271118
ft_tkt_0000753,ft_sal_000417,ft_evt_0061,CORTESÍA,1,0.3985098879822984,0.15231858509484744,0.3200157260215969,0.3049003481864929
ft_tkt_0000754,ft_sal_000417,ft_evt_0061,CORTESÍA,1,0.3985098879822984,0.15231858509484744,0.3200157260215969,0.3049003481864929
ft_tkt_0000755,ft_sal_000418,ft_evt_0061,CORTESÍA,1,0.3985098879822984,0.28873407285312386,0.4500573909317229,0.5158179402351379
ft_tkt_0000756,ft_sal_000418,ft_evt_0061,CORTESÍA,0,0.3985098879822984,0.28873407285312386,0.4500573909317229,0.5158179402351379
ft_tkt_0000757,ft_sal_000419,ft_evt_0061,CORTESÍA,0,0.3985098879822984,0.22820625884269272,0.4340046754441929,0.4802657663822174
ft_tkt_0000758,ft_sal_000419,ft_evt_0061,CORTESÍA,0,0.3985098879822984,0.22820625884269272,0.4340046754441929,0.4802657663822174
ft_tkt_0000759,ft_sal_000420,ft_evt_0061,CORTESÍA,0,0.3985098879822984,0.23028265739027104,0.4340046754441929,0.478387713432312
ft_tkt_0000760,ft_sal_000420,ft_evt_0061,CORTESÍA,0,0.3985098879822984,0.23028265739027104,0.4340046754441929,0.478387713432312
ft_tkt_0000761,ft_sal_000421,ft_evt_0061,CORTESÍA,0,0.3985098879822984,0.18830617646183076,0.40094548455126766,0.5427338480949402
ft_tkt_0000762,ft_sal_000422,ft_evt_0061,CORTESÍA,0,0.3985098879822984,0.15491714971725976,0.3406426505021384,0.3741656243801117
ft_tkt_0000763,ft_sal_000423,ft_evt_0061,CORTESÍA,0,0.3985098879822984,0.2328209605223907,0.42854693378301867,0.47793903946876526
ft_tkt_0000764,ft_sal_000423,ft_evt_0061,CORTESÍA,0,0.3985098879822984,0.2328209605223907,0.42854693378301867,0.47793903946876526
ft_tkt_0000765,ft_sal_000423,ft_evt_0061,CORTESÍA,0,0.3985098879822984,0.2328209605223907,0.42854693378301867,0.47793903946876526
ft_tkt_0000766,ft_sal_000423,ft_evt_0061,CORTESÍA,0,0.3985098879822984,0.2328209605223907,0.42854693378301867,0.47793903946876526
ft_tkt_0000767,ft_sal_000423,ft_evt_0061,CORTESÍA,0,0.3985098879822984,0.2328209605223907,0.42854693378301867,0.47793903946876526
ft_tkt_0000768,ft_sal_000423,ft_evt_0061,CORTESÍA,1,0.3985098879822984,0.2328209605223907,0.42854693378301867,0.47793903946876526
ft_tkt_0000769,ft_sal_000424,ft_evt_0061,CORTESÍA,1,0.3985098879822984,0.2861266139008105,0.44358628672168915,0.4703068733215332
ft_tkt_0000770,ft_sal_000424,ft_evt_0061,CORTESÍA,0,0.3985098879822984,0.2861266139008105,0.44358628672168915,0.4703068733215332
ft_tkt_0000771,ft_sal_000425,ft_evt_0061,CORTESÍA,1,0.3985098879822984,0.2768731417735421,0.44667736478503256,0.47629669308662415
ft_tkt_0000772,ft_sal_000425,ft_evt_0061,CORTESÍA,0,0.3985098879822984,0.2768731417735421,0.44667736478503256,0.47629669308662415
ft_tkt_0000773,ft_sal_000425,ft_evt_0061,CORTESÍA,1,0.3985098879822984,0.2768731417735421,0.44667736478503256,0.47629669308662415
ft_tkt_0000774,ft_sal_000425,ft_evt_0061,CORTESÍA,1,0.3985098879822984,0.2768731417735421,0.44667736478503256,0.47629669308662415
ft_tkt_0000775,ft_sal_000425,ft_evt_0061,CORTESÍA,0,0.3985098879822984,0.2768731417735421,0.44667736478503256,0.47629669308662415
ft_tkt_0000776,ft_sal_000425,ft_evt_0061,CORTESÍA,1,0.3985098879822984,0.2768731417735421,0.44667736478503256,0.47629669308662415
ft_tkt_0000777,ft_sal_000426,ft_evt_0061,CORTESÍA,0,0.3985098879822984,0.2374765271796613,0.45247570759038985,0.4769625663757324
ft_tkt_0000778,ft_sal_000426,ft_evt_0061,CORTESÍA,0,0.3985098879822984,0.2374765271796613,0.45247570759038985,0.4769625663757324
ft_tkt_0000779,ft_sal_000427,ft_evt_0061,CORTESÍA,0,0.3985098879822984,0.23941977319550503,0.4428932930542686,0.45859289169311523
ft_tkt_0000780,ft_sal_000427,ft_evt_0061,CORTESÍA,0,0.3985098879822984,0.23941977319550503,0.4428932930542686,0.45859289169311523
ft_tkt_0000781,ft_sal_000427,ft_evt_0061,CORTESÍA,0,0.3985098879822984,0.23941977319550503,0.4428932930542686,0.45859289169311523
ft_tkt_0000782,ft_sal_000427,ft_evt_0061,CORTESÍA,0,0.3985098879822984,0.23941977319550503,0.4428932930542686,0.45859289169311523
ft_tkt_0000783,ft_sal_000428,ft_evt_0061,CORTESÍA,1,0.3985098879822984,0.39294459423195527,0.4926996504616717,0.6084712147712708
ft_tkt_0000784,ft_sal_000428,ft_evt_0061,CORTESÍA,1,0.3985098879822984,0.39294459423195527,0.4926996504616717,0.6084712147712708
ft_tkt_0000785,ft_sal_000429,ft_evt_0061,CORTESÍA,0,0.3985098879822984,0.24396197163054248,0.43774308811193363,0.4288181662559509
ft_tkt_0000786,ft_sal_000430,ft_evt_0061,CORTESÍA,0,0.3985098879822984,0.19086860710904185,0.3787024001012626,0.3363838493824005
ft_tkt_0000787,ft_sal_000430,ft_evt_0061,CORTESÍA,0,0.3985098879822984,0.19086860710904185,0.3787024001012626,0.3363838493824005
ft_tkt_0000788,ft_sal_000431,ft_evt_0061,CORTESÍA,0,0.3985098879822984,0.17065798738185067,0.38686605884862313,0.48780664801597595
ft_tkt_0000789,ft_sal_000432,ft_evt_0061,CORTESÍA,0,0.3985098879822984,0.2361737266230783,0.4524170730730069,0.4831095039844513
ft_tkt_0000790,ft_sal_000432,ft_evt_0061,CORTESÍA,1,0.3985098879822984,0.2361737266230783,0.4524170730730069,0.4831095039844513
ft_tkt_0000791,ft_sal_000432,ft_evt_0061,CORTESÍA,0,0.3985098879822984,0.2361737266230783,0.4524170730730069,0.4831095039844513
ft_tkt_0000792,ft_sal_000432,ft_evt_0061,CORTESÍA,0,0.3985098879822984,0.2361737266230783,0.4524170730730069,0.4831095039844513
ft_tkt_0000793,ft_sal_000433,ft_evt_0061,CORTESÍA,0,0.3985098879822984,0.23414690017599615,0.36587851545944666,0.41460105776786804
ft_tkt_0000794,ft_sal_000433,ft_evt_0061,CORTESÍA,0,0.3985098879822984,0.23414690017599615,0.36587851545944666,0.41460105776786804
ft_tkt_0000795,ft_sal_000433,ft_evt_0061,CORTESÍA,0,0.3985098879822984,0.23414690017599615,0.36587851545944666,0.41460105776786804
ft_tkt_0000796,ft_sal_000434,ft_evt_0061,CORTESÍA,0,0.3985098879822984,0.2099525625466738,0.3915632985459761,0.3543316125869751
ft_tkt_0000797,ft_sal_000434,ft_evt_0061,CORTESÍA,0,0.3985098879822984,0.2099525625466738,0.3915632985459761,0.3543316125869751
ft_tkt_0000798,ft_sal_000435,ft_evt_0061,CORTESÍA,0,0.3985098879822984,0.24641591704553636,0.41301590218702394,0.39226335287094116
ft_tkt_0000799,ft_sal_000435,ft_evt_0061,CORTESÍA,0,0.3985098879822984,0.24641591704553636,0.41301590218702394,0.39226335287094116
ft_tkt_0000800,ft_sal_000436,ft_evt_0061,CORTESÍA,0,0.3985098879822984,0.19111943694305158,0.34240914556744645,0.2819487154483795
ft_tkt_0000801,ft_sal_000436,ft_evt_0061,CORTESÍA,0,0.3985098879822984,0.19111943694305158,0.34240914556744645,0.2819487154483795
ft_tkt_0000802,ft_sal_000436,ft_evt_0061,CORTESÍA,0,0.3985098879822984,0.19111943694305158,0.34240914556744645,0.2819487154483795
ft_tkt_0000803,ft_sal_000437,ft_evt_0061,CORTESÍA,0,0.3985098879822984,0.2539914190851955,0.41817368041560893,0.4955468475818634
ft_tkt_0000804,ft_sal_000437,ft_evt_0061,CORTESÍA,0,0.3985098879822984,0.2539914190851955,0.41817368041560893,0.4955468475818634
ft_tkt_0000805,ft_sal_000438,ft_evt_0061,CORTESÍA,1,0.3985098879822984,0.20391024442708391,0.38527977739569486,0.3749046325683594
ft_tkt_0000806,ft_sal_000438,ft_evt_0061,CORTESÍA,0,0.3985098879822984,0.20391024442708391,0.38527977739569486,0.3749046325683594
ft_tkt_0000807,ft_sal_000439,ft_evt_0061,CORTESÍA,0,0.3985098879822984,0.2730331584639417,0.4612219430135551,0.504237711429596
ft_tkt_0000808,ft_sal_000440,ft_evt_0061,CORTESÍA,0,0.3985098879822984,0.20358259848917445,0.34500431603724396,0.34014928340911865
ft_tkt_0000809,ft_sal_000440,ft_evt_0061,CORTESÍA,1,0.3985098879822984,0.20358259848917445,0.34500431603724396,0.34014928340911865
ft_tkt_0000810,ft_sal_000441,ft_evt_0061,CORTESÍA,0,0.3985098879822984,0.24918005258673795,0.3976420058812498,0.44013842940330505
ft_tkt_0000811,ft_sal_000441,ft_evt_0061,CORTESÍA,1,0.3985098879822984,0.24918005258673795,0.3976420058812498,0.44013842940330505
ft_tkt_0000812,ft_sal_000441,ft_evt_0061,CORTESÍA,1,0.3985098879822984,0.24918005258673795,0.3976420058812498,0.44013842940330505
ft_tkt_0000813,ft_sal_000442,ft_evt_0061,CORTESÍA,0,0.3985098879822984,0.23014909070958806,0.4019995999277076,0.43929046392440796
ft_tkt_0000814,ft_sal_000442,ft_evt_0061,CORTESÍA,1,0.3985098879822984,0.23014909070958806,0.4019995999277076,0.43929046392440796
ft_tkt_0000815,ft_sal_000443,ft_evt_0061,CORTESÍA,1,0.3985098879822984,0.29034565823283937,0.4500573909317229,0.5475106835365295
ft_tkt_0000816,ft_sal_000443,ft_evt_0061,CORTESÍA,1,0.3985098879822984,0.29034565823283937,0.4500573909317229,0.5475106835365295
ft_tkt_0000817,ft_sal_000444,ft_evt_0061,CORTESÍA,0,0.3985098879822984,0.23435509541390823,0.38647024522654877,0.4048573076725006
ft_tkt_0000818,ft_sal_000444,ft_evt_0061,CORTESÍA,0,0.3985098879822984,0.23435509541390823,0.38647024522654877,0.4048573076725006
ft_tkt_0000819,ft_sal_000445,ft_evt_0061,CORTESÍA,0,0.3985098879822984,0.25086817514856413,0.37741186952037586,0.36556944251060486
ft_tkt_0000820,ft_sal_000445,ft_evt_0061,CORTESÍA,0,0.3985098879822984,0.25086817514856413,0.37741186952037586,0.36556944251060486
ft_tkt_0000821,ft_sal_000446,ft_evt_0061,CORTESÍA,1,0.3985098879822984,0.26133816567467527,0.4463878963020882,0.5054884552955627
ft_tkt_0000822,ft_sal_000447,ft_evt_0061,CORTESÍA,0,0.3985098879822984,0.13880647316726627,0.3466700320256402,0.27968570590019226
ft_tkt_0000823,ft_sal_000448,ft_evt_0061,CORTESÍA,1,0.3985098879822984,0.2580126625004309,0.37616965200164276,0.3915046751499176
ft_tkt_0000824,ft_sal_000449,ft_evt_0061,CORTESÍA,0,0.3985098879822984,0.29756071718257193,0.4527565746271261,0.5214163661003113
ft_tkt_0000825,ft_sal_000449,ft_evt_0061,CORTESÍA,1,0.3985098879822984,0.29756071718257193,0.4527565746271261,0.5214163661003113
ft_tkt_0000826,ft_sal_000450,ft_evt_0061,CORTESÍA,1,0.3985098879822984,0.18336959352832283,0.3483930777537071,0.31699511408805847
ft_tkt_0000827,ft_sal_000450,ft_evt_0061,CORTESÍA,0,0.3985098879822984,0.18336959352832283,0.3483930777537071,0.31699511408805847
ft_tkt_0000828,ft_sal_000451,ft_evt_0061,CORTESÍA,1,0.3985098879822984,0.2796701242870989,0.44199016414891035,0.4896143674850464
ft_tkt_0000829,ft_sal_000451,ft_evt_0061,CORTESÍA,0,0.3985098879822984,0.2796701242870989,0.44199016414891035,0.4896143674850464
ft_tkt_0000830,ft_sal_000452,ft_evt_0061,CORTESÍA,0,0.3985098879822984,0.17998340661450826,0.341588861159791,0.3438830077648163
ft_tkt_0000831,ft_sal_000453,ft_evt_0061,CORTESÍA,0,0.3985098879822984,0.22795965476850796,0.4341190602450877,0.48291730880737305
ft_tkt_0000832,ft_sal_000453,ft_evt_0061,CORTESÍA,0,0.3985098879822984,0.22795965476850796,0.4341190602450877,0.48291730880737305
ft_tkt_0000833,ft_sal_000453,ft_evt_0061,CORTESÍA,0,0.3985098879822984,0.22795965476850796,0.4341190602450877,0.48291730880737305
ft_tkt_0000834,ft_sal_000454,ft_evt_0061,CORTESÍA,0,0.3985098879822984,0.25264357663370246,0.43833401833933144,0.46570974588394165
ft_tkt_0000835,ft_sal_000455,ft_evt_0061,CORTESÍA,1,0.3985098879822984,0.2532536127810202,0.3724104622662396,0.3891659677028656
ft_tkt_0000836,ft_sal_000455,ft_evt_0061,CORTESÍA,1,0.3985098879822984,0.2532536127810202,0.3724104622662396,0.3891659677028656
ft_tkt_0000837,ft_sal_000455,ft_evt_0061,CORTESÍA,0,0.3985098879822984,0.2532536127810202,0.3724104622662396,0.3891659677028656
ft_tkt_0000838,ft_sal_000455,ft_evt_0061,CORTESÍA,0,0.3985098879822984,0.2532536127810202,0.3724104622662396,0.3891659677028656
ft_tkt_0000839,ft_sal_000456,ft_evt_0061,CORTESÍA,0,0.3985098879822984,0.29115344215088,0.4500573909317229,0.5135606527328491
ft_tkt_0000840,ft_sal_000456,ft_evt_0061,CORTESÍA,1,0.3985098879822984,0.29115344215088,0.4500573909317229,0.5135606527328491
ft_tkt_0000841,ft_sal_000457,ft_evt_0061,CORTESÍA,1,0.3985098879822984,0.287629194646115,0.4500573909317229,0.5249276161193848
ft_tkt_0000842,ft_sal_000457,ft_evt_0061,CORTESÍA,0,0.3985098879822984,0.287629194646115,0.4500573909317229,0.5249276161193848
ft_tkt_0000843,ft_sal_000458,ft_evt_0001,GENERAL,1,0.9374141732240321,0.9421389402660352,0.9478263560350453,0.9581499695777893
ft_tkt_0000844,ft_sal_000459,ft_evt_0001,VIP,1,0.9356215132776959,0.9675826173720393,0.9413063044265284,0.9188552498817444
ft_tkt_0000845,ft_sal_000460,ft_evt_0001,PREFERENCIAL,1,0.9317005479219154,0.9884431065055561,0.9653700401597863,0.9694809913635254
ft_tkt_0000846,ft_sal_000461,ft_evt_0001,GENERAL,1,0.9374141732240321,0.9695605820531042,0.9556068526362371,0.9510548114776611
ft_tkt_0000847,ft_sal_000462,ft_evt_0001,PREFERENCIAL,1,0.9317005479219154,0.9626546467094328,0.9419073735756581,0.9664948582649231
ft_tkt_0000848,ft_sal_000463,ft_evt_0001,GENERAL,1,0.9374141732240321,0.9725149584243832,0.9561887789709033,0.9649789333343506
ft_tkt_0000849,ft_sal_000464,ft_evt_0001,CORTESÍA,0,0.3901232716974846,0.5831780204073848,0.5335130281659513,0.6438429355621338
ft_tkt_0000850,ft_sal_000464,ft_evt_0001,CORTESÍA,0,0.3901232716974846,0.5831780204073848,0.5335130281659513,0.6438429355621338
ft_tkt_0000851,ft_sal_000464,ft_evt_0001,CORTESÍA,1,0.3901232716974846,0.5831780204073848,0.5335130281659513,0.6438429355621338
ft_tkt_0000852,ft_sal_000465,ft_evt_0001,GENERAL,1,0.9374141732240321,0.9721488198450475,0.9577020865843233,0.9641584157943726
ft_tkt_0000853,ft_sal_000466,ft_evt_0001,VIP,1,0.9356215132776959,0.9757210958714209,0.9442786835322305,0.95511394739151
ft_tkt_0000854,ft_sal_000467,ft_evt_0001,VIP,1,0.9356215132776959,0.9864825316923744,0.9413280196951669,0.9531311988830566
ft_tkt_0000855,ft_sal_000468,ft_evt_0001,CORTESÍA,0,0.3901232716974846,0.520611000706087,0.40223772135526187,0.5015013813972473
ft_tkt_0000856,ft_sal_000469,ft_evt_0001,VIP,1,0.9356215132776959,0.9711629963188341,0.958784285349808,0.959021806716919
ft_tkt_0000857,ft_sal_000470,ft_evt_0001,GENERAL,1,0.9374141732240321,0.968064550075097,0.9494317924910641,0.961287796497345
ft_tkt_0000858,ft_sal_000470,ft_evt_0001,GENERAL,1,0.9374141732240321,0.968064550075097,0.9494317924910641,0.961287796497345
ft_tkt_0000859,ft_sal_000471,ft_evt_0001,GENERAL,0,0.9374141732240321,0.9718820403427102,0.9564108307352196,0.9660502076148987
ft_tkt_0000860,ft_sal_000472,ft_evt_0001,GENERAL,1,0.9374141732240321,0.9804479669303297,0.9660129486048479,0.972189724445343
ft_tkt_0000861,ft_sal_000473,ft_evt_0001,GENERAL,1,0.9374141732240321,0.9659765707376415,0.958064428848651,0.9613399505615234
ft_tkt_0000862,ft_sal_000473,ft_evt_0001,GENERAL,0,0.9374141732240321,0.9659765707376415,0.958064428848651,0.9613399505615234
ft_tkt_0000863,ft_sal_000474,ft_evt_0001,GENERAL,1,0.9374141732240321,0.9805725605284311,0.9744361076183887,0.9783501625061035
ft_tkt_0000864,ft_sal_000475,ft_evt_0001,CORTESÍA,1,0.3901232716974846,0.5925712369814166,0.5408725787111912,0.649089515209198
ft_tkt_0000865,ft_sal_000475,ft_evt_0001,CORTESÍA,0,0.3901232716974846,0.5925712369814166,0.5408725787111912,0.649089515209198
ft_tkt_0000866,ft_sal_000475,ft_evt_0001,CORTESÍA,0,0.3901232716974846,0.5925712369814166,0.5408725787111912,0.649089515209198
ft_tkt_0000867,ft_sal_000475,ft_evt_0001,CORTESÍA,1,0.3901232716974846,0.5925712369814166,0.5408725787111912,0.649089515209198
ft_tkt_0000868,ft_sal_000476,ft_evt_0001,PREFERENCIAL,1,0.9317005479219154,0.9835033419899714,0.9668098515659215,0.9804099202156067
ft_tkt_0000869,ft_sal_000476,ft_evt_0001,PREFERENCIAL,1,0.9317005479219154,0.9835033419899714,0.9668098515659215,0.9804099202156067
ft_tkt_0000870,ft_sal_000477,ft_evt_0001,GENERAL,1,0.9374141732240321,0.9683869058378537,0.9600075615608025,0.9387286901473999
ft_tkt_0000871,ft_sal_000478,ft_evt_0001,GENERAL,1,0.9374141732240321,0.9744816638324025,0.9598639315831006,0.9691188931465149
ft_tkt_0000872,ft_sal_000479,ft_evt_0001,PREFERENCIAL,1,0.9317005479219154,0.9771713361149307,0.958568587144113,0.9677113890647888
ft_tkt_0000873,ft_sal_000479,ft_evt_0001,PREFERENCIAL,1,0.9317005479219154,0.9771713361149307,0.958568587144113,0.9677113890647888
ft_tkt_0000874,ft_sal_000480,ft_evt_0001,CORTESÍA,1,0.3901232716974846,0.586874095642443,0.5547607976420091,0.6612493395805359
ft_tkt_0000875,ft_sal_000481,ft_evt_0001,GENERAL,1,0.9374141732240321,0.9594881128383062,0.9492418835877106,0.967684805393219
ft_tkt_0000876,ft_sal_000481,ft_evt_0001,GENERAL,0,0.9374141732240321,0.9594881128383062,0.9492418835877106,0.967684805393219
ft_tkt_0000877,ft_sal_000482,ft_evt_0001,GENERAL,0,0.9374141732240321,0.981505610327691,0.9665724388492262,0.977338969707489
ft_tkt_0000878,ft_sal_000483,ft_evt_0001,PREFERENCIAL,1,0.9317005479219154,0.9621365232426382,0.945715946562073,0.9326895475387573
ft_tkt_0000879,ft_sal_000483,ft_evt_0001,PREFERENCIAL,1,0.9317005479219154,0.9621365232426382,0.945715946562073,0.9326895475387573
ft_tkt_0000880,ft_sal_000484,ft_evt_0001,PREFERENCIAL,1,0.9317005479219154,0.9755861892296371,0.9567171824987075,0.9689701199531555
ft_tkt_0000881,ft_sal_000484,ft_evt_0001,PREFERENCIAL,1,0.9317005479219154,0.9755861892296371,0.9567171824987075,0.9689701199531555
ft_tkt_0000882,ft_sal_000485,ft_evt_0001,GENERAL,1,0.9374141732240321,0.9557083419901161,0.9388076021089623,0.9345266222953796
ft_tkt_0000883,ft_sal_000485,ft_evt_0001,GENERAL,1,0.9374141732240321,0.9557083419901161,0.9388076021089623,0.9345266222953796
ft_tkt_0000884,ft_sal_000486,ft_evt_0001,GENERAL,1,0.9374141732240321,0.9755770014405472,0.9578647950040026,0.9654833674430847
ft_tkt_0000885,ft_sal_000486,ft_evt_0001,GENERAL,1,0.9374141732240321,0.9755770014405472,0.9578647950040026,0.9654833674430847
ft_tkt_0000886,ft_sal_000487,ft_evt_0001,GENERAL,1,0.9374141732240321,0.9703209940785177,0.9556836906646877,0.9783474206924438
ft_tkt_0000887,ft_sal_000487,ft_evt_0001,GENERAL,0,0.9374141732240321,0.9703209940785177,0.9556836906646877,0.9783474206924438
ft_tkt_0000888,ft_sal_000487,ft_evt_0001,GENERAL,0,0.9374141732240321,0.9703209940785177,0.9556836906646877,0.9783474206924438
ft_tkt_0000889,ft_sal_000488,ft_evt_0001,VIP,1,0.9356215132776959,0.9707980882732141,0.9453922990027391,0.9586833715438843
ft_tkt_0000890,ft_sal_000489,ft_evt_0001,GENERAL,1,0.9374141732240321,0.9551253200290954,0.9461555470057905,0.9159384965896606
ft_tkt_0000891,ft_sal_000489,ft_evt_0001,GENERAL,1,0.9374141732240321,0.9551253200290954,0.9461555470057905,0.9159384965896606
ft_tkt_0000892,ft_sal_000490,ft_evt_0001,GENERAL,1,0.9374141732240321,0.9636318671004627,0.9542203875407255,0.9545329213142395
ft_tkt_0000893,ft_sal_000490,ft_evt_0001,GENERAL,1,0.9374141732240321,0.9636318671004627,0.9542203875407255,0.9545329213142395
ft_tkt_0000894,ft_sal_000490,ft_evt_0001,GENERAL,1,0.9374141732240321,0.9636318671004627,0.9542203875407255,0.9545329213142395
ft_tkt_0000895,ft_sal_000491,ft_evt_0001,GENERAL,1,0.9374141732240321,0.9623553177627592,0.9403610609019952,0.9396355748176575
ft_tkt_0000896,ft_sal_000492,ft_evt_0001,GENERAL,1,0.9374141732240321,0.9732163695761791,0.9602766343658846,0.965972900390625
ft_tkt_0000897,ft_sal_000493,ft_evt_0001,GENERAL,1,0.9374141732240321,0.9720630121803923,0.9564064510392373,0.957146167755127
ft_tkt_0000898,ft_sal_000494,ft_evt_0001,CORTESÍA,0,0.3901232716974846,0.538513514217916,0.514007256974407,0.6089922189712524
ft_tkt_0000899,ft_sal_000495,ft_evt_0001,CORTESÍA,1,0.3901232716974846,0.5272191857047385,0.4590554461048845,0.534247636795044
ft_tkt_0000900,ft_sal_000495,ft_evt_0001,CORTESÍA,1,0.3901232716974846,0.5272191857047385,0.4590554461048845,0.534247636795044
ft_tkt_0000901,ft_sal_000496,ft_evt_0001,VIP,1,0.9356215132776959,0.980250916977806,0.9591783345506786,0.9717034697532654
ft_tkt_0000902,ft_sal_000496,ft_evt_0001,VIP,1,0.9356215132776959,0.980250916977806,0.9591783345506786,0.9717034697532654
ft_tkt_0000903,ft_sal_000496,ft_evt_0001,VIP,1,0.9356215132776959,0.980250916977806,0.9591783345506786,0.9717034697532654
ft_tkt_0000904,ft_sal_000497,ft_evt_0001,CORTESÍA,0,0.3901232716974846,0.5915624935194715,0.5394337395083745,0.6703057885169983
ft_tkt_0000905,ft_sal_000497,ft_evt_0001,CORTESÍA,1,0.3901232716974846,0.5915624935194715,0.5394337395083745,0.6703057885169983
ft_tkt_0000906,ft_sal_000498,ft_evt_0001,GENERAL,1,0.9374141732240321,0.989192003899767,0.9649899809285112,0.9527598023414612
ft_tkt_0000907,ft_sal_000499,ft_evt_0001,PREFERENCIAL,1,0.9317005479219154,0.9761940748263269,0.9593923931616197,0.9692389369010925
ft_tkt_0000908,ft_sal_000500,ft_evt_0001,GENERAL,1,0.9374141732240321,0.9811388133328915,0.9400000932961095,0.9506731629371643
ft_tkt_0000909,ft_sal_000501,ft_evt_0001,GENERAL,1,0.9374141732240321,0.9646705163422554,0.9390014634352863,0.9283047318458557
ft_tkt_0000910,ft_sal_000501,ft_evt_0001,GENERAL,1,0.9374141732240321,0.9646705163422554,0.9390014634352863,0.9283047318458557
ft_tkt_0000911,ft_sal_000502,ft_evt_0001,PREFERENCIAL,1,0.9317005479219154,0.9743587006027893,0.9565889095094637,0.9707735776901245
ft_tkt_0000912,ft_sal_000503,ft_evt_0001,VIP,1,0.9356215132776959,0.9786134000229135,0.9556099171469026,0.9710097908973694
ft_tkt_0000913,ft_sal_000503,ft_evt_0001,VIP,1,0.9356215132776959,0.9786134000229135,0.9556099171469026,0.9710097908973694
ft_tkt_0000914,ft_sal_000503,ft_evt_0001,VIP,1,0.9356215132776959,0.9786134000229135,0.9556099171469026,0.9710097908973694
ft_tkt_0000915,ft_sal_000503,ft_evt_0001,VIP,1,0.9356215132776959,0.9786134000229135,0.9556099171469026,0.9710097908973694
ft_tkt_0000916,ft_sal_000504,ft_evt_0001,GENERAL,1,0.9374141732240321,0.9740353432349684,0.956254181463322,0.9576433300971985
ft_tkt_0000917,ft_sal_000504,ft_evt_0001,GENERAL,1,0.9374141732240321,0.9740353432349684,0.956254181463322,0.9576433300971985
ft_tkt_0000918,ft_sal_000505,ft_evt_0001,CORTESÍA,0,0.3901232716974846,0.5042883326628235,0.48495239580881405,0.5964229106903076
ft_tkt_0000919,ft_sal_000505,ft_evt_0001,CORTESÍA,0,0.3901232716974846,0.5042883326628235,0.48495239580881405,0.5964229106903076
ft_tkt_0000920,ft_sal_000505,ft_evt_0001,CORTESÍA,1,0.3901232716974846,0.5042883326628235,0.48495239580881405,0.5964229106903076
ft_tkt_0000921,ft_sal_000505,ft_evt_0001,CORTESÍA,1,0.3901232716974846,0.5042883326628235,0.48495239580881405,0.5964229106903076
ft_tkt_0000922,ft_sal_000506,ft_evt_0001,GENERAL,1,0.9374141732240321,0.9610334766512817,0.950536701804695,0.9787905812263489
ft_tkt_0000923,ft_sal_000506,ft_evt_0001,GENERAL,1,0.9374141732240321,0.9610334766512817,0.950536701804695,0.9787905812263489
ft_tkt_0000924,ft_sal_000507,ft_evt_0001,CORTESÍA,0,0.3901232716974846,0.5284276508567028,0.4981148689879402,0.5371125936508179
ft_tkt_0000925,ft_sal_000508,ft_evt_0001,GENERAL,1,0.9374141732240321,0.9738050153184449,0.9561819552109173,0.9725037217140198
ft_tkt_0000926,ft_sal_000508,ft_evt_0001,GENERAL,1,0.9374141732240321,0.9738050153184449,0.9561819552109173,0.9725037217140198
ft_tkt_0000927,ft_sal_000508,ft_evt_0001,GENERAL,1,0.9374141732240321,0.9738050153184449,0.9561819552109173,0.9725037217140198
ft_tkt_0000928,ft_sal_000508,ft_evt_0001,GENERAL,1,0.9374141732240321,0.9738050153184449,0.9561819552109173,0.9725037217140198
ft_tkt_0000929,ft_sal_000509,ft_evt_0001,PREFERENCIAL,1,0.9317005479219154,0.9791325925156562,0.9555840766909566,0.968437671661377
ft_tkt_0000930,ft_sal_000509,ft_evt_0001,PREFERENCIAL,1,0.9317005479219154,0.9791325925156562,0.9555840766909566,0.968437671661377
ft_tkt_0000931,ft_sal_000510,ft_evt_0001,GENERAL,1,0.9374141732240321,0.9589929714962657,0.9472487872363612,0.9174238443374634
ft_tkt_0000932,ft_sal_000510,ft_evt_0001,GENERAL,1,0.9374141732240321,0.9589929714962657,0.9472487872363612,0.9174238443374634
ft_tkt_0000933,ft_sal_000511,ft_evt_0001,GENERAL,1,0.9374141732240321,0.9425040373433445,0.9479710075370268,0.9409371614456177
ft_tkt_0000934,ft_sal_000512,ft_evt_0001,PREFERENCIAL,1,0.9317005479219154,0.9761417800834354,0.9598460846286784,0.9793890118598938
ft_tkt_0000935,ft_sal_000512,ft_evt_0001,PREFERENCIAL,1,0.9317005479219154,0.9761417800834354,0.9598460846286784,0.9793890118598938
ft_tkt_0000936,ft_sal_000512,ft_evt_0001,PREFERENCIAL,1,0.9317005479219154,0.9761417800834354,0.9598460846286784,0.9793890118598938
ft_tkt_0000937,ft_sal_000512,ft_evt_0001,PREFERENCIAL,1,0.9317005479219154,0.9761417800834354,0.9598460846286784,0.9793890118598938
ft_tkt_0000938,ft_sal_000513,ft_evt_0001,GENERAL,1,0.9374141732240321,0.9709551569632123,0.9439420351853385,0.9434427618980408
ft_tkt_0000939,ft_sal_000513,ft_evt_0001,GENERAL,1,0.9374141732240321,0.9709551569632123,0.9439420351853385,0.9434427618980408
ft_tkt_0000940,ft_sal_000514,ft_evt_0001,GENERAL,1,0.9374141732240321,0.973464368433578,0.9543079599799841,0.9590064883232117
ft_tkt_0000941,ft_sal_000514,ft_evt_0001,GENERAL,1,0.9374141732240321,0.973464368433578,0.9543079599799841,0.9590064883232117
ft_tkt_0000942,ft_sal_000515,ft_evt_0001,VIP,1,0.9356215132776959,0.9956390228964848,0.9652699115909712,0.9668511152267456
ft_tkt_0000943,ft_sal_000516,ft_evt_0001,GENERAL,1,0.9374141732240321,0.9593705062193585,0.9419890046905048,0.9299605488777161
ft_tkt_0000944,ft_sal_000516,ft_evt_0001,GENERAL,1,0.9374141732240321,0.9593705062193585,0.9419890046905048,0.9299605488777161
ft_tkt_0000945,ft_sal_000516,ft_evt_0001,GENERAL,1,0.9374141732240321,0.9593705062193585,0.9419890046905048,0.9299605488777161
ft_tkt_0000946,ft_sal_000517,ft_evt_0001,PREFERENCIAL,1,0.9317005479219154,0.9739220028050245,0.95892431808204,0.9731255769729614
ft_tkt_0000947,ft_sal_000517,ft_evt_0001,PREFERENCIAL,1,0.9317005479219154,0.9739220028050245,0.95892431808204,0.9731255769729614
ft_tkt_0000948,ft_sal_000517,ft_evt_0001,PREFERENCIAL,1,0.9317005479219154,0.9739220028050245,0.95892431808204,0.9731255769729614
ft_tkt_0000949,ft_sal_000517,ft_evt_0001,PREFERENCIAL,1,0.9317005479219154,0.9739220028050245,0.95892431808204,0.9731255769729614
ft_tkt_0000950,ft_sal_000517,ft_evt_0001,PREFERENCIAL,1,0.9317005479219154,0.9739220028050245,0.95892431808204,0.9731255769729614
ft_tkt_0000951,ft_sal_000518,ft_evt_0049,CORTESÍA,0,0.3901232716974846,0.4982066375127785,0.3457219745583828,0.4144740700721741
ft_tkt_0000952,ft_sal_000519,ft_evt_0049,CORTESÍA,1,0.3901232716974846,0.4548531694758852,0.35665976534784233,0.38894155621528625
ft_tkt_0000953,ft_sal_000519,ft_evt_0049,CORTESÍA,0,0.3901232716974846,0.4548531694758852,0.35665976534784233,0.38894155621528625
ft_tkt_0000954,ft_sal_000520,ft_evt_0049,PREFERENCIAL,1,0.9317005479219154,0.9657849690939431,0.9242634099680878,0.9316067099571228
ft_tkt_0000955,ft_sal_000521,ft_evt_0049,CORTESÍA,1,0.3901232716974846,0.31122766367537785,0.29486327404023005,0.28796276450157166
ft_tkt_0000956,ft_sal_000522,ft_evt_0049,CORTESÍA,1,0.3901232716974846,0.5065892154449416,0.4311089422065158,0.42002078890800476
ft_tkt_0000957,ft_sal_000523,ft_evt_0049,GENERAL,1,0.9374141732240321,0.9639363598244882,0.9349934164637722,0.9289644956588745
ft_tkt_0000958,ft_sal_000523,ft_evt_0049,GENERAL,1,0.9374141732240321,0.9639363598244882,0.9349934164637722,0.9289644956588745
ft_tkt_0000959,ft_sal_000524,ft_evt_0049,CORTESÍA,1,0.3901232716974846,0.4337109874821597,0.3499204226433612,0.3381676971912384
ft_tkt_0000960,ft_sal_000524,ft_evt_0049,CORTESÍA,1,0.3901232716974846,0.4337109874821597,0.3499204226433612,0.3381676971912384
ft_tkt_0000961,ft_sal_000525,ft_evt_0049,PREFERENCIAL,1,0.9317005479219154,0.9654324982580653,0.9484594075188763,0.9492623805999756
ft_tkt_0000962,ft_sal_000526,ft_evt_0049,GENERAL,1,0.9374141732240321,0.9651923439216231,0.9332075894085536,0.9288013577461243
ft_tkt_0000963,ft_sal_000526,ft_evt_0049,GENERAL,1,0.9374141732240321,0.9651923439216231,0.9332075894085536,0.9288013577461243
ft_tkt_0000964,ft_sal_000527,ft_evt_0049,CORTESÍA,1,0.3901232716974846,0.35746377287600933,0.33788903422310795,0.29882851243019104
ft_tkt_0000965,ft_sal_000528,ft_evt_0049,GENERAL,1,0.9374141732240321,0.9604280964399861,0.9462596418545578,0.94903963804245
ft_tkt_0000966,ft_sal_000528,ft_evt_0049,GENERAL,1,0.9374141732240321,0.9604280964399861,0.9462596418545578,0.94903963804245
ft_tkt_0000967,ft_sal_000529,ft_evt_0049,PREFERENCIAL,1,0.9317005479219154,0.9447815824902792,0.9267527251616694,0.8992786407470703
ft_tkt_0000968,ft_sal_000530,ft_evt_0049,GENERAL,1,0.9374141732240321,0.9305009442160712,0.9141963912372421,0.9070473313331604
ft_tkt_0000969,ft_sal_000530,ft_evt_0049,GENERAL,1,0.9374141732240321,0.9305009442160712,0.9141963912372421,0.9070473313331604
ft_tkt_0000970,ft_sal_000530,ft_evt_0049,GENERAL,1,0.9374141732240321,0.9305009442160712,0.9141963912372421,0.9070473313331604
ft_tkt_0000971,ft_sal_000531,ft_evt_0049,CORTESÍA,1,0.3901232716974846,0.12515229627697522,0.33140632512143225,0.28411343693733215
ft_tkt_0000972,ft_sal_000532,ft_evt_0049,GENERAL,1,0.9374141732240321,0.9602718321069575,0.9321923692074219,0.9329225420951843
ft_tkt_0000973,ft_sal_000532,ft_evt_0049,GENERAL,1,0.9374141732240321,0.9602718321069575,0.9321923692074219,0.9329225420951843
ft_tkt_0000974,ft_sal_000533,ft_evt_0049,CORTESÍA,0,0.3901232716974846,0.39704353176475893,0.35073522320248646,0.33006948232650757
ft_tkt_0000975,ft_sal_000533,ft_evt_0049,CORTESÍA,0,0.3901232716974846,0.39704353176475893,0.35073522320248646,0.33006948232650757
ft_tkt_0000976,ft_sal_000534,ft_evt_0049,CORTESÍA,0,0.3901232716974846,0.6216177095076868,0.4726721888015823,0.5200657844543457
ft_tkt_0000977,ft_sal_000534,ft_evt_0049,CORTESÍA,0,0.3901232716974846,0.6216177095076868,0.4726721888015823,0.5200657844543457
ft_tkt_0000978,ft_sal_000535,ft_evt_0049,CORTESÍA,1,0.3901232716974846,0.7125240649343815,0.5084886780177271,0.6049821972846985
ft_tkt_0000979,ft_sal_000536,ft_evt_0049,GENERAL,1,0.9374141732240321,0.9542338527010096,0.9167601502500669,0.9435486793518066
ft_tkt_0000980,ft_sal_000536,ft_evt_0049,GENERAL,0,0.9374141732240321,0.9542338527010096,0.9167601502500669,0.9435486793518066
ft_tkt_0000981,ft_sal_000537,ft_evt_0049,PREFERENCIAL,1,0.9317005479219154,0.9532946575592647,0.9464341874345258,0.9525564312934875
ft_tkt_0000982,ft_sal_000537,ft_evt_0049,PREFERENCIAL,1,0.9317005479219154,0.9532946575592647,0.9464341874345258,0.9525564312934875
ft_tkt_0000983,ft_sal_000538,ft_evt_0049,VIP,1,0.9356215132776959,0.9766274152687416,0.9360985382850172,0.9449509978294373
ft_tkt_0000984,ft_sal_000538,ft_evt_0049,VIP,1,0.9356215132776959,0.9766274152687416,0.9360985382850172,0.9449509978294373
ft_tkt_0000985,ft_sal_000539,ft_evt_0049,GENERAL,1,0.9374141732240321,0.9251818208147801,0.9134540104358397,0.9014686942100525
ft_tkt_0000986,ft_sal_000539,ft_evt_0049,GENERAL,1,0.9374141732240321,0.9251818208147801,0.9134540104358397,0.9014686942100525
ft_tkt_0000987,ft_sal_000539,ft_evt_0049,GENERAL,1,0.9374141732240321,0.9251818208147801,0.9134540104358397,0.9014686942100525
ft_tkt_0000988,ft_sal_000539,ft_evt_0049,GENERAL,0,0.9374141732240321,0.9251818208147801,0.9134540104358397,0.9014686942100525
ft_tkt_0000989,ft_sal_000540,ft_evt_0049,CORTESÍA,1,0.3901232716974846,0.4324449783418289,0.3693482714096233,0.34715735912323
ft_tkt_0000990,ft_sal_000540,ft_evt_0049,CORTESÍA,0,0.3901232716974846,0.4324449783418289,0.3693482714096233,0.34715735912323
ft_tkt_0000991,ft_sal_000540,ft_evt_0049,CORTESÍA,1,0.3901232716974846,0.4324449783418289,0.3693482714096233,0.34715735912323
ft_tkt_0000992,ft_sal_000540,ft_evt_0049,CORTESÍA,0,0.3901232716974846,0.4324449783418289,0.3693482714096233,0.34715735912323
ft_tkt_0000993,ft_sal_000540,ft_evt_0049,CORTESÍA,0,0.3901232716974846,0.4324449783418289,0.3693482714096233,0.34715735912323
ft_tkt_0000994,ft_sal_000540,ft_evt_0049,CORTESÍA,0,0.3901232716974846,0.4324449783418289,0.3693482714096233,0.34715735912323
ft_tkt_0000995,ft_sal_000541,ft_evt_0049,CORTESÍA,1,0.3901232716974846,0.5243387921085646,0.41986368090714316,0.4217049181461334
ft_tkt_0000996,ft_sal_000541,ft_evt_0049,CORTESÍA,1,0.3901232716974846,0.5243387921085646,0.41986368090714316,0.4217049181461334
ft_tkt_0000997,ft_sal_000541,ft_evt_0049,CORTESÍA,1,0.3901232716974846,0.5243387921085646,0.41986368090714316,0.4217049181461334
ft_tkt_0000998,ft_sal_000542,ft_evt_0049,CORTESÍA,1,0.3901232716974846,0.4802322113556323,0.3540689112151179,0.40164193511009216
ft_tkt_0000999,ft_sal_000543,ft_evt_0049,PREFERENCIAL,1,0.9317005479219154,0.8602292919055263,0.919553176449046,0.9139395356178284
ft_tkt_0001000,ft_sal_000544,ft_evt_0049,CORTESÍA,1,0.3901232716974846,0.5157572889896394,0.4208511344635122,0.45369040966033936
ft_tkt_0001001,ft_sal_000544,ft_evt_0049,CORTESÍA,1,0.3901232716974846,0.5157572889896394,0.4208511344635122,0.45369040966033936
ft_tkt_0001002,ft_sal_000544,ft_evt_0049,CORTESÍA,1,0.3901232716974846,0.5157572889896394,0.4208511344635122,0.45369040966033936
ft_tkt_0001003,ft_sal_000544,ft_evt_0049,CORTESÍA,1,0.3901232716974846,0.5157572889896394,0.4208511344635122,0.45369040966033936
ft_tkt_0001004,ft_sal_000544,ft_evt_0049,CORTESÍA,0,0.3901232716974846,0.5157572889896394,0.4208511344635122,0.45369040966033936
ft_tkt_0001005,ft_sal_000544,ft_evt_0049,CORTESÍA,0,0.3901232716974846,0.5157572889896394,0.4208511344635122,0.45369040966033936
ft_tkt_0001006,ft_sal_000545,ft_evt_0049,PREFERENCIAL,1,0.9317005479219154,0.9148324062774505,0.9297653992534477,0.9261283874511719
ft_tkt_0001007,ft_sal_000546,ft_evt_0049,GENERAL,1,0.9374141732240321,0.9476237462158353,0.9258373861686213,0.9139117002487183
ft_tkt_0001008,ft_sal_000547,ft_evt_0049,GENERAL,1,0.9374141732240321,0.9730162555117471,0.9415866160184582,0.9599769711494446
ft_tkt_0001009,ft_sal_000548,ft_evt_0049,CORTESÍA,1,0.3901232716974846,0.5072190009195408,0.4334484376592588,0.49780383706092834
ft_tkt_0001010,ft_sal_000548,ft_evt_0049,CORTESÍA,1,0.3901232716974846,0.5072190009195408,0.4334484376592588,0.49780383706092834
ft_tkt_0001011,ft_sal_000549,ft_evt_0049,GENERAL,1,0.9374141732240321,0.9635903670376439,0.9349934164637722,0.9218066930770874
ft_tkt_0001012,ft_sal_000549,ft_evt_0049,GENERAL,1,0.9374141732240321,0.9635903670376439,0.9349934164637722,0.9218066930770874
ft_tkt_0001013,ft_sal_000550,ft_evt_0049,GENERAL,1,0.9374141732240321,0.9589036871547535,0.9327541742021485,0.9333811402320862
ft_tkt_0001014,ft_sal_000551,ft_evt_0049,PREFERENCIAL,1,0.9317005479219154,0.9595685029054628,0.9313837014791176,0.911621630191803
ft_tkt_0001015,ft_sal_000552,ft_evt_0049,GENERAL,1,0.9374141732240321,0.9611661301906477,0.9316295648070235,0.917613685131073
ft_tkt_0001016,ft_sal_000553,ft_evt_0049,CORTESÍA,1,0.3901232716974846,0.4952240091203794,0.37982761495081807,0.367896169424057
ft_tkt_0001017,ft_sal_000554,ft_evt_0049,PREFERENCIAL,1,0.9317005479219154,0.9632892678764113,0.9494606655433073,0.968808650970459
ft_tkt_0001018,ft_sal_000554,ft_evt_0049,PREFERENCIAL,1,0.9317005479219154,0.9632892678764113,0.9494606655433073,0.968808650970459
ft_tkt_0001019,ft_sal_000554,ft_evt_0049,PREFERENCIAL,1,0.9317005479219154,0.9632892678764113,0.9494606655433073,0.968808650970459
ft_tkt_0001020,ft_sal_000555,ft_evt_0049,PREFERENCIAL,1,0.9317005479219154,0.8998962057937846,0.9116053313045221,0.8105693459510803
ft_tkt_0001021,ft_sal_000556,ft_evt_0049,PREFERENCIAL,1,0.9317005479219154,0.9534572052475726,0.9248777206463004,0.9066096544265747
ft_tkt_0001022,ft_sal_000556,ft_evt_0049,PREFERENCIAL,1,0.9317005479219154,0.9534572052475726,0.9248777206463004,0.9066096544265747
ft_tkt_0001023,ft_sal_000557,ft_evt_0049,CORTESÍA,0,0.3901232716974846,0.5922952617751251,0.4145104004194008,0.4928644299507141
ft_tkt_0001024,ft_sal_000558,ft_evt_0049,GENERAL,1,0.9374141732240321,0.9517533214989363,0.9474716965916639,0.9548564553260803
ft_tkt_0001025,ft_sal_000559,ft_evt_0049,GENERAL,1,0.9374141732240321,0.9484485443814225,0.9221286891799585,0.891459047794342
ft_tkt_0001026,ft_sal_000559,ft_evt_0049,GENERAL,1,0.9374141732240321,0.9484485443814225,0.9221286891799585,0.891459047794342
ft_tkt_0001027,ft_sal_000559,ft_evt_0049,GENERAL,1,0.9374141732240321,0.9484485443814225,0.9221286891799585,0.891459047794342
ft_tkt_0001028,ft_sal_000560,ft_evt_0049,GENERAL,1,0.9374141732240321,0.9500594714099336,0.9357048075251438,0.9370505809783936
ft_tkt_0001029,ft_sal_000561,ft_evt_0049,GENERAL,0,0.9374141732240321,0.934656604983431,0.9474395669888396,0.953525185585022
ft_tkt_0001030,ft_sal_000562,ft_evt_0049,GENERAL,1,0.9374141732240321,0.975561008118029,0.9387336000771022,0.9369918704032898
ft_tkt_0001031,ft_sal_000562,ft_evt_0049,GENERAL,1,0.9374141732240321,0.975561008118029,0.9387336000771022,0.9369918704032898
ft_tkt_0001032,ft_sal_000563,ft_evt_0049,CORTESÍA,1,0.3901232716974846,0.5173657111040313,0.42067389668544786,0.424462229013443
ft_tkt_0001033,ft_sal_000563,ft_evt_0049,CORTESÍA,0,0.3901232716974846,0.5173657111040313,0.42067389668544786,0.424462229013443
ft_tkt_0001034,ft_sal_000564,ft_evt_0049,GENERAL,1,0.9374141732240321,0.9620811366960529,0.9326424438105425,0.9341760873794556
ft_tkt_0001035,ft_sal_000564,ft_evt_0049,GENERAL,1,0.9374141732240321,0.9620811366960529,0.9326424438105425,0.9341760873794556
ft_tkt_0001036,ft_sal_000564,ft_evt_0049,GENERAL,1,0.9374141732240321,0.9620811366960529,0.9326424438105425,0.9341760873794556
ft_tkt_0001037,ft_sal_000565,ft_evt_0049,PREFERENCIAL,1,0.9317005479219154,0.9086338716587765,0.9200801109811423,0.9393213987350464
ft_tkt_0001038,ft_sal_000566,ft_evt_0049,VIP,1,0.9356215132776959,0.9284136827288498,0.9343199402116227,0.928022027015686
ft_tkt_0001039,ft_sal_000567,ft_evt_0049,GENERAL,1,0.9374141732240321,0.9801351017053985,0.9456486825485463,0.956125020980835
ft_tkt_0001040,ft_sal_000568,ft_evt_0049,GENERAL,1,0.9374141732240321,0.9344511967375471,0.9191186422028802,0.9478132724761963
ft_tkt_0001041,ft_sal_000568,ft_evt_0049,GENERAL,1,0.9374141732240321,0.9344511967375471,0.9191186422028802,0.9478132724761963
ft_tkt_0001042,ft_sal_000568,ft_evt_0049,GENERAL,1,0.9374141732240321,0.9344511967375471,0.9191186422028802,0.9478132724761963
ft_tkt_0001043,ft_sal_000569,ft_evt_0049,VIP,1,0.9356215132776959,0.9596371954402351,0.9468471923377206,0.9655795097351074
ft_tkt_0001044,ft_sal_000569,ft_evt_0049,VIP,1,0.9356215132776959,0.9596371954402351,0.9468471923377206,0.9655795097351074
ft_tkt_0001045,ft_sal_000570,ft_evt_0049,PREFERENCIAL,0,0.9317005479219154,0.9415412212930319,0.9203087700776816,0.8664458990097046
ft_tkt_0001046,ft_sal_000571,ft_evt_0049,GENERAL,1,0.9374141732240321,0.9535607878435246,0.9217350296442948,0.9304456114768982
ft_tkt_0001047,ft_sal_000571,ft_evt_0049,GENERAL,1,0.9374141732240321,0.9535607878435246,0.9217350296442948,0.9304456114768982
ft_tkt_0001048,ft_sal_000571,ft_evt_0049,GENERAL,1,0.9374141732240321,0.9535607878435246,0.9217350296442948,0.9304456114768982
ft_tkt_0001049,ft_sal_000571,ft_evt_0049,GENERAL,1,0.9374141732240321,0.9535607878435246,0.9217350296442948,0.9304456114768982
ft_tkt_0001050,ft_sal_000571,ft_evt_0049,GENERAL,1,0.9374141732240321,0.9535607878435246,0.9217350296442948,0.9304456114768982
ft_tkt_0001051,ft_sal_000571,ft_evt_0049,GENERAL,1,0.9374141732240321,0.9535607878435246,0.9217350296442948,0.9304456114768982
ft_tkt_0001052,ft_sal_000572,ft_evt_0049,CORTESÍA,1,0.3901232716974846,0.4557260854178336,0.36596955572644113,0.3400106132030487
ft_tkt_0001053,ft_sal_000572,ft_evt_0049,CORTESÍA,0,0.3901232716974846,0.4557260854178336,0.36596955572644113,0.3400106132030487
ft_tkt_0001054,ft_sal_000572,ft_evt_0049,CORTESÍA,1,0.3901232716974846,0.4557260854178336,0.36596955572644113,0.3400106132030487
ft_tkt_0001055,ft_sal_000572,ft_evt_0049,CORTESÍA,0,0.3901232716974846,0.4557260854178336,0.36596955572644113,0.3400106132030487
ft_tkt_0001056,ft_sal_000573,ft_evt_0049,CORTESÍA,0,0.3901232716974846,0.4436095270324276,0.38149645958223316,0.2956435978412628
ft_tkt_0001057,ft_sal_000573,ft_evt_0049,CORTESÍA,0,0.3901232716974846,0.4436095270324276,0.38149645958223316,0.2956435978412628
ft_tkt_0001058,ft_sal_000573,ft_evt_0049,CORTESÍA,1,0.3901232716974846,0.4436095270324276,0.38149645958223316,0.2956435978412628
ft_tkt_0001059,ft_sal_000574,ft_evt_0049,GENERAL,1,0.9374141732240321,0.9469215246618858,0.9189764537669554,0.9329330325126648
ft_tkt_0001060,ft_sal_000574,ft_evt_0049,GENERAL,1,0.9374141732240321,0.9469215246618858,0.9189764537669554,0.9329330325126648
ft_tkt_0001061,ft_sal_000574,ft_evt_0049,GENERAL,1,0.9374141732240321,0.9469215246618858,0.9189764537669554,0.9329330325126648
ft_tkt_0001062,ft_sal_000575,ft_evt_0049,CORTESÍA,0,0.3901232716974846,0.42749691919362215,0.3488402128548593,0.3248271942138672
ft_tkt_0001063,ft_sal_000575,ft_evt_0049,CORTESÍA,0,0.3901232716974846,0.42749691919362215,0.3488402128548593,0.3248271942138672
ft_tkt_0001064,ft_sal_000576,ft_evt_0049,CORTESÍA,0,0.3901232716974846,0.36168309630796275,0.2586855246686353,0.19760240614414215
ft_tkt_0001065,ft_sal_000577,ft_evt_0049,CORTESÍA,0,0.3901232716974846,0.48595594570294126,0.4576977325128782,0.6620209813117981
ft_tkt_0001066,ft_sal_000577,ft_evt_0049,CORTESÍA,0,0.3901232716974846,0.48595594570294126,0.4576977325128782,0.6620209813117981
ft_tkt_0001067,ft_sal_000578,ft_evt_0049,GENERAL,1,0.9374141732240321,0.9563522823030544,0.9236588855356221,0.9503135681152344
ft_tkt_0001068,ft_sal_000578,ft_evt_0049,GENERAL,1,0.9374141732240321,0.9563522823030544,0.9236588855356221,0.9503135681152344
ft_tkt_0001069,ft_sal_000579,ft_evt_0049,PREFERENCIAL,1,0.9317005479219154,0.9607430500498375,0.9329902052115918,0.9125571846961975
ft_tkt_0001070,ft_sal_000580,ft_evt_0049,GENERAL,1,0.9374141732240321,0.9554223509191903,0.9213213233223607,0.9274651408195496
ft_tkt_0001071,ft_sal_000580,ft_evt_0049,GENERAL,0,0.9374141732240321,0.9554223509191903,0.9213213233223607,0.9274651408195496
ft_tkt_0001072,ft_sal_000580,ft_evt_0049,GENERAL,1,0.9374141732240321,0.9554223509191903,0.9213213233223607,0.9274651408195496
ft_tkt_0001073,ft_sal_000581,ft_evt_0049,CORTESÍA,0,0.3901232716974846,0.4941000350701709,0.4197689876246513,0.42837294936180115
ft_tkt_0001074,ft_sal_000582,ft_evt_0049,CORTESÍA,0,0.3901232716974846,0.3610297207687401,0.2752584295840154,0.2672269940376282
ft_tkt_0001075,ft_sal_000583,ft_evt_0049,CORTESÍA,0,0.3901232716974846,0.35078093371788616,0.325986576402176,0.29715919494628906
ft_tkt_0001076,ft_sal_000583,ft_evt_0049,CORTESÍA,0,0.3901232716974846,0.35078093371788616,0.325986576402176,0.29715919494628906
ft_tkt_0001077,ft_sal_000583,ft_evt_0049,CORTESÍA,0,0.3901232716974846,0.35078093371788616,0.325986576402176,0.29715919494628906
ft_tkt_0001078,ft_sal_000583,ft_evt_0049,CORTESÍA,0,0.3901232716974846,0.35078093371788616,0.325986576402176,0.29715919494628906
ft_tkt_0001079,ft_sal_000583,ft_evt_0049,CORTESÍA,0,0.3901232716974846,0.35078093371788616,0.325986576402176,0.29715919494628906
ft_tkt_0001080,ft_sal_000583,ft_evt_0049,CORTESÍA,0,0.3901232716974846,0.35078093371788616,0.325986576402176,0.29715919494628906
ft_tkt_0001081,ft_sal_000584,ft_evt_0049,GENERAL,1,0.9374141732240321,0.9760094276618311,0.9256489953051638,0.9363629817962646
ft_tkt_0001082,ft_sal_000585,ft_evt_0049,CORTESÍA,1,0.3901232716974846,0.4415222950002725,0.34757440878467716,0.3583982586860657
ft_tkt_0001083,ft_sal_000585,ft_evt_0049,CORTESÍA,0,0.3901232716974846,0.4415222950002725,0.34757440878467716,0.3583982586860657
ft_tkt_0001084,ft_sal_000586,ft_evt_0049,GENERAL,1,0.9374141732240321,0.9629297820801396,0.933851573233863,0.9357220530509949
ft_tkt_0001085,ft_sal_000586,ft_evt_0049,GENERAL,1,0.9374141732240321,0.9629297820801396,0.933851573233863,0.9357220530509949
ft_tkt_0001086,ft_sal_000587,ft_evt_0049,GENERAL,1,0.9374141732240321,0.9354158691231198,0.9294940642619592,0.927985429763794
ft_tkt_0001087,ft_sal_000588,ft_evt_0049,CORTESÍA,0,0.3901232716974846,0.3160913742608299,0.3154654156287294,0.22181099653244019
ft_tkt_0001088,ft_sal_000588,ft_evt_0049,CORTESÍA,0,0.3901232716974846,0.3160913742608299,0.3154654156287294,0.22181099653244019
ft_tkt_0001089,ft_sal_000589,ft_evt_0049,GENERAL,1,0.9374141732240321,0.9406877708287857,0.928862106731698,0.9282081723213196
ft_tkt_0001090,ft_sal_000589,ft_evt_0049,GENERAL,1,0.9374141732240321,0.9406877708287857,0.928862106731698,0.9282081723213196
ft_tkt_0001091,ft_sal_000589,ft_evt_0049,GENERAL,1,0.9374141732240321,0.9406877708287857,0.928862106731698,0.9282081723213196
ft_tkt_0001092,ft_sal_000589,ft_evt_0049,GENERAL,1,0.9374141732240321,0.9406877708287857,0.928862106731698,0.9282081723213196
ft_tkt_0001093,ft_sal_000589,ft_evt_0049,GENERAL,1,0.9374141732240321,0.9406877708287857,0.928862106731698,0.9282081723213196
ft_tkt_0001094,ft_sal_000589,ft_evt_0049,GENERAL,1,0.9374141732240321,0.9406877708287857,0.928862106731698,0.9282081723213196
ft_tkt_0001095,ft_sal_000590,ft_evt_0049,GENERAL,1,0.9374141732240321,0.9603743152848919,0.9333101250387215,0.9370872974395752
ft_tkt_0001096,ft_sal_000591,ft_evt_0049,GENERAL,1,0.9374141732240321,0.9731873678576678,0.9541534193467485,0.9579658508300781
ft_tkt_0001097,ft_sal_000592,ft_evt_0049,VIP,0,0.9356215132776959,0.9580472033598447,0.9216167851620917,0.9305174350738525
ft_tkt_0001098,ft_sal_000592,ft_evt_0049,VIP,0,0.9356215132776959,0.9580472033598447,0.9216167851620917,0.9305174350738525
ft_tkt_0001099,ft_sal_000593,ft_evt_0049,CORTESÍA,0,0.3901232716974846,0.49951493529178703,0.41565507026439885,0.4180600941181183
ft_tkt_0001100,ft_sal_000594,ft_evt_0049,CORTESÍA,0,0.3901232716974846,0.589935273699835,0.40229182639929234,0.48616015911102295
ft_tkt_0001101,ft_sal_000594,ft_evt_0049,CORTESÍA,0,0.3901232716974846,0.589935273699835,0.40229182639929234,0.48616015911102295
ft_tkt_0001102,ft_sal_000595,ft_evt_0049,VIP,1,0.9356215132776959,0.9697457900020359,0.9237261639764096,0.9501906633377075
ft_tkt_0001103,ft_sal_000596,ft_evt_0049,CORTESÍA,0,0.3901232716974846,0.5617261511620649,0.29406342338201436,0.3544081151485443
ft_tkt_0001104,ft_sal_000597,ft_evt_0049,CORTESÍA,0,0.3901232716974846,0.4054689286171066,0.34669333259348517,0.3004302978515625
ft_tkt_0001105,ft_sal_000597,ft_evt_0049,CORTESÍA,1,0.3901232716974846,0.4054689286171066,0.34669333259348517,0.3004302978515625
ft_tkt_0001106,ft_sal_000598,ft_evt_0049,CORTESÍA,0,0.3901232716974846,0.5466705330016663,0.43870100652623223,0.4239695072174072
ft_tkt_0001107,ft_sal_000598,ft_evt_0049,CORTESÍA,1,0.3901232716974846,0.5466705330016663,0.43870100652623223,0.4239695072174072
ft_tkt_0001108,ft_sal_000599,ft_evt_0049,GENERAL,1,0.9374141732240321,0.9626742896827796,0.9355805435978385,0.9386380314826965
ft_tkt_0001109,ft_sal_000600,ft_evt_0049,GENERAL,1,0.9374141732240321,0.9629575819452852,0.9326424438105425,0.9319407343864441
ft_tkt_0001110,ft_sal_000600,ft_evt_0049,GENERAL,1,0.9374141732240321,0.9629575819452852,0.9326424438105425,0.9319407343864441
ft_tkt_0001111,ft_sal_000600,ft_evt_0049,GENERAL,1,0.9374141732240321,0.9629575819452852,0.9326424438105425,0.9319407343864441
ft_tkt_0001112,ft_sal_000601,ft_evt_0049,CORTESÍA,1,0.3901232716974846,0.25749114867181705,0.32434839563465406,0.25271275639533997
ft_tkt_0001113,ft_sal_000602,ft_evt_0049,PREFERENCIAL,1,0.9317005479219154,0.9614491770332769,0.9342658792682824,0.9203405976295471
ft_tkt_0001114,ft_sal_000603,ft_evt_0049,GENERAL,1,0.9374141732240321,0.9415312867812045,0.9293285003199021,0.9066712856292725
ft_tkt_0001115,ft_sal_000604,ft_evt_0049,CORTESÍA,1,0.3901232716974846,0.4294838251108597,0.3452290580985377,0.2470145970582962
ft_tkt_0001116,ft_sal_000605,ft_evt_0049,GENERAL,1,0.9374141732240321,0.9731412179970583,0.9378253651122467,0.9418240189552307
ft_tkt_0001117,ft_sal_000606,ft_evt_0049,PREFERENCIAL,1,0.9317005479219154,0.9392087479673226,0.9203912657981715,0.8921988606452942
ft_tkt_0001118,ft_sal_000606,ft_evt_0049,PREFERENCIAL,1,0.9317005479219154,0.9392087479673226,0.9203912657981715,0.8921988606452942
ft_tkt_0001119,ft_sal_000606,ft_evt_0049,PREFERENCIAL,1,0.9317005479219154,0.9392087479673226,0.9203912657981715,0.8921988606452942
ft_tkt_0001120,ft_sal_000607,ft_evt_0049,GENERAL,1,0.9374141732240321,0.9668865749865319,0.9442949007448799,0.9512666463851929
ft_tkt_0001121,ft_sal_000608,ft_evt_0049,CORTESÍA,0,0.3901232716974846,0.374823032934014,0.28169623289499657,0.33887508511543274
ft_tkt_0001122,ft_sal_000609,ft_evt_0049,VIP,1,0.9356215132776959,0.9564842475953114,0.9196284926089469,0.9218747019767761
ft_tkt_0001123,ft_sal_000610,ft_evt_0049,CORTESÍA,1,0.3901232716974846,0.4975061005380321,0.4139759532319509,0.42398568987846375
ft_tkt_0001124,ft_sal_000611,ft_evt_0049,CORTESÍA,0,0.3901232716974846,0.4174061297839987,0.40220647016930633,0.38843104243278503
ft_tkt_0001125,ft_sal_000612,ft_evt_0049,GENERAL,1,0.9374141732240321,0.9171988001118834,0.929359926850734,0.9041330814361572
ft_tkt_0001126,ft_sal_000613,ft_evt_0049,GENERAL,1,0.9374141732240321,0.9640091591782157,0.9349934164637722,0.9318873882293701
ft_tkt_0001127,ft_sal_000613,ft_evt_0049,GENERAL,1,0.9374141732240321,0.9640091591782157,0.9349934164637722,0.9318873882293701
ft_tkt_0001128,ft_sal_000614,ft_evt_0049,GENERAL,1,0.9374141732240321,0.9537696980128678,0.9214796961249366,0.9170552492141724
ft_tkt_0001129,ft_sal_000614,ft_evt_0049,GENERAL,1,0.9374141732240321,0.9537696980128678,0.9214796961249366,0.9170552492141724
ft_tkt_0001130,ft_sal_000615,ft_evt_0049,VIP,1,0.9356215132776959,0.9653067722125155,0.9376840293435112,0.950291633605957
ft_tkt_0001131,ft_sal_000615,ft_evt_0049,VIP,1,0.9356215132776959,0.9653067722125155,0.9376840293435112,0.950291633605957
ft_tkt_0001132,ft_sal_000616,ft_evt_0049,GENERAL,1,0.9374141732240321,0.9910080239123626,0.9450524130976458,0.9546386003494263
ft_tkt_0001133,ft_sal_000617,ft_evt_0049,GENERAL,1,0.9374141732240321,0.9587170385098642,0.9396266561854242,0.9495029449462891
ft_tkt_0001134,ft_sal_000618,ft_evt_0049,GENERAL,1,0.9374141732240321,0.9725969962493007,0.9379401607807109,0.9409659504890442
ft_tkt_0001135,ft_sal_000619,ft_evt_0049,CORTESÍA,0,0.3901232716974846,0.29284544325283696,0.29445942341616466,0.2039870172739029
ft_tkt_0001136,ft_sal_000620,ft_evt_0049,CORTESÍA,0,0.3901232716974846,0.34425857199992305,0.3162097568736295,0.24886266887187958
ft_tkt_0001137,ft_sal_000621,ft_evt_0049,CORTESÍA,0,0.3901232716974846,0.6872295513475472,0.4541477240366475,0.5978526473045349
ft_tkt_0001138,ft_sal_000622,ft_evt_0049,CORTESÍA,1,0.3901232716974846,0.4764076509662781,0.3962637783315774,0.49798208475112915
ft_tkt_0001139,ft_sal_000622,ft_evt_0049,CORTESÍA,1,0.3901232716974846,0.4764076509662781,0.3962637783315774,0.49798208475112915
ft_tkt_0001140,ft_sal_000622,ft_evt_0049,CORTESÍA,0,0.3901232716974846,0.4764076509662781,0.3962637783315774,0.49798208475112915
ft_tkt_0001141,ft_sal_000622,ft_evt_0049,CORTESÍA,0,0.3901232716974846,0.4764076509662781,0.3962637783315774,0.49798208475112915
ft_tkt_0001142,ft_sal_000623,ft_evt_0049,GENERAL,1,0.9374141732240321,0.9482677389306124,0.9191659239529437,0.9243103265762329
ft_tkt_0001143,ft_sal_000623,ft_evt_0049,GENERAL,0,0.9374141732240321,0.9482677389306124,0.9191659239529437,0.9243103265762329
ft_tkt_0001144,ft_sal_000623,ft_evt_0049,GENERAL,1,0.9374141732240321,0.9482677389306124,0.9191659239529437,0.9243103265762329
ft_tkt_0001145,ft_sal_000624,ft_evt_0049,GENERAL,1,0.9374141732240321,0.9478052885635666,0.9205365864838376,0.8816463947296143
ft_tkt_0001146,ft_sal_000625,ft_evt_0049,CORTESÍA,0,0.3901232716974846,0.5241664913527964,0.42067389668544786,0.3932926058769226
ft_tkt_0001147,ft_sal_000625,ft_evt_0049,CORTESÍA,0,0.3901232716974846,0.5241664913527964,0.42067389668544786,0.3932926058769226
ft_tkt_0001148,ft_sal_000626,ft_evt_0049,CORTESÍA,0,0.3901232716974846,0.5721203775596104,0.4404117397053783,0.48825547099113464
ft_tkt_0001149,ft_sal_000626,ft_evt_0049,CORTESÍA,1,0.3901232716974846,0.5721203775596104,0.4404117397053783,0.48825547099113464
ft_tkt_0001150,ft_sal_000627,ft_evt_0049,GENERAL,1,0.9374141732240321,0.9707601025929499,0.9328953744426366,0.931276261806488
ft_tkt_0001151,ft_sal_000627,ft_evt_0049,GENERAL,1,0.9374141732240321,0.9707601025929499,0.9328953744426366,0.931276261806488
ft_tkt_0001152,ft_sal_000628,ft_evt_0049,PREFERENCIAL,1,0.9317005479219154,0.9525719138678562,0.9254857715300244,0.9313124418258667
ft_tkt_0001153,ft_sal_000629,ft_evt_0049,VIP,1,0.9356215132776959,0.9739038878498796,0.9190204402474855,0.8968692421913147
ft_tkt_0001154,ft_sal_000630,ft_evt_0049,GENERAL,1,0.9374141732240321,0.9649462707188536,0.9261323527359931,0.9619327783584595
ft_tkt_0001155,ft_sal_000630,ft_evt_0049,GENERAL,1,0.9374141732240321,0.9649462707188536,0.9261323527359931,0.9619327783584595
ft_tkt_0001156,ft_sal_000631,ft_evt_0049,CORTESÍA,0,0.3901232716974846,0.49444935561231085,0.4197689876246513,0.42837294936180115
ft_tkt_0001157,ft_sal_000632,ft_evt_0049,GENERAL,0,0.9374141732240321,0.9649935925407488,0.924663741723536,0.9202579855918884
ft_tkt_0001158,ft_sal_000633,ft_evt_0049,GENERAL,1,0.9374141732240321,0.9426229412205234,0.9277808980235397,0.9076322913169861
ft_tkt_0001159,ft_sal_000633,ft_evt_0049,GENERAL,1,0.9374141732240321,0.9426229412205234,0.9277808980235397,0.9076322913169861
ft_tkt_0001160,ft_sal_000633,ft_evt_0049,GENERAL,1,0.9374141732240321,0.9426229412205234,0.9277808980235397,0.9076322913169861
ft_tkt_0001161,ft_sal_000633,ft_evt_0049,GENERAL,1,0.9374141732240321,0.9426229412205234,0.9277808980235397,0.9076322913169861
ft_tkt_0001162,ft_sal_000634,ft_evt_0049,CORTESÍA,1,0.3901232716974846,0.4455711782391296,0.3383391412923994,0.319078266620636
ft_tkt_0001163,ft_sal_000634,ft_evt_0049,CORTESÍA,0,0.3901232716974846,0.4455711782391296,0.3383391412923994,0.319078266620636
ft_tkt_0001164,ft_sal_000634,ft_evt_0049,CORTESÍA,1,0.3901232716974846,0.4455711782391296,0.3383391412923994,0.319078266620636
ft_tkt_0001165,ft_sal_000635,ft_evt_0049,GENERAL,1,0.9374141732240321,0.9460691940617212,0.9189122995104283,0.9061742424964905
ft_tkt_0001166,ft_sal_000635,ft_evt_0049,GENERAL,0,0.9374141732240321,0.9460691940617212,0.9189122995104283,0.9061742424964905
ft_tkt_0001167,ft_sal_000635,ft_evt_0049,GENERAL,0,0.9374141732240321,0.9460691940617212,0.9189122995104283,0.9061742424964905
ft_tkt_0001168,ft_sal_000635,ft_evt_0049,GENERAL,1,0.9374141732240321,0.9460691940617212,0.9189122995104283,0.9061742424964905
ft_tkt_0001169,ft_sal_000636,ft_evt_0049,CORTESÍA,0,0.3901232716974846,0.6175791439327057,0.4669842426429678,0.5796905755996704
ft_tkt_0001170,ft_sal_000636,ft_evt_0049,CORTESÍA,1,0.3901232716974846,0.6175791439327057,0.4669842426429678,0.5796905755996704
ft_tkt_0001171,ft_sal_000636,ft_evt_0049,CORTESÍA,1,0.3901232716974846,0.6175791439327057,0.4669842426429678,0.5796905755996704
ft_tkt_0001172,ft_sal_000636,ft_evt_0049,CORTESÍA,1,0.3901232716974846,0.6175791439327057,0.4669842426429678,0.5796905755996704
ft_tkt_0001173,ft_sal_000637,ft_evt_0049,GENERAL,1,0.9374141732240321,0.9769143229149813,0.8856062226916672,0.9494739174842834
ft_tkt_0001174,ft_sal_000638,ft_evt_0049,CORTESÍA,0,0.3901232716974846,0.3941369554132486,0.36552115545657743,0.33336010575294495
ft_tkt_0001175,ft_sal_000639,ft_evt_0049,VIP,1,0.9356215132776959,0.9674123393290606,0.9339574907039491,0.9178647994995117
ft_tkt_0001176,ft_sal_000639,ft_evt_0049,VIP,1,0.9356215132776959,0.9674123393290606,0.9339574907039491,0.9178647994995117
ft_tkt_0001177,ft_sal_000640,ft_evt_0049,GENERAL,1,0.9374141732240321,0.9277455147299308,0.9174168194873564,0.9086772203445435
ft_tkt_0001178,ft_sal_000641,ft_evt_0049,CORTESÍA,0,0.3901232716974846,0.5843775445097992,0.43201606844895335,0.37920713424682617
ft_tkt_0001179,ft_sal_000642,ft_evt_0049,PREFERENCIAL,1,0.9317005479219154,0.9544540938552658,0.9279613833328979,0.9336007237434387
ft_tkt_0001180,ft_sal_000642,ft_evt_0049,PREFERENCIAL,0,0.9317005479219154,0.9544540938552658,0.9279613833328979,0.9336007237434387
ft_tkt_0001181,ft_sal_000642,ft_evt_0049,PREFERENCIAL,1,0.9317005479219154,0.9544540938552658,0.9279613833328979,0.9336007237434387
ft_tkt_0001182,ft_sal_000642,ft_evt_0049,PREFERENCIAL,1,0.9317005479219154,0.9544540938552658,0.9279613833328979,0.9336007237434387
ft_tkt_0001183,ft_sal_000643,ft_evt_0049,GENERAL,1,0.9374141732240321,0.9675006717345945,0.9271615419721012,0.938538670539856
ft_tkt_0001184,ft_sal_000643,ft_evt_0049,GENERAL,1,0.9374141732240321,0.9675006717345945,0.9271615419721012,0.938538670539856
ft_tkt_0001185,ft_sal_000644,ft_evt_0049,GENERAL,1,0.9374141732240321,0.9491631800453912,0.9332764690456791,0.9309815168380737
ft_tkt_0001186,ft_sal_000645,ft_evt_0049,GENERAL,1,0.9374141732240321,0.9662089481841343,0.9344166435169362,0.9159473776817322
ft_tkt_0001187,ft_sal_000645,ft_evt_0049,GENERAL,0,0.9374141732240321,0.9662089481841343,0.9344166435169362,0.9159473776817322
ft_tkt_0001188,ft_sal_000646,ft_evt_0049,GENERAL,1,0.9374141732240321,0.9609304742457332,0.9325781803608091,0.9277993440628052
ft_tkt_0001189,ft_sal_000647,ft_evt_0049,PREFERENCIAL,1,0.9317005479219154,0.9464095453051079,0.9154587586366357,0.9062411785125732
ft_tkt_0001190,ft_sal_000647,ft_evt_0049,PREFERENCIAL,1,0.9317005479219154,0.9464095453051079,0.9154587586366357,0.9062411785125732
ft_tkt_0001191,ft_sal_000648,ft_evt_0049,CORTESÍA,0,0.3901232716974846,0.4865916078051185,0.4197689876246513,0.4150064289569855
ft_tkt_0001192,ft_sal_000649,ft_evt_0049,PREFERENCIAL,1,0.9317005479219154,0.9472253901592157,0.9470521475237886,0.9429118633270264
ft_tkt_0001193,ft_sal_000650,ft_evt_0049,GENERAL,1,0.9374141732240321,0.9642548391674611,0.9251497727504371,0.9525389075279236
ft_tkt_0001194,ft_sal_000650,ft_evt_0049,GENERAL,1,0.9374141732240321,0.9642548391674611,0.9251497727504371,0.9525389075279236
ft_tkt_0001195,ft_sal_000650,ft_evt_0049,GENERAL,1,0.9374141732240321,0.9642548391674611,0.9251497727504371,0.9525389075279236
ft_tkt_0001196,ft_sal_000651,ft_evt_0049,GENERAL,1,0.9374141732240321,0.9386476589823027,0.9333108143835388,0.9481207132339478
ft_tkt_0001197,ft_sal_000652,ft_evt_0049,GENERAL,1,0.9374141732240321,0.9474293215245377,0.9061254658805716,0.9142836332321167
ft_tkt_0001198,ft_sal_000652,ft_evt_0049,GENERAL,1,0.9374141732240321,0.9474293215245377,0.9061254658805716,0.9142836332321167
ft_tkt_0001199,ft_sal_000652,ft_evt_0049,GENERAL,1,0.9374141732240321,0.9474293215245377,0.9061254658805716,0.9142836332321167
ft_tkt_0001200,ft_sal_000652,ft_evt_0049,GENERAL,1,0.9374141732240321,0.9474293215245377,0.9061254658805716,0.9142836332321167
ft_tkt_0001201,ft_sal_000652,ft_evt_0049,GENERAL,1,0.9374141732240321,0.9474293215245377,0.9061254658805716,0.9142836332321167
ft_tkt_0001202,ft_sal_000652,ft_evt_0049,GENERAL,1,0.9374141732240321,0.9474293215245377,0.9061254658805716,0.9142836332321167
ft_tkt_0001203,ft_sal_000653,ft_evt_0049,CORTESÍA,0,0.3901232716974846,0.4492953104794602,0.35024129033135154,0.3576645851135254
ft_tkt_0001204,ft_sal_000654,ft_evt_0049,GENERAL,1,0.9374141732240321,0.9554953342207289,0.9309309891753856,0.9366981983184814
ft_tkt_0001205,ft_sal_000655,ft_evt_0049,CORTESÍA,0,0.3901232716974846,0.5477958398550691,0.43870100652623223,0.4239695072174072
ft_tkt_0001206,ft_sal_000655,ft_evt_0049,CORTESÍA,1,0.3901232716974846,0.5477958398550691,0.43870100652623223,0.4239695072174072
ft_tkt_0001207,ft_sal_000656,ft_evt_0049,PREFERENCIAL,1,0.9317005479219154,0.9311644388654273,0.9225315686221054,0.9420256018638611
ft_tkt_0001208,ft_sal_000656,ft_evt_0049,PREFERENCIAL,1,0.9317005479219154,0.9311644388654273,0.9225315686221054,0.9420256018638611
ft_tkt_0001209,ft_sal_000657,ft_evt_0049,CORTESÍA,0,0.3901232716974846,0.41502923975944095,0.41179397918704286,0.43573734164237976
ft_tkt_0001210,ft_sal_000658,ft_evt_0049,CORTESÍA,0,0.3901232716974846,0.3860597550088744,0.3213129478377334,0.2555943727493286
ft_tkt_0001211,ft_sal_000659,ft_evt_0049,CORTESÍA,0,0.3901232716974846,0.5584100223214332,0.3748350227537077,0.3826580345630646
ft_tkt_0001212,ft_sal_000660,ft_evt_0049,CORTESÍA,0,0.3901232716974846,0.5908169919454751,0.5900161630844787,0.6512441635131836
ft_tkt_0001213,ft_sal_000661,ft_evt_0049,CORTESÍA,1,0.3901232716974846,0.42455280753109625,0.35730650427761884,0.40642622113227844
ft_tkt_0001214,ft_sal_000661,ft_evt_0049,CORTESÍA,0,0.3901232716974846,0.42455280753109625,0.35730650427761884,0.40642622113227844
ft_tkt_0001215,ft_sal_000662,ft_evt_0049,VIP,1,0.9356215132776959,0.9610177461462299,0.928820047831876,0.9191035032272339
ft_tkt_0001216,ft_sal_000662,ft_evt_0049,VIP,1,0.9356215132776959,0.9610177461462299,0.928820047831876,0.9191035032272339
ft_tkt_0001217,ft_sal_000662,ft_evt_0049,VIP,1,0.9356215132776959,0.9610177461462299,0.928820047831876,0.9191035032272339
ft_tkt_0001218,ft_sal_000662,ft_evt_0049,VIP,1,0.9356215132776959,0.9610177461462299,0.928820047831876,0.9191035032272339
ft_tkt_0001219,ft_sal_000663,ft_evt_0049,PREFERENCIAL,1,0.9317005479219154,0.9714369040515476,0.9471902882535327,0.9498008489608765
ft_tkt_0001220,ft_sal_000664,ft_evt_0049,CORTESÍA,0,0.3901232716974846,0.5850188969914139,0.4248116627386244,0.46535491943359375
ft_tkt_0001221,ft_sal_000664,ft_evt_0049,CORTESÍA,0,0.3901232716974846,0.5850188969914139,0.4248116627386244,0.46535491943359375
ft_tkt_0001222,ft_sal_000665,ft_evt_0049,GENERAL,1,0.9374141732240321,0.9855557855423365,0.9499045734371685,0.95545494556427
ft_tkt_0001223,ft_sal_000666,ft_evt_0049,GENERAL,1,0.9374141732240321,0.963489408680777,0.9316616999489442,0.9512682557106018
ft_tkt_0001224,ft_sal_000667,ft_evt_0049,PREFERENCIAL,0,0.9317005479219154,0.935482316420115,0.9171456394869537,0.9110511541366577
ft_tkt_0001225,ft_sal_000667,ft_evt_0049,PREFERENCIAL,1,0.9317005479219154,0.935482316420115,0.9171456394869537,0.9110511541366577
ft_tkt_0001226,ft_sal_000668,ft_evt_0049,GENERAL,1,0.9374141732240321,0.9417511674828617,0.9164965786011559,0.9301385283470154
ft_tkt_0001227,ft_sal_000668,ft_evt_0049,GENERAL,1,0.9374141732240321,0.9417511674828617,0.9164965786011559,0.9301385283470154
ft_tkt_0001228,ft_sal_000668,ft_evt_0049,GENERAL,1,0.9374141732240321,0.9417511674828617,0.9164965786011559,0.9301385283470154
ft_tkt_0001229,ft_sal_000668,ft_evt_0049,GENERAL,1,0.9374141732240321,0.9417511674828617,0.9164965786011559,0.9301385283470154
ft_tkt_0001230,ft_sal_000669,ft_evt_0049,CORTESÍA,0,0.3901232716974846,0.45709345357162706,0.3978481649180676,0.36511507630348206
ft_tkt_0001231,ft_sal_000669,ft_evt_0049,CORTESÍA,1,0.3901232716974846,0.45709345357162706,0.3978481649180676,0.36511507630348206
ft_tkt_0001232,ft_sal_000669,ft_evt_0049,CORTESÍA,0,0.3901232716974846,0.45709345357162706,0.3978481649180676,0.36511507630348206
ft_tkt_0001233,ft_sal_000669,ft_evt_0049,CORTESÍA,0,0.3901232716974846,0.45709345357162706,0.3978481649180676,0.36511507630348206
ft_tkt_0001234,ft_sal_000670,ft_evt_0049,CORTESÍA,0,0.3901232716974846,0.6187355044712575,0.4718433924236339,0.5032488107681274
ft_tkt_0001235,ft_sal_000670,ft_evt_0049,CORTESÍA,1,0.3901232716974846,0.6187355044712575,0.4718433924236339,0.5032488107681274
ft_tkt_0001236,ft_sal_000670,ft_evt_0049,CORTESÍA,0,0.3901232716974846,0.6187355044712575,0.4718433924236339,0.5032488107681274
ft_tkt_0001237,ft_sal_000671,ft_evt_0049,CORTESÍA,0,0.3901232716974846,0.5332178753305777,0.42790560262810867,0.41692468523979187
ft_tkt_0001238,ft_sal_000671,ft_evt_0049,CORTESÍA,1,0.3901232716974846,0.5332178753305777,0.42790560262810867,0.41692468523979187
ft_tkt_0001239,ft_sal_000671,ft_evt_0049,CORTESÍA,1,0.3901232716974846,0.5332178753305777,0.42790560262810867,0.41692468523979187
ft_tkt_0001240,ft_sal_000672,ft_evt_0049,GENERAL,1,0.9374141732240321,0.9573166851023632,0.9292840685905672,0.9380766749382019
ft_tkt_0001241,ft_sal_000672,ft_evt_0049,GENERAL,1,0.9374141732240321,0.9573166851023632,0.9292840685905672,0.9380766749382019
ft_tkt_0001242,ft_sal_000673,ft_evt_0049,GENERAL,1,0.9374141732240321,0.9436637227297869,0.9168774773108861,0.90694260597229
ft_tkt_0001243,ft_sal_000673,ft_evt_0049,GENERAL,1,0.9374141732240321,0.9436637227297869,0.9168774773108861,0.90694260597229
ft_tkt_0001244,ft_sal_000673,ft_evt_0049,GENERAL,1,0.9374141732240321,0.9436637227297869,0.9168774773108861,0.90694260597229
ft_tkt_0001245,ft_sal_000674,ft_evt_0049,GENERAL,1,0.9374141732240321,0.9643066684864411,0.9349934164637722,0.9390653371810913
ft_tkt_0001246,ft_sal_000674,ft_evt_0049,GENERAL,1,0.9374141732240321,0.9643066684864411,0.9349934164637722,0.9390653371810913
ft_tkt_0001247,ft_sal_000675,ft_evt_0049,PREFERENCIAL,1,0.9317005479219154,0.9374567811019936,0.9125382525084252,0.8962065577507019
ft_tkt_0001248,ft_sal_000675,ft_evt_0049,PREFERENCIAL,1,0.9317005479219154,0.9374567811019936,0.9125382525084252,0.8962065577507019
ft_tkt_0001249,ft_sal_000676,ft_evt_0049,CORTESÍA,1,0.3901232716974846,0.2765813932227136,0.309855833075919,0.18448477983474731
ft_tkt_0001250,ft_sal_000677,ft_evt_0049,CORTESÍA,0,0.3901232716974846,0.239647242502722,0.3164325547299828,0.26588308811187744
ft_tkt_0001251,ft_sal_000678,ft_evt_0049,CORTESÍA,0,0.3901232716974846,0.3172567069763982,0.29486327404023005,0.29298126697540283
ft_tkt_0001252,ft_sal_000679,ft_evt_0049,VIP,1,0.9356215132776959,0.9656561706058392,0.9237083498398934,0.9364610314369202
ft_tkt_0001253,ft_sal_000680,ft_evt_0049,CORTESÍA,1,0.3901232716974846,0.5446784446702659,0.43870100652623223,0.4494418799877167
ft_tkt_0001254,ft_sal_000680,ft_evt_0049,CORTESÍA,1,0.3901232716974846,0.5446784446702659,0.43870100652623223,0.4494418799877167
ft_tkt_0001255,ft_sal_000681,ft_evt_0049,GENERAL,1,0.9374141732240321,0.9342242729352849,0.9361065445869808,0.9472855925559998
ft_tkt_0001256,ft_sal_000682,ft_evt_0049,CORTESÍA,1,0.3901232716974846,0.48223218706285353,0.37899781474420435,0.3050389289855957
ft_tkt_0001257,ft_sal_000682,ft_evt_0049,CORTESÍA,1,0.3901232716974846,0.48223218706285353,0.37899781474420435,0.3050389289855957
ft_tkt_0001258,ft_sal_000683,ft_evt_0049,CORTESÍA,0,0.3901232716974846,0.589832026932009,0.5168730299111084,0.6661416292190552
ft_tkt_0001259,ft_sal_000683,ft_evt_0049,CORTESÍA,1,0.3901232716974846,0.589832026932009,0.5168730299111084,0.6661416292190552
ft_tkt_0001260,ft_sal_000684,ft_evt_0049,GENERAL,1,0.9374141732240321,0.9579705619136497,0.9494836932213582,0.967648446559906
ft_tkt_0001261,ft_sal_000684,ft_evt_0049,GENERAL,1,0.9374141732240321,0.9579705619136497,0.9494836932213582,0.967648446559906
ft_tkt_0001262,ft_sal_000685,ft_evt_0049,GENERAL,1,0.9374141732240321,0.964523908982792,0.9330424594912397,0.9389605522155762
ft_tkt_0001263,ft_sal_000685,ft_evt_0049,GENERAL,1,0.9374141732240321,0.964523908982792,0.9330424594912397,0.9389605522155762
ft_tkt_0001264,ft_sal_000686,ft_evt_0049,PREFERENCIAL,1,0.9317005479219154,0.9515425292171937,0.9239376129012951,0.953212320804596
ft_tkt_0001265,ft_sal_000686,ft_evt_0049,PREFERENCIAL,1,0.9317005479219154,0.9515425292171937,0.9239376129012951,0.953212320804596
ft_tkt_0001266,ft_sal_000686,ft_evt_0049,PREFERENCIAL,1,0.9317005479219154,0.9515425292171937,0.9239376129012951,0.953212320804596
ft_tkt_0001267,ft_sal_000687,ft_evt_0049,CORTESÍA,0,0.3901232716974846,0.3759437666656724,0.3604899338000667,0.3347669541835785
ft_tkt_0001268,ft_sal_000687,ft_evt_0049,CORTESÍA,0,0.3901232716974846,0.3759437666656724,0.3604899338000667,0.3347669541835785
ft_tkt_0001269,ft_sal_000688,ft_evt_0049,GENERAL,1,0.9374141732240321,0.9495357824689259,0.9283044544592394,0.9130032658576965
ft_tkt_0001270,ft_sal_000688,ft_evt_0049,GENERAL,1,0.9374141732240321,0.9495357824689259,0.9283044544592394,0.9130032658576965
ft_tkt_0001271,ft_sal_000688,ft_evt_0049,GENERAL,1,0.9374141732240321,0.9495357824689259,0.9283044544592394,0.9130032658576965
ft_tkt_0001272,ft_sal_000689,ft_evt_0049,CORTESÍA,1,0.3901232716974846,0.5082483364507173,0.43296690828265516,0.4373754858970642
ft_tkt_0001273,ft_sal_000690,ft_evt_0049,GENERAL,1,0.9374141732240321,0.9391162064365962,0.9242964759430334,0.9286731481552124
ft_tkt_0001274,ft_sal_000690,ft_evt_0049,GENERAL,1,0.9374141732240321,0.9391162064365962,0.9242964759430334,0.9286731481552124
ft_tkt_0001275,ft_sal_000691,ft_evt_0049,GENERAL,1,0.9374141732240321,0.8983828765619781,0.9285989313074592,0.9120893478393555
ft_tkt_0001276,ft_sal_000692,ft_evt_0049,GENERAL,1,0.9374141732240321,0.9585597151482258,0.9333254992818136,0.9324153661727905
ft_tkt_0001277,ft_sal_000693,ft_evt_0049,CORTESÍA,1,0.3901232716974846,0.6398338080319135,0.47957598185671607,0.5831720232963562
ft_tkt_0001278,ft_sal_000694,ft_evt_0049,GENERAL,1,0.9374141732240321,0.9360396592437776,0.9163251852480985,0.8875221014022827
ft_tkt_0001279,ft_sal_000694,ft_evt_0049,GENERAL,1,0.9374141732240321,0.9360396592437776,0.9163251852480985,0.8875221014022827
ft_tkt_0001280,ft_sal_000694,ft_evt_0049,GENERAL,1,0.9374141732240321,0.9360396592437776,0.9163251852480985,0.8875221014022827
ft_tkt_0001281,ft_sal_000695,ft_evt_0049,CORTESÍA,0,0.3901232716974846,0.454650771136045,0.29074793092178836,0.3734440505504608
ft_tkt_0001282,ft_sal_000696,ft_evt_0049,CORTESÍA,0,0.3901232716974846,0.3632913539856586,0.3189228387535401,0.21122293174266815
ft_tkt_0001283,ft_sal_000697,ft_evt_0049,CORTESÍA,0,0.3901232716974846,0.5074624571054707,0.4311089422065158,0.4373754858970642
ft_tkt_0001284,ft_sal_000698,ft_evt_0049,CORTESÍA,0,0.3901232716974846,0.48776169306443884,0.4406741130830907,0.6252561807632446
ft_tkt_0001285,ft_sal_000698,ft_evt_0049,CORTESÍA,1,0.3901232716974846,0.48776169306443884,0.4406741130830907,0.6252561807632446
ft_tkt_0001286,ft_sal_000699,ft_evt_0049,CORTESÍA,0,0.3901232716974846,0.46373740785825274,0.37431510155909087,0.3542320430278778
ft_tkt_0001287,ft_sal_000699,ft_evt_0049,CORTESÍA,0,0.3901232716974846,0.46373740785825274,0.37431510155909087,0.3542320430278778
ft_tkt_0001288,ft_sal_000699,ft_evt_0049,CORTESÍA,1,0.3901232716974846,0.46373740785825274,0.37431510155909087,0.3542320430278778
ft_tkt_0001289,ft_sal_000700,ft_evt_0049,CORTESÍA,0,0.3901232716974846,0.5304553477803944,0.3771453652092805,0.4404285252094269
ft_tkt_0001290,ft_sal_000700,ft_evt_0049,CORTESÍA,1,0.3901232716974846,0.5304553477803944,0.3771453652092805,0.4404285252094269
ft_tkt_0001291,ft_sal_000700,ft_evt_0049,CORTESÍA,1,0.3901232716974846,0.5304553477803944,0.3771453652092805,0.4404285252094269
ft_tkt_0001292,ft_sal_000700,ft_evt_0049,CORTESÍA,0,0.3901232716974846,0.5304553477803944,0.3771453652092805,0.4404285252094269
ft_tkt_0001293,ft_sal_000700,ft_evt_0049,CORTESÍA,1,0.3901232716974846,0.5304553477803944,0.3771453652092805,0.4404285252094269
ft_tkt_0001294,ft_sal_000700,ft_evt_0049,CORTESÍA,1,0.3901232716974846,0.5304553477803944,0.3771453652092805,0.4404285252094269
ft_tkt_0001295,ft_sal_000701,ft_evt_0049,VIP,1,0.9356215132776959,0.9606285440631245,0.9282014268018401,0.916758120059967
ft_tkt_0001296,ft_sal_000701,ft_evt_0049,VIP,1,0.9356215132776959,0.9606285440631245,0.9282014268018401,0.916758120059967
ft_tkt_0001297,ft_sal_000701,ft_evt_0049,VIP,1,0.9356215132776959,0.9606285440631245,0.9282014268018401,0.916758120059967
ft_tkt_0001298,ft_sal_000701,ft_evt_0049,VIP,1,0.9356215132776959,0.9606285440631245,0.9282014268018401,0.916758120059967
ft_tkt_0001299,ft_sal_000702,ft_evt_0049,GENERAL,1,0.9374141732240321,0.9662675694089412,0.9358733275603257,0.9398408532142639
ft_tkt_0001300,ft_sal_000702,ft_evt_0049,GENERAL,1,0.9374141732240321,0.9662675694089412,0.9358733275603257,0.9398408532142639
ft_tkt_0001301,ft_sal_000703,ft_evt_0049,GENERAL,1,0.9374141732240321,0.9322297411910732,0.9291469924064443,0.9522261619567871
ft_tkt_0001302,ft_sal_000704,ft_evt_0049,PREFERENCIAL,1,0.9317005479219154,0.9545899254921663,0.9476632086342588,0.967129111289978
ft_tkt_0001303,ft_sal_000704,ft_evt_0049,PREFERENCIAL,1,0.9317005479219154,0.9545899254921663,0.9476632086342588,0.967129111289978
ft_tkt_0001304,ft_sal_000705,ft_evt_0049,GENERAL,1,0.9374141732240321,0.9646313419815565,0.9326218043253839,0.9216861128807068
ft_tkt_0001305,ft_sal_000705,ft_evt_0049,GENERAL,0,0.9374141732240321,0.9646313419815565,0.9326218043253839,0.9216861128807068
ft_tkt_0001306,ft_sal_000706,ft_evt_0049,VIP,1,0.9356215132776959,0.96504027710778,0.9295992835618743,0.9330299496650696
ft_tkt_0001307,ft_sal_000707,ft_evt_0049,GENERAL,1,0.9374141732240321,0.975580631473386,0.9387336000771022,0.9369918704032898
ft_tkt_0001308,ft_sal_000707,ft_evt_0049,GENERAL,1,0.9374141732240321,0.975580631473386,0.9387336000771022,0.9369918704032898
ft_tkt_0001309,ft_sal_000708,ft_evt_0049,CORTESÍA,1,0.3901232716974846,0.34710875418856657,0.35477608099635843,0.26410719752311707
ft_tkt_0001310,ft_sal_000709,ft_evt_0049,GENERAL,1,0.9374141732240321,0.9702726134300326,0.9420690383183726,0.9489492774009705
ft_tkt_0001311,ft_sal_000710,ft_evt_0049,GENERAL,1,0.9374141732240321,0.9652353485935966,0.932013754385885,0.923638641834259
ft_tkt_0001312,ft_sal_000710,ft_evt_0049,GENERAL,1,0.9374141732240321,0.9652353485935966,0.932013754385885,0.923638641834259
ft_tkt_0001313,ft_sal_000711,ft_evt_0049,CORTESÍA,1,0.3901232716974846,0.5344370260827508,0.4245909990561392,0.42200517654418945
ft_tkt_0001314,ft_sal_000711,ft_evt_0049,CORTESÍA,0,0.3901232716974846,0.5344370260827508,0.4245909990561392,0.42200517654418945
ft_tkt_0001315,ft_sal_000712,ft_evt_0049,GENERAL,1,0.9374141732240321,0.9677513881890248,0.9310493750545477,0.928572952747345
ft_tkt_0001316,ft_sal_000713,ft_evt_0049,GENERAL,1,0.9374141732240321,0.9657417286916146,0.935004059368937,0.9288732409477234
ft_tkt_0001317,ft_sal_000713,ft_evt_0049,GENERAL,1,0.9374141732240321,0.9657417286916146,0.935004059368937,0.9288732409477234
ft_tkt_0001318,ft_sal_000714,ft_evt_0049,CORTESÍA,1,0.3901232716974846,0.701768351017471,0.4509796140903948,0.5219717025756836
ft_tkt_0001319,ft_sal_000715,ft_evt_0049,CORTESÍA,0,0.3901232716974846,0.522336288253125,0.42067389668544786,0.4030516743659973
ft_tkt_0001320,ft_sal_000715,ft_evt_0049,CORTESÍA,0,0.3901232716974846,0.522336288253125,0.42067389668544786,0.4030516743659973
ft_tkt_0001321,ft_sal_000716,ft_evt_0049,GENERAL,1,0.9374141732240321,0.9851049395143506,0.9617612762762416,0.9713934659957886
ft_tkt_0001322,ft_sal_000716,ft_evt_0049,GENERAL,1,0.9374141732240321,0.9851049395143506,0.9617612762762416,0.9713934659957886
ft_tkt_0001323,ft_sal_000717,ft_evt_0049,GENERAL,1,0.9374141732240321,0.9626643228195849,0.9349934164637722,0.9353616833686829
ft_tkt_0001324,ft_sal_000717,ft_evt_0049,GENERAL,1,0.9374141732240321,0.9626643228195849,0.9349934164637722,0.9353616833686829
ft_tkt_0001325,ft_sal_000718,ft_evt_0049,VIP,1,0.9356215132776959,0.9851230453800343,0.9488519769919013,0.9483690857887268
ft_tkt_0001326,ft_sal_000719,ft_evt_0049,GENERAL,1,0.9374141732240321,0.9394612527978801,0.9304316155670374,0.9493061900138855
ft_tkt_0001327,ft_sal_000720,ft_evt_0049,CORTESÍA,0,0.3901232716974846,0.45129197331762266,0.39761119762452424,0.3523741662502289
ft_tkt_0001328,ft_sal_000720,ft_evt_0049,CORTESÍA,0,0.3901232716974846,0.45129197331762266,0.39761119762452424,0.3523741662502289
ft_tkt_0001329,ft_sal_000720,ft_evt_0049,CORTESÍA,0,0.3901232716974846,0.45129197331762266,0.39761119762452424,0.3523741662502289
ft_tkt_0001330,ft_sal_000720,ft_evt_0049,CORTESÍA,1,0.3901232716974846,0.45129197331762266,0.39761119762452424,0.3523741662502289
ft_tkt_0001331,ft_sal_000721,ft_evt_0049,PREFERENCIAL,1,0.9317005479219154,0.9676222864986325,0.9489140338172859,0.9484198689460754
ft_tkt_0001332,ft_sal_000722,ft_evt_0049,PREFERENCIAL,0,0.9317005479219154,0.9009465769836447,0.8982605093109975,0.865753710269928
ft_tkt_0001333,ft_sal_000722,ft_evt_0049,PREFERENCIAL,1,0.9317005479219154,0.9009465769836447,0.8982605093109975,0.865753710269928
ft_tkt_0001334,ft_sal_000723,ft_evt_0049,CORTESÍA,0,0.3901232716974846,0.551647773853344,0.3867533296717354,0.4820849597454071
ft_tkt_0001335,ft_sal_000723,ft_evt_0049,CORTESÍA,1,0.3901232716974846,0.551647773853344,0.3867533296717354,0.4820849597454071
ft_tkt_0001336,ft_sal_000723,ft_evt_0049,CORTESÍA,0,0.3901232716974846,0.551647773853344,0.3867533296717354,0.4820849597454071
ft_tkt_0001337,ft_sal_000724,ft_evt_0049,PREFERENCIAL,1,0.9317005479219154,0.9458227837235578,0.9230763300836896,0.9272878170013428
ft_tkt_0001338,ft_sal_000725,ft_evt_0049,GENERAL,1,0.9374141732240321,0.9545796998227185,0.9304431835474821,0.9271336793899536
ft_tkt_0001339,ft_sal_000725,ft_evt_0049,GENERAL,1,0.9374141732240321,0.9545796998227185,0.9304431835474821,0.9271336793899536
ft_tkt_0001340,ft_sal_000725,ft_evt_0049,GENERAL,1,0.9374141732240321,0.9545796998227185,0.9304431835474821,0.9271336793899536
ft_tkt_0001341,ft_sal_000726,ft_evt_0049,CORTESÍA,1,0.3901232716974846,0.35609227214185746,0.3390860082415726,0.2983008921146393
ft_tkt_0001342,ft_sal_000726,ft_evt_0049,CORTESÍA,0,0.3901232716974846,0.35609227214185746,0.3390860082415726,0.2983008921146393
ft_tkt_0001343,ft_sal_000726,ft_evt_0049,CORTESÍA,1,0.3901232716974846,0.35609227214185746,0.3390860082415726,0.2983008921146393
ft_tkt_0001344,ft_sal_000726,ft_evt_0049,CORTESÍA,1,0.3901232716974846,0.35609227214185746,0.3390860082415726,0.2983008921146393
ft_tkt_0001345,ft_sal_000726,ft_evt_0049,CORTESÍA,0,0.3901232716974846,0.35609227214185746,0.3390860082415726,0.2983008921146393
ft_tkt_0001346,ft_sal_000726,ft_evt_0049,CORTESÍA,0,0.3901232716974846,0.35609227214185746,0.3390860082415726,0.2983008921146393
ft_tkt_0001347,ft_sal_000727,ft_evt_0049,GENERAL,1,0.9374141732240321,0.9280078015012143,0.9319930911692477,0.9347633123397827
ft_tkt_0001348,ft_sal_000728,ft_evt_0049,CORTESÍA,0,0.3901232716974846,0.5326941350098472,0.42131478824171475,0.4130532741546631
ft_tkt_0001349,ft_sal_000728,ft_evt_0049,CORTESÍA,0,0.3901232716974846,0.5326941350098472,0.42131478824171475,0.4130532741546631
ft_tkt_0001350,ft_sal_000728,ft_evt_0049,CORTESÍA,0,0.3901232716974846,0.5326941350098472,0.42131478824171475,0.4130532741546631
ft_tkt_0001351,ft_sal_000728,ft_evt_0049,CORTESÍA,0,0.3901232716974846,0.5326941350098472,0.42131478824171475,0.4130532741546631
ft_tkt_0001352,ft_sal_000729,ft_evt_0049,GENERAL,1,0.9374141732240321,0.959023825305141,0.9307401082215816,0.9243206977844238
ft_tkt_0001353,ft_sal_000729,ft_evt_0049,GENERAL,1,0.9374141732240321,0.959023825305141,0.9307401082215816,0.9243206977844238
ft_tkt_0001354,ft_sal_000729,ft_evt_0049,GENERAL,1,0.9374141732240321,0.959023825305141,0.9307401082215816,0.9243206977844238
ft_tkt_0001355,ft_sal_000729,ft_evt_0049,GENERAL,1,0.9374141732240321,0.959023825305141,0.9307401082215816,0.9243206977844238
ft_tkt_0001356,ft_sal_000729,ft_evt_0049,GENERAL,1,0.9374141732240321,0.959023825305141,0.9307401082215816,0.9243206977844238
ft_tkt_0001357,ft_sal_000729,ft_evt_0049,GENERAL,1,0.9374141732240321,0.959023825305141,0.9307401082215816,0.9243206977844238
ft_tkt_0001358,ft_sal_000730,ft_evt_0049,CORTESÍA,0,0.3901232716974846,0.5074624571054707,0.4311089422065158,0.4373754858970642
ft_tkt_0001359,ft_sal_000731,ft_evt_0049,GENERAL,1,0.9374141732240321,0.9317983407458775,0.9324455019001278,0.9302574992179871
ft_tkt_0001360,ft_sal_000732,ft_evt_0049,GENERAL,1,0.9374141732240321,0.9573237905848786,0.9196869918396281,0.9316310286521912
ft_tkt_0001361,ft_sal_000732,ft_evt_0049,GENERAL,1,0.9374141732240321,0.9573237905848786,0.9196869918396281,0.9316310286521912
ft_tkt_0001362,ft_sal_000733,ft_evt_0049,GENERAL,1,0.9374141732240321,0.9629153668667325,0.923094198605237,0.9216141700744629
ft_tkt_0001363,ft_sal_000733,ft_evt_0049,GENERAL,1,0.9374141732240321,0.9629153668667325,0.923094198605237,0.9216141700744629
ft_tkt_0001364,ft_sal_000733,ft_evt_0049,GENERAL,1,0.9374141732240321,0.9629153668667325,0.923094198605237,0.9216141700744629
ft_tkt_0001365,ft_sal_000733,ft_evt_0049,GENERAL,1,0.9374141732240321,0.9629153668667325,0.923094198605237,0.9216141700744629
ft_tkt_0001366,ft_sal_000734,ft_evt_0049,PREFERENCIAL,1,0.9317005479219154,0.9413281378524274,0.9161113755454277,0.8914830684661865
ft_tkt_0001367,ft_sal_000734,ft_evt_0049,PREFERENCIAL,1,0.9317005479219154,0.9413281378524274,0.9161113755454277,0.8914830684661865
ft_tkt_0001368,ft_sal_000735,ft_evt_0049,CORTESÍA,0,0.3901232716974846,0.42411159841335555,0.3693339664086325,0.2822011411190033
ft_tkt_0001369,ft_sal_000735,ft_evt_0049,CORTESÍA,0,0.3901232716974846,0.42411159841335555,0.3693339664086325,0.2822011411190033
ft_tkt_0001370,ft_sal_000735,ft_evt_0049,CORTESÍA,0,0.3901232716974846,0.42411159841335555,0.3693339664086325,0.2822011411190033
ft_tkt_0001371,ft_sal_000736,ft_evt_0049,GENERAL,1,0.9374141732240321,0.954848328516174,0.9217873578913005,0.9054413437843323
ft_tkt_0001372,ft_sal_000736,ft_evt_0049,GENERAL,1,0.9374141732240321,0.954848328516174,0.9217873578913005,0.9054413437843323
ft_tkt_0001373,ft_sal_000737,ft_evt_0049,PREFERENCIAL,1,0.9317005479219154,0.9581583156016719,0.9438854983568462,0.9544686079025269
ft_tkt_0001374,ft_sal_000737,ft_evt_0049,PREFERENCIAL,1,0.9317005479219154,0.9581583156016719,0.9438854983568462,0.9544686079025269
ft_tkt_0001375,ft_sal_000738,ft_evt_0049,CORTESÍA,1,0.3901232716974846,0.5083667246668515,0.36401015433151906,0.32327842712402344
ft_tkt_0001376,ft_sal_000738,ft_evt_0049,CORTESÍA,1,0.3901232716974846,0.5083667246668515,0.36401015433151906,0.32327842712402344
ft_tkt_0001377,ft_sal_000739,ft_evt_0049,GENERAL,1,0.9374141732240321,0.9450110734619008,0.9159500945735404,0.9098783731460571
ft_tkt_0001378,ft_sal_000739,ft_evt_0049,GENERAL,1,0.9374141732240321,0.9450110734619008,0.9159500945735404,0.9098783731460571
ft_tkt_0001379,ft_sal_000739,ft_evt_0049,GENERAL,1,0.9374141732240321,0.9450110734619008,0.9159500945735404,0.9098783731460571
ft_tkt_0001380,ft_sal_000740,ft_evt_0049,CORTESÍA,1,0.3901232716974846,0.4493267664187752,0.36644009595938865,0.3104298412799835
ft_tkt_0001381,ft_sal_000741,ft_evt_0049,CORTESÍA,0,0.3901232716974846,0.4048519327704754,0.3151359048050733,0.29860585927963257
ft_tkt_0001382,ft_sal_000742,ft_evt_0049,CORTESÍA,0,0.3901232716974846,0.5483065016998049,0.49547352365835046,0.6189970374107361
ft_tkt_0001383,ft_sal_000743,ft_evt_0049,GENERAL,1,0.9374141732240321,0.9424212541990921,0.9225781053504268,0.9440556168556213
ft_tkt_0001384,ft_sal_000743,ft_evt_0049,GENERAL,0,0.9374141732240321,0.9424212541990921,0.9225781053504268,0.9440556168556213
ft_tkt_0001385,ft_sal_000744,ft_evt_0049,CORTESÍA,0,0.3901232716974846,0.37351599342221886,0.3492998257451012,0.24526986479759216
ft_tkt_0001386,ft_sal_000745,ft_evt_0049,GENERAL,1,0.9374141732240321,0.9597711601380693,0.9320559634129993,0.9319704174995422
ft_tkt_0001387,ft_sal_000746,ft_evt_0049,GENERAL,1,0.9374141732240321,0.9352839660901614,0.9315897587989457,0.9377213716506958
ft_tkt_0001388,ft_sal_000747,ft_evt_0049,CORTESÍA,0,0.3901232716974846,0.5044420868123972,0.38317767259499946,0.366425096988678
ft_tkt_0001389,ft_sal_000747,ft_evt_0049,CORTESÍA,1,0.3901232716974846,0.5044420868123972,0.38317767259499946,0.366425096988678
ft_tkt_0001390,ft_sal_000747,ft_evt_0049,CORTESÍA,0,0.3901232716974846,0.5044420868123972,0.38317767259499946,0.366425096988678
ft_tkt_0001391,ft_sal_000747,ft_evt_0049,CORTESÍA,1,0.3901232716974846,0.5044420868123972,0.38317767259499946,0.366425096988678
ft_tkt_0001392,ft_sal_000748,ft_evt_0049,CORTESÍA,1,0.3901232716974846,0.4438335019595562,0.44641258736047557,0.5255383253097534
ft_tkt_0001393,ft_sal_000748,ft_evt_0049,CORTESÍA,0,0.3901232716974846,0.4438335019595562,0.44641258736047557,0.5255383253097534
ft_tkt_0001394,ft_sal_000749,ft_evt_0049,CORTESÍA,1,0.3901232716974846,0.6223569928911246,0.5909143147537066,0.6512020826339722
ft_tkt_0001395,ft_sal_000749,ft_evt_0049,CORTESÍA,1,0.3901232716974846,0.6223569928911246,0.5909143147537066,0.6512020826339722
ft_tkt_0001396,ft_sal_000750,ft_evt_0049,CORTESÍA,0,0.3901232716974846,0.367655659224476,0.30329522488267896,0.3564654290676117
ft_tkt_0001397,ft_sal_000751,ft_evt_0049,CORTESÍA,1,0.3901232716974846,0.2875360030878979,0.36168086242082764,0.2614535391330719
ft_tkt_0001398,ft_sal_000751,ft_evt_0049,CORTESÍA,1,0.3901232716974846,0.2875360030878979,0.36168086242082764,0.2614535391330719
ft_tkt_0001399,ft_sal_000752,ft_evt_0049,CORTESÍA,0,0.3901232716974846,0.39848513731887947,0.3269352049335754,0.37883397936820984
ft_tkt_0001400,ft_sal_000753,ft_evt_0049,PREFERENCIAL,1,0.9317005479219154,0.9765635628346104,0.9349681526260806,0.9364322423934937
ft_tkt_0001401,ft_sal_000754,ft_evt_0049,GENERAL,1,0.9374141732240321,0.9067596433643507,0.9421047896336242,0.9312015175819397
ft_tkt_0001402,ft_sal_000755,ft_evt_0049,CORTESÍA,0,0.3901232716974846,0.43680932700791797,0.35158398733993923,0.3392355144023895
ft_tkt_0001403,ft_sal_000755,ft_evt_0049,CORTESÍA,1,0.3901232716974846,0.43680932700791797,0.35158398733993923,0.3392355144023895
ft_tkt_0001404,ft_sal_000756,ft_evt_0049,CORTESÍA,0,0.3901232716974846,0.2625672600186153,0.2878530453215927,0.1838218718767166
ft_tkt_0001405,ft_sal_000757,ft_evt_0049,CORTESÍA,1,0.3901232716974846,0.5283433580105814,0.4082653463270672,0.4090878367424011
ft_tkt_0001406,ft_sal_000757,ft_evt_0049,CORTESÍA,0,0.3901232716974846,0.5283433580105814,0.4082653463270672,0.4090878367424011
ft_tkt_0001407,ft_sal_000757,ft_evt_0049,CORTESÍA,0,0.3901232716974846,0.5283433580105814,0.4082653463270672,0.4090878367424011
ft_tkt_0001408,ft_sal_000757,ft_evt_0049,CORTESÍA,0,0.3901232716974846,0.5283433580105814,0.4082653463270672,0.4090878367424011
ft_tkt_0001409,ft_sal_000758,ft_evt_0049,GENERAL,1,0.9374141732240321,0.9468812155071754,0.9218660639229606,0.9504953622817993
ft_tkt_0001410,ft_sal_000758,ft_evt_0049,GENERAL,1,0.9374141732240321,0.9468812155071754,0.9218660639229606,0.9504953622817993
ft_tkt_0001411,ft_sal_000759,ft_evt_0049,CORTESÍA,0,0.3901232716974846,0.6219463502375252,0.4783995722859617,0.5980343818664551
ft_tkt_0001412,ft_sal_000759,ft_evt_0049,CORTESÍA,0,0.3901232716974846,0.6219463502375252,0.4783995722859617,0.5980343818664551
ft_tkt_0001413,ft_sal_000760,ft_evt_0049,CORTESÍA,0,0.3901232716974846,0.43225310518545523,0.36000590670781013,0.3697088360786438
ft_tkt_0001414,ft_sal_000761,ft_evt_0049,CORTESÍA,0,0.3901232716974846,0.38186934543982015,0.337528036604478,0.3394452929496765
ft_tkt_0001415,ft_sal_000762,ft_evt_0049,GENERAL,1,0.9374141732240321,0.9383864001172474,0.9236396515134349,0.9160200953483582
ft_tkt_0001416,ft_sal_000762,ft_evt_0049,GENERAL,1,0.9374141732240321,0.9383864001172474,0.9236396515134349,0.9160200953483582
ft_tkt_0001417,ft_sal_000762,ft_evt_0049,GENERAL,1,0.9374141732240321,0.9383864001172474,0.9236396515134349,0.9160200953483582
ft_tkt_0001418,ft_sal_000762,ft_evt_0049,GENERAL,1,0.9374141732240321,0.9383864001172474,0.9236396515134349,0.9160200953483582
ft_tkt_0001419,ft_sal_000763,ft_evt_0049,GENERAL,1,0.9374141732240321,0.9646668407391163,0.9330510345199997,0.9447752237319946
ft_tkt_0001420,ft_sal_000764,ft_evt_0049,CORTESÍA,0,0.3901232716974846,0.4538398187623627,0.33699322792609493,0.3620269000530243
ft_tkt_0001421,ft_sal_000764,ft_evt_0049,CORTESÍA,1,0.3901232716974846,0.4538398187623627,0.33699322792609493,0.3620269000530243
ft_tkt_0001422,ft_sal_000765,ft_evt_0049,PREFERENCIAL,1,0.9317005479219154,0.9203854713225073,0.9268333902778817,0.9428907036781311
ft_tkt_0001423,ft_sal_000766,ft_evt_0049,PREFERENCIAL,1,0.9317005479219154,0.9382843282454678,0.9219594578578948,0.9044762849807739
ft_tkt_0001424,ft_sal_000766,ft_evt_0049,PREFERENCIAL,1,0.9317005479219154,0.9382843282454678,0.9219594578578948,0.9044762849807739
ft_tkt_0001425,ft_sal_000767,ft_evt_0049,CORTESÍA,1,0.3901232716974846,0.562959000466835,0.49880292403944315,0.673790693283081
ft_tkt_0001426,ft_sal_000767,ft_evt_0049,CORTESÍA,0,0.3901232716974846,0.562959000466835,0.49880292403944315,0.673790693283081
ft_tkt_0001427,ft_sal_000768,ft_evt_0049,VIP,1,0.9356215132776959,0.9602569996338904,0.9475766434831793,0.9681537747383118
ft_tkt_0001428,ft_sal_000768,ft_evt_0049,VIP,1,0.9356215132776959,0.9602569996338904,0.9475766434831793,0.9681537747383118
ft_tkt_0001429,ft_sal_000768,ft_evt_0049,VIP,1,0.9356215132776959,0.9602569996338904,0.9475766434831793,0.9681537747383118
ft_tkt_0001430,ft_sal_000769,ft_evt_0049,CORTESÍA,0,0.3901232716974846,0.5973648112518827,0.4794033572746114,0.4482353627681732
ft_tkt_0001431,ft_sal_000770,ft_evt_0049,VIP,1,0.9356215132776959,0.9681300746939383,0.9253435168075754,0.9460774660110474
ft_tkt_0001432,ft_sal_000770,ft_evt_0049,VIP,1,0.9356215132776959,0.9681300746939383,0.9253435168075754,0.9460774660110474
ft_tkt_0001433,ft_sal_000771,ft_evt_0049,PREFERENCIAL,1,0.9317005479219154,0.9391465129004177,0.9135721875395598,0.9083771109580994
ft_tkt_0001434,ft_sal_000771,ft_evt_0049,PREFERENCIAL,1,0.9317005479219154,0.9391465129004177,0.9135721875395598,0.9083771109580994
ft_tkt_0001435,ft_sal_000772,ft_evt_0049,VIP,1,0.9356215132776959,0.9615173370195311,0.9230091137117898,0.9222671389579773
ft_tkt_0001436,ft_sal_000772,ft_evt_0049,VIP,1,0.9356215132776959,0.9615173370195311,0.9230091137117898,0.9222671389579773
ft_tkt_0001437,ft_sal_000773,ft_evt_0049,PREFERENCIAL,1,0.9317005479219154,0.9918471437576856,0.9452259487673041,0.9415217041969299
ft_tkt_0001438,ft_sal_000774,ft_evt_0049,CORTESÍA,0,0.3901232716974846,0.5404473114479187,0.3891722901718916,0.4264301657676697
ft_tkt_0001439,ft_sal_000775,ft_evt_0049,CORTESÍA,0,0.3901232716974846,0.5132244655145677,0.437786623321561,0.42401471734046936
ft_tkt_0001440,ft_sal_000776,ft_evt_0049,PREFERENCIAL,1,0.9317005479219154,0.9474470948962233,0.9337214162755649,0.9322623014450073
ft_tkt_0001441,ft_sal_000777,ft_evt_0049,CORTESÍA,1,0.3901232716974846,0.4510140570866581,0.380874917665932,0.27143579721450806
ft_tkt_0001442,ft_sal_000778,ft_evt_0049,VIP,1,0.9356215132776959,0.9610266667254426,0.9249243184765682,0.9425898790359497
ft_tkt_0001443,ft_sal_000779,ft_evt_0049,CORTESÍA,0,0.3901232716974846,0.44308389436255685,0.361629766547526,0.3245237171649933
ft_tkt_0001444,ft_sal_000779,ft_evt_0049,CORTESÍA,1,0.3901232716974846,0.44308389436255685,0.361629766547526,0.3245237171649933
ft_tkt_0001445,ft_sal_000779,ft_evt_0049,CORTESÍA,0,0.3901232716974846,0.44308389436255685,0.361629766547526,0.3245237171649933
ft_tkt_0001446,ft_sal_000779,ft_evt_0049,CORTESÍA,1,0.3901232716974846,0.44308389436255685,0.361629766547526,0.3245237171649933
ft_tkt_0001447,ft_sal_000780,ft_evt_0049,VIP,1,0.9356215132776959,0.9488364880181932,0.9320844718806846,0.942384660243988
ft_tkt_0001448,ft_sal_000781,ft_evt_0049,GENERAL,1,0.9374141732240321,0.9508250710756467,0.9305835673207392,0.9368740320205688
ft_tkt_0001449,ft_sal_000782,ft_evt_0049,PREFERENCIAL,1,0.9317005479219154,0.9799304898528178,0.9508804440998753,0.9340388774871826
ft_tkt_0001450,ft_sal_000783,ft_evt_0049,GENERAL,1,0.9374141732240321,0.939081045600825,0.9251708937599403,0.9372950792312622
ft_tkt_0001451,ft_sal_000783,ft_evt_0049,GENERAL,1,0.9374141732240321,0.939081045600825,0.9251708937599403,0.9372950792312622
ft_tkt_0001452,ft_sal_000784,ft_evt_0049,CORTESÍA,0,0.3901232716974846,0.5068511926166398,0.4311089422065158,0.41783589124679565
ft_tkt_0001453,ft_sal_000785,ft_evt_0049,VIP,1,0.9356215132776959,0.9621424008788516,0.9452358548131027,0.964126706123352
ft_tkt_0001454,ft_sal_000785,ft_evt_0049,VIP,1,0.9356215132776959,0.9621424008788516,0.9452358548131027,0.964126706123352
ft_tkt_0001455,ft_sal_000786,ft_evt_0049,CORTESÍA,0,0.3901232716974846,0.5394164148748843,0.39439470967548024,0.3303104341030121
ft_tkt_0001456,ft_sal_000786,ft_evt_0049,CORTESÍA,0,0.3901232716974846,0.5394164148748843,0.39439470967548024,0.3303104341030121
ft_tkt_0001457,ft_sal_000786,ft_evt_0049,CORTESÍA,1,0.3901232716974846,0.5394164148748843,0.39439470967548024,0.3303104341030121
ft_tkt_0001458,ft_sal_000786,ft_evt_0049,CORTESÍA,1,0.3901232716974846,0.5394164148748843,0.39439470967548024,0.3303104341030121
ft_tkt_0001459,ft_sal_000787,ft_evt_0049,CORTESÍA,0,0.3901232716974846,0.3831239080311082,0.314735481308777,0.23846513032913208
ft_tkt_0001460,ft_sal_000788,ft_evt_0049,CORTESÍA,0,0.3901232716974846,0.5066765408793914,0.4311089422065158,0.41783589124679565
ft_tkt_0001461,ft_sal_000789,ft_evt_0049,PREFERENCIAL,0,0.9317005479219154,0.9454698935312038,0.9236676019777662,0.9296379089355469
ft_tkt_0001462,ft_sal_000789,ft_evt_0049,PREFERENCIAL,1,0.9317005479219154,0.9454698935312038,0.9236676019777662,0.9296379089355469
ft_tkt_0001463,ft_sal_000790,ft_evt_0049,GENERAL,1,0.9374141732240321,0.9545995659919504,0.9343891400843565,0.9241043329238892
ft_tkt_0001464,ft_sal_000791,ft_evt_0049,CORTESÍA,0,0.3901232716974846,0.5760386025850682,0.4684821390209382,0.5314234495162964
ft_tkt_0001465,ft_sal_000791,ft_evt_0049,CORTESÍA,1,0.3901232716974846,0.5760386025850682,0.4684821390209382,0.5314234495162964
ft_tkt_0001466,ft_sal_000792,ft_evt_0049,CORTESÍA,1,0.3901232716974846,0.4811264079160597,0.35031273264645396,0.3221418261528015
ft_tkt_0001467,ft_sal_000792,ft_evt_0049,CORTESÍA,1,0.3901232716974846,0.4811264079160597,0.35031273264645396,0.3221418261528015
ft_tkt_0001468,ft_sal_000792,ft_evt_0049,CORTESÍA,0,0.3901232716974846,0.4811264079160597,0.35031273264645396,0.3221418261528015
ft_tkt_0001469,ft_sal_000792,ft_evt_0049,CORTESÍA,0,0.3901232716974846,0.4811264079160597,0.35031273264645396,0.3221418261528015
ft_tkt_0001470,ft_sal_000793,ft_evt_0049,GENERAL,1,0.9374141732240321,0.9279479892315216,0.9161489547534983,0.9007723927497864
ft_tkt_0001471,ft_sal_000793,ft_evt_0049,GENERAL,1,0.9374141732240321,0.9279479892315216,0.9161489547534983,0.9007723927497864
ft_tkt_0001472,ft_sal_000794,ft_evt_0049,CORTESÍA,0,0.3901232716974846,0.36858357023467286,0.29816157692387985,0.17504675686359406
ft_tkt_0001473,ft_sal_000795,ft_evt_0049,CORTESÍA,0,0.3901232716974846,0.384095859349246,0.4262995862478315,0.49706345796585083
ft_tkt_0001474,ft_sal_000796,ft_evt_0049,VIP,1,0.9356215132776959,0.9777669897359711,0.9282542130728785,0.9479501247406006
ft_tkt_0001475,ft_sal_000797,ft_evt_0049,CORTESÍA,0,0.3901232716974846,0.495672016376879,0.4208173263219009,0.4112246632575989
ft_tkt_0001476,ft_sal_000798,ft_evt_0049,CORTESÍA,1,0.3901232716974846,0.43667722065523373,0.3339473493398702,0.30029603838920593
ft_tkt_0001477,ft_sal_000799,ft_evt_0049,CORTESÍA,0,0.3901232716974846,0.41825595665091664,0.40220647016930633,0.38267213106155396
ft_tkt_0001478,ft_sal_000800,ft_evt_0049,CORTESÍA,0,0.3901232716974846,0.5302582702926343,0.41506849561875053,0.4130532741546631
ft_tkt_0001479,ft_sal_000800,ft_evt_0049,CORTESÍA,0,0.3901232716974846,0.5302582702926343,0.41506849561875053,0.4130532741546631
ft_tkt_0001480,ft_sal_000800,ft_evt_0049,CORTESÍA,1,0.3901232716974846,0.5302582702926343,0.41506849561875053,0.4130532741546631
ft_tkt_0001481,ft_sal_000800,ft_evt_0049,CORTESÍA,0,0.3901232716974846,0.5302582702926343,0.41506849561875053,0.4130532741546631
ft_tkt_0001482,ft_sal_000801,ft_evt_0049,GENERAL,1,0.9374141732240321,0.956001379196849,0.9433607606190318,0.9519894123077393
ft_tkt_0001483,ft_sal_000802,ft_evt_0049,GENERAL,0,0.9374141732240321,0.9546758739086186,0.9222954153319107,0.9142560362815857
ft_tkt_0001484,ft_sal_000802,ft_evt_0049,GENERAL,0,0.9374141732240321,0.9546758739086186,0.9222954153319107,0.9142560362815857
ft_tkt_0001485,ft_sal_000802,ft_evt_0049,GENERAL,1,0.9374141732240321,0.9546758739086186,0.9222954153319107,0.9142560362815857
ft_tkt_0001486,ft_sal_000802,ft_evt_0049,GENERAL,1,0.9374141732240321,0.9546758739086186,0.9222954153319107,0.9142560362815857
ft_tkt_0001487,ft_sal_000803,ft_evt_0049,GENERAL,0,0.9374141732240321,0.9409667154345057,0.9307790429295423,0.9429840445518494
ft_tkt_0001488,ft_sal_000804,ft_evt_0049,CORTESÍA,0,0.3901232716974846,0.40977039480968025,0.32140295516099404,0.2653542160987854
ft_tkt_0001489,ft_sal_000804,ft_evt_0049,CORTESÍA,0,0.3901232716974846,0.40977039480968025,0.32140295516099404,0.2653542160987854
ft_tkt_0001490,ft_sal_000804,ft_evt_0049,CORTESÍA,0,0.3901232716974846,0.40977039480968025,0.32140295516099404,0.2653542160987854
ft_tkt_0001491,ft_sal_000804,ft_evt_0049,CORTESÍA,1,0.3901232716974846,0.40977039480968025,0.32140295516099404,0.2653542160987854
ft_tkt_0001492,ft_sal_000805,ft_evt_0049,CORTESÍA,0,0.3901232716974846,0.43414607584615555,0.41589455364981887,0.3948949873447418
ft_tkt_0001493,ft_sal_000806,ft_evt_0049,GENERAL,1,0.9374141732240321,0.9596211740060073,0.9262170214096532,0.9029463529586792
ft_tkt_0001494,ft_sal_000807,ft_evt_0049,PREFERENCIAL,1,0.9317005479219154,0.9484981563211442,0.9186853119379773,0.9343674778938293
ft_tkt_0001495,ft_sal_000807,ft_evt_0049,PREFERENCIAL,1,0.9317005479219154,0.9484981563211442,0.9186853119379773,0.9343674778938293
ft_tkt_0001496,ft_sal_000808,ft_evt_0049,CORTESÍA,1,0.3901232716974846,0.42312013295640405,0.3347019122724274,0.30561643838882446
ft_tkt_0001497,ft_sal_000808,ft_evt_0049,CORTESÍA,0,0.3901232716974846,0.42312013295640405,0.3347019122724274,0.30561643838882446
ft_tkt_0001498,ft_sal_000809,ft_evt_0049,CORTESÍA,0,0.3901232716974846,0.3989741480863291,0.319394248404637,0.3061126172542572
ft_tkt_0001499,ft_sal_000809,ft_evt_0049,CORTESÍA,0,0.3901232716974846,0.3989741480863291,0.319394248404637,0.3061126172542572
ft_tkt_0001500,ft_sal_000809,ft_evt_0049,CORTESÍA,0,0.3901232716974846,0.3989741480863291,0.319394248404637,0.3061126172542572
ft_tkt_0001501,ft_sal_000810,ft_evt_0049,CORTESÍA,1,0.3901232716974846,0.5106823054677727,0.35936462640444344,0.45867761969566345
ft_tkt_0001502,ft_sal_000811,ft_evt_0049,CORTESÍA,1,0.3901232716974846,0.49484270712156064,0.36746358792044953,0.27510422468185425
ft_tkt_0001503,ft_sal_000812,ft_evt_0049,PREFERENCIAL,1,0.9317005479219154,0.936248615489827,0.9209896472837984,0.9102715253829956
ft_tkt_0001504,ft_sal_000812,ft_evt_0049,PREFERENCIAL,1,0.9317005479219154,0.936248615489827,0.9209896472837984,0.9102715253829956
ft_tkt_0001505,ft_sal_000812,ft_evt_0049,PREFERENCIAL,1,0.9317005479219154,0.936248615489827,0.9209896472837984,0.9102715253829956
ft_tkt_0001506,ft_sal_000812,ft_evt_0049,PREFERENCIAL,1,0.9317005479219154,0.936248615489827,0.9209896472837984,0.9102715253829956
ft_tkt_0001507,ft_sal_000813,ft_evt_0049,GENERAL,1,0.9374141732240321,0.9752796134817368,0.9405293023725835,0.945259153842926
ft_tkt_0001508,ft_sal_000813,ft_evt_0049,GENERAL,1,0.9374141732240321,0.9752796134817368,0.9405293023725835,0.945259153842926
ft_tkt_0001509,ft_sal_000814,ft_evt_0049,CORTESÍA,0,0.3901232716974846,0.4006400653229679,0.32520679068716557,0.3733247220516205
ft_tkt_0001510,ft_sal_000815,ft_evt_0049,GENERAL,1,0.9374141732240321,0.9476731480293641,0.9298154690433258,0.916989803314209
ft_tkt_0001511,ft_sal_000816,ft_evt_0049,CORTESÍA,1,0.3901232716974846,0.5022845513486041,0.3811458506245976,0.4097995460033417
ft_tkt_0001512,ft_sal_000817,ft_evt_0049,CORTESÍA,0,0.3901232716974846,0.4527471402083526,0.34729237900832644,0.30581700801849365
ft_tkt_0001513,ft_sal_000817,ft_evt_0049,CORTESÍA,1,0.3901232716974846,0.4527471402083526,0.34729237900832644,0.30581700801849365
ft_tkt_0001514,ft_sal_000817,ft_evt_0049,CORTESÍA,0,0.3901232716974846,0.4527471402083526,0.34729237900832644,0.30581700801849365
ft_tkt_0001515,ft_sal_000817,ft_evt_0049,CORTESÍA,1,0.3901232716974846,0.4527471402083526,0.34729237900832644,0.30581700801849365
ft_tkt_0001516,ft_sal_000818,ft_evt_0049,CORTESÍA,0,0.3901232716974846,0.5322558639370087,0.43240385473283516,0.5107836127281189
ft_tkt_0001517,ft_sal_000819,ft_evt_0049,CORTESÍA,0,0.3901232716974846,0.4815754964463546,0.387265878776538,0.3802485167980194
ft_tkt_0001518,ft_sal_000820,ft_evt_0049,CORTESÍA,0,0.3901232716974846,0.4085490178975598,0.3297121492432152,0.326479434967041
ft_tkt_0001519,ft_sal_000820,ft_evt_0049,CORTESÍA,0,0.3901232716974846,0.4085490178975598,0.3297121492432152,0.326479434967041
ft_tkt_0001520,ft_sal_000821,ft_evt_0049,GENERAL,0,0.9374141732240321,0.9492763731107284,0.9283044544592394,0.9091817140579224
ft_tkt_0001521,ft_sal_000821,ft_evt_0049,GENERAL,1,0.9374141732240321,0.9492763731107284,0.9283044544592394,0.9091817140579224
ft_tkt_0001522,ft_sal_000821,ft_evt_0049,GENERAL,1,0.9374141732240321,0.9492763731107284,0.9283044544592394,0.9091817140579224
ft_tkt_0001523,ft_sal_000822,ft_evt_0049,CORTESÍA,1,0.3901232716974846,0.4569859454643273,0.43609915841852,0.5864256620407104
ft_tkt_0001524,ft_sal_000822,ft_evt_0049,CORTESÍA,0,0.3901232716974846,0.4569859454643273,0.43609915841852,0.5864256620407104
ft_tkt_0001525,ft_sal_000823,ft_evt_0049,PREFERENCIAL,1,0.9317005479219154,0.965465401959565,0.9239696710841367,0.914972186088562
ft_tkt_0001526,ft_sal_000823,ft_evt_0049,PREFERENCIAL,1,0.9317005479219154,0.965465401959565,0.9239696710841367,0.914972186088562
ft_tkt_0001527,ft_sal_000824,ft_evt_0049,GENERAL,1,0.9374141732240321,0.9461204895289566,0.9220798367431381,0.9260607957839966
ft_tkt_0001528,ft_sal_000824,ft_evt_0049,GENERAL,1,0.9374141732240321,0.9461204895289566,0.9220798367431381,0.9260607957839966
ft_tkt_0001529,ft_sal_000825,ft_evt_0049,CORTESÍA,1,0.3901232716974846,0.4575246228552864,0.3703361091393085,0.3973991572856903
ft_tkt_0001530,ft_sal_000825,ft_evt_0049,CORTESÍA,0,0.3901232716974846,0.4575246228552864,0.3703361091393085,0.3973991572856903
ft_tkt_0001531,ft_sal_000826,ft_evt_0049,VIP,1,0.9356215132776959,0.9659133848562013,0.9337443811522018,0.927092969417572
ft_tkt_0001532,ft_sal_000827,ft_evt_0049,CORTESÍA,1,0.3901232716974846,0.5380643155212138,0.36149015148453806,0.3102860450744629
ft_tkt_0001533,ft_sal_000827,ft_evt_0049,CORTESÍA,1,0.3901232716974846,0.5380643155212138,0.36149015148453806,0.3102860450744629
ft_tkt_0001534,ft_sal_000828,ft_evt_0049,VIP,1,0.9356215132776959,0.9517201267656327,0.9183712280660185,0.9393315315246582
ft_tkt_0001535,ft_sal_000828,ft_evt_0049,VIP,0,0.9356215132776959,0.9517201267656327,0.9183712280660185,0.9393315315246582
ft_tkt_0001536,ft_sal_000828,ft_evt_0049,VIP,0,0.9356215132776959,0.9517201267656327,0.9183712280660185,0.9393315315246582
ft_tkt_0001537,ft_sal_000829,ft_evt_0049,GENERAL,1,0.9374141732240321,0.9659194968719378,0.9238941956908123,0.9331551194190979
ft_tkt_0001538,ft_sal_000829,ft_evt_0049,GENERAL,1,0.9374141732240321,0.9659194968719378,0.9238941956908123,0.9331551194190979
ft_tkt_0001539,ft_sal_000830,ft_evt_0049,CORTESÍA,1,0.3901232716974846,0.48835755010289117,0.3519728639938188,0.30795297026634216
ft_tkt_0001540,ft_sal_000830,ft_evt_0049,CORTESÍA,1,0.3901232716974846,0.48835755010289117,0.3519728639938188,0.30795297026634216
ft_tkt_0001541,ft_sal_000831,ft_evt_0049,GENERAL,0,0.9374141732240321,0.9318063400915682,0.9128685589864295,0.9419922828674316
ft_tkt_0001542,ft_sal_000831,ft_evt_0049,GENERAL,1,0.9374141732240321,0.9318063400915682,0.9128685589864295,0.9419922828674316
ft_tkt_0001543,ft_sal_000832,ft_evt_0049,CORTESÍA,0,0.3901232716974846,0.5902256413784377,0.47174650884353686,0.5459578037261963
ft_tkt_0001544,ft_sal_000833,ft_evt_0049,GENERAL,1,0.9374141732240321,0.941448914056768,0.9245648490681546,0.9266414642333984
ft_tkt_0001545,ft_sal_000833,ft_evt_0049,GENERAL,1,0.9374141732240321,0.941448914056768,0.9245648490681546,0.9266414642333984
ft_tkt_0001546,ft_sal_000834,ft_evt_0049,GENERAL,1,0.9374141732240321,0.935987439151526,0.9298301836062183,0.9279272556304932
ft_tkt_0001547,ft_sal_000835,ft_evt_0049,CORTESÍA,0,0.3901232716974846,0.4872918250511003,0.3882415824595046,0.3934732675552368
ft_tkt_0001548,ft_sal_000836,ft_evt_0049,CORTESÍA,0,0.3901232716974846,0.3223778510420045,0.31087029963407803,0.232587993144989
ft_tkt_0001549,ft_sal_000836,ft_evt_0049,CORTESÍA,1,0.3901232716974846,0.3223778510420045,0.31087029963407803,0.232587993144989
ft_tkt_0001550,ft_sal_000837,ft_evt_0049,CORTESÍA,1,0.3901232716974846,0.28464824250239773,0.3152893388216956,0.2018832415342331
ft_tkt_0001551,ft_sal_000838,ft_evt_0049,VIP,1,0.9356215132776959,0.9358718204862417,0.9148646113958298,0.9240827560424805
ft_tkt_0001552,ft_sal_000838,ft_evt_0049,VIP,1,0.9356215132776959,0.9358718204862417,0.9148646113958298,0.9240827560424805
ft_tkt_0001553,ft_sal_000839,ft_evt_0049,GENERAL,1,0.9374141732240321,0.920223738691442,0.9168810423992295,0.8950198292732239
ft_tkt_0001554,ft_sal_000840,ft_evt_0049,CORTESÍA,0,0.3901232716974846,0.28312052220207296,0.33056430982839496,0.23632879555225372
ft_tkt_0001555,ft_sal_000841,ft_evt_0036,VIP,1,0.9362121140393361,0.956058343766497,0.9501957464283487,0.9531791806221008
ft_tkt_0001556,ft_sal_000841,ft_evt_0036,VIP,1,0.9362121140393361,0.956058343766497,0.9501957464283487,0.9531791806221008
ft_tkt_0001557,ft_sal_000841,ft_evt_0036,VIP,1,0.9362121140393361,0.956058343766497,0.9501957464283487,0.9531791806221008
ft_tkt_0001558,ft_sal_000842,ft_evt_0036,GENERAL,0,0.9352882500254978,0.8730896787618402,0.9477079260171398,0.9524735808372498
ft_tkt_0001559,ft_sal_000843,ft_evt_0036,GENERAL,1,0.9352882500254978,0.9783964696430314,0.9568961853783989,0.9523310661315918
ft_tkt_0001560,ft_sal_000844,ft_evt_0036,GENERAL,1,0.9352882500254978,0.8974443086007314,0.9187830547384054,0.8820885419845581
ft_tkt_0001561,ft_sal_000844,ft_evt_0036,GENERAL,1,0.9352882500254978,0.8974443086007314,0.9187830547384054,0.8820885419845581
ft_tkt_0001562,ft_sal_000844,ft_evt_0036,GENERAL,1,0.9352882500254978,0.8974443086007314,0.9187830547384054,0.8820885419845581
ft_tkt_0001563,ft_sal_000845,ft_evt_0036,GENERAL,1,0.9352882500254978,0.9247743403974883,0.935005685261994,0.9425805807113647
ft_tkt_0001564,ft_sal_000845,ft_evt_0036,GENERAL,1,0.9352882500254978,0.9247743403974883,0.935005685261994,0.9425805807113647
ft_tkt_0001565,ft_sal_000846,ft_evt_0036,PREFERENCIAL,1,0.9314496020944585,0.907950090291897,0.9402629282706009,0.960845410823822
ft_tkt_0001566,ft_sal_000846,ft_evt_0036,PREFERENCIAL,1,0.9314496020944585,0.907950090291897,0.9402629282706009,0.960845410823822
ft_tkt_0001567,ft_sal_000846,ft_evt_0036,PREFERENCIAL,1,0.9314496020944585,0.907950090291897,0.9402629282706009,0.960845410823822
ft_tkt_0001568,ft_sal_000847,ft_evt_0036,PREFERENCIAL,1,0.9314496020944585,0.9071595470496792,0.9515435715847137,0.9560306668281555
ft_tkt_0001569,ft_sal_000847,ft_evt_0036,PREFERENCIAL,1,0.9314496020944585,0.9071595470496792,0.9515435715847137,0.9560306668281555
ft_tkt_0001570,ft_sal_000848,ft_evt_0036,CORTESÍA,0,0.40252443406149635,0.41790971471863475,0.5820706334813044,0.5950712561607361
ft_tkt_0001571,ft_sal_000849,ft_evt_0036,PREFERENCIAL,1,0.9314496020944585,0.9052581043252059,0.9374413158211949,0.9431561231613159
ft_tkt_0001572,ft_sal_000849,ft_evt_0036,PREFERENCIAL,1,0.9314496020944585,0.9052581043252059,0.9374413158211949,0.9431561231613159
ft_tkt_0001573,ft_sal_000849,ft_evt_0036,PREFERENCIAL,1,0.9314496020944585,0.9052581043252059,0.9374413158211949,0.9431561231613159
ft_tkt_0001574,ft_sal_000849,ft_evt_0036,PREFERENCIAL,1,0.9314496020944585,0.9052581043252059,0.9374413158211949,0.9431561231613159
ft_tkt_0001575,ft_sal_000849,ft_evt_0036,PREFERENCIAL,1,0.9314496020944585,0.9052581043252059,0.9374413158211949,0.9431561231613159
ft_tkt_0001576,ft_sal_000849,ft_evt_0036,PREFERENCIAL,1,0.9314496020944585,0.9052581043252059,0.9374413158211949,0.9431561231613159
ft_tkt_0001577,ft_sal_000850,ft_evt_0036,GENERAL,1,0.9352882500254978,0.9315783462981557,0.9164363763601623,0.9369485378265381
ft_tkt_0001578,ft_sal_000851,ft_evt_0036,GENERAL,1,0.9352882500254978,0.9352685956657995,0.9561304414794571,0.9579089879989624
ft_tkt_0001579,ft_sal_000851,ft_evt_0036,GENERAL,1,0.9352882500254978,0.9352685956657995,0.9561304414794571,0.9579089879989624
ft_tkt_0001580,ft_sal_000851,ft_evt_0036,GENERAL,1,0.9352882500254978,0.9352685956657995,0.9561304414794571,0.9579089879989624
ft_tkt_0001581,ft_sal_000851,ft_evt_0036,GENERAL,1,0.9352882500254978,0.9352685956657995,0.9561304414794571,0.9579089879989624
ft_tkt_0001582,ft_sal_000852,ft_evt_0036,PREFERENCIAL,1,0.9314496020944585,0.8854687833373832,0.9407089387988798,0.9482812881469727
ft_tkt_0001583,ft_sal_000853,ft_evt_0036,GENERAL,1,0.9352882500254978,0.9654061724246453,0.9572194033643467,0.9294626712799072
ft_tkt_0001584,ft_sal_000854,ft_evt_0036,GENERAL,1,0.9352882500254978,0.9030629162572128,0.9436494851907717,0.9457895755767822
ft_tkt_0001585,ft_sal_000854,ft_evt_0036,GENERAL,1,0.9352882500254978,0.9030629162572128,0.9436494851907717,0.9457895755767822
ft_tkt_0001586,ft_sal_000854,ft_evt_0036,GENERAL,1,0.9352882500254978,0.9030629162572128,0.9436494851907717,0.9457895755767822
ft_tkt_0001587,ft_sal_000855,ft_evt_0036,GENERAL,1,0.9352882500254978,0.9269784969143496,0.9433358023885791,0.9397010803222656
ft_tkt_0001588,ft_sal_000855,ft_evt_0036,GENERAL,1,0.9352882500254978,0.9269784969143496,0.9433358023885791,0.9397010803222656
ft_tkt_0001589,ft_sal_000855,ft_evt_0036,GENERAL,1,0.9352882500254978,0.9269784969143496,0.9433358023885791,0.9397010803222656
ft_tkt_0001590,ft_sal_000855,ft_evt_0036,GENERAL,1,0.9352882500254978,0.9269784969143496,0.9433358023885791,0.9397010803222656
ft_tkt_0001591,ft_sal_000856,ft_evt_0036,PREFERENCIAL,1,0.9314496020944585,0.944310861412379,0.9494698346719775,0.9540826082229614
ft_tkt_0001592,ft_sal_000857,ft_evt_0036,GENERAL,1,0.9352882500254978,0.8615015260369859,0.9206394590100913,0.9014310240745544
ft_tkt_0001593,ft_sal_000857,ft_evt_0036,GENERAL,1,0.9352882500254978,0.8615015260369859,0.9206394590100913,0.9014310240745544
ft_tkt_0001594,ft_sal_000858,ft_evt_0036,VIP,1,0.9362121140393361,0.8802184258288984,0.9401549192910663,0.9404633045196533
ft_tkt_0001595,ft_sal_000859,ft_evt_0036,GENERAL,1,0.9352882500254978,0.85988454317231,0.9417791816099629,0.9429985880851746
ft_tkt_0001596,ft_sal_000860,ft_evt_0036,CORTESÍA,0,0.40252443406149635,0.2619343557889065,0.4481208822996495,0.37326207756996155
ft_tkt_0001597,ft_sal_000860,ft_evt_0036,CORTESÍA,1,0.40252443406149635,0.2619343557889065,0.4481208822996495,0.37326207756996155
ft_tkt_0001598,ft_sal_000860,ft_evt_0036,CORTESÍA,1,0.40252443406149635,0.2619343557889065,0.4481208822996495,0.37326207756996155
ft_tkt_0001599,ft_sal_000860,ft_evt_0036,CORTESÍA,0,0.40252443406149635,0.2619343557889065,0.4481208822996495,0.37326207756996155
ft_tkt_0001600,ft_sal_000861,ft_evt_0036,GENERAL,1,0.9352882500254978,0.9017162056421414,0.9432245669527671,0.9480090737342834
ft_tkt_0001601,ft_sal_000861,ft_evt_0036,GENERAL,1,0.9352882500254978,0.9017162056421414,0.9432245669527671,0.9480090737342834
ft_tkt_0001602,ft_sal_000862,ft_evt_0036,GENERAL,1,0.9352882500254978,0.8670453015365374,0.9418597658377382,0.9390805959701538
ft_tkt_0001603,ft_sal_000862,ft_evt_0036,GENERAL,1,0.9352882500254978,0.8670453015365374,0.9418597658377382,0.9390805959701538
ft_tkt_0001604,ft_sal_000863,ft_evt_0036,PREFERENCIAL,1,0.9314496020944585,0.9208936578298139,0.9403604391326043,0.9599823355674744
ft_tkt_0001605,ft_sal_000863,ft_evt_0036,PREFERENCIAL,1,0.9314496020944585,0.9208936578298139,0.9403604391326043,0.9599823355674744
ft_tkt_0001606,ft_sal_000863,ft_evt_0036,PREFERENCIAL,1,0.9314496020944585,0.9208936578298139,0.9403604391326043,0.9599823355674744
ft_tkt_0001607,ft_sal_000864,ft_evt_0036,PREFERENCIAL,1,0.9314496020944585,0.9087683309759522,0.9330794191493395,0.9464320540428162
ft_tkt_0001608,ft_sal_000864,ft_evt_0036,PREFERENCIAL,1,0.9314496020944585,0.9087683309759522,0.9330794191493395,0.9464320540428162
ft_tkt_0001609,ft_sal_000864,ft_evt_0036,PREFERENCIAL,1,0.9314496020944585,0.9087683309759522,0.9330794191493395,0.9464320540428162
ft_tkt_0001610,ft_sal_000864,ft_evt_0036,PREFERENCIAL,1,0.9314496020944585,0.9087683309759522,0.9330794191493395,0.9464320540428162
ft_tkt_0001611,ft_sal_000864,ft_evt_0036,PREFERENCIAL,1,0.9314496020944585,0.9087683309759522,0.9330794191493395,0.9464320540428162
ft_tkt_0001612,ft_sal_000864,ft_evt_0036,PREFERENCIAL,1,0.9314496020944585,0.9087683309759522,0.9330794191493395,0.9464320540428162
ft_tkt_0001613,ft_sal_000865,ft_evt_0036,CORTESÍA,0,0.40252443406149635,0.2621270632604439,0.3602310589532174,0.42099523544311523
ft_tkt_0001614,ft_sal_000865,ft_evt_0036,CORTESÍA,0,0.40252443406149635,0.2621270632604439,0.3602310589532174,0.42099523544311523
ft_tkt_0001615,ft_sal_000866,ft_evt_0036,GENERAL,1,0.9352882500254978,0.892344318585128,0.9404781167678077,0.9276576638221741
ft_tkt_0001616,ft_sal_000866,ft_evt_0036,GENERAL,1,0.9352882500254978,0.892344318585128,0.9404781167678077,0.9276576638221741
ft_tkt_0001617,ft_sal_000867,ft_evt_0036,GENERAL,1,0.9352882500254978,0.9038700070112069,0.9474388139228371,0.9523820877075195
ft_tkt_0001618,ft_sal_000868,ft_evt_0036,PREFERENCIAL,1,0.9314496020944585,0.9621147053567944,0.9660598838687969,0.9627587199211121
ft_tkt_0001619,ft_sal_000868,ft_evt_0036,PREFERENCIAL,1,0.9314496020944585,0.9621147053567944,0.9660598838687969,0.9627587199211121
ft_tkt_0001620,ft_sal_000869,ft_evt_0036,CORTESÍA,1,0.40252443406149635,0.4775731877676221,0.6409805261129379,0.6430785059928894
ft_tkt_0001621,ft_sal_000869,ft_evt_0036,CORTESÍA,0,0.40252443406149635,0.4775731877676221,0.6409805261129379,0.6430785059928894
ft_tkt_0001622,ft_sal_000870,ft_evt_0036,GENERAL,1,0.9352882500254978,0.906029423451583,0.9454725032990455,0.926178514957428
ft_tkt_0001623,ft_sal_000870,ft_evt_0036,GENERAL,1,0.9352882500254978,0.906029423451583,0.9454725032990455,0.926178514957428
ft_tkt_0001624,ft_sal_000871,ft_evt_0036,CORTESÍA,0,0.40252443406149635,0.3812408304580559,0.5609005161949048,0.6102343201637268
ft_tkt_0001625,ft_sal_000872,ft_evt_0036,GENERAL,1,0.9352882500254978,0.8985871602668827,0.9398461015303238,0.9173189997673035
ft_tkt_0001626,ft_sal_000872,ft_evt_0036,GENERAL,1,0.9352882500254978,0.8985871602668827,0.9398461015303238,0.9173189997673035
ft_tkt_0001627,ft_sal_000872,ft_evt_0036,GENERAL,1,0.9352882500254978,0.8985871602668827,0.9398461015303238,0.9173189997673035
ft_tkt_0001628,ft_sal_000872,ft_evt_0036,GENERAL,1,0.9352882500254978,0.8985871602668827,0.9398461015303238,0.9173189997673035
ft_tkt_0001629,ft_sal_000873,ft_evt_0036,GENERAL,1,0.9352882500254978,0.9437242337208683,0.9459757610166067,0.9575912952423096
ft_tkt_0001630,ft_sal_000873,ft_evt_0036,GENERAL,1,0.9352882500254978,0.9437242337208683,0.9459757610166067,0.9575912952423096
ft_tkt_0001631,ft_sal_000874,ft_evt_0036,GENERAL,1,0.9352882500254978,0.9377468157662989,0.9525464986423656,0.9406278133392334
ft_tkt_0001632,ft_sal_000875,ft_evt_0036,CORTESÍA,1,0.40252443406149635,0.33836206737879904,0.5393655129377882,0.49523410201072693
ft_tkt_0001633,ft_sal_000875,ft_evt_0036,CORTESÍA,0,0.40252443406149635,0.33836206737879904,0.5393655129377882,0.49523410201072693
ft_tkt_0001634,ft_sal_000875,ft_evt_0036,CORTESÍA,1,0.40252443406149635,0.33836206737879904,0.5393655129377882,0.49523410201072693
ft_tkt_0001635,ft_sal_000876,ft_evt_0036,GENERAL,1,0.9352882500254978,0.9208740759604762,0.9529475295321842,0.9491226673126221
ft_tkt_0001636,ft_sal_000877,ft_evt_0036,PREFERENCIAL,1,0.9314496020944585,0.8774399995380916,0.9298234529782168,0.927658200263977
ft_tkt_0001637,ft_sal_000877,ft_evt_0036,PREFERENCIAL,1,0.9314496020944585,0.8774399995380916,0.9298234529782168,0.927658200263977
ft_tkt_0001638,ft_sal_000878,ft_evt_0057,PREFERENCIAL,0,0.9345943760947751,0.9466011342425635,0.9348881792285,0.935438334941864
ft_tkt_0001639,ft_sal_000878,ft_evt_0057,PREFERENCIAL,1,0.9345943760947751,0.9466011342425635,0.9348881792285,0.935438334941864
ft_tkt_0001640,ft_sal_000879,ft_evt_0057,VIP,0,0.9404152722541531,0.9659573160921082,0.9476256620830567,0.9625958800315857
ft_tkt_0001641,ft_sal_000880,ft_evt_0057,PREFERENCIAL,1,0.9345943760947751,0.8958895845378722,0.916580575710501,0.8587350845336914
ft_tkt_0001642,ft_sal_000880,ft_evt_0057,PREFERENCIAL,1,0.9345943760947751,0.8958895845378722,0.916580575710501,0.8587350845336914
ft_tkt_0001643,ft_sal_000881,ft_evt_0057,GENERAL,1,0.9349759289756103,0.948734229309153,0.9480665462015302,0.9441320896148682
ft_tkt_0001644,ft_sal_000882,ft_evt_0057,CORTESÍA,1,0.39289583504262665,0.4145273485600243,0.3799460404576132,0.38264888525009155
ft_tkt_0001645,ft_sal_000882,ft_evt_0057,CORTESÍA,1,0.39289583504262665,0.4145273485600243,0.3799460404576132,0.38264888525009155
ft_tkt_0001646,ft_sal_000882,ft_evt_0057,CORTESÍA,0,0.39289583504262665,0.4145273485600243,0.3799460404576132,0.38264888525009155
ft_tkt_0001647,ft_sal_000883,ft_evt_0057,VIP,1,0.9404152722541531,0.9207993388239538,0.9136787828988843,0.8770579099655151
ft_tkt_0001648,ft_sal_000883,ft_evt_0057,VIP,1,0.9404152722541531,0.9207993388239538,0.9136787828988843,0.8770579099655151
ft_tkt_0001649,ft_sal_000884,ft_evt_0057,GENERAL,1,0.9349759289756103,0.9608653946921538,0.950875730451486,0.9580715298652649
ft_tkt_0001650,ft_sal_000884,ft_evt_0057,GENERAL,1,0.9349759289756103,0.9608653946921538,0.950875730451486,0.9580715298652649
ft_tkt_0001651,ft_sal_000884,ft_evt_0057,GENERAL,1,0.9349759289756103,0.9608653946921538,0.950875730451486,0.9580715298652649
ft_tkt_0001652,ft_sal_000884,ft_evt_0057,GENERAL,1,0.9349759289756103,0.9608653946921538,0.950875730451486,0.9580715298652649
ft_tkt_0001653,ft_sal_000885,ft_evt_0057,GENERAL,1,0.9349759289756103,0.979991137883553,0.9301458135408016,0.9446367621421814
ft_tkt_0001654,ft_sal_000886,ft_evt_0057,CORTESÍA,0,0.39289583504262665,0.38031311671625556,0.38605951893692086,0.38137394189834595
ft_tkt_0001655,ft_sal_000887,ft_evt_0057,CORTESÍA,0,0.39289583504262665,0.4468154202614729,0.3793564082511796,0.3997471034526825
ft_tkt_0001656,ft_sal_000887,ft_evt_0057,CORTESÍA,1,0.39289583504262665,0.4468154202614729,0.3793564082511796,0.3997471034526825
ft_tkt_0001657,ft_sal_000887,ft_evt_0057,CORTESÍA,0,0.39289583504262665,0.4468154202614729,0.3793564082511796,0.3997471034526825
ft_tkt_0001658,ft_sal_000887,ft_evt_0057,CORTESÍA,0,0.39289583504262665,0.4468154202614729,0.3793564082511796,0.3997471034526825
ft_tkt_0001659,ft_sal_000887,ft_evt_0057,CORTESÍA,0,0.39289583504262665,0.4468154202614729,0.3793564082511796,0.3997471034526825
ft_tkt_0001660,ft_sal_000887,ft_evt_0057,CORTESÍA,0,0.39289583504262665,0.4468154202614729,0.3793564082511796,0.3997471034526825
ft_tkt_0001661,ft_sal_000888,ft_evt_0057,PREFERENCIAL,1,0.9345943760947751,0.9089987772242902,0.9417376247607913,0.9086415767669678
ft_tkt_0001662,ft_sal_000888,ft_evt_0057,PREFERENCIAL,1,0.9345943760947751,0.9089987772242902,0.9417376247607913,0.9086415767669678
ft_tkt_0001663,ft_sal_000889,ft_evt_0057,PREFERENCIAL,1,0.9345943760947751,0.9215471638808836,0.9568016026635142,0.9515041708946228
ft_tkt_0001664,ft_sal_000890,ft_evt_0057,PREFERENCIAL,1,0.9345943760947751,0.9326049233985922,0.9333510773524988,0.9232715368270874
ft_tkt_0001665,ft_sal_000891,ft_evt_0057,GENERAL,1,0.9349759289756103,0.9321583879821155,0.9316781824130642,0.9359627962112427
ft_tkt_0001666,ft_sal_000892,ft_evt_0057,GENERAL,1,0.9349759289756103,0.9338640032640771,0.932981174730481,0.9400500655174255
ft_tkt_0001667,ft_sal_000893,ft_evt_0057,CORTESÍA,1,0.39289583504262665,0.25168588539161746,0.2657981733436071,0.17244812846183777
ft_tkt_0001668,ft_sal_000894,ft_evt_0057,GENERAL,1,0.9349759289756103,0.9613307806469609,0.9484969569898264,0.9615525007247925
ft_tkt_0001669,ft_sal_000894,ft_evt_0057,GENERAL,1,0.9349759289756103,0.9613307806469609,0.9484969569898264,0.9615525007247925
ft_tkt_0001670,ft_sal_000894,ft_evt_0057,GENERAL,1,0.9349759289756103,0.9613307806469609,0.9484969569898264,0.9615525007247925
ft_tkt_0001671,ft_sal_000894,ft_evt_0057,GENERAL,1,0.9349759289756103,0.9613307806469609,0.9484969569898264,0.9615525007247925
ft_tkt_0001672,ft_sal_000895,ft_evt_0057,GENERAL,1,0.9349759289756103,0.914151422428253,0.9225845283241821,0.9241435527801514
ft_tkt_0001673,ft_sal_000896,ft_evt_0057,CORTESÍA,0,0.39289583504262665,0.3647780459707171,0.3679019346360557,0.36736828088760376
ft_tkt_0001674,ft_sal_000897,ft_evt_0057,CORTESÍA,0,0.39289583504262665,0.26008744536627193,0.25533469751217774,0.17092804610729218
ft_tkt_0001675,ft_sal_000898,ft_evt_0057,VIP,1,0.9404152722541531,0.9516317994633609,0.937072049680946,0.9455002546310425
ft_tkt_0001676,ft_sal_000898,ft_evt_0057,VIP,1,0.9404152722541531,0.9516317994633609,0.937072049680946,0.9455002546310425
ft_tkt_0001677,ft_sal_000899,ft_evt_0057,CORTESÍA,0,0.39289583504262665,0.36340251420249503,0.36458040276848613,0.3613421320915222
ft_tkt_0001678,ft_sal_000900,ft_evt_0057,CORTESÍA,1,0.39289583504262665,0.3210255044319882,0.3121357727678095,0.35919874906539917
ft_tkt_0001679,ft_sal_000901,ft_evt_0057,GENERAL,1,0.9349759289756103,0.9559924235035698,0.9545475827922827,0.9673314094543457
ft_tkt_0001680,ft_sal_000902,ft_evt_0057,CORTESÍA,1,0.39289583504262665,0.3696096989279415,0.3845403115470202,0.44498372077941895
ft_tkt_0001681,ft_sal_000903,ft_evt_0057,CORTESÍA,0,0.39289583504262665,0.32664747620934514,0.28111808894976215,0.21772481501102448
ft_tkt_0001682,ft_sal_000904,ft_evt_0057,GENERAL,1,0.9349759289756103,0.9213387697981509,0.9320069071858805,0.9362790584564209
ft_tkt_0001683,ft_sal_000905,ft_evt_0057,PREFERENCIAL,1,0.9345943760947751,0.9435874815345617,0.9340954342560728,0.9251754283905029
ft_tkt_0001684,ft_sal_000905,ft_evt_0057,PREFERENCIAL,1,0.9345943760947751,0.9435874815345617,0.9340954342560728,0.9251754283905029
ft_tkt_0001685,ft_sal_000906,ft_evt_0057,PREFERENCIAL,1,0.9345943760947751,0.9352932315105292,0.9265559226895086,0.9135589599609375
ft_tkt_0001686,ft_sal_000906,ft_evt_0057,PREFERENCIAL,1,0.9345943760947751,0.9352932315105292,0.9265559226895086,0.9135589599609375
ft_tkt_0001687,ft_sal_000907,ft_evt_0057,CORTESÍA,0,0.39289583504262665,0.4495466720187899,0.40188628377697466,0.4188598394393921
ft_tkt_0001688,ft_sal_000907,ft_evt_0057,CORTESÍA,1,0.39289583504262665,0.4495466720187899,0.40188628377697466,0.4188598394393921
ft_tkt_0001689,ft_sal_000907,ft_evt_0057,CORTESÍA,0,0.39289583504262665,0.4495466720187899,0.40188628377697466,0.4188598394393921
ft_tkt_0001690,ft_sal_000907,ft_evt_0057,CORTESÍA,0,0.39289583504262665,0.4495466720187899,0.40188628377697466,0.4188598394393921
ft_tkt_0001691,ft_sal_000907,ft_evt_0057,CORTESÍA,1,0.39289583504262665,0.4495466720187899,0.40188628377697466,0.4188598394393921
ft_tkt_0001692,ft_sal_000907,ft_evt_0057,CORTESÍA,1,0.39289583504262665,0.4495466720187899,0.40188628377697466,0.4188598394393921
ft_tkt_0001693,ft_sal_000908,ft_evt_0057,PREFERENCIAL,1,0.9345943760947751,0.9315011448429159,0.9267514654007497,0.9188582301139832
ft_tkt_0001694,ft_sal_000908,ft_evt_0057,PREFERENCIAL,1,0.9345943760947751,0.9315011448429159,0.9267514654007497,0.9188582301139832
ft_tkt_0001695,ft_sal_000908,ft_evt_0057,PREFERENCIAL,1,0.9345943760947751,0.9315011448429159,0.9267514654007497,0.9188582301139832
ft_tkt_0001696,ft_sal_000908,ft_evt_0057,PREFERENCIAL,1,0.9345943760947751,0.9315011448429159,0.9267514654007497,0.9188582301139832
ft_tkt_0001697,ft_sal_000909,ft_evt_0057,GENERAL,1,0.9349759289756103,0.9431690049997835,0.9326990729472138,0.9245769381523132
ft_tkt_0001698,ft_sal_000910,ft_evt_0057,PREFERENCIAL,1,0.9345943760947751,0.9140082873295455,0.9296012087969698,0.9270950555801392
ft_tkt_0001699,ft_sal_000910,ft_evt_0057,PREFERENCIAL,0,0.9345943760947751,0.9140082873295455,0.9296012087969698,0.9270950555801392
ft_tkt_0001700,ft_sal_000910,ft_evt_0057,PREFERENCIAL,1,0.9345943760947751,0.9140082873295455,0.9296012087969698,0.9270950555801392
ft_tkt_0001701,ft_sal_000910,ft_evt_0057,PREFERENCIAL,0,0.9345943760947751,0.9140082873295455,0.9296012087969698,0.9270950555801392
ft_tkt_0001702,ft_sal_000911,ft_evt_0057,CORTESÍA,0,0.39289583504262665,0.40531193822231604,0.37301370722721894,0.41471755504608154
ft_tkt_0001703,ft_sal_000911,ft_evt_0057,CORTESÍA,1,0.39289583504262665,0.40531193822231604,0.37301370722721894,0.41471755504608154
ft_tkt_0001704,ft_sal_000912,ft_evt_0057,GENERAL,1,0.9349759289756103,0.9000591390378136,0.9152913688659942,0.9106084704399109
ft_tkt_0001705,ft_sal_000912,ft_evt_0057,GENERAL,1,0.9349759289756103,0.9000591390378136,0.9152913688659942,0.9106084704399109
ft_tkt_0001706,ft_sal_000913,ft_evt_0057,CORTESÍA,0,0.39289583504262665,0.4334318743734338,0.3944518612436085,0.4086077809333801
ft_tkt_0001707,ft_sal_000913,ft_evt_0057,CORTESÍA,0,0.39289583504262665,0.4334318743734338,0.3944518612436085,0.4086077809333801
ft_tkt_0001708,ft_sal_000914,ft_evt_0057,PREFERENCIAL,1,0.9345943760947751,0.8961421608791998,0.9129666374422718,0.8645429015159607
ft_tkt_0001709,ft_sal_000914,ft_evt_0057,PREFERENCIAL,1,0.9345943760947751,0.8961421608791998,0.9129666374422718,0.8645429015159607
ft_tkt_0001710,ft_sal_000914,ft_evt_0057,PREFERENCIAL,1,0.9345943760947751,0.8961421608791998,0.9129666374422718,0.8645429015159607
ft_tkt_0001711,ft_sal_000914,ft_evt_0057,PREFERENCIAL,0,0.9345943760947751,0.8961421608791998,0.9129666374422718,0.8645429015159607
ft_tkt_0001712,ft_sal_000914,ft_evt_0057,PREFERENCIAL,1,0.9345943760947751,0.8961421608791998,0.9129666374422718,0.8645429015159607
ft_tkt_0001713,ft_sal_000914,ft_evt_0057,PREFERENCIAL,1,0.9345943760947751,0.8961421608791998,0.9129666374422718,0.8645429015159607
ft_tkt_0001714,ft_sal_000915,ft_evt_0057,CORTESÍA,1,0.39289583504262665,0.3734244702046938,0.38554835458312076,0.3752278685569763
ft_tkt_0001715,ft_sal_000916,ft_evt_0057,GENERAL,1,0.9349759289756103,0.9354849542190105,0.9328590798755896,0.9418841004371643
ft_tkt_0001716,ft_sal_000917,ft_evt_0057,CORTESÍA,0,0.39289583504262665,0.25470393789038953,0.3055560519690193,0.3298303186893463
ft_tkt_0001717,ft_sal_000917,ft_evt_0057,CORTESÍA,0,0.39289583504262665,0.25470393789038953,0.3055560519690193,0.3298303186893463
ft_tkt_0001718,ft_sal_000917,ft_evt_0057,CORTESÍA,0,0.39289583504262665,0.25470393789038953,0.3055560519690193,0.3298303186893463
ft_tkt_0001719,ft_sal_000918,ft_evt_0057,GENERAL,1,0.9349759289756103,0.9566322526608153,0.9480803740528854,0.953474760055542
ft_tkt_0001720,ft_sal_000919,ft_evt_0057,GENERAL,1,0.9349759289756103,0.9095991011686725,0.9137632468001915,0.9040537476539612
ft_tkt_0001721,ft_sal_000919,ft_evt_0057,GENERAL,1,0.9349759289756103,0.9095991011686725,0.9137632468001915,0.9040537476539612
ft_tkt_0001722,ft_sal_000919,ft_evt_0057,GENERAL,1,0.9349759289756103,0.9095991011686725,0.9137632468001915,0.9040537476539612
ft_tkt_0001723,ft_sal_000919,ft_evt_0057,GENERAL,1,0.9349759289756103,0.9095991011686725,0.9137632468001915,0.9040537476539612
ft_tkt_0001724,ft_sal_000920,ft_evt_0057,PREFERENCIAL,1,0.9345943760947751,0.9439759618468125,0.9333768172563078,0.9368706941604614
ft_tkt_0001725,ft_sal_000920,ft_evt_0057,PREFERENCIAL,1,0.9345943760947751,0.9439759618468125,0.9333768172563078,0.9368706941604614
ft_tkt_0001726,ft_sal_000921,ft_evt_0057,CORTESÍA,1,0.39289583504262665,0.32982444266767147,0.3032858983577094,0.3139626383781433
ft_tkt_0001727,ft_sal_000921,ft_evt_0057,CORTESÍA,0,0.39289583504262665,0.32982444266767147,0.3032858983577094,0.3139626383781433
ft_tkt_0001728,ft_sal_000921,ft_evt_0057,CORTESÍA,0,0.39289583504262665,0.32982444266767147,0.3032858983577094,0.3139626383781433
ft_tkt_0001729,ft_sal_000922,ft_evt_0057,GENERAL,1,0.9349759289756103,0.9210659946958027,0.9376794516907979,0.9492726922035217
ft_tkt_0001730,ft_sal_000923,ft_evt_0057,GENERAL,1,0.9349759289756103,0.9441969747616641,0.9300997859940506,0.9293296337127686
ft_tkt_0001731,ft_sal_000923,ft_evt_0057,GENERAL,0,0.9349759289756103,0.9441969747616641,0.9300997859940506,0.9293296337127686
ft_tkt_0001732,ft_sal_000923,ft_evt_0057,GENERAL,1,0.9349759289756103,0.9441969747616641,0.9300997859940506,0.9293296337127686
ft_tkt_0001733,ft_sal_000924,ft_evt_0057,GENERAL,1,0.9349759289756103,0.9385279280146915,0.9270190746005621,0.9182714223861694
ft_tkt_0001734,ft_sal_000924,ft_evt_0057,GENERAL,1,0.9349759289756103,0.9385279280146915,0.9270190746005621,0.9182714223861694
ft_tkt_0001735,ft_sal_000924,ft_evt_0057,GENERAL,1,0.9349759289756103,0.9385279280146915,0.9270190746005621,0.9182714223861694
ft_tkt_0001736,ft_sal_000924,ft_evt_0057,GENERAL,1,0.9349759289756103,0.9385279280146915,0.9270190746005621,0.9182714223861694
ft_tkt_0001737,ft_sal_000925,ft_evt_0057,CORTESÍA,0,0.39289583504262665,0.43224686422187003,0.3923963123349259,0.39531782269477844
ft_tkt_0001738,ft_sal_000925,ft_evt_0057,CORTESÍA,1,0.39289583504262665,0.43224686422187003,0.3923963123349259,0.39531782269477844
ft_tkt_0001739,ft_sal_000926,ft_evt_0057,GENERAL,1,0.9349759289756103,0.9443423870122823,0.9276896379776665,0.9539958834648132
ft_tkt_0001740,ft_sal_000926,ft_evt_0057,GENERAL,1,0.9349759289756103,0.9443423870122823,0.9276896379776665,0.9539958834648132
ft_tkt_0001741,ft_sal_000927,ft_evt_0057,CORTESÍA,1,0.39289583504262665,0.42062089151035587,0.4428083532734163,0.5642950534820557
ft_tkt_0001742,ft_sal_000927,ft_evt_0057,CORTESÍA,1,0.39289583504262665,0.42062089151035587,0.4428083532734163,0.5642950534820557
ft_tkt_0001743,ft_sal_000928,ft_evt_0057,CORTESÍA,1,0.39289583504262665,0.364433954666199,0.36458040276848613,0.3613421320915222
ft_tkt_0001744,ft_sal_000929,ft_evt_0057,CORTESÍA,1,0.39289583504262665,0.43872794347387584,0.3966491152103202,0.4101957082748413
ft_tkt_0001745,ft_sal_000929,ft_evt_0057,CORTESÍA,0,0.39289583504262665,0.43872794347387584,0.3966491152103202,0.4101957082748413
ft_tkt_0001746,ft_sal_000930,ft_evt_0057,PREFERENCIAL,1,0.9345943760947751,0.8996996763906104,0.9329778259055798,0.8891999125480652
ft_tkt_0001747,ft_sal_000930,ft_evt_0057,PREFERENCIAL,0,0.9345943760947751,0.8996996763906104,0.9329778259055798,0.8891999125480652
ft_tkt_0001748,ft_sal_000931,ft_evt_0057,GENERAL,1,0.9349759289756103,0.9251317546055582,0.9459722349496832,0.9523932933807373
ft_tkt_0001749,ft_sal_000932,ft_evt_0057,GENERAL,1,0.9349759289756103,0.9311415546843239,0.9266832629588858,0.925919771194458
ft_tkt_0001750,ft_sal_000933,ft_evt_0057,GENERAL,1,0.9349759289756103,0.9427093085651561,0.9312763182397267,0.9437781572341919
ft_tkt_0001751,ft_sal_000933,ft_evt_0057,GENERAL,1,0.9349759289756103,0.9427093085651561,0.9312763182397267,0.9437781572341919
ft_tkt_0001752,ft_sal_000934,ft_evt_0057,CORTESÍA,1,0.39289583504262665,0.31649539738192245,0.272733769368516,0.17790423333644867
ft_tkt_0001753,ft_sal_000935,ft_evt_0057,CORTESÍA,0,0.39289583504262665,0.4346587174215897,0.3043998930320067,0.33715131878852844
ft_tkt_0001754,ft_sal_000936,ft_evt_0057,CORTESÍA,0,0.39289583504262665,0.4274238225419229,0.39349375282189775,0.38908836245536804
ft_tkt_0001755,ft_sal_000936,ft_evt_0057,CORTESÍA,1,0.39289583504262665,0.4274238225419229,0.39349375282189775,0.38908836245536804
ft_tkt_0001756,ft_sal_000937,ft_evt_0057,CORTESÍA,0,0.39289583504262665,0.4279242027101091,0.3922503294004267,0.3925546109676361
ft_tkt_0001757,ft_sal_000937,ft_evt_0057,CORTESÍA,1,0.39289583504262665,0.4279242027101091,0.3922503294004267,0.3925546109676361
ft_tkt_0001758,ft_sal_000937,ft_evt_0057,CORTESÍA,1,0.39289583504262665,0.4279242027101091,0.3922503294004267,0.3925546109676361
ft_tkt_0001759,ft_sal_000938,ft_evt_0057,GENERAL,1,0.9349759289756103,0.9564895537189126,0.9496266503380865,0.9598240852355957
ft_tkt_0001760,ft_sal_000939,ft_evt_0057,GENERAL,1,0.9349759289756103,0.9182763201961079,0.9109017921191372,0.8946542143821716
ft_tkt_0001761,ft_sal_000940,ft_evt_0057,CORTESÍA,0,0.39289583504262665,0.5178640842947897,0.39908859145126063,0.5072198510169983
ft_tkt_0001762,ft_sal_000940,ft_evt_0057,CORTESÍA,0,0.39289583504262665,0.5178640842947897,0.39908859145126063,0.5072198510169983
ft_tkt_0001763,ft_sal_000941,ft_evt_0057,VIP,1,0.9404152722541531,0.93969501744455,0.9451715925609353,0.9530083537101746
ft_tkt_0001764,ft_sal_000942,ft_evt_0057,CORTESÍA,0,0.39289583504262665,0.3861935243771609,0.3902877582673292,0.3960707485675812
ft_tkt_0001765,ft_sal_000943,ft_evt_0057,PREFERENCIAL,1,0.9345943760947751,0.9083902049425889,0.9104090374684478,0.8825592398643494
ft_tkt_0001766,ft_sal_000943,ft_evt_0057,PREFERENCIAL,1,0.9345943760947751,0.9083902049425889,0.9104090374684478,0.8825592398643494
ft_tkt_0001767,ft_sal_000944,ft_evt_0057,CORTESÍA,1,0.39289583504262665,0.4239742108372435,0.39383269082295663,0.40276962518692017
ft_tkt_0001768,ft_sal_000944,ft_evt_0057,CORTESÍA,1,0.39289583504262665,0.4239742108372435,0.39383269082295663,0.40276962518692017
ft_tkt_0001769,ft_sal_000945,ft_evt_0057,GENERAL,1,0.9349759289756103,0.9400275899260253,0.9444275041519182,0.9451427459716797
ft_tkt_0001770,ft_sal_000945,ft_evt_0057,GENERAL,1,0.9349759289756103,0.9400275899260253,0.9444275041519182,0.9451427459716797
ft_tkt_0001771,ft_sal_000946,ft_evt_0057,PREFERENCIAL,1,0.9345943760947751,0.9414852861232508,0.9336840924523196,0.9187188744544983
ft_tkt_0001772,ft_sal_000946,ft_evt_0057,PREFERENCIAL,1,0.9345943760947751,0.9414852861232508,0.9336840924523196,0.9187188744544983
ft_tkt_0001773,ft_sal_000947,ft_evt_0057,VIP,1,0.9404152722541531,0.9441229529384717,0.9382535608884067,0.9407660961151123
ft_tkt_0001774,ft_sal_000947,ft_evt_0057,VIP,0,0.9404152722541531,0.9441229529384717,0.9382535608884067,0.9407660961151123
ft_tkt_0001775,ft_sal_000947,ft_evt_0057,VIP,1,0.9404152722541531,0.9441229529384717,0.9382535608884067,0.9407660961151123
ft_tkt_0001776,ft_sal_000948,ft_evt_0057,GENERAL,1,0.9349759289756103,0.9134417659406229,0.9192593330551554,0.9035654067993164
ft_tkt_0001777,ft_sal_000948,ft_evt_0057,GENERAL,1,0.9349759289756103,0.9134417659406229,0.9192593330551554,0.9035654067993164
ft_tkt_0001778,ft_sal_000949,ft_evt_0057,CORTESÍA,1,0.39289583504262665,0.3351764038647885,0.33809472734746127,0.32375264167785645
ft_tkt_0001779,ft_sal_000949,ft_evt_0057,CORTESÍA,0,0.39289583504262665,0.3351764038647885,0.33809472734746127,0.32375264167785645
ft_tkt_0001780,ft_sal_000950,ft_evt_0057,GENERAL,1,0.9349759289756103,0.921233343644904,0.9097894273965147,0.911657452583313
ft_tkt_0001781,ft_sal_000950,ft_evt_0057,GENERAL,1,0.9349759289756103,0.921233343644904,0.9097894273965147,0.911657452583313
ft_tkt_0001782,ft_sal_000951,ft_evt_0057,GENERAL,1,0.9349759289756103,0.9390834063941509,0.9309831392162117,0.9432886242866516
ft_tkt_0001783,ft_sal_000951,ft_evt_0057,GENERAL,1,0.9349759289756103,0.9390834063941509,0.9309831392162117,0.9432886242866516
ft_tkt_0001784,ft_sal_000951,ft_evt_0057,GENERAL,1,0.9349759289756103,0.9390834063941509,0.9309831392162117,0.9432886242866516
ft_tkt_0001785,ft_sal_000951,ft_evt_0057,GENERAL,1,0.9349759289756103,0.9390834063941509,0.9309831392162117,0.9432886242866516
ft_tkt_0001786,ft_sal_000952,ft_evt_0057,CORTESÍA,0,0.39289583504262665,0.36624197089624233,0.36853107381437933,0.36736828088760376
ft_tkt_0001787,ft_sal_000953,ft_evt_0057,GENERAL,1,0.9349759289756103,0.939803289382844,0.929081110989398,0.9374829530715942
ft_tkt_0001788,ft_sal_000953,ft_evt_0057,GENERAL,1,0.9349759289756103,0.939803289382844,0.929081110989398,0.9374829530715942
ft_tkt_0001789,ft_sal_000953,ft_evt_0057,GENERAL,1,0.9349759289756103,0.939803289382844,0.929081110989398,0.9374829530715942
ft_tkt_0001790,ft_sal_000953,ft_evt_0057,GENERAL,1,0.9349759289756103,0.939803289382844,0.929081110989398,0.9374829530715942
ft_tkt_0001791,ft_sal_000953,ft_evt_0057,GENERAL,1,0.9349759289756103,0.939803289382844,0.929081110989398,0.9374829530715942
ft_tkt_0001792,ft_sal_000953,ft_evt_0057,GENERAL,1,0.9349759289756103,0.939803289382844,0.929081110989398,0.9374829530715942
ft_tkt_0001793,ft_sal_000954,ft_evt_0057,GENERAL,1,0.9349759289756103,0.9090420679010206,0.9375340059036936,0.9143267869949341
ft_tkt_0001794,ft_sal_000955,ft_evt_0057,GENERAL,1,0.9349759289756103,0.9465788653935888,0.9347789816203322,0.956902265548706
ft_tkt_0001795,ft_sal_000955,ft_evt_0057,GENERAL,1,0.9349759289756103,0.9465788653935888,0.9347789816203322,0.956902265548706
ft_tkt_0001796,ft_sal_000956,ft_evt_0057,GENERAL,1,0.9349759289756103,0.9195284673968843,0.8914550955737408,0.9039132595062256
ft_tkt_0001797,ft_sal_000957,ft_evt_0057,GENERAL,1,0.9349759289756103,0.9057063127696199,0.9095121215359642,0.896683931350708
ft_tkt_0001798,ft_sal_000957,ft_evt_0057,GENERAL,1,0.9349759289756103,0.9057063127696199,0.9095121215359642,0.896683931350708
ft_tkt_0001799,ft_sal_000957,ft_evt_0057,GENERAL,1,0.9349759289756103,0.9057063127696199,0.9095121215359642,0.896683931350708
ft_tkt_0001800,ft_sal_000958,ft_evt_0057,CORTESÍA,0,0.39289583504262665,0.4394605682008295,0.39115767296013887,0.3928986191749573
ft_tkt_0001801,ft_sal_000958,ft_evt_0057,CORTESÍA,0,0.39289583504262665,0.4394605682008295,0.39115767296013887,0.3928986191749573
ft_tkt_0001802,ft_sal_000958,ft_evt_0057,CORTESÍA,0,0.39289583504262665,0.4394605682008295,0.39115767296013887,0.3928986191749573
ft_tkt_0001803,ft_sal_000958,ft_evt_0057,CORTESÍA,0,0.39289583504262665,0.4394605682008295,0.39115767296013887,0.3928986191749573
ft_tkt_0001804,ft_sal_000959,ft_evt_0057,GENERAL,1,0.9349759289756103,0.9341443541502121,0.932981174730481,0.9404197335243225
ft_tkt_0001805,ft_sal_000960,ft_evt_0057,PREFERENCIAL,0,0.9345943760947751,0.9556722892160046,0.9519230091170471,0.955775260925293
ft_tkt_0001806,ft_sal_000961,ft_evt_0057,PREFERENCIAL,1,0.9345943760947751,0.8965285207550528,0.9344725396583262,0.8931875228881836
ft_tkt_0001807,ft_sal_000962,ft_evt_0057,CORTESÍA,1,0.39289583504262665,0.36480709806497635,0.35957575740340025,0.36984553933143616
ft_tkt_0001808,ft_sal_000962,ft_evt_0057,CORTESÍA,0,0.39289583504262665,0.36480709806497635,0.35957575740340025,0.36984553933143616
ft_tkt_0001809,ft_sal_000962,ft_evt_0057,CORTESÍA,0,0.39289583504262665,0.36480709806497635,0.35957575740340025,0.36984553933143616
ft_tkt_0001810,ft_sal_000962,ft_evt_0057,CORTESÍA,0,0.39289583504262665,0.36480709806497635,0.35957575740340025,0.36984553933143616
ft_tkt_0001811,ft_sal_000963,ft_evt_0057,GENERAL,1,0.9349759289756103,0.9178085096308836,0.9145551453991047,0.9333066940307617
ft_tkt_0001812,ft_sal_000963,ft_evt_0057,GENERAL,1,0.9349759289756103,0.9178085096308836,0.9145551453991047,0.9333066940307617
ft_tkt_0001813,ft_sal_000964,ft_evt_0057,PREFERENCIAL,1,0.9345943760947751,0.9353071712110173,0.9335853618294985,0.9307637810707092
ft_tkt_0001814,ft_sal_000965,ft_evt_0057,CORTESÍA,0,0.39289583504262665,0.4813295778716387,0.418863360179735,0.485422819852829
ft_tkt_0001815,ft_sal_000966,ft_evt_0057,CORTESÍA,1,0.39289583504262665,0.38741390578106516,0.38026781293997924,0.40422725677490234
ft_tkt_0001816,ft_sal_000966,ft_evt_0057,CORTESÍA,1,0.39289583504262665,0.38741390578106516,0.38026781293997924,0.40422725677490234
ft_tkt_0001817,ft_sal_000967,ft_evt_0057,GENERAL,1,0.9349759289756103,0.8960737006382319,0.9087829685483642,0.8525068759918213
ft_tkt_0001818,ft_sal_000967,ft_evt_0057,GENERAL,1,0.9349759289756103,0.8960737006382319,0.9087829685483642,0.8525068759918213
ft_tkt_0001819,ft_sal_000967,ft_evt_0057,GENERAL,0,0.9349759289756103,0.8960737006382319,0.9087829685483642,0.8525068759918213
ft_tkt_0001820,ft_sal_000967,ft_evt_0057,GENERAL,1,0.9349759289756103,0.8960737006382319,0.9087829685483642,0.8525068759918213
ft_tkt_0001821,ft_sal_000968,ft_evt_0057,GENERAL,1,0.9349759289756103,0.9409468364381897,0.9230376028656918,0.9276255965232849
ft_tkt_0001822,ft_sal_000968,ft_evt_0057,GENERAL,1,0.9349759289756103,0.9409468364381897,0.9230376028656918,0.9276255965232849
ft_tkt_0001823,ft_sal_000969,ft_evt_0057,CORTESÍA,1,0.39289583504262665,0.37186194794665456,0.38748749421691264,0.385427862405777
ft_tkt_0001824,ft_sal_000970,ft_evt_0057,GENERAL,1,0.9349759289756103,0.9326117510923913,0.9217293071452146,0.934732973575592
ft_tkt_0001825,ft_sal_000970,ft_evt_0057,GENERAL,1,0.9349759289756103,0.9326117510923913,0.9217293071452146,0.934732973575592
ft_tkt_0001826,ft_sal_000971,ft_evt_0057,CORTESÍA,1,0.39289583504262665,0.44512601583931893,0.42691606923836556,0.4198080599308014
ft_tkt_0001827,ft_sal_000972,ft_evt_0057,CORTESÍA,0,0.39289583504262665,0.3198644409894807,0.34729928088962236,0.3238174021244049
ft_tkt_0001828,ft_sal_000972,ft_evt_0057,CORTESÍA,1,0.39289583504262665,0.3198644409894807,0.34729928088962236,0.3238174021244049
ft_tkt_0001829,ft_sal_000973,ft_evt_0057,PREFERENCIAL,1,0.9345943760947751,0.961698355663145,0.9522712451872599,0.9607962369918823
ft_tkt_0001830,ft_sal_000973,ft_evt_0057,PREFERENCIAL,1,0.9345943760947751,0.961698355663145,0.9522712451872599,0.9607962369918823
ft_tkt_0001831,ft_sal_000974,ft_evt_0057,CORTESÍA,1,0.39289583504262665,0.35760409151405326,0.35162393546087867,0.31815552711486816
ft_tkt_0001832,ft_sal_000974,ft_evt_0057,CORTESÍA,1,0.39289583504262665,0.35760409151405326,0.35162393546087867,0.31815552711486816
ft_tkt_0001833,ft_sal_000974,ft_evt_0057,CORTESÍA,1,0.39289583504262665,0.35760409151405326,0.35162393546087867,0.31815552711486816
ft_tkt_0001834,ft_sal_000975,ft_evt_0057,CORTESÍA,0,0.39289583504262665,0.34776688115509347,0.34001826446447037,0.2486901730298996
ft_tkt_0001835,ft_sal_000975,ft_evt_0057,CORTESÍA,0,0.39289583504262665,0.34776688115509347,0.34001826446447037,0.2486901730298996
ft_tkt_0001836,ft_sal_000976,ft_evt_0057,CORTESÍA,0,0.39289583504262665,0.24733268992576327,0.29589815997671376,0.24201595783233643
ft_tkt_0001837,ft_sal_000976,ft_evt_0057,CORTESÍA,1,0.39289583504262665,0.24733268992576327,0.29589815997671376,0.24201595783233643
ft_tkt_0001838,ft_sal_000976,ft_evt_0057,CORTESÍA,1,0.39289583504262665,0.24733268992576327,0.29589815997671376,0.24201595783233643
ft_tkt_0001839,ft_sal_000976,ft_evt_0057,CORTESÍA,0,0.39289583504262665,0.24733268992576327,0.29589815997671376,0.24201595783233643
ft_tkt_0001840,ft_sal_000977,ft_evt_0057,CORTESÍA,1,0.39289583504262665,0.3523460801548418,0.3404104165015789,0.30489397048950195
ft_tkt_0001841,ft_sal_000977,ft_evt_0057,CORTESÍA,0,0.39289583504262665,0.3523460801548418,0.3404104165015789,0.30489397048950195
ft_tkt_0001842,ft_sal_000978,ft_evt_0057,CORTESÍA,1,0.39289583504262665,0.42569811308904054,0.3928615738672714,0.38908836245536804
ft_tkt_0001843,ft_sal_000978,ft_evt_0057,CORTESÍA,1,0.39289583504262665,0.42569811308904054,0.3928615738672714,0.38908836245536804
ft_tkt_0001844,ft_sal_000979,ft_evt_0057,CORTESÍA,1,0.39289583504262665,0.4127706673280838,0.3806437562213883,0.3866550326347351
ft_tkt_0001845,ft_sal_000979,ft_evt_0057,CORTESÍA,0,0.39289583504262665,0.4127706673280838,0.3806437562213883,0.3866550326347351
ft_tkt_0001846,ft_sal_000980,ft_evt_0057,GENERAL,1,0.9349759289756103,0.9432121843010641,0.9314486665421963,0.9458111524581909
ft_tkt_0001847,ft_sal_000980,ft_evt_0057,GENERAL,1,0.9349759289756103,0.9432121843010641,0.9314486665421963,0.9458111524581909
ft_tkt_0001848,ft_sal_000981,ft_evt_0057,GENERAL,1,0.9349759289756103,0.9322347320035493,0.9306859815573887,0.9377252459526062
ft_tkt_0001849,ft_sal_000982,ft_evt_0057,GENERAL,1,0.9349759289756103,0.9393031667798535,0.9243932356830715,0.9189836978912354
ft_tkt_0001850,ft_sal_000982,ft_evt_0057,GENERAL,1,0.9349759289756103,0.9393031667798535,0.9243932356830715,0.9189836978912354
ft_tkt_0001851,ft_sal_000982,ft_evt_0057,GENERAL,1,0.9349759289756103,0.9393031667798535,0.9243932356830715,0.9189836978912354
ft_tkt_0001852,ft_sal_000982,ft_evt_0057,GENERAL,1,0.9349759289756103,0.9393031667798535,0.9243932356830715,0.9189836978912354
ft_tkt_0001853,ft_sal_000983,ft_evt_0057,CORTESÍA,1,0.39289583504262665,0.5356994165073374,0.443415713818473,0.5453764200210571
ft_tkt_0001854,ft_sal_000983,ft_evt_0057,CORTESÍA,1,0.39289583504262665,0.5356994165073374,0.443415713818473,0.5453764200210571
ft_tkt_0001855,ft_sal_000984,ft_evt_0057,CORTESÍA,1,0.39289583504262665,0.3760439641686123,0.33684785876268836,0.3252793848514557
ft_tkt_0001856,ft_sal_000985,ft_evt_0057,GENERAL,1,0.9349759289756103,0.947086035441501,0.9310837435321855,0.9373406171798706
ft_tkt_0001857,ft_sal_000985,ft_evt_0057,GENERAL,1,0.9349759289756103,0.947086035441501,0.9310837435321855,0.9373406171798706
ft_tkt_0001858,ft_sal_000985,ft_evt_0057,GENERAL,1,0.9349759289756103,0.947086035441501,0.9310837435321855,0.9373406171798706
ft_tkt_0001859,ft_sal_000986,ft_evt_0057,GENERAL,1,0.9349759289756103,0.9186691302276471,0.9213224560020157,0.9029406905174255
ft_tkt_0001860,ft_sal_000986,ft_evt_0057,GENERAL,1,0.9349759289756103,0.9186691302276471,0.9213224560020157,0.9029406905174255
ft_tkt_0001861,ft_sal_000986,ft_evt_0057,GENERAL,1,0.9349759289756103,0.9186691302276471,0.9213224560020157,0.9029406905174255
ft_tkt_0001862,ft_sal_000987,ft_evt_0057,PREFERENCIAL,1,0.9345943760947751,0.9562467297110813,0.9514843578943482,0.9591095447540283
ft_tkt_0001863,ft_sal_000988,ft_evt_0057,GENERAL,1,0.9349759289756103,0.9108619547471124,0.9105851578384105,0.9117757081985474
ft_tkt_0001864,ft_sal_000988,ft_evt_0057,GENERAL,1,0.9349759289756103,0.9108619547471124,0.9105851578384105,0.9117757081985474
ft_tkt_0001865,ft_sal_000989,ft_evt_0057,PREFERENCIAL,1,0.9345943760947751,0.9363321864857126,0.9226268780542295,0.92774498462677
ft_tkt_0001866,ft_sal_000989,ft_evt_0057,PREFERENCIAL,1,0.9345943760947751,0.9363321864857126,0.9226268780542295,0.92774498462677
ft_tkt_0001867,ft_sal_000990,ft_evt_0057,GENERAL,1,0.9349759289756103,0.9425353121853072,0.9309955401856795,0.9527669548988342
ft_tkt_0001868,ft_sal_000990,ft_evt_0057,GENERAL,1,0.9349759289756103,0.9425353121853072,0.9309955401856795,0.9527669548988342
ft_tkt_0001869,ft_sal_000991,ft_evt_0057,GENERAL,1,0.9349759289756103,0.930477996437549,0.9266832629588858,0.9243671894073486
ft_tkt_0001870,ft_sal_000992,ft_evt_0057,GENERAL,1,0.9349759289756103,0.9565049909409087,0.9453008471060029,0.9602433443069458
ft_tkt_0001871,ft_sal_000993,ft_evt_0057,CORTESÍA,0,0.39289583504262665,0.2811967289486024,0.3841232876714889,0.39692220091819763
ft_tkt_0001872,ft_sal_000994,ft_evt_0057,GENERAL,1,0.9349759289756103,0.9423925976400725,0.931328319307217,0.93993079662323
ft_tkt_0001873,ft_sal_000994,ft_evt_0057,GENERAL,1,0.9349759289756103,0.9423925976400725,0.931328319307217,0.93993079662323
ft_tkt_0001874,ft_sal_000994,ft_evt_0057,GENERAL,1,0.9349759289756103,0.9423925976400725,0.931328319307217,0.93993079662323
ft_tkt_0001875,ft_sal_000995,ft_evt_0057,CORTESÍA,1,0.39289583504262665,0.42769646575858716,0.39349375282189775,0.3939448595046997
ft_tkt_0001876,ft_sal_000995,ft_evt_0057,CORTESÍA,0,0.39289583504262665,0.42769646575858716,0.39349375282189775,0.3939448595046997
ft_tkt_0001877,ft_sal_000996,ft_evt_0057,CORTESÍA,0,0.39289583504262665,0.32456283184746737,0.3398163905274846,0.2849876284599304
ft_tkt_0001878,ft_sal_000996,ft_evt_0057,CORTESÍA,1,0.39289583504262665,0.32456283184746737,0.3398163905274846,0.2849876284599304
ft_tkt_0001879,ft_sal_000996,ft_evt_0057,CORTESÍA,0,0.39289583504262665,0.32456283184746737,0.3398163905274846,0.2849876284599304
ft_tkt_0001880,ft_sal_000996,ft_evt_0057,CORTESÍA,1,0.39289583504262665,0.32456283184746737,0.3398163905274846,0.2849876284599304
ft_tkt_0001881,ft_sal_000997,ft_evt_0057,GENERAL,1,0.9349759289756103,0.9352211251566988,0.9328590798755896,0.9400323629379272
ft_tkt_0001882,ft_sal_000998,ft_evt_0057,GENERAL,1,0.9349759289756103,0.9447104299619364,0.9319499788846127,0.9478819966316223
ft_tkt_0001883,ft_sal_000998,ft_evt_0057,GENERAL,1,0.9349759289756103,0.9447104299619364,0.9319499788846127,0.9478819966316223
ft_tkt_0001884,ft_sal_000999,ft_evt_0057,GENERAL,1,0.9349759289756103,0.9322698902503908,0.9306422939827389,0.9373714327812195
ft_tkt_0001885,ft_sal_001000,ft_evt_0057,GENERAL,1,0.9349759289756103,0.9132357523156778,0.9132232052547227,0.9297139048576355
ft_tkt_0001886,ft_sal_001000,ft_evt_0057,GENERAL,1,0.9349759289756103,0.9132357523156778,0.9132232052547227,0.9297139048576355
ft_tkt_0001887,ft_sal_001001,ft_evt_0057,CORTESÍA,1,0.39289583504262665,0.42828784437787465,0.39117680826467083,0.38908836245536804
ft_tkt_0001888,ft_sal_001001,ft_evt_0057,CORTESÍA,0,0.39289583504262665,0.42828784437787465,0.39117680826467083,0.38908836245536804
ft_tkt_0001889,ft_sal_001001,ft_evt_0057,CORTESÍA,0,0.39289583504262665,0.42828784437787465,0.39117680826467083,0.38908836245536804
ft_tkt_0001890,ft_sal_001002,ft_evt_0057,CORTESÍA,0,0.39289583504262665,0.2323911123908513,0.3271588285463925,0.349107950925827
ft_tkt_0001891,ft_sal_001003,ft_evt_0057,CORTESÍA,0,0.39289583504262665,0.3511228845146347,0.35498993203346835,0.36986520886421204
ft_tkt_0001892,ft_sal_001003,ft_evt_0057,CORTESÍA,0,0.39289583504262665,0.3511228845146347,0.35498993203346835,0.36986520886421204
ft_tkt_0001893,ft_sal_001003,ft_evt_0057,CORTESÍA,0,0.39289583504262665,0.3511228845146347,0.35498993203346835,0.36986520886421204
ft_tkt_0001894,ft_sal_001004,ft_evt_0057,CORTESÍA,1,0.39289583504262665,0.3750766685802163,0.38715052926754256,0.3752278685569763
ft_tkt_0001895,ft_sal_001005,ft_evt_0057,GENERAL,1,0.9349759289756103,0.9047440552733461,0.9238503930551015,0.9212654829025269
ft_tkt_0001896,ft_sal_001005,ft_evt_0057,GENERAL,0,0.9349759289756103,0.9047440552733461,0.9238503930551015,0.9212654829025269
ft_tkt_0001897,ft_sal_001006,ft_evt_0057,CORTESÍA,1,0.39289583504262665,0.2963136485168034,0.3112097500775,0.27162137627601624
ft_tkt_0001898,ft_sal_001007,ft_evt_0057,GENERAL,1,0.9349759289756103,0.9365538229577378,0.9247291010921266,0.9256560206413269
ft_tkt_0001899,ft_sal_001007,ft_evt_0057,GENERAL,1,0.9349759289756103,0.9365538229577378,0.9247291010921266,0.9256560206413269
ft_tkt_0001900,ft_sal_001008,ft_evt_0057,CORTESÍA,1,0.39289583504262665,0.3776431494143659,0.37549429327014966,0.37304243445396423
ft_tkt_0001901,ft_sal_001008,ft_evt_0057,CORTESÍA,0,0.39289583504262665,0.3776431494143659,0.37549429327014966,0.37304243445396423
ft_tkt_0001902,ft_sal_001008,ft_evt_0057,CORTESÍA,1,0.39289583504262665,0.3776431494143659,0.37549429327014966,0.37304243445396423
ft_tkt_0001903,ft_sal_001008,ft_evt_0057,CORTESÍA,0,0.39289583504262665,0.3776431494143659,0.37549429327014966,0.37304243445396423
ft_tkt_0001904,ft_sal_001009,ft_evt_0057,GENERAL,1,0.9349759289756103,0.9627362812960895,0.9468969380085714,0.964445948600769
ft_tkt_0001905,ft_sal_001009,ft_evt_0057,GENERAL,1,0.9349759289756103,0.9627362812960895,0.9468969380085714,0.964445948600769
ft_tkt_0001906,ft_sal_001010,ft_evt_0057,CORTESÍA,0,0.39289583504262665,0.5291480023519196,0.37215195536352175,0.4487985670566559
ft_tkt_0001907,ft_sal_001011,ft_evt_0057,PREFERENCIAL,1,0.9345943760947751,0.9436403074646323,0.926578093292726,0.9455748796463013
ft_tkt_0001908,ft_sal_001012,ft_evt_0057,GENERAL,1,0.9349759289756103,0.9295958900378508,0.91669761097688,0.9088338017463684
ft_tkt_0001909,ft_sal_001013,ft_evt_0057,CORTESÍA,1,0.39289583504262665,0.35231064977764787,0.3636317340244573,0.33242085576057434
ft_tkt_0001910,ft_sal_001014,ft_evt_0057,GENERAL,1,0.9349759289756103,0.9423368486847111,0.9367051875907422,0.9404500126838684
ft_tkt_0001911,ft_sal_001015,ft_evt_0057,CORTESÍA,1,0.39289583504262665,0.3812659422514698,0.3903149795053045,0.33838680386543274
ft_tkt_0001912,ft_sal_001016,ft_evt_0057,GENERAL,1,0.9349759289756103,0.932550545204367,0.9321161844249597,0.9533545970916748
ft_tkt_0001913,ft_sal_001017,ft_evt_0057,CORTESÍA,0,0.39289583504262665,0.3447539789492402,0.3580015794152932,0.3180489242076874
ft_tkt_0001914,ft_sal_001017,ft_evt_0057,CORTESÍA,0,0.39289583504262665,0.3447539789492402,0.3580015794152932,0.3180489242076874
ft_tkt_0001915,ft_sal_001017,ft_evt_0057,CORTESÍA,0,0.39289583504262665,0.3447539789492402,0.3580015794152932,0.3180489242076874
ft_tkt_0001916,ft_sal_001017,ft_evt_0057,CORTESÍA,0,0.39289583504262665,0.3447539789492402,0.3580015794152932,0.3180489242076874
ft_tkt_0001917,ft_sal_001018,ft_evt_0057,CORTESÍA,0,0.39289583504262665,0.47818580949641953,0.4491312775177062,0.5397844314575195
ft_tkt_0001918,ft_sal_001018,ft_evt_0057,CORTESÍA,1,0.39289583504262665,0.47818580949641953,0.4491312775177062,0.5397844314575195
ft_tkt_0001919,ft_sal_001019,ft_evt_0057,CORTESÍA,1,0.39289583504262665,0.5277749085777043,0.4454347876649474,0.450920045375824
ft_tkt_0001920,ft_sal_001020,ft_evt_0057,CORTESÍA,1,0.39289583504262665,0.43803196726553834,0.3829661601115489,0.4523150622844696
ft_tkt_0001921,ft_sal_001020,ft_evt_0057,CORTESÍA,1,0.39289583504262665,0.43803196726553834,0.3829661601115489,0.4523150622844696
ft_tkt_0001922,ft_sal_001020,ft_evt_0057,CORTESÍA,0,0.39289583504262665,0.43803196726553834,0.3829661601115489,0.4523150622844696
ft_tkt_0001923,ft_sal_001021,ft_evt_0057,CORTESÍA,1,0.39289583504262665,0.3516109109613781,0.32801237421289725,0.3478195071220398
ft_tkt_0001924,ft_sal_001021,ft_evt_0057,CORTESÍA,0,0.39289583504262665,0.3516109109613781,0.32801237421289725,0.3478195071220398
ft_tkt_0001925,ft_sal_001022,ft_evt_0057,CORTESÍA,0,0.39289583504262665,0.3494844812467699,0.3544739260678018,0.32365211844444275
ft_tkt_0001926,ft_sal_001022,ft_evt_0057,CORTESÍA,0,0.39289583504262665,0.3494844812467699,0.3544739260678018,0.32365211844444275
ft_tkt_0001927,ft_sal_001022,ft_evt_0057,CORTESÍA,1,0.39289583504262665,0.3494844812467699,0.3544739260678018,0.32365211844444275
ft_tkt_0001928,ft_sal_001022,ft_evt_0057,CORTESÍA,0,0.39289583504262665,0.3494844812467699,0.3544739260678018,0.32365211844444275
ft_tkt_0001929,ft_sal_001023,ft_evt_0057,CORTESÍA,0,0.39289583504262665,0.27003806121494495,0.3063241468565175,0.2404472380876541
ft_tkt_0001930,ft_sal_001024,ft_evt_0057,GENERAL,1,0.9349759289756103,0.9035903506479493,0.9110002475531925,0.8989353775978088
ft_tkt_0001931,ft_sal_001024,ft_evt_0057,GENERAL,1,0.9349759289756103,0.9035903506479493,0.9110002475531925,0.8989353775978088
ft_tkt_0001932,ft_sal_001024,ft_evt_0057,GENERAL,1,0.9349759289756103,0.9035903506479493,0.9110002475531925,0.8989353775978088
ft_tkt_0001933,ft_sal_001024,ft_evt_0057,GENERAL,1,0.9349759289756103,0.9035903506479493,0.9110002475531925,0.8989353775978088
ft_tkt_0001934,ft_sal_001024,ft_evt_0057,GENERAL,1,0.9349759289756103,0.9035903506479493,0.9110002475531925,0.8989353775978088
ft_tkt_0001935,ft_sal_001024,ft_evt_0057,GENERAL,1,0.9349759289756103,0.9035903506479493,0.9110002475531925,0.8989353775978088
ft_tkt_0001936,ft_sal_001025,ft_evt_0057,CORTESÍA,0,0.39289583504262665,0.35211088427826487,0.34853155869333835,0.34582066535949707
ft_tkt_0001937,ft_sal_001026,ft_evt_0057,CORTESÍA,1,0.39289583504262665,0.4268796696774636,0.3964990077820114,0.4516351521015167
ft_tkt_0001938,ft_sal_001026,ft_evt_0057,CORTESÍA,0,0.39289583504262665,0.4268796696774636,0.3964990077820114,0.4516351521015167
ft_tkt_0001939,ft_sal_001026,ft_evt_0057,CORTESÍA,0,0.39289583504262665,0.4268796696774636,0.3964990077820114,0.4516351521015167
ft_tkt_0001940,ft_sal_001026,ft_evt_0057,CORTESÍA,0,0.39289583504262665,0.4268796696774636,0.3964990077820114,0.4516351521015167
ft_tkt_0001941,ft_sal_001027,ft_evt_0057,CORTESÍA,1,0.39289583504262665,0.4036469984036307,0.3760249739008996,0.34057343006134033
ft_tkt_0001942,ft_sal_001028,ft_evt_0057,GENERAL,1,0.9349759289756103,0.9102710944678716,0.9173141159589556,0.9319743514060974
ft_tkt_0001943,ft_sal_001028,ft_evt_0057,GENERAL,1,0.9349759289756103,0.9102710944678716,0.9173141159589556,0.9319743514060974
ft_tkt_0001944,ft_sal_001028,ft_evt_0057,GENERAL,0,0.9349759289756103,0.9102710944678716,0.9173141159589556,0.9319743514060974
ft_tkt_0001945,ft_sal_001029,ft_evt_0057,PREFERENCIAL,1,0.9345943760947751,0.9255205582148688,0.9238980738499982,0.9045965671539307
ft_tkt_0001946,ft_sal_001029,ft_evt_0057,PREFERENCIAL,1,0.9345943760947751,0.9255205582148688,0.9238980738499982,0.9045965671539307
ft_tkt_0001947,ft_sal_001030,ft_evt_0057,PREFERENCIAL,1,0.9345943760947751,0.9199668837095153,0.9223242823395879,0.9037815928459167
ft_tkt_0001948,ft_sal_001030,ft_evt_0057,PREFERENCIAL,1,0.9345943760947751,0.9199668837095153,0.9223242823395879,0.9037815928459167
ft_tkt_0001949,ft_sal_001031,ft_evt_0057,CORTESÍA,1,0.39289583504262665,0.37725505061233233,0.38605951893692086,0.38137394189834595
ft_tkt_0001950,ft_sal_001032,ft_evt_0057,CORTESÍA,0,0.39289583504262665,0.17775363375312994,0.2719117258533325,0.20537175238132477
ft_tkt_0001951,ft_sal_001033,ft_evt_0057,GENERAL,1,0.9349759289756103,0.9213017308973396,0.9123178562627133,0.8985359072685242
ft_tkt_0001952,ft_sal_001033,ft_evt_0057,GENERAL,1,0.9349759289756103,0.9213017308973396,0.9123178562627133,0.8985359072685242
ft_tkt_0001953,ft_sal_001033,ft_evt_0057,GENERAL,1,0.9349759289756103,0.9213017308973396,0.9123178562627133,0.8985359072685242
ft_tkt_0001954,ft_sal_001033,ft_evt_0057,GENERAL,1,0.9349759289756103,0.9213017308973396,0.9123178562627133,0.8985359072685242
ft_tkt_0001955,ft_sal_001034,ft_evt_0057,CORTESÍA,0,0.39289583504262665,0.34545404992173523,0.3054544739662274,0.33483147621154785
ft_tkt_0001956,ft_sal_001034,ft_evt_0057,CORTESÍA,1,0.39289583504262665,0.34545404992173523,0.3054544739662274,0.33483147621154785
ft_tkt_0001957,ft_sal_001035,ft_evt_0057,CORTESÍA,1,0.39289583504262665,0.4261071717991488,0.39266100336509585,0.37605756521224976
ft_tkt_0001958,ft_sal_001035,ft_evt_0057,CORTESÍA,0,0.39289583504262665,0.4261071717991488,0.39266100336509585,0.37605756521224976
ft_tkt_0001959,ft_sal_001035,ft_evt_0057,CORTESÍA,0,0.39289583504262665,0.4261071717991488,0.39266100336509585,0.37605756521224976
ft_tkt_0001960,ft_sal_001036,ft_evt_0057,PREFERENCIAL,1,0.9345943760947751,0.9428368338758369,0.9328391836842298,0.9239570498466492
ft_tkt_0001961,ft_sal_001036,ft_evt_0057,PREFERENCIAL,1,0.9345943760947751,0.9428368338758369,0.9328391836842298,0.9239570498466492
ft_tkt_0001962,ft_sal_001037,ft_evt_0057,GENERAL,1,0.9349759289756103,0.9412151723596642,0.9277690909121266,0.938595175743103
ft_tkt_0001963,ft_sal_001038,ft_evt_0057,GENERAL,1,0.9349759289756103,0.8917178520391563,0.9192293474610366,0.9180879592895508
ft_tkt_0001964,ft_sal_001039,ft_evt_0057,CORTESÍA,1,0.39289583504262665,0.4807734003732128,0.4154354702912354,0.4722951650619507
ft_tkt_0001965,ft_sal_001040,ft_evt_0057,PREFERENCIAL,1,0.9345943760947751,0.9541341419453601,0.9442369579086494,0.9457995295524597
ft_tkt_0001966,ft_sal_001041,ft_evt_0057,CORTESÍA,0,0.39289583504262665,0.36883138973239166,0.3845403115470202,0.43963515758514404
ft_tkt_0001967,ft_sal_001042,ft_evt_0057,CORTESÍA,1,0.39289583504262665,0.3170047343213482,0.34455855130979474,0.3223489224910736
ft_tkt_0001968,ft_sal_001042,ft_evt_0057,CORTESÍA,0,0.39289583504262665,0.3170047343213482,0.34455855130979474,0.3223489224910736
ft_tkt_0001969,ft_sal_001042,ft_evt_0057,CORTESÍA,0,0.39289583504262665,0.3170047343213482,0.34455855130979474,0.3223489224910736
ft_tkt_0001970,ft_sal_001042,ft_evt_0057,CORTESÍA,1,0.39289583504262665,0.3170047343213482,0.34455855130979474,0.3223489224910736
ft_tkt_0001971,ft_sal_001043,ft_evt_0057,CORTESÍA,0,0.39289583504262665,0.424127200426773,0.3546011427627676,0.35926517844200134
ft_tkt_0001972,ft_sal_001043,ft_evt_0057,CORTESÍA,0,0.39289583504262665,0.424127200426773,0.3546011427627676,0.35926517844200134
ft_tkt_0001973,ft_sal_001043,ft_evt_0057,CORTESÍA,0,0.39289583504262665,0.424127200426773,0.3546011427627676,0.35926517844200134
ft_tkt_0001974,ft_sal_001043,ft_evt_0057,CORTESÍA,0,0.39289583504262665,0.424127200426773,0.3546011427627676,0.35926517844200134
ft_tkt_0001975,ft_sal_001043,ft_evt_0057,CORTESÍA,0,0.39289583504262665,0.424127200426773,0.3546011427627676,0.35926517844200134
ft_tkt_0001976,ft_sal_001043,ft_evt_0057,CORTESÍA,1,0.39289583504262665,0.424127200426773,0.3546011427627676,0.35926517844200134
ft_tkt_0001977,ft_sal_001044,ft_evt_0057,CORTESÍA,0,0.39289583504262665,0.4224333381717219,0.3933672554014199,0.37605756521224976
ft_tkt_0001978,ft_sal_001044,ft_evt_0057,CORTESÍA,1,0.39289583504262665,0.4224333381717219,0.3933672554014199,0.37605756521224976
ft_tkt_0001979,ft_sal_001045,ft_evt_0057,CORTESÍA,1,0.39289583504262665,0.3804881538931045,0.38605951893692086,0.38294923305511475
ft_tkt_0001980,ft_sal_001046,ft_evt_0057,GENERAL,1,0.9349759289756103,0.8526085246029559,0.9217558374684108,0.8836005926132202
ft_tkt_0001981,ft_sal_001047,ft_evt_0057,CORTESÍA,0,0.39289583504262665,0.4819785092635613,0.4270394674465914,0.5307856798171997
ft_tkt_0001982,ft_sal_001048,ft_evt_0057,CORTESÍA,1,0.39289583504262665,0.2794267776669112,0.26966799887431697,0.1961936503648758
ft_tkt_0001983,ft_sal_001048,ft_evt_0057,CORTESÍA,0,0.39289583504262665,0.2794267776669112,0.26966799887431697,0.1961936503648758
ft_tkt_0001984,ft_sal_001049,ft_evt_0057,GENERAL,1,0.9349759289756103,0.8938046330486678,0.9398885239433462,0.932615339756012
ft_tkt_0001985,ft_sal_001050,ft_evt_0057,GENERAL,0,0.9349759289756103,0.955117052329481,0.9498999351998827,0.956656813621521
ft_tkt_0001986,ft_sal_001051,ft_evt_0057,CORTESÍA,0,0.39289583504262665,0.37238249295924386,0.38748749421691264,0.38873186707496643
ft_tkt_0001987,ft_sal_001052,ft_evt_0057,CORTESÍA,0,0.39289583504262665,0.4340702738966288,0.3944518612436085,0.4086077809333801
ft_tkt_0001988,ft_sal_001052,ft_evt_0057,CORTESÍA,1,0.39289583504262665,0.4340702738966288,0.3944518612436085,0.4086077809333801
ft_tkt_0001989,ft_sal_001053,ft_evt_0057,CORTESÍA,0,0.39289583504262665,0.42324890841949503,0.39383269082295663,0.3980875015258789
ft_tkt_0001990,ft_sal_001053,ft_evt_0057,CORTESÍA,1,0.39289583504262665,0.42324890841949503,0.39383269082295663,0.3980875015258789
ft_tkt_0001991,ft_sal_001054,ft_evt_0057,CORTESÍA,1,0.39289583504262665,0.40510697436321247,0.40436728868020216,0.5196003317832947
ft_tkt_0001992,ft_sal_001055,ft_evt_0057,CORTESÍA,0,0.39289583504262665,0.28884788228639546,0.32331023746760784,0.22505316138267517
ft_tkt_0001993,ft_sal_001055,ft_evt_0057,CORTESÍA,0,0.39289583504262665,0.28884788228639546,0.32331023746760784,0.22505316138267517
ft_tkt_0001994,ft_sal_001055,ft_evt_0057,CORTESÍA,0,0.39289583504262665,0.28884788228639546,0.32331023746760784,0.22505316138267517
ft_tkt_0001995,ft_sal_001055,ft_evt_0057,CORTESÍA,0,0.39289583504262665,0.28884788228639546,0.32331023746760784,0.22505316138267517
ft_tkt_0001996,ft_sal_001056,ft_evt_0057,GENERAL,1,0.9349759289756103,0.914813717343218,0.9050534056154421,0.8855204582214355
ft_tkt_0001997,ft_sal_001056,ft_evt_0057,GENERAL,1,0.9349759289756103,0.914813717343218,0.9050534056154421,0.8855204582214355
ft_tkt_0001998,ft_sal_001057,ft_evt_0057,GENERAL,1,0.9349759289756103,0.9349957873141703,0.933086811200465,0.9281130433082581
ft_tkt_0001999,ft_sal_001058,ft_evt_0057,GENERAL,1,0.9349759289756103,0.9217207479482025,0.938642712684051,0.9542784094810486
ft_tkt_0002000,ft_sal_001059,ft_evt_0057,GENERAL,1,0.9349759289756103,0.9411897737136521,0.9230698357555783,0.926077663898468
ft_tkt_0002001,ft_sal_001059,ft_evt_0057,GENERAL,0,0.9349759289756103,0.9411897737136521,0.9230698357555783,0.926077663898468
ft_tkt_0002002,ft_sal_001060,ft_evt_0057,GENERAL,1,0.9349759289756103,0.9208765998755726,0.9141892774438088,0.9328821897506714
ft_tkt_0002003,ft_sal_001061,ft_evt_0010,PREFERENCIAL,1,0.9317005479219154,0.8965192035043471,0.916836565203002,0.9501708149909973
ft_tkt_0002004,ft_sal_001061,ft_evt_0010,PREFERENCIAL,0,0.9317005479219154,0.8965192035043471,0.916836565203002,0.9501708149909973
ft_tkt_0002005,ft_sal_001061,ft_evt_0010,PREFERENCIAL,1,0.9317005479219154,0.8965192035043471,0.916836565203002,0.9501708149909973
ft_tkt_0002006,ft_sal_001061,ft_evt_0010,PREFERENCIAL,1,0.9317005479219154,0.8965192035043471,0.916836565203002,0.9501708149909973
ft_tkt_0002007,ft_sal_001062,ft_evt_0010,VIP,1,0.9356215132776959,0.9084929363418149,0.9228673069804487,0.9519641399383545
ft_tkt_0002008,ft_sal_001062,ft_evt_0010,VIP,1,0.9356215132776959,0.9084929363418149,0.9228673069804487,0.9519641399383545
ft_tkt_0002009,ft_sal_001063,ft_evt_0010,CORTESÍA,1,0.3901232716974846,0.32922254156511155,0.44280231144573473,0.49970704317092896
ft_tkt_0002010,ft_sal_001064,ft_evt_0010,GENERAL,1,0.9374141732240321,0.9161701482225463,0.9464411953301732,0.9674977660179138
ft_tkt_0002011,ft_sal_001064,ft_evt_0010,GENERAL,1,0.9374141732240321,0.9161701482225463,0.9464411953301732,0.9674977660179138
ft_tkt_0002012,ft_sal_001065,ft_evt_0010,CORTESÍA,1,0.3901232716974846,0.42338807298466186,0.3880269997907269,0.5021063685417175
ft_tkt_0002013,ft_sal_001066,ft_evt_0010,GENERAL,1,0.9374141732240321,0.9274405485237427,0.9348616707734446,0.9589939713478088
ft_tkt_0002014,ft_sal_001067,ft_evt_0010,CORTESÍA,1,0.3901232716974846,0.40139063596011376,0.2657495599670654,0.37183815240859985
ft_tkt_0002015,ft_sal_001068,ft_evt_0010,CORTESÍA,0,0.3901232716974846,0.4244972385423483,0.3929523209434491,0.6005237102508545
ft_tkt_0002016,ft_sal_001069,ft_evt_0010,PREFERENCIAL,0,0.9317005479219154,0.9009958347511846,0.9130688040817211,0.8918062448501587
ft_tkt_0002017,ft_sal_001070,ft_evt_0010,CORTESÍA,0,0.3901232716974846,0.2645135539740551,0.3538033738921286,0.40098097920417786
ft_tkt_0002018,ft_sal_001070,ft_evt_0010,CORTESÍA,0,0.3901232716974846,0.2645135539740551,0.3538033738921286,0.40098097920417786
ft_tkt_0002019,ft_sal_001070,ft_evt_0010,CORTESÍA,0,0.3901232716974846,0.2645135539740551,0.3538033738921286,0.40098097920417786
ft_tkt_0002020,ft_sal_001070,ft_evt_0010,CORTESÍA,0,0.3901232716974846,0.2645135539740551,0.3538033738921286,0.40098097920417786
ft_tkt_0002021,ft_sal_001071,ft_evt_0010,CORTESÍA,1,0.3901232716974846,0.31415646749180554,0.3274795718805069,0.33967238664627075
ft_tkt_0002022,ft_sal_001071,ft_evt_0010,CORTESÍA,0,0.3901232716974846,0.31415646749180554,0.3274795718805069,0.33967238664627075
ft_tkt_0002023,ft_sal_001072,ft_evt_0010,GENERAL,1,0.9374141732240321,0.9222565416986942,0.9262003307180094,0.9489097595214844
ft_tkt_0002024,ft_sal_001073,ft_evt_0010,GENERAL,1,0.9374141732240321,0.9083141337947328,0.9377430486646384,0.948040783405304
ft_tkt_0002025,ft_sal_001073,ft_evt_0010,GENERAL,1,0.9374141732240321,0.9083141337947328,0.9377430486646384,0.948040783405304
ft_tkt_0002026,ft_sal_001074,ft_evt_0010,GENERAL,1,0.9374141732240321,0.9125497888097298,0.9234205628338855,0.9445208311080933
ft_tkt_0002027,ft_sal_001075,ft_evt_0010,CORTESÍA,0,0.3901232716974846,0.2211634872411152,0.31335353305179003,0.29866597056388855
ft_tkt_0002028,ft_sal_001076,ft_evt_0010,GENERAL,1,0.9374141732240321,0.9300168450702878,0.9354674735164124,0.9569486379623413
ft_tkt_0002029,ft_sal_001077,ft_evt_0010,CORTESÍA,0,0.3901232716974846,0.3697139392154601,0.39626752326092923,0.49154478311538696
ft_tkt_0002030,ft_sal_001078,ft_evt_0010,PREFERENCIAL,0,0.9317005479219154,0.9141615287013867,0.9232842958834168,0.941493570804596
ft_tkt_0002031,ft_sal_001078,ft_evt_0010,PREFERENCIAL,1,0.9317005479219154,0.9141615287013867,0.9232842958834168,0.941493570804596
ft_tkt_0002032,ft_sal_001079,ft_evt_0010,GENERAL,0,0.9374141732240321,0.9256651741016494,0.9375894226217866,0.9555944204330444
ft_tkt_0002033,ft_sal_001080,ft_evt_0010,PREFERENCIAL,1,0.9317005479219154,0.9231530655905348,0.9387268106039062,0.9545109868049622
ft_tkt_0002034,ft_sal_001081,ft_evt_0010,CORTESÍA,0,0.3901232716974846,0.16648653281934025,0.3082146795538738,0.3472835123538971
ft_tkt_0002035,ft_sal_001081,ft_evt_0010,CORTESÍA,0,0.3901232716974846,0.16648653281934025,0.3082146795538738,0.3472835123538971
ft_tkt_0002036,ft_sal_001082,ft_evt_0010,GENERAL,1,0.9374141732240321,0.8969908061103098,0.9168050821193152,0.9500537514686584
ft_tkt_0002037,ft_sal_001083,ft_evt_0010,PREFERENCIAL,1,0.9317005479219154,0.889411483349153,0.9134299198915561,0.9433609247207642
ft_tkt_0002038,ft_sal_001083,ft_evt_0010,PREFERENCIAL,1,0.9317005479219154,0.889411483349153,0.9134299198915561,0.9433609247207642
ft_tkt_0002039,ft_sal_001084,ft_evt_0010,GENERAL,1,0.9374141732240321,0.9158645980352107,0.9230263376662422,0.9497830271720886
ft_tkt_0002040,ft_sal_001084,ft_evt_0010,GENERAL,1,0.9374141732240321,0.9158645980352107,0.9230263376662422,0.9497830271720886
ft_tkt_0002041,ft_sal_001084,ft_evt_0010,GENERAL,1,0.9374141732240321,0.9158645980352107,0.9230263376662422,0.9497830271720886
ft_tkt_0002042,ft_sal_001084,ft_evt_0010,GENERAL,1,0.9374141732240321,0.9158645980352107,0.9230263376662422,0.9497830271720886
ft_tkt_0002043,ft_sal_001085,ft_evt_0010,CORTESÍA,1,0.3901232716974846,0.3408186990492422,0.4181157169461992,0.48141399025917053
ft_tkt_0002044,ft_sal_001086,ft_evt_0010,CORTESÍA,1,0.3901232716974846,0.28579337250172154,0.3082996537093246,0.4040752053260803
ft_tkt_0002045,ft_sal_001087,ft_evt_0010,GENERAL,1,0.9374141732240321,0.8752889699389295,0.9219276753307747,0.9349175095558167
ft_tkt_0002046,ft_sal_001088,ft_evt_0010,GENERAL,1,0.9374141732240321,0.9135302826103247,0.9210417695693125,0.958895742893219
ft_tkt_0002047,ft_sal_001088,ft_evt_0010,GENERAL,1,0.9374141732240321,0.9135302826103247,0.9210417695693125,0.958895742893219
ft_tkt_0002048,ft_sal_001088,ft_evt_0010,GENERAL,0,0.9374141732240321,0.9135302826103247,0.9210417695693125,0.958895742893219
ft_tkt_0002049,ft_sal_001089,ft_evt_0010,GENERAL,1,0.9374141732240321,0.9039333898725249,0.9252750654830278,0.928216278553009
ft_tkt_0002050,ft_sal_001090,ft_evt_0010,VIP,1,0.9356215132776959,0.9378952487846007,0.9366661070507675,0.9591304659843445
ft_tkt_0002051,ft_sal_001090,ft_evt_0010,VIP,1,0.9356215132776959,0.9378952487846007,0.9366661070507675,0.9591304659843445
ft_tkt_0002052,ft_sal_001091,ft_evt_0010,CORTESÍA,1,0.3901232716974846,0.3180579853064075,0.4317868405753436,0.43347230553627014
ft_tkt_0002053,ft_sal_001092,ft_evt_0010,CORTESÍA,0,0.3901232716974846,0.30765702787201354,0.3053133456654603,0.26024365425109863
ft_tkt_0002054,ft_sal_001092,ft_evt_0010,CORTESÍA,0,0.3901232716974846,0.30765702787201354,0.3053133456654603,0.26024365425109863
ft_tkt_0002055,ft_sal_001093,ft_evt_0010,GENERAL,1,0.9374141732240321,0.8834504771413211,0.9193941841931811,0.9250656366348267
ft_tkt_0002056,ft_sal_001093,ft_evt_0010,GENERAL,1,0.9374141732240321,0.8834504771413211,0.9193941841931811,0.9250656366348267
ft_tkt_0002057,ft_sal_001094,ft_evt_0010,GENERAL,1,0.9374141732240321,0.9269698768567218,0.9375894226217866,0.9573497772216797
ft_tkt_0002058,ft_sal_001095,ft_evt_0010,CORTESÍA,0,0.3901232716974846,0.38923244997085704,0.3353172252247867,0.4585753083229065
ft_tkt_0002059,ft_sal_001096,ft_evt_0010,CORTESÍA,0,0.3901232716974846,0.30080477085881246,0.3569527029640222,0.34786081314086914
ft_tkt_0002060,ft_sal_001096,ft_evt_0010,CORTESÍA,0,0.3901232716974846,0.30080477085881246,0.3569527029640222,0.34786081314086914
ft_tkt_0002061,ft_sal_001097,ft_evt_0010,CORTESÍA,0,0.3901232716974846,0.28809744571547596,0.44634250706105294,0.4973171353340149
ft_tkt_0002062,ft_sal_001097,ft_evt_0010,CORTESÍA,0,0.3901232716974846,0.28809744571547596,0.44634250706105294,0.4973171353340149
ft_tkt_0002063,ft_sal_001098,ft_evt_0010,GENERAL,1,0.9374141732240321,0.9099962928497735,0.9239400447755505,0.9629661440849304
ft_tkt_0002064,ft_sal_001098,ft_evt_0010,GENERAL,0,0.9374141732240321,0.9099962928497735,0.9239400447755505,0.9629661440849304
ft_tkt_0002065,ft_sal_001098,ft_evt_0010,GENERAL,1,0.9374141732240321,0.9099962928497735,0.9239400447755505,0.9629661440849304
ft_tkt_0002066,ft_sal_001099,ft_evt_0010,GENERAL,1,0.9374141732240321,0.856237900718977,0.9206614747560747,0.9419991374015808
ft_tkt_0002067,ft_sal_001099,ft_evt_0010,GENERAL,1,0.9374141732240321,0.856237900718977,0.9206614747560747,0.9419991374015808
ft_tkt_0002068,ft_sal_001099,ft_evt_0010,GENERAL,1,0.9374141732240321,0.856237900718977,0.9206614747560747,0.9419991374015808
ft_tkt_0002069,ft_sal_001100,ft_evt_0010,GENERAL,1,0.9374141732240321,0.9326681352025682,0.9372693703364964,0.9561876058578491
ft_tkt_0002070,ft_sal_001100,ft_evt_0010,GENERAL,1,0.9374141732240321,0.9326681352025682,0.9372693703364964,0.9561876058578491
ft_tkt_0002071,ft_sal_001101,ft_evt_0010,CORTESÍA,0,0.3901232716974846,0.2429482594731558,0.32976694647185534,0.3453008532524109
ft_tkt_0002072,ft_sal_001101,ft_evt_0010,CORTESÍA,0,0.3901232716974846,0.2429482594731558,0.32976694647185534,0.3453008532524109
ft_tkt_0002073,ft_sal_001102,ft_evt_0010,CORTESÍA,0,0.3901232716974846,0.21043801136672394,0.34019290792884527,0.2698071300983429
ft_tkt_0002074,ft_sal_001102,ft_evt_0010,CORTESÍA,0,0.3901232716974846,0.21043801136672394,0.34019290792884527,0.2698071300983429
ft_tkt_0002075,ft_sal_001103,ft_evt_0010,GENERAL,1,0.9374141732240321,0.9234644563554223,0.9366766412076768,0.9552822113037109
ft_tkt_0002076,ft_sal_001104,ft_evt_0010,GENERAL,1,0.9374141732240321,0.9243638539249539,0.9366760557532355,0.9564120769500732
ft_tkt_0002077,ft_sal_001105,ft_evt_0010,CORTESÍA,1,0.3901232716974846,0.3164345259472144,0.35709972342078783,0.36040499806404114
ft_tkt_0002078,ft_sal_001105,ft_evt_0010,CORTESÍA,0,0.3901232716974846,0.3164345259472144,0.35709972342078783,0.36040499806404114
ft_tkt_0002079,ft_sal_001106,ft_evt_0010,GENERAL,1,0.9374141732240321,0.9297598355315598,0.9354674735164124,0.9599644541740417
ft_tkt_0002080,ft_sal_001107,ft_evt_0010,CORTESÍA,1,0.3901232716974846,0.33870268826244676,0.42488740570817596,0.4999274015426636
ft_tkt_0002081,ft_sal_001108,ft_evt_0010,GENERAL,1,0.9374141732240321,0.9301751650747218,0.9270894907046197,0.9607309699058533
ft_tkt_0002082,ft_sal_001108,ft_evt_0010,GENERAL,1,0.9374141732240321,0.9301751650747218,0.9270894907046197,0.9607309699058533
ft_tkt_0002083,ft_sal_001108,ft_evt_0010,GENERAL,1,0.9374141732240321,0.9301751650747218,0.9270894907046197,0.9607309699058533
ft_tkt_0002084,ft_sal_001109,ft_evt_0010,CORTESÍA,1,0.3901232716974846,0.24195999656386075,0.354539923352625,0.3879515528678894
ft_tkt_0002085,ft_sal_001109,ft_evt_0010,CORTESÍA,0,0.3901232716974846,0.24195999656386075,0.354539923352625,0.3879515528678894
ft_tkt_0002086,ft_sal_001109,ft_evt_0010,CORTESÍA,0,0.3901232716974846,0.24195999656386075,0.354539923352625,0.3879515528678894
ft_tkt_0002087,ft_sal_001109,ft_evt_0010,CORTESÍA,1,0.3901232716974846,0.24195999656386075,0.354539923352625,0.3879515528678894
ft_tkt_0002088,ft_sal_001110,ft_evt_0010,GENERAL,1,0.9374141732240321,0.9062835816780058,0.9137899936683492,0.911855161190033
ft_tkt_0002089,ft_sal_001110,ft_evt_0010,GENERAL,1,0.9374141732240321,0.9062835816780058,0.9137899936683492,0.911855161190033
ft_tkt_0002090,ft_sal_001111,ft_evt_0010,GENERAL,1,0.9374141732240321,0.9261611468481259,0.9474710378087596,0.9653972387313843
ft_tkt_0002091,ft_sal_001111,ft_evt_0010,GENERAL,1,0.9374141732240321,0.9261611468481259,0.9474710378087596,0.9653972387313843
ft_tkt_0002092,ft_sal_001111,ft_evt_0010,GENERAL,1,0.9374141732240321,0.9261611468481259,0.9474710378087596,0.9653972387313843
ft_tkt_0002093,ft_sal_001111,ft_evt_0010,GENERAL,1,0.9374141732240321,0.9261611468481259,0.9474710378087596,0.9653972387313843
ft_tkt_0002094,ft_sal_001112,ft_evt_0010,GENERAL,0,0.9374141732240321,0.8544808318726521,0.915956936402441,0.9506056308746338
ft_tkt_0002095,ft_sal_001112,ft_evt_0010,GENERAL,1,0.9374141732240321,0.8544808318726521,0.915956936402441,0.9506056308746338
ft_tkt_0002096,ft_sal_001112,ft_evt_0010,GENERAL,1,0.9374141732240321,0.8544808318726521,0.915956936402441,0.9506056308746338
ft_tkt_0002097,ft_sal_001112,ft_evt_0010,GENERAL,1,0.9374141732240321,0.8544808318726521,0.915956936402441,0.9506056308746338
ft_tkt_0002098,ft_sal_001112,ft_evt_0010,GENERAL,1,0.9374141732240321,0.8544808318726521,0.915956936402441,0.9506056308746338
ft_tkt_0002099,ft_sal_001112,ft_evt_0010,GENERAL,1,0.9374141732240321,0.8544808318726521,0.915956936402441,0.9506056308746338
ft_tkt_0002100,ft_sal_001113,ft_evt_0010,CORTESÍA,0,0.3901232716974846,0.3161610299214571,0.41756116574478713,0.6603390574455261
ft_tkt_0002101,ft_sal_001113,ft_evt_0010,CORTESÍA,0,0.3901232716974846,0.3161610299214571,0.41756116574478713,0.6603390574455261
ft_tkt_0002102,ft_sal_001114,ft_evt_0010,CORTESÍA,0,0.3901232716974846,0.3455086832164192,0.37738401132102617,0.5078039765357971
ft_tkt_0002103,ft_sal_001114,ft_evt_0010,CORTESÍA,0,0.3901232716974846,0.3455086832164192,0.37738401132102617,0.5078039765357971
ft_tkt_0002104,ft_sal_001115,ft_evt_0010,GENERAL,1,0.9374141732240321,0.9213916026711062,0.9303188995300764,0.9679403901100159
ft_tkt_0002105,ft_sal_001115,ft_evt_0010,GENERAL,1,0.9374141732240321,0.9213916026711062,0.9303188995300764,0.9679403901100159
ft_tkt_0002106,ft_sal_001115,ft_evt_0010,GENERAL,1,0.9374141732240321,0.9213916026711062,0.9303188995300764,0.9679403901100159
ft_tkt_0002107,ft_sal_001115,ft_evt_0010,GENERAL,1,0.9374141732240321,0.9213916026711062,0.9303188995300764,0.9679403901100159
ft_tkt_0002108,ft_sal_001115,ft_evt_0010,GENERAL,1,0.9374141732240321,0.9213916026711062,0.9303188995300764,0.9679403901100159
ft_tkt_0002109,ft_sal_001115,ft_evt_0010,GENERAL,0,0.9374141732240321,0.9213916026711062,0.9303188995300764,0.9679403901100159
ft_tkt_0002110,ft_sal_001116,ft_evt_0010,GENERAL,1,0.9374141732240321,0.9498962805358602,0.9426234065380629,0.9634970426559448
ft_tkt_0002111,ft_sal_001117,ft_evt_0010,CORTESÍA,0,0.3901232716974846,0.34262624960661425,0.4101444386638611,0.48153236508369446
ft_tkt_0002112,ft_sal_001118,ft_evt_0010,CORTESÍA,0,0.3901232716974846,0.37095224477243144,0.4130698805984543,0.4930728077888489
ft_tkt_0002113,ft_sal_001118,ft_evt_0010,CORTESÍA,0,0.3901232716974846,0.37095224477243144,0.4130698805984543,0.4930728077888489
ft_tkt_0002114,ft_sal_001118,ft_evt_0010,CORTESÍA,1,0.3901232716974846,0.37095224477243144,0.4130698805984543,0.4930728077888489
ft_tkt_0002115,ft_sal_001119,ft_evt_0010,GENERAL,1,0.9374141732240321,0.9285544188865801,0.9355746355175363,0.9582674503326416
ft_tkt_0002116,ft_sal_001120,ft_evt_0010,GENERAL,1,0.9374141732240321,0.9169134916019597,0.9217992764651181,0.9583753943443298
ft_tkt_0002117,ft_sal_001121,ft_evt_0010,GENERAL,1,0.9374141732240321,0.8755328813684433,0.9186361193657415,0.9183992147445679
ft_tkt_0002118,ft_sal_001122,ft_evt_0010,PREFERENCIAL,0,0.9317005479219154,0.9274392511470769,0.9279308080834743,0.952527642250061
ft_tkt_0002119,ft_sal_001122,ft_evt_0010,PREFERENCIAL,1,0.9317005479219154,0.9274392511470769,0.9279308080834743,0.952527642250061
ft_tkt_0002120,ft_sal_001123,ft_evt_0010,GENERAL,1,0.9374141732240321,0.9016224615275138,0.9150843485803011,0.9194952845573425
ft_tkt_0002121,ft_sal_001124,ft_evt_0010,PREFERENCIAL,0,0.9317005479219154,0.9311647392799272,0.9388519455285417,0.9460813403129578
ft_tkt_0002122,ft_sal_001124,ft_evt_0010,PREFERENCIAL,1,0.9317005479219154,0.9311647392799272,0.9388519455285417,0.9460813403129578
ft_tkt_0002123,ft_sal_001125,ft_evt_0010,CORTESÍA,0,0.3901232716974846,0.2736990016474776,0.3776278530950066,0.4606786370277405
ft_tkt_0002124,ft_sal_001126,ft_evt_0010,GENERAL,1,0.9374141732240321,0.9019479066534447,0.9131110488064973,0.9395514726638794
ft_tkt_0002125,ft_sal_001126,ft_evt_0010,GENERAL,1,0.9374141732240321,0.9019479066534447,0.9131110488064973,0.9395514726638794
ft_tkt_0002126,ft_sal_001126,ft_evt_0010,GENERAL,1,0.9374141732240321,0.9019479066534447,0.9131110488064973,0.9395514726638794
ft_tkt_0002127,ft_sal_001126,ft_evt_0010,GENERAL,1,0.9374141732240321,0.9019479066534447,0.9131110488064973,0.9395514726638794
ft_tkt_0002128,ft_sal_001127,ft_evt_0010,VIP,0,0.9356215132776959,0.8803510970877227,0.9216082673990932,0.926152229309082
ft_tkt_0002129,ft_sal_001128,ft_evt_0028,PREFERENCIAL,1,0.9345943760947751,0.966977822912152,0.9580679108597233,0.9588785171508789
ft_tkt_0002130,ft_sal_001129,ft_evt_0028,CORTESÍA,1,0.39289583504262665,0.3776490042890761,0.42819342273671446,0.3640366494655609
ft_tkt_0002131,ft_sal_001129,ft_evt_0028,CORTESÍA,0,0.39289583504262665,0.3776490042890761,0.42819342273671446,0.3640366494655609
ft_tkt_0002132,ft_sal_001130,ft_evt_0028,CORTESÍA,1,0.39289583504262665,0.40811461935962234,0.4643664500576638,0.4068618416786194
ft_tkt_0002133,ft_sal_001130,ft_evt_0028,CORTESÍA,1,0.39289583504262665,0.40811461935962234,0.4643664500576638,0.4068618416786194
ft_tkt_0002134,ft_sal_001130,ft_evt_0028,CORTESÍA,1,0.39289583504262665,0.40811461935962234,0.4643664500576638,0.4068618416786194
ft_tkt_0002135,ft_sal_001131,ft_evt_0028,GENERAL,1,0.9349759289756103,0.9335250452418444,0.9425801557748545,0.9214267134666443
ft_tkt_0002136,ft_sal_001131,ft_evt_0028,GENERAL,1,0.9349759289756103,0.9335250452418444,0.9425801557748545,0.9214267134666443
ft_tkt_0002137,ft_sal_001132,ft_evt_0028,GENERAL,1,0.9349759289756103,0.946172146096488,0.9404152515257187,0.9496456980705261
ft_tkt_0002138,ft_sal_001133,ft_evt_0028,GENERAL,1,0.9349759289756103,0.9569033789452436,0.945149414498626,0.9473416209220886
ft_tkt_0002139,ft_sal_001133,ft_evt_0028,GENERAL,1,0.9349759289756103,0.9569033789452436,0.945149414498626,0.9473416209220886
ft_tkt_0002140,ft_sal_001134,ft_evt_0028,CORTESÍA,1,0.39289583504262665,0.3507331415956617,0.4083741327582231,0.3057822287082672
ft_tkt_0002141,ft_sal_001134,ft_evt_0028,CORTESÍA,0,0.39289583504262665,0.3507331415956617,0.4083741327582231,0.3057822287082672
ft_tkt_0002142,ft_sal_001134,ft_evt_0028,CORTESÍA,1,0.39289583504262665,0.3507331415956617,0.4083741327582231,0.3057822287082672
ft_tkt_0002143,ft_sal_001134,ft_evt_0028,CORTESÍA,1,0.39289583504262665,0.3507331415956617,0.4083741327582231,0.3057822287082672
ft_tkt_0002144,ft_sal_001135,ft_evt_0028,GENERAL,1,0.9349759289756103,0.9557691431894471,0.9448298491442891,0.9476786851882935
ft_tkt_0002145,ft_sal_001135,ft_evt_0028,GENERAL,1,0.9349759289756103,0.9557691431894471,0.9448298491442891,0.9476786851882935
ft_tkt_0002146,ft_sal_001136,ft_evt_0028,GENERAL,1,0.9349759289756103,0.9131051987142049,0.9382523460246524,0.9391013979911804
ft_tkt_0002147,ft_sal_001136,ft_evt_0028,GENERAL,0,0.9349759289756103,0.9131051987142049,0.9382523460246524,0.9391013979911804
ft_tkt_0002148,ft_sal_001136,ft_evt_0028,GENERAL,1,0.9349759289756103,0.9131051987142049,0.9382523460246524,0.9391013979911804
ft_tkt_0002149,ft_sal_001137,ft_evt_0028,GENERAL,1,0.9349759289756103,0.9196705384373992,0.9306585995161624,0.8816900253295898
ft_tkt_0002150,ft_sal_001138,ft_evt_0028,CORTESÍA,1,0.39289583504262665,0.5081353488471215,0.41029288373421047,0.35214871168136597
ft_tkt_0002151,ft_sal_001139,ft_evt_0028,PREFERENCIAL,1,0.9345943760947751,0.9518687661114396,0.9282872934307254,0.9206351041793823
ft_tkt_0002152,ft_sal_001140,ft_evt_0028,PREFERENCIAL,1,0.9345943760947751,0.9512325515887239,0.9483558280888215,0.9482296109199524
ft_tkt_0002153,ft_sal_001141,ft_evt_0028,GENERAL,1,0.9349759289756103,0.945502739111524,0.945230238379079,0.9436895251274109
ft_tkt_0002154,ft_sal_001142,ft_evt_0028,CORTESÍA,1,0.39289583504262665,0.38647627166664916,0.381370335350378,0.3774263858795166
ft_tkt_0002155,ft_sal_001143,ft_evt_0028,GENERAL,1,0.9349759289756103,0.9354584820816597,0.9477133303258369,0.9553671479225159
ft_tkt_0002156,ft_sal_001144,ft_evt_0028,GENERAL,1,0.9349759289756103,0.9541296597346695,0.9442540312737533,0.9463697075843811
ft_tkt_0002157,ft_sal_001144,ft_evt_0028,GENERAL,1,0.9349759289756103,0.9541296597346695,0.9442540312737533,0.9463697075843811
ft_tkt_0002158,ft_sal_001144,ft_evt_0028,GENERAL,1,0.9349759289756103,0.9541296597346695,0.9442540312737533,0.9463697075843811
ft_tkt_0002159,ft_sal_001145,ft_evt_0028,PREFERENCIAL,1,0.9345943760947751,0.9516803749052256,0.9449330831523728,0.9566231369972229
ft_tkt_0002160,ft_sal_001145,ft_evt_0028,PREFERENCIAL,1,0.9345943760947751,0.9516803749052256,0.9449330831523728,0.9566231369972229
ft_tkt_0002161,ft_sal_001145,ft_evt_0028,PREFERENCIAL,1,0.9345943760947751,0.9516803749052256,0.9449330831523728,0.9566231369972229
ft_tkt_0002162,ft_sal_001146,ft_evt_0028,GENERAL,1,0.9349759289756103,0.9337157298955473,0.9271888943690899,0.8986472487449646
ft_tkt_0002163,ft_sal_001146,ft_evt_0028,GENERAL,1,0.9349759289756103,0.9337157298955473,0.9271888943690899,0.8986472487449646
ft_tkt_0002164,ft_sal_001146,ft_evt_0028,GENERAL,1,0.9349759289756103,0.9337157298955473,0.9271888943690899,0.8986472487449646
ft_tkt_0002165,ft_sal_001146,ft_evt_0028,GENERAL,1,0.9349759289756103,0.9337157298955473,0.9271888943690899,0.8986472487449646
ft_tkt_0002166,ft_sal_001147,ft_evt_0028,PREFERENCIAL,1,0.9345943760947751,0.9287858918796352,0.9442586407156489,0.9482676386833191
ft_tkt_0002167,ft_sal_001148,ft_evt_0028,GENERAL,1,0.9349759289756103,0.9576378226520672,0.9383596214002828,0.9486701488494873
ft_tkt_0002168,ft_sal_001149,ft_evt_0028,PREFERENCIAL,1,0.9345943760947751,0.9561486370608026,0.9353679191612382,0.9499167799949646
ft_tkt_0002169,ft_sal_001150,ft_evt_0028,GENERAL,1,0.9349759289756103,0.9520214836697038,0.9311063124750417,0.9200199842453003
ft_tkt_0002170,ft_sal_001150,ft_evt_0028,GENERAL,1,0.9349759289756103,0.9520214836697038,0.9311063124750417,0.9200199842453003
ft_tkt_0002171,ft_sal_001151,ft_evt_0028,GENERAL,1,0.9349759289756103,0.8920168844298909,0.9327803651476153,0.9198946952819824
ft_tkt_0002172,ft_sal_001152,ft_evt_0028,PREFERENCIAL,1,0.9345943760947751,0.9281664025896008,0.930681812631722,0.9035544991493225
ft_tkt_0002173,ft_sal_001152,ft_evt_0028,PREFERENCIAL,1,0.9345943760947751,0.9281664025896008,0.930681812631722,0.9035544991493225
ft_tkt_0002174,ft_sal_001153,ft_evt_0028,CORTESÍA,1,0.39289583504262665,0.47435837944376,0.49124363873184246,0.42797064781188965
ft_tkt_0002175,ft_sal_001153,ft_evt_0028,CORTESÍA,1,0.39289583504262665,0.47435837944376,0.49124363873184246,0.42797064781188965
ft_tkt_0002176,ft_sal_001154,ft_evt_0028,GENERAL,1,0.9349759289756103,0.9526127372148545,0.9415913919422391,0.9431544542312622
ft_tkt_0002177,ft_sal_001154,ft_evt_0028,GENERAL,1,0.9349759289756103,0.9526127372148545,0.9415913919422391,0.9431544542312622
ft_tkt_0002178,ft_sal_001154,ft_evt_0028,GENERAL,1,0.9349759289756103,0.9526127372148545,0.9415913919422391,0.9431544542312622
ft_tkt_0002179,ft_sal_001155,ft_evt_0028,CORTESÍA,1,0.39289583504262665,0.41769811245507005,0.4766740345312048,0.4107834994792938
ft_tkt_0002180,ft_sal_001155,ft_evt_0028,CORTESÍA,1,0.39289583504262665,0.41769811245507005,0.4766740345312048,0.4107834994792938
ft_tkt_0002181,ft_sal_001156,ft_evt_0028,CORTESÍA,1,0.39289583504262665,0.4712514746391458,0.4408439671465017,0.38118448853492737
ft_tkt_0002182,ft_sal_001157,ft_evt_0028,VIP,1,0.9404152722541531,0.9382842877632882,0.9340387793503054,0.8978692889213562
ft_tkt_0002183,ft_sal_001157,ft_evt_0028,VIP,1,0.9404152722541531,0.9382842877632882,0.9340387793503054,0.8978692889213562
ft_tkt_0002184,ft_sal_001158,ft_evt_0028,GENERAL,1,0.9349759289756103,0.94451464252501,0.944485874998272,0.9515089988708496
ft_tkt_0002185,ft_sal_001159,ft_evt_0028,CORTESÍA,0,0.39289583504262665,0.39065867931378256,0.39648035812864996,0.35693031549453735
ft_tkt_0002186,ft_sal_001159,ft_evt_0028,CORTESÍA,0,0.39289583504262665,0.39065867931378256,0.39648035812864996,0.35693031549453735
ft_tkt_0002187,ft_sal_001160,ft_evt_0028,GENERAL,1,0.9349759289756103,0.9562582182823246,0.9450237806661452,0.9521974325180054
ft_tkt_0002188,ft_sal_001160,ft_evt_0028,GENERAL,1,0.9349759289756103,0.9562582182823246,0.9450237806661452,0.9521974325180054
ft_tkt_0002189,ft_sal_001160,ft_evt_0028,GENERAL,1,0.9349759289756103,0.9562582182823246,0.9450237806661452,0.9521974325180054
ft_tkt_0002190,ft_sal_001161,ft_evt_0028,CORTESÍA,1,0.39289583504262665,0.4251057582534378,0.4863886741224238,0.41314366459846497
ft_tkt_0002191,ft_sal_001162,ft_evt_0028,CORTESÍA,0,0.39289583504262665,0.4758409877580692,0.4923223356413082,0.4259118437767029
ft_tkt_0002192,ft_sal_001162,ft_evt_0028,CORTESÍA,1,0.39289583504262665,0.4758409877580692,0.4923223356413082,0.4259118437767029
ft_tkt_0002193,ft_sal_001162,ft_evt_0028,CORTESÍA,0,0.39289583504262665,0.4758409877580692,0.4923223356413082,0.4259118437767029
ft_tkt_0002194,ft_sal_001162,ft_evt_0028,CORTESÍA,0,0.39289583504262665,0.4758409877580692,0.4923223356413082,0.4259118437767029
ft_tkt_0002195,ft_sal_001163,ft_evt_0028,CORTESÍA,0,0.39289583504262665,0.27135717312380836,0.3305358789489951,0.1724398285150528
ft_tkt_0002196,ft_sal_001164,ft_evt_0028,VIP,1,0.9404152722541531,0.9325388128171408,0.945097539791658,0.9234420657157898
ft_tkt_0002197,ft_sal_001164,ft_evt_0028,VIP,1,0.9404152722541531,0.9325388128171408,0.945097539791658,0.9234420657157898
ft_tkt_0002198,ft_sal_001165,ft_evt_0028,GENERAL,1,0.9349759289756103,0.9393225174110783,0.9388299446180991,0.9389459490776062
ft_tkt_0002199,ft_sal_001166,ft_evt_0028,PREFERENCIAL,1,0.9345943760947751,0.9586634747467039,0.9471850552885089,0.9185347557067871
ft_tkt_0002200,ft_sal_001166,ft_evt_0028,PREFERENCIAL,1,0.9345943760947751,0.9586634747467039,0.9471850552885089,0.9185347557067871
ft_tkt_0002201,ft_sal_001167,ft_evt_0028,GENERAL,1,0.9349759289756103,0.9363110973367471,0.9321896269046996,0.9400327801704407
ft_tkt_0002202,ft_sal_001167,ft_evt_0028,GENERAL,1,0.9349759289756103,0.9363110973367471,0.9321896269046996,0.9400327801704407
ft_tkt_0002203,ft_sal_001168,ft_evt_0028,PREFERENCIAL,1,0.9345943760947751,0.9273891142903369,0.9275554447892641,0.8943426609039307
ft_tkt_0002204,ft_sal_001168,ft_evt_0028,PREFERENCIAL,1,0.9345943760947751,0.9273891142903369,0.9275554447892641,0.8943426609039307
ft_tkt_0002205,ft_sal_001169,ft_evt_0028,CORTESÍA,0,0.39289583504262665,0.4642784031341593,0.49644915815621615,0.4488351047039032
ft_tkt_0002206,ft_sal_001169,ft_evt_0028,CORTESÍA,0,0.39289583504262665,0.4642784031341593,0.49644915815621615,0.4488351047039032
ft_tkt_0002207,ft_sal_001170,ft_evt_0028,GENERAL,1,0.9349759289756103,0.9522922884036151,0.9376569074027015,0.9278020262718201
ft_tkt_0002208,ft_sal_001171,ft_evt_0028,GENERAL,1,0.9349759289756103,0.9405770595490879,0.933389625230395,0.9271183013916016
ft_tkt_0002209,ft_sal_001172,ft_evt_0028,GENERAL,1,0.9349759289756103,0.9497852205288395,0.928022741833193,0.9366022944450378
ft_tkt_0002210,ft_sal_001172,ft_evt_0028,GENERAL,1,0.9349759289756103,0.9497852205288395,0.928022741833193,0.9366022944450378
ft_tkt_0002211,ft_sal_001172,ft_evt_0028,GENERAL,1,0.9349759289756103,0.9497852205288395,0.928022741833193,0.9366022944450378
ft_tkt_0002212,ft_sal_001173,ft_evt_0028,CORTESÍA,0,0.39289583504262665,0.4084471623737163,0.464062671802856,0.4428776204586029
ft_tkt_0002213,ft_sal_001173,ft_evt_0028,CORTESÍA,1,0.39289583504262665,0.4084471623737163,0.464062671802856,0.4428776204586029
ft_tkt_0002214,ft_sal_001174,ft_evt_0028,CORTESÍA,0,0.39289583504262665,0.26464476589130814,0.33296642523112935,0.3002541661262512
ft_tkt_0002215,ft_sal_001175,ft_evt_0028,CORTESÍA,0,0.39289583504262665,0.3720462352270709,0.39348408933445184,0.29086893796920776
ft_tkt_0002216,ft_sal_001175,ft_evt_0028,CORTESÍA,0,0.39289583504262665,0.3720462352270709,0.39348408933445184,0.29086893796920776
ft_tkt_0002217,ft_sal_001176,ft_evt_0028,CORTESÍA,0,0.39289583504262665,0.45211118093136365,0.49291789214450643,0.4512709081172943
ft_tkt_0002218,ft_sal_001176,ft_evt_0028,CORTESÍA,0,0.39289583504262665,0.45211118093136365,0.49291789214450643,0.4512709081172943
ft_tkt_0002219,ft_sal_001177,ft_evt_0028,CORTESÍA,1,0.39289583504262665,0.42658554980436914,0.4743702830605863,0.45761796832084656
ft_tkt_0002220,ft_sal_001177,ft_evt_0028,CORTESÍA,0,0.39289583504262665,0.42658554980436914,0.4743702830605863,0.45761796832084656
ft_tkt_0002221,ft_sal_001178,ft_evt_0028,GENERAL,1,0.9349759289756103,0.9446968927686394,0.9438447533687555,0.9514408111572266
ft_tkt_0002222,ft_sal_001179,ft_evt_0028,CORTESÍA,0,0.39289583504262665,0.38799871035658945,0.3724617770521349,0.2906442880630493
ft_tkt_0002223,ft_sal_001180,ft_evt_0028,CORTESÍA,0,0.39289583504262665,0.32294304527651085,0.3807203800719562,0.2621437907218933
ft_tkt_0002224,ft_sal_001181,ft_evt_0028,CORTESÍA,0,0.39289583504262665,0.3094733627172457,0.3420899273609351,0.2967970073223114
ft_tkt_0002225,ft_sal_001181,ft_evt_0028,CORTESÍA,1,0.39289583504262665,0.3094733627172457,0.3420899273609351,0.2967970073223114
ft_tkt_0002226,ft_sal_001182,ft_evt_0028,GENERAL,1,0.9349759289756103,0.941581352334469,0.9391348581120372,0.9422444105148315
ft_tkt_0002227,ft_sal_001183,ft_evt_0028,CORTESÍA,0,0.39289583504262665,0.3202909004747203,0.41655297151132964,0.3894619643688202
ft_tkt_0002228,ft_sal_001184,ft_evt_0028,GENERAL,1,0.9349759289756103,0.923047032419074,0.9193618434686,0.8734570145606995
ft_tkt_0002229,ft_sal_001184,ft_evt_0028,GENERAL,1,0.9349759289756103,0.923047032419074,0.9193618434686,0.8734570145606995
ft_tkt_0002230,ft_sal_001184,ft_evt_0028,GENERAL,1,0.9349759289756103,0.923047032419074,0.9193618434686,0.8734570145606995
ft_tkt_0002231,ft_sal_001185,ft_evt_0028,PREFERENCIAL,0,0.9345943760947751,0.9472999863783482,0.9466363247132557,0.9423550367355347
ft_tkt_0002232,ft_sal_001185,ft_evt_0028,PREFERENCIAL,1,0.9345943760947751,0.9472999863783482,0.9466363247132557,0.9423550367355347
ft_tkt_0002233,ft_sal_001185,ft_evt_0028,PREFERENCIAL,1,0.9345943760947751,0.9472999863783482,0.9466363247132557,0.9423550367355347
ft_tkt_0002234,ft_sal_001185,ft_evt_0028,PREFERENCIAL,1,0.9345943760947751,0.9472999863783482,0.9466363247132557,0.9423550367355347
ft_tkt_0002235,ft_sal_001185,ft_evt_0028,PREFERENCIAL,1,0.9345943760947751,0.9472999863783482,0.9466363247132557,0.9423550367355347
ft_tkt_0002236,ft_sal_001185,ft_evt_0028,PREFERENCIAL,1,0.9345943760947751,0.9472999863783482,0.9466363247132557,0.9423550367355347
ft_tkt_0002237,ft_sal_001186,ft_evt_0028,VIP,1,0.9404152722541531,0.9635287726308724,0.9531318214914658,0.9565706253051758
ft_tkt_0002238,ft_sal_001187,ft_evt_0028,PREFERENCIAL,1,0.9345943760947751,0.9588545776441285,0.9537058910511749,0.9469724893569946
ft_tkt_0002239,ft_sal_001187,ft_evt_0028,PREFERENCIAL,1,0.9345943760947751,0.9588545776441285,0.9537058910511749,0.9469724893569946
ft_tkt_0002240,ft_sal_001188,ft_evt_0028,CORTESÍA,0,0.39289583504262665,0.30414780705237765,0.3510174040236502,0.3914555013179779
ft_tkt_0002241,ft_sal_001188,ft_evt_0028,CORTESÍA,1,0.39289583504262665,0.30414780705237765,0.3510174040236502,0.3914555013179779
ft_tkt_0002242,ft_sal_001189,ft_evt_0028,GENERAL,1,0.9349759289756103,0.9530552335003939,0.9419299250517598,0.9408867955207825
ft_tkt_0002243,ft_sal_001189,ft_evt_0028,GENERAL,1,0.9349759289756103,0.9530552335003939,0.9419299250517598,0.9408867955207825
ft_tkt_0002244,ft_sal_001190,ft_evt_0028,GENERAL,0,0.9349759289756103,0.9208992046200436,0.9315580964133223,0.9518957734107971
ft_tkt_0002245,ft_sal_001191,ft_evt_0028,VIP,1,0.9404152722541531,0.9802370546915241,0.9570416575272581,0.9717372059822083
ft_tkt_0002246,ft_sal_001191,ft_evt_0028,VIP,1,0.9404152722541531,0.9802370546915241,0.9570416575272581,0.9717372059822083
ft_tkt_0002247,ft_sal_001192,ft_evt_0028,GENERAL,1,0.9349759289756103,0.9374208220637674,0.9282204961383052,0.9262212514877319
ft_tkt_0002248,ft_sal_001193,ft_evt_0028,PREFERENCIAL,1,0.9345943760947751,0.9683177566960987,0.959139393049056,0.9615906476974487
ft_tkt_0002249,ft_sal_001193,ft_evt_0028,PREFERENCIAL,1,0.9345943760947751,0.9683177566960987,0.959139393049056,0.9615906476974487
ft_tkt_0002250,ft_sal_001193,ft_evt_0028,PREFERENCIAL,1,0.9345943760947751,0.9683177566960987,0.959139393049056,0.9615906476974487
ft_tkt_0002251,ft_sal_001193,ft_evt_0028,PREFERENCIAL,1,0.9345943760947751,0.9683177566960987,0.959139393049056,0.9615906476974487
ft_tkt_0002252,ft_sal_001194,ft_evt_0028,CORTESÍA,0,0.39289583504262665,0.2277146447664388,0.32766735290939775,0.2637939751148224
ft_tkt_0002253,ft_sal_001195,ft_evt_0028,CORTESÍA,1,0.39289583504262665,0.46335598620778257,0.487515117070084,0.4584474265575409
ft_tkt_0002254,ft_sal_001195,ft_evt_0028,CORTESÍA,1,0.39289583504262665,0.46335598620778257,0.487515117070084,0.4584474265575409
ft_tkt_0002255,ft_sal_001195,ft_evt_0028,CORTESÍA,1,0.39289583504262665,0.46335598620778257,0.487515117070084,0.4584474265575409
ft_tkt_0002256,ft_sal_001195,ft_evt_0028,CORTESÍA,0,0.39289583504262665,0.46335598620778257,0.487515117070084,0.4584474265575409
ft_tkt_0002257,ft_sal_001196,ft_evt_0028,GENERAL,1,0.9349759289756103,0.9351823382820927,0.926497000550841,0.9145327210426331
ft_tkt_0002258,ft_sal_001196,ft_evt_0028,GENERAL,1,0.9349759289756103,0.9351823382820927,0.926497000550841,0.9145327210426331
ft_tkt_0002259,ft_sal_001197,ft_evt_0028,CORTESÍA,1,0.39289583504262665,0.39708410707532366,0.4609216151957588,0.35054513812065125
ft_tkt_0002260,ft_sal_001197,ft_evt_0028,CORTESÍA,0,0.39289583504262665,0.39708410707532366,0.4609216151957588,0.35054513812065125
ft_tkt_0002261,ft_sal_001198,ft_evt_0028,GENERAL,1,0.9349759289756103,0.9235720142535672,0.9280336652080025,0.9139491319656372
ft_tkt_0002262,ft_sal_001198,ft_evt_0028,GENERAL,1,0.9349759289756103,0.9235720142535672,0.9280336652080025,0.9139491319656372
ft_tkt_0002263,ft_sal_001198,ft_evt_0028,GENERAL,1,0.9349759289756103,0.9235720142535672,0.9280336652080025,0.9139491319656372
ft_tkt_0002264,ft_sal_001199,ft_evt_0019,GENERAL,1,0.9352882500254978,0.9380496078316807,0.931443108141897,0.918408989906311
ft_tkt_0002265,ft_sal_001199,ft_evt_0019,GENERAL,1,0.9352882500254978,0.9380496078316807,0.931443108141897,0.918408989906311
ft_tkt_0002266,ft_sal_001200,ft_evt_0019,GENERAL,1,0.9352882500254978,0.9577950816186029,0.9535071465818135,0.9348996877670288
ft_tkt_0002267,ft_sal_001200,ft_evt_0019,GENERAL,1,0.9352882500254978,0.9577950816186029,0.9535071465818135,0.9348996877670288
ft_tkt_0002268,ft_sal_001200,ft_evt_0019,GENERAL,1,0.9352882500254978,0.9577950816186029,0.9535071465818135,0.9348996877670288
ft_tkt_0002269,ft_sal_001201,ft_evt_0019,VIP,1,0.9362121140393361,0.9764297388600918,0.9673170029741374,0.9713866710662842
ft_tkt_0002270,ft_sal_001201,ft_evt_0019,VIP,1,0.9362121140393361,0.9764297388600918,0.9673170029741374,0.9713866710662842
ft_tkt_0002271,ft_sal_001202,ft_evt_0019,GENERAL,1,0.9352882500254978,0.95142965646118,0.9550838864175739,0.956180214881897
ft_tkt_0002272,ft_sal_001202,ft_evt_0019,GENERAL,1,0.9352882500254978,0.95142965646118,0.9550838864175739,0.956180214881897
ft_tkt_0002273,ft_sal_001203,ft_evt_0019,CORTESÍA,1,0.40252443406149635,0.3603144914540828,0.419167607055404,0.42939668893814087
ft_tkt_0002274,ft_sal_001203,ft_evt_0019,CORTESÍA,0,0.40252443406149635,0.3603144914540828,0.419167607055404,0.42939668893814087
ft_tkt_0002275,ft_sal_001204,ft_evt_0019,CORTESÍA,1,0.40252443406149635,0.49790162721333336,0.6043744128462709,0.7321961522102356
ft_tkt_0002276,ft_sal_001204,ft_evt_0019,CORTESÍA,1,0.40252443406149635,0.49790162721333336,0.6043744128462709,0.7321961522102356
ft_tkt_0002277,ft_sal_001205,ft_evt_0019,GENERAL,1,0.9352882500254978,0.9367308747595056,0.9365964115013654,0.9169999957084656
ft_tkt_0002278,ft_sal_001206,ft_evt_0019,GENERAL,1,0.9352882500254978,0.9209549392174905,0.9397013937535569,0.9334696531295776
ft_tkt_0002279,ft_sal_001206,ft_evt_0019,GENERAL,1,0.9352882500254978,0.9209549392174905,0.9397013937535569,0.9334696531295776
ft_tkt_0002280,ft_sal_001207,ft_evt_0019,GENERAL,1,0.9352882500254978,0.944345716838266,0.9444038614333545,0.9423543810844421
ft_tkt_0002281,ft_sal_001207,ft_evt_0019,GENERAL,1,0.9352882500254978,0.944345716838266,0.9444038614333545,0.9423543810844421
ft_tkt_0002282,ft_sal_001207,ft_evt_0019,GENERAL,1,0.9352882500254978,0.944345716838266,0.9444038614333545,0.9423543810844421
ft_tkt_0002283,ft_sal_001208,ft_evt_0019,GENERAL,1,0.9352882500254978,0.9677255994934442,0.9638699185351526,0.9693673253059387
ft_tkt_0002284,ft_sal_001208,ft_evt_0019,GENERAL,1,0.9352882500254978,0.9677255994934442,0.9638699185351526,0.9693673253059387
ft_tkt_0002285,ft_sal_001209,ft_evt_0019,VIP,1,0.9362121140393361,0.9599652735851617,0.9595973025989596,0.9762423038482666
ft_tkt_0002286,ft_sal_001209,ft_evt_0019,VIP,1,0.9362121140393361,0.9599652735851617,0.9595973025989596,0.9762423038482666
ft_tkt_0002287,ft_sal_001210,ft_evt_0019,VIP,1,0.9362121140393361,0.9431313683857995,0.9342660154990622,0.9342708587646484
ft_tkt_0002288,ft_sal_001210,ft_evt_0019,VIP,1,0.9362121140393361,0.9431313683857995,0.9342660154990622,0.9342708587646484
ft_tkt_0002289,ft_sal_001210,ft_evt_0019,VIP,1,0.9362121140393361,0.9431313683857995,0.9342660154990622,0.9342708587646484
ft_tkt_0002290,ft_sal_001211,ft_evt_0019,GENERAL,1,0.9352882500254978,0.9307218358047966,0.9431253399475887,0.9352450966835022
ft_tkt_0002291,ft_sal_001211,ft_evt_0019,GENERAL,0,0.9352882500254978,0.9307218358047966,0.9431253399475887,0.9352450966835022
ft_tkt_0002292,ft_sal_001211,ft_evt_0019,GENERAL,1,0.9352882500254978,0.9307218358047966,0.9431253399475887,0.9352450966835022
ft_tkt_0002293,ft_sal_001211,ft_evt_0019,GENERAL,1,0.9352882500254978,0.9307218358047966,0.9431253399475887,0.9352450966835022
ft_tkt_0002294,ft_sal_001212,ft_evt_0019,PREFERENCIAL,1,0.9314496020944585,0.942362842062922,0.9400788371230384,0.9560260772705078
ft_tkt_0002295,ft_sal_001212,ft_evt_0019,PREFERENCIAL,1,0.9314496020944585,0.942362842062922,0.9400788371230384,0.9560260772705078
ft_tkt_0002296,ft_sal_001213,ft_evt_0019,CORTESÍA,0,0.40252443406149635,0.4430253909331657,0.49190598485140263,0.4922058880329132
ft_tkt_0002297,ft_sal_001213,ft_evt_0019,CORTESÍA,0,0.40252443406149635,0.4430253909331657,0.49190598485140263,0.4922058880329132
ft_tkt_0002298,ft_sal_001214,ft_evt_0019,PREFERENCIAL,1,0.9314496020944585,0.895387525588717,0.9425385384287569,0.9529900550842285
ft_tkt_0002299,ft_sal_001215,ft_evt_0019,PREFERENCIAL,0,0.9314496020944585,0.9703600545885158,0.9656858664247943,0.9742646813392639
ft_tkt_0002300,ft_sal_001216,ft_evt_0019,GENERAL,1,0.9352882500254978,0.9156782093837847,0.9327899302844318,0.9229592084884644
ft_tkt_0002301,ft_sal_001217,ft_evt_0019,PREFERENCIAL,1,0.9314496020944585,0.8866423904787801,0.9330153785593257,0.9404754042625427
ft_tkt_0002302,ft_sal_001218,ft_evt_0019,GENERAL,1,0.9352882500254978,0.958838247260159,0.9666206923582434,0.9737198352813721
ft_tkt_0002303,ft_sal_001219,ft_evt_0019,PREFERENCIAL,1,0.9314496020944585,0.9347574694008577,0.9416958861622436,0.952489972114563
ft_tkt_0002304,ft_sal_001219,ft_evt_0019,PREFERENCIAL,1,0.9314496020944585,0.9347574694008577,0.9416958861622436,0.952489972114563
ft_tkt_0002305,ft_sal_001220,ft_evt_0019,CORTESÍA,0,0.40252443406149635,0.43052058289617773,0.5895793137858373,0.6499473452568054
ft_tkt_0002306,ft_sal_001220,ft_evt_0019,CORTESÍA,0,0.40252443406149635,0.43052058289617773,0.5895793137858373,0.6499473452568054
ft_tkt_0002307,ft_sal_001220,ft_evt_0019,CORTESÍA,0,0.40252443406149635,0.43052058289617773,0.5895793137858373,0.6499473452568054
ft_tkt_0002308,ft_sal_001221,ft_evt_0019,CORTESÍA,0,0.40252443406149635,0.31814641167776847,0.38374735235465135,0.3081314265727997
ft_tkt_0002309,ft_sal_001222,ft_evt_0019,CORTESÍA,1,0.40252443406149635,0.32032518755011624,0.4193043927578285,0.3231556713581085
ft_tkt_0002310,ft_sal_001222,ft_evt_0019,CORTESÍA,0,0.40252443406149635,0.32032518755011624,0.4193043927578285,0.3231556713581085
ft_tkt_0002311,ft_sal_001222,ft_evt_0019,CORTESÍA,0,0.40252443406149635,0.32032518755011624,0.4193043927578285,0.3231556713581085
ft_tkt_0002312,ft_sal_001222,ft_evt_0019,CORTESÍA,1,0.40252443406149635,0.32032518755011624,0.4193043927578285,0.3231556713581085
ft_tkt_0002313,ft_sal_001222,ft_evt_0019,CORTESÍA,1,0.40252443406149635,0.32032518755011624,0.4193043927578285,0.3231556713581085
ft_tkt_0002314,ft_sal_001222,ft_evt_0019,CORTESÍA,1,0.40252443406149635,0.32032518755011624,0.4193043927578285,0.3231556713581085
ft_tkt_0002315,ft_sal_001223,ft_evt_0019,CORTESÍA,0,0.40252443406149635,0.357251979056233,0.40616264681092173,0.4801349639892578
ft_tkt_0002316,ft_sal_001224,ft_evt_0019,CORTESÍA,0,0.40252443406149635,0.48190808817814657,0.5143269289111915,0.5228390693664551
ft_tkt_0002317,ft_sal_001224,ft_evt_0019,CORTESÍA,0,0.40252443406149635,0.48190808817814657,0.5143269289111915,0.5228390693664551
ft_tkt_0002318,ft_sal_001225,ft_evt_0019,GENERAL,1,0.9352882500254978,0.9255231040306466,0.9422478990875752,0.9546564221382141
ft_tkt_0002319,ft_sal_001225,ft_evt_0019,GENERAL,1,0.9352882500254978,0.9255231040306466,0.9422478990875752,0.9546564221382141
ft_tkt_0002320,ft_sal_001226,ft_evt_0019,GENERAL,1,0.9352882500254978,0.9486619688116473,0.9483341378718657,0.9410856366157532
ft_tkt_0002321,ft_sal_001226,ft_evt_0019,GENERAL,1,0.9352882500254978,0.9486619688116473,0.9483341378718657,0.9410856366157532
ft_tkt_0002322,ft_sal_001226,ft_evt_0019,GENERAL,1,0.9352882500254978,0.9486619688116473,0.9483341378718657,0.9410856366157532
ft_tkt_0002323,ft_sal_001227,ft_evt_0019,GENERAL,1,0.9352882500254978,0.9006797081449966,0.9386230366205548,0.9473572969436646
ft_tkt_0002324,ft_sal_001228,ft_evt_0019,GENERAL,1,0.9352882500254978,0.8997252918025617,0.9264425648211477,0.9216722249984741
ft_tkt_0002325,ft_sal_001228,ft_evt_0019,GENERAL,1,0.9352882500254978,0.8997252918025617,0.9264425648211477,0.9216722249984741
ft_tkt_0002326,ft_sal_001228,ft_evt_0019,GENERAL,1,0.9352882500254978,0.8997252918025617,0.9264425648211477,0.9216722249984741
ft_tkt_0002327,ft_sal_001228,ft_evt_0019,GENERAL,1,0.9352882500254978,0.8997252918025617,0.9264425648211477,0.9216722249984741
ft_tkt_0002328,ft_sal_001229,ft_evt_0019,GENERAL,1,0.9352882500254978,0.9150006174654688,0.9485997201639144,0.9492359757423401
ft_tkt_0002329,ft_sal_001230,ft_evt_0019,PREFERENCIAL,1,0.9314496020944585,0.9205925772205852,0.929521156949512,0.9353955984115601
ft_tkt_0002330,ft_sal_001230,ft_evt_0019,PREFERENCIAL,1,0.9314496020944585,0.9205925772205852,0.929521156949512,0.9353955984115601
ft_tkt_0002331,ft_sal_001231,ft_evt_0019,CORTESÍA,1,0.40252443406149635,0.3014413953282217,0.37772248764926003,0.4244003891944885
ft_tkt_0002332,ft_sal_001231,ft_evt_0019,CORTESÍA,0,0.40252443406149635,0.3014413953282217,0.37772248764926003,0.4244003891944885
ft_tkt_0002333,ft_sal_001232,ft_evt_0019,VIP,1,0.9362121140393361,0.9017279386885502,0.9308095981385996,0.9459103345870972
ft_tkt_0002334,ft_sal_001233,ft_evt_0019,GENERAL,1,0.9352882500254978,0.9210702518116419,0.9403352572632904,0.9395779371261597
ft_tkt_0002335,ft_sal_001234,ft_evt_0019,VIP,1,0.9362121140393361,0.9475859427432938,0.9463946098969794,0.9500548243522644
ft_tkt_0002336,ft_sal_001235,ft_evt_0019,PREFERENCIAL,1,0.9314496020944585,0.9432400986745982,0.9485293407239068,0.9662083387374878
ft_tkt_0002337,ft_sal_001236,ft_evt_0019,CORTESÍA,1,0.40252443406149635,0.3015749179972922,0.3974469722005367,0.4652230441570282
ft_tkt_0002338,ft_sal_001237,ft_evt_0019,CORTESÍA,0,0.40252443406149635,0.38923376729555,0.39771291288472116,0.37410950660705566
ft_tkt_0002339,ft_sal_001237,ft_evt_0019,CORTESÍA,1,0.40252443406149635,0.38923376729555,0.39771291288472116,0.37410950660705566
ft_tkt_0002340,ft_sal_001238,ft_evt_0019,GENERAL,1,0.9352882500254978,0.937883683782468,0.944783304175273,0.953482985496521
ft_tkt_0002341,ft_sal_001239,ft_evt_0019,PREFERENCIAL,1,0.9314496020944585,0.9441565084122238,0.9490314126113215,0.9641874432563782
ft_tkt_0002342,ft_sal_001240,ft_evt_0019,CORTESÍA,0,0.40252443406149635,0.3510605473769432,0.44286055930443113,0.3708861768245697
ft_tkt_0002343,ft_sal_001240,ft_evt_0019,CORTESÍA,0,0.40252443406149635,0.3510605473769432,0.44286055930443113,0.3708861768245697
ft_tkt_0002344,ft_sal_001241,ft_evt_0019,GENERAL,1,0.9352882500254978,0.9377796292468349,0.9472373810755529,0.9516834616661072
ft_tkt_0002345,ft_sal_001242,ft_evt_0019,GENERAL,1,0.9352882500254978,0.9294612118151652,0.9381391240629439,0.9491974115371704
ft_tkt_0002346,ft_sal_001242,ft_evt_0019,GENERAL,1,0.9352882500254978,0.9294612118151652,0.9381391240629439,0.9491974115371704
ft_tkt_0002347,ft_sal_001243,ft_evt_0019,PREFERENCIAL,1,0.9314496020944585,0.9515977262764304,0.9494528358276964,0.9686992168426514
ft_tkt_0002348,ft_sal_001243,ft_evt_0019,PREFERENCIAL,1,0.9314496020944585,0.9515977262764304,0.9494528358276964,0.9686992168426514
ft_tkt_0002349,ft_sal_001243,ft_evt_0019,PREFERENCIAL,1,0.9314496020944585,0.9515977262764304,0.9494528358276964,0.9686992168426514
ft_tkt_0002350,ft_sal_001244,ft_evt_0019,PREFERENCIAL,1,0.9314496020944585,0.9462752030851899,0.9494203070375723,0.9655115008354187
ft_tkt_0002351,ft_sal_001245,ft_evt_0019,GENERAL,1,0.9352882500254978,0.9533203189321638,0.9501129851918698,0.9626191854476929
ft_tkt_0002352,ft_sal_001245,ft_evt_0019,GENERAL,1,0.9352882500254978,0.9533203189321638,0.9501129851918698,0.9626191854476929
ft_tkt_0002353,ft_sal_001246,ft_evt_0019,GENERAL,1,0.9352882500254978,0.9486860147840529,0.945484393332404,0.9582523107528687
ft_tkt_0002354,ft_sal_001246,ft_evt_0019,GENERAL,1,0.9352882500254978,0.9486860147840529,0.945484393332404,0.9582523107528687
ft_tkt_0002355,ft_sal_001247,ft_evt_0019,PREFERENCIAL,1,0.9314496020944585,0.9590639584241704,0.9520192373369507,0.9420757293701172
ft_tkt_0002356,ft_sal_001247,ft_evt_0019,PREFERENCIAL,1,0.9314496020944585,0.9590639584241704,0.9520192373369507,0.9420757293701172
ft_tkt_0002357,ft_sal_001248,ft_evt_0019,CORTESÍA,0,0.40252443406149635,0.4198908683677841,0.42919964517718967,0.44313541054725647
ft_tkt_0002358,ft_sal_001249,ft_evt_0019,GENERAL,0,0.9352882500254978,0.9163961659493376,0.9313786591429176,0.9553629159927368
ft_tkt_0002359,ft_sal_001249,ft_evt_0019,GENERAL,1,0.9352882500254978,0.9163961659493376,0.9313786591429176,0.9553629159927368
ft_tkt_0002360,ft_sal_001250,ft_evt_0019,GENERAL,1,0.9352882500254978,0.9191396194930426,0.9370014644124687,0.9425690174102783
ft_tkt_0002361,ft_sal_001250,ft_evt_0019,GENERAL,1,0.9352882500254978,0.9191396194930426,0.9370014644124687,0.9425690174102783
ft_tkt_0002362,ft_sal_001251,ft_evt_0019,GENERAL,1,0.9352882500254978,0.9388572139470716,0.9478888060835545,0.9462546706199646
ft_tkt_0002363,ft_sal_001252,ft_evt_0019,VIP,1,0.9362121140393361,0.9482284289567905,0.9419162387036524,0.956775963306427
ft_tkt_0002364,ft_sal_001252,ft_evt_0019,VIP,1,0.9362121140393361,0.9482284289567905,0.9419162387036524,0.956775963306427
ft_tkt_0002365,ft_sal_001252,ft_evt_0019,VIP,1,0.9362121140393361,0.9482284289567905,0.9419162387036524,0.956775963306427
ft_tkt_0002366,ft_sal_001253,ft_evt_0019,GENERAL,1,0.9352882500254978,0.9154987963943105,0.9388585206357536,0.9463282227516174
ft_tkt_0002367,ft_sal_001253,ft_evt_0019,GENERAL,1,0.9352882500254978,0.9154987963943105,0.9388585206357536,0.9463282227516174
ft_tkt_0002368,ft_sal_001254,ft_evt_0019,VIP,1,0.9362121140393361,0.9542276829042136,0.9509429696001809,0.9628912210464478
ft_tkt_0002369,ft_sal_001255,ft_evt_0019,CORTESÍA,1,0.40252443406149635,0.4179597941700318,0.4731101647273114,0.44911420345306396
ft_tkt_0002370,ft_sal_001255,ft_evt_0019,CORTESÍA,0,0.40252443406149635,0.4179597941700318,0.4731101647273114,0.44911420345306396
ft_tkt_0002371,ft_sal_001256,ft_evt_0019,GENERAL,1,0.9352882500254978,0.9652087537147583,0.9642807501813652,0.9644284248352051
ft_tkt_0002372,ft_sal_001257,ft_evt_0019,VIP,1,0.9362121140393361,0.8952223324314009,0.9450344765732407,0.9417409896850586
ft_tkt_0002373,ft_sal_001258,ft_evt_0019,VIP,1,0.9362121140393361,0.9699570206718372,0.9532861840046486,0.9467673897743225
ft_tkt_0002374,ft_sal_001258,ft_evt_0019,VIP,1,0.9362121140393361,0.9699570206718372,0.9532861840046486,0.9467673897743225
ft_tkt_0002375,ft_sal_001258,ft_evt_0019,VIP,1,0.9362121140393361,0.9699570206718372,0.9532861840046486,0.9467673897743225
ft_tkt_0002376,ft_sal_001259,ft_evt_0019,CORTESÍA,0,0.40252443406149635,0.28813495389208277,0.3833953631699487,0.3891938626766205
ft_tkt_0002377,ft_sal_001259,ft_evt_0019,CORTESÍA,0,0.40252443406149635,0.28813495389208277,0.3833953631699487,0.3891938626766205
ft_tkt_0002378,ft_sal_001259,ft_evt_0019,CORTESÍA,1,0.40252443406149635,0.28813495389208277,0.3833953631699487,0.3891938626766205
ft_tkt_0002379,ft_sal_001260,ft_evt_0019,GENERAL,1,0.9352882500254978,0.9258578782079109,0.9353167359949832,0.9533412456512451
ft_tkt_0002380,ft_sal_001260,ft_evt_0019,GENERAL,1,0.9352882500254978,0.9258578782079109,0.9353167359949832,0.9533412456512451
ft_tkt_0002381,ft_sal_001261,ft_evt_0019,PREFERENCIAL,1,0.9314496020944585,0.9384948040680753,0.9445588732245858,0.9618334174156189
ft_tkt_0002382,ft_sal_001261,ft_evt_0019,PREFERENCIAL,1,0.9314496020944585,0.9384948040680753,0.9445588732245858,0.9618334174156189
ft_tkt_0002383,ft_sal_001262,ft_evt_0019,GENERAL,1,0.9352882500254978,0.9693214584748099,0.9720365432314977,0.9657933712005615
ft_tkt_0002384,ft_sal_001262,ft_evt_0019,GENERAL,1,0.9352882500254978,0.9693214584748099,0.9720365432314977,0.9657933712005615
ft_tkt_0002385,ft_sal_001263,ft_evt_0019,CORTESÍA,1,0.40252443406149635,0.2889793508531861,0.3442464101982294,0.24128319323062897
ft_tkt_0002386,ft_sal_001264,ft_evt_0019,CORTESÍA,0,0.40252443406149635,0.3703082850274054,0.4628531585876038,0.4412548542022705
ft_tkt_0002387,ft_sal_001265,ft_evt_0019,PREFERENCIAL,1,0.9314496020944585,0.9457684206989342,0.94668760366862,0.9704509377479553
ft_tkt_0002388,ft_sal_001265,ft_evt_0019,PREFERENCIAL,1,0.9314496020944585,0.9457684206989342,0.94668760366862,0.9704509377479553
ft_tkt_0002389,ft_sal_001265,ft_evt_0019,PREFERENCIAL,1,0.9314496020944585,0.9457684206989342,0.94668760366862,0.9704509377479553
ft_tkt_0002390,ft_sal_001265,ft_evt_0019,PREFERENCIAL,1,0.9314496020944585,0.9457684206989342,0.94668760366862,0.9704509377479553
ft_tkt_0002391,ft_sal_001265,ft_evt_0019,PREFERENCIAL,1,0.9314496020944585,0.9457684206989342,0.94668760366862,0.9704509377479553
ft_tkt_0002392,ft_sal_001265,ft_evt_0019,PREFERENCIAL,1,0.9314496020944585,0.9457684206989342,0.94668760366862,0.9704509377479553
ft_tkt_0002393,ft_sal_001266,ft_evt_0019,GENERAL,1,0.9352882500254978,0.9667523446450836,0.9646369339843597,0.9710606932640076
ft_tkt_0002394,ft_sal_001267,ft_evt_0019,CORTESÍA,1,0.40252443406149635,0.29374495007469514,0.3756407692689605,0.2859143912792206
ft_tkt_0002395,ft_sal_001268,ft_evt_0019,PREFERENCIAL,0,0.9314496020944585,0.9457762699935551,0.9496795148987247,0.9636093974113464
ft_tkt_0002396,ft_sal_001269,ft_evt_0019,PREFERENCIAL,1,0.9314496020944585,0.9476403103934965,0.9421632225473705,0.939483106136322
ft_tkt_0002397,ft_sal_001269,ft_evt_0019,PREFERENCIAL,1,0.9314496020944585,0.9476403103934965,0.9421632225473705,0.939483106136322
ft_tkt_0002398,ft_sal_001270,ft_evt_0019,GENERAL,1,0.9352882500254978,0.9650012495036325,0.9674153501038464,0.9724695682525635
ft_tkt_0002399,ft_sal_001271,ft_evt_0019,PREFERENCIAL,1,0.9314496020944585,0.9287311908275296,0.9401557377141878,0.9474058747291565
ft_tkt_0002400,ft_sal_001271,ft_evt_0019,PREFERENCIAL,0,0.9314496020944585,0.9287311908275296,0.9401557377141878,0.9474058747291565
ft_tkt_0002401,ft_sal_001272,ft_evt_0019,GENERAL,1,0.9352882500254978,0.9367199746262583,0.9379652162827392,0.9475370645523071
ft_tkt_0002402,ft_sal_001272,ft_evt_0019,GENERAL,1,0.9352882500254978,0.9367199746262583,0.9379652162827392,0.9475370645523071
ft_tkt_0002403,ft_sal_001273,ft_evt_0019,PREFERENCIAL,1,0.9314496020944585,0.9781726656185394,0.9624407174082603,0.9755615592002869
ft_tkt_0002404,ft_sal_001274,ft_evt_0019,GENERAL,1,0.9352882500254978,0.9153437471643071,0.9288017981554546,0.9559431672096252
ft_tkt_0002405,ft_sal_001274,ft_evt_0019,GENERAL,1,0.9352882500254978,0.9153437471643071,0.9288017981554546,0.9559431672096252
ft_tkt_0002406,ft_sal_001275,ft_evt_0002,CORTESÍA,0,0.3751295741085871,0.3374084354167101,0.30790046036784435,0.34872937202453613
ft_tkt_0002407,ft_sal_001276,ft_evt_0002,CORTESÍA,1,0.3751295741085871,0.4159357205430925,0.3649710063541937,0.31387603282928467
ft_tkt_0002408,ft_sal_001276,ft_evt_0002,CORTESÍA,1,0.3751295741085871,0.4159357205430925,0.3649710063541937,0.31387603282928467
ft_tkt_0002409,ft_sal_001276,ft_evt_0002,CORTESÍA,0,0.3751295741085871,0.4159357205430925,0.3649710063541937,0.31387603282928467
ft_tkt_0002410,ft_sal_001276,ft_evt_0002,CORTESÍA,1,0.3751295741085871,0.4159357205430925,0.3649710063541937,0.31387603282928467
ft_tkt_0002411,ft_sal_001277,ft_evt_0002,CORTESÍA,0,0.3751295741085871,0.3719500980894359,0.3296567876066595,0.33727163076400757
ft_tkt_0002412,ft_sal_001278,ft_evt_0002,CORTESÍA,1,0.3751295741085871,0.5072774920130305,0.3835245674333672,0.35369688272476196
ft_tkt_0002413,ft_sal_001278,ft_evt_0002,CORTESÍA,1,0.3751295741085871,0.5072774920130305,0.3835245674333672,0.35369688272476196
ft_tkt_0002414,ft_sal_001279,ft_evt_0002,CORTESÍA,1,0.3751295741085871,0.6932894284079174,0.4699152582396663,0.45178312063217163
ft_tkt_0002415,ft_sal_001280,ft_evt_0002,CORTESÍA,1,0.3751295741085871,0.4945279539621941,0.4015388994800103,0.3194657266139984
ft_tkt_0002416,ft_sal_001280,ft_evt_0002,CORTESÍA,1,0.3751295741085871,0.4945279539621941,0.4015388994800103,0.3194657266139984
ft_tkt_0002417,ft_sal_001281,ft_evt_0002,CORTESÍA,1,0.3751295741085871,0.568090205858385,0.459943574738077,0.430145800113678
ft_tkt_0002418,ft_sal_001282,ft_evt_0002,CORTESÍA,1,0.3751295741085871,0.742414037146225,0.46707619311787085,0.5284668803215027
ft_tkt_0002419,ft_sal_001283,ft_evt_0002,CORTESÍA,0,0.3751295741085871,0.6142849573508381,0.453712722562556,0.4809642434120178
ft_tkt_0002420,ft_sal_001283,ft_evt_0002,CORTESÍA,1,0.3751295741085871,0.6142849573508381,0.453712722562556,0.4809642434120178
ft_tkt_0002421,ft_sal_001284,ft_evt_0002,CORTESÍA,0,0.3751295741085871,0.519855003519184,0.47814466510787484,0.5335904955863953
ft_tkt_0002422,ft_sal_001284,ft_evt_0002,CORTESÍA,0,0.3751295741085871,0.519855003519184,0.47814466510787484,0.5335904955863953
ft_tkt_0002423,ft_sal_001285,ft_evt_0002,CORTESÍA,0,0.3751295741085871,0.37428318804505883,0.2790668537913716,0.27803677320480347
ft_tkt_0002424,ft_sal_001286,ft_evt_0002,CORTESÍA,1,0.3751295741085871,0.4436744303854512,0.38495331102918395,0.36694392561912537
ft_tkt_0002425,ft_sal_001286,ft_evt_0002,CORTESÍA,0,0.3751295741085871,0.4436744303854512,0.38495331102918395,0.36694392561912537
ft_tkt_0002426,ft_sal_001287,ft_evt_0002,CORTESÍA,1,0.3751295741085871,0.4490464845010863,0.37722859203087244,0.384782075881958
ft_tkt_0002427,ft_sal_001287,ft_evt_0002,CORTESÍA,0,0.3751295741085871,0.4490464845010863,0.37722859203087244,0.384782075881958
ft_tkt_0002428,ft_sal_001288,ft_evt_0002,CORTESÍA,1,0.3751295741085871,0.463555978068575,0.4446511735319717,0.4128260910511017
ft_tkt_0002429,ft_sal_001289,ft_evt_0002,CORTESÍA,0,0.3751295741085871,0.6146916239154481,0.4604874844408312,0.48144251108169556
ft_tkt_0002430,ft_sal_001289,ft_evt_0002,CORTESÍA,0,0.3751295741085871,0.6146916239154481,0.4604874844408312,0.48144251108169556
ft_tkt_0002431,ft_sal_001290,ft_evt_0002,CORTESÍA,1,0.3751295741085871,0.576158170832172,0.4578026267057243,0.4713066518306732
ft_tkt_0002432,ft_sal_001290,ft_evt_0002,CORTESÍA,1,0.3751295741085871,0.576158170832172,0.4578026267057243,0.4713066518306732
ft_tkt_0002433,ft_sal_001291,ft_evt_0002,CORTESÍA,1,0.3751295741085871,0.5160307329677325,0.4485170557243285,0.4293464422225952
ft_tkt_0002434,ft_sal_001291,ft_evt_0002,CORTESÍA,1,0.3751295741085871,0.5160307329677325,0.4485170557243285,0.4293464422225952
ft_tkt_0002435,ft_sal_001292,ft_evt_0002,CORTESÍA,0,0.3751295741085871,0.5157200486402747,0.43434601540458667,0.5001303553581238
ft_tkt_0002436,ft_sal_001293,ft_evt_0002,CORTESÍA,1,0.3751295741085871,0.47781141625915474,0.4379415787148507,0.42177650332450867
ft_tkt_0002437,ft_sal_001294,ft_evt_0002,CORTESÍA,1,0.3751295741085871,0.5037803878814978,0.44208699857544065,0.4205392897129059
ft_tkt_0002438,ft_sal_001294,ft_evt_0002,CORTESÍA,0,0.3751295741085871,0.5037803878814978,0.44208699857544065,0.4205392897129059
ft_tkt_0002439,ft_sal_001294,ft_evt_0002,CORTESÍA,0,0.3751295741085871,0.5037803878814978,0.44208699857544065,0.4205392897129059
ft_tkt_0002440,ft_sal_001295,ft_evt_0002,CORTESÍA,1,0.3751295741085871,0.6102954759228626,0.45672727547580616,0.5008542537689209
ft_tkt_0002441,ft_sal_001296,ft_evt_0002,CORTESÍA,0,0.3751295741085871,0.4678274251169668,0.4419185702962152,0.41840389370918274
ft_tkt_0002442,ft_sal_001297,ft_evt_0002,CORTESÍA,0,0.3751295741085871,0.5227911036568388,0.43391262981749307,0.4361239969730377
ft_tkt_0002443,ft_sal_001297,ft_evt_0002,CORTESÍA,0,0.3751295741085871,0.5227911036568388,0.43391262981749307,0.4361239969730377
ft_tkt_0002444,ft_sal_001297,ft_evt_0002,CORTESÍA,0,0.3751295741085871,0.5227911036568388,0.43391262981749307,0.4361239969730377
ft_tkt_0002445,ft_sal_001298,ft_evt_0002,CORTESÍA,0,0.3751295741085871,0.2853100478064686,0.27953623426876695,0.21253955364227295
ft_tkt_0002446,ft_sal_001298,ft_evt_0002,CORTESÍA,1,0.3751295741085871,0.2853100478064686,0.27953623426876695,0.21253955364227295
ft_tkt_0002447,ft_sal_001298,ft_evt_0002,CORTESÍA,1,0.3751295741085871,0.2853100478064686,0.27953623426876695,0.21253955364227295
ft_tkt_0002448,ft_sal_001299,ft_evt_0002,CORTESÍA,1,0.3751295741085871,0.3313377046811016,0.2989692666502757,0.21767044067382812
ft_tkt_0002449,ft_sal_001299,ft_evt_0002,CORTESÍA,0,0.3751295741085871,0.3313377046811016,0.2989692666502757,0.21767044067382812
ft_tkt_0002450,ft_sal_001299,ft_evt_0002,CORTESÍA,1,0.3751295741085871,0.3313377046811016,0.2989692666502757,0.21767044067382812
ft_tkt_0002451,ft_sal_001299,ft_evt_0002,CORTESÍA,0,0.3751295741085871,0.3313377046811016,0.2989692666502757,0.21767044067382812
ft_tkt_0002452,ft_sal_001300,ft_evt_0002,CORTESÍA,0,0.3751295741085871,0.46849407845938135,0.348018018869543,0.2522439956665039
ft_tkt_0002453,ft_sal_001301,ft_evt_0002,CORTESÍA,0,0.3751295741085871,0.4568209440203555,0.4077760216475243,0.39632901549339294
ft_tkt_0002454,ft_sal_001301,ft_evt_0002,CORTESÍA,1,0.3751295741085871,0.4568209440203555,0.4077760216475243,0.39632901549339294
ft_tkt_0002455,ft_sal_001301,ft_evt_0002,CORTESÍA,1,0.3751295741085871,0.4568209440203555,0.4077760216475243,0.39632901549339294
ft_tkt_0002456,ft_sal_001301,ft_evt_0002,CORTESÍA,0,0.3751295741085871,0.4568209440203555,0.4077760216475243,0.39632901549339294
ft_tkt_0002457,ft_sal_001301,ft_evt_0002,CORTESÍA,0,0.3751295741085871,0.4568209440203555,0.4077760216475243,0.39632901549339294
ft_tkt_0002458,ft_sal_001301,ft_evt_0002,CORTESÍA,0,0.3751295741085871,0.4568209440203555,0.4077760216475243,0.39632901549339294
ft_tkt_0002459,ft_sal_001302,ft_evt_0002,CORTESÍA,1,0.3751295741085871,0.44140407505767437,0.3778843801757694,0.3386359214782715
ft_tkt_0002460,ft_sal_001302,ft_evt_0002,CORTESÍA,1,0.3751295741085871,0.44140407505767437,0.3778843801757694,0.3386359214782715
ft_tkt_0002461,ft_sal_001303,ft_evt_0002,CORTESÍA,1,0.3751295741085871,0.49390989736791446,0.41526758076835135,0.3653968274593353
ft_tkt_0002462,ft_sal_001303,ft_evt_0002,CORTESÍA,1,0.3751295741085871,0.49390989736791446,0.41526758076835135,0.3653968274593353
ft_tkt_0002463,ft_sal_001303,ft_evt_0002,CORTESÍA,1,0.3751295741085871,0.49390989736791446,0.41526758076835135,0.3653968274593353
ft_tkt_0002464,ft_sal_001304,ft_evt_0002,CORTESÍA,1,0.3751295741085871,0.49576942565687615,0.4301714544022079,0.3994967043399811
ft_tkt_0002465,ft_sal_001304,ft_evt_0002,CORTESÍA,1,0.3751295741085871,0.49576942565687615,0.4301714544022079,0.3994967043399811
ft_tkt_0002466,ft_sal_001304,ft_evt_0002,CORTESÍA,1,0.3751295741085871,0.49576942565687615,0.4301714544022079,0.3994967043399811
ft_tkt_0002467,ft_sal_001305,ft_evt_0002,CORTESÍA,0,0.3751295741085871,0.51667473367121,0.4823949779742939,0.4790971577167511
ft_tkt_0002468,ft_sal_001306,ft_evt_0002,CORTESÍA,0,0.3751295741085871,0.431068182608215,0.3547247740885563,0.30983489751815796
ft_tkt_0002469,ft_sal_001307,ft_evt_0002,CORTESÍA,0,0.3751295741085871,0.41275399488281406,0.33334826787865385,0.2809985876083374
ft_tkt_0002470,ft_sal_001308,ft_evt_0002,CORTESÍA,1,0.3751295741085871,0.5193168973429246,0.4404503165926083,0.4326689839363098
ft_tkt_0002471,ft_sal_001308,ft_evt_0002,CORTESÍA,0,0.3751295741085871,0.5193168973429246,0.4404503165926083,0.4326689839363098
ft_tkt_0002472,ft_sal_001309,ft_evt_0002,CORTESÍA,1,0.3751295741085871,0.425695407637194,0.38935753111481064,0.4369724988937378
ft_tkt_0002473,ft_sal_001309,ft_evt_0002,CORTESÍA,0,0.3751295741085871,0.425695407637194,0.38935753111481064,0.4369724988937378
ft_tkt_0002474,ft_sal_001310,ft_evt_0002,CORTESÍA,1,0.3751295741085871,0.49386285858912776,0.4104448456738038,0.41541269421577454
ft_tkt_0002475,ft_sal_001310,ft_evt_0002,CORTESÍA,0,0.3751295741085871,0.49386285858912776,0.4104448456738038,0.41541269421577454
ft_tkt_0002476,ft_sal_001311,ft_evt_0002,CORTESÍA,1,0.3751295741085871,0.48695537860409693,0.4409500374916342,0.42706042528152466
ft_tkt_0002477,ft_sal_001312,ft_evt_0002,CORTESÍA,0,0.3751295741085871,0.4052483416262084,0.3389225816157514,0.28658169507980347
ft_tkt_0002478,ft_sal_001312,ft_evt_0002,CORTESÍA,1,0.3751295741085871,0.4052483416262084,0.3389225816157514,0.28658169507980347
ft_tkt_0002479,ft_sal_001313,ft_evt_0002,CORTESÍA,1,0.3751295741085871,0.5044956198945139,0.44208699857544065,0.4231418967247009
ft_tkt_0002480,ft_sal_001313,ft_evt_0002,CORTESÍA,0,0.3751295741085871,0.5044956198945139,0.44208699857544065,0.4231418967247009
ft_tkt_0002481,ft_sal_001313,ft_evt_0002,CORTESÍA,0,0.3751295741085871,0.5044956198945139,0.44208699857544065,0.4231418967247009
ft_tkt_0002482,ft_sal_001314,ft_evt_0002,CORTESÍA,1,0.3751295741085871,0.3904291277842513,0.3380808024853724,0.34132638573646545
ft_tkt_0002483,ft_sal_001314,ft_evt_0002,CORTESÍA,0,0.3751295741085871,0.3904291277842513,0.3380808024853724,0.34132638573646545
ft_tkt_0002484,ft_sal_001315,ft_evt_0002,CORTESÍA,1,0.3751295741085871,0.5050207493140992,0.4159525963043302,0.36837321519851685
ft_tkt_0002485,ft_sal_001315,ft_evt_0002,CORTESÍA,1,0.3751295741085871,0.5050207493140992,0.4159525963043302,0.36837321519851685
ft_tkt_0002486,ft_sal_001316,ft_evt_0002,CORTESÍA,0,0.3751295741085871,0.460426944378601,0.4446511735319717,0.46173837780952454
ft_tkt_0002487,ft_sal_001317,ft_evt_0002,CORTESÍA,1,0.3751295741085871,0.38222819535412456,0.3824075708641588,0.31652724742889404
ft_tkt_0002488,ft_sal_001317,ft_evt_0002,CORTESÍA,1,0.3751295741085871,0.38222819535412456,0.3824075708641588,0.31652724742889404
ft_tkt_0002489,ft_sal_001317,ft_evt_0002,CORTESÍA,0,0.3751295741085871,0.38222819535412456,0.3824075708641588,0.31652724742889404
ft_tkt_0002490,ft_sal_001317,ft_evt_0002,CORTESÍA,1,0.3751295741085871,0.38222819535412456,0.3824075708641588,0.31652724742889404
ft_tkt_0002491,ft_sal_001317,ft_evt_0002,CORTESÍA,1,0.3751295741085871,0.38222819535412456,0.3824075708641588,0.31652724742889404
ft_tkt_0002492,ft_sal_001317,ft_evt_0002,CORTESÍA,0,0.3751295741085871,0.38222819535412456,0.3824075708641588,0.31652724742889404
ft_tkt_0002493,ft_sal_001318,ft_evt_0002,CORTESÍA,1,0.3751295741085871,0.5157449104393227,0.4485170557243285,0.4293464422225952
ft_tkt_0002494,ft_sal_001318,ft_evt_0002,CORTESÍA,0,0.3751295741085871,0.5157449104393227,0.4485170557243285,0.4293464422225952
ft_tkt_0002495,ft_sal_001319,ft_evt_0002,CORTESÍA,0,0.3751295741085871,0.5100265330759639,0.44519190663420105,0.4761364459991455
ft_tkt_0002496,ft_sal_001319,ft_evt_0002,CORTESÍA,1,0.3751295741085871,0.5100265330759639,0.44519190663420105,0.4761364459991455
ft_tkt_0002497,ft_sal_001320,ft_evt_0002,CORTESÍA,1,0.3751295741085871,0.6052070631932849,0.45402710085598513,0.4100153148174286
ft_tkt_0002498,ft_sal_001320,ft_evt_0002,CORTESÍA,1,0.3751295741085871,0.6052070631932849,0.45402710085598513,0.4100153148174286
ft_tkt_0002499,ft_sal_001320,ft_evt_0002,CORTESÍA,1,0.3751295741085871,0.6052070631932849,0.45402710085598513,0.4100153148174286
ft_tkt_0002500,ft_sal_001321,ft_evt_0002,CORTESÍA,0,0.3751295741085871,0.38594902553043436,0.317465705390369,0.27724742889404297
ft_tkt_0002501,ft_sal_001321,ft_evt_0002,CORTESÍA,1,0.3751295741085871,0.38594902553043436,0.317465705390369,0.27724742889404297
ft_tkt_0002502,ft_sal_001322,ft_evt_0002,CORTESÍA,1,0.3751295741085871,0.45176803115089437,0.41542078563443186,0.39627203345298767
ft_tkt_0002503,ft_sal_001323,ft_evt_0002,CORTESÍA,0,0.3751295741085871,0.5251705186287711,0.4377725979902125,0.43688932061195374
ft_tkt_0002504,ft_sal_001323,ft_evt_0002,CORTESÍA,1,0.3751295741085871,0.5251705186287711,0.4377725979902125,0.43688932061195374
ft_tkt_0002505,ft_sal_001324,ft_evt_0002,CORTESÍA,1,0.3751295741085871,0.4995076718797744,0.366531600634297,0.3029768168926239
ft_tkt_0002506,ft_sal_001324,ft_evt_0002,CORTESÍA,0,0.3751295741085871,0.4995076718797744,0.366531600634297,0.3029768168926239
ft_tkt_0002507,ft_sal_001324,ft_evt_0002,CORTESÍA,0,0.3751295741085871,0.4995076718797744,0.366531600634297,0.3029768168926239
ft_tkt_0002508,ft_sal_001325,ft_evt_0002,CORTESÍA,0,0.3751295741085871,0.37851355650822843,0.34528757372146396,0.2857432961463928
ft_tkt_0002509,ft_sal_001325,ft_evt_0002,CORTESÍA,1,0.3751295741085871,0.37851355650822843,0.34528757372146396,0.2857432961463928
ft_tkt_0002510,ft_sal_001326,ft_evt_0002,CORTESÍA,0,0.3751295741085871,0.529449368508349,0.4384805947375021,0.43873703479766846
ft_tkt_0002511,ft_sal_001326,ft_evt_0002,CORTESÍA,1,0.3751295741085871,0.529449368508349,0.4384805947375021,0.43873703479766846
ft_tkt_0002512,ft_sal_001327,ft_evt_0002,CORTESÍA,1,0.3751295741085871,0.5293068058132212,0.4384805947375021,0.43873703479766846
ft_tkt_0002513,ft_sal_001327,ft_evt_0002,CORTESÍA,1,0.3751295741085871,0.5293068058132212,0.4384805947375021,0.43873703479766846
ft_tkt_0002514,ft_sal_001328,ft_evt_0002,CORTESÍA,0,0.3751295741085871,0.4564490744843962,0.41795610776296543,0.37831324338912964
ft_tkt_0002515,ft_sal_001329,ft_evt_0002,CORTESÍA,1,0.3751295741085871,0.3843348631661141,0.39450274896993337,0.35939329862594604
ft_tkt_0002516,ft_sal_001330,ft_evt_0002,CORTESÍA,1,0.3751295741085871,0.4169265641030955,0.3470677065669041,0.3099313974380493
ft_tkt_0002517,ft_sal_001330,ft_evt_0002,CORTESÍA,1,0.3751295741085871,0.4169265641030955,0.3470677065669041,0.3099313974380493
ft_tkt_0002518,ft_sal_001331,ft_evt_0002,CORTESÍA,1,0.3751295741085871,0.3433071943921004,0.27948273485736425,0.16688641905784607
ft_tkt_0002519,ft_sal_001331,ft_evt_0002,CORTESÍA,1,0.3751295741085871,0.3433071943921004,0.27948273485736425,0.16688641905784607
ft_tkt_0002520,ft_sal_001332,ft_evt_0002,CORTESÍA,1,0.3751295741085871,0.5303839788225262,0.35484616371620664,0.2542131245136261
ft_tkt_0002521,ft_sal_001332,ft_evt_0002,CORTESÍA,1,0.3751295741085871,0.5303839788225262,0.35484616371620664,0.2542131245136261
ft_tkt_0002522,ft_sal_001333,ft_evt_0002,CORTESÍA,1,0.3751295741085871,0.4826676852933238,0.44039120833200734,0.4276808202266693
ft_tkt_0002523,ft_sal_001334,ft_evt_0002,CORTESÍA,0,0.3751295741085871,0.3650892780915695,0.36082455412325615,0.2924221456050873
ft_tkt_0002524,ft_sal_001335,ft_evt_0002,CORTESÍA,0,0.3751295741085871,0.40372323627337303,0.3309089566220573,0.31548744440078735
ft_tkt_0002525,ft_sal_001335,ft_evt_0002,CORTESÍA,0,0.3751295741085871,0.40372323627337303,0.3309089566220573,0.31548744440078735
ft_tkt_0002526,ft_sal_001336,ft_evt_0002,CORTESÍA,1,0.3751295741085871,0.44673633230054904,0.385285160534367,0.3820788264274597
ft_tkt_0002527,ft_sal_001336,ft_evt_0002,CORTESÍA,1,0.3751295741085871,0.44673633230054904,0.385285160534367,0.3820788264274597
ft_tkt_0002528,ft_sal_001337,ft_evt_0002,CORTESÍA,1,0.3751295741085871,0.2771628459836169,0.24604878280054385,0.3246718943119049
ft_tkt_0002529,ft_sal_001337,ft_evt_0002,CORTESÍA,0,0.3751295741085871,0.2771628459836169,0.24604878280054385,0.3246718943119049
ft_tkt_0002530,ft_sal_001338,ft_evt_0002,CORTESÍA,0,0.3751295741085871,0.3668429172691222,0.34601898027111727,0.3102618455886841
ft_tkt_0002531,ft_sal_001339,ft_evt_0002,CORTESÍA,1,0.3751295741085871,0.46341368619067397,0.4446511735319717,0.4128260910511017
ft_tkt_0002532,ft_sal_001340,ft_evt_0002,CORTESÍA,0,0.3751295741085871,0.42371702185627586,0.3382731926283998,0.2975936532020569
ft_tkt_0002533,ft_sal_001340,ft_evt_0002,CORTESÍA,1,0.3751295741085871,0.42371702185627586,0.3382731926283998,0.2975936532020569
ft_tkt_0002534,ft_sal_001341,ft_evt_0002,CORTESÍA,0,0.3751295741085871,0.42058737157532683,0.38114762675418,0.3523525595664978
ft_tkt_0002535,ft_sal_001342,ft_evt_0002,CORTESÍA,0,0.3751295741085871,0.5284513334583217,0.4384805947375021,0.4327416718006134
ft_tkt_0002536,ft_sal_001342,ft_evt_0002,CORTESÍA,1,0.3751295741085871,0.5284513334583217,0.4384805947375021,0.4327416718006134
ft_tkt_0002537,ft_sal_001343,ft_evt_0002,CORTESÍA,1,0.3751295741085871,0.7010266349625709,0.46406535275866395,0.44831496477127075
ft_tkt_0002538,ft_sal_001344,ft_evt_0002,CORTESÍA,1,0.3751295741085871,0.6159106609704564,0.46211643851582224,0.4430167078971863
ft_tkt_0002539,ft_sal_001344,ft_evt_0002,CORTESÍA,1,0.3751295741085871,0.6159106609704564,0.46211643851582224,0.4430167078971863
ft_tkt_0002540,ft_sal_001345,ft_evt_0002,CORTESÍA,1,0.3751295741085871,0.44652027198210614,0.3635053642116939,0.2958908677101135
ft_tkt_0002541,ft_sal_001345,ft_evt_0002,CORTESÍA,1,0.3751295741085871,0.44652027198210614,0.3635053642116939,0.2958908677101135
ft_tkt_0002542,ft_sal_001345,ft_evt_0002,CORTESÍA,1,0.3751295741085871,0.44652027198210614,0.3635053642116939,0.2958908677101135
ft_tkt_0002543,ft_sal_001345,ft_evt_0002,CORTESÍA,1,0.3751295741085871,0.44652027198210614,0.3635053642116939,0.2958908677101135
ft_tkt_0002544,ft_sal_001345,ft_evt_0002,CORTESÍA,0,0.3751295741085871,0.44652027198210614,0.3635053642116939,0.2958908677101135
ft_tkt_0002545,ft_sal_001345,ft_evt_0002,CORTESÍA,1,0.3751295741085871,0.44652027198210614,0.3635053642116939,0.2958908677101135
ft_tkt_0002546,ft_sal_001346,ft_evt_0002,CORTESÍA,0,0.3751295741085871,0.4004720226928283,0.34303999785643596,0.2388794720172882
ft_tkt_0002547,ft_sal_001347,ft_evt_0002,CORTESÍA,0,0.3751295741085871,0.41335931951140936,0.32810296083976925,0.3471180200576782
ft_tkt_0002548,ft_sal_001348,ft_evt_0002,CORTESÍA,1,0.3751295741085871,0.4568750182308609,0.4267154890778162,0.37831324338912964
ft_tkt_0002549,ft_sal_001349,ft_evt_0002,CORTESÍA,0,0.3751295741085871,0.4332676312929415,0.3362839195176718,0.2414555698633194
ft_tkt_0002550,ft_sal_001350,ft_evt_0002,CORTESÍA,0,0.3751295741085871,0.7233695192409926,0.4291943454769282,0.46655386686325073
ft_tkt_0002551,ft_sal_001351,ft_evt_0002,CORTESÍA,1,0.3751295741085871,0.5206023488994479,0.4404503165926083,0.4370097219944
ft_tkt_0002552,ft_sal_001351,ft_evt_0002,CORTESÍA,0,0.3751295741085871,0.5206023488994479,0.4404503165926083,0.4370097219944
ft_tkt_0002553,ft_sal_001352,ft_evt_0002,CORTESÍA,1,0.3751295741085871,0.45517162780459125,0.41542078563443186,0.3541225492954254
ft_tkt_0002554,ft_sal_001353,ft_evt_0002,CORTESÍA,1,0.3751295741085871,0.41383547724793657,0.3255178031336372,0.2955297827720642
ft_tkt_0002555,ft_sal_001353,ft_evt_0002,CORTESÍA,0,0.3751295741085871,0.41383547724793657,0.3255178031336372,0.2955297827720642
ft_tkt_0002556,ft_sal_001354,ft_evt_0002,CORTESÍA,1,0.3751295741085871,0.43192057388403615,0.3999141543955517,0.3209863305091858
ft_tkt_0002557,ft_sal_001354,ft_evt_0002,CORTESÍA,0,0.3751295741085871,0.43192057388403615,0.3999141543955517,0.3209863305091858
ft_tkt_0002558,ft_sal_001355,ft_evt_0002,CORTESÍA,0,0.3751295741085871,0.40473209400738186,0.36211203556318367,0.3370012044906616
ft_tkt_0002559,ft_sal_001356,ft_evt_0002,CORTESÍA,1,0.3751295741085871,0.24464065767243062,0.292532747214429,0.25620752573013306
ft_tkt_0002560,ft_sal_001357,ft_evt_0002,CORTESÍA,0,0.3751295741085871,0.47681208594232266,0.4379415787148507,0.4254656434059143
ft_tkt_0002561,ft_sal_001358,ft_evt_0002,CORTESÍA,0,0.3751295741085871,0.3821008669250896,0.35201525691889424,0.27994784712791443
ft_tkt_0002562,ft_sal_001358,ft_evt_0002,CORTESÍA,1,0.3751295741085871,0.3821008669250896,0.35201525691889424,0.27994784712791443
ft_tkt_0002563,ft_sal_001358,ft_evt_0002,CORTESÍA,1,0.3751295741085871,0.3821008669250896,0.35201525691889424,0.27994784712791443
ft_tkt_0002564,ft_sal_001359,ft_evt_0002,CORTESÍA,0,0.3751295741085871,0.5083104400286862,0.44519190663420105,0.48902079463005066
ft_tkt_0002565,ft_sal_001359,ft_evt_0002,CORTESÍA,0,0.3751295741085871,0.5083104400286862,0.44519190663420105,0.48902079463005066
ft_tkt_0002566,ft_sal_001360,ft_evt_0002,CORTESÍA,1,0.3751295741085871,0.4731880500318457,0.4199878407741767,0.45118314027786255
ft_tkt_0002567,ft_sal_001360,ft_evt_0002,CORTESÍA,1,0.3751295741085871,0.4731880500318457,0.4199878407741767,0.45118314027786255
ft_tkt_0002568,ft_sal_001360,ft_evt_0002,CORTESÍA,0,0.3751295741085871,0.4731880500318457,0.4199878407741767,0.45118314027786255
ft_tkt_0002569,ft_sal_001361,ft_evt_0002,CORTESÍA,1,0.3751295741085871,0.4974389715196942,0.40593586582182806,0.41541269421577454
ft_tkt_0002570,ft_sal_001361,ft_evt_0002,CORTESÍA,1,0.3751295741085871,0.4974389715196942,0.40593586582182806,0.41541269421577454
ft_tkt_0002571,ft_sal_001362,ft_evt_0002,CORTESÍA,1,0.3751295741085871,0.40629986431499404,0.38952309264347224,0.29425373673439026
ft_tkt_0002572,ft_sal_001362,ft_evt_0002,CORTESÍA,1,0.3751295741085871,0.40629986431499404,0.38952309264347224,0.29425373673439026
ft_tkt_0002573,ft_sal_001362,ft_evt_0002,CORTESÍA,1,0.3751295741085871,0.40629986431499404,0.38952309264347224,0.29425373673439026
ft_tkt_0002574,ft_sal_001363,ft_evt_0002,CORTESÍA,0,0.3751295741085871,0.5203520747717783,0.3887949594905277,0.37550288438796997
ft_tkt_0002575,ft_sal_001363,ft_evt_0002,CORTESÍA,1,0.3751295741085871,0.5203520747717783,0.3887949594905277,0.37550288438796997
ft_tkt_0002576,ft_sal_001363,ft_evt_0002,CORTESÍA,1,0.3751295741085871,0.5203520747717783,0.3887949594905277,0.37550288438796997
ft_tkt_0002577,ft_sal_001364,ft_evt_0002,CORTESÍA,1,0.3751295741085871,0.6049335845608598,0.45402710085598513,0.4133790135383606
ft_tkt_0002578,ft_sal_001364,ft_evt_0002,CORTESÍA,1,0.3751295741085871,0.6049335845608598,0.45402710085598513,0.4133790135383606
ft_tkt_0002579,ft_sal_001364,ft_evt_0002,CORTESÍA,0,0.3751295741085871,0.6049335845608598,0.45402710085598513,0.4133790135383606
ft_tkt_0002580,ft_sal_001365,ft_evt_0002,CORTESÍA,0,0.3751295741085871,0.3783694616264328,0.39450274896993337,0.35939329862594604
ft_tkt_0002581,ft_sal_001366,ft_evt_0002,CORTESÍA,1,0.3751295741085871,0.5952290824897032,0.4490118113570228,0.42153725028038025
ft_tkt_0002582,ft_sal_001366,ft_evt_0002,CORTESÍA,1,0.3751295741085871,0.5952290824897032,0.4490118113570228,0.42153725028038025
ft_tkt_0002583,ft_sal_001366,ft_evt_0002,CORTESÍA,1,0.3751295741085871,0.5952290824897032,0.4490118113570228,0.42153725028038025
ft_tkt_0002584,ft_sal_001366,ft_evt_0002,CORTESÍA,1,0.3751295741085871,0.5952290824897032,0.4490118113570228,0.42153725028038025
ft_tkt_0002585,ft_sal_001367,ft_evt_0002,CORTESÍA,0,0.3751295741085871,0.5516817082265871,0.46339616300437236,0.485627681016922
ft_tkt_0002586,ft_sal_001368,ft_evt_0002,CORTESÍA,0,0.3751295741085871,0.5123370655226898,0.43507502246631624,0.5107553601264954
ft_tkt_0002587,ft_sal_001368,ft_evt_0002,CORTESÍA,0,0.3751295741085871,0.5123370655226898,0.43507502246631624,0.5107553601264954
ft_tkt_0002588,ft_sal_001369,ft_evt_0002,CORTESÍA,0,0.3751295741085871,0.36826142774231413,0.30718261930158275,0.2751182019710541
ft_tkt_0002589,ft_sal_001370,ft_evt_0002,CORTESÍA,1,0.3751295741085871,0.44348716903040447,0.33789031572461176,0.3219923675060272
ft_tkt_0002590,ft_sal_001371,ft_evt_0037,GENERAL,1,0.9356965834661002,0.9362988650424748,0.9383425353088256,0.9157502055168152
ft_tkt_0002591,ft_sal_001371,ft_evt_0037,GENERAL,1,0.9356965834661002,0.9362988650424748,0.9383425353088256,0.9157502055168152
ft_tkt_0002592,ft_sal_001372,ft_evt_0037,CORTESÍA,0,0.3985098879822984,0.4987313992201613,0.4150282059078078,0.5193612575531006
ft_tkt_0002593,ft_sal_001372,ft_evt_0037,CORTESÍA,0,0.3985098879822984,0.4987313992201613,0.4150282059078078,0.5193612575531006
ft_tkt_0002594,ft_sal_001372,ft_evt_0037,CORTESÍA,0,0.3985098879822984,0.4987313992201613,0.4150282059078078,0.5193612575531006
ft_tkt_0002595,ft_sal_001373,ft_evt_0037,GENERAL,1,0.9356965834661002,0.9626554726958939,0.9376105022262013,0.9626971483230591
ft_tkt_0002596,ft_sal_001373,ft_evt_0037,GENERAL,1,0.9356965834661002,0.9626554726958939,0.9376105022262013,0.9626971483230591
ft_tkt_0002597,ft_sal_001374,ft_evt_0037,PREFERENCIAL,1,0.9282759202971969,0.9651102219137525,0.9459854923843591,0.9510130286216736
ft_tkt_0002598,ft_sal_001375,ft_evt_0037,CORTESÍA,0,0.3985098879822984,0.45007996684180895,0.4023660194139975,0.5407628417015076
ft_tkt_0002599,ft_sal_001376,ft_evt_0037,GENERAL,1,0.9356965834661002,0.966746320560797,0.9489219434623117,0.9539024829864502
ft_tkt_0002600,ft_sal_001376,ft_evt_0037,GENERAL,1,0.9356965834661002,0.966746320560797,0.9489219434623117,0.9539024829864502
ft_tkt_0002601,ft_sal_001377,ft_evt_0037,GENERAL,0,0.9356965834661002,0.9770557466009221,0.9480932428810955,0.9673735499382019
ft_tkt_0002602,ft_sal_001378,ft_evt_0037,GENERAL,1,0.9356965834661002,0.9666362369570307,0.9418243913964579,0.9564666152000427
ft_tkt_0002603,ft_sal_001379,ft_evt_0037,PREFERENCIAL,1,0.9282759202971969,0.9677214100243037,0.9484839983143665,0.9579371809959412
ft_tkt_0002604,ft_sal_001380,ft_evt_0037,VIP,1,0.9325078728886343,0.9546796605346503,0.9400227625596443,0.9356150031089783
ft_tkt_0002605,ft_sal_001381,ft_evt_0037,GENERAL,1,0.9356965834661002,0.9808683777313076,0.9669095971295987,0.968153178691864
ft_tkt_0002606,ft_sal_001381,ft_evt_0037,GENERAL,1,0.9356965834661002,0.9808683777313076,0.9669095971295987,0.968153178691864
ft_tkt_0002607,ft_sal_001382,ft_evt_0037,GENERAL,1,0.9356965834661002,0.9769157013655422,0.943239848957506,0.933327317237854
ft_tkt_0002608,ft_sal_001382,ft_evt_0037,GENERAL,1,0.9356965834661002,0.9769157013655422,0.943239848957506,0.933327317237854
ft_tkt_0002609,ft_sal_001383,ft_evt_0037,CORTESÍA,1,0.3985098879822984,0.5441986203200563,0.4276246192008303,0.4606858789920807
ft_tkt_0002610,ft_sal_001383,ft_evt_0037,CORTESÍA,1,0.3985098879822984,0.5441986203200563,0.4276246192008303,0.4606858789920807
ft_tkt_0002611,ft_sal_001384,ft_evt_0037,GENERAL,1,0.9356965834661002,0.945314582804746,0.9349507108701905,0.9177873730659485
ft_tkt_0002612,ft_sal_001384,ft_evt_0037,GENERAL,1,0.9356965834661002,0.945314582804746,0.9349507108701905,0.9177873730659485
ft_tkt_0002613,ft_sal_001385,ft_evt_0037,CORTESÍA,1,0.3985098879822984,0.6146398131929965,0.4007963669575626,0.6451092958450317
ft_tkt_0002614,ft_sal_001386,ft_evt_0037,GENERAL,1,0.9356965834661002,0.948675147796206,0.9370395847166981,0.9545665979385376
ft_tkt_0002615,ft_sal_001387,ft_evt_0037,CORTESÍA,1,0.3985098879822984,0.5247348310641358,0.45609064933865295,0.5589790344238281
ft_tkt_0002616,ft_sal_001388,ft_evt_0037,GENERAL,1,0.9356965834661002,0.9600610253708436,0.9423705094549091,0.9519173502922058
ft_tkt_0002617,ft_sal_001388,ft_evt_0037,GENERAL,0,0.9356965834661002,0.9600610253708436,0.9423705094549091,0.9519173502922058
ft_tkt_0002618,ft_sal_001389,ft_evt_0037,VIP,0,0.9325078728886343,0.9737613992143744,0.9438944088812825,0.9499415755271912
ft_tkt_0002619,ft_sal_001390,ft_evt_0037,GENERAL,1,0.9356965834661002,0.9546673636924528,0.939566973454664,0.9345887899398804
ft_tkt_0002620,ft_sal_001390,ft_evt_0037,GENERAL,1,0.9356965834661002,0.9546673636924528,0.939566973454664,0.9345887899398804
ft_tkt_0002621,ft_sal_001391,ft_evt_0037,GENERAL,1,0.9356965834661002,0.9656222084898115,0.9432861350783345,0.955672025680542
ft_tkt_0002622,ft_sal_001391,ft_evt_0037,GENERAL,1,0.9356965834661002,0.9656222084898115,0.9432861350783345,0.955672025680542
ft_tkt_0002623,ft_sal_001392,ft_evt_0037,VIP,1,0.9325078728886343,0.9472830023063691,0.9391326085387858,0.9478983879089355
ft_tkt_0002624,ft_sal_001393,ft_evt_0037,CORTESÍA,0,0.3985098879822984,0.4646039891696837,0.4158758339899093,0.460515558719635
ft_tkt_0002625,ft_sal_001393,ft_evt_0037,CORTESÍA,1,0.3985098879822984,0.4646039891696837,0.4158758339899093,0.460515558719635
ft_tkt_0002626,ft_sal_001393,ft_evt_0037,CORTESÍA,1,0.3985098879822984,0.4646039891696837,0.4158758339899093,0.460515558719635
ft_tkt_0002627,ft_sal_001393,ft_evt_0037,CORTESÍA,0,0.3985098879822984,0.4646039891696837,0.4158758339899093,0.460515558719635
ft_tkt_0002628,ft_sal_001393,ft_evt_0037,CORTESÍA,0,0.3985098879822984,0.4646039891696837,0.4158758339899093,0.460515558719635
ft_tkt_0002629,ft_sal_001393,ft_evt_0037,CORTESÍA,0,0.3985098879822984,0.4646039891696837,0.4158758339899093,0.460515558719635
ft_tkt_0002630,ft_sal_001394,ft_evt_0037,GENERAL,1,0.9356965834661002,0.9820268477422693,0.963110564542454,0.9704779982566833
ft_tkt_0002631,ft_sal_001394,ft_evt_0037,GENERAL,1,0.9356965834661002,0.9820268477422693,0.963110564542454,0.9704779982566833
ft_tkt_0002632,ft_sal_001395,ft_evt_0037,GENERAL,1,0.9356965834661002,0.9685330561158539,0.948400747077878,0.9452772736549377
ft_tkt_0002633,ft_sal_001395,ft_evt_0037,GENERAL,1,0.9356965834661002,0.9685330561158539,0.948400747077878,0.9452772736549377
ft_tkt_0002634,ft_sal_001396,ft_evt_0037,PREFERENCIAL,1,0.9282759202971969,0.9660144886369424,0.9526402624743119,0.9559507966041565
ft_tkt_0002635,ft_sal_001396,ft_evt_0037,PREFERENCIAL,1,0.9282759202971969,0.9660144886369424,0.9526402624743119,0.9559507966041565
ft_tkt_0002636,ft_sal_001396,ft_evt_0037,PREFERENCIAL,1,0.9282759202971969,0.9660144886369424,0.9526402624743119,0.9559507966041565
ft_tkt_0002637,ft_sal_001397,ft_evt_0037,GENERAL,0,0.9356965834661002,0.9693147208832041,0.9405917642753069,0.9607475996017456
ft_tkt_0002638,ft_sal_001397,ft_evt_0037,GENERAL,1,0.9356965834661002,0.9693147208832041,0.9405917642753069,0.9607475996017456
ft_tkt_0002639,ft_sal_001398,ft_evt_0037,GENERAL,1,0.9356965834661002,0.954501513819836,0.9411119377194567,0.9140447378158569
ft_tkt_0002640,ft_sal_001398,ft_evt_0037,GENERAL,0,0.9356965834661002,0.954501513819836,0.9411119377194567,0.9140447378158569
ft_tkt_0002641,ft_sal_001398,ft_evt_0037,GENERAL,1,0.9356965834661002,0.954501513819836,0.9411119377194567,0.9140447378158569
ft_tkt_0002642,ft_sal_001398,ft_evt_0037,GENERAL,1,0.9356965834661002,0.954501513819836,0.9411119377194567,0.9140447378158569
ft_tkt_0002643,ft_sal_001399,ft_evt_0037,GENERAL,0,0.9356965834661002,0.9348178461749278,0.9209278354440781,0.9149974584579468
ft_tkt_0002644,ft_sal_001399,ft_evt_0037,GENERAL,1,0.9356965834661002,0.9348178461749278,0.9209278354440781,0.9149974584579468
ft_tkt_0002645,ft_sal_001399,ft_evt_0037,GENERAL,1,0.9356965834661002,0.9348178461749278,0.9209278354440781,0.9149974584579468
ft_tkt_0002646,ft_sal_001400,ft_evt_0037,CORTESÍA,0,0.3985098879822984,0.6086884752937566,0.41546894196990475,0.6456341743469238
ft_tkt_0002647,ft_sal_001400,ft_evt_0037,CORTESÍA,1,0.3985098879822984,0.6086884752937566,0.41546894196990475,0.6456341743469238
ft_tkt_0002648,ft_sal_001401,ft_evt_0037,GENERAL,1,0.9356965834661002,0.9465095117234051,0.9361428426722452,0.9095849394798279
ft_tkt_0002649,ft_sal_001401,ft_evt_0037,GENERAL,1,0.9356965834661002,0.9465095117234051,0.9361428426722452,0.9095849394798279
ft_tkt_0002650,ft_sal_001402,ft_evt_0037,GENERAL,1,0.9356965834661002,0.977708160769849,0.9597412980836296,0.9554361701011658
ft_tkt_0002651,ft_sal_001403,ft_evt_0037,GENERAL,1,0.9356965834661002,0.9777374164229702,0.9623518984593886,0.9567776322364807
ft_tkt_0002652,ft_sal_001404,ft_evt_0037,GENERAL,1,0.9356965834661002,0.9735497668506473,0.953132267702099,0.9625141024589539
ft_tkt_0002653,ft_sal_001405,ft_evt_0037,CORTESÍA,0,0.3985098879822984,0.5775279954043429,0.5197678032055429,0.6304362416267395
ft_tkt_0002654,ft_sal_001406,ft_evt_0037,VIP,1,0.9325078728886343,0.9718882245110303,0.9529772074858894,0.9632092714309692
ft_tkt_0002655,ft_sal_001406,ft_evt_0037,VIP,1,0.9325078728886343,0.9718882245110303,0.9529772074858894,0.9632092714309692
ft_tkt_0002656,ft_sal_001407,ft_evt_0037,GENERAL,1,0.9356965834661002,0.9455301316919241,0.9378313226924975,0.9139613509178162
ft_tkt_0002657,ft_sal_001408,ft_evt_0037,GENERAL,1,0.9356965834661002,0.96034841271927,0.9462376215039766,0.9572188258171082
ft_tkt_0002658,ft_sal_001409,ft_evt_0037,GENERAL,1,0.9356965834661002,0.9640202742633646,0.953461304114335,0.9563042521476746
ft_tkt_0002659,ft_sal_001409,ft_evt_0037,GENERAL,1,0.9356965834661002,0.9640202742633646,0.953461304114335,0.9563042521476746
ft_tkt_0002660,ft_sal_001409,ft_evt_0037,GENERAL,1,0.9356965834661002,0.9640202742633646,0.953461304114335,0.9563042521476746
ft_tkt_0002661,ft_sal_001410,ft_evt_0037,GENERAL,1,0.9356965834661002,0.9428958814067013,0.9389562943549316,0.9069852828979492
ft_tkt_0002662,ft_sal_001410,ft_evt_0037,GENERAL,1,0.9356965834661002,0.9428958814067013,0.9389562943549316,0.9069852828979492
ft_tkt_0002663,ft_sal_001410,ft_evt_0037,GENERAL,1,0.9356965834661002,0.9428958814067013,0.9389562943549316,0.9069852828979492
ft_tkt_0002664,ft_sal_001411,ft_evt_0037,GENERAL,1,0.9356965834661002,0.9738833774232123,0.9455270894955855,0.9585167765617371
ft_tkt_0002665,ft_sal_001412,ft_evt_0037,PREFERENCIAL,1,0.9282759202971969,0.9684920217069923,0.9515395398924111,0.9447595477104187
ft_tkt_0002666,ft_sal_001413,ft_evt_0037,GENERAL,1,0.9356965834661002,0.9542300070712472,0.9469684467385582,0.9385600686073303
ft_tkt_0002667,ft_sal_001413,ft_evt_0037,GENERAL,1,0.9356965834661002,0.9542300070712472,0.9469684467385582,0.9385600686073303
ft_tkt_0002668,ft_sal_001413,ft_evt_0037,GENERAL,1,0.9356965834661002,0.9542300070712472,0.9469684467385582,0.9385600686073303
ft_tkt_0002669,ft_sal_001413,ft_evt_0037,GENERAL,1,0.9356965834661002,0.9542300070712472,0.9469684467385582,0.9385600686073303
ft_tkt_0002670,ft_sal_001414,ft_evt_0037,GENERAL,1,0.9356965834661002,0.9673876775288982,0.9507596276672843,0.9457873702049255
ft_tkt_0002671,ft_sal_001414,ft_evt_0037,GENERAL,1,0.9356965834661002,0.9673876775288982,0.9507596276672843,0.9457873702049255
ft_tkt_0002672,ft_sal_001414,ft_evt_0037,GENERAL,1,0.9356965834661002,0.9673876775288982,0.9507596276672843,0.9457873702049255
ft_tkt_0002673,ft_sal_001414,ft_evt_0037,GENERAL,1,0.9356965834661002,0.9673876775288982,0.9507596276672843,0.9457873702049255
ft_tkt_0002674,ft_sal_001415,ft_evt_0037,PREFERENCIAL,1,0.9282759202971969,0.9682825569951379,0.9484839983143665,0.9567663669586182
ft_tkt_0002675,ft_sal_001416,ft_evt_0037,CORTESÍA,1,0.3985098879822984,0.8434879076452887,0.5215963645745949,0.6612218618392944
ft_tkt_0002676,ft_sal_001417,ft_evt_0037,CORTESÍA,1,0.3985098879822984,0.6615674458557558,0.4501387588384548,0.6457532048225403
ft_tkt_0002677,ft_sal_001417,ft_evt_0037,CORTESÍA,1,0.3985098879822984,0.6615674458557558,0.4501387588384548,0.6457532048225403
ft_tkt_0002678,ft_sal_001418,ft_evt_0037,GENERAL,1,0.9356965834661002,0.9490114391275241,0.9466061743218238,0.9666396379470825
ft_tkt_0002679,ft_sal_001419,ft_evt_0037,CORTESÍA,0,0.3985098879822984,0.5561213618753188,0.4603173324434119,0.5940735340118408
ft_tkt_0002680,ft_sal_001419,ft_evt_0037,CORTESÍA,1,0.3985098879822984,0.5561213618753188,0.4603173324434119,0.5940735340118408
ft_tkt_0002681,ft_sal_001419,ft_evt_0037,CORTESÍA,0,0.3985098879822984,0.5561213618753188,0.4603173324434119,0.5940735340118408
ft_tkt_0002682,ft_sal_001419,ft_evt_0037,CORTESÍA,0,0.3985098879822984,0.5561213618753188,0.4603173324434119,0.5940735340118408
ft_tkt_0002683,ft_sal_001420,ft_evt_0037,GENERAL,1,0.9356965834661002,0.978626539625107,0.954108857119773,0.9466607570648193
ft_tkt_0002684,ft_sal_001421,ft_evt_0037,VIP,1,0.9325078728886343,0.9684992837919493,0.9454241187355341,0.9631782174110413
ft_tkt_0002685,ft_sal_001422,ft_evt_0037,VIP,1,0.9325078728886343,0.9684184635965302,0.9441402836197634,0.9561837911605835
ft_tkt_0002686,ft_sal_001423,ft_evt_0037,PREFERENCIAL,1,0.9282759202971969,0.9688733854749424,0.9495882387943111,0.9404500126838684
ft_tkt_0002687,ft_sal_001423,ft_evt_0037,PREFERENCIAL,1,0.9282759202971969,0.9688733854749424,0.9495882387943111,0.9404500126838684
ft_tkt_0002688,ft_sal_001424,ft_evt_0053,CORTESÍA,0,0.3985098879822984,0.53306141979778,0.46239140342010443,0.5176817774772644
ft_tkt_0002689,ft_sal_001425,ft_evt_0053,GENERAL,0,0.9356965834661002,0.9244505185672448,0.9067631930862121,0.931740403175354
ft_tkt_0002690,ft_sal_001425,ft_evt_0053,GENERAL,1,0.9356965834661002,0.9244505185672448,0.9067631930862121,0.931740403175354
ft_tkt_0002691,ft_sal_001425,ft_evt_0053,GENERAL,1,0.9356965834661002,0.9244505185672448,0.9067631930862121,0.931740403175354
ft_tkt_0002692,ft_sal_001425,ft_evt_0053,GENERAL,1,0.9356965834661002,0.9244505185672448,0.9067631930862121,0.931740403175354
ft_tkt_0002693,ft_sal_001426,ft_evt_0053,VIP,1,0.9325078728886343,0.9217078945000869,0.9169570632111282,0.9324353337287903
ft_tkt_0002694,ft_sal_001427,ft_evt_0053,CORTESÍA,0,0.3985098879822984,0.42140408441008087,0.41661187219691465,0.45258134603500366
ft_tkt_0002695,ft_sal_001428,ft_evt_0053,CORTESÍA,0,0.3985098879822984,0.44676881799332874,0.41059853733638413,0.3920475244522095
ft_tkt_0002696,ft_sal_001428,ft_evt_0053,CORTESÍA,0,0.3985098879822984,0.44676881799332874,0.41059853733638413,0.3920475244522095
ft_tkt_0002697,ft_sal_001428,ft_evt_0053,CORTESÍA,0,0.3985098879822984,0.44676881799332874,0.41059853733638413,0.3920475244522095
ft_tkt_0002698,ft_sal_001429,ft_evt_0053,CORTESÍA,0,0.3985098879822984,0.2887733097601392,0.30340362035684526,0.23368096351623535
ft_tkt_0002699,ft_sal_001430,ft_evt_0053,GENERAL,1,0.9356965834661002,0.9288861827673642,0.9148636612880892,0.9325632452964783
ft_tkt_0002700,ft_sal_001430,ft_evt_0053,GENERAL,1,0.9356965834661002,0.9288861827673642,0.9148636612880892,0.9325632452964783
ft_tkt_0002701,ft_sal_001431,ft_evt_0053,CORTESÍA,1,0.3985098879822984,0.47240639396195966,0.42759630374307867,0.45429518818855286
ft_tkt_0002702,ft_sal_001431,ft_evt_0053,CORTESÍA,0,0.3985098879822984,0.47240639396195966,0.42759630374307867,0.45429518818855286
ft_tkt_0002703,ft_sal_001432,ft_evt_0053,GENERAL,1,0.9356965834661002,0.9356640881414865,0.9179530172690197,0.9304532408714294
ft_tkt_0002704,ft_sal_001433,ft_evt_0053,CORTESÍA,1,0.3985098879822984,0.5693567035316821,0.46200347319650314,0.5194911360740662
ft_tkt_0002705,ft_sal_001433,ft_evt_0053,CORTESÍA,0,0.3985098879822984,0.5693567035316821,0.46200347319650314,0.5194911360740662
ft_tkt_0002706,ft_sal_001434,ft_evt_0053,CORTESÍA,0,0.3985098879822984,0.4260670706777871,0.42136192854980403,0.4487167000770569
ft_tkt_0002707,ft_sal_001435,ft_evt_0053,PREFERENCIAL,1,0.9282759202971969,0.94324147765492,0.9310511686903735,0.9424445033073425
ft_tkt_0002708,ft_sal_001436,ft_evt_0053,CORTESÍA,0,0.3985098879822984,0.43952873024382544,0.41786938456361156,0.46676400303840637
ft_tkt_0002709,ft_sal_001437,ft_evt_0053,CORTESÍA,1,0.3985098879822984,0.4715714686490463,0.3811820669612469,0.3823135197162628
ft_tkt_0002710,ft_sal_001437,ft_evt_0053,CORTESÍA,0,0.3985098879822984,0.4715714686490463,0.3811820669612469,0.3823135197162628
ft_tkt_0002711,ft_sal_001438,ft_evt_0053,CORTESÍA,0,0.3985098879822984,0.46192469537444786,0.4240827220912073,0.4536307156085968
ft_tkt_0002712,ft_sal_001438,ft_evt_0053,CORTESÍA,0,0.3985098879822984,0.46192469537444786,0.4240827220912073,0.4536307156085968
ft_tkt_0002713,ft_sal_001439,ft_evt_0053,CORTESÍA,0,0.3985098879822984,0.3676576465111588,0.3778034946264514,0.3967311978340149
ft_tkt_0002714,ft_sal_001439,ft_evt_0053,CORTESÍA,0,0.3985098879822984,0.3676576465111588,0.3778034946264514,0.3967311978340149
ft_tkt_0002715,ft_sal_001439,ft_evt_0053,CORTESÍA,0,0.3985098879822984,0.3676576465111588,0.3778034946264514,0.3967311978340149
ft_tkt_0002716,ft_sal_001439,ft_evt_0053,CORTESÍA,0,0.3985098879822984,0.3676576465111588,0.3778034946264514,0.3967311978340149
ft_tkt_0002717,ft_sal_001440,ft_evt_0053,CORTESÍA,0,0.3985098879822984,0.31826736920715326,0.3241121419284392,0.44951751828193665
ft_tkt_0002718,ft_sal_001441,ft_evt_0053,CORTESÍA,0,0.3985098879822984,0.27704097974856345,0.303462280643062,0.3766893446445465
ft_tkt_0002719,ft_sal_001442,ft_evt_0053,GENERAL,1,0.9356965834661002,0.9329282459552801,0.920468462459094,0.9399177432060242
ft_tkt_0002720,ft_sal_001443,ft_evt_0053,PREFERENCIAL,1,0.9282759202971969,0.9220799493494746,0.9174375031033901,0.9315823912620544
ft_tkt_0002721,ft_sal_001443,ft_evt_0053,PREFERENCIAL,1,0.9282759202971969,0.9220799493494746,0.9174375031033901,0.9315823912620544
ft_tkt_0002722,ft_sal_001443,ft_evt_0053,PREFERENCIAL,1,0.9282759202971969,0.9220799493494746,0.9174375031033901,0.9315823912620544
ft_tkt_0002723,ft_sal_001444,ft_evt_0053,GENERAL,1,0.9356965834661002,0.9290042724822797,0.926312991999781,0.9591899514198303
ft_tkt_0002724,ft_sal_001445,ft_evt_0053,CORTESÍA,0,0.3985098879822984,0.4000034151441003,0.3795056762938621,0.383387953042984
ft_tkt_0002725,ft_sal_001445,ft_evt_0053,CORTESÍA,0,0.3985098879822984,0.4000034151441003,0.3795056762938621,0.383387953042984
ft_tkt_0002726,ft_sal_001445,ft_evt_0053,CORTESÍA,0,0.3985098879822984,0.4000034151441003,0.3795056762938621,0.383387953042984
ft_tkt_0002727,ft_sal_001445,ft_evt_0053,CORTESÍA,0,0.3985098879822984,0.4000034151441003,0.3795056762938621,0.383387953042984
ft_tkt_0002728,ft_sal_001446,ft_evt_0053,CORTESÍA,1,0.3985098879822984,0.29889064976570257,0.31254834795822545,0.34272849559783936
ft_tkt_0002729,ft_sal_001447,ft_evt_0053,CORTESÍA,1,0.3985098879822984,0.16311312162472338,0.2913758536772535,0.2891745865345001
ft_tkt_0002730,ft_sal_001448,ft_evt_0053,GENERAL,1,0.9356965834661002,0.9546122798009073,0.9187302122584579,0.9473260045051575
ft_tkt_0002731,ft_sal_001448,ft_evt_0053,GENERAL,1,0.9356965834661002,0.9546122798009073,0.9187302122584579,0.9473260045051575
ft_tkt_0002732,ft_sal_001449,ft_evt_0053,CORTESÍA,1,0.3985098879822984,0.36656608954660036,0.3238812203932091,0.3685202896595001
ft_tkt_0002733,ft_sal_001449,ft_evt_0053,CORTESÍA,1,0.3985098879822984,0.36656608954660036,0.3238812203932091,0.3685202896595001
ft_tkt_0002734,ft_sal_001450,ft_evt_0053,GENERAL,1,0.9356965834661002,0.9106851582749477,0.9120764442595167,0.9151694774627686
ft_tkt_0002735,ft_sal_001450,ft_evt_0053,GENERAL,1,0.9356965834661002,0.9106851582749477,0.9120764442595167,0.9151694774627686
ft_tkt_0002736,ft_sal_001451,ft_evt_0053,GENERAL,1,0.9356965834661002,0.9376959340703157,0.9202314184204348,0.9404592514038086
ft_tkt_0002737,ft_sal_001452,ft_evt_0053,CORTESÍA,0,0.3985098879822984,0.4136638833926158,0.4060261142546732,0.3873276710510254
ft_tkt_0002738,ft_sal_001453,ft_evt_0053,GENERAL,1,0.9356965834661002,0.9656029699220824,0.9363185324960882,0.9533204436302185
ft_tkt_0002739,ft_sal_001453,ft_evt_0053,GENERAL,1,0.9356965834661002,0.9656029699220824,0.9363185324960882,0.9533204436302185
ft_tkt_0002740,ft_sal_001454,ft_evt_0053,PREFERENCIAL,1,0.9282759202971969,0.9318879822205801,0.9217086136180758,0.9194008708000183
ft_tkt_0002741,ft_sal_001455,ft_evt_0053,CORTESÍA,1,0.3985098879822984,0.43034983674924643,0.3350264765287992,0.38445189595222473
ft_tkt_0002742,ft_sal_001456,ft_evt_0053,GENERAL,1,0.9356965834661002,0.9269436116994709,0.9133336009407615,0.9387081861495972
ft_tkt_0002743,ft_sal_001456,ft_evt_0053,GENERAL,1,0.9356965834661002,0.9269436116994709,0.9133336009407615,0.9387081861495972
ft_tkt_0002744,ft_sal_001456,ft_evt_0053,GENERAL,1,0.9356965834661002,0.9269436116994709,0.9133336009407615,0.9387081861495972
ft_tkt_0002745,ft_sal_001456,ft_evt_0053,GENERAL,1,0.9356965834661002,0.9269436116994709,0.9133336009407615,0.9387081861495972
ft_tkt_0002746,ft_sal_001457,ft_evt_0053,GENERAL,1,0.9356965834661002,0.8987728389173003,0.9087218778272432,0.8802857398986816
ft_tkt_0002747,ft_sal_001457,ft_evt_0053,GENERAL,1,0.9356965834661002,0.8987728389173003,0.9087218778272432,0.8802857398986816
ft_tkt_0002748,ft_sal_001458,ft_evt_0053,CORTESÍA,0,0.3985098879822984,0.3614214913996914,0.320732814649428,0.42015978693962097
ft_tkt_0002749,ft_sal_001458,ft_evt_0053,CORTESÍA,0,0.3985098879822984,0.3614214913996914,0.320732814649428,0.42015978693962097
ft_tkt_0002750,ft_sal_001459,ft_evt_0053,VIP,1,0.9325078728886343,0.9500286223457722,0.933995088810164,0.9489238262176514
ft_tkt_0002751,ft_sal_001460,ft_evt_0053,CORTESÍA,1,0.3985098879822984,0.3695488723287446,0.3323141534927761,0.38444647192955017
ft_tkt_0002752,ft_sal_001461,ft_evt_0053,VIP,1,0.9325078728886343,0.9157445739624303,0.9122591529743278,0.8743297457695007
ft_tkt_0002753,ft_sal_001461,ft_evt_0053,VIP,1,0.9325078728886343,0.9157445739624303,0.9122591529743278,0.8743297457695007
ft_tkt_0002754,ft_sal_001462,ft_evt_0053,GENERAL,1,0.9356965834661002,0.9126824266714122,0.9007560372975001,0.9260087609291077
ft_tkt_0002755,ft_sal_001462,ft_evt_0053,GENERAL,1,0.9356965834661002,0.9126824266714122,0.9007560372975001,0.9260087609291077
ft_tkt_0002756,ft_sal_001462,ft_evt_0053,GENERAL,1,0.9356965834661002,0.9126824266714122,0.9007560372975001,0.9260087609291077
ft_tkt_0002757,ft_sal_001462,ft_evt_0053,GENERAL,0,0.9356965834661002,0.9126824266714122,0.9007560372975001,0.9260087609291077
ft_tkt_0002758,ft_sal_001462,ft_evt_0053,GENERAL,1,0.9356965834661002,0.9126824266714122,0.9007560372975001,0.9260087609291077
ft_tkt_0002759,ft_sal_001462,ft_evt_0053,GENERAL,1,0.9356965834661002,0.9126824266714122,0.9007560372975001,0.9260087609291077
ft_tkt_0002760,ft_sal_001463,ft_evt_0053,PREFERENCIAL,1,0.9282759202971969,0.8724483266603454,0.9066362698007683,0.9034175872802734
ft_tkt_0002761,ft_sal_001463,ft_evt_0053,PREFERENCIAL,1,0.9282759202971969,0.8724483266603454,0.9066362698007683,0.9034175872802734
ft_tkt_0002762,ft_sal_001463,ft_evt_0053,PREFERENCIAL,1,0.9282759202971969,0.8724483266603454,0.9066362698007683,0.9034175872802734
ft_tkt_0002763,ft_sal_001463,ft_evt_0053,PREFERENCIAL,1,0.9282759202971969,0.8724483266603454,0.9066362698007683,0.9034175872802734
ft_tkt_0002764,ft_sal_001464,ft_evt_0053,CORTESÍA,1,0.3985098879822984,0.3472003563452877,0.28312597524455974,0.3492400050163269
ft_tkt_0002765,ft_sal_001465,ft_evt_0053,CORTESÍA,1,0.3985098879822984,0.4618029958213769,0.4240827220912073,0.4536307156085968
ft_tkt_0002766,ft_sal_001465,ft_evt_0053,CORTESÍA,0,0.3985098879822984,0.4618029958213769,0.4240827220912073,0.4536307156085968
ft_tkt_0002767,ft_sal_001466,ft_evt_0053,GENERAL,1,0.9356965834661002,0.9613704117572553,0.9343752144988573,0.954250156879425
ft_tkt_0002768,ft_sal_001467,ft_evt_0053,GENERAL,1,0.9356965834661002,0.9034268035614822,0.9274670206502033,0.9327571988105774
ft_tkt_0002769,ft_sal_001468,ft_evt_0053,GENERAL,1,0.9356965834661002,0.9430250417197151,0.9229415141014321,0.9392998218536377
ft_tkt_0002770,ft_sal_001469,ft_evt_0053,CORTESÍA,0,0.3985098879822984,0.36804859641439763,0.3152271184078722,0.44499945640563965
ft_tkt_0002771,ft_sal_001470,ft_evt_0053,CORTESÍA,0,0.3985098879822984,0.4268806127445261,0.3991852615594205,0.4220733940601349
ft_tkt_0002772,ft_sal_001471,ft_evt_0053,CORTESÍA,0,0.3985098879822984,0.3898697948222845,0.3880359499221437,0.33533403277397156
ft_tkt_0002773,ft_sal_001472,ft_evt_0053,CORTESÍA,1,0.3985098879822984,0.39335753953797176,0.3799237858622785,0.5509842038154602
ft_tkt_0002774,ft_sal_001472,ft_evt_0053,CORTESÍA,0,0.3985098879822984,0.39335753953797176,0.3799237858622785,0.5509842038154602
ft_tkt_0002775,ft_sal_001472,ft_evt_0053,CORTESÍA,1,0.3985098879822984,0.39335753953797176,0.3799237858622785,0.5509842038154602
ft_tkt_0002776,ft_sal_001473,ft_evt_0053,PREFERENCIAL,1,0.9282759202971969,0.9275256521027597,0.9188866697541845,0.9244377613067627
ft_tkt_0002777,ft_sal_001474,ft_evt_0053,CORTESÍA,1,0.3985098879822984,0.36132865470821046,0.3664884393358459,0.36860767006874084
ft_tkt_0002778,ft_sal_001474,ft_evt_0053,CORTESÍA,0,0.3985098879822984,0.36132865470821046,0.3664884393358459,0.36860767006874084
ft_tkt_0002779,ft_sal_001474,ft_evt_0053,CORTESÍA,1,0.3985098879822984,0.36132865470821046,0.3664884393358459,0.36860767006874084
ft_tkt_0002780,ft_sal_001475,ft_evt_0053,GENERAL,1,0.9356965834661002,0.9298982324388972,0.9363451225647609,0.9266922473907471
ft_tkt_0002781,ft_sal_001476,ft_evt_0053,GENERAL,1,0.9356965834661002,0.9277583580899,0.9204610823349125,0.9542819857597351
ft_tkt_0002782,ft_sal_001477,ft_evt_0053,GENERAL,1,0.9356965834661002,0.9398068214937273,0.9228160896917762,0.9339274168014526
ft_tkt_0002783,ft_sal_001478,ft_evt_0053,PREFERENCIAL,1,0.9282759202971969,0.9232523886644017,0.9185094988177958,0.9163408279418945
ft_tkt_0002784,ft_sal_001478,ft_evt_0053,PREFERENCIAL,1,0.9282759202971969,0.9232523886644017,0.9185094988177958,0.9163408279418945
ft_tkt_0002785,ft_sal_001478,ft_evt_0053,PREFERENCIAL,1,0.9282759202971969,0.9232523886644017,0.9185094988177958,0.9163408279418945
ft_tkt_0002786,ft_sal_001478,ft_evt_0053,PREFERENCIAL,1,0.9282759202971969,0.9232523886644017,0.9185094988177958,0.9163408279418945
ft_tkt_0002787,ft_sal_001479,ft_evt_0053,PREFERENCIAL,1,0.9282759202971969,0.9073875203216306,0.9151185019814443,0.9279952049255371
ft_tkt_0002788,ft_sal_001479,ft_evt_0053,PREFERENCIAL,1,0.9282759202971969,0.9073875203216306,0.9151185019814443,0.9279952049255371
ft_tkt_0002789,ft_sal_001480,ft_evt_0053,CORTESÍA,0,0.3985098879822984,0.6607486480048587,0.5128969512534763,0.7061384916305542
ft_tkt_0002790,ft_sal_001480,ft_evt_0053,CORTESÍA,1,0.3985098879822984,0.6607486480048587,0.5128969512534763,0.7061384916305542
ft_tkt_0002791,ft_sal_001481,ft_evt_0053,CORTESÍA,1,0.3985098879822984,0.5017797281413721,0.36427249158344793,0.44595566391944885
ft_tkt_0002792,ft_sal_001481,ft_evt_0053,CORTESÍA,0,0.3985098879822984,0.5017797281413721,0.36427249158344793,0.44595566391944885
ft_tkt_0002793,ft_sal_001482,ft_evt_0053,CORTESÍA,0,0.3985098879822984,0.4006635683137021,0.40881310242713403,0.42498162388801575
ft_tkt_0002794,ft_sal_001483,ft_evt_0053,CORTESÍA,0,0.3985098879822984,0.44567984836505325,0.41059853733638413,0.3920475244522095
ft_tkt_0002795,ft_sal_001483,ft_evt_0053,CORTESÍA,0,0.3985098879822984,0.44567984836505325,0.41059853733638413,0.3920475244522095
ft_tkt_0002796,ft_sal_001483,ft_evt_0053,CORTESÍA,0,0.3985098879822984,0.44567984836505325,0.41059853733638413,0.3920475244522095
ft_tkt_0002797,ft_sal_001484,ft_evt_0053,GENERAL,1,0.9356965834661002,0.9376255455860845,0.9228192575973273,0.8794605731964111
ft_tkt_0002798,ft_sal_001484,ft_evt_0053,GENERAL,0,0.9356965834661002,0.9376255455860845,0.9228192575973273,0.8794605731964111
ft_tkt_0002799,ft_sal_001484,ft_evt_0053,GENERAL,1,0.9356965834661002,0.9376255455860845,0.9228192575973273,0.8794605731964111
ft_tkt_0002800,ft_sal_001485,ft_evt_0053,GENERAL,1,0.9356965834661002,0.9884399287669169,0.9477939531387255,0.9575844407081604
ft_tkt_0002801,ft_sal_001486,ft_evt_0053,VIP,1,0.9325078728886343,0.8319678148257815,0.9216950852008917,0.8916787505149841
ft_tkt_0002802,ft_sal_001487,ft_evt_0053,CORTESÍA,0,0.3985098879822984,0.4586324071860539,0.3718392832051459,0.4032791554927826
ft_tkt_0002803,ft_sal_001488,ft_evt_0053,GENERAL,1,0.9356965834661002,0.926367651502899,0.913224282829062,0.9502561092376709
ft_tkt_0002804,ft_sal_001488,ft_evt_0053,GENERAL,0,0.9356965834661002,0.926367651502899,0.913224282829062,0.9502561092376709
ft_tkt_0002805,ft_sal_001488,ft_evt_0053,GENERAL,1,0.9356965834661002,0.926367651502899,0.913224282829062,0.9502561092376709
ft_tkt_0002806,ft_sal_001489,ft_evt_0053,CORTESÍA,1,0.3985098879822984,0.4067540587605817,0.32964930943837073,0.40165975689888
ft_tkt_0002807,ft_sal_001489,ft_evt_0053,CORTESÍA,0,0.3985098879822984,0.4067540587605817,0.32964930943837073,0.40165975689888
ft_tkt_0002808,ft_sal_001490,ft_evt_0053,CORTESÍA,0,0.3985098879822984,0.34378562874302826,0.3489614141090485,0.36567577719688416
ft_tkt_0002809,ft_sal_001491,ft_evt_0053,CORTESÍA,0,0.3985098879822984,0.3771430772227662,0.31175693765806134,0.36067771911621094
ft_tkt_0002810,ft_sal_001491,ft_evt_0053,CORTESÍA,1,0.3985098879822984,0.3771430772227662,0.31175693765806134,0.36067771911621094
ft_tkt_0002811,ft_sal_001492,ft_evt_0053,CORTESÍA,1,0.3985098879822984,0.4253488100657556,0.4204630897361978,0.4487167000770569
ft_tkt_0002812,ft_sal_001493,ft_evt_0053,CORTESÍA,0,0.3985098879822984,0.46143792161236663,0.4240827220912073,0.4536307156085968
ft_tkt_0002813,ft_sal_001493,ft_evt_0053,CORTESÍA,1,0.3985098879822984,0.46143792161236663,0.4240827220912073,0.4536307156085968
ft_tkt_0002814,ft_sal_001494,ft_evt_0053,CORTESÍA,1,0.3985098879822984,0.46303717895082747,0.42277707272780957,0.45626428723335266
ft_tkt_0002815,ft_sal_001494,ft_evt_0053,CORTESÍA,1,0.3985098879822984,0.46303717895082747,0.42277707272780957,0.45626428723335266
ft_tkt_0002816,ft_sal_001494,ft_evt_0053,CORTESÍA,0,0.3985098879822984,0.46303717895082747,0.42277707272780957,0.45626428723335266
ft_tkt_0002817,ft_sal_001495,ft_evt_0053,PREFERENCIAL,1,0.9282759202971969,0.9308480320679235,0.9279870247159727,0.9325388073921204
ft_tkt_0002818,ft_sal_001496,ft_evt_0053,GENERAL,1,0.9356965834661002,0.9446640274705945,0.9194449195099468,0.9244837164878845
ft_tkt_0002819,ft_sal_001497,ft_evt_0053,GENERAL,1,0.9356965834661002,0.9431936119968404,0.9223870975903504,0.953029453754425
ft_tkt_0002820,ft_sal_001497,ft_evt_0053,GENERAL,1,0.9356965834661002,0.9431936119968404,0.9223870975903504,0.953029453754425
ft_tkt_0002821,ft_sal_001498,ft_evt_0053,GENERAL,1,0.9356965834661002,0.9416973009821203,0.921512916771959,0.947625458240509
ft_tkt_0002822,ft_sal_001499,ft_evt_0053,PREFERENCIAL,1,0.9282759202971969,0.9328255046747473,0.920391438757266,0.9252336025238037
ft_tkt_0002823,ft_sal_001499,ft_evt_0053,PREFERENCIAL,1,0.9282759202971969,0.9328255046747473,0.920391438757266,0.9252336025238037
ft_tkt_0002824,ft_sal_001499,ft_evt_0053,PREFERENCIAL,1,0.9282759202971969,0.9328255046747473,0.920391438757266,0.9252336025238037
ft_tkt_0002825,ft_sal_001500,ft_evt_0053,GENERAL,1,0.9356965834661002,0.9640785695502426,0.9453353831420919,0.9630447626113892
ft_tkt_0002826,ft_sal_001500,ft_evt_0053,GENERAL,1,0.9356965834661002,0.9640785695502426,0.9453353831420919,0.9630447626113892
ft_tkt_0002827,ft_sal_001501,ft_evt_0053,CORTESÍA,0,0.3985098879822984,0.25292773650530753,0.3045469761013877,0.1389719396829605
ft_tkt_0002828,ft_sal_001502,ft_evt_0053,VIP,1,0.9325078728886343,0.8838251579405436,0.9072190539621877,0.894225537776947
ft_tkt_0002829,ft_sal_001502,ft_evt_0053,VIP,1,0.9325078728886343,0.8838251579405436,0.9072190539621877,0.894225537776947
ft_tkt_0002830,ft_sal_001502,ft_evt_0053,VIP,1,0.9325078728886343,0.8838251579405436,0.9072190539621877,0.894225537776947
ft_tkt_0002831,ft_sal_001502,ft_evt_0053,VIP,1,0.9325078728886343,0.8838251579405436,0.9072190539621877,0.894225537776947
ft_tkt_0002832,ft_sal_001503,ft_evt_0053,GENERAL,1,0.9356965834661002,0.9292271951690146,0.9078392577808482,0.9221708178520203
ft_tkt_0002833,ft_sal_001503,ft_evt_0053,GENERAL,1,0.9356965834661002,0.9292271951690146,0.9078392577808482,0.9221708178520203
ft_tkt_0002834,ft_sal_001503,ft_evt_0053,GENERAL,1,0.9356965834661002,0.9292271951690146,0.9078392577808482,0.9221708178520203
ft_tkt_0002835,ft_sal_001504,ft_evt_0053,PREFERENCIAL,1,0.9282759202971969,0.9420823985611575,0.9348667254691917,0.9567583203315735
ft_tkt_0002836,ft_sal_001504,ft_evt_0053,PREFERENCIAL,0,0.9282759202971969,0.9420823985611575,0.9348667254691917,0.9567583203315735
ft_tkt_0002837,ft_sal_001505,ft_evt_0053,CORTESÍA,0,0.3985098879822984,0.1229325797846674,0.3217805551324855,0.34786590933799744
ft_tkt_0002838,ft_sal_001506,ft_evt_0053,CORTESÍA,0,0.3985098879822984,0.29670524945206994,0.32082012150393224,0.2872353494167328
ft_tkt_0002839,ft_sal_001506,ft_evt_0053,CORTESÍA,0,0.3985098879822984,0.29670524945206994,0.32082012150393224,0.2872353494167328
ft_tkt_0002840,ft_sal_001506,ft_evt_0053,CORTESÍA,0,0.3985098879822984,0.29670524945206994,0.32082012150393224,0.2872353494167328
ft_tkt_0002841,ft_sal_001507,ft_evt_0053,VIP,1,0.9325078728886343,0.9185341497769577,0.9205485750417295,0.9303714036941528
ft_tkt_0002842,ft_sal_001507,ft_evt_0053,VIP,1,0.9325078728886343,0.9185341497769577,0.9205485750417295,0.9303714036941528
ft_tkt_0002843,ft_sal_001507,ft_evt_0053,VIP,1,0.9325078728886343,0.9185341497769577,0.9205485750417295,0.9303714036941528
ft_tkt_0002844,ft_sal_001507,ft_evt_0053,VIP,1,0.9325078728886343,0.9185341497769577,0.9205485750417295,0.9303714036941528
ft_tkt_0002845,ft_sal_001508,ft_evt_0053,CORTESÍA,1,0.3985098879822984,0.533427034302856,0.46239140342010443,0.5419320464134216
ft_tkt_0002846,ft_sal_001509,ft_evt_0053,CORTESÍA,0,0.3985098879822984,0.44001127619135516,0.4186292288430092,0.46676400303840637
ft_tkt_0002847,ft_sal_001510,ft_evt_0053,CORTESÍA,0,0.3985098879822984,0.41541341460574027,0.3927110618566543,0.5136333107948303
ft_tkt_0002848,ft_sal_001511,ft_evt_0053,GENERAL,1,0.9356965834661002,0.9203288651092867,0.9133473925597646,0.915212094783783
ft_tkt_0002849,ft_sal_001511,ft_evt_0053,GENERAL,1,0.9356965834661002,0.9203288651092867,0.9133473925597646,0.915212094783783
ft_tkt_0002850,ft_sal_001511,ft_evt_0053,GENERAL,1,0.9356965834661002,0.9203288651092867,0.9133473925597646,0.915212094783783
ft_tkt_0002851,ft_sal_001511,ft_evt_0053,GENERAL,1,0.9356965834661002,0.9203288651092867,0.9133473925597646,0.915212094783783
ft_tkt_0002852,ft_sal_001512,ft_evt_0053,GENERAL,1,0.9356965834661002,0.9471549207769279,0.9332319044523322,0.9494590163230896
ft_tkt_0002853,ft_sal_001513,ft_evt_0053,CORTESÍA,1,0.3985098879822984,0.4153275422075015,0.4063096449447345,0.40531137585639954
ft_tkt_0002854,ft_sal_001514,ft_evt_0053,GENERAL,1,0.9356965834661002,0.9342957286385446,0.9179530172690197,0.9366130232810974
ft_tkt_0002855,ft_sal_001515,ft_evt_0053,PREFERENCIAL,1,0.9282759202971969,0.8804552057578148,0.92316421970437,0.9246485829353333
ft_tkt_0002856,ft_sal_001516,ft_evt_0053,PREFERENCIAL,1,0.9282759202971969,0.9532277492467982,0.9353815505445162,0.9443610310554504
ft_tkt_0002857,ft_sal_001517,ft_evt_0053,CORTESÍA,1,0.3985098879822984,0.4253488100657556,0.4204630897361978,0.4487167000770569
ft_tkt_0002858,ft_sal_001518,ft_evt_0053,CORTESÍA,0,0.3985098879822984,0.4535387876961163,0.4202223905546866,0.4671056270599365
ft_tkt_0002859,ft_sal_001518,ft_evt_0053,CORTESÍA,1,0.3985098879822984,0.4535387876961163,0.4202223905546866,0.4671056270599365
ft_tkt_0002860,ft_sal_001519,ft_evt_0053,CORTESÍA,0,0.3985098879822984,0.47619114044079425,0.42148292742001287,0.4685683250427246
ft_tkt_0002861,ft_sal_001519,ft_evt_0053,CORTESÍA,1,0.3985098879822984,0.47619114044079425,0.42148292742001287,0.4685683250427246
ft_tkt_0002862,ft_sal_001520,ft_evt_0053,GENERAL,1,0.9356965834661002,0.9632981537292048,0.9454278200506125,0.9671036601066589
ft_tkt_0002863,ft_sal_001520,ft_evt_0053,GENERAL,1,0.9356965834661002,0.9632981537292048,0.9454278200506125,0.9671036601066589
ft_tkt_0002864,ft_sal_001520,ft_evt_0053,GENERAL,1,0.9356965834661002,0.9632981537292048,0.9454278200506125,0.9671036601066589
ft_tkt_0002865,ft_sal_001520,ft_evt_0053,GENERAL,1,0.9356965834661002,0.9632981537292048,0.9454278200506125,0.9671036601066589
ft_tkt_0002866,ft_sal_001521,ft_evt_0053,PREFERENCIAL,1,0.9282759202971969,0.919459264865314,0.9276815651115968,0.9533616304397583
ft_tkt_0002867,ft_sal_001522,ft_evt_0053,GENERAL,1,0.9356965834661002,0.9418628696020205,0.890327292723845,0.897542417049408
ft_tkt_0002868,ft_sal_001522,ft_evt_0053,GENERAL,1,0.9356965834661002,0.9418628696020205,0.890327292723845,0.897542417049408
ft_tkt_0002869,ft_sal_001523,ft_evt_0053,CORTESÍA,0,0.3985098879822984,0.39607099841136323,0.32846507565138233,0.3618685007095337
ft_tkt_0002870,ft_sal_001524,ft_evt_0053,CORTESÍA,0,0.3985098879822984,0.36234049400968266,0.3356323488271244,0.3570435345172882
ft_tkt_0002871,ft_sal_001524,ft_evt_0053,CORTESÍA,1,0.3985098879822984,0.36234049400968266,0.3356323488271244,0.3570435345172882
ft_tkt_0002872,ft_sal_001525,ft_evt_0053,CORTESÍA,0,0.3985098879822984,0.3946815273900951,0.4003911863177702,0.44706353545188904
ft_tkt_0002873,ft_sal_001525,ft_evt_0053,CORTESÍA,0,0.3985098879822984,0.3946815273900951,0.4003911863177702,0.44706353545188904
ft_tkt_0002874,ft_sal_001525,ft_evt_0053,CORTESÍA,0,0.3985098879822984,0.3946815273900951,0.4003911863177702,0.44706353545188904
ft_tkt_0002875,ft_sal_001525,ft_evt_0053,CORTESÍA,0,0.3985098879822984,0.3946815273900951,0.4003911863177702,0.44706353545188904
ft_tkt_0002876,ft_sal_001526,ft_evt_0053,CORTESÍA,0,0.3985098879822984,0.3592513527214405,0.3718329018333907,0.3164517879486084
ft_tkt_0002877,ft_sal_001526,ft_evt_0053,CORTESÍA,0,0.3985098879822984,0.3592513527214405,0.3718329018333907,0.3164517879486084
ft_tkt_0002878,ft_sal_001526,ft_evt_0053,CORTESÍA,0,0.3985098879822984,0.3592513527214405,0.3718329018333907,0.3164517879486084
ft_tkt_0002879,ft_sal_001527,ft_evt_0053,CORTESÍA,0,0.3985098879822984,0.3749113249921155,0.35284208989622445,0.33456286787986755
ft_tkt_0002880,ft_sal_001527,ft_evt_0053,CORTESÍA,0,0.3985098879822984,0.3749113249921155,0.35284208989622445,0.33456286787986755
ft_tkt_0002881,ft_sal_001527,ft_evt_0053,CORTESÍA,1,0.3985098879822984,0.3749113249921155,0.35284208989622445,0.33456286787986755
ft_tkt_0002882,ft_sal_001527,ft_evt_0053,CORTESÍA,1,0.3985098879822984,0.3749113249921155,0.35284208989622445,0.33456286787986755
ft_tkt_0002883,ft_sal_001527,ft_evt_0053,CORTESÍA,0,0.3985098879822984,0.3749113249921155,0.35284208989622445,0.33456286787986755
ft_tkt_0002884,ft_sal_001527,ft_evt_0053,CORTESÍA,0,0.3985098879822984,0.3749113249921155,0.35284208989622445,0.33456286787986755
ft_tkt_0002885,ft_sal_001528,ft_evt_0053,GENERAL,1,0.9356965834661002,0.9321644178604389,0.9120241921291057,0.9306229948997498
ft_tkt_0002886,ft_sal_001528,ft_evt_0053,GENERAL,1,0.9356965834661002,0.9321644178604389,0.9120241921291057,0.9306229948997498
ft_tkt_0002887,ft_sal_001528,ft_evt_0053,GENERAL,1,0.9356965834661002,0.9321644178604389,0.9120241921291057,0.9306229948997498
ft_tkt_0002888,ft_sal_001529,ft_evt_0053,CORTESÍA,0,0.3985098879822984,0.38919749444221996,0.3974258370951799,0.37253570556640625
ft_tkt_0002889,ft_sal_001530,ft_evt_0053,CORTESÍA,0,0.3985098879822984,0.35837879523960464,0.3254326439761283,0.4184454679489136
ft_tkt_0002890,ft_sal_001531,ft_evt_0053,PREFERENCIAL,1,0.9282759202971969,0.8454511781199806,0.900528790003809,0.8538709878921509
ft_tkt_0002891,ft_sal_001531,ft_evt_0053,PREFERENCIAL,0,0.9282759202971969,0.8454511781199806,0.900528790003809,0.8538709878921509
ft_tkt_0002892,ft_sal_001532,ft_evt_0053,CORTESÍA,1,0.3985098879822984,0.4524806427263338,0.41678210681704847,0.4856205880641937
ft_tkt_0002893,ft_sal_001532,ft_evt_0053,CORTESÍA,1,0.3985098879822984,0.4524806427263338,0.41678210681704847,0.4856205880641937
ft_tkt_0002894,ft_sal_001532,ft_evt_0053,CORTESÍA,0,0.3985098879822984,0.4524806427263338,0.41678210681704847,0.4856205880641937
ft_tkt_0002895,ft_sal_001532,ft_evt_0053,CORTESÍA,0,0.3985098879822984,0.4524806427263338,0.41678210681704847,0.4856205880641937
ft_tkt_0002896,ft_sal_001533,ft_evt_0053,GENERAL,1,0.9356965834661002,0.9307207437090614,0.9108984916446184,0.9227861762046814
ft_tkt_0002897,ft_sal_001533,ft_evt_0053,GENERAL,1,0.9356965834661002,0.9307207437090614,0.9108984916446184,0.9227861762046814
ft_tkt_0002898,ft_sal_001534,ft_evt_0053,CORTESÍA,0,0.3985098879822984,0.532208181360107,0.448707445989391,0.5254758596420288
ft_tkt_0002899,ft_sal_001535,ft_evt_0053,CORTESÍA,0,0.3985098879822984,0.358446975052144,0.3594395685095188,0.31125739216804504
ft_tkt_0002900,ft_sal_001535,ft_evt_0053,CORTESÍA,1,0.3985098879822984,0.358446975052144,0.3594395685095188,0.31125739216804504
ft_tkt_0002901,ft_sal_001535,ft_evt_0053,CORTESÍA,0,0.3985098879822984,0.358446975052144,0.3594395685095188,0.31125739216804504
ft_tkt_0002902,ft_sal_001535,ft_evt_0053,CORTESÍA,1,0.3985098879822984,0.358446975052144,0.3594395685095188,0.31125739216804504
ft_tkt_0002903,ft_sal_001535,ft_evt_0053,CORTESÍA,0,0.3985098879822984,0.358446975052144,0.3594395685095188,0.31125739216804504
ft_tkt_0002904,ft_sal_001535,ft_evt_0053,CORTESÍA,0,0.3985098879822984,0.358446975052144,0.3594395685095188,0.31125739216804504
ft_tkt_0002905,ft_sal_001536,ft_evt_0053,GENERAL,1,0.9356965834661002,0.9110686513591951,0.9070387514320556,0.9402751326560974
ft_tkt_0002906,ft_sal_001537,ft_evt_0053,GENERAL,1,0.9356965834661002,0.9414536330061823,0.921512916771959,0.9446229338645935
ft_tkt_0002907,ft_sal_001538,ft_evt_0053,CORTESÍA,0,0.3985098879822984,0.47566367593796316,0.4177410091619882,0.4910668432712555
ft_tkt_0002908,ft_sal_001538,ft_evt_0053,CORTESÍA,0,0.3985098879822984,0.47566367593796316,0.4177410091619882,0.4910668432712555
ft_tkt_0002909,ft_sal_001539,ft_evt_0053,GENERAL,1,0.9356965834661002,0.9539114919734099,0.937026619412414,0.9573519825935364
ft_tkt_0002910,ft_sal_001539,ft_evt_0053,GENERAL,1,0.9356965834661002,0.9539114919734099,0.937026619412414,0.9573519825935364
ft_tkt_0002911,ft_sal_001540,ft_evt_0053,CORTESÍA,0,0.3985098879822984,0.34307784378605594,0.41742778552774756,0.42615488171577454
ft_tkt_0002912,ft_sal_001541,ft_evt_0053,CORTESÍA,0,0.3985098879822984,0.4177075391026753,0.41661187219691465,0.4621691107749939
ft_tkt_0002913,ft_sal_001542,ft_evt_0053,CORTESÍA,0,0.3985098879822984,0.46314194834928074,0.424983624457414,0.45626428723335266
ft_tkt_0002914,ft_sal_001542,ft_evt_0053,CORTESÍA,0,0.3985098879822984,0.46314194834928074,0.424983624457414,0.45626428723335266
ft_tkt_0002915,ft_sal_001543,ft_evt_0053,GENERAL,1,0.9356965834661002,0.9725081755459506,0.9558477398479583,0.9670426845550537
ft_tkt_0002916,ft_sal_001544,ft_evt_0053,GENERAL,1,0.9356965834661002,0.9402280989011972,0.9203606804687386,0.9470297694206238
ft_tkt_0002917,ft_sal_001545,ft_evt_0053,VIP,1,0.9325078728886343,0.9297394331716547,0.9157364568818301,0.9156312346458435
ft_tkt_0002918,ft_sal_001545,ft_evt_0053,VIP,1,0.9325078728886343,0.9297394331716547,0.9157364568818301,0.9156312346458435
ft_tkt_0002919,ft_sal_001546,ft_evt_0053,CORTESÍA,0,0.3985098879822984,0.11738306077688168,0.3224082054754289,0.33935046195983887
ft_tkt_0002920,ft_sal_001547,ft_evt_0053,GENERAL,1,0.9356965834661002,0.9655973680078556,0.944207507042968,0.9648745656013489
ft_tkt_0002921,ft_sal_001547,ft_evt_0053,GENERAL,1,0.9356965834661002,0.9655973680078556,0.944207507042968,0.9648745656013489
ft_tkt_0002922,ft_sal_001548,ft_evt_0053,VIP,1,0.9325078728886343,0.9259232133214153,0.9125328327345384,0.9606863856315613
ft_tkt_0002923,ft_sal_001548,ft_evt_0053,VIP,1,0.9325078728886343,0.9259232133214153,0.9125328327345384,0.9606863856315613
ft_tkt_0002924,ft_sal_001549,ft_evt_0053,GENERAL,1,0.9356965834661002,0.9205926588273438,0.92976452047035,0.9567713737487793
ft_tkt_0002925,ft_sal_001549,ft_evt_0053,GENERAL,1,0.9356965834661002,0.9205926588273438,0.92976452047035,0.9567713737487793
ft_tkt_0002926,ft_sal_001550,ft_evt_0053,CORTESÍA,0,0.3985098879822984,0.38215941459520575,0.35467431351422396,0.2964969277381897
ft_tkt_0002927,ft_sal_001550,ft_evt_0053,CORTESÍA,1,0.3985098879822984,0.38215941459520575,0.35467431351422396,0.2964969277381897
ft_tkt_0002928,ft_sal_001550,ft_evt_0053,CORTESÍA,0,0.3985098879822984,0.38215941459520575,0.35467431351422396,0.2964969277381897
ft_tkt_0002929,ft_sal_001551,ft_evt_0053,GENERAL,1,0.9356965834661002,0.937227535763219,0.918688071788089,0.9525744915008545
ft_tkt_0002930,ft_sal_001552,ft_evt_0053,CORTESÍA,1,0.3985098879822984,0.43863415488888907,0.3482842994021929,0.4370453357696533
ft_tkt_0002931,ft_sal_001552,ft_evt_0053,CORTESÍA,0,0.3985098879822984,0.43863415488888907,0.3482842994021929,0.4370453357696533
ft_tkt_0002932,ft_sal_001553,ft_evt_0053,CORTESÍA,0,0.3985098879822984,0.3708290449746115,0.34305207316749037,0.3649786710739136
ft_tkt_0002933,ft_sal_001553,ft_evt_0053,CORTESÍA,0,0.3985098879822984,0.3708290449746115,0.34305207316749037,0.3649786710739136
ft_tkt_0002934,ft_sal_001554,ft_evt_0053,VIP,1,0.9325078728886343,0.8857230935123575,0.9106937374237052,0.8920409679412842
ft_tkt_0002935,ft_sal_001554,ft_evt_0053,VIP,1,0.9325078728886343,0.8857230935123575,0.9106937374237052,0.8920409679412842
ft_tkt_0002936,ft_sal_001555,ft_evt_0053,CORTESÍA,0,0.3985098879822984,0.4485600252737289,0.3732955032403051,0.40500691533088684
ft_tkt_0002937,ft_sal_001556,ft_evt_0053,GENERAL,1,0.9356965834661002,0.9376076864595698,0.9167222050677094,0.9352211356163025
ft_tkt_0002938,ft_sal_001556,ft_evt_0053,GENERAL,1,0.9356965834661002,0.9376076864595698,0.9167222050677094,0.9352211356163025
ft_tkt_0002939,ft_sal_001556,ft_evt_0053,GENERAL,1,0.9356965834661002,0.9376076864595698,0.9167222050677094,0.9352211356163025
ft_tkt_0002940,ft_sal_001557,ft_evt_0053,CORTESÍA,0,0.3985098879822984,0.4480835876384749,0.40832975389137505,0.3920475244522095
ft_tkt_0002941,ft_sal_001557,ft_evt_0053,CORTESÍA,0,0.3985098879822984,0.4480835876384749,0.40832975389137505,0.3920475244522095
ft_tkt_0002942,ft_sal_001558,ft_evt_0011,VIP,1,0.9362121140393361,0.7871525983024853,0.9030314163435587,0.9003791213035583
ft_tkt_0002943,ft_sal_001558,ft_evt_0011,VIP,1,0.9362121140393361,0.7871525983024853,0.9030314163435587,0.9003791213035583
ft_tkt_0002944,ft_sal_001558,ft_evt_0011,VIP,1,0.9362121140393361,0.7871525983024853,0.9030314163435587,0.9003791213035583
ft_tkt_0002945,ft_sal_001558,ft_evt_0011,VIP,0,0.9362121140393361,0.7871525983024853,0.9030314163435587,0.9003791213035583
ft_tkt_0002946,ft_sal_001559,ft_evt_0011,GENERAL,1,0.9352882500254978,0.8052451775341884,0.9156636952736058,0.8780083656311035
ft_tkt_0002947,ft_sal_001560,ft_evt_0011,GENERAL,1,0.9352882500254978,0.8572431470761189,0.8914440196574299,0.8943475484848022
ft_tkt_0002948,ft_sal_001561,ft_evt_0011,CORTESÍA,0,0.40252443406149635,0.20845491386201298,0.42201764498648314,0.36666008830070496
ft_tkt_0002949,ft_sal_001561,ft_evt_0011,CORTESÍA,0,0.40252443406149635,0.20845491386201298,0.42201764498648314,0.36666008830070496
ft_tkt_0002950,ft_sal_001561,ft_evt_0011,CORTESÍA,0,0.40252443406149635,0.20845491386201298,0.42201764498648314,0.36666008830070496
ft_tkt_0002951,ft_sal_001561,ft_evt_0011,CORTESÍA,0,0.40252443406149635,0.20845491386201298,0.42201764498648314,0.36666008830070496
ft_tkt_0002952,ft_sal_001562,ft_evt_0011,GENERAL,1,0.9352882500254978,0.8607420642589714,0.927157016693277,0.9668184518814087
ft_tkt_0002953,ft_sal_001562,ft_evt_0011,GENERAL,1,0.9352882500254978,0.8607420642589714,0.927157016693277,0.9668184518814087
ft_tkt_0002954,ft_sal_001563,ft_evt_0011,CORTESÍA,0,0.40252443406149635,0.09162485094029016,0.292318376758321,0.18687361478805542
ft_tkt_0002955,ft_sal_001564,ft_evt_0011,CORTESÍA,0,0.40252443406149635,0.14957146350111283,0.31719085000386715,0.2228684276342392
ft_tkt_0002956,ft_sal_001564,ft_evt_0011,CORTESÍA,0,0.40252443406149635,0.14957146350111283,0.31719085000386715,0.2228684276342392
ft_tkt_0002957,ft_sal_001565,ft_evt_0011,GENERAL,1,0.9352882500254978,0.8392295827327716,0.9109355938099851,0.9210312366485596
ft_tkt_0002958,ft_sal_001565,ft_evt_0011,GENERAL,1,0.9352882500254978,0.8392295827327716,0.9109355938099851,0.9210312366485596
ft_tkt_0002959,ft_sal_001566,ft_evt_0011,CORTESÍA,0,0.40252443406149635,0.12441441191741785,0.28997839625930144,0.1945556253194809
ft_tkt_0002960,ft_sal_001566,ft_evt_0011,CORTESÍA,1,0.40252443406149635,0.12441441191741785,0.28997839625930144,0.1945556253194809
ft_tkt_0002961,ft_sal_001567,ft_evt_0011,CORTESÍA,0,0.40252443406149635,0.15718747072273867,0.3665599418451576,0.30190181732177734
ft_tkt_0002962,ft_sal_001568,ft_evt_0011,GENERAL,1,0.9352882500254978,0.912741815300159,0.9433626001143084,0.9510143995285034
ft_tkt_0002963,ft_sal_001569,ft_evt_0011,VIP,1,0.9362121140393361,0.903460307794864,0.9147992009301322,0.9240230917930603
ft_tkt_0002964,ft_sal_001569,ft_evt_0011,VIP,1,0.9362121140393361,0.903460307794864,0.9147992009301322,0.9240230917930603
ft_tkt_0002965,ft_sal_001570,ft_evt_0011,GENERAL,1,0.9352882500254978,0.8795153040301245,0.9279446918034229,0.9355221390724182
ft_tkt_0002966,ft_sal_001570,ft_evt_0011,GENERAL,1,0.9352882500254978,0.8795153040301245,0.9279446918034229,0.9355221390724182
ft_tkt_0002967,ft_sal_001571,ft_evt_0011,VIP,1,0.9362121140393361,0.8236981410897444,0.896143091575243,0.8999889492988586
ft_tkt_0002968,ft_sal_001571,ft_evt_0011,VIP,1,0.9362121140393361,0.8236981410897444,0.896143091575243,0.8999889492988586
ft_tkt_0002969,ft_sal_001572,ft_evt_0011,CORTESÍA,1,0.40252443406149635,0.21403242605166994,0.4171818864011007,0.39181026816368103
ft_tkt_0002970,ft_sal_001572,ft_evt_0011,CORTESÍA,0,0.40252443406149635,0.21403242605166994,0.4171818864011007,0.39181026816368103
ft_tkt_0002971,ft_sal_001572,ft_evt_0011,CORTESÍA,0,0.40252443406149635,0.21403242605166994,0.4171818864011007,0.39181026816368103
ft_tkt_0002972,ft_sal_001572,ft_evt_0011,CORTESÍA,0,0.40252443406149635,0.21403242605166994,0.4171818864011007,0.39181026816368103
ft_tkt_0002973,ft_sal_001573,ft_evt_0011,CORTESÍA,0,0.40252443406149635,0.14736997719527647,0.32379300880351436,0.23065076768398285
ft_tkt_0002974,ft_sal_001573,ft_evt_0011,CORTESÍA,0,0.40252443406149635,0.14736997719527647,0.32379300880351436,0.23065076768398285
ft_tkt_0002975,ft_sal_001573,ft_evt_0011,CORTESÍA,0,0.40252443406149635,0.14736997719527647,0.32379300880351436,0.23065076768398285
ft_tkt_0002976,ft_sal_001574,ft_evt_0011,GENERAL,1,0.9352882500254978,0.7399849143982972,0.8868096194346544,0.923356294631958
ft_tkt_0002977,ft_sal_001574,ft_evt_0011,GENERAL,0,0.9352882500254978,0.7399849143982972,0.8868096194346544,0.923356294631958
ft_tkt_0002978,ft_sal_001575,ft_evt_0011,GENERAL,1,0.9352882500254978,0.7987810868204287,0.9149963338764724,0.9022689461708069
ft_tkt_0002979,ft_sal_001576,ft_evt_0011,VIP,1,0.9362121140393361,0.9019775290724124,0.9279994008662253,0.9468114376068115
ft_tkt_0002980,ft_sal_001576,ft_evt_0011,VIP,1,0.9362121140393361,0.9019775290724124,0.9279994008662253,0.9468114376068115
ft_tkt_0002981,ft_sal_001577,ft_evt_0011,PREFERENCIAL,1,0.9314496020944585,0.851345284896891,0.9345715708840728,0.9678969383239746
ft_tkt_0002982,ft_sal_001577,ft_evt_0011,PREFERENCIAL,1,0.9314496020944585,0.851345284896891,0.9345715708840728,0.9678969383239746
ft_tkt_0002983,ft_sal_001578,ft_evt_0011,GENERAL,1,0.9352882500254978,0.8233189794731548,0.911306196417804,0.9320948719978333
ft_tkt_0002984,ft_sal_001578,ft_evt_0011,GENERAL,1,0.9352882500254978,0.8233189794731548,0.911306196417804,0.9320948719978333
ft_tkt_0002985,ft_sal_001579,ft_evt_0011,CORTESÍA,1,0.40252443406149635,0.11863675113878348,0.26702738374685314,0.12740331888198853
ft_tkt_0002986,ft_sal_001579,ft_evt_0011,CORTESÍA,0,0.40252443406149635,0.11863675113878348,0.26702738374685314,0.12740331888198853
ft_tkt_0002987,ft_sal_001579,ft_evt_0011,CORTESÍA,0,0.40252443406149635,0.11863675113878348,0.26702738374685314,0.12740331888198853
ft_tkt_0002988,ft_sal_001580,ft_evt_0011,PREFERENCIAL,0,0.9314496020944585,0.8529447070813393,0.9112280774979831,0.915012538433075
ft_tkt_0002989,ft_sal_001581,ft_evt_0011,CORTESÍA,1,0.40252443406149635,0.09381714636347938,0.30477023014142085,0.17865590751171112
ft_tkt_0002990,ft_sal_001582,ft_evt_0011,PREFERENCIAL,1,0.9314496020944585,0.7840617893663105,0.9048583392427233,0.8755666613578796
ft_tkt_0002991,ft_sal_001582,ft_evt_0011,PREFERENCIAL,1,0.9314496020944585,0.7840617893663105,0.9048583392427233,0.8755666613578796
ft_tkt_0002992,ft_sal_001583,ft_evt_0011,GENERAL,1,0.9352882500254978,0.9223872439404015,0.9417972634685504,0.9351750612258911
ft_tkt_0002993,ft_sal_001583,ft_evt_0011,GENERAL,1,0.9352882500254978,0.9223872439404015,0.9417972634685504,0.9351750612258911
ft_tkt_0002994,ft_sal_001584,ft_evt_0011,GENERAL,1,0.9352882500254978,0.8778032769962629,0.9284516451624408,0.9484701752662659
ft_tkt_0002995,ft_sal_001584,ft_evt_0011,GENERAL,1,0.9352882500254978,0.8778032769962629,0.9284516451624408,0.9484701752662659
ft_tkt_0002996,ft_sal_001585,ft_evt_0011,GENERAL,1,0.9352882500254978,0.9007132467460375,0.9236678761623823,0.9215255379676819
ft_tkt_0002997,ft_sal_001585,ft_evt_0011,GENERAL,1,0.9352882500254978,0.9007132467460375,0.9236678761623823,0.9215255379676819
ft_tkt_0002998,ft_sal_001586,ft_evt_0011,GENERAL,1,0.9352882500254978,0.746902864328128,0.8873011893293286,0.8062731623649597
ft_tkt_0002999,ft_sal_001587,ft_evt_0011,VIP,1,0.9362121140393361,0.8426599985895288,0.8989249743379856,0.9052674174308777
ft_tkt_0003000,ft_sal_001587,ft_evt_0011,VIP,1,0.9362121140393361,0.8426599985895288,0.8989249743379856,0.9052674174308777
ft_tkt_0003001,ft_sal_001588,ft_evt_0011,CORTESÍA,0,0.40252443406149635,0.14155299864024834,0.31387001994210306,0.2627440392971039
ft_tkt_0003002,ft_sal_001589,ft_evt_0011,CORTESÍA,0,0.40252443406149635,0.23546447959797612,0.44107553034977864,0.36703452467918396
ft_tkt_0003003,ft_sal_001590,ft_evt_0011,GENERAL,1,0.9352882500254978,0.9468077744255027,0.9341228962573093,0.9535303711891174
ft_tkt_0003004,ft_sal_001591,ft_evt_0011,PREFERENCIAL,1,0.9314496020944585,0.8413977994708025,0.9113324581447139,0.8877133727073669
ft_tkt_0003005,ft_sal_001591,ft_evt_0011,PREFERENCIAL,1,0.9314496020944585,0.8413977994708025,0.9113324581447139,0.8877133727073669
ft_tkt_0003006,ft_sal_001592,ft_evt_0011,CORTESÍA,1,0.40252443406149635,0.16423052372885322,0.32876679499165845,0.21924452483654022
ft_tkt_0003007,ft_sal_001592,ft_evt_0011,CORTESÍA,0,0.40252443406149635,0.16423052372885322,0.32876679499165845,0.21924452483654022
ft_tkt_0003008,ft_sal_001592,ft_evt_0011,CORTESÍA,0,0.40252443406149635,0.16423052372885322,0.32876679499165845,0.21924452483654022
ft_tkt_0003009,ft_sal_001592,ft_evt_0011,CORTESÍA,0,0.40252443406149635,0.16423052372885322,0.32876679499165845,0.21924452483654022
ft_tkt_0003010,ft_sal_001593,ft_evt_0011,GENERAL,1,0.9352882500254978,0.8819799890224578,0.9185270913402102,0.9399781227111816
ft_tkt_0003011,ft_sal_001593,ft_evt_0011,GENERAL,1,0.9352882500254978,0.8819799890224578,0.9185270913402102,0.9399781227111816
ft_tkt_0003012,ft_sal_001593,ft_evt_0011,GENERAL,1,0.9352882500254978,0.8819799890224578,0.9185270913402102,0.9399781227111816
ft_tkt_0003013,ft_sal_001593,ft_evt_0011,GENERAL,0,0.9352882500254978,0.8819799890224578,0.9185270913402102,0.9399781227111816
ft_tkt_0003014,ft_sal_001593,ft_evt_0011,GENERAL,1,0.9352882500254978,0.8819799890224578,0.9185270913402102,0.9399781227111816
ft_tkt_0003015,ft_sal_001593,ft_evt_0011,GENERAL,1,0.9352882500254978,0.8819799890224578,0.9185270913402102,0.9399781227111816
ft_tkt_0003016,ft_sal_001594,ft_evt_0011,GENERAL,1,0.9352882500254978,0.8550592679149333,0.9277086619474441,0.932324230670929
ft_tkt_0003017,ft_sal_001595,ft_evt_0011,PREFERENCIAL,1,0.9314496020944585,0.8714786928330567,0.9296584301319984,0.9334189295768738
ft_tkt_0003018,ft_sal_001595,ft_evt_0011,PREFERENCIAL,1,0.9314496020944585,0.8714786928330567,0.9296584301319984,0.9334189295768738
ft_tkt_0003019,ft_sal_001596,ft_evt_0011,GENERAL,1,0.9352882500254978,0.8224692318012161,0.9097389603036207,0.9264499545097351
ft_tkt_0003020,ft_sal_001596,ft_evt_0011,GENERAL,1,0.9352882500254978,0.8224692318012161,0.9097389603036207,0.9264499545097351
ft_tkt_0003021,ft_sal_001597,ft_evt_0011,GENERAL,1,0.9352882500254978,0.8822366843916232,0.9362238599021521,0.9321949481964111
ft_tkt_0003022,ft_sal_001597,ft_evt_0011,GENERAL,1,0.9352882500254978,0.8822366843916232,0.9362238599021521,0.9321949481964111
ft_tkt_0003023,ft_sal_001598,ft_evt_0011,CORTESÍA,0,0.40252443406149635,0.20812479217679766,0.42306309859259295,0.34627464413642883
ft_tkt_0003024,ft_sal_001598,ft_evt_0011,CORTESÍA,0,0.40252443406149635,0.20812479217679766,0.42306309859259295,0.34627464413642883
ft_tkt_0003025,ft_sal_001599,ft_evt_0011,CORTESÍA,0,0.40252443406149635,0.17490584909778747,0.3210261548145638,0.28493422269821167
ft_tkt_0003026,ft_sal_001600,ft_evt_0011,CORTESÍA,1,0.40252443406149635,0.32100408091673716,0.4122942593790197,0.30742719769477844
ft_tkt_0003027,ft_sal_001601,ft_evt_0011,PREFERENCIAL,1,0.9314496020944585,0.8310080915210736,0.9039647683472825,0.9064035415649414
ft_tkt_0003028,ft_sal_001601,ft_evt_0011,PREFERENCIAL,0,0.9314496020944585,0.8310080915210736,0.9039647683472825,0.9064035415649414
ft_tkt_0003029,ft_sal_001601,ft_evt_0011,PREFERENCIAL,1,0.9314496020944585,0.8310080915210736,0.9039647683472825,0.9064035415649414
ft_tkt_0003030,ft_sal_001601,ft_evt_0011,PREFERENCIAL,0,0.9314496020944585,0.8310080915210736,0.9039647683472825,0.9064035415649414
ft_tkt_0003031,ft_sal_001602,ft_evt_0011,CORTESÍA,0,0.40252443406149635,0.1573917589014717,0.29733869136799296,0.19637557864189148
ft_tkt_0003032,ft_sal_001603,ft_evt_0011,GENERAL,1,0.9352882500254978,0.8415933037361574,0.9240884632406554,0.9000833034515381
ft_tkt_0003033,ft_sal_001604,ft_evt_0011,CORTESÍA,0,0.40252443406149635,0.29565199905076106,0.46817427897498504,0.4503709673881531
ft_tkt_0003034,ft_sal_001605,ft_evt_0011,CORTESÍA,1,0.40252443406149635,0.20155619186412668,0.4064287307946336,0.3442718982696533
ft_tkt_0003035,ft_sal_001606,ft_evt_0011,GENERAL,1,0.9352882500254978,0.8280204597997207,0.9046107200234731,0.8738362789154053
ft_tkt_0003036,ft_sal_001606,ft_evt_0011,GENERAL,1,0.9352882500254978,0.8280204597997207,0.9046107200234731,0.8738362789154053
ft_tkt_0003037,ft_sal_001606,ft_evt_0011,GENERAL,1,0.9352882500254978,0.8280204597997207,0.9046107200234731,0.8738362789154053
ft_tkt_0003038,ft_sal_001606,ft_evt_0011,GENERAL,1,0.9352882500254978,0.8280204597997207,0.9046107200234731,0.8738362789154053
ft_tkt_0003039,ft_sal_001607,ft_evt_0011,VIP,1,0.9362121140393361,0.7647238786856272,0.9069776931347664,0.9038752913475037
ft_tkt_0003040,ft_sal_001608,ft_evt_0011,CORTESÍA,1,0.40252443406149635,0.19741276114216338,0.38212576922881486,0.4322564899921417
ft_tkt_0003041,ft_sal_001608,ft_evt_0011,CORTESÍA,0,0.40252443406149635,0.19741276114216338,0.38212576922881486,0.4322564899921417
ft_tkt_0003042,ft_sal_001609,ft_evt_0011,GENERAL,1,0.9352882500254978,0.8320343386680553,0.9079110472373931,0.9317589402198792
ft_tkt_0003043,ft_sal_001609,ft_evt_0011,GENERAL,1,0.9352882500254978,0.8320343386680553,0.9079110472373931,0.9317589402198792
ft_tkt_0003044,ft_sal_001610,ft_evt_0011,GENERAL,1,0.9352882500254978,0.8020210644953095,0.9170782675627782,0.9262568354606628
ft_tkt_0003045,ft_sal_001611,ft_evt_0011,CORTESÍA,0,0.40252443406149635,0.0887691167517019,0.24538935863181027,0.14100351929664612
ft_tkt_0003046,ft_sal_001612,ft_evt_0011,GENERAL,1,0.9352882500254978,0.8545818182835812,0.9263007234453235,0.9198374152183533
ft_tkt_0003047,ft_sal_001613,ft_evt_0011,GENERAL,1,0.9352882500254978,0.7922688937661424,0.9055643813954772,0.9198625087738037
ft_tkt_0003048,ft_sal_001614,ft_evt_0011,VIP,1,0.9362121140393361,0.8597211800080207,0.9135492758050953,0.921734094619751
ft_tkt_0003049,ft_sal_001615,ft_evt_0011,CORTESÍA,0,0.40252443406149635,0.1499453353302017,0.29551732668197006,0.22514934837818146
ft_tkt_0003050,ft_sal_001615,ft_evt_0011,CORTESÍA,0,0.40252443406149635,0.1499453353302017,0.29551732668197006,0.22514934837818146
ft_tkt_0003051,ft_sal_001616,ft_evt_0011,GENERAL,1,0.9352882500254978,0.8752855272449567,0.925080513077984,0.9437686204910278
ft_tkt_0003052,ft_sal_001616,ft_evt_0011,GENERAL,1,0.9352882500254978,0.8752855272449567,0.925080513077984,0.9437686204910278
ft_tkt_0003053,ft_sal_001616,ft_evt_0011,GENERAL,1,0.9352882500254978,0.8752855272449567,0.925080513077984,0.9437686204910278
ft_tkt_0003054,ft_sal_001616,ft_evt_0011,GENERAL,0,0.9352882500254978,0.8752855272449567,0.925080513077984,0.9437686204910278
ft_tkt_0003055,ft_sal_001617,ft_evt_0011,CORTESÍA,0,0.40252443406149635,0.22311766463159508,0.4176259298721132,0.3477645516395569
ft_tkt_0003056,ft_sal_001617,ft_evt_0011,CORTESÍA,1,0.40252443406149635,0.22311766463159508,0.4176259298721132,0.3477645516395569
ft_tkt_0003057,ft_sal_001617,ft_evt_0011,CORTESÍA,0,0.40252443406149635,0.22311766463159508,0.4176259298721132,0.3477645516395569
ft_tkt_0003058,ft_sal_001618,ft_evt_0011,CORTESÍA,1,0.40252443406149635,0.1922929444205887,0.41632529521978073,0.39098334312438965
ft_tkt_0003059,ft_sal_001619,ft_evt_0011,GENERAL,1,0.9352882500254978,0.869281942617926,0.9274085145901367,0.9119484424591064
ft_tkt_0003060,ft_sal_001619,ft_evt_0011,GENERAL,1,0.9352882500254978,0.869281942617926,0.9274085145901367,0.9119484424591064
ft_tkt_0003061,ft_sal_001620,ft_evt_0011,GENERAL,1,0.9352882500254978,0.7978423951376264,0.9137222209279053,0.8679684400558472
ft_tkt_0003062,ft_sal_001621,ft_evt_0011,PREFERENCIAL,1,0.9314496020944585,0.8669619224459533,0.9285690446499438,0.9550192952156067
ft_tkt_0003063,ft_sal_001621,ft_evt_0011,PREFERENCIAL,1,0.9314496020944585,0.8669619224459533,0.9285690446499438,0.9550192952156067
ft_tkt_0003064,ft_sal_001621,ft_evt_0011,PREFERENCIAL,1,0.9314496020944585,0.8669619224459533,0.9285690446499438,0.9550192952156067
ft_tkt_0003065,ft_sal_001621,ft_evt_0011,PREFERENCIAL,1,0.9314496020944585,0.8669619224459533,0.9285690446499438,0.9550192952156067
ft_tkt_0003066,ft_sal_001622,ft_evt_0011,GENERAL,1,0.9352882500254978,0.8090498911597374,0.896733885996193,0.8825704455375671
ft_tkt_0003067,ft_sal_001622,ft_evt_0011,GENERAL,1,0.9352882500254978,0.8090498911597374,0.896733885996193,0.8825704455375671
ft_tkt_0003068,ft_sal_001623,ft_evt_0011,PREFERENCIAL,1,0.9314496020944585,0.8755398078606461,0.9290282277127735,0.9396135807037354
ft_tkt_0003069,ft_sal_001623,ft_evt_0011,PREFERENCIAL,1,0.9314496020944585,0.8755398078606461,0.9290282277127735,0.9396135807037354
ft_tkt_0003070,ft_sal_001624,ft_evt_0011,VIP,1,0.9362121140393361,0.8756208929371024,0.9309409501578362,0.9441599249839783
ft_tkt_0003071,ft_sal_001625,ft_evt_0011,PREFERENCIAL,1,0.9314496020944585,0.8006862364385452,0.9170730108065445,0.916264533996582
ft_tkt_0003072,ft_sal_001626,ft_evt_0011,VIP,1,0.9362121140393361,0.8926414740626337,0.9298664908006371,0.9486650824546814
ft_tkt_0003073,ft_sal_001626,ft_evt_0011,VIP,1,0.9362121140393361,0.8926414740626337,0.9298664908006371,0.9486650824546814
ft_tkt_0003074,ft_sal_001627,ft_evt_0011,CORTESÍA,0,0.40252443406149635,0.15377038761176803,0.29475592937648254,0.21003076434135437
ft_tkt_0003075,ft_sal_001627,ft_evt_0011,CORTESÍA,0,0.40252443406149635,0.15377038761176803,0.29475592937648254,0.21003076434135437
ft_tkt_0003076,ft_sal_001628,ft_evt_0011,GENERAL,1,0.9352882500254978,0.8977515417309995,0.9210886090145292,0.9505556225776672
ft_tkt_0003077,ft_sal_001628,ft_evt_0011,GENERAL,1,0.9352882500254978,0.8977515417309995,0.9210886090145292,0.9505556225776672
ft_tkt_0003078,ft_sal_001629,ft_evt_0011,CORTESÍA,0,0.40252443406149635,0.2374795470961619,0.42209859676837636,0.3892480432987213
ft_tkt_0003079,ft_sal_001629,ft_evt_0011,CORTESÍA,0,0.40252443406149635,0.2374795470961619,0.42209859676837636,0.3892480432987213
ft_tkt_0003080,ft_sal_001629,ft_evt_0011,CORTESÍA,1,0.40252443406149635,0.2374795470961619,0.42209859676837636,0.3892480432987213
ft_tkt_0003081,ft_sal_001629,ft_evt_0011,CORTESÍA,0,0.40252443406149635,0.2374795470961619,0.42209859676837636,0.3892480432987213
ft_tkt_0003082,ft_sal_001629,ft_evt_0011,CORTESÍA,0,0.40252443406149635,0.2374795470961619,0.42209859676837636,0.3892480432987213
ft_tkt_0003083,ft_sal_001629,ft_evt_0011,CORTESÍA,0,0.40252443406149635,0.2374795470961619,0.42209859676837636,0.3892480432987213
ft_tkt_0003084,ft_sal_001630,ft_evt_0011,PREFERENCIAL,1,0.9314496020944585,0.820222791222316,0.9204752131104346,0.9349843859672546
ft_tkt_0003085,ft_sal_001631,ft_evt_0011,VIP,1,0.9362121140393361,0.7276592414466477,0.9051475956877884,0.8927369117736816
ft_tkt_0003086,ft_sal_001632,ft_evt_0011,GENERAL,0,0.9352882500254978,0.8724063258176596,0.928883919282214,0.9406792521476746
ft_tkt_0003087,ft_sal_001632,ft_evt_0011,GENERAL,1,0.9352882500254978,0.8724063258176596,0.928883919282214,0.9406792521476746
ft_tkt_0003088,ft_sal_001633,ft_evt_0011,GENERAL,1,0.9352882500254978,0.6866247072941735,0.8994364601215818,0.9148130416870117
ft_tkt_0003089,ft_sal_001634,ft_evt_0011,GENERAL,1,0.9352882500254978,0.843999855898288,0.916849987108727,0.9270626306533813
ft_tkt_0003090,ft_sal_001635,ft_evt_0011,GENERAL,1,0.9352882500254978,0.8435259671302391,0.909099584775429,0.8973160982131958
ft_tkt_0003091,ft_sal_001635,ft_evt_0011,GENERAL,1,0.9352882500254978,0.8435259671302391,0.909099584775429,0.8973160982131958
ft_tkt_0003092,ft_sal_001636,ft_evt_0011,PREFERENCIAL,1,0.9314496020944585,0.8670722993966337,0.9432186517017058,0.9585416316986084
ft_tkt_0003093,ft_sal_001636,ft_evt_0011,PREFERENCIAL,1,0.9314496020944585,0.8670722993966337,0.9432186517017058,0.9585416316986084
ft_tkt_0003094,ft_sal_001637,ft_evt_0011,GENERAL,1,0.9352882500254978,0.8054822124053681,0.9182895137470034,0.8836870789527893
ft_tkt_0003095,ft_sal_001638,ft_evt_0011,GENERAL,1,0.9352882500254978,0.8626908490304551,0.921545144069554,0.9124249815940857
ft_tkt_0003096,ft_sal_001639,ft_evt_0011,PREFERENCIAL,1,0.9314496020944585,0.657095159191109,0.9045802346162867,0.8813504576683044
ft_tkt_0003097,ft_sal_001640,ft_evt_0011,CORTESÍA,0,0.40252443406149635,0.07291481249140938,0.23681954268896896,0.09626778215169907
ft_tkt_0003098,ft_sal_001641,ft_evt_0011,CORTESÍA,0,0.40252443406149635,0.11272769032452222,0.3340407024695833,0.19688697159290314
ft_tkt_0003099,ft_sal_001642,ft_evt_0011,GENERAL,1,0.9352882500254978,0.8523801245241032,0.9283624167098911,0.932748556137085
ft_tkt_0003100,ft_sal_001643,ft_evt_0011,GENERAL,1,0.9352882500254978,0.8481041898152861,0.9265516786822428,0.8944239616394043
ft_tkt_0003101,ft_sal_001644,ft_evt_0011,CORTESÍA,0,0.40252443406149635,0.20290639249180714,0.4021719086020402,0.351327121257782
ft_tkt_0003102,ft_sal_001645,ft_evt_0011,GENERAL,1,0.9352882500254978,0.7954073796479497,0.9097468798323329,0.939727783203125
ft_tkt_0003103,ft_sal_001645,ft_evt_0011,GENERAL,0,0.9352882500254978,0.7954073796479497,0.9097468798323329,0.939727783203125
ft_tkt_0003104,ft_sal_001646,ft_evt_0011,CORTESÍA,0,0.40252443406149635,0.18774968366913095,0.3087878889994397,0.20863406360149384
ft_tkt_0003105,ft_sal_001647,ft_evt_0011,VIP,0,0.9362121140393361,0.8869344792149436,0.9327189770071317,0.9439945220947266
ft_tkt_0003106,ft_sal_001648,ft_evt_0011,GENERAL,1,0.9352882500254978,0.8012626890662169,0.9137222209279053,0.863757848739624
ft_tkt_0003107,ft_sal_001649,ft_evt_0011,PREFERENCIAL,1,0.9314496020944585,0.9247383010738911,0.9569221190081063,0.9593518376350403
ft_tkt_0003108,ft_sal_001649,ft_evt_0011,PREFERENCIAL,1,0.9314496020944585,0.9247383010738911,0.9569221190081063,0.9593518376350403
ft_tkt_0003109,ft_sal_001649,ft_evt_0011,PREFERENCIAL,1,0.9314496020944585,0.9247383010738911,0.9569221190081063,0.9593518376350403
ft_tkt_0003110,ft_sal_001650,ft_evt_0011,GENERAL,0,0.9352882500254978,0.8519056804586953,0.9283624167098911,0.9363725781440735
ft_tkt_0003111,ft_sal_001651,ft_evt_0011,CORTESÍA,0,0.40252443406149635,0.22893801578180237,0.40716674524710533,0.34702837467193604
ft_tkt_0003112,ft_sal_001651,ft_evt_0011,CORTESÍA,1,0.40252443406149635,0.22893801578180237,0.40716674524710533,0.34702837467193604
ft_tkt_0003113,ft_sal_001652,ft_evt_0011,GENERAL,1,0.9352882500254978,0.8100374595233476,0.8957210441080716,0.8914857506752014
ft_tkt_0003114,ft_sal_001652,ft_evt_0011,GENERAL,1,0.9352882500254978,0.8100374595233476,0.8957210441080716,0.8914857506752014
ft_tkt_0003115,ft_sal_001653,ft_evt_0011,GENERAL,1,0.9352882500254978,0.8618095197707472,0.9296579450382605,0.9571100473403931
ft_tkt_0003116,ft_sal_001653,ft_evt_0011,GENERAL,1,0.9352882500254978,0.8618095197707472,0.9296579450382605,0.9571100473403931
ft_tkt_0003117,ft_sal_001653,ft_evt_0011,GENERAL,1,0.9352882500254978,0.8618095197707472,0.9296579450382605,0.9571100473403931
ft_tkt_0003118,ft_sal_001653,ft_evt_0011,GENERAL,1,0.9352882500254978,0.8618095197707472,0.9296579450382605,0.9571100473403931
ft_tkt_0003119,ft_sal_001653,ft_evt_0011,GENERAL,1,0.9352882500254978,0.8618095197707472,0.9296579450382605,0.9571100473403931
ft_tkt_0003120,ft_sal_001653,ft_evt_0011,GENERAL,1,0.9352882500254978,0.8618095197707472,0.9296579450382605,0.9571100473403931
ft_tkt_0003121,ft_sal_001654,ft_evt_0011,GENERAL,1,0.9352882500254978,0.8997616666652224,0.9215951873019363,0.930853009223938
ft_tkt_0003122,ft_sal_001654,ft_evt_0011,GENERAL,1,0.9352882500254978,0.8997616666652224,0.9215951873019363,0.930853009223938
ft_tkt_0003123,ft_sal_001655,ft_evt_0011,GENERAL,1,0.9352882500254978,0.8807190687395244,0.9269504375362969,0.9418611526489258
ft_tkt_0003124,ft_sal_001655,ft_evt_0011,GENERAL,1,0.9352882500254978,0.8807190687395244,0.9269504375362969,0.9418611526489258
ft_tkt_0003125,ft_sal_001656,ft_evt_0011,CORTESÍA,0,0.40252443406149635,0.22900837334985502,0.40716674524710533,0.34953948855400085
ft_tkt_0003126,ft_sal_001656,ft_evt_0011,CORTESÍA,0,0.40252443406149635,0.22900837334985502,0.40716674524710533,0.34953948855400085
ft_tkt_0003127,ft_sal_001657,ft_evt_0011,VIP,1,0.9362121140393361,0.7854802910689016,0.9225464444033902,0.9103187322616577
ft_tkt_0003128,ft_sal_001658,ft_evt_0011,GENERAL,0,0.9352882500254978,0.8499151692549249,0.9267511839284088,0.9261621236801147
ft_tkt_0003129,ft_sal_001659,ft_evt_0011,PREFERENCIAL,1,0.9314496020944585,0.8818003143095464,0.9274480506716045,0.935549259185791
ft_tkt_0003130,ft_sal_001659,ft_evt_0011,PREFERENCIAL,1,0.9314496020944585,0.8818003143095464,0.9274480506716045,0.935549259185791
ft_tkt_0003131,ft_sal_001660,ft_evt_0011,GENERAL,1,0.9352882500254978,0.8624289057884139,0.9288436835287877,0.9156102538108826
ft_tkt_0003132,ft_sal_001660,ft_evt_0011,GENERAL,1,0.9352882500254978,0.8624289057884139,0.9288436835287877,0.9156102538108826
ft_tkt_0003133,ft_sal_001661,ft_evt_0011,CORTESÍA,0,0.40252443406149635,0.13690805192587838,0.3063560472533685,0.24680596590042114
ft_tkt_0003134,ft_sal_001661,ft_evt_0011,CORTESÍA,0,0.40252443406149635,0.13690805192587838,0.3063560472533685,0.24680596590042114
ft_tkt_0003135,ft_sal_001662,ft_evt_0011,GENERAL,1,0.9352882500254978,0.8311291215407989,0.911056871098938,0.9391248822212219
ft_tkt_0003136,ft_sal_001662,ft_evt_0011,GENERAL,1,0.9352882500254978,0.8311291215407989,0.911056871098938,0.9391248822212219
ft_tkt_0003137,ft_sal_001663,ft_evt_0011,GENERAL,1,0.9352882500254978,0.7953630369532253,0.8919509304994144,0.8828718662261963
ft_tkt_0003138,ft_sal_001663,ft_evt_0011,GENERAL,1,0.9352882500254978,0.7953630369532253,0.8919509304994144,0.8828718662261963
ft_tkt_0003139,ft_sal_001663,ft_evt_0011,GENERAL,1,0.9352882500254978,0.7953630369532253,0.8919509304994144,0.8828718662261963
ft_tkt_0003140,ft_sal_001663,ft_evt_0011,GENERAL,1,0.9352882500254978,0.7953630369532253,0.8919509304994144,0.8828718662261963
ft_tkt_0003141,ft_sal_001664,ft_evt_0011,GENERAL,1,0.9352882500254978,0.6175380268724199,0.9166109777404583,0.8526603579521179
ft_tkt_0003142,ft_sal_001665,ft_evt_0011,CORTESÍA,0,0.40252443406149635,0.16547664330859524,0.3372498440804498,0.21582168340682983
ft_tkt_0003143,ft_sal_001665,ft_evt_0011,CORTESÍA,1,0.40252443406149635,0.16547664330859524,0.3372498440804498,0.21582168340682983
ft_tkt_0003144,ft_sal_001665,ft_evt_0011,CORTESÍA,0,0.40252443406149635,0.16547664330859524,0.3372498440804498,0.21582168340682983
ft_tkt_0003145,ft_sal_001665,ft_evt_0011,CORTESÍA,1,0.40252443406149635,0.16547664330859524,0.3372498440804498,0.21582168340682983
ft_tkt_0003146,ft_sal_001666,ft_evt_0011,GENERAL,1,0.9352882500254978,0.8627757347994707,0.9281255700276482,0.9406585097312927
ft_tkt_0003147,ft_sal_001667,ft_evt_0029,GENERAL,1,0.9374141732240321,0.9258897523424239,0.9343590441157308,0.9269203543663025
ft_tkt_0003148,ft_sal_001667,ft_evt_0029,GENERAL,1,0.9374141732240321,0.9258897523424239,0.9343590441157308,0.9269203543663025
ft_tkt_0003149,ft_sal_001668,ft_evt_0029,GENERAL,1,0.9374141732240321,0.9575516282116093,0.9419434400850997,0.950456976890564
ft_tkt_0003150,ft_sal_001669,ft_evt_0029,CORTESÍA,1,0.3901232716974846,0.4067108815888472,0.39507894302033447,0.611363410949707
ft_tkt_0003151,ft_sal_001670,ft_evt_0029,CORTESÍA,0,0.3901232716974846,0.26351999754252503,0.4039502206457974,0.3484398424625397
ft_tkt_0003152,ft_sal_001670,ft_evt_0029,CORTESÍA,0,0.3901232716974846,0.26351999754252503,0.4039502206457974,0.3484398424625397
ft_tkt_0003153,ft_sal_001670,ft_evt_0029,CORTESÍA,0,0.3901232716974846,0.26351999754252503,0.4039502206457974,0.3484398424625397
ft_tkt_0003154,ft_sal_001671,ft_evt_0029,CORTESÍA,1,0.3901232716974846,0.395051936738565,0.47678413191655317,0.47343796491622925
ft_tkt_0003155,ft_sal_001672,ft_evt_0029,GENERAL,1,0.9374141732240321,0.9032579863677974,0.9422247703021938,0.9218182563781738
ft_tkt_0003156,ft_sal_001672,ft_evt_0029,GENERAL,1,0.9374141732240321,0.9032579863677974,0.9422247703021938,0.9218182563781738
ft_tkt_0003157,ft_sal_001672,ft_evt_0029,GENERAL,1,0.9374141732240321,0.9032579863677974,0.9422247703021938,0.9218182563781738
ft_tkt_0003158,ft_sal_001673,ft_evt_0029,GENERAL,1,0.9374141732240321,0.9522908593057493,0.9493554731144007,0.9565820097923279
ft_tkt_0003159,ft_sal_001673,ft_evt_0029,GENERAL,1,0.9374141732240321,0.9522908593057493,0.9493554731144007,0.9565820097923279
ft_tkt_0003160,ft_sal_001674,ft_evt_0029,PREFERENCIAL,1,0.9317005479219154,0.9573241719843478,0.9546085406164555,0.9588635563850403
ft_tkt_0003161,ft_sal_001675,ft_evt_0029,CORTESÍA,0,0.3901232716974846,0.31207980789791706,0.4717510540284405,0.4635997712612152
ft_tkt_0003162,ft_sal_001676,ft_evt_0029,CORTESÍA,0,0.3901232716974846,0.41747136410982866,0.3108696711959991,0.482757568359375
ft_tkt_0003163,ft_sal_001677,ft_evt_0029,VIP,1,0.9356215132776959,0.9278778199025702,0.9357518440022998,0.9358273148536682
ft_tkt_0003164,ft_sal_001678,ft_evt_0029,GENERAL,1,0.9374141732240321,0.9383040181695222,0.9398440080309083,0.9585669040679932
ft_tkt_0003165,ft_sal_001679,ft_evt_0029,GENERAL,1,0.9374141732240321,0.9478318528860549,0.9466668137788911,0.9426912665367126
ft_tkt_0003166,ft_sal_001679,ft_evt_0029,GENERAL,1,0.9374141732240321,0.9478318528860549,0.9466668137788911,0.9426912665367126
ft_tkt_0003167,ft_sal_001679,ft_evt_0029,GENERAL,1,0.9374141732240321,0.9478318528860549,0.9466668137788911,0.9426912665367126
ft_tkt_0003168,ft_sal_001680,ft_evt_0029,GENERAL,1,0.9374141732240321,0.9454476828630682,0.9463492271015177,0.9507218599319458
ft_tkt_0003169,ft_sal_001681,ft_evt_0029,GENERAL,1,0.9374141732240321,0.9437847914751293,0.9463492271015177,0.9425007104873657
ft_tkt_0003170,ft_sal_001682,ft_evt_0029,CORTESÍA,0,0.3901232716974846,0.5806650841999539,0.5246942440445309,0.598545253276825
ft_tkt_0003171,ft_sal_001683,ft_evt_0029,GENERAL,1,0.9374141732240321,0.9281538978770331,0.9450878607862918,0.9477654099464417
ft_tkt_0003172,ft_sal_001684,ft_evt_0029,CORTESÍA,0,0.3901232716974846,0.27916381101982163,0.39050766826931643,0.37492141127586365
ft_tkt_0003173,ft_sal_001684,ft_evt_0029,CORTESÍA,0,0.3901232716974846,0.27916381101982163,0.39050766826931643,0.37492141127586365
ft_tkt_0003174,ft_sal_001685,ft_evt_0029,PREFERENCIAL,1,0.9317005479219154,0.9683555498771794,0.9676440622779646,0.9788479208946228
ft_tkt_0003175,ft_sal_001686,ft_evt_0029,CORTESÍA,1,0.3901232716974846,0.4289445244755911,0.45511007665848274,0.4997115731239319
ft_tkt_0003176,ft_sal_001686,ft_evt_0029,CORTESÍA,0,0.3901232716974846,0.4289445244755911,0.45511007665848274,0.4997115731239319
ft_tkt_0003177,ft_sal_001687,ft_evt_0029,PREFERENCIAL,1,0.9317005479219154,0.9495190644366839,0.948065508270833,0.9541925191879272
ft_tkt_0003178,ft_sal_001688,ft_evt_0029,CORTESÍA,1,0.3901232716974846,0.42961462440448606,0.49210868886868053,0.48815104365348816
ft_tkt_0003179,ft_sal_001688,ft_evt_0029,CORTESÍA,1,0.3901232716974846,0.42961462440448606,0.49210868886868053,0.48815104365348816
ft_tkt_0003180,ft_sal_001689,ft_evt_0029,GENERAL,1,0.9374141732240321,0.9343037622354303,0.936800388106079,0.9086610674858093
ft_tkt_0003181,ft_sal_001690,ft_evt_0029,CORTESÍA,0,0.3901232716974846,0.3505217440651789,0.41090172607348363,0.3099001944065094
ft_tkt_0003182,ft_sal_001690,ft_evt_0029,CORTESÍA,1,0.3901232716974846,0.3505217440651789,0.41090172607348363,0.3099001944065094
ft_tkt_0003183,ft_sal_001690,ft_evt_0029,CORTESÍA,0,0.3901232716974846,0.3505217440651789,0.41090172607348363,0.3099001944065094
ft_tkt_0003184,ft_sal_001690,ft_evt_0029,CORTESÍA,1,0.3901232716974846,0.3505217440651789,0.41090172607348363,0.3099001944065094
ft_tkt_0003185,ft_sal_001691,ft_evt_0029,VIP,1,0.9356215132776959,0.9548246612254839,0.9387989718965611,0.9678398966789246
ft_tkt_0003186,ft_sal_001691,ft_evt_0029,VIP,1,0.9356215132776959,0.9548246612254839,0.9387989718965611,0.9678398966789246
ft_tkt_0003187,ft_sal_001692,ft_evt_0029,GENERAL,1,0.9374141732240321,0.944006301008636,0.9463492271015177,0.9421756267547607
ft_tkt_0003188,ft_sal_001693,ft_evt_0029,GENERAL,1,0.9374141732240321,0.9165823896446995,0.9415601464110639,0.949571967124939
ft_tkt_0003189,ft_sal_001694,ft_evt_0029,VIP,0,0.9356215132776959,0.9507081328390264,0.9379599584039923,0.9683493375778198
ft_tkt_0003190,ft_sal_001694,ft_evt_0029,VIP,1,0.9356215132776959,0.9507081328390264,0.9379599584039923,0.9683493375778198
ft_tkt_0003191,ft_sal_001695,ft_evt_0029,CORTESÍA,1,0.3901232716974846,0.3936325289842215,0.40337295211666263,0.5030649900436401
ft_tkt_0003192,ft_sal_001695,ft_evt_0029,CORTESÍA,0,0.3901232716974846,0.3936325289842215,0.40337295211666263,0.5030649900436401
ft_tkt_0003193,ft_sal_001696,ft_evt_0029,GENERAL,1,0.9374141732240321,0.8199195110431713,0.8943162048644403,0.9129976630210876
ft_tkt_0003194,ft_sal_001696,ft_evt_0029,GENERAL,1,0.9374141732240321,0.8199195110431713,0.8943162048644403,0.9129976630210876
ft_tkt_0003195,ft_sal_001697,ft_evt_0029,GENERAL,1,0.9374141732240321,0.9314561042805498,0.9397637465367895,0.9289242029190063
ft_tkt_0003196,ft_sal_001697,ft_evt_0029,GENERAL,1,0.9374141732240321,0.9314561042805498,0.9397637465367895,0.9289242029190063
ft_tkt_0003197,ft_sal_001697,ft_evt_0029,GENERAL,1,0.9374141732240321,0.9314561042805498,0.9397637465367895,0.9289242029190063
ft_tkt_0003198,ft_sal_001698,ft_evt_0029,GENERAL,1,0.9374141732240321,0.9391397949477037,0.936205966106069,0.948661744594574
ft_tkt_0003199,ft_sal_001698,ft_evt_0029,GENERAL,1,0.9374141732240321,0.9391397949477037,0.936205966106069,0.948661744594574
ft_tkt_0003200,ft_sal_001698,ft_evt_0029,GENERAL,1,0.9374141732240321,0.9391397949477037,0.936205966106069,0.948661744594574
ft_tkt_0003201,ft_sal_001699,ft_evt_0029,CORTESÍA,1,0.3901232716974846,0.35251773290113053,0.47665566636798207,0.46485623717308044
ft_tkt_0003202,ft_sal_001700,ft_evt_0029,GENERAL,1,0.9374141732240321,0.9009210066716143,0.9406482281810784,0.9415068030357361
ft_tkt_0003203,ft_sal_001700,ft_evt_0029,GENERAL,0,0.9374141732240321,0.9009210066716143,0.9406482281810784,0.9415068030357361
ft_tkt_0003204,ft_sal_001700,ft_evt_0029,GENERAL,1,0.9374141732240321,0.9009210066716143,0.9406482281810784,0.9415068030357361
ft_tkt_0003205,ft_sal_001701,ft_evt_0029,PREFERENCIAL,1,0.9317005479219154,0.9595198005941347,0.9646740257997535,0.979453980922699
ft_tkt_0003206,ft_sal_001701,ft_evt_0029,PREFERENCIAL,1,0.9317005479219154,0.9595198005941347,0.9646740257997535,0.979453980922699
ft_tkt_0003207,ft_sal_001702,ft_evt_0029,GENERAL,1,0.9374141732240321,0.9513394257687798,0.947499004697922,0.9603139162063599
ft_tkt_0003208,ft_sal_001702,ft_evt_0029,GENERAL,1,0.9374141732240321,0.9513394257687798,0.947499004697922,0.9603139162063599
ft_tkt_0003209,ft_sal_001703,ft_evt_0029,PREFERENCIAL,1,0.9317005479219154,0.9514436173539486,0.9522399037496744,0.9615815877914429
ft_tkt_0003210,ft_sal_001704,ft_evt_0029,GENERAL,1,0.9374141732240321,0.8986830218896982,0.942964322528219,0.927770733833313
ft_tkt_0003211,ft_sal_001704,ft_evt_0029,GENERAL,1,0.9374141732240321,0.8986830218896982,0.942964322528219,0.927770733833313
ft_tkt_0003212,ft_sal_001705,ft_evt_0029,GENERAL,0,0.9374141732240321,0.9321419404977823,0.9488504799634986,0.9371187090873718
ft_tkt_0003213,ft_sal_001705,ft_evt_0029,GENERAL,1,0.9374141732240321,0.9321419404977823,0.9488504799634986,0.9371187090873718
ft_tkt_0003214,ft_sal_001706,ft_evt_0029,CORTESÍA,1,0.3901232716974846,0.16129333988670608,0.35375239386455626,0.241311714053154
ft_tkt_0003215,ft_sal_001707,ft_evt_0029,VIP,1,0.9356215132776959,0.9325158775820986,0.9513492221150205,0.9628974199295044
ft_tkt_0003216,ft_sal_001707,ft_evt_0029,VIP,1,0.9356215132776959,0.9325158775820986,0.9513492221150205,0.9628974199295044
ft_tkt_0003217,ft_sal_001707,ft_evt_0029,VIP,1,0.9356215132776959,0.9325158775820986,0.9513492221150205,0.9628974199295044
ft_tkt_0003218,ft_sal_001707,ft_evt_0029,VIP,1,0.9356215132776959,0.9325158775820986,0.9513492221150205,0.9628974199295044
ft_tkt_0003219,ft_sal_001707,ft_evt_0029,VIP,1,0.9356215132776959,0.9325158775820986,0.9513492221150205,0.9628974199295044
ft_tkt_0003220,ft_sal_001707,ft_evt_0029,VIP,1,0.9356215132776959,0.9325158775820986,0.9513492221150205,0.9628974199295044
ft_tkt_0003221,ft_sal_001708,ft_evt_0029,GENERAL,1,0.9374141732240321,0.9352304259308485,0.9386953533502251,0.9585908055305481
ft_tkt_0003222,ft_sal_001708,ft_evt_0029,GENERAL,1,0.9374141732240321,0.9352304259308485,0.9386953533502251,0.9585908055305481
ft_tkt_0003223,ft_sal_001709,ft_evt_0029,PREFERENCIAL,1,0.9317005479219154,0.9528484295125179,0.9657795401859106,0.9752551317214966
ft_tkt_0003224,ft_sal_001710,ft_evt_0029,GENERAL,1,0.9374141732240321,0.9341835192743221,0.9413441879304639,0.9487216472625732
ft_tkt_0003225,ft_sal_001710,ft_evt_0029,GENERAL,1,0.9374141732240321,0.9341835192743221,0.9413441879304639,0.9487216472625732
ft_tkt_0003226,ft_sal_001711,ft_evt_0029,GENERAL,1,0.9374141732240321,0.9337594525416656,0.942363936779779,0.950820803642273
ft_tkt_0003227,ft_sal_001711,ft_evt_0029,GENERAL,1,0.9374141732240321,0.9337594525416656,0.942363936779779,0.950820803642273
ft_tkt_0003228,ft_sal_001711,ft_evt_0029,GENERAL,0,0.9374141732240321,0.9337594525416656,0.942363936779779,0.950820803642273
ft_tkt_0003229,ft_sal_001711,ft_evt_0029,GENERAL,1,0.9374141732240321,0.9337594525416656,0.942363936779779,0.950820803642273
ft_tkt_0003230,ft_sal_001712,ft_evt_0029,GENERAL,1,0.9374141732240321,0.8719027868867715,0.938044753166302,0.8917704224586487
ft_tkt_0003231,ft_sal_001712,ft_evt_0029,GENERAL,1,0.9374141732240321,0.8719027868867715,0.938044753166302,0.8917704224586487
ft_tkt_0003232,ft_sal_001713,ft_evt_0029,GENERAL,1,0.9374141732240321,0.9353966594447687,0.9435752828418513,0.9472166895866394
ft_tkt_0003233,ft_sal_001713,ft_evt_0029,GENERAL,1,0.9374141732240321,0.9353966594447687,0.9435752828418513,0.9472166895866394
ft_tkt_0003234,ft_sal_001714,ft_evt_0029,PREFERENCIAL,1,0.9317005479219154,0.9280306787957612,0.9463074935153222,0.9592171311378479
ft_tkt_0003235,ft_sal_001714,ft_evt_0029,PREFERENCIAL,1,0.9317005479219154,0.9280306787957612,0.9463074935153222,0.9592171311378479
ft_tkt_0003236,ft_sal_001715,ft_evt_0029,PREFERENCIAL,1,0.9317005479219154,0.9402454233291904,0.9349747993769215,0.9525102376937866
ft_tkt_0003237,ft_sal_001716,ft_evt_0029,GENERAL,1,0.9374141732240321,0.921434917304303,0.9399728957783581,0.9170946478843689
ft_tkt_0003238,ft_sal_001717,ft_evt_0029,PREFERENCIAL,1,0.9317005479219154,0.9496435902901478,0.9499736547135379,0.9650343060493469
ft_tkt_0003239,ft_sal_001717,ft_evt_0029,PREFERENCIAL,1,0.9317005479219154,0.9496435902901478,0.9499736547135379,0.9650343060493469
ft_tkt_0003240,ft_sal_001717,ft_evt_0029,PREFERENCIAL,1,0.9317005479219154,0.9496435902901478,0.9499736547135379,0.9650343060493469
ft_tkt_0003241,ft_sal_001717,ft_evt_0029,PREFERENCIAL,1,0.9317005479219154,0.9496435902901478,0.9499736547135379,0.9650343060493469
ft_tkt_0003242,ft_sal_001718,ft_evt_0029,PREFERENCIAL,1,0.9317005479219154,0.9677409927352902,0.9604993868638342,0.9756169319152832
ft_tkt_0003243,ft_sal_001718,ft_evt_0029,PREFERENCIAL,1,0.9317005479219154,0.9677409927352902,0.9604993868638342,0.9756169319152832
ft_tkt_0003244,ft_sal_001719,ft_evt_0029,PREFERENCIAL,0,0.9317005479219154,0.9184163799274501,0.9384319551775915,0.9652759432792664
ft_tkt_0003245,ft_sal_001720,ft_evt_0029,GENERAL,1,0.9374141732240321,0.9219249149757539,0.9336747246047546,0.9287185668945312
ft_tkt_0003246,ft_sal_001720,ft_evt_0029,GENERAL,1,0.9374141732240321,0.9219249149757539,0.9336747246047546,0.9287185668945312
ft_tkt_0003247,ft_sal_001720,ft_evt_0029,GENERAL,1,0.9374141732240321,0.9219249149757539,0.9336747246047546,0.9287185668945312
ft_tkt_0003248,ft_sal_001720,ft_evt_0029,GENERAL,0,0.9374141732240321,0.9219249149757539,0.9336747246047546,0.9287185668945312
ft_tkt_0003249,ft_sal_001721,ft_evt_0029,GENERAL,1,0.9374141732240321,0.9530563051462193,0.9539193630682288,0.9564967751502991
ft_tkt_0003250,ft_sal_001721,ft_evt_0029,GENERAL,1,0.9374141732240321,0.9530563051462193,0.9539193630682288,0.9564967751502991
ft_tkt_0003251,ft_sal_001721,ft_evt_0029,GENERAL,1,0.9374141732240321,0.9530563051462193,0.9539193630682288,0.9564967751502991
ft_tkt_0003252,ft_sal_001722,ft_evt_0029,PREFERENCIAL,1,0.9317005479219154,0.9492490737920546,0.9493632384781444,0.9606459140777588
ft_tkt_0003253,ft_sal_001723,ft_evt_0029,CORTESÍA,1,0.3901232716974846,0.5188359420659107,0.6080165253131493,0.6767695546150208
ft_tkt_0003254,ft_sal_001723,ft_evt_0029,CORTESÍA,1,0.3901232716974846,0.5188359420659107,0.6080165253131493,0.6767695546150208
ft_tkt_0003255,ft_sal_001724,ft_evt_0029,GENERAL,1,0.9374141732240321,0.9511990539345998,0.9472934172685538,0.9516026973724365
ft_tkt_0003256,ft_sal_001724,ft_evt_0029,GENERAL,1,0.9374141732240321,0.9511990539345998,0.9472934172685538,0.9516026973724365
ft_tkt_0003257,ft_sal_001725,ft_evt_0029,VIP,1,0.9356215132776959,0.9218787678255189,0.9413205441819487,0.9484946131706238
ft_tkt_0003258,ft_sal_001725,ft_evt_0029,VIP,1,0.9356215132776959,0.9218787678255189,0.9413205441819487,0.9484946131706238
ft_tkt_0003259,ft_sal_001725,ft_evt_0029,VIP,1,0.9356215132776959,0.9218787678255189,0.9413205441819487,0.9484946131706238
ft_tkt_0003260,ft_sal_001725,ft_evt_0029,VIP,1,0.9356215132776959,0.9218787678255189,0.9413205441819487,0.9484946131706238
ft_tkt_0003261,ft_sal_001726,ft_evt_0029,GENERAL,1,0.9374141732240321,0.9277530484798648,0.9359946761368615,0.9535935521125793
ft_tkt_0003262,ft_sal_001726,ft_evt_0029,GENERAL,1,0.9374141732240321,0.9277530484798648,0.9359946761368615,0.9535935521125793
ft_tkt_0003263,ft_sal_001726,ft_evt_0029,GENERAL,1,0.9374141732240321,0.9277530484798648,0.9359946761368615,0.9535935521125793
ft_tkt_0003264,ft_sal_001726,ft_evt_0029,GENERAL,0,0.9374141732240321,0.9277530484798648,0.9359946761368615,0.9535935521125793
ft_tkt_0003265,ft_sal_001727,ft_evt_0029,GENERAL,1,0.9374141732240321,0.8475816160748327,0.9291561068595464,0.8807033896446228
ft_tkt_0003266,ft_sal_001728,ft_evt_0029,GENERAL,1,0.9374141732240321,0.9445943179614392,0.9463492271015177,0.9369683265686035
ft_tkt_0003267,ft_sal_001729,ft_evt_0029,GENERAL,1,0.9374141732240321,0.9463056781222902,0.9477142757391472,0.9525609612464905
ft_tkt_0003268,ft_sal_001730,ft_evt_0029,GENERAL,1,0.9374141732240321,0.9481229047431147,0.9513213174099734,0.9524766802787781
ft_tkt_0003269,ft_sal_001731,ft_evt_0029,CORTESÍA,0,0.3901232716974846,0.24494189266386573,0.3231947212799983,0.40656527876853943
ft_tkt_0003270,ft_sal_001732,ft_evt_0029,CORTESÍA,0,0.3901232716974846,0.4051139605983732,0.4976582269265869,0.5006139278411865
ft_tkt_0003271,ft_sal_001733,ft_evt_0029,PREFERENCIAL,1,0.9317005479219154,0.9501037896656879,0.9482506781127628,0.9630144238471985
ft_tkt_0003272,ft_sal_001734,ft_evt_0029,CORTESÍA,1,0.3901232716974846,0.4090296678054108,0.475221768635406,0.46597257256507874
ft_tkt_0003273,ft_sal_001734,ft_evt_0029,CORTESÍA,1,0.3901232716974846,0.4090296678054108,0.475221768635406,0.46597257256507874
ft_tkt_0003274,ft_sal_001734,ft_evt_0029,CORTESÍA,0,0.3901232716974846,0.4090296678054108,0.475221768635406,0.46597257256507874
ft_tkt_0003275,ft_sal_001735,ft_evt_0029,GENERAL,1,0.9374141732240321,0.942177469231311,0.9488480494406217,0.9689935445785522
ft_tkt_0003276,ft_sal_001735,ft_evt_0029,GENERAL,1,0.9374141732240321,0.942177469231311,0.9488480494406217,0.9689935445785522
ft_tkt_0003277,ft_sal_001736,ft_evt_0029,GENERAL,1,0.9374141732240321,0.9308208042559981,0.942711098040369,0.9533915519714355
ft_tkt_0003278,ft_sal_001737,ft_evt_0029,CORTESÍA,0,0.3901232716974846,0.3284376614358914,0.43248811690894695,0.40115752816200256
ft_tkt_0003279,ft_sal_001738,ft_evt_0029,PREFERENCIAL,1,0.9317005479219154,0.9592266258523772,0.938334817245591,0.960656464099884
ft_tkt_0003280,ft_sal_001739,ft_evt_0029,GENERAL,1,0.9374141732240321,0.9421307045247953,0.9474384411476496,0.9364132285118103
ft_tkt_0003281,ft_sal_001740,ft_evt_0029,CORTESÍA,0,0.3901232716974846,0.27809426164000767,0.397685807594143,0.3751676082611084
ft_tkt_0003282,ft_sal_001740,ft_evt_0029,CORTESÍA,1,0.3901232716974846,0.27809426164000767,0.397685807594143,0.3751676082611084
ft_tkt_0003283,ft_sal_001741,ft_evt_0029,GENERAL,1,0.9374141732240321,0.924572031549764,0.9345986967590169,0.889427125453949
ft_tkt_0003284,ft_sal_001741,ft_evt_0029,GENERAL,1,0.9374141732240321,0.924572031549764,0.9345986967590169,0.889427125453949
ft_tkt_0003285,ft_sal_001741,ft_evt_0029,GENERAL,1,0.9374141732240321,0.924572031549764,0.9345986967590169,0.889427125453949
ft_tkt_0003286,ft_sal_001742,ft_evt_0029,CORTESÍA,1,0.3901232716974846,0.3316721128815077,0.4042833235887814,0.42130398750305176
ft_tkt_0003287,ft_sal_001743,ft_evt_0029,GENERAL,1,0.9374141732240321,0.9197173315489112,0.9352865620076141,0.9400454163551331
ft_tkt_0003288,ft_sal_001743,ft_evt_0029,GENERAL,1,0.9374141732240321,0.9197173315489112,0.9352865620076141,0.9400454163551331
ft_tkt_0003289,ft_sal_001743,ft_evt_0029,GENERAL,1,0.9374141732240321,0.9197173315489112,0.9352865620076141,0.9400454163551331
ft_tkt_0003290,ft_sal_001744,ft_evt_0029,GENERAL,1,0.9374141732240321,0.8839698630491449,0.9417341962018921,0.9116765856742859
ft_tkt_0003291,ft_sal_001744,ft_evt_0029,GENERAL,1,0.9374141732240321,0.8839698630491449,0.9417341962018921,0.9116765856742859
ft_tkt_0003292,ft_sal_001744,ft_evt_0029,GENERAL,1,0.9374141732240321,0.8839698630491449,0.9417341962018921,0.9116765856742859
ft_tkt_0003293,ft_sal_001745,ft_evt_0029,VIP,1,0.9356215132776959,0.8986609271842884,0.939130562580919,0.9218195080757141
ft_tkt_0003294,ft_sal_001746,ft_evt_0029,GENERAL,1,0.9374141732240321,0.9342015201131946,0.9416563993617164,0.9278950095176697
ft_tkt_0003295,ft_sal_001746,ft_evt_0029,GENERAL,1,0.9374141732240321,0.9342015201131946,0.9416563993617164,0.9278950095176697
ft_tkt_0003296,ft_sal_001747,ft_evt_0029,PREFERENCIAL,1,0.9317005479219154,0.9645051433405445,0.9613240976768681,0.975767195224762
ft_tkt_0003297,ft_sal_001748,ft_evt_0029,CORTESÍA,1,0.3901232716974846,0.48127542361644055,0.49153732414586954,0.5882094502449036
ft_tkt_0003298,ft_sal_001748,ft_evt_0029,CORTESÍA,1,0.3901232716974846,0.48127542361644055,0.49153732414586954,0.5882094502449036
ft_tkt_0003299,ft_sal_001748,ft_evt_0029,CORTESÍA,1,0.3901232716974846,0.48127542361644055,0.49153732414586954,0.5882094502449036
ft_tkt_0003300,ft_sal_001749,ft_evt_0029,GENERAL,1,0.9374141732240321,0.9616693665723671,0.9660228715255096,0.9855145215988159
ft_tkt_0003301,ft_sal_001749,ft_evt_0029,GENERAL,1,0.9374141732240321,0.9616693665723671,0.9660228715255096,0.9855145215988159
ft_tkt_0003302,ft_sal_001750,ft_evt_0029,GENERAL,1,0.9374141732240321,0.9595272953200161,0.9414039907283972,0.9716218709945679
ft_tkt_0003303,ft_sal_001751,ft_evt_0029,CORTESÍA,0,0.3901232716974846,0.417077922796124,0.4760249480233854,0.4617506265640259
ft_tkt_0003304,ft_sal_001751,ft_evt_0029,CORTESÍA,0,0.3901232716974846,0.417077922796124,0.4760249480233854,0.4617506265640259
ft_tkt_0003305,ft_sal_001752,ft_evt_0029,CORTESÍA,0,0.3901232716974846,0.23638789060101079,0.3927209917455415,0.23380626738071442
ft_tkt_0003306,ft_sal_001752,ft_evt_0029,CORTESÍA,0,0.3901232716974846,0.23638789060101079,0.3927209917455415,0.23380626738071442
ft_tkt_0003307,ft_sal_001753,ft_evt_0029,PREFERENCIAL,1,0.9317005479219154,0.9526938458117044,0.9520851757867204,0.9659438729286194
ft_tkt_0003308,ft_sal_001753,ft_evt_0029,PREFERENCIAL,1,0.9317005479219154,0.9526938458117044,0.9520851757867204,0.9659438729286194
ft_tkt_0003309,ft_sal_001753,ft_evt_0029,PREFERENCIAL,1,0.9317005479219154,0.9526938458117044,0.9520851757867204,0.9659438729286194
ft_tkt_0003310,ft_sal_001754,ft_evt_0029,CORTESÍA,0,0.3901232716974846,0.26735111666268446,0.39656372211531893,0.37124598026275635
ft_tkt_0003311,ft_sal_001754,ft_evt_0029,CORTESÍA,1,0.3901232716974846,0.26735111666268446,0.39656372211531893,0.37124598026275635
ft_tkt_0003312,ft_sal_001755,ft_evt_0029,GENERAL,1,0.9374141732240321,0.9491290811440668,0.9489806454944714,0.9579062461853027
ft_tkt_0003313,ft_sal_001755,ft_evt_0029,GENERAL,1,0.9374141732240321,0.9491290811440668,0.9489806454944714,0.9579062461853027
ft_tkt_0003314,ft_sal_001755,ft_evt_0029,GENERAL,0,0.9374141732240321,0.9491290811440668,0.9489806454944714,0.9579062461853027
ft_tkt_0003315,ft_sal_001755,ft_evt_0029,GENERAL,1,0.9374141732240321,0.9491290811440668,0.9489806454944714,0.9579062461853027
ft_tkt_0003316,ft_sal_001756,ft_evt_0029,VIP,1,0.9356215132776959,0.9757054948320741,0.9472982797419088,0.9549655318260193
ft_tkt_0003317,ft_sal_001757,ft_evt_0029,GENERAL,1,0.9374141732240321,0.9258802184862205,0.9353711152405325,0.9331180453300476
ft_tkt_0003318,ft_sal_001758,ft_evt_0029,GENERAL,1,0.9374141732240321,0.9239750600646107,0.9480633226332761,0.941710352897644
ft_tkt_0003319,ft_sal_001759,ft_evt_0029,VIP,1,0.9356215132776959,0.9904553673534188,0.9677150699528918,0.9753574728965759
ft_tkt_0003320,ft_sal_001760,ft_evt_0029,CORTESÍA,1,0.3901232716974846,0.5679045163789916,0.5505069559203936,0.6237772107124329
ft_tkt_0003321,ft_sal_001761,ft_evt_0029,PREFERENCIAL,1,0.9317005479219154,0.8759775821154967,0.8835453078967958,0.9095427393913269
ft_tkt_0003322,ft_sal_001761,ft_evt_0029,PREFERENCIAL,1,0.9317005479219154,0.8759775821154967,0.8835453078967958,0.9095427393913269
ft_tkt_0003323,ft_sal_001762,ft_evt_0029,GENERAL,1,0.9374141732240321,0.9476231672956982,0.947863542493738,0.9398097991943359
ft_tkt_0003324,ft_sal_001762,ft_evt_0029,GENERAL,0,0.9374141732240321,0.9476231672956982,0.947863542493738,0.9398097991943359
ft_tkt_0003325,ft_sal_001763,ft_evt_0029,GENERAL,0,0.9374141732240321,0.9684466557777593,0.9551743295700021,0.9476882219314575
ft_tkt_0003326,ft_sal_001764,ft_evt_0029,GENERAL,1,0.9374141732240321,0.9285810839631901,0.9493393760630304,0.9470697641372681
ft_tkt_0003327,ft_sal_001765,ft_evt_0029,GENERAL,1,0.9374141732240321,0.9658502247903105,0.9599480653046387,0.9664023518562317
ft_tkt_0003328,ft_sal_001765,ft_evt_0029,GENERAL,1,0.9374141732240321,0.9658502247903105,0.9599480653046387,0.9664023518562317
ft_tkt_0003329,ft_sal_001766,ft_evt_0020,CORTESÍA,1,0.3751295741085871,0.5383288741611534,0.543436774774449,0.6550135612487793
ft_tkt_0003330,ft_sal_001766,ft_evt_0020,CORTESÍA,1,0.3751295741085871,0.5383288741611534,0.543436774774449,0.6550135612487793
ft_tkt_0003331,ft_sal_001767,ft_evt_0020,VIP,1,0.9303854601488023,0.9712020906048155,0.9469774836028574,0.9580004215240479
ft_tkt_0003332,ft_sal_001767,ft_evt_0020,VIP,0,0.9303854601488023,0.9712020906048155,0.9469774836028574,0.9580004215240479
ft_tkt_0003333,ft_sal_001767,ft_evt_0020,VIP,1,0.9303854601488023,0.9712020906048155,0.9469774836028574,0.9580004215240479
ft_tkt_0003334,ft_sal_001767,ft_evt_0020,VIP,1,0.9303854601488023,0.9712020906048155,0.9469774836028574,0.9580004215240479
ft_tkt_0003335,ft_sal_001767,ft_evt_0020,VIP,1,0.9303854601488023,0.9712020906048155,0.9469774836028574,0.9580004215240479
ft_tkt_0003336,ft_sal_001767,ft_evt_0020,VIP,1,0.9303854601488023,0.9712020906048155,0.9469774836028574,0.9580004215240479
ft_tkt_0003337,ft_sal_001768,ft_evt_0020,VIP,1,0.9303854601488023,0.9768398620246319,0.96899274959381,0.9660557508468628
ft_tkt_0003338,ft_sal_001768,ft_evt_0020,VIP,1,0.9303854601488023,0.9768398620246319,0.96899274959381,0.9660557508468628
ft_tkt_0003339,ft_sal_001769,ft_evt_0020,CORTESÍA,1,0.3751295741085871,0.33781278797203595,0.41602001510599923,0.2909841239452362
ft_tkt_0003340,ft_sal_001770,ft_evt_0020,GENERAL,1,0.9346165947465126,0.9773938946689456,0.9684954483846165,0.9678253531455994
ft_tkt_0003341,ft_sal_001770,ft_evt_0020,GENERAL,1,0.9346165947465126,0.9773938946689456,0.9684954483846165,0.9678253531455994
ft_tkt_0003342,ft_sal_001771,ft_evt_0020,CORTESÍA,0,0.3751295741085871,0.45564757839416337,0.40943611178603195,0.36917003989219666
ft_tkt_0003343,ft_sal_001771,ft_evt_0020,CORTESÍA,1,0.3751295741085871,0.45564757839416337,0.40943611178603195,0.36917003989219666
ft_tkt_0003344,ft_sal_001772,ft_evt_0020,GENERAL,1,0.9346165947465126,0.9439108957766936,0.9403958565284033,0.9300777912139893
ft_tkt_0003345,ft_sal_001772,ft_evt_0020,GENERAL,1,0.9346165947465126,0.9439108957766936,0.9403958565284033,0.9300777912139893
ft_tkt_0003346,ft_sal_001773,ft_evt_0020,PREFERENCIAL,1,0.932553728100417,0.961029857637541,0.9501883832688498,0.941657304763794
ft_tkt_0003347,ft_sal_001774,ft_evt_0020,PREFERENCIAL,1,0.932553728100417,0.9164072113606881,0.9274377057382168,0.90966796875
ft_tkt_0003348,ft_sal_001775,ft_evt_0020,PREFERENCIAL,1,0.932553728100417,0.948246009344456,0.9435289089408685,0.9289621114730835
ft_tkt_0003349,ft_sal_001776,ft_evt_0020,GENERAL,1,0.9346165947465126,0.9638995133179709,0.9523098700434884,0.9529890418052673
ft_tkt_0003350,ft_sal_001776,ft_evt_0020,GENERAL,1,0.9346165947465126,0.9638995133179709,0.9523098700434884,0.9529890418052673
ft_tkt_0003351,ft_sal_001776,ft_evt_0020,GENERAL,1,0.9346165947465126,0.9638995133179709,0.9523098700434884,0.9529890418052673
ft_tkt_0003352,ft_sal_001777,ft_evt_0020,CORTESÍA,1,0.3751295741085871,0.381047538659587,0.3438455279345715,0.29286566376686096
ft_tkt_0003353,ft_sal_001778,ft_evt_0020,PREFERENCIAL,1,0.932553728100417,0.9461184231094567,0.9328843290608354,0.9441524744033813
ft_tkt_0003354,ft_sal_001779,ft_evt_0020,GENERAL,1,0.9346165947465126,0.9728498309720726,0.9320936277170885,0.9319981932640076
ft_tkt_0003355,ft_sal_001780,ft_evt_0020,GENERAL,1,0.9346165947465126,0.9554755065400294,0.9531208194333842,0.9543933868408203
ft_tkt_0003356,ft_sal_001780,ft_evt_0020,GENERAL,1,0.9346165947465126,0.9554755065400294,0.9531208194333842,0.9543933868408203
ft_tkt_0003357,ft_sal_001781,ft_evt_0020,GENERAL,1,0.9346165947465126,0.9717231853822702,0.9579089425637618,0.9526062607765198
ft_tkt_0003358,ft_sal_001781,ft_evt_0020,GENERAL,1,0.9346165947465126,0.9717231853822702,0.9579089425637618,0.9526062607765198
ft_tkt_0003359,ft_sal_001782,ft_evt_0020,CORTESÍA,0,0.3751295741085871,0.4545354676529595,0.4140904485073624,0.3476583957672119
ft_tkt_0003360,ft_sal_001782,ft_evt_0020,CORTESÍA,0,0.3751295741085871,0.4545354676529595,0.4140904485073624,0.3476583957672119
ft_tkt_0003361,ft_sal_001783,ft_evt_0020,CORTESÍA,1,0.3751295741085871,0.4657414330901201,0.43631208317363734,0.4654350280761719
ft_tkt_0003362,ft_sal_001783,ft_evt_0020,CORTESÍA,1,0.3751295741085871,0.4657414330901201,0.43631208317363734,0.4654350280761719
ft_tkt_0003363,ft_sal_001784,ft_evt_0020,GENERAL,1,0.9346165947465126,0.9549396179918899,0.9531799347175474,0.9506922364234924
ft_tkt_0003364,ft_sal_001785,ft_evt_0020,GENERAL,0,0.9346165947465126,0.9452275782013695,0.9225712650323149,0.9020205736160278
ft_tkt_0003365,ft_sal_001785,ft_evt_0020,GENERAL,1,0.9346165947465126,0.9452275782013695,0.9225712650323149,0.9020205736160278
ft_tkt_0003366,ft_sal_001786,ft_evt_0020,GENERAL,1,0.9346165947465126,0.9717432997134854,0.9585662602232782,0.9593921303749084
ft_tkt_0003367,ft_sal_001786,ft_evt_0020,GENERAL,1,0.9346165947465126,0.9717432997134854,0.9585662602232782,0.9593921303749084
ft_tkt_0003368,ft_sal_001787,ft_evt_0020,GENERAL,1,0.9346165947465126,0.9414836297159194,0.9295256319043085,0.9178351759910583
ft_tkt_0003369,ft_sal_001787,ft_evt_0020,GENERAL,1,0.9346165947465126,0.9414836297159194,0.9295256319043085,0.9178351759910583
ft_tkt_0003370,ft_sal_001787,ft_evt_0020,GENERAL,1,0.9346165947465126,0.9414836297159194,0.9295256319043085,0.9178351759910583
ft_tkt_0003371,ft_sal_001788,ft_evt_0020,PREFERENCIAL,1,0.932553728100417,0.9334104827138711,0.9285631048215095,0.9168219566345215
ft_tkt_0003372,ft_sal_001788,ft_evt_0020,PREFERENCIAL,1,0.932553728100417,0.9334104827138711,0.9285631048215095,0.9168219566345215
ft_tkt_0003373,ft_sal_001789,ft_evt_0020,GENERAL,1,0.9346165947465126,0.9606238605389827,0.9506037488263247,0.9485586881637573
ft_tkt_0003374,ft_sal_001789,ft_evt_0020,GENERAL,1,0.9346165947465126,0.9606238605389827,0.9506037488263247,0.9485586881637573
ft_tkt_0003375,ft_sal_001790,ft_evt_0020,GENERAL,1,0.9346165947465126,0.9453770216380499,0.9402616540720536,0.9122830629348755
ft_tkt_0003376,ft_sal_001790,ft_evt_0020,GENERAL,1,0.9346165947465126,0.9453770216380499,0.9402616540720536,0.9122830629348755
ft_tkt_0003377,ft_sal_001791,ft_evt_0020,PREFERENCIAL,1,0.932553728100417,0.9793434411628666,0.9690148379304047,0.9703638553619385
ft_tkt_0003378,ft_sal_001791,ft_evt_0020,PREFERENCIAL,1,0.932553728100417,0.9793434411628666,0.9690148379304047,0.9703638553619385
ft_tkt_0003379,ft_sal_001792,ft_evt_0020,VIP,1,0.9303854601488023,0.9543785770209486,0.9570206866930677,0.9624049067497253
ft_tkt_0003380,ft_sal_001793,ft_evt_0020,GENERAL,1,0.9346165947465126,0.9518453033869689,0.9506486313415905,0.9379677772521973
ft_tkt_0003381,ft_sal_001794,ft_evt_0020,GENERAL,1,0.9346165947465126,0.9585247854629083,0.9475299219887948,0.939294695854187
ft_tkt_0003382,ft_sal_001794,ft_evt_0020,GENERAL,1,0.9346165947465126,0.9585247854629083,0.9475299219887948,0.939294695854187
ft_tkt_0003383,ft_sal_001795,ft_evt_0020,CORTESÍA,1,0.3751295741085871,0.16144791282424278,0.2322476388411849,0.2649199664592743
ft_tkt_0003384,ft_sal_001795,ft_evt_0020,CORTESÍA,1,0.3751295741085871,0.16144791282424278,0.2322476388411849,0.2649199664592743
ft_tkt_0003385,ft_sal_001795,ft_evt_0020,CORTESÍA,1,0.3751295741085871,0.16144791282424278,0.2322476388411849,0.2649199664592743
ft_tkt_0003386,ft_sal_001795,ft_evt_0020,CORTESÍA,0,0.3751295741085871,0.16144791282424278,0.2322476388411849,0.2649199664592743
ft_tkt_0003387,ft_sal_001796,ft_evt_0020,PREFERENCIAL,1,0.932553728100417,0.9503435504202199,0.9481680718510842,0.9477483630180359
ft_tkt_0003388,ft_sal_001797,ft_evt_0020,GENERAL,1,0.9346165947465126,0.9147547829693151,0.926950334616022,0.9036250710487366
ft_tkt_0003389,ft_sal_001798,ft_evt_0020,GENERAL,1,0.9346165947465126,0.9302244279567455,0.932611247335085,0.9307764768600464
ft_tkt_0003390,ft_sal_001798,ft_evt_0020,GENERAL,1,0.9346165947465126,0.9302244279567455,0.932611247335085,0.9307764768600464
ft_tkt_0003391,ft_sal_001798,ft_evt_0020,GENERAL,1,0.9346165947465126,0.9302244279567455,0.932611247335085,0.9307764768600464
ft_tkt_0003392,ft_sal_001798,ft_evt_0020,GENERAL,1,0.9346165947465126,0.9302244279567455,0.932611247335085,0.9307764768600464
ft_tkt_0003393,ft_sal_001799,ft_evt_0020,PREFERENCIAL,1,0.932553728100417,0.9312498751882479,0.9383576892472396,0.9211931824684143
ft_tkt_0003394,ft_sal_001800,ft_evt_0020,PREFERENCIAL,1,0.932553728100417,0.9483167635643136,0.9331532675608494,0.947444498538971
ft_tkt_0003395,ft_sal_001800,ft_evt_0020,PREFERENCIAL,1,0.932553728100417,0.9483167635643136,0.9331532675608494,0.947444498538971
ft_tkt_0003396,ft_sal_001801,ft_evt_0020,CORTESÍA,1,0.3751295741085871,0.3370718663713955,0.358295214754464,0.29906967282295227
ft_tkt_0003397,ft_sal_001801,ft_evt_0020,CORTESÍA,1,0.3751295741085871,0.3370718663713955,0.358295214754464,0.29906967282295227
ft_tkt_0003398,ft_sal_001802,ft_evt_0020,VIP,1,0.9303854601488023,0.9826530643929232,0.9640381398112037,0.9724121689796448
ft_tkt_0003399,ft_sal_001802,ft_evt_0020,VIP,1,0.9303854601488023,0.9826530643929232,0.9640381398112037,0.9724121689796448
ft_tkt_0003400,ft_sal_001803,ft_evt_0020,VIP,1,0.9303854601488023,0.9810064213594937,0.9632188429269637,0.9622916579246521
ft_tkt_0003401,ft_sal_001804,ft_evt_0020,GENERAL,1,0.9346165947465126,0.9225065897031876,0.9233807412928272,0.8938097953796387
ft_tkt_0003402,ft_sal_001804,ft_evt_0020,GENERAL,1,0.9346165947465126,0.9225065897031876,0.9233807412928272,0.8938097953796387
ft_tkt_0003403,ft_sal_001805,ft_evt_0020,VIP,1,0.9303854601488023,0.9624459029763877,0.933428778819722,0.9370666146278381
ft_tkt_0003404,ft_sal_001805,ft_evt_0020,VIP,1,0.9303854601488023,0.9624459029763877,0.933428778819722,0.9370666146278381
ft_tkt_0003405,ft_sal_001806,ft_evt_0020,GENERAL,1,0.9346165947465126,0.9446286902689439,0.9368286336859811,0.9411441683769226
ft_tkt_0003406,ft_sal_001807,ft_evt_0020,GENERAL,1,0.9346165947465126,0.9702945247000236,0.963425522131393,0.9561883807182312
ft_tkt_0003407,ft_sal_001808,ft_evt_0020,GENERAL,1,0.9346165947465126,0.9419980820743722,0.949584279780161,0.9351477026939392
ft_tkt_0003408,ft_sal_001809,ft_evt_0020,CORTESÍA,1,0.3751295741085871,0.420545426819897,0.4403174252067676,0.4021775424480438
ft_tkt_0003409,ft_sal_001810,ft_evt_0020,GENERAL,1,0.9346165947465126,0.928420976973791,0.9326222956318839,0.9393618106842041
ft_tkt_0003410,ft_sal_001810,ft_evt_0020,GENERAL,1,0.9346165947465126,0.928420976973791,0.9326222956318839,0.9393618106842041
ft_tkt_0003411,ft_sal_001811,ft_evt_0020,PREFERENCIAL,1,0.932553728100417,0.8964243195322174,0.91703162303138,0.9046565890312195
ft_tkt_0003412,ft_sal_001812,ft_evt_0020,GENERAL,1,0.9346165947465126,0.9664014364997399,0.9339037865792006,0.9105466604232788
ft_tkt_0003413,ft_sal_001812,ft_evt_0020,GENERAL,1,0.9346165947465126,0.9664014364997399,0.9339037865792006,0.9105466604232788
ft_tkt_0003414,ft_sal_001813,ft_evt_0020,GENERAL,1,0.9346165947465126,0.9665928780733312,0.9633822292009274,0.9577354788780212
ft_tkt_0003415,ft_sal_001814,ft_evt_0020,GENERAL,1,0.9346165947465126,0.9349000151260349,0.9283738517544735,0.8883847594261169
ft_tkt_0003416,ft_sal_001814,ft_evt_0020,GENERAL,1,0.9346165947465126,0.9349000151260349,0.9283738517544735,0.8883847594261169
ft_tkt_0003417,ft_sal_001814,ft_evt_0020,GENERAL,1,0.9346165947465126,0.9349000151260349,0.9283738517544735,0.8883847594261169
ft_tkt_0003418,ft_sal_001815,ft_evt_0020,GENERAL,1,0.9346165947465126,0.9308109116734345,0.9295080221580371,0.8999540209770203
ft_tkt_0003419,ft_sal_001815,ft_evt_0020,GENERAL,1,0.9346165947465126,0.9308109116734345,0.9295080221580371,0.8999540209770203
ft_tkt_0003420,ft_sal_001815,ft_evt_0020,GENERAL,1,0.9346165947465126,0.9308109116734345,0.9295080221580371,0.8999540209770203
ft_tkt_0003421,ft_sal_001815,ft_evt_0020,GENERAL,1,0.9346165947465126,0.9308109116734345,0.9295080221580371,0.8999540209770203
ft_tkt_0003422,ft_sal_001815,ft_evt_0020,GENERAL,1,0.9346165947465126,0.9308109116734345,0.9295080221580371,0.8999540209770203
ft_tkt_0003423,ft_sal_001815,ft_evt_0020,GENERAL,1,0.9346165947465126,0.9308109116734345,0.9295080221580371,0.8999540209770203
ft_tkt_0003424,ft_sal_001816,ft_evt_0020,CORTESÍA,0,0.3751295741085871,0.5323286640578332,0.4444634044870115,0.45081648230552673
ft_tkt_0003425,ft_sal_001816,ft_evt_0020,CORTESÍA,0,0.3751295741085871,0.5323286640578332,0.4444634044870115,0.45081648230552673
ft_tkt_0003426,ft_sal_001817,ft_evt_0020,CORTESÍA,0,0.3751295741085871,0.3132041371622038,0.35373257480880577,0.2785192131996155
ft_tkt_0003427,ft_sal_001817,ft_evt_0020,CORTESÍA,1,0.3751295741085871,0.3132041371622038,0.35373257480880577,0.2785192131996155
ft_tkt_0003428,ft_sal_001817,ft_evt_0020,CORTESÍA,0,0.3751295741085871,0.3132041371622038,0.35373257480880577,0.2785192131996155
ft_tkt_0003429,ft_sal_001817,ft_evt_0020,CORTESÍA,0,0.3751295741085871,0.3132041371622038,0.35373257480880577,0.2785192131996155
ft_tkt_0003430,ft_sal_001817,ft_evt_0020,CORTESÍA,1,0.3751295741085871,0.3132041371622038,0.35373257480880577,0.2785192131996155
ft_tkt_0003431,ft_sal_001817,ft_evt_0020,CORTESÍA,1,0.3751295741085871,0.3132041371622038,0.35373257480880577,0.2785192131996155
ft_tkt_0003432,ft_sal_001818,ft_evt_0020,CORTESÍA,1,0.3751295741085871,0.4555523264301179,0.4356185465770239,0.47631001472473145
ft_tkt_0003433,ft_sal_001818,ft_evt_0020,CORTESÍA,1,0.3751295741085871,0.4555523264301179,0.4356185465770239,0.47631001472473145
ft_tkt_0003434,ft_sal_001818,ft_evt_0020,CORTESÍA,1,0.3751295741085871,0.4555523264301179,0.4356185465770239,0.47631001472473145
ft_tkt_0003435,ft_sal_001819,ft_evt_0020,CORTESÍA,1,0.3751295741085871,0.5510294363355575,0.5583867873258056,0.6183789372444153
ft_tkt_0003436,ft_sal_001819,ft_evt_0020,CORTESÍA,1,0.3751295741085871,0.5510294363355575,0.5583867873258056,0.6183789372444153
ft_tkt_0003437,ft_sal_001819,ft_evt_0020,CORTESÍA,1,0.3751295741085871,0.5510294363355575,0.5583867873258056,0.6183789372444153
ft_tkt_0003438,ft_sal_001819,ft_evt_0020,CORTESÍA,0,0.3751295741085871,0.5510294363355575,0.5583867873258056,0.6183789372444153
ft_tkt_0003439,ft_sal_001820,ft_evt_0020,PREFERENCIAL,1,0.932553728100417,0.9299914196032391,0.9342243598883154,0.9121048450469971
ft_tkt_0003440,ft_sal_001821,ft_evt_0020,PREFERENCIAL,1,0.932553728100417,0.9112550309213913,0.9227139546383522,0.9141750931739807
ft_tkt_0003441,ft_sal_001822,ft_evt_0020,CORTESÍA,0,0.3751295741085871,0.2919887266756402,0.3406895506369773,0.20089006423950195
ft_tkt_0003442,ft_sal_001822,ft_evt_0020,CORTESÍA,0,0.3751295741085871,0.2919887266756402,0.3406895506369773,0.20089006423950195
ft_tkt_0003443,ft_sal_001823,ft_evt_0020,GENERAL,1,0.9346165947465126,0.948106356315694,0.9480490247899874,0.9500717520713806
ft_tkt_0003444,ft_sal_001824,ft_evt_0020,GENERAL,0,0.9346165947465126,0.9579527108483052,0.9487572260546357,0.950249195098877
ft_tkt_0003445,ft_sal_001824,ft_evt_0020,GENERAL,1,0.9346165947465126,0.9579527108483052,0.9487572260546357,0.950249195098877
ft_tkt_0003446,ft_sal_001825,ft_evt_0020,GENERAL,1,0.9346165947465126,0.8402554745311884,0.8558847656679119,0.8742188215255737
ft_tkt_0003447,ft_sal_001825,ft_evt_0020,GENERAL,1,0.9346165947465126,0.8402554745311884,0.8558847656679119,0.8742188215255737
ft_tkt_0003448,ft_sal_001826,ft_evt_0020,GENERAL,1,0.9346165947465126,0.9366310104631432,0.9331626957599679,0.9412556886672974
ft_tkt_0003449,ft_sal_001826,ft_evt_0020,GENERAL,1,0.9346165947465126,0.9366310104631432,0.9331626957599679,0.9412556886672974
ft_tkt_0003450,ft_sal_001827,ft_evt_0020,PREFERENCIAL,1,0.932553728100417,0.9877461033838161,0.9625026275252005,0.953787088394165
ft_tkt_0003451,ft_sal_001828,ft_evt_0020,VIP,1,0.9303854601488023,0.9427411328225865,0.8990191289336686,0.8876836895942688
ft_tkt_0003452,ft_sal_001828,ft_evt_0020,VIP,1,0.9303854601488023,0.9427411328225865,0.8990191289336686,0.8876836895942688
ft_tkt_0003453,ft_sal_001828,ft_evt_0020,VIP,1,0.9303854601488023,0.9427411328225865,0.8990191289336686,0.8876836895942688
ft_tkt_0003454,ft_sal_001828,ft_evt_0020,VIP,1,0.9303854601488023,0.9427411328225865,0.8990191289336686,0.8876836895942688
ft_tkt_0003455,ft_sal_001829,ft_evt_0020,GENERAL,1,0.9346165947465126,0.9028059718819349,0.9246667500783858,0.9166085720062256
ft_tkt_0003456,ft_sal_001830,ft_evt_0020,GENERAL,1,0.9346165947465126,0.948004109963181,0.9484341898493287,0.9496023654937744
ft_tkt_0003457,ft_sal_001831,ft_evt_0020,GENERAL,1,0.9346165947465126,0.9625880407098254,0.9516522476146513,0.9401361346244812
ft_tkt_0003458,ft_sal_001831,ft_evt_0020,GENERAL,1,0.9346165947465126,0.9625880407098254,0.9516522476146513,0.9401361346244812
ft_tkt_0003459,ft_sal_001832,ft_evt_0020,CORTESÍA,0,0.3751295741085871,0.268397615829512,0.34036240482086977,0.19548504054546356
ft_tkt_0003460,ft_sal_001832,ft_evt_0020,CORTESÍA,1,0.3751295741085871,0.268397615829512,0.34036240482086977,0.19548504054546356
ft_tkt_0003461,ft_sal_001832,ft_evt_0020,CORTESÍA,0,0.3751295741085871,0.268397615829512,0.34036240482086977,0.19548504054546356
ft_tkt_0003462,ft_sal_001832,ft_evt_0020,CORTESÍA,0,0.3751295741085871,0.268397615829512,0.34036240482086977,0.19548504054546356
ft_tkt_0003463,ft_sal_001833,ft_evt_0020,GENERAL,1,0.9346165947465126,0.9663255816941109,0.9485810977287319,0.9619738459587097
ft_tkt_0003464,ft_sal_001833,ft_evt_0020,GENERAL,1,0.9346165947465126,0.9663255816941109,0.9485810977287319,0.9619738459587097
ft_tkt_0003465,ft_sal_001834,ft_evt_0020,GENERAL,0,0.9346165947465126,0.931769778747975,0.9260803697439582,0.9137740135192871
ft_tkt_0003466,ft_sal_001834,ft_evt_0020,GENERAL,1,0.9346165947465126,0.931769778747975,0.9260803697439582,0.9137740135192871
ft_tkt_0003467,ft_sal_001834,ft_evt_0020,GENERAL,1,0.9346165947465126,0.931769778747975,0.9260803697439582,0.9137740135192871
ft_tkt_0003468,ft_sal_001834,ft_evt_0020,GENERAL,1,0.9346165947465126,0.931769778747975,0.9260803697439582,0.9137740135192871
ft_tkt_0003469,ft_sal_001834,ft_evt_0020,GENERAL,0,0.9346165947465126,0.931769778747975,0.9260803697439582,0.9137740135192871
ft_tkt_0003470,ft_sal_001834,ft_evt_0020,GENERAL,1,0.9346165947465126,0.931769778747975,0.9260803697439582,0.9137740135192871
ft_tkt_0003471,ft_sal_001835,ft_evt_0020,PREFERENCIAL,1,0.932553728100417,0.9619044522398491,0.9489118734778995,0.9528471231460571
ft_tkt_0003472,ft_sal_001835,ft_evt_0020,PREFERENCIAL,1,0.932553728100417,0.9619044522398491,0.9489118734778995,0.9528471231460571
ft_tkt_0003473,ft_sal_001836,ft_evt_0020,GENERAL,1,0.9346165947465126,0.9375033216880255,0.9487901298370404,0.939332127571106
ft_tkt_0003474,ft_sal_001837,ft_evt_0020,GENERAL,1,0.9346165947465126,0.840083827560141,0.8556698784560396,0.8405525088310242
ft_tkt_0003475,ft_sal_001837,ft_evt_0020,GENERAL,1,0.9346165947465126,0.840083827560141,0.8556698784560396,0.8405525088310242
ft_tkt_0003476,ft_sal_001838,ft_evt_0020,GENERAL,1,0.9346165947465126,0.931352194406271,0.9438279432232142,0.9408518671989441
ft_tkt_0003477,ft_sal_001839,ft_evt_0020,CORTESÍA,1,0.3751295741085871,0.2910131834773532,0.3297899221599516,0.28056958317756653
ft_tkt_0003478,ft_sal_001840,ft_evt_0020,GENERAL,1,0.9346165947465126,0.9073293814020145,0.9380012331701991,0.9019240736961365
ft_tkt_0003479,ft_sal_001841,ft_evt_0020,GENERAL,1,0.9346165947465126,0.9549796642741699,0.937148050208108,0.9350550770759583
ft_tkt_0003480,ft_sal_001841,ft_evt_0020,GENERAL,1,0.9346165947465126,0.9549796642741699,0.937148050208108,0.9350550770759583
ft_tkt_0003481,ft_sal_001842,ft_evt_0020,VIP,1,0.9303854601488023,0.9699569224331774,0.9502458668003861,0.9557030200958252
ft_tkt_0003482,ft_sal_001842,ft_evt_0020,VIP,1,0.9303854601488023,0.9699569224331774,0.9502458668003861,0.9557030200958252
ft_tkt_0003483,ft_sal_001842,ft_evt_0020,VIP,1,0.9303854601488023,0.9699569224331774,0.9502458668003861,0.9557030200958252
ft_tkt_0003484,ft_sal_001843,ft_evt_0020,PREFERENCIAL,1,0.932553728100417,0.8586435878562662,0.9152159463327747,0.894498884677887
ft_tkt_0003485,ft_sal_001844,ft_evt_0020,GENERAL,1,0.9346165947465126,0.9267065591338765,0.9203725297036489,0.8826146721839905
ft_tkt_0003486,ft_sal_001845,ft_evt_0020,GENERAL,1,0.9346165947465126,0.9548693980040933,0.9600116396182856,0.9363282918930054
ft_tkt_0003487,ft_sal_001846,ft_evt_0020,GENERAL,1,0.9346165947465126,0.924461822527827,0.9354847826151779,0.9316083788871765
ft_tkt_0003488,ft_sal_001847,ft_evt_0020,GENERAL,1,0.9346165947465126,0.95856370006628,0.9473111040057051,0.9424917101860046
ft_tkt_0003489,ft_sal_001847,ft_evt_0020,GENERAL,1,0.9346165947465126,0.95856370006628,0.9473111040057051,0.9424917101860046
ft_tkt_0003490,ft_sal_001848,ft_evt_0020,VIP,1,0.9303854601488023,0.9702954191415477,0.9577198245296449,0.9524455666542053
ft_tkt_0003491,ft_sal_001849,ft_evt_0020,VIP,1,0.9303854601488023,0.9507408039922206,0.9346694406925614,0.9450575709342957
ft_tkt_0003492,ft_sal_001849,ft_evt_0020,VIP,1,0.9303854601488023,0.9507408039922206,0.9346694406925614,0.9450575709342957
ft_tkt_0003493,ft_sal_001849,ft_evt_0020,VIP,1,0.9303854601488023,0.9507408039922206,0.9346694406925614,0.9450575709342957
ft_tkt_0003494,ft_sal_001850,ft_evt_0020,GENERAL,1,0.9346165947465126,0.9435421740055463,0.9305964570518165,0.9354611039161682
ft_tkt_0003495,ft_sal_001850,ft_evt_0020,GENERAL,1,0.9346165947465126,0.9435421740055463,0.9305964570518165,0.9354611039161682
ft_tkt_0003496,ft_sal_001851,ft_evt_0020,CORTESÍA,1,0.3751295741085871,0.4320204710372759,0.44729246552797114,0.39185115694999695
ft_tkt_0003497,ft_sal_001852,ft_evt_0020,GENERAL,1,0.9346165947465126,0.9295128877389016,0.9197737965300383,0.92514967918396
ft_tkt_0003498,ft_sal_001852,ft_evt_0020,GENERAL,1,0.9346165947465126,0.9295128877389016,0.9197737965300383,0.92514967918396
ft_tkt_0003499,ft_sal_001853,ft_evt_0020,GENERAL,1,0.9346165947465126,0.9497890593217,0.937712125899909,0.9281966686248779
ft_tkt_0003500,ft_sal_001853,ft_evt_0020,GENERAL,1,0.9346165947465126,0.9497890593217,0.937712125899909,0.9281966686248779
ft_tkt_0003501,ft_sal_001853,ft_evt_0020,GENERAL,1,0.9346165947465126,0.9497890593217,0.937712125899909,0.9281966686248779
ft_tkt_0003502,ft_sal_001853,ft_evt_0020,GENERAL,1,0.9346165947465126,0.9497890593217,0.937712125899909,0.9281966686248779
ft_tkt_0003503,ft_sal_001854,ft_evt_0020,CORTESÍA,1,0.3751295741085871,0.45342426867451635,0.4356185465770239,0.4591195285320282
ft_tkt_0003504,ft_sal_001854,ft_evt_0020,CORTESÍA,1,0.3751295741085871,0.45342426867451635,0.4356185465770239,0.4591195285320282
ft_tkt_0003505,ft_sal_001854,ft_evt_0020,CORTESÍA,0,0.3751295741085871,0.45342426867451635,0.4356185465770239,0.4591195285320282
ft_tkt_0003506,ft_sal_001855,ft_evt_0020,CORTESÍA,1,0.3751295741085871,0.4318800660005211,0.44729246552797114,0.39185115694999695
ft_tkt_0003507,ft_sal_001856,ft_evt_0020,CORTESÍA,0,0.3751295741085871,0.42603427947623196,0.40956520913975203,0.34507501125335693
ft_tkt_0003508,ft_sal_001857,ft_evt_0020,PREFERENCIAL,1,0.932553728100417,0.9556677895173742,0.9391869161952315,0.9546859860420227
ft_tkt_0003509,ft_sal_001857,ft_evt_0020,PREFERENCIAL,1,0.932553728100417,0.9556677895173742,0.9391869161952315,0.9546859860420227
ft_tkt_0003510,ft_sal_001858,ft_evt_0020,PREFERENCIAL,1,0.932553728100417,0.948753955436919,0.9379857114337814,0.9471092224121094
ft_tkt_0003511,ft_sal_001858,ft_evt_0020,PREFERENCIAL,1,0.932553728100417,0.948753955436919,0.9379857114337814,0.9471092224121094
ft_tkt_0003512,ft_sal_001859,ft_evt_0020,GENERAL,1,0.9346165947465126,0.893507618236832,0.9215591651574697,0.8841388821601868
ft_tkt_0003513,ft_sal_001860,ft_evt_0020,CORTESÍA,1,0.3751295741085871,0.2626078425247543,0.3178843693780642,0.2397889792919159
ft_tkt_0003514,ft_sal_001861,ft_evt_0020,GENERAL,1,0.9346165947465126,0.9372266105683341,0.9348764531425897,0.9442463517189026
ft_tkt_0003515,ft_sal_001861,ft_evt_0020,GENERAL,1,0.9346165947465126,0.9372266105683341,0.9348764531425897,0.9442463517189026
ft_tkt_0003516,ft_sal_001861,ft_evt_0020,GENERAL,1,0.9346165947465126,0.9372266105683341,0.9348764531425897,0.9442463517189026
ft_tkt_0003517,ft_sal_001862,ft_evt_0020,GENERAL,1,0.9346165947465126,0.9583913612231195,0.9478015098369101,0.9396536946296692
ft_tkt_0003518,ft_sal_001862,ft_evt_0020,GENERAL,1,0.9346165947465126,0.9583913612231195,0.9478015098369101,0.9396536946296692
ft_tkt_0003519,ft_sal_001863,ft_evt_0020,GENERAL,1,0.9346165947465126,0.9296861427909164,0.923878408568559,0.9031700491905212
ft_tkt_0003520,ft_sal_001863,ft_evt_0020,GENERAL,1,0.9346165947465126,0.9296861427909164,0.923878408568559,0.9031700491905212
ft_tkt_0003521,ft_sal_001864,ft_evt_0003,GENERAL,1,0.9346165947465126,0.9333079162812199,0.9544818529997496,0.9475692510604858
ft_tkt_0003522,ft_sal_001865,ft_evt_0003,VIP,1,0.9303854601488023,0.962204779419154,0.9590022891930143,0.9692102670669556
ft_tkt_0003523,ft_sal_001866,ft_evt_0003,GENERAL,1,0.9346165947465126,0.9535862013905245,0.9546516453774666,0.9668784141540527
ft_tkt_0003524,ft_sal_001866,ft_evt_0003,GENERAL,1,0.9346165947465126,0.9535862013905245,0.9546516453774666,0.9668784141540527
ft_tkt_0003525,ft_sal_001866,ft_evt_0003,GENERAL,1,0.9346165947465126,0.9535862013905245,0.9546516453774666,0.9668784141540527
ft_tkt_0003526,ft_sal_001867,ft_evt_0003,GENERAL,0,0.9346165947465126,0.9488676535769189,0.9505899612629585,0.9456839561462402
ft_tkt_0003527,ft_sal_001868,ft_evt_0003,VIP,1,0.9303854601488023,0.9266203922782033,0.9425020083298655,0.936554491519928
ft_tkt_0003528,ft_sal_001869,ft_evt_0003,GENERAL,1,0.9346165947465126,0.9356763605911191,0.9458750614614512,0.9585786461830139
ft_tkt_0003529,ft_sal_001870,ft_evt_0003,VIP,1,0.9303854601488023,0.9605790309384616,0.9569010928665103,0.9666124582290649
ft_tkt_0003530,ft_sal_001871,ft_evt_0003,PREFERENCIAL,1,0.932553728100417,0.9678406139483484,0.964208892205841,0.9667315483093262
ft_tkt_0003531,ft_sal_001871,ft_evt_0003,PREFERENCIAL,1,0.932553728100417,0.9678406139483484,0.964208892205841,0.9667315483093262
ft_tkt_0003532,ft_sal_001871,ft_evt_0003,PREFERENCIAL,1,0.932553728100417,0.9678406139483484,0.964208892205841,0.9667315483093262
ft_tkt_0003533,ft_sal_001872,ft_evt_0003,CORTESÍA,0,0.3751295741085871,0.401877577381393,0.4803846512416983,0.4922095239162445
ft_tkt_0003534,ft_sal_001873,ft_evt_0003,PREFERENCIAL,1,0.932553728100417,0.9492772025674509,0.9408037431755307,0.9344392418861389
ft_tkt_0003535,ft_sal_001874,ft_evt_0003,GENERAL,1,0.9346165947465126,0.9312366250675842,0.9317301556697205,0.9170730113983154
ft_tkt_0003536,ft_sal_001874,ft_evt_0003,GENERAL,1,0.9346165947465126,0.9312366250675842,0.9317301556697205,0.9170730113983154
ft_tkt_0003537,ft_sal_001874,ft_evt_0003,GENERAL,1,0.9346165947465126,0.9312366250675842,0.9317301556697205,0.9170730113983154
ft_tkt_0003538,ft_sal_001874,ft_evt_0003,GENERAL,1,0.9346165947465126,0.9312366250675842,0.9317301556697205,0.9170730113983154
ft_tkt_0003539,ft_sal_001875,ft_evt_0003,GENERAL,1,0.9346165947465126,0.9477722504824582,0.9582913035504407,0.9595521092414856
ft_tkt_0003540,ft_sal_001876,ft_evt_0003,GENERAL,1,0.9346165947465126,0.9410386990015177,0.9402145122379604,0.9433451294898987
ft_tkt_0003541,ft_sal_001877,ft_evt_0003,GENERAL,1,0.9346165947465126,0.9467685084507671,0.9506074683995007,0.9551128149032593
ft_tkt_0003542,ft_sal_001877,ft_evt_0003,GENERAL,1,0.9346165947465126,0.9467685084507671,0.9506074683995007,0.9551128149032593
ft_tkt_0003543,ft_sal_001877,ft_evt_0003,GENERAL,1,0.9346165947465126,0.9467685084507671,0.9506074683995007,0.9551128149032593
ft_tkt_0003544,ft_sal_001877,ft_evt_0003,GENERAL,1,0.9346165947465126,0.9467685084507671,0.9506074683995007,0.9551128149032593
ft_tkt_0003545,ft_sal_001877,ft_evt_0003,GENERAL,1,0.9346165947465126,0.9467685084507671,0.9506074683995007,0.9551128149032593
ft_tkt_0003546,ft_sal_001877,ft_evt_0003,GENERAL,1,0.9346165947465126,0.9467685084507671,0.9506074683995007,0.9551128149032593
ft_tkt_0003547,ft_sal_001878,ft_evt_0003,PREFERENCIAL,1,0.932553728100417,0.9322885626082592,0.9452894629855411,0.9540156126022339
ft_tkt_0003548,ft_sal_001879,ft_evt_0003,GENERAL,1,0.9346165947465126,0.9249898231401189,0.9455201047990891,0.9406718015670776
ft_tkt_0003549,ft_sal_001880,ft_evt_0003,PREFERENCIAL,1,0.932553728100417,0.979611266424221,0.9665723864115443,0.9651215672492981
ft_tkt_0003550,ft_sal_001881,ft_evt_0003,VIP,1,0.9303854601488023,0.9783392821158472,0.9653164443271086,0.9725860357284546
ft_tkt_0003551,ft_sal_001881,ft_evt_0003,VIP,1,0.9303854601488023,0.9783392821158472,0.9653164443271086,0.9725860357284546
ft_tkt_0003552,ft_sal_001882,ft_evt_0003,PREFERENCIAL,1,0.932553728100417,0.9655280525566649,0.9661347651969431,0.959904134273529
ft_tkt_0003553,ft_sal_001883,ft_evt_0003,GENERAL,1,0.9346165947465126,0.9542029346900986,0.9495504673056934,0.9571767449378967
ft_tkt_0003554,ft_sal_001883,ft_evt_0003,GENERAL,1,0.9346165947465126,0.9542029346900986,0.9495504673056934,0.9571767449378967
ft_tkt_0003555,ft_sal_001884,ft_evt_0003,VIP,1,0.9303854601488023,0.9592962772294134,0.9573040225707047,0.9704134464263916
ft_tkt_0003556,ft_sal_001885,ft_evt_0003,GENERAL,1,0.9346165947465126,0.9396933107994563,0.9493603099865837,0.9464672207832336
ft_tkt_0003557,ft_sal_001886,ft_evt_0003,PREFERENCIAL,1,0.932553728100417,0.9699114755354632,0.967430798121502,0.9769880771636963
ft_tkt_0003558,ft_sal_001886,ft_evt_0003,PREFERENCIAL,1,0.932553728100417,0.9699114755354632,0.967430798121502,0.9769880771636963
ft_tkt_0003559,ft_sal_001887,ft_evt_0003,GENERAL,1,0.9346165947465126,0.9461736213068555,0.9565301147785789,0.955966591835022
ft_tkt_0003560,ft_sal_001888,ft_evt_0003,GENERAL,1,0.9346165947465126,0.9392634034241623,0.9283637769771437,0.9283720254898071
ft_tkt_0003561,ft_sal_001889,ft_evt_0003,GENERAL,0,0.9346165947465126,0.946343442256328,0.9565301147785789,0.9563554525375366
ft_tkt_0003562,ft_sal_001890,ft_evt_0003,GENERAL,1,0.9346165947465126,0.9321746266119031,0.9349029106974647,0.9388418197631836
ft_tkt_0003563,ft_sal_001890,ft_evt_0003,GENERAL,1,0.9346165947465126,0.9321746266119031,0.9349029106974647,0.9388418197631836
ft_tkt_0003564,ft_sal_001891,ft_evt_0003,GENERAL,1,0.9346165947465126,0.8920993248940463,0.9366306125257224,0.905187726020813
ft_tkt_0003565,ft_sal_001892,ft_evt_0003,GENERAL,1,0.9346165947465126,0.9665941463359767,0.964900467665838,0.9629979729652405
ft_tkt_0003566,ft_sal_001893,ft_evt_0003,VIP,0,0.9303854601488023,0.9126070674516393,0.9262302464479675,0.9127470254898071
ft_tkt_0003567,ft_sal_001894,ft_evt_0003,GENERAL,1,0.9346165947465126,0.9448779294052504,0.9480434367911588,0.9693779349327087
ft_tkt_0003568,ft_sal_001894,ft_evt_0003,GENERAL,1,0.9346165947465126,0.9448779294052504,0.9480434367911588,0.9693779349327087
ft_tkt_0003569,ft_sal_001895,ft_evt_0003,GENERAL,1,0.9346165947465126,0.9405969092879436,0.9454247293352321,0.9464169144630432
ft_tkt_0003570,ft_sal_001895,ft_evt_0003,GENERAL,1,0.9346165947465126,0.9405969092879436,0.9454247293352321,0.9464169144630432
ft_tkt_0003571,ft_sal_001896,ft_evt_0003,GENERAL,1,0.9346165947465126,0.9412197681174637,0.9546953743356007,0.9628885388374329
ft_tkt_0003572,ft_sal_001897,ft_evt_0003,VIP,1,0.9303854601488023,0.9716505572341959,0.9642061602145046,0.9727692008018494
ft_tkt_0003573,ft_sal_001898,ft_evt_0003,CORTESÍA,0,0.3751295741085871,0.22236543131117353,0.35204143880222244,0.30490702390670776
ft_tkt_0003574,ft_sal_001899,ft_evt_0003,GENERAL,1,0.9346165947465126,0.9392105360741825,0.9370714905761195,0.9520080089569092
ft_tkt_0003575,ft_sal_001900,ft_evt_0003,PREFERENCIAL,1,0.932553728100417,0.9593261997873181,0.9477008330528982,0.9671847224235535
ft_tkt_0003576,ft_sal_001900,ft_evt_0003,PREFERENCIAL,1,0.932553728100417,0.9593261997873181,0.9477008330528982,0.9671847224235535
ft_tkt_0003577,ft_sal_001901,ft_evt_0003,GENERAL,1,0.9346165947465126,0.9462027568363511,0.9565301147785789,0.955966591835022
ft_tkt_0003578,ft_sal_001902,ft_evt_0003,PREFERENCIAL,1,0.932553728100417,0.9792066092495367,0.9608754751455515,0.9509405493736267
ft_tkt_0003579,ft_sal_001903,ft_evt_0003,CORTESÍA,0,0.3751295741085871,0.41707902536091773,0.42820916051728897,0.3550386130809784
ft_tkt_0003580,ft_sal_001903,ft_evt_0003,CORTESÍA,0,0.3751295741085871,0.41707902536091773,0.42820916051728897,0.3550386130809784
ft_tkt_0003581,ft_sal_001903,ft_evt_0003,CORTESÍA,0,0.3751295741085871,0.41707902536091773,0.42820916051728897,0.3550386130809784
ft_tkt_0003582,ft_sal_001904,ft_evt_0003,GENERAL,1,0.9346165947465126,0.9541906545387425,0.9665455348607707,0.9743112921714783
ft_tkt_0003583,ft_sal_001904,ft_evt_0003,GENERAL,1,0.9346165947465126,0.9541906545387425,0.9665455348607707,0.9743112921714783
ft_tkt_0003584,ft_sal_001905,ft_evt_0003,GENERAL,1,0.9346165947465126,0.9367545138062535,0.9436909296435189,0.9270284175872803
ft_tkt_0003585,ft_sal_001905,ft_evt_0003,GENERAL,1,0.9346165947465126,0.9367545138062535,0.9436909296435189,0.9270284175872803
ft_tkt_0003586,ft_sal_001905,ft_evt_0003,GENERAL,1,0.9346165947465126,0.9367545138062535,0.9436909296435189,0.9270284175872803
ft_tkt_0003587,ft_sal_001906,ft_evt_0003,GENERAL,1,0.9346165947465126,0.940084542542718,0.9400193672531002,0.9468450546264648
ft_tkt_0003588,ft_sal_001906,ft_evt_0003,GENERAL,1,0.9346165947465126,0.940084542542718,0.9400193672531002,0.9468450546264648
ft_tkt_0003589,ft_sal_001906,ft_evt_0003,GENERAL,1,0.9346165947465126,0.940084542542718,0.9400193672531002,0.9468450546264648
ft_tkt_0003590,ft_sal_001906,ft_evt_0003,GENERAL,1,0.9346165947465126,0.940084542542718,0.9400193672531002,0.9468450546264648
ft_tkt_0003591,ft_sal_001907,ft_evt_0003,VIP,1,0.9303854601488023,0.9717292627968672,0.9652430637658056,0.9724091291427612
ft_tkt_0003592,ft_sal_001908,ft_evt_0003,VIP,1,0.9303854601488023,0.9429371578349135,0.938417068575521,0.9432040452957153
ft_tkt_0003593,ft_sal_001908,ft_evt_0003,VIP,1,0.9303854601488023,0.9429371578349135,0.938417068575521,0.9432040452957153
ft_tkt_0003594,ft_sal_001909,ft_evt_0003,GENERAL,1,0.9346165947465126,0.9012394233799284,0.927419897005188,0.9374353885650635
ft_tkt_0003595,ft_sal_001910,ft_evt_0003,GENERAL,0,0.9346165947465126,0.9577099472077736,0.9532683338100282,0.9498859643936157
ft_tkt_0003596,ft_sal_001910,ft_evt_0003,GENERAL,1,0.9346165947465126,0.9577099472077736,0.9532683338100282,0.9498859643936157
ft_tkt_0003597,ft_sal_001911,ft_evt_0003,GENERAL,1,0.9346165947465126,0.9178349111754397,0.928916792950803,0.9243021607398987
ft_tkt_0003598,ft_sal_001911,ft_evt_0003,GENERAL,1,0.9346165947465126,0.9178349111754397,0.928916792950803,0.9243021607398987
ft_tkt_0003599,ft_sal_001912,ft_evt_0003,GENERAL,1,0.9346165947465126,0.9484941912260414,0.9577439849383519,0.9537697434425354
ft_tkt_0003600,ft_sal_001913,ft_evt_0003,GENERAL,1,0.9346165947465126,0.9297048449352592,0.939880386868506,0.928127646446228
ft_tkt_0003601,ft_sal_001913,ft_evt_0003,GENERAL,1,0.9346165947465126,0.9297048449352592,0.939880386868506,0.928127646446228
ft_tkt_0003602,ft_sal_001913,ft_evt_0003,GENERAL,1,0.9346165947465126,0.9297048449352592,0.939880386868506,0.928127646446228
ft_tkt_0003603,ft_sal_001913,ft_evt_0003,GENERAL,1,0.9346165947465126,0.9297048449352592,0.939880386868506,0.928127646446228
ft_tkt_0003604,ft_sal_001913,ft_evt_0003,GENERAL,1,0.9346165947465126,0.9297048449352592,0.939880386868506,0.928127646446228
ft_tkt_0003605,ft_sal_001913,ft_evt_0003,GENERAL,1,0.9346165947465126,0.9297048449352592,0.939880386868506,0.928127646446228
ft_tkt_0003606,ft_sal_001914,ft_evt_0003,GENERAL,1,0.9346165947465126,0.9355490924584261,0.934390561861037,0.9205113649368286
ft_tkt_0003607,ft_sal_001915,ft_evt_0003,PREFERENCIAL,1,0.932553728100417,0.9622120188943382,0.9576715820497564,0.965800404548645
ft_tkt_0003608,ft_sal_001915,ft_evt_0003,PREFERENCIAL,1,0.932553728100417,0.9622120188943382,0.9576715820497564,0.965800404548645
ft_tkt_0003609,ft_sal_001916,ft_evt_0003,GENERAL,1,0.9346165947465126,0.9528971033846114,0.9385809241044842,0.939027726650238
ft_tkt_0003610,ft_sal_001916,ft_evt_0003,GENERAL,1,0.9346165947465126,0.9528971033846114,0.9385809241044842,0.939027726650238
ft_tkt_0003611,ft_sal_001917,ft_evt_0003,GENERAL,0,0.9346165947465126,0.9357295010906206,0.9400122067333557,0.9273537397384644
ft_tkt_0003612,ft_sal_001917,ft_evt_0003,GENERAL,1,0.9346165947465126,0.9357295010906206,0.9400122067333557,0.9273537397384644
ft_tkt_0003613,ft_sal_001917,ft_evt_0003,GENERAL,1,0.9346165947465126,0.9357295010906206,0.9400122067333557,0.9273537397384644
ft_tkt_0003614,ft_sal_001918,ft_evt_0003,GENERAL,1,0.9346165947465126,0.9523067026048944,0.9467897346098331,0.9635470509529114
ft_tkt_0003615,ft_sal_001918,ft_evt_0003,GENERAL,1,0.9346165947465126,0.9523067026048944,0.9467897346098331,0.9635470509529114
ft_tkt_0003616,ft_sal_001919,ft_evt_0003,VIP,1,0.9303854601488023,0.9581800938231725,0.945681800395259,0.9418561458587646
ft_tkt_0003617,ft_sal_001919,ft_evt_0003,VIP,1,0.9303854601488023,0.9581800938231725,0.945681800395259,0.9418561458587646
ft_tkt_0003618,ft_sal_001919,ft_evt_0003,VIP,1,0.9303854601488023,0.9581800938231725,0.945681800395259,0.9418561458587646
ft_tkt_0003619,ft_sal_001920,ft_evt_0003,VIP,1,0.9303854601488023,0.9550476690047245,0.9450295178679218,0.9488187432289124
ft_tkt_0003620,ft_sal_001920,ft_evt_0003,VIP,1,0.9303854601488023,0.9550476690047245,0.9450295178679218,0.9488187432289124
ft_tkt_0003621,ft_sal_001921,ft_evt_0003,GENERAL,1,0.9346165947465126,0.9206320246784451,0.950849070928043,0.9507585167884827
ft_tkt_0003622,ft_sal_001922,ft_evt_0003,PREFERENCIAL,1,0.932553728100417,0.9462726205353184,0.9429911747606337,0.9279904961585999
ft_tkt_0003623,ft_sal_001923,ft_evt_0003,GENERAL,1,0.9346165947465126,0.9257393578318507,0.932128036248043,0.9176591634750366
ft_tkt_0003624,ft_sal_001923,ft_evt_0003,GENERAL,1,0.9346165947465126,0.9257393578318507,0.932128036248043,0.9176591634750366
ft_tkt_0003625,ft_sal_001923,ft_evt_0003,GENERAL,1,0.9346165947465126,0.9257393578318507,0.932128036248043,0.9176591634750366
ft_tkt_0003626,ft_sal_001923,ft_evt_0003,GENERAL,1,0.9346165947465126,0.9257393578318507,0.932128036248043,0.9176591634750366
ft_tkt_0003627,ft_sal_001924,ft_evt_0003,PREFERENCIAL,0,0.932553728100417,0.9570930403181587,0.9527561560143238,0.9700621962547302
ft_tkt_0003628,ft_sal_001924,ft_evt_0003,PREFERENCIAL,1,0.932553728100417,0.9570930403181587,0.9527561560143238,0.9700621962547302
ft_tkt_0003629,ft_sal_001925,ft_evt_0003,GENERAL,1,0.9346165947465126,0.9502376065035951,0.9638919612822242,0.9449698328971863
ft_tkt_0003630,ft_sal_001926,ft_evt_0003,VIP,1,0.9303854601488023,0.9687309860757216,0.9564361327703362,0.9728473424911499
ft_tkt_0003631,ft_sal_001926,ft_evt_0003,VIP,1,0.9303854601488023,0.9687309860757216,0.9564361327703362,0.9728473424911499
ft_tkt_0003632,ft_sal_001927,ft_evt_0003,GENERAL,1,0.9346165947465126,0.9459634918438897,0.9568102688809497,0.9569050073623657
ft_tkt_0003633,ft_sal_001928,ft_evt_0003,GENERAL,1,0.9346165947465126,0.925707777807676,0.9422391431950933,0.9477760195732117
ft_tkt_0003634,ft_sal_001928,ft_evt_0003,GENERAL,1,0.9346165947465126,0.925707777807676,0.9422391431950933,0.9477760195732117
ft_tkt_0003635,ft_sal_001928,ft_evt_0003,GENERAL,1,0.9346165947465126,0.925707777807676,0.9422391431950933,0.9477760195732117
ft_tkt_0003636,ft_sal_001929,ft_evt_0003,GENERAL,1,0.9346165947465126,0.914966264012565,0.9262981352136651,0.8887345194816589
ft_tkt_0003637,ft_sal_001929,ft_evt_0003,GENERAL,1,0.9346165947465126,0.914966264012565,0.9262981352136651,0.8887345194816589
ft_tkt_0003638,ft_sal_001930,ft_evt_0003,PREFERENCIAL,1,0.932553728100417,0.9154347404800697,0.939951382118131,0.916459321975708
ft_tkt_0003639,ft_sal_001931,ft_evt_0003,GENERAL,1,0.9346165947465126,0.9304706316242654,0.9301260132590908,0.9319532513618469
ft_tkt_0003640,ft_sal_001931,ft_evt_0003,GENERAL,1,0.9346165947465126,0.9304706316242654,0.9301260132590908,0.9319532513618469
ft_tkt_0003641,ft_sal_001932,ft_evt_0003,GENERAL,1,0.9346165947465126,0.9545157145342421,0.9565198025577962,0.9625718593597412
ft_tkt_0003642,ft_sal_001932,ft_evt_0003,GENERAL,1,0.9346165947465126,0.9545157145342421,0.9565198025577962,0.9625718593597412
ft_tkt_0003643,ft_sal_001933,ft_evt_0003,GENERAL,1,0.9346165947465126,0.9221365805712706,0.9337324425398463,0.9377290606498718
ft_tkt_0003644,ft_sal_001933,ft_evt_0003,GENERAL,1,0.9346165947465126,0.9221365805712706,0.9337324425398463,0.9377290606498718
ft_tkt_0003645,ft_sal_001933,ft_evt_0003,GENERAL,1,0.9346165947465126,0.9221365805712706,0.9337324425398463,0.9377290606498718
ft_tkt_0003646,ft_sal_001934,ft_evt_0003,PREFERENCIAL,1,0.932553728100417,0.9657689012636241,0.9661347651969431,0.9657216668128967
ft_tkt_0003647,ft_sal_001935,ft_evt_0003,GENERAL,1,0.9346165947465126,0.9464452929515912,0.9565301147785789,0.9500908851623535
ft_tkt_0003648,ft_sal_001936,ft_evt_0003,GENERAL,1,0.9346165947465126,0.9479681166073547,0.9620909730479961,0.963093638420105
ft_tkt_0003649,ft_sal_001936,ft_evt_0003,GENERAL,1,0.9346165947465126,0.9479681166073547,0.9620909730479961,0.963093638420105
ft_tkt_0003650,ft_sal_001937,ft_evt_0003,GENERAL,1,0.9346165947465126,0.9308329200609766,0.9313645509013995,0.9445756077766418
ft_tkt_0003651,ft_sal_001937,ft_evt_0003,GENERAL,1,0.9346165947465126,0.9308329200609766,0.9313645509013995,0.9445756077766418
ft_tkt_0003652,ft_sal_001938,ft_evt_0003,GENERAL,1,0.9346165947465126,0.9696285816243257,0.9656704912483333,0.9605035781860352
ft_tkt_0003653,ft_sal_001938,ft_evt_0003,GENERAL,1,0.9346165947465126,0.9696285816243257,0.9656704912483333,0.9605035781860352
ft_tkt_0003654,ft_sal_001939,ft_evt_0003,VIP,1,0.9303854601488023,0.9609992185058283,0.9577670639386043,0.967556357383728
ft_tkt_0003655,ft_sal_001940,ft_evt_0003,GENERAL,1,0.9346165947465126,0.9431672146884231,0.9483793593281474,0.9535829424858093
ft_tkt_0003656,ft_sal_001941,ft_evt_0003,GENERAL,1,0.9346165947465126,0.9469305718500804,0.9471205261136383,0.9599716067314148
ft_tkt_0003657,ft_sal_001941,ft_evt_0003,GENERAL,1,0.9346165947465126,0.9469305718500804,0.9471205261136383,0.9599716067314148
ft_tkt_0003658,ft_sal_001942,ft_evt_0003,GENERAL,1,0.9346165947465126,0.9230483595543839,0.9351938032600046,0.9382629990577698
ft_tkt_0003659,ft_sal_001942,ft_evt_0003,GENERAL,1,0.9346165947465126,0.9230483595543839,0.9351938032600046,0.9382629990577698
ft_tkt_0003660,ft_sal_001943,ft_evt_0003,PREFERENCIAL,1,0.932553728100417,0.9654326969984877,0.9659313931398859,0.9622583985328674
ft_tkt_0003661,ft_sal_001944,ft_evt_0003,VIP,1,0.9303854601488023,0.9581811457942713,0.9409471362698554,0.9581365585327148
ft_tkt_0003662,ft_sal_001945,ft_evt_0003,GENERAL,1,0.9346165947465126,0.9484925326433808,0.9464153443816024,0.9648476243019104
ft_tkt_0003663,ft_sal_001945,ft_evt_0003,GENERAL,1,0.9346165947465126,0.9484925326433808,0.9464153443816024,0.9648476243019104
ft_tkt_0003664,ft_sal_001946,ft_evt_0003,GENERAL,1,0.9346165947465126,0.9410836388392567,0.9492748799458628,0.9353376030921936
ft_tkt_0003665,ft_sal_001947,ft_evt_0003,PREFERENCIAL,1,0.932553728100417,0.9681179695486908,0.9592366308367896,0.9545066356658936
ft_tkt_0003666,ft_sal_001948,ft_evt_0003,PREFERENCIAL,1,0.932553728100417,0.9563445805713138,0.9474958915626174,0.9557619690895081
ft_tkt_0003667,ft_sal_001948,ft_evt_0003,PREFERENCIAL,1,0.932553728100417,0.9563445805713138,0.9474958915626174,0.9557619690895081
ft_tkt_0003668,ft_sal_001948,ft_evt_0003,PREFERENCIAL,1,0.932553728100417,0.9563445805713138,0.9474958915626174,0.9557619690895081
ft_tkt_0003669,ft_sal_001949,ft_evt_0038,CORTESÍA,0,0.3985098879822984,0.5281060339878987,0.4025094259471601,0.35299035906791687
ft_tkt_0003670,ft_sal_001949,ft_evt_0038,CORTESÍA,0,0.3985098879822984,0.5281060339878987,0.4025094259471601,0.35299035906791687
ft_tkt_0003671,ft_sal_001949,ft_evt_0038,CORTESÍA,1,0.3985098879822984,0.5281060339878987,0.4025094259471601,0.35299035906791687
ft_tkt_0003672,ft_sal_001949,ft_evt_0038,CORTESÍA,0,0.3985098879822984,0.5281060339878987,0.4025094259471601,0.35299035906791687
ft_tkt_0003673,ft_sal_001950,ft_evt_0038,VIP,1,0.9325078728886343,0.9747174579212992,0.9403891767029385,0.9563375115394592
ft_tkt_0003674,ft_sal_001950,ft_evt_0038,VIP,1,0.9325078728886343,0.9747174579212992,0.9403891767029385,0.9563375115394592
ft_tkt_0003675,ft_sal_001951,ft_evt_0038,GENERAL,1,0.9356965834661002,0.9683213088002868,0.9373303920774047,0.9384141564369202
ft_tkt_0003676,ft_sal_001951,ft_evt_0038,GENERAL,1,0.9356965834661002,0.9683213088002868,0.9373303920774047,0.9384141564369202
ft_tkt_0003677,ft_sal_001951,ft_evt_0038,GENERAL,1,0.9356965834661002,0.9683213088002868,0.9373303920774047,0.9384141564369202
ft_tkt_0003678,ft_sal_001952,ft_evt_0038,PREFERENCIAL,1,0.9282759202971969,0.9689627229865971,0.9426951266081669,0.9671252965927124
ft_tkt_0003679,ft_sal_001952,ft_evt_0038,PREFERENCIAL,1,0.9282759202971969,0.9689627229865971,0.9426951266081669,0.9671252965927124
ft_tkt_0003680,ft_sal_001953,ft_evt_0038,CORTESÍA,0,0.3985098879822984,0.597672284491972,0.4454779390898791,0.44079872965812683
ft_tkt_0003681,ft_sal_001954,ft_evt_0038,CORTESÍA,1,0.3985098879822984,0.5639241752406773,0.4377531944934705,0.2784460484981537
ft_tkt_0003682,ft_sal_001955,ft_evt_0038,GENERAL,1,0.9356965834661002,0.9646705759352752,0.9474039244807961,0.9686400890350342
ft_tkt_0003683,ft_sal_001956,ft_evt_0038,CORTESÍA,0,0.3985098879822984,0.581519615312967,0.40166255658900984,0.4660848379135132
ft_tkt_0003684,ft_sal_001957,ft_evt_0038,GENERAL,1,0.9356965834661002,0.9659503450338348,0.9354843121865813,0.9336300492286682
ft_tkt_0003685,ft_sal_001957,ft_evt_0038,GENERAL,1,0.9356965834661002,0.9659503450338348,0.9354843121865813,0.9336300492286682
ft_tkt_0003686,ft_sal_001957,ft_evt_0038,GENERAL,1,0.9356965834661002,0.9659503450338348,0.9354843121865813,0.9336300492286682
ft_tkt_0003687,ft_sal_001958,ft_evt_0038,GENERAL,1,0.9356965834661002,0.9785398731067699,0.9477824003925126,0.961672306060791
ft_tkt_0003688,ft_sal_001959,ft_evt_0038,PREFERENCIAL,1,0.9282759202971969,0.9871364236241595,0.9594214644725532,0.9735980033874512
ft_tkt_0003689,ft_sal_001959,ft_evt_0038,PREFERENCIAL,1,0.9282759202971969,0.9871364236241595,0.9594214644725532,0.9735980033874512
ft_tkt_0003690,ft_sal_001960,ft_evt_0038,GENERAL,1,0.9356965834661002,0.9771991502925904,0.942696994069306,0.9459246397018433
ft_tkt_0003691,ft_sal_001960,ft_evt_0038,GENERAL,1,0.9356965834661002,0.9771991502925904,0.942696994069306,0.9459246397018433
ft_tkt_0003692,ft_sal_001961,ft_evt_0038,GENERAL,1,0.9356965834661002,0.9809697526115426,0.9496429600347227,0.9658192992210388
ft_tkt_0003693,ft_sal_001961,ft_evt_0038,GENERAL,1,0.9356965834661002,0.9809697526115426,0.9496429600347227,0.9658192992210388
ft_tkt_0003694,ft_sal_001962,ft_evt_0038,CORTESÍA,0,0.3985098879822984,0.5245842864904017,0.3416700627636254,0.27285364270210266
ft_tkt_0003695,ft_sal_001963,ft_evt_0038,CORTESÍA,1,0.3985098879822984,0.628660238022683,0.4436576929083144,0.44616129994392395
ft_tkt_0003696,ft_sal_001963,ft_evt_0038,CORTESÍA,0,0.3985098879822984,0.628660238022683,0.4436576929083144,0.44616129994392395
ft_tkt_0003697,ft_sal_001963,ft_evt_0038,CORTESÍA,1,0.3985098879822984,0.628660238022683,0.4436576929083144,0.44616129994392395
ft_tkt_0003698,ft_sal_001964,ft_evt_0038,GENERAL,1,0.9356965834661002,0.9736385901212802,0.9435404851801572,0.9445549845695496
ft_tkt_0003699,ft_sal_001964,ft_evt_0038,GENERAL,1,0.9356965834661002,0.9736385901212802,0.9435404851801572,0.9445549845695496
ft_tkt_0003700,ft_sal_001965,ft_evt_0038,PREFERENCIAL,1,0.9282759202971969,0.9828946964028211,0.9444340118673576,0.9657214283943176
ft_tkt_0003701,ft_sal_001966,ft_evt_0038,GENERAL,1,0.9356965834661002,0.9765165978442316,0.9455087562269474,0.9539455771446228
ft_tkt_0003702,ft_sal_001967,ft_evt_0038,GENERAL,1,0.9356965834661002,0.9614438142022942,0.943510977572693,0.9669559597969055
ft_tkt_0003703,ft_sal_001968,ft_evt_0038,PREFERENCIAL,1,0.9282759202971969,0.9752887249503033,0.9375269482831876,0.9583022594451904
ft_tkt_0003704,ft_sal_001968,ft_evt_0038,PREFERENCIAL,1,0.9282759202971969,0.9752887249503033,0.9375269482831876,0.9583022594451904
ft_tkt_0003705,ft_sal_001969,ft_evt_0038,GENERAL,0,0.9356965834661002,0.9759927894950886,0.9454221471789772,0.9609728455543518
ft_tkt_0003706,ft_sal_001970,ft_evt_0038,PREFERENCIAL,1,0.9282759202971969,0.9696473706032726,0.9376599816627833,0.9503260850906372
ft_tkt_0003707,ft_sal_001970,ft_evt_0038,PREFERENCIAL,1,0.9282759202971969,0.9696473706032726,0.9376599816627833,0.9503260850906372
ft_tkt_0003708,ft_sal_001971,ft_evt_0038,GENERAL,1,0.9356965834661002,0.9694953489990655,0.945169137120065,0.9365509152412415
ft_tkt_0003709,ft_sal_001972,ft_evt_0038,CORTESÍA,1,0.3985098879822984,0.5960228066696471,0.4454779390898791,0.44465014338493347
ft_tkt_0003710,ft_sal_001973,ft_evt_0038,GENERAL,1,0.9356965834661002,0.9701780905716038,0.9454400951608808,0.964387059211731
ft_tkt_0003711,ft_sal_001973,ft_evt_0038,GENERAL,1,0.9356965834661002,0.9701780905716038,0.9454400951608808,0.964387059211731
ft_tkt_0003712,ft_sal_001973,ft_evt_0038,GENERAL,1,0.9356965834661002,0.9701780905716038,0.9454400951608808,0.964387059211731
ft_tkt_0003713,ft_sal_001973,ft_evt_0038,GENERAL,1,0.9356965834661002,0.9701780905716038,0.9454400951608808,0.964387059211731
ft_tkt_0003714,ft_sal_001974,ft_evt_0038,GENERAL,1,0.9356965834661002,0.9801301358426326,0.9469439021959958,0.9563114047050476
ft_tkt_0003715,ft_sal_001974,ft_evt_0038,GENERAL,1,0.9356965834661002,0.9801301358426326,0.9469439021959958,0.9563114047050476
ft_tkt_0003716,ft_sal_001975,ft_evt_0038,VIP,1,0.9325078728886343,0.9820510891405985,0.9405618034012604,0.9448856711387634
ft_tkt_0003717,ft_sal_001975,ft_evt_0038,VIP,1,0.9325078728886343,0.9820510891405985,0.9405618034012604,0.9448856711387634
ft_tkt_0003718,ft_sal_001976,ft_evt_0038,GENERAL,1,0.9356965834661002,0.9745917378015598,0.9412474014438719,0.8992973566055298
ft_tkt_0003719,ft_sal_001977,ft_evt_0038,GENERAL,1,0.9356965834661002,0.9778688373150991,0.9444529682177619,0.948295533657074
ft_tkt_0003720,ft_sal_001977,ft_evt_0038,GENERAL,1,0.9356965834661002,0.9778688373150991,0.9444529682177619,0.948295533657074
ft_tkt_0003721,ft_sal_001978,ft_evt_0038,VIP,1,0.9325078728886343,0.9828645806993412,0.9464488958153738,0.9608343839645386
ft_tkt_0003722,ft_sal_001979,ft_evt_0038,GENERAL,1,0.9356965834661002,0.9636789211492615,0.9445108575645436,0.949509859085083
ft_tkt_0003723,ft_sal_001980,ft_evt_0038,GENERAL,1,0.9356965834661002,0.9735804705560435,0.9416090280970426,0.9472531676292419
ft_tkt_0003724,ft_sal_001980,ft_evt_0038,GENERAL,1,0.9356965834661002,0.9735804705560435,0.9416090280970426,0.9472531676292419
ft_tkt_0003725,ft_sal_001981,ft_evt_0038,CORTESÍA,1,0.3985098879822984,0.5249454133288748,0.41782722911484604,0.4013063907623291
ft_tkt_0003726,ft_sal_001981,ft_evt_0038,CORTESÍA,0,0.3985098879822984,0.5249454133288748,0.41782722911484604,0.4013063907623291
ft_tkt_0003727,ft_sal_001981,ft_evt_0038,CORTESÍA,1,0.3985098879822984,0.5249454133288748,0.41782722911484604,0.4013063907623291
ft_tkt_0003728,ft_sal_001982,ft_evt_0038,PREFERENCIAL,1,0.9282759202971969,0.9733842789932621,0.9456550732334105,0.9614947438240051
ft_tkt_0003729,ft_sal_001982,ft_evt_0038,PREFERENCIAL,1,0.9282759202971969,0.9733842789932621,0.9456550732334105,0.9614947438240051
ft_tkt_0003730,ft_sal_001983,ft_evt_0038,PREFERENCIAL,1,0.9282759202971969,0.9790493326826593,0.9462829645765406,0.9559911489486694
ft_tkt_0003731,ft_sal_001984,ft_evt_0038,VIP,1,0.9325078728886343,0.9816832085943238,0.9438748200454783,0.9507912993431091
ft_tkt_0003732,ft_sal_001985,ft_evt_0038,GENERAL,1,0.9356965834661002,0.9776968234538472,0.9461537180696806,0.9465520977973938
ft_tkt_0003733,ft_sal_001985,ft_evt_0038,GENERAL,0,0.9356965834661002,0.9776968234538472,0.9461537180696806,0.9465520977973938
ft_tkt_0003734,ft_sal_001985,ft_evt_0038,GENERAL,1,0.9356965834661002,0.9776968234538472,0.9461537180696806,0.9465520977973938
ft_tkt_0003735,ft_sal_001986,ft_evt_0038,GENERAL,1,0.9356965834661002,0.9738301061778156,0.9427528032151733,0.947152316570282
ft_tkt_0003736,ft_sal_001986,ft_evt_0038,GENERAL,1,0.9356965834661002,0.9738301061778156,0.9427528032151733,0.947152316570282
ft_tkt_0003737,ft_sal_001986,ft_evt_0038,GENERAL,1,0.9356965834661002,0.9738301061778156,0.9427528032151733,0.947152316570282
ft_tkt_0003738,ft_sal_001987,ft_evt_0038,CORTESÍA,1,0.3985098879822984,0.6201467338078728,0.4327043541936955,0.38555315136909485
ft_tkt_0003739,ft_sal_001987,ft_evt_0038,CORTESÍA,0,0.3985098879822984,0.6201467338078728,0.4327043541936955,0.38555315136909485
ft_tkt_0003740,ft_sal_001988,ft_evt_0038,GENERAL,1,0.9356965834661002,0.9934424449576534,0.9463058397021584,0.9545608162879944
ft_tkt_0003741,ft_sal_001989,ft_evt_0038,PREFERENCIAL,1,0.9282759202971969,0.9777055253043301,0.9441607866453724,0.9538872241973877
ft_tkt_0003742,ft_sal_001990,ft_evt_0038,GENERAL,1,0.9356965834661002,0.967876864832983,0.9388960641574104,0.9507075548171997
ft_tkt_0003743,ft_sal_001990,ft_evt_0038,GENERAL,1,0.9356965834661002,0.967876864832983,0.9388960641574104,0.9507075548171997
ft_tkt_0003744,ft_sal_001991,ft_evt_0038,GENERAL,1,0.9356965834661002,0.9828009788927176,0.9503134493077245,0.9741024374961853
ft_tkt_0003745,ft_sal_001991,ft_evt_0038,GENERAL,1,0.9356965834661002,0.9828009788927176,0.9503134493077245,0.9741024374961853
ft_tkt_0003746,ft_sal_001992,ft_evt_0038,VIP,1,0.9325078728886343,0.9828861289748365,0.9463995588744104,0.9556071162223816
ft_tkt_0003747,ft_sal_001993,ft_evt_0038,GENERAL,1,0.9356965834661002,0.9812454916457716,0.94233672999044,0.916803777217865
ft_tkt_0003748,ft_sal_001994,ft_evt_0038,GENERAL,1,0.9356965834661002,0.9779027897295847,0.9467431944127376,0.9563283324241638
ft_tkt_0003749,ft_sal_001995,ft_evt_0038,CORTESÍA,0,0.3985098879822984,0.41498456249261684,0.35838941996665435,0.44527629017829895
ft_tkt_0003750,ft_sal_001996,ft_evt_0038,GENERAL,1,0.9356965834661002,0.97633278456471,0.9451959924396132,0.9613415598869324
ft_tkt_0003751,ft_sal_001997,ft_evt_0038,GENERAL,1,0.9356965834661002,0.9796941097617374,0.9470844859779681,0.9537091255187988
ft_tkt_0003752,ft_sal_001997,ft_evt_0038,GENERAL,1,0.9356965834661002,0.9796941097617374,0.9470844859779681,0.9537091255187988
ft_tkt_0003753,ft_sal_001998,ft_evt_0038,GENERAL,1,0.9356965834661002,0.9796371723316222,0.9480417761836241,0.9628758430480957
ft_tkt_0003754,ft_sal_001998,ft_evt_0038,GENERAL,1,0.9356965834661002,0.9796371723316222,0.9480417761836241,0.9628758430480957
ft_tkt_0003755,ft_sal_001999,ft_evt_0038,VIP,1,0.9325078728886343,0.9655901494452586,0.9376508360460529,0.95565265417099
ft_tkt_0003756,ft_sal_001999,ft_evt_0038,VIP,1,0.9325078728886343,0.9655901494452586,0.9376508360460529,0.95565265417099
ft_tkt_0003757,ft_sal_001999,ft_evt_0038,VIP,1,0.9325078728886343,0.9655901494452586,0.9376508360460529,0.95565265417099
ft_tkt_0003758,ft_sal_002000,ft_evt_0038,CORTESÍA,0,0.3985098879822984,0.39855210807863917,0.3742242127883277,0.2854362726211548
ft_tkt_0003759,ft_sal_002000,ft_evt_0038,CORTESÍA,0,0.3985098879822984,0.39855210807863917,0.3742242127883277,0.2854362726211548
ft_tkt_0003760,ft_sal_002001,ft_evt_0038,CORTESÍA,1,0.3985098879822984,0.6179527525348484,0.4327043541936955,0.37877708673477173
ft_tkt_0003761,ft_sal_002001,ft_evt_0038,CORTESÍA,1,0.3985098879822984,0.6179527525348484,0.4327043541936955,0.37877708673477173
ft_tkt_0003762,ft_sal_002002,ft_evt_0038,GENERAL,1,0.9356965834661002,0.9602719214717985,0.9415671195159675,0.9547637701034546
ft_tkt_0003763,ft_sal_002002,ft_evt_0038,GENERAL,1,0.9356965834661002,0.9602719214717985,0.9415671195159675,0.9547637701034546
ft_tkt_0003764,ft_sal_002003,ft_evt_0038,GENERAL,1,0.9356965834661002,0.9782220861445757,0.9445391712610414,0.9349020719528198
ft_tkt_0003765,ft_sal_002003,ft_evt_0038,GENERAL,1,0.9356965834661002,0.9782220861445757,0.9445391712610414,0.9349020719528198
ft_tkt_0003766,ft_sal_002004,ft_evt_0038,CORTESÍA,0,0.3985098879822984,0.6961578721856639,0.49669827590644294,0.5384061336517334
ft_tkt_0003767,ft_sal_002005,ft_evt_0038,GENERAL,1,0.9356965834661002,0.9718720661697907,0.946699244974397,0.9568718075752258
ft_tkt_0003768,ft_sal_002005,ft_evt_0038,GENERAL,1,0.9356965834661002,0.9718720661697907,0.946699244974397,0.9568718075752258
ft_tkt_0003769,ft_sal_002006,ft_evt_0038,PREFERENCIAL,1,0.9282759202971969,0.9856778018888681,0.9435773672859354,0.9591549634933472
ft_tkt_0003770,ft_sal_002006,ft_evt_0038,PREFERENCIAL,1,0.9282759202971969,0.9856778018888681,0.9435773672859354,0.9591549634933472
ft_tkt_0003771,ft_sal_002007,ft_evt_0038,PREFERENCIAL,1,0.9282759202971969,0.9791579886834654,0.946673388314832,0.9570555090904236
ft_tkt_0003772,ft_sal_002008,ft_evt_0038,VIP,1,0.9325078728886343,0.9755222835024597,0.9395378634568762,0.9519104361534119
ft_tkt_0003773,ft_sal_002008,ft_evt_0038,VIP,1,0.9325078728886343,0.9755222835024597,0.9395378634568762,0.9519104361534119
ft_tkt_0003774,ft_sal_002008,ft_evt_0038,VIP,1,0.9325078728886343,0.9755222835024597,0.9395378634568762,0.9519104361534119
ft_tkt_0003775,ft_sal_002008,ft_evt_0038,VIP,1,0.9325078728886343,0.9755222835024597,0.9395378634568762,0.9519104361534119
ft_tkt_0003776,ft_sal_002009,ft_evt_0038,GENERAL,1,0.9356965834661002,0.9778538976452057,0.9456566905839995,0.9455690383911133
ft_tkt_0003777,ft_sal_002010,ft_evt_0038,CORTESÍA,0,0.3985098879822984,0.5834658661071382,0.43188293133870675,0.380024254322052
ft_tkt_0003778,ft_sal_002011,ft_evt_0038,GENERAL,1,0.9356965834661002,0.9763999075106397,0.9434936580795185,0.9604709148406982
ft_tkt_0003779,ft_sal_002011,ft_evt_0038,GENERAL,1,0.9356965834661002,0.9763999075106397,0.9434936580795185,0.9604709148406982
ft_tkt_0003780,ft_sal_002012,ft_evt_0038,CORTESÍA,0,0.3985098879822984,0.5617739624438233,0.3827236254854672,0.36327284574508667
ft_tkt_0003781,ft_sal_002012,ft_evt_0038,CORTESÍA,1,0.3985098879822984,0.5617739624438233,0.3827236254854672,0.36327284574508667
ft_tkt_0003782,ft_sal_002012,ft_evt_0038,CORTESÍA,0,0.3985098879822984,0.5617739624438233,0.3827236254854672,0.36327284574508667
ft_tkt_0003783,ft_sal_002013,ft_evt_0038,GENERAL,1,0.9356965834661002,0.9855063782127311,0.9594942537272774,0.9723905324935913
ft_tkt_0003784,ft_sal_002014,ft_evt_0038,VIP,1,0.9325078728886343,0.9827148635724678,0.9464488958153738,0.960432767868042
ft_tkt_0003785,ft_sal_002015,ft_evt_0038,GENERAL,1,0.9356965834661002,0.9761692375186606,0.9459434855548793,0.9572396874427795
ft_tkt_0003786,ft_sal_002015,ft_evt_0038,GENERAL,1,0.9356965834661002,0.9761692375186606,0.9459434855548793,0.9572396874427795
ft_tkt_0003787,ft_sal_002016,ft_evt_0038,GENERAL,1,0.9356965834661002,0.9804224791736754,0.9478249218013198,0.9547620415687561
ft_tkt_0003788,ft_sal_002016,ft_evt_0038,GENERAL,1,0.9356965834661002,0.9804224791736754,0.9478249218013198,0.9547620415687561
ft_tkt_0003789,ft_sal_002017,ft_evt_0038,PREFERENCIAL,1,0.9282759202971969,0.9800724513365877,0.9484073510541319,0.9654591679573059
ft_tkt_0003790,ft_sal_002018,ft_evt_0038,CORTESÍA,0,0.3985098879822984,0.539747475657286,0.4088527443725003,0.38048335909843445
ft_tkt_0003791,ft_sal_002018,ft_evt_0038,CORTESÍA,1,0.3985098879822984,0.539747475657286,0.4088527443725003,0.38048335909843445
ft_tkt_0003792,ft_sal_002019,ft_evt_0038,GENERAL,1,0.9356965834661002,0.9751773069164494,0.9430692157123373,0.9439858198165894
ft_tkt_0003793,ft_sal_002020,ft_evt_0038,CORTESÍA,1,0.3985098879822984,0.6217762775007984,0.4377110904026124,0.3996140956878662
ft_tkt_0003794,ft_sal_002020,ft_evt_0038,CORTESÍA,0,0.3985098879822984,0.6217762775007984,0.4377110904026124,0.3996140956878662
ft_tkt_0003795,ft_sal_002020,ft_evt_0038,CORTESÍA,0,0.3985098879822984,0.6217762775007984,0.4377110904026124,0.3996140956878662
ft_tkt_0003796,ft_sal_002021,ft_evt_0038,PREFERENCIAL,1,0.9282759202971969,0.9858785669097655,0.9593475504954977,0.9711942672729492
ft_tkt_0003797,ft_sal_002022,ft_evt_0038,PREFERENCIAL,1,0.9282759202971969,0.9706971389789146,0.9379131649599174,0.9353235363960266
ft_tkt_0003798,ft_sal_002022,ft_evt_0038,PREFERENCIAL,1,0.9282759202971969,0.9706971389789146,0.9379131649599174,0.9353235363960266
ft_tkt_0003799,ft_sal_002023,ft_evt_0038,VIP,0,0.9325078728886343,0.976465463588849,0.9461655384190328,0.9649185538291931
ft_tkt_0003800,ft_sal_002023,ft_evt_0038,VIP,1,0.9325078728886343,0.976465463588849,0.9461655384190328,0.9649185538291931
ft_tkt_0003801,ft_sal_002024,ft_evt_0038,PREFERENCIAL,1,0.9282759202971969,0.9781333184153742,0.9458557570975753,0.9579135775566101
ft_tkt_0003802,ft_sal_002025,ft_evt_0038,PREFERENCIAL,1,0.9282759202971969,0.9748670141711244,0.9494507118509015,0.976249098777771
ft_tkt_0003803,ft_sal_002026,ft_evt_0038,GENERAL,1,0.9356965834661002,0.9808067180399154,0.9496429600347227,0.9622135162353516
ft_tkt_0003804,ft_sal_002026,ft_evt_0038,GENERAL,1,0.9356965834661002,0.9808067180399154,0.9496429600347227,0.9622135162353516
ft_tkt_0003805,ft_sal_002027,ft_evt_0038,GENERAL,1,0.9356965834661002,0.9770900810393899,0.9462636755444407,0.9628476500511169
ft_tkt_0003806,ft_sal_002028,ft_evt_0038,GENERAL,1,0.9356965834661002,0.9700713994165369,0.9397427672557438,0.9281459450721741
ft_tkt_0003807,ft_sal_002029,ft_evt_0038,PREFERENCIAL,1,0.9282759202971969,0.9777227663161454,0.9460717472062589,0.962642252445221
ft_tkt_0003808,ft_sal_002030,ft_evt_0038,CORTESÍA,0,0.3985098879822984,0.696778945370092,0.49669827590644294,0.5585229396820068
ft_tkt_0003809,ft_sal_002031,ft_evt_0038,VIP,1,0.9325078728886343,0.9900502616597433,0.9502715781563685,0.9735639691352844
ft_tkt_0003810,ft_sal_002031,ft_evt_0038,VIP,1,0.9325078728886343,0.9900502616597433,0.9502715781563685,0.9735639691352844
ft_tkt_0003811,ft_sal_002032,ft_evt_0038,PREFERENCIAL,1,0.9282759202971969,0.9799122775862855,0.947028586468509,0.9551171064376831
ft_tkt_0003812,ft_sal_002032,ft_evt_0038,PREFERENCIAL,1,0.9282759202971969,0.9799122775862855,0.947028586468509,0.9551171064376831
ft_tkt_0003813,ft_sal_002033,ft_evt_0038,GENERAL,1,0.9356965834661002,0.9788335473027594,0.9475050208302463,0.9574507474899292
ft_tkt_0003814,ft_sal_002033,ft_evt_0038,GENERAL,1,0.9356965834661002,0.9788335473027594,0.9475050208302463,0.9574507474899292
ft_tkt_0003815,ft_sal_002033,ft_evt_0038,GENERAL,1,0.9356965834661002,0.9788335473027594,0.9475050208302463,0.9574507474899292
ft_tkt_0003816,ft_sal_002033,ft_evt_0038,GENERAL,1,0.9356965834661002,0.9788335473027594,0.9475050208302463,0.9574507474899292
ft_tkt_0003817,ft_sal_002034,ft_evt_0038,GENERAL,1,0.9356965834661002,0.9704519768106737,0.9389418183847524,0.9511076807975769
ft_tkt_0003818,ft_sal_002034,ft_evt_0038,GENERAL,1,0.9356965834661002,0.9704519768106737,0.9389418183847524,0.9511076807975769
ft_tkt_0003819,ft_sal_002034,ft_evt_0038,GENERAL,1,0.9356965834661002,0.9704519768106737,0.9389418183847524,0.9511076807975769
ft_tkt_0003820,ft_sal_002035,ft_evt_0038,GENERAL,1,0.9356965834661002,0.9671246561293064,0.9365795025518083,0.9420455098152161
ft_tkt_0003821,ft_sal_002036,ft_evt_0038,GENERAL,1,0.9356965834661002,0.9773683374172736,0.9463491908658501,0.9625309109687805
ft_tkt_0003822,ft_sal_002037,ft_evt_0038,GENERAL,1,0.9356965834661002,0.972213260149412,0.9486505587255203,0.9633444547653198
ft_tkt_0003823,ft_sal_002037,ft_evt_0038,GENERAL,1,0.9356965834661002,0.972213260149412,0.9486505587255203,0.9633444547653198
ft_tkt_0003824,ft_sal_002038,ft_evt_0038,CORTESÍA,1,0.3985098879822984,0.6184403219217264,0.4509889817055292,0.4513082504272461
ft_tkt_0003825,ft_sal_002039,ft_evt_0038,VIP,1,0.9325078728886343,0.9813000627017274,0.9438748200454783,0.9460073709487915
ft_tkt_0003826,ft_sal_002040,ft_evt_0038,GENERAL,1,0.9356965834661002,0.9778913825730937,0.946736932405128,0.9607502222061157
ft_tkt_0003827,ft_sal_002041,ft_evt_0038,GENERAL,1,0.9356965834661002,0.9809313162563544,0.9496429600347227,0.9622135162353516
ft_tkt_0003828,ft_sal_002041,ft_evt_0038,GENERAL,1,0.9356965834661002,0.9809313162563544,0.9496429600347227,0.9622135162353516
ft_tkt_0003829,ft_sal_002042,ft_evt_0038,CORTESÍA,1,0.3985098879822984,0.8556102535059839,0.5423543991915075,0.6571741104125977
ft_tkt_0003830,ft_sal_002043,ft_evt_0038,CORTESÍA,1,0.3985098879822984,0.6972959577680945,0.5054071159371671,0.6174376606941223
ft_tkt_0003831,ft_sal_002044,ft_evt_0038,GENERAL,1,0.9356965834661002,0.9769369681069531,0.9462636755444407,0.9630271792411804
ft_tkt_0003832,ft_sal_002045,ft_evt_0038,PREFERENCIAL,1,0.9282759202971969,0.9845663215020898,0.9510253429658925,0.9654823541641235
ft_tkt_0003833,ft_sal_002045,ft_evt_0038,PREFERENCIAL,1,0.9282759202971969,0.9845663215020898,0.9510253429658925,0.9654823541641235
ft_tkt_0003834,ft_sal_002046,ft_evt_0045,CORTESÍA,0,0.3751295741085871,0.3422188855100324,0.36157664054229394,0.3732743561267853
ft_tkt_0003835,ft_sal_002046,ft_evt_0045,CORTESÍA,1,0.3751295741085871,0.3422188855100324,0.36157664054229394,0.3732743561267853
ft_tkt_0003836,ft_sal_002046,ft_evt_0045,CORTESÍA,1,0.3751295741085871,0.3422188855100324,0.36157664054229394,0.3732743561267853
ft_tkt_0003837,ft_sal_002046,ft_evt_0045,CORTESÍA,0,0.3751295741085871,0.3422188855100324,0.36157664054229394,0.3732743561267853
ft_tkt_0003838,ft_sal_002046,ft_evt_0045,CORTESÍA,1,0.3751295741085871,0.3422188855100324,0.36157664054229394,0.3732743561267853
ft_tkt_0003839,ft_sal_002046,ft_evt_0045,CORTESÍA,1,0.3751295741085871,0.3422188855100324,0.36157664054229394,0.3732743561267853
ft_tkt_0003840,ft_sal_002047,ft_evt_0045,PREFERENCIAL,1,0.932553728100417,0.8871463447429305,0.9289168208876335,0.9352395534515381
ft_tkt_0003841,ft_sal_002048,ft_evt_0045,CORTESÍA,0,0.3751295741085871,0.43046850016780447,0.4317444067169218,0.4441699981689453
ft_tkt_0003842,ft_sal_002048,ft_evt_0045,CORTESÍA,0,0.3751295741085871,0.43046850016780447,0.4317444067169218,0.4441699981689453
ft_tkt_0003843,ft_sal_002049,ft_evt_0045,GENERAL,1,0.9346165947465126,0.9009584963345876,0.9306718098540785,0.9519675970077515
ft_tkt_0003844,ft_sal_002050,ft_evt_0045,GENERAL,1,0.9346165947465126,0.916418668512585,0.9281307029193497,0.9255887269973755
ft_tkt_0003845,ft_sal_002050,ft_evt_0045,GENERAL,1,0.9346165947465126,0.916418668512585,0.9281307029193497,0.9255887269973755
ft_tkt_0003846,ft_sal_002051,ft_evt_0045,VIP,1,0.9303854601488023,0.9415242933059786,0.9346410222527344,0.9621301889419556
ft_tkt_0003847,ft_sal_002051,ft_evt_0045,VIP,1,0.9303854601488023,0.9415242933059786,0.9346410222527344,0.9621301889419556
ft_tkt_0003848,ft_sal_002051,ft_evt_0045,VIP,1,0.9303854601488023,0.9415242933059786,0.9346410222527344,0.9621301889419556
ft_tkt_0003849,ft_sal_002052,ft_evt_0045,PREFERENCIAL,1,0.932553728100417,0.9243196898481574,0.9227263387013156,0.9613444209098816
ft_tkt_0003850,ft_sal_002052,ft_evt_0045,PREFERENCIAL,1,0.932553728100417,0.9243196898481574,0.9227263387013156,0.9613444209098816
ft_tkt_0003851,ft_sal_002052,ft_evt_0045,PREFERENCIAL,1,0.932553728100417,0.9243196898481574,0.9227263387013156,0.9613444209098816
ft_tkt_0003852,ft_sal_002053,ft_evt_0045,CORTESÍA,0,0.3751295741085871,0.24256151100967088,0.3173635440906963,0.3192652761936188
ft_tkt_0003853,ft_sal_002053,ft_evt_0045,CORTESÍA,0,0.3751295741085871,0.24256151100967088,0.3173635440906963,0.3192652761936188
ft_tkt_0003854,ft_sal_002053,ft_evt_0045,CORTESÍA,0,0.3751295741085871,0.24256151100967088,0.3173635440906963,0.3192652761936188
ft_tkt_0003855,ft_sal_002054,ft_evt_0045,GENERAL,1,0.9346165947465126,0.904136579517493,0.9086630408107156,0.9214515089988708
ft_tkt_0003856,ft_sal_002054,ft_evt_0045,GENERAL,1,0.9346165947465126,0.904136579517493,0.9086630408107156,0.9214515089988708
ft_tkt_0003857,ft_sal_002055,ft_evt_0045,GENERAL,1,0.9346165947465126,0.9436583288933602,0.937656358695142,0.9582955837249756
ft_tkt_0003858,ft_sal_002055,ft_evt_0045,GENERAL,1,0.9346165947465126,0.9436583288933602,0.937656358695142,0.9582955837249756
ft_tkt_0003859,ft_sal_002056,ft_evt_0045,GENERAL,1,0.9346165947465126,0.9447796116194783,0.9521873991556818,0.9651471972465515
ft_tkt_0003860,ft_sal_002057,ft_evt_0045,PREFERENCIAL,1,0.932553728100417,0.9279900841380345,0.9366573309655128,0.9541741013526917
ft_tkt_0003861,ft_sal_002058,ft_evt_0045,PREFERENCIAL,1,0.932553728100417,0.9246937881359528,0.9363533301164032,0.9628911018371582
ft_tkt_0003862,ft_sal_002059,ft_evt_0045,CORTESÍA,1,0.3751295741085871,0.3911569688997775,0.3684221371378887,0.3428838551044464
ft_tkt_0003863,ft_sal_002059,ft_evt_0045,CORTESÍA,0,0.3751295741085871,0.3911569688997775,0.3684221371378887,0.3428838551044464
ft_tkt_0003864,ft_sal_002060,ft_evt_0045,PREFERENCIAL,1,0.932553728100417,0.9175503487927081,0.9236892932610312,0.9489008188247681
ft_tkt_0003865,ft_sal_002060,ft_evt_0045,PREFERENCIAL,1,0.932553728100417,0.9175503487927081,0.9236892932610312,0.9489008188247681
ft_tkt_0003866,ft_sal_002060,ft_evt_0045,PREFERENCIAL,1,0.932553728100417,0.9175503487927081,0.9236892932610312,0.9489008188247681
ft_tkt_0003867,ft_sal_002061,ft_evt_0045,VIP,1,0.9303854601488023,0.9379351424054388,0.926800333369494,0.9626520872116089
ft_tkt_0003868,ft_sal_002061,ft_evt_0045,VIP,1,0.9303854601488023,0.9379351424054388,0.926800333369494,0.9626520872116089
ft_tkt_0003869,ft_sal_002061,ft_evt_0045,VIP,0,0.9303854601488023,0.9379351424054388,0.926800333369494,0.9626520872116089
ft_tkt_0003870,ft_sal_002061,ft_evt_0045,VIP,1,0.9303854601488023,0.9379351424054388,0.926800333369494,0.9626520872116089
ft_tkt_0003871,ft_sal_002061,ft_evt_0045,VIP,1,0.9303854601488023,0.9379351424054388,0.926800333369494,0.9626520872116089
ft_tkt_0003872,ft_sal_002061,ft_evt_0045,VIP,1,0.9303854601488023,0.9379351424054388,0.926800333369494,0.9626520872116089
ft_tkt_0003873,ft_sal_002062,ft_evt_0045,VIP,1,0.9303854601488023,0.9370757514192457,0.9426735658527924,0.9557241797447205
ft_tkt_0003874,ft_sal_002063,ft_evt_0045,CORTESÍA,1,0.3751295741085871,0.33621130892462114,0.36905112436854115,0.3800404369831085
ft_tkt_0003875,ft_sal_002063,ft_evt_0045,CORTESÍA,0,0.3751295741085871,0.33621130892462114,0.36905112436854115,0.3800404369831085
ft_tkt_0003876,ft_sal_002064,ft_evt_0045,VIP,1,0.9303854601488023,0.9089844964827601,0.9059766073121364,0.947018027305603
ft_tkt_0003877,ft_sal_002064,ft_evt_0045,VIP,1,0.9303854601488023,0.9089844964827601,0.9059766073121364,0.947018027305603
ft_tkt_0003878,ft_sal_002064,ft_evt_0045,VIP,1,0.9303854601488023,0.9089844964827601,0.9059766073121364,0.947018027305603
ft_tkt_0003879,ft_sal_002065,ft_evt_0045,PREFERENCIAL,1,0.932553728100417,0.877736315440644,0.9027827030874311,0.9356651902198792
ft_tkt_0003880,ft_sal_002065,ft_evt_0045,PREFERENCIAL,1,0.932553728100417,0.877736315440644,0.9027827030874311,0.9356651902198792
ft_tkt_0003881,ft_sal_002066,ft_evt_0045,VIP,1,0.9303854601488023,0.9458497951069272,0.9318850821790432,0.9540350437164307
ft_tkt_0003882,ft_sal_002066,ft_evt_0045,VIP,1,0.9303854601488023,0.9458497951069272,0.9318850821790432,0.9540350437164307
ft_tkt_0003883,ft_sal_002067,ft_evt_0045,CORTESÍA,0,0.3751295741085871,0.3393782692454174,0.3680615120693635,0.46894723176956177
ft_tkt_0003884,ft_sal_002067,ft_evt_0045,CORTESÍA,1,0.3751295741085871,0.3393782692454174,0.3680615120693635,0.46894723176956177
ft_tkt_0003885,ft_sal_002068,ft_evt_0045,GENERAL,0,0.9346165947465126,0.9109518454508632,0.9250953359262569,0.9472336173057556
ft_tkt_0003886,ft_sal_002068,ft_evt_0045,GENERAL,0,0.9346165947465126,0.9109518454508632,0.9250953359262569,0.9472336173057556
ft_tkt_0003887,ft_sal_002069,ft_evt_0045,GENERAL,1,0.9346165947465126,0.9204878372405252,0.9285230543720687,0.9236749410629272
ft_tkt_0003888,ft_sal_002070,ft_evt_0045,GENERAL,1,0.9346165947465126,0.9324554212623899,0.938726949640667,0.9541007280349731
ft_tkt_0003889,ft_sal_002071,ft_evt_0045,VIP,1,0.9303854601488023,0.9449942771425982,0.9368811955059273,0.9572141170501709
ft_tkt_0003890,ft_sal_002071,ft_evt_0045,VIP,1,0.9303854601488023,0.9449942771425982,0.9368811955059273,0.9572141170501709
ft_tkt_0003891,ft_sal_002072,ft_evt_0045,GENERAL,1,0.9346165947465126,0.9309412805162931,0.9453271792280791,0.9555826187133789
ft_tkt_0003892,ft_sal_002073,ft_evt_0045,GENERAL,1,0.9346165947465126,0.8989158835738265,0.9170767746397008,0.9504987001419067
ft_tkt_0003893,ft_sal_002074,ft_evt_0045,GENERAL,1,0.9346165947465126,0.9436349599958809,0.9366427004476653,0.9553561806678772
ft_tkt_0003894,ft_sal_002074,ft_evt_0045,GENERAL,1,0.9346165947465126,0.9436349599958809,0.9366427004476653,0.9553561806678772
ft_tkt_0003895,ft_sal_002075,ft_evt_0045,GENERAL,1,0.9346165947465126,0.9089720351019392,0.9156065347598424,0.9479846358299255
ft_tkt_0003896,ft_sal_002076,ft_evt_0045,PREFERENCIAL,1,0.932553728100417,0.9290746598388144,0.9380372918503711,0.9571695327758789
ft_tkt_0003897,ft_sal_002077,ft_evt_0045,PREFERENCIAL,1,0.932553728100417,0.94955872232576,0.9476592522776465,0.9624285697937012
ft_tkt_0003898,ft_sal_002078,ft_evt_0045,CORTESÍA,1,0.3751295741085871,0.339517911350214,0.33459881362576993,0.3364742398262024
ft_tkt_0003899,ft_sal_002079,ft_evt_0045,PREFERENCIAL,1,0.932553728100417,0.9321018521584713,0.9358953181418991,0.9547868967056274
ft_tkt_0003900,ft_sal_002079,ft_evt_0045,PREFERENCIAL,1,0.932553728100417,0.9321018521584713,0.9358953181418991,0.9547868967056274
ft_tkt_0003901,ft_sal_002080,ft_evt_0045,VIP,1,0.9303854601488023,0.9220400842546868,0.91742927140199,0.9357328414916992
ft_tkt_0003902,ft_sal_002080,ft_evt_0045,VIP,1,0.9303854601488023,0.9220400842546868,0.91742927140199,0.9357328414916992
ft_tkt_0003903,ft_sal_002081,ft_evt_0045,GENERAL,1,0.9346165947465126,0.9019436521272413,0.9172222531488287,0.9249227046966553
ft_tkt_0003904,ft_sal_002081,ft_evt_0045,GENERAL,1,0.9346165947465126,0.9019436521272413,0.9172222531488287,0.9249227046966553
ft_tkt_0003905,ft_sal_002081,ft_evt_0045,GENERAL,1,0.9346165947465126,0.9019436521272413,0.9172222531488287,0.9249227046966553
ft_tkt_0003906,ft_sal_002082,ft_evt_0045,PREFERENCIAL,0,0.932553728100417,0.9312593818687402,0.9393047760532771,0.9553361535072327
ft_tkt_0003907,ft_sal_002083,ft_evt_0045,GENERAL,1,0.9346165947465126,0.9074407590766681,0.9167963507780985,0.8934210538864136
ft_tkt_0003908,ft_sal_002083,ft_evt_0045,GENERAL,1,0.9346165947465126,0.9074407590766681,0.9167963507780985,0.8934210538864136
ft_tkt_0003909,ft_sal_002083,ft_evt_0045,GENERAL,1,0.9346165947465126,0.9074407590766681,0.9167963507780985,0.8934210538864136
ft_tkt_0003910,ft_sal_002083,ft_evt_0045,GENERAL,1,0.9346165947465126,0.9074407590766681,0.9167963507780985,0.8934210538864136
ft_tkt_0003911,ft_sal_002084,ft_evt_0045,CORTESÍA,0,0.3751295741085871,0.39456914685228844,0.3738968580786293,0.3305204212665558
ft_tkt_0003912,ft_sal_002084,ft_evt_0045,CORTESÍA,1,0.3751295741085871,0.39456914685228844,0.3738968580786293,0.3305204212665558
ft_tkt_0003913,ft_sal_002085,ft_evt_0045,GENERAL,1,0.9346165947465126,0.9161137961065973,0.9191220721823145,0.88510662317276
ft_tkt_0003914,ft_sal_002085,ft_evt_0045,GENERAL,1,0.9346165947465126,0.9161137961065973,0.9191220721823145,0.88510662317276
ft_tkt_0003915,ft_sal_002085,ft_evt_0045,GENERAL,0,0.9346165947465126,0.9161137961065973,0.9191220721823145,0.88510662317276
ft_tkt_0003916,ft_sal_002086,ft_evt_0045,GENERAL,0,0.9346165947465126,0.941915455487809,0.9373962566348429,0.9457858800888062
ft_tkt_0003917,ft_sal_002086,ft_evt_0045,GENERAL,1,0.9346165947465126,0.941915455487809,0.9373962566348429,0.9457858800888062
ft_tkt_0003918,ft_sal_002086,ft_evt_0045,GENERAL,1,0.9346165947465126,0.941915455487809,0.9373962566348429,0.9457858800888062
ft_tkt_0003919,ft_sal_002087,ft_evt_0045,CORTESÍA,1,0.3751295741085871,0.429206349370108,0.4317444067169218,0.4441699981689453
ft_tkt_0003920,ft_sal_002087,ft_evt_0045,CORTESÍA,1,0.3751295741085871,0.429206349370108,0.4317444067169218,0.4441699981689453
ft_tkt_0003921,ft_sal_002088,ft_evt_0045,PREFERENCIAL,1,0.932553728100417,0.9415841834312928,0.9335346001790971,0.9465969800949097
ft_tkt_0003922,ft_sal_002088,ft_evt_0045,PREFERENCIAL,1,0.932553728100417,0.9415841834312928,0.9335346001790971,0.9465969800949097
ft_tkt_0003923,ft_sal_002088,ft_evt_0045,PREFERENCIAL,1,0.932553728100417,0.9415841834312928,0.9335346001790971,0.9465969800949097
ft_tkt_0003924,ft_sal_002089,ft_evt_0045,GENERAL,1,0.9346165947465126,0.9242256444609693,0.9270518864343139,0.9395611882209778
ft_tkt_0003925,ft_sal_002089,ft_evt_0045,GENERAL,1,0.9346165947465126,0.9242256444609693,0.9270518864343139,0.9395611882209778
ft_tkt_0003926,ft_sal_002089,ft_evt_0045,GENERAL,1,0.9346165947465126,0.9242256444609693,0.9270518864343139,0.9395611882209778
ft_tkt_0003927,ft_sal_002090,ft_evt_0045,GENERAL,1,0.9346165947465126,0.9410476009154499,0.9332382069433189,0.9479150176048279
ft_tkt_0003928,ft_sal_002091,ft_evt_0045,CORTESÍA,0,0.3751295741085871,0.29192989502642097,0.3089478294597675,0.31360024213790894
ft_tkt_0003929,ft_sal_002091,ft_evt_0045,CORTESÍA,0,0.3751295741085871,0.29192989502642097,0.3089478294597675,0.31360024213790894
ft_tkt_0003930,ft_sal_002092,ft_evt_0045,PREFERENCIAL,1,0.932553728100417,0.8553573754918673,0.9108317203539852,0.9323458075523376
ft_tkt_0003931,ft_sal_002093,ft_evt_0045,PREFERENCIAL,1,0.932553728100417,0.932092578743875,0.9386289186710263,0.9541930556297302
ft_tkt_0003932,ft_sal_002094,ft_evt_0045,CORTESÍA,0,0.3751295741085871,0.2782846867658222,0.3213609724363721,0.28328943252563477
ft_tkt_0003933,ft_sal_002095,ft_evt_0045,CORTESÍA,0,0.3751295741085871,0.31584519413746615,0.32674160400762275,0.25456568598747253
ft_tkt_0003934,ft_sal_002096,ft_evt_0045,PREFERENCIAL,0,0.932553728100417,0.9406065994007219,0.9356300970092962,0.9570338129997253
ft_tkt_0003935,ft_sal_002096,ft_evt_0045,PREFERENCIAL,1,0.932553728100417,0.9406065994007219,0.9356300970092962,0.9570338129997253
ft_tkt_0003936,ft_sal_002097,ft_evt_0045,CORTESÍA,0,0.3751295741085871,0.39643762666852417,0.39488663011971253,0.3862224221229553
ft_tkt_0003937,ft_sal_002097,ft_evt_0045,CORTESÍA,0,0.3751295741085871,0.39643762666852417,0.39488663011971253,0.3862224221229553
ft_tkt_0003938,ft_sal_002097,ft_evt_0045,CORTESÍA,1,0.3751295741085871,0.39643762666852417,0.39488663011971253,0.3862224221229553
ft_tkt_0003939,ft_sal_002097,ft_evt_0045,CORTESÍA,0,0.3751295741085871,0.39643762666852417,0.39488663011971253,0.3862224221229553
ft_tkt_0003940,ft_sal_002098,ft_evt_0045,GENERAL,0,0.9346165947465126,0.9312168114559354,0.9367153667727112,0.9577668905258179
ft_tkt_0003941,ft_sal_002099,ft_evt_0045,GENERAL,1,0.9346165947465126,0.9233450203401784,0.9434766089428366,0.9151032567024231
ft_tkt_0003942,ft_sal_002100,ft_evt_0045,CORTESÍA,0,0.3751295741085871,0.2817803466238936,0.4026808445373082,0.38676607608795166
ft_tkt_0003943,ft_sal_002101,ft_evt_0045,PREFERENCIAL,0,0.932553728100417,0.905863720832324,0.9273515240315456,0.9472480416297913
ft_tkt_0003944,ft_sal_002101,ft_evt_0045,PREFERENCIAL,1,0.932553728100417,0.905863720832324,0.9273515240315456,0.9472480416297913
ft_tkt_0003945,ft_sal_002102,ft_evt_0045,GENERAL,0,0.9346165947465126,0.9447394457813636,0.9382746306283356,0.9579087495803833
ft_tkt_0003946,ft_sal_002102,ft_evt_0045,GENERAL,1,0.9346165947465126,0.9447394457813636,0.9382746306283356,0.9579087495803833
ft_tkt_0003947,ft_sal_002103,ft_evt_0045,GENERAL,1,0.9346165947465126,0.9208059353542766,0.9285230543720687,0.9236749410629272
ft_tkt_0003948,ft_sal_002104,ft_evt_0045,CORTESÍA,0,0.3751295741085871,0.29872873492149726,0.3175558513276457,0.3895168900489807
ft_tkt_0003949,ft_sal_002105,ft_evt_0045,CORTESÍA,0,0.3751295741085871,0.40133185192634574,0.40531677488156687,0.4365572929382324
ft_tkt_0003950,ft_sal_002105,ft_evt_0045,CORTESÍA,0,0.3751295741085871,0.40133185192634574,0.40531677488156687,0.4365572929382324
ft_tkt_0003951,ft_sal_002105,ft_evt_0045,CORTESÍA,0,0.3751295741085871,0.40133185192634574,0.40531677488156687,0.4365572929382324
ft_tkt_0003952,ft_sal_002106,ft_evt_0045,CORTESÍA,0,0.3751295741085871,0.284909947010261,0.30316121883976693,0.3228375315666199
ft_tkt_0003953,ft_sal_002107,ft_evt_0045,GENERAL,1,0.9346165947465126,0.9420334578282578,0.9362924336918121,0.9607265591621399
ft_tkt_0003954,ft_sal_002107,ft_evt_0045,GENERAL,1,0.9346165947465126,0.9420334578282578,0.9362924336918121,0.9607265591621399
ft_tkt_0003955,ft_sal_002108,ft_evt_0045,CORTESÍA,0,0.3751295741085871,0.40679805234824334,0.404918668631512,0.42954620718955994
ft_tkt_0003956,ft_sal_002108,ft_evt_0045,CORTESÍA,0,0.3751295741085871,0.40679805234824334,0.404918668631512,0.42954620718955994
ft_tkt_0003957,ft_sal_002109,ft_evt_0045,GENERAL,1,0.9346165947465126,0.9746999639721851,0.9595663822000009,0.9704590439796448
ft_tkt_0003958,ft_sal_002110,ft_evt_0045,GENERAL,1,0.9346165947465126,0.9309512046146146,0.9235450830704757,0.9462475776672363
ft_tkt_0003959,ft_sal_002110,ft_evt_0045,GENERAL,1,0.9346165947465126,0.9309512046146146,0.9235450830704757,0.9462475776672363
ft_tkt_0003960,ft_sal_002111,ft_evt_0045,CORTESÍA,0,0.3751295741085871,0.36918082081097126,0.39525930031388057,0.47146356105804443
ft_tkt_0003961,ft_sal_002111,ft_evt_0045,CORTESÍA,0,0.3751295741085871,0.36918082081097126,0.39525930031388057,0.47146356105804443
ft_tkt_0003962,ft_sal_002112,ft_evt_0045,VIP,1,0.9303854601488023,0.9277263982228717,0.9347555553087394,0.9413571953773499
ft_tkt_0003963,ft_sal_002113,ft_evt_0045,CORTESÍA,0,0.3751295741085871,0.26514681179744704,0.3144837291632917,0.399580180644989
ft_tkt_0003964,ft_sal_002113,ft_evt_0045,CORTESÍA,0,0.3751295741085871,0.26514681179744704,0.3144837291632917,0.399580180644989
ft_tkt_0003965,ft_sal_002114,ft_evt_0045,CORTESÍA,1,0.3751295741085871,0.3489014740021758,0.3375015130047731,0.37741678953170776
ft_tkt_0003966,ft_sal_002114,ft_evt_0045,CORTESÍA,0,0.3751295741085871,0.3489014740021758,0.3375015130047731,0.37741678953170776
ft_tkt_0003967,ft_sal_002115,ft_evt_0045,PREFERENCIAL,1,0.932553728100417,0.9349809160600475,0.948790912628253,0.9594069123268127
ft_tkt_0003968,ft_sal_002116,ft_evt_0045,CORTESÍA,0,0.3751295741085871,0.38612650086640227,0.3668266050828015,0.37680691480636597
ft_tkt_0003969,ft_sal_002116,ft_evt_0045,CORTESÍA,0,0.3751295741085871,0.38612650086640227,0.3668266050828015,0.37680691480636597
ft_tkt_0003970,ft_sal_002117,ft_evt_0045,VIP,1,0.9303854601488023,0.9462411935524301,0.930305199677406,0.9575352072715759
ft_tkt_0003971,ft_sal_002117,ft_evt_0045,VIP,1,0.9303854601488023,0.9462411935524301,0.930305199677406,0.9575352072715759
ft_tkt_0003972,ft_sal_002118,ft_evt_0045,PREFERENCIAL,1,0.932553728100417,0.9106298467802347,0.9109004048179324,0.9328478574752808
ft_tkt_0003973,ft_sal_002118,ft_evt_0045,PREFERENCIAL,1,0.932553728100417,0.9106298467802347,0.9109004048179324,0.9328478574752808
ft_tkt_0003974,ft_sal_002118,ft_evt_0045,PREFERENCIAL,1,0.932553728100417,0.9106298467802347,0.9109004048179324,0.9328478574752808
ft_tkt_0003975,ft_sal_002118,ft_evt_0045,PREFERENCIAL,1,0.932553728100417,0.9106298467802347,0.9109004048179324,0.9328478574752808
ft_tkt_0003976,ft_sal_002119,ft_evt_0045,CORTESÍA,0,0.3751295741085871,0.34205913856018677,0.366192358349194,0.4560502767562866
ft_tkt_0003977,ft_sal_002119,ft_evt_0045,CORTESÍA,0,0.3751295741085871,0.34205913856018677,0.366192358349194,0.4560502767562866
ft_tkt_0003978,ft_sal_002120,ft_evt_0045,CORTESÍA,1,0.3751295741085871,0.34883820740548144,0.39811631535340025,0.41097596287727356
ft_tkt_0003979,ft_sal_002120,ft_evt_0045,CORTESÍA,0,0.3751295741085871,0.34883820740548144,0.39811631535340025,0.41097596287727356
ft_tkt_0003980,ft_sal_002121,ft_evt_0045,GENERAL,1,0.9346165947465126,0.8621701060844459,0.9034269517777278,0.9155526161193848
ft_tkt_0003981,ft_sal_002121,ft_evt_0045,GENERAL,1,0.9346165947465126,0.8621701060844459,0.9034269517777278,0.9155526161193848
ft_tkt_0003982,ft_sal_002122,ft_evt_0045,CORTESÍA,0,0.3751295741085871,0.38666918609408574,0.3668266050828015,0.37680691480636597
ft_tkt_0003983,ft_sal_002122,ft_evt_0045,CORTESÍA,1,0.3751295741085871,0.38666918609408574,0.3668266050828015,0.37680691480636597
ft_tkt_0003984,ft_sal_002123,ft_evt_0045,VIP,1,0.9303854601488023,0.922536249473114,0.935699238344894,0.9511821866035461
ft_tkt_0003985,ft_sal_002124,ft_evt_0045,CORTESÍA,0,0.3751295741085871,0.27814991420921553,0.3183929664651309,0.2715880274772644
ft_tkt_0003986,ft_sal_002124,ft_evt_0045,CORTESÍA,1,0.3751295741085871,0.27814991420921553,0.3183929664651309,0.2715880274772644
ft_tkt_0003987,ft_sal_002125,ft_evt_0045,GENERAL,1,0.9346165947465126,0.9316691515038913,0.9295465941400616,0.9655978083610535
ft_tkt_0003988,ft_sal_002125,ft_evt_0045,GENERAL,1,0.9346165947465126,0.9316691515038913,0.9295465941400616,0.9655978083610535
ft_tkt_0003989,ft_sal_002125,ft_evt_0045,GENERAL,1,0.9346165947465126,0.9316691515038913,0.9295465941400616,0.9655978083610535
ft_tkt_0003990,ft_sal_002126,ft_evt_0045,CORTESÍA,1,0.3751295741085871,0.38544854341122714,0.3668266050828015,0.37680691480636597
ft_tkt_0003991,ft_sal_002126,ft_evt_0045,CORTESÍA,1,0.3751295741085871,0.38544854341122714,0.3668266050828015,0.37680691480636597
ft_tkt_0003992,ft_sal_002127,ft_evt_0045,CORTESÍA,0,0.3751295741085871,0.2700057471836375,0.3278098598869415,0.3301198184490204
ft_tkt_0003993,ft_sal_002127,ft_evt_0045,CORTESÍA,0,0.3751295741085871,0.2700057471836375,0.3278098598869415,0.3301198184490204
ft_tkt_0003994,ft_sal_002128,ft_evt_0045,GENERAL,1,0.9346165947465126,0.8905704307485964,0.9163108348265663,0.9342426657676697
ft_tkt_0003995,ft_sal_002129,ft_evt_0045,PREFERENCIAL,1,0.932553728100417,0.900156494865674,0.9142044323247024,0.9225770235061646
ft_tkt_0003996,ft_sal_002129,ft_evt_0045,PREFERENCIAL,1,0.932553728100417,0.900156494865674,0.9142044323247024,0.9225770235061646
ft_tkt_0003997,ft_sal_002129,ft_evt_0045,PREFERENCIAL,1,0.932553728100417,0.900156494865674,0.9142044323247024,0.9225770235061646
ft_tkt_0003998,ft_sal_002130,ft_evt_0045,CORTESÍA,1,0.3751295741085871,0.35508249607361647,0.36776774821904273,0.3714911639690399
ft_tkt_0003999,ft_sal_002131,ft_evt_0045,GENERAL,1,0.9346165947465126,0.920549948269551,0.9182879232941037,0.9236301183700562
ft_tkt_0004000,ft_sal_002132,ft_evt_0045,PREFERENCIAL,0,0.932553728100417,0.7919048928717314,0.8699347728648588,0.9128901958465576
ft_tkt_0004001,ft_sal_002132,ft_evt_0045,PREFERENCIAL,1,0.932553728100417,0.7919048928717314,0.8699347728648588,0.9128901958465576
ft_tkt_0004002,ft_sal_002133,ft_evt_0045,CORTESÍA,0,0.3751295741085871,0.39373061273320253,0.4112326047725636,0.464032918214798
ft_tkt_0004003,ft_sal_002134,ft_evt_0045,GENERAL,1,0.9346165947465126,0.8807766645778805,0.9287906272319241,0.9496882557868958
ft_tkt_0004004,ft_sal_002135,ft_evt_0045,CORTESÍA,1,0.3751295741085871,0.38193182061011677,0.40273367706774965,0.38110247254371643
ft_tkt_0004005,ft_sal_002136,ft_evt_0045,CORTESÍA,1,0.3751295741085871,0.4554326064150967,0.4811373363301366,0.48413193225860596
ft_tkt_0004006,ft_sal_002137,ft_evt_0045,PREFERENCIAL,1,0.932553728100417,0.956275976408843,0.9576489940637316,0.9706616997718811
ft_tkt_0004007,ft_sal_002137,ft_evt_0045,PREFERENCIAL,1,0.932553728100417,0.956275976408843,0.9576489940637316,0.9706616997718811
ft_tkt_0004008,ft_sal_002138,ft_evt_0045,GENERAL,1,0.9346165947465126,0.8971411367464478,0.9027233136512,0.926022469997406
ft_tkt_0004009,ft_sal_002138,ft_evt_0045,GENERAL,1,0.9346165947465126,0.8971411367464478,0.9027233136512,0.926022469997406
ft_tkt_0004010,ft_sal_002138,ft_evt_0045,GENERAL,0,0.9346165947465126,0.8971411367464478,0.9027233136512,0.926022469997406
ft_tkt_0004011,ft_sal_002139,ft_evt_0045,VIP,1,0.9303854601488023,0.9266732916759095,0.9347555553087394,0.9443448781967163
ft_tkt_0004012,ft_sal_002140,ft_evt_0045,GENERAL,1,0.9346165947465126,0.919744182538938,0.9271177396892238,0.9291579723358154
ft_tkt_0004013,ft_sal_002140,ft_evt_0045,GENERAL,1,0.9346165947465126,0.919744182538938,0.9271177396892238,0.9291579723358154
ft_tkt_0004014,ft_sal_002140,ft_evt_0045,GENERAL,1,0.9346165947465126,0.919744182538938,0.9271177396892238,0.9291579723358154
ft_tkt_0004015,ft_sal_002140,ft_evt_0045,GENERAL,1,0.9346165947465126,0.919744182538938,0.9271177396892238,0.9291579723358154
ft_tkt_0004016,ft_sal_002141,ft_evt_0045,GENERAL,0,0.9346165947465126,0.9273527935210335,0.9353226090335867,0.9573707580566406
ft_tkt_0004017,ft_sal_002142,ft_evt_0045,CORTESÍA,0,0.3751295741085871,0.5037103156367079,0.4752372289438372,0.5519640445709229
ft_tkt_0004018,ft_sal_002142,ft_evt_0045,CORTESÍA,0,0.3751295741085871,0.5037103156367079,0.4752372289438372,0.5519640445709229
ft_tkt_0004019,ft_sal_002143,ft_evt_0045,GENERAL,1,0.9346165947465126,0.8983047630479007,0.9082265840270072,0.9436622262001038
ft_tkt_0004020,ft_sal_002143,ft_evt_0045,GENERAL,1,0.9346165947465126,0.8983047630479007,0.9082265840270072,0.9436622262001038
ft_tkt_0004021,ft_sal_002143,ft_evt_0045,GENERAL,1,0.9346165947465126,0.8983047630479007,0.9082265840270072,0.9436622262001038
ft_tkt_0004022,ft_sal_002144,ft_evt_0045,PREFERENCIAL,1,0.932553728100417,0.9094987300459215,0.9150659714319427,0.930363655090332
ft_tkt_0004023,ft_sal_002144,ft_evt_0045,PREFERENCIAL,1,0.932553728100417,0.9094987300459215,0.9150659714319427,0.930363655090332
ft_tkt_0004024,ft_sal_002145,ft_evt_0045,CORTESÍA,0,0.3751295741085871,0.23061186872183553,0.3575393171522833,0.42518213391304016
ft_tkt_0004025,ft_sal_002146,ft_evt_0045,CORTESÍA,0,0.3751295741085871,0.3932928265813165,0.39498012249883807,0.3956328332424164
ft_tkt_0004026,ft_sal_002146,ft_evt_0045,CORTESÍA,1,0.3751295741085871,0.3932928265813165,0.39498012249883807,0.3956328332424164
ft_tkt_0004027,ft_sal_002146,ft_evt_0045,CORTESÍA,1,0.3751295741085871,0.3932928265813165,0.39498012249883807,0.3956328332424164
ft_tkt_0004028,ft_sal_002146,ft_evt_0045,CORTESÍA,1,0.3751295741085871,0.3932928265813165,0.39498012249883807,0.3956328332424164
ft_tkt_0004029,ft_sal_002147,ft_evt_0045,CORTESÍA,1,0.3751295741085871,0.3744391881950344,0.36732116035196294,0.3787249028682709
ft_tkt_0004030,ft_sal_002147,ft_evt_0045,CORTESÍA,0,0.3751295741085871,0.3744391881950344,0.36732116035196294,0.3787249028682709
ft_tkt_0004031,ft_sal_002147,ft_evt_0045,CORTESÍA,0,0.3751295741085871,0.3744391881950344,0.36732116035196294,0.3787249028682709
ft_tkt_0004032,ft_sal_002148,ft_evt_0045,GENERAL,1,0.9346165947465126,0.963877283013098,0.9286241033567337,0.9512064456939697
ft_tkt_0004033,ft_sal_002149,ft_evt_0045,GENERAL,1,0.9346165947465126,0.9109155495733772,0.9498369294667487,0.9621279835700989
ft_tkt_0004034,ft_sal_002149,ft_evt_0045,GENERAL,1,0.9346165947465126,0.9109155495733772,0.9498369294667487,0.9621279835700989
ft_tkt_0004035,ft_sal_002150,ft_evt_0045,CORTESÍA,0,0.3751295741085871,0.3421453550457518,0.38662244270908713,0.4323132038116455
ft_tkt_0004036,ft_sal_002151,ft_evt_0045,GENERAL,1,0.9346165947465126,0.951661396518768,0.9475216799193747,0.9549934267997742
ft_tkt_0004037,ft_sal_002152,ft_evt_0045,CORTESÍA,0,0.3751295741085871,0.27354580608100054,0.33135057037123145,0.3148054778575897
ft_tkt_0004038,ft_sal_002152,ft_evt_0045,CORTESÍA,0,0.3751295741085871,0.27354580608100054,0.33135057037123145,0.3148054778575897
ft_tkt_0004039,ft_sal_002152,ft_evt_0045,CORTESÍA,0,0.3751295741085871,0.27354580608100054,0.33135057037123145,0.3148054778575897
ft_tkt_0004040,ft_sal_002152,ft_evt_0045,CORTESÍA,0,0.3751295741085871,0.27354580608100054,0.33135057037123145,0.3148054778575897
ft_tkt_0004041,ft_sal_002153,ft_evt_0045,CORTESÍA,0,0.3751295741085871,0.38648704890199737,0.39113637426648407,0.39313119649887085
ft_tkt_0004042,ft_sal_002153,ft_evt_0045,CORTESÍA,0,0.3751295741085871,0.38648704890199737,0.39113637426648407,0.39313119649887085
ft_tkt_0004043,ft_sal_002153,ft_evt_0045,CORTESÍA,0,0.3751295741085871,0.38648704890199737,0.39113637426648407,0.39313119649887085
ft_tkt_0004044,ft_sal_002153,ft_evt_0045,CORTESÍA,0,0.3751295741085871,0.38648704890199737,0.39113637426648407,0.39313119649887085
ft_tkt_0004045,ft_sal_002154,ft_evt_0045,PREFERENCIAL,1,0.932553728100417,0.8761762518505375,0.9178193873406567,0.9345002770423889
ft_tkt_0004046,ft_sal_002155,ft_evt_0045,CORTESÍA,0,0.3751295741085871,0.16357070458157694,0.336771153990712,0.24959427118301392
ft_tkt_0004047,ft_sal_002156,ft_evt_0045,CORTESÍA,0,0.3751295741085871,0.2145748081522957,0.3187529577855852,0.3241978883743286
ft_tkt_0004048,ft_sal_002156,ft_evt_0045,CORTESÍA,1,0.3751295741085871,0.2145748081522957,0.3187529577855852,0.3241978883743286
ft_tkt_0004049,ft_sal_002157,ft_evt_0045,PREFERENCIAL,1,0.932553728100417,0.9496242089196202,0.9476592522776465,0.9588758945465088
ft_tkt_0004050,ft_sal_002158,ft_evt_0045,GENERAL,1,0.9346165947465126,0.9272445739288293,0.9286144424722501,0.9530831575393677
ft_tkt_0004051,ft_sal_002159,ft_evt_0045,CORTESÍA,0,0.3751295741085871,0.38156781878810647,0.4066305126363325,0.4010370373725891
ft_tkt_0004052,ft_sal_002159,ft_evt_0045,CORTESÍA,0,0.3751295741085871,0.38156781878810647,0.4066305126363325,0.4010370373725891
ft_tkt_0004053,ft_sal_002159,ft_evt_0045,CORTESÍA,1,0.3751295741085871,0.38156781878810647,0.4066305126363325,0.4010370373725891
ft_tkt_0004054,ft_sal_002159,ft_evt_0045,CORTESÍA,1,0.3751295741085871,0.38156781878810647,0.4066305126363325,0.4010370373725891
ft_tkt_0004055,ft_sal_002159,ft_evt_0045,CORTESÍA,1,0.3751295741085871,0.38156781878810647,0.4066305126363325,0.4010370373725891
ft_tkt_0004056,ft_sal_002159,ft_evt_0045,CORTESÍA,1,0.3751295741085871,0.38156781878810647,0.4066305126363325,0.4010370373725891
ft_tkt_0004057,ft_sal_002160,ft_evt_0045,GENERAL,1,0.9346165947465126,0.9304720576644889,0.9362184708328278,0.958872377872467
ft_tkt_0004058,ft_sal_002161,ft_evt_0045,GENERAL,1,0.9346165947465126,0.9036973351206289,0.9189325088122039,0.9321912527084351
ft_tkt_0004059,ft_sal_002162,ft_evt_0045,CORTESÍA,0,0.3751295741085871,0.24004908793046723,0.34149928629547055,0.28315675258636475
ft_tkt_0004060,ft_sal_002163,ft_evt_0045,VIP,1,0.9303854601488023,0.9107532069810009,0.9267806657990124,0.9459391236305237
ft_tkt_0004061,ft_sal_002163,ft_evt_0045,VIP,1,0.9303854601488023,0.9107532069810009,0.9267806657990124,0.9459391236305237
ft_tkt_0004062,ft_sal_002164,ft_evt_0045,CORTESÍA,1,0.3751295741085871,0.29237823409937763,0.32345267028587,0.39467504620552063
ft_tkt_0004063,ft_sal_002164,ft_evt_0045,CORTESÍA,0,0.3751295741085871,0.29237823409937763,0.32345267028587,0.39467504620552063
ft_tkt_0004064,ft_sal_002165,ft_evt_0045,VIP,0,0.9303854601488023,0.9351035905407472,0.9233577437801528,0.9591390490531921
ft_tkt_0004065,ft_sal_002165,ft_evt_0045,VIP,1,0.9303854601488023,0.9351035905407472,0.9233577437801528,0.9591390490531921
ft_tkt_0004066,ft_sal_002166,ft_evt_0045,CORTESÍA,0,0.3751295741085871,0.40629122275576135,0.4060101871069017,0.4201033115386963
ft_tkt_0004067,ft_sal_002166,ft_evt_0045,CORTESÍA,0,0.3751295741085871,0.40629122275576135,0.4060101871069017,0.4201033115386963
ft_tkt_0004068,ft_sal_002166,ft_evt_0045,CORTESÍA,0,0.3751295741085871,0.40629122275576135,0.4060101871069017,0.4201033115386963
ft_tkt_0004069,ft_sal_002167,ft_evt_0045,CORTESÍA,1,0.3751295741085871,0.3804456150968663,0.3642176844407472,0.3210504651069641
ft_tkt_0004070,ft_sal_002167,ft_evt_0045,CORTESÍA,0,0.3751295741085871,0.3804456150968663,0.3642176844407472,0.3210504651069641
ft_tkt_0004071,ft_sal_002168,ft_evt_0045,CORTESÍA,1,0.3751295741085871,0.1261069724676567,0.2963947855794914,0.2918561100959778
ft_tkt_0004072,ft_sal_002169,ft_evt_0045,CORTESÍA,0,0.3751295741085871,0.321626986910666,0.3569489424139754,0.37431883811950684
ft_tkt_0004073,ft_sal_002170,ft_evt_0045,CORTESÍA,1,0.3751295741085871,0.36449070194580613,0.40945899641181954,0.41425633430480957
ft_tkt_0004074,ft_sal_002171,ft_evt_0045,CORTESÍA,1,0.3751295741085871,0.21230459013361744,0.28930687813691647,0.24421916902065277
ft_tkt_0004075,ft_sal_002171,ft_evt_0045,CORTESÍA,0,0.3751295741085871,0.21230459013361744,0.28930687813691647,0.24421916902065277
ft_tkt_0004076,ft_sal_002171,ft_evt_0045,CORTESÍA,0,0.3751295741085871,0.21230459013361744,0.28930687813691647,0.24421916902065277
ft_tkt_0004077,ft_sal_002171,ft_evt_0045,CORTESÍA,0,0.3751295741085871,0.21230459013361744,0.28930687813691647,0.24421916902065277
ft_tkt_0004078,ft_sal_002172,ft_evt_0045,GENERAL,1,0.9346165947465126,0.9080044743687085,0.9144079213331888,0.9403401613235474
ft_tkt_0004079,ft_sal_002172,ft_evt_0045,GENERAL,1,0.9346165947465126,0.9080044743687085,0.9144079213331888,0.9403401613235474
ft_tkt_0004080,ft_sal_002172,ft_evt_0045,GENERAL,1,0.9346165947465126,0.9080044743687085,0.9144079213331888,0.9403401613235474
ft_tkt_0004081,ft_sal_002173,ft_evt_0045,GENERAL,1,0.9346165947465126,0.9450567762452524,0.9389541359034911,0.953156054019928
ft_tkt_0004082,ft_sal_002173,ft_evt_0045,GENERAL,1,0.9346165947465126,0.9450567762452524,0.9389541359034911,0.953156054019928
ft_tkt_0004083,ft_sal_002174,ft_evt_0045,CORTESÍA,1,0.3751295741085871,0.4041771124914763,0.4041912987901202,0.4331720769405365
ft_tkt_0004084,ft_sal_002174,ft_evt_0045,CORTESÍA,0,0.3751295741085871,0.4041771124914763,0.4041912987901202,0.4331720769405365
ft_tkt_0004085,ft_sal_002175,ft_evt_0045,PREFERENCIAL,1,0.932553728100417,0.9475813279207588,0.9563998203919045,0.9639990329742432
ft_tkt_0004086,ft_sal_002176,ft_evt_0045,GENERAL,1,0.9346165947465126,0.9365774422363741,0.9408240624484118,0.9559589624404907
ft_tkt_0004087,ft_sal_002177,ft_evt_0045,PREFERENCIAL,1,0.932553728100417,0.9401134538181118,0.9205771880482856,0.9469708800315857
ft_tkt_0004088,ft_sal_002177,ft_evt_0045,PREFERENCIAL,1,0.932553728100417,0.9401134538181118,0.9205771880482856,0.9469708800315857
ft_tkt_0004089,ft_sal_002177,ft_evt_0045,PREFERENCIAL,1,0.932553728100417,0.9401134538181118,0.9205771880482856,0.9469708800315857
ft_tkt_0004090,ft_sal_002178,ft_evt_0045,GENERAL,1,0.9346165947465126,0.931114819119944,0.9370320076468868,0.9542651176452637
ft_tkt_0004091,ft_sal_002179,ft_evt_0045,CORTESÍA,0,0.3751295741085871,0.33969622339611605,0.3659781502660973,0.3507542610168457
ft_tkt_0004092,ft_sal_002180,ft_evt_0045,PREFERENCIAL,1,0.932553728100417,0.9168260214746812,0.9186518494357996,0.915457010269165
ft_tkt_0004093,ft_sal_002180,ft_evt_0045,PREFERENCIAL,1,0.932553728100417,0.9168260214746812,0.9186518494357996,0.915457010269165
ft_tkt_0004094,ft_sal_002180,ft_evt_0045,PREFERENCIAL,1,0.932553728100417,0.9168260214746812,0.9186518494357996,0.915457010269165
ft_tkt_0004095,ft_sal_002181,ft_evt_0045,PREFERENCIAL,1,0.932553728100417,0.8718901919833502,0.9123951132473974,0.9241757392883301
ft_tkt_0004096,ft_sal_002182,ft_evt_0045,CORTESÍA,0,0.3751295741085871,0.4393554111643951,0.5150155139390405,0.5435044765472412
ft_tkt_0004097,ft_sal_002183,ft_evt_0045,PREFERENCIAL,1,0.932553728100417,0.8825067116729356,0.9156161839179232,0.9410349130630493
ft_tkt_0004098,ft_sal_002184,ft_evt_0045,CORTESÍA,1,0.3751295741085871,0.3675447167568599,0.410220094031797,0.40338170528411865
ft_tkt_0004099,ft_sal_002185,ft_evt_0045,CORTESÍA,0,0.3751295741085871,0.30648054795291924,0.40937379620559766,0.3724440932273865
ft_tkt_0004100,ft_sal_002186,ft_evt_0045,CORTESÍA,1,0.3751295741085871,0.29184280115978123,0.3519876818354388,0.312039315700531
ft_tkt_0004101,ft_sal_002186,ft_evt_0045,CORTESÍA,0,0.3751295741085871,0.29184280115978123,0.3519876818354388,0.312039315700531
ft_tkt_0004102,ft_sal_002186,ft_evt_0045,CORTESÍA,0,0.3751295741085871,0.29184280115978123,0.3519876818354388,0.312039315700531
ft_tkt_0004103,ft_sal_002187,ft_evt_0045,CORTESÍA,1,0.3751295741085871,0.37064284189194635,0.42844797089594194,0.5444344282150269
ft_tkt_0004104,ft_sal_002188,ft_evt_0045,GENERAL,1,0.9346165947465126,0.9331947846808862,0.9279090252768203,0.9607073068618774
ft_tkt_0004105,ft_sal_002188,ft_evt_0045,GENERAL,1,0.9346165947465126,0.9331947846808862,0.9279090252768203,0.9607073068618774
ft_tkt_0004106,ft_sal_002189,ft_evt_0045,PREFERENCIAL,1,0.932553728100417,0.7123449919884515,0.912654932391538,0.9012414813041687
ft_tkt_0004107,ft_sal_002190,ft_evt_0045,PREFERENCIAL,1,0.932553728100417,0.9144773219447889,0.9285565305670879,0.952378511428833
ft_tkt_0004108,ft_sal_002191,ft_evt_0045,VIP,1,0.9303854601488023,0.8708307792042504,0.9285365426649457,0.9101748466491699
ft_tkt_0004109,ft_sal_002192,ft_evt_0045,CORTESÍA,1,0.3751295741085871,0.25241900626126795,0.37979204091959007,0.41726505756378174
ft_tkt_0004110,ft_sal_002192,ft_evt_0045,CORTESÍA,1,0.3751295741085871,0.25241900626126795,0.37979204091959007,0.41726505756378174
ft_tkt_0004111,ft_sal_002192,ft_evt_0045,CORTESÍA,0,0.3751295741085871,0.25241900626126795,0.37979204091959007,0.41726505756378174
ft_tkt_0004112,ft_sal_002193,ft_evt_0045,CORTESÍA,0,0.3751295741085871,0.2892526778384633,0.35016752111927885,0.4014224410057068
ft_tkt_0004113,ft_sal_002194,ft_evt_0045,CORTESÍA,0,0.3751295741085871,0.3674117096409204,0.410220094031797,0.40338170528411865
ft_tkt_0004114,ft_sal_002195,ft_evt_0045,VIP,1,0.9303854601488023,0.9044592851211017,0.9316399396759977,0.9410173892974854
ft_tkt_0004115,ft_sal_002196,ft_evt_0045,CORTESÍA,0,0.3751295741085871,0.4043149224163521,0.4041912987901202,0.4331720769405365
ft_tkt_0004116,ft_sal_002196,ft_evt_0045,CORTESÍA,1,0.3751295741085871,0.4043149224163521,0.4041912987901202,0.4331720769405365
ft_tkt_0004117,ft_sal_002197,ft_evt_0045,GENERAL,1,0.9346165947465126,0.8897302419236356,0.8886216944798367,0.9211815595626831
ft_tkt_0004118,ft_sal_002198,ft_evt_0045,GENERAL,0,0.9346165947465126,0.9317361504849916,0.9372014889100851,0.9512409567832947
ft_tkt_0004119,ft_sal_002199,ft_evt_0045,GENERAL,1,0.9346165947465126,0.931430127415319,0.9370320076468868,0.955337643623352
ft_tkt_0004120,ft_sal_002200,ft_evt_0045,GENERAL,1,0.9346165947465126,0.7135418046965372,0.8936725898810531,0.8871979117393494
ft_tkt_0004121,ft_sal_002201,ft_evt_0045,GENERAL,1,0.9346165947465126,0.9107953497449015,0.9379337588011211,0.953296422958374
ft_tkt_0004122,ft_sal_002202,ft_evt_0045,CORTESÍA,1,0.3751295741085871,0.4557164608275446,0.4811373363301366,0.4806642234325409
ft_tkt_0004123,ft_sal_002203,ft_evt_0045,GENERAL,1,0.9346165947465126,0.9249979952186628,0.9245414839768226,0.9490596055984497
ft_tkt_0004124,ft_sal_002204,ft_evt_0045,VIP,1,0.9303854601488023,0.927627775632358,0.9275153223044141,0.9461674690246582
ft_tkt_0004125,ft_sal_002205,ft_evt_0045,CORTESÍA,0,0.3751295741085871,0.40194519217765856,0.4429245263653693,0.5423428416252136
ft_tkt_0004126,ft_sal_002205,ft_evt_0045,CORTESÍA,1,0.3751295741085871,0.40194519217765856,0.4429245263653693,0.5423428416252136
ft_tkt_0004127,ft_sal_002206,ft_evt_0045,GENERAL,1,0.9346165947465126,0.9139093443568572,0.9197938963382843,0.923482358455658
ft_tkt_0004128,ft_sal_002206,ft_evt_0045,GENERAL,1,0.9346165947465126,0.9139093443568572,0.9197938963382843,0.923482358455658
ft_tkt_0004129,ft_sal_002207,ft_evt_0045,VIP,1,0.9303854601488023,0.906091035158053,0.929686822354634,0.9477355480194092
ft_tkt_0004130,ft_sal_002208,ft_evt_0045,VIP,1,0.9303854601488023,0.9468634433623608,0.9425296865165405,0.9536937475204468
ft_tkt_0004131,ft_sal_002208,ft_evt_0045,VIP,1,0.9303854601488023,0.9468634433623608,0.9425296865165405,0.9536937475204468
ft_tkt_0004132,ft_sal_002208,ft_evt_0045,VIP,1,0.9303854601488023,0.9468634433623608,0.9425296865165405,0.9536937475204468
ft_tkt_0004133,ft_sal_002208,ft_evt_0045,VIP,1,0.9303854601488023,0.9468634433623608,0.9425296865165405,0.9536937475204468
ft_tkt_0004134,ft_sal_002209,ft_evt_0045,CORTESÍA,0,0.3751295741085871,0.28780352450182206,0.3377883711556711,0.4138425290584564
ft_tkt_0004135,ft_sal_002209,ft_evt_0045,CORTESÍA,1,0.3751295741085871,0.28780352450182206,0.3377883711556711,0.4138425290584564
ft_tkt_0004136,ft_sal_002209,ft_evt_0045,CORTESÍA,1,0.3751295741085871,0.28780352450182206,0.3377883711556711,0.4138425290584564
ft_tkt_0004137,ft_sal_002210,ft_evt_0045,CORTESÍA,0,0.3751295741085871,0.30284026368093186,0.36664167687031707,0.4169594943523407
ft_tkt_0004138,ft_sal_002210,ft_evt_0045,CORTESÍA,0,0.3751295741085871,0.30284026368093186,0.36664167687031707,0.4169594943523407
ft_tkt_0004139,ft_sal_002210,ft_evt_0045,CORTESÍA,0,0.3751295741085871,0.30284026368093186,0.36664167687031707,0.4169594943523407
ft_tkt_0004140,ft_sal_002211,ft_evt_0045,VIP,1,0.9303854601488023,0.9433850021151959,0.9376201911296359,0.9572786688804626
ft_tkt_0004141,ft_sal_002211,ft_evt_0045,VIP,1,0.9303854601488023,0.9433850021151959,0.9376201911296359,0.9572786688804626
ft_tkt_0004142,ft_sal_002212,ft_evt_0045,GENERAL,1,0.9346165947465126,0.9450436421740247,0.9389541359034911,0.9527003169059753
ft_tkt_0004143,ft_sal_002212,ft_evt_0045,GENERAL,1,0.9346165947465126,0.9450436421740247,0.9389541359034911,0.9527003169059753
ft_tkt_0004144,ft_sal_002213,ft_evt_0045,GENERAL,1,0.9346165947465126,0.9360765077463686,0.9273988174051006,0.9534860253334045
ft_tkt_0004145,ft_sal_002214,ft_evt_0045,PREFERENCIAL,1,0.932553728100417,0.9341144578736017,0.9416827172469379,0.9579697847366333
ft_tkt_0004146,ft_sal_002215,ft_evt_0045,PREFERENCIAL,1,0.932553728100417,0.940614043025224,0.9343485271650291,0.9528778791427612
ft_tkt_0004147,ft_sal_002215,ft_evt_0045,PREFERENCIAL,1,0.932553728100417,0.940614043025224,0.9343485271650291,0.9528778791427612
ft_tkt_0004148,ft_sal_002216,ft_evt_0045,CORTESÍA,0,0.3751295741085871,0.30424731416667544,0.36211718610907245,0.4168160855770111
ft_tkt_0004149,ft_sal_002216,ft_evt_0045,CORTESÍA,1,0.3751295741085871,0.30424731416667544,0.36211718610907245,0.4168160855770111
ft_tkt_0004150,ft_sal_002216,ft_evt_0045,CORTESÍA,0,0.3751295741085871,0.30424731416667544,0.36211718610907245,0.4168160855770111
ft_tkt_0004151,ft_sal_002217,ft_evt_0045,PREFERENCIAL,1,0.932553728100417,0.9406410010506764,0.9373811271591374,0.9722899198532104
ft_tkt_0004152,ft_sal_002217,ft_evt_0045,PREFERENCIAL,1,0.932553728100417,0.9406410010506764,0.9373811271591374,0.9722899198532104
ft_tkt_0004153,ft_sal_002217,ft_evt_0045,PREFERENCIAL,1,0.932553728100417,0.9406410010506764,0.9373811271591374,0.9722899198532104
ft_tkt_0004154,ft_sal_002218,ft_evt_0045,CORTESÍA,1,0.3751295741085871,0.45401377910852064,0.4685690416409863,0.5238314867019653
ft_tkt_0004155,ft_sal_002219,ft_evt_0045,GENERAL,1,0.9346165947465126,0.9197134850796346,0.9204690367928386,0.9071666598320007
ft_tkt_0004156,ft_sal_002219,ft_evt_0045,GENERAL,1,0.9346165947465126,0.9197134850796346,0.9204690367928386,0.9071666598320007
ft_tkt_0004157,ft_sal_002219,ft_evt_0045,GENERAL,1,0.9346165947465126,0.9197134850796346,0.9204690367928386,0.9071666598320007
ft_tkt_0004158,ft_sal_002220,ft_evt_0045,CORTESÍA,0,0.3751295741085871,0.4033505743027174,0.4041912987901202,0.4209556579589844
ft_tkt_0004159,ft_sal_002220,ft_evt_0045,CORTESÍA,0,0.3751295741085871,0.4033505743027174,0.4041912987901202,0.4209556579589844
ft_tkt_0004160,ft_sal_002221,ft_evt_0045,CORTESÍA,0,0.3751295741085871,0.4184929579556858,0.4265794861302075,0.4406073987483978
ft_tkt_0004161,ft_sal_002221,ft_evt_0045,CORTESÍA,0,0.3751295741085871,0.4184929579556858,0.4265794861302075,0.4406073987483978
ft_tkt_0004162,ft_sal_002221,ft_evt_0045,CORTESÍA,0,0.3751295741085871,0.4184929579556858,0.4265794861302075,0.4406073987483978
ft_tkt_0004163,ft_sal_002222,ft_evt_0045,CORTESÍA,1,0.3751295741085871,0.18325289777889736,0.33292723618324754,0.3357434868812561
ft_tkt_0004164,ft_sal_002223,ft_evt_0045,PREFERENCIAL,1,0.932553728100417,0.9611959709788651,0.9478402356728364,0.9676945209503174
ft_tkt_0004165,ft_sal_002223,ft_evt_0045,PREFERENCIAL,1,0.932553728100417,0.9611959709788651,0.9478402356728364,0.9676945209503174
ft_tkt_0004166,ft_sal_002224,ft_evt_0045,PREFERENCIAL,1,0.932553728100417,0.9416315793362072,0.9365707904062615,0.9577315449714661
ft_tkt_0004167,ft_sal_002224,ft_evt_0045,PREFERENCIAL,1,0.932553728100417,0.9416315793362072,0.9365707904062615,0.9577315449714661
ft_tkt_0004168,ft_sal_002225,ft_evt_0045,CORTESÍA,1,0.3751295741085871,0.40041501708647653,0.40009294815445856,0.38972529768943787
ft_tkt_0004169,ft_sal_002225,ft_evt_0045,CORTESÍA,0,0.3751295741085871,0.40041501708647653,0.40009294815445856,0.38972529768943787
ft_tkt_0004170,ft_sal_002225,ft_evt_0045,CORTESÍA,1,0.3751295741085871,0.40041501708647653,0.40009294815445856,0.38972529768943787
ft_tkt_0004171,ft_sal_002225,ft_evt_0045,CORTESÍA,0,0.3751295741085871,0.40041501708647653,0.40009294815445856,0.38972529768943787
ft_tkt_0004172,ft_sal_002226,ft_evt_0045,VIP,1,0.9303854601488023,0.9295775556776309,0.9363533301164032,0.9614354372024536
ft_tkt_0004173,ft_sal_002227,ft_evt_0045,GENERAL,0,0.9346165947465126,0.9351100243073192,0.930027111349391,0.9290898442268372
ft_tkt_0004174,ft_sal_002228,ft_evt_0045,CORTESÍA,0,0.3751295741085871,0.34860771517008515,0.3730416847439181,0.31143519282341003
ft_tkt_0004175,ft_sal_002229,ft_evt_0045,CORTESÍA,0,0.3751295741085871,0.27912445691509274,0.389035842422774,0.28042280673980713
ft_tkt_0004176,ft_sal_002230,ft_evt_0045,VIP,1,0.9303854601488023,0.9480915561332306,0.9388284442896239,0.966744601726532
ft_tkt_0004177,ft_sal_002230,ft_evt_0045,VIP,1,0.9303854601488023,0.9480915561332306,0.9388284442896239,0.966744601726532
ft_tkt_0004178,ft_sal_002231,ft_evt_0045,VIP,1,0.9303854601488023,0.9409077757456934,0.933356416722444,0.962548553943634
ft_tkt_0004179,ft_sal_002231,ft_evt_0045,VIP,1,0.9303854601488023,0.9409077757456934,0.933356416722444,0.962548553943634
ft_tkt_0004180,ft_sal_002231,ft_evt_0045,VIP,0,0.9303854601488023,0.9409077757456934,0.933356416722444,0.962548553943634
ft_tkt_0004181,ft_sal_002231,ft_evt_0045,VIP,1,0.9303854601488023,0.9409077757456934,0.933356416722444,0.962548553943634
ft_tkt_0004182,ft_sal_002232,ft_evt_0045,CORTESÍA,0,0.3751295741085871,0.3246418841001005,0.3782349580433747,0.41051000356674194
ft_tkt_0004183,ft_sal_002232,ft_evt_0045,CORTESÍA,0,0.3751295741085871,0.3246418841001005,0.3782349580433747,0.41051000356674194
ft_tkt_0004184,ft_sal_002233,ft_evt_0045,CORTESÍA,1,0.3751295741085871,0.39325140253966295,0.3801875246939066,0.3508395254611969
ft_tkt_0004185,ft_sal_002234,ft_evt_0045,CORTESÍA,0,0.3751295741085871,0.40629122275576135,0.4060101871069017,0.4201033115386963
ft_tkt_0004186,ft_sal_002234,ft_evt_0045,CORTESÍA,1,0.3751295741085871,0.40629122275576135,0.4060101871069017,0.4201033115386963
ft_tkt_0004187,ft_sal_002234,ft_evt_0045,CORTESÍA,0,0.3751295741085871,0.40629122275576135,0.4060101871069017,0.4201033115386963
ft_tkt_0004188,ft_sal_002235,ft_evt_0045,GENERAL,1,0.9346165947465126,0.9193013344274615,0.9269806443795602,0.957831084728241
ft_tkt_0004189,ft_sal_002235,ft_evt_0045,GENERAL,1,0.9346165947465126,0.9193013344274615,0.9269806443795602,0.957831084728241
ft_tkt_0004190,ft_sal_002235,ft_evt_0045,GENERAL,1,0.9346165947465126,0.9193013344274615,0.9269806443795602,0.957831084728241
ft_tkt_0004191,ft_sal_002236,ft_evt_0045,CORTESÍA,1,0.3751295741085871,0.37932627629081456,0.42536498908351855,0.42620155215263367
ft_tkt_0004192,ft_sal_002237,ft_evt_0045,CORTESÍA,0,0.3751295741085871,0.3936126857232595,0.3684221371378887,0.3111129105091095
ft_tkt_0004193,ft_sal_002237,ft_evt_0045,CORTESÍA,0,0.3751295741085871,0.3936126857232595,0.3684221371378887,0.3111129105091095
ft_tkt_0004194,ft_sal_002238,ft_evt_0045,PREFERENCIAL,0,0.932553728100417,0.9213964922190546,0.9286299644513173,0.9509361386299133
ft_tkt_0004195,ft_sal_002238,ft_evt_0045,PREFERENCIAL,1,0.932553728100417,0.9213964922190546,0.9286299644513173,0.9509361386299133
ft_tkt_0004196,ft_sal_002239,ft_evt_0045,PREFERENCIAL,1,0.932553728100417,0.9178644376032334,0.9299068417820058,0.9442413449287415
ft_tkt_0004197,ft_sal_002239,ft_evt_0045,PREFERENCIAL,0,0.932553728100417,0.9178644376032334,0.9299068417820058,0.9442413449287415
ft_tkt_0004198,ft_sal_002240,ft_evt_0045,GENERAL,1,0.9346165947465126,0.8584115552140105,0.920909841334572,0.9322413802146912
ft_tkt_0004199,ft_sal_002240,ft_evt_0045,GENERAL,1,0.9346165947465126,0.8584115552140105,0.920909841334572,0.9322413802146912
ft_tkt_0004200,ft_sal_002240,ft_evt_0045,GENERAL,1,0.9346165947465126,0.8584115552140105,0.920909841334572,0.9322413802146912
ft_tkt_0004201,ft_sal_002241,ft_evt_0045,GENERAL,1,0.9346165947465126,0.9280818579973453,0.9353226090335867,0.9492139220237732
ft_tkt_0004202,ft_sal_002242,ft_evt_0045,CORTESÍA,0,0.3751295741085871,0.34647372623612127,0.3735215617931644,0.36597374081611633
ft_tkt_0004203,ft_sal_002243,ft_evt_0045,PREFERENCIAL,1,0.932553728100417,0.9265775884645601,0.9362230546773875,0.9527141451835632
ft_tkt_0004204,ft_sal_002244,ft_evt_0045,VIP,1,0.9303854601488023,0.8996622941804145,0.9311084345355664,0.9442446231842041
ft_tkt_0004205,ft_sal_002245,ft_evt_0045,GENERAL,1,0.9346165947465126,0.9169936703093488,0.9220215960404811,0.9316304326057434
ft_tkt_0004206,ft_sal_002245,ft_evt_0045,GENERAL,1,0.9346165947465126,0.9169936703093488,0.9220215960404811,0.9316304326057434
ft_tkt_0004207,ft_sal_002246,ft_evt_0045,CORTESÍA,0,0.3751295741085871,0.3508242714646937,0.34047567385573957,0.37037307024002075
ft_tkt_0004208,ft_sal_002247,ft_evt_0045,GENERAL,1,0.9346165947465126,0.9089949718343654,0.9448555791342467,0.9433693289756775
ft_tkt_0004209,ft_sal_002248,ft_evt_0045,GENERAL,1,0.9346165947465126,0.8926113024249074,0.9267445459892262,0.9382404685020447
ft_tkt_0004210,ft_sal_002249,ft_evt_0045,CORTESÍA,1,0.3751295741085871,0.3791194045239269,0.3883296796836783,0.40558212995529175
ft_tkt_0004211,ft_sal_002249,ft_evt_0045,CORTESÍA,0,0.3751295741085871,0.3791194045239269,0.3883296796836783,0.40558212995529175
ft_tkt_0004212,ft_sal_002250,ft_evt_0045,GENERAL,1,0.9346165947465126,0.9343959414603493,0.9507331259157438,0.9425369501113892
ft_tkt_0004213,ft_sal_002251,ft_evt_0045,GENERAL,1,0.9346165947465126,0.8699121498418906,0.9023082243811625,0.8879225254058838
ft_tkt_0004214,ft_sal_002251,ft_evt_0045,GENERAL,1,0.9346165947465126,0.8699121498418906,0.9023082243811625,0.8879225254058838
ft_tkt_0004215,ft_sal_002251,ft_evt_0045,GENERAL,0,0.9346165947465126,0.8699121498418906,0.9023082243811625,0.8879225254058838
ft_tkt_0004216,ft_sal_002252,ft_evt_0045,GENERAL,1,0.9346165947465126,0.9169246867748485,0.9297551455429215,0.952256441116333
ft_tkt_0004217,ft_sal_002252,ft_evt_0045,GENERAL,1,0.9346165947465126,0.9169246867748485,0.9297551455429215,0.952256441116333
ft_tkt_0004218,ft_sal_002253,ft_evt_0045,CORTESÍA,0,0.3751295741085871,0.31941849154503515,0.35707117483340656,0.3356674313545227
ft_tkt_0004219,ft_sal_002254,ft_evt_0045,CORTESÍA,0,0.3751295741085871,0.17918752035781876,0.3798109370598809,0.32460817694664
ft_tkt_0004220,ft_sal_002255,ft_evt_0045,VIP,1,0.9303854601488023,0.9438663986227828,0.9349780955957023,0.9548206925392151
ft_tkt_0004221,ft_sal_002255,ft_evt_0045,VIP,1,0.9303854601488023,0.9438663986227828,0.9349780955957023,0.9548206925392151
ft_tkt_0004222,ft_sal_002256,ft_evt_0045,PREFERENCIAL,1,0.932553728100417,0.933115884518565,0.9250681617828365,0.9340494275093079
ft_tkt_0004223,ft_sal_002256,ft_evt_0045,PREFERENCIAL,1,0.932553728100417,0.933115884518565,0.9250681617828365,0.9340494275093079
ft_tkt_0004224,ft_sal_002257,ft_evt_0045,GENERAL,1,0.9346165947465126,0.9607850209622371,0.9465353988464137,0.9655873775482178
ft_tkt_0004225,ft_sal_002257,ft_evt_0045,GENERAL,1,0.9346165947465126,0.9607850209622371,0.9465353988464137,0.9655873775482178
ft_tkt_0004226,ft_sal_002258,ft_evt_0045,CORTESÍA,0,0.3751295741085871,0.4203979294921849,0.41351456762475236,0.4235721826553345
ft_tkt_0004227,ft_sal_002258,ft_evt_0045,CORTESÍA,1,0.3751295741085871,0.4203979294921849,0.41351456762475236,0.4235721826553345
ft_tkt_0004228,ft_sal_002259,ft_evt_0045,PREFERENCIAL,1,0.932553728100417,0.93202635544806,0.9393047760532771,0.9544415473937988
ft_tkt_0004229,ft_sal_002260,ft_evt_0045,PREFERENCIAL,1,0.932553728100417,0.9233594058323048,0.9341239839689025,0.9419769644737244
ft_tkt_0004230,ft_sal_002261,ft_evt_0045,VIP,1,0.9303854601488023,0.9230077506552115,0.9342982337515926,0.9536939263343811
ft_tkt_0004231,ft_sal_002262,ft_evt_0045,GENERAL,1,0.9346165947465126,0.9342780903042727,0.9323788418369722,0.9476329684257507
ft_tkt_0004232,ft_sal_002263,ft_evt_0045,CORTESÍA,0,0.3751295741085871,0.5868317116180324,0.5104314241655009,0.5864217281341553
ft_tkt_0004233,ft_sal_002264,ft_evt_0045,PREFERENCIAL,1,0.932553728100417,0.91328514098761,0.9356757011169407,0.9472128748893738
ft_tkt_0004234,ft_sal_002265,ft_evt_0045,CORTESÍA,1,0.3751295741085871,0.3605184874725444,0.35404426337215933,0.3113675117492676
ft_tkt_0004235,ft_sal_002265,ft_evt_0045,CORTESÍA,0,0.3751295741085871,0.3605184874725444,0.35404426337215933,0.3113675117492676
ft_tkt_0004236,ft_sal_002265,ft_evt_0045,CORTESÍA,1,0.3751295741085871,0.3605184874725444,0.35404426337215933,0.3113675117492676
ft_tkt_0004237,ft_sal_002265,ft_evt_0045,CORTESÍA,1,0.3751295741085871,0.3605184874725444,0.35404426337215933,0.3113675117492676
ft_tkt_0004238,ft_sal_002266,ft_evt_0045,GENERAL,1,0.9346165947465126,0.9161159854110702,0.9216871447680949,0.9233713746070862
ft_tkt_0004239,ft_sal_002267,ft_evt_0045,CORTESÍA,0,0.3751295741085871,0.3627189410904229,0.39453661563089903,0.4029821455478668
ft_tkt_0004240,ft_sal_002267,ft_evt_0045,CORTESÍA,0,0.3751295741085871,0.3627189410904229,0.39453661563089903,0.4029821455478668
ft_tkt_0004241,ft_sal_002267,ft_evt_0045,CORTESÍA,1,0.3751295741085871,0.3627189410904229,0.39453661563089903,0.4029821455478668
ft_tkt_0004242,ft_sal_002267,ft_evt_0045,CORTESÍA,0,0.3751295741085871,0.3627189410904229,0.39453661563089903,0.4029821455478668
ft_tkt_0004243,ft_sal_002267,ft_evt_0045,CORTESÍA,1,0.3751295741085871,0.3627189410904229,0.39453661563089903,0.4029821455478668
ft_tkt_0004244,ft_sal_002267,ft_evt_0045,CORTESÍA,0,0.3751295741085871,0.3627189410904229,0.39453661563089903,0.4029821455478668
ft_tkt_0004245,ft_sal_002268,ft_evt_0045,CORTESÍA,0,0.3751295741085871,0.345272635930928,0.3613032404050617,0.3315020203590393
ft_tkt_0004246,ft_sal_002269,ft_evt_0045,PREFERENCIAL,1,0.932553728100417,0.9380215829253066,0.9348203798228921,0.9237062931060791
ft_tkt_0004247,ft_sal_002270,ft_evt_0045,CORTESÍA,0,0.3751295741085871,0.34938776488642426,0.3864644579554283,0.3244286775588989
ft_tkt_0004248,ft_sal_002271,ft_evt_0045,PREFERENCIAL,1,0.932553728100417,0.9188108991225401,0.9253826882841844,0.9435551166534424
ft_tkt_0004249,ft_sal_002271,ft_evt_0045,PREFERENCIAL,1,0.932553728100417,0.9188108991225401,0.9253826882841844,0.9435551166534424
ft_tkt_0004250,ft_sal_002272,ft_evt_0045,GENERAL,0,0.9346165947465126,0.9432362801339337,0.9367805835805985,0.9612912535667419
ft_tkt_0004251,ft_sal_002272,ft_evt_0045,GENERAL,1,0.9346165947465126,0.9432362801339337,0.9367805835805985,0.9612912535667419
ft_tkt_0004252,ft_sal_002272,ft_evt_0045,GENERAL,1,0.9346165947465126,0.9432362801339337,0.9367805835805985,0.9612912535667419
ft_tkt_0004253,ft_sal_002273,ft_evt_0045,CORTESÍA,0,0.3751295741085871,0.5047116351041357,0.48204978403188253,0.5124268531799316
ft_tkt_0004254,ft_sal_002273,ft_evt_0045,CORTESÍA,0,0.3751295741085871,0.5047116351041357,0.48204978403188253,0.5124268531799316
ft_tkt_0004255,ft_sal_002274,ft_evt_0045,CORTESÍA,0,0.3751295741085871,0.24509135926245815,0.2886714247332871,0.23212213814258575
ft_tkt_0004256,ft_sal_002274,ft_evt_0045,CORTESÍA,1,0.3751295741085871,0.24509135926245815,0.2886714247332871,0.23212213814258575
ft_tkt_0004257,ft_sal_002274,ft_evt_0045,CORTESÍA,0,0.3751295741085871,0.24509135926245815,0.2886714247332871,0.23212213814258575
ft_tkt_0004258,ft_sal_002274,ft_evt_0045,CORTESÍA,0,0.3751295741085871,0.24509135926245815,0.2886714247332871,0.23212213814258575
ft_tkt_0004259,ft_sal_002274,ft_evt_0045,CORTESÍA,1,0.3751295741085871,0.24509135926245815,0.2886714247332871,0.23212213814258575
ft_tkt_0004260,ft_sal_002274,ft_evt_0045,CORTESÍA,1,0.3751295741085871,0.24509135926245815,0.2886714247332871,0.23212213814258575
ft_tkt_0004261,ft_sal_002275,ft_evt_0045,GENERAL,1,0.9346165947465126,0.9333362757028586,0.9303687133402692,0.9486435055732727
ft_tkt_0004262,ft_sal_002275,ft_evt_0045,GENERAL,1,0.9346165947465126,0.9333362757028586,0.9303687133402692,0.9486435055732727
ft_tkt_0004263,ft_sal_002275,ft_evt_0045,GENERAL,1,0.9346165947465126,0.9333362757028586,0.9303687133402692,0.9486435055732727
ft_tkt_0004264,ft_sal_002275,ft_evt_0045,GENERAL,1,0.9346165947465126,0.9333362757028586,0.9303687133402692,0.9486435055732727
ft_tkt_0004265,ft_sal_002275,ft_evt_0045,GENERAL,1,0.9346165947465126,0.9333362757028586,0.9303687133402692,0.9486435055732727
ft_tkt_0004266,ft_sal_002275,ft_evt_0045,GENERAL,1,0.9346165947465126,0.9333362757028586,0.9303687133402692,0.9486435055732727
ft_tkt_0004267,ft_sal_002276,ft_evt_0045,GENERAL,1,0.9346165947465126,0.9027204030543372,0.9161776823995429,0.9211781024932861
ft_tkt_0004268,ft_sal_002276,ft_evt_0045,GENERAL,1,0.9346165947465126,0.9027204030543372,0.9161776823995429,0.9211781024932861
ft_tkt_0004269,ft_sal_002277,ft_evt_0045,PREFERENCIAL,1,0.932553728100417,0.8964608595943683,0.9200828360996828,0.9544042348861694
ft_tkt_0004270,ft_sal_002277,ft_evt_0045,PREFERENCIAL,1,0.932553728100417,0.8964608595943683,0.9200828360996828,0.9544042348861694
ft_tkt_0004271,ft_sal_002277,ft_evt_0045,PREFERENCIAL,1,0.932553728100417,0.8964608595943683,0.9200828360996828,0.9544042348861694
ft_tkt_0004272,ft_sal_002277,ft_evt_0045,PREFERENCIAL,0,0.932553728100417,0.8964608595943683,0.9200828360996828,0.9544042348861694
ft_tkt_0004273,ft_sal_002278,ft_evt_0045,CORTESÍA,0,0.3751295741085871,0.2992165414159115,0.31162479015933964,0.27316519618034363
ft_tkt_0004274,ft_sal_002279,ft_evt_0045,GENERAL,1,0.9346165947465126,0.9302977648183247,0.9372091779833907,0.9514607787132263
ft_tkt_0004275,ft_sal_002280,ft_evt_0045,CORTESÍA,0,0.3751295741085871,0.2667540438616463,0.3033467595569572,0.3102540075778961
ft_tkt_0004276,ft_sal_002280,ft_evt_0045,CORTESÍA,0,0.3751295741085871,0.2667540438616463,0.3033467595569572,0.3102540075778961
ft_tkt_0004277,ft_sal_002280,ft_evt_0045,CORTESÍA,0,0.3751295741085871,0.2667540438616463,0.3033467595569572,0.3102540075778961
ft_tkt_0004278,ft_sal_002281,ft_evt_0045,CORTESÍA,0,0.3751295741085871,0.41053165784772616,0.41034301372313225,0.4421573877334595
ft_tkt_0004279,ft_sal_002281,ft_evt_0045,CORTESÍA,0,0.3751295741085871,0.41053165784772616,0.41034301372313225,0.4421573877334595
ft_tkt_0004280,ft_sal_002282,ft_evt_0045,GENERAL,1,0.9346165947465126,0.9061764299701298,0.9335714994184126,0.9544983506202698
ft_tkt_0004281,ft_sal_002283,ft_evt_0045,GENERAL,1,0.9346165947465126,0.8884173054629484,0.9039698407751602,0.9066373705863953
ft_tkt_0004282,ft_sal_002283,ft_evt_0045,GENERAL,1,0.9346165947465126,0.8884173054629484,0.9039698407751602,0.9066373705863953
ft_tkt_0004283,ft_sal_002284,ft_evt_0045,CORTESÍA,0,0.3751295741085871,0.2961583086030239,0.3430148842860046,0.3448845148086548
ft_tkt_0004284,ft_sal_002284,ft_evt_0045,CORTESÍA,1,0.3751295741085871,0.2961583086030239,0.3430148842860046,0.3448845148086548
ft_tkt_0004285,ft_sal_002284,ft_evt_0045,CORTESÍA,0,0.3751295741085871,0.2961583086030239,0.3430148842860046,0.3448845148086548
ft_tkt_0004286,ft_sal_002285,ft_evt_0045,PREFERENCIAL,1,0.932553728100417,0.9292664794906222,0.9379941347243701,0.9527357816696167
ft_tkt_0004287,ft_sal_002286,ft_evt_0045,GENERAL,1,0.9346165947465126,0.9432169046097991,0.9374657337825868,0.9392635822296143
ft_tkt_0004288,ft_sal_002286,ft_evt_0045,GENERAL,1,0.9346165947465126,0.9432169046097991,0.9374657337825868,0.9392635822296143
ft_tkt_0004289,ft_sal_002286,ft_evt_0045,GENERAL,1,0.9346165947465126,0.9432169046097991,0.9374657337825868,0.9392635822296143
ft_tkt_0004290,ft_sal_002287,ft_evt_0045,CORTESÍA,0,0.3751295741085871,0.3760983201101562,0.41548976317142244,0.4064188301563263
ft_tkt_0004291,ft_sal_002288,ft_evt_0045,GENERAL,1,0.9346165947465126,0.9515720603064737,0.9471947746242546,0.9607141017913818
ft_tkt_0004292,ft_sal_002289,ft_evt_0045,CORTESÍA,1,0.3751295741085871,0.27749313792379615,0.32565394137571285,0.3496303856372833
ft_tkt_0004293,ft_sal_002290,ft_evt_0045,CORTESÍA,0,0.3751295741085871,0.3662155605868886,0.40952444893926077,0.41425633430480957
ft_tkt_0004294,ft_sal_002291,ft_evt_0045,CORTESÍA,1,0.3751295741085871,0.33974275038737783,0.36654870637499987,0.3673417270183563
ft_tkt_0004295,ft_sal_002291,ft_evt_0045,CORTESÍA,1,0.3751295741085871,0.33974275038737783,0.36654870637499987,0.3673417270183563
ft_tkt_0004296,ft_sal_002292,ft_evt_0045,GENERAL,1,0.9346165947465126,0.9093847584317154,0.9334688313152623,0.9431092739105225
ft_tkt_0004297,ft_sal_002293,ft_evt_0045,CORTESÍA,1,0.3751295741085871,0.37288133040174426,0.4126284990117746,0.39799654483795166
ft_tkt_0004298,ft_sal_002294,ft_evt_0045,CORTESÍA,0,0.3751295741085871,0.418447163022013,0.4111046106311791,0.42362573742866516
ft_tkt_0004299,ft_sal_002294,ft_evt_0045,CORTESÍA,0,0.3751295741085871,0.418447163022013,0.4111046106311791,0.42362573742866516
ft_tkt_0004300,ft_sal_002295,ft_evt_0045,CORTESÍA,0,0.3751295741085871,0.2599306013468653,0.3374614165081426,0.29133790731430054
ft_tkt_0004301,ft_sal_002296,ft_evt_0045,VIP,1,0.9303854601488023,0.9154197334348118,0.9216207898488629,0.9277311563491821
ft_tkt_0004302,ft_sal_002296,ft_evt_0045,VIP,0,0.9303854601488023,0.9154197334348118,0.9216207898488629,0.9277311563491821
ft_tkt_0004303,ft_sal_002297,ft_evt_0045,PREFERENCIAL,1,0.932553728100417,0.928696666012224,0.9380215571928789,0.9571695327758789
ft_tkt_0004304,ft_sal_002298,ft_evt_0045,PREFERENCIAL,1,0.932553728100417,0.9618106837156989,0.948035760328481,0.9604196548461914
ft_tkt_0004305,ft_sal_002298,ft_evt_0045,PREFERENCIAL,1,0.932553728100417,0.9618106837156989,0.948035760328481,0.9604196548461914
ft_tkt_0004306,ft_sal_002299,ft_evt_0045,CORTESÍA,0,0.3751295741085871,0.29390491503737437,0.31767302598076924,0.3125246465206146
ft_tkt_0004307,ft_sal_002299,ft_evt_0045,CORTESÍA,0,0.3751295741085871,0.29390491503737437,0.31767302598076924,0.3125246465206146
ft_tkt_0004308,ft_sal_002299,ft_evt_0045,CORTESÍA,0,0.3751295741085871,0.29390491503737437,0.31767302598076924,0.3125246465206146
ft_tkt_0004309,ft_sal_002299,ft_evt_0045,CORTESÍA,0,0.3751295741085871,0.29390491503737437,0.31767302598076924,0.3125246465206146
ft_tkt_0004310,ft_sal_002300,ft_evt_0045,GENERAL,1,0.9346165947465126,0.9466716062925552,0.941778477409881,0.9576046466827393
ft_tkt_0004311,ft_sal_002300,ft_evt_0045,GENERAL,1,0.9346165947465126,0.9466716062925552,0.941778477409881,0.9576046466827393
ft_tkt_0004312,ft_sal_002301,ft_evt_0045,VIP,1,0.9303854601488023,0.949707179615306,0.9384157980196934,0.9638442993164062
ft_tkt_0004313,ft_sal_002301,ft_evt_0045,VIP,1,0.9303854601488023,0.949707179615306,0.9384157980196934,0.9638442993164062
ft_tkt_0004314,ft_sal_002302,ft_evt_0045,GENERAL,1,0.9346165947465126,0.8842402997510312,0.9176262874894852,0.9019163846969604
ft_tkt_0004315,ft_sal_002303,ft_evt_0045,GENERAL,1,0.9346165947465126,0.9417321532613028,0.9357123578833001,0.9584847688674927
ft_tkt_0004316,ft_sal_002303,ft_evt_0045,GENERAL,1,0.9346165947465126,0.9417321532613028,0.9357123578833001,0.9584847688674927
ft_tkt_0004317,ft_sal_002303,ft_evt_0045,GENERAL,1,0.9346165947465126,0.9417321532613028,0.9357123578833001,0.9584847688674927
ft_tkt_0004318,ft_sal_002304,ft_evt_0045,GENERAL,1,0.9346165947465126,0.9355610479944921,0.9239035546283864,0.9427066445350647
ft_tkt_0004319,ft_sal_002304,ft_evt_0045,GENERAL,1,0.9346165947465126,0.9355610479944921,0.9239035546283864,0.9427066445350647
ft_tkt_0004320,ft_sal_002304,ft_evt_0045,GENERAL,1,0.9346165947465126,0.9355610479944921,0.9239035546283864,0.9427066445350647
ft_tkt_0004321,ft_sal_002305,ft_evt_0045,CORTESÍA,1,0.3751295741085871,0.3203729900638866,0.3605989996986719,0.46849387884140015
ft_tkt_0004322,ft_sal_002305,ft_evt_0045,CORTESÍA,0,0.3751295741085871,0.3203729900638866,0.3605989996986719,0.46849387884140015
ft_tkt_0004323,ft_sal_002306,ft_evt_0045,CORTESÍA,0,0.3751295741085871,0.26166558787120237,0.31913184824926294,0.3190653324127197
ft_tkt_0004324,ft_sal_002306,ft_evt_0045,CORTESÍA,0,0.3751295741085871,0.26166558787120237,0.31913184824926294,0.3190653324127197
ft_tkt_0004325,ft_sal_002307,ft_evt_0045,CORTESÍA,0,0.3751295741085871,0.4022502882950137,0.4624335073247919,0.5539455413818359
ft_tkt_0004326,ft_sal_002308,ft_evt_0045,CORTESÍA,0,0.3751295741085871,0.2719413812069778,0.32377106756026264,0.322992205619812
ft_tkt_0004327,ft_sal_002308,ft_evt_0045,CORTESÍA,0,0.3751295741085871,0.2719413812069778,0.32377106756026264,0.322992205619812
ft_tkt_0004328,ft_sal_002309,ft_evt_0045,PREFERENCIAL,1,0.932553728100417,0.9298886488191745,0.9380215571928789,0.9547838568687439
ft_tkt_0004329,ft_sal_002310,ft_evt_0045,CORTESÍA,0,0.3751295741085871,0.4772280901878657,0.41616511684591767,0.5353264808654785
ft_tkt_0004330,ft_sal_002311,ft_evt_0045,CORTESÍA,0,0.3751295741085871,0.4138591079460268,0.4111993334860392,0.433304101228714
ft_tkt_0004331,ft_sal_002311,ft_evt_0045,CORTESÍA,0,0.3751295741085871,0.4138591079460268,0.4111993334860392,0.433304101228714
ft_tkt_0004332,ft_sal_002312,ft_evt_0045,VIP,1,0.9303854601488023,0.9264012182264563,0.9336625496707373,0.9500998258590698
ft_tkt_0004333,ft_sal_002313,ft_evt_0045,CORTESÍA,0,0.3751295741085871,0.1749074291483044,0.387101327701135,0.3299546539783478
ft_tkt_0004334,ft_sal_002314,ft_evt_0045,GENERAL,1,0.9346165947465126,0.9257193133711007,0.9260179085247348,0.9470985531806946
ft_tkt_0004335,ft_sal_002314,ft_evt_0045,GENERAL,1,0.9346165947465126,0.9257193133711007,0.9260179085247348,0.9470985531806946
ft_tkt_0004336,ft_sal_002315,ft_evt_0045,GENERAL,1,0.9346165947465126,0.9286100005502806,0.9436238767269988,0.9126456379890442
ft_tkt_0004337,ft_sal_002316,ft_evt_0045,VIP,1,0.9303854601488023,0.9060228070469132,0.9162451409445412,0.9353559613227844
ft_tkt_0004338,ft_sal_002317,ft_evt_0045,GENERAL,1,0.9346165947465126,0.9234216267870589,0.9193120830222712,0.9273481965065002
ft_tkt_0004339,ft_sal_002317,ft_evt_0045,GENERAL,1,0.9346165947465126,0.9234216267870589,0.9193120830222712,0.9273481965065002
ft_tkt_0004340,ft_sal_002318,ft_evt_0045,CORTESÍA,0,0.3751295741085871,0.371863246329981,0.48578065185880587,0.5578882694244385
ft_tkt_0004341,ft_sal_002319,ft_evt_0045,GENERAL,1,0.9346165947465126,0.9605608739084777,0.9615240110404656,0.9718179106712341
ft_tkt_0004342,ft_sal_002319,ft_evt_0045,GENERAL,1,0.9346165947465126,0.9605608739084777,0.9615240110404656,0.9718179106712341
ft_tkt_0004343,ft_sal_002319,ft_evt_0045,GENERAL,1,0.9346165947465126,0.9605608739084777,0.9615240110404656,0.9718179106712341
ft_tkt_0004344,ft_sal_002320,ft_evt_0045,PREFERENCIAL,1,0.932553728100417,0.9483200328011109,0.9386983192093414,0.9654833674430847
ft_tkt_0004345,ft_sal_002320,ft_evt_0045,PREFERENCIAL,0,0.932553728100417,0.9483200328011109,0.9386983192093414,0.9654833674430847
ft_tkt_0004346,ft_sal_002320,ft_evt_0045,PREFERENCIAL,1,0.932553728100417,0.9483200328011109,0.9386983192093414,0.9654833674430847
ft_tkt_0004347,ft_sal_002320,ft_evt_0045,PREFERENCIAL,1,0.932553728100417,0.9483200328011109,0.9386983192093414,0.9654833674430847
ft_tkt_0004348,ft_sal_002320,ft_evt_0045,PREFERENCIAL,0,0.932553728100417,0.9483200328011109,0.9386983192093414,0.9654833674430847
ft_tkt_0004349,ft_sal_002320,ft_evt_0045,PREFERENCIAL,1,0.932553728100417,0.9483200328011109,0.9386983192093414,0.9654833674430847
ft_tkt_0004350,ft_sal_002321,ft_evt_0045,VIP,1,0.9303854601488023,0.8985693143331152,0.905287661665694,0.9411646723747253
ft_tkt_0004351,ft_sal_002321,ft_evt_0045,VIP,1,0.9303854601488023,0.8985693143331152,0.905287661665694,0.9411646723747253
ft_tkt_0004352,ft_sal_002321,ft_evt_0045,VIP,1,0.9303854601488023,0.8985693143331152,0.905287661665694,0.9411646723747253
ft_tkt_0004353,ft_sal_002321,ft_evt_0045,VIP,1,0.9303854601488023,0.8985693143331152,0.905287661665694,0.9411646723747253
ft_tkt_0004354,ft_sal_002322,ft_evt_0045,CORTESÍA,1,0.3751295741085871,0.30131184539847494,0.400223088625306,0.5415686368942261
ft_tkt_0004355,ft_sal_002323,ft_evt_0045,CORTESÍA,0,0.3751295741085871,0.3548705240085471,0.4000783298155574,0.3924942910671234
ft_tkt_0004356,ft_sal_002324,ft_evt_0045,GENERAL,1,0.9346165947465126,0.915743809493877,0.9043766401514676,0.9090380072593689
ft_tkt_0004357,ft_sal_002325,ft_evt_0045,GENERAL,1,0.9346165947465126,0.9230411768236625,0.9233245361999763,0.9207348227500916
ft_tkt_0004358,ft_sal_002325,ft_evt_0045,GENERAL,1,0.9346165947465126,0.9230411768236625,0.9233245361999763,0.9207348227500916
ft_tkt_0004359,ft_sal_002325,ft_evt_0045,GENERAL,1,0.9346165947465126,0.9230411768236625,0.9233245361999763,0.9207348227500916
ft_tkt_0004360,ft_sal_002326,ft_evt_0045,PREFERENCIAL,1,0.932553728100417,0.9143845109888216,0.9161321395388471,0.9082812666893005
ft_tkt_0004361,ft_sal_002326,ft_evt_0045,PREFERENCIAL,1,0.932553728100417,0.9143845109888216,0.9161321395388471,0.9082812666893005
ft_tkt_0004362,ft_sal_002327,ft_evt_0045,GENERAL,1,0.9346165947465126,0.9402981630974449,0.9483918937235903,0.9597551226615906
ft_tkt_0004363,ft_sal_002328,ft_evt_0047,VIP,1,0.9404152722541531,0.9034957990447656,0.9346285476842556,0.9537460803985596
ft_tkt_0004364,ft_sal_002329,ft_evt_0047,VIP,1,0.9404152722541531,0.9341274520902382,0.9572381611819376,0.9657697081565857
ft_tkt_0004365,ft_sal_002329,ft_evt_0047,VIP,1,0.9404152722541531,0.9341274520902382,0.9572381611819376,0.9657697081565857
ft_tkt_0004366,ft_sal_002329,ft_evt_0047,VIP,1,0.9404152722541531,0.9341274520902382,0.9572381611819376,0.9657697081565857
ft_tkt_0004367,ft_sal_002330,ft_evt_0047,GENERAL,1,0.9349759289756103,0.8989155347196962,0.9420696749243481,0.9460867643356323
ft_tkt_0004368,ft_sal_002331,ft_evt_0047,PREFERENCIAL,1,0.9345943760947751,0.88240655228024,0.9266491832924018,0.9328648447990417
ft_tkt_0004369,ft_sal_002331,ft_evt_0047,PREFERENCIAL,1,0.9345943760947751,0.88240655228024,0.9266491832924018,0.9328648447990417
ft_tkt_0004370,ft_sal_002332,ft_evt_0047,VIP,1,0.9404152722541531,0.9072773963094289,0.9435788901774911,0.9553900957107544
ft_tkt_0004371,ft_sal_002332,ft_evt_0047,VIP,1,0.9404152722541531,0.9072773963094289,0.9435788901774911,0.9553900957107544
ft_tkt_0004372,ft_sal_002332,ft_evt_0047,VIP,1,0.9404152722541531,0.9072773963094289,0.9435788901774911,0.9553900957107544
ft_tkt_0004373,ft_sal_002332,ft_evt_0047,VIP,1,0.9404152722541531,0.9072773963094289,0.9435788901774911,0.9553900957107544
ft_tkt_0004374,ft_sal_002333,ft_evt_0047,PREFERENCIAL,1,0.9345943760947751,0.8835200055269256,0.9435043969813212,0.9573985934257507
ft_tkt_0004375,ft_sal_002334,ft_evt_0047,GENERAL,1,0.9349759289756103,0.8373401283332228,0.923513838126418,0.9320744872093201
ft_tkt_0004376,ft_sal_002335,ft_evt_0047,VIP,1,0.9404152722541531,0.9598459900377037,0.9657956100407289,0.9757816791534424
ft_tkt_0004377,ft_sal_002336,ft_evt_0047,GENERAL,1,0.9349759289756103,0.9019631481461875,0.9336525035022978,0.9477745890617371
ft_tkt_0004378,ft_sal_002337,ft_evt_0047,GENERAL,1,0.9349759289756103,0.8823919768927728,0.9283812073071847,0.93203204870224
ft_tkt_0004379,ft_sal_002337,ft_evt_0047,GENERAL,1,0.9349759289756103,0.8823919768927728,0.9283812073071847,0.93203204870224
ft_tkt_0004380,ft_sal_002338,ft_evt_0047,VIP,1,0.9404152722541531,0.93852227681928,0.9413754594452935,0.9580470323562622
ft_tkt_0004381,ft_sal_002338,ft_evt_0047,VIP,1,0.9404152722541531,0.93852227681928,0.9413754594452935,0.9580470323562622
ft_tkt_0004382,ft_sal_002339,ft_evt_0047,GENERAL,1,0.9349759289756103,0.9128878356982634,0.933840332143909,0.9292446970939636
ft_tkt_0004383,ft_sal_002339,ft_evt_0047,GENERAL,1,0.9349759289756103,0.9128878356982634,0.933840332143909,0.9292446970939636
ft_tkt_0004384,ft_sal_002340,ft_evt_0047,VIP,0,0.9404152722541531,0.8968665922159198,0.9412657939412462,0.9404903650283813
ft_tkt_0004385,ft_sal_002341,ft_evt_0047,GENERAL,1,0.9349759289756103,0.8612090756984512,0.9411213191271606,0.9340046644210815
ft_tkt_0004386,ft_sal_002342,ft_evt_0047,GENERAL,1,0.9349759289756103,0.9304656221818972,0.9482031061208706,0.9672882556915283
ft_tkt_0004387,ft_sal_002342,ft_evt_0047,GENERAL,1,0.9349759289756103,0.9304656221818972,0.9482031061208706,0.9672882556915283
ft_tkt_0004388,ft_sal_002343,ft_evt_0047,GENERAL,1,0.9349759289756103,0.894031079799745,0.9230263619771347,0.9245266318321228
ft_tkt_0004389,ft_sal_002343,ft_evt_0047,GENERAL,1,0.9349759289756103,0.894031079799745,0.9230263619771347,0.9245266318321228
ft_tkt_0004390,ft_sal_002344,ft_evt_0047,GENERAL,1,0.9349759289756103,0.9078876533031894,0.9415852918388301,0.9542571306228638
ft_tkt_0004391,ft_sal_002344,ft_evt_0047,GENERAL,1,0.9349759289756103,0.9078876533031894,0.9415852918388301,0.9542571306228638
ft_tkt_0004392,ft_sal_002344,ft_evt_0047,GENERAL,1,0.9349759289756103,0.9078876533031894,0.9415852918388301,0.9542571306228638
ft_tkt_0004393,ft_sal_002344,ft_evt_0047,GENERAL,1,0.9349759289756103,0.9078876533031894,0.9415852918388301,0.9542571306228638
ft_tkt_0004394,ft_sal_002344,ft_evt_0047,GENERAL,1,0.9349759289756103,0.9078876533031894,0.9415852918388301,0.9542571306228638
ft_tkt_0004395,ft_sal_002344,ft_evt_0047,GENERAL,1,0.9349759289756103,0.9078876533031894,0.9415852918388301,0.9542571306228638
ft_tkt_0004396,ft_sal_002345,ft_evt_0047,VIP,1,0.9404152722541531,0.9454604273663071,0.9506014455007535,0.9663156270980835
ft_tkt_0004397,ft_sal_002345,ft_evt_0047,VIP,1,0.9404152722541531,0.9454604273663071,0.9506014455007535,0.9663156270980835
ft_tkt_0004398,ft_sal_002346,ft_evt_0047,GENERAL,1,0.9349759289756103,0.8993930573411851,0.92614965882643,0.9284175038337708
ft_tkt_0004399,ft_sal_002347,ft_evt_0047,GENERAL,1,0.9349759289756103,0.9182999807649044,0.9422292976386031,0.9558398127555847
ft_tkt_0004400,ft_sal_002347,ft_evt_0047,GENERAL,1,0.9349759289756103,0.9182999807649044,0.9422292976386031,0.9558398127555847
ft_tkt_0004401,ft_sal_002348,ft_evt_0047,GENERAL,1,0.9349759289756103,0.894575862905605,0.9435856523662749,0.9507284760475159
ft_tkt_0004402,ft_sal_002348,ft_evt_0047,GENERAL,1,0.9349759289756103,0.894575862905605,0.9435856523662749,0.9507284760475159
ft_tkt_0004403,ft_sal_002348,ft_evt_0047,GENERAL,1,0.9349759289756103,0.894575862905605,0.9435856523662749,0.9507284760475159
ft_tkt_0004404,ft_sal_002348,ft_evt_0047,GENERAL,1,0.9349759289756103,0.894575862905605,0.9435856523662749,0.9507284760475159
ft_tkt_0004405,ft_sal_002349,ft_evt_0047,GENERAL,1,0.9349759289756103,0.943182167533341,0.9597361256601663,0.966129720211029
ft_tkt_0004406,ft_sal_002349,ft_evt_0047,GENERAL,1,0.9349759289756103,0.943182167533341,0.9597361256601663,0.966129720211029
ft_tkt_0004407,ft_sal_002350,ft_evt_0047,GENERAL,1,0.9349759289756103,0.8177313738933235,0.9471514506611811,0.9179877638816833
ft_tkt_0004408,ft_sal_002351,ft_evt_0047,GENERAL,1,0.9349759289756103,0.9024796600564701,0.942691907547917,0.9460715055465698
ft_tkt_0004409,ft_sal_002352,ft_evt_0047,GENERAL,1,0.9349759289756103,0.9154891725002355,0.9436241809603395,0.9549472332000732
ft_tkt_0004410,ft_sal_002352,ft_evt_0047,GENERAL,1,0.9349759289756103,0.9154891725002355,0.9436241809603395,0.9549472332000732
ft_tkt_0004411,ft_sal_002352,ft_evt_0047,GENERAL,1,0.9349759289756103,0.9154891725002355,0.9436241809603395,0.9549472332000732
ft_tkt_0004412,ft_sal_002352,ft_evt_0047,GENERAL,1,0.9349759289756103,0.9154891725002355,0.9436241809603395,0.9549472332000732
ft_tkt_0004413,ft_sal_002353,ft_evt_0047,VIP,1,0.9404152722541531,0.9314489069699416,0.9435415290199277,0.9536152482032776
ft_tkt_0004414,ft_sal_002354,ft_evt_0047,CORTESÍA,0,0.39289583504262665,0.2000194644452538,0.28068755296712783,0.2318234145641327
ft_tkt_0004415,ft_sal_002355,ft_evt_0047,GENERAL,1,0.9349759289756103,0.8949804899370465,0.9341876313262281,0.9058139324188232
ft_tkt_0004416,ft_sal_002356,ft_evt_0047,GENERAL,1,0.9349759289756103,0.8943503147993136,0.9303183194984909,0.9058693051338196
ft_tkt_0004417,ft_sal_002357,ft_evt_0047,GENERAL,1,0.9349759289756103,0.9188922596313448,0.9416212800153693,0.9518365859985352
ft_tkt_0004418,ft_sal_002357,ft_evt_0047,GENERAL,1,0.9349759289756103,0.9188922596313448,0.9416212800153693,0.9518365859985352
ft_tkt_0004419,ft_sal_002358,ft_evt_0047,GENERAL,1,0.9349759289756103,0.8948757427741375,0.9341876313262281,0.9044535756111145
ft_tkt_0004420,ft_sal_002359,ft_evt_0047,GENERAL,1,0.9349759289756103,0.9428976230142052,0.958249787182124,0.9662320017814636
ft_tkt_0004421,ft_sal_002359,ft_evt_0047,GENERAL,1,0.9349759289756103,0.9428976230142052,0.958249787182124,0.9662320017814636
ft_tkt_0004422,ft_sal_002360,ft_evt_0047,CORTESÍA,0,0.39289583504262665,0.12943957128356215,0.2967160535823793,0.27336472272872925
ft_tkt_0004423,ft_sal_002361,ft_evt_0047,GENERAL,1,0.9349759289756103,0.9125038476878923,0.9405754809862938,0.9513256549835205
ft_tkt_0004424,ft_sal_002361,ft_evt_0047,GENERAL,1,0.9349759289756103,0.9125038476878923,0.9405754809862938,0.9513256549835205
ft_tkt_0004425,ft_sal_002361,ft_evt_0047,GENERAL,1,0.9349759289756103,0.9125038476878923,0.9405754809862938,0.9513256549835205
ft_tkt_0004426,ft_sal_002362,ft_evt_0047,GENERAL,1,0.9349759289756103,0.9498066482319621,0.9715889253495676,0.9824311137199402
ft_tkt_0004427,ft_sal_002362,ft_evt_0047,GENERAL,1,0.9349759289756103,0.9498066482319621,0.9715889253495676,0.9824311137199402
ft_tkt_0004428,ft_sal_002363,ft_evt_0047,GENERAL,1,0.9349759289756103,0.831603053501139,0.9328709138304188,0.9314498901367188
ft_tkt_0004429,ft_sal_002364,ft_evt_0047,CORTESÍA,1,0.39289583504262665,0.2931000926652309,0.40051636504666693,0.4546012580394745
ft_tkt_0004430,ft_sal_002364,ft_evt_0047,CORTESÍA,0,0.39289583504262665,0.2931000926652309,0.40051636504666693,0.4546012580394745
ft_tkt_0004431,ft_sal_002365,ft_evt_0047,VIP,1,0.9404152722541531,0.9449257214704142,0.9489176307509971,0.9641562700271606
ft_tkt_0004432,ft_sal_002365,ft_evt_0047,VIP,1,0.9404152722541531,0.9449257214704142,0.9489176307509971,0.9641562700271606
ft_tkt_0004433,ft_sal_002366,ft_evt_0047,CORTESÍA,0,0.39289583504262665,0.28357646706960604,0.3723424993191674,0.3998744487762451
ft_tkt_0004434,ft_sal_002366,ft_evt_0047,CORTESÍA,0,0.39289583504262665,0.28357646706960604,0.3723424993191674,0.3998744487762451
ft_tkt_0004435,ft_sal_002367,ft_evt_0047,VIP,1,0.9404152722541531,0.8900327068356766,0.939079021205129,0.9539293050765991
ft_tkt_0004436,ft_sal_002368,ft_evt_0047,GENERAL,1,0.9349759289756103,0.9001683162992785,0.9425054882632581,0.9457618594169617
ft_tkt_0004437,ft_sal_002369,ft_evt_0047,GENERAL,1,0.9349759289756103,0.9380846426647185,0.9646264124529477,0.9723970890045166
ft_tkt_0004438,ft_sal_002370,ft_evt_0047,VIP,1,0.9404152722541531,0.934247212091532,0.948315250369059,0.9604398012161255
ft_tkt_0004439,ft_sal_002371,ft_evt_0047,GENERAL,1,0.9349759289756103,0.8481038412606892,0.9277323365939129,0.9396533966064453
ft_tkt_0004440,ft_sal_002372,ft_evt_0047,PREFERENCIAL,1,0.9345943760947751,0.893956715776627,0.9295055423002562,0.9296899437904358
ft_tkt_0004441,ft_sal_002372,ft_evt_0047,PREFERENCIAL,1,0.9345943760947751,0.893956715776627,0.9295055423002562,0.9296899437904358
ft_tkt_0004442,ft_sal_002373,ft_evt_0047,GENERAL,1,0.9349759289756103,0.9490321556095197,0.9694877830575429,0.9747558236122131
ft_tkt_0004443,ft_sal_002374,ft_evt_0047,GENERAL,1,0.9349759289756103,0.8996342452738016,0.9357073193935811,0.9198349714279175
ft_tkt_0004444,ft_sal_002375,ft_evt_0047,GENERAL,1,0.9349759289756103,0.8895336587534172,0.8725453487818252,0.8622395396232605
ft_tkt_0004445,ft_sal_002375,ft_evt_0047,GENERAL,1,0.9349759289756103,0.8895336587534172,0.8725453487818252,0.8622395396232605
ft_tkt_0004446,ft_sal_002376,ft_evt_0047,GENERAL,1,0.9349759289756103,0.864115202940526,0.9185494320730779,0.9241106510162354
ft_tkt_0004447,ft_sal_002376,ft_evt_0047,GENERAL,1,0.9349759289756103,0.864115202940526,0.9185494320730779,0.9241106510162354
ft_tkt_0004448,ft_sal_002377,ft_evt_0047,GENERAL,1,0.9349759289756103,0.920970781599083,0.942753098882547,0.9550675749778748
ft_tkt_0004449,ft_sal_002377,ft_evt_0047,GENERAL,1,0.9349759289756103,0.920970781599083,0.942753098882547,0.9550675749778748
ft_tkt_0004450,ft_sal_002378,ft_evt_0047,CORTESÍA,0,0.39289583504262665,0.2990588806269595,0.4025862666058971,0.46729254722595215
ft_tkt_0004451,ft_sal_002378,ft_evt_0047,CORTESÍA,0,0.39289583504262665,0.2990588806269595,0.4025862666058971,0.46729254722595215
ft_tkt_0004452,ft_sal_002379,ft_evt_0047,GENERAL,1,0.9349759289756103,0.8767993657229125,0.9356637345702686,0.9579029679298401
ft_tkt_0004453,ft_sal_002379,ft_evt_0047,GENERAL,1,0.9349759289756103,0.8767993657229125,0.9356637345702686,0.9579029679298401
ft_tkt_0004454,ft_sal_002379,ft_evt_0047,GENERAL,1,0.9349759289756103,0.8767993657229125,0.9356637345702686,0.9579029679298401
ft_tkt_0004455,ft_sal_002379,ft_evt_0047,GENERAL,1,0.9349759289756103,0.8767993657229125,0.9356637345702686,0.9579029679298401
ft_tkt_0004456,ft_sal_002380,ft_evt_0047,GENERAL,1,0.9349759289756103,0.8873434937521774,0.9266810061647778,0.9351560473442078
ft_tkt_0004457,ft_sal_002380,ft_evt_0047,GENERAL,1,0.9349759289756103,0.8873434937521774,0.9266810061647778,0.9351560473442078
ft_tkt_0004458,ft_sal_002381,ft_evt_0047,VIP,0,0.9404152722541531,0.9376815591150706,0.9507645712814434,0.9632990956306458
ft_tkt_0004459,ft_sal_002382,ft_evt_0047,GENERAL,1,0.9349759289756103,0.9438706564265839,0.9594741495501761,0.9657706022262573
ft_tkt_0004460,ft_sal_002382,ft_evt_0047,GENERAL,1,0.9349759289756103,0.9438706564265839,0.9594741495501761,0.9657706022262573
ft_tkt_0004461,ft_sal_002383,ft_evt_0047,CORTESÍA,1,0.39289583504262665,0.19083950173555816,0.34008934719751927,0.412063330411911
ft_tkt_0004462,ft_sal_002384,ft_evt_0047,GENERAL,1,0.9349759289756103,0.8894484469868913,0.9278753433390504,0.9364363551139832
ft_tkt_0004463,ft_sal_002384,ft_evt_0047,GENERAL,1,0.9349759289756103,0.8894484469868913,0.9278753433390504,0.9364363551139832
ft_tkt_0004464,ft_sal_002385,ft_evt_0047,PREFERENCIAL,1,0.9345943760947751,0.9115445988274069,0.9394650687025942,0.9399257302284241
ft_tkt_0004465,ft_sal_002386,ft_evt_0047,VIP,1,0.9404152722541531,0.9608361118356757,0.9657558974011184,0.9742892384529114
ft_tkt_0004466,ft_sal_002387,ft_evt_0047,PREFERENCIAL,1,0.9345943760947751,0.9113544767889893,0.9388379797598005,0.9386337995529175
ft_tkt_0004467,ft_sal_002388,ft_evt_0047,GENERAL,1,0.9349759289756103,0.8273144679388785,0.9361118063089167,0.9202014803886414
ft_tkt_0004468,ft_sal_002389,ft_evt_0047,PREFERENCIAL,1,0.9345943760947751,0.8671410886515737,0.9451096430050914,0.9560762047767639
ft_tkt_0004469,ft_sal_002390,ft_evt_0047,PREFERENCIAL,1,0.9345943760947751,0.9513939353619865,0.9691848428713409,0.9721097350120544
ft_tkt_0004470,ft_sal_002390,ft_evt_0047,PREFERENCIAL,1,0.9345943760947751,0.9513939353619865,0.9691848428713409,0.9721097350120544
ft_tkt_0004471,ft_sal_002391,ft_evt_0047,PREFERENCIAL,1,0.9345943760947751,0.9090078307348685,0.9232270767056594,0.947440505027771
ft_tkt_0004472,ft_sal_002391,ft_evt_0047,PREFERENCIAL,1,0.9345943760947751,0.9090078307348685,0.9232270767056594,0.947440505027771
ft_tkt_0004473,ft_sal_002392,ft_evt_0047,GENERAL,1,0.9349759289756103,0.9159865385305473,0.9427196818849449,0.9542738199234009
ft_tkt_0004474,ft_sal_002392,ft_evt_0047,GENERAL,1,0.9349759289756103,0.9159865385305473,0.9427196818849449,0.9542738199234009
ft_tkt_0004475,ft_sal_002393,ft_evt_0047,CORTESÍA,1,0.39289583504262665,0.17001552199182357,0.25831625328757735,0.23949769139289856
ft_tkt_0004476,ft_sal_002393,ft_evt_0047,CORTESÍA,0,0.39289583504262665,0.17001552199182357,0.25831625328757735,0.23949769139289856
ft_tkt_0004477,ft_sal_002393,ft_evt_0047,CORTESÍA,0,0.39289583504262665,0.17001552199182357,0.25831625328757735,0.23949769139289856
ft_tkt_0004478,ft_sal_002393,ft_evt_0047,CORTESÍA,1,0.39289583504262665,0.17001552199182357,0.25831625328757735,0.23949769139289856
ft_tkt_0004479,ft_sal_002393,ft_evt_0047,CORTESÍA,0,0.39289583504262665,0.17001552199182357,0.25831625328757735,0.23949769139289856
ft_tkt_0004480,ft_sal_002393,ft_evt_0047,CORTESÍA,1,0.39289583504262665,0.17001552199182357,0.25831625328757735,0.23949769139289856
ft_tkt_0004481,ft_sal_002394,ft_evt_0047,GENERAL,1,0.9349759289756103,0.9023054290220033,0.943092821795998,0.9492907524108887
ft_tkt_0004482,ft_sal_002395,ft_evt_0047,GENERAL,1,0.9349759289756103,0.911086879393833,0.9361409000290715,0.9206342101097107
ft_tkt_0004483,ft_sal_002395,ft_evt_0047,GENERAL,0,0.9349759289756103,0.911086879393833,0.9361409000290715,0.9206342101097107
ft_tkt_0004484,ft_sal_002395,ft_evt_0047,GENERAL,1,0.9349759289756103,0.911086879393833,0.9361409000290715,0.9206342101097107
ft_tkt_0004485,ft_sal_002395,ft_evt_0047,GENERAL,1,0.9349759289756103,0.911086879393833,0.9361409000290715,0.9206342101097107
ft_tkt_0004486,ft_sal_002396,ft_evt_0047,PREFERENCIAL,1,0.9345943760947751,0.8515511390848001,0.9345083202729219,0.9391412734985352
ft_tkt_0004487,ft_sal_002397,ft_evt_0047,GENERAL,0,0.9349759289756103,0.8968965706033243,0.943038917581927,0.9539284110069275
ft_tkt_0004488,ft_sal_002397,ft_evt_0047,GENERAL,1,0.9349759289756103,0.8968965706033243,0.943038917581927,0.9539284110069275
ft_tkt_0004489,ft_sal_002398,ft_evt_0047,GENERAL,1,0.9349759289756103,0.8828135013933108,0.926547979791288,0.9432562589645386
ft_tkt_0004490,ft_sal_002398,ft_evt_0047,GENERAL,1,0.9349759289756103,0.8828135013933108,0.926547979791288,0.9432562589645386
ft_tkt_0004491,ft_sal_002399,ft_evt_0047,GENERAL,1,0.9349759289756103,0.9176515228751027,0.9433610746563706,0.9582796096801758
ft_tkt_0004492,ft_sal_002399,ft_evt_0047,GENERAL,0,0.9349759289756103,0.9176515228751027,0.9433610746563706,0.9582796096801758
ft_tkt_0004493,ft_sal_002400,ft_evt_0047,PREFERENCIAL,1,0.9345943760947751,0.924098874813476,0.9471048941280293,0.9504737854003906
ft_tkt_0004494,ft_sal_002400,ft_evt_0047,PREFERENCIAL,1,0.9345943760947751,0.924098874813476,0.9471048941280293,0.9504737854003906
ft_tkt_0004495,ft_sal_002400,ft_evt_0047,PREFERENCIAL,1,0.9345943760947751,0.924098874813476,0.9471048941280293,0.9504737854003906
ft_tkt_0004496,ft_sal_002401,ft_evt_0047,PREFERENCIAL,1,0.9345943760947751,0.8877268707240108,0.9261108888107792,0.9292289614677429
ft_tkt_0004497,ft_sal_002401,ft_evt_0047,PREFERENCIAL,1,0.9345943760947751,0.8877268707240108,0.9261108888107792,0.9292289614677429
ft_tkt_0004498,ft_sal_002401,ft_evt_0047,PREFERENCIAL,1,0.9345943760947751,0.8877268707240108,0.9261108888107792,0.9292289614677429
ft_tkt_0004499,ft_sal_002402,ft_evt_0047,GENERAL,1,0.9349759289756103,0.8915039066623206,0.9271341286637055,0.9373634457588196
ft_tkt_0004500,ft_sal_002402,ft_evt_0047,GENERAL,1,0.9349759289756103,0.8915039066623206,0.9271341286637055,0.9373634457588196
ft_tkt_0004501,ft_sal_002403,ft_evt_0047,GENERAL,1,0.9349759289756103,0.900612173693719,0.9412767150227482,0.9462755918502808
ft_tkt_0004502,ft_sal_002404,ft_evt_0047,GENERAL,1,0.9349759289756103,0.9085910563000177,0.9338939998149913,0.92196124792099
ft_tkt_0004503,ft_sal_002404,ft_evt_0047,GENERAL,1,0.9349759289756103,0.9085910563000177,0.9338939998149913,0.92196124792099
ft_tkt_0004504,ft_sal_002404,ft_evt_0047,GENERAL,1,0.9349759289756103,0.9085910563000177,0.9338939998149913,0.92196124792099
ft_tkt_0004505,ft_sal_002405,ft_evt_0047,PREFERENCIAL,1,0.9345943760947751,0.9273859010859508,0.9461525649755456,0.9515557289123535
ft_tkt_0004506,ft_sal_002405,ft_evt_0047,PREFERENCIAL,1,0.9345943760947751,0.9273859010859508,0.9461525649755456,0.9515557289123535
ft_tkt_0004507,ft_sal_002406,ft_evt_0047,PREFERENCIAL,1,0.9345943760947751,0.8547044210185407,0.9342991466847356,0.9366692900657654
ft_tkt_0004508,ft_sal_002406,ft_evt_0047,PREFERENCIAL,1,0.9345943760947751,0.8547044210185407,0.9342991466847356,0.9366692900657654
ft_tkt_0004509,ft_sal_002406,ft_evt_0047,PREFERENCIAL,1,0.9345943760947751,0.8547044210185407,0.9342991466847356,0.9366692900657654
ft_tkt_0004510,ft_sal_002407,ft_evt_0047,CORTESÍA,0,0.39289583504262665,0.28797215095747475,0.39797158460562093,0.4403342008590698
ft_tkt_0004511,ft_sal_002407,ft_evt_0047,CORTESÍA,1,0.39289583504262665,0.28797215095747475,0.39797158460562093,0.4403342008590698
ft_tkt_0004512,ft_sal_002408,ft_evt_0047,GENERAL,1,0.9349759289756103,0.8973243931509285,0.9510458565832226,0.9463123083114624
ft_tkt_0004513,ft_sal_002409,ft_evt_0047,GENERAL,0,0.9349759289756103,0.8596225546246555,0.9041250439221085,0.9115398526191711
ft_tkt_0004514,ft_sal_002409,ft_evt_0047,GENERAL,1,0.9349759289756103,0.8596225546246555,0.9041250439221085,0.9115398526191711
ft_tkt_0004515,ft_sal_002410,ft_evt_0047,CORTESÍA,0,0.39289583504262665,0.216085179592452,0.2993892138174278,0.37841445207595825
ft_tkt_0004516,ft_sal_002410,ft_evt_0047,CORTESÍA,1,0.39289583504262665,0.216085179592452,0.2993892138174278,0.37841445207595825
ft_tkt_0004517,ft_sal_002410,ft_evt_0047,CORTESÍA,1,0.39289583504262665,0.216085179592452,0.2993892138174278,0.37841445207595825
ft_tkt_0004518,ft_sal_002410,ft_evt_0047,CORTESÍA,0,0.39289583504262665,0.216085179592452,0.2993892138174278,0.37841445207595825
ft_tkt_0004519,ft_sal_002411,ft_evt_0047,GENERAL,1,0.9349759289756103,0.9216651935754665,0.9435374463203703,0.9477346539497375
ft_tkt_0004520,ft_sal_002411,ft_evt_0047,GENERAL,1,0.9349759289756103,0.9216651935754665,0.9435374463203703,0.9477346539497375
ft_tkt_0004521,ft_sal_002412,ft_evt_0047,PREFERENCIAL,1,0.9345943760947751,0.9235639184713588,0.9398556437870131,0.939120888710022
ft_tkt_0004522,ft_sal_002412,ft_evt_0047,PREFERENCIAL,1,0.9345943760947751,0.9235639184713588,0.9398556437870131,0.939120888710022
ft_tkt_0004523,ft_sal_002413,ft_evt_0047,CORTESÍA,1,0.39289583504262665,0.3030754593387499,0.4081101980101228,0.48758867383003235
ft_tkt_0004524,ft_sal_002413,ft_evt_0047,CORTESÍA,1,0.39289583504262665,0.3030754593387499,0.4081101980101228,0.48758867383003235
ft_tkt_0004525,ft_sal_002414,ft_evt_0047,CORTESÍA,1,0.39289583504262665,0.21909555392501995,0.3433978895439529,0.37329140305519104
ft_tkt_0004526,ft_sal_002414,ft_evt_0047,CORTESÍA,0,0.39289583504262665,0.21909555392501995,0.3433978895439529,0.37329140305519104
ft_tkt_0004527,ft_sal_002415,ft_evt_0047,GENERAL,1,0.9349759289756103,0.9127398523477613,0.9359885012740846,0.9292613863945007
ft_tkt_0004528,ft_sal_002415,ft_evt_0047,GENERAL,1,0.9349759289756103,0.9127398523477613,0.9359885012740846,0.9292613863945007
ft_tkt_0004529,ft_sal_002416,ft_evt_0047,PREFERENCIAL,1,0.9345943760947751,0.9177635595701781,0.9461220947007646,0.9566094875335693
ft_tkt_0004530,ft_sal_002416,ft_evt_0047,PREFERENCIAL,1,0.9345943760947751,0.9177635595701781,0.9461220947007646,0.9566094875335693
ft_tkt_0004531,ft_sal_002416,ft_evt_0047,PREFERENCIAL,1,0.9345943760947751,0.9177635595701781,0.9461220947007646,0.9566094875335693
ft_tkt_0004532,ft_sal_002416,ft_evt_0047,PREFERENCIAL,1,0.9345943760947751,0.9177635595701781,0.9461220947007646,0.9566094875335693
ft_tkt_0004533,ft_sal_002417,ft_evt_0047,CORTESÍA,0,0.39289583504262665,0.2292569677056149,0.32480125925929043,0.39225003123283386
ft_tkt_0004534,ft_sal_002417,ft_evt_0047,CORTESÍA,1,0.39289583504262665,0.2292569677056149,0.32480125925929043,0.39225003123283386
ft_tkt_0004535,ft_sal_002418,ft_evt_0047,CORTESÍA,0,0.39289583504262665,0.2574020915202349,0.3992659321939792,0.43878552317619324
ft_tkt_0004536,ft_sal_002419,ft_evt_0047,GENERAL,1,0.9349759289756103,0.9429921767515713,0.9668052740263628,0.9721114039421082
ft_tkt_0004537,ft_sal_002419,ft_evt_0047,GENERAL,1,0.9349759289756103,0.9429921767515713,0.9668052740263628,0.9721114039421082
ft_tkt_0004538,ft_sal_002420,ft_evt_0047,GENERAL,1,0.9349759289756103,0.8576201965340107,0.9396029802639471,0.9489345550537109
ft_tkt_0004539,ft_sal_002421,ft_evt_0047,CORTESÍA,0,0.39289583504262665,0.15747111609453482,0.3070067753802392,0.3855096399784088
ft_tkt_0004540,ft_sal_002421,ft_evt_0047,CORTESÍA,0,0.39289583504262665,0.15747111609453482,0.3070067753802392,0.3855096399784088
ft_tkt_0004541,ft_sal_002421,ft_evt_0047,CORTESÍA,0,0.39289583504262665,0.15747111609453482,0.3070067753802392,0.3855096399784088
ft_tkt_0004542,ft_sal_002421,ft_evt_0047,CORTESÍA,0,0.39289583504262665,0.15747111609453482,0.3070067753802392,0.3855096399784088
ft_tkt_0004543,ft_sal_002422,ft_evt_0047,PREFERENCIAL,1,0.9345943760947751,0.9218425794095154,0.9385004069541433,0.9394792318344116
ft_tkt_0004544,ft_sal_002422,ft_evt_0047,PREFERENCIAL,1,0.9345943760947751,0.9218425794095154,0.9385004069541433,0.9394792318344116
ft_tkt_0004545,ft_sal_002423,ft_evt_0047,GENERAL,1,0.9349759289756103,0.960161409712949,0.9547450203597819,0.9685564041137695
ft_tkt_0004546,ft_sal_002424,ft_evt_0047,GENERAL,1,0.9349759289756103,0.9092137907777778,0.9446672395589157,0.9528920650482178
ft_tkt_0004547,ft_sal_002425,ft_evt_0047,GENERAL,1,0.9349759289756103,0.9191207211883728,0.9416212800153693,0.9542037844657898
ft_tkt_0004548,ft_sal_002425,ft_evt_0047,GENERAL,1,0.9349759289756103,0.9191207211883728,0.9416212800153693,0.9542037844657898
ft_tkt_0004549,ft_sal_002426,ft_evt_0047,CORTESÍA,0,0.39289583504262665,0.30816622389941895,0.40418146333965266,0.4555489718914032
ft_tkt_0004550,ft_sal_002426,ft_evt_0047,CORTESÍA,1,0.39289583504262665,0.30816622389941895,0.40418146333965266,0.4555489718914032
ft_tkt_0004551,ft_sal_002426,ft_evt_0047,CORTESÍA,1,0.39289583504262665,0.30816622389941895,0.40418146333965266,0.4555489718914032
ft_tkt_0004552,ft_sal_002426,ft_evt_0047,CORTESÍA,0,0.39289583504262665,0.30816622389941895,0.40418146333965266,0.4555489718914032
ft_tkt_0004553,ft_sal_002427,ft_evt_0047,GENERAL,1,0.9349759289756103,0.9131480967478772,0.9418145287009214,0.9541401267051697
ft_tkt_0004554,ft_sal_002427,ft_evt_0047,GENERAL,1,0.9349759289756103,0.9131480967478772,0.9418145287009214,0.9541401267051697
ft_tkt_0004555,ft_sal_002427,ft_evt_0047,GENERAL,1,0.9349759289756103,0.9131480967478772,0.9418145287009214,0.9541401267051697
ft_tkt_0004556,ft_sal_002428,ft_evt_0047,GENERAL,1,0.9349759289756103,0.889385890457852,0.93137537534684,0.9071477055549622
ft_tkt_0004557,ft_sal_002429,ft_evt_0047,GENERAL,1,0.9349759289756103,0.8716503997392431,0.9297958400806104,0.9419482946395874
ft_tkt_0004558,ft_sal_002429,ft_evt_0047,GENERAL,0,0.9349759289756103,0.8716503997392431,0.9297958400806104,0.9419482946395874
ft_tkt_0004559,ft_sal_002429,ft_evt_0047,GENERAL,1,0.9349759289756103,0.8716503997392431,0.9297958400806104,0.9419482946395874
ft_tkt_0004560,ft_sal_002429,ft_evt_0047,GENERAL,1,0.9349759289756103,0.8716503997392431,0.9297958400806104,0.9419482946395874
ft_tkt_0004561,ft_sal_002429,ft_evt_0047,GENERAL,1,0.9349759289756103,0.8716503997392431,0.9297958400806104,0.9419482946395874
ft_tkt_0004562,ft_sal_002429,ft_evt_0047,GENERAL,1,0.9349759289756103,0.8716503997392431,0.9297958400806104,0.9419482946395874
ft_tkt_0004563,ft_sal_002430,ft_evt_0047,GENERAL,1,0.9349759289756103,0.9169158975190341,0.9419799821892675,0.957065224647522
ft_tkt_0004564,ft_sal_002430,ft_evt_0047,GENERAL,1,0.9349759289756103,0.9169158975190341,0.9419799821892675,0.957065224647522
ft_tkt_0004565,ft_sal_002430,ft_evt_0047,GENERAL,1,0.9349759289756103,0.9169158975190341,0.9419799821892675,0.957065224647522
ft_tkt_0004566,ft_sal_002431,ft_evt_0047,CORTESÍA,1,0.39289583504262665,0.28926820520676305,0.40000899190628464,0.4624920189380646
ft_tkt_0004567,ft_sal_002431,ft_evt_0047,CORTESÍA,1,0.39289583504262665,0.28926820520676305,0.40000899190628464,0.4624920189380646
ft_tkt_0004568,ft_sal_002432,ft_evt_0047,GENERAL,1,0.9349759289756103,0.904317400549435,0.9429235736618881,0.9475547075271606
ft_tkt_0004569,ft_sal_002433,ft_evt_0047,GENERAL,1,0.9349759289756103,0.9228226054759548,0.9432162008628409,0.9560660719871521
ft_tkt_0004570,ft_sal_002433,ft_evt_0047,GENERAL,1,0.9349759289756103,0.9228226054759548,0.9432162008628409,0.9560660719871521
ft_tkt_0004571,ft_sal_002434,ft_evt_0047,GENERAL,1,0.9349759289756103,0.9065721367320804,0.9343474015583111,0.9222059845924377
ft_tkt_0004572,ft_sal_002434,ft_evt_0047,GENERAL,1,0.9349759289756103,0.9065721367320804,0.9343474015583111,0.9222059845924377
ft_tkt_0004573,ft_sal_002434,ft_evt_0047,GENERAL,1,0.9349759289756103,0.9065721367320804,0.9343474015583111,0.9222059845924377
ft_tkt_0004574,ft_sal_002434,ft_evt_0047,GENERAL,1,0.9349759289756103,0.9065721367320804,0.9343474015583111,0.9222059845924377
ft_tkt_0004575,ft_sal_002435,ft_evt_0047,PREFERENCIAL,1,0.9345943760947751,0.9230814381903363,0.958572883176156,0.9709054827690125
ft_tkt_0004576,ft_sal_002436,ft_evt_0047,GENERAL,1,0.9349759289756103,0.8843640403139317,0.9493311105384922,0.9595270752906799
ft_tkt_0004577,ft_sal_002437,ft_evt_0047,CORTESÍA,0,0.39289583504262665,0.17739150059086012,0.3729312925874523,0.47365543246269226
ft_tkt_0004578,ft_sal_002438,ft_evt_0047,GENERAL,1,0.9349759289756103,0.914125960189912,0.9422741673070884,0.9560779929161072
ft_tkt_0004579,ft_sal_002438,ft_evt_0047,GENERAL,1,0.9349759289756103,0.914125960189912,0.9422741673070884,0.9560779929161072
ft_tkt_0004580,ft_sal_002439,ft_evt_0047,VIP,1,0.9404152722541531,0.9422122546732394,0.947993434362971,0.9621666073799133
ft_tkt_0004581,ft_sal_002439,ft_evt_0047,VIP,1,0.9404152722541531,0.9422122546732394,0.947993434362971,0.9621666073799133
ft_tkt_0004582,ft_sal_002440,ft_evt_0047,GENERAL,1,0.9349759289756103,0.9063749315815477,0.9440316449917254,0.9500176906585693
ft_tkt_0004583,ft_sal_002441,ft_evt_0047,PREFERENCIAL,1,0.9345943760947751,0.9055612393484185,0.9407100938827497,0.9416197538375854
ft_tkt_0004584,ft_sal_002442,ft_evt_0047,PREFERENCIAL,1,0.9345943760947751,0.8938053479372378,0.9488281503708479,0.954524576663971
ft_tkt_0004585,ft_sal_002443,ft_evt_0047,GENERAL,1,0.9349759289756103,0.8761687201191144,0.9232261688980729,0.9272374510765076
ft_tkt_0004586,ft_sal_002443,ft_evt_0047,GENERAL,1,0.9349759289756103,0.8761687201191144,0.9232261688980729,0.9272374510765076
ft_tkt_0004587,ft_sal_002444,ft_evt_0047,GENERAL,1,0.9349759289756103,0.8967478506707147,0.9372781805030137,0.9450753331184387
ft_tkt_0004588,ft_sal_002444,ft_evt_0047,GENERAL,1,0.9349759289756103,0.8967478506707147,0.9372781805030137,0.9450753331184387
ft_tkt_0004589,ft_sal_002444,ft_evt_0047,GENERAL,1,0.9349759289756103,0.8967478506707147,0.9372781805030137,0.9450753331184387
ft_tkt_0004590,ft_sal_002445,ft_evt_0047,VIP,1,0.9404152722541531,0.9243030015267861,0.9611747830724325,0.9765914678573608
ft_tkt_0004591,ft_sal_002446,ft_evt_0047,GENERAL,1,0.9349759289756103,0.9018793506892154,0.9433715047386139,0.9481037855148315
ft_tkt_0004592,ft_sal_002447,ft_evt_0047,GENERAL,1,0.9349759289756103,0.8989044673818415,0.9411336144654198,0.9422160387039185
ft_tkt_0004593,ft_sal_002448,ft_evt_0047,VIP,1,0.9404152722541531,0.9492213636724096,0.9621584623730175,0.9787403345108032
ft_tkt_0004594,ft_sal_002448,ft_evt_0047,VIP,1,0.9404152722541531,0.9492213636724096,0.9621584623730175,0.9787403345108032
ft_tkt_0004595,ft_sal_002448,ft_evt_0047,VIP,1,0.9404152722541531,0.9492213636724096,0.9621584623730175,0.9787403345108032
ft_tkt_0004596,ft_sal_002449,ft_evt_0047,VIP,1,0.9404152722541531,0.956657985764748,0.9642260427560677,0.9716147780418396
ft_tkt_0004597,ft_sal_002450,ft_evt_0047,CORTESÍA,1,0.39289583504262665,0.23999330758828813,0.3643554920305546,0.3805880844593048
ft_tkt_0004598,ft_sal_002451,ft_evt_0047,GENERAL,1,0.9349759289756103,0.915876097959263,0.9424017106911011,0.9534397721290588
ft_tkt_0004599,ft_sal_002451,ft_evt_0047,GENERAL,1,0.9349759289756103,0.915876097959263,0.9424017106911011,0.9534397721290588
ft_tkt_0004600,ft_sal_002451,ft_evt_0047,GENERAL,1,0.9349759289756103,0.915876097959263,0.9424017106911011,0.9534397721290588
ft_tkt_0004601,ft_sal_002452,ft_evt_0047,PREFERENCIAL,1,0.9345943760947751,0.921362335976248,0.9477177167303308,0.9610527753829956
ft_tkt_0004602,ft_sal_002453,ft_evt_0047,VIP,1,0.9404152722541531,0.9350122785181,0.9497965982857071,0.9645527005195618
ft_tkt_0004603,ft_sal_002453,ft_evt_0047,VIP,1,0.9404152722541531,0.9350122785181,0.9497965982857071,0.9645527005195618
ft_tkt_0004604,ft_sal_002453,ft_evt_0047,VIP,1,0.9404152722541531,0.9350122785181,0.9497965982857071,0.9645527005195618
ft_tkt_0004605,ft_sal_002453,ft_evt_0047,VIP,1,0.9404152722541531,0.9350122785181,0.9497965982857071,0.9645527005195618
ft_tkt_0004606,ft_sal_002454,ft_evt_0047,VIP,1,0.9404152722541531,0.9634701326653652,0.9653791072292707,0.9758701324462891
ft_tkt_0004607,ft_sal_002454,ft_evt_0047,VIP,1,0.9404152722541531,0.9634701326653652,0.9653791072292707,0.9758701324462891
ft_tkt_0004608,ft_sal_002455,ft_evt_0047,CORTESÍA,0,0.39289583504262665,0.2903381362166609,0.3980479116818479,0.4522186517715454
ft_tkt_0004609,ft_sal_002455,ft_evt_0047,CORTESÍA,1,0.39289583504262665,0.2903381362166609,0.3980479116818479,0.4522186517715454
ft_tkt_0004610,ft_sal_002456,ft_evt_0047,GENERAL,1,0.9349759289756103,0.9069202847193711,0.9438903573065273,0.9458885788917542
ft_tkt_0004611,ft_sal_002457,ft_evt_0047,CORTESÍA,0,0.39289583504262665,0.24614160360734516,0.39450176078534804,0.42592084407806396
ft_tkt_0004612,ft_sal_002458,ft_evt_0012,CORTESÍA,1,0.40252443406149635,0.17495250911100726,0.2996974099608477,0.27175256609916687
ft_tkt_0004613,ft_sal_002458,ft_evt_0012,CORTESÍA,0,0.40252443406149635,0.17495250911100726,0.2996974099608477,0.27175256609916687
ft_tkt_0004614,ft_sal_002459,ft_evt_0012,CORTESÍA,1,0.40252443406149635,0.24466992560711884,0.40632612042113586,0.458877831697464
ft_tkt_0004615,ft_sal_002459,ft_evt_0012,CORTESÍA,0,0.40252443406149635,0.24466992560711884,0.40632612042113586,0.458877831697464
ft_tkt_0004616,ft_sal_002460,ft_evt_0012,CORTESÍA,0,0.40252443406149635,0.2069073209733373,0.26572908548917074,0.19183221459388733
ft_tkt_0004617,ft_sal_002460,ft_evt_0012,CORTESÍA,0,0.40252443406149635,0.2069073209733373,0.26572908548917074,0.19183221459388733
ft_tkt_0004618,ft_sal_002460,ft_evt_0012,CORTESÍA,1,0.40252443406149635,0.2069073209733373,0.26572908548917074,0.19183221459388733
ft_tkt_0004619,ft_sal_002461,ft_evt_0012,CORTESÍA,1,0.40252443406149635,0.1988177147458703,0.24223601029583822,0.19365034997463226
ft_tkt_0004620,ft_sal_002461,ft_evt_0012,CORTESÍA,0,0.40252443406149635,0.1988177147458703,0.24223601029583822,0.19365034997463226
ft_tkt_0004621,ft_sal_002462,ft_evt_0012,CORTESÍA,0,0.40252443406149635,0.17443443972647238,0.24134604310461089,0.09440045058727264
ft_tkt_0004622,ft_sal_002463,ft_evt_0012,CORTESÍA,0,0.40252443406149635,0.1556404817498498,0.2413578752039847,0.1990807205438614
ft_tkt_0004623,ft_sal_002463,ft_evt_0012,CORTESÍA,0,0.40252443406149635,0.1556404817498498,0.2413578752039847,0.1990807205438614
ft_tkt_0004624,ft_sal_002464,ft_evt_0012,CORTESÍA,1,0.40252443406149635,0.2230791973823661,0.3101039259577215,0.36649441719055176
ft_tkt_0004625,ft_sal_002464,ft_evt_0012,CORTESÍA,1,0.40252443406149635,0.2230791973823661,0.3101039259577215,0.36649441719055176
ft_tkt_0004626,ft_sal_002465,ft_evt_0012,CORTESÍA,0,0.40252443406149635,0.2620646994368639,0.2824490306628954,0.21657629311084747
ft_tkt_0004627,ft_sal_002465,ft_evt_0012,CORTESÍA,0,0.40252443406149635,0.2620646994368639,0.2824490306628954,0.21657629311084747
ft_tkt_0004628,ft_sal_002465,ft_evt_0012,CORTESÍA,0,0.40252443406149635,0.2620646994368639,0.2824490306628954,0.21657629311084747
ft_tkt_0004629,ft_sal_002465,ft_evt_0012,CORTESÍA,0,0.40252443406149635,0.2620646994368639,0.2824490306628954,0.21657629311084747
ft_tkt_0004630,ft_sal_002466,ft_evt_0012,CORTESÍA,0,0.40252443406149635,0.25354001213562827,0.382411982258722,0.3378392457962036
ft_tkt_0004631,ft_sal_002466,ft_evt_0012,CORTESÍA,1,0.40252443406149635,0.25354001213562827,0.382411982258722,0.3378392457962036
ft_tkt_0004632,ft_sal_002467,ft_evt_0012,CORTESÍA,0,0.40252443406149635,0.1709910812239715,0.2294649702816925,0.1380523145198822
ft_tkt_0004633,ft_sal_002467,ft_evt_0012,CORTESÍA,0,0.40252443406149635,0.1709910812239715,0.2294649702816925,0.1380523145198822
ft_tkt_0004634,ft_sal_002468,ft_evt_0012,CORTESÍA,0,0.40252443406149635,0.15120564099199058,0.3309942440190319,0.2624868154525757
ft_tkt_0004635,ft_sal_002469,ft_evt_0012,CORTESÍA,0,0.40252443406149635,0.2152429512241179,0.3014415291813747,0.28394606709480286
ft_tkt_0004636,ft_sal_002470,ft_evt_0012,CORTESÍA,0,0.40252443406149635,0.11205985130650091,0.2547889756835667,0.20382331311702728
ft_tkt_0004637,ft_sal_002470,ft_evt_0012,CORTESÍA,0,0.40252443406149635,0.11205985130650091,0.2547889756835667,0.20382331311702728
ft_tkt_0004638,ft_sal_002470,ft_evt_0012,CORTESÍA,0,0.40252443406149635,0.11205985130650091,0.2547889756835667,0.20382331311702728
ft_tkt_0004639,ft_sal_002470,ft_evt_0012,CORTESÍA,1,0.40252443406149635,0.11205985130650091,0.2547889756835667,0.20382331311702728
ft_tkt_0004640,ft_sal_002470,ft_evt_0012,CORTESÍA,0,0.40252443406149635,0.11205985130650091,0.2547889756835667,0.20382331311702728
ft_tkt_0004641,ft_sal_002470,ft_evt_0012,CORTESÍA,0,0.40252443406149635,0.11205985130650091,0.2547889756835667,0.20382331311702728
ft_tkt_0004642,ft_sal_002471,ft_evt_0012,CORTESÍA,1,0.40252443406149635,0.21492342843195425,0.3723555569846211,0.5032849907875061
ft_tkt_0004643,ft_sal_002471,ft_evt_0012,CORTESÍA,0,0.40252443406149635,0.21492342843195425,0.3723555569846211,0.5032849907875061
ft_tkt_0004644,ft_sal_002472,ft_evt_0012,CORTESÍA,1,0.40252443406149635,0.38213994113132344,0.387380956189575,0.3743571937084198
ft_tkt_0004645,ft_sal_002473,ft_evt_0012,CORTESÍA,0,0.40252443406149635,0.19842506869873078,0.2700253832071155,0.2262219786643982
ft_tkt_0004646,ft_sal_002473,ft_evt_0012,CORTESÍA,1,0.40252443406149635,0.19842506869873078,0.2700253832071155,0.2262219786643982
ft_tkt_0004647,ft_sal_002474,ft_evt_0012,CORTESÍA,0,0.40252443406149635,0.14195458268900046,0.2422335342233276,0.1305275708436966
ft_tkt_0004648,ft_sal_002475,ft_evt_0012,CORTESÍA,0,0.40252443406149635,0.169491635907259,0.2695337126557963,0.32364851236343384
ft_tkt_0004649,ft_sal_002476,ft_evt_0012,CORTESÍA,1,0.40252443406149635,0.11817244362145961,0.2622644684344555,0.24376866221427917
ft_tkt_0004650,ft_sal_002477,ft_evt_0012,CORTESÍA,0,0.40252443406149635,0.21710619443836995,0.25349498408770954,0.15489551424980164
ft_tkt_0004651,ft_sal_002478,ft_evt_0012,CORTESÍA,0,0.40252443406149635,0.22179256013872348,0.3808979391263797,0.338657945394516
ft_tkt_0004652,ft_sal_002479,ft_evt_0012,CORTESÍA,1,0.40252443406149635,0.1572783674165718,0.280098244024101,0.253146767616272
ft_tkt_0004653,ft_sal_002480,ft_evt_0012,CORTESÍA,0,0.40252443406149635,0.1994497827000616,0.2976269807626746,0.23675353825092316
ft_tkt_0004654,ft_sal_002480,ft_evt_0012,CORTESÍA,0,0.40252443406149635,0.1994497827000616,0.2976269807626746,0.23675353825092316
ft_tkt_0004655,ft_sal_002480,ft_evt_0012,CORTESÍA,1,0.40252443406149635,0.1994497827000616,0.2976269807626746,0.23675353825092316
ft_tkt_0004656,ft_sal_002481,ft_evt_0012,CORTESÍA,0,0.40252443406149635,0.19408172735418827,0.30107048480964277,0.24078910052776337
ft_tkt_0004657,ft_sal_002481,ft_evt_0012,CORTESÍA,0,0.40252443406149635,0.19408172735418827,0.30107048480964277,0.24078910052776337
ft_tkt_0004658,ft_sal_002482,ft_evt_0012,CORTESÍA,0,0.40252443406149635,0.09785690875020102,0.2672140946746028,0.14703746140003204
ft_tkt_0004659,ft_sal_002483,ft_evt_0012,CORTESÍA,0,0.40252443406149635,0.1441261096505996,0.2472305322746372,0.1355094015598297
ft_tkt_0004660,ft_sal_002483,ft_evt_0012,CORTESÍA,0,0.40252443406149635,0.1441261096505996,0.2472305322746372,0.1355094015598297
ft_tkt_0004661,ft_sal_002484,ft_evt_0012,CORTESÍA,1,0.40252443406149635,0.135804257262423,0.23395221979395373,0.2208119034767151
ft_tkt_0004662,ft_sal_002485,ft_evt_0012,CORTESÍA,0,0.40252443406149635,0.20419308517599688,0.3312893201697947,0.36234769225120544
ft_tkt_0004663,ft_sal_002486,ft_evt_0012,CORTESÍA,0,0.40252443406149635,0.32571842645330673,0.4196338357161947,0.4049176573753357
ft_tkt_0004664,ft_sal_002487,ft_evt_0012,CORTESÍA,1,0.40252443406149635,0.24614592076637828,0.40632612042113586,0.3900081217288971
ft_tkt_0004665,ft_sal_002487,ft_evt_0012,CORTESÍA,1,0.40252443406149635,0.24614592076637828,0.40632612042113586,0.3900081217288971
ft_tkt_0004666,ft_sal_002488,ft_evt_0012,CORTESÍA,0,0.40252443406149635,0.200838454849222,0.3044343634633693,0.30773860216140747
ft_tkt_0004667,ft_sal_002488,ft_evt_0012,CORTESÍA,1,0.40252443406149635,0.200838454849222,0.3044343634633693,0.30773860216140747
ft_tkt_0004668,ft_sal_002489,ft_evt_0012,CORTESÍA,0,0.40252443406149635,0.22165501978735594,0.3808979391263797,0.338657945394516
ft_tkt_0004669,ft_sal_002490,ft_evt_0012,CORTESÍA,0,0.40252443406149635,0.10811524956211004,0.29426724266800247,0.2660425305366516
ft_tkt_0004670,ft_sal_002490,ft_evt_0012,CORTESÍA,0,0.40252443406149635,0.10811524956211004,0.29426724266800247,0.2660425305366516
ft_tkt_0004671,ft_sal_002491,ft_evt_0012,CORTESÍA,1,0.40252443406149635,0.16875348478340846,0.29803437608232564,0.27561694383621216
ft_tkt_0004672,ft_sal_002491,ft_evt_0012,CORTESÍA,0,0.40252443406149635,0.16875348478340846,0.29803437608232564,0.27561694383621216
ft_tkt_0004673,ft_sal_002492,ft_evt_0012,CORTESÍA,1,0.40252443406149635,0.1670076400423716,0.24672323988391245,0.1657218039035797
ft_tkt_0004674,ft_sal_002492,ft_evt_0012,CORTESÍA,0,0.40252443406149635,0.1670076400423716,0.24672323988391245,0.1657218039035797
ft_tkt_0004675,ft_sal_002493,ft_evt_0012,CORTESÍA,0,0.40252443406149635,0.1325430099387338,0.26728204047483967,0.1853875368833542
ft_tkt_0004676,ft_sal_002494,ft_evt_0012,CORTESÍA,1,0.40252443406149635,0.20952647899055094,0.4026879147030604,0.37258800864219666
ft_tkt_0004677,ft_sal_002495,ft_evt_0012,CORTESÍA,0,0.40252443406149635,0.17020866450297434,0.29337403048594857,0.25264257192611694
ft_tkt_0004678,ft_sal_002495,ft_evt_0012,CORTESÍA,0,0.40252443406149635,0.17020866450297434,0.29337403048594857,0.25264257192611694
ft_tkt_0004679,ft_sal_002495,ft_evt_0012,CORTESÍA,0,0.40252443406149635,0.17020866450297434,0.29337403048594857,0.25264257192611694
ft_tkt_0004680,ft_sal_002495,ft_evt_0012,CORTESÍA,0,0.40252443406149635,0.17020866450297434,0.29337403048594857,0.25264257192611694
ft_tkt_0004681,ft_sal_002496,ft_evt_0012,CORTESÍA,0,0.40252443406149635,0.2249033477813086,0.37029506659156647,0.33322829008102417
ft_tkt_0004682,ft_sal_002497,ft_evt_0012,CORTESÍA,1,0.40252443406149635,0.2071601769647147,0.4026879147030604,0.3571876287460327
ft_tkt_0004683,ft_sal_002498,ft_evt_0012,CORTESÍA,0,0.40252443406149635,0.16139754094768083,0.25472833273309237,0.24427179992198944
ft_tkt_0004684,ft_sal_002498,ft_evt_0012,CORTESÍA,0,0.40252443406149635,0.16139754094768083,0.25472833273309237,0.24427179992198944
ft_tkt_0004685,ft_sal_002498,ft_evt_0012,CORTESÍA,1,0.40252443406149635,0.16139754094768083,0.25472833273309237,0.24427179992198944
ft_tkt_0004686,ft_sal_002499,ft_evt_0012,CORTESÍA,0,0.40252443406149635,0.10453832838643802,0.2849052278455323,0.26243361830711365
ft_tkt_0004687,ft_sal_002500,ft_evt_0012,CORTESÍA,0,0.40252443406149635,0.25248553205099306,0.382411982258722,0.3410022556781769
ft_tkt_0004688,ft_sal_002500,ft_evt_0012,CORTESÍA,1,0.40252443406149635,0.25248553205099306,0.382411982258722,0.3410022556781769
ft_tkt_0004689,ft_sal_002501,ft_evt_0012,CORTESÍA,0,0.40252443406149635,0.24342004398635994,0.4056290551072541,0.45661377906799316
ft_tkt_0004690,ft_sal_002501,ft_evt_0012,CORTESÍA,1,0.40252443406149635,0.24342004398635994,0.4056290551072541,0.45661377906799316
ft_tkt_0004691,ft_sal_002502,ft_evt_0012,CORTESÍA,0,0.40252443406149635,0.12874246185108607,0.3147645522087274,0.16851982474327087
ft_tkt_0004692,ft_sal_002503,ft_evt_0012,CORTESÍA,0,0.40252443406149635,0.13010449351853773,0.178093155281338,0.1182069480419159
ft_tkt_0004693,ft_sal_002503,ft_evt_0012,CORTESÍA,0,0.40252443406149635,0.13010449351853773,0.178093155281338,0.1182069480419159
ft_tkt_0004694,ft_sal_002504,ft_evt_0012,CORTESÍA,0,0.40252443406149635,0.15222012149321706,0.24414542268788944,0.21065546572208405
ft_tkt_0004695,ft_sal_002504,ft_evt_0012,CORTESÍA,1,0.40252443406149635,0.15222012149321706,0.24414542268788944,0.21065546572208405
ft_tkt_0004696,ft_sal_002505,ft_evt_0012,CORTESÍA,0,0.40252443406149635,0.17367836029664108,0.25136963517532185,0.17601503431797028
ft_tkt_0004697,ft_sal_002506,ft_evt_0012,CORTESÍA,0,0.40252443406149635,0.2150575882674465,0.39938546427134775,0.38366660475730896
ft_tkt_0004698,ft_sal_002507,ft_evt_0012,CORTESÍA,0,0.40252443406149635,0.3254559022770591,0.4196338357161947,0.4049176573753357
ft_tkt_0004699,ft_sal_002508,ft_evt_0012,CORTESÍA,0,0.40252443406149635,0.16403322483814012,0.3350399559682138,0.29264160990715027
ft_tkt_0004700,ft_sal_002508,ft_evt_0012,CORTESÍA,0,0.40252443406149635,0.16403322483814012,0.3350399559682138,0.29264160990715027
ft_tkt_0004701,ft_sal_002508,ft_evt_0012,CORTESÍA,0,0.40252443406149635,0.16403322483814012,0.3350399559682138,0.29264160990715027
ft_tkt_0004702,ft_sal_002508,ft_evt_0012,CORTESÍA,0,0.40252443406149635,0.16403322483814012,0.3350399559682138,0.29264160990715027
ft_tkt_0004703,ft_sal_002508,ft_evt_0012,CORTESÍA,0,0.40252443406149635,0.16403322483814012,0.3350399559682138,0.29264160990715027
ft_tkt_0004704,ft_sal_002508,ft_evt_0012,CORTESÍA,1,0.40252443406149635,0.16403322483814012,0.3350399559682138,0.29264160990715027
ft_tkt_0004705,ft_sal_002509,ft_evt_0012,CORTESÍA,0,0.40252443406149635,0.09028427319044496,0.28638429229810725,0.23191872239112854
ft_tkt_0004706,ft_sal_002510,ft_evt_0012,CORTESÍA,0,0.40252443406149635,0.2071601769647147,0.4026879147030604,0.3571876287460327
ft_tkt_0004707,ft_sal_002511,ft_evt_0012,CORTESÍA,1,0.40252443406149635,0.11294164610482225,0.23724966002730125,0.15326273441314697
ft_tkt_0004708,ft_sal_002512,ft_evt_0012,CORTESÍA,0,0.40252443406149635,0.17838956524755079,0.2452661939150093,0.24006041884422302
ft_tkt_0004709,ft_sal_002512,ft_evt_0012,CORTESÍA,0,0.40252443406149635,0.17838956524755079,0.2452661939150093,0.24006041884422302
ft_tkt_0004710,ft_sal_002513,ft_evt_0012,CORTESÍA,0,0.40252443406149635,0.19070635790550872,0.33360222679184093,0.3050052523612976
ft_tkt_0004711,ft_sal_002513,ft_evt_0012,CORTESÍA,1,0.40252443406149635,0.19070635790550872,0.33360222679184093,0.3050052523612976
ft_tkt_0004712,ft_sal_002513,ft_evt_0012,CORTESÍA,0,0.40252443406149635,0.19070635790550872,0.33360222679184093,0.3050052523612976
ft_tkt_0004713,ft_sal_002514,ft_evt_0012,CORTESÍA,0,0.40252443406149635,0.23350793670934025,0.41112033586586955,0.4201034903526306
ft_tkt_0004714,ft_sal_002514,ft_evt_0012,CORTESÍA,0,0.40252443406149635,0.23350793670934025,0.41112033586586955,0.4201034903526306
ft_tkt_0004715,ft_sal_002514,ft_evt_0012,CORTESÍA,1,0.40252443406149635,0.23350793670934025,0.41112033586586955,0.4201034903526306
ft_tkt_0004716,ft_sal_002514,ft_evt_0012,CORTESÍA,1,0.40252443406149635,0.23350793670934025,0.41112033586586955,0.4201034903526306
ft_tkt_0004717,ft_sal_002515,ft_evt_0012,CORTESÍA,0,0.40252443406149635,0.3642496262451362,0.42119709840230435,0.4176907241344452
ft_tkt_0004718,ft_sal_002515,ft_evt_0012,CORTESÍA,0,0.40252443406149635,0.3642496262451362,0.42119709840230435,0.4176907241344452
ft_tkt_0004719,ft_sal_002516,ft_evt_0012,CORTESÍA,0,0.40252443406149635,0.15007232452453087,0.25367604428023793,0.19768431782722473
ft_tkt_0004720,ft_sal_002517,ft_evt_0012,CORTESÍA,1,0.40252443406149635,0.2097906233737767,0.4026879147030604,0.3736793100833893
ft_tkt_0004721,ft_sal_002518,ft_evt_0012,CORTESÍA,0,0.40252443406149635,0.16912374527637733,0.21733470335234062,0.20695433020591736
ft_tkt_0004722,ft_sal_002518,ft_evt_0012,CORTESÍA,0,0.40252443406149635,0.16912374527637733,0.21733470335234062,0.20695433020591736
ft_tkt_0004723,ft_sal_002519,ft_evt_0012,CORTESÍA,0,0.40252443406149635,0.20771802093527217,0.3235134359834616,0.24699394404888153
ft_tkt_0004724,ft_sal_002519,ft_evt_0012,CORTESÍA,1,0.40252443406149635,0.20771802093527217,0.3235134359834616,0.24699394404888153
ft_tkt_0004725,ft_sal_002520,ft_evt_0012,CORTESÍA,0,0.40252443406149635,0.3643419175357526,0.42119709840230435,0.4233071208000183
ft_tkt_0004726,ft_sal_002520,ft_evt_0012,CORTESÍA,0,0.40252443406149635,0.3643419175357526,0.42119709840230435,0.4233071208000183
ft_tkt_0004727,ft_sal_002521,ft_evt_0012,CORTESÍA,0,0.40252443406149635,0.20473914633282506,0.3129909272403356,0.3343221843242645
ft_tkt_0004728,ft_sal_002521,ft_evt_0012,CORTESÍA,0,0.40252443406149635,0.20473914633282506,0.3129909272403356,0.3343221843242645
ft_tkt_0004729,ft_sal_002522,ft_evt_0012,CORTESÍA,0,0.40252443406149635,0.23411462342279152,0.280890118493619,0.20782466232776642
ft_tkt_0004730,ft_sal_002523,ft_evt_0012,CORTESÍA,0,0.40252443406149635,0.16627710095865003,0.24647521052774396,0.1603090465068817
ft_tkt_0004731,ft_sal_002524,ft_evt_0012,CORTESÍA,0,0.40252443406149635,0.28938143846163916,0.2910167373978455,0.23390677571296692
ft_tkt_0004732,ft_sal_002525,ft_evt_0012,CORTESÍA,1,0.40252443406149635,0.23637152333546496,0.40964681857672286,0.38302433490753174
ft_tkt_0004733,ft_sal_002525,ft_evt_0012,CORTESÍA,0,0.40252443406149635,0.23637152333546496,0.40964681857672286,0.38302433490753174
ft_tkt_0004734,ft_sal_002526,ft_evt_0030,CORTESÍA,0,0.39289583504262665,0.6091323718054323,0.5278014545396088,0.49135515093803406
ft_tkt_0004735,ft_sal_002527,ft_evt_0030,CORTESÍA,0,0.39289583504262665,0.47655304496835493,0.4740299922378772,0.4185369908809662
ft_tkt_0004736,ft_sal_002528,ft_evt_0030,CORTESÍA,0,0.39289583504262665,0.5830336769851409,0.4668163159339123,0.40582913160324097
ft_tkt_0004737,ft_sal_002528,ft_evt_0030,CORTESÍA,1,0.39289583504262665,0.5830336769851409,0.4668163159339123,0.40582913160324097
ft_tkt_0004738,ft_sal_002529,ft_evt_0030,CORTESÍA,0,0.39289583504262665,0.44566526103897847,0.36898197392947407,0.2609087824821472
ft_tkt_0004739,ft_sal_002530,ft_evt_0030,CORTESÍA,1,0.39289583504262665,0.46677619829396094,0.37366128201253745,0.3989507555961609
ft_tkt_0004740,ft_sal_002531,ft_evt_0030,CORTESÍA,1,0.39289583504262665,0.4986402526501634,0.4322556158674544,0.39271074533462524
ft_tkt_0004741,ft_sal_002531,ft_evt_0030,CORTESÍA,1,0.39289583504262665,0.4986402526501634,0.4322556158674544,0.39271074533462524
ft_tkt_0004742,ft_sal_002532,ft_evt_0030,CORTESÍA,0,0.39289583504262665,0.4966464277859737,0.40799696306818023,0.3239103853702545
ft_tkt_0004743,ft_sal_002532,ft_evt_0030,CORTESÍA,0,0.39289583504262665,0.4966464277859737,0.40799696306818023,0.3239103853702545
ft_tkt_0004744,ft_sal_002532,ft_evt_0030,CORTESÍA,1,0.39289583504262665,0.4966464277859737,0.40799696306818023,0.3239103853702545
ft_tkt_0004745,ft_sal_002533,ft_evt_0030,CORTESÍA,0,0.39289583504262665,0.3893439360848921,0.3102666180714953,0.21340328454971313
ft_tkt_0004746,ft_sal_002534,ft_evt_0030,CORTESÍA,0,0.39289583504262665,0.49556601578998916,0.4960607150505307,0.5441086292266846
ft_tkt_0004747,ft_sal_002535,ft_evt_0030,CORTESÍA,1,0.39289583504262665,0.41963984360208756,0.4253318660841848,0.333008736371994
ft_tkt_0004748,ft_sal_002536,ft_evt_0030,CORTESÍA,1,0.39289583504262665,0.5719560832171107,0.46875004413096283,0.49796441197395325
ft_tkt_0004749,ft_sal_002536,ft_evt_0030,CORTESÍA,1,0.39289583504262665,0.5719560832171107,0.46875004413096283,0.49796441197395325
ft_tkt_0004750,ft_sal_002537,ft_evt_0030,CORTESÍA,0,0.39289583504262665,0.48091745293607807,0.4436887181913381,0.4386671781539917
ft_tkt_0004751,ft_sal_002537,ft_evt_0030,CORTESÍA,1,0.39289583504262665,0.48091745293607807,0.4436887181913381,0.4386671781539917
ft_tkt_0004752,ft_sal_002538,ft_evt_0030,CORTESÍA,0,0.39289583504262665,0.5300910668299494,0.46415692246846274,0.47901108860969543
ft_tkt_0004753,ft_sal_002538,ft_evt_0030,CORTESÍA,0,0.39289583504262665,0.5300910668299494,0.46415692246846274,0.47901108860969543
ft_tkt_0004754,ft_sal_002539,ft_evt_0030,CORTESÍA,1,0.39289583504262665,0.44909787514445204,0.42504251758696054,0.40207305550575256
ft_tkt_0004755,ft_sal_002540,ft_evt_0030,CORTESÍA,0,0.39289583504262665,0.47451240610534845,0.4181392785843215,0.4108416438102722
ft_tkt_0004756,ft_sal_002540,ft_evt_0030,CORTESÍA,0,0.39289583504262665,0.47451240610534845,0.4181392785843215,0.4108416438102722
ft_tkt_0004757,ft_sal_002541,ft_evt_0030,CORTESÍA,1,0.39289583504262665,0.5516766729890675,0.49468874667030915,0.47578996419906616
ft_tkt_0004758,ft_sal_002541,ft_evt_0030,CORTESÍA,0,0.39289583504262665,0.5516766729890675,0.49468874667030915,0.47578996419906616
ft_tkt_0004759,ft_sal_002542,ft_evt_0030,CORTESÍA,1,0.39289583504262665,0.5418017112345478,0.4189191853374143,0.33594611287117004
ft_tkt_0004760,ft_sal_002542,ft_evt_0030,CORTESÍA,1,0.39289583504262665,0.5418017112345478,0.4189191853374143,0.33594611287117004
ft_tkt_0004761,ft_sal_002543,ft_evt_0030,CORTESÍA,0,0.39289583504262665,0.4384464686421124,0.3757055127395133,0.2697661519050598
ft_tkt_0004762,ft_sal_002544,ft_evt_0030,CORTESÍA,1,0.39289583504262665,0.4966031532249166,0.4244472074088278,0.37446415424346924
ft_tkt_0004763,ft_sal_002544,ft_evt_0030,CORTESÍA,1,0.39289583504262665,0.4966031532249166,0.4244472074088278,0.37446415424346924
ft_tkt_0004764,ft_sal_002545,ft_evt_0030,CORTESÍA,0,0.39289583504262665,0.5512174395176402,0.4986777029846742,0.47578996419906616
ft_tkt_0004765,ft_sal_002545,ft_evt_0030,CORTESÍA,1,0.39289583504262665,0.5512174395176402,0.4986777029846742,0.47578996419906616
ft_tkt_0004766,ft_sal_002546,ft_evt_0030,CORTESÍA,0,0.39289583504262665,0.6079334751586675,0.3823111738396792,0.419757217168808
ft_tkt_0004767,ft_sal_002547,ft_evt_0030,CORTESÍA,1,0.39289583504262665,0.6091323718054323,0.5278014545396088,0.49135515093803406
ft_tkt_0004768,ft_sal_002548,ft_evt_0030,CORTESÍA,1,0.39289583504262665,0.5598355780179926,0.49209114145397287,0.4383862316608429
ft_tkt_0004769,ft_sal_002548,ft_evt_0030,CORTESÍA,1,0.39289583504262665,0.5598355780179926,0.49209114145397287,0.4383862316608429
ft_tkt_0004770,ft_sal_002549,ft_evt_0030,CORTESÍA,0,0.39289583504262665,0.5583710589378296,0.49209114145397287,0.46184077858924866
ft_tkt_0004771,ft_sal_002549,ft_evt_0030,CORTESÍA,1,0.39289583504262665,0.5583710589378296,0.49209114145397287,0.46184077858924866
ft_tkt_0004772,ft_sal_002550,ft_evt_0030,CORTESÍA,1,0.39289583504262665,0.6152989010027436,0.4310589547970726,0.3933357298374176
ft_tkt_0004773,ft_sal_002551,ft_evt_0030,CORTESÍA,1,0.39289583504262665,0.4558209686658261,0.32196884878934895,0.26215487718582153
ft_tkt_0004774,ft_sal_002552,ft_evt_0030,CORTESÍA,0,0.39289583504262665,0.5485521853878137,0.5087956363116153,0.5553897023200989
ft_tkt_0004775,ft_sal_002552,ft_evt_0030,CORTESÍA,1,0.39289583504262665,0.5485521853878137,0.5087956363116153,0.5553897023200989
ft_tkt_0004776,ft_sal_002553,ft_evt_0030,CORTESÍA,1,0.39289583504262665,0.42275197320372054,0.36604845906824235,0.3880482614040375
ft_tkt_0004777,ft_sal_002554,ft_evt_0030,CORTESÍA,1,0.39289583504262665,0.5129221520473418,0.48417855480357425,0.42737051844596863
ft_tkt_0004778,ft_sal_002555,ft_evt_0030,CORTESÍA,1,0.39289583504262665,0.5169455163801293,0.43654122868764345,0.42299991846084595
ft_tkt_0004779,ft_sal_002555,ft_evt_0030,CORTESÍA,1,0.39289583504262665,0.5169455163801293,0.43654122868764345,0.42299991846084595
ft_tkt_0004780,ft_sal_002556,ft_evt_0030,CORTESÍA,0,0.39289583504262665,0.4273814258328795,0.3770790609870001,0.4217749238014221
ft_tkt_0004781,ft_sal_002557,ft_evt_0030,CORTESÍA,0,0.39289583504262665,0.587400498265003,0.4670406082664607,0.5075642466545105
ft_tkt_0004782,ft_sal_002557,ft_evt_0030,CORTESÍA,0,0.39289583504262665,0.587400498265003,0.4670406082664607,0.5075642466545105
ft_tkt_0004783,ft_sal_002558,ft_evt_0030,CORTESÍA,0,0.39289583504262665,0.5453317986468259,0.5338369397836885,0.507343053817749
ft_tkt_0004784,ft_sal_002558,ft_evt_0030,CORTESÍA,0,0.39289583504262665,0.5453317986468259,0.5338369397836885,0.507343053817749
ft_tkt_0004785,ft_sal_002559,ft_evt_0030,CORTESÍA,1,0.39289583504262665,0.4326306701486166,0.3705446036562292,0.29107189178466797
ft_tkt_0004786,ft_sal_002559,ft_evt_0030,CORTESÍA,1,0.39289583504262665,0.4326306701486166,0.3705446036562292,0.29107189178466797
ft_tkt_0004787,ft_sal_002559,ft_evt_0030,CORTESÍA,1,0.39289583504262665,0.4326306701486166,0.3705446036562292,0.29107189178466797
ft_tkt_0004788,ft_sal_002560,ft_evt_0030,CORTESÍA,0,0.39289583504262665,0.44291313449504593,0.39383342821475303,0.4365391433238983
ft_tkt_0004789,ft_sal_002561,ft_evt_0030,CORTESÍA,0,0.39289583504262665,0.4534094071573655,0.383535884582789,0.2869642376899719
ft_tkt_0004790,ft_sal_002561,ft_evt_0030,CORTESÍA,0,0.39289583504262665,0.4534094071573655,0.383535884582789,0.2869642376899719
ft_tkt_0004791,ft_sal_002562,ft_evt_0030,CORTESÍA,0,0.39289583504262665,0.4637214197138712,0.4323823605007998,0.46758684515953064
ft_tkt_0004792,ft_sal_002563,ft_evt_0030,CORTESÍA,1,0.39289583504262665,0.6104576711827575,0.5537862459247913,0.576660692691803
ft_tkt_0004793,ft_sal_002564,ft_evt_0030,CORTESÍA,0,0.39289583504262665,0.45807586311649046,0.4112322512292463,0.25141265988349915
ft_tkt_0004794,ft_sal_002564,ft_evt_0030,CORTESÍA,0,0.39289583504262665,0.45807586311649046,0.4112322512292463,0.25141265988349915
ft_tkt_0004795,ft_sal_002565,ft_evt_0030,CORTESÍA,1,0.39289583504262665,0.5470945537985784,0.4225195003405371,0.3761308491230011
ft_tkt_0004796,ft_sal_002565,ft_evt_0030,CORTESÍA,1,0.39289583504262665,0.5470945537985784,0.4225195003405371,0.3761308491230011
ft_tkt_0004797,ft_sal_002566,ft_evt_0030,CORTESÍA,0,0.39289583504262665,0.36822064811041283,0.36236236272990613,0.35351479053497314
ft_tkt_0004798,ft_sal_002566,ft_evt_0030,CORTESÍA,0,0.39289583504262665,0.36822064811041283,0.36236236272990613,0.35351479053497314
ft_tkt_0004799,ft_sal_002567,ft_evt_0030,CORTESÍA,1,0.39289583504262665,0.48339464879712324,0.4181341303765634,0.3990820050239563
ft_tkt_0004800,ft_sal_002567,ft_evt_0030,CORTESÍA,1,0.39289583504262665,0.48339464879712324,0.4181341303765634,0.3990820050239563
ft_tkt_0004801,ft_sal_002568,ft_evt_0030,CORTESÍA,0,0.39289583504262665,0.43118046990160175,0.41199574180452475,0.3073207437992096
ft_tkt_0004802,ft_sal_002569,ft_evt_0030,CORTESÍA,1,0.39289583504262665,0.5724939470585171,0.47342040091525495,0.45885583758354187
ft_tkt_0004803,ft_sal_002569,ft_evt_0030,CORTESÍA,1,0.39289583504262665,0.5724939470585171,0.47342040091525495,0.45885583758354187
ft_tkt_0004804,ft_sal_002570,ft_evt_0030,CORTESÍA,1,0.39289583504262665,0.5453493193876136,0.4064054067506889,0.470473051071167
ft_tkt_0004805,ft_sal_002570,ft_evt_0030,CORTESÍA,0,0.39289583504262665,0.5453493193876136,0.4064054067506889,0.470473051071167
ft_tkt_0004806,ft_sal_002571,ft_evt_0030,CORTESÍA,0,0.39289583504262665,0.47049843886520104,0.41462276349048016,0.4038356840610504
ft_tkt_0004807,ft_sal_002571,ft_evt_0030,CORTESÍA,0,0.39289583504262665,0.47049843886520104,0.41462276349048016,0.4038356840610504
ft_tkt_0004808,ft_sal_002571,ft_evt_0030,CORTESÍA,1,0.39289583504262665,0.47049843886520104,0.41462276349048016,0.4038356840610504
ft_tkt_0004809,ft_sal_002571,ft_evt_0030,CORTESÍA,1,0.39289583504262665,0.47049843886520104,0.41462276349048016,0.4038356840610504
ft_tkt_0004810,ft_sal_002572,ft_evt_0030,CORTESÍA,0,0.39289583504262665,0.4602511187747236,0.41064844249388244,0.3474668264389038
ft_tkt_0004811,ft_sal_002572,ft_evt_0030,CORTESÍA,1,0.39289583504262665,0.4602511187747236,0.41064844249388244,0.3474668264389038
ft_tkt_0004812,ft_sal_002572,ft_evt_0030,CORTESÍA,1,0.39289583504262665,0.4602511187747236,0.41064844249388244,0.3474668264389038
ft_tkt_0004813,ft_sal_002572,ft_evt_0030,CORTESÍA,1,0.39289583504262665,0.4602511187747236,0.41064844249388244,0.3474668264389038
ft_tkt_0004814,ft_sal_002573,ft_evt_0030,CORTESÍA,0,0.39289583504262665,0.44739782131722444,0.4531605897526593,0.4558035135269165
ft_tkt_0004815,ft_sal_002574,ft_evt_0030,CORTESÍA,0,0.39289583504262665,0.3982688052290082,0.38086839516788534,0.3010650873184204
ft_tkt_0004816,ft_sal_002575,ft_evt_0030,CORTESÍA,1,0.39289583504262665,0.516908661421809,0.3973093697414575,0.30862247943878174
ft_tkt_0004817,ft_sal_002576,ft_evt_0055,GENERAL,1,0.9352882500254978,0.975631825768174,0.9425063453293812,0.9396911859512329
ft_tkt_0004818,ft_sal_002577,ft_evt_0055,GENERAL,1,0.9352882500254978,0.9745218575290415,0.9380606309781968,0.9290381669998169
ft_tkt_0004819,ft_sal_002578,ft_evt_0055,CORTESÍA,1,0.40252443406149635,0.6258742772919192,0.3788110446997292,0.489193320274353
ft_tkt_0004820,ft_sal_002579,ft_evt_0055,GENERAL,1,0.9352882500254978,0.9660276149483935,0.9323375286616384,0.9249163866043091
ft_tkt_0004821,ft_sal_002580,ft_evt_0055,CORTESÍA,0,0.40252443406149635,0.635729253270867,0.4460654891658012,0.48617565631866455
ft_tkt_0004822,ft_sal_002580,ft_evt_0055,CORTESÍA,0,0.40252443406149635,0.635729253270867,0.4460654891658012,0.48617565631866455
ft_tkt_0004823,ft_sal_002581,ft_evt_0055,GENERAL,1,0.9352882500254978,0.9766528475502746,0.943763800335261,0.9214754104614258
ft_tkt_0004824,ft_sal_002582,ft_evt_0055,GENERAL,1,0.9352882500254978,0.9783069171802884,0.9430504737149679,0.9426577687263489
ft_tkt_0004825,ft_sal_002582,ft_evt_0055,GENERAL,1,0.9352882500254978,0.9783069171802884,0.9430504737149679,0.9426577687263489
ft_tkt_0004826,ft_sal_002583,ft_evt_0055,GENERAL,1,0.9352882500254978,0.9858684088164279,0.9505908659426348,0.9501562118530273
ft_tkt_0004827,ft_sal_002584,ft_evt_0055,GENERAL,1,0.9352882500254978,0.9859162725127064,0.9462730952842721,0.9770680665969849
ft_tkt_0004828,ft_sal_002584,ft_evt_0055,GENERAL,0,0.9352882500254978,0.9859162725127064,0.9462730952842721,0.9770680665969849
ft_tkt_0004829,ft_sal_002585,ft_evt_0055,GENERAL,1,0.9352882500254978,0.9781272262658385,0.9361235800574199,0.9205974340438843
ft_tkt_0004830,ft_sal_002586,ft_evt_0055,GENERAL,1,0.9352882500254978,0.9881705104598578,0.9707321817890195,0.9816765785217285
ft_tkt_0004831,ft_sal_002586,ft_evt_0055,GENERAL,1,0.9352882500254978,0.9881705104598578,0.9707321817890195,0.9816765785217285
ft_tkt_0004832,ft_sal_002587,ft_evt_0055,VIP,1,0.9362121140393361,0.9807081725904507,0.9396749698025333,0.9635193943977356
ft_tkt_0004833,ft_sal_002588,ft_evt_0055,GENERAL,1,0.9352882500254978,0.9770835695848619,0.9446144699162421,0.9436115026473999
ft_tkt_0004834,ft_sal_002589,ft_evt_0055,GENERAL,1,0.9352882500254978,0.9732752034428483,0.9345541164893586,0.9340693950653076
ft_tkt_0004835,ft_sal_002589,ft_evt_0055,GENERAL,1,0.9352882500254978,0.9732752034428483,0.9345541164893586,0.9340693950653076
ft_tkt_0004836,ft_sal_002590,ft_evt_0055,PREFERENCIAL,1,0.9314496020944585,0.9790404635747825,0.945054089553812,0.9590851068496704
ft_tkt_0004837,ft_sal_002591,ft_evt_0055,GENERAL,1,0.9352882500254978,0.9891104687240102,0.9575240085502577,0.969266951084137
ft_tkt_0004838,ft_sal_002591,ft_evt_0055,GENERAL,1,0.9352882500254978,0.9891104687240102,0.9575240085502577,0.969266951084137
ft_tkt_0004839,ft_sal_002592,ft_evt_0055,GENERAL,1,0.9352882500254978,0.9799196689259032,0.9585098436595546,0.9748172760009766
ft_tkt_0004840,ft_sal_002592,ft_evt_0055,GENERAL,1,0.9352882500254978,0.9799196689259032,0.9585098436595546,0.9748172760009766
ft_tkt_0004841,ft_sal_002593,ft_evt_0055,GENERAL,1,0.9352882500254978,0.9717059949945535,0.9355852852859208,0.960838258266449
ft_tkt_0004842,ft_sal_002593,ft_evt_0055,GENERAL,1,0.9352882500254978,0.9717059949945535,0.9355852852859208,0.960838258266449
ft_tkt_0004843,ft_sal_002594,ft_evt_0055,PREFERENCIAL,1,0.9314496020944585,0.9783943142690347,0.9446715986504409,0.9594173431396484
ft_tkt_0004844,ft_sal_002595,ft_evt_0055,GENERAL,1,0.9352882500254978,0.9759549228999794,0.9431042104079543,0.9448035955429077
ft_tkt_0004845,ft_sal_002596,ft_evt_0055,GENERAL,1,0.9352882500254978,0.9823708846555723,0.9448332928878717,0.9415520429611206
ft_tkt_0004846,ft_sal_002596,ft_evt_0055,GENERAL,1,0.9352882500254978,0.9823708846555723,0.9448332928878717,0.9415520429611206
ft_tkt_0004847,ft_sal_002597,ft_evt_0055,GENERAL,1,0.9352882500254978,0.9820074165968462,0.9458169567629987,0.9596707820892334
ft_tkt_0004848,ft_sal_002597,ft_evt_0055,GENERAL,1,0.9352882500254978,0.9820074165968462,0.9458169567629987,0.9596707820892334
ft_tkt_0004849,ft_sal_002598,ft_evt_0055,PREFERENCIAL,1,0.9314496020944585,0.9815402436009497,0.9450499676647633,0.96986985206604
ft_tkt_0004850,ft_sal_002598,ft_evt_0055,PREFERENCIAL,1,0.9314496020944585,0.9815402436009497,0.9450499676647633,0.96986985206604
ft_tkt_0004851,ft_sal_002598,ft_evt_0055,PREFERENCIAL,1,0.9314496020944585,0.9815402436009497,0.9450499676647633,0.96986985206604
ft_tkt_0004852,ft_sal_002599,ft_evt_0055,VIP,1,0.9362121140393361,0.9774381121232422,0.9390082597515781,0.9496533274650574
ft_tkt_0004853,ft_sal_002600,ft_evt_0055,GENERAL,1,0.9352882500254978,0.9593024257740552,0.8904051524144972,0.9383674263954163
ft_tkt_0004854,ft_sal_002601,ft_evt_0055,GENERAL,1,0.9352882500254978,0.9801948250567755,0.9399033392407218,0.9509366750717163
ft_tkt_0004855,ft_sal_002601,ft_evt_0055,GENERAL,1,0.9352882500254978,0.9801948250567755,0.9399033392407218,0.9509366750717163
ft_tkt_0004856,ft_sal_002602,ft_evt_0055,VIP,1,0.9362121140393361,0.9860338433136483,0.9476855365801389,0.9699758291244507
ft_tkt_0004857,ft_sal_002602,ft_evt_0055,VIP,1,0.9362121140393361,0.9860338433136483,0.9476855365801389,0.9699758291244507
ft_tkt_0004858,ft_sal_002603,ft_evt_0055,VIP,1,0.9362121140393361,0.9812672641878704,0.9374149129122687,0.9530973434448242
ft_tkt_0004859,ft_sal_002603,ft_evt_0055,VIP,1,0.9362121140393361,0.9812672641878704,0.9374149129122687,0.9530973434448242
ft_tkt_0004860,ft_sal_002604,ft_evt_0055,GENERAL,1,0.9352882500254978,0.9794000371309542,0.94589220831464,0.954237699508667
ft_tkt_0004861,ft_sal_002604,ft_evt_0055,GENERAL,1,0.9352882500254978,0.9794000371309542,0.94589220831464,0.954237699508667
ft_tkt_0004862,ft_sal_002605,ft_evt_0055,GENERAL,1,0.9352882500254978,0.9816258142814228,0.9516513259132741,0.9652287364006042
ft_tkt_0004863,ft_sal_002605,ft_evt_0055,GENERAL,1,0.9352882500254978,0.9816258142814228,0.9516513259132741,0.9652287364006042
ft_tkt_0004864,ft_sal_002605,ft_evt_0055,GENERAL,1,0.9352882500254978,0.9816258142814228,0.9516513259132741,0.9652287364006042
ft_tkt_0004865,ft_sal_002605,ft_evt_0055,GENERAL,1,0.9352882500254978,0.9816258142814228,0.9516513259132741,0.9652287364006042
ft_tkt_0004866,ft_sal_002606,ft_evt_0055,GENERAL,1,0.9352882500254978,0.9754329367352882,0.9365401718620406,0.9365488290786743
ft_tkt_0004867,ft_sal_002606,ft_evt_0055,GENERAL,0,0.9352882500254978,0.9754329367352882,0.9365401718620406,0.9365488290786743
ft_tkt_0004868,ft_sal_002607,ft_evt_0055,GENERAL,1,0.9352882500254978,0.9734348853053439,0.9378984861620959,0.950108528137207
ft_tkt_0004869,ft_sal_002607,ft_evt_0055,GENERAL,1,0.9352882500254978,0.9734348853053439,0.9378984861620959,0.950108528137207
ft_tkt_0004870,ft_sal_002607,ft_evt_0055,GENERAL,1,0.9352882500254978,0.9734348853053439,0.9378984861620959,0.950108528137207
ft_tkt_0004871,ft_sal_002608,ft_evt_0055,GENERAL,1,0.9352882500254978,0.9839992643871264,0.9587516973110196,0.9635047912597656
ft_tkt_0004872,ft_sal_002608,ft_evt_0055,GENERAL,1,0.9352882500254978,0.9839992643871264,0.9587516973110196,0.9635047912597656
ft_tkt_0004873,ft_sal_002608,ft_evt_0055,GENERAL,1,0.9352882500254978,0.9839992643871264,0.9587516973110196,0.9635047912597656
ft_tkt_0004874,ft_sal_002608,ft_evt_0055,GENERAL,1,0.9352882500254978,0.9839992643871264,0.9587516973110196,0.9635047912597656
ft_tkt_0004875,ft_sal_002609,ft_evt_0055,GENERAL,1,0.9352882500254978,0.9857169437314773,0.9455580042322193,0.9503485560417175
ft_tkt_0004876,ft_sal_002610,ft_evt_0055,GENERAL,1,0.9352882500254978,0.9512759276502742,0.9349170975952088,0.9531455039978027
ft_tkt_0004877,ft_sal_002611,ft_evt_0055,GENERAL,1,0.9352882500254978,0.975187962601361,0.9040643519035425,0.9456018209457397
ft_tkt_0004878,ft_sal_002612,ft_evt_0055,PREFERENCIAL,1,0.9314496020944585,0.9800332827616807,0.9449356721582151,0.9615470767021179
ft_tkt_0004879,ft_sal_002613,ft_evt_0055,PREFERENCIAL,1,0.9314496020944585,0.9648268809947479,0.9336275568161981,0.9445351958274841
ft_tkt_0004880,ft_sal_002613,ft_evt_0055,PREFERENCIAL,1,0.9314496020944585,0.9648268809947479,0.9336275568161981,0.9445351958274841
ft_tkt_0004881,ft_sal_002614,ft_evt_0055,GENERAL,1,0.9352882500254978,0.9779102212515092,0.9440815899443786,0.9372979998588562
ft_tkt_0004882,ft_sal_002615,ft_evt_0055,GENERAL,1,0.9352882500254978,0.9930076249260006,0.9663672579131767,0.9696587324142456
ft_tkt_0004883,ft_sal_002616,ft_evt_0055,GENERAL,1,0.9352882500254978,0.9747190153708288,0.9328273965326563,0.9562526941299438
ft_tkt_0004884,ft_sal_002616,ft_evt_0055,GENERAL,1,0.9352882500254978,0.9747190153708288,0.9328273965326563,0.9562526941299438
ft_tkt_0004885,ft_sal_002617,ft_evt_0055,VIP,1,0.9362121140393361,0.9824793934834649,0.9398395984051473,0.9699208736419678
ft_tkt_0004886,ft_sal_002618,ft_evt_0055,PREFERENCIAL,1,0.9314496020944585,0.977799102402125,0.9434343275767706,0.9490311741828918
ft_tkt_0004887,ft_sal_002619,ft_evt_0055,VIP,1,0.9362121140393361,0.9817512303938799,0.9442029725188734,0.948652446269989
ft_tkt_0004888,ft_sal_002620,ft_evt_0055,GENERAL,1,0.9352882500254978,0.9523113879316579,0.9064490212260908,0.9462121725082397
ft_tkt_0004889,ft_sal_002620,ft_evt_0055,GENERAL,0,0.9352882500254978,0.9523113879316579,0.9064490212260908,0.9462121725082397
ft_tkt_0004890,ft_sal_002621,ft_evt_0055,GENERAL,1,0.9352882500254978,0.9759157751249936,0.9424565764104761,0.9463804960250854
ft_tkt_0004891,ft_sal_002622,ft_evt_0055,GENERAL,1,0.9352882500254978,0.9823136434471015,0.9440246840766081,0.9544169306755066
ft_tkt_0004892,ft_sal_002623,ft_evt_0055,GENERAL,1,0.9352882500254978,0.9657327588868403,0.9296761312265095,0.9494243860244751
ft_tkt_0004893,ft_sal_002623,ft_evt_0055,GENERAL,1,0.9352882500254978,0.9657327588868403,0.9296761312265095,0.9494243860244751
ft_tkt_0004894,ft_sal_002623,ft_evt_0055,GENERAL,1,0.9352882500254978,0.9657327588868403,0.9296761312265095,0.9494243860244751
ft_tkt_0004895,ft_sal_002623,ft_evt_0055,GENERAL,1,0.9352882500254978,0.9657327588868403,0.9296761312265095,0.9494243860244751
ft_tkt_0004896,ft_sal_002623,ft_evt_0055,GENERAL,1,0.9352882500254978,0.9657327588868403,0.9296761312265095,0.9494243860244751
ft_tkt_0004897,ft_sal_002623,ft_evt_0055,GENERAL,1,0.9352882500254978,0.9657327588868403,0.9296761312265095,0.9494243860244751
ft_tkt_0004898,ft_sal_002624,ft_evt_0055,GENERAL,1,0.9352882500254978,0.9889189427392842,0.9575124345281063,0.9526020288467407
ft_tkt_0004899,ft_sal_002624,ft_evt_0055,GENERAL,1,0.9352882500254978,0.9889189427392842,0.9575124345281063,0.9526020288467407
ft_tkt_0004900,ft_sal_002625,ft_evt_0055,PREFERENCIAL,1,0.9314496020944585,0.9881565162780889,0.9569078132670592,0.9708628058433533
ft_tkt_0004901,ft_sal_002626,ft_evt_0055,GENERAL,0,0.9352882500254978,0.9760468273681641,0.9424533698163672,0.920573890209198
ft_tkt_0004902,ft_sal_002627,ft_evt_0055,GENERAL,1,0.9352882500254978,0.9757994016320825,0.9425226902162637,0.9244861602783203
ft_tkt_0004903,ft_sal_002628,ft_evt_0055,GENERAL,1,0.9352882500254978,0.9671304800765339,0.9269427376863625,0.8836371898651123
ft_tkt_0004904,ft_sal_002629,ft_evt_0055,VIP,1,0.9362121140393361,0.9792062616542271,0.9372162943199859,0.9673982262611389
ft_tkt_0004905,ft_sal_002629,ft_evt_0055,VIP,1,0.9362121140393361,0.9792062616542271,0.9372162943199859,0.9673982262611389
ft_tkt_0004906,ft_sal_002629,ft_evt_0055,VIP,1,0.9362121140393361,0.9792062616542271,0.9372162943199859,0.9673982262611389
ft_tkt_0004907,ft_sal_002630,ft_evt_0055,VIP,1,0.9362121140393361,0.9807332622012154,0.9397743641895809,0.9685750007629395
ft_tkt_0004908,ft_sal_002631,ft_evt_0055,GENERAL,1,0.9352882500254978,0.9963877884574788,0.9739102378678418,0.9752156734466553
ft_tkt_0004909,ft_sal_002632,ft_evt_0055,GENERAL,1,0.9352882500254978,0.9659413198299793,0.9352725890224216,0.9325001239776611
ft_tkt_0004910,ft_sal_002632,ft_evt_0055,GENERAL,1,0.9352882500254978,0.9659413198299793,0.9352725890224216,0.9325001239776611
ft_tkt_0004911,ft_sal_002633,ft_evt_0055,PREFERENCIAL,1,0.9314496020944585,0.9757492281416554,0.9366406204026715,0.9627661108970642
ft_tkt_0004912,ft_sal_002634,ft_evt_0055,GENERAL,1,0.9352882500254978,0.9762678658873983,0.9421064540454784,0.9435434341430664
ft_tkt_0004913,ft_sal_002635,ft_evt_0055,PREFERENCIAL,1,0.9314496020944585,0.9743189336839808,0.9362465635552557,0.9672466516494751
ft_tkt_0004914,ft_sal_002635,ft_evt_0055,PREFERENCIAL,1,0.9314496020944585,0.9743189336839808,0.9362465635552557,0.9672466516494751
ft_tkt_0004915,ft_sal_002635,ft_evt_0055,PREFERENCIAL,1,0.9314496020944585,0.9743189336839808,0.9362465635552557,0.9672466516494751
ft_tkt_0004916,ft_sal_002636,ft_evt_0055,GENERAL,0,0.9352882500254978,0.970199381183793,0.9374801682764616,0.9576667547225952
ft_tkt_0004917,ft_sal_002636,ft_evt_0055,GENERAL,1,0.9352882500254978,0.970199381183793,0.9374801682764616,0.9576667547225952
ft_tkt_0004918,ft_sal_002637,ft_evt_0055,GENERAL,1,0.9352882500254978,0.9672926724244735,0.9398170610287067,0.9287420511245728
ft_tkt_0004919,ft_sal_002638,ft_evt_0055,VIP,1,0.9362121140393361,0.9851245071581737,0.9476515174865402,0.9708071947097778
ft_tkt_0004920,ft_sal_002638,ft_evt_0055,VIP,0,0.9362121140393361,0.9851245071581737,0.9476515174865402,0.9708071947097778
ft_tkt_0004921,ft_sal_002638,ft_evt_0055,VIP,1,0.9362121140393361,0.9851245071581737,0.9476515174865402,0.9708071947097778
ft_tkt_0004922,ft_sal_002639,ft_evt_0055,PREFERENCIAL,1,0.9314496020944585,0.9790860248750858,0.9444294849547236,0.9584981203079224
ft_tkt_0004923,ft_sal_002640,ft_evt_0055,PREFERENCIAL,1,0.9314496020944585,0.9789116561108608,0.9440813588235757,0.9621777534484863
ft_tkt_0004924,ft_sal_002641,ft_evt_0055,VIP,1,0.9362121140393361,0.9855439909289363,0.9476515174865402,0.9700725078582764
ft_tkt_0004925,ft_sal_002641,ft_evt_0055,VIP,1,0.9362121140393361,0.9855439909289363,0.9476515174865402,0.9700725078582764
ft_tkt_0004926,ft_sal_002641,ft_evt_0055,VIP,1,0.9362121140393361,0.9855439909289363,0.9476515174865402,0.9700725078582764
ft_tkt_0004927,ft_sal_002642,ft_evt_0055,GENERAL,1,0.9352882500254978,0.9759464968442481,0.9346921289030454,0.9447212815284729
ft_tkt_0004928,ft_sal_002643,ft_evt_0055,GENERAL,1,0.9352882500254978,0.9853601074805409,0.9490278413155782,0.9449658989906311
ft_tkt_0004929,ft_sal_002644,ft_evt_0055,GENERAL,1,0.9352882500254978,0.982316585047389,0.9543276606283388,0.9621428847312927
ft_tkt_0004930,ft_sal_002645,ft_evt_0055,PREFERENCIAL,1,0.9314496020944585,0.9856850541409873,0.963899311450797,0.9766331911087036
ft_tkt_0004931,ft_sal_002645,ft_evt_0055,PREFERENCIAL,1,0.9314496020944585,0.9856850541409873,0.963899311450797,0.9766331911087036
ft_tkt_0004932,ft_sal_002646,ft_evt_0055,PREFERENCIAL,1,0.9314496020944585,0.9773739937304858,0.9368451198198923,0.9607025980949402
ft_tkt_0004933,ft_sal_002646,ft_evt_0055,PREFERENCIAL,1,0.9314496020944585,0.9773739937304858,0.9368451198198923,0.9607025980949402
ft_tkt_0004934,ft_sal_002646,ft_evt_0055,PREFERENCIAL,1,0.9314496020944585,0.9773739937304858,0.9368451198198923,0.9607025980949402
ft_tkt_0004935,ft_sal_002647,ft_evt_0055,GENERAL,1,0.9352882500254978,0.9807292849920138,0.9457111862353696,0.9426115155220032
ft_tkt_0004936,ft_sal_002647,ft_evt_0055,GENERAL,1,0.9352882500254978,0.9807292849920138,0.9457111862353696,0.9426115155220032
ft_tkt_0004937,ft_sal_002648,ft_evt_0055,GENERAL,1,0.9352882500254978,0.9798908378381181,0.9392989295060509,0.9507110118865967
ft_tkt_0004938,ft_sal_002648,ft_evt_0055,GENERAL,1,0.9352882500254978,0.9798908378381181,0.9392989295060509,0.9507110118865967
ft_tkt_0004939,ft_sal_002649,ft_evt_0055,CORTESÍA,0,0.40252443406149635,0.5468733114682823,0.35509949434045845,0.33100128173828125
ft_tkt_0004940,ft_sal_002649,ft_evt_0055,CORTESÍA,1,0.40252443406149635,0.5468733114682823,0.35509949434045845,0.33100128173828125
ft_tkt_0004941,ft_sal_002650,ft_evt_0055,GENERAL,1,0.9352882500254978,0.9790651310576824,0.9623853744266629,0.9781304597854614
ft_tkt_0004942,ft_sal_002650,ft_evt_0055,GENERAL,1,0.9352882500254978,0.9790651310576824,0.9623853744266629,0.9781304597854614
ft_tkt_0004943,ft_sal_002651,ft_evt_0055,GENERAL,1,0.9352882500254978,0.9794837274590112,0.9430188682854652,0.9476800560951233
ft_tkt_0004944,ft_sal_002651,ft_evt_0055,GENERAL,1,0.9352882500254978,0.9794837274590112,0.9430188682854652,0.9476800560951233
ft_tkt_0004945,ft_sal_002651,ft_evt_0055,GENERAL,1,0.9352882500254978,0.9794837274590112,0.9430188682854652,0.9476800560951233
ft_tkt_0004946,ft_sal_002652,ft_evt_0055,GENERAL,1,0.9352882500254978,0.9800569199122955,0.9454686068314638,0.9494544863700867
ft_tkt_0004947,ft_sal_002652,ft_evt_0055,GENERAL,1,0.9352882500254978,0.9800569199122955,0.9454686068314638,0.9494544863700867
ft_tkt_0004948,ft_sal_002653,ft_evt_0055,GENERAL,1,0.9352882500254978,0.973240988456845,0.9365903198800339,0.9545463919639587
ft_tkt_0004949,ft_sal_002653,ft_evt_0055,GENERAL,1,0.9352882500254978,0.973240988456845,0.9365903198800339,0.9545463919639587
ft_tkt_0004950,ft_sal_002654,ft_evt_0055,GENERAL,0,0.9352882500254978,0.9755345461617505,0.9338578657255266,0.9184911251068115
ft_tkt_0004951,ft_sal_002654,ft_evt_0055,GENERAL,1,0.9352882500254978,0.9755345461617505,0.9338578657255266,0.9184911251068115
ft_tkt_0004952,ft_sal_002654,ft_evt_0055,GENERAL,1,0.9352882500254978,0.9755345461617505,0.9338578657255266,0.9184911251068115
ft_tkt_0004953,ft_sal_002654,ft_evt_0055,GENERAL,1,0.9352882500254978,0.9755345461617505,0.9338578657255266,0.9184911251068115
ft_tkt_0004954,ft_sal_002655,ft_evt_0055,GENERAL,1,0.9352882500254978,0.9675340568185261,0.9339678142845887,0.9352192282676697
ft_tkt_0004955,ft_sal_002656,ft_evt_0055,GENERAL,1,0.9352882500254978,0.9808657270425121,0.9445300232747208,0.9405746459960938
ft_tkt_0004956,ft_sal_002656,ft_evt_0055,GENERAL,1,0.9352882500254978,0.9808657270425121,0.9445300232747208,0.9405746459960938
ft_tkt_0004957,ft_sal_002656,ft_evt_0055,GENERAL,1,0.9352882500254978,0.9808657270425121,0.9445300232747208,0.9405746459960938
ft_tkt_0004958,ft_sal_002657,ft_evt_0055,VIP,1,0.9362121140393361,0.9572970924160947,0.9360755346231371,0.9132068157196045
ft_tkt_0004959,ft_sal_002658,ft_evt_0055,GENERAL,1,0.9352882500254978,0.9699700340558511,0.9365838478081725,0.9383389949798584
ft_tkt_0004960,ft_sal_002659,ft_evt_0055,GENERAL,1,0.9352882500254978,0.9794637023467182,0.9621379555191724,0.9659966826438904
ft_tkt_0004961,ft_sal_002660,ft_evt_0055,VIP,1,0.9362121140393361,0.9729576746978008,0.9328702256879154,0.9722798466682434
ft_tkt_0004962,ft_sal_002660,ft_evt_0055,VIP,1,0.9362121140393361,0.9729576746978008,0.9328702256879154,0.9722798466682434
ft_tkt_0004963,ft_sal_002660,ft_evt_0055,VIP,1,0.9362121140393361,0.9729576746978008,0.9328702256879154,0.9722798466682434
ft_tkt_0004964,ft_sal_002660,ft_evt_0055,VIP,1,0.9362121140393361,0.9729576746978008,0.9328702256879154,0.9722798466682434
ft_tkt_0004965,ft_sal_002661,ft_evt_0055,PREFERENCIAL,1,0.9314496020944585,0.9822832098774438,0.9623100791343668,0.9782857894897461
ft_tkt_0004966,ft_sal_002661,ft_evt_0055,PREFERENCIAL,0,0.9314496020944585,0.9822832098774438,0.9623100791343668,0.9782857894897461
ft_tkt_0004967,ft_sal_002662,ft_evt_0055,PREFERENCIAL,0,0.9314496020944585,0.981719100272463,0.9650497940317032,0.9888701438903809
ft_tkt_0004968,ft_sal_002662,ft_evt_0055,PREFERENCIAL,1,0.9314496020944585,0.981719100272463,0.9650497940317032,0.9888701438903809
ft_tkt_0004969,ft_sal_002662,ft_evt_0055,PREFERENCIAL,1,0.9314496020944585,0.981719100272463,0.9650497940317032,0.9888701438903809
ft_tkt_0004970,ft_sal_002663,ft_evt_0055,GENERAL,1,0.9352882500254978,0.980435039043722,0.9447321653479415,0.9497724771499634
ft_tkt_0004971,ft_sal_002663,ft_evt_0055,GENERAL,1,0.9352882500254978,0.980435039043722,0.9447321653479415,0.9497724771499634
ft_tkt_0004972,ft_sal_002664,ft_evt_0055,GENERAL,1,0.9352882500254978,0.979402496360903,0.9461281413757064,0.9545267224311829
ft_tkt_0004973,ft_sal_002664,ft_evt_0055,GENERAL,1,0.9352882500254978,0.979402496360903,0.9461281413757064,0.9545267224311829
ft_tkt_0004974,ft_sal_002665,ft_evt_0055,GENERAL,1,0.9352882500254978,0.9857024545442238,0.9091546243922798,0.9506994485855103
ft_tkt_0004975,ft_sal_002666,ft_evt_0055,GENERAL,0,0.9352882500254978,0.978146348044517,0.9419455280713132,0.9590480327606201
ft_tkt_0004976,ft_sal_002666,ft_evt_0055,GENERAL,1,0.9352882500254978,0.978146348044517,0.9419455280713132,0.9590480327606201
ft_tkt_0004977,ft_sal_002666,ft_evt_0055,GENERAL,1,0.9352882500254978,0.978146348044517,0.9419455280713132,0.9590480327606201
ft_tkt_0004978,ft_sal_002666,ft_evt_0055,GENERAL,1,0.9352882500254978,0.978146348044517,0.9419455280713132,0.9590480327606201
ft_tkt_0004979,ft_sal_002666,ft_evt_0055,GENERAL,1,0.9352882500254978,0.978146348044517,0.9419455280713132,0.9590480327606201
ft_tkt_0004980,ft_sal_002666,ft_evt_0055,GENERAL,1,0.9352882500254978,0.978146348044517,0.9419455280713132,0.9590480327606201
ft_tkt_0004981,ft_sal_002667,ft_evt_0055,PREFERENCIAL,1,0.9314496020944585,0.9745294521610736,0.9352887664576024,0.9474597573280334
ft_tkt_0004982,ft_sal_002668,ft_evt_0055,GENERAL,1,0.9352882500254978,0.9806198328669712,0.9445300232747208,0.9400060176849365
ft_tkt_0004983,ft_sal_002668,ft_evt_0055,GENERAL,1,0.9352882500254978,0.9806198328669712,0.9445300232747208,0.9400060176849365
ft_tkt_0004984,ft_sal_002668,ft_evt_0055,GENERAL,1,0.9352882500254978,0.9806198328669712,0.9445300232747208,0.9400060176849365
ft_tkt_0004985,ft_sal_002669,ft_evt_0055,PREFERENCIAL,1,0.9314496020944585,0.9902208558610537,0.9622764993816336,0.9754188656806946
ft_tkt_0004986,ft_sal_002670,ft_evt_0055,GENERAL,1,0.9352882500254978,0.9786327064686815,0.9454826938368254,0.9444088935852051
ft_tkt_0004987,ft_sal_002670,ft_evt_0055,GENERAL,1,0.9352882500254978,0.9786327064686815,0.9454826938368254,0.9444088935852051
ft_tkt_0004988,ft_sal_002670,ft_evt_0055,GENERAL,1,0.9352882500254978,0.9786327064686815,0.9454826938368254,0.9444088935852051
ft_tkt_0004989,ft_sal_002671,ft_evt_0055,GENERAL,1,0.9352882500254978,0.9755640763526464,0.9437806421420939,0.9428849816322327
ft_tkt_0004990,ft_sal_002672,ft_evt_0055,PREFERENCIAL,1,0.9314496020944585,0.9712203131650554,0.9341305317771974,0.9455602765083313
ft_tkt_0004991,ft_sal_002672,ft_evt_0055,PREFERENCIAL,1,0.9314496020944585,0.9712203131650554,0.9341305317771974,0.9455602765083313
ft_tkt_0004992,ft_sal_002673,ft_evt_0055,GENERAL,1,0.9352882500254978,0.9861340622306551,0.9563740462981062,0.9523658752441406
ft_tkt_0004993,ft_sal_002674,ft_evt_0055,GENERAL,1,0.9352882500254978,0.978644563618815,0.9455932066459869,0.9462465047836304
ft_tkt_0004994,ft_sal_002675,ft_evt_0055,VIP,1,0.9362121140393361,0.9818743082975759,0.9442029725188734,0.9523298740386963
ft_tkt_0004995,ft_sal_002676,ft_evt_0055,GENERAL,1,0.9352882500254978,0.9712268326540321,0.9348737055289478,0.9477413296699524
ft_tkt_0004996,ft_sal_002676,ft_evt_0055,GENERAL,1,0.9352882500254978,0.9712268326540321,0.9348737055289478,0.9477413296699524
ft_tkt_0004997,ft_sal_002677,ft_evt_0055,GENERAL,1,0.9352882500254978,0.9871014220372947,0.9528847019614883,0.9661091566085815
ft_tkt_0004998,ft_sal_002677,ft_evt_0055,GENERAL,1,0.9352882500254978,0.9871014220372947,0.9528847019614883,0.9661091566085815
ft_tkt_0004999,ft_sal_002678,ft_evt_0055,PREFERENCIAL,1,0.9314496020944585,0.975081652275591,0.936919421050802,0.9542434215545654
ft_tkt_0005000,ft_sal_002679,ft_evt_0055,GENERAL,1,0.9352882500254978,0.9778764288577109,0.9598531692376295,0.9569427371025085
ft_tkt_0005001,ft_sal_002679,ft_evt_0055,GENERAL,1,0.9352882500254978,0.9778764288577109,0.9598531692376295,0.9569427371025085
ft_tkt_0005002,ft_sal_002680,ft_evt_0055,GENERAL,1,0.9352882500254978,0.9644323681091778,0.931971101711511,0.9309453368186951
ft_tkt_0005003,ft_sal_002680,ft_evt_0055,GENERAL,1,0.9352882500254978,0.9644323681091778,0.931971101711511,0.9309453368186951
ft_tkt_0005004,ft_sal_002681,ft_evt_0055,GENERAL,1,0.9352882500254978,0.9675271507611782,0.9367202866745568,0.8889843821525574
ft_tkt_0005005,ft_sal_002682,ft_evt_0055,GENERAL,1,0.9352882500254978,0.9876897791665712,0.9444281708160864,0.9576015472412109
ft_tkt_0005006,ft_sal_002682,ft_evt_0055,GENERAL,1,0.9352882500254978,0.9876897791665712,0.9444281708160864,0.9576015472412109
ft_tkt_0005007,ft_sal_002682,ft_evt_0055,GENERAL,1,0.9352882500254978,0.9876897791665712,0.9444281708160864,0.9576015472412109
ft_tkt_0005008,ft_sal_002683,ft_evt_0055,PREFERENCIAL,1,0.9314496020944585,0.9874651037289204,0.9705385708575468,0.9894150495529175
ft_tkt_0005009,ft_sal_002683,ft_evt_0055,PREFERENCIAL,1,0.9314496020944585,0.9874651037289204,0.9705385708575468,0.9894150495529175
ft_tkt_0005010,ft_sal_002683,ft_evt_0055,PREFERENCIAL,1,0.9314496020944585,0.9874651037289204,0.9705385708575468,0.9894150495529175
ft_tkt_0005011,ft_sal_002684,ft_evt_0055,GENERAL,1,0.9352882500254978,0.9639823718346606,0.885093905390903,0.9014135599136353
ft_tkt_0005012,ft_sal_002685,ft_evt_0055,GENERAL,1,0.9352882500254978,0.9668354586896432,0.9263137719487688,0.9079172611236572
ft_tkt_0005013,ft_sal_002685,ft_evt_0055,GENERAL,0,0.9352882500254978,0.9668354586896432,0.9263137719487688,0.9079172611236572
ft_tkt_0005014,ft_sal_002685,ft_evt_0055,GENERAL,1,0.9352882500254978,0.9668354586896432,0.9263137719487688,0.9079172611236572
ft_tkt_0005015,ft_sal_002686,ft_evt_0055,GENERAL,1,0.9352882500254978,0.9780902859301747,0.9442943065067432,0.9375810623168945
ft_tkt_0005016,ft_sal_002687,ft_evt_0055,VIP,1,0.9362121140393361,0.9816607864048833,0.9363590804424121,0.9606868624687195
ft_tkt_0005017,ft_sal_002687,ft_evt_0055,VIP,1,0.9362121140393361,0.9816607864048833,0.9363590804424121,0.9606868624687195
ft_tkt_0005018,ft_sal_002688,ft_evt_0055,GENERAL,1,0.9352882500254978,0.9815866798700678,0.9651463314567627,0.9793826341629028
ft_tkt_0005019,ft_sal_002688,ft_evt_0055,GENERAL,1,0.9352882500254978,0.9815866798700678,0.9651463314567627,0.9793826341629028
ft_tkt_0005020,ft_sal_002688,ft_evt_0055,GENERAL,1,0.9352882500254978,0.9815866798700678,0.9651463314567627,0.9793826341629028
ft_tkt_0005021,ft_sal_002689,ft_evt_0055,GENERAL,0,0.9352882500254978,0.971104864609088,0.9280856673737587,0.922635018825531
ft_tkt_0005022,ft_sal_002689,ft_evt_0055,GENERAL,0,0.9352882500254978,0.971104864609088,0.9280856673737587,0.922635018825531
ft_tkt_0005023,ft_sal_002690,ft_evt_0055,GENERAL,1,0.9352882500254978,0.977847382771108,0.9356281861391048,0.9497919678688049
ft_tkt_0005024,ft_sal_002691,ft_evt_0055,GENERAL,1,0.9352882500254978,0.979725264227788,0.9405419318922253,0.9507110118865967
ft_tkt_0005025,ft_sal_002691,ft_evt_0055,GENERAL,1,0.9352882500254978,0.979725264227788,0.9405419318922253,0.9507110118865967
ft_tkt_0005026,ft_sal_002692,ft_evt_0055,PREFERENCIAL,1,0.9314496020944585,0.9814474025297835,0.9652763860504693,0.985706090927124
ft_tkt_0005027,ft_sal_002692,ft_evt_0055,PREFERENCIAL,1,0.9314496020944585,0.9814474025297835,0.9652763860504693,0.985706090927124
ft_tkt_0005028,ft_sal_002692,ft_evt_0055,PREFERENCIAL,1,0.9314496020944585,0.9814474025297835,0.9652763860504693,0.985706090927124
ft_tkt_0005029,ft_sal_002693,ft_evt_0055,PREFERENCIAL,1,0.9314496020944585,0.9729345299069725,0.9392023306683625,0.9674065709114075
ft_tkt_0005030,ft_sal_002693,ft_evt_0055,PREFERENCIAL,1,0.9314496020944585,0.9729345299069725,0.9392023306683625,0.9674065709114075
ft_tkt_0005031,ft_sal_002693,ft_evt_0055,PREFERENCIAL,1,0.9314496020944585,0.9729345299069725,0.9392023306683625,0.9674065709114075
ft_tkt_0005032,ft_sal_002694,ft_evt_0055,PREFERENCIAL,1,0.9314496020944585,0.9795144034519501,0.9459126170759329,0.9610906839370728
ft_tkt_0005033,ft_sal_002695,ft_evt_0055,GENERAL,1,0.9352882500254978,0.9814938669595412,0.9451873352765772,0.942848265171051
ft_tkt_0005034,ft_sal_002695,ft_evt_0055,GENERAL,1,0.9352882500254978,0.9814938669595412,0.9451873352765772,0.942848265171051
ft_tkt_0005035,ft_sal_002696,ft_evt_0055,GENERAL,1,0.9352882500254978,0.9782685887330846,0.9407421815931766,0.9493485689163208
ft_tkt_0005036,ft_sal_002696,ft_evt_0055,GENERAL,1,0.9352882500254978,0.9782685887330846,0.9407421815931766,0.9493485689163208
ft_tkt_0005037,ft_sal_002696,ft_evt_0055,GENERAL,1,0.9352882500254978,0.9782685887330846,0.9407421815931766,0.9493485689163208
ft_tkt_0005038,ft_sal_002696,ft_evt_0055,GENERAL,1,0.9352882500254978,0.9782685887330846,0.9407421815931766,0.9493485689163208
ft_tkt_0005039,ft_sal_002697,ft_evt_0055,PREFERENCIAL,1,0.9314496020944585,0.9893366142048983,0.9668415816905023,0.9763187766075134
ft_tkt_0005040,ft_sal_002697,ft_evt_0055,PREFERENCIAL,1,0.9314496020944585,0.9893366142048983,0.9668415816905023,0.9763187766075134
ft_tkt_0005041,ft_sal_002698,ft_evt_0055,GENERAL,1,0.9352882500254978,0.9705863445737447,0.9297678949737035,0.9430045485496521
ft_tkt_0005042,ft_sal_002698,ft_evt_0055,GENERAL,1,0.9352882500254978,0.9705863445737447,0.9297678949737035,0.9430045485496521
ft_tkt_0005043,ft_sal_002698,ft_evt_0055,GENERAL,1,0.9352882500254978,0.9705863445737447,0.9297678949737035,0.9430045485496521
ft_tkt_0005044,ft_sal_002699,ft_evt_0055,GENERAL,1,0.9352882500254978,0.9939630110989268,0.9622422802720904,0.9656031727790833
ft_tkt_0005045,ft_sal_002700,ft_evt_0055,GENERAL,1,0.9352882500254978,0.9757007234371465,0.9395756923871114,0.9419853091239929
ft_tkt_0005046,ft_sal_002701,ft_evt_0055,GENERAL,1,0.9352882500254978,0.9881714140143121,0.9563296279701415,0.9577581286430359
ft_tkt_0005047,ft_sal_002701,ft_evt_0055,GENERAL,1,0.9352882500254978,0.9881714140143121,0.9563296279701415,0.9577581286430359
ft_tkt_0005048,ft_sal_002702,ft_evt_0055,PREFERENCIAL,1,0.9314496020944585,0.9729158125637584,0.9387781409118253,0.9651871919631958
ft_tkt_0005049,ft_sal_002703,ft_evt_0055,GENERAL,1,0.9352882500254978,0.9760970390611275,0.9030853584649297,0.9438434839248657
ft_tkt_0005050,ft_sal_002704,ft_evt_0055,VIP,1,0.9362121140393361,0.9863623184961559,0.9424409784520947,0.9569770097732544
ft_tkt_0005051,ft_sal_002704,ft_evt_0055,VIP,1,0.9362121140393361,0.9863623184961559,0.9424409784520947,0.9569770097732544
ft_tkt_0005052,ft_sal_002705,ft_evt_0055,GENERAL,1,0.9352882500254978,0.9781707299783137,0.9440815899443786,0.9458490014076233
ft_tkt_0005053,ft_sal_002706,ft_evt_0055,GENERAL,1,0.9352882500254978,0.9791417523817688,0.94853813855429,0.9675973057746887
ft_tkt_0005054,ft_sal_002706,ft_evt_0055,GENERAL,1,0.9352882500254978,0.9791417523817688,0.94853813855429,0.9675973057746887
ft_tkt_0005055,ft_sal_002707,ft_evt_0055,GENERAL,1,0.9352882500254978,0.9790993146957077,0.9650536817863923,0.9818283915519714
ft_tkt_0005056,ft_sal_002707,ft_evt_0055,GENERAL,1,0.9352882500254978,0.9790993146957077,0.9650536817863923,0.9818283915519714
ft_tkt_0005057,ft_sal_002707,ft_evt_0055,GENERAL,1,0.9352882500254978,0.9790993146957077,0.9650536817863923,0.9818283915519714
ft_tkt_0005058,ft_sal_002708,ft_evt_0055,GENERAL,1,0.9352882500254978,0.972138077923788,0.9272830407369076,0.9455112814903259
ft_tkt_0005059,ft_sal_002708,ft_evt_0055,GENERAL,1,0.9352882500254978,0.972138077923788,0.9272830407369076,0.9455112814903259
ft_tkt_0005060,ft_sal_002709,ft_evt_0055,GENERAL,1,0.9352882500254978,0.9791075129041189,0.9448910797876721,0.9457199573516846
ft_tkt_0005061,ft_sal_002709,ft_evt_0055,GENERAL,1,0.9352882500254978,0.9791075129041189,0.9448910797876721,0.9457199573516846
ft_tkt_0005062,ft_sal_002709,ft_evt_0055,GENERAL,1,0.9352882500254978,0.9791075129041189,0.9448910797876721,0.9457199573516846
ft_tkt_0005063,ft_sal_002709,ft_evt_0055,GENERAL,1,0.9352882500254978,0.9791075129041189,0.9448910797876721,0.9457199573516846
ft_tkt_0005064,ft_sal_002710,ft_evt_0055,GENERAL,1,0.9352882500254978,0.9749039356885886,0.9349473179940747,0.9361191987991333
ft_tkt_0005065,ft_sal_002710,ft_evt_0055,GENERAL,1,0.9352882500254978,0.9749039356885886,0.9349473179940747,0.9361191987991333
ft_tkt_0005066,ft_sal_002711,ft_evt_0055,GENERAL,1,0.9352882500254978,0.9732122540366652,0.9357081314277166,0.9439907073974609
ft_tkt_0005067,ft_sal_002711,ft_evt_0055,GENERAL,1,0.9352882500254978,0.9732122540366652,0.9357081314277166,0.9439907073974609
ft_tkt_0005068,ft_sal_002711,ft_evt_0055,GENERAL,1,0.9352882500254978,0.9732122540366652,0.9357081314277166,0.9439907073974609
ft_tkt_0005069,ft_sal_002712,ft_evt_0055,GENERAL,1,0.9352882500254978,0.9882489269437551,0.9565438854750391,0.9604026079177856
ft_tkt_0005070,ft_sal_002712,ft_evt_0055,GENERAL,1,0.9352882500254978,0.9882489269437551,0.9565438854750391,0.9604026079177856
ft_tkt_0005071,ft_sal_002713,ft_evt_0055,VIP,1,0.9362121140393361,0.978857952981295,0.9368426238457636,0.9567801356315613
ft_tkt_0005072,ft_sal_002713,ft_evt_0055,VIP,1,0.9362121140393361,0.978857952981295,0.9368426238457636,0.9567801356315613
ft_tkt_0005073,ft_sal_002713,ft_evt_0055,VIP,1,0.9362121140393361,0.978857952981295,0.9368426238457636,0.9567801356315613
ft_tkt_0005074,ft_sal_002713,ft_evt_0055,VIP,1,0.9362121140393361,0.978857952981295,0.9368426238457636,0.9567801356315613
ft_tkt_0005075,ft_sal_002714,ft_evt_0055,GENERAL,1,0.9352882500254978,0.9797075480305952,0.9452232700885361,0.9585458040237427
ft_tkt_0005076,ft_sal_002714,ft_evt_0055,GENERAL,0,0.9352882500254978,0.9797075480305952,0.9452232700885361,0.9585458040237427
ft_tkt_0005077,ft_sal_002714,ft_evt_0055,GENERAL,1,0.9352882500254978,0.9797075480305952,0.9452232700885361,0.9585458040237427
ft_tkt_0005078,ft_sal_002714,ft_evt_0055,GENERAL,1,0.9352882500254978,0.9797075480305952,0.9452232700885361,0.9585458040237427
ft_tkt_0005079,ft_sal_002714,ft_evt_0055,GENERAL,1,0.9352882500254978,0.9797075480305952,0.9452232700885361,0.9585458040237427
ft_tkt_0005080,ft_sal_002714,ft_evt_0055,GENERAL,1,0.9352882500254978,0.9797075480305952,0.9452232700885361,0.9585458040237427
ft_tkt_0005081,ft_sal_002715,ft_evt_0055,PREFERENCIAL,1,0.9314496020944585,0.9765759087417929,0.9433597135146514,0.9472858905792236
ft_tkt_0005082,ft_sal_002716,ft_evt_0055,GENERAL,1,0.9352882500254978,0.9792884051591931,0.94589220831464,0.9545817971229553
ft_tkt_0005083,ft_sal_002716,ft_evt_0055,GENERAL,1,0.9352882500254978,0.9792884051591931,0.94589220831464,0.9545817971229553
ft_tkt_0005084,ft_sal_002717,ft_evt_0055,CORTESÍA,0,0.40252443406149635,0.7320651434965243,0.5744822541197402,0.6761102676391602
ft_tkt_0005085,ft_sal_002718,ft_evt_0055,GENERAL,1,0.9352882500254978,0.9739594775159132,0.9397338273075104,0.9262477159500122
ft_tkt_0005086,ft_sal_002719,ft_evt_0055,GENERAL,1,0.9352882500254978,0.9681486395262116,0.9337774619208636,0.9420608282089233
ft_tkt_0005087,ft_sal_002720,ft_evt_0055,GENERAL,1,0.9352882500254978,0.9748788894002478,0.8763226598518078,0.945026159286499
ft_tkt_0005088,ft_sal_002721,ft_evt_0055,GENERAL,1,0.9352882500254978,0.9492468765321407,0.9286502565717295,0.9202874898910522
ft_tkt_0005089,ft_sal_002722,ft_evt_0055,GENERAL,1,0.9352882500254978,0.9823336598681371,0.9616836138715431,0.970571756362915
ft_tkt_0005090,ft_sal_002722,ft_evt_0055,GENERAL,1,0.9352882500254978,0.9823336598681371,0.9616836138715431,0.970571756362915
ft_tkt_0005091,ft_sal_002723,ft_evt_0055,PREFERENCIAL,1,0.9314496020944585,0.9745582600687753,0.9371893785548808,0.9659156203269958
ft_tkt_0005092,ft_sal_002723,ft_evt_0055,PREFERENCIAL,1,0.9314496020944585,0.9745582600687753,0.9371893785548808,0.9659156203269958
ft_tkt_0005093,ft_sal_002723,ft_evt_0055,PREFERENCIAL,1,0.9314496020944585,0.9745582600687753,0.9371893785548808,0.9659156203269958
ft_tkt_0005094,ft_sal_002723,ft_evt_0055,PREFERENCIAL,0,0.9314496020944585,0.9745582600687753,0.9371893785548808,0.9659156203269958
ft_tkt_0005095,ft_sal_002723,ft_evt_0055,PREFERENCIAL,1,0.9314496020944585,0.9745582600687753,0.9371893785548808,0.9659156203269958
ft_tkt_0005096,ft_sal_002723,ft_evt_0055,PREFERENCIAL,1,0.9314496020944585,0.9745582600687753,0.9371893785548808,0.9659156203269958
ft_tkt_0005097,ft_sal_002724,ft_evt_0055,GENERAL,1,0.9352882500254978,0.9791936686788713,0.9446629670435139,0.9532099366188049
ft_tkt_0005098,ft_sal_002724,ft_evt_0055,GENERAL,1,0.9352882500254978,0.9791936686788713,0.9446629670435139,0.9532099366188049
ft_tkt_0005099,ft_sal_002725,ft_evt_0055,PREFERENCIAL,1,0.9314496020944585,0.9444253020781389,0.921095512122031,0.9389150738716125
ft_tkt_0005100,ft_sal_002726,ft_evt_0055,GENERAL,1,0.9352882500254978,0.9607788032288239,0.9341587691320612,0.9023601412773132
ft_tkt_0005101,ft_sal_002727,ft_evt_0021,GENERAL,1,0.9374141732240321,0.9661757470500552,0.9454879632211082,0.953307569026947
ft_tkt_0005102,ft_sal_002727,ft_evt_0021,GENERAL,1,0.9374141732240321,0.9661757470500552,0.9454879632211082,0.953307569026947
ft_tkt_0005103,ft_sal_002727,ft_evt_0021,GENERAL,0,0.9374141732240321,0.9661757470500552,0.9454879632211082,0.953307569026947
ft_tkt_0005104,ft_sal_002727,ft_evt_0021,GENERAL,1,0.9374141732240321,0.9661757470500552,0.9454879632211082,0.953307569026947
ft_tkt_0005105,ft_sal_002728,ft_evt_0021,CORTESÍA,0,0.3901232716974846,0.5127435076138807,0.465367102525178,0.4835168421268463
ft_tkt_0005106,ft_sal_002729,ft_evt_0021,GENERAL,1,0.9374141732240321,0.9536516228843785,0.9384663725109367,0.9441995620727539
ft_tkt_0005107,ft_sal_002729,ft_evt_0021,GENERAL,1,0.9374141732240321,0.9536516228843785,0.9384663725109367,0.9441995620727539
ft_tkt_0005108,ft_sal_002729,ft_evt_0021,GENERAL,1,0.9374141732240321,0.9536516228843785,0.9384663725109367,0.9441995620727539
ft_tkt_0005109,ft_sal_002730,ft_evt_0021,CORTESÍA,1,0.3901232716974846,0.35963719641732883,0.3900819765065654,0.38371625542640686
ft_tkt_0005110,ft_sal_002731,ft_evt_0021,PREFERENCIAL,1,0.9317005479219154,0.973880619331128,0.9649217683386837,0.9778122305870056
ft_tkt_0005111,ft_sal_002731,ft_evt_0021,PREFERENCIAL,1,0.9317005479219154,0.973880619331128,0.9649217683386837,0.9778122305870056
ft_tkt_0005112,ft_sal_002731,ft_evt_0021,PREFERENCIAL,1,0.9317005479219154,0.973880619331128,0.9649217683386837,0.9778122305870056
ft_tkt_0005113,ft_sal_002732,ft_evt_0021,GENERAL,1,0.9374141732240321,0.9668451568761588,0.9473067125433029,0.9696000218391418
ft_tkt_0005114,ft_sal_002732,ft_evt_0021,GENERAL,1,0.9374141732240321,0.9668451568761588,0.9473067125433029,0.9696000218391418
ft_tkt_0005115,ft_sal_002732,ft_evt_0021,GENERAL,1,0.9374141732240321,0.9668451568761588,0.9473067125433029,0.9696000218391418
ft_tkt_0005116,ft_sal_002732,ft_evt_0021,GENERAL,1,0.9374141732240321,0.9668451568761588,0.9473067125433029,0.9696000218391418
ft_tkt_0005117,ft_sal_002732,ft_evt_0021,GENERAL,1,0.9374141732240321,0.9668451568761588,0.9473067125433029,0.9696000218391418
ft_tkt_0005118,ft_sal_002732,ft_evt_0021,GENERAL,1,0.9374141732240321,0.9668451568761588,0.9473067125433029,0.9696000218391418
ft_tkt_0005119,ft_sal_002733,ft_evt_0021,PREFERENCIAL,1,0.9317005479219154,0.988887090475247,0.9544949487226783,0.9351706504821777
ft_tkt_0005120,ft_sal_002734,ft_evt_0021,CORTESÍA,1,0.3901232716974846,0.47700706956953665,0.4554739421855123,0.43799498677253723
ft_tkt_0005121,ft_sal_002734,ft_evt_0021,CORTESÍA,1,0.3901232716974846,0.47700706956953665,0.4554739421855123,0.43799498677253723
ft_tkt_0005122,ft_sal_002735,ft_evt_0021,CORTESÍA,1,0.3901232716974846,0.5731789178808794,0.39591139577628154,0.44226035475730896
ft_tkt_0005123,ft_sal_002735,ft_evt_0021,CORTESÍA,1,0.3901232716974846,0.5731789178808794,0.39591139577628154,0.44226035475730896
ft_tkt_0005124,ft_sal_002736,ft_evt_0021,VIP,1,0.9356215132776959,0.9494826943466058,0.9286751775712767,0.9528819918632507
ft_tkt_0005125,ft_sal_002736,ft_evt_0021,VIP,1,0.9356215132776959,0.9494826943466058,0.9286751775712767,0.9528819918632507
ft_tkt_0005126,ft_sal_002737,ft_evt_0021,GENERAL,1,0.9374141732240321,0.9300156266579593,0.9281350812286279,0.8864235281944275
ft_tkt_0005127,ft_sal_002738,ft_evt_0021,GENERAL,1,0.9374141732240321,0.9684254918516169,0.9494751340089996,0.9598122239112854
ft_tkt_0005128,ft_sal_002739,ft_evt_0021,CORTESÍA,0,0.3901232716974846,0.6266817676038257,0.45522464930429996,0.3758530914783478
ft_tkt_0005129,ft_sal_002740,ft_evt_0021,PREFERENCIAL,1,0.9317005479219154,0.9569524375628128,0.9387586513621793,0.9541528820991516
ft_tkt_0005130,ft_sal_002740,ft_evt_0021,PREFERENCIAL,1,0.9317005479219154,0.9569524375628128,0.9387586513621793,0.9541528820991516
ft_tkt_0005131,ft_sal_002740,ft_evt_0021,PREFERENCIAL,1,0.9317005479219154,0.9569524375628128,0.9387586513621793,0.9541528820991516
ft_tkt_0005132,ft_sal_002741,ft_evt_0021,CORTESÍA,1,0.3901232716974846,0.4724893518219853,0.43115130890729736,0.3089495301246643
ft_tkt_0005133,ft_sal_002742,ft_evt_0021,CORTESÍA,1,0.3901232716974846,0.4772755486492866,0.38694237203887005,0.36082008481025696
ft_tkt_0005134,ft_sal_002742,ft_evt_0021,CORTESÍA,0,0.3901232716974846,0.4772755486492866,0.38694237203887005,0.36082008481025696
ft_tkt_0005135,ft_sal_002743,ft_evt_0021,CORTESÍA,0,0.3901232716974846,0.41733436498494414,0.3605921484191432,0.29283231496810913
ft_tkt_0005136,ft_sal_002743,ft_evt_0021,CORTESÍA,0,0.3901232716974846,0.41733436498494414,0.3605921484191432,0.29283231496810913
ft_tkt_0005137,ft_sal_002743,ft_evt_0021,CORTESÍA,0,0.3901232716974846,0.41733436498494414,0.3605921484191432,0.29283231496810913
ft_tkt_0005138,ft_sal_002743,ft_evt_0021,CORTESÍA,1,0.3901232716974846,0.41733436498494414,0.3605921484191432,0.29283231496810913
ft_tkt_0005139,ft_sal_002743,ft_evt_0021,CORTESÍA,1,0.3901232716974846,0.41733436498494414,0.3605921484191432,0.29283231496810913
ft_tkt_0005140,ft_sal_002743,ft_evt_0021,CORTESÍA,1,0.3901232716974846,0.41733436498494414,0.3605921484191432,0.29283231496810913
ft_tkt_0005141,ft_sal_002744,ft_evt_0021,PREFERENCIAL,1,0.9317005479219154,0.9729306479102398,0.9341642200576561,0.9358370304107666
ft_tkt_0005142,ft_sal_002745,ft_evt_0021,PREFERENCIAL,1,0.9317005479219154,0.9796192855303508,0.9583835332848788,0.9759528040885925
ft_tkt_0005143,ft_sal_002745,ft_evt_0021,PREFERENCIAL,1,0.9317005479219154,0.9796192855303508,0.9583835332848788,0.9759528040885925
ft_tkt_0005144,ft_sal_002746,ft_evt_0021,GENERAL,1,0.9374141732240321,0.9337285683257496,0.936446605854331,0.9395691752433777
ft_tkt_0005145,ft_sal_002747,ft_evt_0021,VIP,1,0.9356215132776959,0.9721276201311826,0.9446507075037575,0.9583905935287476
ft_tkt_0005146,ft_sal_002748,ft_evt_0021,GENERAL,1,0.9374141732240321,0.9679028668846597,0.9287229396556783,0.8804155588150024
ft_tkt_0005147,ft_sal_002748,ft_evt_0021,GENERAL,1,0.9374141732240321,0.9679028668846597,0.9287229396556783,0.8804155588150024
ft_tkt_0005148,ft_sal_002749,ft_evt_0021,PREFERENCIAL,1,0.9317005479219154,0.9793171818518016,0.9678228264196864,0.9825730323791504
ft_tkt_0005149,ft_sal_002749,ft_evt_0021,PREFERENCIAL,1,0.9317005479219154,0.9793171818518016,0.9678228264196864,0.9825730323791504
ft_tkt_0005150,ft_sal_002750,ft_evt_0021,GENERAL,1,0.9374141732240321,0.9597633405584061,0.9328825661198055,0.9460135698318481
ft_tkt_0005151,ft_sal_002750,ft_evt_0021,GENERAL,1,0.9374141732240321,0.9597633405584061,0.9328825661198055,0.9460135698318481
ft_tkt_0005152,ft_sal_002751,ft_evt_0021,GENERAL,1,0.9374141732240321,0.9301072121080209,0.927882035915368,0.9183573722839355
ft_tkt_0005153,ft_sal_002752,ft_evt_0021,CORTESÍA,1,0.3901232716974846,0.44378044127361926,0.4202598015811282,0.43927234411239624
ft_tkt_0005154,ft_sal_002752,ft_evt_0021,CORTESÍA,0,0.3901232716974846,0.44378044127361926,0.4202598015811282,0.43927234411239624
ft_tkt_0005155,ft_sal_002752,ft_evt_0021,CORTESÍA,0,0.3901232716974846,0.44378044127361926,0.4202598015811282,0.43927234411239624
ft_tkt_0005156,ft_sal_002752,ft_evt_0021,CORTESÍA,0,0.3901232716974846,0.44378044127361926,0.4202598015811282,0.43927234411239624
ft_tkt_0005157,ft_sal_002752,ft_evt_0021,CORTESÍA,0,0.3901232716974846,0.44378044127361926,0.4202598015811282,0.43927234411239624
ft_tkt_0005158,ft_sal_002752,ft_evt_0021,CORTESÍA,0,0.3901232716974846,0.44378044127361926,0.4202598015811282,0.43927234411239624
ft_tkt_0005159,ft_sal_002753,ft_evt_0021,CORTESÍA,0,0.3901232716974846,0.5321788854779386,0.48743456944206354,0.49900931119918823
ft_tkt_0005160,ft_sal_002754,ft_evt_0021,GENERAL,1,0.9374141732240321,0.986561830743647,0.9581074445337212,0.9477916359901428
ft_tkt_0005161,ft_sal_002755,ft_evt_0021,PREFERENCIAL,1,0.9317005479219154,0.9751558202175697,0.9636812151250335,0.9642062783241272
ft_tkt_0005162,ft_sal_002755,ft_evt_0021,PREFERENCIAL,1,0.9317005479219154,0.9751558202175697,0.9636812151250335,0.9642062783241272
ft_tkt_0005163,ft_sal_002756,ft_evt_0021,VIP,1,0.9356215132776959,0.9801478103498283,0.9589768252805153,0.9759324789047241
ft_tkt_0005164,ft_sal_002756,ft_evt_0021,VIP,1,0.9356215132776959,0.9801478103498283,0.9589768252805153,0.9759324789047241
ft_tkt_0005165,ft_sal_002756,ft_evt_0021,VIP,1,0.9356215132776959,0.9801478103498283,0.9589768252805153,0.9759324789047241
ft_tkt_0005166,ft_sal_002756,ft_evt_0021,VIP,1,0.9356215132776959,0.9801478103498283,0.9589768252805153,0.9759324789047241
ft_tkt_0005167,ft_sal_002757,ft_evt_0021,GENERAL,1,0.9374141732240321,0.9687916170239905,0.8986635021891612,0.954305112361908
ft_tkt_0005168,ft_sal_002757,ft_evt_0021,GENERAL,1,0.9374141732240321,0.9687916170239905,0.8986635021891612,0.954305112361908
ft_tkt_0005169,ft_sal_002758,ft_evt_0021,CORTESÍA,0,0.3901232716974846,0.554491471673655,0.4585555733767,0.5326986312866211
ft_tkt_0005170,ft_sal_002758,ft_evt_0021,CORTESÍA,0,0.3901232716974846,0.554491471673655,0.4585555733767,0.5326986312866211
ft_tkt_0005171,ft_sal_002758,ft_evt_0021,CORTESÍA,0,0.3901232716974846,0.554491471673655,0.4585555733767,0.5326986312866211
ft_tkt_0005172,ft_sal_002758,ft_evt_0021,CORTESÍA,0,0.3901232716974846,0.554491471673655,0.4585555733767,0.5326986312866211
ft_tkt_0005173,ft_sal_002758,ft_evt_0021,CORTESÍA,0,0.3901232716974846,0.554491471673655,0.4585555733767,0.5326986312866211
ft_tkt_0005174,ft_sal_002758,ft_evt_0021,CORTESÍA,0,0.3901232716974846,0.554491471673655,0.4585555733767,0.5326986312866211
ft_tkt_0005175,ft_sal_002759,ft_evt_0021,GENERAL,1,0.9374141732240321,0.9685602911216886,0.9467303807214114,0.9600403308868408
ft_tkt_0005176,ft_sal_002759,ft_evt_0021,GENERAL,1,0.9374141732240321,0.9685602911216886,0.9467303807214114,0.9600403308868408
ft_tkt_0005177,ft_sal_002759,ft_evt_0021,GENERAL,1,0.9374141732240321,0.9685602911216886,0.9467303807214114,0.9600403308868408
ft_tkt_0005178,ft_sal_002759,ft_evt_0021,GENERAL,1,0.9374141732240321,0.9685602911216886,0.9467303807214114,0.9600403308868408
ft_tkt_0005179,ft_sal_002760,ft_evt_0021,GENERAL,1,0.9374141732240321,0.9679502543130306,0.9448271225080891,0.9622569680213928
ft_tkt_0005180,ft_sal_002761,ft_evt_0021,VIP,1,0.9356215132776959,0.960933469755705,0.9309555166151466,0.9571101069450378
ft_tkt_0005181,ft_sal_002761,ft_evt_0021,VIP,1,0.9356215132776959,0.960933469755705,0.9309555166151466,0.9571101069450378
ft_tkt_0005182,ft_sal_002762,ft_evt_0021,GENERAL,1,0.9374141732240321,0.9432629025169288,0.928182231211748,0.891767680644989
ft_tkt_0005183,ft_sal_002762,ft_evt_0021,GENERAL,1,0.9374141732240321,0.9432629025169288,0.928182231211748,0.891767680644989
ft_tkt_0005184,ft_sal_002763,ft_evt_0021,GENERAL,1,0.9374141732240321,0.9318184252661693,0.9286250784550112,0.9434086680412292
ft_tkt_0005185,ft_sal_002764,ft_evt_0021,GENERAL,1,0.9374141732240321,0.9668221608863383,0.9456652127176757,0.9572299122810364
ft_tkt_0005186,ft_sal_002765,ft_evt_0021,GENERAL,1,0.9374141732240321,0.9592398716029941,0.9290467335976141,0.9424326419830322
ft_tkt_0005187,ft_sal_002766,ft_evt_0021,PREFERENCIAL,1,0.9317005479219154,0.9594374412080474,0.9417491219670745,0.9532209038734436
ft_tkt_0005188,ft_sal_002766,ft_evt_0021,PREFERENCIAL,1,0.9317005479219154,0.9594374412080474,0.9417491219670745,0.9532209038734436
ft_tkt_0005189,ft_sal_002767,ft_evt_0021,GENERAL,1,0.9374141732240321,0.9667889692290588,0.9448036701783057,0.9557076096534729
ft_tkt_0005190,ft_sal_002768,ft_evt_0021,GENERAL,1,0.9374141732240321,0.9434701956421204,0.9340153523285232,0.8862420320510864
ft_tkt_0005191,ft_sal_002769,ft_evt_0021,CORTESÍA,1,0.3901232716974846,0.4868140065773122,0.38872838485790395,0.44369688630104065
ft_tkt_0005192,ft_sal_002769,ft_evt_0021,CORTESÍA,1,0.3901232716974846,0.4868140065773122,0.38872838485790395,0.44369688630104065
ft_tkt_0005193,ft_sal_002769,ft_evt_0021,CORTESÍA,0,0.3901232716974846,0.4868140065773122,0.38872838485790395,0.44369688630104065
ft_tkt_0005194,ft_sal_002769,ft_evt_0021,CORTESÍA,1,0.3901232716974846,0.4868140065773122,0.38872838485790395,0.44369688630104065
ft_tkt_0005195,ft_sal_002770,ft_evt_0021,GENERAL,1,0.9374141732240321,0.9653049936437368,0.9434449370909148,0.9467117190361023
ft_tkt_0005196,ft_sal_002771,ft_evt_0021,GENERAL,0,0.9374141732240321,0.9627536699896128,0.9323958769165078,0.9364109635353088
ft_tkt_0005197,ft_sal_002771,ft_evt_0021,GENERAL,1,0.9374141732240321,0.9627536699896128,0.9323958769165078,0.9364109635353088
ft_tkt_0005198,ft_sal_002772,ft_evt_0021,PREFERENCIAL,1,0.9317005479219154,0.9585493705052097,0.9291764564295141,0.9525637626647949
ft_tkt_0005199,ft_sal_002772,ft_evt_0021,PREFERENCIAL,1,0.9317005479219154,0.9585493705052097,0.9291764564295141,0.9525637626647949
ft_tkt_0005200,ft_sal_002773,ft_evt_0021,CORTESÍA,1,0.3901232716974846,0.5586901860079504,0.419646541695981,0.52431321144104
ft_tkt_0005201,ft_sal_002774,ft_evt_0059,PREFERENCIAL,0,0.9345943760947751,0.9663459361074653,0.9371020971267963,0.9378893375396729
ft_tkt_0005202,ft_sal_002775,ft_evt_0059,GENERAL,1,0.9349759289756103,0.971729835023318,0.9364871650950292,0.9527908563613892
ft_tkt_0005203,ft_sal_002775,ft_evt_0059,GENERAL,1,0.9349759289756103,0.971729835023318,0.9364871650950292,0.9527908563613892
ft_tkt_0005204,ft_sal_002776,ft_evt_0059,CORTESÍA,0,0.39289583504262665,0.5225936965271237,0.3895467466677754,0.4512520730495453
ft_tkt_0005205,ft_sal_002777,ft_evt_0059,GENERAL,1,0.9349759289756103,0.9666919553519073,0.9360798429659857,0.9477476477622986
ft_tkt_0005206,ft_sal_002778,ft_evt_0059,CORTESÍA,0,0.39289583504262665,0.5844473996606803,0.39877974925338894,0.4003237783908844
ft_tkt_0005207,ft_sal_002778,ft_evt_0059,CORTESÍA,0,0.39289583504262665,0.5844473996606803,0.39877974925338894,0.4003237783908844
ft_tkt_0005208,ft_sal_002778,ft_evt_0059,CORTESÍA,0,0.39289583504262665,0.5844473996606803,0.39877974925338894,0.4003237783908844
ft_tkt_0005209,ft_sal_002779,ft_evt_0059,CORTESÍA,0,0.39289583504262665,0.5871047747316616,0.4009740274768073,0.40661337971687317
ft_tkt_0005210,ft_sal_002779,ft_evt_0059,CORTESÍA,0,0.39289583504262665,0.5871047747316616,0.4009740274768073,0.40661337971687317
ft_tkt_0005211,ft_sal_002780,ft_evt_0059,VIP,1,0.9404152722541531,0.9774393582440825,0.9416932176220133,0.9552420377731323
ft_tkt_0005212,ft_sal_002780,ft_evt_0059,VIP,1,0.9404152722541531,0.9774393582440825,0.9416932176220133,0.9552420377731323
ft_tkt_0005213,ft_sal_002781,ft_evt_0059,PREFERENCIAL,1,0.9345943760947751,0.971962502470873,0.9371414784276115,0.9324216842651367
ft_tkt_0005214,ft_sal_002781,ft_evt_0059,PREFERENCIAL,1,0.9345943760947751,0.971962502470873,0.9371414784276115,0.9324216842651367
ft_tkt_0005215,ft_sal_002782,ft_evt_0059,PREFERENCIAL,1,0.9345943760947751,0.9452186895442337,0.9276981574645572,0.8815140724182129
ft_tkt_0005216,ft_sal_002782,ft_evt_0059,PREFERENCIAL,1,0.9345943760947751,0.9452186895442337,0.9276981574645572,0.8815140724182129
ft_tkt_0005217,ft_sal_002782,ft_evt_0059,PREFERENCIAL,1,0.9345943760947751,0.9452186895442337,0.9276981574645572,0.8815140724182129
ft_tkt_0005218,ft_sal_002782,ft_evt_0059,PREFERENCIAL,1,0.9345943760947751,0.9452186895442337,0.9276981574645572,0.8815140724182129
ft_tkt_0005219,ft_sal_002782,ft_evt_0059,PREFERENCIAL,1,0.9345943760947751,0.9452186895442337,0.9276981574645572,0.8815140724182129
ft_tkt_0005220,ft_sal_002782,ft_evt_0059,PREFERENCIAL,0,0.9345943760947751,0.9452186895442337,0.9276981574645572,0.8815140724182129
ft_tkt_0005221,ft_sal_002783,ft_evt_0059,GENERAL,1,0.9349759289756103,0.9519372330032896,0.9146729573898572,0.9250728487968445
ft_tkt_0005222,ft_sal_002783,ft_evt_0059,GENERAL,1,0.9349759289756103,0.9519372330032896,0.9146729573898572,0.9250728487968445
ft_tkt_0005223,ft_sal_002783,ft_evt_0059,GENERAL,1,0.9349759289756103,0.9519372330032896,0.9146729573898572,0.9250728487968445
ft_tkt_0005224,ft_sal_002784,ft_evt_0059,GENERAL,1,0.9349759289756103,0.965185600194133,0.9353144721334554,0.9452407360076904
ft_tkt_0005225,ft_sal_002785,ft_evt_0059,CORTESÍA,0,0.39289583504262665,0.49877861242933663,0.4038720407236322,0.4414094090461731
ft_tkt_0005226,ft_sal_002785,ft_evt_0059,CORTESÍA,1,0.39289583504262665,0.49877861242933663,0.4038720407236322,0.4414094090461731
ft_tkt_0005227,ft_sal_002785,ft_evt_0059,CORTESÍA,0,0.39289583504262665,0.49877861242933663,0.4038720407236322,0.4414094090461731
ft_tkt_0005228,ft_sal_002785,ft_evt_0059,CORTESÍA,0,0.39289583504262665,0.49877861242933663,0.4038720407236322,0.4414094090461731
ft_tkt_0005229,ft_sal_002785,ft_evt_0059,CORTESÍA,0,0.39289583504262665,0.49877861242933663,0.4038720407236322,0.4414094090461731
ft_tkt_0005230,ft_sal_002785,ft_evt_0059,CORTESÍA,0,0.39289583504262665,0.49877861242933663,0.4038720407236322,0.4414094090461731
ft_tkt_0005231,ft_sal_002786,ft_evt_0059,CORTESÍA,0,0.39289583504262665,0.5185161210569568,0.3636770702086572,0.3627404272556305
ft_tkt_0005232,ft_sal_002787,ft_evt_0059,GENERAL,1,0.9349759289756103,0.9550260080004285,0.9232852768942729,0.8986835479736328
ft_tkt_0005233,ft_sal_002787,ft_evt_0059,GENERAL,1,0.9349759289756103,0.9550260080004285,0.9232852768942729,0.8986835479736328
ft_tkt_0005234,ft_sal_002787,ft_evt_0059,GENERAL,1,0.9349759289756103,0.9550260080004285,0.9232852768942729,0.8986835479736328
ft_tkt_0005235,ft_sal_002787,ft_evt_0059,GENERAL,1,0.9349759289756103,0.9550260080004285,0.9232852768942729,0.8986835479736328
ft_tkt_0005236,ft_sal_002788,ft_evt_0059,GENERAL,1,0.9349759289756103,0.9696133356488326,0.9461939884004118,0.9537317752838135
ft_tkt_0005237,ft_sal_002789,ft_evt_0059,CORTESÍA,0,0.39289583504262665,0.507727998664048,0.4242371346581563,0.5570222735404968
ft_tkt_0005238,ft_sal_002790,ft_evt_0059,GENERAL,0,0.9349759289756103,0.9284928105246641,0.9233547753169712,0.8944758176803589
ft_tkt_0005239,ft_sal_002790,ft_evt_0059,GENERAL,0,0.9349759289756103,0.9284928105246641,0.9233547753169712,0.8944758176803589
ft_tkt_0005240,ft_sal_002790,ft_evt_0059,GENERAL,1,0.9349759289756103,0.9284928105246641,0.9233547753169712,0.8944758176803589
ft_tkt_0005241,ft_sal_002790,ft_evt_0059,GENERAL,1,0.9349759289756103,0.9284928105246641,0.9233547753169712,0.8944758176803589
ft_tkt_0005242,ft_sal_002791,ft_evt_0059,CORTESÍA,0,0.39289583504262665,0.5182380085259197,0.3636770702086572,0.3627404272556305
ft_tkt_0005243,ft_sal_002792,ft_evt_0059,CORTESÍA,1,0.39289583504262665,0.6343038897906977,0.4413095783876555,0.5141449570655823
ft_tkt_0005244,ft_sal_002793,ft_evt_0059,CORTESÍA,1,0.39289583504262665,0.5418447231070532,0.39293898231785657,0.3259730935096741
ft_tkt_0005245,ft_sal_002793,ft_evt_0059,CORTESÍA,0,0.39289583504262665,0.5418447231070532,0.39293898231785657,0.3259730935096741
ft_tkt_0005246,ft_sal_002794,ft_evt_0059,GENERAL,1,0.9349759289756103,0.9476787061538798,0.9155112621735677,0.8950877785682678
ft_tkt_0005247,ft_sal_002794,ft_evt_0059,GENERAL,1,0.9349759289756103,0.9476787061538798,0.9155112621735677,0.8950877785682678
ft_tkt_0005248,ft_sal_002795,ft_evt_0059,GENERAL,1,0.9349759289756103,0.9567477267742819,0.9207629926935886,0.9264567494392395
ft_tkt_0005249,ft_sal_002795,ft_evt_0059,GENERAL,1,0.9349759289756103,0.9567477267742819,0.9207629926935886,0.9264567494392395
ft_tkt_0005250,ft_sal_002796,ft_evt_0059,CORTESÍA,0,0.39289583504262665,0.5289880529732088,0.2609446756044598,0.4311373233795166
ft_tkt_0005251,ft_sal_002797,ft_evt_0059,GENERAL,1,0.9349759289756103,0.976098373409331,0.9437546082794466,0.9435560703277588
ft_tkt_0005252,ft_sal_002797,ft_evt_0059,GENERAL,1,0.9349759289756103,0.976098373409331,0.9437546082794466,0.9435560703277588
ft_tkt_0005253,ft_sal_002798,ft_evt_0059,GENERAL,1,0.9349759289756103,0.9618720192457809,0.9175790778621752,0.9266106486320496
ft_tkt_0005254,ft_sal_002798,ft_evt_0059,GENERAL,1,0.9349759289756103,0.9618720192457809,0.9175790778621752,0.9266106486320496
ft_tkt_0005255,ft_sal_002799,ft_evt_0059,GENERAL,1,0.9349759289756103,0.9421143535236645,0.9303273466126071,0.9244561791419983
ft_tkt_0005256,ft_sal_002800,ft_evt_0059,CORTESÍA,0,0.39289583504262665,0.5798409103563893,0.4036863311588738,0.4712262749671936
ft_tkt_0005257,ft_sal_002800,ft_evt_0059,CORTESÍA,1,0.39289583504262665,0.5798409103563893,0.4036863311588738,0.4712262749671936
ft_tkt_0005258,ft_sal_002800,ft_evt_0059,CORTESÍA,1,0.39289583504262665,0.5798409103563893,0.4036863311588738,0.4712262749671936
ft_tkt_0005259,ft_sal_002801,ft_evt_0059,CORTESÍA,1,0.39289583504262665,0.41431876189915373,0.2932962734393647,0.3249053955078125
ft_tkt_0005260,ft_sal_002801,ft_evt_0059,CORTESÍA,0,0.39289583504262665,0.41431876189915373,0.2932962734393647,0.3249053955078125
ft_tkt_0005261,ft_sal_002801,ft_evt_0059,CORTESÍA,0,0.39289583504262665,0.41431876189915373,0.2932962734393647,0.3249053955078125
ft_tkt_0005262,ft_sal_002801,ft_evt_0059,CORTESÍA,0,0.39289583504262665,0.41431876189915373,0.2932962734393647,0.3249053955078125
ft_tkt_0005263,ft_sal_002801,ft_evt_0059,CORTESÍA,0,0.39289583504262665,0.41431876189915373,0.2932962734393647,0.3249053955078125
ft_tkt_0005264,ft_sal_002801,ft_evt_0059,CORTESÍA,0,0.39289583504262665,0.41431876189915373,0.2932962734393647,0.3249053955078125
ft_tkt_0005265,ft_sal_002802,ft_evt_0059,CORTESÍA,0,0.39289583504262665,0.44569997255438426,0.3566135625449512,0.3025457262992859
ft_tkt_0005266,ft_sal_002802,ft_evt_0059,CORTESÍA,0,0.39289583504262665,0.44569997255438426,0.3566135625449512,0.3025457262992859
ft_tkt_0005267,ft_sal_002803,ft_evt_0059,PREFERENCIAL,1,0.9345943760947751,0.9600453453505386,0.954746540170258,0.9368216395378113
ft_tkt_0005268,ft_sal_002803,ft_evt_0059,PREFERENCIAL,1,0.9345943760947751,0.9600453453505386,0.954746540170258,0.9368216395378113
ft_tkt_0005269,ft_sal_002804,ft_evt_0059,GENERAL,1,0.9349759289756103,0.9509729028646907,0.904714136620893,0.9090383052825928
ft_tkt_0005270,ft_sal_002805,ft_evt_0059,PREFERENCIAL,0,0.9345943760947751,0.9681299568744891,0.9256338478041682,0.9046558737754822
ft_tkt_0005271,ft_sal_002805,ft_evt_0059,PREFERENCIAL,1,0.9345943760947751,0.9681299568744891,0.9256338478041682,0.9046558737754822
ft_tkt_0005272,ft_sal_002805,ft_evt_0059,PREFERENCIAL,1,0.9345943760947751,0.9681299568744891,0.9256338478041682,0.9046558737754822
ft_tkt_0005273,ft_sal_002806,ft_evt_0059,CORTESÍA,0,0.39289583504262665,0.6831926367412848,0.46776635755359197,0.5736910700798035
ft_tkt_0005274,ft_sal_002806,ft_evt_0059,CORTESÍA,1,0.39289583504262665,0.6831926367412848,0.46776635755359197,0.5736910700798035
ft_tkt_0005275,ft_sal_002807,ft_evt_0059,GENERAL,1,0.9349759289756103,0.9799723553783197,0.961274007177767,0.9682428240776062
ft_tkt_0005276,ft_sal_002807,ft_evt_0059,GENERAL,1,0.9349759289756103,0.9799723553783197,0.961274007177767,0.9682428240776062
ft_tkt_0005277,ft_sal_002807,ft_evt_0059,GENERAL,1,0.9349759289756103,0.9799723553783197,0.961274007177767,0.9682428240776062
ft_tkt_0005278,ft_sal_002807,ft_evt_0059,GENERAL,1,0.9349759289756103,0.9799723553783197,0.961274007177767,0.9682428240776062
ft_tkt_0005279,ft_sal_002808,ft_evt_0059,PREFERENCIAL,1,0.9345943760947751,0.9515772544271177,0.9293291107925572,0.8911699652671814
ft_tkt_0005280,ft_sal_002808,ft_evt_0059,PREFERENCIAL,1,0.9345943760947751,0.9515772544271177,0.9293291107925572,0.8911699652671814
ft_tkt_0005281,ft_sal_002808,ft_evt_0059,PREFERENCIAL,1,0.9345943760947751,0.9515772544271177,0.9293291107925572,0.8911699652671814
ft_tkt_0005282,ft_sal_002808,ft_evt_0059,PREFERENCIAL,1,0.9345943760947751,0.9515772544271177,0.9293291107925572,0.8911699652671814
ft_tkt_0005283,ft_sal_002808,ft_evt_0059,PREFERENCIAL,1,0.9345943760947751,0.9515772544271177,0.9293291107925572,0.8911699652671814
ft_tkt_0005284,ft_sal_002808,ft_evt_0059,PREFERENCIAL,1,0.9345943760947751,0.9515772544271177,0.9293291107925572,0.8911699652671814
ft_tkt_0005285,ft_sal_002809,ft_evt_0059,GENERAL,1,0.9349759289756103,0.9528366229422215,0.9359796782087829,0.9116879105567932
ft_tkt_0005286,ft_sal_002810,ft_evt_0059,GENERAL,0,0.9349759289756103,0.9705328510209562,0.9341186979685104,0.9482144713401794
ft_tkt_0005287,ft_sal_002810,ft_evt_0059,GENERAL,1,0.9349759289756103,0.9705328510209562,0.9341186979685104,0.9482144713401794
ft_tkt_0005288,ft_sal_002811,ft_evt_0059,GENERAL,1,0.9349759289756103,0.9035520656367041,0.9329820381309517,0.8938419818878174
ft_tkt_0005289,ft_sal_002812,ft_evt_0059,CORTESÍA,0,0.39289583504262665,0.5087338384004773,0.29874228213935267,0.28615859150886536
ft_tkt_0005290,ft_sal_002813,ft_evt_0059,CORTESÍA,1,0.39289583504262665,0.38542697706573,0.3273254937910383,0.3733755052089691
ft_tkt_0005291,ft_sal_002813,ft_evt_0059,CORTESÍA,0,0.39289583504262665,0.38542697706573,0.3273254937910383,0.3733755052089691
ft_tkt_0005292,ft_sal_002813,ft_evt_0059,CORTESÍA,0,0.39289583504262665,0.38542697706573,0.3273254937910383,0.3733755052089691
ft_tkt_0005293,ft_sal_002813,ft_evt_0059,CORTESÍA,0,0.39289583504262665,0.38542697706573,0.3273254937910383,0.3733755052089691
ft_tkt_0005294,ft_sal_002814,ft_evt_0059,GENERAL,1,0.9349759289756103,0.9669101732208438,0.9267513860332917,0.9200360178947449
ft_tkt_0005295,ft_sal_002814,ft_evt_0059,GENERAL,1,0.9349759289756103,0.9669101732208438,0.9267513860332917,0.9200360178947449
ft_tkt_0005296,ft_sal_002815,ft_evt_0059,GENERAL,1,0.9349759289756103,0.9532878411893821,0.9133241831959112,0.9077394604682922
ft_tkt_0005297,ft_sal_002815,ft_evt_0059,GENERAL,1,0.9349759289756103,0.9532878411893821,0.9133241831959112,0.9077394604682922
ft_tkt_0005298,ft_sal_002816,ft_evt_0059,CORTESÍA,1,0.39289583504262665,0.5283326903739778,0.3842109689756379,0.38753968477249146
ft_tkt_0005299,ft_sal_002816,ft_evt_0059,CORTESÍA,0,0.39289583504262665,0.5283326903739778,0.3842109689756379,0.38753968477249146
ft_tkt_0005300,ft_sal_002816,ft_evt_0059,CORTESÍA,1,0.39289583504262665,0.5283326903739778,0.3842109689756379,0.38753968477249146
ft_tkt_0005301,ft_sal_002817,ft_evt_0059,CORTESÍA,0,0.39289583504262665,0.5759909803297509,0.40439920947063296,0.4658270478248596
ft_tkt_0005302,ft_sal_002817,ft_evt_0059,CORTESÍA,0,0.39289583504262665,0.5759909803297509,0.40439920947063296,0.4658270478248596
ft_tkt_0005303,ft_sal_002818,ft_evt_0059,PREFERENCIAL,1,0.9345943760947751,0.9576601210113473,0.9602294392000402,0.9463741183280945
ft_tkt_0005304,ft_sal_002819,ft_evt_0059,GENERAL,1,0.9349759289756103,0.9637120778447665,0.9342281614514761,0.9446496367454529
ft_tkt_0005305,ft_sal_002820,ft_evt_0059,CORTESÍA,1,0.39289583504262665,0.4104127368585834,0.3014685445256205,0.2377975732088089
ft_tkt_0005306,ft_sal_002821,ft_evt_0059,GENERAL,1,0.9349759289756103,0.9713398581288929,0.9370240268070072,0.9385782480239868
ft_tkt_0005307,ft_sal_002821,ft_evt_0059,GENERAL,1,0.9349759289756103,0.9713398581288929,0.9370240268070072,0.9385782480239868
ft_tkt_0005308,ft_sal_002821,ft_evt_0059,GENERAL,1,0.9349759289756103,0.9713398581288929,0.9370240268070072,0.9385782480239868
ft_tkt_0005309,ft_sal_002822,ft_evt_0059,CORTESÍA,0,0.39289583504262665,0.5262054129047181,0.3916325023140332,0.3897733986377716
ft_tkt_0005310,ft_sal_002823,ft_evt_0059,CORTESÍA,0,0.39289583504262665,0.4882807636204156,0.253578437604694,0.1900905966758728
ft_tkt_0005311,ft_sal_002824,ft_evt_0059,CORTESÍA,1,0.39289583504262665,0.46118961064100694,0.30487982292286164,0.3864924907684326
ft_tkt_0005312,ft_sal_002825,ft_evt_0059,PREFERENCIAL,0,0.9345943760947751,0.9664710336303411,0.9371281349455596,0.9343227744102478
ft_tkt_0005313,ft_sal_002826,ft_evt_0059,CORTESÍA,1,0.39289583504262665,0.529906887999749,0.3930119199500157,0.39236244559288025
ft_tkt_0005314,ft_sal_002827,ft_evt_0059,CORTESÍA,0,0.39289583504262665,0.5306118799695334,0.39854689382861697,0.45984941720962524
ft_tkt_0005315,ft_sal_002827,ft_evt_0059,CORTESÍA,0,0.39289583504262665,0.5306118799695334,0.39854689382861697,0.45984941720962524
ft_tkt_0005316,ft_sal_002827,ft_evt_0059,CORTESÍA,0,0.39289583504262665,0.5306118799695334,0.39854689382861697,0.45984941720962524
ft_tkt_0005317,ft_sal_002828,ft_evt_0059,GENERAL,1,0.9349759289756103,0.9777544882739724,0.9542705329804749,0.960202693939209
ft_tkt_0005318,ft_sal_002829,ft_evt_0059,GENERAL,1,0.9349759289756103,0.955058524959911,0.9210749324045473,0.9120801091194153
ft_tkt_0005319,ft_sal_002830,ft_evt_0059,CORTESÍA,1,0.39289583504262665,0.5700809898017467,0.36193120353660474,0.42508822679519653
ft_tkt_0005320,ft_sal_002830,ft_evt_0059,CORTESÍA,0,0.39289583504262665,0.5700809898017467,0.36193120353660474,0.42508822679519653
ft_tkt_0005321,ft_sal_002831,ft_evt_0059,GENERAL,1,0.9349759289756103,0.9707115909499922,0.9343358239889945,0.9499934911727905
ft_tkt_0005322,ft_sal_002831,ft_evt_0059,GENERAL,1,0.9349759289756103,0.9707115909499922,0.9343358239889945,0.9499934911727905
ft_tkt_0005323,ft_sal_002832,ft_evt_0059,GENERAL,1,0.9349759289756103,0.9778301027574566,0.9542802561410751,0.9611769318580627
ft_tkt_0005324,ft_sal_002833,ft_evt_0059,CORTESÍA,0,0.39289583504262665,0.5195357671728342,0.3636770702086572,0.3671194612979889
ft_tkt_0005325,ft_sal_002834,ft_evt_0059,GENERAL,1,0.9349759289756103,0.9728099223650635,0.9365869239079526,0.9463441967964172
ft_tkt_0005326,ft_sal_002834,ft_evt_0059,GENERAL,0,0.9349759289756103,0.9728099223650635,0.9365869239079526,0.9463441967964172
ft_tkt_0005327,ft_sal_002835,ft_evt_0059,VIP,1,0.9404152722541531,0.960413121981352,0.9346489494087656,0.9129863381385803
ft_tkt_0005328,ft_sal_002835,ft_evt_0059,VIP,1,0.9404152722541531,0.960413121981352,0.9346489494087656,0.9129863381385803
ft_tkt_0005329,ft_sal_002835,ft_evt_0059,VIP,1,0.9404152722541531,0.960413121981352,0.9346489494087656,0.9129863381385803
ft_tkt_0005330,ft_sal_002836,ft_evt_0059,CORTESÍA,0,0.39289583504262665,0.6347344415287935,0.4495848683327745,0.5592746734619141
ft_tkt_0005331,ft_sal_002837,ft_evt_0059,VIP,1,0.9404152722541531,0.9714152816472139,0.9383589666266918,0.9391525983810425
ft_tkt_0005332,ft_sal_002837,ft_evt_0059,VIP,1,0.9404152722541531,0.9714152816472139,0.9383589666266918,0.9391525983810425
ft_tkt_0005333,ft_sal_002837,ft_evt_0059,VIP,1,0.9404152722541531,0.9714152816472139,0.9383589666266918,0.9391525983810425
ft_tkt_0005334,ft_sal_002837,ft_evt_0059,VIP,1,0.9404152722541531,0.9714152816472139,0.9383589666266918,0.9391525983810425
ft_tkt_0005335,ft_sal_002838,ft_evt_0059,GENERAL,1,0.9349759289756103,0.9593896427407895,0.9285651775504811,0.9164347052574158
ft_tkt_0005336,ft_sal_002838,ft_evt_0059,GENERAL,1,0.9349759289756103,0.9593896427407895,0.9285651775504811,0.9164347052574158
ft_tkt_0005337,ft_sal_002839,ft_evt_0059,CORTESÍA,0,0.39289583504262665,0.4552640357323433,0.3524716664493465,0.3138218820095062
ft_tkt_0005338,ft_sal_002840,ft_evt_0059,VIP,1,0.9404152722541531,0.9736843649240251,0.9434826641407341,0.943472683429718
ft_tkt_0005339,ft_sal_002841,ft_evt_0059,CORTESÍA,0,0.39289583504262665,0.5210185969594276,0.3895467466677754,0.46010899543762207
ft_tkt_0005340,ft_sal_002842,ft_evt_0059,CORTESÍA,0,0.39289583504262665,0.4268802053938655,0.30870538962071004,0.20264840126037598
ft_tkt_0005341,ft_sal_002842,ft_evt_0059,CORTESÍA,0,0.39289583504262665,0.4268802053938655,0.30870538962071004,0.20264840126037598
ft_tkt_0005342,ft_sal_002843,ft_evt_0059,CORTESÍA,0,0.39289583504262665,0.6044517977776391,0.40514544767587546,0.4157792031764984
ft_tkt_0005343,ft_sal_002843,ft_evt_0059,CORTESÍA,1,0.39289583504262665,0.6044517977776391,0.40514544767587546,0.4157792031764984
ft_tkt_0005344,ft_sal_002843,ft_evt_0059,CORTESÍA,0,0.39289583504262665,0.6044517977776391,0.40514544767587546,0.4157792031764984
ft_tkt_0005345,ft_sal_002843,ft_evt_0059,CORTESÍA,0,0.39289583504262665,0.6044517977776391,0.40514544767587546,0.4157792031764984
ft_tkt_0005346,ft_sal_002844,ft_evt_0059,CORTESÍA,1,0.39289583504262665,0.5199500754208498,0.32256114856277596,0.4487072825431824
ft_tkt_0005347,ft_sal_002844,ft_evt_0059,CORTESÍA,1,0.39289583504262665,0.5199500754208498,0.32256114856277596,0.4487072825431824
ft_tkt_0005348,ft_sal_002844,ft_evt_0059,CORTESÍA,0,0.39289583504262665,0.5199500754208498,0.32256114856277596,0.4487072825431824
ft_tkt_0005349,ft_sal_002845,ft_evt_0059,CORTESÍA,0,0.39289583504262665,0.583770382568208,0.4009740274768073,0.4064441919326782
ft_tkt_0005350,ft_sal_002845,ft_evt_0059,CORTESÍA,1,0.39289583504262665,0.583770382568208,0.4009740274768073,0.4064441919326782
ft_tkt_0005351,ft_sal_002846,ft_evt_0059,CORTESÍA,1,0.39289583504262665,0.6834336924454179,0.47318430020916036,0.5937444567680359
ft_tkt_0005352,ft_sal_002846,ft_evt_0059,CORTESÍA,1,0.39289583504262665,0.6834336924454179,0.47318430020916036,0.5937444567680359
ft_tkt_0005353,ft_sal_002847,ft_evt_0059,GENERAL,1,0.9349759289756103,0.9745668353436399,0.946085166394976,0.9542221426963806
ft_tkt_0005354,ft_sal_002848,ft_evt_0059,GENERAL,1,0.9349759289756103,0.9578565241720364,0.9350290320684264,0.9451711177825928
ft_tkt_0005355,ft_sal_002849,ft_evt_0059,PREFERENCIAL,1,0.9345943760947751,0.9639165522818742,0.9309635956337995,0.9241227507591248
ft_tkt_0005356,ft_sal_002850,ft_evt_0059,GENERAL,1,0.9349759289756103,0.9512975081683532,0.9240138043018503,0.9254154562950134
ft_tkt_0005357,ft_sal_002850,ft_evt_0059,GENERAL,1,0.9349759289756103,0.9512975081683532,0.9240138043018503,0.9254154562950134
ft_tkt_0005358,ft_sal_002850,ft_evt_0059,GENERAL,1,0.9349759289756103,0.9512975081683532,0.9240138043018503,0.9254154562950134
ft_tkt_0005359,ft_sal_002850,ft_evt_0059,GENERAL,1,0.9349759289756103,0.9512975081683532,0.9240138043018503,0.9254154562950134
ft_tkt_0005360,ft_sal_002850,ft_evt_0059,GENERAL,1,0.9349759289756103,0.9512975081683532,0.9240138043018503,0.9254154562950134
ft_tkt_0005361,ft_sal_002850,ft_evt_0059,GENERAL,1,0.9349759289756103,0.9512975081683532,0.9240138043018503,0.9254154562950134
ft_tkt_0005362,ft_sal_002851,ft_evt_0059,GENERAL,1,0.9349759289756103,0.9618545927621007,0.9423213862161441,0.9247182011604309
ft_tkt_0005363,ft_sal_002852,ft_evt_0059,GENERAL,1,0.9349759289756103,0.9495813282920477,0.9003276779833405,0.8756054043769836
ft_tkt_0005364,ft_sal_002852,ft_evt_0059,GENERAL,1,0.9349759289756103,0.9495813282920477,0.9003276779833405,0.8756054043769836
ft_tkt_0005365,ft_sal_002853,ft_evt_0059,CORTESÍA,1,0.39289583504262665,0.49003411388712786,0.4417652689318493,0.49569395184516907
ft_tkt_0005366,ft_sal_002854,ft_evt_0059,GENERAL,1,0.9349759289756103,0.9743526182363756,0.9506722857415811,0.9555694460868835
ft_tkt_0005367,ft_sal_002854,ft_evt_0059,GENERAL,1,0.9349759289756103,0.9743526182363756,0.9506722857415811,0.9555694460868835
ft_tkt_0005368,ft_sal_002854,ft_evt_0059,GENERAL,1,0.9349759289756103,0.9743526182363756,0.9506722857415811,0.9555694460868835
ft_tkt_0005369,ft_sal_002854,ft_evt_0059,GENERAL,1,0.9349759289756103,0.9743526182363756,0.9506722857415811,0.9555694460868835
ft_tkt_0005370,ft_sal_002855,ft_evt_0059,GENERAL,1,0.9349759289756103,0.967878009307159,0.9409202596278907,0.9294446706771851
ft_tkt_0005371,ft_sal_002855,ft_evt_0059,GENERAL,1,0.9349759289756103,0.967878009307159,0.9409202596278907,0.9294446706771851
ft_tkt_0005372,ft_sal_002855,ft_evt_0059,GENERAL,1,0.9349759289756103,0.967878009307159,0.9409202596278907,0.9294446706771851
ft_tkt_0005373,ft_sal_002855,ft_evt_0059,GENERAL,1,0.9349759289756103,0.967878009307159,0.9409202596278907,0.9294446706771851
ft_tkt_0005374,ft_sal_002855,ft_evt_0059,GENERAL,1,0.9349759289756103,0.967878009307159,0.9409202596278907,0.9294446706771851
ft_tkt_0005375,ft_sal_002855,ft_evt_0059,GENERAL,1,0.9349759289756103,0.967878009307159,0.9409202596278907,0.9294446706771851
ft_tkt_0005376,ft_sal_002856,ft_evt_0059,GENERAL,0,0.9349759289756103,0.9798750789856919,0.9534581019363862,0.9533026814460754
ft_tkt_0005377,ft_sal_002856,ft_evt_0059,GENERAL,1,0.9349759289756103,0.9798750789856919,0.9534581019363862,0.9533026814460754
ft_tkt_0005378,ft_sal_002856,ft_evt_0059,GENERAL,1,0.9349759289756103,0.9798750789856919,0.9534581019363862,0.9533026814460754
ft_tkt_0005379,ft_sal_002856,ft_evt_0059,GENERAL,1,0.9349759289756103,0.9798750789856919,0.9534581019363862,0.9533026814460754
ft_tkt_0005380,ft_sal_002857,ft_evt_0059,CORTESÍA,0,0.39289583504262665,0.5963441356470903,0.4047845351158528,0.4156825542449951
ft_tkt_0005381,ft_sal_002857,ft_evt_0059,CORTESÍA,1,0.39289583504262665,0.5963441356470903,0.4047845351158528,0.4156825542449951
ft_tkt_0005382,ft_sal_002858,ft_evt_0059,GENERAL,1,0.9349759289756103,0.9596121472631849,0.9442939163002934,0.9567201137542725
ft_tkt_0005383,ft_sal_002859,ft_evt_0059,GENERAL,1,0.9349759289756103,0.9702276818054916,0.9347149938871104,0.9372169375419617
ft_tkt_0005384,ft_sal_002859,ft_evt_0059,GENERAL,1,0.9349759289756103,0.9702276818054916,0.9347149938871104,0.9372169375419617
ft_tkt_0005385,ft_sal_002860,ft_evt_0059,VIP,1,0.9404152722541531,0.971545418525223,0.9375284664846312,0.9450514316558838
ft_tkt_0005386,ft_sal_002861,ft_evt_0059,CORTESÍA,0,0.39289583504262665,0.5992833067528378,0.4763683293778886,0.5696524977684021
ft_tkt_0005387,ft_sal_002861,ft_evt_0059,CORTESÍA,1,0.39289583504262665,0.5992833067528378,0.4763683293778886,0.5696524977684021
ft_tkt_0005388,ft_sal_002862,ft_evt_0059,CORTESÍA,0,0.39289583504262665,0.4876116109593894,0.3234674408634885,0.3711525797843933
ft_tkt_0005389,ft_sal_002862,ft_evt_0059,CORTESÍA,1,0.39289583504262665,0.4876116109593894,0.3234674408634885,0.3711525797843933
ft_tkt_0005390,ft_sal_002863,ft_evt_0059,GENERAL,1,0.9349759289756103,0.9685026400836009,0.9249353487077442,0.9049782156944275
ft_tkt_0005391,ft_sal_002863,ft_evt_0059,GENERAL,1,0.9349759289756103,0.9685026400836009,0.9249353487077442,0.9049782156944275
ft_tkt_0005392,ft_sal_002863,ft_evt_0059,GENERAL,1,0.9349759289756103,0.9685026400836009,0.9249353487077442,0.9049782156944275
ft_tkt_0005393,ft_sal_002864,ft_evt_0059,VIP,0,0.9404152722541531,0.9771515738878456,0.9512047337416601,0.959970235824585
ft_tkt_0005394,ft_sal_002864,ft_evt_0059,VIP,1,0.9404152722541531,0.9771515738878456,0.9512047337416601,0.959970235824585
ft_tkt_0005395,ft_sal_002865,ft_evt_0059,GENERAL,1,0.9349759289756103,0.9773772910559286,0.9542802561410751,0.9626591801643372
ft_tkt_0005396,ft_sal_002866,ft_evt_0059,GENERAL,1,0.9349759289756103,0.9698567934269053,0.9216673707484718,0.93870609998703
ft_tkt_0005397,ft_sal_002866,ft_evt_0059,GENERAL,1,0.9349759289756103,0.9698567934269053,0.9216673707484718,0.93870609998703
ft_tkt_0005398,ft_sal_002867,ft_evt_0059,CORTESÍA,0,0.39289583504262665,0.5768069405435755,0.39842827179095774,0.387155145406723
ft_tkt_0005399,ft_sal_002867,ft_evt_0059,CORTESÍA,1,0.39289583504262665,0.5768069405435755,0.39842827179095774,0.387155145406723
ft_tkt_0005400,ft_sal_002868,ft_evt_0059,CORTESÍA,0,0.39289583504262665,0.5019476641219651,0.3929884098736701,0.35794106125831604
ft_tkt_0005401,ft_sal_002868,ft_evt_0059,CORTESÍA,0,0.39289583504262665,0.5019476641219651,0.3929884098736701,0.35794106125831604
ft_tkt_0005402,ft_sal_002869,ft_evt_0059,CORTESÍA,0,0.39289583504262665,0.5221846788305762,0.33406051937471065,0.33875665068626404
ft_tkt_0005403,ft_sal_002870,ft_evt_0059,GENERAL,1,0.9349759289756103,0.9519270990220129,0.9375656873136334,0.9319103956222534
ft_tkt_0005404,ft_sal_002870,ft_evt_0059,GENERAL,1,0.9349759289756103,0.9519270990220129,0.9375656873136334,0.9319103956222534
ft_tkt_0005405,ft_sal_002871,ft_evt_0059,GENERAL,1,0.9349759289756103,0.9551791504697918,0.9266414741127773,0.9234058260917664
ft_tkt_0005406,ft_sal_002872,ft_evt_0059,GENERAL,1,0.9349759289756103,0.9641226681388624,0.9234725214015143,0.9434463381767273
ft_tkt_0005407,ft_sal_002872,ft_evt_0059,GENERAL,1,0.9349759289756103,0.9641226681388624,0.9234725214015143,0.9434463381767273
ft_tkt_0005408,ft_sal_002873,ft_evt_0059,PREFERENCIAL,1,0.9345943760947751,0.9829992735613768,0.9548718621725522,0.9684746861457825
ft_tkt_0005409,ft_sal_002873,ft_evt_0059,PREFERENCIAL,1,0.9345943760947751,0.9829992735613768,0.9548718621725522,0.9684746861457825
ft_tkt_0005410,ft_sal_002874,ft_evt_0059,CORTESÍA,1,0.39289583504262665,0.6827102302112206,0.44952551743075364,0.5287938117980957
ft_tkt_0005411,ft_sal_002874,ft_evt_0059,CORTESÍA,0,0.39289583504262665,0.6827102302112206,0.44952551743075364,0.5287938117980957
ft_tkt_0005412,ft_sal_002875,ft_evt_0059,CORTESÍA,0,0.39289583504262665,0.4543693124554849,0.2932092959522066,0.3522740602493286
ft_tkt_0005413,ft_sal_002876,ft_evt_0059,CORTESÍA,0,0.39289583504262665,0.5028387450255272,0.3488127357250511,0.33479025959968567
ft_tkt_0005414,ft_sal_002876,ft_evt_0059,CORTESÍA,1,0.39289583504262665,0.5028387450255272,0.3488127357250511,0.33479025959968567
ft_tkt_0005415,ft_sal_002877,ft_evt_0059,VIP,1,0.9404152722541531,0.9756200371165676,0.9381312523339321,0.9402150511741638
ft_tkt_0005416,ft_sal_002877,ft_evt_0059,VIP,1,0.9404152722541531,0.9756200371165676,0.9381312523339321,0.9402150511741638
ft_tkt_0005417,ft_sal_002878,ft_evt_0059,CORTESÍA,0,0.39289583504262665,0.4402612369227784,0.34474524653729494,0.29778963327407837
ft_tkt_0005418,ft_sal_002878,ft_evt_0059,CORTESÍA,0,0.39289583504262665,0.4402612369227784,0.34474524653729494,0.29778963327407837
ft_tkt_0005419,ft_sal_002878,ft_evt_0059,CORTESÍA,0,0.39289583504262665,0.4402612369227784,0.34474524653729494,0.29778963327407837
ft_tkt_0005420,ft_sal_002878,ft_evt_0059,CORTESÍA,0,0.39289583504262665,0.4402612369227784,0.34474524653729494,0.29778963327407837
ft_tkt_0005421,ft_sal_002879,ft_evt_0059,GENERAL,1,0.9349759289756103,0.9683926162533416,0.9320199770367267,0.9450220465660095
ft_tkt_0005422,ft_sal_002880,ft_evt_0059,PREFERENCIAL,1,0.9345943760947751,0.930587364849595,0.9273185042970358,0.9347367286682129
ft_tkt_0005423,ft_sal_002881,ft_evt_0059,CORTESÍA,0,0.39289583504262665,0.702970197246504,0.5470109022336898,0.7012432813644409
ft_tkt_0005424,ft_sal_002882,ft_evt_0059,PREFERENCIAL,1,0.9345943760947751,0.9656661978288394,0.953042659576842,0.9415056109428406
ft_tkt_0005425,ft_sal_002883,ft_evt_0059,VIP,1,0.9404152722541531,0.9659792862575436,0.95399143732897,0.9477769732475281
ft_tkt_0005426,ft_sal_002884,ft_evt_0059,CORTESÍA,1,0.39289583504262665,0.6825493410101273,0.44603929300471856,0.523609459400177
ft_tkt_0005427,ft_sal_002884,ft_evt_0059,CORTESÍA,0,0.39289583504262665,0.6825493410101273,0.44603929300471856,0.523609459400177
ft_tkt_0005428,ft_sal_002885,ft_evt_0059,PREFERENCIAL,1,0.9345943760947751,0.9587789856444812,0.9361049818966476,0.9215793609619141
ft_tkt_0005429,ft_sal_002885,ft_evt_0059,PREFERENCIAL,1,0.9345943760947751,0.9587789856444812,0.9361049818966476,0.9215793609619141
ft_tkt_0005430,ft_sal_002886,ft_evt_0059,GENERAL,1,0.9349759289756103,0.9624801137477792,0.926593865381416,0.9216282963752747
ft_tkt_0005431,ft_sal_002887,ft_evt_0059,CORTESÍA,0,0.39289583504262665,0.553490549914035,0.37379124945782394,0.3785931468009949
ft_tkt_0005432,ft_sal_002888,ft_evt_0059,GENERAL,1,0.9349759289756103,0.964069060273984,0.9329401937021121,0.927335262298584
ft_tkt_0005433,ft_sal_002889,ft_evt_0059,VIP,1,0.9404152722541531,0.9812065292546055,0.9548160910331376,0.9646504521369934
ft_tkt_0005434,ft_sal_002889,ft_evt_0059,VIP,1,0.9404152722541531,0.9812065292546055,0.9548160910331376,0.9646504521369934
ft_tkt_0005435,ft_sal_002889,ft_evt_0059,VIP,1,0.9404152722541531,0.9812065292546055,0.9548160910331376,0.9646504521369934
ft_tkt_0005436,ft_sal_002889,ft_evt_0059,VIP,1,0.9404152722541531,0.9812065292546055,0.9548160910331376,0.9646504521369934
ft_tkt_0005437,ft_sal_002890,ft_evt_0059,GENERAL,1,0.9349759289756103,0.9530666649097638,0.9227038574583782,0.902173638343811
ft_tkt_0005438,ft_sal_002890,ft_evt_0059,GENERAL,1,0.9349759289756103,0.9530666649097638,0.9227038574583782,0.902173638343811
ft_tkt_0005439,ft_sal_002891,ft_evt_0059,CORTESÍA,1,0.39289583504262665,0.4669144551262127,0.34243125561513127,0.29436418414115906
ft_tkt_0005440,ft_sal_002891,ft_evt_0059,CORTESÍA,1,0.39289583504262665,0.4669144551262127,0.34243125561513127,0.29436418414115906
ft_tkt_0005441,ft_sal_002892,ft_evt_0059,CORTESÍA,0,0.39289583504262665,0.5032076676194865,0.36268649903215333,0.3322637379169464
ft_tkt_0005442,ft_sal_002893,ft_evt_0059,GENERAL,1,0.9349759289756103,0.970587894056847,0.9331541798704452,0.9446577429771423
ft_tkt_0005443,ft_sal_002893,ft_evt_0059,GENERAL,1,0.9349759289756103,0.970587894056847,0.9331541798704452,0.9446577429771423
ft_tkt_0005444,ft_sal_002894,ft_evt_0059,GENERAL,1,0.9349759289756103,0.9799048137132897,0.9534482124586605,0.9546273946762085
ft_tkt_0005445,ft_sal_002894,ft_evt_0059,GENERAL,0,0.9349759289756103,0.9799048137132897,0.9534482124586605,0.9546273946762085
ft_tkt_0005446,ft_sal_002894,ft_evt_0059,GENERAL,1,0.9349759289756103,0.9799048137132897,0.9534482124586605,0.9546273946762085
ft_tkt_0005447,ft_sal_002894,ft_evt_0059,GENERAL,1,0.9349759289756103,0.9799048137132897,0.9534482124586605,0.9546273946762085
ft_tkt_0005448,ft_sal_002895,ft_evt_0059,CORTESÍA,0,0.39289583504262665,0.4948881866049759,0.3800198726993075,0.3339754045009613
ft_tkt_0005449,ft_sal_002896,ft_evt_0059,CORTESÍA,0,0.39289583504262665,0.5221304774450788,0.3895467466677754,0.4512520730495453
ft_tkt_0005450,ft_sal_002897,ft_evt_0059,GENERAL,1,0.9349759289756103,0.9651521910698144,0.929524389866491,0.9067103862762451
ft_tkt_0005451,ft_sal_002897,ft_evt_0059,GENERAL,1,0.9349759289756103,0.9651521910698144,0.929524389866491,0.9067103862762451
ft_tkt_0005452,ft_sal_002897,ft_evt_0059,GENERAL,1,0.9349759289756103,0.9651521910698144,0.929524389866491,0.9067103862762451
ft_tkt_0005453,ft_sal_002897,ft_evt_0059,GENERAL,1,0.9349759289756103,0.9651521910698144,0.929524389866491,0.9067103862762451
ft_tkt_0005454,ft_sal_002897,ft_evt_0059,GENERAL,1,0.9349759289756103,0.9651521910698144,0.929524389866491,0.9067103862762451
ft_tkt_0005455,ft_sal_002897,ft_evt_0059,GENERAL,1,0.9349759289756103,0.9651521910698144,0.929524389866491,0.9067103862762451
ft_tkt_0005456,ft_sal_002898,ft_evt_0059,GENERAL,1,0.9349759289756103,0.9803394572745876,0.9531421283956146,0.961513340473175
ft_tkt_0005457,ft_sal_002898,ft_evt_0059,GENERAL,1,0.9349759289756103,0.9803394572745876,0.9531421283956146,0.961513340473175
ft_tkt_0005458,ft_sal_002898,ft_evt_0059,GENERAL,0,0.9349759289756103,0.9803394572745876,0.9531421283956146,0.961513340473175
ft_tkt_0005459,ft_sal_002899,ft_evt_0059,CORTESÍA,1,0.39289583504262665,0.5384071433825967,0.3950685968795418,0.41171711683273315
ft_tkt_0005460,ft_sal_002900,ft_evt_0059,GENERAL,1,0.9349759289756103,0.9680850004893252,0.9242899390258459,0.9060280323028564
ft_tkt_0005461,ft_sal_002900,ft_evt_0059,GENERAL,1,0.9349759289756103,0.9680850004893252,0.9242899390258459,0.9060280323028564
ft_tkt_0005462,ft_sal_002900,ft_evt_0059,GENERAL,1,0.9349759289756103,0.9680850004893252,0.9242899390258459,0.9060280323028564
ft_tkt_0005463,ft_sal_002900,ft_evt_0059,GENERAL,1,0.9349759289756103,0.9680850004893252,0.9242899390258459,0.9060280323028564
ft_tkt_0005464,ft_sal_002901,ft_evt_0059,CORTESÍA,0,0.39289583504262665,0.5796142387741874,0.3995850609483858,0.40382397174835205
ft_tkt_0005465,ft_sal_002901,ft_evt_0059,CORTESÍA,0,0.39289583504262665,0.5796142387741874,0.3995850609483858,0.40382397174835205
ft_tkt_0005466,ft_sal_002902,ft_evt_0059,CORTESÍA,0,0.39289583504262665,0.5824163963929688,0.4001255832837646,0.4003237783908844
ft_tkt_0005467,ft_sal_002902,ft_evt_0059,CORTESÍA,0,0.39289583504262665,0.5824163963929688,0.4001255832837646,0.4003237783908844
ft_tkt_0005468,ft_sal_002903,ft_evt_0059,CORTESÍA,0,0.39289583504262665,0.5835899229041244,0.4009740274768073,0.4064441919326782
ft_tkt_0005469,ft_sal_002903,ft_evt_0059,CORTESÍA,0,0.39289583504262665,0.5835899229041244,0.4009740274768073,0.4064441919326782
ft_tkt_0005470,ft_sal_002904,ft_evt_0059,PREFERENCIAL,1,0.9345943760947751,0.9681659812741558,0.9265782787417024,0.9208862781524658
ft_tkt_0005471,ft_sal_002904,ft_evt_0059,PREFERENCIAL,1,0.9345943760947751,0.9681659812741558,0.9265782787417024,0.9208862781524658
ft_tkt_0005472,ft_sal_002904,ft_evt_0059,PREFERENCIAL,1,0.9345943760947751,0.9681659812741558,0.9265782787417024,0.9208862781524658
ft_tkt_0005473,ft_sal_002905,ft_evt_0059,GENERAL,1,0.9349759289756103,0.9710241607708606,0.9348122502016779,0.9426477551460266
ft_tkt_0005474,ft_sal_002905,ft_evt_0059,GENERAL,1,0.9349759289756103,0.9710241607708606,0.9348122502016779,0.9426477551460266
ft_tkt_0005475,ft_sal_002906,ft_evt_0059,CORTESÍA,0,0.39289583504262665,0.46832442539469243,0.3343385166297024,0.3262093663215637
ft_tkt_0005476,ft_sal_002907,ft_evt_0059,CORTESÍA,1,0.39289583504262665,0.6820664107754663,0.44001667852812554,0.5005921125411987
ft_tkt_0005477,ft_sal_002907,ft_evt_0059,CORTESÍA,1,0.39289583504262665,0.6820664107754663,0.44001667852812554,0.5005921125411987
ft_tkt_0005478,ft_sal_002908,ft_evt_0059,CORTESÍA,1,0.39289583504262665,0.6834336924454179,0.47318430020916036,0.5937444567680359
ft_tkt_0005479,ft_sal_002908,ft_evt_0059,CORTESÍA,1,0.39289583504262665,0.6834336924454179,0.47318430020916036,0.5937444567680359
ft_tkt_0005480,ft_sal_002909,ft_evt_0059,GENERAL,1,0.9349759289756103,0.9679629515517714,0.9278379545276152,0.9494063258171082
ft_tkt_0005481,ft_sal_002910,ft_evt_0059,GENERAL,1,0.9349759289756103,0.9693223399010537,0.932589473444613,0.9363226294517517
ft_tkt_0005482,ft_sal_002910,ft_evt_0059,GENERAL,1,0.9349759289756103,0.9693223399010537,0.932589473444613,0.9363226294517517
ft_tkt_0005483,ft_sal_002910,ft_evt_0059,GENERAL,1,0.9349759289756103,0.9693223399010537,0.932589473444613,0.9363226294517517
ft_tkt_0005484,ft_sal_002911,ft_evt_0059,GENERAL,1,0.9349759289756103,0.965748063328168,0.935960750029252,0.9368630647659302
ft_tkt_0005485,ft_sal_002912,ft_evt_0059,CORTESÍA,1,0.39289583504262665,0.4879736253332243,0.3238581810652557,0.33737924695014954
ft_tkt_0005486,ft_sal_002913,ft_evt_0059,GENERAL,1,0.9349759289756103,0.9292157461374295,0.9409307892247765,0.9315990805625916
ft_tkt_0005487,ft_sal_002914,ft_evt_0059,CORTESÍA,1,0.39289583504262665,0.46007369053238545,0.3746650263687633,0.3475571274757385
ft_tkt_0005488,ft_sal_002914,ft_evt_0059,CORTESÍA,0,0.39289583504262665,0.46007369053238545,0.3746650263687633,0.3475571274757385
ft_tkt_0005489,ft_sal_002915,ft_evt_0059,CORTESÍA,0,0.39289583504262665,0.5196712986267381,0.32206538979356936,0.5128882527351379
ft_tkt_0005490,ft_sal_002916,ft_evt_0059,GENERAL,1,0.9349759289756103,0.950591659209893,0.9349561248746934,0.9199728965759277
ft_tkt_0005491,ft_sal_002917,ft_evt_0059,CORTESÍA,0,0.39289583504262665,0.5305543199286347,0.3930119199500157,0.39236244559288025
ft_tkt_0005492,ft_sal_002918,ft_evt_0059,GENERAL,1,0.9349759289756103,0.9786989182992258,0.9271269181765828,0.9002723097801208
ft_tkt_0005493,ft_sal_002918,ft_evt_0059,GENERAL,1,0.9349759289756103,0.9786989182992258,0.9271269181765828,0.9002723097801208
ft_tkt_0005494,ft_sal_002919,ft_evt_0059,PREFERENCIAL,0,0.9345943760947751,0.9699325317306321,0.9274954263811034,0.9114475846290588
ft_tkt_0005495,ft_sal_002919,ft_evt_0059,PREFERENCIAL,1,0.9345943760947751,0.9699325317306321,0.9274954263811034,0.9114475846290588
ft_tkt_0005496,ft_sal_002920,ft_evt_0059,GENERAL,1,0.9349759289756103,0.9367866460537968,0.9137462989067587,0.8977839946746826
ft_tkt_0005497,ft_sal_002921,ft_evt_0059,CORTESÍA,0,0.39289583504262665,0.52120392476386,0.3895467466677754,0.46010899543762207
ft_tkt_0005498,ft_sal_002922,ft_evt_0059,GENERAL,1,0.9349759289756103,0.9547858072980636,0.9260770631315983,0.9262664318084717
ft_tkt_0005499,ft_sal_002923,ft_evt_0059,CORTESÍA,1,0.39289583504262665,0.4512619818794008,0.332156623615752,0.2702944278717041
ft_tkt_0005500,ft_sal_002924,ft_evt_0059,CORTESÍA,1,0.39289583504262665,0.39244786430862216,0.2720729920796673,0.19978071749210358
ft_tkt_0005501,ft_sal_002925,ft_evt_0059,GENERAL,1,0.9349759289756103,0.9548680775062646,0.9263635614658351,0.9488916993141174
ft_tkt_0005502,ft_sal_002926,ft_evt_0059,GENERAL,0,0.9349759289756103,0.9838006767018916,0.9655203889356917,0.9744414687156677
ft_tkt_0005503,ft_sal_002927,ft_evt_0059,CORTESÍA,1,0.39289583504262665,0.43252316090103027,0.3360736439876202,0.35341566801071167
ft_tkt_0005504,ft_sal_002927,ft_evt_0059,CORTESÍA,1,0.39289583504262665,0.43252316090103027,0.3360736439876202,0.35341566801071167
ft_tkt_0005505,ft_sal_002928,ft_evt_0059,CORTESÍA,0,0.39289583504262665,0.5866443292060336,0.34347068497105643,0.5136826634407043
ft_tkt_0005506,ft_sal_002929,ft_evt_0059,CORTESÍA,1,0.39289583504262665,0.5441570703413857,0.367383716738882,0.42728230357170105
ft_tkt_0005507,ft_sal_002930,ft_evt_0059,GENERAL,1,0.9349759289756103,0.9565708376042917,0.9341217230137743,0.9399821162223816
ft_tkt_0005508,ft_sal_002931,ft_evt_0059,GENERAL,1,0.9349759289756103,0.9728698052781267,0.9501236660744056,0.9491482377052307
ft_tkt_0005509,ft_sal_002931,ft_evt_0059,GENERAL,1,0.9349759289756103,0.9728698052781267,0.9501236660744056,0.9491482377052307
ft_tkt_0005510,ft_sal_002932,ft_evt_0059,GENERAL,1,0.9349759289756103,0.9708462271523396,0.9334343137631199,0.9405068159103394
ft_tkt_0005511,ft_sal_002932,ft_evt_0059,GENERAL,1,0.9349759289756103,0.9708462271523396,0.9334343137631199,0.9405068159103394
ft_tkt_0005512,ft_sal_002933,ft_evt_0059,GENERAL,1,0.9349759289756103,0.9542581279238475,0.9378688644280797,0.9290132522583008
ft_tkt_0005513,ft_sal_002934,ft_evt_0059,PREFERENCIAL,0,0.9345943760947751,0.9516332995173267,0.9359099771016408,0.9029746055603027
ft_tkt_0005514,ft_sal_002934,ft_evt_0059,PREFERENCIAL,1,0.9345943760947751,0.9516332995173267,0.9359099771016408,0.9029746055603027
ft_tkt_0005515,ft_sal_002935,ft_evt_0059,PREFERENCIAL,1,0.9345943760947751,0.9621531897526588,0.9265240182236318,0.9251025319099426
ft_tkt_0005516,ft_sal_002935,ft_evt_0059,PREFERENCIAL,1,0.9345943760947751,0.9621531897526588,0.9265240182236318,0.9251025319099426
ft_tkt_0005517,ft_sal_002935,ft_evt_0059,PREFERENCIAL,0,0.9345943760947751,0.9621531897526588,0.9265240182236318,0.9251025319099426
ft_tkt_0005518,ft_sal_002936,ft_evt_0059,GENERAL,1,0.9349759289756103,0.9583153301704009,0.9341586506046641,0.9258667230606079
ft_tkt_0005519,ft_sal_002936,ft_evt_0059,GENERAL,1,0.9349759289756103,0.9583153301704009,0.9341586506046641,0.9258667230606079
ft_tkt_0005520,ft_sal_002937,ft_evt_0059,GENERAL,1,0.9349759289756103,0.988090617206977,0.9562991073711874,0.9687104225158691
ft_tkt_0005521,ft_sal_002937,ft_evt_0059,GENERAL,1,0.9349759289756103,0.988090617206977,0.9562991073711874,0.9687104225158691
ft_tkt_0005522,ft_sal_002938,ft_evt_0059,CORTESÍA,1,0.39289583504262665,0.5344366743121642,0.3930119199500157,0.40259066224098206
ft_tkt_0005523,ft_sal_002939,ft_evt_0059,GENERAL,1,0.9349759289756103,0.9716595571979001,0.9348623132964229,0.948945939540863
ft_tkt_0005524,ft_sal_002939,ft_evt_0059,GENERAL,1,0.9349759289756103,0.9716595571979001,0.9348623132964229,0.948945939540863
ft_tkt_0005525,ft_sal_002940,ft_evt_0059,CORTESÍA,0,0.39289583504262665,0.6955181197105597,0.4741085977042504,0.5841678380966187
ft_tkt_0005526,ft_sal_002940,ft_evt_0059,CORTESÍA,0,0.39289583504262665,0.6955181197105597,0.4741085977042504,0.5841678380966187
ft_tkt_0005527,ft_sal_002940,ft_evt_0059,CORTESÍA,0,0.39289583504262665,0.6955181197105597,0.4741085977042504,0.5841678380966187
ft_tkt_0005528,ft_sal_002940,ft_evt_0059,CORTESÍA,0,0.39289583504262665,0.6955181197105597,0.4741085977042504,0.5841678380966187
ft_tkt_0005529,ft_sal_002940,ft_evt_0059,CORTESÍA,1,0.39289583504262665,0.6955181197105597,0.4741085977042504,0.5841678380966187
ft_tkt_0005530,ft_sal_002940,ft_evt_0059,CORTESÍA,1,0.39289583504262665,0.6955181197105597,0.4741085977042504,0.5841678380966187
ft_tkt_0005531,ft_sal_002941,ft_evt_0059,CORTESÍA,0,0.39289583504262665,0.4523140051243645,0.37359740842089184,0.3380580544471741
ft_tkt_0005532,ft_sal_002942,ft_evt_0059,PREFERENCIAL,1,0.9345943760947751,0.9665473835541327,0.9292292682634562,0.9206902980804443
ft_tkt_0005533,ft_sal_002942,ft_evt_0059,PREFERENCIAL,1,0.9345943760947751,0.9665473835541327,0.9292292682634562,0.9206902980804443
ft_tkt_0005534,ft_sal_002942,ft_evt_0059,PREFERENCIAL,1,0.9345943760947751,0.9665473835541327,0.9292292682634562,0.9206902980804443
ft_tkt_0005535,ft_sal_002942,ft_evt_0059,PREFERENCIAL,1,0.9345943760947751,0.9665473835541327,0.9292292682634562,0.9206902980804443
ft_tkt_0005536,ft_sal_002943,ft_evt_0059,GENERAL,1,0.9349759289756103,0.956382117811745,0.9344728741806405,0.9491763710975647
ft_tkt_0005537,ft_sal_002943,ft_evt_0059,GENERAL,1,0.9349759289756103,0.956382117811745,0.9344728741806405,0.9491763710975647
ft_tkt_0005538,ft_sal_002944,ft_evt_0059,PREFERENCIAL,1,0.9345943760947751,0.9655010387737045,0.9363340769000362,0.9449511170387268
ft_tkt_0005539,ft_sal_002945,ft_evt_0059,PREFERENCIAL,1,0.9345943760947751,0.9603689522492617,0.912687898997475,0.9057372808456421
ft_tkt_0005540,ft_sal_002946,ft_evt_0059,GENERAL,1,0.9349759289756103,0.9566402054445986,0.9162767099442407,0.8930479884147644
ft_tkt_0005541,ft_sal_002946,ft_evt_0059,GENERAL,1,0.9349759289756103,0.9566402054445986,0.9162767099442407,0.8930479884147644
ft_tkt_0005542,ft_sal_002946,ft_evt_0059,GENERAL,1,0.9349759289756103,0.9566402054445986,0.9162767099442407,0.8930479884147644
ft_tkt_0005543,ft_sal_002947,ft_evt_0059,CORTESÍA,1,0.39289583504262665,0.3548090949156615,0.46183415470108546,0.44169890880584717
ft_tkt_0005544,ft_sal_002948,ft_evt_0059,GENERAL,1,0.9349759289756103,0.9772640828380553,0.9588875718307269,0.9689973592758179
ft_tkt_0005545,ft_sal_002949,ft_evt_0059,VIP,1,0.9404152722541531,0.9705216677770591,0.9289197874408167,0.9405468702316284
ft_tkt_0005546,ft_sal_002949,ft_evt_0059,VIP,1,0.9404152722541531,0.9705216677770591,0.9289197874408167,0.9405468702316284
ft_tkt_0005547,ft_sal_002950,ft_evt_0059,GENERAL,1,0.9349759289756103,0.9722096054600827,0.9365869239079526,0.9477713108062744
ft_tkt_0005548,ft_sal_002950,ft_evt_0059,GENERAL,1,0.9349759289756103,0.9722096054600827,0.9365869239079526,0.9477713108062744
ft_tkt_0005549,ft_sal_002951,ft_evt_0059,PREFERENCIAL,1,0.9345943760947751,0.9732835432564014,0.9608868475176735,0.9571234583854675
ft_tkt_0005550,ft_sal_002952,ft_evt_0059,CORTESÍA,0,0.39289583504262665,0.4836477692552301,0.3507770103658642,0.3979109823703766
ft_tkt_0005551,ft_sal_002952,ft_evt_0059,CORTESÍA,0,0.39289583504262665,0.4836477692552301,0.3507770103658642,0.3979109823703766
ft_tkt_0005552,ft_sal_002953,ft_evt_0059,CORTESÍA,0,0.39289583504262665,0.5871957764113777,0.3972593140920021,0.39789414405822754
ft_tkt_0005553,ft_sal_002953,ft_evt_0059,CORTESÍA,0,0.39289583504262665,0.5871957764113777,0.3972593140920021,0.39789414405822754
ft_tkt_0005554,ft_sal_002953,ft_evt_0059,CORTESÍA,1,0.39289583504262665,0.5871957764113777,0.3972593140920021,0.39789414405822754
ft_tkt_0005555,ft_sal_002953,ft_evt_0059,CORTESÍA,0,0.39289583504262665,0.5871957764113777,0.3972593140920021,0.39789414405822754
ft_tkt_0005556,ft_sal_002954,ft_evt_0059,CORTESÍA,1,0.39289583504262665,0.5320337731485908,0.3930119199500157,0.3925296664237976
ft_tkt_0005557,ft_sal_002955,ft_evt_0059,GENERAL,1,0.9349759289756103,0.9581754710871616,0.9209317235758862,0.9069443941116333
ft_tkt_0005558,ft_sal_002956,ft_evt_0059,GENERAL,1,0.9349759289756103,0.9494849614005157,0.9380329364843046,0.9377734065055847
ft_tkt_0005559,ft_sal_002957,ft_evt_0059,CORTESÍA,0,0.39289583504262665,0.4966339642465823,0.3725835486410753,0.45215240120887756
ft_tkt_0005560,ft_sal_002958,ft_evt_0059,VIP,1,0.9404152722541531,0.9702919189542273,0.9411338288180622,0.9571669101715088
ft_tkt_0005561,ft_sal_002959,ft_evt_0059,CORTESÍA,0,0.39289583504262665,0.596969659529905,0.4063988149457777,0.4156825542449951
ft_tkt_0005562,ft_sal_002959,ft_evt_0059,CORTESÍA,1,0.39289583504262665,0.596969659529905,0.4063988149457777,0.4156825542449951
ft_tkt_0005563,ft_sal_002960,ft_evt_0059,CORTESÍA,0,0.39289583504262665,0.5838402285820046,0.4137525129703767,0.45579954981803894
ft_tkt_0005564,ft_sal_002960,ft_evt_0059,CORTESÍA,1,0.39289583504262665,0.5838402285820046,0.4137525129703767,0.45579954981803894
ft_tkt_0005565,ft_sal_002961,ft_evt_0059,CORTESÍA,0,0.39289583504262665,0.5234273930817304,0.39048376281213026,0.37332141399383545
ft_tkt_0005566,ft_sal_002962,ft_evt_0059,CORTESÍA,1,0.39289583504262665,0.6337007558512364,0.4378363918208839,0.48591887950897217
ft_tkt_0005567,ft_sal_002963,ft_evt_0059,CORTESÍA,1,0.39289583504262665,0.5207405938644387,0.3888263928370399,0.4469694495201111
ft_tkt_0005568,ft_sal_002964,ft_evt_0059,GENERAL,1,0.9349759289756103,0.9554057063778806,0.9512736349720865,0.940245509147644
ft_tkt_0005569,ft_sal_002965,ft_evt_0059,CORTESÍA,0,0.39289583504262665,0.5657122699451989,0.38123754303768126,0.3779435455799103
ft_tkt_0005570,ft_sal_002965,ft_evt_0059,CORTESÍA,0,0.39289583504262665,0.5657122699451989,0.38123754303768126,0.3779435455799103
ft_tkt_0005571,ft_sal_002966,ft_evt_0059,GENERAL,1,0.9349759289756103,0.9599979945620364,0.9118235783806814,0.8626973032951355
ft_tkt_0005572,ft_sal_002966,ft_evt_0059,GENERAL,1,0.9349759289756103,0.9599979945620364,0.9118235783806814,0.8626973032951355
ft_tkt_0005573,ft_sal_002966,ft_evt_0059,GENERAL,1,0.9349759289756103,0.9599979945620364,0.9118235783806814,0.8626973032951355
ft_tkt_0005574,ft_sal_002967,ft_evt_0059,CORTESÍA,0,0.39289583504262665,0.4358570486040577,0.3049118144280094,0.18906402587890625
ft_tkt_0005575,ft_sal_002967,ft_evt_0059,CORTESÍA,1,0.39289583504262665,0.4358570486040577,0.3049118144280094,0.18906402587890625
ft_tkt_0005576,ft_sal_002968,ft_evt_0059,GENERAL,1,0.9349759289756103,0.9627624969423629,0.919942586694141,0.9332241415977478
ft_tkt_0005577,ft_sal_002968,ft_evt_0059,GENERAL,1,0.9349759289756103,0.9627624969423629,0.919942586694141,0.9332241415977478
ft_tkt_0005578,ft_sal_002969,ft_evt_0059,GENERAL,0,0.9349759289756103,0.9640626564562783,0.9350629198621341,0.9491121172904968
ft_tkt_0005579,ft_sal_002969,ft_evt_0059,GENERAL,0,0.9349759289756103,0.9640626564562783,0.9350629198621341,0.9491121172904968
ft_tkt_0005580,ft_sal_002970,ft_evt_0059,PREFERENCIAL,1,0.9345943760947751,0.9563985838849093,0.9262911118976944,0.9097670316696167
ft_tkt_0005581,ft_sal_002970,ft_evt_0059,PREFERENCIAL,1,0.9345943760947751,0.9563985838849093,0.9262911118976944,0.9097670316696167
ft_tkt_0005582,ft_sal_002970,ft_evt_0059,PREFERENCIAL,1,0.9345943760947751,0.9563985838849093,0.9262911118976944,0.9097670316696167
ft_tkt_0005583,ft_sal_002971,ft_evt_0059,CORTESÍA,0,0.39289583504262665,0.5019350804421994,0.3793623223092874,0.3653945326805115
ft_tkt_0005584,ft_sal_002971,ft_evt_0059,CORTESÍA,0,0.39289583504262665,0.5019350804421994,0.3793623223092874,0.3653945326805115
ft_tkt_0005585,ft_sal_002972,ft_evt_0059,GENERAL,1,0.9349759289756103,0.968999398184204,0.9257223059041397,0.9229048490524292
ft_tkt_0005586,ft_sal_002972,ft_evt_0059,GENERAL,1,0.9349759289756103,0.968999398184204,0.9257223059041397,0.9229048490524292
ft_tkt_0005587,ft_sal_002973,ft_evt_0059,CORTESÍA,1,0.39289583504262665,0.5295368814041415,0.3921692935594501,0.39116013050079346
ft_tkt_0005588,ft_sal_002974,ft_evt_0059,GENERAL,1,0.9349759289756103,0.9451582741999451,0.930004084210715,0.9291088581085205
ft_tkt_0005589,ft_sal_002975,ft_evt_0059,GENERAL,1,0.9349759289756103,0.9770787234856664,0.9541007287184341,0.9618959426879883
ft_tkt_0005590,ft_sal_002976,ft_evt_0059,VIP,1,0.9404152722541531,0.974046017005227,0.940905717567268,0.9494293332099915
ft_tkt_0005591,ft_sal_002977,ft_evt_0059,CORTESÍA,0,0.39289583504262665,0.5495389662294156,0.41694909975877487,0.4260405898094177
ft_tkt_0005592,ft_sal_002977,ft_evt_0059,CORTESÍA,0,0.39289583504262665,0.5495389662294156,0.41694909975877487,0.4260405898094177
ft_tkt_0005593,ft_sal_002978,ft_evt_0059,VIP,1,0.9404152722541531,0.9762450228700417,0.9407874734929534,0.9461275339126587
ft_tkt_0005594,ft_sal_002978,ft_evt_0059,VIP,1,0.9404152722541531,0.9762450228700417,0.9407874734929534,0.9461275339126587
ft_tkt_0005595,ft_sal_002979,ft_evt_0059,GENERAL,1,0.9349759289756103,0.9596017352535746,0.9367269038000616,0.9458708763122559
ft_tkt_0005596,ft_sal_002979,ft_evt_0059,GENERAL,1,0.9349759289756103,0.9596017352535746,0.9367269038000616,0.9458708763122559
ft_tkt_0005597,ft_sal_002979,ft_evt_0059,GENERAL,1,0.9349759289756103,0.9596017352535746,0.9367269038000616,0.9458708763122559
ft_tkt_0005598,ft_sal_002980,ft_evt_0059,VIP,1,0.9404152722541531,0.9764224489059424,0.9604585747084523,0.96516352891922
ft_tkt_0005599,ft_sal_002981,ft_evt_0059,GENERAL,1,0.9349759289756103,0.9461743044498797,0.9272732484708399,0.9144672155380249
ft_tkt_0005600,ft_sal_002981,ft_evt_0059,GENERAL,1,0.9349759289756103,0.9461743044498797,0.9272732484708399,0.9144672155380249
ft_tkt_0005601,ft_sal_002982,ft_evt_0059,GENERAL,1,0.9349759289756103,0.9433893307259423,0.9113017668906346,0.917105495929718
ft_tkt_0005602,ft_sal_002982,ft_evt_0059,GENERAL,1,0.9349759289756103,0.9433893307259423,0.9113017668906346,0.917105495929718
ft_tkt_0005603,ft_sal_002983,ft_evt_0059,PREFERENCIAL,1,0.9345943760947751,0.9656177770632809,0.9293157036241908,0.9207892417907715
ft_tkt_0005604,ft_sal_002984,ft_evt_0059,CORTESÍA,0,0.39289583504262665,0.5353604467801829,0.3950685968795418,0.4143369495868683
ft_tkt_0005605,ft_sal_002985,ft_evt_0059,GENERAL,1,0.9349759289756103,0.9688225498227866,0.927561226741534,0.9339423179626465
ft_tkt_0005606,ft_sal_002985,ft_evt_0059,GENERAL,1,0.9349759289756103,0.9688225498227866,0.927561226741534,0.9339423179626465
ft_tkt_0005607,ft_sal_002986,ft_evt_0059,CORTESÍA,1,0.39289583504262665,0.3268543197680188,0.2501482763413188,0.12511640787124634
ft_tkt_0005608,ft_sal_002987,ft_evt_0059,CORTESÍA,0,0.39289583504262665,0.5932128419668179,0.3997261245232239,0.40417128801345825
ft_tkt_0005609,ft_sal_002987,ft_evt_0059,CORTESÍA,1,0.39289583504262665,0.5932128419668179,0.3997261245232239,0.40417128801345825
ft_tkt_0005610,ft_sal_002987,ft_evt_0059,CORTESÍA,1,0.39289583504262665,0.5932128419668179,0.3997261245232239,0.40417128801345825
ft_tkt_0005611,ft_sal_002987,ft_evt_0059,CORTESÍA,0,0.39289583504262665,0.5932128419668179,0.3997261245232239,0.40417128801345825
ft_tkt_0005612,ft_sal_002988,ft_evt_0059,GENERAL,1,0.9349759289756103,0.9702284804421937,0.940526717265863,0.9599748849868774
ft_tkt_0005613,ft_sal_002988,ft_evt_0059,GENERAL,1,0.9349759289756103,0.9702284804421937,0.940526717265863,0.9599748849868774
ft_tkt_0005614,ft_sal_002989,ft_evt_0059,CORTESÍA,0,0.39289583504262665,0.557417250959745,0.3918289961731579,0.4210456907749176
ft_tkt_0005615,ft_sal_002989,ft_evt_0059,CORTESÍA,0,0.39289583504262665,0.557417250959745,0.3918289961731579,0.4210456907749176
ft_tkt_0005616,ft_sal_002989,ft_evt_0059,CORTESÍA,0,0.39289583504262665,0.557417250959745,0.3918289961731579,0.4210456907749176
ft_tkt_0005617,ft_sal_002990,ft_evt_0059,PREFERENCIAL,1,0.9345943760947751,0.9602310594331996,0.9426247386077258,0.9545471668243408
ft_tkt_0005618,ft_sal_002991,ft_evt_0059,CORTESÍA,0,0.39289583504262665,0.4969703216181046,0.37997224786779243,0.3453640639781952
ft_tkt_0005619,ft_sal_002991,ft_evt_0059,CORTESÍA,1,0.39289583504262665,0.4969703216181046,0.37997224786779243,0.3453640639781952
ft_tkt_0005620,ft_sal_002991,ft_evt_0059,CORTESÍA,0,0.39289583504262665,0.4969703216181046,0.37997224786779243,0.3453640639781952
ft_tkt_0005621,ft_sal_002991,ft_evt_0059,CORTESÍA,0,0.39289583504262665,0.4969703216181046,0.37997224786779243,0.3453640639781952
ft_tkt_0005622,ft_sal_002992,ft_evt_0059,GENERAL,1,0.9349759289756103,0.9810764717835856,0.9573216070575594,0.9694309234619141
ft_tkt_0005623,ft_sal_002992,ft_evt_0059,GENERAL,1,0.9349759289756103,0.9810764717835856,0.9573216070575594,0.9694309234619141
ft_tkt_0005624,ft_sal_002993,ft_evt_0059,CORTESÍA,0,0.39289583504262665,0.5754467762954605,0.40439920947063296,0.4658270478248596
ft_tkt_0005625,ft_sal_002993,ft_evt_0059,CORTESÍA,0,0.39289583504262665,0.5754467762954605,0.40439920947063296,0.4658270478248596
ft_tkt_0005626,ft_sal_002994,ft_evt_0059,GENERAL,0,0.9349759289756103,0.9721539490192794,0.9406385017315774,0.9420108795166016
ft_tkt_0005627,ft_sal_002994,ft_evt_0059,GENERAL,1,0.9349759289756103,0.9721539490192794,0.9406385017315774,0.9420108795166016
ft_tkt_0005628,ft_sal_002995,ft_evt_0059,GENERAL,0,0.9349759289756103,0.9644704822915963,0.9348182365876738,0.9320470690727234
ft_tkt_0005629,ft_sal_002996,ft_evt_0059,CORTESÍA,1,0.39289583504262665,0.6336145592946297,0.4340676137453581,0.48591887950897217
ft_tkt_0005630,ft_sal_002997,ft_evt_0059,VIP,1,0.9404152722541531,0.9843709681027124,0.9628139249914249,0.9686075448989868
ft_tkt_0005631,ft_sal_002997,ft_evt_0059,VIP,1,0.9404152722541531,0.9843709681027124,0.9628139249914249,0.9686075448989868
ft_tkt_0005632,ft_sal_002998,ft_evt_0059,PREFERENCIAL,1,0.9345943760947751,0.956290236747905,0.9236995922606889,0.8871700763702393
ft_tkt_0005633,ft_sal_002998,ft_evt_0059,PREFERENCIAL,1,0.9345943760947751,0.956290236747905,0.9236995922606889,0.8871700763702393
ft_tkt_0005634,ft_sal_002999,ft_evt_0059,CORTESÍA,1,0.39289583504262665,0.576625652455247,0.40365315602655244,0.4712262749671936
ft_tkt_0005635,ft_sal_002999,ft_evt_0059,CORTESÍA,1,0.39289583504262665,0.576625652455247,0.40365315602655244,0.4712262749671936
ft_tkt_0005636,ft_sal_003000,ft_evt_0059,GENERAL,0,0.9349759289756103,0.9627309926369413,0.9316770534787102,0.9369412064552307
ft_tkt_0005637,ft_sal_003001,ft_evt_0059,CORTESÍA,1,0.39289583504262665,0.5675358950482934,0.38123754303768126,0.3819308876991272
ft_tkt_0005638,ft_sal_003001,ft_evt_0059,CORTESÍA,0,0.39289583504262665,0.5675358950482934,0.38123754303768126,0.3819308876991272
ft_tkt_0005639,ft_sal_003002,ft_evt_0059,CORTESÍA,0,0.39289583504262665,0.44457955551891265,0.28450608205228034,0.33373796939849854
ft_tkt_0005640,ft_sal_003002,ft_evt_0059,CORTESÍA,1,0.39289583504262665,0.44457955551891265,0.28450608205228034,0.33373796939849854
ft_tkt_0005641,ft_sal_003002,ft_evt_0059,CORTESÍA,0,0.39289583504262665,0.44457955551891265,0.28450608205228034,0.33373796939849854
ft_tkt_0005642,ft_sal_003003,ft_evt_0059,CORTESÍA,0,0.39289583504262665,0.3945682812876919,0.32587134475119867,0.4481808841228485
ft_tkt_0005643,ft_sal_003004,ft_evt_0059,CORTESÍA,1,0.39289583504262665,0.5912356246788135,0.47263655127412224,0.5647746324539185
ft_tkt_0005644,ft_sal_003004,ft_evt_0059,CORTESÍA,1,0.39289583504262665,0.5912356246788135,0.47263655127412224,0.5647746324539185
ft_tkt_0005645,ft_sal_003005,ft_evt_0059,CORTESÍA,0,0.39289583504262665,0.5717232174943998,0.37383750800005244,0.3764176070690155
ft_tkt_0005646,ft_sal_003005,ft_evt_0059,CORTESÍA,0,0.39289583504262665,0.5717232174943998,0.37383750800005244,0.3764176070690155
ft_tkt_0005647,ft_sal_003006,ft_evt_0059,CORTESÍA,1,0.39289583504262665,0.6953608261099034,0.45577698165453334,0.5626165270805359
ft_tkt_0005648,ft_sal_003006,ft_evt_0059,CORTESÍA,0,0.39289583504262665,0.6953608261099034,0.45577698165453334,0.5626165270805359
ft_tkt_0005649,ft_sal_003006,ft_evt_0059,CORTESÍA,1,0.39289583504262665,0.6953608261099034,0.45577698165453334,0.5626165270805359
ft_tkt_0005650,ft_sal_003006,ft_evt_0059,CORTESÍA,1,0.39289583504262665,0.6953608261099034,0.45577698165453334,0.5626165270805359
ft_tkt_0005651,ft_sal_003006,ft_evt_0059,CORTESÍA,1,0.39289583504262665,0.6953608261099034,0.45577698165453334,0.5626165270805359
ft_tkt_0005652,ft_sal_003006,ft_evt_0059,CORTESÍA,1,0.39289583504262665,0.6953608261099034,0.45577698165453334,0.5626165270805359
ft_tkt_0005653,ft_sal_003007,ft_evt_0059,PREFERENCIAL,1,0.9345943760947751,0.9517340211091753,0.9227697010498357,0.9118565320968628
ft_tkt_0005654,ft_sal_003007,ft_evt_0059,PREFERENCIAL,1,0.9345943760947751,0.9517340211091753,0.9227697010498357,0.9118565320968628
ft_tkt_0005655,ft_sal_003007,ft_evt_0059,PREFERENCIAL,1,0.9345943760947751,0.9517340211091753,0.9227697010498357,0.9118565320968628
ft_tkt_0005656,ft_sal_003008,ft_evt_0059,GENERAL,0,0.9349759289756103,0.9492133888577058,0.9183022073685474,0.9279336333274841
ft_tkt_0005657,ft_sal_003008,ft_evt_0059,GENERAL,1,0.9349759289756103,0.9492133888577058,0.9183022073685474,0.9279336333274841
ft_tkt_0005658,ft_sal_003009,ft_evt_0059,CORTESÍA,1,0.39289583504262665,0.6351647779186858,0.47935451893424375,0.581512451171875
ft_tkt_0005659,ft_sal_003010,ft_evt_0059,CORTESÍA,0,0.39289583504262665,0.4217348855348198,0.31408393116833616,0.21103641390800476
ft_tkt_0005660,ft_sal_003011,ft_evt_0059,GENERAL,1,0.9349759289756103,0.970906227782175,0.9468732404910758,0.9422329664230347
ft_tkt_0005661,ft_sal_003012,ft_evt_0059,GENERAL,1,0.9349759289756103,0.9671535833747202,0.9275482566135193,0.9215536713600159
ft_tkt_0005662,ft_sal_003012,ft_evt_0059,GENERAL,1,0.9349759289756103,0.9671535833747202,0.9275482566135193,0.9215536713600159
ft_tkt_0005663,ft_sal_003012,ft_evt_0059,GENERAL,1,0.9349759289756103,0.9671535833747202,0.9275482566135193,0.9215536713600159
ft_tkt_0005664,ft_sal_003012,ft_evt_0059,GENERAL,1,0.9349759289756103,0.9671535833747202,0.9275482566135193,0.9215536713600159
ft_tkt_0005665,ft_sal_003013,ft_evt_0059,CORTESÍA,1,0.39289583504262665,0.5344366743121642,0.3930119199500157,0.40259066224098206
ft_tkt_0005666,ft_sal_003014,ft_evt_0059,GENERAL,1,0.9349759289756103,0.9694869985422098,0.9327119624439111,0.9432507157325745
ft_tkt_0005667,ft_sal_003014,ft_evt_0059,GENERAL,1,0.9349759289756103,0.9694869985422098,0.9327119624439111,0.9432507157325745
ft_tkt_0005668,ft_sal_003014,ft_evt_0059,GENERAL,1,0.9349759289756103,0.9694869985422098,0.9327119624439111,0.9432507157325745
ft_tkt_0005669,ft_sal_003015,ft_evt_0059,CORTESÍA,0,0.39289583504262665,0.5435706176717199,0.39679688337146096,0.4014972746372223
ft_tkt_0005670,ft_sal_003016,ft_evt_0059,CORTESÍA,1,0.39289583504262665,0.39672346313931844,0.30285299950118244,0.3632376194000244
ft_tkt_0005671,ft_sal_003017,ft_evt_0059,CORTESÍA,0,0.39289583504262665,0.5793427867110331,0.3995850609483858,0.40382397174835205
ft_tkt_0005672,ft_sal_003017,ft_evt_0059,CORTESÍA,1,0.39289583504262665,0.5793427867110331,0.3995850609483858,0.40382397174835205
ft_tkt_0005673,ft_sal_003018,ft_evt_0059,CORTESÍA,0,0.39289583504262665,0.5045291106499735,0.3853433336190466,0.4083360731601715
ft_tkt_0005674,ft_sal_003018,ft_evt_0059,CORTESÍA,0,0.39289583504262665,0.5045291106499735,0.3853433336190466,0.4083360731601715
ft_tkt_0005675,ft_sal_003018,ft_evt_0059,CORTESÍA,0,0.39289583504262665,0.5045291106499735,0.3853433336190466,0.4083360731601715
ft_tkt_0005676,ft_sal_003018,ft_evt_0059,CORTESÍA,0,0.39289583504262665,0.5045291106499735,0.3853433336190466,0.4083360731601715
ft_tkt_0005677,ft_sal_003019,ft_evt_0059,CORTESÍA,0,0.39289583504262665,0.48814316210101444,0.3419791311786386,0.3970240354537964
ft_tkt_0005678,ft_sal_003020,ft_evt_0059,GENERAL,1,0.9349759289756103,0.9767309799319123,0.9399417725629726,0.9582134485244751
ft_tkt_0005679,ft_sal_003021,ft_evt_0059,CORTESÍA,0,0.39289583504262665,0.7077013765013896,0.342906594058735,0.38310426473617554
ft_tkt_0005680,ft_sal_003022,ft_evt_0059,GENERAL,1,0.9349759289756103,0.9628374606260949,0.9213647062122097,0.906621515750885
ft_tkt_0005681,ft_sal_003022,ft_evt_0059,GENERAL,1,0.9349759289756103,0.9628374606260949,0.9213647062122097,0.906621515750885
ft_tkt_0005682,ft_sal_003023,ft_evt_0059,PREFERENCIAL,1,0.9345943760947751,0.9786317465567297,0.9552494714111514,0.962690532207489
ft_tkt_0005683,ft_sal_003024,ft_evt_0059,VIP,1,0.9404152722541531,0.9843066435458524,0.9592787879660016,0.9659982323646545
ft_tkt_0005684,ft_sal_003024,ft_evt_0059,VIP,1,0.9404152722541531,0.9843066435458524,0.9592787879660016,0.9659982323646545
ft_tkt_0005685,ft_sal_003025,ft_evt_0059,GENERAL,1,0.9349759289756103,0.977020439176765,0.9525104432328282,0.9626525044441223
ft_tkt_0005686,ft_sal_003026,ft_evt_0059,GENERAL,0,0.9349759289756103,0.9648157721414717,0.9343502504588652,0.9561365842819214
ft_tkt_0005687,ft_sal_003027,ft_evt_0059,PREFERENCIAL,1,0.9345943760947751,0.9660838526397205,0.9371778628867724,0.9492971897125244
ft_tkt_0005688,ft_sal_003028,ft_evt_0059,CORTESÍA,0,0.39289583504262665,0.5295771509049196,0.38531518087154565,0.32990169525146484
ft_tkt_0005689,ft_sal_003029,ft_evt_0059,GENERAL,1,0.9349759289756103,0.923588914644234,0.9299593705128825,0.9049602746963501
ft_tkt_0005690,ft_sal_003030,ft_evt_0059,CORTESÍA,0,0.39289583504262665,0.6044698680790371,0.4060123798464719,0.3909265995025635
ft_tkt_0005691,ft_sal_003030,ft_evt_0059,CORTESÍA,0,0.39289583504262665,0.6044698680790371,0.4060123798464719,0.3909265995025635
ft_tkt_0005692,ft_sal_003031,ft_evt_0059,GENERAL,1,0.9349759289756103,0.9630679934030468,0.9310891292957982,0.9025091528892517
ft_tkt_0005693,ft_sal_003032,ft_evt_0059,GENERAL,1,0.9349759289756103,0.9318279228494234,0.8960583966882181,0.835096001625061
ft_tkt_0005694,ft_sal_003032,ft_evt_0059,GENERAL,1,0.9349759289756103,0.9318279228494234,0.8960583966882181,0.835096001625061
ft_tkt_0005695,ft_sal_003032,ft_evt_0059,GENERAL,1,0.9349759289756103,0.9318279228494234,0.8960583966882181,0.835096001625061
ft_tkt_0005696,ft_sal_003033,ft_evt_0059,GENERAL,0,0.9349759289756103,0.965019885632473,0.9318026331820896,0.9487955570220947
ft_tkt_0005697,ft_sal_003033,ft_evt_0059,GENERAL,0,0.9349759289756103,0.965019885632473,0.9318026331820896,0.9487955570220947
ft_tkt_0005698,ft_sal_003034,ft_evt_0059,PREFERENCIAL,1,0.9345943760947751,0.96476825104454,0.9214427737545635,0.8938210606575012
ft_tkt_0005699,ft_sal_003034,ft_evt_0059,PREFERENCIAL,1,0.9345943760947751,0.96476825104454,0.9214427737545635,0.8938210606575012
ft_tkt_0005700,ft_sal_003034,ft_evt_0059,PREFERENCIAL,1,0.9345943760947751,0.96476825104454,0.9214427737545635,0.8938210606575012
ft_tkt_0005701,ft_sal_003035,ft_evt_0059,CORTESÍA,0,0.39289583504262665,0.583770382568208,0.4009740274768073,0.4064441919326782
ft_tkt_0005702,ft_sal_003035,ft_evt_0059,CORTESÍA,0,0.39289583504262665,0.583770382568208,0.4009740274768073,0.4064441919326782
ft_tkt_0005703,ft_sal_003036,ft_evt_0059,CORTESÍA,1,0.39289583504262665,0.5390690301107789,0.4377787830207864,0.4667617082595825
ft_tkt_0005704,ft_sal_003036,ft_evt_0059,CORTESÍA,0,0.39289583504262665,0.5390690301107789,0.4377787830207864,0.4667617082595825
ft_tkt_0005705,ft_sal_003037,ft_evt_0059,CORTESÍA,1,0.39289583504262665,0.49203987796622894,0.3775470659078431,0.36473825573921204
ft_tkt_0005706,ft_sal_003037,ft_evt_0059,CORTESÍA,0,0.39289583504262665,0.49203987796622894,0.3775470659078431,0.36473825573921204
ft_tkt_0005707,ft_sal_003037,ft_evt_0059,CORTESÍA,0,0.39289583504262665,0.49203987796622894,0.3775470659078431,0.36473825573921204
ft_tkt_0005708,ft_sal_003038,ft_evt_0059,CORTESÍA,0,0.39289583504262665,0.5739946751178157,0.39885951264314407,0.41717472672462463
ft_tkt_0005709,ft_sal_003038,ft_evt_0059,CORTESÍA,1,0.39289583504262665,0.5739946751178157,0.39885951264314407,0.41717472672462463
ft_tkt_0005710,ft_sal_003039,ft_evt_0059,CORTESÍA,0,0.39289583504262665,0.4765827656590979,0.4179670539609062,0.4395328760147095
ft_tkt_0005711,ft_sal_003040,ft_evt_0059,GENERAL,1,0.9349759289756103,0.9631395986280189,0.9041414456775585,0.8967479467391968
ft_tkt_0005712,ft_sal_003041,ft_evt_0059,CORTESÍA,0,0.39289583504262665,0.501464222491464,0.3361634095969566,0.3732212781906128
ft_tkt_0005713,ft_sal_003041,ft_evt_0059,CORTESÍA,0,0.39289583504262665,0.501464222491464,0.3361634095969566,0.3732212781906128
ft_tkt_0005714,ft_sal_003042,ft_evt_0059,CORTESÍA,0,0.39289583504262665,0.6000275363283045,0.49883048749800857,0.6139584183692932
ft_tkt_0005715,ft_sal_003042,ft_evt_0059,CORTESÍA,1,0.39289583504262665,0.6000275363283045,0.49883048749800857,0.6139584183692932
ft_tkt_0005716,ft_sal_003043,ft_evt_0059,CORTESÍA,1,0.39289583504262665,0.4590512017721588,0.30976917368127166,0.20400170981884003
ft_tkt_0005717,ft_sal_003043,ft_evt_0059,CORTESÍA,0,0.39289583504262665,0.4590512017721588,0.30976917368127166,0.20400170981884003
ft_tkt_0005718,ft_sal_003043,ft_evt_0059,CORTESÍA,0,0.39289583504262665,0.4590512017721588,0.30976917368127166,0.20400170981884003
ft_tkt_0005719,ft_sal_003044,ft_evt_0059,CORTESÍA,1,0.39289583504262665,0.5923155119947124,0.4047845351158528,0.4260064959526062
ft_tkt_0005720,ft_sal_003044,ft_evt_0059,CORTESÍA,0,0.39289583504262665,0.5923155119947124,0.4047845351158528,0.4260064959526062
ft_tkt_0005721,ft_sal_003045,ft_evt_0059,GENERAL,1,0.9349759289756103,0.9730170659544536,0.9313589970730622,0.9205597639083862
ft_tkt_0005722,ft_sal_003046,ft_evt_0059,CORTESÍA,0,0.39289583504262665,0.5255890502905066,0.34119451450212945,0.442539781332016
ft_tkt_0005723,ft_sal_003047,ft_evt_0059,VIP,1,0.9404152722541531,0.9768329374193123,0.9429888997714899,0.9427072405815125
ft_tkt_0005724,ft_sal_003048,ft_evt_0059,CORTESÍA,0,0.39289583504262665,0.40978241470334204,0.29453328057890404,0.2630321979522705
ft_tkt_0005725,ft_sal_003049,ft_evt_0059,GENERAL,1,0.9349759289756103,0.9579949553389691,0.9155809456006393,0.8782609105110168
ft_tkt_0005726,ft_sal_003049,ft_evt_0059,GENERAL,0,0.9349759289756103,0.9579949553389691,0.9155809456006393,0.8782609105110168
ft_tkt_0005727,ft_sal_003049,ft_evt_0059,GENERAL,1,0.9349759289756103,0.9579949553389691,0.9155809456006393,0.8782609105110168
ft_tkt_0005728,ft_sal_003049,ft_evt_0059,GENERAL,1,0.9349759289756103,0.9579949553389691,0.9155809456006393,0.8782609105110168
ft_tkt_0005729,ft_sal_003050,ft_evt_0059,GENERAL,1,0.9349759289756103,0.9590830936892675,0.9259532392138633,0.9227542877197266
ft_tkt_0005730,ft_sal_003050,ft_evt_0059,GENERAL,1,0.9349759289756103,0.9590830936892675,0.9259532392138633,0.9227542877197266
ft_tkt_0005731,ft_sal_003050,ft_evt_0059,GENERAL,0,0.9349759289756103,0.9590830936892675,0.9259532392138633,0.9227542877197266
ft_tkt_0005732,ft_sal_003051,ft_evt_0059,GENERAL,1,0.9349759289756103,0.95011470628828,0.9183008351127623,0.91895991563797
ft_tkt_0005733,ft_sal_003051,ft_evt_0059,GENERAL,1,0.9349759289756103,0.95011470628828,0.9183008351127623,0.91895991563797
ft_tkt_0005734,ft_sal_003052,ft_evt_0059,GENERAL,1,0.9349759289756103,0.9680278023279119,0.9267513860332917,0.9217533469200134
ft_tkt_0005735,ft_sal_003052,ft_evt_0059,GENERAL,1,0.9349759289756103,0.9680278023279119,0.9267513860332917,0.9217533469200134
ft_tkt_0005736,ft_sal_003053,ft_evt_0059,GENERAL,1,0.9349759289756103,0.95553371277799,0.9476894820227795,0.9588192701339722
ft_tkt_0005737,ft_sal_003054,ft_evt_0059,PREFERENCIAL,1,0.9345943760947751,0.9637246871629043,0.9160518782851108,0.8900047540664673
ft_tkt_0005738,ft_sal_003054,ft_evt_0059,PREFERENCIAL,1,0.9345943760947751,0.9637246871629043,0.9160518782851108,0.8900047540664673
ft_tkt_0005739,ft_sal_003055,ft_evt_0059,PREFERENCIAL,1,0.9345943760947751,0.9657171789499194,0.9376463560901764,0.9297392964363098
ft_tkt_0005740,ft_sal_003055,ft_evt_0059,PREFERENCIAL,1,0.9345943760947751,0.9657171789499194,0.9376463560901764,0.9297392964363098
ft_tkt_0005741,ft_sal_003055,ft_evt_0059,PREFERENCIAL,1,0.9345943760947751,0.9657171789499194,0.9376463560901764,0.9297392964363098
ft_tkt_0005742,ft_sal_003055,ft_evt_0059,PREFERENCIAL,1,0.9345943760947751,0.9657171789499194,0.9376463560901764,0.9297392964363098
ft_tkt_0005743,ft_sal_003055,ft_evt_0059,PREFERENCIAL,1,0.9345943760947751,0.9657171789499194,0.9376463560901764,0.9297392964363098
ft_tkt_0005744,ft_sal_003055,ft_evt_0059,PREFERENCIAL,1,0.9345943760947751,0.9657171789499194,0.9376463560901764,0.9297392964363098
ft_tkt_0005745,ft_sal_003056,ft_evt_0059,PREFERENCIAL,1,0.9345943760947751,0.9632073335235252,0.9346421038240129,0.9338722229003906
ft_tkt_0005746,ft_sal_003056,ft_evt_0059,PREFERENCIAL,1,0.9345943760947751,0.9632073335235252,0.9346421038240129,0.9338722229003906
ft_tkt_0005747,ft_sal_003056,ft_evt_0059,PREFERENCIAL,1,0.9345943760947751,0.9632073335235252,0.9346421038240129,0.9338722229003906
ft_tkt_0005748,ft_sal_003056,ft_evt_0059,PREFERENCIAL,1,0.9345943760947751,0.9632073335235252,0.9346421038240129,0.9338722229003906
ft_tkt_0005749,ft_sal_003056,ft_evt_0059,PREFERENCIAL,1,0.9345943760947751,0.9632073335235252,0.9346421038240129,0.9338722229003906
ft_tkt_0005750,ft_sal_003056,ft_evt_0059,PREFERENCIAL,1,0.9345943760947751,0.9632073335235252,0.9346421038240129,0.9338722229003906
ft_tkt_0005751,ft_sal_003057,ft_evt_0059,CORTESÍA,0,0.39289583504262665,0.6147262797034766,0.4314116657594777,0.5594016909599304
ft_tkt_0005752,ft_sal_003057,ft_evt_0059,CORTESÍA,1,0.39289583504262665,0.6147262797034766,0.4314116657594777,0.5594016909599304
ft_tkt_0005753,ft_sal_003058,ft_evt_0059,GENERAL,1,0.9349759289756103,0.9547037435132901,0.9321148097314613,0.9207298755645752
ft_tkt_0005754,ft_sal_003058,ft_evt_0059,GENERAL,1,0.9349759289756103,0.9547037435132901,0.9321148097314613,0.9207298755645752
ft_tkt_0005755,ft_sal_003058,ft_evt_0059,GENERAL,1,0.9349759289756103,0.9547037435132901,0.9321148097314613,0.9207298755645752
ft_tkt_0005756,ft_sal_003058,ft_evt_0059,GENERAL,1,0.9349759289756103,0.9547037435132901,0.9321148097314613,0.9207298755645752
ft_tkt_0005757,ft_sal_003058,ft_evt_0059,GENERAL,1,0.9349759289756103,0.9547037435132901,0.9321148097314613,0.9207298755645752
ft_tkt_0005758,ft_sal_003058,ft_evt_0059,GENERAL,1,0.9349759289756103,0.9547037435132901,0.9321148097314613,0.9207298755645752
ft_tkt_0005759,ft_sal_003059,ft_evt_0059,PREFERENCIAL,1,0.9345943760947751,0.9590885111049798,0.9359795184676696,0.903378963470459
ft_tkt_0005760,ft_sal_003059,ft_evt_0059,PREFERENCIAL,1,0.9345943760947751,0.9590885111049798,0.9359795184676696,0.903378963470459
ft_tkt_0005761,ft_sal_003060,ft_evt_0059,CORTESÍA,1,0.39289583504262665,0.4820470214025645,0.29557712176390105,0.28032392263412476
ft_tkt_0005762,ft_sal_003060,ft_evt_0059,CORTESÍA,0,0.39289583504262665,0.4820470214025645,0.29557712176390105,0.28032392263412476
ft_tkt_0005763,ft_sal_003061,ft_evt_0059,GENERAL,1,0.9349759289756103,0.9669520961525705,0.9283588301514303,0.913952112197876
ft_tkt_0005764,ft_sal_003061,ft_evt_0059,GENERAL,1,0.9349759289756103,0.9669520961525705,0.9283588301514303,0.913952112197876
ft_tkt_0005765,ft_sal_003061,ft_evt_0059,GENERAL,0,0.9349759289756103,0.9669520961525705,0.9283588301514303,0.913952112197876
ft_tkt_0005766,ft_sal_003061,ft_evt_0059,GENERAL,1,0.9349759289756103,0.9669520961525705,0.9283588301514303,0.913952112197876
ft_tkt_0005767,ft_sal_003061,ft_evt_0059,GENERAL,1,0.9349759289756103,0.9669520961525705,0.9283588301514303,0.913952112197876
ft_tkt_0005768,ft_sal_003061,ft_evt_0059,GENERAL,1,0.9349759289756103,0.9669520961525705,0.9283588301514303,0.913952112197876
ft_tkt_0005769,ft_sal_003062,ft_evt_0059,GENERAL,1,0.9349759289756103,0.9724517309141117,0.9365869239079526,0.9460347294807434
ft_tkt_0005770,ft_sal_003062,ft_evt_0059,GENERAL,1,0.9349759289756103,0.9724517309141117,0.9365869239079526,0.9460347294807434
ft_tkt_0005771,ft_sal_003063,ft_evt_0059,CORTESÍA,0,0.39289583504262665,0.4885857489229517,0.38828650126246156,0.3711704909801483
ft_tkt_0005772,ft_sal_003063,ft_evt_0059,CORTESÍA,1,0.39289583504262665,0.4885857489229517,0.38828650126246156,0.3711704909801483
ft_tkt_0005773,ft_sal_003063,ft_evt_0059,CORTESÍA,0,0.39289583504262665,0.4885857489229517,0.38828650126246156,0.3711704909801483
ft_tkt_0005774,ft_sal_003063,ft_evt_0059,CORTESÍA,1,0.39289583504262665,0.4885857489229517,0.38828650126246156,0.3711704909801483
ft_tkt_0005775,ft_sal_003063,ft_evt_0059,CORTESÍA,0,0.39289583504262665,0.4885857489229517,0.38828650126246156,0.3711704909801483
ft_tkt_0005776,ft_sal_003063,ft_evt_0059,CORTESÍA,0,0.39289583504262665,0.4885857489229517,0.38828650126246156,0.3711704909801483
ft_tkt_0005777,ft_sal_003064,ft_evt_0059,GENERAL,1,0.9349759289756103,0.969035647372049,0.9292736757245056,0.94355309009552
ft_tkt_0005778,ft_sal_003065,ft_evt_0059,GENERAL,0,0.9349759289756103,0.9483719802070135,0.9317288596749512,0.9108015298843384
ft_tkt_0005779,ft_sal_003065,ft_evt_0059,GENERAL,1,0.9349759289756103,0.9483719802070135,0.9317288596749512,0.9108015298843384
ft_tkt_0005780,ft_sal_003065,ft_evt_0059,GENERAL,1,0.9349759289756103,0.9483719802070135,0.9317288596749512,0.9108015298843384
ft_tkt_0005781,ft_sal_003066,ft_evt_0059,CORTESÍA,0,0.39289583504262665,0.5195357671728342,0.3636770702086572,0.3671194612979889
ft_tkt_0005782,ft_sal_003067,ft_evt_0059,PREFERENCIAL,1,0.9345943760947751,0.957284699836676,0.9253530819678941,0.9250251054763794
ft_tkt_0005783,ft_sal_003067,ft_evt_0059,PREFERENCIAL,1,0.9345943760947751,0.957284699836676,0.9253530819678941,0.9250251054763794
ft_tkt_0005784,ft_sal_003068,ft_evt_0059,CORTESÍA,1,0.39289583504262665,0.5284266695470958,0.3921692935594501,0.38631609082221985
ft_tkt_0005785,ft_sal_003069,ft_evt_0059,VIP,1,0.9404152722541531,0.9828764210647436,0.9601342303716865,0.9635023474693298
ft_tkt_0005786,ft_sal_003070,ft_evt_0059,GENERAL,1,0.9349759289756103,0.9564532290054263,0.9261656869820158,0.9422000646591187
ft_tkt_0005787,ft_sal_003070,ft_evt_0059,GENERAL,1,0.9349759289756103,0.9564532290054263,0.9261656869820158,0.9422000646591187
ft_tkt_0005788,ft_sal_003071,ft_evt_0059,CORTESÍA,1,0.39289583504262665,0.46459029246152,0.3812432133841302,0.35064974427223206
ft_tkt_0005789,ft_sal_003071,ft_evt_0059,CORTESÍA,0,0.39289583504262665,0.46459029246152,0.3812432133841302,0.35064974427223206
ft_tkt_0005790,ft_sal_003072,ft_evt_0059,VIP,1,0.9404152722541531,0.972032203944983,0.9224307712514852,0.9208831191062927
ft_tkt_0005791,ft_sal_003072,ft_evt_0059,VIP,1,0.9404152722541531,0.972032203944983,0.9224307712514852,0.9208831191062927
ft_tkt_0005792,ft_sal_003073,ft_evt_0059,CORTESÍA,1,0.39289583504262665,0.5211112621440231,0.3895467466677754,0.46010899543762207
ft_tkt_0005793,ft_sal_003074,ft_evt_0059,CORTESÍA,0,0.39289583504262665,0.5053425882485192,0.36268649903215333,0.3322637379169464
ft_tkt_0005794,ft_sal_003075,ft_evt_0059,VIP,1,0.9404152722541531,0.9761336729992499,0.9393263743146691,0.9414495229721069
ft_tkt_0005795,ft_sal_003075,ft_evt_0059,VIP,0,0.9404152722541531,0.9761336729992499,0.9393263743146691,0.9414495229721069
ft_tkt_0005796,ft_sal_003076,ft_evt_0059,CORTESÍA,0,0.39289583504262665,0.5880046059987155,0.40304470407746645,0.4260109066963196
ft_tkt_0005797,ft_sal_003076,ft_evt_0059,CORTESÍA,0,0.39289583504262665,0.5880046059987155,0.40304470407746645,0.4260109066963196
ft_tkt_0005798,ft_sal_003077,ft_evt_0059,VIP,1,0.9404152722541531,0.9732188623541338,0.9408324290223754,0.9407331943511963
ft_tkt_0005799,ft_sal_003078,ft_evt_0059,CORTESÍA,0,0.39289583504262665,0.46148469170369455,0.3400991452776922,0.4069417715072632
ft_tkt_0005800,ft_sal_003079,ft_evt_0059,CORTESÍA,0,0.39289583504262665,0.5046200900675557,0.37766519071006754,0.38818177580833435
ft_tkt_0005801,ft_sal_003079,ft_evt_0059,CORTESÍA,0,0.39289583504262665,0.5046200900675557,0.37766519071006754,0.38818177580833435
ft_tkt_0005802,ft_sal_003079,ft_evt_0059,CORTESÍA,0,0.39289583504262665,0.5046200900675557,0.37766519071006754,0.38818177580833435
ft_tkt_0005803,ft_sal_003080,ft_evt_0059,CORTESÍA,0,0.39289583504262665,0.5236126421600034,0.39048376281213026,0.37332141399383545
ft_tkt_0005804,ft_sal_003081,ft_evt_0059,CORTESÍA,0,0.39289583504262665,0.5341312005553243,0.3558742766829801,0.4149200916290283
ft_tkt_0005805,ft_sal_003081,ft_evt_0059,CORTESÍA,1,0.39289583504262665,0.5341312005553243,0.3558742766829801,0.4149200916290283
ft_tkt_0005806,ft_sal_003082,ft_evt_0059,GENERAL,1,0.9349759289756103,0.942142387180204,0.9280156745018898,0.9279451370239258
ft_tkt_0005807,ft_sal_003082,ft_evt_0059,GENERAL,0,0.9349759289756103,0.942142387180204,0.9280156745018898,0.9279451370239258
ft_tkt_0005808,ft_sal_003082,ft_evt_0059,GENERAL,1,0.9349759289756103,0.942142387180204,0.9280156745018898,0.9279451370239258
ft_tkt_0005809,ft_sal_003082,ft_evt_0059,GENERAL,1,0.9349759289756103,0.942142387180204,0.9280156745018898,0.9279451370239258
ft_tkt_0005810,ft_sal_003083,ft_evt_0059,GENERAL,1,0.9349759289756103,0.9540227581905081,0.9172730544155011,0.9281968474388123
ft_tkt_0005811,ft_sal_003083,ft_evt_0059,GENERAL,1,0.9349759289756103,0.9540227581905081,0.9172730544155011,0.9281968474388123
ft_tkt_0005812,ft_sal_003084,ft_evt_0059,GENERAL,1,0.9349759289756103,0.9653980437354025,0.934298441186349,0.9437388777732849
ft_tkt_0005813,ft_sal_003085,ft_evt_0059,GENERAL,1,0.9349759289756103,0.9655388865841743,0.934298441186349,0.9414767622947693
ft_tkt_0005814,ft_sal_003086,ft_evt_0059,CORTESÍA,0,0.39289583504262665,0.4017330499155823,0.361168360036783,0.3314129710197449
ft_tkt_0005815,ft_sal_003087,ft_evt_0059,CORTESÍA,0,0.39289583504262665,0.6047673941702557,0.43441187033388506,0.5051143169403076
ft_tkt_0005816,ft_sal_003087,ft_evt_0059,CORTESÍA,1,0.39289583504262665,0.6047673941702557,0.43441187033388506,0.5051143169403076
ft_tkt_0005817,ft_sal_003087,ft_evt_0059,CORTESÍA,1,0.39289583504262665,0.6047673941702557,0.43441187033388506,0.5051143169403076
ft_tkt_0005818,ft_sal_003087,ft_evt_0059,CORTESÍA,0,0.39289583504262665,0.6047673941702557,0.43441187033388506,0.5051143169403076
ft_tkt_0005819,ft_sal_003088,ft_evt_0059,CORTESÍA,0,0.39289583504262665,0.5006497092241285,0.3640131206514236,0.37056705355644226
ft_tkt_0005820,ft_sal_003089,ft_evt_0059,GENERAL,1,0.9349759289756103,0.9653179000736906,0.9349703857047383,0.9425318837165833
ft_tkt_0005821,ft_sal_003090,ft_evt_0059,GENERAL,1,0.9349759289756103,0.9487772668233193,0.9242309151157533,0.9183282256126404
ft_tkt_0005822,ft_sal_003090,ft_evt_0059,GENERAL,1,0.9349759289756103,0.9487772668233193,0.9242309151157533,0.9183282256126404
ft_tkt_0005823,ft_sal_003091,ft_evt_0059,CORTESÍA,0,0.39289583504262665,0.36658489773298863,0.2314637052620707,0.152297705411911
ft_tkt_0005824,ft_sal_003092,ft_evt_0059,CORTESÍA,0,0.39289583504262665,0.29603927471794694,0.3382102890054981,0.4311447739601135
ft_tkt_0005825,ft_sal_003093,ft_evt_0059,CORTESÍA,0,0.39289583504262665,0.48946722463207787,0.3198990183647353,0.3026343882083893
ft_tkt_0005826,ft_sal_003093,ft_evt_0059,CORTESÍA,1,0.39289583504262665,0.48946722463207787,0.3198990183647353,0.3026343882083893
ft_tkt_0005827,ft_sal_003094,ft_evt_0059,GENERAL,1,0.9349759289756103,0.9508583744440751,0.9077475461464755,0.8871487379074097
ft_tkt_0005828,ft_sal_003094,ft_evt_0059,GENERAL,1,0.9349759289756103,0.9508583744440751,0.9077475461464755,0.8871487379074097
ft_tkt_0005829,ft_sal_003094,ft_evt_0059,GENERAL,1,0.9349759289756103,0.9508583744440751,0.9077475461464755,0.8871487379074097
ft_tkt_0005830,ft_sal_003095,ft_evt_0059,CORTESÍA,1,0.39289583504262665,0.5352680810096928,0.3950685968795418,0.4143369495868683
ft_tkt_0005831,ft_sal_003096,ft_evt_0059,GENERAL,1,0.9349759289756103,0.966494917565761,0.9355625162937616,0.9443783760070801
ft_tkt_0005832,ft_sal_003097,ft_evt_0059,VIP,1,0.9404152722541531,0.9681643620262766,0.9381607483479667,0.954179048538208
ft_tkt_0005833,ft_sal_003098,ft_evt_0059,GENERAL,1,0.9349759289756103,0.9672107287983118,0.9404650339651407,0.9472672939300537
ft_tkt_0005834,ft_sal_003098,ft_evt_0059,GENERAL,1,0.9349759289756103,0.9672107287983118,0.9404650339651407,0.9472672939300537
ft_tkt_0005835,ft_sal_003099,ft_evt_0059,GENERAL,1,0.9349759289756103,0.966674140005308,0.9355625162937616,0.9439423680305481
ft_tkt_0005836,ft_sal_003100,ft_evt_0059,GENERAL,1,0.9349759289756103,0.9692843779333689,0.9272976664367478,0.9261943697929382
ft_tkt_0005837,ft_sal_003100,ft_evt_0059,GENERAL,1,0.9349759289756103,0.9692843779333689,0.9272976664367478,0.9261943697929382
ft_tkt_0005838,ft_sal_003101,ft_evt_0004,GENERAL,1,0.9346165947465126,0.9828497854656089,0.9755595849455603,0.9749767184257507
ft_tkt_0005839,ft_sal_003102,ft_evt_0004,GENERAL,1,0.9346165947465126,0.9908079111389964,0.9638289276547132,0.9656967520713806
ft_tkt_0005840,ft_sal_003103,ft_evt_0004,GENERAL,1,0.9346165947465126,0.9556187919412195,0.942083794380652,0.95864337682724
ft_tkt_0005841,ft_sal_003103,ft_evt_0004,GENERAL,1,0.9346165947465126,0.9556187919412195,0.942083794380652,0.95864337682724
ft_tkt_0005842,ft_sal_003103,ft_evt_0004,GENERAL,1,0.9346165947465126,0.9556187919412195,0.942083794380652,0.95864337682724
ft_tkt_0005843,ft_sal_003104,ft_evt_0004,GENERAL,1,0.9346165947465126,0.9574644330279238,0.9561541738303266,0.9591413736343384
ft_tkt_0005844,ft_sal_003105,ft_evt_0004,GENERAL,1,0.9346165947465126,0.9754780422947091,0.9649144785086361,0.9636974930763245
ft_tkt_0005845,ft_sal_003105,ft_evt_0004,GENERAL,1,0.9346165947465126,0.9754780422947091,0.9649144785086361,0.9636974930763245
ft_tkt_0005846,ft_sal_003105,ft_evt_0004,GENERAL,1,0.9346165947465126,0.9754780422947091,0.9649144785086361,0.9636974930763245
ft_tkt_0005847,ft_sal_003106,ft_evt_0004,PREFERENCIAL,1,0.932553728100417,0.9653473033897263,0.9512051661448854,0.9599646329879761
ft_tkt_0005848,ft_sal_003106,ft_evt_0004,PREFERENCIAL,1,0.932553728100417,0.9653473033897263,0.9512051661448854,0.9599646329879761
ft_tkt_0005849,ft_sal_003106,ft_evt_0004,PREFERENCIAL,1,0.932553728100417,0.9653473033897263,0.9512051661448854,0.9599646329879761
ft_tkt_0005850,ft_sal_003106,ft_evt_0004,PREFERENCIAL,1,0.932553728100417,0.9653473033897263,0.9512051661448854,0.9599646329879761
ft_tkt_0005851,ft_sal_003107,ft_evt_0004,GENERAL,1,0.9346165947465126,0.9642343723182837,0.9554336380779327,0.9532517790794373
ft_tkt_0005852,ft_sal_003107,ft_evt_0004,GENERAL,0,0.9346165947465126,0.9642343723182837,0.9554336380779327,0.9532517790794373
ft_tkt_0005853,ft_sal_003107,ft_evt_0004,GENERAL,1,0.9346165947465126,0.9642343723182837,0.9554336380779327,0.9532517790794373
ft_tkt_0005854,ft_sal_003107,ft_evt_0004,GENERAL,1,0.9346165947465126,0.9642343723182837,0.9554336380779327,0.9532517790794373
ft_tkt_0005855,ft_sal_003108,ft_evt_0004,PREFERENCIAL,1,0.932553728100417,0.9547730621355914,0.9489938090643874,0.9641678929328918
ft_tkt_0005856,ft_sal_003108,ft_evt_0004,PREFERENCIAL,1,0.932553728100417,0.9547730621355914,0.9489938090643874,0.9641678929328918
ft_tkt_0005857,ft_sal_003108,ft_evt_0004,PREFERENCIAL,1,0.932553728100417,0.9547730621355914,0.9489938090643874,0.9641678929328918
ft_tkt_0005858,ft_sal_003108,ft_evt_0004,PREFERENCIAL,1,0.932553728100417,0.9547730621355914,0.9489938090643874,0.9641678929328918
ft_tkt_0005859,ft_sal_003108,ft_evt_0004,PREFERENCIAL,1,0.932553728100417,0.9547730621355914,0.9489938090643874,0.9641678929328918
ft_tkt_0005860,ft_sal_003108,ft_evt_0004,PREFERENCIAL,1,0.932553728100417,0.9547730621355914,0.9489938090643874,0.9641678929328918
ft_tkt_0005861,ft_sal_003109,ft_evt_0004,VIP,1,0.9303854601488023,0.973420080697677,0.9551063066148667,0.9787139296531677
ft_tkt_0005862,ft_sal_003109,ft_evt_0004,VIP,1,0.9303854601488023,0.973420080697677,0.9551063066148667,0.9787139296531677
ft_tkt_0005863,ft_sal_003109,ft_evt_0004,VIP,1,0.9303854601488023,0.973420080697677,0.9551063066148667,0.9787139296531677
ft_tkt_0005864,ft_sal_003110,ft_evt_0004,GENERAL,1,0.9346165947465126,0.9534358096892898,0.9411606410694886,0.9396601319313049
ft_tkt_0005865,ft_sal_003111,ft_evt_0004,GENERAL,1,0.9346165947465126,0.9452067763707335,0.9405480720723178,0.9475929141044617
ft_tkt_0005866,ft_sal_003112,ft_evt_0004,GENERAL,1,0.9346165947465126,0.9247948875293288,0.9359496177449023,0.9477246999740601
ft_tkt_0005867,ft_sal_003113,ft_evt_0004,GENERAL,1,0.9346165947465126,0.9557623885963559,0.9550350591339817,0.9622328877449036
ft_tkt_0005868,ft_sal_003114,ft_evt_0004,GENERAL,1,0.9346165947465126,0.9578238927586645,0.9568165951894508,0.959954023361206
ft_tkt_0005869,ft_sal_003115,ft_evt_0004,CORTESÍA,0,0.3751295741085871,0.4176845103791399,0.43203238341120187,0.40011149644851685
ft_tkt_0005870,ft_sal_003115,ft_evt_0004,CORTESÍA,1,0.3751295741085871,0.4176845103791399,0.43203238341120187,0.40011149644851685
ft_tkt_0005871,ft_sal_003115,ft_evt_0004,CORTESÍA,0,0.3751295741085871,0.4176845103791399,0.43203238341120187,0.40011149644851685
ft_tkt_0005872,ft_sal_003116,ft_evt_0004,CORTESÍA,1,0.3751295741085871,0.39669066253158547,0.3405242774287833,0.27716681361198425
ft_tkt_0005873,ft_sal_003116,ft_evt_0004,CORTESÍA,0,0.3751295741085871,0.39669066253158547,0.3405242774287833,0.27716681361198425
ft_tkt_0005874,ft_sal_003117,ft_evt_0004,VIP,1,0.9303854601488023,0.9671965474057709,0.95768197773158,0.9706750512123108
ft_tkt_0005875,ft_sal_003118,ft_evt_0004,VIP,1,0.9303854601488023,0.9762920058109107,0.9652048019319476,0.9775859117507935
ft_tkt_0005876,ft_sal_003118,ft_evt_0004,VIP,1,0.9303854601488023,0.9762920058109107,0.9652048019319476,0.9775859117507935
ft_tkt_0005877,ft_sal_003119,ft_evt_0004,PREFERENCIAL,1,0.932553728100417,0.9514761231578485,0.9567034598615097,0.9775657653808594
ft_tkt_0005878,ft_sal_003119,ft_evt_0004,PREFERENCIAL,1,0.932553728100417,0.9514761231578485,0.9567034598615097,0.9775657653808594
ft_tkt_0005879,ft_sal_003119,ft_evt_0004,PREFERENCIAL,1,0.932553728100417,0.9514761231578485,0.9567034598615097,0.9775657653808594
ft_tkt_0005880,ft_sal_003120,ft_evt_0004,GENERAL,1,0.9346165947465126,0.9617285106867175,0.9636441497264577,0.9672790765762329
ft_tkt_0005881,ft_sal_003121,ft_evt_0004,PREFERENCIAL,1,0.932553728100417,0.9600783654012887,0.9450372083742433,0.95135897397995
ft_tkt_0005882,ft_sal_003121,ft_evt_0004,PREFERENCIAL,1,0.932553728100417,0.9600783654012887,0.9450372083742433,0.95135897397995
ft_tkt_0005883,ft_sal_003122,ft_evt_0004,PREFERENCIAL,1,0.932553728100417,0.9403955077863061,0.9371485689121649,0.9430909156799316
ft_tkt_0005884,ft_sal_003123,ft_evt_0004,GENERAL,1,0.9346165947465126,0.9433409377375654,0.9319340571131152,0.9418867230415344
ft_tkt_0005885,ft_sal_003123,ft_evt_0004,GENERAL,0,0.9346165947465126,0.9433409377375654,0.9319340571131152,0.9418867230415344
ft_tkt_0005886,ft_sal_003124,ft_evt_0004,GENERAL,1,0.9346165947465126,0.9624618889355405,0.9500109142332926,0.9568392634391785
ft_tkt_0005887,ft_sal_003124,ft_evt_0004,GENERAL,1,0.9346165947465126,0.9624618889355405,0.9500109142332926,0.9568392634391785
ft_tkt_0005888,ft_sal_003125,ft_evt_0004,PREFERENCIAL,1,0.932553728100417,0.9606112438027768,0.9576477442289179,0.9653521180152893
ft_tkt_0005889,ft_sal_003126,ft_evt_0004,GENERAL,1,0.9346165947465126,0.9512570592445002,0.9394528442055171,0.9266329407691956
ft_tkt_0005890,ft_sal_003127,ft_evt_0004,PREFERENCIAL,1,0.932553728100417,0.9668763025451234,0.9554048253303994,0.9641749858856201
ft_tkt_0005891,ft_sal_003127,ft_evt_0004,PREFERENCIAL,1,0.932553728100417,0.9668763025451234,0.9554048253303994,0.9641749858856201
ft_tkt_0005892,ft_sal_003128,ft_evt_0004,GENERAL,1,0.9346165947465126,0.9433600009946352,0.9326903921813584,0.9264644980430603
ft_tkt_0005893,ft_sal_003128,ft_evt_0004,GENERAL,1,0.9346165947465126,0.9433600009946352,0.9326903921813584,0.9264644980430603
ft_tkt_0005894,ft_sal_003128,ft_evt_0004,GENERAL,1,0.9346165947465126,0.9433600009946352,0.9326903921813584,0.9264644980430603
ft_tkt_0005895,ft_sal_003129,ft_evt_0004,GENERAL,1,0.9346165947465126,0.9661754489722368,0.9572048166984609,0.963638186454773
ft_tkt_0005896,ft_sal_003129,ft_evt_0004,GENERAL,1,0.9346165947465126,0.9661754489722368,0.9572048166984609,0.963638186454773
ft_tkt_0005897,ft_sal_003130,ft_evt_0004,PREFERENCIAL,1,0.932553728100417,0.9686823978844524,0.9575930191988001,0.97539222240448
ft_tkt_0005898,ft_sal_003130,ft_evt_0004,PREFERENCIAL,1,0.932553728100417,0.9686823978844524,0.9575930191988001,0.97539222240448
ft_tkt_0005899,ft_sal_003131,ft_evt_0004,GENERAL,1,0.9346165947465126,0.9445738868699682,0.9533109084071935,0.9594383239746094
ft_tkt_0005900,ft_sal_003132,ft_evt_0004,PREFERENCIAL,1,0.932553728100417,0.9516429101351918,0.9376238353386243,0.9445473551750183
ft_tkt_0005901,ft_sal_003132,ft_evt_0004,PREFERENCIAL,1,0.932553728100417,0.9516429101351918,0.9376238353386243,0.9445473551750183
ft_tkt_0005902,ft_sal_003132,ft_evt_0004,PREFERENCIAL,1,0.932553728100417,0.9516429101351918,0.9376238353386243,0.9445473551750183
ft_tkt_0005903,ft_sal_003132,ft_evt_0004,PREFERENCIAL,1,0.932553728100417,0.9516429101351918,0.9376238353386243,0.9445473551750183
ft_tkt_0005904,ft_sal_003133,ft_evt_0004,GENERAL,1,0.9346165947465126,0.9757565407989742,0.9656472412646607,0.9637526273727417
ft_tkt_0005905,ft_sal_003133,ft_evt_0004,GENERAL,1,0.9346165947465126,0.9757565407989742,0.9656472412646607,0.9637526273727417
ft_tkt_0005906,ft_sal_003134,ft_evt_0004,GENERAL,1,0.9346165947465126,0.9194824468708879,0.943614273060095,0.9497032165527344
ft_tkt_0005907,ft_sal_003135,ft_evt_0004,PREFERENCIAL,1,0.932553728100417,0.9644614888469965,0.964426272125424,0.9667638540267944
ft_tkt_0005908,ft_sal_003136,ft_evt_0004,GENERAL,1,0.9346165947465126,0.9528130703035301,0.9538977173859057,0.95675128698349
ft_tkt_0005909,ft_sal_003136,ft_evt_0004,GENERAL,1,0.9346165947465126,0.9528130703035301,0.9538977173859057,0.95675128698349
ft_tkt_0005910,ft_sal_003137,ft_evt_0004,CORTESÍA,1,0.3751295741085871,0.39603022754444916,0.3844408380912079,0.2944599688053131
ft_tkt_0005911,ft_sal_003137,ft_evt_0004,CORTESÍA,0,0.3751295741085871,0.39603022754444916,0.3844408380912079,0.2944599688053131
ft_tkt_0005912,ft_sal_003138,ft_evt_0004,CORTESÍA,1,0.3751295741085871,0.4892930802141929,0.4662682856438767,0.5215747952461243
ft_tkt_0005913,ft_sal_003138,ft_evt_0004,CORTESÍA,0,0.3751295741085871,0.4892930802141929,0.4662682856438767,0.5215747952461243
ft_tkt_0005914,ft_sal_003138,ft_evt_0004,CORTESÍA,1,0.3751295741085871,0.4892930802141929,0.4662682856438767,0.5215747952461243
ft_tkt_0005915,ft_sal_003139,ft_evt_0004,GENERAL,1,0.9346165947465126,0.9550348396290315,0.9554037576424287,0.960198163986206
ft_tkt_0005916,ft_sal_003140,ft_evt_0004,GENERAL,1,0.9346165947465126,0.934897498045475,0.9366185482899644,0.9418521523475647
ft_tkt_0005917,ft_sal_003140,ft_evt_0004,GENERAL,1,0.9346165947465126,0.934897498045475,0.9366185482899644,0.9418521523475647
ft_tkt_0005918,ft_sal_003140,ft_evt_0004,GENERAL,1,0.9346165947465126,0.934897498045475,0.9366185482899644,0.9418521523475647
ft_tkt_0005919,ft_sal_003141,ft_evt_0004,PREFERENCIAL,0,0.932553728100417,0.9624067182438613,0.9469446441850375,0.9597087502479553
ft_tkt_0005920,ft_sal_003141,ft_evt_0004,PREFERENCIAL,1,0.932553728100417,0.9624067182438613,0.9469446441850375,0.9597087502479553
ft_tkt_0005921,ft_sal_003142,ft_evt_0004,GENERAL,1,0.9346165947465126,0.9536016449695469,0.9434991766136466,0.9557468295097351
ft_tkt_0005922,ft_sal_003142,ft_evt_0004,GENERAL,1,0.9346165947465126,0.9536016449695469,0.9434991766136466,0.9557468295097351
ft_tkt_0005923,ft_sal_003143,ft_evt_0004,GENERAL,1,0.9346165947465126,0.9560493968851287,0.955771321289328,0.9643010497093201
ft_tkt_0005924,ft_sal_003144,ft_evt_0004,CORTESÍA,0,0.3751295741085871,0.49177118515255147,0.4654878535157685,0.47780507802963257
ft_tkt_0005925,ft_sal_003144,ft_evt_0004,CORTESÍA,1,0.3751295741085871,0.49177118515255147,0.4654878535157685,0.47780507802963257
ft_tkt_0005926,ft_sal_003144,ft_evt_0004,CORTESÍA,1,0.3751295741085871,0.49177118515255147,0.4654878535157685,0.47780507802963257
ft_tkt_0005927,ft_sal_003144,ft_evt_0004,CORTESÍA,0,0.3751295741085871,0.49177118515255147,0.4654878535157685,0.47780507802963257
ft_tkt_0005928,ft_sal_003145,ft_evt_0004,GENERAL,1,0.9346165947465126,0.9467044415796204,0.9363680964922678,0.9279199838638306
ft_tkt_0005929,ft_sal_003146,ft_evt_0004,GENERAL,1,0.9346165947465126,0.9506766502041682,0.9416827446038523,0.9470301270484924
ft_tkt_0005930,ft_sal_003146,ft_evt_0004,GENERAL,1,0.9346165947465126,0.9506766502041682,0.9416827446038523,0.9470301270484924
ft_tkt_0005931,ft_sal_003146,ft_evt_0004,GENERAL,1,0.9346165947465126,0.9506766502041682,0.9416827446038523,0.9470301270484924
ft_tkt_0005932,ft_sal_003146,ft_evt_0004,GENERAL,1,0.9346165947465126,0.9506766502041682,0.9416827446038523,0.9470301270484924
ft_tkt_0005933,ft_sal_003147,ft_evt_0004,GENERAL,1,0.9346165947465126,0.9782025580230542,0.957356731118915,0.9548252820968628
ft_tkt_0005934,ft_sal_003148,ft_evt_0004,VIP,1,0.9303854601488023,0.9323439597975884,0.9229646458771121,0.9173523187637329
ft_tkt_0005935,ft_sal_003149,ft_evt_0004,GENERAL,1,0.9346165947465126,0.9547578666681772,0.9394655256402717,0.9595878720283508
ft_tkt_0005936,ft_sal_003149,ft_evt_0004,GENERAL,1,0.9346165947465126,0.9547578666681772,0.9394655256402717,0.9595878720283508
ft_tkt_0005937,ft_sal_003150,ft_evt_0004,VIP,1,0.9303854601488023,0.9500890586962819,0.9438791047554498,0.9646361470222473
ft_tkt_0005938,ft_sal_003151,ft_evt_0004,GENERAL,1,0.9346165947465126,0.9565364048144583,0.9564752143378886,0.9650313258171082
ft_tkt_0005939,ft_sal_003152,ft_evt_0004,GENERAL,1,0.9346165947465126,0.9605779498094094,0.9479851841257667,0.9588255882263184
ft_tkt_0005940,ft_sal_003152,ft_evt_0004,GENERAL,1,0.9346165947465126,0.9605779498094094,0.9479851841257667,0.9588255882263184
ft_tkt_0005941,ft_sal_003153,ft_evt_0004,GENERAL,1,0.9346165947465126,0.9431082134956835,0.9385348604988217,0.9418016076087952
ft_tkt_0005942,ft_sal_003154,ft_evt_0004,GENERAL,1,0.9346165947465126,0.9315419333757614,0.9421142196176869,0.9542014002799988
ft_tkt_0005943,ft_sal_003155,ft_evt_0004,CORTESÍA,0,0.3751295741085871,0.4204991121396348,0.4172615163997281,0.41805508732795715
ft_tkt_0005944,ft_sal_003156,ft_evt_0004,PREFERENCIAL,1,0.932553728100417,0.9773500340748138,0.9597903431001922,0.9654551148414612
ft_tkt_0005945,ft_sal_003157,ft_evt_0004,GENERAL,1,0.9346165947465126,0.9524390392518244,0.9497378004219684,0.9573097825050354
ft_tkt_0005946,ft_sal_003158,ft_evt_0004,GENERAL,1,0.9346165947465126,0.9557946017883444,0.9580535570728304,0.9625112414360046
ft_tkt_0005947,ft_sal_003159,ft_evt_0004,PREFERENCIAL,1,0.932553728100417,0.9669058461631649,0.9551922974395026,0.9734933972358704
ft_tkt_0005948,ft_sal_003159,ft_evt_0004,PREFERENCIAL,1,0.932553728100417,0.9669058461631649,0.9551922974395026,0.9734933972358704
ft_tkt_0005949,ft_sal_003160,ft_evt_0004,GENERAL,1,0.9346165947465126,0.9635417082887419,0.9554900364901955,0.9710684418678284
ft_tkt_0005950,ft_sal_003160,ft_evt_0004,GENERAL,1,0.9346165947465126,0.9635417082887419,0.9554900364901955,0.9710684418678284
ft_tkt_0005951,ft_sal_003161,ft_evt_0004,GENERAL,1,0.9346165947465126,0.9533373743375054,0.9518411571844083,0.9659707546234131
ft_tkt_0005952,ft_sal_003161,ft_evt_0004,GENERAL,0,0.9346165947465126,0.9533373743375054,0.9518411571844083,0.9659707546234131
ft_tkt_0005953,ft_sal_003162,ft_evt_0004,PREFERENCIAL,1,0.932553728100417,0.9760772176085677,0.962347395032569,0.9635687470436096
ft_tkt_0005954,ft_sal_003163,ft_evt_0004,GENERAL,1,0.9346165947465126,0.7819730266746168,0.9229149480245533,0.9107722640037537
ft_tkt_0005955,ft_sal_003164,ft_evt_0004,GENERAL,1,0.9346165947465126,0.9637086054224875,0.9678823096858402,0.9766191840171814
ft_tkt_0005956,ft_sal_003165,ft_evt_0004,GENERAL,1,0.9346165947465126,0.9624928403864736,0.9539659301477758,0.9648715853691101
ft_tkt_0005957,ft_sal_003165,ft_evt_0004,GENERAL,1,0.9346165947465126,0.9624928403864736,0.9539659301477758,0.9648715853691101
ft_tkt_0005958,ft_sal_003165,ft_evt_0004,GENERAL,1,0.9346165947465126,0.9624928403864736,0.9539659301477758,0.9648715853691101
ft_tkt_0005959,ft_sal_003165,ft_evt_0004,GENERAL,1,0.9346165947465126,0.9624928403864736,0.9539659301477758,0.9648715853691101
ft_tkt_0005960,ft_sal_003166,ft_evt_0004,GENERAL,1,0.9346165947465126,0.9493500353180461,0.9349599718251753,0.9409103393554688
ft_tkt_0005961,ft_sal_003166,ft_evt_0004,GENERAL,1,0.9346165947465126,0.9493500353180461,0.9349599718251753,0.9409103393554688
ft_tkt_0005962,ft_sal_003167,ft_evt_0004,GENERAL,1,0.9346165947465126,0.9642648579370833,0.9635145948824303,0.9636027216911316
ft_tkt_0005963,ft_sal_003168,ft_evt_0004,GENERAL,0,0.9346165947465126,0.9618195689167908,0.9526656697325441,0.9659203886985779
ft_tkt_0005964,ft_sal_003169,ft_evt_0004,GENERAL,1,0.9346165947465126,0.9316441280395293,0.9370584709809664,0.9436173439025879
ft_tkt_0005965,ft_sal_003170,ft_evt_0039,PREFERENCIAL,1,0.9282759202971969,0.9866624096104075,0.9523796623253432,0.9835831522941589
ft_tkt_0005966,ft_sal_003171,ft_evt_0039,GENERAL,1,0.9356965834661002,0.9709443356024409,0.9402191369832699,0.9670192003250122
ft_tkt_0005967,ft_sal_003171,ft_evt_0039,GENERAL,1,0.9356965834661002,0.9709443356024409,0.9402191369832699,0.9670192003250122
ft_tkt_0005968,ft_sal_003172,ft_evt_0039,GENERAL,0,0.9356965834661002,0.9700618133503195,0.943150097154902,0.9570748805999756
ft_tkt_0005969,ft_sal_003173,ft_evt_0039,VIP,1,0.9325078728886343,0.9769325811829727,0.9391706335763537,0.9519850015640259
ft_tkt_0005970,ft_sal_003173,ft_evt_0039,VIP,1,0.9325078728886343,0.9769325811829727,0.9391706335763537,0.9519850015640259
ft_tkt_0005971,ft_sal_003174,ft_evt_0039,CORTESÍA,1,0.3985098879822984,0.5045059028239688,0.4101425054287319,0.2989669740200043
ft_tkt_0005972,ft_sal_003174,ft_evt_0039,CORTESÍA,1,0.3985098879822984,0.5045059028239688,0.4101425054287319,0.2989669740200043
ft_tkt_0005973,ft_sal_003174,ft_evt_0039,CORTESÍA,0,0.3985098879822984,0.5045059028239688,0.4101425054287319,0.2989669740200043
ft_tkt_0005974,ft_sal_003175,ft_evt_0039,GENERAL,1,0.9356965834661002,0.9647077650960392,0.9369495915588366,0.9549990892410278
ft_tkt_0005975,ft_sal_003175,ft_evt_0039,GENERAL,1,0.9356965834661002,0.9647077650960392,0.9369495915588366,0.9549990892410278
ft_tkt_0005976,ft_sal_003175,ft_evt_0039,GENERAL,1,0.9356965834661002,0.9647077650960392,0.9369495915588366,0.9549990892410278
ft_tkt_0005977,ft_sal_003176,ft_evt_0039,PREFERENCIAL,1,0.9282759202971969,0.9708557104632272,0.9419477852188377,0.9522570967674255
ft_tkt_0005978,ft_sal_003177,ft_evt_0039,GENERAL,1,0.9356965834661002,0.9601129426490865,0.9344366688146578,0.9284070730209351
ft_tkt_0005979,ft_sal_003177,ft_evt_0039,GENERAL,1,0.9356965834661002,0.9601129426490865,0.9344366688146578,0.9284070730209351
ft_tkt_0005980,ft_sal_003178,ft_evt_0039,GENERAL,1,0.9356965834661002,0.9725490790957938,0.9428320602665314,0.948895275592804
ft_tkt_0005981,ft_sal_003178,ft_evt_0039,GENERAL,1,0.9356965834661002,0.9725490790957938,0.9428320602665314,0.948895275592804
ft_tkt_0005982,ft_sal_003179,ft_evt_0039,GENERAL,1,0.9356965834661002,0.9714576744050225,0.945100185837317,0.9661892652511597
ft_tkt_0005983,ft_sal_003180,ft_evt_0039,PREFERENCIAL,1,0.9282759202971969,0.9779023103820446,0.9481878344412874,0.9722923636436462
ft_tkt_0005984,ft_sal_003180,ft_evt_0039,PREFERENCIAL,1,0.9282759202971969,0.9779023103820446,0.9481878344412874,0.9722923636436462
ft_tkt_0005985,ft_sal_003181,ft_evt_0039,VIP,1,0.9325078728886343,0.9767058528295968,0.9416511856804733,0.9516096115112305
ft_tkt_0005986,ft_sal_003182,ft_evt_0039,CORTESÍA,0,0.3985098879822984,0.33915692388781954,0.31983571634076907,0.2026815265417099
ft_tkt_0005987,ft_sal_003183,ft_evt_0039,GENERAL,1,0.9356965834661002,0.9734862958830857,0.9458877041549525,0.9660871624946594
ft_tkt_0005988,ft_sal_003183,ft_evt_0039,GENERAL,1,0.9356965834661002,0.9734862958830857,0.9458877041549525,0.9660871624946594
ft_tkt_0005989,ft_sal_003184,ft_evt_0039,PREFERENCIAL,1,0.9282759202971969,0.9725036361987945,0.9412249115922715,0.9557992219924927
ft_tkt_0005990,ft_sal_003184,ft_evt_0039,PREFERENCIAL,1,0.9282759202971969,0.9725036361987945,0.9412249115922715,0.9557992219924927
ft_tkt_0005991,ft_sal_003185,ft_evt_0039,GENERAL,1,0.9356965834661002,0.9730866136137891,0.9453699007007742,0.968910276889801
ft_tkt_0005992,ft_sal_003185,ft_evt_0039,GENERAL,1,0.9356965834661002,0.9730866136137891,0.9453699007007742,0.968910276889801
ft_tkt_0005993,ft_sal_003185,ft_evt_0039,GENERAL,1,0.9356965834661002,0.9730866136137891,0.9453699007007742,0.968910276889801
ft_tkt_0005994,ft_sal_003186,ft_evt_0039,CORTESÍA,1,0.3985098879822984,0.5435890454453578,0.4159075667524668,0.4513096511363983
ft_tkt_0005995,ft_sal_003186,ft_evt_0039,CORTESÍA,0,0.3985098879822984,0.5435890454453578,0.4159075667524668,0.4513096511363983
ft_tkt_0005996,ft_sal_003187,ft_evt_0039,GENERAL,1,0.9356965834661002,0.9763633038972571,0.9479445980446888,0.9715259671211243
ft_tkt_0005997,ft_sal_003187,ft_evt_0039,GENERAL,1,0.9356965834661002,0.9763633038972571,0.9479445980446888,0.9715259671211243
ft_tkt_0005998,ft_sal_003188,ft_evt_0039,VIP,1,0.9325078728886343,0.9792873857157587,0.9456379517683111,0.9681333303451538
ft_tkt_0005999,ft_sal_003189,ft_evt_0039,GENERAL,1,0.9356965834661002,0.9677253770100112,0.9468115375688819,0.962181031703949
ft_tkt_0006000,ft_sal_003189,ft_evt_0039,GENERAL,1,0.9356965834661002,0.9677253770100112,0.9468115375688819,0.962181031703949
ft_tkt_0006001,ft_sal_003190,ft_evt_0039,CORTESÍA,0,0.3985098879822984,0.5333627888773894,0.4055380931189216,0.41494402289390564
ft_tkt_0006002,ft_sal_003190,ft_evt_0039,CORTESÍA,1,0.3985098879822984,0.5333627888773894,0.4055380931189216,0.41494402289390564
ft_tkt_0006003,ft_sal_003191,ft_evt_0039,GENERAL,1,0.9356965834661002,0.977419815238425,0.9475225415457965,0.9417814016342163
ft_tkt_0006004,ft_sal_003191,ft_evt_0039,GENERAL,1,0.9356965834661002,0.977419815238425,0.9475225415457965,0.9417814016342163
ft_tkt_0006005,ft_sal_003191,ft_evt_0039,GENERAL,1,0.9356965834661002,0.977419815238425,0.9475225415457965,0.9417814016342163
ft_tkt_0006006,ft_sal_003192,ft_evt_0039,GENERAL,1,0.9356965834661002,0.9813218675855537,0.9621141806494904,0.981445848941803
ft_tkt_0006007,ft_sal_003193,ft_evt_0039,GENERAL,1,0.9356965834661002,0.9712219682944782,0.9411782122477231,0.9470232725143433
ft_tkt_0006008,ft_sal_003193,ft_evt_0039,GENERAL,1,0.9356965834661002,0.9712219682944782,0.9411782122477231,0.9470232725143433
ft_tkt_0006009,ft_sal_003194,ft_evt_0039,GENERAL,1,0.9356965834661002,0.9579190599132699,0.9335631016963449,0.9403179287910461
ft_tkt_0006010,ft_sal_003195,ft_evt_0039,GENERAL,1,0.9356965834661002,0.970891312023362,0.944294673506921,0.9615511894226074
ft_tkt_0006011,ft_sal_003196,ft_evt_0039,PREFERENCIAL,1,0.9282759202971969,0.9602553260639449,0.9318851849458617,0.9611205458641052
ft_tkt_0006012,ft_sal_003196,ft_evt_0039,PREFERENCIAL,1,0.9282759202971969,0.9602553260639449,0.9318851849458617,0.9611205458641052
ft_tkt_0006013,ft_sal_003196,ft_evt_0039,PREFERENCIAL,1,0.9282759202971969,0.9602553260639449,0.9318851849458617,0.9611205458641052
ft_tkt_0006014,ft_sal_003197,ft_evt_0039,GENERAL,1,0.9356965834661002,0.9582096546881642,0.9400366296299244,0.9359642863273621
ft_tkt_0006015,ft_sal_003198,ft_evt_0039,CORTESÍA,1,0.3985098879822984,0.5878128709861808,0.46947007579249067,0.43431687355041504
ft_tkt_0006016,ft_sal_003199,ft_evt_0039,CORTESÍA,1,0.3985098879822984,0.6509989783199236,0.5237561407810623,0.6451637744903564
ft_tkt_0006017,ft_sal_003199,ft_evt_0039,CORTESÍA,1,0.3985098879822984,0.6509989783199236,0.5237561407810623,0.6451637744903564
ft_tkt_0006018,ft_sal_003199,ft_evt_0039,CORTESÍA,0,0.3985098879822984,0.6509989783199236,0.5237561407810623,0.6451637744903564
ft_tkt_0006019,ft_sal_003200,ft_evt_0039,GENERAL,1,0.9356965834661002,0.9703389865069729,0.9436043480230673,0.9626493453979492
ft_tkt_0006020,ft_sal_003201,ft_evt_0039,GENERAL,1,0.9356965834661002,0.970834350098819,0.9448723912321423,0.9647454023361206
ft_tkt_0006021,ft_sal_003201,ft_evt_0039,GENERAL,1,0.9356965834661002,0.970834350098819,0.9448723912321423,0.9647454023361206
ft_tkt_0006022,ft_sal_003201,ft_evt_0039,GENERAL,1,0.9356965834661002,0.970834350098819,0.9448723912321423,0.9647454023361206
ft_tkt_0006023,ft_sal_003201,ft_evt_0039,GENERAL,1,0.9356965834661002,0.970834350098819,0.9448723912321423,0.9647454023361206
ft_tkt_0006024,ft_sal_003202,ft_evt_0039,CORTESÍA,1,0.3985098879822984,0.5875276744862319,0.4415454544291594,0.45558658242225647
ft_tkt_0006025,ft_sal_003202,ft_evt_0039,CORTESÍA,0,0.3985098879822984,0.5875276744862319,0.4415454544291594,0.45558658242225647
ft_tkt_0006026,ft_sal_003203,ft_evt_0039,GENERAL,1,0.9356965834661002,0.966116939313505,0.9500481216987403,0.9608953595161438
ft_tkt_0006027,ft_sal_003204,ft_evt_0039,GENERAL,0,0.9356965834661002,0.9651033101846084,0.9361691963812672,0.9519311785697937
ft_tkt_0006028,ft_sal_003204,ft_evt_0039,GENERAL,0,0.9356965834661002,0.9651033101846084,0.9361691963812672,0.9519311785697937
ft_tkt_0006029,ft_sal_003204,ft_evt_0039,GENERAL,1,0.9356965834661002,0.9651033101846084,0.9361691963812672,0.9519311785697937
ft_tkt_0006030,ft_sal_003205,ft_evt_0039,GENERAL,1,0.9356965834661002,0.9459769857716634,0.9378966486401348,0.9602710604667664
ft_tkt_0006031,ft_sal_003206,ft_evt_0039,GENERAL,1,0.9356965834661002,0.9740205412404976,0.9403035486212511,0.9617767333984375
ft_tkt_0006032,ft_sal_003206,ft_evt_0039,GENERAL,1,0.9356965834661002,0.9740205412404976,0.9403035486212511,0.9617767333984375
ft_tkt_0006033,ft_sal_003207,ft_evt_0039,VIP,1,0.9325078728886343,0.9773455150823382,0.9438277808079198,0.9606092572212219
ft_tkt_0006034,ft_sal_003208,ft_evt_0039,GENERAL,1,0.9356965834661002,0.9697943187563601,0.9519667695795818,0.9764106869697571
ft_tkt_0006035,ft_sal_003208,ft_evt_0039,GENERAL,1,0.9356965834661002,0.9697943187563601,0.9519667695795818,0.9764106869697571
ft_tkt_0006036,ft_sal_003209,ft_evt_0039,GENERAL,1,0.9356965834661002,0.9687706646396537,0.9413902850866172,0.9605228304862976
ft_tkt_0006037,ft_sal_003210,ft_evt_0039,GENERAL,1,0.9356965834661002,0.9606516683543536,0.9329401066202878,0.9080207347869873
ft_tkt_0006038,ft_sal_003211,ft_evt_0039,CORTESÍA,0,0.3985098879822984,0.445874338577815,0.3891699668725437,0.36375692486763
ft_tkt_0006039,ft_sal_003211,ft_evt_0039,CORTESÍA,0,0.3985098879822984,0.445874338577815,0.3891699668725437,0.36375692486763
ft_tkt_0006040,ft_sal_003212,ft_evt_0039,GENERAL,1,0.9356965834661002,0.9589084173256464,0.9387796935020529,0.9607438445091248
ft_tkt_0006041,ft_sal_003212,ft_evt_0039,GENERAL,1,0.9356965834661002,0.9589084173256464,0.9387796935020529,0.9607438445091248
ft_tkt_0006042,ft_sal_003213,ft_evt_0039,GENERAL,1,0.9356965834661002,0.9652112819396613,0.9550628019617194,0.9780511856079102
ft_tkt_0006043,ft_sal_003214,ft_evt_0039,GENERAL,0,0.9356965834661002,0.970080343426407,0.94383650737034,0.9589020013809204
ft_tkt_0006044,ft_sal_003215,ft_evt_0039,GENERAL,1,0.9356965834661002,0.9527011167331758,0.9464206228496668,0.9641580581665039
ft_tkt_0006045,ft_sal_003216,ft_evt_0039,GENERAL,1,0.9356965834661002,0.9748532099606972,0.9375191697644072,0.9199981093406677
ft_tkt_0006046,ft_sal_003217,ft_evt_0039,GENERAL,1,0.9356965834661002,0.9722940934805067,0.9423402500454636,0.93487548828125
ft_tkt_0006047,ft_sal_003217,ft_evt_0039,GENERAL,1,0.9356965834661002,0.9722940934805067,0.9423402500454636,0.93487548828125
ft_tkt_0006048,ft_sal_003218,ft_evt_0039,PREFERENCIAL,1,0.9282759202971969,0.9826497775554864,0.9570038448179282,0.9803741574287415
ft_tkt_0006049,ft_sal_003219,ft_evt_0039,PREFERENCIAL,1,0.9282759202971969,0.9886982026125732,0.9582136836720888,0.9821764230728149
ft_tkt_0006050,ft_sal_003220,ft_evt_0039,GENERAL,1,0.9356965834661002,0.9618777326159837,0.9429766536218204,0.9672583341598511
ft_tkt_0006051,ft_sal_003221,ft_evt_0039,GENERAL,1,0.9356965834661002,0.9688432731510623,0.8993304141119897,0.946224570274353
ft_tkt_0006052,ft_sal_003222,ft_evt_0039,CORTESÍA,1,0.3985098879822984,0.6901202888385728,0.4383893200130493,0.5490929484367371
ft_tkt_0006053,ft_sal_003222,ft_evt_0039,CORTESÍA,0,0.3985098879822984,0.6901202888385728,0.4383893200130493,0.5490929484367371
ft_tkt_0006054,ft_sal_003223,ft_evt_0039,GENERAL,1,0.9356965834661002,0.9685605849374158,0.9441341699057209,0.972264289855957
ft_tkt_0006055,ft_sal_003223,ft_evt_0039,GENERAL,1,0.9356965834661002,0.9685605849374158,0.9441341699057209,0.972264289855957
ft_tkt_0006056,ft_sal_003223,ft_evt_0039,GENERAL,1,0.9356965834661002,0.9685605849374158,0.9441341699057209,0.972264289855957
ft_tkt_0006057,ft_sal_003223,ft_evt_0039,GENERAL,1,0.9356965834661002,0.9685605849374158,0.9441341699057209,0.972264289855957
ft_tkt_0006058,ft_sal_003223,ft_evt_0039,GENERAL,1,0.9356965834661002,0.9685605849374158,0.9441341699057209,0.972264289855957
ft_tkt_0006059,ft_sal_003223,ft_evt_0039,GENERAL,1,0.9356965834661002,0.9685605849374158,0.9441341699057209,0.972264289855957
ft_tkt_0006060,ft_sal_003224,ft_evt_0039,PREFERENCIAL,1,0.9282759202971969,0.9731622593600058,0.9466739159647845,0.9600054025650024
ft_tkt_0006061,ft_sal_003224,ft_evt_0039,PREFERENCIAL,1,0.9282759202971969,0.9731622593600058,0.9466739159647845,0.9600054025650024
ft_tkt_0006062,ft_sal_003224,ft_evt_0039,PREFERENCIAL,1,0.9282759202971969,0.9731622593600058,0.9466739159647845,0.9600054025650024
ft_tkt_0006063,ft_sal_003225,ft_evt_0039,GENERAL,1,0.9356965834661002,0.9609756242678168,0.9342172945670956,0.9493847489356995
ft_tkt_0006064,ft_sal_003225,ft_evt_0039,GENERAL,1,0.9356965834661002,0.9609756242678168,0.9342172945670956,0.9493847489356995
ft_tkt_0006065,ft_sal_003226,ft_evt_0039,VIP,1,0.9325078728886343,0.975222405512213,0.9446325127423583,0.9717093110084534
ft_tkt_0006066,ft_sal_003227,ft_evt_0039,GENERAL,1,0.9356965834661002,0.9621292458725001,0.9357425219602898,0.9535444378852844
ft_tkt_0006067,ft_sal_003227,ft_evt_0039,GENERAL,1,0.9356965834661002,0.9621292458725001,0.9357425219602898,0.9535444378852844
ft_tkt_0006068,ft_sal_003227,ft_evt_0039,GENERAL,1,0.9356965834661002,0.9621292458725001,0.9357425219602898,0.9535444378852844
ft_tkt_0006069,ft_sal_003228,ft_evt_0039,GENERAL,1,0.9356965834661002,0.9585143437369894,0.9424424650055424,0.9619432687759399
ft_tkt_0006070,ft_sal_003229,ft_evt_0039,VIP,1,0.9325078728886343,0.9768364271606458,0.942541465763017,0.9557623863220215
ft_tkt_0006071,ft_sal_003230,ft_evt_0039,VIP,1,0.9325078728886343,0.9796593150955818,0.9453567554829834,0.9656537175178528
ft_tkt_0006072,ft_sal_003230,ft_evt_0039,VIP,1,0.9325078728886343,0.9796593150955818,0.9453567554829834,0.9656537175178528
ft_tkt_0006073,ft_sal_003231,ft_evt_0039,GENERAL,1,0.9356965834661002,0.970377354016612,0.9439256563665743,0.9604353904724121
ft_tkt_0006074,ft_sal_003232,ft_evt_0039,CORTESÍA,1,0.3985098879822984,0.567973563334731,0.4359812087081256,0.4638185203075409
ft_tkt_0006075,ft_sal_003232,ft_evt_0039,CORTESÍA,1,0.3985098879822984,0.567973563334731,0.4359812087081256,0.4638185203075409
ft_tkt_0006076,ft_sal_003232,ft_evt_0039,CORTESÍA,0,0.3985098879822984,0.567973563334731,0.4359812087081256,0.4638185203075409
ft_tkt_0006077,ft_sal_003232,ft_evt_0039,CORTESÍA,0,0.3985098879822984,0.567973563334731,0.4359812087081256,0.4638185203075409
ft_tkt_0006078,ft_sal_003233,ft_evt_0039,PREFERENCIAL,1,0.9282759202971969,0.9761115978701244,0.9478123962849759,0.9718567728996277
ft_tkt_0006079,ft_sal_003233,ft_evt_0039,PREFERENCIAL,1,0.9282759202971969,0.9761115978701244,0.9478123962849759,0.9718567728996277
ft_tkt_0006080,ft_sal_003233,ft_evt_0039,PREFERENCIAL,1,0.9282759202971969,0.9761115978701244,0.9478123962849759,0.9718567728996277
ft_tkt_0006081,ft_sal_003234,ft_evt_0039,PREFERENCIAL,1,0.9282759202971969,0.9611069211858265,0.93835022167417,0.9613815546035767
ft_tkt_0006082,ft_sal_003234,ft_evt_0039,PREFERENCIAL,1,0.9282759202971969,0.9611069211858265,0.93835022167417,0.9613815546035767
ft_tkt_0006083,ft_sal_003235,ft_evt_0039,GENERAL,1,0.9356965834661002,0.9747775267581003,0.9449299924750396,0.9546753168106079
ft_tkt_0006084,ft_sal_003235,ft_evt_0039,GENERAL,1,0.9356965834661002,0.9747775267581003,0.9449299924750396,0.9546753168106079
ft_tkt_0006085,ft_sal_003236,ft_evt_0039,CORTESÍA,1,0.3985098879822984,0.538473643785888,0.37387823622143423,0.40349912643432617
ft_tkt_0006086,ft_sal_003236,ft_evt_0039,CORTESÍA,0,0.3985098879822984,0.538473643785888,0.37387823622143423,0.40349912643432617
ft_tkt_0006087,ft_sal_003237,ft_evt_0039,GENERAL,1,0.9356965834661002,0.9684304607925892,0.9407186264800014,0.9647210240364075
ft_tkt_0006088,ft_sal_003237,ft_evt_0039,GENERAL,1,0.9356965834661002,0.9684304607925892,0.9407186264800014,0.9647210240364075
ft_tkt_0006089,ft_sal_003237,ft_evt_0039,GENERAL,1,0.9356965834661002,0.9684304607925892,0.9407186264800014,0.9647210240364075
ft_tkt_0006090,ft_sal_003238,ft_evt_0039,PREFERENCIAL,1,0.9282759202971969,0.966177472616738,0.9378560213401014,0.9558711051940918
ft_tkt_0006091,ft_sal_003238,ft_evt_0039,PREFERENCIAL,1,0.9282759202971969,0.966177472616738,0.9378560213401014,0.9558711051940918
ft_tkt_0006092,ft_sal_003239,ft_evt_0039,GENERAL,1,0.9356965834661002,0.9752324125028987,0.9458102720048408,0.96079421043396
ft_tkt_0006093,ft_sal_003239,ft_evt_0039,GENERAL,1,0.9356965834661002,0.9752324125028987,0.9458102720048408,0.96079421043396
ft_tkt_0006094,ft_sal_003240,ft_evt_0039,GENERAL,1,0.9356965834661002,0.972480893769443,0.9425175979704605,0.9450033903121948
ft_tkt_0006095,ft_sal_003240,ft_evt_0039,GENERAL,1,0.9356965834661002,0.972480893769443,0.9425175979704605,0.9450033903121948
ft_tkt_0006096,ft_sal_003241,ft_evt_0039,GENERAL,1,0.9356965834661002,0.9657622726984201,0.9368208150308936,0.9238821864128113
ft_tkt_0006097,ft_sal_003241,ft_evt_0039,GENERAL,1,0.9356965834661002,0.9657622726984201,0.9368208150308936,0.9238821864128113
ft_tkt_0006098,ft_sal_003242,ft_evt_0039,GENERAL,1,0.9356965834661002,0.9558243570053665,0.9422974272649297,0.9468480348587036
ft_tkt_0006099,ft_sal_003243,ft_evt_0039,PREFERENCIAL,1,0.9282759202971969,0.9767412179616786,0.9486177710046357,0.9773919582366943
ft_tkt_0006100,ft_sal_003243,ft_evt_0039,PREFERENCIAL,1,0.9282759202971969,0.9767412179616786,0.9486177710046357,0.9773919582366943
ft_tkt_0006101,ft_sal_003244,ft_evt_0039,VIP,1,0.9325078728886343,0.9756773450088374,0.9432182130919868,0.9541904330253601
ft_tkt_0006102,ft_sal_003245,ft_evt_0039,PREFERENCIAL,1,0.9282759202971969,0.9699611826757641,0.939931734617005,0.9530269503593445
ft_tkt_0006103,ft_sal_003246,ft_evt_0039,GENERAL,1,0.9356965834661002,0.9707364857462085,0.9357602450824418,0.9409188032150269
ft_tkt_0006104,ft_sal_003246,ft_evt_0039,GENERAL,1,0.9356965834661002,0.9707364857462085,0.9357602450824418,0.9409188032150269
ft_tkt_0006105,ft_sal_003247,ft_evt_0039,PREFERENCIAL,1,0.9282759202971969,0.975934480872549,0.9453567554829834,0.95599764585495
ft_tkt_0006106,ft_sal_003247,ft_evt_0039,PREFERENCIAL,1,0.9282759202971969,0.975934480872549,0.9453567554829834,0.95599764585495
ft_tkt_0006107,ft_sal_003248,ft_evt_0039,CORTESÍA,1,0.3985098879822984,0.5129404068823277,0.39757882108788045,0.4058978855609894
ft_tkt_0006108,ft_sal_003248,ft_evt_0039,CORTESÍA,0,0.3985098879822984,0.5129404068823277,0.39757882108788045,0.4058978855609894
ft_tkt_0006109,ft_sal_003249,ft_evt_0039,GENERAL,1,0.9356965834661002,0.9733588892146386,0.9454228427070765,0.9650411605834961
ft_tkt_0006110,ft_sal_003250,ft_evt_0039,GENERAL,1,0.9356965834661002,0.9828390446770561,0.9567536525368133,0.9679434299468994
ft_tkt_0006111,ft_sal_003250,ft_evt_0039,GENERAL,1,0.9356965834661002,0.9828390446770561,0.9567536525368133,0.9679434299468994
ft_tkt_0006112,ft_sal_003251,ft_evt_0039,GENERAL,1,0.9356965834661002,0.9647327829323225,0.9365803843174476,0.9640349745750427
ft_tkt_0006113,ft_sal_003251,ft_evt_0039,GENERAL,1,0.9356965834661002,0.9647327829323225,0.9365803843174476,0.9640349745750427
ft_tkt_0006114,ft_sal_003252,ft_evt_0039,GENERAL,0,0.9356965834661002,0.9583529078934973,0.9426791168278221,0.959689199924469
ft_tkt_0006115,ft_sal_003253,ft_evt_0039,CORTESÍA,0,0.3985098879822984,0.5429892955294742,0.3990179346256069,0.4432469308376312
ft_tkt_0006116,ft_sal_003253,ft_evt_0039,CORTESÍA,0,0.3985098879822984,0.5429892955294742,0.3990179346256069,0.4432469308376312
ft_tkt_0006117,ft_sal_003254,ft_evt_0039,GENERAL,1,0.9356965834661002,0.9744163809031738,0.9453131483227328,0.9568381905555725
ft_tkt_0006118,ft_sal_003254,ft_evt_0039,GENERAL,1,0.9356965834661002,0.9744163809031738,0.9453131483227328,0.9568381905555725
ft_tkt_0006119,ft_sal_003255,ft_evt_0039,PREFERENCIAL,1,0.9282759202971969,0.9832810036488338,0.9501950643182119,0.974990963935852
ft_tkt_0006120,ft_sal_003255,ft_evt_0039,PREFERENCIAL,1,0.9282759202971969,0.9832810036488338,0.9501950643182119,0.974990963935852
ft_tkt_0006121,ft_sal_003256,ft_evt_0039,VIP,1,0.9325078728886343,0.9666797802848868,0.9326004907104432,0.958341121673584
ft_tkt_0006122,ft_sal_003256,ft_evt_0039,VIP,1,0.9325078728886343,0.9666797802848868,0.9326004907104432,0.958341121673584
ft_tkt_0006123,ft_sal_003257,ft_evt_0039,GENERAL,1,0.9356965834661002,0.9707411227173113,0.9443298827594245,0.9586382508277893
ft_tkt_0006124,ft_sal_003258,ft_evt_0039,PREFERENCIAL,1,0.9282759202971969,0.9597756221846565,0.9382218152302217,0.953781247138977
ft_tkt_0006125,ft_sal_003258,ft_evt_0039,PREFERENCIAL,1,0.9282759202971969,0.9597756221846565,0.9382218152302217,0.953781247138977
ft_tkt_0006126,ft_sal_003259,ft_evt_0039,GENERAL,1,0.9356965834661002,0.9628809414730266,0.9337525947910128,0.9671884179115295
ft_tkt_0006127,ft_sal_003260,ft_evt_0039,CORTESÍA,0,0.3985098879822984,0.5801848968335608,0.4366760322469087,0.44824302196502686
ft_tkt_0006128,ft_sal_003260,ft_evt_0039,CORTESÍA,1,0.3985098879822984,0.5801848968335608,0.4366760322469087,0.44824302196502686
ft_tkt_0006129,ft_sal_003260,ft_evt_0039,CORTESÍA,1,0.3985098879822984,0.5801848968335608,0.4366760322469087,0.44824302196502686
ft_tkt_0006130,ft_sal_003260,ft_evt_0039,CORTESÍA,0,0.3985098879822984,0.5801848968335608,0.4366760322469087,0.44824302196502686
ft_tkt_0006131,ft_sal_003261,ft_evt_0039,VIP,1,0.9325078728886343,0.9690838117425956,0.9423763227944315,0.9617462158203125
ft_tkt_0006132,ft_sal_003262,ft_evt_0039,CORTESÍA,1,0.3985098879822984,0.7887366670746622,0.5117984737883969,0.5545070171356201
ft_tkt_0006133,ft_sal_003263,ft_evt_0039,GENERAL,1,0.9356965834661002,0.9696813045445863,0.9429255566074444,0.9673612117767334
ft_tkt_0006134,ft_sal_003264,ft_evt_0039,PREFERENCIAL,0,0.9282759202971969,0.972276136654988,0.9449960141128456,0.9613251686096191
ft_tkt_0006135,ft_sal_003265,ft_evt_0039,GENERAL,1,0.9356965834661002,0.9733662070027417,0.9418058294840149,0.962445080280304
ft_tkt_0006136,ft_sal_003265,ft_evt_0039,GENERAL,1,0.9356965834661002,0.9733662070027417,0.9418058294840149,0.962445080280304
ft_tkt_0006137,ft_sal_003265,ft_evt_0039,GENERAL,0,0.9356965834661002,0.9733662070027417,0.9418058294840149,0.962445080280304
ft_tkt_0006138,ft_sal_003266,ft_evt_0039,GENERAL,1,0.9356965834661002,0.9590280734393272,0.935267749267183,0.9525467753410339
ft_tkt_0006139,ft_sal_003266,ft_evt_0039,GENERAL,1,0.9356965834661002,0.9590280734393272,0.935267749267183,0.9525467753410339
ft_tkt_0006140,ft_sal_003267,ft_evt_0039,PREFERENCIAL,1,0.9282759202971969,0.9737526009322428,0.9427858670119944,0.9430489540100098
ft_tkt_0006141,ft_sal_003267,ft_evt_0039,PREFERENCIAL,1,0.9282759202971969,0.9737526009322428,0.9427858670119944,0.9430489540100098
ft_tkt_0006142,ft_sal_003268,ft_evt_0039,GENERAL,1,0.9356965834661002,0.970043108667895,0.94138914478158,0.9620150923728943
ft_tkt_0006143,ft_sal_003269,ft_evt_0039,GENERAL,1,0.9356965834661002,0.9711475271174163,0.9447012251599312,0.9674051403999329
ft_tkt_0006144,ft_sal_003270,ft_evt_0039,GENERAL,1,0.9356965834661002,0.9779381926292038,0.9481823327971602,0.9658483266830444
ft_tkt_0006145,ft_sal_003271,ft_evt_0039,VIP,1,0.9325078728886343,0.982428664960347,0.9501651985930084,0.9791786670684814
ft_tkt_0006146,ft_sal_003272,ft_evt_0039,GENERAL,0,0.9356965834661002,0.9497983049814127,0.9452247998339751,0.9439130425453186
ft_tkt_0006147,ft_sal_003273,ft_evt_0039,GENERAL,1,0.9356965834661002,0.9727119258583982,0.9432594401823801,0.9481863975524902
ft_tkt_0006148,ft_sal_003273,ft_evt_0039,GENERAL,1,0.9356965834661002,0.9727119258583982,0.9432594401823801,0.9481863975524902
ft_tkt_0006149,ft_sal_003274,ft_evt_0039,GENERAL,1,0.9356965834661002,0.9547393519768218,0.9294746521704178,0.9044365286827087
ft_tkt_0006150,ft_sal_003274,ft_evt_0039,GENERAL,0,0.9356965834661002,0.9547393519768218,0.9294746521704178,0.9044365286827087
ft_tkt_0006151,ft_sal_003274,ft_evt_0039,GENERAL,1,0.9356965834661002,0.9547393519768218,0.9294746521704178,0.9044365286827087
ft_tkt_0006152,ft_sal_003275,ft_evt_0039,GENERAL,1,0.9356965834661002,0.9043107297084932,0.9165744113947066,0.8727309703826904
ft_tkt_0006153,ft_sal_003276,ft_evt_0039,GENERAL,1,0.9356965834661002,0.9639656920289356,0.9398476103242586,0.9604142904281616
ft_tkt_0006154,ft_sal_003276,ft_evt_0039,GENERAL,1,0.9356965834661002,0.9639656920289356,0.9398476103242586,0.9604142904281616
ft_tkt_0006155,ft_sal_003276,ft_evt_0039,GENERAL,1,0.9356965834661002,0.9639656920289356,0.9398476103242586,0.9604142904281616
ft_tkt_0006156,ft_sal_003276,ft_evt_0039,GENERAL,1,0.9356965834661002,0.9639656920289356,0.9398476103242586,0.9604142904281616
ft_tkt_0006157,ft_sal_003277,ft_evt_0039,PREFERENCIAL,1,0.9282759202971969,0.984604104281876,0.9465192466458278,0.9620153903961182
ft_tkt_0006158,ft_sal_003278,ft_evt_0013,CORTESÍA,0,0.39289583504262665,0.4255455674494152,0.37798347454399156,0.372312068939209
ft_tkt_0006159,ft_sal_003278,ft_evt_0013,CORTESÍA,0,0.39289583504262665,0.4255455674494152,0.37798347454399156,0.372312068939209
ft_tkt_0006160,ft_sal_003278,ft_evt_0013,CORTESÍA,0,0.39289583504262665,0.4255455674494152,0.37798347454399156,0.372312068939209
ft_tkt_0006161,ft_sal_003279,ft_evt_0013,CORTESÍA,0,0.39289583504262665,0.47467657006019615,0.3153292830685282,0.22448986768722534
ft_tkt_0006162,ft_sal_003280,ft_evt_0013,CORTESÍA,0,0.39289583504262665,0.21272553020701615,0.18518576395694236,0.12925991415977478
ft_tkt_0006163,ft_sal_003281,ft_evt_0013,CORTESÍA,0,0.39289583504262665,0.27853651395444035,0.21163030348316034,0.2192213386297226
ft_tkt_0006164,ft_sal_003282,ft_evt_0013,CORTESÍA,0,0.39289583504262665,0.3299597143973875,0.3094555841127316,0.33967268466949463
ft_tkt_0006165,ft_sal_003282,ft_evt_0013,CORTESÍA,0,0.39289583504262665,0.3299597143973875,0.3094555841127316,0.33967268466949463
ft_tkt_0006166,ft_sal_003283,ft_evt_0013,CORTESÍA,0,0.39289583504262665,0.4127994271065061,0.40107530002509606,0.5130612850189209
ft_tkt_0006167,ft_sal_003283,ft_evt_0013,CORTESÍA,1,0.39289583504262665,0.4127994271065061,0.40107530002509606,0.5130612850189209
ft_tkt_0006168,ft_sal_003283,ft_evt_0013,CORTESÍA,1,0.39289583504262665,0.4127994271065061,0.40107530002509606,0.5130612850189209
ft_tkt_0006169,ft_sal_003284,ft_evt_0013,CORTESÍA,1,0.39289583504262665,0.2644765026865434,0.2629530193007109,0.16741380095481873
ft_tkt_0006170,ft_sal_003285,ft_evt_0013,CORTESÍA,0,0.39289583504262665,0.2731297564527649,0.23602030826882767,0.274173378944397
ft_tkt_0006171,ft_sal_003285,ft_evt_0013,CORTESÍA,0,0.39289583504262665,0.2731297564527649,0.23602030826882767,0.274173378944397
ft_tkt_0006172,ft_sal_003286,ft_evt_0013,CORTESÍA,1,0.39289583504262665,0.3183095964765141,0.3242399874913208,0.2709318995475769
ft_tkt_0006173,ft_sal_003286,ft_evt_0013,CORTESÍA,0,0.39289583504262665,0.3183095964765141,0.3242399874913208,0.2709318995475769
ft_tkt_0006174,ft_sal_003287,ft_evt_0013,CORTESÍA,1,0.39289583504262665,0.2929558850730284,0.31125941986670475,0.26687800884246826
ft_tkt_0006175,ft_sal_003287,ft_evt_0013,CORTESÍA,1,0.39289583504262665,0.2929558850730284,0.31125941986670475,0.26687800884246826
ft_tkt_0006176,ft_sal_003287,ft_evt_0013,CORTESÍA,0,0.39289583504262665,0.2929558850730284,0.31125941986670475,0.26687800884246826
ft_tkt_0006177,ft_sal_003287,ft_evt_0013,CORTESÍA,0,0.39289583504262665,0.2929558850730284,0.31125941986670475,0.26687800884246826
ft_tkt_0006178,ft_sal_003288,ft_evt_0013,CORTESÍA,0,0.39289583504262665,0.342390117541383,0.3306927101730789,0.3628671169281006
ft_tkt_0006179,ft_sal_003288,ft_evt_0013,CORTESÍA,0,0.39289583504262665,0.342390117541383,0.3306927101730789,0.3628671169281006
ft_tkt_0006180,ft_sal_003289,ft_evt_0013,CORTESÍA,0,0.39289583504262665,0.2549054507453307,0.2667691286288833,0.3232916593551636
ft_tkt_0006181,ft_sal_003289,ft_evt_0013,CORTESÍA,0,0.39289583504262665,0.2549054507453307,0.2667691286288833,0.3232916593551636
ft_tkt_0006182,ft_sal_003289,ft_evt_0013,CORTESÍA,1,0.39289583504262665,0.2549054507453307,0.2667691286288833,0.3232916593551636
ft_tkt_0006183,ft_sal_003289,ft_evt_0013,CORTESÍA,0,0.39289583504262665,0.2549054507453307,0.2667691286288833,0.3232916593551636
ft_tkt_0006184,ft_sal_003289,ft_evt_0013,CORTESÍA,1,0.39289583504262665,0.2549054507453307,0.2667691286288833,0.3232916593551636
ft_tkt_0006185,ft_sal_003289,ft_evt_0013,CORTESÍA,0,0.39289583504262665,0.2549054507453307,0.2667691286288833,0.3232916593551636
ft_tkt_0006186,ft_sal_003290,ft_evt_0013,CORTESÍA,0,0.39289583504262665,0.3218203256582142,0.3020180325872235,0.3337452709674835
ft_tkt_0006187,ft_sal_003291,ft_evt_0013,CORTESÍA,0,0.39289583504262665,0.2506678882311845,0.30005287060192315,0.28108757734298706
ft_tkt_0006188,ft_sal_003292,ft_evt_0013,CORTESÍA,1,0.39289583504262665,0.4289534652618607,0.3774575481155188,0.36994755268096924
ft_tkt_0006189,ft_sal_003292,ft_evt_0013,CORTESÍA,0,0.39289583504262665,0.4289534652618607,0.3774575481155188,0.36994755268096924
ft_tkt_0006190,ft_sal_003292,ft_evt_0013,CORTESÍA,0,0.39289583504262665,0.4289534652618607,0.3774575481155188,0.36994755268096924
ft_tkt_0006191,ft_sal_003292,ft_evt_0013,CORTESÍA,1,0.39289583504262665,0.4289534652618607,0.3774575481155188,0.36994755268096924
ft_tkt_0006192,ft_sal_003293,ft_evt_0013,CORTESÍA,0,0.39289583504262665,0.36682944475503776,0.3772117713456554,0.36448317766189575
ft_tkt_0006193,ft_sal_003294,ft_evt_0013,CORTESÍA,1,0.39289583504262665,0.40432017217592364,0.42823857919271663,0.45619913935661316
ft_tkt_0006194,ft_sal_003294,ft_evt_0013,CORTESÍA,0,0.39289583504262665,0.40432017217592364,0.42823857919271663,0.45619913935661316
ft_tkt_0006195,ft_sal_003295,ft_evt_0013,CORTESÍA,1,0.39289583504262665,0.5302301624013881,0.35841061806420094,0.43607014417648315
ft_tkt_0006196,ft_sal_003295,ft_evt_0013,CORTESÍA,0,0.39289583504262665,0.5302301624013881,0.35841061806420094,0.43607014417648315
ft_tkt_0006197,ft_sal_003295,ft_evt_0013,CORTESÍA,0,0.39289583504262665,0.5302301624013881,0.35841061806420094,0.43607014417648315
ft_tkt_0006198,ft_sal_003295,ft_evt_0013,CORTESÍA,0,0.39289583504262665,0.5302301624013881,0.35841061806420094,0.43607014417648315
ft_tkt_0006199,ft_sal_003296,ft_evt_0013,CORTESÍA,0,0.39289583504262665,0.2033256164917517,0.2599423480095378,0.3405514657497406
ft_tkt_0006200,ft_sal_003297,ft_evt_0013,CORTESÍA,0,0.39289583504262665,0.29808355715736085,0.31477368991512517,0.3285338580608368
ft_tkt_0006201,ft_sal_003297,ft_evt_0013,CORTESÍA,0,0.39289583504262665,0.29808355715736085,0.31477368991512517,0.3285338580608368
ft_tkt_0006202,ft_sal_003298,ft_evt_0013,CORTESÍA,0,0.39289583504262665,0.2561359720585887,0.3023934691243394,0.2967328429222107
ft_tkt_0006203,ft_sal_003299,ft_evt_0013,CORTESÍA,1,0.39289583504262665,0.32509337014516065,0.3691123457284399,0.4502074718475342
ft_tkt_0006204,ft_sal_003300,ft_evt_0013,CORTESÍA,0,0.39289583504262665,0.4017293871423382,0.40236948635025044,0.4420860707759857
ft_tkt_0006205,ft_sal_003300,ft_evt_0013,CORTESÍA,1,0.39289583504262665,0.4017293871423382,0.40236948635025044,0.4420860707759857
ft_tkt_0006206,ft_sal_003301,ft_evt_0013,CORTESÍA,0,0.39289583504262665,0.4194470706507539,0.2903702730802731,0.2924894392490387
ft_tkt_0006207,ft_sal_003301,ft_evt_0013,CORTESÍA,0,0.39289583504262665,0.4194470706507539,0.2903702730802731,0.2924894392490387
ft_tkt_0006208,ft_sal_003302,ft_evt_0013,CORTESÍA,0,0.39289583504262665,0.37521239766600645,0.21307393001001135,0.19809971749782562
ft_tkt_0006209,ft_sal_003303,ft_evt_0013,CORTESÍA,0,0.39289583504262665,0.3775005638240309,0.37667445450316417,0.3514573574066162
ft_tkt_0006210,ft_sal_003304,ft_evt_0013,CORTESÍA,0,0.39289583504262665,0.36816683797109595,0.307708480540592,0.23139037191867828
ft_tkt_0006211,ft_sal_003304,ft_evt_0013,CORTESÍA,0,0.39289583504262665,0.36816683797109595,0.307708480540592,0.23139037191867828
ft_tkt_0006212,ft_sal_003304,ft_evt_0013,CORTESÍA,0,0.39289583504262665,0.36816683797109595,0.307708480540592,0.23139037191867828
ft_tkt_0006213,ft_sal_003304,ft_evt_0013,CORTESÍA,0,0.39289583504262665,0.36816683797109595,0.307708480540592,0.23139037191867828
ft_tkt_0006214,ft_sal_003305,ft_evt_0013,CORTESÍA,0,0.39289583504262665,0.28239706365370176,0.32397586043992205,0.45605331659317017
ft_tkt_0006215,ft_sal_003306,ft_evt_0013,CORTESÍA,1,0.39289583504262665,0.331232455887305,0.3451639367952028,0.33256685733795166
ft_tkt_0006216,ft_sal_003306,ft_evt_0013,CORTESÍA,0,0.39289583504262665,0.331232455887305,0.3451639367952028,0.33256685733795166
ft_tkt_0006217,ft_sal_003307,ft_evt_0013,CORTESÍA,1,0.39289583504262665,0.4092482962354473,0.40407094518635883,0.5130612850189209
ft_tkt_0006218,ft_sal_003307,ft_evt_0013,CORTESÍA,1,0.39289583504262665,0.4092482962354473,0.40407094518635883,0.5130612850189209
ft_tkt_0006219,ft_sal_003308,ft_evt_0013,CORTESÍA,1,0.39289583504262665,0.4157281680107992,0.4012821033172838,0.5105298757553101
ft_tkt_0006220,ft_sal_003308,ft_evt_0013,CORTESÍA,1,0.39289583504262665,0.4157281680107992,0.4012821033172838,0.5105298757553101
ft_tkt_0006221,ft_sal_003308,ft_evt_0013,CORTESÍA,0,0.39289583504262665,0.4157281680107992,0.4012821033172838,0.5105298757553101
ft_tkt_0006222,ft_sal_003308,ft_evt_0013,CORTESÍA,0,0.39289583504262665,0.4157281680107992,0.4012821033172838,0.5105298757553101
ft_tkt_0006223,ft_sal_003309,ft_evt_0013,CORTESÍA,0,0.39289583504262665,0.4159075710505662,0.3824304282579523,0.4101465344429016
ft_tkt_0006224,ft_sal_003309,ft_evt_0013,CORTESÍA,0,0.39289583504262665,0.4159075710505662,0.3824304282579523,0.4101465344429016
ft_tkt_0006225,ft_sal_003310,ft_evt_0013,CORTESÍA,0,0.39289583504262665,0.36691569383728984,0.3772117713456554,0.3583914637565613
ft_tkt_0006226,ft_sal_003311,ft_evt_0013,CORTESÍA,0,0.39289583504262665,0.3089140512737182,0.30092108600873374,0.3933207392692566
ft_tkt_0006227,ft_sal_003312,ft_evt_0013,CORTESÍA,0,0.39289583504262665,0.2845657384221658,0.2008231828757273,0.18712584674358368
ft_tkt_0006228,ft_sal_003313,ft_evt_0013,CORTESÍA,0,0.39289583504262665,0.18322459139300723,0.2524228177719747,0.29140397906303406
ft_tkt_0006229,ft_sal_003313,ft_evt_0013,CORTESÍA,0,0.39289583504262665,0.18322459139300723,0.2524228177719747,0.29140397906303406
ft_tkt_0006230,ft_sal_003313,ft_evt_0013,CORTESÍA,0,0.39289583504262665,0.18322459139300723,0.2524228177719747,0.29140397906303406
ft_tkt_0006231,ft_sal_003313,ft_evt_0013,CORTESÍA,0,0.39289583504262665,0.18322459139300723,0.2524228177719747,0.29140397906303406
ft_tkt_0006232,ft_sal_003314,ft_evt_0013,CORTESÍA,0,0.39289583504262665,0.38833092132472097,0.3812195758845022,0.38578763604164124
ft_tkt_0006233,ft_sal_003314,ft_evt_0013,CORTESÍA,1,0.39289583504262665,0.38833092132472097,0.3812195758845022,0.38578763604164124
ft_tkt_0006234,ft_sal_003315,ft_evt_0013,CORTESÍA,0,0.39289583504262665,0.27142330074682536,0.29830229052305934,0.3316703140735626
ft_tkt_0006235,ft_sal_003316,ft_evt_0013,CORTESÍA,0,0.39289583504262665,0.41997235851148323,0.3824304282579523,0.37013840675354004
ft_tkt_0006236,ft_sal_003316,ft_evt_0013,CORTESÍA,0,0.39289583504262665,0.41997235851148323,0.3824304282579523,0.37013840675354004
ft_tkt_0006237,ft_sal_003317,ft_evt_0013,CORTESÍA,0,0.39289583504262665,0.22491971846016973,0.26553929300604523,0.2812698483467102
ft_tkt_0006238,ft_sal_003318,ft_evt_0013,CORTESÍA,0,0.39289583504262665,0.27640710675842856,0.32039636076286704,0.28083011507987976
ft_tkt_0006239,ft_sal_003318,ft_evt_0013,CORTESÍA,0,0.39289583504262665,0.27640710675842856,0.32039636076286704,0.28083011507987976
ft_tkt_0006240,ft_sal_003319,ft_evt_0013,CORTESÍA,0,0.39289583504262665,0.4250459021283364,0.3818902360255214,0.37336939573287964
ft_tkt_0006241,ft_sal_003319,ft_evt_0013,CORTESÍA,0,0.39289583504262665,0.4250459021283364,0.3818902360255214,0.37336939573287964
ft_tkt_0006242,ft_sal_003320,ft_evt_0013,CORTESÍA,0,0.39289583504262665,0.4175321462929198,0.3824304282579523,0.3979482054710388
ft_tkt_0006243,ft_sal_003320,ft_evt_0013,CORTESÍA,1,0.39289583504262665,0.4175321462929198,0.3824304282579523,0.3979482054710388
ft_tkt_0006244,ft_sal_003321,ft_evt_0013,CORTESÍA,0,0.39289583504262665,0.3426972725322942,0.3735727091152809,0.3738388121128082
ft_tkt_0006245,ft_sal_003322,ft_evt_0013,CORTESÍA,0,0.39289583504262665,0.32154529171456164,0.311497402581955,0.24207784235477448
ft_tkt_0006246,ft_sal_003322,ft_evt_0013,CORTESÍA,0,0.39289583504262665,0.32154529171456164,0.311497402581955,0.24207784235477448
ft_tkt_0006247,ft_sal_003322,ft_evt_0013,CORTESÍA,0,0.39289583504262665,0.32154529171456164,0.311497402581955,0.24207784235477448
ft_tkt_0006248,ft_sal_003323,ft_evt_0013,CORTESÍA,0,0.39289583504262665,0.4131594984258654,0.3921309368977066,0.42756155133247375
ft_tkt_0006249,ft_sal_003323,ft_evt_0013,CORTESÍA,1,0.39289583504262665,0.4131594984258654,0.3921309368977066,0.42756155133247375
ft_tkt_0006250,ft_sal_003323,ft_evt_0013,CORTESÍA,0,0.39289583504262665,0.4131594984258654,0.3921309368977066,0.42756155133247375
ft_tkt_0006251,ft_sal_003324,ft_evt_0013,CORTESÍA,0,0.39289583504262665,0.39292454918164843,0.30692687844494704,0.4312823712825775
ft_tkt_0006252,ft_sal_003325,ft_evt_0013,CORTESÍA,0,0.39289583504262665,0.3575631951270486,0.2917786014176839,0.26178085803985596
ft_tkt_0006253,ft_sal_003325,ft_evt_0013,CORTESÍA,0,0.39289583504262665,0.3575631951270486,0.2917786014176839,0.26178085803985596
ft_tkt_0006254,ft_sal_003325,ft_evt_0013,CORTESÍA,0,0.39289583504262665,0.3575631951270486,0.2917786014176839,0.26178085803985596
ft_tkt_0006255,ft_sal_003326,ft_evt_0013,CORTESÍA,1,0.39289583504262665,0.37318941760255414,0.33889495197123415,0.30742204189300537
ft_tkt_0006256,ft_sal_003326,ft_evt_0013,CORTESÍA,0,0.39289583504262665,0.37318941760255414,0.33889495197123415,0.30742204189300537
ft_tkt_0006257,ft_sal_003326,ft_evt_0013,CORTESÍA,0,0.39289583504262665,0.37318941760255414,0.33889495197123415,0.30742204189300537
ft_tkt_0006258,ft_sal_003326,ft_evt_0013,CORTESÍA,0,0.39289583504262665,0.37318941760255414,0.33889495197123415,0.30742204189300537
ft_tkt_0006259,ft_sal_003327,ft_evt_0013,CORTESÍA,1,0.39289583504262665,0.21884545914846593,0.21850314398779278,0.1662793904542923
ft_tkt_0006260,ft_sal_003328,ft_evt_0013,CORTESÍA,0,0.39289583504262665,0.4689046466124492,0.35598594353007385,0.41526126861572266
ft_tkt_0006261,ft_sal_003329,ft_evt_0013,CORTESÍA,1,0.39289583504262665,0.4136542511560294,0.3841525271076622,0.41373786330223083
ft_tkt_0006262,ft_sal_003329,ft_evt_0013,CORTESÍA,1,0.39289583504262665,0.4136542511560294,0.3841525271076622,0.41373786330223083
ft_tkt_0006263,ft_sal_003330,ft_evt_0013,CORTESÍA,1,0.39289583504262665,0.35722464148435423,0.3918661219996759,0.49496129155158997
ft_tkt_0006264,ft_sal_003331,ft_evt_0013,CORTESÍA,0,0.39289583504262665,0.3569689011982057,0.3918661219996759,0.49496129155158997
ft_tkt_0006265,ft_sal_003332,ft_evt_0013,CORTESÍA,0,0.39289583504262665,0.3193716975688862,0.32122159978156967,0.3029171824455261
ft_tkt_0006266,ft_sal_003332,ft_evt_0013,CORTESÍA,0,0.39289583504262665,0.3193716975688862,0.32122159978156967,0.3029171824455261
ft_tkt_0006267,ft_sal_003332,ft_evt_0013,CORTESÍA,0,0.39289583504262665,0.3193716975688862,0.32122159978156967,0.3029171824455261
ft_tkt_0006268,ft_sal_003333,ft_evt_0013,CORTESÍA,1,0.39289583504262665,0.420877140610816,0.3801859545589422,0.37518632411956787
ft_tkt_0006269,ft_sal_003333,ft_evt_0013,CORTESÍA,0,0.39289583504262665,0.420877140610816,0.3801859545589422,0.37518632411956787
ft_tkt_0006270,ft_sal_003334,ft_evt_0013,CORTESÍA,0,0.39289583504262665,0.36717449117837053,0.3772117713456554,0.3583914637565613
ft_tkt_0006271,ft_sal_003335,ft_evt_0013,CORTESÍA,0,0.39289583504262665,0.35876078758818,0.38908468424312925,0.4151935279369354
ft_tkt_0006272,ft_sal_003336,ft_evt_0013,CORTESÍA,0,0.39289583504262665,0.35475591165921816,0.420289169806708,0.4446519613265991
ft_tkt_0006273,ft_sal_003337,ft_evt_0013,CORTESÍA,1,0.39289583504262665,0.34807016791792345,0.3945688967994925,0.413087397813797
ft_tkt_0006274,ft_sal_003338,ft_evt_0013,CORTESÍA,1,0.39289583504262665,0.3667432042022022,0.3772117713456554,0.36448317766189575
ft_tkt_0006275,ft_sal_003339,ft_evt_0013,CORTESÍA,0,0.39289583504262665,0.33221378574644367,0.2927434061822143,0.18640878796577454
ft_tkt_0006276,ft_sal_003339,ft_evt_0013,CORTESÍA,0,0.39289583504262665,0.33221378574644367,0.2927434061822143,0.18640878796577454
ft_tkt_0006277,ft_sal_003340,ft_evt_0013,CORTESÍA,1,0.39289583504262665,0.4185258261606499,0.3824304282579523,0.37013840675354004
ft_tkt_0006278,ft_sal_003340,ft_evt_0013,CORTESÍA,0,0.39289583504262665,0.4185258261606499,0.3824304282579523,0.37013840675354004
ft_tkt_0006279,ft_sal_003341,ft_evt_0013,CORTESÍA,1,0.39289583504262665,0.4153664499216662,0.3811691550911391,0.4101465344429016
ft_tkt_0006280,ft_sal_003341,ft_evt_0013,CORTESÍA,0,0.39289583504262665,0.4153664499216662,0.3811691550911391,0.4101465344429016
ft_tkt_0006281,ft_sal_003342,ft_evt_0013,CORTESÍA,1,0.39289583504262665,0.42474874604779406,0.23918148199043934,0.3132901191711426
ft_tkt_0006282,ft_sal_003343,ft_evt_0013,CORTESÍA,0,0.39289583504262665,0.1999652444187972,0.24768989092334268,0.29280292987823486
ft_tkt_0006283,ft_sal_003344,ft_evt_0013,CORTESÍA,0,0.39289583504262665,0.35426557855019647,0.296714962556911,0.248007133603096
ft_tkt_0006284,ft_sal_003344,ft_evt_0013,CORTESÍA,0,0.39289583504262665,0.35426557855019647,0.296714962556911,0.248007133603096
ft_tkt_0006285,ft_sal_003344,ft_evt_0013,CORTESÍA,1,0.39289583504262665,0.35426557855019647,0.296714962556911,0.248007133603096
ft_tkt_0006286,ft_sal_003344,ft_evt_0013,CORTESÍA,0,0.39289583504262665,0.35426557855019647,0.296714962556911,0.248007133603096
ft_tkt_0006287,ft_sal_003345,ft_evt_0013,CORTESÍA,0,0.39289583504262665,0.37853548366580736,0.268973192070377,0.2602047026157379
ft_tkt_0006288,ft_sal_003346,ft_evt_0013,CORTESÍA,1,0.39289583504262665,0.3193029114316116,0.3129659634463752,0.3835177719593048
ft_tkt_0006289,ft_sal_003347,ft_evt_0013,CORTESÍA,0,0.39289583504262665,0.32308900299757487,0.28802786311314393,0.3221634328365326
ft_tkt_0006290,ft_sal_003347,ft_evt_0013,CORTESÍA,0,0.39289583504262665,0.32308900299757487,0.28802786311314393,0.3221634328365326
ft_tkt_0006291,ft_sal_003348,ft_evt_0013,CORTESÍA,0,0.39289583504262665,0.3904419618402534,0.29435340990749087,0.3317966163158417
ft_tkt_0006292,ft_sal_003349,ft_evt_0013,CORTESÍA,0,0.39289583504262665,0.3726702491851219,0.28857504550486607,0.34048569202423096
ft_tkt_0006293,ft_sal_003350,ft_evt_0013,CORTESÍA,1,0.39289583504262665,0.336655724101397,0.2859334296219194,0.3449384570121765
ft_tkt_0006294,ft_sal_003351,ft_evt_0013,CORTESÍA,0,0.39289583504262665,0.36596742692355716,0.3772117713456554,0.3858594000339508
ft_tkt_0006295,ft_sal_003352,ft_evt_0013,CORTESÍA,1,0.39289583504262665,0.3753812143677085,0.27501787182627546,0.2681378424167633
ft_tkt_0006296,ft_sal_003353,ft_evt_0031,PREFERENCIAL,1,0.9282759202971969,0.9159021416488217,0.9310986434911406,0.944793701171875
ft_tkt_0006297,ft_sal_003353,ft_evt_0031,PREFERENCIAL,1,0.9282759202971969,0.9159021416488217,0.9310986434911406,0.944793701171875
ft_tkt_0006298,ft_sal_003353,ft_evt_0031,PREFERENCIAL,1,0.9282759202971969,0.9159021416488217,0.9310986434911406,0.944793701171875
ft_tkt_0006299,ft_sal_003353,ft_evt_0031,PREFERENCIAL,1,0.9282759202971969,0.9159021416488217,0.9310986434911406,0.944793701171875
ft_tkt_0006300,ft_sal_003353,ft_evt_0031,PREFERENCIAL,1,0.9282759202971969,0.9159021416488217,0.9310986434911406,0.944793701171875
ft_tkt_0006301,ft_sal_003353,ft_evt_0031,PREFERENCIAL,1,0.9282759202971969,0.9159021416488217,0.9310986434911406,0.944793701171875
ft_tkt_0006302,ft_sal_003354,ft_evt_0031,GENERAL,1,0.9356965834661002,0.9581201820803781,0.9550026771970948,0.971284031867981
ft_tkt_0006303,ft_sal_003354,ft_evt_0031,GENERAL,0,0.9356965834661002,0.9581201820803781,0.9550026771970948,0.971284031867981
ft_tkt_0006304,ft_sal_003355,ft_evt_0031,CORTESÍA,0,0.3985098879822984,0.36901007186215745,0.4614359696489665,0.34229016304016113
ft_tkt_0006305,ft_sal_003355,ft_evt_0031,CORTESÍA,0,0.3985098879822984,0.36901007186215745,0.4614359696489665,0.34229016304016113
ft_tkt_0006306,ft_sal_003355,ft_evt_0031,CORTESÍA,0,0.3985098879822984,0.36901007186215745,0.4614359696489665,0.34229016304016113
ft_tkt_0006307,ft_sal_003355,ft_evt_0031,CORTESÍA,0,0.3985098879822984,0.36901007186215745,0.4614359696489665,0.34229016304016113
ft_tkt_0006308,ft_sal_003356,ft_evt_0031,GENERAL,0,0.9356965834661002,0.9282909042467128,0.9357650009299567,0.9586755037307739
ft_tkt_0006309,ft_sal_003356,ft_evt_0031,GENERAL,1,0.9356965834661002,0.9282909042467128,0.9357650009299567,0.9586755037307739
ft_tkt_0006310,ft_sal_003357,ft_evt_0031,CORTESÍA,1,0.3985098879822984,0.4747645436065118,0.48241954270857806,0.5169681906700134
ft_tkt_0006311,ft_sal_003357,ft_evt_0031,CORTESÍA,0,0.3985098879822984,0.4747645436065118,0.48241954270857806,0.5169681906700134
ft_tkt_0006312,ft_sal_003357,ft_evt_0031,CORTESÍA,0,0.3985098879822984,0.4747645436065118,0.48241954270857806,0.5169681906700134
ft_tkt_0006313,ft_sal_003358,ft_evt_0031,GENERAL,1,0.9356965834661002,0.9680868582754162,0.9617314047187714,0.9639509916305542
ft_tkt_0006314,ft_sal_003359,ft_evt_0031,GENERAL,1,0.9356965834661002,0.9397907507848614,0.9424231835793901,0.945992648601532
ft_tkt_0006315,ft_sal_003359,ft_evt_0031,GENERAL,1,0.9356965834661002,0.9397907507848614,0.9424231835793901,0.945992648601532
ft_tkt_0006316,ft_sal_003359,ft_evt_0031,GENERAL,1,0.9356965834661002,0.9397907507848614,0.9424231835793901,0.945992648601532
ft_tkt_0006317,ft_sal_003359,ft_evt_0031,GENERAL,1,0.9356965834661002,0.9397907507848614,0.9424231835793901,0.945992648601532
ft_tkt_0006318,ft_sal_003359,ft_evt_0031,GENERAL,1,0.9356965834661002,0.9397907507848614,0.9424231835793901,0.945992648601532
ft_tkt_0006319,ft_sal_003359,ft_evt_0031,GENERAL,1,0.9356965834661002,0.9397907507848614,0.9424231835793901,0.945992648601532
ft_tkt_0006320,ft_sal_003360,ft_evt_0031,PREFERENCIAL,1,0.9282759202971969,0.9545848667383079,0.9501629976960594,0.9711647033691406
ft_tkt_0006321,ft_sal_003360,ft_evt_0031,PREFERENCIAL,1,0.9282759202971969,0.9545848667383079,0.9501629976960594,0.9711647033691406
ft_tkt_0006322,ft_sal_003360,ft_evt_0031,PREFERENCIAL,1,0.9282759202971969,0.9545848667383079,0.9501629976960594,0.9711647033691406
ft_tkt_0006323,ft_sal_003361,ft_evt_0031,VIP,1,0.9325078728886343,0.949402006406273,0.9367203439753395,0.9401668906211853
ft_tkt_0006324,ft_sal_003361,ft_evt_0031,VIP,1,0.9325078728886343,0.949402006406273,0.9367203439753395,0.9401668906211853
ft_tkt_0006325,ft_sal_003362,ft_evt_0031,PREFERENCIAL,0,0.9282759202971969,0.9440565510623176,0.9408943550504433,0.9614766836166382
ft_tkt_0006326,ft_sal_003363,ft_evt_0031,CORTESÍA,0,0.3985098879822984,0.3848862660340632,0.42273355493128645,0.3893619179725647
ft_tkt_0006327,ft_sal_003363,ft_evt_0031,CORTESÍA,1,0.3985098879822984,0.3848862660340632,0.42273355493128645,0.3893619179725647
ft_tkt_0006328,ft_sal_003364,ft_evt_0031,GENERAL,1,0.9356965834661002,0.9511228409992358,0.9365870741598871,0.9192383289337158
ft_tkt_0006329,ft_sal_003364,ft_evt_0031,GENERAL,1,0.9356965834661002,0.9511228409992358,0.9365870741598871,0.9192383289337158
ft_tkt_0006330,ft_sal_003364,ft_evt_0031,GENERAL,1,0.9356965834661002,0.9511228409992358,0.9365870741598871,0.9192383289337158
ft_tkt_0006331,ft_sal_003365,ft_evt_0031,GENERAL,1,0.9356965834661002,0.938368273088489,0.9373090652269298,0.9400861859321594
ft_tkt_0006332,ft_sal_003365,ft_evt_0031,GENERAL,1,0.9356965834661002,0.938368273088489,0.9373090652269298,0.9400861859321594
ft_tkt_0006333,ft_sal_003365,ft_evt_0031,GENERAL,1,0.9356965834661002,0.938368273088489,0.9373090652269298,0.9400861859321594
ft_tkt_0006334,ft_sal_003365,ft_evt_0031,GENERAL,1,0.9356965834661002,0.938368273088489,0.9373090652269298,0.9400861859321594
ft_tkt_0006335,ft_sal_003366,ft_evt_0031,GENERAL,1,0.9356965834661002,0.9595723585407793,0.9503619112085236,0.9651344418525696
ft_tkt_0006336,ft_sal_003366,ft_evt_0031,GENERAL,1,0.9356965834661002,0.9595723585407793,0.9503619112085236,0.9651344418525696
ft_tkt_0006337,ft_sal_003367,ft_evt_0031,VIP,1,0.9325078728886343,0.9387540837983418,0.9119926374423608,0.9340868592262268
ft_tkt_0006338,ft_sal_003367,ft_evt_0031,VIP,1,0.9325078728886343,0.9387540837983418,0.9119926374423608,0.9340868592262268
ft_tkt_0006339,ft_sal_003367,ft_evt_0031,VIP,1,0.9325078728886343,0.9387540837983418,0.9119926374423608,0.9340868592262268
ft_tkt_0006340,ft_sal_003368,ft_evt_0031,GENERAL,1,0.9356965834661002,0.9472576358886908,0.9388181925878839,0.9634465575218201
ft_tkt_0006341,ft_sal_003368,ft_evt_0031,GENERAL,1,0.9356965834661002,0.9472576358886908,0.9388181925878839,0.9634465575218201
ft_tkt_0006342,ft_sal_003369,ft_evt_0031,CORTESÍA,0,0.3985098879822984,0.3690722388207151,0.42368036971361156,0.3807651102542877
ft_tkt_0006343,ft_sal_003369,ft_evt_0031,CORTESÍA,1,0.3985098879822984,0.3690722388207151,0.42368036971361156,0.3807651102542877
ft_tkt_0006344,ft_sal_003370,ft_evt_0031,GENERAL,1,0.9356965834661002,0.9741584553209582,0.9588250646896113,0.9810143113136292
ft_tkt_0006345,ft_sal_003371,ft_evt_0031,GENERAL,1,0.9356965834661002,0.9506605381386756,0.9441094364022031,0.9614722728729248
ft_tkt_0006346,ft_sal_003371,ft_evt_0031,GENERAL,1,0.9356965834661002,0.9506605381386756,0.9441094364022031,0.9614722728729248
ft_tkt_0006347,ft_sal_003371,ft_evt_0031,GENERAL,1,0.9356965834661002,0.9506605381386756,0.9441094364022031,0.9614722728729248
ft_tkt_0006348,ft_sal_003371,ft_evt_0031,GENERAL,1,0.9356965834661002,0.9506605381386756,0.9441094364022031,0.9614722728729248
ft_tkt_0006349,ft_sal_003371,ft_evt_0031,GENERAL,1,0.9356965834661002,0.9506605381386756,0.9441094364022031,0.9614722728729248
ft_tkt_0006350,ft_sal_003371,ft_evt_0031,GENERAL,1,0.9356965834661002,0.9506605381386756,0.9441094364022031,0.9614722728729248
ft_tkt_0006351,ft_sal_003372,ft_evt_0031,PREFERENCIAL,1,0.9282759202971969,0.9364697911361396,0.9377445725005013,0.9546608924865723
ft_tkt_0006352,ft_sal_003372,ft_evt_0031,PREFERENCIAL,0,0.9282759202971969,0.9364697911361396,0.9377445725005013,0.9546608924865723
ft_tkt_0006353,ft_sal_003373,ft_evt_0031,GENERAL,1,0.9356965834661002,0.9559100288819876,0.9479438116950822,0.9656129479408264
ft_tkt_0006354,ft_sal_003374,ft_evt_0031,PREFERENCIAL,1,0.9282759202971969,0.9683596423771073,0.9527648821848588,0.970024049282074
ft_tkt_0006355,ft_sal_003375,ft_evt_0031,VIP,1,0.9325078728886343,0.9148198898746741,0.9414961411943836,0.9451245665550232
ft_tkt_0006356,ft_sal_003376,ft_evt_0031,PREFERENCIAL,1,0.9282759202971969,0.9471094255272489,0.9403384864070475,0.9615982174873352
ft_tkt_0006357,ft_sal_003376,ft_evt_0031,PREFERENCIAL,1,0.9282759202971969,0.9471094255272489,0.9403384864070475,0.9615982174873352
ft_tkt_0006358,ft_sal_003376,ft_evt_0031,PREFERENCIAL,1,0.9282759202971969,0.9471094255272489,0.9403384864070475,0.9615982174873352
ft_tkt_0006359,ft_sal_003376,ft_evt_0031,PREFERENCIAL,1,0.9282759202971969,0.9471094255272489,0.9403384864070475,0.9615982174873352
ft_tkt_0006360,ft_sal_003377,ft_evt_0031,VIP,1,0.9325078728886343,0.9236585616710121,0.928046264051604,0.940555989742279
ft_tkt_0006361,ft_sal_003377,ft_evt_0031,VIP,1,0.9325078728886343,0.9236585616710121,0.928046264051604,0.940555989742279
ft_tkt_0006362,ft_sal_003378,ft_evt_0031,PREFERENCIAL,1,0.9282759202971969,0.9724903391981404,0.9598729902323087,0.9688358306884766
ft_tkt_0006363,ft_sal_003378,ft_evt_0031,PREFERENCIAL,1,0.9282759202971969,0.9724903391981404,0.9598729902323087,0.9688358306884766
ft_tkt_0006364,ft_sal_003379,ft_evt_0031,GENERAL,1,0.9356965834661002,0.8841087393125951,0.9122895616340775,0.9530959129333496
ft_tkt_0006365,ft_sal_003380,ft_evt_0031,CORTESÍA,0,0.3985098879822984,0.42074509875209004,0.3891560019083586,0.499596506357193
ft_tkt_0006366,ft_sal_003381,ft_evt_0031,PREFERENCIAL,1,0.9282759202971969,0.9708317794668335,0.9623130054019786,0.972200870513916
ft_tkt_0006367,ft_sal_003381,ft_evt_0031,PREFERENCIAL,1,0.9282759202971969,0.9708317794668335,0.9623130054019786,0.972200870513916
ft_tkt_0006368,ft_sal_003381,ft_evt_0031,PREFERENCIAL,1,0.9282759202971969,0.9708317794668335,0.9623130054019786,0.972200870513916
ft_tkt_0006369,ft_sal_003382,ft_evt_0031,GENERAL,1,0.9356965834661002,0.9275422483987236,0.9430682739409035,0.9426757097244263
ft_tkt_0006370,ft_sal_003383,ft_evt_0031,CORTESÍA,0,0.3985098879822984,0.4419486998033993,0.47056331591997125,0.41713979840278625
ft_tkt_0006371,ft_sal_003383,ft_evt_0031,CORTESÍA,0,0.3985098879822984,0.4419486998033993,0.47056331591997125,0.41713979840278625
ft_tkt_0006372,ft_sal_003384,ft_evt_0031,CORTESÍA,1,0.3985098879822984,0.7072293526089625,0.5117045381316156,0.4364188015460968
ft_tkt_0006373,ft_sal_003385,ft_evt_0031,GENERAL,1,0.9356965834661002,0.977679615730214,0.9700723721536423,0.9859024286270142
ft_tkt_0006374,ft_sal_003385,ft_evt_0031,GENERAL,1,0.9356965834661002,0.977679615730214,0.9700723721536423,0.9859024286270142
ft_tkt_0006375,ft_sal_003386,ft_evt_0031,VIP,1,0.9325078728886343,0.9441780938536566,0.948803819350413,0.9598821401596069
ft_tkt_0006376,ft_sal_003387,ft_evt_0031,PREFERENCIAL,1,0.9282759202971969,0.9441023037563282,0.9321980212847619,0.9499300122261047
ft_tkt_0006377,ft_sal_003387,ft_evt_0031,PREFERENCIAL,1,0.9282759202971969,0.9441023037563282,0.9321980212847619,0.9499300122261047
ft_tkt_0006378,ft_sal_003388,ft_evt_0031,PREFERENCIAL,1,0.9282759202971969,0.9173083271796069,0.9351883880124746,0.9543846845626831
ft_tkt_0006379,ft_sal_003388,ft_evt_0031,PREFERENCIAL,1,0.9282759202971969,0.9173083271796069,0.9351883880124746,0.9543846845626831
ft_tkt_0006380,ft_sal_003388,ft_evt_0031,PREFERENCIAL,1,0.9282759202971969,0.9173083271796069,0.9351883880124746,0.9543846845626831
ft_tkt_0006381,ft_sal_003388,ft_evt_0031,PREFERENCIAL,1,0.9282759202971969,0.9173083271796069,0.9351883880124746,0.9543846845626831
ft_tkt_0006382,ft_sal_003388,ft_evt_0031,PREFERENCIAL,1,0.9282759202971969,0.9173083271796069,0.9351883880124746,0.9543846845626831
ft_tkt_0006383,ft_sal_003388,ft_evt_0031,PREFERENCIAL,1,0.9282759202971969,0.9173083271796069,0.9351883880124746,0.9543846845626831
ft_tkt_0006384,ft_sal_003389,ft_evt_0031,PREFERENCIAL,1,0.9282759202971969,0.9552207378063535,0.9448051194713214,0.9588058590888977
ft_tkt_0006385,ft_sal_003390,ft_evt_0031,GENERAL,1,0.9356965834661002,0.8946565969719245,0.9288731730663301,0.9306161999702454
ft_tkt_0006386,ft_sal_003390,ft_evt_0031,GENERAL,1,0.9356965834661002,0.8946565969719245,0.9288731730663301,0.9306161999702454
ft_tkt_0006387,ft_sal_003391,ft_evt_0031,CORTESÍA,1,0.3985098879822984,0.45022986814252947,0.48200563487690185,0.5178196430206299
ft_tkt_0006388,ft_sal_003391,ft_evt_0031,CORTESÍA,0,0.3985098879822984,0.45022986814252947,0.48200563487690185,0.5178196430206299
ft_tkt_0006389,ft_sal_003392,ft_evt_0031,GENERAL,1,0.9356965834661002,0.9310571355798858,0.9395873975725411,0.9258509874343872
ft_tkt_0006390,ft_sal_003393,ft_evt_0031,GENERAL,1,0.9356965834661002,0.9398794786204421,0.9442962229058733,0.9534836411476135
ft_tkt_0006391,ft_sal_003394,ft_evt_0031,CORTESÍA,1,0.3985098879822984,0.4221527540632222,0.47554881801582877,0.41619861125946045
ft_tkt_0006392,ft_sal_003395,ft_evt_0031,VIP,1,0.9325078728886343,0.9622596737653849,0.9551159112585624,0.956965982913971
ft_tkt_0006393,ft_sal_003395,ft_evt_0031,VIP,1,0.9325078728886343,0.9622596737653849,0.9551159112585624,0.956965982913971
ft_tkt_0006394,ft_sal_003395,ft_evt_0031,VIP,1,0.9325078728886343,0.9622596737653849,0.9551159112585624,0.956965982913971
ft_tkt_0006395,ft_sal_003395,ft_evt_0031,VIP,1,0.9325078728886343,0.9622596737653849,0.9551159112585624,0.956965982913971
ft_tkt_0006396,ft_sal_003396,ft_evt_0031,GENERAL,0,0.9356965834661002,0.968090695507931,0.961507963507242,0.9656701683998108
ft_tkt_0006397,ft_sal_003397,ft_evt_0031,CORTESÍA,1,0.3985098879822984,0.40886553635811124,0.4485394189655636,0.39152947068214417
ft_tkt_0006398,ft_sal_003397,ft_evt_0031,CORTESÍA,0,0.3985098879822984,0.40886553635811124,0.4485394189655636,0.39152947068214417
ft_tkt_0006399,ft_sal_003397,ft_evt_0031,CORTESÍA,0,0.3985098879822984,0.40886553635811124,0.4485394189655636,0.39152947068214417
ft_tkt_0006400,ft_sal_003397,ft_evt_0031,CORTESÍA,0,0.3985098879822984,0.40886553635811124,0.4485394189655636,0.39152947068214417
ft_tkt_0006401,ft_sal_003398,ft_evt_0031,CORTESÍA,0,0.3985098879822984,0.28543099843027653,0.3619110895877234,0.3891591429710388
ft_tkt_0006402,ft_sal_003399,ft_evt_0031,GENERAL,1,0.9356965834661002,0.9503677308767878,0.9444679654681583,0.9633777737617493
ft_tkt_0006403,ft_sal_003400,ft_evt_0031,CORTESÍA,1,0.3985098879822984,0.554236814787771,0.5528312434922198,0.5975192785263062
ft_tkt_0006404,ft_sal_003401,ft_evt_0031,CORTESÍA,1,0.3985098879822984,0.29535842827852365,0.39977329301735126,0.32423135638237
ft_tkt_0006405,ft_sal_003401,ft_evt_0031,CORTESÍA,1,0.3985098879822984,0.29535842827852365,0.39977329301735126,0.32423135638237
ft_tkt_0006406,ft_sal_003402,ft_evt_0031,GENERAL,1,0.9356965834661002,0.9354966176476045,0.9334210924009502,0.9527486562728882
ft_tkt_0006407,ft_sal_003402,ft_evt_0031,GENERAL,1,0.9356965834661002,0.9354966176476045,0.9334210924009502,0.9527486562728882
ft_tkt_0006408,ft_sal_003403,ft_evt_0031,CORTESÍA,1,0.3985098879822984,0.2774375060707789,0.38148949913674607,0.313534140586853
ft_tkt_0006409,ft_sal_003403,ft_evt_0031,CORTESÍA,0,0.3985098879822984,0.2774375060707789,0.38148949913674607,0.313534140586853
ft_tkt_0006410,ft_sal_003403,ft_evt_0031,CORTESÍA,1,0.3985098879822984,0.2774375060707789,0.38148949913674607,0.313534140586853
ft_tkt_0006411,ft_sal_003404,ft_evt_0031,GENERAL,1,0.9356965834661002,0.9561925398927228,0.9479438116950822,0.9655150175094604
ft_tkt_0006412,ft_sal_003405,ft_evt_0031,GENERAL,1,0.9356965834661002,0.9347228706002572,0.8955570016757037,0.9130153656005859
ft_tkt_0006413,ft_sal_003406,ft_evt_0031,GENERAL,1,0.9356965834661002,0.9544760661512388,0.9407006763058493,0.9416387677192688
ft_tkt_0006414,ft_sal_003406,ft_evt_0031,GENERAL,1,0.9356965834661002,0.9544760661512388,0.9407006763058493,0.9416387677192688
ft_tkt_0006415,ft_sal_003407,ft_evt_0031,VIP,1,0.9325078728886343,0.9624900543261372,0.9396441813475267,0.9639427661895752
ft_tkt_0006416,ft_sal_003407,ft_evt_0031,VIP,1,0.9325078728886343,0.9624900543261372,0.9396441813475267,0.9639427661895752
ft_tkt_0006417,ft_sal_003408,ft_evt_0031,GENERAL,1,0.9356965834661002,0.9493056341452869,0.9522364160131981,0.965353786945343
ft_tkt_0006418,ft_sal_003408,ft_evt_0031,GENERAL,1,0.9356965834661002,0.9493056341452869,0.9522364160131981,0.965353786945343
ft_tkt_0006419,ft_sal_003409,ft_evt_0031,GENERAL,0,0.9356965834661002,0.9500738563750603,0.9370672550028298,0.9443912506103516
ft_tkt_0006420,ft_sal_003409,ft_evt_0031,GENERAL,1,0.9356965834661002,0.9500738563750603,0.9370672550028298,0.9443912506103516
ft_tkt_0006421,ft_sal_003410,ft_evt_0031,PREFERENCIAL,1,0.9282759202971969,0.9535534869548158,0.944401820775977,0.9613475203514099
ft_tkt_0006422,ft_sal_003411,ft_evt_0031,GENERAL,0,0.9356965834661002,0.9479932477084465,0.940853690787385,0.9637531042098999
ft_tkt_0006423,ft_sal_003411,ft_evt_0031,GENERAL,1,0.9356965834661002,0.9479932477084465,0.940853690787385,0.9637531042098999
ft_tkt_0006424,ft_sal_003412,ft_evt_0031,PREFERENCIAL,1,0.9282759202971969,0.9375684758418731,0.9384349636485257,0.9591332077980042
ft_tkt_0006425,ft_sal_003412,ft_evt_0031,PREFERENCIAL,1,0.9282759202971969,0.9375684758418731,0.9384349636485257,0.9591332077980042
ft_tkt_0006426,ft_sal_003413,ft_evt_0031,VIP,1,0.9325078728886343,0.9548989578313793,0.9462186787041087,0.9714145660400391
ft_tkt_0006427,ft_sal_003414,ft_evt_0031,CORTESÍA,0,0.3985098879822984,0.4323443583050846,0.46320557715510663,0.36748191714286804
ft_tkt_0006428,ft_sal_003414,ft_evt_0031,CORTESÍA,1,0.3985098879822984,0.4323443583050846,0.46320557715510663,0.36748191714286804
ft_tkt_0006429,ft_sal_003414,ft_evt_0031,CORTESÍA,0,0.3985098879822984,0.4323443583050846,0.46320557715510663,0.36748191714286804
ft_tkt_0006430,ft_sal_003414,ft_evt_0031,CORTESÍA,1,0.3985098879822984,0.4323443583050846,0.46320557715510663,0.36748191714286804
ft_tkt_0006431,ft_sal_003415,ft_evt_0031,PREFERENCIAL,1,0.9282759202971969,0.9558584528604035,0.9439396363338189,0.9622005820274353
ft_tkt_0006432,ft_sal_003415,ft_evt_0031,PREFERENCIAL,1,0.9282759202971969,0.9558584528604035,0.9439396363338189,0.9622005820274353
ft_tkt_0006433,ft_sal_003415,ft_evt_0031,PREFERENCIAL,1,0.9282759202971969,0.9558584528604035,0.9439396363338189,0.9622005820274353
ft_tkt_0006434,ft_sal_003416,ft_evt_0031,CORTESÍA,0,0.3985098879822984,0.3494700259066666,0.4777933963787959,0.47548848390579224
ft_tkt_0006435,ft_sal_003417,ft_evt_0031,GENERAL,1,0.9356965834661002,0.9538231794369334,0.9506546439852055,0.9377409815788269
ft_tkt_0006436,ft_sal_003418,ft_evt_0031,GENERAL,1,0.9356965834661002,0.9507447978534691,0.9392153442559412,0.9360824227333069
ft_tkt_0006437,ft_sal_003418,ft_evt_0031,GENERAL,1,0.9356965834661002,0.9507447978534691,0.9392153442559412,0.9360824227333069
ft_tkt_0006438,ft_sal_003419,ft_evt_0031,CORTESÍA,0,0.3985098879822984,0.408058593559441,0.4224456523734601,0.4394800364971161
ft_tkt_0006439,ft_sal_003419,ft_evt_0031,CORTESÍA,0,0.3985098879822984,0.408058593559441,0.4224456523734601,0.4394800364971161
ft_tkt_0006440,ft_sal_003420,ft_evt_0031,CORTESÍA,1,0.3985098879822984,0.45570588919792004,0.4717453172720584,0.4752829968929291
ft_tkt_0006441,ft_sal_003420,ft_evt_0031,CORTESÍA,1,0.3985098879822984,0.45570588919792004,0.4717453172720584,0.4752829968929291
ft_tkt_0006442,ft_sal_003420,ft_evt_0031,CORTESÍA,1,0.3985098879822984,0.45570588919792004,0.4717453172720584,0.4752829968929291
ft_tkt_0006443,ft_sal_003421,ft_evt_0031,CORTESÍA,0,0.3985098879822984,0.462583032656772,0.4777750473582257,0.4284781515598297
ft_tkt_0006444,ft_sal_003421,ft_evt_0031,CORTESÍA,0,0.3985098879822984,0.462583032656772,0.4777750473582257,0.4284781515598297
ft_tkt_0006445,ft_sal_003421,ft_evt_0031,CORTESÍA,0,0.3985098879822984,0.462583032656772,0.4777750473582257,0.4284781515598297
ft_tkt_0006446,ft_sal_003422,ft_evt_0031,PREFERENCIAL,1,0.9282759202971969,0.9341711216585707,0.9335497250707471,0.9435768723487854
ft_tkt_0006447,ft_sal_003422,ft_evt_0031,PREFERENCIAL,1,0.9282759202971969,0.9341711216585707,0.9335497250707471,0.9435768723487854
ft_tkt_0006448,ft_sal_003422,ft_evt_0031,PREFERENCIAL,1,0.9282759202971969,0.9341711216585707,0.9335497250707471,0.9435768723487854
ft_tkt_0006449,ft_sal_003423,ft_evt_0031,GENERAL,1,0.9356965834661002,0.9510458046192971,0.9396357204397953,0.9389151930809021
ft_tkt_0006450,ft_sal_003423,ft_evt_0031,GENERAL,1,0.9356965834661002,0.9510458046192971,0.9396357204397953,0.9389151930809021
ft_tkt_0006451,ft_sal_003424,ft_evt_0031,GENERAL,1,0.9356965834661002,0.9641525351422066,0.9450233996565363,0.9677120447158813
ft_tkt_0006452,ft_sal_003424,ft_evt_0031,GENERAL,1,0.9356965834661002,0.9641525351422066,0.9450233996565363,0.9677120447158813
ft_tkt_0006453,ft_sal_003425,ft_evt_0031,GENERAL,1,0.9356965834661002,0.9566643082255707,0.9435894084781516,0.9559761881828308
ft_tkt_0006454,ft_sal_003425,ft_evt_0031,GENERAL,1,0.9356965834661002,0.9566643082255707,0.9435894084781516,0.9559761881828308
ft_tkt_0006455,ft_sal_003426,ft_evt_0031,PREFERENCIAL,1,0.9282759202971969,0.9551427976317312,0.9448905200598414,0.9565934538841248
ft_tkt_0006456,ft_sal_003427,ft_evt_0031,CORTESÍA,0,0.3985098879822984,0.6384448986967349,0.5381994184726336,0.5433879494667053
ft_tkt_0006457,ft_sal_003428,ft_evt_0022,GENERAL,1,0.9374141732240321,0.9710076476232155,0.9530229782204324,0.9464402794837952
ft_tkt_0006458,ft_sal_003429,ft_evt_0022,GENERAL,1,0.9374141732240321,0.9632758692303303,0.949448159239725,0.9499328136444092
ft_tkt_0006459,ft_sal_003430,ft_evt_0022,CORTESÍA,1,0.3901232716974846,0.42463852224639514,0.43490334929629704,0.41100847721099854
ft_tkt_0006460,ft_sal_003430,ft_evt_0022,CORTESÍA,0,0.3901232716974846,0.42463852224639514,0.43490334929629704,0.41100847721099854
ft_tkt_0006461,ft_sal_003430,ft_evt_0022,CORTESÍA,0,0.3901232716974846,0.42463852224639514,0.43490334929629704,0.41100847721099854
ft_tkt_0006462,ft_sal_003431,ft_evt_0022,GENERAL,1,0.9374141732240321,0.9259249480067432,0.9438746075698317,0.9405395984649658
ft_tkt_0006463,ft_sal_003432,ft_evt_0022,GENERAL,1,0.9374141732240321,0.9559143103643541,0.9385082808431416,0.952256977558136
ft_tkt_0006464,ft_sal_003433,ft_evt_0022,PREFERENCIAL,1,0.9317005479219154,0.9566783766354803,0.9351041655316735,0.9218182563781738
ft_tkt_0006465,ft_sal_003434,ft_evt_0022,CORTESÍA,1,0.3901232716974846,0.6224078710575117,0.5211255044885817,0.6295350193977356
ft_tkt_0006466,ft_sal_003434,ft_evt_0022,CORTESÍA,1,0.3901232716974846,0.6224078710575117,0.5211255044885817,0.6295350193977356
ft_tkt_0006467,ft_sal_003435,ft_evt_0022,GENERAL,1,0.9374141732240321,0.9675516242537696,0.9550790937854147,0.967758059501648
ft_tkt_0006468,ft_sal_003436,ft_evt_0022,CORTESÍA,0,0.3901232716974846,0.5845174875739593,0.5542813939892077,0.7295305132865906
ft_tkt_0006469,ft_sal_003436,ft_evt_0022,CORTESÍA,1,0.3901232716974846,0.5845174875739593,0.5542813939892077,0.7295305132865906
ft_tkt_0006470,ft_sal_003436,ft_evt_0022,CORTESÍA,1,0.3901232716974846,0.5845174875739593,0.5542813939892077,0.7295305132865906
ft_tkt_0006471,ft_sal_003437,ft_evt_0022,CORTESÍA,0,0.3901232716974846,0.36995389375226123,0.44784688683270196,0.4234333634376526
ft_tkt_0006472,ft_sal_003437,ft_evt_0022,CORTESÍA,0,0.3901232716974846,0.36995389375226123,0.44784688683270196,0.4234333634376526
ft_tkt_0006473,ft_sal_003437,ft_evt_0022,CORTESÍA,1,0.3901232716974846,0.36995389375226123,0.44784688683270196,0.4234333634376526
ft_tkt_0006474,ft_sal_003438,ft_evt_0022,GENERAL,0,0.9374141732240321,0.9575277149741843,0.9512108524179639,0.9523218274116516
ft_tkt_0006475,ft_sal_003438,ft_evt_0022,GENERAL,1,0.9374141732240321,0.9575277149741843,0.9512108524179639,0.9523218274116516
ft_tkt_0006476,ft_sal_003438,ft_evt_0022,GENERAL,1,0.9374141732240321,0.9575277149741843,0.9512108524179639,0.9523218274116516
ft_tkt_0006477,ft_sal_003438,ft_evt_0022,GENERAL,1,0.9374141732240321,0.9575277149741843,0.9512108524179639,0.9523218274116516
ft_tkt_0006478,ft_sal_003439,ft_evt_0022,GENERAL,1,0.9374141732240321,0.9770797153004013,0.9652749152782306,0.9797163009643555
ft_tkt_0006479,ft_sal_003439,ft_evt_0022,GENERAL,1,0.9374141732240321,0.9770797153004013,0.9652749152782306,0.9797163009643555
ft_tkt_0006480,ft_sal_003439,ft_evt_0022,GENERAL,1,0.9374141732240321,0.9770797153004013,0.9652749152782306,0.9797163009643555
ft_tkt_0006481,ft_sal_003440,ft_evt_0022,VIP,1,0.9356215132776959,0.9502209872692048,0.9415271283563916,0.9536078572273254
ft_tkt_0006482,ft_sal_003440,ft_evt_0022,VIP,1,0.9356215132776959,0.9502209872692048,0.9415271283563916,0.9536078572273254
ft_tkt_0006483,ft_sal_003441,ft_evt_0022,VIP,1,0.9356215132776959,0.9738269387174626,0.9533570563162477,0.967143714427948
ft_tkt_0006484,ft_sal_003442,ft_evt_0022,GENERAL,1,0.9374141732240321,0.9486542006982789,0.9430897877255977,0.9649050831794739
ft_tkt_0006485,ft_sal_003442,ft_evt_0022,GENERAL,1,0.9374141732240321,0.9486542006982789,0.9430897877255977,0.9649050831794739
ft_tkt_0006486,ft_sal_003442,ft_evt_0022,GENERAL,1,0.9374141732240321,0.9486542006982789,0.9430897877255977,0.9649050831794739
ft_tkt_0006487,ft_sal_003442,ft_evt_0022,GENERAL,1,0.9374141732240321,0.9486542006982789,0.9430897877255977,0.9649050831794739
ft_tkt_0006488,ft_sal_003442,ft_evt_0022,GENERAL,1,0.9374141732240321,0.9486542006982789,0.9430897877255977,0.9649050831794739
ft_tkt_0006489,ft_sal_003442,ft_evt_0022,GENERAL,0,0.9374141732240321,0.9486542006982789,0.9430897877255977,0.9649050831794739
ft_tkt_0006490,ft_sal_003443,ft_evt_0022,VIP,1,0.9356215132776959,0.9427459585881408,0.9410104859326168,0.9473870396614075
ft_tkt_0006491,ft_sal_003443,ft_evt_0022,VIP,1,0.9356215132776959,0.9427459585881408,0.9410104859326168,0.9473870396614075
ft_tkt_0006492,ft_sal_003444,ft_evt_0022,GENERAL,1,0.9374141732240321,0.971958653824877,0.9514938358275543,0.9493386745452881
ft_tkt_0006493,ft_sal_003445,ft_evt_0022,PREFERENCIAL,1,0.9317005479219154,0.9761199771084941,0.9362867606305171,0.9388852119445801
ft_tkt_0006494,ft_sal_003446,ft_evt_0022,GENERAL,1,0.9374141732240321,0.9632935911444318,0.9556695434925527,0.9751006960868835
ft_tkt_0006495,ft_sal_003446,ft_evt_0022,GENERAL,1,0.9374141732240321,0.9632935911444318,0.9556695434925527,0.9751006960868835
ft_tkt_0006496,ft_sal_003446,ft_evt_0022,GENERAL,0,0.9374141732240321,0.9632935911444318,0.9556695434925527,0.9751006960868835
ft_tkt_0006497,ft_sal_003446,ft_evt_0022,GENERAL,1,0.9374141732240321,0.9632935911444318,0.9556695434925527,0.9751006960868835
ft_tkt_0006498,ft_sal_003446,ft_evt_0022,GENERAL,1,0.9374141732240321,0.9632935911444318,0.9556695434925527,0.9751006960868835
ft_tkt_0006499,ft_sal_003446,ft_evt_0022,GENERAL,1,0.9374141732240321,0.9632935911444318,0.9556695434925527,0.9751006960868835
ft_tkt_0006500,ft_sal_003447,ft_evt_0022,PREFERENCIAL,1,0.9317005479219154,0.9767094773841608,0.9613252441255856,0.9667280912399292
ft_tkt_0006501,ft_sal_003448,ft_evt_0022,VIP,1,0.9356215132776959,0.9621005649999224,0.9406473769836712,0.9771888256072998
ft_tkt_0006502,ft_sal_003448,ft_evt_0022,VIP,1,0.9356215132776959,0.9621005649999224,0.9406473769836712,0.9771888256072998
ft_tkt_0006503,ft_sal_003449,ft_evt_0022,PREFERENCIAL,1,0.9317005479219154,0.946423250042296,0.9417803451969147,0.9626351594924927
ft_tkt_0006504,ft_sal_003449,ft_evt_0022,PREFERENCIAL,1,0.9317005479219154,0.946423250042296,0.9417803451969147,0.9626351594924927
ft_tkt_0006505,ft_sal_003449,ft_evt_0022,PREFERENCIAL,1,0.9317005479219154,0.946423250042296,0.9417803451969147,0.9626351594924927
ft_tkt_0006506,ft_sal_003449,ft_evt_0022,PREFERENCIAL,1,0.9317005479219154,0.946423250042296,0.9417803451969147,0.9626351594924927
ft_tkt_0006507,ft_sal_003449,ft_evt_0022,PREFERENCIAL,1,0.9317005479219154,0.946423250042296,0.9417803451969147,0.9626351594924927
ft_tkt_0006508,ft_sal_003449,ft_evt_0022,PREFERENCIAL,1,0.9317005479219154,0.946423250042296,0.9417803451969147,0.9626351594924927
ft_tkt_0006509,ft_sal_003450,ft_evt_0022,CORTESÍA,0,0.3901232716974846,0.5097092412792651,0.5556189948358878,0.5800630450248718
ft_tkt_0006510,ft_sal_003451,ft_evt_0022,PREFERENCIAL,1,0.9317005479219154,0.9322574428874628,0.9404578173214304,0.9471272826194763
ft_tkt_0006511,ft_sal_003451,ft_evt_0022,PREFERENCIAL,1,0.9317005479219154,0.9322574428874628,0.9404578173214304,0.9471272826194763
ft_tkt_0006512,ft_sal_003451,ft_evt_0022,PREFERENCIAL,1,0.9317005479219154,0.9322574428874628,0.9404578173214304,0.9471272826194763
ft_tkt_0006513,ft_sal_003451,ft_evt_0022,PREFERENCIAL,1,0.9317005479219154,0.9322574428874628,0.9404578173214304,0.9471272826194763
ft_tkt_0006514,ft_sal_003452,ft_evt_0022,GENERAL,1,0.9374141732240321,0.9246056621473092,0.9376536107727966,0.9323206543922424
ft_tkt_0006515,ft_sal_003452,ft_evt_0022,GENERAL,1,0.9374141732240321,0.9246056621473092,0.9376536107727966,0.9323206543922424
ft_tkt_0006516,ft_sal_003453,ft_evt_0022,GENERAL,1,0.9374141732240321,0.9377217572207922,0.9347412751672639,0.94832444190979
ft_tkt_0006517,ft_sal_003454,ft_evt_0022,GENERAL,1,0.9374141732240321,0.9444935451196325,0.9334734880219537,0.9497414231300354
ft_tkt_0006518,ft_sal_003455,ft_evt_0022,GENERAL,1,0.9374141732240321,0.949762007285848,0.8834628652071251,0.9449432492256165
ft_tkt_0006519,ft_sal_003455,ft_evt_0022,GENERAL,1,0.9374141732240321,0.949762007285848,0.8834628652071251,0.9449432492256165
ft_tkt_0006520,ft_sal_003455,ft_evt_0022,GENERAL,0,0.9374141732240321,0.949762007285848,0.8834628652071251,0.9449432492256165
ft_tkt_0006521,ft_sal_003456,ft_evt_0022,PREFERENCIAL,1,0.9317005479219154,0.9643327386812304,0.9468919530841959,0.976884663105011
ft_tkt_0006522,ft_sal_003456,ft_evt_0022,PREFERENCIAL,0,0.9317005479219154,0.9643327386812304,0.9468919530841959,0.976884663105011
ft_tkt_0006523,ft_sal_003456,ft_evt_0022,PREFERENCIAL,1,0.9317005479219154,0.9643327386812304,0.9468919530841959,0.976884663105011
ft_tkt_0006524,ft_sal_003457,ft_evt_0022,GENERAL,1,0.9374141732240321,0.9612414343997716,0.9336452691972339,0.957645833492279
ft_tkt_0006525,ft_sal_003458,ft_evt_0022,PREFERENCIAL,1,0.9317005479219154,0.9770229604385458,0.9645505603462601,0.9782994985580444
ft_tkt_0006526,ft_sal_003459,ft_evt_0022,GENERAL,1,0.9374141732240321,0.9387405823086231,0.9399136469313303,0.9438494443893433
ft_tkt_0006527,ft_sal_003460,ft_evt_0022,PREFERENCIAL,1,0.9317005479219154,0.9599068344738863,0.9442732502418462,0.940942108631134
ft_tkt_0006528,ft_sal_003460,ft_evt_0022,PREFERENCIAL,1,0.9317005479219154,0.9599068344738863,0.9442732502418462,0.940942108631134
ft_tkt_0006529,ft_sal_003461,ft_evt_0022,CORTESÍA,0,0.3901232716974846,0.4629875144236126,0.41026578332169483,0.32346004247665405
ft_tkt_0006530,ft_sal_003461,ft_evt_0022,CORTESÍA,0,0.3901232716974846,0.4629875144236126,0.41026578332169483,0.32346004247665405
ft_tkt_0006531,ft_sal_003462,ft_evt_0022,GENERAL,1,0.9374141732240321,0.9679403165519433,0.9547803763568186,0.9669525027275085
ft_tkt_0006532,ft_sal_003462,ft_evt_0022,GENERAL,1,0.9374141732240321,0.9679403165519433,0.9547803763568186,0.9669525027275085
ft_tkt_0006533,ft_sal_003462,ft_evt_0022,GENERAL,1,0.9374141732240321,0.9679403165519433,0.9547803763568186,0.9669525027275085
ft_tkt_0006534,ft_sal_003462,ft_evt_0022,GENERAL,1,0.9374141732240321,0.9679403165519433,0.9547803763568186,0.9669525027275085
ft_tkt_0006535,ft_sal_003463,ft_evt_0022,GENERAL,1,0.9374141732240321,0.9522127449388953,0.9494816938773182,0.9511772394180298
ft_tkt_0006536,ft_sal_003464,ft_evt_0022,GENERAL,1,0.9374141732240321,0.9611622391552846,0.940776205977131,0.9206216931343079
ft_tkt_0006537,ft_sal_003464,ft_evt_0022,GENERAL,1,0.9374141732240321,0.9611622391552846,0.940776205977131,0.9206216931343079
ft_tkt_0006538,ft_sal_003465,ft_evt_0022,GENERAL,1,0.9374141732240321,0.9543017743024718,0.936254139419059,0.9245777726173401
ft_tkt_0006539,ft_sal_003465,ft_evt_0022,GENERAL,1,0.9374141732240321,0.9543017743024718,0.936254139419059,0.9245777726173401
ft_tkt_0006540,ft_sal_003466,ft_evt_0022,GENERAL,1,0.9374141732240321,0.9620213637015715,0.9502607155597678,0.9571107029914856
ft_tkt_0006541,ft_sal_003466,ft_evt_0022,GENERAL,1,0.9374141732240321,0.9620213637015715,0.9502607155597678,0.9571107029914856
ft_tkt_0006542,ft_sal_003466,ft_evt_0022,GENERAL,1,0.9374141732240321,0.9620213637015715,0.9502607155597678,0.9571107029914856
ft_tkt_0006543,ft_sal_003466,ft_evt_0022,GENERAL,1,0.9374141732240321,0.9620213637015715,0.9502607155597678,0.9571107029914856
ft_tkt_0006544,ft_sal_003466,ft_evt_0022,GENERAL,1,0.9374141732240321,0.9620213637015715,0.9502607155597678,0.9571107029914856
ft_tkt_0006545,ft_sal_003466,ft_evt_0022,GENERAL,1,0.9374141732240321,0.9620213637015715,0.9502607155597678,0.9571107029914856
ft_tkt_0006546,ft_sal_003467,ft_evt_0022,PREFERENCIAL,1,0.9317005479219154,0.9462813766466003,0.944183839522534,0.94135582447052
ft_tkt_0006547,ft_sal_003468,ft_evt_0022,PREFERENCIAL,1,0.9317005479219154,0.9629789074542189,0.9382786282433642,0.9393107891082764
ft_tkt_0006548,ft_sal_003469,ft_evt_0022,PREFERENCIAL,1,0.9317005479219154,0.9644105291853542,0.9507847133228906,0.9624806642532349
ft_tkt_0006549,ft_sal_003470,ft_evt_0022,PREFERENCIAL,1,0.9317005479219154,0.9679996198072373,0.9550790937854147,0.9684273600578308
ft_tkt_0006550,ft_sal_003471,ft_evt_0022,GENERAL,1,0.9374141732240321,0.9074394391929009,0.91181369516398,0.9221979975700378
ft_tkt_0006551,ft_sal_003472,ft_evt_0022,CORTESÍA,0,0.3901232716974846,0.5047220636276688,0.5208747643754605,0.5547640323638916
ft_tkt_0006552,ft_sal_003473,ft_evt_0022,GENERAL,1,0.9374141732240321,0.952106933645458,0.940119571989082,0.9576783180236816
ft_tkt_0006553,ft_sal_003473,ft_evt_0022,GENERAL,1,0.9374141732240321,0.952106933645458,0.940119571989082,0.9576783180236816
ft_tkt_0006554,ft_sal_003474,ft_evt_0022,CORTESÍA,0,0.3901232716974846,0.38033082150902914,0.4400522434274219,0.3345143496990204
ft_tkt_0006555,ft_sal_003474,ft_evt_0022,CORTESÍA,1,0.3901232716974846,0.38033082150902914,0.4400522434274219,0.3345143496990204
ft_tkt_0006556,ft_sal_003475,ft_evt_0022,GENERAL,1,0.9374141732240321,0.9516363981773751,0.9492096541980957,0.9521971940994263
ft_tkt_0006557,ft_sal_003476,ft_evt_0022,GENERAL,1,0.9374141732240321,0.966678945807193,0.9504590746063264,0.9540178179740906
ft_tkt_0006558,ft_sal_003476,ft_evt_0022,GENERAL,1,0.9374141732240321,0.966678945807193,0.9504590746063264,0.9540178179740906
ft_tkt_0006559,ft_sal_003477,ft_evt_0022,GENERAL,1,0.9374141732240321,0.9753219918962069,0.9638597628002388,0.9687250852584839
ft_tkt_0006560,ft_sal_003478,ft_evt_0022,VIP,1,0.9356215132776959,0.9747750701842388,0.9543315041503242,0.9742151498794556
ft_tkt_0006561,ft_sal_003478,ft_evt_0022,VIP,1,0.9356215132776959,0.9747750701842388,0.9543315041503242,0.9742151498794556
ft_tkt_0006562,ft_sal_003479,ft_evt_0022,CORTESÍA,0,0.3901232716974846,0.36281504572210393,0.4215132468630757,0.4150594174861908
ft_tkt_0006563,ft_sal_003479,ft_evt_0022,CORTESÍA,0,0.3901232716974846,0.36281504572210393,0.4215132468630757,0.4150594174861908
ft_tkt_0006564,ft_sal_003479,ft_evt_0022,CORTESÍA,1,0.3901232716974846,0.36281504572210393,0.4215132468630757,0.4150594174861908
ft_tkt_0006565,ft_sal_003479,ft_evt_0022,CORTESÍA,0,0.3901232716974846,0.36281504572210393,0.4215132468630757,0.4150594174861908
ft_tkt_0006566,ft_sal_003480,ft_evt_0022,CORTESÍA,0,0.3901232716974846,0.4526521432539102,0.4407992677169908,0.41444382071495056
ft_tkt_0006567,ft_sal_003480,ft_evt_0022,CORTESÍA,0,0.3901232716974846,0.4526521432539102,0.4407992677169908,0.41444382071495056
ft_tkt_0006568,ft_sal_003480,ft_evt_0022,CORTESÍA,0,0.3901232716974846,0.4526521432539102,0.4407992677169908,0.41444382071495056
ft_tkt_0006569,ft_sal_003480,ft_evt_0022,CORTESÍA,0,0.3901232716974846,0.4526521432539102,0.4407992677169908,0.41444382071495056
ft_tkt_0006570,ft_sal_003481,ft_evt_0022,GENERAL,1,0.9374141732240321,0.9302571322941774,0.9343116499908616,0.9373529553413391
ft_tkt_0006571,ft_sal_003482,ft_evt_0022,VIP,1,0.9356215132776959,0.9762050287405895,0.9556811313071163,0.9761154055595398
ft_tkt_0006572,ft_sal_003482,ft_evt_0022,VIP,1,0.9356215132776959,0.9762050287405895,0.9556811313071163,0.9761154055595398
ft_tkt_0006573,ft_sal_003483,ft_evt_0005,VIP,1,0.9356215132776959,0.9643396566904475,0.9463457338744461,0.964584469795227
ft_tkt_0006574,ft_sal_003483,ft_evt_0005,VIP,1,0.9356215132776959,0.9643396566904475,0.9463457338744461,0.964584469795227
ft_tkt_0006575,ft_sal_003484,ft_evt_0005,GENERAL,1,0.9374141732240321,0.9568380948026535,0.9402294442058053,0.9552343487739563
ft_tkt_0006576,ft_sal_003484,ft_evt_0005,GENERAL,1,0.9374141732240321,0.9568380948026535,0.9402294442058053,0.9552343487739563
ft_tkt_0006577,ft_sal_003484,ft_evt_0005,GENERAL,1,0.9374141732240321,0.9568380948026535,0.9402294442058053,0.9552343487739563
ft_tkt_0006578,ft_sal_003485,ft_evt_0005,PREFERENCIAL,1,0.9317005479219154,0.9196367798675057,0.9547925597355195,0.9588706493377686
ft_tkt_0006579,ft_sal_003486,ft_evt_0005,PREFERENCIAL,1,0.9317005479219154,0.9721657414576418,0.9554744268687664,0.9642606973648071
ft_tkt_0006580,ft_sal_003487,ft_evt_0005,PREFERENCIAL,1,0.9317005479219154,0.97299106984635,0.953562446023655,0.9661086201667786
ft_tkt_0006581,ft_sal_003487,ft_evt_0005,PREFERENCIAL,1,0.9317005479219154,0.97299106984635,0.953562446023655,0.9661086201667786
ft_tkt_0006582,ft_sal_003487,ft_evt_0005,PREFERENCIAL,1,0.9317005479219154,0.97299106984635,0.953562446023655,0.9661086201667786
ft_tkt_0006583,ft_sal_003488,ft_evt_0005,GENERAL,1,0.9374141732240321,0.9645386079136092,0.945374033933461,0.9549030065536499
ft_tkt_0006584,ft_sal_003488,ft_evt_0005,GENERAL,1,0.9374141732240321,0.9645386079136092,0.945374033933461,0.9549030065536499
ft_tkt_0006585,ft_sal_003489,ft_evt_0005,PREFERENCIAL,1,0.9317005479219154,0.9804581088441103,0.9686832194434805,0.9812605381011963
ft_tkt_0006586,ft_sal_003490,ft_evt_0005,GENERAL,1,0.9374141732240321,0.9605431670361584,0.9485856578570644,0.9571338295936584
ft_tkt_0006587,ft_sal_003490,ft_evt_0005,GENERAL,1,0.9374141732240321,0.9605431670361584,0.9485856578570644,0.9571338295936584
ft_tkt_0006588,ft_sal_003490,ft_evt_0005,GENERAL,1,0.9374141732240321,0.9605431670361584,0.9485856578570644,0.9571338295936584
ft_tkt_0006589,ft_sal_003490,ft_evt_0005,GENERAL,1,0.9374141732240321,0.9605431670361584,0.9485856578570644,0.9571338295936584
ft_tkt_0006590,ft_sal_003491,ft_evt_0005,GENERAL,1,0.9374141732240321,0.9552416561482937,0.9433399956202696,0.9326910972595215
ft_tkt_0006591,ft_sal_003491,ft_evt_0005,GENERAL,1,0.9374141732240321,0.9552416561482937,0.9433399956202696,0.9326910972595215
ft_tkt_0006592,ft_sal_003491,ft_evt_0005,GENERAL,1,0.9374141732240321,0.9552416561482937,0.9433399956202696,0.9326910972595215
ft_tkt_0006593,ft_sal_003491,ft_evt_0005,GENERAL,1,0.9374141732240321,0.9552416561482937,0.9433399956202696,0.9326910972595215
ft_tkt_0006594,ft_sal_003492,ft_evt_0005,GENERAL,1,0.9374141732240321,0.9856999061722449,0.9504153727870125,0.9440275430679321
ft_tkt_0006595,ft_sal_003493,ft_evt_0005,PREFERENCIAL,1,0.9317005479219154,0.9402919612940108,0.9392541830122069,0.9565064907073975
ft_tkt_0006596,ft_sal_003493,ft_evt_0005,PREFERENCIAL,1,0.9317005479219154,0.9402919612940108,0.9392541830122069,0.9565064907073975
ft_tkt_0006597,ft_sal_003493,ft_evt_0005,PREFERENCIAL,1,0.9317005479219154,0.9402919612940108,0.9392541830122069,0.9565064907073975
ft_tkt_0006598,ft_sal_003493,ft_evt_0005,PREFERENCIAL,1,0.9317005479219154,0.9402919612940108,0.9392541830122069,0.9565064907073975
ft_tkt_0006599,ft_sal_003493,ft_evt_0005,PREFERENCIAL,1,0.9317005479219154,0.9402919612940108,0.9392541830122069,0.9565064907073975
ft_tkt_0006600,ft_sal_003493,ft_evt_0005,PREFERENCIAL,1,0.9317005479219154,0.9402919612940108,0.9392541830122069,0.9565064907073975
ft_tkt_0006601,ft_sal_003494,ft_evt_0005,GENERAL,1,0.9374141732240321,0.9532371367924751,0.9386725163719831,0.9405426979064941
ft_tkt_0006602,ft_sal_003494,ft_evt_0005,GENERAL,1,0.9374141732240321,0.9532371367924751,0.9386725163719831,0.9405426979064941
ft_tkt_0006603,ft_sal_003495,ft_evt_0005,GENERAL,1,0.9374141732240321,0.9711995139188168,0.95064023290166,0.9470088481903076
ft_tkt_0006604,ft_sal_003495,ft_evt_0005,GENERAL,1,0.9374141732240321,0.9711995139188168,0.95064023290166,0.9470088481903076
ft_tkt_0006605,ft_sal_003496,ft_evt_0005,GENERAL,1,0.9374141732240321,0.9556328820404306,0.934010698545595,0.923067033290863
ft_tkt_0006606,ft_sal_003497,ft_evt_0005,VIP,1,0.9356215132776959,0.9884656476530059,0.9641431941354861,0.9742236137390137
ft_tkt_0006607,ft_sal_003498,ft_evt_0005,GENERAL,1,0.9374141732240321,0.9782005702621779,0.9683376683211931,0.974343478679657
ft_tkt_0006608,ft_sal_003499,ft_evt_0005,GENERAL,1,0.9374141732240321,0.9572154270980792,0.9455579890222995,0.9469194412231445
ft_tkt_0006609,ft_sal_003499,ft_evt_0005,GENERAL,1,0.9374141732240321,0.9572154270980792,0.9455579890222995,0.9469194412231445
ft_tkt_0006610,ft_sal_003499,ft_evt_0005,GENERAL,1,0.9374141732240321,0.9572154270980792,0.9455579890222995,0.9469194412231445
ft_tkt_0006611,ft_sal_003499,ft_evt_0005,GENERAL,1,0.9374141732240321,0.9572154270980792,0.9455579890222995,0.9469194412231445
ft_tkt_0006612,ft_sal_003500,ft_evt_0005,CORTESÍA,0,0.3901232716974846,0.5564836874345954,0.5072926478469055,0.5684507489204407
ft_tkt_0006613,ft_sal_003500,ft_evt_0005,CORTESÍA,1,0.3901232716974846,0.5564836874345954,0.5072926478469055,0.5684507489204407
ft_tkt_0006614,ft_sal_003501,ft_evt_0005,PREFERENCIAL,1,0.9317005479219154,0.9521379291912141,0.9384753133108338,0.9434468746185303
ft_tkt_0006615,ft_sal_003501,ft_evt_0005,PREFERENCIAL,1,0.9317005479219154,0.9521379291912141,0.9384753133108338,0.9434468746185303
ft_tkt_0006616,ft_sal_003501,ft_evt_0005,PREFERENCIAL,1,0.9317005479219154,0.9521379291912141,0.9384753133108338,0.9434468746185303
ft_tkt_0006617,ft_sal_003501,ft_evt_0005,PREFERENCIAL,1,0.9317005479219154,0.9521379291912141,0.9384753133108338,0.9434468746185303
ft_tkt_0006618,ft_sal_003502,ft_evt_0005,GENERAL,1,0.9374141732240321,0.9697448930761617,0.9539068669160772,0.9554330706596375
ft_tkt_0006619,ft_sal_003502,ft_evt_0005,GENERAL,1,0.9374141732240321,0.9697448930761617,0.9539068669160772,0.9554330706596375
ft_tkt_0006620,ft_sal_003502,ft_evt_0005,GENERAL,1,0.9374141732240321,0.9697448930761617,0.9539068669160772,0.9554330706596375
ft_tkt_0006621,ft_sal_003502,ft_evt_0005,GENERAL,1,0.9374141732240321,0.9697448930761617,0.9539068669160772,0.9554330706596375
ft_tkt_0006622,ft_sal_003503,ft_evt_0005,PREFERENCIAL,1,0.9317005479219154,0.9806712558610671,0.9584442292200726,0.962679922580719
ft_tkt_0006623,ft_sal_003504,ft_evt_0005,GENERAL,1,0.9374141732240321,0.9731106652020026,0.9505883427802349,0.9568875432014465
ft_tkt_0006624,ft_sal_003504,ft_evt_0005,GENERAL,1,0.9374141732240321,0.9731106652020026,0.9505883427802349,0.9568875432014465
ft_tkt_0006625,ft_sal_003505,ft_evt_0005,VIP,1,0.9356215132776959,0.9792635200895556,0.9539070139496352,0.9662332534790039
ft_tkt_0006626,ft_sal_003505,ft_evt_0005,VIP,1,0.9356215132776959,0.9792635200895556,0.9539070139496352,0.9662332534790039
ft_tkt_0006627,ft_sal_003506,ft_evt_0005,GENERAL,1,0.9374141732240321,0.970199358594251,0.9503109703607618,0.9507738351821899
ft_tkt_0006628,ft_sal_003506,ft_evt_0005,GENERAL,1,0.9374141732240321,0.970199358594251,0.9503109703607618,0.9507738351821899
ft_tkt_0006629,ft_sal_003507,ft_evt_0005,GENERAL,1,0.9374141732240321,0.9689513501466314,0.9483120279766203,0.9418007731437683
ft_tkt_0006630,ft_sal_003507,ft_evt_0005,GENERAL,1,0.9374141732240321,0.9689513501466314,0.9483120279766203,0.9418007731437683
ft_tkt_0006631,ft_sal_003508,ft_evt_0005,GENERAL,1,0.9374141732240321,0.9557310926689512,0.9465686263868818,0.9395044445991516
ft_tkt_0006632,ft_sal_003508,ft_evt_0005,GENERAL,1,0.9374141732240321,0.9557310926689512,0.9465686263868818,0.9395044445991516
ft_tkt_0006633,ft_sal_003508,ft_evt_0005,GENERAL,1,0.9374141732240321,0.9557310926689512,0.9465686263868818,0.9395044445991516
ft_tkt_0006634,ft_sal_003508,ft_evt_0005,GENERAL,1,0.9374141732240321,0.9557310926689512,0.9465686263868818,0.9395044445991516
ft_tkt_0006635,ft_sal_003509,ft_evt_0005,GENERAL,1,0.9374141732240321,0.935750467258798,0.9401273500438726,0.9173610210418701
ft_tkt_0006636,ft_sal_003510,ft_evt_0005,PREFERENCIAL,0,0.9317005479219154,0.992594278394962,0.9605784861731327,0.9704537391662598
ft_tkt_0006637,ft_sal_003511,ft_evt_0005,GENERAL,1,0.9374141732240321,0.9709803270110534,0.9618968076288945,0.9740267992019653
ft_tkt_0006638,ft_sal_003511,ft_evt_0005,GENERAL,1,0.9374141732240321,0.9709803270110534,0.9618968076288945,0.9740267992019653
ft_tkt_0006639,ft_sal_003512,ft_evt_0005,GENERAL,0,0.9374141732240321,0.9390985426893218,0.9382508824902935,0.9068287014961243
ft_tkt_0006640,ft_sal_003512,ft_evt_0005,GENERAL,1,0.9374141732240321,0.9390985426893218,0.9382508824902935,0.9068287014961243
ft_tkt_0006641,ft_sal_003513,ft_evt_0005,GENERAL,1,0.9374141732240321,0.97263265767131,0.9445865471418282,0.9500331878662109
ft_tkt_0006642,ft_sal_003514,ft_evt_0005,VIP,1,0.9356215132776959,0.984823923328691,0.968501956764949,0.9819705486297607
ft_tkt_0006643,ft_sal_003515,ft_evt_0005,PREFERENCIAL,1,0.9317005479219154,0.9644975614769148,0.9651734085931784,0.9807465672492981
ft_tkt_0006644,ft_sal_003515,ft_evt_0005,PREFERENCIAL,1,0.9317005479219154,0.9644975614769148,0.9651734085931784,0.9807465672492981
ft_tkt_0006645,ft_sal_003516,ft_evt_0005,PREFERENCIAL,1,0.9317005479219154,0.9699492982809804,0.9501320294805838,0.9482792615890503
ft_tkt_0006646,ft_sal_003517,ft_evt_0005,GENERAL,1,0.9374141732240321,0.9582166486478342,0.9431867766253044,0.9553618431091309
ft_tkt_0006647,ft_sal_003517,ft_evt_0005,GENERAL,1,0.9374141732240321,0.9582166486478342,0.9431867766253044,0.9553618431091309
ft_tkt_0006648,ft_sal_003517,ft_evt_0005,GENERAL,1,0.9374141732240321,0.9582166486478342,0.9431867766253044,0.9553618431091309
ft_tkt_0006649,ft_sal_003518,ft_evt_0005,GENERAL,1,0.9374141732240321,0.9617730662616106,0.9419339386921607,0.9284610152244568
ft_tkt_0006650,ft_sal_003518,ft_evt_0005,GENERAL,1,0.9374141732240321,0.9617730662616106,0.9419339386921607,0.9284610152244568
ft_tkt_0006651,ft_sal_003519,ft_evt_0005,GENERAL,1,0.9374141732240321,0.9692867589399885,0.9462338120935011,0.934408962726593
ft_tkt_0006652,ft_sal_003519,ft_evt_0005,GENERAL,1,0.9374141732240321,0.9692867589399885,0.9462338120935011,0.934408962726593
ft_tkt_0006653,ft_sal_003520,ft_evt_0005,GENERAL,1,0.9374141732240321,0.958610619491793,0.940679263904021,0.9265144467353821
ft_tkt_0006654,ft_sal_003520,ft_evt_0005,GENERAL,1,0.9374141732240321,0.958610619491793,0.940679263904021,0.9265144467353821
ft_tkt_0006655,ft_sal_003521,ft_evt_0005,GENERAL,1,0.9374141732240321,0.9426658891309172,0.9415989765893632,0.9317800402641296
ft_tkt_0006656,ft_sal_003522,ft_evt_0005,PREFERENCIAL,1,0.9317005479219154,0.9823436762369249,0.9506996438603879,0.9671232104301453
ft_tkt_0006657,ft_sal_003523,ft_evt_0005,GENERAL,1,0.9374141732240321,0.9727269296159197,0.9548743313060718,0.9558977484703064
ft_tkt_0006658,ft_sal_003523,ft_evt_0005,GENERAL,1,0.9374141732240321,0.9727269296159197,0.9548743313060718,0.9558977484703064
ft_tkt_0006659,ft_sal_003524,ft_evt_0005,GENERAL,1,0.9374141732240321,0.9701131655740398,0.9521054143452903,0.9627851247787476
ft_tkt_0006660,ft_sal_003524,ft_evt_0005,GENERAL,1,0.9374141732240321,0.9701131655740398,0.9521054143452903,0.9627851247787476
ft_tkt_0006661,ft_sal_003524,ft_evt_0005,GENERAL,1,0.9374141732240321,0.9701131655740398,0.9521054143452903,0.9627851247787476
ft_tkt_0006662,ft_sal_003524,ft_evt_0005,GENERAL,1,0.9374141732240321,0.9701131655740398,0.9521054143452903,0.9627851247787476
ft_tkt_0006663,ft_sal_003524,ft_evt_0005,GENERAL,1,0.9374141732240321,0.9701131655740398,0.9521054143452903,0.9627851247787476
ft_tkt_0006664,ft_sal_003524,ft_evt_0005,GENERAL,1,0.9374141732240321,0.9701131655740398,0.9521054143452903,0.9627851247787476
ft_tkt_0006665,ft_sal_003525,ft_evt_0005,CORTESÍA,1,0.3901232716974846,0.5048433003423626,0.44814190011999494,0.5347157716751099
ft_tkt_0006666,ft_sal_003525,ft_evt_0005,CORTESÍA,0,0.3901232716974846,0.5048433003423626,0.44814190011999494,0.5347157716751099
ft_tkt_0006667,ft_sal_003525,ft_evt_0005,CORTESÍA,0,0.3901232716974846,0.5048433003423626,0.44814190011999494,0.5347157716751099
ft_tkt_0006668,ft_sal_003526,ft_evt_0005,PREFERENCIAL,1,0.9317005479219154,0.9702404382106131,0.9509815528479187,0.9565721750259399
ft_tkt_0006669,ft_sal_003527,ft_evt_0005,GENERAL,1,0.9374141732240321,0.9417257897446633,0.9347881273485461,0.9502529501914978
ft_tkt_0006670,ft_sal_003527,ft_evt_0005,GENERAL,1,0.9374141732240321,0.9417257897446633,0.9347881273485461,0.9502529501914978
ft_tkt_0006671,ft_sal_003528,ft_evt_0005,GENERAL,1,0.9374141732240321,0.9703029900529848,0.9543821495053725,0.9600091576576233
ft_tkt_0006672,ft_sal_003528,ft_evt_0005,GENERAL,1,0.9374141732240321,0.9703029900529848,0.9543821495053725,0.9600091576576233
ft_tkt_0006673,ft_sal_003528,ft_evt_0005,GENERAL,1,0.9374141732240321,0.9703029900529848,0.9543821495053725,0.9600091576576233
ft_tkt_0006674,ft_sal_003528,ft_evt_0005,GENERAL,0,0.9374141732240321,0.9703029900529848,0.9543821495053725,0.9600091576576233
ft_tkt_0006675,ft_sal_003529,ft_evt_0005,PREFERENCIAL,1,0.9317005479219154,0.9792319733949004,0.953031240289984,0.9593102335929871
ft_tkt_0006676,ft_sal_003529,ft_evt_0005,PREFERENCIAL,1,0.9317005479219154,0.9792319733949004,0.953031240289984,0.9593102335929871
ft_tkt_0006677,ft_sal_003530,ft_evt_0005,PREFERENCIAL,1,0.9317005479219154,0.9719392699318243,0.951548896471753,0.9474331140518188
ft_tkt_0006678,ft_sal_003530,ft_evt_0005,PREFERENCIAL,1,0.9317005479219154,0.9719392699318243,0.951548896471753,0.9474331140518188
ft_tkt_0006679,ft_sal_003531,ft_evt_0005,VIP,1,0.9356215132776959,0.9608106965067806,0.9378313437176615,0.9351509809494019
ft_tkt_0006680,ft_sal_003532,ft_evt_0005,GENERAL,1,0.9374141732240321,0.961649133154925,0.9570757659221584,0.9527627229690552
ft_tkt_0006681,ft_sal_003533,ft_evt_0005,PREFERENCIAL,1,0.9317005479219154,0.9734473167381497,0.9521250409534867,0.9497849345207214
ft_tkt_0006682,ft_sal_003533,ft_evt_0005,PREFERENCIAL,1,0.9317005479219154,0.9734473167381497,0.9521250409534867,0.9497849345207214
ft_tkt_0006683,ft_sal_003534,ft_evt_0005,GENERAL,1,0.9374141732240321,0.9749482241385042,0.9482694576979306,0.9669422507286072
ft_tkt_0006684,ft_sal_003534,ft_evt_0005,GENERAL,1,0.9374141732240321,0.9749482241385042,0.9482694576979306,0.9669422507286072
ft_tkt_0006685,ft_sal_003534,ft_evt_0005,GENERAL,1,0.9374141732240321,0.9749482241385042,0.9482694576979306,0.9669422507286072
ft_tkt_0006686,ft_sal_003535,ft_evt_0005,VIP,1,0.9356215132776959,0.9575634903425054,0.9370298887814018,0.9371659755706787
ft_tkt_0006687,ft_sal_003536,ft_evt_0005,VIP,1,0.9356215132776959,0.9731370689127211,0.9423799283074545,0.9513015151023865
ft_tkt_0006688,ft_sal_003536,ft_evt_0005,VIP,1,0.9356215132776959,0.9731370689127211,0.9423799283074545,0.9513015151023865
ft_tkt_0006689,ft_sal_003537,ft_evt_0005,GENERAL,1,0.9374141732240321,0.9538908496141751,0.9478419347192053,0.9203711748123169
ft_tkt_0006690,ft_sal_003538,ft_evt_0005,PREFERENCIAL,1,0.9317005479219154,0.973020369163894,0.9581867355682953,0.9701628088951111
ft_tkt_0006691,ft_sal_003538,ft_evt_0005,PREFERENCIAL,1,0.9317005479219154,0.973020369163894,0.9581867355682953,0.9701628088951111
ft_tkt_0006692,ft_sal_003539,ft_evt_0005,GENERAL,1,0.9374141732240321,0.9437136695933368,0.9595728914877467,0.9501177668571472
ft_tkt_0006693,ft_sal_003540,ft_evt_0005,GENERAL,1,0.9374141732240321,0.9509518573185101,0.9388279475810668,0.8972174525260925
ft_tkt_0006694,ft_sal_003541,ft_evt_0005,PREFERENCIAL,1,0.9317005479219154,0.9719963836478233,0.9511255481564658,0.9489117860794067
ft_tkt_0006695,ft_sal_003541,ft_evt_0005,PREFERENCIAL,1,0.9317005479219154,0.9719963836478233,0.9511255481564658,0.9489117860794067
ft_tkt_0006696,ft_sal_003542,ft_evt_0005,PREFERENCIAL,1,0.9317005479219154,0.9680006027640043,0.9425229852308914,0.9214822053909302
ft_tkt_0006697,ft_sal_003543,ft_evt_0005,CORTESÍA,0,0.3901232716974846,0.32046973540401497,0.3518496989316523,0.38133877515792847
ft_tkt_0006698,ft_sal_003543,ft_evt_0005,CORTESÍA,0,0.3901232716974846,0.32046973540401497,0.3518496989316523,0.38133877515792847
ft_tkt_0006699,ft_sal_003544,ft_evt_0005,GENERAL,1,0.9374141732240321,0.9625207183241559,0.9397084985769487,0.9319899678230286
ft_tkt_0006700,ft_sal_003544,ft_evt_0005,GENERAL,1,0.9374141732240321,0.9625207183241559,0.9397084985769487,0.9319899678230286
ft_tkt_0006701,ft_sal_003545,ft_evt_0005,GENERAL,1,0.9374141732240321,0.9706182525004499,0.9552461987695962,0.9655433893203735
ft_tkt_0006702,ft_sal_003546,ft_evt_0005,GENERAL,1,0.9374141732240321,0.9593522813920153,0.9414855024780696,0.9579415321350098
ft_tkt_0006703,ft_sal_003546,ft_evt_0005,GENERAL,1,0.9374141732240321,0.9593522813920153,0.9414855024780696,0.9579415321350098
ft_tkt_0006704,ft_sal_003546,ft_evt_0005,GENERAL,1,0.9374141732240321,0.9593522813920153,0.9414855024780696,0.9579415321350098
ft_tkt_0006705,ft_sal_003547,ft_evt_0005,GENERAL,1,0.9374141732240321,0.951866660877976,0.9437927623362171,0.9403179287910461
ft_tkt_0006706,ft_sal_003547,ft_evt_0005,GENERAL,1,0.9374141732240321,0.951866660877976,0.9437927623362171,0.9403179287910461
ft_tkt_0006707,ft_sal_003547,ft_evt_0005,GENERAL,1,0.9374141732240321,0.951866660877976,0.9437927623362171,0.9403179287910461
ft_tkt_0006708,ft_sal_003547,ft_evt_0005,GENERAL,1,0.9374141732240321,0.951866660877976,0.9437927623362171,0.9403179287910461
ft_tkt_0006709,ft_sal_003547,ft_evt_0005,GENERAL,1,0.9374141732240321,0.951866660877976,0.9437927623362171,0.9403179287910461
ft_tkt_0006710,ft_sal_003547,ft_evt_0005,GENERAL,1,0.9374141732240321,0.951866660877976,0.9437927623362171,0.9403179287910461
ft_tkt_0006711,ft_sal_003548,ft_evt_0005,GENERAL,1,0.9374141732240321,0.9563792022245982,0.9398962061609822,0.9212983846664429
ft_tkt_0006712,ft_sal_003548,ft_evt_0005,GENERAL,1,0.9374141732240321,0.9563792022245982,0.9398962061609822,0.9212983846664429
ft_tkt_0006713,ft_sal_003548,ft_evt_0005,GENERAL,1,0.9374141732240321,0.9563792022245982,0.9398962061609822,0.9212983846664429
ft_tkt_0006714,ft_sal_003549,ft_evt_0005,PREFERENCIAL,1,0.9317005479219154,0.9624871543933817,0.9393226759919213,0.890401303768158
ft_tkt_0006715,ft_sal_003550,ft_evt_0005,GENERAL,1,0.9374141732240321,0.9455255695183153,0.9389639002606547,0.9153076410293579
ft_tkt_0006716,ft_sal_003551,ft_evt_0005,GENERAL,1,0.9374141732240321,0.9874833351239279,0.9609613049900911,0.9545931816101074
ft_tkt_0006717,ft_sal_003552,ft_evt_0005,GENERAL,1,0.9374141732240321,0.9423995019894715,0.9437003852440037,0.9100080728530884
ft_tkt_0006718,ft_sal_003553,ft_evt_0005,PREFERENCIAL,1,0.9317005479219154,0.9720609520552861,0.9548797020674735,0.9485820531845093
ft_tkt_0006719,ft_sal_003554,ft_evt_0005,GENERAL,1,0.9374141732240321,0.9550529483198661,0.9457040012703789,0.9377873539924622
ft_tkt_0006720,ft_sal_003555,ft_evt_0005,CORTESÍA,1,0.3901232716974846,0.5775429385272771,0.5419061222405924,0.7345841526985168
ft_tkt_0006721,ft_sal_003555,ft_evt_0005,CORTESÍA,1,0.3901232716974846,0.5775429385272771,0.5419061222405924,0.7345841526985168
ft_tkt_0006722,ft_sal_003556,ft_evt_0005,GENERAL,1,0.9374141732240321,0.9766879643425547,0.9517626226620729,0.9544419050216675
