sale_id,event_id,buyer_name,buyer_email,buyer_phone,qty,subtotal,channel,purchased_at
ft_sal_000001,ft_evt_0027,Mariana Castro,mariana.casro@gmail.com,3045387870,3,450000,RRPP,2026-06-21 12:30:00
ft_sal_000002,ft_evt_0027,Mateo Vargas,mateo.vargas18@hotmail.com,315 188 1809,1,0,WEB,2026-06-20 03:30:00
ft_sal_000003,ft_evt_0027,Andrés Peña,andrespena53@gmail.com,3278883502,1,62000,WEB,2026-06-21 06:30:00
ft_sal_000004,ft_evt_0027,Natalia Guerrero,nataliaguerrero169@outlook.com,3228809591,2,90000,WEB,2026-06-27 05:30:00
ft_sal_000005,ft_evt_0027,ricardo ortiz,ricardo.ortiz@gmail.com,+57 318 0454246,2,110000,BOX_OFFICE,2026-07-01 00:30:00
ft_sal_000006,ft_evt_0027,Martínez Diana,dianamartinez505@hotmail.com,+57 304 5317500,2,270000,WEB,2026-06-19 05:30:00
ft_sal_000007,ft_evt_0027,Carlos Castro,carloscastro239@gmail.com,+57 302 3187095,1,47000,WEB,2026-06-21 13:30:00
ft_sal_000008,ft_evt_0027,juan restrepo,juan.restrepo@gmail.com,3017059799,3,174000,WEB,2026-06-20 20:30:00
ft_sal_000009,ft_evt_0027,Juan Arango,juan.arango21@hotmail.com,(+57) 310-080-5119,1,63000,WEB,2026-06-20 00:30:00
ft_sal_000010,ft_evt_0027,Carolina González,camilo.rojas8@gmail.com,(+57) 310-379-7276,1,43000,ADMIN,2026-06-23 03:30:00
ft_sal_000011,ft_evt_0027,Paula Mejía,paulamejia829@gmail.com,573258984945,2,118000,WEB,2026-06-19 11:30:00
ft_sal_000012,ft_evt_0027,Diego Rodríguez,diegorodriguez391@icloud.com,3229555279,4,528000,WEB,2026-06-23 13:30:00
ft_sal_000013,ft_evt_0027,Natalia Cárdenas,nataliacardenas201@gmail.com,(+57) 303-651-6091,2,128000,WEB,2026-06-26 09:30:00
ft_sal_000014,ft_evt_0027,david hernández,david.hernandez@outlok.com,573046695243,4,0,WEB,2026-06-19 08:30:00
ft_sal_000015,ft_evt_0027,daniel quintero,danielquintero856@hotmail.com,+57 326 5270027,1,99000,WEB,2026-06-16 01:30:00
ft_sal_000016,ft_evt_0027,Miguel Vargas,miguelvargas725@gmail.com,305 194 9307,1,90000,WEB,2026-06-17 06:30:00
ft_sal_000017,ft_evt_0027,María Zapata,maria.zapata+compras@proton.me,3116647733,1,96000,WEB,2026-06-16 09:30:00
ft_sal_000018,ft_evt_0027,Ricardo González,ricardogonzalez534@gmail.com,3135043655,2,124000,WEB,2026-06-18 09:30:00
ft_sal_000019,ft_evt_0027,Sara Valencia,saravalencia405@gmail.com,573003234543,1,134000,WEB,2026-06-24 04:30:00
ft_sal_000020,ft_evt_0027,Miguel Hernández,miguelhernandez@outlook.com,(+57) 313-225-3453,4,380000,WEB,2026-06-28 05:30:00
ft_sal_000021,ft_evt_0027,Laura Castro,lauracastro990@gmail.com,(+57) 325-121-8774,3,132000,WEB,2026-06-24 10:30:00
ft_sal_000022,ft_evt_0027,Mariana Suarez,mariana.suarez232+spam@gmail.com,(+57) 319-603-7468,3,288000,WEB,2026-06-13 02:30:00
ft_sal_000023,ft_evt_0027,Daniel Hernández,daniel.hernandez55@yahoo.com,+57 309 6266487,1,138000,WEB,2026-06-11 17:30:00
ft_sal_000024,ft_evt_0027,Daniela Suárez,daniela.suarez83@gmail.com,+57 311 8113172,3,279000,WEB,2026-06-21 17:30:00
ft_sal_000025,ft_evt_0027,Tatiana Ospina,tatiana.spina60@icloud.com,3245040263,4,168000,WEB,2026-06-27 16:30:00
ft_sal_000026,ft_evt_0027,Laura Castro,lauracastro236@gmail.com,573089478434,2,188000,BOX_OFFICE,2026-07-01 10:30:00
ft_sal_000027,ft_evt_0027,Carlos Muñoz,carlosmunoz878@gmail.com,,1,0,BOX_OFFICE,2026-07-01 18:30:00
ft_sal_000028,ft_evt_0027,Diana Guerrero,dianaguerrero259@hotmail.com,(+57) 317-375-1289,1,60000,WEB,2026-06-18 19:30:00
ft_sal_000029,ft_evt_0027,natalia ramírez,nataliaramirez497@gmail.com,,1,47000,WEB,2026-06-16 02:30:00
ft_sal_000030,ft_evt_0027,David Peña,david.pena67@hotmail.com,,1,53000,WEB,2026-06-23 04:30:00
ft_sal_000031,ft_evt_0027,Laura Hernández,laurahernandez770@proton.me,325 600 2526,1,53000,WEB,2026-06-28 11:30:00
ft_sal_000032,ft_evt_0027,Óscar González,oscargonzalez433@hotmail.com,,2,198000,WEB,2026-06-20 05:30:00
ft_sal_000033,ft_evt_0027,felipe rojas,felipe.rojas81@yahoo.com,3096000773,3,132000,WEB,2026-06-20 03:30:00
ft_sal_000034,ft_evt_0027,Alejandro Céspedes,alejandro.cespedes337@outlok.com,300 298 8977,3,267000,WEB,2026-06-16 14:30:00
ft_sal_000035,ft_evt_0027,Cristian Vargas,cristian.vargas@outlook.com,3181870793,1,0,BOX_OFFICE,2026-07-01 12:30:00
ft_sal_000036,ft_evt_0027,Martínez Esteban,esteban.martinez154@gmail.com,303 019 8703,1,60000,WEB,2026-06-19 15:30:00
ft_sal_000037,ft_evt_0027,carlos salazar,carlossalazar210@icloud.com,(+57) 314-597-8624,1,91000,WEB,2026-06-24 10:30:00
ft_sal_000038,ft_evt_0027,Carolina Guerrero,carolinaguerrero180@gmail.com,3079192471,2,190000,WEB,2026-06-19 05:30:00
ft_sal_000039,ft_evt_0027,Diana Cárdenas,dianacardenas732@gmail.com,+57 311 5614936,2,92000,WEB,2026-06-20 17:30:00
ft_sal_000040,ft_evt_0027,Restrepo Laura,laurarestrepo1@hotmail.com,306 419 1556,4,0,WEB,2026-06-24 15:30:00
ft_sal_000041,ft_evt_0027,Diana Bermúdez,diana.bermudez53@gmail.com,306 793 6012,1,0,WEB,2026-06-11 18:30:00
ft_sal_000042,ft_evt_0027,FABIÁN ROJAS,fabianrojas982@yahoo.com,+57 322 5625772,1,65000,WEB,2026-06-22 16:30:00
ft_sal_000043,ft_evt_0027,López Juan,juanlopez616@gmail.com,,2,88000,WEB,2026-06-18 05:30:00
ft_sal_000044,ft_evt_0027,Esteban González,estebangonzalez132@gmail.com,,4,188000,WEB,2026-06-21 14:30:00
ft_sal_000045,ft_evt_0027,Carolina Cifuentes,carolinacifuentes999@gmail.com,573146066164,1,62000,WEB,2026-06-13 00:30:00
ft_sal_000046,ft_evt_0027,Andrés Arango,andres.arango881@gmail.com,301 459 2373,1,0,WEB,2026-06-22 08:30:00
ft_sal_000047,ft_evt_0027,Luisa Mejía,luisamejia438@gmail.com,573161472404,1,43000,WEB,2026-06-25 11:30:00
ft_sal_000048,ft_evt_0027,Felipe Salazar,felipe.salazar@outlook.com,573102446698,4,232000,WEB,2026-06-22 15:30:00
ft_sal_000049,ft_evt_0027,Camilo Vargas Suárez,camilo.vargas@hotmail.com,3166107119,1,43000,WEB,2026-06-22 10:30:00
ft_sal_000050,ft_evt_0027,Natalia Ramírez,natalia.ramirez@hotmail.com,(+57) 313-144-0092,3,288000,WEB,2026-06-20 02:30:00
ft_sal_000051,ft_evt_0027,esteban ramírez,estebanramirez389@gmail.com,328 348 3846,1,93000,ADMIN,2026-06-25 11:30:00
ft_sal_000052,ft_evt_0027,Alejandro Ortiz,alejandro.ortiz95@gmail.com,573080601566,2,108000,BOX_OFFICE,2026-07-01 07:30:00
ft_sal_000053,ft_evt_0027,Miguel Moreno,miguel.moreno@hotmial.com,573041058660,2,294000,WEB,2026-06-19 20:30:00
ft_sal_000054,ft_evt_0027,Paula Mejía,paulamejia194@outlook.com,3012317979,1,0,WEB,2026-06-24 12:30:00
ft_sal_000055,ft_evt_0027,Andrea González,andreagonzalez693@yahoo.com,(+57) 300-777-1253,4,248000,WEB,2026-06-18 14:30:00
ft_sal_000056,ft_evt_0027,Julián Hernández,julianhernandez912@gmail.com,573176660865,6,270000,WEB,2026-06-22 06:30:00
ft_sal_000057,ft_evt_0027,Andrés Ortiz Bermúdez,andres.ortiz984@gmail.com,3257760045,2,270000,WEB,2026-06-12 00:30:00
ft_sal_000058,ft_evt_0027,óscar gonzález,oscar.gonzalez10@gmail.com,3070344134,6,270000,WEB,2026-06-17 10:30:00
ft_sal_000059,ft_evt_0027,Ortiz Sara,sara.ortiz987@gmial.com,3207449233,1,62000,WEB,2026-06-22 01:30:00
ft_sal_000060,ft_evt_0027,Isabella Salazar,isabella.salazar@gmial.com,306 039 6717,2,128000,WEB,2026-06-26 17:30:00
ft_sal_000061,ft_evt_0027,Santiago Ortiz,santiago.ortiz43@gmail.com,+57 309 3257597,1,0,WEB,2026-06-25 07:30:00
ft_sal_000062,ft_evt_0027,Alejandro González Salazar,alejandrogonzalez39@gmail.com,325 715 4048,4,344000,BOX_OFFICE,2026-07-01 04:30:00
ft_sal_000063,ft_evt_0027,Cristian Hernandez,cristian.hernandez37@icloud.com,573126143356,1,44000,WEB,2026-06-20 17:30:00
ft_sal_000064,ft_evt_0027,Mariana Moreno,marianamoreno428@outlook.com,3293498295,2,90000,BOX_OFFICE,2026-07-01 06:30:00
ft_sal_000065,ft_evt_0027,Ximena Ortiz,ximenaortiz155@gmail.com,573113808875,1,45000,ADMIN,2026-06-18 13:30:00
ft_sal_000066,ft_evt_0027,Julián Mejía,julianmejia885@gmail.com,3277554736,3,180000,ADMIN,2026-06-25 13:30:00
ft_sal_000067,ft_evt_0027,Muñoz Sebastián,sebastianmunoz605@yahoo.com,+57 329 9734104,2,184000,WEB,2026-06-22 16:30:00
ft_sal_000068,ft_evt_0027,Manuela Ospina Ramírez,manuelaospina393@gmail.com,(+57) 308-922-2047,2,96000,WEB,2026-06-21 06:30:00
ft_sal_000069,ft_evt_0027,Camilo Rodriguez,camilo.rodiguez27@outlook.com,+57 312 4606101,2,274000,BOX_OFFICE,2026-07-01 18:30:00
ft_sal_000070,ft_evt_0027,X. Bermúdez,ximenabermudez86@gmail.com,3006466193,2,0,BOX_OFFICE,2026-07-01 07:30:00
ft_sal_000071,ft_evt_0027,Juliana Castro,julianacastro867@outlook.com,+57 312 9157480,2,116000,WEB,2026-06-23 01:30:00
ft_sal_000072,ft_evt_0027,Paula Arango,paulaarango693@outlook.com,,2,114000,WEB,2026-06-20 05:30:00
ft_sal_000073,ft_evt_0027,Salazar Daniel,daniel.salazar208@gmail.com,573284818554,1,60000,WEB,2026-06-25 11:30:00
ft_sal_000074,ft_evt_0018,Alejandro Valencia,alejandro.valencia98@gmail.com,,2,90000,WEB,2026-06-20 10:00:00
ft_sal_000075,ft_evt_0018,Óscar Bermúdez,oscar.bermudez264@hotmail.com,3117907804,2,194000,WEB,2026-06-25 09:00:00
ft_sal_000076,ft_evt_0018,Mariana López Céspedes,mariana.lopez940@yahoo.com,319 906 3399,1,101000,WEB,2026-06-25 13:00:00
ft_sal_000077,ft_evt_0018,Arango Camila,CAMILA.ARANGO45@ICLOUD.COM,+57 308 9578992,4,392000,WEB,2026-06-23 19:00:00
ft_sal_000078,ft_evt_0018,Alejandra López,alejandra.lopez959+boletas@gmail.com,323 904 5275,3,0,WEB,2026-06-27 14:00:00
ft_sal_000079,ft_evt_0018,MARÍA RAMÍREZ,mariaramirez536@outlook.com,(+57) 310-003-2462,1,46000,WEB,2026-06-25 02:00:00
ft_sal_000080,ft_evt_0018,Guerrero Juan,juan.guerrero@yahoo.com,3173666434,2,94000,WEB,2026-06-22 05:00:00
ft_sal_000081,ft_evt_0018,Ximena Castro,ximena.castro475@gmail.com,(+57) 320-176-3839,2,120000,WEB,2026-06-21 00:00:00
ft_sal_000082,ft_evt_0018,Castro Diego,diego.castro@yahoo.com,312 487 4747,4,184000,WEB,2026-06-15 00:00:00
ft_sal_000083,ft_evt_0018,Fabián López,fabian.lopez142@gmail.com,307 350 4701,1,100000,ADMIN,2026-06-26 00:00:00
ft_sal_000084,ft_evt_0018,XIMENA CASTRO,ximena.castro@outlook.com,313 407 8807,2,130000,WEB,2026-06-25 13:00:00
ft_sal_000085,ft_evt_0018,Daniel Bermúdez,danielbermudez341@gmail.com,,1,41000,WEB,2026-06-17 14:00:00
ft_sal_000086,ft_evt_0018,natalia arango,nataliaarango888@outlook.com,+57 329 6606554,1,45000,WEB,2026-06-17 19:00:00
ft_sal_000087,ft_evt_0018,FELIPE BETANCUR,felipebetancur244@gmail.com,573067775431,1,97000,WEB,2026-06-28 03:00:00
ft_sal_000088,ft_evt_0018,Felipe Ospina,felipeospina771@yahoo.com,+57 328 7000940,1,47000,WEB,2026-06-21 01:00:00
ft_sal_000089,ft_evt_0018,Isabella Ramírez,isabellaramirez763@outlook.com,319 115 0731,2,110000,RRPP,2026-06-19 06:00:00
ft_sal_000090,ft_evt_0018,Santiago Bermúdez,santiago.bermudez798@gmail.com,3115512439,1,0,WEB,2026-06-24 19:00:00
ft_sal_000091,ft_evt_0018,daniel zapata,daniel.zapata@yahoo.com,+57 318 2437171,2,90000,WEB,2026-06-27 12:00:00
ft_sal_000092,ft_evt_0018,Paula Salazar,paula.salazar+eventos@gmail.com,3081299030,2,112000,WEB,2026-06-23 13:00:00
ft_sal_000093,ft_evt_0018,Santiago Valencia,santiago.valencia80@gmail.com,,1,59000,WEB,2026-06-28 10:00:00
ft_sal_000094,ft_evt_0018,Sebastian Cifuentes,sebastiancifuentes857@outlook.com,(+57) 324-713-1088,1,59000,WEB,2026-06-29 18:00:00
ft_sal_000095,ft_evt_0018,carlos bermúdez,carlos.bermudez@gmail.com,573087723780,1,44000,WEB,2026-06-10 14:00:00
ft_sal_000096,ft_evt_0018,David Hernández,fabian.cespedes@outlook.com,573285366298,1,45000,WEB,2026-06-29 14:00:00
ft_sal_000097,ft_evt_0018,David Muñoz,davidmunoz131@outlook.com,,1,145000,BOX_OFFICE,2026-07-02 14:00:00
ft_sal_000098,ft_evt_0018,Julián Martínez Restrepo,julianmartinez225@gmail.com,328 601 4985,1,101000,WEB,2026-06-30 18:00:00
ft_sal_000099,ft_evt_0018,Diana Guerrero,diana.guerrero64@icloud.com,573274614581,2,122000,WEB,2026-06-26 16:00:00
ft_sal_000100,ft_evt_0018,Alejandra Céspedes,alejandracespedes816@proton.me,573014851620,6,792000,BOX_OFFICE,2026-07-02 05:00:00
ft_sal_000101,ft_evt_0018,I. Martínez,isabella.martinez16@gmail.com,573296500393,2,96000,WEB,2026-06-21 05:00:00
ft_sal_000102,ft_evt_0018,alejandro quintero,alejandro.quintero93@gmial.com,327 494 3104,2,86000,WEB,2026-06-21 15:00:00
ft_sal_000103,ft_evt_0018,CAMILA MARTÍNEZ,camila.martine69@gmail.com,(+57) 310-133-1824,2,90000,WEB,2026-06-21 15:00:00
ft_sal_000104,ft_evt_0018,FABIÁN JIMÉNEZ,fabian.jimenez@gmail.com,313 612 1808,3,0,BOX_OFFICE,2026-07-02 09:00:00
ft_sal_000105,ft_evt_0018,Paula Arango,paula.arango27+spam@gmail.com,+57 313 0893165,2,186000,WEB,2026-06-18 12:00:00
ft_sal_000106,ft_evt_0018,Miguel Jiménez,migueljimenez772@proton.me,(+57) 310-742-5359,1,47000,WEB,2026-06-29 09:00:00
ft_sal_000107,ft_evt_0018,Manuela Céspedes,manuela.cespedes66@gmail.com,3236639021,3,123000,BOX_OFFICE,2026-07-02 00:00:00
ft_sal_000108,ft_evt_0018,Muñoz Alejandro,alejandromunoz293@gmail.com,3192972500,2,96000,BOX_OFFICE,2026-07-02 03:00:00
ft_sal_000109,ft_evt_0018,Alejandra Cifuentes Suárez,alejandra.cifuentes25@gmail.com,3125447216,1,88000,WEB,2026-06-19 14:00:00
ft_sal_000110,ft_evt_0018,Diego Moreno,diegomoreno460@gmail.com,+57 312 7669834,2,120000,WEB,2026-06-28 03:00:00
ft_sal_000111,ft_evt_0018,Camilo Gomez,camilo.gomez@gmail.com,311 723 0314,1,91000,WEB,2026-06-26 15:00:00
ft_sal_000112,ft_evt_0018,ISABELLA GONZÁLEZ,isabella.gonzalez70@gmail.com,3136824379,2,190000,WEB,2026-06-16 12:00:00
ft_sal_000113,ft_evt_0018,TATIANA SUÁREZ,tatianasuarez804@gmail.com,,3,300000,BOX_OFFICE,2026-07-02 03:00:00
ft_sal_000114,ft_evt_0018,Natalia Bermúdez,natalia.bermudez557@gmail.com,3023992758,1,42000,RRPP,2026-06-17 05:00:00
ft_sal_000115,ft_evt_0018,SANTIAGO MEJÍA,santiago.mejia310@hotmail.com,3280913465,2,172000,WEB,2026-06-22 12:00:00
ft_sal_000116,ft_evt_0018,Valentina Munoz,valentina.munoz@gmail.com,573181088142,1,42000,RRPP,2026-06-26 09:00:00
ft_sal_000117,ft_evt_0018,Daniel Guerrero,daniel.guerrero@outlook.com,,2,122000,WEB,2026-06-16 04:00:00
ft_sal_000118,ft_evt_0018,David Betancur Betancur,davidbetancur263@icloud.com,318 210 8277,1,41000,WEB,2026-06-28 18:00:00
ft_sal_000119,ft_evt_0018,MARIANA VALENCIA,mariana.valencia@hotmial.com,573129739902,2,184000,WEB,2026-06-25 14:00:00
ft_sal_000120,ft_evt_0018,julián cifuentes,julian.cifuentes99@hotmail.com,,4,360000,BOX_OFFICE,2026-07-02 07:00:00
ft_sal_000121,ft_evt_0018,Sebastián Arango,sebastianarango726@gmail.com,,2,276000,WEB,2026-06-26 09:00:00
ft_sal_000122,ft_evt_0018,Juan Quintero,juan.quintero@outlook.com,+57 328 1213924,1,88000,WEB,2026-06-28 14:00:00
ft_sal_000123,ft_evt_0018,Juliana Cespedes,julianacespedes21@gmail.com,573267871694,2,94000,WEB,2026-06-21 15:00:00
ft_sal_000124,ft_evt_0018,diana arango,diana.arango5+compras@gmail.com,573048261677,1,42000,WEB,2026-06-29 08:00:00
ft_sal_000125,ft_evt_0018,Carlos Valencia,carlos.valencia714@gmail.com,+57 326 9249776,1,0,ADMIN,2026-06-20 03:00:00
ft_sal_000126,ft_evt_0018,Nicolás Moreno,nicolas.moreno26+boletas@gmail.com,321 600 5537,1,42000,BOX_OFFICE,2026-07-02 19:00:00
ft_sal_000127,ft_evt_0018,Sara Moreno,sara.moreno8@gmail.com,573000239085,1,136000,WEB,2026-06-22 09:00:00
ft_sal_000128,ft_evt_0018,Carolina Muñoz,carolinamunoz709@yahoo.com,+57 301 7120732,2,278000,WEB,2026-06-24 02:00:00
ft_sal_000129,ft_evt_0018,Mateo Zapata,mateo.zapata33@gmail.com,312 810 9967,3,288000,WEB,2026-06-21 09:00:00
ft_sal_000130,ft_evt_0018,Santiago Rodríguez,santiagorodriguez449@gmail.com,323 371 1376,2,92000,WEB,2026-06-21 16:00:00
ft_sal_000131,ft_evt_0018,L. Jiménez,luisa.jimenez18@hotmail.com,3138358371,1,141000,WEB,2026-06-13 14:00:00
ft_sal_000132,ft_evt_0018,Isabella Moreno,isabella.moreno529+compras@gmail.com,+57 312 6280616,2,88000,WEB,2026-06-19 19:00:00
ft_sal_000133,ft_evt_0018,Daniela Cardenas,daniela.cardenas82@hotmial.com,+57 324 3452960,1,55000,WEB,2026-06-23 16:00:00
ft_sal_000134,ft_evt_0018,Carolina Salazar,carolina.salazar@hotmail.com,+57 320 0204780,1,45000,WEB,2026-06-29 16:00:00
ft_sal_000135,ft_evt_0018,Sara Céspedes,saracespedes236@gmail.com,301 096 3470,1,60000,WEB,2026-06-22 16:00:00
ft_sal_000136,ft_evt_0018,óscar salazar,oscar.salazar@icloud.com,+57 312 3455024,2,116000,WEB,2026-06-11 15:00:00
ft_sal_000137,ft_evt_0018,Carolina Ospina,carolina.ospina269@gmail.com,+57 317 9133802,1,44000,WEB,2026-06-19 20:00:00
ft_sal_000138,ft_evt_0018,Santiago Betancur,santiago.betancur509@gmail.com,(+57) 326-640-6938,1,65000,WEB,2026-06-17 15:00:00
ft_sal_000139,ft_evt_0018,Miguel Suárez,miguel.suarez51@gmial.com,320 488 1673,2,86000,BOX_OFFICE,2026-07-02 03:00:00
ft_sal_000140,ft_evt_0018,felipe hernández,felipe.hernandez528@gmial.com,573280680952,2,86000,WEB,2026-06-15 14:00:00
ft_sal_000141,ft_evt_0018,Carlos Castro,CARLOS.CASTRO@GMAIL.COM,+57 306 0869092,1,43000,WEB,2026-06-27 00:00:00
ft_sal_000142,ft_evt_0018,Ricardo Gómez,ricardo.gomez+compras@gmail.com,573022418973,3,132000,ADMIN,2026-06-20 08:00:00
ft_sal_000143,ft_evt_0018,Miguel Castro,miguel.castro59@hotmail.com,3028873466,2,88000,WEB,2026-06-26 16:00:00
ft_sal_000144,ft_evt_0018,ALEJANDRO QUINTERO,alejandro.quintero@outlook.com,318 452 3188,1,42000,WEB,2026-06-28 13:00:00
ft_sal_000145,ft_evt_0018,María Muñoz,mariamunoz179@hotmail.com,320 554 2929,2,188000,WEB,2026-06-24 02:00:00
ft_sal_000146,ft_evt_0018,Zapata Óscar,oscar.zapata141@gmail.com,(+57) 307-744-1844,1,46000,WEB,2026-06-15 18:00:00
ft_sal_000147,ft_evt_0018,Carolina Hernández,carolina.hernandez+compras@gmail.com,314 760 1575,1,65000,WEB,2026-06-21 09:00:00
ft_sal_000148,ft_evt_0018,Fabián Jiménez,fabian.jimenez467+compras@gmail.com,3290285322,2,78000,WEB,2026-06-21 18:00:00
ft_sal_000149,ft_evt_0018,C. Betancur,carolina.betancur@gmail.com,(+57) 310-421-1571,2,266000,WEB,2026-06-21 11:00:00
ft_sal_000150,ft_evt_0018,Esteban Gómez,esteban.gomez64@yahoo.com,3038209595,1,0,RRPP,2026-06-27 16:00:00
ft_sal_000151,ft_evt_0018,Santiago Guerrero Restrepo,santiagoguerrero527@gmail.com,,2,184000,BOX_OFFICE,2026-07-02 17:00:00
ft_sal_000152,ft_evt_0018,Camilo Vargas,camilo.vargas861@hotmail.com,(+57) 319-760-8920,3,267000,WEB,2026-06-15 11:00:00
ft_sal_000153,ft_evt_0018,isabella gómez,isabella.gomez38@gmail.com,3078177267,1,93000,WEB,2026-06-24 01:00:00
ft_sal_000154,ft_evt_0018,Ricardo Jiménez,ricardo.jimenez235@gmail.com,3205699919,3,138000,WEB,2026-06-23 17:00:00
ft_sal_000155,ft_evt_0018,L. Salazar,luisa.salazar@gmail.com,3251759840,2,82000,WEB,2026-06-19 13:00:00
ft_sal_000156,ft_evt_0018,Catalina Muñoz Martínez,catalina.munoz@gmail.com,306 828 7625,3,279000,WEB,2026-06-16 01:00:00
ft_sal_000157,ft_evt_0018,Santiago Cárdenas,santiago.cardenas201@gmail.com,(+57) 324-767-7557,6,852000,WEB,2026-06-13 12:00:00
ft_sal_000158,ft_evt_0018,XIMENA VARGAS,oscar.betancur382@gmail.com,3193011189,1,92000,WEB,2026-06-25 14:00:00
ft_sal_000159,ft_evt_0018,Juan Mejía,juanmejia693@gmail.com,(+57) 323-236-7748,2,90000,WEB,2026-06-23 08:00:00
ft_sal_000160,ft_evt_0018,Manuela Ospina,manuela.ospina42@gmail.com,(+57) 312-051-7290,6,588000,WEB,2026-06-22 06:00:00
ft_sal_000161,ft_evt_0018,Peña Cristian,cristian.pena54+spam@gmail.com,3041825489,2,82000,WEB,2026-06-29 02:00:00
ft_sal_000162,ft_evt_0018,Salazar Camilo,camilo.salaar@gmail.com,+57 310 4952667,2,182000,BOX_OFFICE,2026-07-02 07:00:00
ft_sal_000163,ft_evt_0018,Ximena Cárdenas,ximena.cardenas+eventos@gmail.com,+57 305 5770215,1,103000,WEB,2026-06-24 16:00:00
ft_sal_000164,ft_evt_0018,Santiago Castro Moreno,santiago.castro93@outlook.com,3197548742,1,126000,WEB,2026-06-26 19:00:00
ft_sal_000165,ft_evt_0018,Ricardo Rodríguez,ricardo.rodriguez@hotmail.com,302 045 9572,2,114000,WEB,2026-06-21 03:00:00
ft_sal_000166,ft_evt_0018,Esteban Castro Restrepo,esteban.castro@gmial.com,3269574140,2,88000,BOX_OFFICE,2026-07-02 00:00:00
ft_sal_000167,ft_evt_0018,Sebastián Bermúdez,sebastian.bermudez343@gmail.com,3096058385,2,0,ADMIN,2026-06-18 08:00:00
ft_sal_000168,ft_evt_0018,Camila Suárez,CAMILA.SUAREZ@OUTLOOK.COM,(+57) 315-014-4564,1,57000,WEB,2026-06-29 18:00:00
ft_sal_000169,ft_evt_0018,Miguel Restrepo,miguel.restrepo73@yahoo.com,(+57) 303-223-4459,1,46000,BOX_OFFICE,2026-07-02 16:00:00
ft_sal_000170,ft_evt_0018,Arango Luisa,luisa.arango4@gmail.com,321 133 2513,4,180000,WEB,2026-06-20 01:00:00
ft_sal_000171,ft_evt_0018,I. Rojas,isabellarojas889@gmail.com,322 079 6949,6,540000,WEB,2026-06-23 08:00:00
ft_sal_000172,ft_evt_0018,Felipe Mejía,felipe.mejia90@yahoo.com,+57 304 7799462,3,177000,WEB,2026-06-23 02:00:00
ft_sal_000173,ft_evt_0018,Restrepo David,andrea.lopez256@gmail.com,573044232426,1,157000,WEB,2026-06-24 08:00:00
ft_sal_000174,ft_evt_0018,Catalina Valencia,andres.vargas428@gmail.com,319 426 9334,1,63000,WEB,2026-06-27 16:00:00
ft_sal_000175,ft_evt_0018,J. Suárez,juansuarez511@gmail.com,,2,200000,WEB,2026-06-27 03:00:00
ft_sal_000176,ft_evt_0018,Natalia Restrepo,natalia.restrepo9@gmail.com,3097001611,1,149000,WEB,2026-06-16 18:00:00
ft_sal_000177,ft_evt_0018,Camila Jiménez Arango,camilajimenez520@yahoo.com,300 630 2563,2,90000,ADMIN,2026-06-18 04:00:00
ft_sal_000178,ft_evt_0001,David Ospina,david.ospina932@gmial.com,308 780 2058,2,190000,ADMIN,2026-06-22 18:00:00
ft_sal_000179,ft_evt_0001,Mariana Jiménez,mariana.jimenez504@gmail.com,(+57) 326-563-0561,3,150000,WEB,2026-07-01 12:00:00
ft_sal_000180,ft_evt_0001,Felipe Betancur,feipe.betancur6@outlook.com,+57 322 0796714,1,46000,BOX_OFFICE,2026-07-03 02:00:00
ft_sal_000181,ft_evt_0001,Paula González,paula.gonzalez@yahoo.com,(+57) 323-633-3006,4,244000,WEB,2026-06-18 00:00:00
ft_sal_000182,ft_evt_0001,Óscar Ortiz Betancur,carlos.rojas410@icloud.com,+57 310 6568286,2,262000,RRPP,2026-06-25 06:00:00
ft_sal_000183,ft_evt_0001,Ramírez Luisa,luisa.ramirez91@icloud.com,(+57) 318-689-9199,2,92000,WEB,2026-06-27 11:00:00
ft_sal_000184,ft_evt_0001,Carolina Peña Céspedes,carolinapena29@hotmail.com,573065591697,1,56000,WEB,2026-06-25 17:00:00
ft_sal_000185,ft_evt_0001,María Ortiz,mariaortiz291@gmail.com,573249294448,3,141000,WEB,2026-06-27 00:00:00
ft_sal_000186,ft_evt_0001,Alejandro Castro,alejandro.castro460@hotmail.com,(+57) 329-901-2759,2,112000,WEB,2026-06-23 12:00:00
ft_sal_000187,ft_evt_0001,Luisa Arango,LUISA.ARANGO@GMAIL.COM,+57 308 5167743,4,364000,WEB,2026-06-23 06:00:00
ft_sal_000188,ft_evt_0001,JULIÁN JIMÉNEZ,julianjimenez192@gmail.com,321 205 6972,2,176000,BOX_OFFICE,2026-07-03 16:00:00
ft_sal_000189,ft_evt_0001,santiago gómez,santiagogomez436@hotmail.com,323 497 6029,2,88000,WEB,2026-06-24 05:00:00
ft_sal_000190,ft_evt_0001,Suárez Isabella,isabella.suarez76@hotmail.com,(+57) 317-607-1464,2,90000,BOX_OFFICE,2026-07-03 17:00:00
ft_sal_000191,ft_evt_0001,Carlos Cespedes,carloscespedes501@gmail.com,+57 313 4412687,2,0,BOX_OFFICE,2026-07-03 02:00:00
ft_sal_000192,ft_evt_0001,Andrea Cardenas,andreacardenas82@gmail.com,(+57) 305-502-3407,2,118000,WEB,2026-06-26 15:00:00
ft_sal_000193,ft_evt_0001,Andres Jimenez,andresjimenez527@outlook.com,+57 317 8047388,1,123000,BOX_OFFICE,2026-07-03 05:00:00
ft_sal_000194,ft_evt_0001,Santiago Ramírez,santiago.ramirez525@hotmail.com,3144237937,1,136000,BOX_OFFICE,2026-07-03 00:00:00
ft_sal_000195,ft_evt_0001,Valentina Gómez,valentina.gomez70@gmail.com,573117944929,4,180000,WEB,2026-06-28 05:00:00
ft_sal_000196,ft_evt_0001,ricardo lópez,ricardo.lopez+eventos@yahoo.com,573192308617,1,133000,WEB,2026-06-23 14:00:00
ft_sal_000197,ft_evt_0001,Miguel Quintero,miguelquintero861@hotmail.com,573108480309,2,188000,WEB,2026-06-09 15:00:00
ft_sal_000198,ft_evt_0001,D. Cárdenas,dianacardenas340@gmail.com,316 659 9293,6,372000,BOX_OFFICE,2026-07-03 20:00:00
ft_sal_000199,ft_evt_0001,David Salazar,isabella.gomez@hotmail.com,3265246478,2,112000,WEB,2026-06-23 06:00:00
ft_sal_000200,ft_evt_0001,JULIANA ARANGO,juliana.arango777@gmial.com,573095587364,1,96000,WEB,2026-06-24 10:00:00
ft_sal_000201,ft_evt_0001,Diana Castro,dina.castro@gmail.com,573061614544,6,324000,WEB,2026-06-22 20:00:00
ft_sal_000202,ft_evt_0001,Valentina Jiménez,valentinajimenez613@gmail.com,+57 312 6579471,4,196000,WEB,2026-06-23 13:00:00
ft_sal_000203,ft_evt_0001,Diana Mejía,diana.mejia@hotmail.com,+57 311 1597663,4,228000,WEB,2026-06-18 20:00:00
ft_sal_000204,ft_evt_0001,Ximena Rodríguez,ximena.rodriguez@hotmial.com,327 281 2875,3,171000,RRPP,2026-06-26 10:00:00
ft_sal_000205,ft_evt_0001,ISABELLA PEÑA,isabellapena536@gmail.com,+57 319 1730591,1,45000,WEB,2026-06-28 10:00:00
ft_sal_000206,ft_evt_0001,Diana Lopez,dianalopez628@gmail.com,(+57) 312-930-8095,2,128000,WEB,2026-06-24 03:00:00
ft_sal_000207,ft_evt_0001,Natalia Ramírez,NATALIA.RAMIREZ@YAHOO.COM,320 472 3955,2,118000,WEB,2026-06-24 20:00:00
ft_sal_000208,ft_evt_0001,Julián Castro,julian.castro503@gmail.com,3188102458,1,43000,WEB,2026-06-26 17:00:00
ft_sal_000209,ft_evt_0001,Mariana Restrepo Castro,laura.cespedes34@gmail.com,(+57) 325-647-4796,1,60000,ADMIN,2026-06-21 00:00:00
ft_sal_000210,ft_evt_0001,Paula Jiménez,paula.jimenez@outlok.com,573098564053,4,356000,WEB,2026-06-15 14:00:00
ft_sal_000211,ft_evt_0001,Valentina Jiménez,valentina.jimenez@gmail.com,573114817035,1,44000,WEB,2026-06-19 06:00:00
ft_sal_000212,ft_evt_0001,C. Valencia,cristianvalencia946@gmail.com,,1,0,ADMIN,2026-06-20 04:00:00
ft_sal_000213,ft_evt_0001,Laura Gómez Jiménez,laura.gomez556@gmail.com,(+57) 314-886-0692,3,135000,WEB,2026-06-24 17:00:00
ft_sal_000214,ft_evt_0001,Esteban González,estebangonzalez481@gmail.com,303 505 7740,2,88000,WEB,2026-06-15 02:00:00
ft_sal_000215,ft_evt_0001,Natalia Rojas,natalia.rojas731@gmail.com,573253142095,1,100000,WEB,2026-06-26 03:00:00
ft_sal_000216,ft_evt_0001,Fabián Jiménez,fabian.jimenez835+spam@gmail.com,300 563 8266,4,548000,ADMIN,2026-06-24 12:00:00
ft_sal_000217,ft_evt_0001,Daniel Ramirez,daniel.ramirez72@hotmail.com,325 975 8716,3,138000,WEB,2026-06-19 19:00:00
ft_sal_000218,ft_evt_0001,Santiago Hernandez,santiago.hernandez@outlook.com,(+57) 304-025-9336,1,139000,ADMIN,2026-06-23 10:00:00
ft_sal_000219,ft_evt_0001,Juan Ortiz,juan.otiz671@gmail.com,(+57) 307-119-2404,2,92000,WEB,2026-06-22 00:00:00
ft_sal_000220,ft_evt_0001,Esteban Suárez,esteban.suarez497@gmail.com,329 336 6241,1,96000,WEB,2026-06-20 10:00:00
ft_sal_000221,ft_evt_0001,Nicolás Bermúdez,nicolasbermudez62@outlook.com,3116713621,1,143000,BOX_OFFICE,2026-07-03 19:00:00
ft_sal_000222,ft_evt_0001,Diana Céspedes,diana.cespedes@gmial.com,3234746987,1,63000,WEB,2026-06-24 19:00:00
ft_sal_000223,ft_evt_0001,Camila Ospina,camila.ospina831@gmail.com,+57 328 8626995,1,89000,WEB,2026-06-26 01:00:00
ft_sal_000224,ft_evt_0001,Natalia Peña,natalia.pena@gmail.com,573124004370,1,47000,WEB,2026-06-21 15:00:00
ft_sal_000225,ft_evt_0001,Carlos Suárez,carlos.suare363@gmail.com,573033301029,1,56000,WEB,2026-06-28 09:00:00
ft_sal_000226,ft_evt_0001,Santiago Céspedes Jiménez,santiagocespedes403@gmail.com,3014914701,4,176000,WEB,2026-06-25 00:00:00
ft_sal_000227,ft_evt_0001,Luisa Salazar Jiménez,luisa.salazar72@hotmail.com,324 862 6428,4,600000,WEB,2026-06-19 20:00:00
ft_sal_000228,ft_evt_0001,Juliana Mejía,juliana.mejia+spam@outlook.com,3187996078,2,190000,BOX_OFFICE,2026-07-03 12:00:00
ft_sal_000229,ft_evt_0001,Óscar Ortiz Jiménez,oscarortiz944@gmail.com,(+57) 322-050-3406,1,58000,WEB,2026-06-27 17:00:00
ft_sal_000230,ft_evt_0001,Camilo Cárdenas Vargas,camilocardenas244@yahoo.com,573014602352,1,90000,WEB,2026-06-19 06:00:00
ft_sal_000231,ft_evt_0001,Catalina Cifuentes,catalinacifuentes564@gmail.com,3041292102,2,126000,WEB,2026-06-24 11:00:00
ft_sal_000232,ft_evt_0001,Fabián González,fabian.gonzalez44@gmail.com,+57 303 2354343,1,43000,WEB,2026-06-24 12:00:00
ft_sal_000233,ft_evt_0001,Nicolas Cifuentes,nicolascifuentes883@outlook.com,3284626858,2,114000,WEB,2026-06-25 13:00:00
ft_sal_000234,ft_evt_0001,Vargas Daniela,danielavargas562@outlook.com,329 983 8935,2,198000,BOX_OFFICE,2026-07-03 14:00:00
ft_sal_000235,ft_evt_0001,Daniel Cárdenas Moreno,daniel.cardenas861@gmail.com,3244272355,1,62000,WEB,2026-06-19 02:00:00
ft_sal_000236,ft_evt_0001,Diego Vargas Jiménez,diegovargas321@gmail.com,+57 309 0592004,6,276000,WEB,2026-06-18 06:00:00
ft_sal_000237,ft_evt_0001,valentina arango,valentina.arango@hotmail.com,(+57) 308-692-7628,2,272000,WEB,2026-06-18 19:00:00
ft_sal_000238,ft_evt_0001,Cristian Rojas,cristian.rojas54@hotmail.com,3233510953,1,145000,WEB,2026-06-24 08:00:00
ft_sal_000239,ft_evt_0001,julián moreno,diego.cifuentes805@gmail.com,,6,0,WEB,2026-06-25 13:00:00
ft_sal_000240,ft_evt_0001,Andres Ortiz,andres.ortiz23@hotmail.com,306 810 4493,4,164000,WEB,2026-06-23 14:00:00
ft_sal_000241,ft_evt_0001,Guerrero Esteban,esteban.guerrero83+boletas@hotmail.com,+57 314 3460125,6,270000,WEB,2026-06-27 18:00:00
ft_sal_000242,ft_evt_0001,laura gómez,lauragomez627@gmail.com,(+57) 310-598-6608,2,94000,WEB,2026-06-24 00:00:00
ft_sal_000243,ft_evt_0001,Miguel Suarez,miguelsuarez144@gmail.com,302 266 6568,1,93000,BOX_OFFICE,2026-07-03 03:00:00
ft_sal_000244,ft_evt_0001,Miguel González,miguelgonzalez443@gmail.com,,1,64000,WEB,2026-06-21 15:00:00
ft_sal_000245,ft_evt_0001,Mateo Gonzalez,mateogonzalez937@outlook.com,3186889519,2,108000,BOX_OFFICE,2026-07-03 07:00:00
ft_sal_000246,ft_evt_0001,M. Valencia,mateo.valencia341@gmail.com,,1,65000,ADMIN,2026-06-26 15:00:00
ft_sal_000247,ft_evt_0001,Miguel Ramírez,miguelramirez96@gmail.com,573227085940,4,172000,WEB,2026-06-24 04:00:00
ft_sal_000248,ft_evt_0001,C. Hernández,carloshernandez955@hotmail.com,573087694019,2,116000,WEB,2026-06-22 05:00:00
ft_sal_000249,ft_evt_0001,Ximena Jimenez,ximena.jimenez37@gmail.com,305 024 3556,1,61000,WEB,2026-06-24 17:00:00
ft_sal_000250,ft_evt_0001,Laura Valencia,laura.valencia@gmail.com,313 204 9426,4,556000,WEB,2026-06-22 20:00:00
ft_sal_000251,ft_evt_0001,Juan Vargas Guerrero,juan.vrgas10@icloud.com,+57 310 3886592,1,61000,WEB,2026-06-22 16:00:00
ft_sal_000252,ft_evt_0001,Andrea Gómez,andreagomez771@outlook.com,309 539 8551,4,252000,WEB,2026-06-22 05:00:00
ft_sal_000253,ft_evt_0001,Sara Suarez,sara.suarez72+spam@gmail.com,573144317897,2,184000,WEB,2026-06-21 15:00:00
ft_sal_000254,ft_evt_0001,C. Martínez,camila.martinez20@gmail.com,320 280 9878,3,0,BOX_OFFICE,2026-07-03 09:00:00
ft_sal_000255,ft_evt_0001,Nicolás Valencia,nicolasvalencia39@gmail.com,+57 300 6246873,2,0,BOX_OFFICE,2026-07-03 00:00:00
ft_sal_000256,ft_evt_0001,Andrea Céspedes,andrea.cespedes@hotmail.com,+57 317 4680538,2,116000,RRPP,2026-06-23 02:00:00
ft_sal_000257,ft_evt_0001,Óscar Ospina,oscarospina497@gmail.com,3027618373,1,93000,BOX_OFFICE,2026-07-03 11:00:00
ft_sal_000258,ft_evt_0001,Julián Ospina,julian.ospina688@gmail.com,327 836 7472,4,244000,ADMIN,2026-06-23 17:00:00
ft_sal_000259,ft_evt_0001,Andrea López,andrealopez281@gmail.com,3115271389,3,138000,WEB,2026-06-26 15:00:00
ft_sal_000260,ft_evt_0001,juliana gonzález,juliana.gonzalez68@proton.me,306 735 3372,1,60000,BOX_OFFICE,2026-07-03 11:00:00
ft_sal_000261,ft_evt_0001,Mateo Quintero,mateoquintero875@icloud.com,3017912619,1,58000,RRPP,2026-06-14 19:00:00
ft_sal_000262,ft_evt_0001,Vargas Sebastián,sebastian.vargas328@gmail.com,3236500614,2,274000,WEB,2026-06-27 08:00:00
ft_sal_000263,ft_evt_0001,Ximena Mejía,ximenamejia870@hotmail.com,+57 320 7183944,1,96000,WEB,2026-06-18 05:00:00
ft_sal_000264,ft_evt_0001,López Carlos,carloslopez771@gmail.com,573120992316,1,59000,WEB,2026-06-24 07:00:00
ft_sal_000265,ft_evt_0001,sebastián salazar,sebastian.salazar653@gmail.com,(+57) 301-796-1851,1,63000,WEB,2026-06-29 04:00:00
ft_sal_000266,ft_evt_0001,DANIELA QUINTERO,danielaquintero182@gmail.com,309 005 6932,1,46000,WEB,2026-06-28 04:00:00
ft_sal_000267,ft_evt_0001,Rojas Mateo,MATEO.ROJAS303@GMAIL.COM,3176845921,1,47000,WEB,2026-06-28 08:00:00
ft_sal_000268,ft_evt_0001,S. Valencia,santiago.valencia@hotmail.com,3216348615,3,138000,WEB,2026-06-16 04:00:00
ft_sal_000269,ft_evt_0001,Ramírez Alejandro,alejandroramirez645@gmail.com,,2,116000,BOX_OFFICE,2026-07-03 04:00:00
ft_sal_000270,ft_evt_0001,Carlos González,carlos.gonzalez373@gmail.com,,2,192000,WEB,2026-07-02 05:00:00
ft_sal_000271,ft_evt_0001,Sebastián Céspedes Rojas,sebastian.cespedes@outlook.com,,1,54000,WEB,2026-06-25 02:00:00
ft_sal_000272,ft_evt_0001,ANDRÉS CIFUENTES,andres.cifuentes25@gmial.com,,4,396000,WEB,2026-06-28 01:00:00
ft_sal_000273,ft_evt_0001,Fabián Restrepo,fabian.restrepo90+boletas@gmail.com,+57 314 1203156,1,63000,BOX_OFFICE,2026-07-03 05:00:00
ft_sal_000274,ft_evt_0001,Cristian Vargas,cristian.vargas85@gmail.com,329 361 5637,1,45000,WEB,2026-06-18 04:00:00
ft_sal_000275,ft_evt_0001,F. Ospina,felipe.spina@gmail.com,(+57) 313-910-3618,3,138000,WEB,2026-06-21 02:00:00
ft_sal_000276,ft_evt_0001,Carolina Arango,carolna.arango78@gmail.com,3053418333,2,0,WEB,2026-06-17 06:00:00
ft_sal_000277,ft_evt_0001,Camila Moreno,camila.moreno5@hotmail.com,+57 324 0570739,1,44000,WEB,2026-06-24 01:00:00
ft_sal_000278,ft_evt_0001,TATIANA JIMÉNEZ,tatianajimenez409@gmail.com,329 650 0724,2,124000,WEB,2026-06-22 17:00:00
ft_sal_000279,ft_evt_0036,Camila Restrepo,camilarestrepo768@gmail.com,573164587258,4,180000,WEB,2026-06-30 04:00:00
ft_sal_000280,ft_evt_0036,Ospina Diana,dianaospina937@gmail.com,(+57) 306-587-3092,1,46000,WEB,2026-06-25 04:00:00
ft_sal_000281,ft_evt_0036,carolina betancur,carolinabetancur224@gmail.com,3072941804,3,132000,WEB,2026-06-17 16:00:00
ft_sal_000282,ft_evt_0036,ISABELLA RESTREPO,isabella.restrepo17@gmail.com,3199947609,1,63000,WEB,2026-07-03 04:00:00
ft_sal_000283,ft_evt_0036,Daniela Mejía Betancur,danielamejia37@gmail.com,+57 300 0163690,2,178000,WEB,2026-06-22 09:00:00
ft_sal_000284,ft_evt_0036,Ximena Salazar Vargas,ximenasalazar858@icloud.com,+57 311 5920334,1,46000,BOX_OFFICE,2026-07-04 08:00:00
ft_sal_000285,ft_evt_0036,Tatiana Suárez Salazar,tatianasuarez246@gmail.com,(+57) 314-929-3107,3,141000,WEB,2026-06-21 11:00:00
ft_sal_000286,ft_evt_0036,Valentina Peña,valentinapena575@hotmail.com,573201510512,3,138000,WEB,2026-06-24 06:00:00
ft_sal_000287,ft_evt_0036,Natalia Valencia,nataliavalencia254@gmail.com,3245517832,1,57000,BOX_OFFICE,2026-07-04 17:00:00
ft_sal_000288,ft_evt_0036,Óscar González,oscargonzalez591@gmail.com,+57 316 2471854,2,86000,WEB,2026-06-22 19:00:00
ft_sal_000289,ft_evt_0036,Fabián Suárez,fabiansuarez46@gmail.com,(+57) 302-949-9121,6,258000,WEB,2026-06-25 00:00:00
ft_sal_000290,ft_evt_0036,ALEJANDRO PEÑA,alejandro.pena869@gmial.com,3079475929,1,47000,ADMIN,2026-06-29 19:00:00
ft_sal_000291,ft_evt_0036,Andres Betancur,andresbetancur373@hotmail.com,,2,184000,WEB,2026-06-16 00:00:00
ft_sal_000292,ft_evt_0036,Sebastián Cárdenas,sebastiancardenas189@gmail.com,,1,44000,WEB,2026-06-11 05:00:00
ft_sal_000293,ft_evt_0036,D. Peña,diegopena722@gmail.com,3253268550,2,0,WEB,2026-06-22 11:00:00
ft_sal_000294,ft_evt_0036,Cristian Ortiz,cristian.ortiz@hotmail.com,+57 313 2518464,3,432000,WEB,2026-06-29 15:00:00
ft_sal_000295,ft_evt_0036,FABIÁN ZAPATA,daniela.munoz483@gmail.com,573283056163,1,62000,WEB,2026-06-23 15:00:00
ft_sal_000296,ft_evt_0036,Laura Muñoz,lauramunoz887@gmail.com,+57 310 9165180,1,57000,WEB,2026-06-22 19:00:00
ft_sal_000297,ft_evt_0036,XIMENA RESTREPO,ximenarestrepo133@gmail.com,(+57) 307-813-4955,3,198000,WEB,2026-06-19 11:00:00
ft_sal_000298,ft_evt_0036,Juan Arango Rojas,juan.arango488+compras@gmail.com,324 928 0733,2,124000,BOX_OFFICE,2026-07-04 11:00:00
ft_sal_000299,ft_evt_0036,Andrea Jiménez,andreajimenez435@gmail.com,(+57) 317-416-3449,2,108000,WEB,2026-06-24 14:00:00
ft_sal_000300,ft_evt_0036,Andrea Ramírez,andrearamirez294@icloud.com,573172748264,3,135000,WEB,2026-06-18 05:00:00
ft_sal_000301,ft_evt_0036,laura gonzález,laura.gonzalez49@gmail.com,3164984546,2,120000,WEB,2026-06-27 13:00:00
ft_sal_000302,ft_evt_0036,Cristian Zapata,CRISTIAN.ZAPATA@GMAIL.COM,573144214405,1,62000,WEB,2026-06-21 20:00:00
ft_sal_000303,ft_evt_0036,C. Salazar,camila.salazar69@hotmail.com,3228762900,1,0,WEB,2026-06-30 20:00:00
ft_sal_000304,ft_evt_0036,XIMENA RESTREPO,XIMENA.RESTREPO@GMAIL.COM,3038950799,2,116000,WEB,2026-06-25 09:00:00
ft_sal_000305,ft_evt_0036,Diego Rodríguez,diegorodriguez476@gmail.com,573158744480,1,100000,WEB,2026-06-25 17:00:00
ft_sal_000306,ft_evt_0036,Carolina Cifuentes,carolinacifuentes613@gmail.com,573252240141,2,106000,WEB,2026-06-25 06:00:00
ft_sal_000307,ft_evt_0036,Isabella Vargas,isabella.vargas+spam@icloud.com,+57 329 5962134,4,232000,BOX_OFFICE,2026-07-04 14:00:00
ft_sal_000308,ft_evt_0036,Sara Ospina,sara.ospina19@gmail.com,+57 304 0268651,2,196000,WEB,2026-06-27 04:00:00
ft_sal_000309,ft_evt_0036,Juliana Valencia,juliana.valencia68@gmail.com,3217626314,1,44000,WEB,2026-06-25 07:00:00
ft_sal_000310,ft_evt_0036,SARA ROJAS,sararojas150@outlook.com,309 019 0295,1,140000,WEB,2026-06-24 06:00:00
ft_sal_000311,ft_evt_0036,carolina zapata,carolinazapata492@gmail.com,310 107 3852,3,144000,ADMIN,2026-06-21 18:00:00
ft_sal_000312,ft_evt_0036,Tatiana Cárdenas,tatianacardenas682@gmail.com,316 944 0296,4,0,WEB,2026-07-01 14:00:00
ft_sal_000313,ft_evt_0036,MARÍA MEJÍA,maria.mejia45@gmail.com,573242037263,1,45000,BOX_OFFICE,2026-07-04 20:00:00
ft_sal_000314,ft_evt_0036,Carlos Ospina,carlos.gonzalez@gmail.com,(+57) 313-771-6808,1,152000,WEB,2026-06-29 07:00:00
ft_sal_000315,ft_evt_0036,Carlos Quintero,carlos.quintero131@gmail.com,573030144852,2,92000,ADMIN,2026-06-26 04:00:00
ft_sal_000316,ft_evt_0036,Andrés Ortiz,andresortiz814@hotmail.com,+57 322 4476047,1,94000,WEB,2026-06-25 18:00:00
ft_sal_000317,ft_evt_0036,Mateo Jiménez,mateo.imenez@gmail.com,(+57) 303-937-4251,2,0,WEB,2026-06-28 17:00:00
ft_sal_000318,ft_evt_0036,C. Céspedes,camilo.cespedes66@yahoo.com,573232806843,2,86000,WEB,2026-06-23 13:00:00
ft_sal_000319,ft_evt_0036,Diana Moreno Ortiz,diana.moreno@gmail.com,3123523667,1,63000,BOX_OFFICE,2026-07-04 04:00:00
ft_sal_000320,ft_evt_0036,Esteban Betancur,estebanbetancur524@gmail.com,,2,118000,WEB,2026-06-25 12:00:00
ft_sal_000321,ft_evt_0036,Catalina Gomez,catalina.gomz@proton.me,573264516558,1,62000,BOX_OFFICE,2026-07-04 01:00:00
ft_sal_000322,ft_evt_0036,Camila Arango,camilaarango241@yahoo.com,+57 307 9619395,1,140000,WEB,2026-06-28 05:00:00
ft_sal_000323,ft_evt_0036,Sebastián Hernández,ricardo.restrepo@hotmail.com,312 140 3341,1,43000,WEB,2026-06-28 02:00:00
ft_sal_000324,ft_evt_0036,Natalia Restrepo,nataliarestrepo931@gmail.com,(+57) 305-552-0224,1,0,WEB,2026-06-19 15:00:00
ft_sal_000325,ft_evt_0036,Tatiana Gómez,tatianagomez760@gmail.com,,2,120000,WEB,2026-06-22 06:00:00
ft_sal_000326,ft_evt_0036,NATALIA MEJÍA,natalia.mejia@gmial.com,3281219120,1,42000,WEB,2026-06-15 17:00:00
ft_sal_000327,ft_evt_0036,Andres Zapata,andreszapata318@gmail.com,309 084 2691,6,258000,BOX_OFFICE,2026-07-04 04:00:00
ft_sal_000328,ft_evt_0036,Diego Muñoz,dego.munoz@icloud.com,(+57) 312-326-2263,1,45000,WEB,2026-06-25 04:00:00
ft_sal_000329,ft_evt_0036,Nicolás Arango,nicolasarango461@gmail.com,3215712108,1,95000,WEB,2026-06-24 04:00:00
ft_sal_000330,ft_evt_0036,Cifuentes Ricardo,ricardo.cifuentes@gmail.com,(+57) 324-113-3931,2,130000,WEB,2026-06-30 03:00:00
ft_sal_000331,ft_evt_0036,Santiago Rojas,santiag.rojas62@gmail.com,573174323300,2,192000,WEB,2026-06-26 15:00:00
ft_sal_000332,ft_evt_0036,JULIÁN CASTRO,juliancastro742@gmail.com,315 387 8263,2,84000,WEB,2026-07-02 09:00:00
ft_sal_000333,ft_evt_0036,Andrea Gómez,andrea.gomez+boletas@hotmail.com,+57 322 3073397,2,184000,WEB,2026-06-25 16:00:00
ft_sal_000334,ft_evt_0036,Ospina Paula,paula.ospina@gmail.com,573144988025,1,45000,BOX_OFFICE,2026-07-04 13:00:00
ft_sal_000335,ft_evt_0036,DIANA SALAZAR,diana.salazar@gmail.com,(+57) 315-481-3922,1,44000,WEB,2026-06-29 04:00:00
ft_sal_000336,ft_evt_0036,isabella ramírez,isabellaramirez333@gmail.com,573264309379,1,48000,WEB,2026-06-30 05:00:00
ft_sal_000337,ft_evt_0036,Alejandra Bermúdez,alejandrabermudez756@yahoo.com,3009830335,2,102000,WEB,2026-06-23 06:00:00
ft_sal_000338,ft_evt_0036,alejandro cárdenas,alejandro.cardenas505@hotmail.com,573052297604,2,192000,WEB,2026-06-17 18:00:00
ft_sal_000339,ft_evt_0036,sebastián castro,sebastiancastro902@gmail.com,,2,268000,WEB,2026-06-23 03:00:00
ft_sal_000340,ft_evt_0036,Valentina Ramírez Betancur,valentinaramirez88@hotmail.com,(+57) 325-330-0002,2,94000,WEB,2026-06-23 11:00:00
ft_sal_000341,ft_evt_0036,Laura Muñoz,lauramunoz105@gmail.com,307 168 0589,1,95000,WEB,2026-06-27 14:00:00
ft_sal_000342,ft_evt_0036,Óscar Peña,oscarpena153@gmail.com,+57 323 2090255,1,46000,WEB,2026-06-24 13:00:00
ft_sal_000343,ft_evt_0036,Nicolás Rodríguez,nicolasrodriguez487@gmail.com,+57 312 5913955,4,348000,ADMIN,2026-06-12 14:00:00
ft_sal_000344,ft_evt_0036,Alejandra Zapata,alejandrazapata788@icloud.com,3280515535,2,122000,ADMIN,2026-06-26 01:00:00
ft_sal_000345,ft_evt_0036,natalia guerrero,nataliaguerrero425@proton.me,,1,45000,WEB,2026-06-20 01:00:00
ft_sal_000346,ft_evt_0036,Andrea Rodríguez,andrearodriguez196@hotmail.com,573186879355,1,46000,WEB,2026-06-29 11:00:00
ft_sal_000347,ft_evt_0036,Juan Betancur,juanbetancur685@hotmail.com,573084761038,3,291000,WEB,2026-06-27 13:00:00
ft_sal_000348,ft_evt_0036,L. Guerrero,lauraguerrero462@proton.me,573058064410,1,43000,BOX_OFFICE,2026-07-04 03:00:00
ft_sal_000349,ft_evt_0036,Céspedes Juan,juan.cespedes28@gmail.com,573189754711,4,176000,WEB,2026-07-02 08:00:00
ft_sal_000350,ft_evt_0036,CRISTIAN RESTREPO,cristianrestrepo735@gmail.com,310 701 2613,1,89000,WEB,2026-06-25 11:00:00
ft_sal_000351,ft_evt_0036,Miguel Cárdenas,miuel.cardenas@proton.me,573269718375,1,0,WEB,2026-06-27 17:00:00
ft_sal_000352,ft_evt_0036,Paula Arango,paulaarango677@gmail.com,318 631 2133,2,86000,WEB,2026-06-24 08:00:00
ft_sal_000353,ft_evt_0036,Cristian Céspedes,cristian.cespedes602@gmial.com,(+57) 327-848-5105,2,100000,WEB,2026-06-15 14:00:00
ft_sal_000354,ft_evt_0036,Camilo Ortiz,camilo.ortiz@gmail.com,313 105 7796,1,57000,WEB,2026-06-22 00:00:00
ft_sal_000355,ft_evt_0036,Andrés Jiménez,andres.jimenez+compras@hotmail.com,+57 329 0314081,1,59000,WEB,2026-06-29 05:00:00
ft_sal_000356,ft_evt_0036,Óscar Ortiz,oscar.ortiz@hotmail.com,3106568286,2,0,WEB,2026-06-24 16:00:00
ft_sal_000357,ft_evt_0036,Camilo Guerrero,camiloguerrero57@gmail.com,+57 329 9876101,1,64000,WEB,2026-06-29 13:00:00
ft_sal_000358,ft_evt_0010,David Céspedes,davidcespedes812@gmail.com,3030373296,1,103000,WEB,2026-06-23 09:00:00
ft_sal_000359,ft_evt_0010,Daniel Rojas,daniel.rojas45@gmail.com,3056083529,1,0,BOX_OFFICE,2026-07-07 10:00:00
ft_sal_000360,ft_evt_0010,E. Jiménez,ESTEBAN.JIMENEZ7@YAHOO.COM,3291833748,2,184000,WEB,2026-07-03 00:00:00
ft_sal_000361,ft_evt_0010,Cristian Cifuentes,cristian.cifuentes490@gmail.com,305 212 9855,2,86000,WEB,2026-06-30 14:00:00
ft_sal_000362,ft_evt_0010,Alejandro Cifuentes,alejandrocifuentes993@yahoo.com,573195944186,1,48000,WEB,2026-06-29 09:00:00
ft_sal_000363,ft_evt_0010,David Ortiz,david.ortiz713@gmail.com,573097897012,1,64000,WEB,2026-06-30 04:00:00
ft_sal_000364,ft_evt_0010,Alejandra Gómez,alejandra.gomez71@gmail.com,573156026392,1,63000,WEB,2026-06-30 13:00:00
ft_sal_000365,ft_evt_0010,Jiménez Santiago,santiago.jimenez@gmail.com,3201776652,2,132000,WEB,2026-06-22 10:00:00
ft_sal_000366,ft_evt_0010,Ortiz Luisa,luisaortiz921@gmail.com,573056489510,4,228000,WEB,2026-07-02 01:00:00
ft_sal_000367,ft_evt_0010,Tatiana Salazar,tatiana.salazar98@gmail.com,3226659584,1,64000,WEB,2026-06-24 11:00:00
ft_sal_000368,ft_evt_0010,Esteban Munoz,esteban.munoz@gmail.com,573119822679,2,84000,WEB,2026-06-26 08:00:00
ft_sal_000369,ft_evt_0010,Andrea Vargas,andreavargas205@yahoo.com,3173267295,3,138000,WEB,2026-06-26 16:00:00
ft_sal_000370,ft_evt_0010,Andrés Hernández,andreshernandez201@gmail.com,+57 300 9367069,1,98000,WEB,2026-06-22 10:00:00
ft_sal_000371,ft_evt_0010,Luisa Betancur Gómez,luisabetancur930@hotmail.com,573286164210,6,366000,WEB,2026-06-30 00:00:00
ft_sal_000372,ft_evt_0010,Fabian Valencia,fabian.valencia@proton.me,+57 313 5749184,1,58000,ADMIN,2026-06-22 12:00:00
ft_sal_000373,ft_evt_0010,ESTEBAN CASTRO,esteban.castro900+spam@gmail.com,(+57) 321-892-7648,1,55000,WEB,2026-06-24 12:00:00
ft_sal_000374,ft_evt_0010,carlos cifuentes,carloscifuentes838@gmail.com,573232431959,1,58000,WEB,2026-06-23 09:00:00
ft_sal_000375,ft_evt_0010,Óscar Peña,oscar.pena@outlok.com,573290702513,3,174000,WEB,2026-07-01 05:00:00
ft_sal_000376,ft_evt_0010,Diana Mejía,diana.mejia30@gmail.com,(+57) 327-366-5243,3,168000,ADMIN,2026-07-01 01:00:00
ft_sal_000377,ft_evt_0010,Fabián Mejía,fabianmejia267@outlook.com,,2,0,WEB,2026-06-26 16:00:00
ft_sal_000378,ft_evt_0010,Esteban Mejía Arango,esteban.mejia705@yahoo.com,+57 323 0632311,1,126000,WEB,2026-06-22 07:00:00
ft_sal_000379,ft_evt_0010,Manuela Mejía Muñoz,manuela.mejia@gmail.com,+57 322 0899261,1,0,WEB,2026-07-02 09:00:00
ft_sal_000380,ft_evt_0010,Juliana Céspedes,juliana.cespedes35@gmial.com,320 396 9442,1,63000,ADMIN,2026-06-27 03:00:00
ft_sal_000381,ft_evt_0010,Sebastián Castro,sebastiancastro582@gmail.com,316 406 3719,1,90000,RRPP,2026-06-30 04:00:00
ft_sal_000382,ft_evt_0010,sebastián céspedes,sebastian.cespedes15@gmail.com,+57 317 6094323,1,46000,WEB,2026-06-27 07:00:00
ft_sal_000383,ft_evt_0010,J. Gómez,julianagomez992@yahoo.com,,2,288000,WEB,2026-06-26 01:00:00
ft_sal_000384,ft_evt_0010,juan ramírez,juan.ramirez604@gmial.com,573286070518,1,42000,WEB,2026-06-26 09:00:00
ft_sal_000385,ft_evt_0010,Andrea Moreno,andrea.moreno74@gmail.com,3286785194,1,91000,WEB,2026-07-01 19:00:00
ft_sal_000386,ft_evt_0010,María Peña,mariapena796@hotmail.com,+57 327 5833570,1,147000,WEB,2026-06-29 08:00:00
ft_sal_000387,ft_evt_0010,María Cárdenas,mariacardenas551@gmail.com,+57 322 9767033,1,145000,BOX_OFFICE,2026-07-07 18:00:00
ft_sal_000388,ft_evt_0010,D. López,carlos.quintero131@gmail.com,324 302 7592,2,186000,WEB,2026-06-26 17:00:00
ft_sal_000389,ft_evt_0010,Julián Castro,juliancastro473@outlook.com,(+57) 324-376-0836,1,97000,WEB,2026-06-28 08:00:00
ft_sal_000390,ft_evt_0010,María Restrepo,mariarestrepo600@hotmail.com,319 666 3159,1,136000,BOX_OFFICE,2026-07-07 08:00:00
ft_sal_000391,ft_evt_0010,Carlos Mejía,carlosmejia547@hotmail.com,3059835265,4,172000,ADMIN,2026-06-28 14:00:00
ft_sal_000392,ft_evt_0010,Cristian Céspedes,cristiancespedes613@gmail.com,573084804693,1,58000,ADMIN,2026-06-24 09:00:00
ft_sal_000393,ft_evt_0010,Manuela Moreno Moreno,manuela.moreno@hotmail.com,(+57) 325-435-4914,4,544000,WEB,2026-06-28 08:00:00
ft_sal_000394,ft_evt_0010,M. González,mariana.gonzalez@outlook.com,3287710082,6,360000,WEB,2026-07-05 15:00:00
ft_sal_000395,ft_evt_0010,camilo moreno,camilo.moreno970@gmail.com,326 075 3446,1,0,WEB,2026-06-19 11:00:00
ft_sal_000396,ft_evt_0010,M. Castro,mateocastro661@outlook.com,573041548214,4,556000,WEB,2026-06-21 08:00:00
ft_sal_000397,ft_evt_0010,Luisa Betancur Cárdenas,luisa.betancur@icloud.com,312 776 3473,2,184000,BOX_OFFICE,2026-07-07 20:00:00
ft_sal_000398,ft_evt_0010,Mateo Castro,mateo.castro65@outlook.com,+57 301 9208744,1,89000,WEB,2026-06-23 05:00:00
ft_sal_000399,ft_evt_0010,Alejandra Bermúdez,alejandra.bermudez15@gmail.com,573098189762,2,194000,WEB,2026-06-20 00:00:00
ft_sal_000400,ft_evt_0010,C. Suárez,cristian.suarez@gmail.com,+57 314 0713793,2,198000,WEB,2026-06-27 17:00:00
ft_sal_000401,ft_evt_0010,Alejandro Castro,alejandrocastro808@gmail.com,573055872446,1,46000,RRPP,2026-06-29 05:00:00
ft_sal_000402,ft_evt_0010,óscar mejía,andres.cespedes@gmail.com,3286244162,1,43000,WEB,2026-06-27 00:00:00
ft_sal_000403,ft_evt_0010,Cristian Moreno,cristianmoreno735@gmail.com,3091665343,3,138000,WEB,2026-06-22 08:00:00
ft_sal_000404,ft_evt_0010,Isabella Gómez,isabellagomez736@hotmail.com,(+57) 320-606-6103,1,59000,WEB,2026-06-21 00:00:00
ft_sal_000405,ft_evt_0010,Diana Muñoz,diana.unoz@yahoo.com,315 243 7913,1,92000,WEB,2026-07-01 18:00:00
ft_sal_000406,ft_evt_0010,Diego Castro,diegocastro400@gmail.com,,2,120000,WEB,2026-06-27 05:00:00
ft_sal_000407,ft_evt_0010,Fabián Bermúdez,fabianbermudez113@gmail.com,,1,46000,WEB,2026-06-27 04:00:00
ft_sal_000408,ft_evt_0010,Camila López,camila.lopez33@hotmail.com,312 735 1256,2,124000,ADMIN,2026-07-02 17:00:00
ft_sal_000409,ft_evt_0010,Daniel Guerrero Arango,danielguerrero214@icloud.com,3278828955,1,97000,WEB,2026-07-02 03:00:00
ft_sal_000410,ft_evt_0010,Camila Vargas,camila.vargas@yahoo.com,(+57) 302-421-8973,1,97000,WEB,2026-06-29 18:00:00
ft_sal_000411,ft_evt_0010,Fabian Pena,fabianpena406@gmail.com,573212843404,2,118000,WEB,2026-06-25 00:00:00
ft_sal_000412,ft_evt_0010,Paula Céspedes Vargas,PAULA.CESPEDES33@HOTMAIL.COM,+57 317 2811243,2,0,WEB,2026-06-27 16:00:00
ft_sal_000413,ft_evt_0010,Natalia Vargas,natalia.vargas@gmail.com,+57 309 3476998,1,59000,WEB,2026-06-23 18:00:00
ft_sal_000414,ft_evt_0010,Camilo Lopez,camilolopez703@gmail.com,573119510960,1,42000,ADMIN,2026-06-23 12:00:00
ft_sal_000415,ft_evt_0010,DIEGO ORTIZ,diego.ortiz15@gmail.com,3212172436,2,190000,WEB,2026-07-04 19:00:00
ft_sal_000416,ft_evt_0010,Ximena Mejía,ximenamejia177@hotmail.com,573251979334,1,135000,ADMIN,2026-07-01 07:00:00
ft_sal_000417,ft_evt_0010,Isabella González Guerrero,isabellagonzalez779@outlook.com,573275531056,2,200000,WEB,2026-07-02 14:00:00
ft_sal_000418,ft_evt_0010,Daniela Castro,danielacastro625@gmail.com,(+57) 304-066-3664,2,88000,WEB,2026-07-02 17:00:00
ft_sal_000419,ft_evt_0010,A. Peña,andrespena523@gmail.com,573001786324,2,184000,WEB,2026-07-04 08:00:00
ft_sal_000420,ft_evt_0010,Esteban Guerrero Valencia,esteban.guerrero843@gmail.com,324 645 7407,1,104000,WEB,2026-06-28 02:00:00
ft_sal_000421,ft_evt_0010,Natalia Lopez,natalialopez242@gmail.com,,1,56000,WEB,2026-06-24 08:00:00
ft_sal_000422,ft_evt_0010,Carolina Cifuentes,carolina.cifuentes560@gmial.com,573235139404,3,303000,WEB,2026-06-25 02:00:00
ft_sal_000423,ft_evt_0010,Felipe Betancur,felipe.betacur6@outlook.com,+57 322 0796714,2,190000,WEB,2026-06-24 18:00:00
ft_sal_000424,ft_evt_0010,Santiago Céspedes Arango,santiagocespedes48@gmail.com,(+57) 329-580-2190,1,55000,WEB,2026-07-05 14:00:00
ft_sal_000425,ft_evt_0010,Suárez Andrés,andressuarez807@gmail.com,(+57) 301-839-6887,2,266000,WEB,2026-06-30 19:00:00
ft_sal_000426,ft_evt_0010,Camila Rodríguez,camila.rodriguez28@gmail.com,325 677 9096,4,240000,WEB,2026-06-25 04:00:00
ft_sal_000427,ft_evt_0010,DAVID PEÑA,davidpena294@gmail.com,(+57) 324-225-0116,2,132000,WEB,2026-06-26 16:00:00
ft_sal_000428,ft_evt_0010,Luisa Restrepo,luisa.restrepo@gmail.com,,1,40000,WEB,2026-06-28 16:00:00
ft_sal_000429,ft_evt_0010,sebastián muñoz,sebastian.munoz295@gmail.com,573282881037,3,0,WEB,2026-06-26 10:00:00
ft_sal_000430,ft_evt_0010,óscar vargas,oscar.vargas67@gmial.com,573234825174,2,272000,WEB,2026-06-26 02:00:00
ft_sal_000431,ft_evt_0010,Luisa Valencia Vargas,luisa.valencia775@gmail.com,323 560 1157,1,143000,WEB,2026-07-05 08:00:00
ft_sal_000432,ft_evt_0010,MATEO HERNÁNDEZ,mateo.hernandez16+eventos@gmail.com,+57 323 4307410,1,0,WEB,2026-07-06 03:00:00
ft_sal_000433,ft_evt_0010,Julián Salazar,julian.salazar@outlook.com,573198718421,1,60000,WEB,2026-06-29 05:00:00
ft_sal_000434,ft_evt_0010,Zapata Alejandra,alejandrazapata410@gmail.com,3036976564,2,90000,WEB,2026-06-30 06:00:00
ft_sal_000435,ft_evt_0010,Alejandro Moreno,alejandro.moreno@hotmail.com,3204209435,3,180000,WEB,2026-07-05 07:00:00
ft_sal_000436,ft_evt_0010,Camila Vargas,camila.vargas22@gmial.com,3199075293,1,50000,WEB,2026-07-02 03:00:00
ft_sal_000437,ft_evt_0010,Diana Ospina,dianaospina199@gmail.com,(+57) 304-137-9026,1,61000,ADMIN,2026-07-01 09:00:00
ft_sal_000438,ft_evt_0010,Sara Ramirez,sara.ramirez28@gmail.com,3022032347,3,144000,WEB,2026-06-28 11:00:00
ft_sal_000439,ft_evt_0010,Gómez Nicolás,nicolasgomez220@gmail.com,319 801 2962,2,196000,WEB,2026-06-28 20:00:00
ft_sal_000440,ft_evt_0010,Miguel Muñoz,miguel.munoz@gmail.com,573133315704,1,87000,WEB,2026-06-24 06:00:00
ft_sal_000441,ft_evt_0010,Esteban López,estebanlopez483@hotmail.com,,3,129000,WEB,2026-06-19 18:00:00
ft_sal_000442,ft_evt_0010,Camilo Suárez,camilosuarez217@gmail.com,(+57) 316-377-0927,2,82000,WEB,2026-06-24 00:00:00
ft_sal_000443,ft_evt_0010,Daniel López,DANIEL.LOPEZ@GMAIL.COM,573272891277,1,89000,BOX_OFFICE,2026-07-07 17:00:00
ft_sal_000444,ft_evt_0010,Moreno Carlos,carlosmoreno181@hotmail.com,+57 303 4636658,2,88000,WEB,2026-07-03 12:00:00
ft_sal_000445,ft_evt_0010,Mariana Hernández,mariana.hernandez@yahoo.com,(+57) 304-581-4888,1,0,WEB,2026-06-25 14:00:00
ft_sal_000446,ft_evt_0010,Manuela Guerrero,manuela.guerrero@outlook.com,+57 324 4502478,2,306000,WEB,2026-06-23 18:00:00
ft_sal_000447,ft_evt_0010,Alejandro Peña,andres.valencia355@gmail.com,304 950 6544,1,43000,BOX_OFFICE,2026-07-07 12:00:00
ft_sal_000448,ft_evt_0010,Carolina Martínez,carolina.martinez@gmail.com,311 235 5814,3,135000,WEB,2026-06-28 01:00:00
ft_sal_000449,ft_evt_0010,santiago mejía,santiagomejia540@hotmail.com,(+57) 300-310-7694,2,114000,WEB,2026-06-27 20:00:00
ft_sal_000450,ft_evt_0010,Sebastián Arango,sebastianarango22@gmail.com,+57 317 5419394,6,378000,WEB,2026-06-29 03:00:00
ft_sal_000451,ft_evt_0010,Juan Suárez,juan.suarez463@gmial.com,573143280924,1,55000,WEB,2026-06-26 04:00:00
ft_sal_000452,ft_evt_0010,Guerrero Luisa,luisa.guerrero56@gmail.com,,2,0,WEB,2026-06-28 05:00:00
ft_sal_000453,ft_evt_0010,santiago salazar,santiagosalazar233@gmail.com,573217896150,1,0,WEB,2026-06-26 19:00:00
ft_sal_000454,ft_evt_0010,Suárez David,davidsuarez899@proton.me,3051127752,1,62000,WEB,2026-07-01 07:00:00
ft_sal_000455,ft_evt_0010,fabián ortiz,fabianortiz668@gmail.com,573232985164,1,99000,BOX_OFFICE,2026-07-07 11:00:00
ft_sal_000456,ft_evt_0010,JUAN RAMÍREZ,juan.ramirez81@gmial.com,,1,93000,WEB,2026-06-27 16:00:00
ft_sal_000457,ft_evt_0010,Mateo Quintero,mateo.quintero@proton.me,321 804 2845,2,178000,WEB,2026-06-18 01:00:00
ft_sal_000458,ft_evt_0051,Mariana Rodriguez,marianarodriguez71@gmail.com,(+57) 328-416-6371,1,61000,WEB,2026-06-27 18:00:00
ft_sal_000459,ft_evt_0051,D. Suárez,danielsuarez770@hotmail.com,,2,196000,BOX_OFFICE,2026-07-07 04:00:00
ft_sal_000460,ft_evt_0051,Daniela Ramírez,daniela.rojas@gmail.com,3076629525,1,43000,RRPP,2026-06-28 08:00:00
ft_sal_000461,ft_evt_0051,VALENTINA JIMÉNEZ,valentinajimenez784@outlook.com,573090980753,1,59000,BOX_OFFICE,2026-07-07 15:00:00
ft_sal_000462,ft_evt_0051,MARIANA ROJAS,mariana.rojas98@proton.me,300 587 8552,1,48000,WEB,2026-06-28 10:00:00
ft_sal_000463,ft_evt_0051,Diana Cifuentes,dianacifuentes277@gmail.com,573045029828,2,0,WEB,2026-06-30 16:00:00
ft_sal_000464,ft_evt_0051,diego cifuentes,diego.cifuentes805@gmail.com,+57 306 1357252,4,180000,WEB,2026-06-29 09:00:00
ft_sal_000465,ft_evt_0051,Carlos Muñoz Mejía,carlosmunoz868@hotmail.com,,2,86000,WEB,2026-07-05 05:00:00
ft_sal_000466,ft_evt_0051,Diana Rojas,diana.rojas868@gmail.com,3243548390,1,60000,WEB,2026-06-26 04:00:00
ft_sal_000467,ft_evt_0051,Tatiana Arango,tatianaarango991@gmail.com,573046153592,2,198000,ADMIN,2026-06-18 03:00:00
ft_sal_000468,ft_evt_0051,ricardo zapata,ricardozapata263@hotmail.com,3208924694,1,56000,WEB,2026-06-17 05:00:00
ft_sal_000469,ft_evt_0051,López David,david.lopez@hotmail.com,(+57) 304-089-9983,2,98000,WEB,2026-06-30 13:00:00
ft_sal_000470,ft_evt_0051,Fabián Peña,fabianpena180@gmail.com,+57 321 7114192,1,0,BOX_OFFICE,2026-07-07 20:00:00
ft_sal_000471,ft_evt_0051,MARIANA GUERRERO,marianaguerrero909@gmail.com,3251033300,3,456000,WEB,2026-06-24 04:00:00
ft_sal_000472,ft_evt_0051,Paula Cardenas,paula.cardenas684@hotmail.com,3020138689,2,90000,WEB,2026-06-23 00:00:00
ft_sal_000473,ft_evt_0051,Santiago Bermúdez Suárez,santiago.bermudez12+boletas@hotmail.com,310 578 8214,2,258000,BOX_OFFICE,2026-07-07 12:00:00
ft_sal_000474,ft_evt_0051,Céspedes Camila,camila.cespedes@gmail.com,3160948274,1,97000,WEB,2026-07-01 00:00:00
ft_sal_000475,ft_evt_0051,Felipe Vargas Guerrero,felipevargas686@yahoo.com,573137056181,2,110000,WEB,2026-06-26 08:00:00
ft_sal_000476,ft_evt_0051,Valentina Muñoz Quintero,VALENTINA.MUNOZ167@GMAIL.COM,316 333 3769,1,42000,WEB,2026-06-21 00:00:00
ft_sal_000477,ft_evt_0051,Paula Bermúdez,paula.bermudez53@gmail.com,303 958 8956,2,0,WEB,2026-06-25 13:00:00
ft_sal_000478,ft_evt_0051,Juliana Muñoz Quintero,JULIANA.MUNOZ60@GMAIL.COM,+57 312 8618851,1,0,WEB,2026-06-27 05:00:00
ft_sal_000479,ft_evt_0051,Mariana Valencia,marianavalencia878@hotmail.com,,1,58000,WEB,2026-07-01 10:00:00
ft_sal_000480,ft_evt_0051,Ricardo Arango,ricardoarango@gmail.com,3172425848,2,186000,RRPP,2026-06-28 02:00:00
ft_sal_000481,ft_evt_0051,Sara Cespedes,saracespedes252@gmail.com,3127210353,2,90000,ADMIN,2026-06-27 07:00:00
ft_sal_000482,ft_evt_0051,A. López,andres.lopez80@hotmial.com,(+57) 322-682-1159,1,44000,BOX_OFFICE,2026-07-07 10:00:00
ft_sal_000483,ft_evt_0051,nicolás suárez,nicolassuarez595@gmail.com,(+57) 327-224-3032,1,44000,WEB,2026-07-03 06:00:00
ft_sal_000484,ft_evt_0051,Camila Ramírez,camila.ramirez689@gmail.com,+57 302 3006245,3,0,WEB,2026-06-30 15:00:00
ft_sal_000485,ft_evt_0051,María Mejía,mariamejia575@gmail.com,(+57) 301-458-2234,1,133000,WEB,2026-06-17 10:00:00
ft_sal_000486,ft_evt_0051,Sebastián Suárez,sebastian.suarez565@hotmail.com,3125573304,1,43000,WEB,2026-06-20 04:00:00
ft_sal_000487,ft_evt_0051,David Valencia,david.valencia292@gmail.com,302 852 2200,2,176000,WEB,2026-06-27 20:00:00
ft_sal_000488,ft_evt_0051,Valencia Diana,diana.valencia27@gmail.com,3198411865,3,129000,BOX_OFFICE,2026-07-07 19:00:00
ft_sal_000489,ft_evt_0051,tatiana peña,paula.rojas24@gmail.com,(+57) 306-630-9953,3,135000,WEB,2026-06-29 04:00:00
ft_sal_000490,ft_evt_0051,Sara Cárdenas,saracardenas473@yahoo.com,306 260 2317,1,132000,WEB,2026-07-02 05:00:00
ft_sal_000491,ft_evt_0051,Julián Peña Ospina,julianpena186@gmail.com,320 428 6225,2,284000,WEB,2026-07-03 17:00:00
ft_sal_000492,ft_evt_0051,Paula Vargas,paula.vargas705@gmail.com,3179728279,2,166000,WEB,2026-06-28 03:00:00
ft_sal_000493,ft_evt_0051,Natalia López Valencia,natalialopez656@gmail.com,573029810014,1,59000,WEB,2026-07-03 04:00:00
ft_sal_000494,ft_evt_0051,Quintero Carolina,carolinaquintero339@gmail.com,3037428554,2,92000,WEB,2026-07-01 13:00:00
ft_sal_000495,ft_evt_0051,Juliana Moreno,juliana.moreno@hotmail.com,3291414536,1,64000,WEB,2026-06-26 07:00:00
ft_sal_000496,ft_evt_0051,ALEJANDRA LÓPEZ,alejandralopez390@hotmail.com,573037936087,1,0,WEB,2026-06-26 11:00:00
ft_sal_000497,ft_evt_0051,Isabella Vargas,isabella.vargas@hotmail.com,573126503567,1,87000,WEB,2026-06-25 09:00:00
ft_sal_000498,ft_evt_0051,Nicolás Ramírez Gómez,nicolas.ramirez934@outlook.com,316 507 2384,6,534000,WEB,2026-06-23 14:00:00
ft_sal_000499,ft_evt_0051,Ricardo Vargas,RICARDO.VARGAS@PROTON.ME,+57 310 5192355,2,190000,WEB,2026-06-26 10:00:00
ft_sal_000500,ft_evt_0051,Alejandro Cárdenas Betancur,alejandrocardenas571@gmail.com,573219747623,3,411000,WEB,2026-07-01 20:00:00
ft_sal_000501,ft_evt_0051,Camila Zapata,camilazapata759@gmail.com,322 548 5974,1,154000,WEB,2026-06-27 09:00:00
ft_sal_000502,ft_evt_0051,Sara Guerrero,sara.guerrero522@gmail.com,315 858 2154,2,92000,WEB,2026-06-25 03:00:00
ft_sal_000503,ft_evt_0051,Santiago Gómez,santiagogomez568@hotmail.com,300 734 1439,1,0,WEB,2026-07-04 07:00:00
ft_sal_000504,ft_evt_0051,valentina muñoz,valentinamunoz954@gmail.com,573238549091,2,122000,WEB,2026-06-27 13:00:00
ft_sal_000505,ft_evt_0051,Laura Peña Zapata,laura.pena@gmail.com,573121072969,2,110000,WEB,2026-06-30 09:00:00
ft_sal_000506,ft_evt_0051,ricardo cifuentes,RICARDO.CIFUENTES483@GMAIL.COM,,1,46000,WEB,2026-07-01 01:00:00
ft_sal_000507,ft_evt_0051,Carlos Valencia,daniel.hernandez351@gmail.com,573226862344,3,204000,RRPP,2026-06-24 12:00:00
ft_sal_000508,ft_evt_0051,fabián rodríguez,fabian.odriguez40@gmail.com,(+57) 302-161-3391,3,441000,WEB,2026-07-04 07:00:00
ft_sal_000509,ft_evt_0051,Mateo Cifuentes López,mateocifuentes277@outlook.com,300 738 5287,4,168000,WEB,2026-07-03 02:00:00
ft_sal_000510,ft_evt_0051,Moreno Camila,camila.moreno49@gmail.com,573216931374,3,162000,WEB,2026-06-25 09:00:00
ft_sal_000511,ft_evt_0051,Felipe Arango,felipearango868@gmail.com,(+57) 303-523-5324,1,97000,WEB,2026-06-23 08:00:00
ft_sal_000512,ft_evt_0051,Camilo Céspedes,camilo.cespedes66@yahoo.com,,2,118000,WEB,2026-07-01 09:00:00
ft_sal_000513,ft_evt_0051,JULIÁN RAMÍREZ,julian.ramirez6@gmail.com,573142459002,2,122000,WEB,2026-06-25 03:00:00
ft_sal_000514,ft_evt_0051,Mejía Paula,paula.mejia@hotmail.com,(+57) 316-741-8538,1,0,WEB,2026-06-29 03:00:00
ft_sal_000515,ft_evt_0051,Óscar Restrepo,oscarrestrepo471@hotmail.com,3025513373,1,49000,WEB,2026-06-29 18:00:00
ft_sal_000516,ft_evt_0051,sara hernández,sarahernandez302@gmail.com,573183469614,2,0,BOX_OFFICE,2026-07-07 14:00:00
ft_sal_000517,ft_evt_0051,Miguel Restrepo,miguel.restrepo73@hotmail.com,3032234459,6,288000,BOX_OFFICE,2026-07-07 05:00:00
ft_sal_000518,ft_evt_0051,Carolina Rojas,carolinarojas700@hotmail.com,322 270 5287,2,122000,BOX_OFFICE,2026-07-07 18:00:00
ft_sal_000519,ft_evt_0051,David Mejía,davidmejia607@hotmail.com,573281886096,6,282000,WEB,2026-06-25 05:00:00
ft_sal_000520,ft_evt_0051,paula moreno,paulamoreno720@hotmail.com,573275798715,1,47000,WEB,2026-07-03 12:00:00
ft_sal_000521,ft_evt_0051,Juliana Salazar,julianasalazar711@hotmail.com,(+57) 315-212-2463,3,126000,WEB,2026-06-29 06:00:00
ft_sal_000522,ft_evt_0051,David Peña Ramírez,davidpena863@gmail.com,,1,61000,BOX_OFFICE,2026-07-07 07:00:00
ft_sal_000523,ft_evt_0051,Daniela Muñoz,danielamunoz683@gmail.com,+57 312 2656233,2,292000,WEB,2026-07-06 04:00:00
ft_sal_000524,ft_evt_0051,Carolina Rojas,carolinarojas99@gmail.com,,1,64000,BOX_OFFICE,2026-07-07 03:00:00
ft_sal_000525,ft_evt_0051,Carlos Salazar,carlossalazar98@gmail.com,3241815871,2,196000,WEB,2026-06-29 11:00:00
ft_sal_000526,ft_evt_0051,JULIANA GUERRERO,julianaguerrero244@outlook.com,(+57) 303-985-7421,1,55000,RRPP,2026-07-03 12:00:00
ft_sal_000527,ft_evt_0051,Alejandra Ospina,alejandraospina889@gmail.com,328 122 0578,1,95000,WEB,2026-06-23 03:00:00
ft_sal_000528,ft_evt_0051,Manuela Restrepo,manuela.restrepo465+spam@outlook.com,(+57) 325-124-3461,6,258000,WEB,2026-07-02 10:00:00
ft_sal_000529,ft_evt_0051,Isabella Pena,isabellapena476@gmail.com,+57 300 0355480,6,564000,ADMIN,2026-06-30 17:00:00
ft_sal_000530,ft_evt_0051,Valentina Cifuentes,valentinacifuentes139@gmail.com,(+57) 306-604-5726,1,47000,WEB,2026-06-26 15:00:00
ft_sal_000531,ft_evt_0051,Miguel Valencia,miguelvalencia66@gmail.com,3071668515,4,404000,WEB,2026-06-27 09:00:00
ft_sal_000532,ft_evt_0051,Nicolás Martínez Zapata,nicolasmartinez487@gmail.com,(+57) 314-057-9573,2,94000,WEB,2026-06-25 06:00:00
ft_sal_000533,ft_evt_0051,Mariana Rodríguez,mariana.rodriguez@gmial.com,3266342239,3,258000,WEB,2026-06-26 15:00:00
ft_sal_000534,ft_evt_0051,sebastián muñoz,sebastianmunoz728@outlook.com,+57 321 2002339,1,57000,WEB,2026-06-22 10:00:00
ft_sal_000535,ft_evt_0051,ALEJANDRO VALENCIA,alejandrovalencia60@hotmail.com,+57 313 0856003,1,61000,WEB,2026-06-19 16:00:00
ft_sal_000536,ft_evt_0051,X. Gómez,ximena.gomez695@outlook.com,573024060077,2,86000,WEB,2026-06-29 08:00:00
ft_sal_000537,ft_evt_0051,Catalina Vargas,catalinavargas810@gmail.com,(+57) 314-375-7564,1,90000,WEB,2026-06-21 05:00:00
ft_sal_000538,ft_evt_0051,Ximena Jiménez Mejía,ximena.jimenez37@gmail.com,305 024 3556,6,372000,WEB,2026-06-26 14:00:00
ft_sal_000539,ft_evt_0051,Miguel Guerrero,miguelguerrero64@gmail.com,(+57) 321-453-3736,1,60000,WEB,2026-06-30 17:00:00
ft_sal_000540,ft_evt_0051,María Mejía,maria.mejia26@gmail.com,(+57) 311-423-1255,3,0,BOX_OFFICE,2026-07-07 06:00:00
ft_sal_000541,ft_evt_0051,Tatiana Jiménez,tatianajimenez78@gmail.com,+57 313 8129018,3,273000,WEB,2026-06-23 05:00:00
ft_sal_000542,ft_evt_0051,Nicolas Ortiz,nicolas.ortiz47+spam@outlook.com,3238254874,1,90000,WEB,2026-06-25 01:00:00
ft_sal_000543,ft_evt_0051,ESTEBAN SALAZAR,esteban.salazar75@gmail.com,312 551 7091,3,132000,WEB,2026-06-24 12:00:00
ft_sal_000544,ft_evt_0051,Valentina Ospina,valentina.ospina18@gmail.com,573155171603,2,124000,WEB,2026-07-02 04:00:00
ft_sal_000545,ft_evt_0051,tatiana salazar,tatianasalazar111@gmail.com,3177152101,3,183000,WEB,2026-06-29 00:00:00
ft_sal_000546,ft_evt_0051,Esteban Gómez,estebangomez578@hotmail.com,324 865 1287,4,520000,WEB,2026-06-27 08:00:00
ft_sal_000547,ft_evt_0051,miguel quintero,miguel.quintero@outlook.com,573234739893,2,92000,WEB,2026-06-24 12:00:00
ft_sal_000548,ft_evt_0051,Juliana Vargas,JULIANA.VARGAS@GMAIL.COM,+57 306 8832572,1,60000,WEB,2026-06-28 00:00:00
ft_sal_000549,ft_evt_0051,MARIANA SALAZAR,mariana.salazr79@outlook.com,3271337650,1,42000,WEB,2026-06-25 08:00:00
ft_sal_000550,ft_evt_0051,Zapata Esteban,esteban.zapata84+boletas@proton.me,3222215549,4,172000,WEB,2026-06-30 15:00:00
ft_sal_000551,ft_evt_0051,Paula Bermúdez,paula.bermudez53@gmail.com,+57 303 9588956,1,44000,ADMIN,2026-07-05 20:00:00
ft_sal_000552,ft_evt_0051,Daniela Valencia,daniela.valencia122@gmail.com,+57 325 2784218,1,59000,WEB,2026-07-03 05:00:00
ft_sal_000553,ft_evt_0051,Juan Quintero,juan.quintero39@proton.me,573176151015,2,114000,WEB,2026-06-27 16:00:00
ft_sal_000554,ft_evt_0051,Camila Zapata,camilazapata315@gmail.com,3205613175,1,0,WEB,2026-06-22 10:00:00
ft_sal_000555,ft_evt_0051,Isabella Guerrero,isabella.guerrero36@gmail.com,,2,194000,WEB,2026-07-03 01:00:00
ft_sal_000556,ft_evt_0051,Valentina Cárdenas,valentina.cardenas42@hotmail.com,(+57) 320-735-3824,2,122000,WEB,2026-06-26 06:00:00
ft_sal_000557,ft_evt_0051,Catalina Arango,CATALINA.ARANGO@GMAIL.COM,573242542463,2,114000,WEB,2026-06-25 00:00:00
ft_sal_000558,ft_evt_0051,PAULA QUINTERO,paulaquintero552@gmail.com,(+57) 323-309-2988,3,0,WEB,2026-06-30 17:00:00
ft_sal_000559,ft_evt_0051,Juliana Cárdenas,julianacardenas346@hotmail.com,3124617282,1,0,WEB,2026-06-30 19:00:00
ft_sal_000560,ft_evt_0051,Julián Ortiz,julian.ortiz@gmail.com,573021288685,1,0,WEB,2026-06-24 17:00:00
ft_sal_000561,ft_evt_0051,Juan Quintero,juan.quintero839+compras@gmail.com,318 042 4014,4,216000,BOX_OFFICE,2026-07-07 01:00:00
ft_sal_000562,ft_evt_0051,Restrepo Laura,laurarestrepo56@outlook.com,+57 328 1096676,1,40000,WEB,2026-07-03 05:00:00
ft_sal_000563,ft_evt_0051,Julián Betancur,julian.betancur837@gmial.com,318 843 1708,1,42000,WEB,2026-06-27 18:00:00
ft_sal_000564,ft_evt_0051,David Ortiz,david.ortiz713+spam@gmail.com,(+57) 309-789-7012,2,92000,BOX_OFFICE,2026-07-07 17:00:00
ft_sal_000565,ft_evt_0051,Julián Zapata Ospina,julianzapata193@proton.me,3169025449,2,88000,WEB,2026-06-24 10:00:00
ft_sal_000566,ft_evt_0051,Andrés Rodríguez,andres.rodriguez110+boletas@gmail.com,3174323300,2,92000,WEB,2026-06-27 10:00:00
ft_sal_000567,ft_evt_0051,Vargas Julián,julian.vargas@gmail.com,+57 327 9438374,1,60000,WEB,2026-06-30 14:00:00
ft_sal_000568,ft_evt_0051,D. Ospina,daniel.ospina@gmail.com,301 500 7294,1,141000,BOX_OFFICE,2026-07-07 14:00:00
ft_sal_000569,ft_evt_0051,Julián Quintero,julianquintero172@yahoo.com,+57 300 0489130,2,292000,WEB,2026-07-05 03:00:00
ft_sal_000570,ft_evt_0051,felipe suárez,felipe.suarez67@gmail.com,302 579 4374,1,127000,WEB,2026-06-24 04:00:00
ft_sal_000571,ft_evt_0051,Laura Muñoz Arango,lura.munoz@gmail.com,+57 315 9809585,1,46000,WEB,2026-06-28 00:00:00
ft_sal_000572,ft_evt_0051,CAMILA LÓPEZ,camilalopez236@gmail.com,+57 310 2234074,1,58000,WEB,2026-06-27 16:00:00
ft_sal_000573,ft_evt_0051,Ricardo Rodriguez,ricardorodriguez752@gmail.com,+57 326 0232553,1,104000,WEB,2026-06-26 10:00:00
ft_sal_000574,ft_evt_0051,maría céspedes,mariacespedes832@gmail.com,328 037 3148,2,130000,WEB,2026-06-22 00:00:00
ft_sal_000575,ft_evt_0051,Sebastián Betancur,sebastian.betancur76@gmail.com,+57 329 0513043,3,294000,WEB,2026-06-19 17:00:00
ft_sal_000576,ft_evt_0051,Miguel Mejía,miguelmejia29@hotmail.com,573020954514,2,182000,BOX_OFFICE,2026-07-07 18:00:00
ft_sal_000577,ft_evt_0051,A. Guerrero,santiago.ospina41@hotmail.com,308 986 7138,1,143000,WEB,2026-06-28 02:00:00
ft_sal_000578,ft_evt_0051,Alejandra Cárdenas,alejandra.cardenas+compras@gmail.com,327 185 4125,6,822000,WEB,2026-06-27 16:00:00
ft_sal_000579,ft_evt_0051,Salazar Felipe,felipesalazar19@gmail.com,573065662943,6,348000,BOX_OFFICE,2026-07-07 19:00:00
ft_sal_000580,ft_evt_0051,Valentina Valencia,valentinavalencia798@gmail.com,(+57) 311-027-3896,2,114000,WEB,2026-06-29 05:00:00
ft_sal_000581,ft_evt_0051,Alejandro Guerrero,alejandro.guerrero49@outlook.com,573006428910,1,0,BOX_OFFICE,2026-07-07 04:00:00
ft_sal_000582,ft_evt_0051,Andrés Cifuentes,andres.cifuentes25@gmail.com,321 475 8610,1,90000,WEB,2026-06-22 02:00:00
ft_sal_000583,ft_evt_0051,Diego Restrepo,diegorestrepo69@yahoo.com,3115816500,1,48000,WEB,2026-06-17 08:00:00
ft_sal_000584,ft_evt_0051,Peña Ricardo,ricardo.pena498@gmail.com,573170397915,2,90000,WEB,2026-06-30 07:00:00
ft_sal_000585,ft_evt_0051,Mariana Ospina,marianaospina702@gmail.com,,1,43000,WEB,2026-06-26 05:00:00
ft_sal_000586,ft_evt_0051,Catalina Muñoz Arango,catalina.munoz933@hotmail.com,328 084 1186,1,94000,WEB,2026-06-23 08:00:00
ft_sal_000587,ft_evt_0051,Mariana Martínez,marianamartinez703@gmail.com,314 124 3040,2,86000,WEB,2026-06-30 15:00:00
ft_sal_000588,ft_evt_0051,Carlos Restrepo,carlosrestrepo850@gmail.com,3140208448,1,49000,BOX_OFFICE,2026-07-07 20:00:00
ft_sal_000589,ft_evt_0051,Ximena Ramirez,XIMENA.RAMIREZ13@GMAIL.COM,3265514847,1,99000,WEB,2026-06-27 03:00:00
ft_sal_000590,ft_evt_0051,Julián Jiménez,julianjimenez896@outlook.com,3084725166,1,46000,WEB,2026-07-01 09:00:00
ft_sal_000591,ft_evt_0051,Catalina Suárez,CATALINA.SUAREZ39@GMAIL.COM,306 797 3891,1,47000,WEB,2026-06-28 19:00:00
ft_sal_000592,ft_evt_0051,Sara Jiménez,sara.jimenez@gmail.com,573018580675,3,0,WEB,2026-06-26 04:00:00
ft_sal_000593,ft_evt_0051,Andrés López,andres.lopez80@hotmail.com,(+57) 322-682-1519,1,61000,WEB,2026-06-23 18:00:00
ft_sal_000594,ft_evt_0051,Ospina Mateo,mateoospina795@gmail.com,,3,132000,WEB,2026-06-22 05:00:00
ft_sal_000595,ft_evt_0051,Sara Castro Gómez,sara.castro@proton.me,+57 320 0993917,2,288000,WEB,2026-06-29 06:00:00
ft_sal_000596,ft_evt_0051,Santiago Hernández,santiago.hernandez760@gmail.com,3116827531,2,94000,WEB,2026-06-21 04:00:00
ft_sal_000597,ft_evt_0051,Nicolás Martínez,nicolasmartinez304@hotmail.com,+57 329 9827960,2,118000,BOX_OFFICE,2026-07-07 17:00:00
ft_sal_000598,ft_evt_0051,Tatiana Cifuentes,tatianacifuentes921@gmail.com,+57 315 5142803,3,0,WEB,2026-06-27 04:00:00
ft_sal_000599,ft_evt_0051,mateo zapata,mateozapata297@hotmail.com,,2,88000,WEB,2026-07-01 14:00:00
ft_sal_000600,ft_evt_0051,Miguel Guerrero,miguel.guerrero4@outlook.com,(+57) 322-939-4902,2,92000,WEB,2026-06-22 10:00:00
ft_sal_000601,ft_evt_0051,Esteban Martinez,esteban.martinez154@gmail.com,(+57) 303-019-8703,3,129000,WEB,2026-06-30 20:00:00
ft_sal_000602,ft_evt_0051,David Zapata,david.zapata18@yahoo.com,3192345168,2,190000,BOX_OFFICE,2026-07-07 13:00:00
ft_sal_000603,ft_evt_0051,Esteban Quintero,esteban.quintero829@gmial.com,(+57) 301-130-2893,6,798000,WEB,2026-06-29 02:00:00
ft_sal_000604,ft_evt_0051,Valentina Ospina,valentina.ospina18@gmail.com,3155171603,1,47000,WEB,2026-06-25 06:00:00
ft_sal_000605,ft_evt_0051,M. Castro,miguelcastro268@icloud.com,573088654074,1,45000,ADMIN,2026-06-21 20:00:00
ft_sal_000606,ft_evt_0051,X. Ramírez,ximena.ramirez13@hotmail.com,3265514847,1,58000,WEB,2026-06-19 15:00:00
ft_sal_000607,ft_evt_0051,T. López,TATIANA.LOPEZ90@GMAIL.COM,+57 314 9701986,2,188000,WEB,2026-06-30 05:00:00
ft_sal_000608,ft_evt_0051,Carolina Salazar,carolinasalazar968@hotmail.com,,1,45000,WEB,2026-06-30 08:00:00
ft_sal_000609,ft_evt_0051,valentina cárdenas,valentinacardenas268@gmail.com,,2,92000,WEB,2026-06-29 14:00:00
ft_sal_000610,ft_evt_0051,Andres Gonzalez,andresgonzalez556@yahoo.com,309 093 8060,1,49000,WEB,2026-06-28 17:00:00
ft_sal_000611,ft_evt_0051,Maria Cardenas,mariacardenas364@gmail.com,573227988637,6,354000,BOX_OFFICE,2026-07-07 06:00:00
ft_sal_000612,ft_evt_0051,Mateo Gómez,mateogomez235@gmail.com,+57 310 2345301,2,188000,BOX_OFFICE,2026-07-07 06:00:00
ft_sal_000613,ft_evt_0051,camilo martínez,catalina.munoz93@gmail.com,316 921 5978,3,270000,WEB,2026-06-23 19:00:00
ft_sal_000614,ft_evt_0051,Fabián Peña,fabian.pena@yahoo.com,314 015 6181,1,41000,WEB,2026-06-21 05:00:00
ft_sal_000615,ft_evt_0051,laura castro,laura.castro138@gmail.com,3159933242,2,90000,WEB,2026-06-23 15:00:00
ft_sal_000616,ft_evt_0051,Mariana Zapata,mariana.zapata682@gmail.com,3267120950,4,180000,BOX_OFFICE,2026-07-07 07:00:00
ft_sal_000617,ft_evt_0051,laura castro,lauracastro301@gmail.com,3293283767,1,100000,WEB,2026-07-04 05:00:00
ft_sal_000618,ft_evt_0051,Juliana Peña Restrepo,luisa.pena506@gmail.com,(+57) 312-465-3728,1,63000,WEB,2026-07-01 01:00:00
ft_sal_000619,ft_evt_0051,S. López,sebastianlopez918@outlook.com,(+57) 308-250-3530,2,0,WEB,2026-06-23 03:00:00
ft_sal_000620,ft_evt_0051,Bermúdez Diego,diego.bermudez@gmial.com,3116653336,1,44000,ADMIN,2026-06-19 04:00:00
ft_sal_000621,ft_evt_0051,Sebastián Hernández,sebastianhernandez198@gmail.com,,2,272000,WEB,2026-06-27 12:00:00
ft_sal_000622,ft_evt_0051,Cristian Rodríguez,cristian.rodriguez@gmail.com,(+57) 320-813-0127,1,43000,WEB,2026-06-25 03:00:00
ft_sal_000623,ft_evt_0051,RICARDO VALENCIA,ricardovalencia840@gmail.com,(+57) 325-117-1453,2,82000,BOX_OFFICE,2026-07-07 03:00:00
ft_sal_000624,ft_evt_0051,Juan Gómez Guerrero,juangomez590@gmail.com,317 219 6043,6,0,WEB,2026-06-27 04:00:00
ft_sal_000625,ft_evt_0051,Catalina Ortiz,catalina.ortiz@gmail.com,(+57) 312-999-0074,4,184000,WEB,2026-06-27 03:00:00
ft_sal_000626,ft_evt_0051,Juan Vargas,juanvargas55@hotmail.com,+57 317 3793713,1,63000,BOX_OFFICE,2026-07-07 03:00:00
ft_sal_000627,ft_evt_0051,CARLOS VARGAS,carlosvargas296@gmail.com,3073700601,2,88000,WEB,2026-06-22 19:00:00
ft_sal_000628,ft_evt_0051,Felipe Cifuentes,felipecifuentes480@gmail.com,,2,96000,WEB,2026-07-01 13:00:00
ft_sal_000629,ft_evt_0051,camilo gonzález,camilo.gonzalez90@icloud.com,3243922409,4,0,RRPP,2026-07-01 05:00:00
ft_sal_000630,ft_evt_0051,María Cárdenas,mariacardenas102@gmail.com,573118200781,1,47000,WEB,2026-07-03 10:00:00
ft_sal_000631,ft_evt_0051,Carlos Muñoz,carlos.munoz72+eventos@outlook.com,3172972970,1,94000,WEB,2026-06-30 16:00:00
ft_sal_000632,ft_evt_0051,Alejandra Zapata,alejandrazapata134@gmail.com,,6,342000,WEB,2026-06-21 13:00:00
ft_sal_000633,ft_evt_0051,D. González,daniela.gonzalez@gmail.com,3090427594,1,45000,ADMIN,2026-06-25 03:00:00
ft_sal_000634,ft_evt_0051,Juliana López,julianalopez613@gmail.com,301 525 6554,1,58000,WEB,2026-06-24 06:00:00
ft_sal_000635,ft_evt_0051,carlos ortiz,carlos.ortiz8+eventos@icloud.com,326 212 0027,1,153000,WEB,2026-06-28 19:00:00
ft_sal_000636,ft_evt_0051,Catalina Cifuentes,catalinacifuentes231@gmail.com,(+57) 314-010-7822,1,45000,WEB,2026-06-21 17:00:00
ft_sal_000637,ft_evt_0051,manuela arango,juan.gomez12@gmail.com,,1,90000,WEB,2026-06-30 16:00:00
ft_sal_000638,ft_evt_0051,Sara Ospina,sara.ospina58@gmial.com,(+57) 323-293-1974,1,58000,BOX_OFFICE,2026-07-07 07:00:00
ft_sal_000639,ft_evt_0051,Ricardo Ospina,ricardoospina641@gmail.com,573231648627,1,62000,WEB,2026-06-19 05:00:00
ft_sal_000640,ft_evt_0051,Luisa Bermúdez,luisabermudez731@hotmail.com,3098273077,2,122000,WEB,2026-06-23 20:00:00
ft_sal_000641,ft_evt_0051,CAROLINA JIMÉNEZ,carolina.jimenez54@gmail.com,573066103188,2,96000,WEB,2026-06-29 20:00:00
ft_sal_000642,ft_evt_0051,Cárdenas Mateo,mateo.cardenas@proton.me,573209603004,3,141000,WEB,2026-07-06 17:00:00
ft_sal_000643,ft_evt_0051,Mariana Ramirez,marianaramirez877@outlook.com,(+57) 310-371-0138,1,89000,WEB,2026-06-26 10:00:00
ft_sal_000644,ft_evt_0051,Nicolás Céspedes,nicolas.cespedes38@hotmail.com,307 323 2990,1,65000,WEB,2026-07-05 04:00:00
ft_sal_000645,ft_evt_0051,Ricardo López,manuela.pena@gmail.com,(+57) 319-230-8617,3,180000,ADMIN,2026-06-23 14:00:00
ft_sal_000646,ft_evt_0051,Camilo Céspedes López,camilo.cespedes@gmail.com,321 641 4573,1,156000,BOX_OFFICE,2026-07-07 15:00:00
ft_sal_000647,ft_evt_0051,Diana Peña,dianapena609@gmail.com,573126114874,1,93000,BOX_OFFICE,2026-07-07 09:00:00
ft_sal_000648,ft_evt_0051,ESTEBAN MORENO,estebanmoreno900@gmail.com,573049245338,1,46000,WEB,2026-07-05 13:00:00
ft_sal_000649,ft_evt_0051,Manuela Pena,manuelapena379@hotmail.com,(+57) 302-690-6778,2,94000,WEB,2026-06-21 01:00:00
ft_sal_000650,ft_evt_0051,Carolina Mejia,carolina.mejia@icloud.com,,1,57000,WEB,2026-06-25 02:00:00
ft_sal_000651,ft_evt_0051,Rodríguez Isabella,isabella.rodriguez+boletas@yahoo.com,3083256518,3,189000,WEB,2026-06-29 20:00:00
ft_sal_000652,ft_evt_0051,Cifuentes Andrés,andrescifuentes351@gmail.com,320 477 6204,3,177000,WEB,2026-06-23 19:00:00
ft_sal_000653,ft_evt_0051,Paula Arango,paulaarango756@icloud.com,+57 310 0454919,1,99000,WEB,2026-06-23 08:00:00
ft_sal_000654,ft_evt_0051,Manuela Céspedes,manuelacespedes519@hotmail.com,+57 310 2506997,2,122000,WEB,2026-06-19 00:00:00
ft_sal_000655,ft_evt_0051,Alejandro Peña,alejandro.pena213@gmail.com,,2,86000,RRPP,2026-06-26 05:00:00
ft_sal_000656,ft_evt_0051,Alejandra Moreno,alejandramoreno71@gmail.com,(+57) 327-267-4613,6,840000,WEB,2026-06-20 13:00:00
ft_sal_000657,ft_evt_0051,Miguel Cárdenas,miguel.cardenas93@hotmail.com,(+57) 314-622-4458,1,48000,WEB,2026-06-27 20:00:00
ft_sal_000658,ft_evt_0051,Carolina González,carolinagonzalez77@hotmail.com,3282703469,1,48000,WEB,2026-06-27 20:00:00
ft_sal_000659,ft_evt_0051,T. Muñoz,tatianamunoz969@outlook.com,312 105 7167,2,92000,WEB,2026-07-02 03:00:00
ft_sal_000660,ft_evt_0051,cristian guerrero,cristianguerrero901@outlook.com,+57 304 2170498,1,46000,WEB,2026-06-25 00:00:00
ft_sal_000661,ft_evt_0051,C. Moreno,camilo.moreno810@gmail.com,573265473158,3,396000,BOX_OFFICE,2026-07-07 04:00:00
ft_sal_000662,ft_evt_0051,ESTEBAN JIMÉNEZ,esteban.jimenez@hotmial.com,(+57) 304-427-8098,1,0,WEB,2026-06-29 15:00:00
ft_sal_000663,ft_evt_0051,Sara Jiménez,sara.jimenez@yahoo.com,(+57) 321-784-2496,2,82000,WEB,2026-06-30 08:00:00
ft_sal_000664,ft_evt_0051,Andrea Ospina,andrea.ospina@outlook.com,3244682394,1,43000,BOX_OFFICE,2026-07-07 01:00:00
ft_sal_000665,ft_evt_0051,I. Céspedes,isabellacespedes929@gmail.com,(+57) 312-957-8547,1,57000,WEB,2026-06-29 17:00:00
ft_sal_000666,ft_evt_0051,Julian Suarez,juliansuarez208@proton.me,316 013 4369,1,103000,WEB,2026-06-29 03:00:00
ft_sal_000667,ft_evt_0051,valentina mejía,valentinamejia597@gmail.com,311 488 8402,3,192000,WEB,2026-06-30 16:00:00
ft_sal_000668,ft_evt_0051,David Jiménez,davidjimenez940@gmail.com,,1,43000,RRPP,2026-06-30 19:00:00
ft_sal_000669,ft_evt_0051,Carlos Peña,carlospena270@gmail.com,,1,57000,WEB,2026-06-28 05:00:00
ft_sal_000670,ft_evt_0051,VALENTINA MUÑOZ,valentina.munoz@gmail.com,(+57) 318-108-8142,1,43000,WEB,2026-06-29 15:00:00
ft_sal_000671,ft_evt_0051,Cárdenas Ricardo,ricardocardenas159@outlook.com,3283608932,3,132000,WEB,2026-06-30 04:00:00
ft_sal_000672,ft_evt_0051,Mariana Mejía Valencia,marianamejia150@outlook.com,3247969572,1,64000,WEB,2026-06-23 06:00:00
ft_sal_000673,ft_evt_0051,Alejandro Zapata,alejandrozapata420@outlook.com,327 352 3657,1,153000,WEB,2026-06-27 10:00:00
ft_sal_000674,ft_evt_0051,Isabella Peña,isabella.pena@hotmial.com,3243423201,1,97000,WEB,2026-06-28 09:00:00
ft_sal_000675,ft_evt_0051,Diana Suarez,dianasuarez992@gmail.com,(+57) 314-424-0632,2,90000,WEB,2026-06-26 16:00:00
ft_sal_000676,ft_evt_0051,Carlos Mejía,carlosmejia847@gmail.com,,1,0,BOX_OFFICE,2026-07-07 00:00:00
ft_sal_000677,ft_evt_0051,David Betancur,davidbetancur732@gmail.com,573135432724,2,126000,WEB,2026-06-24 08:00:00
ft_sal_000678,ft_evt_0051,ÓSCAR MORENO,oscar.moreno759@gmail.com,3266725785,6,354000,WEB,2026-06-27 12:00:00
ft_sal_000679,ft_evt_0051,Esteban Salazar,estebansalazar66@gmail.com,+57 308 2701400,2,118000,WEB,2026-06-26 14:00:00
ft_sal_000680,ft_evt_0051,Santiago Castro,santiago.castro245@gmail.com,310 458 4774,4,228000,WEB,2026-06-30 05:00:00
ft_sal_000681,ft_evt_0051,Laura Rodríguez López,laurarodriguez815@gmail.com,,1,130000,WEB,2026-06-30 06:00:00
ft_sal_000682,ft_evt_0051,Camilo Bermúdez,CAMILO.BERMUDEZ@YAHOO.COM,317 169 6282,6,276000,WEB,2026-06-23 16:00:00
ft_sal_000683,ft_evt_0051,R. Ospina,ricardoospina175@gmail.com,3105518653,1,44000,BOX_OFFICE,2026-07-07 12:00:00
ft_sal_000684,ft_evt_0051,Cárdenas Ximena,ximena.cardenas268@gmial.com,(+57) 320-143-7961,4,540000,WEB,2026-07-03 02:00:00
ft_sal_000685,ft_evt_0051,Isabella Cárdenas,isabellacardenas606@outlook.com,573177255665,1,47000,RRPP,2026-06-29 19:00:00
ft_sal_000686,ft_evt_0051,Alejandro Céspedes,alejandrocespedes816@gmail.com,(+57) 305-344-9978,3,165000,WEB,2026-06-16 11:00:00
ft_sal_000687,ft_evt_0051,Manuela Valencia,manuela.valencia897+spam@gmail.com,324 628 4472,3,294000,WEB,2026-06-28 13:00:00
ft_sal_000688,ft_evt_0051,Sebastián Guerrero,sebastianguerrero644@yahoo.com,+57 311 1420262,2,200000,WEB,2026-07-01 17:00:00
ft_sal_000689,ft_evt_0051,S. Martínez,santiago.martinez492+compras@outlook.com,3239619692,6,564000,BOX_OFFICE,2026-07-07 19:00:00
ft_sal_000690,ft_evt_0051,tatiana peña,tatiana.pena33@gmail.com,+57 328 4728069,4,244000,WEB,2026-06-30 13:00:00
ft_sal_000691,ft_evt_0051,Sebastián Mejía,sebastianmejia844@hotmail.com,310 514 7008,1,44000,ADMIN,2026-07-03 04:00:00
ft_sal_000692,ft_evt_0051,Mariana Mejía,marianamejia816@hotmail.com,320 596 9725,1,59000,WEB,2026-06-25 12:00:00
ft_sal_000693,ft_evt_0051,Alejandro Valencia,alejandrovalencia767@hotmail.com,+57 322 8697362,2,0,WEB,2026-06-30 18:00:00
ft_sal_000694,ft_evt_0051,Alejandra Muñoz,alejandra.munoz831+spam@gmail.com,3152288859,1,55000,WEB,2026-06-26 14:00:00
ft_sal_000695,ft_evt_0051,Diana Arango,diana.arango483@gmail.com,+57 328 9176953,2,88000,WEB,2026-06-26 05:00:00
ft_sal_000696,ft_evt_0051,Julián Peña,julianpena740@gmail.com,,1,43000,WEB,2026-06-27 12:00:00
ft_sal_000697,ft_evt_0051,Juan Céspedes,JUAN.CESPEDES28@GMAIL.COM,573189754711,6,354000,WEB,2026-06-26 18:00:00
ft_sal_000698,ft_evt_0051,Juan Suárez,juansuarez533@gmail.com,3153217104,2,120000,WEB,2026-06-26 16:00:00
ft_sal_000699,ft_evt_0051,Miguel Ospina,miguelospina961@gmail.com,323 357 9821,1,154000,WEB,2026-06-27 20:00:00
ft_sal_000700,ft_evt_0051,mateo valencia,mateovalencia517@gmail.com,(+57) 308-295-1821,1,100000,WEB,2026-06-28 20:00:00
ft_sal_000701,ft_evt_0051,Juliana González,juliana.gonzalez67+compras@hotmail.com,306 174 1714,2,190000,WEB,2026-06-22 16:00:00
ft_sal_000702,ft_evt_0051,Mateo Cifuentes,mateocifuentes627@gmail.com,,2,110000,WEB,2026-07-05 07:00:00
ft_sal_000703,ft_evt_0051,A. Suárez,alejandrosuarez181@gmail.com,3099948799,2,272000,WEB,2026-06-22 14:00:00
ft_sal_000704,ft_evt_0051,Juan Martínez,juanmartinez730@gmail.com,(+57) 319-204-1207,2,90000,WEB,2026-06-21 05:00:00
ft_sal_000705,ft_evt_0051,Ramírez Camilo,camilo.ramirez@gmail.com,3069519624,3,189000,WEB,2026-07-04 10:00:00
ft_sal_000706,ft_evt_0051,Muñoz Julián,julin.munoz@outlook.com,(+57) 325-660-1363,1,44000,WEB,2026-06-23 17:00:00
ft_sal_000707,ft_evt_0051,Alejandra Valencia,alejandravalencia292@gmail.com,,2,88000,WEB,2026-07-02 10:00:00
ft_sal_000708,ft_evt_0051,Manuela Arango,manuelaarango755@outlook.com,3234765726,1,97000,WEB,2026-06-18 05:00:00
ft_sal_000709,ft_evt_0051,Natalia Salazar,natalia.salazar144@gmail.com,573136579495,1,47000,WEB,2026-07-05 06:00:00
ft_sal_000710,ft_evt_0051,Camila Restrepo,camila.restrepo@gmail.com,(+57) 326-147-6967,2,180000,WEB,2026-06-27 02:00:00
ft_sal_000711,ft_evt_0051,Óscar Ramírez,oscarramirez960@gmail.com,573294257057,1,141000,WEB,2026-07-01 16:00:00
ft_sal_000712,ft_evt_0051,ALEJANDRO RAMÍREZ,alejandroramirez248@gmail.com,316 425 7646,4,236000,WEB,2026-07-02 05:00:00
ft_sal_000713,ft_evt_0051,Zapata Diego,diegozapata174@gmail.com,(+57) 324-958-0757,1,90000,WEB,2026-06-23 15:00:00
ft_sal_000714,ft_evt_0051,Carlos Ortiz,carlos.ortiz81+boletas@gmail.com,,3,135000,WEB,2026-06-23 02:00:00
ft_sal_000715,ft_evt_0051,Valentina Rojas,valentinarojas246@gmail.com,573187627265,2,288000,WEB,2026-06-23 07:00:00
ft_sal_000716,ft_evt_0051,Valentina Rojas,valentina.rojas31@hotmail.com,(+57) 327-103-6626,1,95000,WEB,2026-06-28 13:00:00
ft_sal_000717,ft_evt_0051,Catalina Vargas,catalinavargas371@gmail.com,322 825 5849,2,128000,BOX_OFFICE,2026-07-07 19:00:00
ft_sal_000718,ft_evt_0051,Mariana Castro Gómez,marianacastro104@hotmail.com,+57 307 9832413,4,176000,WEB,2026-06-23 13:00:00
ft_sal_000719,ft_evt_0051,valentina ortiz,valentinaortiz267@gmail.com,(+57) 312-517-0743,1,62000,WEB,2026-06-27 14:00:00
ft_sal_000720,ft_evt_0051,Camilo Cifuentes Ospina,andres.cifuentes89@gmail.com,+57 329 4443421,2,258000,WEB,2026-06-24 05:00:00
ft_sal_000721,ft_evt_0051,David Jiménez Rojas,davidjimenez870@gmail.com,+57 328 2631887,1,48000,RRPP,2026-07-01 20:00:00
ft_sal_000722,ft_evt_0051,Santiago Cifuentes,santiagocifuentes848@yahoo.com,(+57) 318-331-8975,1,95000,BOX_OFFICE,2026-07-07 04:00:00
ft_sal_000723,ft_evt_0051,óscar cifuentes,oscarcifuentes761@gmail.com,573118198129,4,544000,WEB,2026-06-30 20:00:00
ft_sal_000724,ft_evt_0051,Luisa Céspedes,luisa.cespees69@gmail.com,325 750 1024,3,264000,WEB,2026-07-01 03:00:00
ft_sal_000725,ft_evt_0051,ximena mejía,ximenamejia986@gmail.com,+57 315 8781167,2,122000,BOX_OFFICE,2026-07-07 06:00:00
ft_sal_000726,ft_evt_0051,Manuela Muñoz,tatiana.rodriguez7@gmail.com,324 325 5434,2,84000,WEB,2026-06-26 20:00:00
ft_sal_000727,ft_evt_0051,Sebastián Suárez López,sebastian.suarez74@gmail.com,(+57) 321-480-5835,6,270000,WEB,2026-06-24 02:00:00
ft_sal_000728,ft_evt_0051,Rodríguez Ricardo,ricardo.rodriguez+spam@hotmail.com,(+57) 302-045-9572,1,59000,WEB,2026-07-04 14:00:00
ft_sal_000729,ft_evt_0051,Julián Ospina,JULIAN.OSPINA931@GMAIL.COM,3107963455,2,212000,WEB,2026-06-23 19:00:00
ft_sal_000730,ft_evt_0051,Tatiana Jiménez,tatianajimenez773@gmail.com,3127011283,1,89000,WEB,2026-06-19 14:00:00
ft_sal_000731,ft_evt_0051,Andrea Castro,andrea.castro@gmail.com,+57 315 8256967,3,288000,WEB,2026-06-22 00:00:00
ft_sal_000732,ft_evt_0051,juliana arango,juliana.arango45@gmail.com,315 527 2641,2,300000,WEB,2026-06-23 07:00:00
ft_sal_000733,ft_evt_0051,Camilo González,camilogonzalez238@yahoo.com,,1,99000,WEB,2026-06-27 06:00:00
ft_sal_000734,ft_evt_0051,LUISA RAMÍREZ,luisa.ramrez676@gmail.com,3236728351,1,140000,BOX_OFFICE,2026-07-07 08:00:00
ft_sal_000735,ft_evt_0051,JULIÁN ROJAS,julianrojas52@gmail.com,3050277475,1,43000,WEB,2026-06-27 09:00:00
ft_sal_000736,ft_evt_0051,paula guerrero,paulaguerrero602@gmail.com,+57 329 6545098,1,42000,WEB,2026-06-26 06:00:00
ft_sal_000737,ft_evt_0051,Óscar Ortiz,oscar.ortiz52@gmail.com,319 468 1985,1,45000,BOX_OFFICE,2026-07-07 07:00:00
ft_sal_000738,ft_evt_0051,mariana castro,mariana.casto21@hotmail.com,(+57) 300-661-3421,6,360000,WEB,2026-06-24 19:00:00
ft_sal_000739,ft_evt_0051,CAMILO MARTÍNEZ,camilo.martinez845@gmail.com,+57 322 8378901,4,188000,WEB,2026-06-29 08:00:00
ft_sal_000740,ft_evt_0051,Paula Cárdenas,paulacardenas733@gmail.com,,1,63000,WEB,2026-06-29 12:00:00
ft_sal_000741,ft_evt_0051,Daniela Jiménez,danielajimenez996@gmail.com,3229780652,1,100000,WEB,2026-06-23 18:00:00
ft_sal_000742,ft_evt_0051,Óscar Jiménez,oscarjimenez85@gmail.com,3170893351,1,61000,WEB,2026-07-02 04:00:00
ft_sal_000743,ft_evt_0051,Carlos Moreno,carlosmoreno634@outlook.com,,1,65000,WEB,2026-06-21 07:00:00
ft_sal_000744,ft_evt_0051,Daniela Cardenas,danielacardenas658@hotmail.com,(+57) 323-469-6669,1,49000,WEB,2026-06-26 14:00:00
ft_sal_000745,ft_evt_0051,Camila Ramírez,camila.ramirez+spam@outlook.com,+57 303 0549469,4,248000,WEB,2026-06-20 01:00:00
ft_sal_000746,ft_evt_0051,Sebastián López,sebastian.lopez@gmail.com,+57 310 1015392,1,99000,WEB,2026-06-19 20:00:00
ft_sal_000747,ft_evt_0051,María Valencia,mariavalencia301@gmail.com,311 488 7552,2,290000,WEB,2026-06-28 00:00:00
ft_sal_000748,ft_evt_0051,Sara Hernández,sarahernandez831@gmail.com,3160731431,1,43000,ADMIN,2026-07-01 19:00:00
ft_sal_000749,ft_evt_0051,Catalina Rodríguez,catalina.rodriuez899@gmail.com,3200942000,2,302000,BOX_OFFICE,2026-07-07 10:00:00
ft_sal_000750,ft_evt_0051,Julián Guerrero,julian.guerrero@gmial.com,+57 302 5710331,2,0,WEB,2026-07-01 08:00:00
ft_sal_000751,ft_evt_0051,Miguel Cárdenas,miguel.cardenas93@hotmail.com,(+57) 314-622-4485,1,58000,WEB,2026-06-29 02:00:00
ft_sal_000752,ft_evt_0051,Carolina Arango,carolina.arango79@gmail.com,,1,65000,WEB,2026-06-28 08:00:00
ft_sal_000753,ft_evt_0051,Daniel Zapata Peña,danielzapata979@yahoo.com,(+57) 325-384-6241,3,420000,WEB,2026-06-26 12:00:00
ft_sal_000754,ft_evt_0051,Alejandro Salazar,alejandrosalazar214@gmail.com,(+57) 325-952-9705,2,270000,WEB,2026-06-23 07:00:00
ft_sal_000755,ft_evt_0051,Ximena Castro,ximena.castro972@gmail.com,+57 303 3711515,4,180000,WEB,2026-07-02 18:00:00
ft_sal_000756,ft_evt_0051,Laura Mejía,lauramejia896@hotmail.com,3065705150,2,116000,WEB,2026-06-24 15:00:00
ft_sal_000757,ft_evt_0051,Julián Martínez,julianmartinez250@gmail.com,307 674 5488,2,98000,WEB,2026-07-01 09:00:00
ft_sal_000758,ft_evt_0051,Julián Martínez,julianmartinez481@yahoo.com,,1,62000,WEB,2026-06-16 11:00:00
ft_sal_000759,ft_evt_0051,Alejandra Ramírez Zapata,alejandra.ramirez@yahoo.com,+57 301 9854501,6,336000,WEB,2026-06-28 06:00:00
ft_sal_000760,ft_evt_0051,ISABELLA MARTÍNEZ,isabella.martinez16@gmail.com,329 650 0393,1,45000,BOX_OFFICE,2026-07-07 08:00:00
ft_sal_000761,ft_evt_0051,Catalina Salazar,catalina.salazar@gmail.com,573157724504,1,131000,BOX_OFFICE,2026-07-07 14:00:00
ft_sal_000762,ft_evt_0051,XIMENA CÁRDENAS,ximenacardenas531@hotmail.com,(+57) 310-365-8642,1,41000,WEB,2026-06-26 19:00:00
ft_sal_000763,ft_evt_0051,Felipe Quintero,felipequintero916@gmail.com,,1,95000,WEB,2026-06-21 05:00:00
ft_sal_000764,ft_evt_0051,Ospina Cristian,cristian.ospina@gmial.com,305 593 7973,1,0,WEB,2026-06-24 15:00:00
ft_sal_000765,ft_evt_0051,JUAN HERNÁNDEZ,juanhernandez631@gmail.com,303 735 8810,1,146000,WEB,2026-06-27 10:00:00
ft_sal_000766,ft_evt_0051,Paula López,paulalopez720@hotmail.com,(+57) 313-085-2966,3,135000,WEB,2026-06-26 16:00:00
ft_sal_000767,ft_evt_0051,Santiago Guerrero,santiagoguerrero342@outlook.com,3283750622,6,576000,BOX_OFFICE,2026-07-07 19:00:00
ft_sal_000768,ft_evt_0051,Juan Rodríguez,juan.rodriguez16@hotmail.com,+57 300 2947632,1,42000,WEB,2026-06-25 05:00:00
ft_sal_000769,ft_evt_0051,David Ospina,davidospina289@gmail.com,3088473786,2,202000,WEB,2026-06-30 17:00:00
ft_sal_000770,ft_evt_0051,Nicolás Jiménez,nicolasjimenez240@gmail.com,309 090 7538,2,88000,BOX_OFFICE,2026-07-07 19:00:00
ft_sal_000771,ft_evt_0051,ALEJANDRO JIMÉNEZ,alejandrojimenez122@hotmail.com,(+57) 305-775-0651,1,42000,ADMIN,2026-06-23 19:00:00
ft_sal_000772,ft_evt_0051,Laura Bermúdez,laurabermudez37@gmail.com,+57 326 2988636,2,130000,WEB,2026-06-22 03:00:00
ft_sal_000773,ft_evt_0051,María Betancur,mariabetancur889@hotmail.com,+57 315 2739777,2,84000,WEB,2026-06-24 04:00:00
ft_sal_000774,ft_evt_0051,Nicolás Restrepo,nicolasrestrepo2@gmail.com,(+57) 320-559-8648,2,94000,WEB,2026-06-21 14:00:00
ft_sal_000775,ft_evt_0051,Arango Diego,juan.mejia272@gmail.com,316 432 5185,1,95000,WEB,2026-06-27 14:00:00
ft_sal_000776,ft_evt_0051,F. López,fabian.lopez12@gmail.com,(+57) 306-222-3488,1,46000,WEB,2026-06-27 11:00:00
ft_sal_000777,ft_evt_0051,Julian Suarez,juliansuarez255@hotmail.com,+57 308 3622413,3,168000,ADMIN,2026-06-23 09:00:00
ft_sal_000778,ft_evt_0051,N. Betancur,nataliabetancur635@outlook.com,573190091283,1,46000,WEB,2026-06-28 20:00:00
ft_sal_000779,ft_evt_0051,Cifuentes Miguel,miguel.cifuentes@gmial.com,3265644299,1,62000,WEB,2026-06-30 04:00:00
ft_sal_000780,ft_evt_0051,M. González,manuelagonzalez47@gmail.com,3178893145,1,101000,BOX_OFFICE,2026-07-07 17:00:00
ft_sal_000781,ft_evt_0051,Camilo Lopez,camilo.lopez53@gmail.com,(+57) 328-671-4273,1,88000,WEB,2026-06-22 19:00:00
ft_sal_000782,ft_evt_0051,Luisa Rojas,luisa.rojas68@gmail.com,327 851 5135,1,94000,WEB,2026-06-23 14:00:00
ft_sal_000783,ft_evt_0051,mariana rojas,mariana.rojas98@proton.me,+57 300 5878552,3,141000,WEB,2026-06-27 11:00:00
ft_sal_000784,ft_evt_0051,Tatiana Jiménez,tatianajimenez496@icloud.com,+57 303 8505087,1,143000,WEB,2026-06-26 16:00:00
ft_sal_000785,ft_evt_0051,Catalina Guerrero,catalinaguerrero581@gmail.com,(+57) 314-807-7742,2,172000,ADMIN,2026-06-24 08:00:00
ft_sal_000786,ft_evt_0051,Laura Cárdenas,laura.cardenas580@gmial.com,573161815033,2,186000,WEB,2026-07-04 04:00:00
ft_sal_000787,ft_evt_0051,M. Suárez,mateosuarez839@hotmail.com,3284699978,1,42000,WEB,2026-07-02 04:00:00
ft_sal_000788,ft_evt_0051,Luisa Arango,LUISA.ARANGO@GMAIL.COM,+57 308 5167743,1,58000,WEB,2026-07-02 05:00:00
ft_sal_000789,ft_evt_0051,DANIELA VARGAS,danielavargas650@hotmail.com,573280370477,1,138000,BOX_OFFICE,2026-07-07 08:00:00
ft_sal_000790,ft_evt_0051,Carlos Rodríguez,carlos.rodriguez546@gmial.com,+57 319 3573154,1,64000,WEB,2026-06-27 00:00:00
ft_sal_000791,ft_evt_0051,Camila Jiménez Valencia,camila.jimenez86@gmail.com,+57 301 6213104,2,92000,WEB,2026-06-23 03:00:00
ft_sal_000792,ft_evt_0051,Isabella Bermúdez Valencia,isabellabermudez699@gmail.com,(+57) 308-510-9487,1,45000,BOX_OFFICE,2026-07-07 00:00:00
ft_sal_000793,ft_evt_0051,Diana Hernández,dianahernandez852@gmail.com,3118478135,3,0,WEB,2026-06-25 09:00:00
ft_sal_000794,ft_evt_0051,Camilo Jiménez,camilojimenez669@gmail.com,3218656988,1,58000,WEB,2026-07-04 00:00:00
ft_sal_000795,ft_evt_0051,Mejía Esteban,estebanmejia202@hotmail.com,573115563616,2,94000,WEB,2026-07-05 03:00:00
ft_sal_000796,ft_evt_0051,Juliana Hernández,juliana.hernandez@icloud.com,+57 300 5247063,1,43000,WEB,2026-06-25 03:00:00
ft_sal_000797,ft_evt_0051,Tatiana Rodríguez,tatiana.rodriguez7@gmail.com,,1,63000,WEB,2026-06-21 15:00:00
ft_sal_000798,ft_evt_0051,Fabián Peña Castro,fabianpena428@yahoo.com,+57 327 8578670,2,94000,RRPP,2026-06-21 11:00:00
ft_sal_000799,ft_evt_0051,Natalia Zapata,natalia.zapata818@gmail.com,,2,86000,WEB,2026-06-26 06:00:00
ft_sal_000800,ft_evt_0051,Andrea Cifuentes,andreacifuentes885@gmail.com,(+57) 312-452-7092,1,45000,WEB,2026-06-22 16:00:00
ft_sal_000801,ft_evt_0051,MATEO SALAZAR,mateosalazar9@gmail.com,,3,174000,WEB,2026-06-27 16:00:00
ft_sal_000802,ft_evt_0051,Alejandro Gómez,alejandrogomez165@gmail.com,573089934520,1,47000,WEB,2026-06-25 04:00:00
ft_sal_000803,ft_evt_0051,Óscar Martínez,oscar.martinez@gmail.com,(+57) 319-659-1128,1,43000,BOX_OFFICE,2026-07-07 16:00:00
ft_sal_000804,ft_evt_0051,Sara Ospina,saraospina91@gmail.com,+57 328 9785608,1,46000,WEB,2026-07-01 19:00:00
ft_sal_000805,ft_evt_0051,Julián Suárez,juliansuarez146@gmail.com,+57 316 0405450,3,303000,WEB,2026-06-24 06:00:00
ft_sal_000806,ft_evt_0051,Óscar Zapata,david.ospina469@gmail.com,573077441844,3,441000,WEB,2026-06-22 16:00:00
ft_sal_000807,ft_evt_0051,Diego Rojas,diegorojas@hotmail.com,573020858461,4,240000,WEB,2026-07-05 14:00:00
ft_sal_000808,ft_evt_0051,Manuela Céspedes,manuela.cespedes889@outlook.com,+57 323 0543397,1,45000,WEB,2026-07-03 11:00:00
ft_sal_000809,ft_evt_0051,MANUELA LÓPEZ,manuela.lopez265@gmail.com,3038767428,2,188000,ADMIN,2026-06-29 13:00:00
ft_sal_000810,ft_evt_0051,Fabián Rodríguez,fabianrodriguez868@gmail.com,(+57) 325-286-9969,2,84000,WEB,2026-07-03 14:00:00
ft_sal_000811,ft_evt_0051,Felipe Cárdenas,felipecardenas636@gmail.com,,1,48000,ADMIN,2026-06-25 02:00:00
ft_sal_000812,ft_evt_0051,Suárez María,mariasuarez836@gmail.com,304 467 8891,2,84000,BOX_OFFICE,2026-07-07 11:00:00
ft_sal_000813,ft_evt_0051,Maria Jimenez,maria.jimenez@hotmail.com,(+57) 309-106-8085,2,92000,WEB,2026-06-28 00:00:00
ft_sal_000814,ft_evt_0051,Andrea Ospina,andrea.ospina@outlook.com,+57 324 4682394,3,180000,WEB,2026-06-26 02:00:00
ft_sal_000815,ft_evt_0051,David Vargas,davidvargas@gmail.com,573184270791,1,48000,WEB,2026-07-01 13:00:00
ft_sal_000816,ft_evt_0051,Esteban Ospina,estebanospina10@gmail.com,3130139866,4,216000,WEB,2026-06-29 20:00:00
ft_sal_000817,ft_evt_0051,Julián Cifuentes,juliancifuentes218@hotmail.com,3114462287,1,148000,ADMIN,2026-06-28 17:00:00
ft_sal_000818,ft_evt_0051,Alejandro Salazar,alejandrosalazar765@gmail.com,573092842425,1,42000,WEB,2026-06-30 17:00:00
ft_sal_000819,ft_evt_0051,Alejandra Gómez,alejandra.gomez@hotmail.com,(+57) 326-219-9729,1,101000,WEB,2026-06-28 08:00:00
ft_sal_000820,ft_evt_0051,Carolina Quintero,carolina.quintero10@gmail.com,(+57) 306-272-5992,1,44000,WEB,2026-06-27 15:00:00
ft_sal_000821,ft_evt_0051,Catalina Muñoz,catalina.munoz@yahoo.com,3072054116,1,100000,WEB,2026-07-02 00:00:00
ft_sal_000822,ft_evt_0051,López Camilo,camilo.lopez@gmail.com,3094186644,2,184000,WEB,2026-06-24 01:00:00
ft_sal_000823,ft_evt_0051,Mariana López López,marianalopez35@gmail.com,(+57) 324-928-2339,1,146000,WEB,2026-06-23 18:00:00
ft_sal_000824,ft_evt_0051,Natalia Gómez,natalia.gomez18+compras@gmail.com,300 006 2230,1,57000,WEB,2026-06-25 20:00:00
ft_sal_000825,ft_evt_0051,Cristian Rojas,cristianrojas140@gmail.com,324 424 5593,2,264000,WEB,2026-06-27 15:00:00
ft_sal_000826,ft_evt_0051,camilo restrepo,camilorestrepo329@hotmail.com,3085764385,4,244000,WEB,2026-06-29 13:00:00
ft_sal_000827,ft_evt_0051,Carolina Rodríguez,carolina.rodriguez@icloud.com,(+57) 310-984-7383,1,41000,WEB,2026-07-01 06:00:00
ft_sal_000828,ft_evt_0051,Mejía Laura,laura.mejia800@gmail.com,(+57) 328-281-5397,1,102000,WEB,2026-06-27 15:00:00
ft_sal_000829,ft_evt_0051,juliana quintero,juliana.quintero+compras@gmail.com,(+57) 322-533-6856,3,147000,BOX_OFFICE,2026-07-07 19:00:00
ft_sal_000830,ft_evt_0051,Maria Betancur,maria.betancur@yahoo.com,+57 305 3833691,1,50000,WEB,2026-06-24 14:00:00
ft_sal_000831,ft_evt_0051,Isabella Betancur,isabella.betancur89@gmail.com,+57 306 4254339,1,48000,RRPP,2026-07-01 11:00:00
ft_sal_000832,ft_evt_0051,Guerrero Andrea,andrea.guerrero@gmail.com,+57 308 9867138,1,61000,BOX_OFFICE,2026-07-07 14:00:00
ft_sal_000833,ft_evt_0051,Ospina Cristian,cristian.ospina@gmail.com,304 478 4281,3,135000,WEB,2026-06-24 10:00:00
ft_sal_000834,ft_evt_0051,santiago bermúdez,santiago.bermudez12+compras@hotmail.com,,3,441000,ADMIN,2026-06-26 16:00:00
ft_sal_000835,ft_evt_0051,Diego Cespedes,DIEGO.CESPEDES11@HOTMAIL.COM,(+57) 306-282-1485,2,196000,WEB,2026-06-26 12:00:00
ft_sal_000836,ft_evt_0051,Óscar Cárdenas,oscar.cardenas87@gmial.com,,1,100000,ADMIN,2026-07-01 11:00:00
ft_sal_000837,ft_evt_0051,Tatiana Valencia,tatianavalencia260@gmail.com,(+57) 327-305-6165,2,196000,WEB,2026-06-27 11:00:00
ft_sal_000838,ft_evt_0051,LAURA RODRÍGUEZ,laurarodriguez55@gmail.com,3278511711,2,120000,WEB,2026-07-01 03:00:00
ft_sal_000839,ft_evt_0051,M. Rojas,marianarojas950@hotmail.com,302 150 8024,1,91000,ADMIN,2026-07-03 06:00:00
ft_sal_000840,ft_evt_0051,Juan Arango,juan.arango@yahoo.com,+57 307 5911351,1,44000,BOX_OFFICE,2026-07-07 16:00:00
ft_sal_000841,ft_evt_0051,Esteban López,esteban.lopez91@gmail.com,,4,256000,WEB,2026-07-01 10:00:00
ft_sal_000842,ft_evt_0051,Juan Hernández,juanhernandez611@gmail.com,(+57) 308-963-8837,3,126000,RRPP,2026-07-01 08:00:00
ft_sal_000843,ft_evt_0051,paula gómez,paulagomez604@hotmail.com,573068591499,2,186000,WEB,2026-07-02 02:00:00
ft_sal_000844,ft_evt_0051,Diego Jiménez,diego.jimenez98@gmail.com,+57 318 4931744,1,46000,WEB,2026-06-24 17:00:00
ft_sal_000845,ft_evt_0051,Juan López,juanlopez885@hotmail.com,573195963884,1,45000,WEB,2026-06-26 07:00:00
ft_sal_000846,ft_evt_0051,diana peña,dianapena724@gmail.com,325 774 1625,1,98000,WEB,2026-06-30 12:00:00
ft_sal_000847,ft_evt_0051,Mariana Ramírez,mariana.ramirez@outlok.com,3085723855,1,62000,WEB,2026-06-23 12:00:00
ft_sal_000848,ft_evt_0051,Esteban Moreno,esteban.moreno43@gmail.com,+57 309 6091077,2,200000,WEB,2026-06-25 01:00:00
ft_sal_000849,ft_evt_0051,Maria Martinez,mariamartinez181@gmail.com,3252029162,2,84000,WEB,2026-07-01 08:00:00
ft_sal_000850,ft_evt_0051,T. Salazar,tatianasalazar979@gmail.com,(+57) 328-046-7178,1,97000,WEB,2026-06-21 14:00:00
ft_sal_000851,ft_evt_0051,maría jiménez,maria.jimenez97@gmail.com,+57 311 5099882,1,43000,WEB,2026-06-25 07:00:00
ft_sal_000852,ft_evt_0051,Óscar Rojas,oscr.rojas25@gmail.com,322 135 5214,2,116000,WEB,2026-07-03 17:00:00
ft_sal_000853,ft_evt_0051,Juan Ramírez,JUAN.RAMIREZ35@GMAIL.COM,,2,84000,ADMIN,2026-07-01 18:00:00
ft_sal_000854,ft_evt_0051,David Castro Restrepo,davidcastro420@hotmail.com,(+57) 309-751-6004,1,55000,WEB,2026-07-06 17:00:00
ft_sal_000855,ft_evt_0051,Mateo Gómez,mateo.gomez836@gmail.com,573123151555,1,44000,BOX_OFFICE,2026-07-07 14:00:00
ft_sal_000856,ft_evt_0051,Laura Guerrero Valencia,lauraguerrero375@outlook.com,313 817 8670,1,0,WEB,2026-07-01 15:00:00
ft_sal_000857,ft_evt_0051,Camilo López,camilo.lopez@gmail.com,3094168644,2,124000,WEB,2026-06-16 12:00:00
ft_sal_000858,ft_evt_0051,Rodríguez Alejandro,alejandrorodriguez380@hotmail.com,3016512541,1,149000,WEB,2026-06-24 20:00:00
ft_sal_000859,ft_evt_0051,Sara Martínez Vargas,saramartinez538@outlook.com,+57 323 9394408,2,122000,WEB,2026-07-01 05:00:00
ft_sal_000860,ft_evt_0051,Manuela González,manuelagonzalez821@gmail.com,306 297 2411,3,138000,WEB,2026-06-19 17:00:00
ft_sal_000861,ft_evt_0051,Ximena Castro Ospina,ximena.castro972+eventos@gmail.com,3033711515,1,97000,WEB,2026-07-02 16:00:00
ft_sal_000862,ft_evt_0051,Camila Martínez,camilamartinez487@yahoo.com,325 283 5580,4,252000,WEB,2026-06-18 05:00:00
ft_sal_000863,ft_evt_0051,Daniela Hernández Moreno,daniela.ernandez@gmail.com,3119485197,1,60000,WEB,2026-07-04 15:00:00
ft_sal_000864,ft_evt_0051,Miguel Rojas,miguelrojas858@gmail.com,573139093419,1,46000,WEB,2026-06-24 16:00:00
ft_sal_000865,ft_evt_0051,ALEJANDRA BERMÚDEZ,alejandrabermudez818@gmail.com,,1,47000,WEB,2026-06-22 15:00:00
ft_sal_000866,ft_evt_0051,María Muñoz,mariamunoz58@icloud.com,+57 302 3125161,2,116000,WEB,2026-07-05 08:00:00
ft_sal_000867,ft_evt_0051,Daniel Zapata,daniel.zapata@hotmial.com,3179026266,1,43000,WEB,2026-07-03 07:00:00
ft_sal_000868,ft_evt_0051,Sara Salazar,sarasalazar244@gmail.com,+57 312 6590906,2,268000,WEB,2026-06-26 03:00:00
ft_sal_000869,ft_evt_0051,Carolina Ortiz,carolinaortiz696@proton.me,3033655181,1,145000,ADMIN,2026-06-19 16:00:00
ft_sal_000870,ft_evt_0051,Julián Restrepo,jlian.restrepo66@gmail.com,573016612492,1,49000,WEB,2026-06-30 15:00:00
ft_sal_000871,ft_evt_0051,Carlos Cárdenas,carlos.cardenas184@gmail.com,573109235807,3,144000,WEB,2026-06-29 12:00:00
ft_sal_000872,ft_evt_0051,Miguel Guerrero,miguelguerrero963@gmail.com,+57 320 1811355,1,93000,WEB,2026-06-28 15:00:00
ft_sal_000873,ft_evt_0051,Mateo Zapata,mateozapata458@gmail.com,,1,100000,WEB,2026-06-15 11:00:00
ft_sal_000874,ft_evt_0051,Valencia Diego,diegovalencia243@gmail.com,310 524 4527,4,176000,WEB,2026-06-24 00:00:00
ft_sal_000875,ft_evt_0051,Carlos Bermúdez,carlosbermudez383@yahoo.com,573242427863,1,48000,WEB,2026-07-05 07:00:00
ft_sal_000876,ft_evt_0051,Ximena Gómez,ximena.gomez695@outlook.com,573024060077,4,568000,ADMIN,2026-06-26 14:00:00
ft_sal_000877,ft_evt_0051,Nicolás Arango,nicolasarango551@gmail.com,(+57) 320-863-9363,1,61000,WEB,2026-06-26 20:00:00
ft_sal_000878,ft_evt_0051,Diego Mejía,diegomejia613@gmail.com,+57 317 1154607,4,188000,WEB,2026-06-24 15:00:00
ft_sal_000879,ft_evt_0051,Mateo Gómez,mateo.gomez47@gmial.com,,1,131000,ADMIN,2026-06-26 02:00:00
ft_sal_000880,ft_evt_0051,Juan Quintero,manuela.valencia@gmail.com,+57 317 6115015,3,126000,WEB,2026-06-16 19:00:00
ft_sal_000881,ft_evt_0051,Camila Restrepo,camila.restrepo+compras@gmail.com,3175274672,1,56000,BOX_OFFICE,2026-07-07 17:00:00
ft_sal_000882,ft_evt_0051,miguel vargas,miguelvargas100@outlook.com,(+57) 311-163-2593,2,128000,WEB,2026-06-26 20:00:00
ft_sal_000883,ft_evt_0051,Esteban Cárdenas,estebancardenas660@hotmail.com,+57 325 0981564,4,228000,WEB,2026-06-27 08:00:00
ft_sal_000884,ft_evt_0051,Catalina Pena,catalina.pena640@gmial.com,(+57) 317-437-0439,1,143000,BOX_OFFICE,2026-07-07 12:00:00
ft_sal_000885,ft_evt_0051,Valentina Peña,sara.bermudez82@gmail.com,+57 319 8876178,3,129000,WEB,2026-06-24 15:00:00
ft_sal_000886,ft_evt_0051,Santiago Zapata,santiago.zapata70@icloud.com,3040261671,1,56000,BOX_OFFICE,2026-07-07 03:00:00
ft_sal_000887,ft_evt_0051,daniel jiménez,danieljimenez655@outlook.com,315 051 2216,1,65000,WEB,2026-06-21 10:00:00
ft_sal_000888,ft_evt_0051,Mateo Peña,mateo.pena57@outlok.com,301 753 0416,2,190000,WEB,2026-06-29 14:00:00
ft_sal_000889,ft_evt_0051,Carolina Bermúdez,ximena.cespedes485@gmail.com,(+57) 303-414-5080,1,0,WEB,2026-07-01 19:00:00
ft_sal_000890,ft_evt_0051,Cifuentes Alejandro,alejandrocifuentes983@hotmail.com,327 228 3511,1,46000,WEB,2026-06-27 15:00:00
ft_sal_000891,ft_evt_0051,Nicolás Quintero Gómez,nicolasquintero445@outlook.com,312 065 4526,1,44000,BOX_OFFICE,2026-07-07 07:00:00
ft_sal_000892,ft_evt_0051,Miguel Rojas,miguel.rojas4@gmail.com,(+57) 325-592-1066,1,0,WEB,2026-07-04 04:00:00
ft_sal_000893,ft_evt_0051,Oscar Vargas,oscar.vargas760+eventos@gmail.com,(+57) 326-028-9022,1,0,WEB,2026-07-02 16:00:00
ft_sal_000894,ft_evt_0051,Luisa Peña,luisapena426@gmail.com,(+57) 306-952-0138,2,90000,WEB,2026-06-26 09:00:00
ft_sal_000895,ft_evt_0051,Daniel Salazar,daniel.salazar530@hotmail.com,(+57) 304-855-4221,6,600000,WEB,2026-06-23 10:00:00
ft_sal_000896,ft_evt_0051,CARLOS BERMÚDEZ,carlosbermudez827@hotmail.com,3162911140,1,45000,WEB,2026-07-03 00:00:00
ft_sal_000897,ft_evt_0051,Sebastián Moreno,sebastian.moreno44@hotmail.com,3297795811,1,45000,ADMIN,2026-06-29 06:00:00
ft_sal_000898,ft_evt_0051,D. Peña,danielpena646@hotmail.com,+57 303 6821798,1,48000,WEB,2026-07-05 08:00:00
ft_sal_000899,ft_evt_0051,Óscar Martínez,oscar.martinez@outlook.com,3180225922,1,0,WEB,2026-06-28 02:00:00
ft_sal_000900,ft_evt_0051,Sara Arango,saraarango755@icloud.com,(+57) 310-543-8984,2,84000,WEB,2026-06-20 02:00:00
ft_sal_000901,ft_evt_0051,Miguel Céspedes,miguel.espedes@gmail.com,3264739150,2,184000,WEB,2026-07-05 12:00:00
ft_sal_000902,ft_evt_0051,Mateo Guerrero,mateoguerrero56@outlook.com,(+57) 320-259-5731,1,65000,WEB,2026-06-29 10:00:00
ft_sal_000903,ft_evt_0051,Nicolas Restrepo,nicolasrestrepo21@gmail.com,,2,94000,ADMIN,2026-07-03 00:00:00
ft_sal_000904,ft_evt_0051,Diana Mejia,dianamejia373@icloud.com,3219536172,1,42000,WEB,2026-06-29 05:00:00
ft_sal_000905,ft_evt_0051,Fabián Quintero,fabianquintero513@gmail.com,,2,0,WEB,2026-06-22 18:00:00
ft_sal_000906,ft_evt_0051,Diego Jiménez,diego.jimenez98+eventos@gmail.com,318 493 1744,2,188000,WEB,2026-07-06 02:00:00
ft_sal_000907,ft_evt_0051,Santiago Hernández Arango,santiago.hernandez72@gmail.com,,2,114000,BOX_OFFICE,2026-07-07 13:00:00
ft_sal_000908,ft_evt_0051,Alejandro Quintero,alejandro.quintero43@outlook.com,,6,372000,WEB,2026-06-28 11:00:00
ft_sal_000909,ft_evt_0051,mariana guerrero,mariana.guerrero668@gmail.com,573129588737,3,141000,RRPP,2026-06-23 18:00:00
ft_sal_000910,ft_evt_0051,Ximena Vargas,ximena.vargas76@gmial.com,+57 307 8769844,1,47000,RRPP,2026-06-22 17:00:00
ft_sal_000911,ft_evt_0051,Sebastián Hernández,sebastianhernandez147@gmail.com,327 327 0383,1,45000,BOX_OFFICE,2026-07-07 13:00:00
ft_sal_000912,ft_evt_0051,Mateo Betancur,mateo.betancur@gmail.com,(+57) 314-257-7736,2,208000,BOX_OFFICE,2026-07-07 10:00:00
ft_sal_000913,ft_evt_0051,Daniela Vargas,danielavargas661@hotmail.com,,2,188000,WEB,2026-06-29 04:00:00
ft_sal_000914,ft_evt_0051,Alejandro López,alejandrolopez857@yahoo.com,308 950 6282,2,90000,WEB,2026-07-01 12:00:00
ft_sal_000915,ft_evt_0051,Isabella Vargas,isabella.vargas@icloud.com,329 596 2134,1,41000,WEB,2026-06-23 19:00:00
ft_sal_000916,ft_evt_0051,Daniel Betancur,danielbetancur676@gmail.com,3099200738,4,188000,WEB,2026-07-02 04:00:00
ft_sal_000917,ft_evt_0051,DAVID CIFUENTES,david.cifuentes43@gmail.com,312 228 3936,1,65000,WEB,2026-06-27 15:00:00
ft_sal_000918,ft_evt_0051,Daniel Ortiz,daniel.ortiz95@gmail.com,,1,60000,WEB,2026-06-21 19:00:00
ft_sal_000919,ft_evt_0051,Rodríguez Andrés,andres.rodriguez110@gmail.com,3174323300,2,86000,WEB,2026-06-28 12:00:00
ft_sal_000920,ft_evt_0051,Mateo Cifuentes,mateocifuentes194@yahoo.com,3182606110,3,0,BOX_OFFICE,2026-07-07 16:00:00
ft_sal_000921,ft_evt_0051,Alejandro Castro Zapata,alejandrocastro888@gmail.com,3110203835,2,114000,WEB,2026-06-26 06:00:00
ft_sal_000922,ft_evt_0051,Alejandra Peña,alejandra.pena697@gmial.com,304 556 4721,2,186000,BOX_OFFICE,2026-07-07 04:00:00
ft_sal_000923,ft_evt_0051,Laura Ramírez,lauraramirez925@gmail.com,305 452 2170,1,44000,WEB,2026-06-24 10:00:00
ft_sal_000924,ft_evt_0051,Santiago Valencia Guerrero,santiago.valencia117@outlook.com,(+57) 305-829-2426,1,135000,WEB,2026-06-30 19:00:00
ft_sal_000925,ft_evt_0051,Santiago Quintero,santiagoquintero135@gmail.com,,3,132000,WEB,2026-06-20 00:00:00
ft_sal_000926,ft_evt_0051,Sebastián Betancur Mejía,juliana.munoz672@gmail.com,+57 320 7344864,2,90000,WEB,2026-06-22 09:00:00
ft_sal_000927,ft_evt_0051,Paula Cardenas,paula.cardens@yahoo.com,,3,0,WEB,2026-06-29 09:00:00
ft_sal_000928,ft_evt_0051,Mariana Bermúdez Bermúdez,marianabermudez431@icloud.com,(+57) 301-420-6440,1,61000,WEB,2026-07-02 09:00:00
ft_sal_000929,ft_evt_0051,Diego Suárez,diegosuarez1@gmail.com,,1,89000,WEB,2026-06-30 00:00:00
ft_sal_000930,ft_evt_0051,Juan González,juan.gonzalez257@gmail.com,,6,0,WEB,2026-06-28 03:00:00
ft_sal_000931,ft_evt_0051,Alejandro González,alejandrogonzalez768@hotmail.com,300 850 5423,2,82000,WEB,2026-06-30 11:00:00
ft_sal_000932,ft_evt_0051,Paula Cifuentes,paulacifuentes930@icloud.com,+57 308 5509827,2,86000,WEB,2026-06-30 10:00:00
ft_sal_000933,ft_evt_0051,Julián Ospina Jiménez,julianospina187@gmail.com,573227473901,1,60000,WEB,2026-07-01 04:00:00
ft_sal_000934,ft_evt_0051,Manuela Gonzalez,manuelagonzalez70@gmail.com,315 064 0193,2,124000,WEB,2026-07-01 20:00:00
ft_sal_000935,ft_evt_0051,Quintero Julián,JULIAN.QUINTERO@GMAIL.COM,573244059187,2,190000,WEB,2026-07-02 16:00:00
ft_sal_000936,ft_evt_0051,NATALIA ROJAS,nataliarojas670@gmail.com,320 260 6915,4,248000,WEB,2026-06-25 07:00:00
ft_sal_000937,ft_evt_0051,Manuela González Rojas,manuelagonzalez461@gmail.com,(+57) 301-379-2885,1,57000,BOX_OFFICE,2026-07-07 15:00:00
ft_sal_000938,ft_evt_0051,Laura González,laura.gonzalez49@gmail.com,+57 308 6927628,3,414000,WEB,2026-06-29 10:00:00
ft_sal_000939,ft_evt_0051,Camilo Quintero,camiloquintero940@gmail.com,+57 311 6841930,2,318000,BOX_OFFICE,2026-07-07 10:00:00
ft_sal_000940,ft_evt_0051,Carlos Ramírez,carlos.ramirez41@gmail.com,,4,248000,WEB,2026-06-26 09:00:00
ft_sal_000941,ft_evt_0051,mariana salazar,mariana.salazar79+compras@outlook.com,573273782034,1,96000,WEB,2026-06-24 09:00:00
ft_sal_000942,ft_evt_0051,Diana Martínez,dianamartinez192@gmail.com,303 598 4954,2,96000,WEB,2026-07-03 09:00:00
ft_sal_000943,ft_evt_0051,sara guerrero,saraguerrero924@hotmail.com,(+57) 320-561-5952,1,97000,WEB,2026-07-01 14:00:00
ft_sal_000944,ft_evt_0051,Andrea Jiménez,andreajimenez737@gmail.com,(+57) 315-202-9342,3,291000,BOX_OFFICE,2026-07-07 14:00:00
ft_sal_000945,ft_evt_0051,Daniel Betancur,danielbetancur473@gmail.com,(+57) 307-802-7449,1,140000,BOX_OFFICE,2026-07-07 07:00:00
ft_sal_000946,ft_evt_0051,Andrés Rojas,andresrojas364@gmail.com,3152766383,1,0,WEB,2026-06-24 00:00:00
ft_sal_000947,ft_evt_0051,Esteban Guerrero,estebanguerrero225@gmail.com,(+57) 311-562-9216,1,94000,WEB,2026-06-30 07:00:00
ft_sal_000948,ft_evt_0051,Ramírez Miguel,miguelramirez169@gmail.com,(+57) 328-234-1966,2,288000,WEB,2026-06-18 11:00:00
ft_sal_000949,ft_evt_0051,Carolina Ospina,carolinaospina7@gmail.com,+57 301 0625042,1,46000,WEB,2026-07-01 12:00:00
ft_sal_000950,ft_evt_0051,Mateo Zapata,mateo.zapata33@gmail.com,3128109967,2,194000,WEB,2026-06-24 06:00:00
ft_sal_000951,ft_evt_0051,carlos restrepo,carlosrestrepo416@gmail.com,573057892307,1,49000,BOX_OFFICE,2026-07-07 05:00:00
ft_sal_000952,ft_evt_0051,Catalina Suárez,catalina.suarez39@gmail.com,+57 306 7973891,2,132000,BOX_OFFICE,2026-07-07 15:00:00
ft_sal_000953,ft_evt_0051,Paula Vargas,paula.vargas705@outlook.com,(+57) 317-972-8279,1,98000,WEB,2026-07-03 09:00:00
ft_sal_000954,ft_evt_0051,María Quintero,mariaquintero671@outlook.com,(+57) 303-142-1443,2,94000,WEB,2026-06-23 07:00:00
ft_sal_000955,ft_evt_0051,Santiago Quintero,SANTIAGO.QUINTERO823@GMAIL.COM,325 436 5610,3,423000,WEB,2026-06-28 03:00:00
ft_sal_000956,ft_evt_0051,cristian guerrero,cristian.guerrero55@yahoo.com,(+57) 323-570-3886,3,186000,WEB,2026-06-24 11:00:00
ft_sal_000957,ft_evt_0051,fabián zapata,fabian.zapata37@gmail.com,+57 328 3056163,2,0,BOX_OFFICE,2026-07-07 18:00:00
ft_sal_000958,ft_evt_0051,Manuela Castro Jiménez,manuela.castro@gmail.com,312 100 8774,1,142000,WEB,2026-06-29 00:00:00
ft_sal_000959,ft_evt_0051,Daniel Salazar,danielsalazar175@outlook.com,573067785726,4,244000,WEB,2026-06-20 06:00:00
ft_sal_000960,ft_evt_0051,Sebastián Mejía,sebstian.mejia293@gmail.com,304 625 5303,1,43000,WEB,2026-06-26 07:00:00
ft_sal_000961,ft_evt_0051,Daniela Céspedes,danielacespedes490@gmail.com,573221780639,6,0,WEB,2026-06-24 14:00:00
ft_sal_000962,ft_evt_0051,CRISTIAN GONZÁLEZ,cristiangonzalez987@icloud.com,,1,98000,WEB,2026-06-30 06:00:00
ft_sal_000963,ft_evt_0051,Juliana Ortiz Castro,JULIANA.ORTIZ68@HOTMAIL.COM,324 111 5581,2,276000,WEB,2026-07-03 18:00:00
ft_sal_000964,ft_evt_0051,andrés gonzález,andres.gonzalez19+spam@yahoo.com,3002239025,2,92000,BOX_OFFICE,2026-07-07 13:00:00
ft_sal_000965,ft_evt_0051,Andrés López,andres.lopez80@hotmail.com,+57 322 6821159,2,196000,WEB,2026-06-25 01:00:00
ft_sal_000966,ft_evt_0051,Catalina Gómez,catalinagomez629@gmail.com,,2,94000,WEB,2026-06-27 15:00:00
ft_sal_000967,ft_evt_0051,Céspedes Mateo,mateocespedes291@gmail.com,573111107473,2,88000,WEB,2026-06-19 01:00:00
ft_sal_000968,ft_evt_0051,Oscar Pena,OSCAR.PENA9@GMAIL.COM,323 741 7031,1,47000,WEB,2026-06-24 11:00:00
ft_sal_000969,ft_evt_0051,Miguel Rodríguez,miguel.rodriguez42@gmail.com,314 462 2366,3,195000,WEB,2026-06-27 03:00:00
ft_sal_000970,ft_evt_0051,camila mejía,camilamejia862@gmail.com,317 952 8831,2,122000,WEB,2026-07-03 00:00:00
ft_sal_000971,ft_evt_0051,Juan Mejia,juanmejia183@outlook.com,321 473 8693,6,264000,BOX_OFFICE,2026-07-07 01:00:00
ft_sal_000972,ft_evt_0051,Mariana Cifuentes,mariana.cifuentes@yahoo.com,3220770044,1,94000,WEB,2026-06-25 11:00:00
ft_sal_000973,ft_evt_0051,Isabella Céspedes,isabella.cespedes+spam@gmail.com,+57 322 6504640,2,122000,WEB,2026-06-28 06:00:00
ft_sal_000974,ft_evt_0051,Andrea Valencia,andreavalencia357@proton.me,3144875010,1,55000,WEB,2026-06-22 07:00:00
ft_sal_000975,ft_evt_0051,Carlos Vargas,carlos.vargas@hotmail.com,,2,282000,WEB,2026-06-30 20:00:00
ft_sal_000976,ft_evt_0051,Alejandro Castro,alejandro.castro843@hotmail.com,3122368786,3,0,BOX_OFFICE,2026-07-07 15:00:00
ft_sal_000977,ft_evt_0051,Fabián Vargas,fabianvargas24@gmail.com,3065990434,1,102000,BOX_OFFICE,2026-07-07 07:00:00
ft_sal_000978,ft_evt_0051,Alejandra Jimenez,alejandrajimenez8@gmail.com,,6,258000,WEB,2026-06-29 16:00:00
ft_sal_000979,ft_evt_0051,Carlos Arango,carlos.arango767@gmail.com,300 808 2126,2,276000,WEB,2026-06-26 12:00:00
ft_sal_000980,ft_evt_0051,Juliana Jiménez,juliana.jimenez@gmail.com,573244171120,4,196000,WEB,2026-06-21 09:00:00
ft_sal_000981,ft_evt_0051,Camila López Bermúdez,camila.lopez@gmail.com,310 443 7569,1,61000,ADMIN,2026-06-23 06:00:00
ft_sal_000982,ft_evt_0051,Alejandro Peña,alejandro.pena29@hotmail.com,573262661559,1,139000,WEB,2026-06-18 01:00:00
ft_sal_000983,ft_evt_0051,Quintero Juan,sebastian.rodriguez268@gmail.com,573281213924,1,43000,WEB,2026-07-02 05:00:00
ft_sal_000984,ft_evt_0051,Carolina Mejía,david.arango40@gmail.com,3215968889,3,189000,BOX_OFFICE,2026-07-07 00:00:00
ft_sal_000985,ft_evt_0051,C. Céspedes,diego.lopez486@outlook.com,327 848 5105,3,141000,WEB,2026-06-26 19:00:00
ft_sal_000986,ft_evt_0051,Cristian Restrepo,cristianrestrepo723@hotmail.com,+57 307 9003089,1,95000,WEB,2026-06-28 06:00:00
ft_sal_000987,ft_evt_0051,Camila Restrepo,camila.restrepo@gmail.com,326 146 7967,1,44000,WEB,2026-07-02 05:00:00
ft_sal_000988,ft_evt_0051,Carolina González,carolina.gonzalez@proton.me,+57 315 2881787,2,178000,WEB,2026-06-30 18:00:00
ft_sal_000989,ft_evt_0051,M. Castro,mateo.castro43@gmail.com,573056288803,2,94000,WEB,2026-06-30 19:00:00
ft_sal_000990,ft_evt_0051,Isabella Restrepo,ISABELLA.RESTREPO@GMAIL.COM,(+57) 317-659-5563,3,441000,WEB,2026-06-23 06:00:00
ft_sal_000991,ft_evt_0051,Carlos Zapata,carlos.zapata@gmail.com,(+57) 329-225-1270,1,0,WEB,2026-06-26 03:00:00
ft_sal_000992,ft_evt_0051,Miguel Muñoz,miguelmunoz483@gmail.com,,1,95000,WEB,2026-06-26 03:00:00
ft_sal_000993,ft_evt_0051,Juliana Hernández,julianahernandez349@gmail.com,,2,90000,WEB,2026-06-25 20:00:00
ft_sal_000994,ft_evt_0051,Valentina Ospina,valentinaospina302@outlook.com,310 273 4698,1,48000,BOX_OFFICE,2026-07-07 04:00:00
ft_sal_000995,ft_evt_0051,Julian Zapata,julian.zapata@gmail.com,3084118499,1,44000,WEB,2026-07-01 18:00:00
ft_sal_000996,ft_evt_0051,Daniel Suarez,danielsuarez994@gmail.com,+57 302 4681167,1,102000,WEB,2026-06-29 13:00:00
ft_sal_000997,ft_evt_0051,Sara Arango,saraarango252@gmail.com,3076903924,1,141000,WEB,2026-06-29 15:00:00
ft_sal_000998,ft_evt_0051,Mateo Muñoz López,mateomunoz433@gmail.com,573268822202,2,94000,ADMIN,2026-06-25 19:00:00
ft_sal_000999,ft_evt_0051,Jiménez Santiago,santiagojimenez259@gmail.com,573099741021,1,58000,WEB,2026-06-27 10:00:00
ft_sal_001000,ft_evt_0051,ANDRÉS VALENCIA,andresvalencia171@gmail.com,314 620 9416,1,62000,WEB,2026-06-27 10:00:00
ft_sal_001001,ft_evt_0051,Daniel Salazar,danielsalazar452@gmail.com,,1,44000,WEB,2026-06-26 20:00:00
ft_sal_001002,ft_evt_0051,Miguel Bermúdez,miguelbermudez98@gmail.com,(+57) 304-497-9237,1,48000,WEB,2026-06-16 05:00:00
ft_sal_001003,ft_evt_0051,Alejandra Zapata,alejandra.zapata80@gmail.com,+57 303 6935825,1,45000,WEB,2026-06-28 00:00:00
ft_sal_001004,ft_evt_0051,Cárdenas Tatiana,tatiana.cardenas68@gmail.com,573280449618,1,44000,WEB,2026-06-28 07:00:00
ft_sal_001005,ft_evt_0051,Mariana Rojas,mariana.rojas98+spam@proton.me,573005878552,1,147000,WEB,2026-07-06 11:00:00
ft_sal_001006,ft_evt_0051,Betancur Felipe,felipe.betancur63@gmail.com,,2,0,BOX_OFFICE,2026-07-07 11:00:00
ft_sal_001007,ft_evt_0051,Andrés Quintero,andres.quintero106@gmail.com,573127728036,2,122000,ADMIN,2026-06-25 07:00:00
ft_sal_001008,ft_evt_0051,Sara Jimenez,SARA.JIMENEZ@GMAIL.COM,+57 301 8580675,2,190000,WEB,2026-07-03 10:00:00
ft_sal_001009,ft_evt_0051,Carlos Mejía,carlosmejia965@gmail.com,(+57) 325-762-0420,1,129000,WEB,2026-07-01 10:00:00
ft_sal_001010,ft_evt_0051,I. Peña,isabella.pena@gmail.com,3172584619,2,90000,WEB,2026-06-29 12:00:00
ft_sal_001011,ft_evt_0051,Mariana Castro,mariana.castro21@hotmail.com,300 661 3421,2,98000,WEB,2026-07-01 09:00:00
ft_sal_001012,ft_evt_0051,David Arango,david.arango@hotmail.com,307 043 9157,1,46000,RRPP,2026-06-27 09:00:00
ft_sal_001013,ft_evt_0051,óscar restrepo,oscar.restrepo@gmail.com,573227200757,1,0,WEB,2026-06-27 10:00:00
ft_sal_001014,ft_evt_0051,Cristian Moreno,cristianmoreno74@gmail.com,,1,144000,BOX_OFFICE,2026-07-07 18:00:00
ft_sal_001015,ft_evt_0051,Alejandra Gómez,alejandragomez454@gmail.com,573116490062,1,65000,WEB,2026-06-25 01:00:00
ft_sal_001016,ft_evt_0051,Betancur Tatiana,tatianabetancur176@gmail.com,321 489 4296,2,128000,BOX_OFFICE,2026-07-07 11:00:00
ft_sal_001017,ft_evt_0051,Juan Ortiz Moreno,juan.ortiz69@gmail.com,3109293862,2,192000,WEB,2026-07-02 09:00:00
ft_sal_001018,ft_evt_0051,Carolina Rodríguez Peña,carolinarodriguez604@gmail.com,3045199979,4,552000,WEB,2026-06-28 15:00:00
ft_sal_001019,ft_evt_0051,david moreno,davidmoreno501@hotmail.com,+57 307 5016902,2,252000,WEB,2026-06-30 19:00:00
ft_sal_001020,ft_evt_0051,isabella restrepo,isablla.restrepo17@gmail.com,+57 319 9497609,2,0,WEB,2026-06-30 02:00:00
ft_sal_001021,ft_evt_0051,Cifuentes Óscar,oscarcifuentes787@gmail.com,3141418071,1,42000,WEB,2026-06-22 12:00:00
ft_sal_001022,ft_evt_0051,Daniel Ortiz,oscar.rojas67@icloud.com,,6,354000,WEB,2026-06-23 11:00:00
ft_sal_001023,ft_evt_0051,Luisa Valencia,luisavalencia390@gmail.com,(+57) 304-040-7151,1,137000,WEB,2026-07-04 20:00:00
ft_sal_001024,ft_evt_0051,Daniela Vargas,DANIELA.VARGAS9@GMAIL.COM,3154960230,2,114000,WEB,2026-07-04 13:00:00
ft_sal_001025,ft_evt_0028,Laura Bermúdez,laurabermudez476@gmail.com,3255765655,4,192000,BOX_OFFICE,2026-07-08 03:00:00
ft_sal_001026,ft_evt_0028,Daniel Ospina,daniel.ospina817@gmail.com,573165964900,1,46000,WEB,2026-06-24 19:00:00
ft_sal_001027,ft_evt_0028,Sebastián Cárdenas,sebastiancardenas668@gmail.com,(+57) 308-321-5195,3,165000,RRPP,2026-06-28 12:00:00
ft_sal_001028,ft_evt_0028,Andrea Bermudez,andrea.bermudez21@outlook.com,3047003792,1,44000,BOX_OFFICE,2026-07-08 19:00:00
ft_sal_001029,ft_evt_0028,Daniela Muñoz,daniela.munoz@hotmail.com,+57 315 7994534,1,147000,ADMIN,2026-06-28 06:00:00
ft_sal_001030,ft_evt_0028,mariana castro,marianacastro322@gmail.com,325 088 8015,2,118000,WEB,2026-07-02 08:00:00
ft_sal_001031,ft_evt_0028,D. Ospina,diego.ospina58+spam@outlook.com,+57 328 0803627,1,62000,WEB,2026-07-04 06:00:00
ft_sal_001032,ft_evt_0028,Andrea Ospina,andrea.ospina95@gmial.com,(+57) 300-082-6388,1,60000,BOX_OFFICE,2026-07-08 10:00:00
ft_sal_001033,ft_evt_0028,Catalina Mejia,catalina.mejia831+eventos@gmail.com,322 500 8207,1,88000,WEB,2026-06-18 19:00:00
ft_sal_001034,ft_evt_0028,Juan Bermúdez,juanbermudez291@gmail.com,(+57) 303-665-8505,4,236000,WEB,2026-07-02 11:00:00
ft_sal_001035,ft_evt_0028,DIEGO CÁRDENAS,diegocardenas967@gmail.com,3180409153,2,0,ADMIN,2026-07-03 15:00:00
ft_sal_001036,ft_evt_0028,Sara Martínez,saramartinez822@gmail.com,306 077 0833,2,96000,WEB,2026-06-25 10:00:00
ft_sal_001037,ft_evt_0028,Camilo Betancur,camilo.betancur@hotmail.com,573146157569,3,180000,WEB,2026-07-07 12:00:00
ft_sal_001038,ft_evt_0028,santiago rodríguez,santiago.rodriguez@gmail.com,,4,224000,WEB,2026-07-02 10:00:00
ft_sal_001039,ft_evt_0028,F. Bermúdez,santiago.gonzalez164@gmail.com,3228161587,3,444000,WEB,2026-07-04 06:00:00
ft_sal_001040,ft_evt_0028,Andrés Muñoz,andresmunoz425@icloud.com,,2,84000,BOX_OFFICE,2026-07-08 13:00:00
ft_sal_001041,ft_evt_0028,María Céspedes,mariacespedes545@gmail.com,3199113964,1,92000,RRPP,2026-07-04 09:00:00
ft_sal_001042,ft_evt_0028,Andrea Bermúdez,andrea.bermudez873@yahoo.com,3189229343,1,56000,WEB,2026-06-22 05:00:00
ft_sal_001043,ft_evt_0028,González Diana,diana.gonzalez73@icloud.com,+57 316 1575355,1,147000,WEB,2026-06-30 00:00:00
ft_sal_001044,ft_evt_0028,Miguel Ramirez,miguel.ramirez+boletas@outlook.com,573120490307,1,50000,WEB,2026-07-03 19:00:00
ft_sal_001045,ft_evt_0028,Juliana Suárez,julianasuarez869@gmail.com,573289552221,2,126000,WEB,2026-06-23 00:00:00
ft_sal_001046,ft_evt_0028,Alejandro Cifuentes Cárdenas,alejandrocifuentes157@proton.me,3205748227,3,138000,WEB,2026-07-03 03:00:00
ft_sal_001047,ft_evt_0028,Esteban Moreno Valencia,esteban.moreno11@gmail.com,,1,144000,WEB,2026-06-23 06:00:00
ft_sal_001048,ft_evt_0028,Sara Gómez,sara.gomez+spam@yahoo.com,304 479 6152,6,882000,WEB,2026-06-18 20:00:00
ft_sal_001049,ft_evt_0028,camilo martínez,camilo.martinez845+boletas@gmail.com,322 837 8901,1,49000,WEB,2026-06-27 20:00:00
ft_sal_001050,ft_evt_0028,Salazar Mariana,mariana.salazar61@hotmail.com,3179052781,4,228000,WEB,2026-06-29 02:00:00
ft_sal_001051,ft_evt_0028,camilo zapata,camilo.zapata15@gmail.com,573128097264,4,248000,WEB,2026-06-22 18:00:00
ft_sal_001052,ft_evt_0028,Andrés Salazar,andressalazar18@gmail.com,573218683875,4,248000,WEB,2026-07-02 02:00:00
ft_sal_001053,ft_evt_0028,Óscar Vargas,oscar.vargas729@gmail.com,+57 307 2671619,1,91000,BOX_OFFICE,2026-07-08 10:00:00
ft_sal_001054,ft_evt_0028,Alejandro Ospina,alejandroospina873@outlook.com,(+57) 312-452-2046,1,92000,WEB,2026-06-30 13:00:00
ft_sal_001055,ft_evt_0028,Daniela Guerrero,daniela.guerrero413@gmail.com,3156259998,1,99000,WEB,2026-07-02 16:00:00
ft_sal_001056,ft_evt_0028,daniel guerrero,daniel.guerrero@gmail.com,573217745862,1,127000,WEB,2026-06-28 04:00:00
ft_sal_001057,ft_evt_0028,luisa hernández,luisa.hernandez22@hotmail.com,(+57) 329-751-5530,3,186000,WEB,2026-07-03 02:00:00
ft_sal_001058,ft_evt_0028,TATIANA CÉSPEDES,tatiana.cespedes27@gmail.com,+57 317 7431807,1,103000,WEB,2026-06-21 07:00:00
ft_sal_001059,ft_evt_0028,sara gómez,saragomez144@gmail.com,+57 308 9362203,4,260000,WEB,2026-06-29 12:00:00
ft_sal_001060,ft_evt_0028,laura lópez,lauralopez533@gmail.com,311 388 4827,1,62000,WEB,2026-06-27 13:00:00
ft_sal_001061,ft_evt_0028,Ricardo Hernández,ricardohernandez767@gmail.com,+57 321 6302370,1,0,WEB,2026-07-04 14:00:00
ft_sal_001062,ft_evt_0028,Rodríguez Natalia,natalia.rodriguez35@gmail.com,311 179 2842,3,318000,WEB,2026-06-23 02:00:00
ft_sal_001063,ft_evt_0028,Camila Quintero Mejía,camilaquintero130@gmail.com,573215163192,3,279000,WEB,2026-06-30 03:00:00
ft_sal_001064,ft_evt_0028,Valentina Quintero,valentina.quintero78@icloud.com,(+57) 324-752-5530,1,0,WEB,2026-06-28 10:00:00
ft_sal_001065,ft_evt_0028,David Guerrero,dvid.guerrero44@gmail.com,3068885026,2,98000,BOX_OFFICE,2026-07-08 17:00:00
ft_sal_001066,ft_evt_0028,Miguel Valencia,catalina.vargas75@gmail.com,,4,544000,WEB,2026-07-01 16:00:00
ft_sal_001067,ft_evt_0028,SEBASTIÁN LÓPEZ,sebastian.lopez22@gmail.com,+57 310 7777817,4,396000,WEB,2026-06-27 04:00:00
ft_sal_001068,ft_evt_0028,Miguel Céspedes,miguel.cespedes@hotmial.com,314 428 5599,2,0,WEB,2026-07-01 00:00:00
ft_sal_001069,ft_evt_0028,Diego Zapata,diegozapata451@gmail.com,(+57) 313-739-6866,3,195000,WEB,2026-06-24 00:00:00
ft_sal_001070,ft_evt_0028,Juan López,juan.lopez88@gmail.com,573255503416,2,200000,WEB,2026-06-25 15:00:00
ft_sal_001071,ft_evt_0028,Catalina Ortiz,catalinaortiz99@gmail.com,+57 311 2107059,2,120000,WEB,2026-06-28 04:00:00
ft_sal_001072,ft_evt_0028,Santiago Arango,santiagoarango754@proton.me,+57 319 9312534,6,264000,BOX_OFFICE,2026-07-08 14:00:00
ft_sal_001073,ft_evt_0028,carlos zapata,carloszapata10@hotmail.com,+57 300 5901614,2,284000,WEB,2026-06-24 13:00:00
ft_sal_001074,ft_evt_0028,DANIELA OSPINA,daniela.ospina@icloud.com,,2,88000,WEB,2026-06-29 10:00:00
ft_sal_001075,ft_evt_0028,DAVID SALAZAR,davidsalazar239@gmail.com,573192092786,1,91000,WEB,2026-06-23 18:00:00
ft_sal_001076,ft_evt_0028,Diego Quintero,diegoquintero890@gmail.com,320 777 7666,1,55000,WEB,2026-06-27 01:00:00
ft_sal_001077,ft_evt_0028,Valentina Betancur,valentina.betancur@gmial.com,(+57) 304-138-5343,1,54000,WEB,2026-07-05 10:00:00
ft_sal_001078,ft_evt_0028,camilo valencia,camilovalencia188@gmail.com,,1,0,WEB,2026-06-20 19:00:00
ft_sal_001079,ft_evt_0028,ÓSCAR GUERRERO,oscar.guerrero83@gmial.com,,2,180000,WEB,2026-07-03 15:00:00
ft_sal_001080,ft_evt_0028,Felipe Peña,felipepena49@gmail.com,+57 315 2812872,2,96000,WEB,2026-06-26 16:00:00
ft_sal_001081,ft_evt_0028,Diego Castro,diego.castro@gmail.com,320 282 7953,1,61000,WEB,2026-06-23 17:00:00
ft_sal_001082,ft_evt_0028,Luisa López,luisalopez851@gmail.com,(+57) 306-396-8141,1,59000,WEB,2026-06-19 09:00:00
ft_sal_001083,ft_evt_0028,NATALIA MEJÍA,natalia.mejia35+boletas@outlook.com,3150236777,3,138000,BOX_OFFICE,2026-07-08 12:00:00
ft_sal_001084,ft_evt_0028,Miguel Quintero,miguel.quintero221@outlook.com,3058705621,1,45000,WEB,2026-06-24 04:00:00
ft_sal_001085,ft_evt_0028,Carlos Céspedes Moreno,carloscespedes622@icloud.com,(+57) 306-707-9936,2,274000,WEB,2026-06-22 12:00:00
ft_sal_001086,ft_evt_0028,laura peña,laura.pena@outlok.com,3202805157,1,97000,BOX_OFFICE,2026-07-08 06:00:00
ft_sal_001087,ft_evt_0028,SARA CÁRDENAS,sara.cardenas@outlook.com,+57 305 9068622,2,0,WEB,2026-06-24 08:00:00
ft_sal_001088,ft_evt_0028,Laura Munoz,lauramunoz725@gmail.com,+57 329 8363272,2,122000,BOX_OFFICE,2026-07-08 05:00:00
ft_sal_001089,ft_evt_0028,Camilo Ortiz Ospina,camilo.ortiz@gmail.com,3131057796,2,88000,WEB,2026-07-02 00:00:00
ft_sal_001090,ft_evt_0028,Manuela Peña,manuela.pena21@gmail.com,573122240857,1,59000,WEB,2026-06-26 07:00:00
ft_sal_001091,ft_evt_0028,Santiago Guerrero,santiago.guerrero667@gmail.com,+57 312 3947499,2,200000,WEB,2026-06-23 16:00:00
ft_sal_001092,ft_evt_0028,Alejandro Quintero,alejandro.quintero254+boletas@outlook.com,3110157891,1,94000,WEB,2026-06-22 14:00:00
ft_sal_001093,ft_evt_0028,Óscar Rodríguez,oscar.rodriguez347+compras@gmail.com,+57 329 2251518,2,0,BOX_OFFICE,2026-07-08 00:00:00
ft_sal_001094,ft_evt_0028,Isabella Vargas,ISABELLA.VARGAS@YAHOO.COM,327 755 3377,2,136000,WEB,2026-06-29 08:00:00
ft_sal_001095,ft_evt_0028,Miguel Bermúdez,miguel.bermudez@outlook.com,+57 309 8422586,2,90000,WEB,2026-07-02 12:00:00
ft_sal_001096,ft_evt_0028,Tatiana López,tatiana.lopez78@gmail.com,320 972 4546,1,45000,WEB,2026-06-18 05:00:00
ft_sal_001097,ft_evt_0028,Mateo Rodríguez,mateorodriguez467@gmail.com,319 328 7356,2,88000,BOX_OFFICE,2026-07-08 01:00:00
ft_sal_001098,ft_evt_0028,Alejandra González Gómez,alejandra.gonzalez78@gmail.com,3211218345,6,378000,RRPP,2026-06-22 10:00:00
ft_sal_001099,ft_evt_0028,Quintero Carolina,carolina.quintero@outlok.com,3180206184,1,95000,BOX_OFFICE,2026-07-08 01:00:00
ft_sal_001100,ft_evt_0028,Daniela Ospina,danielaospina142@gmail.com,3199343377,1,44000,WEB,2026-06-28 13:00:00
ft_sal_001101,ft_evt_0028,David Moreno,davidmoreno376@gmail.com,573047603550,4,608000,WEB,2026-06-27 15:00:00
ft_sal_001102,ft_evt_0028,Alejandra Valencia,alejandra.valencia@gmail.com,+57 317 2326950,2,120000,WEB,2026-07-03 19:00:00
ft_sal_001103,ft_evt_0028,J. Bermúdez,JUAN.BERMUDEZ52@GMAIL.COM,312 373 3615,1,62000,WEB,2026-06-25 16:00:00
ft_sal_001104,ft_evt_0028,Suárez Laura,laura.suarez15+boletas@gmail.com,573056891809,4,524000,BOX_OFFICE,2026-07-08 08:00:00
ft_sal_001105,ft_evt_0028,Ricardo Gómez,ricardo.gomez65@gmail.com,321 490 6539,2,190000,BOX_OFFICE,2026-07-08 20:00:00
ft_sal_001106,ft_evt_0028,Diego Ramirez,carlos.ramirez574@gmail.com,+57 310 1198575,1,56000,WEB,2026-06-26 06:00:00
ft_sal_001107,ft_evt_0028,carlos ramírez,carlosramirez864@gmail.com,(+57) 318-083-8627,3,297000,WEB,2026-06-29 01:00:00
ft_sal_001108,ft_evt_0059,Paula Vargas,ricardo.ospina13@outlook.com,,1,0,WEB,2026-07-03 02:00:00
ft_sal_001109,ft_evt_0059,PAULA ORTIZ,paula.ortiz74@gmail.com,(+57) 316-995-6292,2,0,WEB,2026-07-03 18:00:00
ft_sal_001110,ft_evt_0059,Andrés Cifuentes,andres.cifuentes@gmail.com,3128838535,1,0,RRPP,2026-06-19 16:00:00
ft_sal_001111,ft_evt_0059,Mariana Cifuentes,marianacifuentes612@gmail.com,,3,0,WEB,2026-06-23 03:00:00
ft_sal_001112,ft_evt_0059,Sebastián Castro,sebastian.castro@gmail.com,573295484378,1,0,WEB,2026-07-04 05:00:00
ft_sal_001113,ft_evt_0059,E. Suárez,esteban.suarez83@gmail.com,+57 315 0615640,2,0,WEB,2026-07-01 11:00:00
ft_sal_001114,ft_evt_0059,Sara Zapata,sara.zapata36@icloud.com,3057160359,4,0,WEB,2026-06-25 11:00:00
ft_sal_001115,ft_evt_0059,María Peña,maria.pena17@hotmial.com,573151654127,1,0,BOX_OFFICE,2026-07-08 07:00:00
ft_sal_001116,ft_evt_0059,Diego Moreno,diego.moreo@hotmail.com,(+57) 302-105-3922,1,0,WEB,2026-06-29 02:00:00
ft_sal_001117,ft_evt_0059,Diego Ospina,diego.ospina58@outlook.com,(+57) 312-405-2193,2,0,WEB,2026-06-27 15:00:00
ft_sal_001118,ft_evt_0059,Catalina Ortiz González,catalinaortiz140@hotmail.com,573213444656,2,0,WEB,2026-06-28 03:00:00
ft_sal_001119,ft_evt_0059,FABIÁN JIMÉNEZ,fabian.imenez835@gmail.com,,4,0,ADMIN,2026-07-05 05:00:00
ft_sal_001120,ft_evt_0059,Ricardo Arango Guerrero,ricardo.arango474@gmail.com,+57 313 0877048,1,0,WEB,2026-06-19 08:00:00
ft_sal_001121,ft_evt_0059,Laura Gomez,laura.gomez846+spam@gmail.com,3146054547,1,0,WEB,2026-06-23 06:00:00
ft_sal_001122,ft_evt_0059,Felipe Zapata,felipezapata359@gmail.com,,1,0,WEB,2026-07-04 16:00:00
ft_sal_001123,ft_evt_0059,Óscar González,oscar.gonzalez@outlook.com,3297713331,3,0,WEB,2026-06-19 07:00:00
ft_sal_001124,ft_evt_0059,Fabián Arango,fabian.arango46@gmail.com,(+57) 316-091-6079,2,0,WEB,2026-06-24 09:00:00
ft_sal_001125,ft_evt_0059,Natalia Arango,natalia.arango@hotmail.com,573247028234,2,0,WEB,2026-07-03 03:00:00
ft_sal_001126,ft_evt_0059,Natalia Gómez,natalia.gomez@hotmail.com,,4,0,WEB,2026-07-02 11:00:00
ft_sal_001127,ft_evt_0059,Andrea Guerrero,andrea.guerrero39@gmail.com,306 709 7759,2,0,WEB,2026-06-24 11:00:00
ft_sal_001128,ft_evt_0059,Camilo Hernandez,CAMILO.HERNANDEZ@GMAIL.COM,323 157 5663,2,0,WEB,2026-06-19 11:00:00
ft_sal_001129,ft_evt_0059,maría lópez,maria.lopez@yahoo.com,+57 316 7336455,1,0,WEB,2026-06-28 20:00:00
ft_sal_001130,ft_evt_0059,Santiago Jiménez,santiago.jimenez@icloud.com,(+57) 315-256-0082,1,0,WEB,2026-07-02 12:00:00
ft_sal_001131,ft_evt_0059,Daniela Hernández,daniela.hernandez52@gmail.com,573070279785,2,0,WEB,2026-07-03 10:00:00
ft_sal_001132,ft_evt_0059,Nicolás Ramírez,nicolasramirez663@gmail.com,(+57) 300-816-5609,4,0,WEB,2026-06-26 21:00:00
ft_sal_001133,ft_evt_0059,Fabián Quintero,FABIAN.QUINTERO@GMAIL.COM,3037741832,1,0,RRPP,2026-06-27 21:00:00
ft_sal_001134,ft_evt_0059,Ospina Cristian,cristian.ospina86@hotmail.com,325 561 6796,3,0,WEB,2026-06-28 10:00:00
ft_sal_001135,ft_evt_0059,Alejandro Ospina,alejandroospina956@icloud.com,+57 314 6699552,2,0,WEB,2026-06-27 06:00:00
ft_sal_001136,ft_evt_0059,CAROLINA RODRÍGUEZ,carolina.rodriguez26@outlook.com,573213859557,1,0,WEB,2026-06-30 07:00:00
ft_sal_001137,ft_evt_0059,valentina mejía,valentina.mejia26@gmail.com,312 226 5157,1,0,WEB,2026-06-30 05:00:00
ft_sal_001138,ft_evt_0059,Mariana Valencia,mariana.valencia+spam@gmail.com,3184142038,3,0,WEB,2026-06-30 09:00:00
ft_sal_001139,ft_evt_0059,Ximena López,ximena.lopez25@outlook.com,573247792839,2,0,WEB,2026-06-30 11:00:00
ft_sal_001140,ft_evt_0059,Diego Vargas,mariana.lopez@outlook.com,+57 311 9801652,6,0,WEB,2026-06-25 21:00:00
ft_sal_001141,ft_evt_0059,M. Ramírez,maria.ramirez77@gmail.com,573104028502,2,0,WEB,2026-06-20 19:00:00
ft_sal_001142,ft_evt_0059,David Muñoz,davidmunoz16@gmail.com,3010737575,1,0,WEB,2026-06-23 03:00:00
ft_sal_001143,ft_evt_0059,Valentina Moreno,valentinamoreno889@gmail.com,+57 300 6052966,2,0,WEB,2026-07-02 07:00:00
ft_sal_001144,ft_evt_0059,Salazar Laura,laura.salazar+spam@outlook.com,573294339271,2,0,BOX_OFFICE,2026-07-08 20:00:00
ft_sal_001145,ft_evt_0059,Diego González,diego.gonzalez386@hotmail.com,3256521763,1,0,WEB,2026-06-27 09:00:00
ft_sal_001146,ft_evt_0059,Juan Bermudez,juanbermudez302@gmail.com,,2,0,WEB,2026-06-22 01:00:00
ft_sal_001147,ft_evt_0059,alejandra betancur,alejandra.betacur78@gmail.com,3261093973,3,0,RRPP,2026-06-22 21:00:00
ft_sal_001148,ft_evt_0059,RICARDO QUINTERO,ricardo.quintero34+compras@gmail.com,3174277406,1,0,WEB,2026-07-05 13:00:00
ft_sal_001149,ft_evt_0059,Fabian Arango,fabianarango479@gmail.com,,1,0,WEB,2026-06-28 01:00:00
ft_sal_001150,ft_evt_0059,JUAN ORTIZ,juan.orti828@gmail.com,+57 305 3734452,2,0,WEB,2026-06-25 11:00:00
ft_sal_001151,ft_evt_0059,Juan Jiménez,juanjimenez631@gmail.com,573043052374,2,0,WEB,2026-06-22 11:00:00
ft_sal_001152,ft_evt_0059,Ximena Ramirez,ximena.ramirez86@gmail.com,+57 306 9854080,6,0,WEB,2026-07-02 13:00:00
ft_sal_001153,ft_evt_0059,Daniela Quintero,danielaquintero391@hotmail.com,(+57) 314-050-0329,3,0,WEB,2026-07-01 03:00:00
ft_sal_001154,ft_evt_0059,Moreno Tatiana,tatiana.moreno210@gmail.com,573114266997,2,0,WEB,2026-06-26 18:00:00
ft_sal_001155,ft_evt_0059,Óscar Ospina,oscarospina112@hotmail.com,329 618 6922,1,0,WEB,2026-06-28 04:00:00
ft_sal_001156,ft_evt_0059,González Felipe,felipe.gonzalez94@gmail.com,(+57) 311-007-9422,2,0,BOX_OFFICE,2026-07-08 10:00:00
ft_sal_001157,ft_evt_0059,Rojas Óscar,oscarrojas760@gmail.com,3240001921,3,0,WEB,2026-06-27 19:00:00
ft_sal_001158,ft_evt_0059,Valentina Hernández,valentina.hernandez235@gmail.com,,1,0,WEB,2026-06-24 09:00:00
ft_sal_001159,ft_evt_0059,Juan Ospina,juan.ospina5@hotmail.com,3261478515,1,0,WEB,2026-07-04 17:00:00
ft_sal_001160,ft_evt_0059,Suárez Óscar,oscarsuarez867@gmail.com,573017405820,4,0,WEB,2026-06-29 13:00:00
ft_sal_001161,ft_evt_0059,Miguel Arango,manuela.lopez701@gmail.com,573049605445,2,0,WEB,2026-06-30 16:00:00
ft_sal_001162,ft_evt_0059,Óscar Céspedes,oscar.cespedes@hotmail.com,573119218809,2,0,WEB,2026-07-01 02:00:00
ft_sal_001163,ft_evt_0059,Valentina Suarez,valentina.suarez@outlook.com,+57 310 4420636,1,0,WEB,2026-06-21 01:00:00
ft_sal_001164,ft_evt_0059,SARA GONZÁLEZ,sara.gonzalez92@gmail.com,+57 300 9113025,3,0,WEB,2026-06-25 10:00:00
ft_sal_001165,ft_evt_0059,Isabella Guerrero,ISABELLA.GUERRERO@YAHOO.COM,3149620785,4,0,WEB,2026-06-27 01:00:00
ft_sal_001166,ft_evt_0059,Miguel Cárdenas,miguel.cardenas136@gmail.com,573262400891,2,0,WEB,2026-06-30 10:00:00
ft_sal_001167,ft_evt_0059,Sebastián López Peña,sebastian.lopez@outlook.com,573195578929,4,0,WEB,2026-06-29 18:00:00
ft_sal_001168,ft_evt_0059,Diego Muñoz,dieg.munoz@gmail.com,3133515367,1,0,BOX_OFFICE,2026-07-08 05:00:00
ft_sal_001169,ft_evt_0059,Daniel Arango,danielarango686@gmail.com,310 573 5568,1,0,RRPP,2026-06-30 16:00:00
ft_sal_001170,ft_evt_0059,Cristian Zapata López,cristian.zapata@proton.me,573068711066,1,0,WEB,2026-06-25 02:00:00
ft_sal_001171,ft_evt_0059,Óscar Hernández Rodríguez,oscar.hernandez@gmial.com,(+57) 316-807-7143,3,0,WEB,2026-06-20 03:00:00
ft_sal_001172,ft_evt_0059,nicolás ospina,nicolasospina851@gmail.com,3008803225,1,0,ADMIN,2026-06-29 10:00:00
ft_sal_001173,ft_evt_0059,David Martínez,david.martinez79@gmail.com,,2,0,WEB,2026-06-17 01:00:00
ft_sal_001174,ft_evt_0059,Rodríguez Mariana,marianarodriguez472@icloud.com,,2,0,WEB,2026-06-29 09:00:00
ft_sal_001175,ft_evt_0059,RICARDO GONZÁLEZ,ricardo.gonzalez507@gmail.com,3091934837,2,0,WEB,2026-07-05 17:00:00
ft_sal_001176,ft_evt_0059,Fabián Ospina,fabian.ospina68+spam@outlook.com,573194812486,2,0,ADMIN,2026-06-26 16:00:00
ft_sal_001177,ft_evt_0059,Sebastian Ortiz,SEBASTIAN.ORTIZ653@GMAIL.COM,(+57) 304-934-8030,1,0,WEB,2026-06-29 03:00:00
ft_sal_001178,ft_evt_0059,Felipe Betancur,felipe.betancur27@gmial.com,3010341762,4,0,WEB,2026-06-29 21:00:00
ft_sal_001179,ft_evt_0059,Cristian Cifuentes,cristian.cifuentes19@icloud.com,3120071186,2,0,BOX_OFFICE,2026-07-08 12:00:00
ft_sal_001180,ft_evt_0059,Carolina Quintero,carolinaquintero638@gmail.com,(+57) 318-333-1042,1,0,WEB,2026-06-29 18:00:00
ft_sal_001181,ft_evt_0059,Juan Restrepo,juanrestrepo165@gmail.com,,1,0,WEB,2026-06-28 05:00:00
ft_sal_001182,ft_evt_0059,Rojas Esteban,esteban.rojas17+eventos@gmail.com,3036206122,1,0,WEB,2026-06-25 14:00:00
ft_sal_001183,ft_evt_0059,Carolina López,carolina.lopez@hotmial.com,,2,0,BOX_OFFICE,2026-07-08 12:00:00
ft_sal_001184,ft_evt_0059,Carolina Bermúdez,carolina.bermudez@gmail.com,(+57) 304-537-8122,1,0,BOX_OFFICE,2026-07-08 08:00:00
ft_sal_001185,ft_evt_0059,Natalia López,natalia.lopez96@gmail.com,(+57) 320-328-7185,2,0,WEB,2026-06-30 17:00:00
ft_sal_001186,ft_evt_0059,C. Vargas,camilovargas457@gmail.com,+57 310 1033521,3,0,WEB,2026-07-04 20:00:00
ft_sal_001187,ft_evt_0059,Sebastián Zapata Quintero,sebastian.zapata@yahoo.com,+57 326 1258484,2,0,WEB,2026-06-29 20:00:00
ft_sal_001188,ft_evt_0059,Alejandro Ortiz,alejandro.ortiz21@gmail.com,,1,0,WEB,2026-06-25 16:00:00
ft_sal_001189,ft_evt_0059,Diego López,diego.lopez55@gmail.com,(+57) 301-402-3393,4,0,WEB,2026-06-30 13:00:00
ft_sal_001190,ft_evt_0059,Ximena Salazar,ximena.salazar+compras@hotmail.com,+57 308 3190655,3,0,WEB,2026-06-27 19:00:00
ft_sal_001191,ft_evt_0059,Alejandra Ramírez,alejandra.ramirez@hotmail.com,303 555 7775,4,0,WEB,2026-06-21 13:00:00
ft_sal_001192,ft_evt_0059,Ximena Hernández,ximenahernandez857@outlook.com,3114863261,1,0,WEB,2026-06-25 05:00:00
ft_sal_001193,ft_evt_0059,Julián Arango,julian.arango913@gmail.com,3099065126,2,0,WEB,2026-06-29 12:00:00
ft_sal_001194,ft_evt_0059,Cristian Arango,cristian.arango21@gmail.com,573092593514,2,0,WEB,2026-07-02 12:00:00
ft_sal_001195,ft_evt_0059,Diego Vargas,diego.varga848@gmail.com,573198437137,2,0,WEB,2026-06-26 05:00:00
ft_sal_001196,ft_evt_0059,Luisa López Cárdenas,luisa.lopez38@gmail.com,3226354070,1,0,WEB,2026-06-21 16:00:00
ft_sal_001197,ft_evt_0059,DAVID ZAPATA,david.zapata45+eventos@gmail.com,,1,0,WEB,2026-07-01 18:00:00
ft_sal_001198,ft_evt_0059,Santiago Cárdenas,santiago.cardenas@gmail.com,+57 300 8528030,1,0,WEB,2026-06-28 18:00:00
ft_sal_001199,ft_evt_0059,Andrea Restrepo,andre.restrepo21@hotmail.com,3157185427,2,0,WEB,2026-06-29 06:00:00
ft_sal_001200,ft_evt_0059,María Cifuentes,maria.cifuentes44@proton.me,311 652 6079,1,0,WEB,2026-06-23 15:00:00
ft_sal_001201,ft_evt_0059,Andrés Hernández,david.restrepo10@gmail.com,573022752748,2,0,WEB,2026-06-26 11:00:00
ft_sal_001202,ft_evt_0059,Mateo Restrepo,mateo.restrepo245@gmail.com,318 121 5095,1,0,WEB,2026-07-01 12:00:00
ft_sal_001203,ft_evt_0059,Cristian Ospina,cristianospina619@gmail.com,573183423328,1,0,WEB,2026-06-29 14:00:00
ft_sal_001204,ft_evt_0059,Isabella Castro,ISABELLA.CASTRO17@GMAIL.COM,573238554383,4,0,ADMIN,2026-07-03 13:00:00
ft_sal_001205,ft_evt_0059,Daniel Martinez,daniel.martinez941@gmail.com,(+57) 325-609-9221,3,0,WEB,2026-07-03 03:00:00
ft_sal_001206,ft_evt_0059,Nicolás Moreno,nicolas.moreno64@outlook.com,(+57) 318-193-3527,1,0,WEB,2026-06-28 13:00:00
ft_sal_001207,ft_evt_0059,N. Castro,natalia.castro59@gmail.com,309 044 4954,2,0,WEB,2026-06-21 07:00:00
ft_sal_001208,ft_evt_0059,Diana Gómez,diana.gomez@gmail.com,+57 320 3439894,1,0,WEB,2026-06-29 18:00:00
ft_sal_001209,ft_evt_0059,Carlos Vargas,carlos.vargas287@gmail.com,(+57) 311-723-1660,6,0,WEB,2026-07-03 18:00:00
ft_sal_001210,ft_evt_0059,Mateo Rojas,mateo.roas@gmail.com,313 197 2695,2,0,WEB,2026-06-27 04:00:00
ft_sal_001211,ft_evt_0059,Alejandra Muñoz,alejandra.munoz36+compras@outlook.com,+57 317 1596377,1,0,ADMIN,2026-06-29 21:00:00
ft_sal_001212,ft_evt_0059,Esteban Suárez,esteban.suarez497@gmail.com,+57 329 3366241,3,0,WEB,2026-06-29 13:00:00
ft_sal_001213,ft_evt_0059,Camila Ospina,CAMILA.OSPINA831@GMAIL.COM,314 116 3583,2,0,WEB,2026-06-29 12:00:00
ft_sal_001214,ft_evt_0059,Diana Cardenas,DIANA.CARDENAS27@HOTMAIL.COM,316 325 5835,3,0,WEB,2026-06-28 06:00:00
ft_sal_001215,ft_evt_0059,juan ortiz,juan.ortiz963@gmail.com,+57 319 3898115,2,0,WEB,2026-06-30 15:00:00
ft_sal_001216,ft_evt_0059,Zapata Fabián,daniel.guerrero20@gmail.com,+57 311 5195191,1,0,WEB,2026-06-30 10:00:00
ft_sal_001217,ft_evt_0059,Andrés Moreno,andres.moreno@gmail.com,(+57) 310-993-1495,1,0,WEB,2026-07-01 15:00:00
ft_sal_001218,ft_evt_0059,Carlos Jiménez,carlos.jimenez13+compras@gmail.com,+57 305 0871041,1,0,WEB,2026-06-28 02:00:00
ft_sal_001219,ft_evt_0059,Diana Salazar,dianasalazar800@gmail.com,(+57) 312-220-3348,2,0,WEB,2026-06-30 18:00:00
ft_sal_001220,ft_evt_0059,Ricardo Arango,ricardoarango247@gmail.com,(+57) 319-944-3272,4,0,WEB,2026-07-01 04:00:00
ft_sal_001221,ft_evt_0059,isabella arango,isabella.arango@hotmail.com,319 171 5292,4,0,WEB,2026-07-02 09:00:00
ft_sal_001222,ft_evt_0059,Manuela Valencia,manuela.valencia330@gmail.com,(+57) 301-934-9632,4,0,WEB,2026-06-27 02:00:00
ft_sal_001223,ft_evt_0059,Felipe Martínez,felipe.martinez11@outlook.com,3231180101,2,0,WEB,2026-07-02 02:00:00
ft_sal_001224,ft_evt_0059,S. Rojas,sara.rojas@gmail.com,(+57) 320-713-8602,2,0,BOX_OFFICE,2026-07-08 18:00:00
ft_sal_001225,ft_evt_0059,Valentina Gómez,valentinagomez257@gmail.com,573165172039,1,0,WEB,2026-07-06 13:00:00
ft_sal_001226,ft_evt_0059,Carlos González,carlos.gonzalez@gmail.com,573192853597,2,0,ADMIN,2026-06-27 16:00:00
ft_sal_001227,ft_evt_0059,Ortiz Isabella,isabella.ortiz99@outlook.com,,4,0,BOX_OFFICE,2026-07-08 14:00:00
ft_sal_001228,ft_evt_0059,Camilo Ospina,CAMILO.OSPINA679@GMAIL.COM,(+57) 325-277-8900,1,0,ADMIN,2026-06-21 12:00:00
ft_sal_001229,ft_evt_0059,Diana Arango,diana.arango51@gmail.com,,1,0,WEB,2026-07-06 20:00:00
ft_sal_001230,ft_evt_0059,Sebastián Castro,sebastiancastro151@gmail.com,+57 327 1444290,1,0,WEB,2026-06-25 07:00:00
ft_sal_001231,ft_evt_0059,Diego Valencia Martínez,diego.valencia48@gmail.com,3134136099,1,0,BOX_OFFICE,2026-07-08 04:00:00
ft_sal_001232,ft_evt_0019,david gonzález,davidgonzalez749@gmail.com,,2,204000,WEB,2026-07-06 12:30:00
ft_sal_001233,ft_evt_0019,Andrés Castro,andrescastro493@icloud.com,573019711509,1,43000,WEB,2026-06-30 18:30:00
ft_sal_001234,ft_evt_0019,Mariana Rodríguez,marianarodriguez281@gmail.com,322 410 9938,1,137000,WEB,2026-06-30 08:30:00
ft_sal_001235,ft_evt_0019,Óscar Muñoz,oscar.munoz50@outlook.com,(+57) 318-906-6091,2,112000,ADMIN,2026-06-25 20:30:00
ft_sal_001236,ft_evt_0019,López Sebastián,sebastianlopez910@hotmail.com,573218869573,1,95000,WEB,2026-07-04 08:30:00
ft_sal_001237,ft_evt_0019,catalina martínez,catalina.martinez@hotmail.com,573050384686,2,202000,WEB,2026-06-20 16:30:00
ft_sal_001238,ft_evt_0019,Daniel Cifuentes,carlos.betancur491@gmail.com,573161966710,2,98000,WEB,2026-06-30 04:30:00
ft_sal_001239,ft_evt_0019,Paula Ospina,paula.ospina92@gmail.com,(+57) 301-167-7590,1,46000,WEB,2026-07-07 14:30:00
ft_sal_001240,ft_evt_0019,camilo suárez,camilo.suarez76+compras@outlook.com,320 872 1951,1,49000,WEB,2026-06-28 12:30:00
ft_sal_001241,ft_evt_0019,M. Arango,mateo.arango@outlook.com,319 625 9049,2,92000,WEB,2026-07-05 19:30:00
ft_sal_001242,ft_evt_0019,Daniela Hernández Betancur,DANIELA.HERNANDEZ@GMAIL.COM,573119485197,2,0,WEB,2026-06-27 03:30:00
ft_sal_001243,ft_evt_0019,ximena restrepo,ximenarestrepo405@hotmail.com,(+57) 329-101-6841,1,64000,WEB,2026-06-26 01:30:00
ft_sal_001244,ft_evt_0019,andrea hernández,andrea.hernandez74@gmail.com,323 906 3016,2,84000,WEB,2026-06-19 08:30:00
ft_sal_001245,ft_evt_0019,Diana Martínez,diana.marinez782@gmail.com,3233678041,2,184000,WEB,2026-07-01 05:30:00
ft_sal_001246,ft_evt_0019,SARA GONZÁLEZ,sara.gonzalez5@icloud.com,573123773379,2,108000,WEB,2026-06-22 09:30:00
ft_sal_001247,ft_evt_0019,Mariana Castro,MARIANA.CASTRO764@GMAIL.COM,(+57) 315-045-2982,1,47000,WEB,2026-07-01 00:30:00
ft_sal_001248,ft_evt_0019,tatiana rojas,tatiana.roja849@gmail.com,308 025 4901,2,88000,WEB,2026-07-04 12:30:00
ft_sal_001249,ft_evt_0019,Daniel Bermúdez,daniel.bermuez68@gmail.com,+57 317 5641053,3,123000,WEB,2026-06-28 15:30:00
ft_sal_001250,ft_evt_0019,Oscar Suarez,oscar.suarez251@gmail.com,573268085572,3,141000,BOX_OFFICE,2026-07-09 13:30:00
ft_sal_001251,ft_evt_0019,Mariana Ramírez Valencia,mariana.ramirez@hotmail.com,(+57) 320-307-4872,1,42000,BOX_OFFICE,2026-07-09 01:30:00
ft_sal_001252,ft_evt_0019,Luisa Cárdenas,LUISA.CARDENAS97@GMAIL.COM,+57 323 6969744,1,104000,WEB,2026-06-28 17:30:00
ft_sal_001253,ft_evt_0019,sara ramírez,fabian.jimenez193@gmail.com,(+57) 303-857-6036,1,57000,WEB,2026-06-23 06:30:00
ft_sal_001254,ft_evt_0019,Andrea Bermudez,andreabermudez62@gmail.com,+57 326 7720785,2,118000,WEB,2026-06-27 13:30:00
ft_sal_001255,ft_evt_0019,María Muñoz,MARIA.MUNOZ@GMAIL.COM,573085794526,6,522000,WEB,2026-06-21 09:30:00
ft_sal_001256,ft_evt_0019,David Lopez,david.lopez14@hotmail.com,(+57) 324-706-8474,1,63000,WEB,2026-06-24 16:30:00
ft_sal_001257,ft_evt_0019,Felipe Rodriguez,feliperodriguez303@gmail.com,573151361621,2,110000,WEB,2026-06-30 16:30:00
ft_sal_001258,ft_evt_0019,Felipe Quintero,felipe.quintero78@yahoo.com,3005820668,2,132000,WEB,2026-07-04 20:30:00
ft_sal_001259,ft_evt_0019,David Betancur,davidbetancur60@gmail.com,573166357675,4,412000,WEB,2026-07-01 01:30:00
ft_sal_001260,ft_evt_0019,A. Restrepo,alejando.restrepo861@gmail.com,573269754486,2,92000,WEB,2026-07-04 07:30:00
ft_sal_001261,ft_evt_0019,NATALIA SUÁREZ,natalia.suarez@outlook.com,573040310722,1,85000,WEB,2026-07-05 16:30:00
ft_sal_001262,ft_evt_0019,luisa cárdenas,LUISA.CARDENAS@YAHOO.COM,(+57) 328-743-6206,2,124000,BOX_OFFICE,2026-07-09 11:30:00
ft_sal_001263,ft_evt_0019,Luisa Ramírez Ramírez,luisaramirez514@hotmail.com,(+57) 317-132-0142,2,122000,WEB,2026-06-27 03:30:00
ft_sal_001264,ft_evt_0019,Paula Rodríguez,paularodriguez64@gmail.com,319 503 3057,1,62000,WEB,2026-07-06 09:30:00
ft_sal_001265,ft_evt_0019,Suárez Natalia,NATALIA.SUAREZ@OUTLOOK.COM,573040310722,2,180000,WEB,2026-07-06 15:30:00
ft_sal_001266,ft_evt_0019,Tatiana Vargas,tatianavargas805@gmail.com,(+57) 318-188-2281,3,132000,WEB,2026-07-04 07:30:00
ft_sal_001267,ft_evt_0019,tatiana lópez,taiana.lopez@proton.me,573104474620,3,318000,WEB,2026-07-04 03:30:00
ft_sal_001268,ft_evt_0019,Andrea Arango,andrea.arango826@gmail.com,573021260694,4,244000,WEB,2026-06-24 01:30:00
ft_sal_001269,ft_evt_0019,Alejandro Betancur,aejandro.betancur65@yahoo.com,313 626 7254,2,0,WEB,2026-06-25 01:30:00
ft_sal_001270,ft_evt_0019,Natalia Castro,natalia.zapata213@yahoo.com,,2,92000,WEB,2026-06-20 10:30:00
ft_sal_001271,ft_evt_0019,catalina muñoz,catalina.munoz695@gmail.com,+57 315 8288955,4,260000,WEB,2026-07-06 13:30:00
ft_sal_001272,ft_evt_0019,SARA GUERRERO,saraguerrero126@gmail.com,+57 318 9794676,2,118000,WEB,2026-06-27 04:30:00
ft_sal_001273,ft_evt_0019,Ricardo Suárez,ricardosuarez130@gmail.com,+57 307 2825284,1,91000,WEB,2026-06-18 19:30:00
ft_sal_001274,ft_evt_0019,Miguel Ortiz,miguel.ortiz@gmial.com,(+57) 319-407-0898,2,188000,WEB,2026-07-01 06:30:00
ft_sal_001275,ft_evt_0019,V. Moreno,valentina.moreno86@hotmial.com,3128563722,6,378000,WEB,2026-06-25 10:30:00
ft_sal_001276,ft_evt_0019,Daniel Cespedes,daniel.cespedes116@hotmail.com,573130494079,1,42000,WEB,2026-06-24 12:30:00
ft_sal_001277,ft_evt_0019,DIEGO SALAZAR,diegosalazar829@yahoo.com,573177328026,1,60000,WEB,2026-06-27 01:30:00
ft_sal_001278,ft_evt_0019,Daniel Rojas,danielrojas434@gmail.com,+57 319 0882357,1,94000,WEB,2026-07-04 07:30:00
ft_sal_001279,ft_evt_0019,fabián ramírez,fabian.ramirez12+eventos@gmail.com,+57 328 1059560,1,48000,WEB,2026-06-29 07:30:00
ft_sal_001280,ft_evt_0019,Juliana Rojas,julianarojas262@gmail.com,307 118 8925,1,58000,WEB,2026-07-03 02:30:00
ft_sal_001281,ft_evt_0019,MATEO PEÑA,mateo.pena54@gmail.com,308 423 3367,2,172000,WEB,2026-06-30 09:30:00
ft_sal_001282,ft_evt_0019,Ximena Suárez Suárez,ximena.suarez9@gmail.com,323 002 6301,6,252000,WEB,2026-06-28 19:30:00
ft_sal_001283,ft_evt_0019,Camilo Mejía,camilomejia29@hotmail.com,573083526292,1,50000,RRPP,2026-06-27 13:30:00
ft_sal_001284,ft_evt_0019,Carlos Castro,carlos.castro@gmial.com,306 086 9092,2,274000,WEB,2026-07-07 08:30:00
ft_sal_001285,ft_evt_0019,camila ospina,camila.ospina@gmail.com,,2,0,WEB,2026-06-29 11:30:00
ft_sal_001286,ft_evt_0019,Camila Gonzalez,camilagonzalez164@gmail.com,3105971708,1,146000,WEB,2026-06-23 00:30:00
ft_sal_001287,ft_evt_0019,Fabian Lopez,fabianlopez822@proton.me,317 208 0745,1,61000,BOX_OFFICE,2026-07-09 00:30:00
ft_sal_001288,ft_evt_0019,Laura Betancur,laurabetancur499@gmail.com,,2,82000,WEB,2026-06-29 14:30:00
ft_sal_001289,ft_evt_0019,R. Suárez,ricardosuarez93@gmail.com,+57 309 1777674,1,125000,WEB,2026-07-02 15:30:00
ft_sal_001290,ft_evt_0019,Mateo Quintero,MATEO.QUINTERO@HOTMAIL.COM,573218042845,2,280000,WEB,2026-06-25 08:30:00
ft_sal_001291,ft_evt_0019,Alejandro Suarez,alejandrosuarez699@yahoo.com,573261988980,1,45000,WEB,2026-07-02 18:30:00
ft_sal_001292,ft_evt_0019,Carolina Guerrero,carolina.guerrero42@outlook.com,326 793 5117,1,0,WEB,2026-06-28 03:30:00
ft_sal_001293,ft_evt_0019,Sebastián Zapata,sebastianzapata749@yahoo.com,316 284 4640,2,94000,ADMIN,2026-06-24 13:30:00
ft_sal_001294,ft_evt_0019,Esteban Cárdenas,estebancardenas222@yahoo.com,(+57) 305-728-5429,2,124000,WEB,2026-06-28 20:30:00
ft_sal_001295,ft_evt_0019,Óscar Salazar,ximena.arango89@gmail.com,573140345323,3,129000,WEB,2026-07-03 20:30:00
ft_sal_001296,ft_evt_0019,Nicolas Gonzalez,nicolasgonzalez911@gmail.com,(+57) 304-438-5772,1,58000,WEB,2026-07-03 04:30:00
ft_sal_001297,ft_evt_0019,Oscar Moreno,oscarmoreno686@gmail.com,573180261878,1,100000,WEB,2026-06-21 12:30:00
ft_sal_001298,ft_evt_0019,Catalina Rodriguez,catalinarodriguez740@gmail.com,3014953373,2,94000,WEB,2026-07-05 15:30:00
ft_sal_001299,ft_evt_0019,Guerrero Felipe,felipe.guerrero39+eventos@hotmail.com,318 769 3826,1,93000,WEB,2026-07-03 04:30:00
ft_sal_001300,ft_evt_0019,Óscar Jiménez Rojas,oscar.jimenez65@outlook.com,(+57) 307-844-3080,1,140000,BOX_OFFICE,2026-07-09 15:30:00
ft_sal_001301,ft_evt_0019,MARÍA CIFUENTES,mariacifuentes553@proton.me,3097913885,1,62000,WEB,2026-06-28 06:30:00
ft_sal_001302,ft_evt_0019,Restrepo Alejandra,alejandrarestrepo887@gmail.com,305 898 3714,2,88000,BOX_OFFICE,2026-07-09 17:30:00
ft_sal_001303,ft_evt_0019,Luisa Moreno,luisa.moreno61@hotmail.com,(+57) 311-079-1987,1,42000,BOX_OFFICE,2026-07-09 09:30:00
ft_sal_001304,ft_evt_0019,F. Gómez,felipe.gomez852@gmail.com,3188792044,1,87000,WEB,2026-06-22 20:30:00
ft_sal_001305,ft_evt_0019,Mejía Julián,JULIAN.MEJIA83@HOTMAIL.COM,+57 327 9764353,1,42000,WEB,2026-06-28 02:30:00
ft_sal_001306,ft_evt_0019,Carolina Suárez,carolinasuarez638@outlook.com,316 361 3178,2,88000,WEB,2026-07-02 02:30:00
ft_sal_001307,ft_evt_0019,Camilo Rodríguez,manuela.salazar@yahoo.com,,2,180000,ADMIN,2026-07-01 08:30:00
ft_sal_001308,ft_evt_0019,mariana mejía,marianamejia12@hotmail.com,+57 306 0620841,1,43000,WEB,2026-06-24 01:30:00
ft_sal_001309,ft_evt_0019,Miguel González,natalia.rodriguez57@gmail.com,325 004 2312,4,228000,WEB,2026-07-04 08:30:00
ft_sal_001310,ft_evt_0019,David Cifuentes Zapata,david.cifuentes782@outlook.com,(+57) 309-654-2174,1,61000,WEB,2026-06-29 13:30:00
ft_sal_001311,ft_evt_0019,Mariana Mejia,mariana.mejia+spam@hotmail.com,573184834639,2,126000,ADMIN,2026-07-09 05:30:00
ft_sal_001312,ft_evt_0019,A. Martínez,alejandromartinez296@gmail.com,+57 312 1477449,1,44000,WEB,2026-07-03 06:30:00
ft_sal_001313,ft_evt_0019,Juan Céspedes Rodríguez,juan.cespedes28+compras@gmail.com,(+57) 318-975-4711,1,0,WEB,2026-06-29 10:30:00
ft_sal_001314,ft_evt_0019,Restrepo Manuela,manuela.restrepo45@outlook.com,573251243461,3,135000,WEB,2026-07-04 05:30:00
ft_sal_001315,ft_evt_0019,María Quintero,MARIA.QUINTERO@GMAIL.COM,573024323555,4,252000,WEB,2026-06-26 05:30:00
ft_sal_001316,ft_evt_0019,diego moreno,diego.moreno90@yahoo.com,,2,184000,BOX_OFFICE,2026-07-09 18:30:00
ft_sal_001317,ft_evt_0019,Camila Betancur,camilabetancur5@gmail.com,,3,429000,WEB,2026-06-25 13:30:00
ft_sal_001318,ft_evt_0019,Mateo Moreno Betancur,mateo.moreno828@gmail.com,311 252 9800,1,45000,BOX_OFFICE,2026-07-09 06:30:00
ft_sal_001319,ft_evt_0019,MARIANA CÁRDENAS,mariana.cardenas902@gmail.com,+57 323 7986656,4,188000,WEB,2026-07-01 20:30:00
ft_sal_001320,ft_evt_0019,Sara Arango Martínez,saraarango173@gmail.com,(+57) 315-946-9921,2,98000,WEB,2026-06-23 07:30:00
ft_sal_001321,ft_evt_0019,Tatiana Jiménez,tatiana.jimenez7@hotmail.com,+57 303 0149674,1,98000,WEB,2026-06-30 19:30:00
ft_sal_001322,ft_evt_0019,natalia arango,natalia.arngo@gmail.com,+57 307 2858006,1,45000,WEB,2026-06-30 03:30:00
ft_sal_001323,ft_evt_0019,Fabián Bermúdez,fbian.bermudez478@outlook.com,,1,47000,BOX_OFFICE,2026-07-09 19:30:00
ft_sal_001324,ft_evt_0019,L. Muñoz,andres.munoz450@gmail.com,3114938543,1,43000,ADMIN,2026-06-23 09:30:00
ft_sal_001325,ft_evt_0019,Alejandro Betancur Salazar,ALEJANDRO.BETANCUR76@GMAIL.COM,+57 308 7242102,2,286000,WEB,2026-07-05 14:30:00
ft_sal_001326,ft_evt_0019,Rodríguez Juliana,jliana.rodriguez@hotmail.com,3013032215,1,95000,WEB,2026-06-27 18:30:00
ft_sal_001327,ft_evt_0019,DANIELA MARTÍNEZ,daniela.martinez24@gmail.com,+57 302 4637010,2,98000,WEB,2026-07-04 10:30:00
ft_sal_001328,ft_evt_0019,Santiago Ortiz,santiagoortiz656@gmail.com,3259544769,2,210000,ADMIN,2026-06-30 16:30:00
ft_sal_001329,ft_evt_0019,Miguel Munoz,miguelmunoz433@outlook.com,573175512952,1,44000,ADMIN,2026-06-29 06:30:00
ft_sal_001330,ft_evt_0019,DIANA PEÑA,diana.pena968+eventos@gmail.com,3051588835,1,43000,WEB,2026-06-22 15:30:00
ft_sal_001331,ft_evt_0019,Paula González,paulagonzalez345@gmail.com,322 245 9258,1,55000,ADMIN,2026-07-01 17:30:00
ft_sal_001332,ft_evt_0019,valentina lópez,valentina.lopez1@yahoo.com,573042628529,4,0,BOX_OFFICE,2026-07-09 04:30:00
ft_sal_001333,ft_evt_0019,Carolina Rodríguez Suárez,carolina.rodriuez@yahoo.com,+57 318 4213932,1,43000,WEB,2026-06-27 17:30:00
ft_sal_001334,ft_evt_0019,López Paula,paula.lopez63@outlook.com,(+57) 300-193-3465,1,43000,WEB,2026-06-29 14:30:00
ft_sal_001335,ft_evt_0019,Óscar Ortiz,oscar.ortiz@hotmail.com,+57 310 6568286,3,432000,WEB,2026-06-29 13:30:00
ft_sal_001336,ft_evt_0019,S. González,sebastiangonzalez972@gmail.com,3244060611,3,381000,WEB,2026-06-28 16:30:00
ft_sal_001337,ft_evt_0019,Juliana Rojas Ramírez,juliana.rojas24+eventos@gmail.com,3168205710,3,183000,BOX_OFFICE,2026-07-09 01:30:00
ft_sal_001338,ft_evt_0019,Camila Martínez,camilamartinez890@gmail.com,+57 305 6928242,1,59000,WEB,2026-07-07 19:30:00
ft_sal_001339,ft_evt_0019,Esteban Peña,estebanpena201@gmail.com,(+57) 306-846-9861,1,42000,WEB,2026-07-05 04:30:00
ft_sal_001340,ft_evt_0019,Zapata Camila,camila.zapata70@gmail.com,,1,46000,WEB,2026-07-01 19:30:00
ft_sal_001341,ft_evt_0019,CATALINA BETANCUR,catalinabetancur592@gmail.com,3011973187,2,86000,WEB,2026-07-03 17:30:00
ft_sal_001342,ft_evt_0019,Miguel Castro,miguel.castro32@yahoo.com,573118822688,2,94000,WEB,2026-07-05 15:30:00
ft_sal_001343,ft_evt_0019,Paula Suárez,paula.suarez16@hotmial.com,3221930905,1,92000,WEB,2026-07-06 08:30:00
ft_sal_001344,ft_evt_0019,Valentina Bermúdez,valentinabermudez755@gmail.com,316 627 8345,1,56000,WEB,2026-06-27 17:30:00
ft_sal_001345,ft_evt_0019,Valentina Salazar,valentinasalazar880@gmail.com,573131748056,2,120000,WEB,2026-06-27 00:30:00
ft_sal_001346,ft_evt_0019,Sara Peña,sarapena640@hotmail.com,573093458495,4,260000,WEB,2026-06-25 15:30:00
ft_sal_001347,ft_evt_0019,Diego González,DIEGO.GONZALEZ5@HOTMAIL.COM,(+57) 304-999-8177,2,198000,WEB,2026-06-28 19:30:00
ft_sal_001348,ft_evt_0019,Daniel Gómez Cifuentes,daniel.gomez@gmial.com,313 502 0164,1,82000,BOX_OFFICE,2026-07-09 10:30:00
ft_sal_001349,ft_evt_0019,Rodríguez Miguel,miguel.odriguez12@gmail.com,(+57) 301-042-4985,1,97000,WEB,2026-06-28 08:30:00
ft_sal_001350,ft_evt_0019,carlos ortiz,carlos.ortiz8@icloud.com,3262120027,2,124000,WEB,2026-06-23 16:30:00
ft_sal_001351,ft_evt_0019,Isabella Cárdenas,isabellacardenas953@hotmail.com,573018503113,1,45000,ADMIN,2026-06-21 19:30:00
ft_sal_001352,ft_evt_0019,Diego Gómez,carlos.zapata29@gmail.com,316 766 0501,3,141000,WEB,2026-06-29 12:30:00
ft_sal_001353,ft_evt_0019,Cristian Hernández,cristian.hernandez801@gmail.com,573241447238,2,90000,WEB,2026-07-01 14:30:00
ft_sal_001354,ft_evt_0019,Isabella Ospina,isabellaospina845@outlook.com,(+57) 305-507-4604,1,0,WEB,2026-06-25 11:30:00
ft_sal_001355,ft_evt_0053,luisa hernández,luisahernandez565@gmail.com,573232398727,1,146000,WEB,2026-06-29 12:30:00
ft_sal_001356,ft_evt_0053,Suárez Daniel,daniel.suarez761@gmail.com,573130328024,3,126000,WEB,2026-07-06 16:30:00
ft_sal_001357,ft_evt_0053,Diego Ramírez Cárdenas,diego.ramirez29@gmail.com,+57 310 1198575,2,84000,BOX_OFFICE,2026-07-09 19:30:00
ft_sal_001358,ft_evt_0053,Juliana Muñoz,JULIANA.MUNOZ701@GMAIL.COM,3148777882,1,45000,ADMIN,2026-06-24 16:30:00
ft_sal_001359,ft_evt_0053,Sara Salazar,sara.salazar88@gmail.com,+57 304 0399248,2,94000,BOX_OFFICE,2026-07-09 14:30:00
ft_sal_001360,ft_evt_0053,Santiago Ramirez,santiagoramirez508@icloud.com,,2,88000,WEB,2026-06-21 20:30:00
ft_sal_001361,ft_evt_0053,Alejandro Vargas,alejandro.vargas233@gmail.com,304 136 7700,1,56000,BOX_OFFICE,2026-07-09 12:30:00
ft_sal_001362,ft_evt_0053,luisa bermúdez,luisa.bermudez702+eventos@gmail.com,3251561671,2,96000,ADMIN,2026-07-02 08:30:00
ft_sal_001363,ft_evt_0053,María Ospina,mariaospina489@yahoo.com,+57 309 9780853,2,122000,WEB,2026-07-02 09:30:00
ft_sal_001364,ft_evt_0053,Alejandra Martínez Mejía,alejandra.martinez881@icloud.com,(+57) 301-392-7747,1,98000,WEB,2026-07-06 13:30:00
ft_sal_001365,ft_evt_0053,Felipe Valencia,felipe.valencia@icloud.com,+57 312 1154877,2,284000,WEB,2026-07-02 15:30:00
ft_sal_001366,ft_evt_0053,Alejandro Guerrero Céspedes,alejandroguerrero337@hotmail.com,306 387 0685,2,90000,BOX_OFFICE,2026-07-09 09:30:00
ft_sal_001367,ft_evt_0053,Juliana Hernandez,oscar.hernandez@proton.me,+57 304 7001998,2,260000,WEB,2026-07-04 04:30:00
ft_sal_001368,ft_evt_0053,María Céspedes,mariacespedes446@gmail.com,319 073 6506,1,153000,WEB,2026-06-24 20:30:00
ft_sal_001369,ft_evt_0053,diego lópez,diego.lopez55@gmial.com,3014023393,1,133000,WEB,2026-07-04 15:30:00
ft_sal_001370,ft_evt_0053,Santiago Jiménez,santiagojimenez206@proton.me,573210243994,2,190000,BOX_OFFICE,2026-07-09 06:30:00
ft_sal_001371,ft_evt_0053,Carlos Ospina,carlosospina928@gmail.com,(+57) 315-994-2440,2,0,BOX_OFFICE,2026-07-09 16:30:00
ft_sal_001372,ft_evt_0053,fabián peña,fabian.pena93@gmail.com,(+57) 327-822-6549,1,97000,BOX_OFFICE,2026-07-09 10:30:00
ft_sal_001373,ft_evt_0053,Carlos Cespedes,carloscespedes460@gmail.com,+57 329 7265223,1,45000,WEB,2026-06-24 16:30:00
ft_sal_001374,ft_evt_0053,D. Suárez,david.suarez42@gmail.com,328 591 7080,1,46000,ADMIN,2026-07-04 08:30:00
ft_sal_001375,ft_evt_0053,Andrea Castro Vargas,andreacastro700@hotmail.com,573157370071,1,92000,WEB,2026-06-29 06:30:00
ft_sal_001376,ft_evt_0053,carolina mejía,carolina.mejia@icloud.com,317 771 5078,2,82000,WEB,2026-07-04 04:30:00
ft_sal_001377,ft_evt_0053,NATALIA OSPINA,nataliaospina317@gmail.com,(+57) 321-531-4831,2,0,WEB,2026-07-01 05:30:00
ft_sal_001378,ft_evt_0053,Mateo Rodríguez,mateorodriguez13@gmail.com,(+57) 316-247-7071,2,94000,BOX_OFFICE,2026-07-09 11:30:00
ft_sal_001379,ft_evt_0053,Camilo Salazar,camilosalazar86@outlook.com,(+57) 325-237-4411,1,43000,WEB,2026-06-25 13:30:00
ft_sal_001380,ft_evt_0053,Paula Quintero,paula.quintero@outlok.com,3252287730,2,90000,WEB,2026-07-02 16:30:00
ft_sal_001381,ft_evt_0053,Natalia Hernandez,natalia.hernandez@hotmail.com,3091337438,2,90000,WEB,2026-06-24 15:30:00
ft_sal_001382,ft_evt_0053,CARLOS GUERRERO,carlos.guerrero@gmail.com,315 816 6612,1,104000,WEB,2026-06-30 00:30:00
ft_sal_001383,ft_evt_0053,Diego Quintero,diego.quintero@gmail.com,(+57) 317-886-2826,2,292000,WEB,2026-06-23 08:30:00
ft_sal_001384,ft_evt_0053,fabián guerrero,fabian.guerrero98@hotmail.com,3272868663,3,435000,WEB,2026-06-30 14:30:00
ft_sal_001385,ft_evt_0053,Daniel Céspedes,daniel.cespedes@outlook.com,313 456 2785,3,132000,WEB,2026-06-27 10:30:00
ft_sal_001386,ft_evt_0053,fabián rojas,fabian.rojas810@gmail.com,+57 320 5732785,3,141000,WEB,2026-07-01 08:30:00
ft_sal_001387,ft_evt_0053,Céspedes Tatiana,tatianacespedes235@gmail.com,573147177396,2,0,BOX_OFFICE,2026-07-09 04:30:00
ft_sal_001388,ft_evt_0053,Valentina Quintero,manuela.ospina5@gmail.com,313 128 5096,1,130000,WEB,2026-06-24 03:30:00
ft_sal_001389,ft_evt_0053,Luisa Ospina,luisa.ospina75@outlok.com,(+57) 311-825-2396,1,45000,WEB,2026-06-27 16:30:00
ft_sal_001390,ft_evt_0053,Diana Ospina,dianaospina640@gmail.com,573057138922,1,61000,BOX_OFFICE,2026-07-09 05:30:00
ft_sal_001391,ft_evt_0053,Carlos Valencia,carlos.valencia370@gmial.com,324 170 6854,3,126000,WEB,2026-07-02 16:30:00
ft_sal_001392,ft_evt_0053,Rodríguez Valentina,valentinarodriguez819@gmail.com,(+57) 320-852-0951,2,0,WEB,2026-07-02 02:30:00
ft_sal_001393,ft_evt_0053,David Ospina,david.ospina932@gmail.com,308 780 2058,2,284000,WEB,2026-07-03 18:30:00
ft_sal_001394,ft_evt_0053,nicolás zapata,nicolas.zapata77@gmail.com,(+57) 320-571-0841,1,57000,WEB,2026-06-25 03:30:00
ft_sal_001395,ft_evt_0053,Diana Moreno,dianamoreno726@gmail.com,3243042611,1,43000,WEB,2026-06-27 17:30:00
ft_sal_001396,ft_evt_0053,Diego Peña,mariana.vargas5@hotmail.com,(+57) 328-472-8177,2,86000,WEB,2026-06-22 12:30:00
ft_sal_001397,ft_evt_0053,Natalia Rodríguez,natalia.rodriguez464@gmail.com,(+57) 309-380-9969,1,61000,WEB,2026-06-27 06:30:00
ft_sal_001398,ft_evt_0053,Isabella Ospina Gómez,isabella.ospina140@gmail.com,+57 311 7360029,1,61000,WEB,2026-06-21 05:30:00
ft_sal_001399,ft_evt_0053,Nicolás González,nicolas.gonzaez10@hotmail.com,329 773 7146,1,62000,WEB,2026-06-30 20:30:00
ft_sal_001400,ft_evt_0053,Manuela Arango,manuela.arango489+compras@gmail.com,+57 319 7196631,1,60000,WEB,2026-07-04 17:30:00
ft_sal_001401,ft_evt_0053,D. Castro,diego.castro@outlok.com,3171859328,1,93000,WEB,2026-07-01 08:30:00
ft_sal_001402,ft_evt_0053,TATIANA ROJAS,tatiana.rojas677@gmail.com,573194997719,1,46000,WEB,2026-06-30 14:30:00
ft_sal_001403,ft_evt_0053,Camilo González Ortiz,camilogonzalez689@gmail.com,,2,198000,WEB,2026-06-29 02:30:00
ft_sal_001404,ft_evt_0053,ESTEBAN CÁRDENAS,esteban.cardenas@hotmail.com,+57 329 7143014,3,294000,WEB,2026-06-30 02:30:00
ft_sal_001405,ft_evt_0053,Camilo Zapata,camilozapata488@outlook.com,3053094937,1,42000,BOX_OFFICE,2026-07-09 15:30:00
ft_sal_001406,ft_evt_0053,Daniela Hernandez,daniela.hernandez96@gmial.com,573106758681,1,42000,WEB,2026-07-01 00:30:00
ft_sal_001407,ft_evt_0053,Valentina Bermúdez,valentina.bermudez@gmail.com,573081875098,1,144000,WEB,2026-06-19 12:30:00
ft_sal_001408,ft_evt_0053,MATEO GUERRERO,mateoguerrero179@gmail.com,3180296781,1,48000,WEB,2026-06-29 19:30:00
ft_sal_001409,ft_evt_0053,Cristian Suárez,cristiansuarez117@gmail.com,573032635779,2,88000,WEB,2026-07-06 03:30:00
ft_sal_001410,ft_evt_0053,Cristian Ortiz,cristian.ortiz+compras@hotmail.com,313 521 8464,1,66000,WEB,2026-06-16 06:30:00
ft_sal_001411,ft_evt_0053,XIMENA MUÑOZ,ximena.munoz2@gmail.com,319 749 9189,1,59000,WEB,2026-07-07 07:30:00
ft_sal_001412,ft_evt_0053,Guerrero Ximena,ximena.guerrero@gmail.com,319 537 3425,4,184000,ADMIN,2026-06-28 16:30:00
ft_sal_001413,ft_evt_0053,Laura González,lauragonzalez132@hotmail.com,,4,0,ADMIN,2026-06-26 17:30:00
ft_sal_001414,ft_evt_0053,Paula Hernández,PAULA.HERNANDEZ85@GMAIL.COM,3230252450,1,94000,WEB,2026-07-02 09:30:00
ft_sal_001415,ft_evt_0053,Andrea Ospina,andreaospina739@hotmail.com,573269950254,2,280000,ADMIN,2026-07-04 07:30:00
ft_sal_001416,ft_evt_0053,Carlos Moreno,miguel.gomez@icloud.com,(+57) 329-341-5236,3,132000,WEB,2026-07-01 04:30:00
ft_sal_001417,ft_evt_0053,Ricardo López,ricardolopez905@gmail.com,312 696 4943,2,182000,BOX_OFFICE,2026-07-09 16:30:00
ft_sal_001418,ft_evt_0053,Nicolás Quintero,nicolasquintero801@gmail.com,301 180 9194,1,55000,WEB,2026-06-27 07:30:00
ft_sal_001419,ft_evt_0053,Juan Jiménez,juan.jimenez@gmail.com,3121872374,2,114000,WEB,2026-07-04 16:30:00
ft_sal_001420,ft_evt_0053,Miguel Quintero,miguelquintero176@gmail.com,(+57) 304-808-9177,1,147000,WEB,2026-07-04 06:30:00
ft_sal_001421,ft_evt_0053,Alejandra Restrepo,alejandra.restrepo@hotmail.com,,1,43000,WEB,2026-06-23 02:30:00
ft_sal_001422,ft_evt_0053,Valentina Guerrero,VALENTINA.GUERRERO817@GMAIL.COM,573292696191,1,46000,WEB,2026-07-02 07:30:00
ft_sal_001423,ft_evt_0053,Valencia María,mariavalencia287@icloud.com,3061339054,1,43000,WEB,2026-06-25 06:30:00
ft_sal_001424,ft_evt_0053,Alejandra Betancur,alejandrabetancur687@icloud.com,3072122379,3,141000,WEB,2026-06-29 05:30:00
ft_sal_001425,ft_evt_0053,Nicolás Ramírez,nicolas.ramirez@outlook.com,573288606556,2,192000,WEB,2026-06-27 18:30:00
ft_sal_001426,ft_evt_0053,Isabella Cárdenas,isabellacardenas385@gmail.com,327 151 2373,2,128000,WEB,2026-06-17 06:30:00
ft_sal_001427,ft_evt_0053,ricardo peña,ricardopena402@gmail.com,573232300329,2,94000,BOX_OFFICE,2026-07-09 17:30:00
ft_sal_001428,ft_evt_0053,Valentina Gómez,valentinagomez301@gmail.com,,2,120000,WEB,2026-07-03 11:30:00
ft_sal_001429,ft_evt_0053,Betancur Sebastián,sebastianbetancur407@gmail.com,+57 321 9283757,1,50000,WEB,2026-07-02 04:30:00
ft_sal_001430,ft_evt_0053,Isabella Guerrero,isabellaguerrero181@hotmail.com,+57 316 3603991,1,47000,WEB,2026-07-01 12:30:00
ft_sal_001431,ft_evt_0053,Luisa Salazar,luisa.salazar721@yahoo.com,3046466904,2,118000,WEB,2026-07-03 11:30:00
ft_sal_001432,ft_evt_0053,Santiago Valencia,santiago.valencia@outlok.com,,2,86000,WEB,2026-07-05 03:30:00
ft_sal_001433,ft_evt_0053,Manuela Rodríguez,manuelarodriguez176@outlook.com,3173406587,2,0,WEB,2026-06-27 05:30:00
ft_sal_001434,ft_evt_0053,Juan González,juan.gonzalez257@gmail.com,+57 302 3050833,2,132000,WEB,2026-06-30 16:30:00
ft_sal_001435,ft_evt_0053,Diego Gómez Restrepo,diegogomez615@gmail.com,306 372 3313,2,96000,BOX_OFFICE,2026-07-09 13:30:00
ft_sal_001436,ft_evt_0053,alejandro peña,alejandro.pena@gmail.com,3257173511,2,188000,WEB,2026-06-25 10:30:00
ft_sal_001437,ft_evt_0053,David Suárez,davidsuarez575@yahoo.com,573061779713,2,122000,RRPP,2026-06-20 05:30:00
ft_sal_001438,ft_evt_0053,daniela vargas,daniea.vargas9@gmail.com,309 862 3653,3,120000,WEB,2026-06-29 12:30:00
ft_sal_001439,ft_evt_0053,Alejandro Bermúdez,alejandro.bermdez24@icloud.com,573095285106,1,44000,WEB,2026-06-29 11:30:00
ft_sal_001440,ft_evt_0053,carolina guerrero,carolina.guerrero42@outlok.com,3267935117,1,56000,WEB,2026-06-27 02:30:00
ft_sal_001441,ft_evt_0053,Sebastián Salazar,sebastian.salazar63@gmail.com,3273208041,1,44000,WEB,2026-07-01 11:30:00
ft_sal_001442,ft_evt_0053,Alejandro Gómez,alejandrogomez759@outlook.com,573179427607,1,59000,WEB,2026-06-28 02:30:00
ft_sal_001443,ft_evt_0053,María Castro Moreno,maria.catro86@gmail.com,,2,116000,WEB,2026-06-26 04:30:00
ft_sal_001444,ft_evt_0053,Santiago López,santiago.lopez97@outlook.com,+57 324 6027239,1,126000,WEB,2026-06-23 11:30:00
ft_sal_001445,ft_evt_0053,paula cárdenas,paula.cardenas684@hotmail.com,(+57) 302-013-8689,1,43000,WEB,2026-06-23 01:30:00
ft_sal_001446,ft_evt_0053,Santiago Zapata,santiago.zapata@hotmail.com,+57 329 6167074,6,336000,WEB,2026-07-01 16:30:00
ft_sal_001447,ft_evt_0053,Vargas Diego,DIEGO.VARGAS672@GMAIL.COM,573101522878,1,57000,WEB,2026-07-02 10:30:00
ft_sal_001448,ft_evt_0053,Paula Salazar,paula.salazar@gmail.com,3081299030,3,303000,WEB,2026-06-27 12:30:00
ft_sal_001449,ft_evt_0053,CAROLINA MEJÍA,caolina.mejia660@gmail.com,(+57) 312-347-8164,3,159000,BOX_OFFICE,2026-07-09 09:30:00
ft_sal_001450,ft_evt_0053,Daniela Martínez,danielamartinez333@proton.me,573186825107,2,276000,BOX_OFFICE,2026-07-09 17:30:00
ft_sal_001451,ft_evt_0053,Alejandra Valencia,alejandravalencia350@outlook.com,573276184135,1,96000,WEB,2026-06-27 05:30:00
ft_sal_001452,ft_evt_0053,David Rodríguez Restrepo,davidrodriguez389@hotmail.com,+57 322 5356392,2,188000,WEB,2026-07-01 14:30:00
ft_sal_001453,ft_evt_0053,SEBASTIÁN BERMÚDEZ,sebastian.bermudez@gmail.com,300 355 0441,1,61000,WEB,2026-07-01 11:30:00
ft_sal_001454,ft_evt_0053,Miguel González,miguelgonzalez843@gmail.com,573111319426,1,42000,WEB,2026-06-23 12:30:00
ft_sal_001455,ft_evt_0053,Diego Salazar,diegosalazar332@hotmail.com,+57 309 7626015,4,244000,BOX_OFFICE,2026-07-09 15:30:00
ft_sal_001456,ft_evt_0053,Ximena Guerrero,ximenaguerrero330@gmail.com,573141505473,1,94000,ADMIN,2026-07-02 20:30:00
ft_sal_001457,ft_evt_0053,Esteban Restrepo,esteban.restrepo67+spam@gmail.com,573090568396,1,0,WEB,2026-07-04 11:30:00
ft_sal_001458,ft_evt_0053,Diana Peña,diana.pena66@hotmail.com,(+57) 303-774-8341,3,141000,WEB,2026-07-05 04:30:00
ft_sal_001459,ft_evt_0053,Diego Zapata,dego.zapata@hotmail.com,(+57) 311-188-4034,2,0,WEB,2026-07-06 06:30:00
ft_sal_001460,ft_evt_0053,Manuela Salazar,manuela.salazar@yahoo.com,+57 309 4710894,1,99000,ADMIN,2026-06-26 03:30:00
ft_sal_001461,ft_evt_0053,Diana Martínez,diana.martinez@outlook.com,(+57) 307-642-9363,2,126000,WEB,2026-07-07 15:30:00
ft_sal_001462,ft_evt_0053,Mateo Quintero,mateo.quintero@gmial.com,,2,180000,WEB,2026-07-02 05:30:00
ft_sal_001463,ft_evt_0053,Natalia Martínez,nataliamartinez446@gmail.com,(+57) 327-515-5750,1,46000,WEB,2026-06-15 18:30:00
ft_sal_001464,ft_evt_0053,Isabella Ramírez,isabella.ramirez@gmail.com,3175395704,1,43000,WEB,2026-07-01 01:30:00
ft_sal_001465,ft_evt_0053,Cifuentes Alejandro,alejandrocifuentes809@gmail.com,+57 318 9321061,1,43000,WEB,2026-07-01 13:30:00
ft_sal_001466,ft_evt_0053,Camilo Cardenas,camilocardenas976@outlook.com,3088479302,1,89000,WEB,2026-06-30 10:30:00
ft_sal_001467,ft_evt_0053,Sebastián Cifuentes,sebastian.cifuentes87+boletas@hotmail.com,573044306590,1,0,WEB,2026-07-01 09:30:00
ft_sal_001468,ft_evt_0053,Cristian Moreno,cristianmoreno948@gmail.com,573282962055,1,150000,WEB,2026-06-24 15:30:00
ft_sal_001469,ft_evt_0053,Mariana Castro Salazar,mariana.castro21+spam@hotmail.com,300 661 3421,1,0,WEB,2026-07-02 03:30:00
ft_sal_001470,ft_evt_0053,Mariana Cifuentes,marianacifuentes928@gmail.com,(+57) 301-783-9750,4,220000,WEB,2026-07-02 10:30:00
ft_sal_001471,ft_evt_0053,andrés gonzález,andres.gonzalez85@gmial.com,3165969533,6,270000,WEB,2026-07-05 04:30:00
ft_sal_001472,ft_evt_0053,D. Martínez,danielamartinez22@icloud.com,(+57) 321-314-1810,1,90000,WEB,2026-06-29 19:30:00
ft_sal_001473,ft_evt_0053,E. Guerrero,felipe.cardenas33@gmail.com,3068597964,2,186000,WEB,2026-06-27 00:30:00
ft_sal_001474,ft_evt_0053,ISABELLA VALENCIA,isabella.valencia477@gmail.com,307 088 0290,1,42000,WEB,2026-07-08 19:30:00
ft_sal_001475,ft_evt_0053,Ricardo Salazar,ricardosalazar214@hotmail.com,573056017262,2,94000,WEB,2026-06-30 16:30:00
ft_sal_001476,ft_evt_0053,Camilo Vargas,camilo.vargas527@hotmial.com,+57 317 0150893,2,192000,WEB,2026-06-23 18:30:00
ft_sal_001477,ft_evt_0053,Ximena Ortiz Ortiz,ximena.ortiz94@gmail.com,,2,270000,WEB,2026-07-05 01:30:00
ft_sal_001478,ft_evt_0053,Diana Jiménez,diana.jimenez@gmail.com,321 846 7030,2,282000,WEB,2026-06-30 19:30:00
ft_sal_001479,ft_evt_0053,Alejandra Cifuentes,alejandracifuentes917@gmail.com,573138834545,1,97000,ADMIN,2026-07-07 15:30:00
ft_sal_001480,ft_evt_0053,ALEJANDRA GÓMEZ,alejandragomez384@gmail.com,(+57) 324-952-0140,2,92000,WEB,2026-07-03 15:30:00
ft_sal_001481,ft_evt_0053,Julian Bermudez,julianbermudez581@gmail.com,(+57) 301-243-6847,2,186000,WEB,2026-06-30 13:30:00
ft_sal_001482,ft_evt_0053,Diana Mejía,diana.mejia252@gmail.com,+57 321 0167780,1,58000,WEB,2026-07-04 11:30:00
ft_sal_001483,ft_evt_0053,González Luisa,luisa.gonzalez410@gmial.com,308 608 0608,4,0,WEB,2026-07-02 15:30:00
ft_sal_001484,ft_evt_0053,Natalia Betancur Mejía,nataliabetancur437@gmail.com,3141428108,2,0,WEB,2026-06-30 20:30:00
ft_sal_001485,ft_evt_0053,Rojas Camilo,camilo.rojas8@gmail.com,+57 328 8241768,1,0,WEB,2026-06-25 18:30:00
ft_sal_001486,ft_evt_0053,TATIANA JIMÉNEZ,tatianajimenez246@gmail.com,+57 307 2294429,2,272000,WEB,2026-07-04 14:30:00
ft_sal_001487,ft_evt_0053,S. Cifuentes,sebastiancifuentes234@icloud.com,,2,88000,WEB,2026-06-24 14:30:00
ft_sal_001488,ft_evt_0053,Daniel Céspedes,daniel.cespedes687@hotmial.com,302 318 8167,1,61000,WEB,2026-07-04 17:30:00
ft_sal_001489,ft_evt_0053,Valentina Salazar Rojas,valentina.salazar22@gmail.com,3036341259,3,183000,WEB,2026-06-22 03:30:00
ft_sal_001490,ft_evt_0053,sebastián hernández,sebastianhernandez783@gmail.com,(+57) 324-183-8360,2,88000,WEB,2026-07-03 05:30:00
ft_sal_001491,ft_evt_0053,Paula Moreno,paula.moreno30@gmail.com,+57 302 2768351,1,56000,WEB,2026-06-28 16:30:00
ft_sal_001492,ft_evt_0053,Mateo Vargas,mateo.vargas18@hotmail.com,3151881809,1,94000,WEB,2026-06-29 13:30:00
ft_sal_001493,ft_evt_0053,Natalia Bermúdez,natalia.bermudez19@gmail.com,327 454 5944,3,138000,WEB,2026-06-22 02:30:00
ft_sal_001494,ft_evt_0053,Esteban Ospina,esteban.ospina@icloud.com,,2,118000,WEB,2026-06-22 12:30:00
ft_sal_001495,ft_evt_0053,ximena cifuentes,ximena.cifuentes45@gmail.com,,1,46000,WEB,2026-07-07 11:30:00
ft_sal_001496,ft_evt_0053,Peña David,david.pena67@hotmail.com,+57 317 8509337,3,177000,WEB,2026-06-19 17:30:00
ft_sal_001497,ft_evt_0053,Camilo Valencia,CAMILO.VALENCIA41@GMAIL.COM,+57 322 0102149,1,47000,WEB,2026-07-01 05:30:00
ft_sal_001498,ft_evt_0053,Tatiana Cárdenas,tatiana.cardenas@gmail.com,327 720 0143,2,82000,WEB,2026-06-25 16:30:00
ft_sal_001499,ft_evt_0053,LAURA RESTREPO,laura.restrepo@icloud.com,(+57) 327-093-9443,6,372000,WEB,2026-06-21 15:30:00
ft_sal_001500,ft_evt_0053,Diego Cárdenas,DIEGO.CARDENAS565@GMAIL.COM,,1,44000,BOX_OFFICE,2026-07-09 12:30:00
ft_sal_001501,ft_evt_0053,Nicolás Mejía Suárez,nicolasmejia405@gmail.com,3072734478,4,536000,WEB,2026-06-28 20:30:00
ft_sal_001502,ft_evt_0053,Miguel Suárez,miguel.suarez51@gmial.com,(+57) 320-488-6173,2,0,WEB,2026-07-05 08:30:00
ft_sal_001503,ft_evt_0053,Céspedes Juliana,julina.cespedes692@gmail.com,3177150797,4,164000,WEB,2026-06-25 00:30:00
ft_sal_001504,ft_evt_0053,Sebastián Valencia Quintero,sebastian.valencia@hotmail.com,324 680 3021,1,53000,WEB,2026-07-01 01:30:00
ft_sal_001505,ft_evt_0053,Catalina Rodríguez,catalina.rodriguez@hotmial.com,(+57) 316-127-4216,1,44000,WEB,2026-06-26 15:30:00
ft_sal_001506,ft_evt_0053,Andrés Rodríguez,andres.rodriguez47@yahoo.com,329 624 3225,1,50000,ADMIN,2026-06-29 00:30:00
ft_sal_001507,ft_evt_0053,Cristian Moreno,cristianmoreno142@gmail.com,573220720644,1,61000,WEB,2026-06-25 03:30:00
ft_sal_001508,ft_evt_0053,Paula Salazar,paulasalazar917@outlook.com,573120957531,2,0,WEB,2026-06-30 10:30:00
ft_sal_001509,ft_evt_0053,Ó. Arango,oscar.arango@icloud.com,3213803551,1,142000,WEB,2026-06-25 11:30:00
ft_sal_001510,ft_evt_0053,Gómez Óscar,oscar.gomez448@hotmail.com,573029055054,2,198000,WEB,2026-06-24 13:30:00
ft_sal_001511,ft_evt_0053,Julian Quintero,julian.quintero@gmail.com,,2,92000,WEB,2026-07-01 14:30:00
ft_sal_001512,ft_evt_0053,Carolina Restrepo,carolinarestrepo570@icloud.com,321 002 3461,2,118000,BOX_OFFICE,2026-07-09 02:30:00
ft_sal_001513,ft_evt_0053,Restrepo Camila,luisa.valencia316@gmail.com,+57 321 6766063,3,180000,WEB,2026-06-26 08:30:00
ft_sal_001514,ft_evt_0053,Ricardo Quintero,ricardo.quintero@gmail.com,3299012759,1,46000,ADMIN,2026-07-01 10:30:00
ft_sal_001515,ft_evt_0053,Restrepo Paula,paula.restrepo+compras@gmail.com,(+57) 304-739-8479,1,140000,WEB,2026-06-24 19:30:00
ft_sal_001516,ft_evt_0053,Paula Valencia,paula.valencia@outlok.com,573009394269,2,116000,WEB,2026-07-02 10:30:00
ft_sal_001517,ft_evt_0053,Santiago Martínez,santiagomartinez667@gmail.com,(+57) 306-942-8088,2,178000,WEB,2026-07-03 00:30:00
ft_sal_001518,ft_evt_0053,Sebastián Salazar,sebastian.salazar63@gmail.com,573273208041,3,132000,WEB,2026-06-27 08:30:00
ft_sal_001519,ft_evt_0053,Juliana Restrepo Valencia,juliana.restrepo2@gmail.com,(+57) 311-431-8582,1,44000,WEB,2026-07-07 08:30:00
ft_sal_001520,ft_evt_0053,Valentina Valencia,valentina.valencia30@gmail.com,3213035806,1,49000,BOX_OFFICE,2026-07-09 09:30:00
ft_sal_001521,ft_evt_0053,Diego Cárdenas,diego.cardenas565@gmail.com,3102282976,3,144000,WEB,2026-07-07 19:30:00
ft_sal_001522,ft_evt_0053,DAVID RAMÍREZ,david.ramirez596+eventos@gmail.com,,1,99000,WEB,2026-06-30 00:30:00
ft_sal_001523,ft_evt_0053,S. Gómez,sebastian.gomez@yahoo.com,+57 323 9062960,3,183000,ADMIN,2026-06-23 05:30:00
ft_sal_001524,ft_evt_0053,Camilo Suarez,camilo.suare76@outlook.com,320 054 4467,2,126000,WEB,2026-06-29 03:30:00
ft_sal_001525,ft_evt_0053,Restrepo Ricardo,RICARDO.RESTREPO@GMAIL.COM,3063500548,2,0,WEB,2026-07-06 11:30:00
ft_sal_001526,ft_evt_0053,Restrepo Óscar,oscarrestrepo972@gmail.com,,2,88000,WEB,2026-07-01 01:30:00
ft_sal_001527,ft_evt_0053,T. Valencia,tatianavalencia911@hotmail.com,(+57) 309-945-8674,3,177000,WEB,2026-06-24 03:30:00
ft_sal_001528,ft_evt_0053,Daniel Céspedes,danielcespedes666@proton.me,+57 324 0426340,2,90000,BOX_OFFICE,2026-07-09 14:30:00
ft_sal_001529,ft_evt_0053,Camilo Valencia,camilovalencia493@gmail.com,573074801967,1,44000,ADMIN,2026-07-01 09:30:00
ft_sal_001530,ft_evt_0053,cristian castro,cristian.catro26@gmail.com,(+57) 323-506-3023,1,44000,WEB,2026-06-23 12:30:00
ft_sal_001531,ft_evt_0053,Santiago Castro,santiago.castro98@gmail.com,(+57) 312-647-5692,2,276000,RRPP,2026-07-01 03:30:00
ft_sal_001532,ft_evt_0053,Sebastián Salazar,sebastian.salazar@gmail.com,(+57) 300-929-9999,1,44000,WEB,2026-06-29 10:30:00
ft_sal_001533,ft_evt_0053,Manuela Restrepo,manuea.restrepo2@hotmail.com,+57 312 1097480,2,192000,BOX_OFFICE,2026-07-09 02:30:00
ft_sal_001534,ft_evt_0053,Ortiz Óscar,alejandra.gonzalez845@gmail.com,,1,0,WEB,2026-07-04 01:30:00
ft_sal_001535,ft_evt_0053,Rodríguez Mateo,david.lopez96@gmail.com,328 580 5852,1,60000,WEB,2026-07-02 04:30:00
ft_sal_001536,ft_evt_0053,felipe castro,felipecastro21@outlook.com,327 615 5461,1,47000,WEB,2026-06-28 15:30:00
ft_sal_001537,ft_evt_0053,Cristian Jiménez,cristian.jimenez98@gmail.com,+57 321 0173446,2,86000,WEB,2026-06-20 01:30:00
ft_sal_001538,ft_evt_0053,Isabella Ramírez,isabellaramirez750@proton.me,3256162736,3,135000,WEB,2026-06-26 01:30:00
ft_sal_001539,ft_evt_0053,Daniel Mejia,daniel.mejia16@hotmail.com,319 287 3732,2,88000,WEB,2026-07-05 18:30:00
ft_sal_001540,ft_evt_0053,Miguel Jiménez,migueljimenez825@hotmail.com,+57 323 3434659,1,65000,WEB,2026-06-25 06:30:00
ft_sal_001541,ft_evt_0053,Cristian Céspedes Gómez,cristian.cespedes262@gmail.com,315 955 8940,2,210000,WEB,2026-06-30 07:30:00
ft_sal_001542,ft_evt_0053,CARLOS MUÑOZ,carlos.munoz60@gmial.com,3270995186,1,0,WEB,2026-07-02 18:30:00
ft_sal_001543,ft_evt_0053,Carlos López,carloslopez68@outlook.com,(+57) 318-171-2085,2,126000,BOX_OFFICE,2026-07-09 13:30:00
ft_sal_001544,ft_evt_0053,Camilo Suárez Céspedes,camilo.suarez76@outlook.com,+57 320 0544467,1,62000,WEB,2026-06-22 12:30:00
ft_sal_001545,ft_evt_0053,Ricardo Gómez,ricardo.gomez@gmail.com,573024218973,1,142000,WEB,2026-07-02 19:30:00
ft_sal_001546,ft_evt_0053,LUISA RODRÍGUEZ,luisa.rodriguez@hotmail.com,573197263151,1,91000,WEB,2026-06-29 14:30:00
ft_sal_001547,ft_evt_0053,Santiago Betancur,santiago.betancur97@hotmail.com,(+57) 324-710-1421,2,88000,WEB,2026-07-01 14:30:00
ft_sal_001548,ft_evt_0053,david hernández,davidhernandez681@hotmail.com,326 516 1148,1,0,BOX_OFFICE,2026-07-09 10:30:00
ft_sal_001549,ft_evt_0053,NICOLÁS OSPINA,nicolas.ospina4@gmail.com,(+57) 321-123-9549,1,96000,WEB,2026-07-04 12:30:00
ft_sal_001550,ft_evt_0053,Alejandro Ospina,alejandro.ospina@proton.me,+57 321 2841450,1,98000,WEB,2026-06-28 14:30:00
ft_sal_001551,ft_evt_0053,Daniel Quintero,daniel.quintero474+boletas@gmail.com,,3,180000,WEB,2026-06-25 07:30:00
ft_sal_001552,ft_evt_0053,Diego Zapata,diego.zapata@hotmail.com,311 188 4034,1,48000,WEB,2026-06-25 15:30:00
ft_sal_001553,ft_evt_0053,Natalia Rodriguez,natalia.rodriguez57@gmial.com,573038361028,2,92000,WEB,2026-06-24 15:30:00
ft_sal_001554,ft_evt_0053,fabián quintero,fabian.quinero8@gmail.com,(+57) 329-456-0582,4,256000,WEB,2026-07-02 20:30:00
ft_sal_001555,ft_evt_0053,Felipe Martinez,felipe.marinez@gmail.com,573063634653,2,132000,WEB,2026-07-02 19:30:00
ft_sal_001556,ft_evt_0053,Sara Céspedes,saracespedes67@gmail.com,319 355 3101,1,41000,WEB,2026-06-30 06:30:00
ft_sal_001557,ft_evt_0053,María Gómez,mariagomez371@yahoo.com,573148484109,2,86000,WEB,2026-07-01 19:30:00
ft_sal_001558,ft_evt_0053,JULIANA MUÑOZ,juliana.munoz60@gmail.com,312 861 8851,2,94000,WEB,2026-06-19 01:30:00
ft_sal_001559,ft_evt_0053,Juliana Restrepo,julianarestrepo896@yahoo.com,3137646498,2,272000,BOX_OFFICE,2026-07-09 16:30:00
ft_sal_001560,ft_evt_0053,carolina rodríguez,carolina.rodriguez@gmail.com,(+57) 310-984-7383,1,0,WEB,2026-07-02 06:30:00
ft_sal_001561,ft_evt_0053,Mateo Cárdenas,mateo.cardenas701@gmial.com,307 559 6272,6,552000,WEB,2026-06-25 16:30:00
ft_sal_001562,ft_evt_0053,FABIÁN CIFUENTES,fabian.cifentes379@gmail.com,314 690 4150,1,135000,WEB,2026-07-05 19:30:00
ft_sal_001563,ft_evt_0053,Betancur Camila,camila.betancur@icloud.com,314 809 6504,1,43000,WEB,2026-07-04 18:30:00
ft_sal_001564,ft_evt_0053,Diego Jiménez,diegojimenez833@gmail.com,(+57) 323-958-5683,1,137000,WEB,2026-06-27 18:30:00
ft_sal_001565,ft_evt_0053,Cristian Zapata,CRISTIAN.ZAPATA@GMAIL.COM,573144214450,2,94000,WEB,2026-06-27 08:30:00
ft_sal_001566,ft_evt_0053,manuela jiménez,manuela.jimenez77@hotmial.com,573093031797,1,43000,WEB,2026-06-29 12:30:00
ft_sal_001567,ft_evt_0053,Nicolas Moreno,nicolasmoreno754@gmail.com,+57 310 9103968,1,91000,WEB,2026-06-27 12:30:00
ft_sal_001568,ft_evt_0053,Jiménez Valentina,valentinajimenez792@hotmail.com,,1,0,WEB,2026-06-24 13:30:00
ft_sal_001569,ft_evt_0053,Ximena Suarez,ximenasuarez154@hotmail.com,,1,47000,BOX_OFFICE,2026-07-09 08:30:00
ft_sal_001570,ft_evt_0053,Alejandra Ortiz,alejandra.ortiz332@gmail.com,+57 320 7231399,2,96000,WEB,2026-07-03 16:30:00
ft_sal_001571,ft_evt_0053,DANIELA JIMÉNEZ,danielajimenez57@gmail.com,573288414595,1,125000,WEB,2026-06-25 11:30:00
ft_sal_001572,ft_evt_0053,Paula Cárdenas,paulacardenas348@gmail.com,573110730163,1,58000,WEB,2026-06-25 17:30:00
ft_sal_001573,ft_evt_0053,Santiago Rojas Guerrero,santiagorojas512@proton.me,,1,102000,BOX_OFFICE,2026-07-09 01:30:00
ft_sal_001574,ft_evt_0053,Daniel Mejía Suárez,daniel.mejia128@hotmial.com,573167902520,2,84000,WEB,2026-06-27 08:30:00
ft_sal_001575,ft_evt_0053,MANUELA CÁRDENAS,manuelacardenas317@gmail.com,,3,0,WEB,2026-06-29 05:30:00
ft_sal_001576,ft_evt_0053,Julián Martínez,julianmartinez847@gmail.com,573198152925,1,94000,BOX_OFFICE,2026-07-09 18:30:00
ft_sal_001577,ft_evt_0053,Laura Lopez,laura.lopez@gmial.com,573282644886,1,45000,WEB,2026-06-19 06:30:00
ft_sal_001578,ft_evt_0053,Ospina Carolina,carolina.ospina34@gmial.com,3153520778,1,44000,WEB,2026-06-28 14:30:00
ft_sal_001579,ft_evt_0053,julián jiménez,julianjimenez76@icloud.com,+57 328 3339513,2,86000,WEB,2026-07-01 06:30:00
ft_sal_001580,ft_evt_0053,MATEO MORENO,mateomoreno87@gmail.com,,1,66000,WEB,2026-07-01 17:30:00
ft_sal_001581,ft_evt_0053,ESTEBAN MEJÍA,estebanmejia247@gmail.com,573046060343,2,90000,WEB,2026-06-24 06:30:00
ft_sal_001582,ft_evt_0053,David Gonzalez,davidgonzalez114@yahoo.com,+57 302 6917149,1,90000,WEB,2026-06-23 09:30:00
ft_sal_001583,ft_evt_0053,Juan López,juan.lopez@proton.me,321 959 1077,6,588000,WEB,2026-07-01 00:30:00
ft_sal_001584,ft_evt_0053,Carlos Suárez,carlos.suarez@outlook.com,573042974426,1,43000,WEB,2026-06-28 01:30:00
ft_sal_001585,ft_evt_0053,Muñoz Juan,juan.munoz@outlook.com,+57 302 0419978,1,136000,ADMIN,2026-06-22 14:30:00
ft_sal_001586,ft_evt_0053,M. Mejía,maria.mejia45@gmail.com,324 203 7263,2,0,WEB,2026-06-29 01:30:00
ft_sal_001587,ft_evt_0053,PAULA MORENO,paula.moreno804@gmail.com,+57 313 6046180,2,82000,WEB,2026-07-03 16:30:00
ft_sal_001588,ft_evt_0053,D. Guerrero,danielaguerrero926@gmail.com,573081293399,3,135000,WEB,2026-06-25 08:30:00
ft_sal_001589,ft_evt_0053,Suárez Carolina,carolina.suarez@gmail.com,3000706367,2,0,WEB,2026-07-02 13:30:00
ft_sal_001590,ft_evt_0053,Laura Ramírez,laura.ramirez711@gmail.com,3114721524,2,86000,WEB,2026-07-01 09:30:00
ft_sal_001591,ft_evt_0053,carlos céspedes,carloscespedes85@proton.me,+57 315 8709564,4,172000,WEB,2026-06-26 19:30:00
ft_sal_001592,ft_evt_0053,Felipe Suárez Castro,felipe.suarez27@gmail.com,+57 309 8601663,1,0,BOX_OFFICE,2026-07-09 04:30:00
ft_sal_001593,ft_evt_0053,Mateo Guerrero,mateo.guerrero64@outlook.com,573025327151,2,86000,BOX_OFFICE,2026-07-09 10:30:00
ft_sal_001594,ft_evt_0053,Daniel Arango,daniel.arango103@gmail.com,3281097688,3,141000,WEB,2026-07-01 14:30:00
ft_sal_001595,ft_evt_0053,Tatiana Moreno,tatian.moreno@gmail.com,3017519440,1,41000,WEB,2026-06-28 06:30:00
ft_sal_001596,ft_evt_0053,Sebastian Gomez,seastian.gomez@gmail.com,3071618240,1,90000,WEB,2026-06-29 00:30:00
ft_sal_001597,ft_evt_0053,sebastián gonzález,sebastian.gonzalez@gmail.com,320 562 9945,1,59000,WEB,2026-06-18 07:30:00
ft_sal_001598,ft_evt_0053,Santiago Ramírez,santiago.rairez22@gmail.com,3176800191,1,148000,WEB,2026-07-02 19:30:00
ft_sal_001599,ft_evt_0053,Natalia Cárdenas,natalia.cardenas606@hotmail.com,3006424505,1,61000,BOX_OFFICE,2026-07-09 01:30:00
ft_sal_001600,ft_evt_0053,Restrepo Sebastián,sebastianrestrepo529@gmail.com,(+57) 312-182-0463,1,44000,BOX_OFFICE,2026-07-09 11:30:00
ft_sal_001601,ft_evt_0053,Cristian Peña,cristianpena211@gmail.com,(+57) 326-709-4888,1,43000,WEB,2026-07-06 00:30:00
ft_sal_001602,ft_evt_0053,Manuela Gómez Gómez,manuelagomez387@gmail.com,(+57) 303-816-2148,2,200000,BOX_OFFICE,2026-07-09 15:30:00
ft_sal_001603,ft_evt_0053,Manuela Céspedes,manuela.cespedes889@gmail.com,323 054 9337,3,0,WEB,2026-07-04 06:30:00
ft_sal_001604,ft_evt_0053,Andrea Salazar,andreasalazar166@gmail.com,3138332249,4,220000,WEB,2026-06-25 07:30:00
ft_sal_001605,ft_evt_0053,L. Salazar,luisa.salazar@gmial.com,3092796202,2,118000,BOX_OFFICE,2026-07-09 07:30:00
ft_sal_001606,ft_evt_0053,Nicolás Rodríguez,nicolasrodriguez423@gmail.com,3288687754,1,46000,WEB,2026-06-26 07:30:00
ft_sal_001607,ft_evt_0053,Andrea Salazar González,andra.salazar@gmail.com,309 629 2333,1,59000,WEB,2026-06-22 13:30:00
ft_sal_001608,ft_evt_0053,Óscar Rodríguez,oscarrodriguez247@gmail.com,+57 323 2501166,2,180000,BOX_OFFICE,2026-07-09 10:30:00
ft_sal_001609,ft_evt_0053,Paula Mejia,paulamejia579@hotmail.com,,1,46000,BOX_OFFICE,2026-07-09 00:30:00
ft_sal_001610,ft_evt_0053,Carolina Salazar,carolina.salazar@gmail.com,(+57) 301-496-0147,1,54000,WEB,2026-06-29 08:30:00
ft_sal_001611,ft_evt_0053,Quintero Esteban,estebanquintero600@gmail.com,+57 307 2123608,4,168000,RRPP,2026-07-08 01:30:00
ft_sal_001612,ft_evt_0053,MARÍA QUINTERO,mariaquintero778@gmail.com,3178762144,1,132000,WEB,2026-07-03 03:30:00
ft_sal_001613,ft_evt_0053,Daniel Guerrero Muñoz,DANIEL.GUERRERO264@GMAIL.COM,573157227196,1,59000,WEB,2026-06-28 12:30:00
ft_sal_001614,ft_evt_0053,Tatiana Mejía,tatiana.mejia@outlook.com,(+57) 314-285-5032,1,64000,WEB,2026-07-05 03:30:00
ft_sal_001615,ft_evt_0053,Fabián Jiménez Ramírez,FABIAN.JIMENEZ@YAHOO.COM,324 070 3254,1,44000,WEB,2026-07-03 03:30:00
ft_sal_001616,ft_evt_0053,Ximena Salazar,ximenasalazar303@gmail.com,(+57) 304-715-9733,1,57000,WEB,2026-07-02 01:30:00
ft_sal_001617,ft_evt_0053,Felipe Peña,felipe.pena@outlook.com,(+57) 305-096-7819,4,0,ADMIN,2026-06-22 14:30:00
ft_sal_001618,ft_evt_0053,Miguel Gómez,miguel.goez40@gmail.com,3168107441,2,96000,WEB,2026-07-01 10:30:00
ft_sal_001619,ft_evt_0053,Sara Cifuentes,saracifuentes144@yahoo.com,+57 317 8571921,4,252000,WEB,2026-07-02 18:30:00
ft_sal_001620,ft_evt_0053,manuela ortiz,manuela.ortiz@gmial.com,573234835541,1,96000,WEB,2026-06-25 03:30:00
ft_sal_001621,ft_evt_0053,Valentina Restrepo,valentina.restrepo13@gmail.com,3073193182,1,58000,WEB,2026-06-26 06:30:00
ft_sal_001622,ft_evt_0053,Jiménez Juliana,juliana.jimenez@outlook.com,573244171120,1,42000,BOX_OFFICE,2026-07-09 17:30:00
ft_sal_001623,ft_evt_0002,Sara Hernandez,sara.hernandez@proton.me,573196160764,2,0,WEB,2026-07-08 13:00:00
ft_sal_001624,ft_evt_0002,Diana Guerrero,dianaguerrero241@gmail.com,3245271206,2,0,RRPP,2026-07-03 02:00:00
ft_sal_001625,ft_evt_0002,Bermúdez Paula,paula.bermudez@icloud.com,,1,0,BOX_OFFICE,2026-07-10 11:00:00
ft_sal_001626,ft_evt_0002,PAULA BETANCUR,catalina.guerrero@gmail.com,,1,0,WEB,2026-07-06 07:00:00
ft_sal_001627,ft_evt_0002,Mariana Hernández,marianahernandez94@gmail.com,(+57) 321-737-0639,2,0,WEB,2026-07-03 12:00:00
ft_sal_001628,ft_evt_0002,Cárdenas Paula,paulacardenas917@gmail.com,306 493 2074,1,0,WEB,2026-06-26 18:00:00
ft_sal_001629,ft_evt_0002,Andrea Mejía,andrea.mejia33@hotmail.com,+57 327 6213925,2,0,WEB,2026-06-29 06:00:00
ft_sal_001630,ft_evt_0002,Catalina Ospina Castro,catalinaospina220@icloud.com,573051584546,1,0,WEB,2026-06-26 12:00:00
ft_sal_001631,ft_evt_0002,juan quintero,juan.quintero34@icloud.com,+57 315 4983129,1,0,BOX_OFFICE,2026-07-10 05:00:00
ft_sal_001632,ft_evt_0002,Camila Martínez,camila.martinez20@gmail.com,(+57) 320-280-9878,2,0,BOX_OFFICE,2026-07-10 15:00:00
ft_sal_001633,ft_evt_0002,Ximena Jiménez Arango,ximena.jimenez49@outlook.com,3283870097,2,0,WEB,2026-07-01 07:00:00
ft_sal_001634,ft_evt_0002,Diego Ortiz,diegoortiz993@hotmail.com,+57 321 0760390,2,0,WEB,2026-07-07 17:00:00
ft_sal_001635,ft_evt_0002,carlos zapata,carloszapata639@gmail.com,3255641645,2,0,WEB,2026-06-24 11:00:00
ft_sal_001636,ft_evt_0002,Castro Santiago,santiago.castro98@gmail.com,(+57) 312-647-5692,2,0,WEB,2026-07-01 04:00:00
ft_sal_001637,ft_evt_0002,Catalina Muñoz,catalia.munoz933@hotmail.com,328 084 1168,1,0,WEB,2026-06-29 18:00:00
ft_sal_001638,ft_evt_0002,ISABELLA MEJÍA,isabellamejia788@gmail.com,(+57) 312-682-6310,2,0,WEB,2026-06-30 19:00:00
ft_sal_001639,ft_evt_0002,Felipe Arango,FELIPE.ARANGO48@GMAIL.COM,+57 308 2222036,3,0,WEB,2026-07-07 11:00:00
ft_sal_001640,ft_evt_0002,Guerrero Miguel,miguel.guerrero56+eventos@gmail.com,+57 314 4361476,2,0,WEB,2026-07-02 14:00:00
ft_sal_001641,ft_evt_0002,Miguel Cárdenas,miguel.cardenas35@gmial.com,+57 328 5667553,2,0,WEB,2026-07-04 07:00:00
ft_sal_001642,ft_evt_0002,ESTEBAN RESTREPO,esteban.restrepo@gmail.com,573239213904,4,0,WEB,2026-06-28 00:00:00
ft_sal_001643,ft_evt_0002,Fabián Martínez,FABIAN.MARTINEZ@OUTLOOK.COM,+57 308 3629472,2,0,WEB,2026-06-24 04:00:00
ft_sal_001644,ft_evt_0002,CAMILO ROJAS,camilo.rojas76@gmail.com,3084690973,2,0,WEB,2026-06-27 06:00:00
ft_sal_001645,ft_evt_0002,Andrea Gómez,carolina.betancur@outlook.com,573070880290,2,0,WEB,2026-06-21 14:00:00
ft_sal_001646,ft_evt_0002,CARLOS BERMÚDEZ,carlosbermudez41@hotmail.com,(+57) 315-293-8100,1,0,ADMIN,2026-07-02 16:00:00
ft_sal_001647,ft_evt_0002,Cristian Ospina,cristianospina851@outlook.com,,1,0,WEB,2026-06-25 02:00:00
ft_sal_001648,ft_evt_0002,Carlos Peña Arango,carlos.pena19@gmail.com,311 391 1068,2,0,WEB,2026-06-30 03:00:00
ft_sal_001649,ft_evt_0002,Andrea Muñoz,andrea.munoz29@gmail.com,314 296 8175,6,0,WEB,2026-06-30 07:00:00
ft_sal_001650,ft_evt_0002,Esteban Céspedes,oscar.vargas646@gmail.com,,4,0,ADMIN,2026-07-01 00:00:00
ft_sal_001651,ft_evt_0002,miguel ortiz,sara.martinez16@gmail.com,327 541 6080,2,0,BOX_OFFICE,2026-07-10 13:00:00
ft_sal_001652,ft_evt_0002,Natalia Guerrero Arango,natalia.guerrero@gmial.com,(+57) 324-227-8855,1,0,WEB,2026-07-03 16:00:00
ft_sal_001653,ft_evt_0002,Felipe Céspedes,felipecespedes518@outlook.com,(+57) 324-272-3807,2,0,BOX_OFFICE,2026-07-10 18:00:00
ft_sal_001654,ft_evt_0002,D. Peña,danielpena994@gmail.com,+57 307 8003986,1,0,WEB,2026-07-06 04:00:00
ft_sal_001655,ft_evt_0002,Manuela Rojas,manuelarojas179@gmail.com,573278647562,1,0,WEB,2026-07-03 13:00:00
ft_sal_001656,ft_evt_0002,Mateo Bermúdez,mateo.bermudez75@hotmail.com,(+57) 306-202-2146,2,0,WEB,2026-06-28 06:00:00
ft_sal_001657,ft_evt_0002,Cristian Mejía,cristianmejia122@gmail.com,,3,0,BOX_OFFICE,2026-07-10 01:00:00
ft_sal_001658,ft_evt_0002,isabella ramírez,isabella.ramirez108@gmail.com,(+57) 313-363-3519,2,0,WEB,2026-07-06 10:00:00
ft_sal_001659,ft_evt_0002,FABIÁN ZAPATA,fabian.zapata37@gmail.com,573283056163,1,0,WEB,2026-06-30 01:00:00
ft_sal_001660,ft_evt_0002,Valentina Muñoz,valentina.munoz@hotmial.com,304 314 1634,1,0,WEB,2026-07-02 07:00:00
ft_sal_001661,ft_evt_0002,González Carlos,carlos.gonzalez74@gmail.com,573016366954,1,0,WEB,2026-06-23 05:00:00
ft_sal_001662,ft_evt_0002,Carlos Restrepo Restrepo,carlos.restrepo97@hotmail.com,,1,0,BOX_OFFICE,2026-07-10 07:00:00
ft_sal_001663,ft_evt_0002,Cristian Céspedes,cristiancespedes594@gmail.com,573163752726,2,0,WEB,2026-06-19 16:00:00
ft_sal_001664,ft_evt_0002,Ricardo Jiménez Hernández,ricardo.jimenez@yahoo.com,320 406 3689,3,0,WEB,2026-06-28 15:00:00
ft_sal_001665,ft_evt_0002,maría martínez,maria.martinez90@gmail.com,,2,0,WEB,2026-06-25 14:00:00
ft_sal_001666,ft_evt_0002,Diego Vargas,diegovargas76@outlook.com,3084667740,2,0,WEB,2026-06-28 16:00:00
ft_sal_001667,ft_evt_0002,Hernández Felipe,felipe.hernadez@hotmail.com,573055426300,2,0,WEB,2026-06-22 03:00:00
ft_sal_001668,ft_evt_0002,Juliana Jiménez,juliana.jimenez78@yahoo.com,+57 319 1788716,1,0,WEB,2026-07-01 10:00:00
ft_sal_001669,ft_evt_0002,Andrea Ospina Vargas,andrea.ospina@outlook.com,(+57) 324-468-2394,1,0,WEB,2026-06-23 03:00:00
ft_sal_001670,ft_evt_0002,Suárez Camila,camila.suarez@outlook.com,,2,0,WEB,2026-07-05 00:00:00
ft_sal_001671,ft_evt_0002,tatiana quintero,tatianaquintero534@gmail.com,328 858 5028,1,0,WEB,2026-07-05 15:00:00
ft_sal_001672,ft_evt_0002,Mariana Salazar Rodríguez,mariana.salazar91@gmail.com,573049526077,6,0,WEB,2026-06-28 15:00:00
ft_sal_001673,ft_evt_0002,ALEJANDRA CÁRDENAS,alejandra.cardenas@gmail.com,327 185 4125,1,0,WEB,2026-06-21 16:00:00
ft_sal_001674,ft_evt_0002,Felipe Arango,felipe.arango56+compras@gmail.com,573103606060,3,0,WEB,2026-07-04 15:00:00
ft_sal_001675,ft_evt_0002,david vargas,david.vargas22@gmail.com,,2,0,RRPP,2026-06-25 05:00:00
ft_sal_001676,ft_evt_0002,Juliana Peña,juliana.pena26@gmial.com,+57 313 7578208,2,0,BOX_OFFICE,2026-07-10 15:00:00
ft_sal_001677,ft_evt_0002,T. Castro,tatiana.castro@hotmial.com,3151946067,4,0,WEB,2026-06-30 12:00:00
ft_sal_001678,ft_evt_0002,Óscar Guerrero,oscar.guerrero@gmail.com,+57 324 4150437,2,0,WEB,2026-06-23 15:00:00
ft_sal_001679,ft_evt_0002,Sebastián Jiménez,sebastian.jimenez@hotmail.com,3135369963,2,0,BOX_OFFICE,2026-07-10 13:00:00
ft_sal_001680,ft_evt_0002,Ricardo Hernández,ricardo.hernandez95@outlook.com,+57 310 8104912,1,0,WEB,2026-07-03 02:00:00
ft_sal_001681,ft_evt_0002,David Valencia,david.valencia30@gmail.com,3229964962,1,0,WEB,2026-06-26 19:00:00
ft_sal_001682,ft_evt_0002,Daniela Guerrero,daniela.guerrero63@gmail.com,+57 311 8876072,2,0,BOX_OFFICE,2026-07-10 02:00:00
ft_sal_001683,ft_evt_0002,Santiago Quintero Arango,santiago.quintero823+eventos@gmail.com,325 436 5610,2,0,WEB,2026-06-22 00:00:00
ft_sal_001684,ft_evt_0002,C. Bermúdez,catalina.bermudez85@icloud.com,573274412166,2,0,WEB,2026-07-08 09:00:00
ft_sal_001685,ft_evt_0002,Salazar Andrea,andrea.salazar@gmail.com,+57 309 6292333,1,0,WEB,2026-07-08 18:00:00
ft_sal_001686,ft_evt_0002,C. Vargas,alejandro.moreno@gmail.com,573018383027,1,0,WEB,2026-07-02 18:00:00
ft_sal_001687,ft_evt_0002,Felipe Quintero,felipe.quintero11@outlook.com,+57 302 2210025,1,0,WEB,2026-07-01 08:00:00
ft_sal_001688,ft_evt_0002,Tatiana Zapata,tatiana.zapata@gmail.com,319 359 0577,3,0,WEB,2026-06-27 10:00:00
ft_sal_001689,ft_evt_0002,Martínez Camilo,camilo.martinez939@gmail.com,306 932 8706,2,0,WEB,2026-06-27 04:00:00
ft_sal_001690,ft_evt_0002,David Suárez Moreno,david.suarez123@gmail.com,3004697085,1,0,WEB,2026-06-30 07:00:00
ft_sal_001691,ft_evt_0002,Cifuentes Santiago,santiago.cifuentes266@gmail.com,(+57) 327-765-4540,6,0,WEB,2026-06-29 15:00:00
ft_sal_001692,ft_evt_0002,Castro Óscar,oscar.castro55@gmail.com,3114358632,1,0,WEB,2026-06-27 10:00:00
ft_sal_001693,ft_evt_0002,laura guerrero,andres.suarez@gmail.com,(+57) 305-188-9008,3,0,WEB,2026-07-03 15:00:00
ft_sal_001694,ft_evt_0002,Catalina Rojas,catalina.rojas@gmail.com,+57 312 6978290,2,0,WEB,2026-07-02 12:00:00
ft_sal_001695,ft_evt_0002,LUISA SUÁREZ,luisa.suarez24@gmial.com,(+57) 321-761-2041,1,0,WEB,2026-06-27 08:00:00
ft_sal_001696,ft_evt_0002,DANIEL CÁRDENAS,daniel.cardenas23@gmail.com,328 813 8063,2,0,WEB,2026-07-02 10:00:00
ft_sal_001697,ft_evt_0002,Juliana Mejía,juliana.mejia@outlook.com,318 799 6078,1,0,WEB,2026-07-07 02:00:00
ft_sal_001698,ft_evt_0002,daniela rodríguez,manuela.hernandez@hotmail.com,+57 314 8439123,1,0,WEB,2026-07-02 01:00:00
ft_sal_001699,ft_evt_0002,Juliana Vargas,juliana.vargas@hotmail.com,3063140062,3,0,WEB,2026-07-03 13:00:00
ft_sal_001700,ft_evt_0002,Mariana Cardenas,mariana.cardenas82+spam@gmail.com,573027826320,1,0,WEB,2026-06-27 11:00:00
ft_sal_001701,ft_evt_0002,Isabella Céspedes Hernández,isabella.cespedes845@gmail.com,(+57) 318-045-4246,1,0,WEB,2026-06-22 04:00:00
ft_sal_001702,ft_evt_0002,Andrés Guerrero,andres.guerrero76@gmail.com,,2,0,WEB,2026-06-26 12:00:00
ft_sal_001703,ft_evt_0002,Natalia González,naalia.gonzalez66@gmail.com,573114515916,1,0,WEB,2026-07-07 18:00:00
ft_sal_001704,ft_evt_0002,carolina suárez,carolina.suarez@hotmail.com,573141491544,1,0,ADMIN,2026-06-28 14:00:00
ft_sal_001705,ft_evt_0002,DAVID BETANCUR,david.betancur@outlook.com,(+57) 319-301-9012,2,0,WEB,2026-07-06 08:00:00
ft_sal_001706,ft_evt_0002,felipe lópez,felipelopez731@proton.me,,1,0,WEB,2026-06-30 05:00:00
ft_sal_001707,ft_evt_0002,Sebastián Quintero López,sebastian.quintero@gmail.com,309 584 2039,1,0,WEB,2026-07-02 12:00:00
ft_sal_001708,ft_evt_0002,CAMILO BETANCUR,camilo.betancur@gmail.com,310 958 8045,1,0,WEB,2026-07-05 20:00:00
ft_sal_001709,ft_evt_0002,Nicolás Ortiz,nicolasortiz678@gmail.com,(+57) 312-260-7358,1,0,WEB,2026-07-06 05:00:00
ft_sal_001710,ft_evt_0002,Jiménez María,mariajimenez354@yahoo.com,573023391049,1,0,WEB,2026-06-28 04:00:00
ft_sal_001711,ft_evt_0002,Diego González,diego.gonzalez5@hotmail.com,3191159635,6,0,WEB,2026-07-07 20:00:00
ft_sal_001712,ft_evt_0002,Luisa Martínez,luisa.martinez47@gmail.com,3205569442,1,0,WEB,2026-06-28 04:00:00
ft_sal_001713,ft_evt_0002,Luisa Arango,luisa.arango@hotmail.com,,2,0,RRPP,2026-07-05 07:00:00
ft_sal_001714,ft_evt_0002,Alejandra Castro,alejandra.castro18@gmail.com,326 725 1739,2,0,WEB,2026-06-23 09:00:00
ft_sal_001715,ft_evt_0002,Daniela Martínez,daniela.marinez80@gmail.com,(+57) 309-275-3945,2,0,BOX_OFFICE,2026-07-10 06:00:00
ft_sal_001716,ft_evt_0002,Daniela Valencia Peña,danielavalencia836@gmail.com,573295650430,2,0,BOX_OFFICE,2026-07-10 10:00:00
ft_sal_001717,ft_evt_0002,Mateo Zapata,andrea.suarez@gmail.com,312 810 9967,1,0,WEB,2026-06-20 14:00:00
ft_sal_001718,ft_evt_0002,Carlos Rojas,carlos.rojas605@gmail.com,3291402487,1,0,ADMIN,2026-06-29 14:00:00
ft_sal_001719,ft_evt_0002,valentina gómez,valentina.gomez70@gmail.com,+57 311 7944929,2,0,BOX_OFFICE,2026-07-10 13:00:00
ft_sal_001720,ft_evt_0002,Castro Ximena,ximena.castro+eventos@outlook.com,313 407 8807,1,0,BOX_OFFICE,2026-07-10 05:00:00
ft_sal_001721,ft_evt_0002,Muñoz Carlos,carlos.munoz72@outlook.com,,1,0,WEB,2026-07-04 00:00:00
ft_sal_001722,ft_evt_0002,Arango Paula,paula.arango42@outlook.com,,2,0,ADMIN,2026-07-02 17:00:00
ft_sal_001723,ft_evt_0002,V. Peña,valentinapena374@gmail.com,+57 301 2972971,1,0,WEB,2026-06-30 15:00:00
ft_sal_001724,ft_evt_0002,Alejandro Hernández,alejandro.hernandez@outlook.com,(+57) 327-212-2438,1,0,WEB,2026-07-01 06:00:00
ft_sal_001725,ft_evt_0002,FABIÁN GÓMEZ,fabiangomez432@hotmail.com,328 034 1732,1,0,WEB,2026-06-30 09:00:00
ft_sal_001726,ft_evt_0002,Alejandra Ortiz,alejandra.ortiz332@proton.me,320 723 1399,1,0,WEB,2026-07-07 12:00:00
ft_sal_001727,ft_evt_0002,S. Quintero,santiago.quintero16@outlook.com,(+57) 326-155-7991,1,0,BOX_OFFICE,2026-07-10 06:00:00
ft_sal_001728,ft_evt_0002,Ximena Jiménez,XIMENA.JIMENEZ272@GMAIL.COM,3166711957,2,0,WEB,2026-07-02 11:00:00
ft_sal_001729,ft_evt_0002,Andrés Restrepo,andresrestrepo125@gmail.com,+57 309 3897906,1,0,WEB,2026-06-23 00:00:00
ft_sal_001730,ft_evt_0002,Fabián Bermúdez,fabian.bermudez49+eventos@outlook.com,+57 323 6315539,3,0,WEB,2026-07-01 02:00:00
ft_sal_001731,ft_evt_0002,Camilo Suarez,camilo.suarez76@outlok.com,,4,0,WEB,2026-06-26 10:00:00
ft_sal_001732,ft_evt_0002,Andrea Gómez,ANDREA.GOMEZ249@GMAIL.COM,(+57) 317-640-1911,1,0,WEB,2026-06-27 13:00:00
ft_sal_001733,ft_evt_0002,Diana Bermúdez,DIANA.BERMUDEZ115@GMAIL.COM,3094277596,1,0,WEB,2026-06-23 12:00:00
ft_sal_001734,ft_evt_0002,Juan Castro López,juan.castro695@gmial.com,(+57) 308-359-0655,1,0,BOX_OFFICE,2026-07-10 03:00:00
ft_sal_001735,ft_evt_0002,SANTIAGO RODRÍGUEZ,santiago.rodriguez67@hotmial.com,+57 329 1956672,2,0,WEB,2026-07-07 16:00:00
ft_sal_001736,ft_evt_0002,Andrés Cifuentes,andres.cifuentes69@gmail.com,573006383156,1,0,ADMIN,2026-07-01 11:00:00
ft_sal_001737,ft_evt_0002,Valentina Restrepo,valentinarestrepo3@proton.me,,3,0,WEB,2026-07-06 04:00:00
ft_sal_001738,ft_evt_0002,Carolina Arango,crolina.arango79@gmail.com,(+57) 328-506-3209,4,0,ADMIN,2026-06-29 12:00:00
ft_sal_001739,ft_evt_0002,Nicolas Gonzalez,cristian.salazar55@gmail.com,,1,0,WEB,2026-07-06 20:00:00
ft_sal_001740,ft_evt_0002,Luisa Hernández,luisa.hernandez33@gmial.com,+57 312 9548319,1,0,WEB,2026-07-07 12:00:00
ft_sal_001741,ft_evt_0002,Juliana Arango,juliana.arango777@gmail.com,+57 309 5587364,3,0,WEB,2026-06-30 17:00:00
ft_sal_001742,ft_evt_0002,TATIANA BETANCUR,tatianabetancur639@gmail.com,+57 326 9480572,1,0,ADMIN,2026-06-25 01:00:00
ft_sal_001743,ft_evt_0049,Camila Ospina,CAMILA.OSPINA209@GMAIL.COM,(+57) 328-993-5416,1,62000,WEB,2026-06-28 06:00:00
ft_sal_001744,ft_evt_0049,M. Suárez,migul.suarez51@gmail.com,573207538415,1,48000,WEB,2026-07-07 16:00:00
ft_sal_001745,ft_evt_0049,Óscar Castro,oscar.castro@gmail.com,+57 325 2576191,1,44000,WEB,2026-07-01 20:00:00
ft_sal_001746,ft_evt_0049,Rodríguez Laura,laurarodriguez208@gmail.com,321 125 9998,1,58000,WEB,2026-06-26 06:00:00
ft_sal_001747,ft_evt_0049,juan vargas,juan.vargas64@outlook.com,573096883155,2,106000,ADMIN,2026-06-27 18:00:00
ft_sal_001748,ft_evt_0049,Santiago Martínez,santiagomartinez107@gmail.com,(+57) 320-029-6604,2,274000,WEB,2026-06-30 10:00:00
ft_sal_001749,ft_evt_0049,Laura Ortiz,diana.ospina226@gmail.com,(+57) 327-849-2556,2,88000,WEB,2026-06-28 05:00:00
ft_sal_001750,ft_evt_0049,Mariana Arango Guerrero,mriana.arango@gmail.com,+57 321 2214242,2,200000,WEB,2026-06-29 16:00:00
ft_sal_001751,ft_evt_0049,Isabella González,juan.quintero@yahoo.com,573170446273,1,103000,WEB,2026-07-04 19:00:00
ft_sal_001752,ft_evt_0049,C. Quintero,cristian.quintero808@gmail.com,,1,61000,WEB,2026-07-01 14:00:00
ft_sal_001753,ft_evt_0049,Sebastián Suárez Suárez,sebastian.suarez19+boletas@outlook.com,,1,60000,WEB,2026-06-28 18:00:00
ft_sal_001754,ft_evt_0049,Andrés Hernández,andres.hernandez234@gmail.com,(+57) 328-122-6934,2,96000,WEB,2026-07-01 06:00:00
ft_sal_001755,ft_evt_0049,paula castro,paulacastro846@yahoo.com,573015703151,2,114000,WEB,2026-06-23 09:00:00
ft_sal_001756,ft_evt_0049,D. Rodríguez,diego.rodriguez635@hotmial.com,329 076 6381,2,122000,WEB,2026-06-25 15:00:00
ft_sal_001757,ft_evt_0049,Isabella Zapata,isabellazapata209@gmail.com,,1,55000,RRPP,2026-07-03 06:00:00
ft_sal_001758,ft_evt_0049,David Suarez,david.suarez333@gmail.com,+57 306 9324229,1,59000,WEB,2026-07-01 15:00:00
ft_sal_001759,ft_evt_0049,Sebastián Hernández,sebastian.hernandez742@gmail.com,573241291590,3,462000,WEB,2026-06-30 06:00:00
ft_sal_001760,ft_evt_0049,Sebastián Suárez,oscar.rodriguez@outlook.com,318 017 5763,2,130000,WEB,2026-07-07 02:00:00
ft_sal_001761,ft_evt_0049,Laura Bermúdez,laurabermudez507@gmail.com,(+57) 313-562-6963,2,114000,BOX_OFFICE,2026-07-10 06:00:00
ft_sal_001762,ft_evt_0049,Laura Betancur,laura.betancur71@gmail.com,3133937774,3,417000,WEB,2026-06-27 03:00:00
ft_sal_001763,ft_evt_0049,María Castro,maria.castro86@gmail.com,(+57) 307-297-7448,1,47000,WEB,2026-07-04 16:00:00
ft_sal_001764,ft_evt_0049,MATEO GUERRERO,mateo.guerrero21+boletas@gmail.com,314 558 5436,1,48000,BOX_OFFICE,2026-07-10 06:00:00
ft_sal_001765,ft_evt_0049,Miguel Hernández,miguel.hernandez@icloud.com,3278538452,1,0,WEB,2026-07-06 17:00:00
ft_sal_001766,ft_evt_0049,Óscar Salazar,oscar.salazar@icloud.com,307 141 4900,1,98000,WEB,2026-07-05 07:00:00
ft_sal_001767,ft_evt_0049,Esteban Ospina,esteban.ospina@icloud.com,3118344677,1,141000,WEB,2026-06-20 04:00:00
ft_sal_001768,ft_evt_0049,Valentina Rodríguez,valentinarodriguez388@outlook.com,(+57) 323-499-8278,3,168000,WEB,2026-07-06 16:00:00
ft_sal_001769,ft_evt_0049,Mateo Moreno,mateo.moreno682+spam@gmail.com,3026289520,2,260000,WEB,2026-06-24 19:00:00
ft_sal_001770,ft_evt_0049,Miguel Ortiz Cárdenas,miguelortiz246@outlook.com,+57 322 4975892,3,132000,BOX_OFFICE,2026-07-10 07:00:00
ft_sal_001771,ft_evt_0049,Ximena Cespedes,valentina.vargas@hotmail.com,3115541501,2,200000,WEB,2026-06-26 19:00:00
ft_sal_001772,ft_evt_0049,sebastián gómez,sebastian.gomez81@outlook.com,3295691881,2,198000,RRPP,2026-07-04 12:00:00
ft_sal_001773,ft_evt_0049,Natalia Rodriguez,david.rojas74@gmail.com,3111792842,1,133000,WEB,2026-07-07 17:00:00
ft_sal_001774,ft_evt_0049,Julián Ortiz,julianortiz444@hotmail.com,573266148765,1,47000,WEB,2026-06-30 08:00:00
ft_sal_001775,ft_evt_0049,Ximena Vargas,ximena.vargas78@gmail.com,3005692674,1,92000,WEB,2026-07-04 17:00:00
ft_sal_001776,ft_evt_0049,Vargas Juliana,jliana.vargas280@gmail.com,3205903360,1,95000,ADMIN,2026-07-02 04:00:00
ft_sal_001777,ft_evt_0049,Daniela Peña,daniela.pena69980@icloud.com,+57 325 0324378,2,96000,ADMIN,2026-07-02 07:00:00
ft_sal_001778,ft_evt_0049,Diana Ramírez Moreno,dianaramirez930@outlook.com,3021416493,1,0,WEB,2026-06-28 13:00:00
ft_sal_001779,ft_evt_0049,Ricardo Cifuentes Bermúdez,ricardocifuentes593@outlook.com,3079806915,1,62000,WEB,2026-07-04 12:00:00
ft_sal_001780,ft_evt_0049,Mariana Muñoz,andres.rojas@yahoo.com,3060962732,1,145000,WEB,2026-07-01 11:00:00
ft_sal_001781,ft_evt_0049,Mateo Arango,mateo.arango62@gmail.com,573157959929,2,114000,BOX_OFFICE,2026-07-10 02:00:00
ft_sal_001782,ft_evt_0049,Esteban Quintero Mejía,esteban.quintero829@gmail.com,573011302893,2,0,WEB,2026-06-27 20:00:00
ft_sal_001783,ft_evt_0049,Juan Ramirez,juanramirez1@gmail.com,3293516514,3,189000,WEB,2026-06-27 02:00:00
ft_sal_001784,ft_evt_0049,Isabella Peña Mejía,isabellapena527@gmail.com,+57 301 9672137,1,86000,ADMIN,2026-06-27 18:00:00
ft_sal_001785,ft_evt_0049,Manuela Peña,manuel.pena@gmail.com,,1,0,WEB,2026-06-30 09:00:00
ft_sal_001786,ft_evt_0049,Ximena Rojas,ximena.rojas@gmail.com,(+57) 319-969-8037,1,144000,WEB,2026-06-28 05:00:00
ft_sal_001787,ft_evt_0049,Carolina Hernández,carolina.hernandez44@hotmail.com,,2,184000,WEB,2026-07-03 09:00:00
ft_sal_001788,ft_evt_0049,ESTEBAN SUÁREZ,estebansuarez415@gmail.com,573270907288,1,48000,WEB,2026-06-28 19:00:00
ft_sal_001789,ft_evt_0049,Rodríguez Valentina,valentinarodriguez867@gmail.com,+57 300 0082289,1,104000,WEB,2026-07-06 14:00:00
ft_sal_001790,ft_evt_0049,Camilo Cespedes,camilo.cespedes66@yahoo.com,323 280 6843,1,87000,WEB,2026-07-01 01:00:00
ft_sal_001791,ft_evt_0049,Tatiana Rojas González,tatiana.rojas677@gmail.com,3194997719,4,0,WEB,2026-07-06 00:00:00
ft_sal_001792,ft_evt_0049,Alejandro Lopez,alejandro.lopez60@gmial.com,573127264906,2,84000,WEB,2026-07-02 10:00:00
ft_sal_001793,ft_evt_0049,Daniel Gómez,daniel.gomez522@gmail.com,+57 306 6940550,2,92000,WEB,2026-07-03 07:00:00
ft_sal_001794,ft_evt_0049,isabella cifuentes,isabella.cifuentes+compras@outlook.com,(+57) 328-487-0908,1,47000,BOX_OFFICE,2026-07-10 01:00:00
ft_sal_001795,ft_evt_0049,Luisa Gómez,diego.martinez95@outlook.com,312 963 5751,6,594000,BOX_OFFICE,2026-07-10 01:00:00
ft_sal_001796,ft_evt_0049,Laura Arango,laura.arango3@gmail.com,3005692674,4,220000,WEB,2026-07-06 03:00:00
ft_sal_001797,ft_evt_0049,Daniel Bermúdez,daniel.bermudez925+eventos@gmail.com,(+57) 328-488-4605,6,378000,RRPP,2026-06-30 12:00:00
ft_sal_001798,ft_evt_0049,Mateo Vargas,mateo.vargas39@gmail.com,573271923414,2,124000,WEB,2026-07-02 08:00:00
ft_sal_001799,ft_evt_0049,Fabián Peña,FABIAN.PENA@YAHOO.COM,314 015 6181,2,84000,ADMIN,2026-07-04 18:00:00
ft_sal_001800,ft_evt_0049,óscar lópez,luisa.valencia@hotmail.com,(+57) 328-739-7330,2,130000,WEB,2026-06-28 18:00:00
ft_sal_001801,ft_evt_0049,Alejandra Pena,alejandra.pena@proton.me,+57 311 4087774,6,396000,WEB,2026-06-24 04:00:00
ft_sal_001802,ft_evt_0049,Fabián Castro,fabian.castro83@proton.me,+57 302 6304670,1,43000,WEB,2026-07-01 09:00:00
ft_sal_001803,ft_evt_0049,M. Rojas,maria.ojas10@gmail.com,(+57) 315-554-1077,2,274000,WEB,2026-06-23 20:00:00
ft_sal_001804,ft_evt_0049,Daniela Salazar,daniela.salazar23@icloud.com,+57 315 0529816,1,90000,WEB,2026-06-25 02:00:00
ft_sal_001805,ft_evt_0049,Julián Suárez,juliansuarez415@gmail.com,3252509210,2,112000,WEB,2026-07-03 05:00:00
ft_sal_001806,ft_evt_0049,Andrés Jiménez,andres.jimene74@gmail.com,302 731 7678,1,135000,WEB,2026-07-01 02:00:00
ft_sal_001807,ft_evt_0049,andrés quintero,ANDRES.QUINTERO106@GMAIL.COM,573219591077,1,101000,BOX_OFFICE,2026-07-10 15:00:00
ft_sal_001808,ft_evt_0049,Cifuentes Daniela,daniela.cifuentes@gmail.com,304 614 8756,2,180000,WEB,2026-07-08 00:00:00
ft_sal_001809,ft_evt_0049,Carolina Céspedes Gómez,carolina.cespedes470@hotmail.com,3254365610,2,114000,WEB,2026-06-26 01:00:00
ft_sal_001810,ft_evt_0049,mariana salazar,mariana.salazar283@gmial.com,573174351370,2,88000,WEB,2026-07-02 20:00:00
ft_sal_001811,ft_evt_0049,Catalina Rodríguez,catalinarodriguez999@gmail.com,,1,95000,ADMIN,2026-07-03 10:00:00
ft_sal_001812,ft_evt_0049,camilo ramírez,camilo.ramirez@hotmail.com,573038501086,1,65000,BOX_OFFICE,2026-07-10 02:00:00
ft_sal_001813,ft_evt_0049,Catalina Cárdenas,catalina.cardenas@gmail.com,3218527904,1,61000,WEB,2026-06-22 07:00:00
ft_sal_001814,ft_evt_0049,D. Gómez,daniel.gomez381@gmail.com,304 290 1817,3,132000,WEB,2026-06-26 19:00:00
ft_sal_001815,ft_evt_0049,Fabián González Betancur,fabian.gonzalez713@gmail.com,(+57) 320-226-2489,1,126000,WEB,2026-06-28 06:00:00
ft_sal_001816,ft_evt_0049,Alejandra Rodríguez,alejandra.rodriguez@gmail.com,+57 309 4959696,1,49000,BOX_OFFICE,2026-07-10 13:00:00
ft_sal_001817,ft_evt_0049,mateo rodríguez,mateo.rodriguez28@gmail.com,+57 311 7453203,1,47000,BOX_OFFICE,2026-07-10 08:00:00
ft_sal_001818,ft_evt_0049,Miguel Quintero Gómez,miguel.quintero@hotmail.com,+57 321 4169528,1,98000,WEB,2026-06-19 12:00:00
ft_sal_001819,ft_evt_0049,D. Quintero,daniel.quintero4@proton.me,+57 328 7428069,1,130000,WEB,2026-07-02 06:00:00
ft_sal_001820,ft_evt_0049,Ricardo Ospina,ricardo.ospina@gmail.com,329 941 1864,2,260000,WEB,2026-07-05 19:00:00
ft_sal_001821,ft_evt_0049,Carolina González Vargas,carolina.gonzalez@proton.me,315 288 1787,2,180000,WEB,2026-06-25 01:00:00
ft_sal_001822,ft_evt_0049,andrés martínez,andres.martinez204@gmail.com,(+57) 327-498-5028,2,262000,WEB,2026-06-24 00:00:00
ft_sal_001823,ft_evt_0049,SARA BERMÚDEZ,SARA.BERMUDEZ9@GMAIL.COM,325 494 5276,6,864000,WEB,2026-07-02 20:00:00
ft_sal_001824,ft_evt_0049,Andres Hernandez,andreshernandez94@gmail.com,329 971 3408,4,240000,WEB,2026-07-08 18:00:00
ft_sal_001825,ft_evt_0049,Cristian Hernández,CRISTIAN.HERNANDEZ@GMAIL.COM,,2,288000,WEB,2026-07-07 04:00:00
ft_sal_001826,ft_evt_0049,Cristian Salazar,crisian.salazar55@gmail.com,3086840554,2,90000,WEB,2026-07-02 17:00:00
ft_sal_001827,ft_evt_0049,Daniel Vargas,daniel.vargas13@gmail.com,321 565 6428,1,47000,WEB,2026-06-26 00:00:00
ft_sal_001828,ft_evt_0049,Miguel Restrepo,miguelrestrepo35@gmail.com,(+57) 303-749-8004,2,122000,WEB,2026-07-04 12:00:00
ft_sal_001829,ft_evt_0049,Catalina Ramirez,catalina.ramirez@yahoo.com,,1,55000,WEB,2026-06-30 16:00:00
ft_sal_001830,ft_evt_0049,Tatiana Guerrero,oscar.gomez@gmail.com,573002488380,1,94000,WEB,2026-07-05 11:00:00
ft_sal_001831,ft_evt_0049,Natalia López,natalia.lopez60@gmail.com,(+57) 302-687-8219,3,0,WEB,2026-06-20 15:00:00
ft_sal_001832,ft_evt_0049,Juan Cárdenas,juancardenas450@gmail.com,(+57) 301-306-0278,1,61000,WEB,2026-07-03 00:00:00
ft_sal_001833,ft_evt_0049,Felipe Valencia,felipe.valencia59@proton.me,304 525 8847,2,90000,WEB,2026-06-25 07:00:00
ft_sal_001834,ft_evt_0049,S. Muñoz,santiago.munoz@proton.me,3221562048,3,0,WEB,2026-07-05 01:00:00
ft_sal_001835,ft_evt_0049,Julian Guerrero,julian.guerrero845@gmail.com,573075225422,1,46000,ADMIN,2026-06-23 20:00:00
ft_sal_001836,ft_evt_0049,Alejandra Hernández,alejandra.hernandez@yahoo.com,319 821 1436,4,236000,WEB,2026-07-09 10:00:00
ft_sal_001837,ft_evt_0049,Manuela Cifuentes,manuela.cifuentes47+compras@gmail.com,302 706 1487,1,97000,WEB,2026-07-04 01:00:00
ft_sal_001838,ft_evt_0049,Carlos Rodriguez,carlosrodriguez593@outlook.com,(+57) 308-547-6664,1,52000,WEB,2026-06-30 03:00:00
ft_sal_001839,ft_evt_0049,mariana salazar,MARIANA.SALAZAR54@GMAIL.COM,+57 300 5826598,2,0,WEB,2026-06-28 08:00:00
ft_sal_001840,ft_evt_0049,Guerrero Sara,sara.guerrero8@gmial.com,(+57) 321-041-1827,3,276000,BOX_OFFICE,2026-07-10 06:00:00
ft_sal_001841,ft_evt_0049,López Tatiana,tatiana.lopez29@icloud.com,(+57) 321-790-5972,1,97000,BOX_OFFICE,2026-07-10 00:00:00
ft_sal_001842,ft_evt_0049,Martínez María,maria.martinez@gmail.com,3050218177,1,61000,WEB,2026-07-07 07:00:00
ft_sal_001843,ft_evt_0049,C. Zapata,carolina.zapata4@gmail.com,573190026866,3,186000,WEB,2026-06-23 14:00:00
ft_sal_001844,ft_evt_0049,Ricardo Zapata,ricardo.zapata59@gmail.com,,1,58000,WEB,2026-07-01 01:00:00
ft_sal_001845,ft_evt_0049,Óscar González,oscar.gonzalez501@hotmail.com,(+57) 302-734-5417,2,202000,BOX_OFFICE,2026-07-10 10:00:00
ft_sal_001846,ft_evt_0049,Arango Juliana,juliana.arango45@gmail.com,3155272641,2,98000,BOX_OFFICE,2026-07-10 08:00:00
ft_sal_001847,ft_evt_0049,Alejandra Peña,alejandra.pena697@gmail.com,(+57) 304-556-4721,1,43000,WEB,2026-07-04 16:00:00
ft_sal_001848,ft_evt_0049,Ximena Vargas,ximena.vargas538@gmail.com,,1,43000,WEB,2026-06-28 07:00:00
ft_sal_001849,ft_evt_0049,Isabella Peña,isabela.pena44@gmail.com,573247985616,6,276000,WEB,2026-07-07 15:00:00
ft_sal_001850,ft_evt_0049,JULIANA GONZÁLEZ,julianagonzalez130@gmail.com,(+57) 306-583-0722,1,102000,WEB,2026-06-30 04:00:00
ft_sal_001851,ft_evt_0049,Santiago Salazar,santiago.salazar29@outlook.com,573203365037,2,194000,ADMIN,2026-07-02 01:00:00
ft_sal_001852,ft_evt_0049,esteban ramírez,esteban.ramirez33@gmail.com,3150359739,1,137000,RRPP,2026-06-18 19:00:00
ft_sal_001853,ft_evt_0049,Paula Vargas,paulavargas823@gmail.com,319 643 4496,1,57000,BOX_OFFICE,2026-07-10 05:00:00
ft_sal_001854,ft_evt_0049,Mateo Hernández,mateo.hernandez53@outlook.com,+57 320 0893685,2,84000,WEB,2026-06-27 17:00:00
ft_sal_001855,ft_evt_0049,Santiago Cárdenas,santiago.cardenas75@gmail.com,316 304 6212,3,399000,WEB,2026-06-29 20:00:00
ft_sal_001856,ft_evt_0049,Paula Cifuentes,PAULA.CIFUENTES@HOTMAIL.COM,327 875 8107,1,47000,WEB,2026-06-28 04:00:00
ft_sal_001857,ft_evt_0049,Alejandro Hernández,alejandro.hernandez13@hotmail.com,(+57) 328-441-6813,1,63000,BOX_OFFICE,2026-07-10 20:00:00
ft_sal_001858,ft_evt_0049,M. Restrepo,manuela.restrepo@outlook.com,+57 312 7582543,1,66000,WEB,2026-06-26 17:00:00
ft_sal_001859,ft_evt_0049,Fabián Rojas,fabian.rojas810@gmail.com,573205732785,1,143000,BOX_OFFICE,2026-07-10 03:00:00
ft_sal_001860,ft_evt_0049,Catalina Rojas,catalinarojas694@gmail.com,(+57) 321-606-4620,3,132000,WEB,2026-06-27 16:00:00
ft_sal_001861,ft_evt_0049,Ortiz Carlos,carlos.ortiz24@gmail.com,573040628105,1,59000,WEB,2026-06-30 12:00:00
ft_sal_001862,ft_evt_0049,Alejandra Suarez,alejandra.suarez@gmail.com,304 865 9720,3,300000,WEB,2026-07-03 17:00:00
ft_sal_001863,ft_evt_0049,Alejandro Gómez Céspedes,ALEJANDRO.GOMEZ992@GMAIL.COM,3076148700,2,118000,WEB,2026-06-30 19:00:00
ft_sal_001864,ft_evt_0049,Daniel Zapata,daniel.zapata@hotmail.com,3179026266,1,0,WEB,2026-07-05 17:00:00
ft_sal_001865,ft_evt_0049,C. Moreno,camila.moreno49@gmail.com,,3,129000,ADMIN,2026-07-01 18:00:00
ft_sal_001866,ft_evt_0049,Diego Valencia,diegovalencia932@hotmail.com,573101056973,2,90000,WEB,2026-06-27 10:00:00
ft_sal_001867,ft_evt_0049,V. Valencia,valentina.valencia35@gmail.com,+57 310 6235509,2,254000,WEB,2026-07-03 17:00:00
ft_sal_001868,ft_evt_0049,Juan Gómez,juan.gomez42@outlok.com,+57 300 3629326,4,360000,WEB,2026-06-26 13:00:00
ft_sal_001869,ft_evt_0049,Luisa Valencia,luisa.valencia@gmail.com,302 811 6853,1,43000,WEB,2026-06-29 04:00:00
ft_sal_001870,ft_evt_0049,sebastián ortiz,sebastianortiz316@hotmail.com,(+57) 301-515-9494,4,216000,WEB,2026-07-01 17:00:00
ft_sal_001871,ft_evt_0049,Natalia Ortiz,nataliaortiz919@gmail.com,+57 310 2599241,1,60000,WEB,2026-06-30 06:00:00
ft_sal_001872,ft_evt_0049,Diana Gómez,dianagomez@yahoo.com,3229222618,1,61000,WEB,2026-06-30 18:00:00
ft_sal_001873,ft_evt_0049,Manuela Cifuentes,manuela.cifuentes47+eventos@gmail.com,3027061487,2,112000,WEB,2026-07-05 06:00:00
ft_sal_001874,ft_evt_0049,María Bermúdez,MARIA.BERMUDEZ77@GMAIL.COM,3251994721,1,46000,WEB,2026-06-30 02:00:00
ft_sal_001875,ft_evt_0049,David Vargas,david.vrgas@gmail.com,+57 318 4270971,2,118000,WEB,2026-06-29 12:00:00
ft_sal_001876,ft_evt_0049,Cristian Cifuentes,cristian.cifuentes464+spam@gmail.com,+57 320 6686750,1,60000,WEB,2026-06-19 19:00:00
ft_sal_001877,ft_evt_0049,Carlos Hernández,carlos.hernandez24@gmail.com,3219048992,1,64000,WEB,2026-06-28 01:00:00
ft_sal_001878,ft_evt_0049,DANIEL RAMÍREZ,daniel.ramirez50@gmail.com,573118709331,1,93000,BOX_OFFICE,2026-07-10 08:00:00
ft_sal_001879,ft_evt_0049,Laura Mejia,laura.mejia18@gmail.com,325 768 4471,1,135000,WEB,2026-07-03 01:00:00
ft_sal_001880,ft_evt_0049,Daniel Rojas,daniel.rojas@hotmail.com,(+57) 300-544-0710,2,260000,WEB,2026-07-01 17:00:00
ft_sal_001881,ft_evt_0049,Carlos Martínez,carlos.martinez@icloud.com,3114717804,2,186000,RRPP,2026-07-03 03:00:00
ft_sal_001882,ft_evt_0049,Mateo Ospina,MATEO.OSPINA@OUTLOOK.COM,+57 319 6864534,2,272000,WEB,2026-07-01 06:00:00
ft_sal_001883,ft_evt_0049,Catalina López,catalinalopez499@gmail.com,,2,90000,WEB,2026-06-29 19:00:00
ft_sal_001884,ft_evt_0049,MANUELA ARANGO,manuela.aango12@gmail.com,3226630173,1,0,WEB,2026-07-03 16:00:00
ft_sal_001885,ft_evt_0049,Mariana Castro,mariana.castro39@gmial.com,(+57) 326-044-8249,1,98000,WEB,2026-06-28 11:00:00
ft_sal_001886,ft_evt_0049,Paula López,paula.lopez63@hotmail.com,573001933465,2,184000,WEB,2026-07-01 03:00:00
ft_sal_001887,ft_evt_0049,Santiago Guerrero,santiago.guerrero@gmail.com,318 085 1853,1,45000,WEB,2026-07-05 04:00:00
ft_sal_001888,ft_evt_0049,Daniel Ospina,daniel.ospina67@outlook.com,573268214518,1,43000,WEB,2026-06-21 06:00:00
ft_sal_001889,ft_evt_0049,Laura Guerrero,laura.guerrero@icloud.com,329 037 7172,1,45000,WEB,2026-07-02 10:00:00
ft_sal_001890,ft_evt_0049,Laura Cárdenas Ospina,lauracardenas579@gmail.com,+57 315 0315579,4,168000,ADMIN,2026-06-29 18:00:00
ft_sal_001891,ft_evt_0049,Diego González,diego.gonzalez@outlook.com,573159363490,1,61000,BOX_OFFICE,2026-07-10 09:00:00
ft_sal_001892,ft_evt_0049,Alejandra Quintero,alejandra.quintero88@gmail.com,319 287 3732,2,134000,WEB,2026-07-03 15:00:00
ft_sal_001893,ft_evt_0049,Juliana Guerrero,juliana.guerrero+boletas@gmail.com,+57 302 3596487,1,148000,RRPP,2026-06-21 20:00:00
ft_sal_001894,ft_evt_0049,Andres Ramirez,ANDRES.RAMIREZ@ICLOUD.COM,3059374831,1,61000,WEB,2026-06-29 11:00:00
ft_sal_001895,ft_evt_0049,Alejandro Betancur Ramírez,alejandro.betancur76+compras@gmail.com,573087241202,1,46000,BOX_OFFICE,2026-07-10 12:00:00
ft_sal_001896,ft_evt_0049,Hernández Santiago,santiago.hernandez@outlook.com,+57 304 0259336,6,354000,WEB,2026-06-30 11:00:00
ft_sal_001897,ft_evt_0049,santiago cárdenas,santiago.cardenas75@gmail.com,(+57) 316-304-6212,1,135000,WEB,2026-07-07 14:00:00
ft_sal_001898,ft_evt_0049,valentina martínez,valentina.martinez26@gmail.com,3213436338,1,90000,WEB,2026-06-28 14:00:00
ft_sal_001899,ft_evt_0049,esteban hernández,esteban.hernandez52+compras@icloud.com,(+57) 302-563-0176,2,180000,BOX_OFFICE,2026-07-10 20:00:00
ft_sal_001900,ft_evt_0049,Andrés Muñoz Castro,david.lopez@gmail.com,573260231052,1,96000,WEB,2026-07-04 15:00:00
ft_sal_001901,ft_evt_0049,DIEGO GÓMEZ,valentina.ramirez@hotmail.com,+57 313 2200895,4,192000,WEB,2026-07-07 14:00:00
ft_sal_001902,ft_evt_0049,Felipe Céspedes,felipe.cespedes@gmail.com,303 906 0718,3,0,WEB,2026-06-25 09:00:00
ft_sal_001903,ft_evt_0049,Paula Vargas,paula.varga43@gmail.com,573096158124,1,61000,WEB,2026-06-23 08:00:00
ft_sal_001904,ft_evt_0049,tatiana rodríguez,tatianarodriguez63@gmail.com,+57 305 9961929,2,86000,WEB,2026-06-30 15:00:00
ft_sal_001905,ft_evt_0049,ricardo martínez,ricardomartinez435@gmail.com,(+57) 307-940-6779,1,44000,WEB,2026-06-29 17:00:00
ft_sal_001906,ft_evt_0049,Ximena Rojas,ximena.rojas@outlok.com,3202999919,3,129000,WEB,2026-07-05 11:00:00
ft_sal_001907,ft_evt_0049,paula jiménez,valentina.zapata76@gmail.com,(+57) 309-856-0453,2,90000,WEB,2026-07-03 19:00:00
ft_sal_001908,ft_evt_0049,mateo gómez,mateo.gomez+compras@gmail.com,+57 322 7751166,4,212000,ADMIN,2026-07-05 15:00:00
ft_sal_001909,ft_evt_0049,Andrés Rojas,andres.rojas12@gmail.com,573113444130,6,534000,WEB,2026-07-06 08:00:00
ft_sal_001910,ft_evt_0049,Diego Quintero,diego.quintero@gmail.com,573178862826,1,43000,WEB,2026-07-02 13:00:00
ft_sal_001911,ft_evt_0049,cristian valencia,cristian.valencia46@gmail.com,3254712009,2,118000,WEB,2026-06-27 19:00:00
ft_sal_001912,ft_evt_0049,Restrepo Felipe,felipe.restrepo809@gmail.com,3214821726,1,46000,WEB,2026-06-23 18:00:00
ft_sal_001913,ft_evt_0049,Tatiana Vargas Vargas,tatianavargas26@hotmail.com,310 201 4984,1,134000,WEB,2026-07-04 00:00:00
ft_sal_001914,ft_evt_0049,Felipe Arango,felipe.arango614@gmail.com,+57 306 7431355,2,0,WEB,2026-07-04 20:00:00
ft_sal_001915,ft_evt_0049,Luisa Betancur,luisabetancur446@gmail.com,,2,86000,WEB,2026-06-28 12:00:00
ft_sal_001916,ft_evt_0049,Juan López Betancur,juan.lopez620+boletas@gmail.com,+57 308 6119900,3,0,BOX_OFFICE,2026-07-10 12:00:00
ft_sal_001917,ft_evt_0049,Mariana Hernández,mariana.hernandez79@gmail.com,573029372682,1,0,WEB,2026-06-28 00:00:00
ft_sal_001918,ft_evt_0049,R. Martínez,ricardo.martinez@yahoo.com,+57 321 1941686,2,0,BOX_OFFICE,2026-07-10 04:00:00
ft_sal_001919,ft_evt_0049,Julián Muñoz,julian.munoz@icloud.com,+57 322 0525585,2,0,WEB,2026-07-07 18:00:00
ft_sal_001920,ft_evt_0049,óscar castro,oscar.castro71@gmail.com,573298038026,1,44000,WEB,2026-07-04 05:00:00
ft_sal_001921,ft_evt_0049,Juliana Vargas,juliana.vargas@hotmail.com,306 314 0062,2,98000,BOX_OFFICE,2026-07-10 00:00:00
ft_sal_001922,ft_evt_0049,Esteban Suárez,esteban.suarez@hotmail.com,(+57) 321-821-1108,1,41000,RRPP,2026-07-02 15:00:00
ft_sal_001923,ft_evt_0049,Diana Rojas,diana.rojas868@gmail.com,,1,58000,WEB,2026-07-05 09:00:00
ft_sal_001924,ft_evt_0049,Felipe Betancur,felipe.betancur63+spam@gmail.com,+57 312 2635358,1,0,WEB,2026-06-27 01:00:00
ft_sal_001925,ft_evt_0049,juliana suárez,juliana.suarez654@gmail.com,+57 326 0256101,1,47000,WEB,2026-07-02 14:00:00
ft_sal_001926,ft_evt_0049,Nicolás Bermúdez Cárdenas,nicolas.bermudez77@gmail.com,3119474506,1,64000,ADMIN,2026-07-07 08:00:00
ft_sal_001927,ft_evt_0049,Catalina Mejía,catalina.mejia51@gmail.com,,2,288000,WEB,2026-07-03 04:00:00
ft_sal_001928,ft_evt_0049,Miguel Valencia,miguelvalencia41@outlook.com,(+57) 319-718-5827,6,582000,ADMIN,2026-07-02 11:00:00
ft_sal_001929,ft_evt_0049,Fabián Salazar,fabian.salazar22@gmail.com,313 909 6534,1,137000,WEB,2026-06-29 00:00:00
ft_sal_001930,ft_evt_0049,Carolina Jiménez,carolina.jimenez54@gmial.com,573066103188,2,278000,WEB,2026-07-02 12:00:00
ft_sal_001931,ft_evt_0049,Rodríguez Paula,paula.rodriguez@gmial.com,573165451685,1,61000,WEB,2026-07-01 01:00:00
ft_sal_001932,ft_evt_0049,Miguel Restrepo,miguel.restrepo198+boletas@gmail.com,320 570 4991,1,46000,WEB,2026-07-02 04:00:00
ft_sal_001933,ft_evt_0049,Ximena Jiménez,ximena.jimenez37@gmail.com,573050243556,2,86000,BOX_OFFICE,2026-07-10 07:00:00
ft_sal_001934,ft_evt_0049,Óscar Muñoz Cifuentes,oscar.munoz520@outlook.com,303 098 2376,2,128000,WEB,2026-07-03 02:00:00
ft_sal_001935,ft_evt_0049,Sebastián Quintero Salazar,seastian.quintero@hotmail.com,3221331336,1,0,BOX_OFFICE,2026-07-10 08:00:00
ft_sal_001936,ft_evt_0049,Nicolás Restrepo Rodríguez,nicolas.restrepo47@hotmail.com,3241920735,2,278000,WEB,2026-06-28 12:00:00
ft_sal_001937,ft_evt_0049,Andrea Arango,andreaarango981@hotmail.com,310 757 2734,1,147000,RRPP,2026-06-24 18:00:00
ft_sal_001938,ft_evt_0049,Alejandro Salazar,alejandrosalazar394@gmail.com,+57 302 3380506,1,90000,BOX_OFFICE,2026-07-10 05:00:00
ft_sal_001939,ft_evt_0049,Daniela Suárez,daniela.suarez83@gmail.com,573118113172,1,64000,WEB,2026-07-06 12:00:00
ft_sal_001940,ft_evt_0049,C. Rodríguez,cristian.rodriguez330@gmail.com,302 483 6492,2,120000,WEB,2026-07-01 01:00:00
ft_sal_001941,ft_evt_0049,Carolina Salazar Ramírez,carolina.salazar@outlook.com,,1,43000,WEB,2026-07-01 16:00:00
ft_sal_001942,ft_evt_0049,Carolina López,carolinalopez432@gmail.com,(+57) 300-955-3725,1,45000,WEB,2026-06-24 05:00:00
ft_sal_001943,ft_evt_0049,Daniel Salazar,daniel.salazar444@gmail.com,3078693094,2,88000,WEB,2026-06-20 04:00:00
ft_sal_001944,ft_evt_0049,Santiago Bermúdez,santiagobermudez109@gmail.com,(+57) 309-233-9102,1,0,ADMIN,2026-07-03 10:00:00
ft_sal_001945,ft_evt_0049,sara céspedes,sara.cespedes@gmail.com,321 405 7584,3,282000,WEB,2026-06-29 03:00:00
ft_sal_001946,ft_evt_0049,Felipe Guerrero,felipe.guerrro282@gmail.com,3101026307,4,184000,WEB,2026-06-27 06:00:00
ft_sal_001947,ft_evt_0049,Cristian Cifuentes,cristian.cifuentes@gmail.com,+57 322 4425607,1,91000,BOX_OFFICE,2026-07-10 10:00:00
ft_sal_001948,ft_evt_0049,Hernández Felipe,felipe.hernandez@hotmial.com,(+57) 305-542-6300,1,96000,WEB,2026-06-22 08:00:00
ft_sal_001949,ft_evt_0049,Alejandra Peña,alejandra.pena52@gmail.com,306 292 0116,4,236000,BOX_OFFICE,2026-07-10 13:00:00
ft_sal_001950,ft_evt_0049,S. Gómez,santiago.gomez@gmail.com,,2,90000,WEB,2026-06-24 03:00:00
ft_sal_001951,ft_evt_0049,Camila Zapata,camila.zapata@icloud.com,+57 318 7460808,3,129000,WEB,2026-07-03 11:00:00
ft_sal_001952,ft_evt_0049,Paula Guerrero,paulaguerrero552@gmail.com,+57 315 0839051,4,188000,WEB,2026-07-08 09:00:00
ft_sal_001953,ft_evt_0049,andrés gómez,andresgomez583@proton.me,3176882881,3,132000,RRPP,2026-06-29 10:00:00
ft_sal_001954,ft_evt_0049,Juan Céspedes,juan.cespedes28@gmial.com,(+57) 318-975-4711,1,0,WEB,2026-06-23 09:00:00
ft_sal_001955,ft_evt_0049,Ricardo Muñoz,ricardomunoz288@gmail.com,573014386943,4,200000,WEB,2026-07-04 08:00:00
ft_sal_001956,ft_evt_0049,Fabián Vargas,fabianvargas175@gmail.com,3093787708,1,62000,WEB,2026-07-06 02:00:00
ft_sal_001957,ft_evt_0049,Santiago Salazar,santiago.salazar99@outlook.com,307 914 7639,4,248000,WEB,2026-07-06 03:00:00
ft_sal_001958,ft_evt_0049,Ricardo Martínez,RICARDO.MARTINEZ@YAHOO.COM,+57 321 1941686,1,43000,BOX_OFFICE,2026-07-10 01:00:00
ft_sal_001959,ft_evt_0049,Alejandra Peña,alejandrapena445@gmail.com,325 557 8814,1,44000,WEB,2026-06-21 15:00:00
ft_sal_001960,ft_evt_0049,Miguel Mejía,MIGUEL.MEJIA29@HOTMAIL.COM,573020954514,1,147000,WEB,2026-07-03 07:00:00
ft_sal_001961,ft_evt_0049,Carolina González,carolina.gonzalez73+compras@hotmail.com,310 379 7276,4,244000,BOX_OFFICE,2026-07-10 05:00:00
ft_sal_001962,ft_evt_0049,CARLOS OSPINA,carlos.ospina993@gmail.com,(+57) 316-681-7852,1,0,WEB,2026-06-25 18:00:00
ft_sal_001963,ft_evt_0049,M. Betancur,camilo.mejia@outlook.com,573139743104,2,92000,WEB,2026-06-28 16:00:00
ft_sal_001964,ft_evt_0049,Camila Muñoz,CAMILA.MUNOZ@GMAIL.COM,3211970896,2,192000,WEB,2026-06-19 13:00:00
ft_sal_001965,ft_evt_0049,Alejandra Rodriguez,alejandrarodriguez57@gmail.com,(+57) 322-339-9934,2,92000,BOX_OFFICE,2026-07-10 07:00:00
ft_sal_001966,ft_evt_0049,ISABELLA CASTRO,isabella.castro@yahoo.com,3127523013,1,145000,WEB,2026-07-02 12:00:00
ft_sal_001967,ft_evt_0049,Diego Peña,diego.pena@outlook.com,+57 322 7633158,3,147000,BOX_OFFICE,2026-07-10 01:00:00
ft_sal_001968,ft_evt_0049,Ximena Restrepo,ximena.restrepo@hotmail.com,3080138936,1,46000,WEB,2026-06-30 09:00:00
ft_sal_001969,ft_evt_0049,T. Rodríguez,tatiana.rodriguez+eventos@yahoo.com,,1,61000,WEB,2026-07-01 19:00:00
ft_sal_001970,ft_evt_0049,carlos guerrero,carlos.guerrero87@gmail.com,573167351273,1,93000,WEB,2026-07-04 16:00:00
ft_sal_001971,ft_evt_0049,María Jiménez,mariajimenez717@gmail.com,3140718031,1,91000,WEB,2026-06-30 19:00:00
ft_sal_001972,ft_evt_0049,Julián Cifuentes,julian.cifuentes70@gmail.com,573290285322,1,132000,WEB,2026-07-01 01:00:00
ft_sal_001973,ft_evt_0049,Laura Suárez,laura.suarez15@gmial.com,305 689 1809,2,184000,WEB,2026-07-05 14:00:00
ft_sal_001974,ft_evt_0049,López Camila,camila.lopez@gmail.com,310 443 7569,2,196000,WEB,2026-07-03 10:00:00
ft_sal_001975,ft_evt_0049,Tatiana Jiménez,tatiana.jimenez@gmial.com,(+57) 312-814-9855,1,0,BOX_OFFICE,2026-07-10 09:00:00
ft_sal_001976,ft_evt_0049,Esteban Muñoz,esteban.munoz97@gmail.com,,4,184000,WEB,2026-06-27 17:00:00
ft_sal_001977,ft_evt_0049,Vargas Carolina,carolina.vargas+boletas@gmail.com,(+57) 317-421-3083,2,98000,WEB,2026-07-05 15:00:00
ft_sal_001978,ft_evt_0049,santiago rodríguez,santiago.rodriguez@gmail.com,310 654 0208,1,60000,WEB,2026-07-06 09:00:00
ft_sal_001979,ft_evt_0049,María Moreno,MARIA.MORENO@OUTLOOK.COM,573269261078,6,564000,RRPP,2026-07-05 13:00:00
ft_sal_001980,ft_evt_0049,María Ortiz,mariaortiz834@gmail.com,+57 316 2482441,1,42000,ADMIN,2026-06-28 06:00:00
ft_sal_001981,ft_evt_0049,Ortiz Carlos,CARLOS.ORTIZ24@GMAIL.COM,304 062 8150,3,285000,WEB,2026-07-01 12:00:00
ft_sal_001982,ft_evt_0049,Muñoz Daniela,daniela.munoz42@gmail.com,317 771 5078,1,140000,WEB,2026-06-30 13:00:00
ft_sal_001983,ft_evt_0049,Cristian Hernández,cristian.hernandez801@gmail.com,573241447238,1,154000,WEB,2026-07-01 13:00:00
ft_sal_001984,ft_evt_0049,Andrea Moreno,ANDREA.MORENO@HOTMAIL.COM,3166903283,2,306000,WEB,2026-06-30 11:00:00
ft_sal_001985,ft_evt_0049,Mateo Ortiz Hernández,mateo.ortiz99@gmail.com,573105858656,2,112000,ADMIN,2026-06-27 12:00:00
ft_sal_001986,ft_evt_0049,D. Guerrero,diego.guerrero@hotmail.com,573130015876,4,188000,WEB,2026-07-01 14:00:00
ft_sal_001987,ft_evt_0049,Tatiana Cárdenas,tatianacardenas998@gmail.com,,1,0,WEB,2026-06-26 19:00:00
ft_sal_001988,ft_evt_0049,María Rojas,maria.rojas0@gmail.com,573155541077,1,0,WEB,2026-06-25 05:00:00
ft_sal_001989,ft_evt_0049,María Mejía,maria.mejia26@gmail.com,+57 311 4231255,1,95000,WEB,2026-06-28 08:00:00
ft_sal_001990,ft_evt_0049,Nicolás Hernández,nicolas.hernandez9@gmial.com,+57 305 6746817,3,426000,WEB,2026-06-26 05:00:00
ft_sal_001991,ft_evt_0049,Paula Moreno Zapata,paulamoreno866@gmail.com,321 099 5280,1,42000,WEB,2026-06-27 14:00:00
ft_sal_001992,ft_evt_0049,Paula Rodríguez,paula.rodriguez@gmail.com,573165451685,1,51000,WEB,2026-07-04 09:00:00
ft_sal_001993,ft_evt_0049,manuela hernández,manuela.hernandez61+compras@outlook.com,(+57) 312-144-4175,2,0,RRPP,2026-07-01 10:00:00
ft_sal_001994,ft_evt_0049,Sebastián Cárdenas,sebastian.cardenas59@gmail.com,573281816277,1,137000,WEB,2026-06-30 08:00:00
ft_sal_001995,ft_evt_0049,DAVID SUÁREZ,laura.castro@gmail.com,327 965 0973,1,46000,WEB,2026-06-27 08:00:00
ft_sal_001996,ft_evt_0049,Andrea Moreno,andrea.moreno74@gmail.com,573286785194,1,94000,WEB,2026-07-07 12:00:00
ft_sal_001997,ft_evt_0049,Muñoz Alejandra,alejandra.munoz362+spam@gmail.com,573144221189,2,88000,WEB,2026-07-06 09:00:00
ft_sal_001998,ft_evt_0049,Mejía Sebastián,david.castro163@gmail.com,,1,48000,WEB,2026-07-03 02:00:00
ft_sal_001999,ft_evt_0049,Ospina Sebastián,sebastian.ospina318@gmail.com,(+57) 312-469-2418,2,196000,WEB,2026-07-06 16:00:00
ft_sal_002000,ft_evt_0049,Andrea Mejia,andrea.mejia33@hotmail.com,,3,189000,WEB,2026-06-22 14:00:00
ft_sal_002001,ft_evt_0049,Maria Bermudez,mariabermudez438@hotmail.com,(+57) 318-550-3279,1,43000,WEB,2026-07-02 18:00:00
ft_sal_002002,ft_evt_0049,diana suárez,dianasuarez497@gmail.com,3225424162,1,45000,BOX_OFFICE,2026-07-10 14:00:00
ft_sal_002003,ft_evt_0049,Mateo Castro,mateocastro282@gmail.com,+57 326 5160163,2,94000,WEB,2026-07-03 12:00:00
ft_sal_002004,ft_evt_0049,Alejandra Cifuentes,alejandracifuentes37@gmail.com,573150755094,1,149000,WEB,2026-06-30 20:00:00
ft_sal_002005,ft_evt_0049,Nicolás Martínez,nicols.martinez55@gmail.com,(+57) 325-454-4737,1,61000,WEB,2026-07-04 02:00:00
ft_sal_002006,ft_evt_0049,Santiago Zapata,santiago.zapata@gmail.com,323 164 1539,1,47000,WEB,2026-06-28 17:00:00
ft_sal_002007,ft_evt_0049,V. Rojas,valentina.rojas39@gmail.com,3065950216,3,411000,WEB,2026-07-02 18:00:00
ft_sal_002008,ft_evt_0049,Cifuentes Fabián,fabian.cifuentes864@gmail.com,(+57) 307-674-9022,1,62000,WEB,2026-07-03 17:00:00
ft_sal_002009,ft_evt_0049,Laura Rojas Cifuentes,laura.roas@yahoo.com,(+57) 316-428-3996,2,290000,BOX_OFFICE,2026-07-10 13:00:00
ft_sal_002010,ft_evt_0049,Carlos Martínez,carlos.martinez@icloud.com,311 471 7804,2,114000,WEB,2026-07-06 02:00:00
ft_sal_002011,ft_evt_0049,Diego Cifuentes,esteban.bermudez@hotmail.com,315 905 8461,1,0,WEB,2026-06-28 08:00:00
ft_sal_002012,ft_evt_0049,fabián restrepo,fabianrestrepo663@outlook.com,,6,354000,BOX_OFFICE,2026-07-10 08:00:00
ft_sal_002013,ft_evt_0049,Sebastian Castro,sebastian.castro@gmail.com,+57 329 5484378,1,46000,WEB,2026-06-29 09:00:00
ft_sal_002014,ft_evt_0049,Fabián Restrepo,fabian.restrepo273@gmail.com,+57 327 5847902,2,98000,WEB,2026-07-04 12:00:00
ft_sal_002015,ft_evt_0049,Andrea Cifuentes,andrea.cifuentes29@hotmail.com,323 041 7029,2,280000,WEB,2026-06-22 00:00:00
ft_sal_002016,ft_evt_0049,Cárdenas Luisa,felipe.zapata42@yahoo.com,573021368035,1,57000,ADMIN,2026-06-25 03:00:00
ft_sal_002017,ft_evt_0049,LAURA VARGAS,laura.vargas182@gmail.com,302 326 5588,1,58000,WEB,2026-07-05 12:00:00
ft_sal_002018,ft_evt_0049,Camila Martinez,camilamartinez69@gmail.com,(+57) 310-133-1824,1,96000,WEB,2026-07-04 18:00:00
ft_sal_002019,ft_evt_0049,diego restrepo,diegorestrepo256@gmail.com,(+57) 328-595-8847,1,60000,WEB,2026-06-27 12:00:00
ft_sal_002020,ft_evt_0049,Laura Rodríguez,laura.rodriguez128@gmail.com,,1,47000,WEB,2026-06-27 16:00:00
ft_sal_002021,ft_evt_0049,Paula Gómez López,paula.gomez81+spam@outlook.com,573028809522,1,101000,WEB,2026-06-29 01:00:00
ft_sal_002022,ft_evt_0049,Juan Zapata,JUAN.ZAPATA@GMAIL.COM,3100125653,3,147000,WEB,2026-07-06 05:00:00
ft_sal_002023,ft_evt_0049,Tatiana Rodriguez,tatiana.rodriguez705@gmail.com,3120071708,3,0,WEB,2026-06-22 11:00:00
ft_sal_002024,ft_evt_0049,Maria Cardenas,maria.cardenas16@gmail.com,573211332513,2,118000,WEB,2026-07-08 02:00:00
ft_sal_002025,ft_evt_0049,Vargas Isabella,isabellavargas5@hotmail.com,(+57) 318-228-4997,2,92000,WEB,2026-07-02 15:00:00
ft_sal_002026,ft_evt_0049,Natalia Rojas,natalia.rojas@gmail.com,+57 327 9097733,1,63000,WEB,2026-06-24 15:00:00
ft_sal_002027,ft_evt_0049,Sebastián Muñoz,sebastian.munoz295@gmail.com,573158384785,1,89000,WEB,2026-07-04 16:00:00
ft_sal_002028,ft_evt_0049,Juan Mejía,juan.mejia272@gmial.com,3061638707,1,0,WEB,2026-07-02 13:00:00
ft_sal_002029,ft_evt_0049,Quintero Ricardo,ricardo.quintero24@gmial.com,324 569 2568,2,94000,BOX_OFFICE,2026-07-10 14:00:00
ft_sal_002030,ft_evt_0049,Isabella Hernández Vargas,isabella.hernandez@outlook.com,573083120694,1,57000,WEB,2026-06-27 05:00:00
ft_sal_002031,ft_evt_0049,Ximena Suárez,ximena.suarez506@hotmail.com,,4,180000,WEB,2026-06-29 16:00:00
ft_sal_002032,ft_evt_0049,cristian gómez,cristian.gomez643@gmail.com,+57 301 0117913,3,147000,WEB,2026-07-08 13:00:00
ft_sal_002033,ft_evt_0049,Gómez Esteban,esteban.gomez532@gmail.com,573139773717,1,42000,BOX_OFFICE,2026-07-10 06:00:00
ft_sal_002034,ft_evt_0049,ricardo vargas,ricardovargas732@gmail.com,,4,504000,WEB,2026-07-01 13:00:00
ft_sal_002035,ft_evt_0049,Andrés Hernández,andreshernandez994@gmail.com,3209569912,6,0,WEB,2026-07-03 14:00:00
ft_sal_002036,ft_evt_0049,Sebastián Ortiz,sebastian.ortiz121@gmail.com,(+57) 309-312-6308,4,180000,WEB,2026-07-03 12:00:00
ft_sal_002037,ft_evt_0049,Diana Vargas,diana.vargas@gmial.com,3026642367,1,97000,WEB,2026-06-28 17:00:00
ft_sal_002038,ft_evt_0049,Carlos Martínez,carlosmartinez580@hotmail.com,321 691 8528,2,88000,WEB,2026-07-01 11:00:00
ft_sal_002039,ft_evt_0049,María Valencia,maria.valencia@gmail.com,311 963 8754,1,140000,WEB,2026-06-27 06:00:00
ft_sal_002040,ft_evt_0049,Juan Cifuentes,JUAN.CIFUENTES@OUTLOOK.COM,(+57) 306-078-3872,1,46000,WEB,2026-06-26 05:00:00
ft_sal_002041,ft_evt_0049,Miguel Gómez,miguelgomez927@gmail.com,(+57) 327-381-7554,1,58000,BOX_OFFICE,2026-07-10 06:00:00
ft_sal_002042,ft_evt_0049,Paula Moreno,paula.moreno30@gmail.com,,2,250000,WEB,2026-07-05 00:00:00
ft_sal_002043,ft_evt_0049,Andrés Valencia,andresvalencia106@outlook.com,3118917510,3,0,RRPP,2026-07-06 02:00:00
ft_sal_002044,ft_evt_0049,González Fabián,fabian.gonzalez44@gmial.com,303 235 4343,1,139000,WEB,2026-06-29 11:00:00
ft_sal_002045,ft_evt_0049,Restrepo Alejandro,alejandrorestrepo60@gmail.com,3208452859,1,44000,RRPP,2026-07-05 12:00:00
ft_sal_002046,ft_evt_0049,juan betancur,juan.betancur924@gmail.com,316 464 9170,1,98000,WEB,2026-07-02 09:00:00
ft_sal_002047,ft_evt_0049,paula salazar,paulasalazar984@hotmail.com,,2,0,BOX_OFFICE,2026-07-10 15:00:00
ft_sal_002048,ft_evt_0049,Diego Peña,diego.pena917@gmail.com,573297193282,2,120000,WEB,2026-06-30 05:00:00
ft_sal_002049,ft_evt_0049,Sebastián Ramírez,sebastianramirez232@gmail.com,3058822724,2,288000,WEB,2026-07-02 05:00:00
ft_sal_002050,ft_evt_0049,CAMILA SUÁREZ,camilasuarez758@gmail.com,3158816094,2,116000,WEB,2026-07-02 08:00:00
ft_sal_002051,ft_evt_0049,Alejandro Quintero,alejandro.quintero10@hotmail.com,323 130 4264,4,0,BOX_OFFICE,2026-07-10 07:00:00
ft_sal_002052,ft_evt_0045,VALENTINA RESTREPO,valentinarestrepo393@outlook.com,(+57) 329-119-2050,2,0,WEB,2026-06-28 12:00:00
ft_sal_002053,ft_evt_0045,María Rojas,maria.rojas10+boletas@gmail.com,+57 315 5541077,2,0,WEB,2026-06-22 15:00:00
ft_sal_002054,ft_evt_0045,Fabián Rojas,fabian.rojas@icloud.com,573060858605,1,0,WEB,2026-06-26 14:00:00
ft_sal_002055,ft_evt_0045,L. Cárdenas,luisacardenas519@gmail.com,329 302 7214,1,0,WEB,2026-07-02 03:00:00
ft_sal_002056,ft_evt_0045,Nicolás Hernández,nicolashernandez20@outlook.com,,2,0,WEB,2026-06-28 04:00:00
ft_sal_002057,ft_evt_0045,Valencia Valentina,VALENTINA.VALENCIA72@PROTON.ME,(+57) 301-353-4850,1,0,BOX_OFFICE,2026-07-10 18:00:00
ft_sal_002058,ft_evt_0045,Carlos Bermúdez,carlos.bermudez+boletas@outlook.com,(+57) 327-029-0107,6,0,WEB,2026-06-30 09:00:00
ft_sal_002059,ft_evt_0045,JULIÁN QUINTERO,julian.quintero18@gmail.com,573175259637,2,0,WEB,2026-07-01 06:00:00
ft_sal_002060,ft_evt_0045,Luisa Castro,luisacastro555@gmail.com,573009787772,1,0,WEB,2026-07-04 06:00:00
ft_sal_002061,ft_evt_0045,Céspedes Juan,juan.cespedes@gmail.com,3204063689,3,0,WEB,2026-06-27 13:00:00
ft_sal_002062,ft_evt_0045,Camila Bermúdez,camilabermudez189@gmail.com,(+57) 305-086-2495,3,0,RRPP,2026-07-05 10:00:00
ft_sal_002063,ft_evt_0045,NICOLÁS SALAZAR,nicolas.salazar@gmail.com,(+57) 320-736-8515,2,0,WEB,2026-06-29 19:00:00
ft_sal_002064,ft_evt_0045,Mariana Rodríguez,mariana.rodriguez82@yahoo.com,318 769 3826,6,0,WEB,2026-07-01 12:00:00
ft_sal_002065,ft_evt_0045,Paula Martinez,paula.martinez765@gmail.com,+57 317 3846841,1,0,WEB,2026-07-01 13:00:00
ft_sal_002066,ft_evt_0045,C. Castro,cristian.castro16@gmail.com,(+57) 329-126-7906,3,0,ADMIN,2026-06-28 16:00:00
ft_sal_002067,ft_evt_0045,Ximena Ramirez,ximena.ramirez86+boletas@gmail.com,573069854080,1,0,ADMIN,2026-07-01 12:00:00
ft_sal_002068,ft_evt_0045,Nicolás Vargas,nicolas.vargas+compras@gmail.com,(+57) 327-403-2698,2,0,BOX_OFFICE,2026-07-10 11:00:00
ft_sal_002069,ft_evt_0045,Mariana Cárdenas,mariana.cardenas617@gmial.com,+57 311 3721872,2,0,WEB,2026-06-27 04:00:00
ft_sal_002070,ft_evt_0045,Juliana Salazar,juliana.salazar@hotmail.com,3076394652,2,0,RRPP,2026-07-01 01:00:00
ft_sal_002071,ft_evt_0045,Martínez Alejandra,juliana.guerrero694@gmail.com,3264485868,2,0,WEB,2026-06-26 20:00:00
ft_sal_002072,ft_evt_0045,Esteban Castro,esteban.castro900@gmail.com,321 892 7648,1,0,WEB,2026-06-21 16:00:00
ft_sal_002073,ft_evt_0045,Fabián Cifuentes,fabiancifuentes329@hotmail.com,+57 304 3654475,2,0,WEB,2026-06-27 17:00:00
ft_sal_002074,ft_evt_0045,Camilo Rodríguez,camilorodriguez958@gmail.com,,1,0,BOX_OFFICE,2026-07-10 15:00:00
ft_sal_002075,ft_evt_0045,Diego González,diegogonzalez974@gmail.com,3213459218,1,0,BOX_OFFICE,2026-07-10 17:00:00
ft_sal_002076,ft_evt_0045,Laura Quintero,laura.quintero+spam@gmail.com,317 095 7032,1,0,RRPP,2026-07-02 03:00:00
ft_sal_002077,ft_evt_0045,Miguel Jimenez,migueljimenez148@proton.me,(+57) 322-104-4964,2,0,WEB,2026-07-03 12:00:00
ft_sal_002078,ft_evt_0045,Felipe Bermudez,felipebermudez518@hotmail.com,,1,0,ADMIN,2026-07-01 05:00:00
ft_sal_002079,ft_evt_0045,Fabian Bermudez,fabianbermudez410@gmail.com,(+57) 313-458-7439,2,0,WEB,2026-07-02 10:00:00
ft_sal_002080,ft_evt_0045,JUAN ORTIZ,juanortiz295@gmail.com,320 023 9969,1,0,WEB,2026-07-03 15:00:00
ft_sal_002081,ft_evt_0045,Fabian Arango,fabian.arango585@gmail.com,+57 317 5553577,1,0,WEB,2026-07-06 03:00:00
ft_sal_002082,ft_evt_0045,Daniela Jiménez Peña,danielajimenez188@gmail.com,,1,0,WEB,2026-07-02 17:00:00
ft_sal_002083,ft_evt_0045,Andres Restrepo,andresrestrepo372@gmail.com,(+57) 317-477-7452,1,0,WEB,2026-06-26 21:00:00
ft_sal_002084,ft_evt_0045,González Cristian,cristiangonzalez147@gmail.com,311 787 6645,2,0,WEB,2026-06-25 06:00:00
ft_sal_002085,ft_evt_0045,Laura Ramírez,lauraramirez133@gmail.com,(+57) 317-101-8404,3,0,WEB,2026-06-27 21:00:00
ft_sal_002086,ft_evt_0045,D. Quintero,diegoquintero642@gmail.com,+57 321 8938806,2,0,WEB,2026-06-30 19:00:00
ft_sal_002087,ft_evt_0045,Juan Valencia,juanvalencia188@hotmail.com,328 414 4454,2,0,WEB,2026-06-30 02:00:00
ft_sal_002088,ft_evt_0045,Ricardo Cárdenas,ricardo.cardenas47+spam@gmail.com,573098243021,1,0,WEB,2026-07-02 20:00:00
ft_sal_002089,ft_evt_0045,Restrepo Sebastián,sebastianrestrepo636@gmail.com,3119681062,3,0,WEB,2026-07-05 09:00:00
ft_sal_002090,ft_evt_0045,Diego Arango,diego.arango175+compras@gmail.com,306 617 5798,1,0,WEB,2026-07-08 18:00:00
ft_sal_002091,ft_evt_0045,camila céspedes,camila.cespdes790@gmail.com,573101315449,3,0,WEB,2026-07-07 14:00:00
ft_sal_002092,ft_evt_0045,JULIANA LÓPEZ,juliana.lopez116@gmail.com,+57 329 0897331,1,0,WEB,2026-07-04 01:00:00
ft_sal_002093,ft_evt_0045,nicolás castro,nicolas.castro94@gmail.com,573078739770,2,0,WEB,2026-07-07 01:00:00
ft_sal_002094,ft_evt_0045,Céspedes Felipe,felipe.cespedes73@outlok.com,(+57) 304-240-4438,2,0,WEB,2026-06-29 15:00:00
ft_sal_002095,ft_evt_0045,Isabella Ramírez,isabella.ramirez362@gmail.com,(+57) 315-607-5291,3,0,WEB,2026-06-27 11:00:00
ft_sal_002096,ft_evt_0045,Laura Jiménez,mateo.ortiz@gmail.com,320 742 0913,1,0,WEB,2026-07-05 21:00:00
ft_sal_002097,ft_evt_0045,Camila Jiménez,camila.jimenez@hotmail.com,+57 304 7178241,1,0,WEB,2026-06-28 14:00:00
ft_sal_002098,ft_evt_0045,Carolina Ospina Céspedes,carolina.ospina22@hotmail.com,573108203498,1,0,ADMIN,2026-07-01 13:00:00
ft_sal_002099,ft_evt_0045,Ricardo Castro Arango,ricardocastro674@gmail.com,+57 306 8495447,4,0,BOX_OFFICE,2026-07-10 05:00:00
ft_sal_002100,ft_evt_0045,Carolina Castro,carolinacastro314@gmail.com,323 898 8058,1,0,WEB,2026-06-26 08:00:00
ft_sal_002101,ft_evt_0045,Fabián Ortiz,fabianortiz699@gmail.com,+57 302 8998008,1,0,BOX_OFFICE,2026-07-10 06:00:00
ft_sal_002102,ft_evt_0045,Andrea Vargas,andrea.vargas50@gmail.com,308 085 2815,1,0,WEB,2026-07-02 13:00:00
ft_sal_002103,ft_evt_0045,Cristian Suárez,cristiansuarez916@gmail.com,,1,0,WEB,2026-06-25 16:00:00
ft_sal_002104,ft_evt_0045,Julián Quintero,julianquintero904@gmail.com,3201090604,3,0,WEB,2026-07-03 10:00:00
ft_sal_002105,ft_evt_0045,Diego Salazar,diego.saazar26@outlook.com,+57 300 3090839,2,0,WEB,2026-06-21 15:00:00
ft_sal_002106,ft_evt_0045,Juan Pena,juan.pena941@gmail.com,3160051528,1,0,WEB,2026-06-27 02:00:00
ft_sal_002107,ft_evt_0045,Camilo Ramirez,camilo.ramirez@outlook.com,312 251 8537,1,0,WEB,2026-07-02 19:00:00
ft_sal_002108,ft_evt_0045,Ximena Peña,diego.munoz8@icloud.com,+57 304 1948671,2,0,WEB,2026-06-27 04:00:00
ft_sal_002109,ft_evt_0045,LUISA LÓPEZ,luisa.lopez38@gmail.com,+57 322 6354070,2,0,WEB,2026-06-26 15:00:00
ft_sal_002110,ft_evt_0045,Manuela Guerrero,manuela.guerrero400@gmail.com,+57 307 1741657,6,0,WEB,2026-07-05 18:00:00
ft_sal_002111,ft_evt_0045,Diana Céspedes,dianacespedes584@yahoo.com,317 981 2085,1,0,WEB,2026-07-03 11:00:00
ft_sal_002112,ft_evt_0045,Nicolás Rodríguez,nicolasrodriguez301@gmail.com,573287018674,4,0,RRPP,2026-07-04 21:00:00
ft_sal_002113,ft_evt_0045,Cristian Muñoz,cristianmunoz938@gmail.com,+57 319 2874755,2,0,WEB,2026-07-04 20:00:00
ft_sal_002114,ft_evt_0045,Sebastián Castro,sebastiancastro813@gmail.com,(+57) 320-502-2264,1,0,WEB,2026-06-20 12:00:00
ft_sal_002115,ft_evt_0045,Ospina Juliana,julianaospina756@gmail.com,+57 324 0171153,1,0,WEB,2026-06-25 20:00:00
ft_sal_002116,ft_evt_0045,CAROLINA CÁRDENAS,carolina.cardenas@yahoo.com,+57 307 2240269,3,0,WEB,2026-06-25 12:00:00
ft_sal_002117,ft_evt_0045,Luisa Hernández,luisahernandez40@hotmail.com,(+57) 328-560-7790,1,0,ADMIN,2026-06-27 10:00:00
ft_sal_002118,ft_evt_0045,Sara Moreno Vargas,saramoreno706@hotmail.com,310 579 0499,1,0,WEB,2026-07-09 12:00:00
ft_sal_002119,ft_evt_0045,Ximena Rojas,ximenarojas477@gmail.com,301 634 6999,1,0,WEB,2026-07-03 19:00:00
ft_sal_002120,ft_evt_0045,González Camilo,camilo.gonzalez@outlook.com,573052113565,2,0,WEB,2026-06-30 19:00:00
ft_sal_002121,ft_evt_0045,Sebastián Muñoz,sebastianmunoz328@hotmail.com,+57 311 5014831,1,0,WEB,2026-06-22 17:00:00
ft_sal_002122,ft_evt_0045,Felipe Cárdenas,felipecardenas214@outlook.com,310 999 7607,3,0,WEB,2026-07-01 07:00:00
ft_sal_002123,ft_evt_0045,S. Hernández,sarahernandez736@hotmail.com,573058114468,1,0,WEB,2026-07-06 07:00:00
ft_sal_002124,ft_evt_0045,SANTIAGO MARTÍNEZ,santiago.martinez38@gmial.com,3216038198,2,0,BOX_OFFICE,2026-07-10 12:00:00
ft_sal_002125,ft_evt_0045,Mateo González,mateogonzalez204@gmail.com,(+57) 303-098-3588,2,0,BOX_OFFICE,2026-07-10 21:00:00
ft_sal_002126,ft_evt_0045,Daniel Mejía Castro,danielmejia414@outlook.com,3217561597,1,0,BOX_OFFICE,2026-07-10 07:00:00
ft_sal_002127,ft_evt_0045,Carolina Arango,carolinaarango868@outlook.com,3055256726,1,0,WEB,2026-06-26 14:00:00
ft_sal_002128,ft_evt_0045,Ximena Betancur,ximena.betancur@gmail.com,573204007031,1,0,WEB,2026-06-27 19:00:00
ft_sal_002129,ft_evt_0045,DAVID MEJÍA,DAVID.MEJIA9@GMAIL.COM,+57 306 7127014,2,0,WEB,2026-06-25 18:00:00
ft_sal_002130,ft_evt_0045,Carlos González,carlos.gonzalez89@outlook.com,573163227787,2,0,WEB,2026-07-04 21:00:00
ft_sal_002131,ft_evt_0045,Laura Mejía,lauramejia704@hotmail.com,(+57) 310-785-5701,1,0,WEB,2026-06-28 05:00:00
ft_sal_002132,ft_evt_0045,Camila Ramírez,camila.ramirez@gmail.com,(+57) 304-268-4258,2,0,WEB,2026-06-30 17:00:00
ft_sal_002133,ft_evt_0045,Carolina Cifuentes,carolina.cifuetes@gmail.com,(+57) 306-365-3044,2,0,WEB,2026-07-04 03:00:00
ft_sal_002134,ft_evt_0045,C. Cárdenas,camilo.cardenas@gmail.com,573000360526,2,0,ADMIN,2026-06-24 09:00:00
ft_sal_002135,ft_evt_0045,Diego Peña,diego.pena917@gmail.com,3297193282,2,0,WEB,2026-06-29 17:00:00
ft_sal_002136,ft_evt_0045,Diana Gómez Bermúdez,diana.gomez11@hotmail.com,308 272 3149,2,0,WEB,2026-07-01 21:00:00
ft_sal_002137,ft_evt_0045,Miguel Suárez Salazar,miguel.suarez@gmail.com,573189387316,1,0,BOX_OFFICE,2026-07-10 09:00:00
ft_sal_002138,ft_evt_0045,julián quintero,julianquintero879@hotmail.com,329 402 4815,1,0,WEB,2026-07-01 14:00:00
ft_sal_002139,ft_evt_0045,Sara Restrepo,sara.restrepo@gmail.com,(+57) 316-844-1964,1,0,WEB,2026-06-28 06:00:00
ft_sal_002140,ft_evt_0045,Ximena Martínez,ximena.martinez@gmail.com,(+57) 310-284-2161,2,0,WEB,2026-07-04 06:00:00
ft_sal_002141,ft_evt_0045,Luisa Cifuentes,luisa.cifuentes@outlook.com,573284808947,1,0,ADMIN,2026-07-01 09:00:00
ft_sal_002142,ft_evt_0045,SANTIAGO BETANCUR,satiago.betancur11@gmail.com,+57 301 4873883,1,0,WEB,2026-06-20 16:00:00
ft_sal_002143,ft_evt_0045,S. Rojas,santiagorojas581@gmail.com,+57 305 2179531,2,0,WEB,2026-07-05 20:00:00
ft_sal_002144,ft_evt_0045,Valentina Guerrero,valentinaguerrero979@hotmail.com,(+57) 305-547-2003,2,0,WEB,2026-07-03 11:00:00
ft_sal_002145,ft_evt_0045,Fabian Moreno,fabianmoreno916@hotmail.com,316 037 0038,1,0,WEB,2026-06-27 04:00:00
ft_sal_002146,ft_evt_0037,Fabian Valencia,FABIAN.VALENCIA6@GMAIL.COM,(+57) 314-574-2310,2,0,BOX_OFFICE,2026-07-11 13:30:00
ft_sal_002147,ft_evt_0037,Nicolás Suárez Valencia,nicolassuarez619@gmail.com,3000324062,2,0,WEB,2026-07-04 02:30:00
ft_sal_002148,ft_evt_0037,Juliana Mejía Cifuentes,juliana.ejia@outlook.com,+57 318 7996078,1,0,WEB,2026-07-02 14:30:00
ft_sal_002149,ft_evt_0037,Juliana Suárez,julianasuarez955@hotmail.com,+57 316 3971923,3,0,BOX_OFFICE,2026-07-11 17:30:00
ft_sal_002150,ft_evt_0037,Mariana Quintero,marianaquintero656@gmail.com,3117297653,1,0,WEB,2026-07-03 17:30:00
ft_sal_002151,ft_evt_0037,Óscar Rojas,oscar.rojas25@gmail.com,322 135 5214,1,0,WEB,2026-07-02 13:30:00
ft_sal_002152,ft_evt_0037,miguel rojas,miguelrojas407@gmail.com,573144429724,1,0,WEB,2026-06-25 08:30:00
ft_sal_002153,ft_evt_0037,Esteban Zapata,esteban.zapata56@gmail.com,,2,0,RRPP,2026-07-05 12:30:00
ft_sal_002154,ft_evt_0037,Camilo Pena,camilo.pena105@hotmail.com,(+57) 304-685-4698,2,0,WEB,2026-07-04 02:30:00
ft_sal_002155,ft_evt_0037,Laura Arango,laura.arango55@gmail.com,3094345905,2,0,WEB,2026-07-10 16:30:00
ft_sal_002156,ft_evt_0037,Daniel González,danielgonzalez167@gmail.com,+57 307 8474248,1,0,WEB,2026-07-07 11:30:00
ft_sal_002157,ft_evt_0037,Felipe Hernández,felipe.hernandez@hotmail.com,+57 305 5426300,2,0,WEB,2026-07-01 19:30:00
ft_sal_002158,ft_evt_0037,natalia castro,natalia.castro@icloud.com,319 805 7531,1,0,WEB,2026-07-02 01:30:00
ft_sal_002159,ft_evt_0037,Carlos Moreno,carlosmoreno151@gmail.com,(+57) 313-625-8078,1,0,WEB,2026-06-24 16:30:00
ft_sal_002160,ft_evt_0037,Diana Castro,dianacastro899@gmail.com,329 984 0656,1,0,WEB,2026-06-28 12:30:00
ft_sal_002161,ft_evt_0037,Ricardo Rojas,ricardorojas690@gmail.com,3154036521,1,0,WEB,2026-07-05 15:30:00
ft_sal_002162,ft_evt_0037,Miguel Mejía,miguelmejia821@gmail.com,+57 316 8686329,1,0,WEB,2026-06-23 03:30:00
ft_sal_002163,ft_evt_0037,David Suárez,davidsuarez543@gmail.com,573276502034,1,0,WEB,2026-07-04 17:30:00
ft_sal_002164,ft_evt_0037,Miguel Suárez,miguel.suarez51@gmail.com,3204886173,2,0,WEB,2026-07-05 11:30:00
ft_sal_002165,ft_evt_0037,Manuela Martínez,manuelamartinez889@gmail.com,323 610 9450,1,0,ADMIN,2026-07-01 16:30:00
ft_sal_002166,ft_evt_0037,laura moreno,lauramoreno426@gmail.com,(+57) 324-885-3015,1,0,WEB,2026-06-24 05:30:00
ft_sal_002167,ft_evt_0037,Laura Rodríguez,laura.rodriguez@outlook.com,3205121007,1,0,BOX_OFFICE,2026-07-11 05:30:00
ft_sal_002168,ft_evt_0037,Daniela Céspedes,danielacespedes832@gmail.com,573229963344,3,0,BOX_OFFICE,2026-07-11 07:30:00
ft_sal_002169,ft_evt_0037,Alejandra Hernández,alejandra.hernandez@yahoo.com,,1,0,WEB,2026-07-02 19:30:00
ft_sal_002170,ft_evt_0037,Luisa Céspedes,luisa.cespedes84@hotmail.com,312 850 0807,2,0,WEB,2026-06-30 01:30:00
ft_sal_002171,ft_evt_0037,Carlos Quintero Zapata,carlosquintero97@gmail.com,305 079 9714,1,0,WEB,2026-07-04 08:30:00
ft_sal_002172,ft_evt_0037,Juliana González,juliana.gonzalez68@proton.me,306 733 5372,2,0,BOX_OFFICE,2026-07-11 16:30:00
ft_sal_002173,ft_evt_0037,CAMILO BETANCUR,camilobetancur825@gmail.com,+57 303 6755488,2,0,WEB,2026-06-30 03:30:00
ft_sal_002174,ft_evt_0037,Nicolás Ortiz,nicolas.ortiz640@gmail.com,+57 303 4818328,4,0,WEB,2026-07-01 18:30:00
ft_sal_002175,ft_evt_0037,Nicolás Moreno,nicolas.moreno@gmail.com,3070898032,2,0,WEB,2026-06-30 15:30:00
ft_sal_002176,ft_evt_0037,Natalia Pena,natalia.pena@outlook.com,573140713793,2,0,WEB,2026-07-03 07:30:00
ft_sal_002177,ft_evt_0037,diana guerrero,dianaguerrero400@gmail.com,306 839 0000,2,0,WEB,2026-06-27 07:30:00
ft_sal_002178,ft_evt_0037,Luisa Peña,luisa.pena506@gmail.com,3101792304,2,0,WEB,2026-07-03 00:30:00
ft_sal_002179,ft_evt_0037,Ricardo Rodríguez,ricardorodriguez311@gmail.com,(+57) 325-979-1230,2,0,WEB,2026-06-26 19:30:00
ft_sal_002180,ft_evt_0037,Daniel Salazar,danielsalazar940@gmail.com,3099314122,1,0,WEB,2026-06-28 04:30:00
ft_sal_002181,ft_evt_0037,Esteban Castro,estebancastro280@gmail.com,+57 301 3440476,2,0,WEB,2026-07-07 18:30:00
ft_sal_002182,ft_evt_0037,Zapata Cristian,cristianzapata887@gmail.com,573082114323,4,0,WEB,2026-07-06 20:30:00
ft_sal_002183,ft_evt_0037,C. Betancur,cristian.betancur+spam@yahoo.com,+57 327 1003359,1,0,BOX_OFFICE,2026-07-11 07:30:00
ft_sal_002184,ft_evt_0037,Nicolás Céspedes,nicolascespedes443@gmail.com,+57 311 0949268,2,0,ADMIN,2026-07-04 07:30:00
ft_sal_002185,ft_evt_0037,Hernández Camilo,camilohernandez45@outlook.com,328 898 9514,2,0,WEB,2026-06-25 12:30:00
ft_sal_002186,ft_evt_0037,alejandra rodríguez,alejandrarodriguez914@hotmail.com,3084985837,2,0,BOX_OFFICE,2026-07-11 04:30:00
ft_sal_002187,ft_evt_0037,Daniela González,daniela.gonzalez@gmail.com,573090247594,1,0,RRPP,2026-06-25 05:30:00
ft_sal_002188,ft_evt_0037,Gómez Sara,sara.gomez92@gmail.com,323 396 1615,2,0,WEB,2026-06-29 03:30:00
ft_sal_002189,ft_evt_0037,Juan Salazar,luisa.rodriguez167@gmail.com,3250704623,2,0,BOX_OFFICE,2026-07-11 10:30:00
ft_sal_002190,ft_evt_0037,David Betancur,esteban.jimenez@outlook.com,+57 313 3109315,2,0,WEB,2026-06-27 18:30:00
ft_sal_002191,ft_evt_0037,Juan Salazar,juan.salazar35@gmail.com,325 070 6423,1,0,WEB,2026-07-01 01:30:00
ft_sal_002192,ft_evt_0037,Natalia Céspedes,natalia.cespedes@yahoo.com,(+57) 306-565-0486,2,0,WEB,2026-07-08 09:30:00
ft_sal_002193,ft_evt_0037,andrés ramírez,andresramirez68@gmail.com,3158269574,1,0,WEB,2026-07-02 09:30:00
ft_sal_002194,ft_evt_0037,Ximena Ortiz,ximena.ortiz94@gmail.com,+57 301 8120828,1,0,BOX_OFFICE,2026-07-11 12:30:00
ft_sal_002195,ft_evt_0037,catalina ramírez,catalinaramirez208@outlook.com,,2,0,WEB,2026-06-29 03:30:00
ft_sal_002196,ft_evt_0037,Juliana Restrepo,juliana.retrepo2@gmail.com,(+57) 311-431-8582,1,0,WEB,2026-07-07 01:30:00
ft_sal_002197,ft_evt_0037,Julián Betancur Zapata,julian.betancur837+boletas@gmail.com,+57 324 9616219,1,0,WEB,2026-07-02 04:30:00
ft_sal_002198,ft_evt_0037,Manuela Quintero Rodríguez,manuela.quintero388@gmail.com,3260958634,1,0,WEB,2026-07-03 16:30:00
ft_sal_002199,ft_evt_0037,mariana salazar,marianasalazar939@hotmail.com,,1,0,WEB,2026-07-01 19:30:00
ft_sal_002200,ft_evt_0037,fabián mejía,fabianmejia608@hotmail.com,321 821 0949,1,0,WEB,2026-06-26 06:30:00
ft_sal_002201,ft_evt_0037,David Quintero,davidquintero31@gmail.com,+57 325 8251108,2,0,WEB,2026-07-04 08:30:00
ft_sal_002202,ft_evt_0037,C. Salazar,cristian.salazar55@gmial.com,308 684 0545,2,0,WEB,2026-07-01 10:30:00
ft_sal_002203,ft_evt_0037,Felipe Moreno,felipe.moreno@gmail.com,(+57) 327-356-9075,1,0,WEB,2026-06-28 17:30:00
ft_sal_002204,ft_evt_0037,Mateo Martinez,mateo.martinez@icloud.com,327 984 9996,2,0,WEB,2026-06-30 01:30:00
ft_sal_002205,ft_evt_0037,Nicolas Cifuentes,nicolas.cifuentes@gmail.com,573049624346,1,0,WEB,2026-07-03 13:30:00
ft_sal_002206,ft_evt_0037,daniel quintero,danielquintero885@gmail.com,,2,0,ADMIN,2026-06-27 18:30:00
ft_sal_002207,ft_evt_0037,valentina ospina,valentinaospina337@outlook.com,+57 301 7583838,6,0,BOX_OFFICE,2026-07-11 11:30:00
ft_sal_002208,ft_evt_0037,ricardo gonzález,RICARDO.GONZALEZ87@GMAIL.COM,(+57) 311-267-3638,1,0,WEB,2026-07-07 02:30:00
ft_sal_002209,ft_evt_0037,Paula Ortiz,paula.ortiz@gmial.com,(+57) 317-806-3349,4,0,WEB,2026-06-28 11:30:00
ft_sal_002210,ft_evt_0037,MARÍA BETANCUR,MARIA.BETANCUR8@HOTMAIL.COM,573182135697,3,0,WEB,2026-06-23 09:30:00
ft_sal_002211,ft_evt_0037,Natalia Rojas,natalia.rojas25@gmial.com,573021831246,1,0,BOX_OFFICE,2026-07-11 20:30:00
ft_sal_002212,ft_evt_0037,Miguel Mejia,miguelmejia5@gmail.com,(+57) 323-615-5548,3,0,BOX_OFFICE,2026-07-11 13:30:00
ft_sal_002213,ft_evt_0037,Diego Hernández,diego.hernandez@gmail.com,573231692763,1,0,WEB,2026-07-06 08:30:00
ft_sal_002214,ft_evt_0037,Andrea Cespedes,andreacespedes594@yahoo.com,,2,0,BOX_OFFICE,2026-07-11 13:30:00
ft_sal_002215,ft_evt_0037,Catalina Ramírez,catalinaramirez910@gmail.com,+57 327 2611412,2,0,WEB,2026-07-09 07:30:00
ft_sal_002216,ft_evt_0037,Fabián Valencia,fabianvalencia180@gmail.com,(+57) 303-318-1974,1,0,WEB,2026-07-06 14:30:00
ft_sal_002217,ft_evt_0037,Céspedes Carolina,carolinacespedes271@proton.me,324 763 1279,4,0,WEB,2026-06-28 13:30:00
ft_sal_002218,ft_evt_0037,Camila Salazar,camilasalazar297@hotmail.com,301 338 2055,3,0,WEB,2026-07-01 00:30:00
ft_sal_002219,ft_evt_0037,Paula Cárdenas,tatiana.mejia86@gmail.com,+57 329 3996407,4,0,WEB,2026-06-26 14:30:00
ft_sal_002220,ft_evt_0037,R. Quintero,ricardo.quintero34@gmial.com,3132986943,3,0,ADMIN,2026-06-25 03:30:00
ft_sal_002221,ft_evt_0037,juliana arango,juliana.arango@gmail.com,(+57) 300-028-4160,2,0,WEB,2026-07-04 17:30:00
ft_sal_002222,ft_evt_0037,Castro Manuela,manuela.castro83@gmail.com,573035178801,1,0,WEB,2026-07-06 01:30:00
ft_sal_002223,ft_evt_0037,MATEO ROJAS,mateorojas486@gmail.com,+57 301 2893816,6,0,WEB,2026-06-27 17:30:00
ft_sal_002224,ft_evt_0037,sara moreno,sara.moreno+compras@hotmail.com,,1,0,WEB,2026-07-07 16:30:00
ft_sal_002225,ft_evt_0037,Sara Moreno,sara.moreno@gmail.com,3201972616,3,0,WEB,2026-07-07 00:30:00
ft_sal_002226,ft_evt_0037,juan cárdenas,juan.cardenas@yahoo.com,3210186481,1,0,BOX_OFFICE,2026-07-11 08:30:00
ft_sal_002227,ft_evt_0037,Nicolás Moreno,nicolas.moreno50@gmail.com,3172385363,1,0,BOX_OFFICE,2026-07-11 12:30:00
ft_sal_002228,ft_evt_0037,Daniela Peña,danielapena39@gmail.com,+57 313 8553151,6,0,WEB,2026-07-02 06:30:00
ft_sal_002229,ft_evt_0037,Ximena Suarez,ximena.suarez8@outlook.com,(+57) 324-867-8387,4,0,WEB,2026-07-03 11:30:00
ft_sal_002230,ft_evt_0037,Miguel Gómez,miguel.gomez@icloud.com,314 098 8892,3,0,WEB,2026-07-03 20:30:00
ft_sal_002231,ft_evt_0037,Diego Bermudez,diego.bermudez@gmail.com,(+57) 311-665-3336,2,0,WEB,2026-07-04 07:30:00
ft_sal_002232,ft_evt_0037,diego zapata,diego.zapata19@gmail.com,(+57) 326-748-6137,1,0,WEB,2026-06-23 10:30:00
ft_sal_002233,ft_evt_0037,Andrea Valencia,andrea.valencia14@gmail.com,573109128168,2,0,ADMIN,2026-07-06 03:30:00
ft_sal_002234,ft_evt_0037,Luisa Gonzalez,luisagonzalez443@outlook.com,+57 315 8748896,4,0,ADMIN,2026-06-26 15:30:00
ft_sal_002235,ft_evt_0037,J. Martínez,julianmartinez303@gmail.com,,1,0,WEB,2026-07-04 10:30:00
ft_sal_002236,ft_evt_0037,Camila Castro,camila.castro75@gmail.com,(+57) 324-450-9083,1,0,WEB,2026-06-30 18:30:00
ft_sal_002237,ft_evt_0037,Andrés Cárdenas,andrescardenas37@gmail.com,(+57) 325-467-5964,1,0,WEB,2026-07-03 10:30:00
ft_sal_002238,ft_evt_0037,Carlos Jiménez,carlosjimenez626@yahoo.com,+57 328 3949918,1,0,ADMIN,2026-07-05 04:30:00
ft_sal_002239,ft_evt_0037,Isabella Valencia,isabellavalencia75@proton.me,573125810129,1,0,WEB,2026-06-27 13:30:00
ft_sal_002240,ft_evt_0037,C. Peña,carlos.pena139@gmail.com,,3,0,WEB,2026-07-06 03:30:00
ft_sal_002241,ft_evt_0037,Diego Quintero,diegoquintero936@gmail.com,329 013 9356,1,0,RRPP,2026-07-03 05:30:00
ft_sal_002242,ft_evt_0037,Mariana Mejía,marianamejia221@hotmail.com,(+57) 302-024-1806,1,0,WEB,2026-06-24 05:30:00
ft_sal_002243,ft_evt_0037,RICARDO RODRÍGUEZ,ricardorodriguez968@outlook.com,+57 305 7065895,2,0,WEB,2026-06-28 11:30:00
ft_sal_002244,ft_evt_0037,Sara Jimenez,sara.jimenez738@gmial.com,3038249255,1,0,WEB,2026-07-10 02:30:00
ft_sal_002245,ft_evt_0037,Juliana Arango,julana.arango@gmail.com,300 028 4160,4,0,WEB,2026-07-06 03:30:00
ft_sal_002246,ft_evt_0037,Santiago Salazar Hernández,santiagosalazar522@yahoo.com,573062291221,1,0,WEB,2026-06-29 08:30:00
ft_sal_002247,ft_evt_0037,paula cifuentes,paulacifuentes133@gmail.com,3163720490,1,0,WEB,2026-06-21 14:30:00
ft_sal_002248,ft_evt_0037,Natalia Betancur,nataliabetancur555@outlook.com,308 345 7915,1,0,WEB,2026-07-02 06:30:00
ft_sal_002249,ft_evt_0037,Esteban González,esteban.gonzalez228+eventos@gmail.com,(+57) 311-878-8719,4,0,WEB,2026-06-27 11:30:00
ft_sal_002250,ft_evt_0037,Mateo Rodriguez,mateorodriguez479@hotmail.com,573163396087,1,0,BOX_OFFICE,2026-07-11 04:30:00
ft_sal_002251,ft_evt_0037,Valentina Gómez,valentina.gomez321@gmail.com,(+57) 318-826-0528,2,0,BOX_OFFICE,2026-07-11 08:30:00
ft_sal_002252,ft_evt_0037,Alejandra Zapata,alejandrazapata490@gmail.com,(+57) 323-137-7797,2,0,WEB,2026-07-06 04:30:00
ft_sal_002253,ft_evt_0037,Santiago Gómez,santiagogomez598@hotmail.com,(+57) 312-490-4377,1,0,WEB,2026-07-08 11:30:00
ft_sal_002254,ft_evt_0037,Tatiana Vargas,tatianavargas136@hotmail.com,300 391 2602,2,0,ADMIN,2026-07-07 06:30:00
ft_sal_002255,ft_evt_0037,Betancur David,david.betanur@hotmail.com,307 676 6643,4,0,WEB,2026-06-29 04:30:00
ft_sal_002256,ft_evt_0037,Julián Mejía,julian.mejia83@hotmail.com,,1,0,WEB,2026-06-26 12:30:00
ft_sal_002257,ft_evt_0037,ximena bermúdez,ximena.bermudez417+spam@gmail.com,3146169829,1,0,WEB,2026-06-29 06:30:00
ft_sal_002258,ft_evt_0037,Ximena Hernández Hernández,ximenahernandez322@gmail.com,3176372414,1,0,WEB,2026-06-29 09:30:00
ft_sal_002259,ft_evt_0037,Cristian Martínez,cristianmartinez997@gmail.com,3187452240,1,0,WEB,2026-07-02 11:30:00
ft_sal_002260,ft_evt_0037,Cristian Suárez,cristian.suarez98@gmail.com,+57 312 4052193,1,0,WEB,2026-06-28 11:30:00
ft_sal_002261,ft_evt_0037,Daniel Gomez,daniel.gomez@gmail.com,(+57) 313-502-0164,3,0,WEB,2026-07-01 17:30:00
ft_sal_002262,ft_evt_0037,Daniela Cifuentes,danielacifuentes492@gmail.com,3098411878,3,0,WEB,2026-06-28 09:30:00
ft_sal_002263,ft_evt_0037,Natalia Betancur Martínez,natalia.betancur15+spam@gmail.com,(+57) 316-317-7130,2,0,WEB,2026-07-05 07:30:00
ft_sal_002264,ft_evt_0037,isabella hernández,isabellahernandez651@gmail.com,,1,0,WEB,2026-07-06 03:30:00
ft_sal_002265,ft_evt_0037,Andrés Rodríguez,andres.rodriguez16@gmail.com,3293266919,1,0,WEB,2026-07-10 20:30:00
ft_sal_002266,ft_evt_0037,María Ortiz,maria.ortiz64+compras@gmail.com,306 322 8336,2,0,WEB,2026-06-27 07:30:00
ft_sal_002267,ft_evt_0037,Julian Gonzalez,juliangonzalez228@gmail.com,,2,0,WEB,2026-06-23 07:30:00
ft_sal_002268,ft_evt_0037,Ricardo Castro Moreno,ricardocastro571@gmail.com,312 458 9086,4,0,WEB,2026-07-05 00:30:00
ft_sal_002269,ft_evt_0037,Juliana Salazar,juliana.salazar674@outlook.com,316 745 2147,1,0,WEB,2026-07-04 16:30:00
ft_sal_002270,ft_evt_0047,Daniel Moreno,danielmoreno128@gmail.com,,2,86000,WEB,2026-07-09 02:30:00
ft_sal_002271,ft_evt_0047,Sebastián Ospina,sebastian.ospina@gmail.com,573194919180,2,102000,WEB,2026-06-29 05:30:00
ft_sal_002272,ft_evt_0047,JUAN RESTREPO,juan.restrepo76@gmail.com,305 303 2212,2,250000,WEB,2026-06-30 18:30:00
ft_sal_002273,ft_evt_0047,Fabián Rojas,fabian.rojas797@gmail.com,+57 328 3882390,1,134000,WEB,2026-07-02 00:30:00
ft_sal_002274,ft_evt_0047,Juan Betancur Guerrero,juan.betancur924@gmail.com,316 469 4170,2,290000,WEB,2026-07-05 00:30:00
ft_sal_002275,ft_evt_0047,Cristian Quintero,cristianquintero318@hotmail.com,+57 300 2916964,2,90000,WEB,2026-07-04 23:30:00
ft_sal_002276,ft_evt_0047,Camila Bermúdez,camilabermudez585@gmail.com,+57 302 5695789,3,417000,WEB,2026-06-27 09:30:00
ft_sal_002277,ft_evt_0047,David Céspedes,david.cespedes+spam@gmail.com,301 102 1486,2,262000,WEB,2026-07-04 09:30:00
ft_sal_002278,ft_evt_0047,Carlos Moreno,carlosmoreno973@hotmail.com,573104720131,1,0,WEB,2026-07-12 15:30:00
ft_sal_002279,ft_evt_0047,Sebastián Bermúdez,sebastianbermudez387@yahoo.com,301 681 4717,1,61000,WEB,2026-07-01 02:30:00
ft_sal_002280,ft_evt_0047,Fabián Hernández,fabianhernandez520@gmail.com,324 812 8618,6,264000,WEB,2026-06-28 11:30:00
ft_sal_002281,ft_evt_0047,Diego Arango,diego.arango+compras@gmail.com,(+57) 316-432-5185,1,47000,WEB,2026-07-11 05:30:00
ft_sal_002282,ft_evt_0047,Óscar Quintero,oscar.quintero@gmail.com,573052175064,1,135000,WEB,2026-06-23 03:30:00
ft_sal_002283,ft_evt_0047,Camila Castro,camilacastro855@gmail.com,3074256578,6,552000,WEB,2026-07-06 18:30:00
ft_sal_002284,ft_evt_0047,Laura Rojas Moreno,laurarojas35@icloud.com,317 553 9902,1,134000,WEB,2026-06-29 09:30:00
ft_sal_002285,ft_evt_0047,Esteban Rojas,esteban.rojas@hotmail.com,3183356343,1,43000,BOX_OFFICE,2026-07-14 09:30:00
ft_sal_002286,ft_evt_0047,Natalia Zapata,natalia.zapata68@gmial.com,,1,94000,WEB,2026-07-02 03:30:00
ft_sal_002287,ft_evt_0047,Andrea González,andreagonzalez904@gmail.com,(+57) 304-485-5852,2,116000,WEB,2026-06-29 11:30:00
ft_sal_002288,ft_evt_0047,Diego Muñoz,diegomunoz899@gmail.com,,2,180000,RRPP,2026-07-06 09:30:00
ft_sal_002289,ft_evt_0047,Catalina Ospina,catalinaospina324@gmail.com,3260154189,3,300000,WEB,2026-07-11 09:30:00
ft_sal_002290,ft_evt_0047,Camila Valencia,camilavalencia294@outlook.com,(+57) 310-441-6121,1,91000,BOX_OFFICE,2026-07-14 14:30:00
ft_sal_002291,ft_evt_0047,Nicolás Castro,nicolascastro832@gmail.com,309 514 2700,2,118000,WEB,2026-07-03 12:30:00
ft_sal_002292,ft_evt_0047,Camilo López,camilo.lopez283@gmail.com,3084459450,1,93000,WEB,2026-07-04 01:30:00
ft_sal_002293,ft_evt_0047,Camila Vargas,camila.vargas@hotmial.com,304 337 9300,1,90000,BOX_OFFICE,2026-07-14 13:30:00
ft_sal_002294,ft_evt_0047,paula ramírez,paularamirez283@gmail.com,(+57) 329-901-7245,2,90000,WEB,2026-07-06 07:30:00
ft_sal_002295,ft_evt_0047,Laura Gómez,lauragomez668@gmail.com,3162749973,1,63000,WEB,2026-07-06 14:30:00
ft_sal_002296,ft_evt_0047,LAURA ZAPATA,laurazapata44@gmail.com,+57 303 0158324,3,174000,WEB,2026-07-05 06:30:00
ft_sal_002297,ft_evt_0047,Manuela Cifuentes,manuela.cifuentes@gmail.com,3130568954,3,183000,WEB,2026-07-06 15:30:00
ft_sal_002298,ft_evt_0047,Bermúdez Carolina,carolinabermudez756@gmail.com,+57 319 5388134,1,41000,WEB,2026-06-29 06:30:00
ft_sal_002299,ft_evt_0047,Daniela Lopez,danielalopez678@gmail.com,,2,120000,WEB,2026-06-25 13:30:00
ft_sal_002300,ft_evt_0047,Óscar Ortiz,oscarortiz575@hotmail.com,+57 301 1188470,6,588000,WEB,2026-06-28 11:30:00
ft_sal_002301,ft_evt_0047,Luisa Bermudez,luisabermudez473@gmail.com,+57 320 5635905,2,200000,WEB,2026-07-10 13:30:00
ft_sal_002302,ft_evt_0047,Cristian Betancur,cristianbetancur475@gmail.com,573130408967,1,146000,WEB,2026-06-30 02:30:00
ft_sal_002303,ft_evt_0047,Juliana Céspedes,juliana.cespedes@gmail.com,303 318 2261,3,396000,WEB,2026-06-29 11:30:00
ft_sal_002304,ft_evt_0047,Camila Jimenez,camila.jimenez2@gmail.com,(+57) 320-970-6810,1,59000,WEB,2026-06-23 14:30:00
ft_sal_002305,ft_evt_0047,Quintero Esteban,ESTEBAN.QUINTERO80@GMAIL.COM,+57 312 2479052,2,292000,WEB,2026-07-06 15:30:00
ft_sal_002306,ft_evt_0047,Valentina Jimenez,valentinajimenez595@gmail.com,(+57) 304-191-0602,3,0,WEB,2026-06-25 08:30:00
ft_sal_002307,ft_evt_0047,Catalina Ortiz,catalinaortiz698@proton.me,3109609826,3,309000,WEB,2026-07-09 06:30:00
ft_sal_002308,ft_evt_0047,Juliana Pena,juliana.pena15@gmail.com,(+57) 312-465-3728,2,194000,WEB,2026-07-05 10:30:00
ft_sal_002309,ft_evt_0047,Andrea Moreno,andreamoreno755@yahoo.com,(+57) 307-113-1343,3,282000,WEB,2026-07-05 16:30:00
ft_sal_002310,ft_evt_0047,A. Bermúdez,alejandra.bermudez1@gmail.com,573017170241,3,0,ADMIN,2026-07-08 00:30:00
ft_sal_002311,ft_evt_0047,Andrés Rodríguez Valencia,andres.rodriguez47@yahoo.com,(+57) 329-624-3225,2,112000,WEB,2026-06-28 18:30:00
ft_sal_002312,ft_evt_0047,Catalina Zapata,catalinazapata345@hotmail.com,573003315566,1,60000,WEB,2026-07-05 19:30:00
ft_sal_002313,ft_evt_0047,Daniela Martínez Ramírez,daniela.martinez80@gmail.com,573092753945,4,172000,WEB,2026-07-05 18:30:00
ft_sal_002314,ft_evt_0047,L. Ospina,laura.ospina32@outlook.com,+57 310 5271011,1,0,WEB,2026-07-08 04:30:00
ft_sal_002315,ft_evt_0047,Andrea González,andreagonzalez415@gmail.com,306 234 6101,3,0,WEB,2026-06-30 09:30:00
ft_sal_002316,ft_evt_0047,Valentina Valencia,valentinavalencia885@gmail.com,305 116 4964,4,420000,BOX_OFFICE,2026-07-14 10:30:00
ft_sal_002317,ft_evt_0047,D. Mejía,danielamejia390@gmail.com,,3,429000,WEB,2026-07-07 14:30:00
ft_sal_002318,ft_evt_0047,Óscar Ramírez,oscarramirez298@gmail.com,,1,43000,WEB,2026-07-08 06:30:00
ft_sal_002319,ft_evt_0047,CARLOS ZAPATA,CARLOS.ZAPATA511@GMAIL.COM,(+57) 327-323-4593,3,183000,WEB,2026-07-07 16:30:00
ft_sal_002320,ft_evt_0047,Santiago Rojas,santiagorojas359@gmail.com,309 441 4745,1,66000,WEB,2026-06-28 09:30:00
ft_sal_002321,ft_evt_0047,Felipe Gómez,felipe.gomez+boletas@hotmail.com,(+57) 317-559-0633,3,129000,WEB,2026-07-05 04:30:00
ft_sal_002322,ft_evt_0047,carolina suárez,carolina.suarez806@hotmail.com,,2,186000,WEB,2026-06-28 07:30:00
ft_sal_002323,ft_evt_0047,S. Cárdenas,santiagocardenas802@gmail.com,+57 305 7775285,1,57000,WEB,2026-07-01 06:30:00
ft_sal_002324,ft_evt_0047,ÓSCAR GUERRERO,oscar.guerrero@gmail.com,3244150437,2,194000,WEB,2026-07-05 18:30:00
ft_sal_002325,ft_evt_0047,Mateo Salazar Rojas,mateosalazar337@gmail.com,3064472251,1,0,BOX_OFFICE,2026-07-14 12:30:00
ft_sal_002326,ft_evt_0047,Ortiz Óscar,oscar.ortiz83@gmail.com,3226914970,1,58000,ADMIN,2026-07-02 11:30:00
ft_sal_002327,ft_evt_0047,ESTEBAN ARANGO,estebanarango50@gmail.com,322 347 9615,2,130000,WEB,2026-07-08 05:30:00
ft_sal_002328,ft_evt_0047,Juan Quintero,juan.quintero87@gmail.com,3290404979,2,294000,WEB,2026-07-03 18:30:00
ft_sal_002329,ft_evt_0047,Diana Restrepo Ramírez,dianarestrepo38@gmail.com,(+57) 316-032-8310,1,96000,WEB,2026-07-06 01:30:00
ft_sal_002330,ft_evt_0047,Andrea Guerrero,andreaguerrero140@hotmail.com,3055568400,1,62000,BOX_OFFICE,2026-07-14 00:30:00
ft_sal_002331,ft_evt_0047,López Paula,paulalopez949@gmail.com,3293556750,6,612000,WEB,2026-07-05 01:30:00
ft_sal_002332,ft_evt_0047,Daniel López,daniellopez124@hotmail.com,,4,228000,BOX_OFFICE,2026-07-14 17:30:00
ft_sal_002333,ft_evt_0047,Laura Muñoz,laura.munoz53@gmial.com,(+57) 320-418-8421,6,348000,WEB,2026-07-09 03:30:00
ft_sal_002334,ft_evt_0047,D. Muñoz,daniela.munoz@gmail.com,329 165 5146,4,192000,WEB,2026-07-04 09:30:00
ft_sal_002335,ft_evt_0047,Paula Restrepo,paularestrepo79@outlook.com,318 948 2986,1,94000,BOX_OFFICE,2026-07-14 08:30:00
ft_sal_002336,ft_evt_0047,Camila Muñoz,camila.munoz69+boletas@proton.me,322 585 3300,1,45000,WEB,2026-07-04 14:30:00
ft_sal_002337,ft_evt_0047,Salazar Santiago,SANTIAGO.SALAZAR75@PROTON.ME,3120933946,1,62000,BOX_OFFICE,2026-07-14 05:30:00
ft_sal_002338,ft_evt_0047,Ortiz Fabián,fabianortiz212@gmail.com,3066748576,1,57000,ADMIN,2026-07-09 04:30:00
ft_sal_002339,ft_evt_0047,Felipe Cifuentes,felipecifuentes774@yahoo.com,315 462 1136,2,180000,WEB,2026-07-04 06:30:00
ft_sal_002340,ft_evt_0047,S. Valencia,sara.valencia@gmail.com,(+57) 309-491-4746,4,176000,WEB,2026-07-08 10:30:00
ft_sal_002341,ft_evt_0047,Paula Hernández,paula.hernandez85@gmail.com,,4,0,WEB,2026-07-08 02:30:00
ft_sal_002342,ft_evt_0047,Tatiana Suárez,tatianasuarez880@hotmail.com,+57 323 5823053,1,151000,WEB,2026-07-09 11:30:00
ft_sal_002343,ft_evt_0047,Cárdenas Ricardo,RICARDO.CARDENAS@GMAIL.COM,3088332485,4,176000,ADMIN,2026-06-30 18:30:00
ft_sal_002344,ft_evt_0047,Ricardo Cifuentes,ricardocifuentes235@gmail.com,3061987061,1,41000,WEB,2026-07-09 12:30:00
ft_sal_002345,ft_evt_0047,esteban vargas,esteban.vargas60@gmial.com,301 806 5782,2,202000,WEB,2026-07-12 07:30:00
ft_sal_002346,ft_evt_0047,Carolina Guerrero,carolina.guerrero42@outlook.com,+57 326 7935117,1,55000,ADMIN,2026-07-05 04:30:00
ft_sal_002347,ft_evt_0047,RICARDO MEJÍA,ricardomejia553@gmail.com,(+57) 308-307-0544,1,139000,WEB,2026-07-12 09:30:00
ft_sal_002348,ft_evt_0047,Óscar Castro,oscar.castro55@hotmail.com,3197817012,2,0,BOX_OFFICE,2026-07-14 05:30:00
ft_sal_002349,ft_evt_0047,C. Ortiz,cristian.ortiz85+boletas@yahoo.com,(+57) 301-751-6413,2,88000,WEB,2026-07-12 04:30:00
ft_sal_002350,ft_evt_0047,Fabián Valencia,fabian.valencia@proton.me,+57 313 5749184,2,176000,BOX_OFFICE,2026-07-14 03:30:00
ft_sal_002351,ft_evt_0047,Natalia Zapata,nataliazapata957@gmail.com,(+57) 308-712-4215,1,59000,RRPP,2026-07-06 11:30:00
ft_sal_002352,ft_evt_0047,Isabella Suárez,isabellasuarez830@gmail.com,317 918 3263,2,292000,WEB,2026-06-29 02:30:00
ft_sal_002353,ft_evt_0047,Valentina Mejía,valentinamejia670@outlook.com,(+57) 301-154-3306,1,64000,WEB,2026-07-09 08:30:00
ft_sal_002354,ft_evt_0047,Carlos Ospina,carlosospina699@gmail.com,308 132 7178,1,40000,WEB,2026-06-30 06:30:00
ft_sal_002355,ft_evt_0047,Isabella Suárez,isabellasuarez422@gmail.com,+57 326 7582808,3,132000,WEB,2026-06-22 03:30:00
ft_sal_002356,ft_evt_0047,Camila González,camila.gonzalez19@gmial.com,3264070912,2,116000,WEB,2026-07-10 14:30:00
ft_sal_002357,ft_evt_0047,sebastián gonzález,sebastiangonzalez738@gmail.com,,1,60000,WEB,2026-07-04 01:30:00
ft_sal_002358,ft_evt_0047,Mariana Bermúdez,marianabermudez641@gmail.com,+57 307 2792952,6,270000,WEB,2026-07-01 12:30:00
ft_sal_002359,ft_evt_0047,Tatiana Rodríguez,tatiana.rodriguez201@gmail.com,+57 310 4499475,1,50000,WEB,2026-07-01 10:30:00
ft_sal_002360,ft_evt_0047,Tatiana Rojas,tatiana.rojas874@gmail.com,,2,116000,WEB,2026-07-03 05:30:00
ft_sal_002361,ft_evt_0047,Oscar Arango,oscar.arango812@gmail.com,+57 309 0775875,1,48000,BOX_OFFICE,2026-07-14 04:30:00
ft_sal_002362,ft_evt_0047,Julián Betancur López,julian.betancur564+boletas@hotmail.com,326 854 2743,1,46000,WEB,2026-07-06 10:30:00
ft_sal_002363,ft_evt_0047,Ximena Arango,ximenaarango972@gmail.com,+57 329 9530836,2,206000,WEB,2026-07-06 04:30:00
ft_sal_002364,ft_evt_0047,Andrea Hernández,andrea.hernandez74@gmial.com,,1,56000,BOX_OFFICE,2026-07-14 09:30:00
ft_sal_002365,ft_evt_0047,Cristian Bermúdez,cristianbermudez48@gmail.com,,2,200000,WEB,2026-07-08 02:30:00
ft_sal_002366,ft_evt_0047,Ricardo Quintero,ricardoquintero84@gmail.com,573090736206,2,186000,WEB,2026-06-26 23:30:00
ft_sal_002367,ft_evt_0047,David Ramírez,david.ramirez37@icloud.com,573039148212,4,188000,WEB,2026-06-29 07:30:00
ft_sal_002368,ft_evt_0047,Mateo Céspedes Céspedes,mateocespedes391@gmail.com,(+57) 317-697-8055,1,46000,ADMIN,2026-07-04 08:30:00
ft_sal_002369,ft_evt_0047,Catalina González,catalinagonzalez389@gmail.com,+57 315 3804791,2,190000,BOX_OFFICE,2026-07-14 10:30:00
ft_sal_002370,ft_evt_0047,Camilo Cárdenas,camilo.cardenas@outlok.com,(+57) 327-354-8966,1,45000,WEB,2026-07-11 08:30:00
ft_sal_002371,ft_evt_0047,Valentina Muñoz,valentina.munoz3@gmail.com,(+57) 325-974-7179,1,45000,WEB,2026-07-01 06:30:00
ft_sal_002372,ft_evt_0047,Esteban Martínez,estebanmartinez238@yahoo.com,304 103 8292,1,61000,WEB,2026-07-02 01:30:00
ft_sal_002373,ft_evt_0047,V. Salazar,valentinasalazar904@gmail.com,573298737484,1,54000,WEB,2026-07-06 02:30:00
ft_sal_002374,ft_evt_0047,Carlos González,carlosgonzalez70@gmail.com,,2,258000,WEB,2026-06-29 18:30:00
ft_sal_002375,ft_evt_0047,Natalia Ospina,natalia.ospina63@gmail.com,3068170336,1,96000,WEB,2026-07-07 15:30:00
ft_sal_002376,ft_evt_0047,MIGUEL MEJÍA,miguel.mejia86@icloud.com,+57 311 7866578,1,127000,WEB,2026-06-23 02:30:00
ft_sal_002377,ft_evt_0047,Catalina Bermúdez,catalinabermudez854@outlook.com,+57 323 9940935,4,392000,WEB,2026-07-09 01:30:00
ft_sal_002378,ft_evt_0047,D. Jiménez,DIEGO.JIMENEZ98@GMAIL.COM,3184931744,2,122000,BOX_OFFICE,2026-07-13 23:30:00
ft_sal_002379,ft_evt_0047,Tatiana Peña,tatianapena601@gmail.com,573177457437,1,59000,WEB,2026-07-03 19:30:00
ft_sal_002380,ft_evt_0047,Mariana Ortiz,marianaortiz246@gmail.com,573046705725,1,40000,WEB,2026-07-05 06:30:00
ft_sal_002381,ft_evt_0047,LUISA BERMÚDEZ,luisabermudez899@gmail.com,573230145159,1,93000,WEB,2026-07-11 17:30:00
ft_sal_002382,ft_evt_0047,Suárez Alejandra,alejandra.suarez4@gmail.com,+57 323 7595508,1,64000,WEB,2026-06-29 13:30:00
ft_sal_002383,ft_evt_0047,Valentina Vargas,valentina.vargas@hotmail.com,3258352390,1,0,WEB,2026-07-10 14:30:00
ft_sal_002384,ft_evt_0047,Muñoz Natalia,nataliamunoz764@gmail.com,+57 311 8304219,4,184000,WEB,2026-06-29 03:30:00
ft_sal_002385,ft_evt_0047,David Bermúdez,davidbermudez892@gmail.com,,1,156000,WEB,2026-07-08 07:30:00
ft_sal_002386,ft_evt_0047,Laura González,lauragonzalez13@gmail.com,328 869 7681,2,122000,WEB,2026-06-29 05:30:00
ft_sal_002387,ft_evt_0047,Catalina Rojas,catalinarojas694@gmail.com,3252178586,1,41000,BOX_OFFICE,2026-07-14 07:30:00
ft_sal_002388,ft_evt_0047,Valentina Bermudez,valentinabermudez529@yahoo.com,+57 305 1964240,2,80000,WEB,2026-07-10 13:30:00
ft_sal_002389,ft_evt_0047,Diego Zapata Hernández,diegozapata492@gmail.com,307 562 1594,1,44000,BOX_OFFICE,2026-07-14 08:30:00
ft_sal_002390,ft_evt_0047,SANTIAGO ZAPATA,santiago.zapata7@gmail.com,573058553782,2,134000,ADMIN,2026-07-03 14:30:00
ft_sal_002391,ft_evt_0047,Carolina Martinez,carolinamartinez775@gmail.com,,1,0,WEB,2026-07-09 16:30:00
ft_sal_002392,ft_evt_0047,Santiago Muñoz,santiago.munoz@gmail.com,3016522481,3,264000,WEB,2026-07-03 23:30:00
ft_sal_002393,ft_evt_0047,Daniela González,sebastian.vargas90@hotmail.com,309 042 7594,1,41000,WEB,2026-06-29 04:30:00
ft_sal_002394,ft_evt_0047,LUISA ROJAS,luisa.rojas68@gmail.com,(+57) 327-851-5135,2,122000,WEB,2026-07-03 03:30:00
ft_sal_002395,ft_evt_0047,Tatiana López,TATIANA.LOPEZ@GMAIL.COM,(+57) 310-916-5309,1,102000,WEB,2026-07-09 18:30:00
ft_sal_002396,ft_evt_0047,Isabella López,isabellalopez789@outlook.com,(+57) 325-716-2388,1,92000,WEB,2026-07-10 19:30:00
ft_sal_002397,ft_evt_0047,Martínez Juliana,julianamartinez375@hotmail.com,3212798755,1,99000,WEB,2026-07-03 13:30:00
ft_sal_002398,ft_evt_0047,Ximena Céspedes,ximenacespedes919@yahoo.com,+57 304 9542781,3,195000,WEB,2026-07-02 05:30:00
ft_sal_002399,ft_evt_0047,Hernández Ricardo,ricardohernandez992@gmail.com,314 050 0229,3,0,WEB,2026-07-07 18:30:00
ft_sal_002400,ft_evt_0047,Julian Pena,julian.pena@icloud.com,304 880 3366,1,62000,WEB,2026-06-30 08:30:00
ft_sal_002401,ft_evt_0047,María Hernández,mariahernandez690@gmail.com,,3,147000,WEB,2026-07-08 00:30:00
ft_sal_002402,ft_evt_0047,Luisa Salazar Ortiz,luisa.salzar@gmail.com,325 175 9840,1,0,WEB,2026-07-11 13:30:00
ft_sal_002403,ft_evt_0047,María Valencia,maria.valencia76@gmail.com,(+57) 300-693-4952,1,132000,BOX_OFFICE,2026-07-14 19:30:00
ft_sal_002404,ft_evt_0047,Alejandra Martínez,alejandra.martinez@hotmail.com,(+57) 326-448-5868,1,56000,BOX_OFFICE,2026-07-14 03:30:00
ft_sal_002405,ft_evt_0047,Alejandra Zapata Moreno,alejandrazapata354@hotmail.com,3191035955,3,426000,BOX_OFFICE,2026-07-14 16:30:00
ft_sal_002406,ft_evt_0047,Diana Gómez,diana.gomez+compras@gmail.com,(+57) 328-319-0922,1,56000,WEB,2026-07-03 09:30:00
ft_sal_002407,ft_evt_0047,Fabián Cifuentes,fabiancifuentes63@gmail.com,573292320343,2,126000,BOX_OFFICE,2026-07-13 23:30:00
ft_sal_002408,ft_evt_0047,M. González,mateo.gonzalez@gmail.com,(+57) 301-859-0010,1,59000,WEB,2026-06-24 17:30:00
ft_sal_002409,ft_evt_0047,Cristian González,cristian.gonzalez151@gmail.com,3007531495,1,57000,WEB,2026-07-05 16:30:00
ft_sal_002410,ft_evt_0047,Alejandro Cifuentes,alejandro.cifuentes@hotmial.com,300 868 6784,2,116000,WEB,2026-07-01 10:30:00
ft_sal_002411,ft_evt_0047,Natalia Hernández,nataliahernandez342@gmail.com,319 779 4912,4,356000,WEB,2026-06-29 11:30:00
ft_sal_002412,ft_evt_0047,Carlos Ortiz,carlos.ortiz81@gmail.com,(+57) 325-328-2968,2,290000,WEB,2026-07-08 05:30:00
ft_sal_002413,ft_evt_0047,Isabella Castro,isabellacastro957@gmail.com,573085242605,1,46000,WEB,2026-07-11 11:30:00
ft_sal_002414,ft_evt_0047,Juan Martínez,juanmartinez807@gmail.com,+57 300 2585217,1,55000,WEB,2026-06-25 02:30:00
ft_sal_002415,ft_evt_0047,Diego Hernández López,diegohernandez586@gmail.com,+57 301 4602599,3,303000,WEB,2026-07-02 05:30:00
ft_sal_002416,ft_evt_0047,Sara Ramírez,luisa.gonzalez57@gmail.com,573088976455,2,116000,WEB,2026-07-11 15:30:00
ft_sal_002417,ft_evt_0047,Nicolás Valencia Muñoz,nicolasvalencia352@hotmail.com,,1,140000,WEB,2026-06-29 05:30:00
ft_sal_002418,ft_evt_0047,CRISTIAN ARANGO,cristianarango892@gmail.com,3016333416,1,60000,BOX_OFFICE,2026-07-14 03:30:00
ft_sal_002419,ft_evt_0047,Oscar Castro,oscarcastro976@hotmail.com,305 918 6770,1,97000,WEB,2026-07-05 05:30:00
ft_sal_002420,ft_evt_0047,Diana Ospina,diana.ospina183@gmail.com,573189562158,1,0,WEB,2026-06-27 16:30:00
ft_sal_002421,ft_evt_0047,Sara Rodríguez,sararodriguez842@gmail.com,573121116263,1,0,WEB,2026-07-08 15:30:00
ft_sal_002422,ft_evt_0011,Óscar Muñoz,oscarmunoz28@gmail.com,(+57) 319-185-0792,2,196000,WEB,2026-07-09 04:00:00
ft_sal_002423,ft_evt_0011,Isabella Guerrero,isabellaguerrero431@gmail.com,+57 326 9430281,1,65000,WEB,2026-07-04 11:00:00
ft_sal_002424,ft_evt_0011,Isabella González Arango,isabellagonzalez274@gmail.com,+57 327 4205034,2,96000,WEB,2026-07-07 01:00:00
ft_sal_002425,ft_evt_0011,Diego Céspedes Jiménez,diego.cespedes@gmail.com,573097832454,1,0,WEB,2026-07-08 00:00:00
ft_sal_002426,ft_evt_0011,Diana Cárdenas,dian.cardenas92@gmail.com,(+57) 314-306-3717,2,82000,WEB,2026-07-08 11:00:00
ft_sal_002427,ft_evt_0011,Catalina González,catalinagonzalez473@outlook.com,,2,84000,WEB,2026-06-29 10:00:00
ft_sal_002428,ft_evt_0011,Mateo Céspedes,mateocespedes652@gmail.com,3108834795,2,124000,WEB,2026-07-07 07:00:00
ft_sal_002429,ft_evt_0011,carlos salazar,carlos.salazar61@hotmail.com,573160559571,3,177000,WEB,2026-07-03 16:00:00
ft_sal_002430,ft_evt_0011,Miguel Vargas,felipe.vargas866@gmail.com,(+57) 313-935-0345,1,59000,RRPP,2026-06-28 08:00:00
ft_sal_002431,ft_evt_0011,Mateo Vargas,mateo.vargas18@hotmail.com,(+57) 315-188-1089,2,276000,WEB,2026-07-12 08:00:00
ft_sal_002432,ft_evt_0011,Esteban Salazar,esteban.salazar22+compras@gmail.com,+57 310 0342339,1,134000,WEB,2026-06-25 03:00:00
ft_sal_002433,ft_evt_0011,María Rojas,maria.rojas447@gmial.com,573186748763,1,59000,WEB,2026-07-06 17:00:00
ft_sal_002434,ft_evt_0011,Daniela Arango,danielaarango774@gmail.com,+57 310 5463992,1,134000,WEB,2026-07-04 07:00:00
ft_sal_002435,ft_evt_0011,Diana Céspedes,dianacespedes331@gmail.com,573143367212,4,584000,WEB,2026-07-05 20:00:00
ft_sal_002436,ft_evt_0011,Paula Suárez,paula.suarez13@gmail.com,,1,148000,WEB,2026-06-22 13:00:00
ft_sal_002437,ft_evt_0011,Esteban Quintero,esteban.quintero78@gmial.com,573109224680,4,256000,WEB,2026-07-01 08:00:00
ft_sal_002438,ft_evt_0011,Andrea Guerrero,andreaguerrero144@gmail.com,,4,176000,BOX_OFFICE,2026-07-14 06:00:00
ft_sal_002439,ft_evt_0011,Diego Castro,diego.castro@outlook.com,3171859328,1,42000,WEB,2026-07-02 20:00:00
ft_sal_002440,ft_evt_0011,Camila Peña,camila.pena@outlook.com,324 642 9219,4,0,WEB,2026-07-03 07:00:00
ft_sal_002441,ft_evt_0011,L. Ospina,luisa.ospina548+spam@gmail.com,+57 323 2753463,1,146000,BOX_OFFICE,2026-07-14 12:00:00
ft_sal_002442,ft_evt_0011,Andrea Gómez,andreagomez13@gmail.com,3139189649,1,62000,WEB,2026-07-03 00:00:00
ft_sal_002443,ft_evt_0011,Valentina Gomez,valentinagomez860@gmail.com,+57 308 5703693,1,43000,WEB,2026-06-30 05:00:00
ft_sal_002444,ft_evt_0011,Manuela Cifuentes,manuela.cifuentes77@gmail.com,316 516 7248,2,130000,WEB,2026-07-05 05:00:00
ft_sal_002445,ft_evt_0011,Camila Ramírez,camila.ramirez@gmail.com,304 264 8258,2,300000,WEB,2026-07-06 12:00:00
ft_sal_002446,ft_evt_0011,Óscar Vargas,oscarvargas715@gmail.com,+57 317 4877680,1,97000,WEB,2026-07-11 06:00:00
ft_sal_002447,ft_evt_0011,L. López,luisa.lopez38@gmail.com,,1,58000,WEB,2026-07-10 09:00:00
ft_sal_002448,ft_evt_0011,Carolina Muñoz,carolinamunoz333@gmail.com,573230133779,2,196000,WEB,2026-07-03 08:00:00
ft_sal_002449,ft_evt_0011,Felipe Ospina,felipeospina876@gmail.com,,3,177000,BOX_OFFICE,2026-07-14 06:00:00
ft_sal_002450,ft_evt_0011,Daniel Valencia,dniel.valencia@gmail.com,3265640894,2,120000,WEB,2026-07-05 15:00:00
ft_sal_002451,ft_evt_0011,Zapata Sebastián,SEBASTIAN.ZAPATA98@HOTMAIL.COM,+57 305 4081730,1,57000,WEB,2026-06-24 11:00:00
ft_sal_002452,ft_evt_0011,CARLOS GÓMEZ,carlosgomez973@gmail.com,3279848835,1,87000,ADMIN,2026-06-30 11:00:00
ft_sal_002453,ft_evt_0011,D. González,danielagonzalez928@hotmail.com,+57 309 4405275,3,135000,WEB,2026-06-21 12:00:00
ft_sal_002454,ft_evt_0011,Miguel Guerrero,miguelguerrero863@gmail.com,(+57) 310-311-4948,1,0,WEB,2026-07-08 19:00:00
ft_sal_002455,ft_evt_0011,Andrés Betancur,andres.betancur25+spam@gmail.com,3131438560,2,206000,WEB,2026-07-10 06:00:00
ft_sal_002456,ft_evt_0011,Suárez Andrea,andreasuarez983@gmail.com,3156487851,2,198000,WEB,2026-07-05 09:00:00
ft_sal_002457,ft_evt_0011,Andrea Zapata Guerrero,andreazapata871@gmail.com,573229855356,1,47000,WEB,2026-07-07 07:00:00
ft_sal_002458,ft_evt_0011,Ramírez Luisa,luisa.ramirez594@gmail.com,(+57) 328-411-9735,2,90000,WEB,2026-07-10 17:00:00
ft_sal_002459,ft_evt_0011,Ó. Peña,oscar.pena@gmail.com,318 986 2079,1,65000,WEB,2026-07-02 15:00:00
ft_sal_002460,ft_evt_0011,Óscar Valencia,oscarvalencia781@yahoo.com,,1,91000,ADMIN,2026-06-25 00:00:00
ft_sal_002461,ft_evt_0011,Diego Ospina,diego.ospina82@outlook.com,3160171317,2,184000,ADMIN,2026-07-06 03:00:00
ft_sal_002462,ft_evt_0011,Tatiana Valencia,tatiana.valencia@outlook.com,(+57) 326-745-9492,1,134000,WEB,2026-07-08 18:00:00
ft_sal_002463,ft_evt_0011,SANTIAGO VARGAS,valentina.suarez84@gmail.com,+57 310 7585126,2,0,WEB,2026-07-08 11:00:00
ft_sal_002464,ft_evt_0011,Carolina Castro Quintero,CAROLINA.CASTRO@HOTMAIL.COM,573269933982,1,144000,WEB,2026-07-07 02:00:00
ft_sal_002465,ft_evt_0011,carlos salazar,carlossalazar539@gmail.com,(+57) 304-201-2210,2,190000,WEB,2026-06-29 10:00:00
ft_sal_002466,ft_evt_0011,Fabián Arango,fabianarango739@gmail.com,+57 313 1420563,2,136000,WEB,2026-07-10 04:00:00
ft_sal_002467,ft_evt_0011,David Martínez,david.martinez79@outlook.com,319 337 3918,4,164000,WEB,2026-06-25 00:00:00
ft_sal_002468,ft_evt_0011,cristian rojas,cristianrojas489@proton.me,+57 317 5274800,1,57000,WEB,2026-06-29 11:00:00
ft_sal_002469,ft_evt_0011,Daniela Gómez,daniela.gomez@hotmial.com,573050689714,1,94000,WEB,2026-07-03 15:00:00
ft_sal_002470,ft_evt_0011,Daniela Restrepo,daniela.restrepo189@gmail.com,3181673768,1,95000,WEB,2026-06-25 10:00:00
ft_sal_002471,ft_evt_0011,Paula Muñoz,pula.munoz@gmail.com,+57 319 8905786,2,84000,BOX_OFFICE,2026-07-14 10:00:00
ft_sal_002472,ft_evt_0011,Mateo Betancur,mateobetancur785@proton.me,573192218183,1,92000,BOX_OFFICE,2026-07-14 04:00:00
ft_sal_002473,ft_evt_0011,S. Rojas,sebastian.rojas@gmail.com,3000981867,1,58000,WEB,2026-06-29 01:00:00
ft_sal_002474,ft_evt_0011,Sebastián López,sebastianlopez3@outlook.com,(+57) 307-904-9220,2,88000,WEB,2026-07-10 07:00:00
ft_sal_002475,ft_evt_0011,Mateo Quintero,mateo.quintero77@icloud.com,(+57) 310-556-0325,1,61000,WEB,2026-06-29 05:00:00
ft_sal_002476,ft_evt_0011,Luisa Vargas,luisa.vargas93@gmail.com,573231966254,4,156000,WEB,2026-06-30 13:00:00
ft_sal_002477,ft_evt_0011,ximena gonzález,ximena.gonzalez@gmail.com,318 517 9868,2,132000,WEB,2026-07-03 10:00:00
ft_sal_002478,ft_evt_0011,Natalia Bermúdez,natalia.bermudez33@proton.me,+57 310 3427996,1,63000,BOX_OFFICE,2026-07-14 05:00:00
ft_sal_002479,ft_evt_0011,Santiago Moreno,santiagomoreno577@hotmail.com,(+57) 300-607-2271,1,46000,WEB,2026-07-01 09:00:00
ft_sal_002480,ft_evt_0011,MANUELA CÉSPEDES,manuelacespedes447@gmail.com,+57 321 5763649,1,0,WEB,2026-06-27 15:00:00
ft_sal_002481,ft_evt_0011,Diana Ospina,diaa.ospina71@gmail.com,(+57) 303-504-8913,1,61000,WEB,2026-07-03 15:00:00
ft_sal_002482,ft_evt_0011,C. Hernández,cristian.hernandez37@icloud.com,573126143356,1,56000,WEB,2026-07-01 17:00:00
ft_sal_002483,ft_evt_0011,SEBASTIÁN GUERRERO,sebastianguerrero530@gmail.com,(+57) 310-963-3288,2,124000,WEB,2026-07-03 19:00:00
ft_sal_002484,ft_evt_0011,Rodríguez Sebastián,sebstian.rodriguez@outlook.com,(+57) 320-753-8415,2,290000,WEB,2026-07-06 19:00:00
ft_sal_002485,ft_evt_0011,Alejandra Hernández Rojas,alejandra.hernandez@gmail.com,,2,276000,WEB,2026-06-30 06:00:00
ft_sal_002486,ft_evt_0011,Tatiana Restrepo,tatianarestrepo713@hotmail.com,(+57) 312-250-2056,1,141000,BOX_OFFICE,2026-07-14 13:00:00
ft_sal_002487,ft_evt_0011,Cristian Mejia,cristian.mejia204@gmail.com,3065142691,1,95000,BOX_OFFICE,2026-07-14 16:00:00
ft_sal_002488,ft_evt_0011,DANIELA GONZÁLEZ,danielagonzalez241@outlook.com,325 784 9567,3,282000,BOX_OFFICE,2026-07-14 00:00:00
ft_sal_002489,ft_evt_0011,Santiago Hernandez,santiago.hernandez637@gmail.com,(+57) 312-806-8642,4,248000,WEB,2026-07-10 06:00:00
ft_sal_002490,ft_evt_0011,Tatiana López,tatianalopez689@yahoo.com,310 418 3405,6,624000,WEB,2026-07-01 18:00:00
ft_sal_002491,ft_evt_0011,David Ortiz,david.ortiz718@gmail.com,3206868775,2,92000,WEB,2026-07-04 10:00:00
ft_sal_002492,ft_evt_0011,David Moreno,davidmoreno410@gmail.com,(+57) 304-399-7074,2,88000,ADMIN,2026-06-30 13:00:00
ft_sal_002493,ft_evt_0011,Juan Cárdenas Gómez,juancardenas447@outlook.com,573176008873,2,84000,WEB,2026-07-03 11:00:00
ft_sal_002494,ft_evt_0011,Catalina Guerrero Muñoz,catalina.guerrero28@gmial.com,573128763023,6,264000,WEB,2026-06-29 15:00:00
ft_sal_002495,ft_evt_0011,Guerrero Miguel,miguelguerrero658@outlook.com,(+57) 314-103-9749,2,126000,WEB,2026-07-09 09:00:00
ft_sal_002496,ft_evt_0011,Catalina Moreno,catalinamoreno559@outlook.com,(+57) 324-547-1319,1,58000,WEB,2026-07-04 10:00:00
ft_sal_002497,ft_evt_0011,isabella vargas,isabellavargas510@yahoo.com,(+57) 319-555-2808,1,145000,WEB,2026-07-06 03:00:00
ft_sal_002498,ft_evt_0029,Esteban Guerrero,esteban.guerrero843@gmial.com,+57 324 6457407,1,45000,WEB,2026-07-06 00:30:00
ft_sal_002499,ft_evt_0029,Julián Bermúdez,julianbermudez566@gmail.com,+57 316 0039923,1,45000,WEB,2026-06-26 01:30:00
ft_sal_002500,ft_evt_0029,Felipe Mejía,felipe.mejia515@gmail.com,3126482550,1,44000,WEB,2026-06-29 10:30:00
ft_sal_002501,ft_evt_0029,Tatiana Cifuentes,tatiana.cifuntes5@proton.me,+57 329 8819362,1,138000,WEB,2026-07-01 18:30:00
ft_sal_002502,ft_evt_0029,paula bermúdez,paula.bermude875@gmail.com,320 388 7661,1,56000,WEB,2026-07-04 07:30:00
ft_sal_002503,ft_evt_0029,Andrés Quintero,andres.quintero@yahoo.com,3266115885,1,96000,WEB,2026-07-05 17:30:00
ft_sal_002504,ft_evt_0029,Óscar Hernández,oscar.ernandez868@gmail.com,304 535 0867,2,122000,WEB,2026-07-09 11:30:00
ft_sal_002505,ft_evt_0029,Sara Ortiz,sara.ortiz55@gmail.com,+57 307 5381291,1,142000,WEB,2026-07-05 16:30:00
ft_sal_002506,ft_evt_0029,Paula Moreno,paula.moreno8@gmail.com,(+57) 311-949-3938,2,116000,WEB,2026-06-29 08:30:00
ft_sal_002507,ft_evt_0029,Camilo Moreno,camilo.moreno879@gmial.com,+57 303 8634152,2,92000,WEB,2026-07-05 03:30:00
ft_sal_002508,ft_evt_0029,Martínez Mateo,mateo.martinez275@gmail.com,3060689059,3,171000,BOX_OFFICE,2026-07-15 20:30:00
ft_sal_002509,ft_evt_0029,CAROLINA QUINTERO,carolina.quintero83@gmail.com,+57 326 6179773,3,201000,WEB,2026-06-29 05:30:00
ft_sal_002510,ft_evt_0029,Sebastian Salazar,sebastiansalazar459@hotmail.com,,3,123000,WEB,2026-07-09 00:30:00
ft_sal_002511,ft_evt_0029,Laura Céspedes,laura.cespedes36+spam@hotmail.com,3063281230,1,138000,WEB,2026-07-08 13:30:00
ft_sal_002512,ft_evt_0029,Diego Jimenez,diego.jimenez+spam@hotmail.com,(+57) 304-426-6128,3,294000,WEB,2026-07-05 00:30:00
ft_sal_002513,ft_evt_0029,Fabián Vargas,FABIAN.VARGAS@HOTMAIL.COM,307 728 8534,1,45000,ADMIN,2026-07-06 11:30:00
ft_sal_002514,ft_evt_0029,Óscar Salazar,oscar.salazar584@gmail.com,573007119990,2,172000,WEB,2026-07-10 05:30:00
ft_sal_002515,ft_evt_0029,Cristian Salazar,natalia.lopez@proton.me,,1,100000,WEB,2026-07-06 11:30:00
ft_sal_002516,ft_evt_0029,David Zapata Quintero,david.zapata327+spam@gmail.com,311 803 8106,2,0,WEB,2026-07-06 12:30:00
ft_sal_002517,ft_evt_0029,Diana Mejía,diana.mejia30@gmail.com,327 636 5243,1,97000,WEB,2026-07-04 09:30:00
ft_sal_002518,ft_evt_0029,laura cifuentes,laura.cifuentes898@gmail.com,573135317032,1,42000,WEB,2026-07-05 13:30:00
ft_sal_002519,ft_evt_0029,Juliana Rojas,julina.rojas95@gmail.com,(+57) 325-373-8225,1,101000,WEB,2026-07-07 03:30:00
ft_sal_002520,ft_evt_0029,Santiago Martínez,santiago.martinez351@gmail.com,3160305650,2,182000,ADMIN,2026-07-10 12:30:00
ft_sal_002521,ft_evt_0029,Camila Hernandez,ricardo.gomez186@gmail.com,(+57) 321-779-0407,2,96000,WEB,2026-07-02 09:30:00
ft_sal_002522,ft_evt_0029,juliana gonzález,juiana.gonzalez226@gmail.com,573080997355,1,43000,WEB,2026-07-12 13:30:00
ft_sal_002523,ft_evt_0029,Luisa González,luisagonzalez875@gmail.com,+57 329 9483628,2,192000,WEB,2026-07-04 04:30:00
ft_sal_002524,ft_evt_0029,Alejandra Ospina,alejandraospina113@hotmail.com,3123962317,1,57000,BOX_OFFICE,2026-07-15 05:30:00
ft_sal_002525,ft_evt_0029,María Martínez,maria.martinez0@gmail.com,(+57) 307-361-7449,1,87000,ADMIN,2026-07-01 17:30:00
ft_sal_002526,ft_evt_0029,Diego Muñoz,diego.munoz8@icloud.com,+57 315 1821100,2,292000,WEB,2026-06-28 01:30:00
ft_sal_002527,ft_evt_0029,C. González,camilagonzalez509@outlook.com,,1,135000,WEB,2026-07-04 09:30:00
ft_sal_002528,ft_evt_0029,Tatiana Moreno González,tatiana.moreno871@gmail.com,3295266717,1,0,WEB,2026-07-10 11:30:00
ft_sal_002529,ft_evt_0029,Diego Moreno,diego.moreno@gmail.com,,2,84000,WEB,2026-07-07 09:30:00
ft_sal_002530,ft_evt_0029,Camila Bermúdez,camila.bermudez@gmail.com,,4,400000,ADMIN,2026-07-12 02:30:00
ft_sal_002531,ft_evt_0029,Alejandro Hernandez,alejandro.hernandez@outlook.com,3272122438,6,0,WEB,2026-07-05 07:30:00
ft_sal_002532,ft_evt_0029,Julián López,julian.lopez97@hotmail.com,+57 323 8020897,1,45000,RRPP,2026-06-28 19:30:00
ft_sal_002533,ft_evt_0029,David Ospina,david.ospina2@gmail.com,325 519 6287,1,48000,WEB,2026-07-04 17:30:00
ft_sal_002534,ft_evt_0029,Óscar Guerrero,oscar.guerrero83@gmail.com,(+57) 305-099-0162,1,65000,WEB,2026-07-06 10:30:00
ft_sal_002535,ft_evt_0029,natalia salazar,nicolas.suarez9@outlook.com,321 857 2942,1,0,WEB,2026-07-10 00:30:00
ft_sal_002536,ft_evt_0029,Nicolás Quintero,nicolas.quintero595+eventos@gmail.com,307 963 8860,1,45000,BOX_OFFICE,2026-07-15 06:30:00
ft_sal_002537,ft_evt_0029,Paula Quintero,paula.quintero979@gmail.com,+57 319 3633298,2,254000,WEB,2026-07-09 17:30:00
ft_sal_002538,ft_evt_0029,Fabián Arango,fabian.arango393@gmail.com,(+57) 311-238-4010,2,88000,WEB,2026-07-03 04:30:00
ft_sal_002539,ft_evt_0029,SEBASTIÁN RESTREPO,sebastian.restrepo46@hotmail.com,311 132 3280,1,45000,WEB,2026-07-06 00:30:00
ft_sal_002540,ft_evt_0029,laura martínez,laura.marinez848@gmail.com,573208243609,2,192000,WEB,2026-07-06 20:30:00
ft_sal_002541,ft_evt_0029,VALENTINA ORTIZ,valentinaortiz926@gmail.com,+57 325 7264872,3,141000,WEB,2026-07-08 07:30:00
ft_sal_002542,ft_evt_0029,daniela quintero,danielaquintero923@gmail.com,(+57) 303-963-1686,1,92000,WEB,2026-07-14 10:30:00
ft_sal_002543,ft_evt_0029,Laura Hernández,laura.hernandez551+compras@gmail.com,324 865 7310,1,57000,WEB,2026-07-02 18:30:00
ft_sal_002544,ft_evt_0029,valentina jiménez,valentina.jimenez86@gmail.com,3122388061,1,138000,WEB,2026-07-07 17:30:00
ft_sal_002545,ft_evt_0029,LUISA GUERRERO,luisa.guerrero53+boletas@gmail.com,310 961 7790,2,208000,WEB,2026-07-11 20:30:00
ft_sal_002546,ft_evt_0029,Mariana Rojas,mariana.rojas@hotmail.com,328 804 5883,1,0,WEB,2026-07-03 00:30:00
ft_sal_002547,ft_evt_0029,Alejandra Céspedes,alejandra.cespedes265@hotmail.com,3048679895,3,126000,WEB,2026-07-04 12:30:00
ft_sal_002548,ft_evt_0029,Catalina Restrepo,catalinarestrepo109@gmail.com,3018251350,1,48000,BOX_OFFICE,2026-07-15 19:30:00
ft_sal_002549,ft_evt_0029,Miguel Peña,MIGUEL.PENA9@GMAIL.COM,(+57) 309-210-8429,3,180000,WEB,2026-07-11 10:30:00
ft_sal_002550,ft_evt_0029,D. Martínez,daniel.martinez@outlook.com,573104269009,2,186000,WEB,2026-07-13 10:30:00
ft_sal_002551,ft_evt_0029,Andrea Guerrero,andrea.guerrero83@outlook.com,,1,100000,WEB,2026-07-08 19:30:00
ft_sal_002552,ft_evt_0029,Mateo Guerrero,mateo.guerrero60+spam@proton.me,573206106391,1,143000,BOX_OFFICE,2026-07-15 10:30:00
ft_sal_002553,ft_evt_0029,nicolás gómez,nicolas.gomez64@gmail.com,3205515184,2,128000,WEB,2026-06-30 17:30:00
ft_sal_002554,ft_evt_0029,Alejandro Suárez,alejandro.suarez@proton.me,301 194 6230,1,63000,WEB,2026-07-03 12:30:00
ft_sal_002555,ft_evt_0029,Daniel Ospina,DANIEL.OSPINA@GMAIL.COM,573015007294,2,120000,WEB,2026-07-03 08:30:00
ft_sal_002556,ft_evt_0029,daniela zapata,daniela.zapata864@gmail.com,573070122909,1,57000,WEB,2026-07-05 14:30:00
ft_sal_002557,ft_evt_0029,Mariana Jiménez,mariana.jimenez@gmail.com,(+57) 327-541-3967,1,47000,WEB,2026-07-04 19:30:00
ft_sal_002558,ft_evt_0029,Miguel Muñoz,migue.munoz765@gmail.com,+57 310 0762285,2,280000,WEB,2026-07-11 09:30:00
ft_sal_002559,ft_evt_0029,Mateo Vargas,mate.vargas87@gmail.com,(+57) 311-624-7692,1,63000,BOX_OFFICE,2026-07-15 12:30:00
ft_sal_002560,ft_evt_0029,I. González,isabella.gonzalez70@gmail.com,3136824397,2,0,WEB,2026-07-03 15:30:00
ft_sal_002561,ft_evt_0029,Julián Vargas,julian.vargas745+compras@hotmail.com,573222040088,1,94000,WEB,2026-07-09 06:30:00
ft_sal_002562,ft_evt_0029,Catalina Salazar,catalina.salazar635+boletas@gmail.com,3273414217,1,42000,WEB,2026-07-08 05:30:00
ft_sal_002563,ft_evt_0029,Andrés López,andres.lopez8@outlook.com,+57 300 7016039,2,120000,WEB,2026-07-09 15:30:00
ft_sal_002564,ft_evt_0029,David Rodríguez,david.rodriguez7+spam@gmail.com,573066547023,1,93000,WEB,2026-07-03 17:30:00
ft_sal_002565,ft_evt_0029,Miguel Céspedes,miguel.cespedes489@hotmail.com,(+57) 304-027-3108,2,88000,WEB,2026-07-07 09:30:00
ft_sal_002566,ft_evt_0029,Isabella Cifuentes,isabella.cifuents@gmail.com,(+57) 302-750-0305,2,118000,WEB,2026-07-08 20:30:00
ft_sal_002567,ft_evt_0029,Carlos Cárdenas,carlo.cardenas@yahoo.com,+57 310 9046150,1,60000,WEB,2026-07-12 17:30:00
ft_sal_002568,ft_evt_0029,Isabella Ramirez,isabella.ramirez108@gmail.com,313 363 3519,3,120000,WEB,2026-06-29 05:30:00
ft_sal_002569,ft_evt_0029,Andrea Ospina,andreaospina304@gmail.com,313 232 4620,1,61000,WEB,2026-07-04 14:30:00
ft_sal_002570,ft_evt_0029,Fabian Jimenez,fabian.jimenez61@icloud.com,+57 323 0431266,1,57000,WEB,2026-06-25 03:30:00
ft_sal_002571,ft_evt_0029,Paula Valencia,paula.valencia+eventos@gmail.com,3202168671,2,112000,WEB,2026-07-02 13:30:00
ft_sal_002572,ft_evt_0029,David Martínez,david.martinz99@gmail.com,3277745704,1,46000,WEB,2026-07-05 10:30:00
ft_sal_002573,ft_evt_0029,Valentina López,valentina.lopez693@gmial.com,573211659053,1,62000,WEB,2026-07-13 06:30:00
ft_sal_002574,ft_evt_0029,Camila Bermúdez Bermúdez,camila.bermudez@gmail.com,(+57) 302-933-2278,1,40000,BOX_OFFICE,2026-07-15 02:30:00
ft_sal_002575,ft_evt_0029,Quintero Óscar,oscar.quintero438@gmail.com,+57 322 6733323,3,126000,WEB,2026-07-14 08:30:00
ft_sal_002576,ft_evt_0029,santiago rojas,santiagorojas268@gmail.com,326 674 9553,3,285000,ADMIN,2026-07-10 01:30:00
ft_sal_002577,ft_evt_0029,Valentina Zapata,valentina.zapata+spam@hotmail.com,573027808593,2,184000,WEB,2026-07-06 19:30:00
ft_sal_002578,ft_evt_0029,Isabella Zapata,isabellazapata178@hotmail.com,(+57) 327-194-3439,1,43000,WEB,2026-07-10 01:30:00
ft_sal_002579,ft_evt_0029,sara muñoz,sara.munoz93+eventos@gmail.com,3040144068,1,64000,WEB,2026-07-01 18:30:00
ft_sal_002580,ft_evt_0029,Juan Restrepo,juan.restrepo744@gmail.com,573232038500,1,43000,WEB,2026-07-05 05:30:00
ft_sal_002581,ft_evt_0029,Juliana Bermúdez,juliana.bermudez280@gmail.com,328 830 6721,1,92000,WEB,2026-07-12 10:30:00
ft_sal_002582,ft_evt_0029,Fabian Martinez,fabian.martinez68@hotmail.com,,2,88000,WEB,2026-07-09 02:30:00
ft_sal_002583,ft_evt_0029,Felipe Betancur,felipe.betancur27@gmial.com,573235966254,1,95000,WEB,2026-07-01 20:30:00
ft_sal_002584,ft_evt_0029,X. Rojas,mateo.valencia@outlook.com,(+57) 314-605-4547,1,48000,WEB,2026-07-03 15:30:00
ft_sal_002585,ft_evt_0029,Tatiana Rojas,tatiana.rojas677@gmail.com,319 499 7719,3,0,BOX_OFFICE,2026-07-15 02:30:00
ft_sal_002586,ft_evt_0029,julián guerrero,julianguerrero928@gmail.com,3179993807,2,180000,BOX_OFFICE,2026-07-15 13:30:00
ft_sal_002587,ft_evt_0029,Manuela Ospina,manuela.ospina28@gmial.com,3090817521,3,300000,WEB,2026-06-25 20:30:00
ft_sal_002588,ft_evt_0029,Sebastián Mejía Ortiz,sebastian.mejia479@gmail.com,304 447 4139,1,45000,WEB,2026-07-10 19:30:00
ft_sal_002589,ft_evt_0029,Santiago Vargas,santiago.vargas887@gmail.com,310 758 5216,1,96000,WEB,2026-06-28 06:30:00
ft_sal_002590,ft_evt_0029,Ximena Munoz,ximena.munoz@icloud.com,304 883 9054,2,194000,BOX_OFFICE,2026-07-15 06:30:00
ft_sal_002591,ft_evt_0029,Esteban Restrepo,esteban.restrepo67@gmail.com,(+57) 309-056-8396,1,146000,WEB,2026-07-01 07:30:00
ft_sal_002592,ft_evt_0029,Hernández Felipe,sebastian.zapata@hotmail.com,573241856802,1,44000,WEB,2026-07-09 11:30:00
ft_sal_002593,ft_evt_0020,Camilo Rojas Gómez,camilorojas577@gmail.com,3279217832,1,44000,WEB,2026-07-06 20:00:00
ft_sal_002594,ft_evt_0020,Andrés Castro,andrescastro341@outlook.com,(+57) 327-422-5407,1,65000,RRPP,2026-07-10 13:00:00
ft_sal_002595,ft_evt_0020,Mariana Quintero,marianaquintero298@yahoo.com,(+57) 328-382-6012,1,43000,BOX_OFFICE,2026-07-16 20:00:00
ft_sal_002596,ft_evt_0020,David Vargas,david.vargas46@hotmail.com,(+57) 303-398-1156,2,196000,RRPP,2026-07-06 19:00:00
ft_sal_002597,ft_evt_0020,Céspedes Natalia,nataliacespedes911@gmail.com,573042330542,1,152000,WEB,2026-07-08 20:00:00
ft_sal_002598,ft_evt_0020,Óscar Vargas,oscarvargas226@outlook.com,+57 308 2149690,2,94000,WEB,2026-07-11 16:00:00
ft_sal_002599,ft_evt_0020,Mariana Peña Rojas,mariana.pena59@hotmail.com,317 535 4564,1,0,ADMIN,2026-07-02 06:00:00
ft_sal_002600,ft_evt_0020,Sara Cárdenas,saa.cardenas@gmail.com,573216826783,2,96000,WEB,2026-07-02 20:00:00
ft_sal_002601,ft_evt_0020,FABIÁN GONZÁLEZ,fabian.gonzalez@gmail.com,323 970 7263,1,150000,WEB,2026-07-02 07:00:00
ft_sal_002602,ft_evt_0020,Mateo Restrepo,mateo.restrepo245@gmail.com,,1,62000,WEB,2026-07-08 12:00:00
ft_sal_002603,ft_evt_0020,Alejandro Restrepo,alejandrorestrepo@gmail.com,(+57) 328-449-9602,4,0,WEB,2026-07-10 09:00:00
ft_sal_002604,ft_evt_0020,Cristian Rodríguez Mejía,cristian.rodriguez4+compras@hotmail.com,573177724764,2,114000,WEB,2026-07-01 08:00:00
ft_sal_002605,ft_evt_0020,Oscar Lopez,oscar.lopez@yahoo.com,,2,118000,WEB,2026-07-08 14:00:00
ft_sal_002606,ft_evt_0020,Isabella Rodríguez,isabella.rodriguez@yahoo.com,3082356518,1,0,WEB,2026-07-08 11:00:00
ft_sal_002607,ft_evt_0020,juan ortiz,juan.ortiz416@gmail.com,302 447 3594,2,100000,WEB,2026-07-10 12:00:00
ft_sal_002608,ft_evt_0020,Camila Mejía,camila.mejia193@gmail.com,573280701815,1,66000,WEB,2026-07-08 15:00:00
ft_sal_002609,ft_evt_0020,Mateo Arango,mateo.arango@gmail.com,3255625358,1,42000,BOX_OFFICE,2026-07-16 10:00:00
ft_sal_002610,ft_evt_0020,Fabián Vargas,fabianvargas267@gmail.com,320 290 5494,2,194000,WEB,2026-07-13 01:00:00
ft_sal_002611,ft_evt_0020,Carolina Restrepo,carolina.restrepo424@gmail.com,320 313 5440,4,224000,WEB,2026-07-02 03:00:00
ft_sal_002612,ft_evt_0020,Nicolás Valencia,nicolasvalencia229@gmail.com,(+57) 320-549-2111,1,0,WEB,2026-06-28 16:00:00
ft_sal_002613,ft_evt_0020,Juliana Arango,juliana.arango94+eventos@gmail.com,,1,57000,RRPP,2026-07-02 14:00:00
ft_sal_002614,ft_evt_0020,SANTIAGO GÓMEZ,santiago.gomz@gmail.com,+57 323 8164926,2,124000,WEB,2026-07-01 01:00:00
ft_sal_002615,ft_evt_0020,Vargas Andrés,andresvargas177@hotmail.com,+57 318 8494148,1,0,WEB,2026-06-27 20:00:00
ft_sal_002616,ft_evt_0020,Alejandro Bermúdez,alejandro.bermudez24@icloud.com,309 528 5106,1,42000,WEB,2026-07-09 01:00:00
ft_sal_002617,ft_evt_0020,Mateo Rojas,MATEO.ROJAS@YAHOO.COM,(+57) 306-164-7342,1,44000,ADMIN,2026-07-11 04:00:00
ft_sal_002618,ft_evt_0020,Cristian Ospina,cristian.ospina704@gmial.com,+57 304 3648871,4,168000,WEB,2026-07-10 14:00:00
ft_sal_002619,ft_evt_0020,Ximena López,ximenalopez872@hotmail.com,309 231 4522,6,330000,RRPP,2026-07-03 15:00:00
ft_sal_002620,ft_evt_0020,Esteban Ospina,esteban.ospina@yahoo.com,573048819637,1,0,BOX_OFFICE,2026-07-16 20:00:00
ft_sal_002621,ft_evt_0020,Vargas Miguel,miguelvargas135@gmail.com,3079602680,2,96000,BOX_OFFICE,2026-07-16 19:00:00
ft_sal_002622,ft_evt_0020,Sara Guerrero,sara.guerrero@gmail.com,(+57) 324-630-4298,2,84000,WEB,2026-07-01 19:00:00
ft_sal_002623,ft_evt_0020,L. Rodríguez,laura.rodriguez54@proton.me,+57 302 0365898,4,520000,WEB,2026-07-04 10:00:00
ft_sal_002624,ft_evt_0020,Laura González Cárdenas,laura.gonzalez@gmail.com,316 377 8343,3,300000,RRPP,2026-06-29 04:00:00
ft_sal_002625,ft_evt_0020,Catalina Rodríguez,catalinarodriguez180@gmail.com,(+57) 302-063-8759,1,45000,WEB,2026-07-09 12:00:00
ft_sal_002626,ft_evt_0020,Ortiz Daniela,daniela.ortiz74@gmail.com,3261466408,2,130000,WEB,2026-07-08 00:00:00
ft_sal_002627,ft_evt_0020,Paula Hernández,paulahernandez379@gmail.com,305 897 6045,4,184000,WEB,2026-07-12 05:00:00
ft_sal_002628,ft_evt_0020,Santiago Muñoz,santiago.munoz73@outlok.com,+57 309 0418969,1,0,WEB,2026-07-06 18:00:00
ft_sal_002629,ft_evt_0020,Carlos Mejía,carlos.mejia@gmail.com,573129390495,1,47000,WEB,2026-07-13 19:00:00
ft_sal_002630,ft_evt_0020,Alejandra Ospina,alejandra.ospina23+compras@outlook.com,573114557156,1,92000,WEB,2026-07-08 03:00:00
ft_sal_002631,ft_evt_0020,Ramírez Valentina,valentina.ramirez@gmial.com,313 676 8023,2,182000,WEB,2026-07-02 09:00:00
ft_sal_002632,ft_evt_0020,Castro Alejandro,alejndro.castro70@hotmail.com,,6,354000,WEB,2026-07-06 20:00:00
ft_sal_002633,ft_evt_0020,Catalina Restrepo,catalinarestrepo33@gmail.com,573038613026,2,122000,WEB,2026-07-09 17:00:00
ft_sal_002634,ft_evt_0020,Tatiana Salazar,tatiana.salazar@outlook.com,325 440 8302,2,122000,WEB,2026-06-28 04:00:00
ft_sal_002635,ft_evt_0020,González Camilo,camilo.gonzalez+compras@gmail.com,(+57) 329-300-8941,1,64000,WEB,2026-07-05 11:00:00
ft_sal_002636,ft_evt_0020,Tatiana Rodríguez,tatiana.rodriguez@outlook.com,305 396 5556,6,258000,WEB,2026-07-06 10:00:00
ft_sal_002637,ft_evt_0020,Salazar Carolina,carolina.salazar48+compras@hotmail.com,+57 329 7681913,2,92000,BOX_OFFICE,2026-07-16 01:00:00
ft_sal_002638,ft_evt_0020,PAULA ROJAS,paula.rojas76@gmail.com,3242937706,1,61000,WEB,2026-06-28 05:00:00
ft_sal_002639,ft_evt_0020,Alejandro Ortiz,alejandro.ortiz@hotmail.com,3208586811,2,126000,WEB,2026-07-09 13:00:00
ft_sal_002640,ft_evt_0020,RICARDO CÉSPEDES,natalia.valencia1@gmail.com,(+57) 307-908-2327,1,63000,WEB,2026-07-13 16:00:00
ft_sal_002641,ft_evt_0020,Esteban Castro,alejandro.salazar@gmail.com,305 815 1506,1,60000,WEB,2026-06-30 10:00:00
ft_sal_002642,ft_evt_0020,David Céspedes Suárez,davidcespedes921@gmail.com,573206330215,6,372000,WEB,2026-06-30 14:00:00
ft_sal_002643,ft_evt_0020,David Salazar,david.salazar69@icloud.com,573180164550,3,144000,WEB,2026-07-07 19:00:00
ft_sal_002644,ft_evt_0020,María Céspedes,maria.cespedes490@gmail.com,306 628 7258,2,112000,WEB,2026-07-04 15:00:00
ft_sal_002645,ft_evt_0020,Luisa Muñoz,luisamunoz278@outlook.com,573264035688,2,118000,WEB,2026-06-28 07:00:00
ft_sal_002646,ft_evt_0020,maría salazar,maria.salazar189@gmail.com,(+57) 321-267-3050,1,42000,WEB,2026-07-09 07:00:00
ft_sal_002647,ft_evt_0020,Andrea Cárdenas,andrea.cardenas16+spam@gmail.com,573294879843,2,122000,BOX_OFFICE,2026-07-16 06:00:00
ft_sal_002648,ft_evt_0020,Laura Rodríguez Cárdenas,laura.rodriguez@gmial.com,+57 304 5207254,2,90000,RRPP,2026-07-14 16:00:00
ft_sal_002649,ft_evt_0020,Daniel Salazar,daniel.salazar444@gmail.com,307 869 3094,2,282000,WEB,2026-06-26 18:00:00
ft_sal_002650,ft_evt_0020,Gómez Paula,PAULA.GOMEZ99@OUTLOOK.COM,(+57) 304-142-4495,3,201000,WEB,2026-07-05 12:00:00
ft_sal_002651,ft_evt_0020,Alejandro Ortiz Guerrero,alejandroortiz331@outlook.com,327 318 2026,1,96000,ADMIN,2026-07-01 16:00:00
ft_sal_002652,ft_evt_0020,N. Suárez,natalia.suarez27@gmial.com,573216488387,1,55000,WEB,2026-07-10 00:00:00
ft_sal_002653,ft_evt_0020,Miguel Zapata,miguel.zapata@gmail.com,304 172 5954,2,0,WEB,2026-06-26 12:00:00
ft_sal_002654,ft_evt_0020,Paula Muñoz,paula.munoz@gmial.com,3198905786,2,94000,WEB,2026-07-08 11:00:00
ft_sal_002655,ft_evt_0020,andrés jiménez,ANDRES.JIMENEZ@GMAIL.COM,+57 327 8672991,1,63000,WEB,2026-07-10 17:00:00
ft_sal_002656,ft_evt_0020,Andrea Arango,andrea.arango239@gmail.com,303 628 9928,1,47000,WEB,2026-06-27 05:00:00
ft_sal_002657,ft_evt_0020,Natalia Hernández,nataliahernandez288@gmail.com,(+57) 302-187-8126,1,103000,WEB,2026-07-07 00:00:00
ft_sal_002658,ft_evt_0020,Miguel Rojas Valencia,miguel.rojas@gmial.com,+57 306 1010782,2,204000,BOX_OFFICE,2026-07-16 12:00:00
ft_sal_002659,ft_evt_0020,Carolina Rodríguez Vargas,carolina.rodriguez26@outlok.com,321 385 9557,2,92000,WEB,2026-07-04 18:00:00
ft_sal_002660,ft_evt_0020,Felipe Cifuentes,felipe.ciuentes@gmail.com,3174695929,1,92000,WEB,2026-07-07 18:00:00
ft_sal_002661,ft_evt_0020,Santiago Vargas,santiago.vargas887@gmail.com,310 758 5216,2,84000,WEB,2026-07-05 16:00:00
ft_sal_002662,ft_evt_0020,Isabella Vargas,isabella.vargas@gmail.com,,2,90000,WEB,2026-07-11 20:00:00
ft_sal_002663,ft_evt_0020,Laura Ospina,laura.ospina@gmail.com,573213638959,1,139000,BOX_OFFICE,2026-07-16 17:00:00
ft_sal_002664,ft_evt_0020,Natalia Vargas,natalia.vargas@proton.me,573062563640,2,174000,BOX_OFFICE,2026-07-16 00:00:00
ft_sal_002665,ft_evt_0020,Juan Gomez,juan.gomez@yahoo.com,(+57) 329-848-1063,1,46000,WEB,2026-07-10 17:00:00
ft_sal_002666,ft_evt_0020,Laura Suarez,laura.suarez84@hotmail.com,+57 313 8058001,1,43000,WEB,2026-07-09 10:00:00
ft_sal_002667,ft_evt_0020,DANIEL BERMÚDEZ,cristian.cespedes@outlook.com,(+57) 300-729-0248,2,0,ADMIN,2026-07-10 17:00:00
ft_sal_002668,ft_evt_0020,julián peña,julian.pena18@gmail.com,573015428832,4,184000,WEB,2026-07-06 01:00:00
ft_sal_002669,ft_evt_0020,Juan Gómez,juan.gomez42+compras@outlook.com,3003629362,1,64000,WEB,2026-07-06 09:00:00
ft_sal_002670,ft_evt_0020,María Peña,maria.pena@gmail.com,(+57) 300-081-2696,3,264000,WEB,2026-07-02 06:00:00
ft_sal_002671,ft_evt_0020,María Quintero,maria.quintero960+spam@gmail.com,303 758 0692,2,120000,WEB,2026-07-06 06:00:00
ft_sal_002672,ft_evt_0020,Manuela Hernández,manuelahernandez133@hotmail.com,+57 322 2326497,2,0,WEB,2026-07-03 17:00:00
ft_sal_002673,ft_evt_0020,MANUELA SALAZAR,alejandro.pena213@gmail.com,573091820160,1,64000,WEB,2026-07-10 10:00:00
ft_sal_002674,ft_evt_0020,Paula Bermúdez,paula.bermudez987@gmail.com,573296200817,2,0,WEB,2026-07-08 17:00:00
ft_sal_002675,ft_evt_0003,Óscar Jiménez,oscarjimenez747@gmail.com,(+57) 301-877-7864,2,270000,WEB,2026-06-30 14:30:00
ft_sal_002676,ft_evt_0003,Andrés Salazar,andressalazar617@outlook.com,573131042537,3,144000,WEB,2026-06-28 08:30:00
ft_sal_002677,ft_evt_0003,Juliana López,julianalopez526@hotmail.com,+57 310 6665285,2,114000,BOX_OFFICE,2026-07-17 03:30:00
ft_sal_002678,ft_evt_0003,miguel lópez,miguellopez735@gmail.com,+57 327 1899354,1,60000,BOX_OFFICE,2026-07-17 19:30:00
ft_sal_002679,ft_evt_0003,Sebastián Vargas,sebastianvargas251@gmail.com,329 767 6434,2,204000,BOX_OFFICE,2026-07-17 08:30:00
ft_sal_002680,ft_evt_0003,Juliana Ospina,julianaospina633@gmail.com,3199453836,1,59000,WEB,2026-07-04 14:30:00
ft_sal_002681,ft_evt_0003,C. Ortiz,camilaortiz698@outlook.com,(+57) 329-077-7637,1,59000,WEB,2026-07-06 06:30:00
ft_sal_002682,ft_evt_0003,PAULA VARGAS,paula.vargas@gmail.com,3100263674,1,46000,WEB,2026-07-05 03:30:00
ft_sal_002683,ft_evt_0003,Esteban Zapata Peña,estebanzapata801@gmail.com,,4,520000,WEB,2026-07-08 01:30:00
ft_sal_002684,ft_evt_0003,ricardo gómez,ricardo.gomez65@gmail.com,3214906539,3,132000,WEB,2026-07-02 08:30:00
ft_sal_002685,ft_evt_0003,Andres Martinez,andres.martinez13@gmail.com,(+57) 329-212-3068,2,188000,WEB,2026-07-07 10:30:00
ft_sal_002686,ft_evt_0003,SEBASTIÁN MUÑOZ,sebastian.munoz295@gmial.com,+57 320 2866723,2,196000,WEB,2026-07-08 15:30:00
ft_sal_002687,ft_evt_0003,Miguel Castro,miguelcastro94@gmail.com,(+57) 314-155-7507,1,47000,WEB,2026-07-07 00:30:00
ft_sal_002688,ft_evt_0003,Valencia Isabella,isabellavalencia547@gmail.com,573144520355,1,99000,WEB,2026-07-01 14:30:00
ft_sal_002689,ft_evt_0003,Felipe Jimenez,felipejimenez923@gmail.com,328 648 1440,4,252000,WEB,2026-07-12 01:30:00
ft_sal_002690,ft_evt_0003,Carlos Arango,carlos.arango71+spam@outlook.com,(+57) 329-718-6088,1,57000,WEB,2026-07-01 12:30:00
ft_sal_002691,ft_evt_0003,MIGUEL RESTREPO,miguelrestrepo539@gmail.com,,2,292000,WEB,2026-06-25 05:30:00
ft_sal_002692,ft_evt_0003,Juan Valencia,juanvalencia76@outlook.com,3247475896,4,584000,WEB,2026-07-09 02:30:00
ft_sal_002693,ft_evt_0003,Luisa Valencia,luisa.valencia71+eventos@gmail.com,,2,188000,WEB,2026-07-04 11:30:00
ft_sal_002694,ft_evt_0003,DIANA ROJAS,dianarojas409@gmail.com,(+57) 301-145-1246,6,564000,BOX_OFFICE,2026-07-17 19:30:00
ft_sal_002695,ft_evt_0003,Diego Ortiz,diegoortiz762@hotmail.com,+57 307 6999046,1,59000,WEB,2026-07-06 16:30:00
ft_sal_002696,ft_evt_0003,David Bermúdez,davidbermudez804@gmail.com,+57 325 0481339,1,95000,WEB,2026-07-08 04:30:00
ft_sal_002697,ft_evt_0003,CATALINA JIMÉNEZ,catalina.jimenez@gmail.com,3086979418,3,123000,WEB,2026-07-05 05:30:00
ft_sal_002698,ft_evt_0003,Nicolás Ramírez,nicolasramirez496@gmail.com,+57 314 2875625,2,0,WEB,2026-07-08 20:30:00
ft_sal_002699,ft_evt_0003,Mateo Moreno,mateomoreno125@gmail.com,326 158 3533,1,60000,RRPP,2026-07-10 05:30:00
ft_sal_002700,ft_evt_0003,Alejandro Gomez,alejandro.gomez@icloud.com,(+57) 316-053-2649,3,135000,WEB,2026-07-06 16:30:00
ft_sal_002701,ft_evt_0003,Juliana Ortiz,julianaortiz676@gmail.com,573283821758,2,188000,WEB,2026-07-08 12:30:00
ft_sal_002702,ft_evt_0003,Isabella Rojas,isabella.rojas342@gmail.com,(+57) 326-057-0884,1,63000,WEB,2026-07-06 17:30:00
ft_sal_002703,ft_evt_0003,alejandra castro,alejandracastro470@gmail.com,,1,91000,WEB,2026-07-06 08:30:00
ft_sal_002704,ft_evt_0003,Esteban Moreno Muñoz,esteban.moreno43@gmail.com,+57 309 6901077,6,588000,WEB,2026-07-05 19:30:00
ft_sal_002705,ft_evt_0003,Hernández Juliana,julianahernandez441@gmail.com,573257696094,2,92000,WEB,2026-07-10 05:30:00
ft_sal_002706,ft_evt_0003,D. Gómez,daniel.gomez93+boletas@gmail.com,312 899 8669,4,216000,WEB,2026-07-01 05:30:00
ft_sal_002707,ft_evt_0003,Carlos Moreno,carlosmoreno114@outlook.com,+57 313 4716022,1,150000,WEB,2026-07-03 06:30:00
ft_sal_002708,ft_evt_0003,Cristian Rodríguez,cristianrodriguez426@gmail.com,+57 320 2268857,1,60000,ADMIN,2026-07-02 06:30:00
ft_sal_002709,ft_evt_0003,Óscar Quintero,oscarquintero120@outlook.com,303 426 0418,2,0,WEB,2026-06-27 20:30:00
ft_sal_002710,ft_evt_0003,Diana Betancur,diana.betancur135+boletas@gmail.com,304 740 5432,1,63000,WEB,2026-07-04 08:30:00
ft_sal_002711,ft_evt_0003,Manuela Muñoz,manuela.munoz97@hotmail.com,3107298334,2,90000,WEB,2026-07-10 00:30:00
ft_sal_002712,ft_evt_0003,David Zapata,davidzapata774@gmail.com,,1,0,WEB,2026-07-13 02:30:00
ft_sal_002713,ft_evt_0003,Mateo Salazar Zapata,mateosalazar993@hotmail.com,+57 306 8162015,2,188000,BOX_OFFICE,2026-07-17 18:30:00
ft_sal_002714,ft_evt_0003,Catalina Suárez,catalina.suarez@gmail.com,(+57) 307-520-3477,2,278000,WEB,2026-07-07 07:30:00
ft_sal_002715,ft_evt_0003,Daniel Céspedes,danielcespedes136@gmail.com,309 379 4466,1,44000,WEB,2026-07-05 07:30:00
ft_sal_002716,ft_evt_0003,Daniel Cifuentes,daniel.cifuentes@gmail.com,3161966710,1,94000,WEB,2026-07-04 03:30:00
ft_sal_002717,ft_evt_0003,David Vargas,david.vargas@gmail.com,318 427 0971,1,44000,BOX_OFFICE,2026-07-17 02:30:00
ft_sal_002718,ft_evt_0003,Andrea Rojas,andrea.rojas@outlook.com,3179965899,6,552000,WEB,2026-07-08 19:30:00
ft_sal_002719,ft_evt_0003,Catalina Vargas,catalinavargas416@gmail.com,,4,260000,BOX_OFFICE,2026-07-17 15:30:00
ft_sal_002720,ft_evt_0003,sebastián muñoz,sebastian.munoz131+spam@gmail.com,308 167 7211,1,107000,ADMIN,2026-07-12 16:30:00
ft_sal_002721,ft_evt_0003,Mariana Quintero,mariana.quintero@outlook.com,+57 304 8184672,2,168000,RRPP,2026-06-30 17:30:00
ft_sal_002722,ft_evt_0003,mariana castro,mariana.castro21@hotmail.com,(+57) 300-661-3421,3,183000,WEB,2026-06-26 07:30:00
ft_sal_002723,ft_evt_0003,Juliana Ortiz,julianaortiz473@gmail.com,,2,94000,WEB,2026-07-02 18:30:00
ft_sal_002724,ft_evt_0003,ximena betancur,ximenabetancur857@gmail.com,313 889 5416,1,141000,WEB,2026-07-02 18:30:00
ft_sal_002725,ft_evt_0003,Carolina Cárdenas,carolina.cardenas@hotmial.com,+57 316 8002412,1,48000,WEB,2026-07-01 00:30:00
ft_sal_002726,ft_evt_0003,Óscar Rodríguez,oscar.rodriguez@gmail.com,573211048857,1,61000,WEB,2026-07-10 18:30:00
ft_sal_002727,ft_evt_0003,Daniela Cifuentes,danielacifuentes250@gmail.com,573037702648,2,178000,WEB,2026-07-09 03:30:00
ft_sal_002728,ft_evt_0003,Óscar López Mejía,oscarlopez810@gmail.com,3052316708,2,178000,BOX_OFFICE,2026-07-17 17:30:00
ft_sal_002729,ft_evt_0003,Laura Rojas Ospina,laurarojas846@gmail.com,3262250942,1,50000,WEB,2026-07-06 09:30:00
ft_sal_002730,ft_evt_0003,Cristian Cifuentes,cristiancifuentes288@hotmail.com,+57 303 5092371,1,0,WEB,2026-07-13 04:30:00
ft_sal_002731,ft_evt_0003,andrés martínez,andres.martinez13@gmial.com,3292123068,1,64000,WEB,2026-07-04 06:30:00
ft_sal_002732,ft_evt_0003,Miguel Mejía Suárez,miguel.mejia29@hotmail.com,+57 302 0954514,1,46000,WEB,2026-07-05 06:30:00
ft_sal_002733,ft_evt_0003,Mateo Jiménez,diego.salazar@icloud.com,(+57) 313-477-2103,2,116000,WEB,2026-07-02 08:30:00
ft_sal_002734,ft_evt_0003,Alejandra Cifuentes,alejandracifuentes562@gmail.com,573096826485,2,0,WEB,2026-07-03 01:30:00
ft_sal_002735,ft_evt_0003,Daniel Guerrero,danielguerrero149@gmail.com,573258495664,2,120000,WEB,2026-07-09 03:30:00
ft_sal_002736,ft_evt_0003,Carlos Quintero,carlosquintero404@hotmail.com,3137442707,2,176000,WEB,2026-07-15 14:30:00
ft_sal_002737,ft_evt_0003,mateo castro,mateocastro114@icloud.com,573171478241,1,105000,ADMIN,2026-07-04 17:30:00
ft_sal_002738,ft_evt_0003,ÓSCAR ORTIZ,oscarortiz410@outlook.com,311 615 1379,2,82000,WEB,2026-07-08 09:30:00
ft_sal_002739,ft_evt_0003,carolina céspedes,carolinacespedes777@gmail.com,573295136690,2,122000,WEB,2026-07-11 20:30:00
ft_sal_002740,ft_evt_0003,Óscar Ortiz Ospina,oscarortiz819@outlook.com,573034952084,1,153000,WEB,2026-07-07 01:30:00
ft_sal_002741,ft_evt_0003,Óscar Suárez,oscarsuarez855@gmail.com,,1,43000,WEB,2026-06-27 18:30:00
ft_sal_002742,ft_evt_0003,Carolina Salazar,CAROLINA.SALAZAR@GMAIL.COM,573014960147,2,202000,WEB,2026-07-16 09:30:00
ft_sal_002743,ft_evt_0003,Andrés Cifuentes,ximena.castro@gmail.com,3074682091,1,93000,WEB,2026-07-14 03:30:00
ft_sal_002744,ft_evt_0003,carlos céspedes,carloscespedes627@gmail.com,328 981 0286,1,58000,WEB,2026-07-07 11:30:00
ft_sal_002745,ft_evt_0003,julián ospina,julianospina719@gmail.com,,4,188000,WEB,2026-07-08 04:30:00
ft_sal_002746,ft_evt_0003,alejandro betancur,alejandro.betancur65@yahoo.com,(+57) 313-626-7254,3,396000,WEB,2026-07-06 15:30:00
ft_sal_002747,ft_evt_0038,D. Mejía,davidmejia233@gmail.com,3089178376,1,146000,WEB,2026-07-04 17:00:00
ft_sal_002748,ft_evt_0038,Juan Peña,juanpena840@gmail.com,(+57) 308-087-6248,1,44000,WEB,2026-07-09 14:00:00
ft_sal_002749,ft_evt_0038,María Restrepo,MARIA.RESTREPO58@GMAIL.COM,(+57) 328-430-8054,1,46000,BOX_OFFICE,2026-07-18 17:00:00
ft_sal_002750,ft_evt_0038,López Sebastián,sebastian.lopez25@gmail.com,+57 305 6479907,2,268000,ADMIN,2026-07-04 11:00:00
ft_sal_002751,ft_evt_0038,alejandro muñoz,alejandro.munoz14@hotmial.com,573223338604,1,42000,BOX_OFFICE,2026-07-18 09:00:00
ft_sal_002752,ft_evt_0038,ximena gonzález,fabian.lopez@gmail.com,573059580287,1,46000,WEB,2026-07-04 19:00:00
ft_sal_002753,ft_evt_0038,Arango María,maria.arango@gmail.com,3226827843,1,64000,WEB,2026-07-05 06:00:00
ft_sal_002754,ft_evt_0038,Óscar Restrepo,oscar.restrepo17@hotmail.com,3038578806,4,172000,WEB,2026-07-08 07:00:00
ft_sal_002755,ft_evt_0038,Tatiana Mejía,tatianamejia959@gmail.com,+57 306 7766628,2,90000,WEB,2026-07-14 07:00:00
ft_sal_002756,ft_evt_0038,Mateo Vargas,mateo.vargas@icloud.com,+57 320 1931083,1,149000,WEB,2026-07-08 20:00:00
ft_sal_002757,ft_evt_0038,Carolina Ramírez,crolina.ramirez@gmail.com,573169296819,3,144000,WEB,2026-07-09 00:00:00
ft_sal_002758,ft_evt_0038,S. Rodríguez,sebastianrodriguez920@icloud.com,,1,44000,WEB,2026-07-10 18:00:00
ft_sal_002759,ft_evt_0038,julián martínez,julian.martinez@gmail.com,3294846800,2,196000,WEB,2026-07-04 08:00:00
ft_sal_002760,ft_evt_0038,Daniel Muñoz,daniel.munoz483@gmail.com,573027801775,3,252000,WEB,2026-07-14 13:00:00
ft_sal_002761,ft_evt_0038,Sebastián Valencia Jiménez,sebastian.valencia@icloud.com,302 413 8874,3,138000,WEB,2026-07-10 10:00:00
ft_sal_002762,ft_evt_0038,Sara Salazar,sara.salazar77@gmail.com,(+57) 328-003-1009,4,524000,RRPP,2026-07-08 14:00:00
ft_sal_002763,ft_evt_0038,Ricardo Muñoz,ricardomunoz677@gmail.com,(+57) 306-372-6274,1,94000,WEB,2026-07-12 14:00:00
ft_sal_002764,ft_evt_0038,Andrés Bermúdez,andres.bermudez673@gmail.com,+57 301 2321788,1,61000,WEB,2026-07-10 15:00:00
ft_sal_002765,ft_evt_0038,DIEGO ZAPATA,diego.zapata@hotmail.com,(+57) 311-188-4034,1,100000,WEB,2026-07-11 12:00:00
ft_sal_002766,ft_evt_0038,Mateo Valencia,mateo.valencia@gmial.com,(+57) 305-052-5235,2,200000,WEB,2026-07-01 12:00:00
ft_sal_002767,ft_evt_0038,camilo suárez,camilosuarez833@gmail.com,3022467907,1,43000,WEB,2026-07-05 17:00:00
ft_sal_002768,ft_evt_0038,Cristian Guerrero,cristian.guerrero55+boletas@gmail.com,323 570 3868,2,180000,WEB,2026-07-12 19:00:00
ft_sal_002769,ft_evt_0038,Luisa Castro,luisacastro198@gmail.com,,1,101000,WEB,2026-06-29 16:00:00
ft_sal_002770,ft_evt_0038,cristian vargas,cristian.vargas@gmail.com,+57 327 7628797,1,94000,WEB,2026-07-06 13:00:00
ft_sal_002771,ft_evt_0038,Tatiana Ramírez,tatiana.ramirez@hotmail.com,573286050157,1,45000,WEB,2026-06-26 10:00:00
ft_sal_002772,ft_evt_0038,Andrea Restrepo,andrea.restrpo23@gmail.com,573231539404,1,47000,WEB,2026-07-12 00:00:00
ft_sal_002773,ft_evt_0038,Daniel Valencia,dniel.valencia690@gmail.com,3143240812,1,100000,WEB,2026-07-01 03:00:00
ft_sal_002774,ft_evt_0038,Óscar Restrepo Céspedes,oscar.restrepo@proton.me,328 699 5118,2,250000,WEB,2026-07-06 07:00:00
ft_sal_002775,ft_evt_0038,sebastián quintero,sebastian.quintero+compras@hotmail.com,573221331336,2,260000,WEB,2026-07-09 14:00:00
ft_sal_002776,ft_evt_0038,Gómez Esteban,esteban.gomez@gmail.com,+57 309 4701411,2,110000,WEB,2026-07-06 08:00:00
ft_sal_002777,ft_evt_0038,LUISA VARGAS,luisavargas759@gmail.com,3170490970,1,63000,WEB,2026-07-06 16:00:00
ft_sal_002778,ft_evt_0038,C. Hernández,crolina.hernandez96@hotmail.com,+57 325 6770466,2,80000,WEB,2026-06-28 12:00:00
ft_sal_002779,ft_evt_0038,Restrepo Luisa,luisarestrepo607@gmail.com,312 460 3472,3,126000,WEB,2026-07-14 06:00:00
ft_sal_002780,ft_evt_0038,Alejandro Moreno,alejandro.moreno@hotmail.com,3204209435,2,90000,WEB,2026-07-03 00:00:00
ft_sal_002781,ft_evt_0038,Ximena Guerrero,ximenaguerrero271@gmail.com,(+57) 302-514-2456,1,148000,WEB,2026-07-09 02:00:00
ft_sal_002782,ft_evt_0038,Ximena Ospina,ximena.ospina46+spam@gmail.com,316 703 8746,3,453000,BOX_OFFICE,2026-07-18 04:00:00
ft_sal_002783,ft_evt_0038,Fabián Hernández,fabianhernandez630@gmail.com,+57 301 1726909,3,201000,WEB,2026-07-07 20:00:00
ft_sal_002784,ft_evt_0038,Andrea Martínez,andrea.martinez775@gmail.com,573030663436,4,228000,WEB,2026-07-10 04:00:00
ft_sal_002785,ft_evt_0038,David Rodríguez,david.rodriguez7@gmail.com,306 654 7023,1,46000,WEB,2026-07-14 00:00:00
ft_sal_002786,ft_evt_0038,Carolina Bermúdez,carolinabermudez819@outlook.com,+57 302 0774377,2,86000,WEB,2026-07-10 16:00:00
ft_sal_002787,ft_evt_0038,ÓSCAR JIMÉNEZ,oscar.jimenez65@outlook.com,+57 323 4118510,1,57000,WEB,2026-07-05 06:00:00
ft_sal_002788,ft_evt_0038,Sara Hernández,sarahernandez803@gmail.com,(+57) 311-154-9226,2,114000,WEB,2026-07-17 03:00:00
ft_sal_002789,ft_evt_0038,Julián Muñoz,julianmunoz138@icloud.com,311 650 4458,1,45000,WEB,2026-07-05 19:00:00
ft_sal_002790,ft_evt_0038,Camila Guerrero,camilaguerrero471@gmail.com,(+57) 307-097-8209,2,128000,BOX_OFFICE,2026-07-18 16:00:00
ft_sal_002791,ft_evt_0038,Luisa Zapata,luisazapata476@gmail.com,315 733 0291,2,200000,WEB,2026-07-03 05:00:00
ft_sal_002792,ft_evt_0038,A. Quintero,andrea.qintero@outlook.com,(+57) 328-275-6347,1,91000,WEB,2026-07-06 04:00:00
ft_sal_002793,ft_evt_0038,NICOLÁS MORENO,nicolas.moreno@yahoo.com,306 857 6962,1,94000,WEB,2026-07-10 19:00:00
ft_sal_002794,ft_evt_0038,T. Céspedes,tatiana.cespedes47@gmail.com,573246788978,1,63000,WEB,2026-07-03 13:00:00
ft_sal_002795,ft_evt_0038,Ricardo Ospina,ricardoospina407@hotmail.com,,2,94000,RRPP,2026-07-17 08:00:00
ft_sal_002796,ft_evt_0038,Sara Céspedes Ospina,sara.cespedes@gmail.com,(+57) 321-099-7945,2,86000,WEB,2026-07-10 20:00:00
ft_sal_002797,ft_evt_0038,Esteban Gómez,esteban.gomez73@outlook.com,321 879 0742,2,94000,WEB,2026-07-01 16:00:00
ft_sal_002798,ft_evt_0038,Betancur Diego,diego.betancur69@gmail.com,3128917574,2,88000,WEB,2026-07-09 00:00:00
ft_sal_002799,ft_evt_0038,Nicolás Moreno,nicolas.moreno+spam@yahoo.com,+57 306 8579662,1,98000,WEB,2026-07-03 01:00:00
ft_sal_002800,ft_evt_0038,Juan Betancur,juan.betancur17@yahoo.com,,2,274000,WEB,2026-06-30 07:00:00
ft_sal_002801,ft_evt_0038,Santiago Jiménez Muñoz,santiago.jimenez@icloud.com,573152560082,2,124000,WEB,2026-07-05 16:00:00
ft_sal_002802,ft_evt_0038,Daniel Muñoz,daniel.munoz483@gmail.com,+57 302 7801775,1,90000,BOX_OFFICE,2026-07-18 06:00:00
ft_sal_002803,ft_evt_0038,Paula Ramírez,paularamirez761@gmail.com,573015056557,1,45000,BOX_OFFICE,2026-07-18 20:00:00
ft_sal_002804,ft_evt_0038,Carlos Ortiz,carlos.ortiz534@gmail.com,+57 324 2261227,1,98000,RRPP,2026-07-15 00:00:00
ft_sal_002805,ft_evt_0038,Santiago Ramírez,santiago.ramirez@gmail.com,319 014 6496,1,49000,ADMIN,2026-07-03 15:00:00
ft_sal_002806,ft_evt_0038,Peña Óscar,oscar.pena@outlook.com,(+57) 329-070-2513,3,141000,WEB,2026-07-10 03:00:00
ft_sal_002807,ft_evt_0038,SANTIAGO HERNÁNDEZ,SANTIAGO.HERNANDEZ72@GMAIL.COM,(+57) 315-779-2264,1,94000,RRPP,2026-07-07 01:00:00
ft_sal_002808,ft_evt_0038,FABIÁN JIMÉNEZ,fabian.jimenez@outlook.com,,2,114000,WEB,2026-07-10 20:00:00
ft_sal_002809,ft_evt_0038,Fabián Gómez,fabiangomez557@gmail.com,(+57) 323-450-1010,1,49000,WEB,2026-07-09 12:00:00
ft_sal_002810,ft_evt_0038,María Quintero,maria.quintero301@gmail.com,+57 321 9522302,2,118000,BOX_OFFICE,2026-07-18 00:00:00
ft_sal_002811,ft_evt_0038,Ximena González,manuela.rojas@gmail.com,,1,46000,WEB,2026-07-04 07:00:00
ft_sal_002812,ft_evt_0038,Laura Valencia,LAURA.VALENCIA272@GMAIL.COM,322 090 2808,1,91000,WEB,2026-07-11 19:00:00
ft_sal_002813,ft_evt_0038,Diego Rodriguez,diego.rodriguez28@hotmail.com,324 109 7080,4,368000,WEB,2026-07-06 14:00:00
ft_sal_002814,ft_evt_0038,LUISA CÁRDENAS,luisacardenas515@gmail.com,3259842952,1,57000,WEB,2026-07-08 18:00:00
ft_sal_002815,ft_evt_0038,Nicolas Guerrero,NICOLAS.GUERRERO368@GMAIL.COM,+57 319 8124863,2,276000,WEB,2026-07-08 00:00:00
ft_sal_002816,ft_evt_0038,Sara Martínez,saramartinez252@outlook.com,3131722528,3,426000,WEB,2026-07-14 12:00:00
ft_sal_002817,ft_evt_0038,alejandra zapata,alejandra.zapata80@gmail.com,+57 303 6935825,2,264000,WEB,2026-07-12 04:00:00
ft_sal_002818,ft_evt_0038,David Rodríguez,davidrodriguez412@gmail.com,(+57) 303-576-6429,1,45000,ADMIN,2026-07-04 18:00:00
ft_sal_002819,ft_evt_0038,Diego Ramírez,diego.ramirez@proton.me,,2,118000,RRPP,2026-07-06 11:00:00
ft_sal_002820,ft_evt_0038,Sara Suarez,sara.suarez51@gmail.com,,1,48000,WEB,2026-07-06 19:00:00
ft_sal_002821,ft_evt_0038,D. Ospina,davidospina691@gmail.com,(+57) 320-305-3233,1,59000,ADMIN,2026-07-03 12:00:00
ft_sal_002822,ft_evt_0038,S. Cifuentes,saracifuentes818@gmail.com,3076046467,1,60000,BOX_OFFICE,2026-07-18 07:00:00
ft_sal_002823,ft_evt_0038,Luisa Betancur,luisa.betancur@gmail.com,573010902680,1,105000,WEB,2026-07-13 20:00:00
ft_sal_002824,ft_evt_0038,Nicolás Ospina,nicolasospina851@outlook.com,(+57) 329-270-5845,1,63000,WEB,2026-07-02 17:00:00
ft_sal_002825,ft_evt_0038,David Cespedes,david.cespedes79@gmail.com,+57 319 2347033,2,0,WEB,2026-07-12 07:00:00
ft_sal_002826,ft_evt_0038,Andrea Céspedes,andrea.cespedes12@hotmail.com,+57 306 5395912,4,352000,WEB,2026-07-17 12:00:00
ft_sal_002827,ft_evt_0038,María Mejía,maria.mejia26+boletas@gmail.com,311 423 1255,2,120000,BOX_OFFICE,2026-07-18 15:00:00
ft_sal_002828,ft_evt_0038,Cristian Salazar,cristiansalazar966@hotmail.com,573108811022,1,45000,WEB,2026-07-07 06:00:00
ft_sal_002829,ft_evt_0038,Andrés Ramírez,andresramirez722@gmail.com,,2,84000,WEB,2026-07-13 19:00:00
ft_sal_002830,ft_evt_0038,Sebastian Munoz,sebastian.munoz295@gmail.com,+57 320 2866723,2,114000,WEB,2026-07-14 08:00:00
ft_sal_002831,ft_evt_0038,Sebastián Quintero Bermúdez,sebastianquintero669@gmail.com,+57 315 6598608,1,41000,BOX_OFFICE,2026-07-18 00:00:00
ft_sal_002832,ft_evt_0038,Mejía Miguel,miguelmejia293@outlook.com,+57 324 6937084,1,0,WEB,2026-07-12 16:00:00
ft_sal_002833,ft_evt_0038,Andrés Céspedes,diana.pena58@outlook.com,+57 314 7996983,2,100000,WEB,2026-06-27 01:00:00
ft_sal_002834,ft_evt_0038,Luisa Jiménez,luisa.jimenez18@hotmail.com,(+57) 313-835-3871,2,182000,WEB,2026-07-13 00:00:00
ft_sal_002835,ft_evt_0038,Alejandra Vargas,alejandra.vargas@hotmail.com,573073122472,1,103000,WEB,2026-07-13 18:00:00
ft_sal_002836,ft_evt_0038,Carolina Quintero,carolinaquintero927@gmail.com,+57 306 3853902,1,96000,WEB,2026-07-02 13:00:00
ft_sal_002837,ft_evt_0038,Camilo Cifuentes,camilo.cifuentes843+boletas@gmail.com,+57 326 5410963,1,58000,WEB,2026-07-06 18:00:00
ft_sal_002838,ft_evt_0038,paula zapata,paulazapata982@gmail.com,573222714419,1,46000,WEB,2026-07-07 05:00:00
ft_sal_002839,ft_evt_0038,Isabella Castro,ISABELLA.CASTRO@GMAIL.COM,308 865 4049,3,123000,RRPP,2026-07-13 15:00:00
ft_sal_002840,ft_evt_0038,juan castro,juan.castro22@yahoo.com,303 427 9124,2,182000,WEB,2026-07-09 09:00:00
ft_sal_002841,ft_evt_0038,Miguel Cárdenas,miguel.cardenas79@gmail.com,573279777755,1,60000,WEB,2026-07-14 07:00:00
ft_sal_002842,ft_evt_0038,Carlos Arango,carlos.arango10@gmail.com,573260202227,1,59000,BOX_OFFICE,2026-07-18 06:00:00
ft_sal_002843,ft_evt_0038,Esteban Gómez,esteban.gomez604@gmail.com,+57 325 6058708,1,63000,WEB,2026-07-15 20:00:00
ft_sal_002844,ft_evt_0038,DANIELA CÉSPEDES,danielacespedes229@gmail.com,573182482950,1,101000,WEB,2026-07-05 13:00:00
ft_sal_002845,ft_evt_0038,cristian rojas,cristian.rojas54@hotmial.com,(+57) 323-351-9053,1,45000,WEB,2026-07-14 17:00:00
ft_sal_002846,ft_evt_0038,JULIANA HERNÁNDEZ,julianahernandez588@gmail.com,573129022914,1,63000,BOX_OFFICE,2026-07-18 09:00:00
ft_sal_002847,ft_evt_0038,Sara Hernández,sara.hernandez+spam@proton.me,573196160764,2,296000,ADMIN,2026-07-09 09:00:00
ft_sal_002848,ft_evt_0055,Camila Restrepo,camilarestrepo499@hotmail.com,310 670 9438,6,852000,WEB,2026-07-09 23:30:00
ft_sal_002849,ft_evt_0055,Felipe Mejía Gómez,felipemejia423@gmail.com,+57 313 0596318,1,100000,WEB,2026-07-06 17:30:00
ft_sal_002850,ft_evt_0055,Nicolás Restrepo,nicolasrestrepo37@yahoo.com,+57 310 8231055,2,118000,BOX_OFFICE,2026-07-20 07:30:00
ft_sal_002851,ft_evt_0055,Santiago Vargas,santiago.vargas@gmail.com,+57 317 4249217,2,122000,WEB,2026-07-07 18:30:00
ft_sal_002852,ft_evt_0055,Mariana Gómez,mariana.gomez425@gmail.com,(+57) 304-158-8324,1,46000,WEB,2026-07-09 02:30:00
ft_sal_002853,ft_evt_0055,Carlos Vargas Hernández,carlos.vargas1@gmail.com,573278010408,1,0,BOX_OFFICE,2026-07-20 11:30:00
ft_sal_002854,ft_evt_0055,Carlos Betancur,carlosbetancur844@gmail.com,+57 326 6037011,1,0,WEB,2026-07-14 08:30:00
ft_sal_002855,ft_evt_0055,Tatiana Vargas Céspedes,tatianavargas482@gmail.com,(+57) 308-265-1535,1,60000,WEB,2026-07-14 16:30:00
ft_sal_002856,ft_evt_0055,Alejandro Gómez,alejandro.gomez992@gmail.com,+57 307 6184700,3,135000,WEB,2026-07-11 05:30:00
ft_sal_002857,ft_evt_0055,Mariana Quintero,mariana.quintero94@outlok.com,(+57) 315-093-7389,3,294000,WEB,2026-07-05 17:30:00
ft_sal_002858,ft_evt_0055,Andrés Rodríguez,andresrodriguez373@gmail.com,(+57) 314-277-3491,1,91000,WEB,2026-06-29 19:30:00
ft_sal_002859,ft_evt_0055,Ortiz Miguel,manuela.jimenez87@gmail.com,(+57) 300-006-5026,6,0,WEB,2026-07-13 11:30:00
ft_sal_002860,ft_evt_0055,Mariana Castro,mariana.castro33@gmial.com,3189818036,2,196000,WEB,2026-07-09 23:30:00
ft_sal_002861,ft_evt_0055,juan cifuentes,juancifuentes922@hotmail.com,573133817499,2,124000,WEB,2026-07-13 02:30:00
ft_sal_002862,ft_evt_0055,Paula Muñoz,paula.munoz178@yahoo.com,573212918746,1,150000,WEB,2026-07-13 07:30:00
ft_sal_002863,ft_evt_0055,Alejandra Munoz,alejandramunoz282@gmail.com,+57 321 1021572,1,59000,WEB,2026-07-17 08:30:00
ft_sal_002864,ft_evt_0055,Sara Restrepo,sararestrepo631@gmail.com,,1,43000,BOX_OFFICE,2026-07-20 01:30:00
ft_sal_002865,ft_evt_0055,Camila Moreno,camila.moreno92@gmail.com,(+57) 304-419-6508,3,135000,WEB,2026-07-09 00:30:00
ft_sal_002866,ft_evt_0055,Valentina Mejía,valentinamejia321@yahoo.com,324 583 6098,2,84000,WEB,2026-07-09 10:30:00
ft_sal_002867,ft_evt_0055,Ximena Suarez,ximena.suarez506@hotmail.com,322 623 9091,1,0,WEB,2026-07-06 13:30:00
ft_sal_002868,ft_evt_0055,mateo peña,mateo.pena84@gmail.com,(+57) 301-248-5982,2,120000,WEB,2026-07-10 03:30:00
ft_sal_002869,ft_evt_0055,Mateo Mejía,mateo.mejia@outlok.com,,2,192000,WEB,2026-07-15 14:30:00
ft_sal_002870,ft_evt_0055,Zapata Ximena,ximena.zapata35@gmail.com,315 496 7778,1,87000,BOX_OFFICE,2026-07-20 16:30:00
ft_sal_002871,ft_evt_0055,López Camilo,camilolopez353@gmail.com,3065120451,1,59000,WEB,2026-07-10 14:30:00
ft_sal_002872,ft_evt_0055,felipe cifuentes,felipecifuentes583@outlook.com,573125874333,2,120000,WEB,2026-07-14 18:30:00
ft_sal_002873,ft_evt_0055,Ximena Cifuentes,ximena.cifuentes45@gmail.com,3005223480,1,96000,BOX_OFFICE,2026-07-20 08:30:00
ft_sal_002874,ft_evt_0055,González Cristian,cristian.gonzlez@gmail.com,318 890 8130,1,58000,WEB,2026-07-14 05:30:00
ft_sal_002875,ft_evt_0055,Valentina Mejía,valentina.meji80@gmail.com,+57 313 6364186,1,45000,WEB,2026-07-03 12:30:00
ft_sal_002876,ft_evt_0055,Alejandra Suárez Peña,alejandra.suarez@hotmail.com,+57 314 4450032,4,180000,WEB,2026-07-09 15:30:00
ft_sal_002877,ft_evt_0055,maría vargas,mariavargas61@gmail.com,573294934471,2,276000,WEB,2026-07-05 04:30:00
ft_sal_002878,ft_evt_0055,Fabián Martínez,fabian.martinez68@hotmail.com,573270504965,1,43000,ADMIN,2026-07-08 11:30:00
ft_sal_002879,ft_evt_0055,Salazar Daniel,daniel.salazar+boletas@outlook.com,573195225807,4,388000,WEB,2026-07-14 18:30:00
ft_sal_002880,ft_evt_0055,D. Restrepo,daniela.restrepo55+compras@gmail.com,(+57) 329-414-7714,2,96000,BOX_OFFICE,2026-07-20 12:30:00
ft_sal_002881,ft_evt_0055,Alejandro Cifuentes,alejandro.cifuentes100@gmail.com,3228958516,6,516000,WEB,2026-07-10 13:30:00
ft_sal_002882,ft_evt_0055,catalina suárez,catalinasuarez160@gmail.com,3050711055,3,174000,WEB,2026-07-09 13:30:00
ft_sal_002883,ft_evt_0055,Nicolás Hernández,nicolas.hernandez9@gmail.com,+57 305 6746187,1,64000,BOX_OFFICE,2026-07-20 09:30:00
ft_sal_002884,ft_evt_0055,mateo suárez,mateo.suarez90@gmial.com,+57 322 6581611,1,91000,BOX_OFFICE,2026-07-20 06:30:00
ft_sal_002885,ft_evt_0055,Moreno Manuela,manuela.moreno+boletas@hotmail.com,325 435 4914,3,123000,ADMIN,2026-07-05 18:30:00
ft_sal_002886,ft_evt_0055,Carolina Betancur Ramírez,carolina.etancur22@icloud.com,573043454625,2,278000,WEB,2026-07-10 18:30:00
ft_sal_002887,ft_evt_0055,Mariana González,marianagonzalez604@gmail.com,3284582710,3,138000,WEB,2026-07-16 04:30:00
ft_sal_002888,ft_evt_0055,Juan Quintero,juanquintero964@gmail.com,3243389769,4,560000,WEB,2026-07-09 00:30:00
ft_sal_002889,ft_evt_0055,Miguel González,miguel.gonzalez41@outlok.com,3105449681,2,192000,WEB,2026-07-18 12:30:00
ft_sal_002890,ft_evt_0055,Alejandra Jiménez,alejandra.jimenez190@gmail.com,304 535 8064,2,204000,WEB,2026-07-11 23:30:00
ft_sal_002891,ft_evt_0055,Esteban Moreno,estebanmoreno882@gmail.com,(+57) 329-320-0605,1,48000,WEB,2026-07-14 08:30:00
ft_sal_002892,ft_evt_0055,fabián mejía,fabian.mejia10+spam@gmail.com,300 765 1514,2,196000,WEB,2026-07-09 13:30:00
ft_sal_002893,ft_evt_0055,Ximena Rodríguez,ximenarodriguez683@gmail.com,(+57) 321-680-8335,2,122000,WEB,2026-07-07 06:30:00
ft_sal_002894,ft_evt_0055,alejandra gómez,alejandra.gomez71@gmail.com,(+57) 315-602-6392,4,572000,WEB,2026-07-05 00:30:00
ft_sal_002895,ft_evt_0055,Tatiana Ortiz,tatianaortiz220@gmail.com,(+57) 308-878-6203,2,122000,WEB,2026-07-10 13:30:00
ft_sal_002896,ft_evt_0055,Ortiz Daniel,DANIEL.ORTIZ@GMAIL.COM,+57 312 8627168,2,196000,WEB,2026-07-17 10:30:00
ft_sal_002897,ft_evt_0055,Moreno Miguel,MIGUEL.MORENO@YAHOO.COM,,1,60000,ADMIN,2026-07-09 19:30:00
ft_sal_002898,ft_evt_0055,Miguel Castro,miguelcastro97@gmail.com,302 710 0559,1,64000,WEB,2026-07-16 03:30:00
ft_sal_002899,ft_evt_0055,Catalina Martínez,catalinamartinez533@gmail.com,573199211944,2,206000,WEB,2026-07-08 10:30:00
ft_sal_002900,ft_evt_0055,XIMENA VALENCIA,ximenavalencia502@gmail.com,573084367570,2,94000,WEB,2026-07-12 08:30:00
ft_sal_002901,ft_evt_0055,A. González,alejandra.gonzalez845@gmail.com,+57 305 6386953,1,56000,WEB,2026-07-04 14:30:00
ft_sal_002902,ft_evt_0055,Julián Martínez,julian.martinez65@gmail.com,3087101329,1,0,ADMIN,2026-07-01 13:30:00
ft_sal_002903,ft_evt_0055,Suárez Juliana,julianasuarez967@gmail.com,327 534 8387,1,132000,WEB,2026-07-11 19:30:00
ft_sal_002904,ft_evt_0055,FELIPE VARGAS,FELIPE.VARGAS226@GMAIL.COM,+57 311 5767696,2,96000,WEB,2026-07-12 04:30:00
ft_sal_002905,ft_evt_0055,D. Cárdenas,danielcardenas663@gmail.com,+57 327 4265565,1,44000,WEB,2026-07-11 11:30:00
ft_sal_002906,ft_evt_0055,Ximena Castro Peña,ximena.catro@hotmail.com,(+57) 304-794-2890,6,276000,BOX_OFFICE,2026-07-20 13:30:00
ft_sal_002907,ft_evt_0055,mateo gonzález,mateo.gonzalez98@gmail.com,573153203449,4,224000,WEB,2026-07-11 04:30:00
ft_sal_002908,ft_evt_0055,Rojas Santiago,santiago.rojas@gmail.com,3244434087,3,198000,WEB,2026-07-06 18:30:00
ft_sal_002909,ft_evt_0055,andrea céspedes,andrea.cespedes@hotmail.com,+57 325 1213744,2,192000,WEB,2026-07-11 13:30:00
ft_sal_002910,ft_evt_0055,Fabián Rojas,fabian.rojas@icloud.com,,4,176000,WEB,2026-07-11 15:30:00
ft_sal_002911,ft_evt_0055,LUISA MARTÍNEZ,luisamartinez116@gmail.com,3253163873,1,43000,WEB,2026-07-05 08:30:00
ft_sal_002912,ft_evt_0055,Sebastián Arango,sebastian.arango833@gmail.com,+57 302 6603827,1,0,WEB,2026-07-13 05:30:00
ft_sal_002913,ft_evt_0055,Daniela Ortiz,danielaortiz336@outlook.com,+57 316 1491957,4,244000,WEB,2026-07-13 14:30:00
ft_sal_002914,ft_evt_0055,S. Moreno,santiago.moreno52@outlok.com,3100342339,6,576000,WEB,2026-07-14 02:30:00
ft_sal_002915,ft_evt_0055,nicolás betancur,nicolas.betancur@hotmail.com,3214329709,1,98000,BOX_OFFICE,2026-07-20 16:30:00
ft_sal_002916,ft_evt_0055,Andrés González,andresgonzalez522@gmail.com,+57 320 5154563,1,60000,WEB,2026-07-05 02:30:00
ft_sal_002917,ft_evt_0055,paula ortiz,paula.ortiz@gmail.com,3178063349,2,84000,WEB,2026-07-12 10:30:00
ft_sal_002918,ft_evt_0055,óscar moreno,oscarmoreno142@outlook.com,573273653089,2,86000,WEB,2026-07-09 09:30:00
ft_sal_002919,ft_evt_0055,Diego Bermúdez Zapata,diego.bermudez49@gmail.com,573019302094,1,44000,WEB,2026-07-08 14:30:00
ft_sal_002920,ft_evt_0055,isabella lópez,isabella.lopez70@gmail.com,+57 310 2061211,1,47000,WEB,2026-07-05 14:30:00
ft_sal_002921,ft_evt_0055,Camila Martinez,camila.martinez69@gmail.com,3101331824,3,129000,WEB,2026-07-13 00:30:00
ft_sal_002922,ft_evt_0055,Alejandro Rojas,alejandro.rojas20@yahoo.com,317 235 9588,2,84000,WEB,2026-07-16 15:30:00
ft_sal_002923,ft_evt_0055,Carolina Suárez,carolinasuarez678@gmail.com,315 060 9563,1,140000,WEB,2026-07-15 19:30:00
ft_sal_002924,ft_evt_0055,Diego Vargas,diego.vargas@gmial.com,573153238970,4,168000,WEB,2026-06-28 00:30:00
ft_sal_002925,ft_evt_0055,Mariana Suarez,mariana.suarez@gmail.com,3023226043,3,135000,WEB,2026-07-16 23:30:00
ft_sal_002926,ft_evt_0055,M. Ortiz,miguel.ortiz@yahoo.com,325 519 6278,6,798000,BOX_OFFICE,2026-07-20 19:30:00
ft_sal_002927,ft_evt_0055,DIEGO OSPINA,diego.ospina92@gmail.com,+57 315 4058070,2,110000,WEB,2026-07-09 08:30:00
ft_sal_002928,ft_evt_0055,alejandra gonzález,alejandra.gonzalez99@gmail.com,,3,141000,WEB,2026-07-11 10:30:00
ft_sal_002929,ft_evt_0055,Manuela Suarez,manuela.suarez@outlook.com,311 763 7528,1,65000,WEB,2026-07-14 23:30:00
ft_sal_002930,ft_evt_0055,Andrés Bermúdez,andres.bermudez@hotmail.com,325 983 0527,1,46000,WEB,2026-07-06 16:30:00
ft_sal_002931,ft_evt_0055,Diana Salazar Restrepo,dianasalazar232@gmail.com,(+57) 323-789-7994,1,44000,WEB,2026-07-10 10:30:00
ft_sal_002932,ft_evt_0055,Juliana Céspedes,julianacespedes994@gmail.com,306 214 6522,3,174000,WEB,2026-07-11 12:30:00
ft_sal_002933,ft_evt_0055,Carlos Ortiz,alejandro.valencia98@gmail.com,+57 306 0169071,1,43000,RRPP,2026-07-16 08:30:00
ft_sal_002934,ft_evt_0055,Sebastián Ortiz,sebastian.ortiz81@gmial.com,+57 323 5855164,2,94000,ADMIN,2026-07-16 01:30:00
ft_sal_002935,ft_evt_0055,Suárez Natalia,natalia.suarez@outlok.com,,2,194000,BOX_OFFICE,2026-07-20 17:30:00
ft_sal_002936,ft_evt_0055,Manuela González Martínez,manuelagonzalez826@gmail.com,318 243 4388,1,57000,WEB,2026-07-05 09:30:00
ft_sal_002937,ft_evt_0055,Manuela Rojas,manuela.rojas92@gmial.com,+57 308 9503202,1,68000,WEB,2026-07-06 03:30:00
ft_sal_002938,ft_evt_0055,Andrés Peña,andres.pena99@icloud.com,(+57) 307-156-7628,1,57000,WEB,2026-07-15 05:30:00
ft_sal_002939,ft_evt_0055,Miguel Martinez,miguel.martinez@gmail.com,573272262981,3,129000,WEB,2026-07-04 13:30:00
ft_sal_002940,ft_evt_0055,Alejandro Vargas,alejandro.vargas97@hotmial.com,573086034900,2,280000,WEB,2026-07-08 23:30:00
ft_sal_002941,ft_evt_0055,Cristian Ramírez,cristianramirez80@gmail.com,3055744542,1,57000,WEB,2026-07-11 19:30:00
ft_sal_002942,ft_evt_0055,Daniel Ortiz,daniel.ortiz96+compras@gmail.com,573027695117,1,62000,WEB,2026-07-14 07:30:00
ft_sal_002943,ft_evt_0055,Camila Lopez,camila.lopez33+boletas@gmail.com,573127352156,1,39000,WEB,2026-07-04 06:30:00
ft_sal_002944,ft_evt_0055,alejandro bermúdez,alejandro.bermudez1@gmail.com,319 947 4377,2,86000,WEB,2026-07-12 18:30:00
ft_sal_002945,ft_evt_0055,Nicolás Ramírez,nicolas.ramirez@gmail.com,308 394 8968,1,44000,BOX_OFFICE,2026-07-20 00:30:00
ft_sal_002946,ft_evt_0055,Oscar Ortiz,oscar.ortiz@outlook.com,+57 316 6466878,1,64000,ADMIN,2026-07-13 02:30:00
ft_sal_002947,ft_evt_0055,Cristian Salazar,cristian.salazar551@hotmail.com,3120948535,2,0,WEB,2026-07-10 15:30:00
ft_sal_002948,ft_evt_0055,Felipe Peña,felipe.pena54@gmail.com,+57 321 3299954,2,184000,BOX_OFFICE,2026-07-20 14:30:00
ft_sal_002949,ft_evt_0055,Daniela Hernández,daniela.hernandez52@gmail.com,573222798121,6,372000,WEB,2026-07-02 12:30:00
ft_sal_002950,ft_evt_0055,Daniela Guerrero,juan.cespedes@icloud.com,3252899751,4,180000,ADMIN,2026-07-06 05:30:00
ft_sal_002951,ft_evt_0055,Ricardo Quintero,ricardoquintero967@icloud.com,,4,552000,BOX_OFFICE,2026-07-20 16:30:00
ft_sal_002952,ft_evt_0055,Esteban Muñoz,esteban.unoz@yahoo.com,(+57) 320-890-2619,2,88000,ADMIN,2026-07-06 07:30:00
ft_sal_002953,ft_evt_0055,Santiago González Suárez,santiagogonzalez371@gmail.com,+57 305 1516190,1,91000,WEB,2026-07-07 15:30:00
ft_sal_002954,ft_evt_0055,Mateo Ortiz,mateo.ortiz@hotmail.com,+57 318 4102577,1,46000,ADMIN,2026-07-07 18:30:00
ft_sal_002955,ft_evt_0055,Daniel Ospina,daniel.ospina689@gmail.com,+57 325 5632175,1,60000,WEB,2026-07-10 06:30:00
ft_sal_002956,ft_evt_0055,Cristian Mejia,cristian.mejia98+spam@icloud.com,(+57) 327-673-2157,1,0,WEB,2026-07-14 13:30:00
ft_sal_002957,ft_evt_0055,Tatiana Ospina,tatiana.ospina24@gmail.com,(+57) 318-149-4742,2,96000,BOX_OFFICE,2026-07-20 06:30:00
ft_sal_002958,ft_evt_0055,Alejandra Peña,alejandra.pena697@gmial.com,3045564721,3,177000,WEB,2026-07-17 01:30:00
ft_sal_002959,ft_evt_0055,Esteban Munoz,esteban.munoz@hotmail.com,320 890 2619,2,92000,WEB,2026-07-13 15:30:00
ft_sal_002960,ft_evt_0055,Andrés Guerrero,andres.guerrero920@icloud.com,3175729553,4,172000,BOX_OFFICE,2026-07-20 06:30:00
ft_sal_002961,ft_evt_0055,Juan Céspedes,juan.cespedes81+eventos@gmail.com,(+57) 304-509-4455,1,43000,WEB,2026-07-09 00:30:00
ft_sal_002962,ft_evt_0055,Luisa Rodríguez,luisa.rodriguez46@gmail.com,306 800 1694,6,372000,WEB,2026-07-12 02:30:00
ft_sal_002963,ft_evt_0055,sara céspedes,sara.cespedes223@gmail.com,573078338858,2,120000,RRPP,2026-07-12 08:30:00
ft_sal_002964,ft_evt_0055,Sara Cifuentes,sara.cifuentes903@gmail.com,3187729209,2,280000,WEB,2026-07-07 09:30:00
ft_sal_002965,ft_evt_0055,Tatiana Salazar,tatiana.salazar@gmail.com,(+57) 310-901-3547,3,411000,WEB,2026-07-01 17:30:00
ft_sal_002966,ft_evt_0055,Cárdenas Daniela,daniel.cardenas82@hotmail.com,3038578806,1,47000,WEB,2026-07-11 08:30:00
ft_sal_002967,ft_evt_0055,Paula Vargas,paula.vargas797@gmail.com,328 728 9060,2,202000,WEB,2026-07-14 11:30:00
ft_sal_002968,ft_evt_0055,A. Betancur,alejandrabetancur269@hotmail.com,,2,94000,WEB,2026-07-12 09:30:00
ft_sal_002969,ft_evt_0055,Esteban Suárez,esteban.suarez86@hotmail.com,309 749 5720,1,42000,BOX_OFFICE,2026-07-20 09:30:00
ft_sal_002970,ft_evt_0055,Andrés Bermúdez,andresbermudez664@gmail.com,+57 311 8376560,6,354000,WEB,2026-07-13 06:30:00
ft_sal_002971,ft_evt_0055,Esteban Hernández,esteban.hernandez78@proton.me,+57 316 3016068,1,47000,WEB,2026-07-10 03:30:00
ft_sal_002972,ft_evt_0055,Valentina Ospina,valentina.ospina14@gmail.com,3108577496,6,246000,WEB,2026-07-13 11:30:00
ft_sal_002973,ft_evt_0055,JUAN BERMÚDEZ,juan.bermudez52+eventos@gmail.com,(+57) 323-650-0614,4,236000,ADMIN,2026-07-12 18:30:00
ft_sal_002974,ft_evt_0055,David Quintero,david.quintero19@hotmail.com,3277673645,3,129000,WEB,2026-07-15 10:30:00
ft_sal_002975,ft_evt_0055,Juliana Arango,juliana.arango73@yahoo.com,+57 303 2075633,3,141000,WEB,2026-07-10 09:30:00
ft_sal_002976,ft_evt_0055,CRISTIAN JIMÉNEZ,cristian.jimenez21@gmail.com,(+57) 316-753-4704,1,145000,WEB,2026-07-09 18:30:00
ft_sal_002977,ft_evt_0055,Carlos Gómez,carlos.gomez369+boletas@gmail.com,+57 311 8771095,6,576000,WEB,2026-07-11 23:30:00
ft_sal_002978,ft_evt_0055,Alejandra Mejía,alejandra.mejia991@gmail.com,3103988323,1,46000,WEB,2026-07-03 01:30:00
ft_sal_002979,ft_evt_0055,julián mejía,julian.mejia15@icloud.com,,4,248000,WEB,2026-07-06 01:30:00
ft_sal_002980,ft_evt_0055,Diana Arango,diana.aango@gmail.com,+57 300 1695709,2,124000,ADMIN,2026-07-09 02:30:00
ft_sal_002981,ft_evt_0055,L. Moreno,luisa.moreno@gmail.com,,1,58000,ADMIN,2026-07-09 03:30:00
ft_sal_002982,ft_evt_0055,Daniel Vargas,dniel.vargas13@gmail.com,(+57) 321-565-6428,1,0,ADMIN,2026-07-15 09:30:00
ft_sal_002983,ft_evt_0055,camila vargas,camila.vargas96@gmial.com,573063422238,1,49000,WEB,2026-07-17 18:30:00
ft_sal_002984,ft_evt_0055,Juliana Valencia,julianavalencia721@gmail.com,3213981125,1,60000,WEB,2026-07-15 04:30:00
ft_sal_002985,ft_evt_0055,Camilo Ortiz Suárez,camilo.ortiz93+spam@gmail.com,320 959 8179,2,84000,WEB,2026-07-09 00:30:00
ft_sal_002986,ft_evt_0055,Camila Salazar,camilasalazar70@hotmail.com,3003863921,1,61000,WEB,2026-07-07 01:30:00
ft_sal_002987,ft_evt_0055,David Ospina,davidospina409@hotmail.com,(+57) 313-074-2714,1,43000,WEB,2026-07-08 09:30:00
ft_sal_002988,ft_evt_0055,V. Hernández,valentinahernandez816@proton.me,(+57) 304-098-2585,1,43000,WEB,2026-07-07 12:30:00
ft_sal_002989,ft_evt_0055,Catalina Betancur,catalinabetancur858@gmail.com,573189715117,1,44000,WEB,2026-07-15 15:30:00
ft_sal_002990,ft_evt_0055,Catalina González,catalina.gonzalez76@gmail.com,316 821 8092,2,190000,WEB,2026-07-10 14:30:00
ft_sal_002991,ft_evt_0055,Diego Castro,diego.castro169@gmail.com,,1,42000,WEB,2026-07-07 13:30:00
ft_sal_002992,ft_evt_0055,Daniel Rojas,daniel.rojas@gmail.com,(+57) 320-171-6218,1,62000,WEB,2026-07-17 10:30:00
ft_sal_002993,ft_evt_0055,Laura Hernández,laura.hernandez@gmail.com,3063422378,1,61000,WEB,2026-07-07 11:30:00
ft_sal_002994,ft_evt_0055,Santiago Quintero,santiago.quintero85@gmail.com,314 473 8568,3,168000,WEB,2026-07-12 07:30:00
ft_sal_002995,ft_evt_0055,juliana moreno,julianamoreno26@gmail.com,3105965915,4,188000,WEB,2026-07-09 05:30:00
ft_sal_002996,ft_evt_0055,daniel cifuentes,danielcifuentes969@gmail.com,,1,98000,WEB,2026-07-06 17:30:00
ft_sal_002997,ft_evt_0055,Isabella Betancur,isabellabetancur587@icloud.com,(+57) 305-292-4563,2,0,WEB,2026-07-07 00:30:00
ft_sal_002998,ft_evt_0012,diego gómez,diego.gomez737@gmail.com,3161877014,2,86000,ADMIN,2026-07-14 09:30:00
ft_sal_002999,ft_evt_0012,S. Muñoz,santiago.munoz383@gmail.com,(+57) 315-870-1945,1,89000,WEB,2026-07-17 09:30:00
ft_sal_003000,ft_evt_0012,Ricardo Mejía,ricardomejia978@gmail.com,+57 317 4952790,2,196000,WEB,2026-07-09 09:30:00
ft_sal_003001,ft_evt_0012,laura gómez,laura.gomez846@gmail.com,3241384461,2,128000,WEB,2026-07-10 04:30:00
ft_sal_003002,ft_evt_0012,Felipe Muñoz,felipemunoz617@gmail.com,573086886874,1,58000,WEB,2026-07-07 18:30:00
ft_sal_003003,ft_evt_0012,Valentina Cardenas,valentinacardenas546@gmail.com,(+57) 312-374-6948,2,94000,BOX_OFFICE,2026-07-21 15:30:00
ft_sal_003004,ft_evt_0012,Nicolás Cifuentes,nicolascifuentes998@gmail.com,573015817520,2,194000,ADMIN,2026-07-12 03:30:00
ft_sal_003005,ft_evt_0012,maría jiménez,mariajimenez182@gmail.com,(+57) 324-654-0424,2,208000,WEB,2026-07-12 20:30:00
ft_sal_003006,ft_evt_0012,Camilo Guerrero,camiloguerrero843@gmail.com,320 707 5726,2,90000,ADMIN,2026-07-09 17:30:00
ft_sal_003007,ft_evt_0012,Ximena Hernández Guerrero,ximenahernandez432@gmail.com,302 598 2271,2,86000,BOX_OFFICE,2026-07-21 11:30:00
ft_sal_003008,ft_evt_0012,Óscar Bermúdez,oscar.bemudez14@outlook.com,(+57) 312-622-5208,1,63000,WEB,2026-07-05 09:30:00
ft_sal_003009,ft_evt_0012,Julián Valencia Céspedes,julian.valencia34@yahoo.com,,1,44000,WEB,2026-07-14 00:30:00
ft_sal_003010,ft_evt_0012,Martínez Daniel,daniel.martinez73@gmail.com,573228870856,1,132000,WEB,2026-07-19 14:30:00
ft_sal_003011,ft_evt_0012,Diana Cárdenas,dianacardenas74@gmail.com,573084236798,2,296000,WEB,2026-07-16 11:30:00
ft_sal_003012,ft_evt_0012,Isabella Guerrero,isabellaguerrero143@gmail.com,320 799 4676,2,114000,WEB,2026-07-10 20:30:00
ft_sal_003013,ft_evt_0012,Carlos Arango Restrepo,carlos.arango71@outlook.com,,2,200000,WEB,2026-07-06 02:30:00
ft_sal_003014,ft_evt_0012,Juliana Hernandez,juliana.hernandez572@gmail.com,,2,92000,BOX_OFFICE,2026-07-21 09:30:00
ft_sal_003015,ft_evt_0012,Juan Céspedes,juan.cespedes@icloud.com,3042602236,1,42000,ADMIN,2026-07-06 08:30:00
ft_sal_003016,ft_evt_0012,Ortiz Felipe,felipeortiz632@icloud.com,+57 313 6640431,3,309000,WEB,2026-07-10 01:30:00
ft_sal_003017,ft_evt_0012,Camilo Castro,camilocastro915@outlook.com,3043364055,4,376000,ADMIN,2026-07-07 13:30:00
ft_sal_003018,ft_evt_0012,MARIANA CIFUENTES,mariana.cifuentes5@gmail.com,(+57) 323-338-7715,1,103000,BOX_OFFICE,2026-07-21 05:30:00
ft_sal_003019,ft_evt_0012,Nicolás Mejía,nicolasmejia316@gmail.com,+57 324 7650741,1,46000,WEB,2026-07-15 04:30:00
ft_sal_003020,ft_evt_0012,paula ortiz,paula.ortiz78@gmail.com,(+57) 312-169-3879,2,202000,WEB,2026-07-11 19:30:00
ft_sal_003021,ft_evt_0012,Mateo Betancur,mateobetancur274@gmail.com,573178986646,3,147000,BOX_OFFICE,2026-07-21 14:30:00
ft_sal_003022,ft_evt_0012,Laura Ortiz,laura.ortiz4@gmail.com,+57 305 0217646,1,63000,ADMIN,2026-07-06 08:30:00
ft_sal_003023,ft_evt_0012,ANDRÉS OSPINA,andres.ospina503@gmail.com,317 818 0767,2,118000,WEB,2026-07-18 03:30:00
ft_sal_003024,ft_evt_0012,Guerrero Andrés,andresguerrero244@hotmail.com,(+57) 320-561-7846,2,90000,WEB,2026-07-13 01:30:00
ft_sal_003025,ft_evt_0012,Paula Bermúdez,paulabermudez507@outlook.com,(+57) 323-014-6479,1,48000,BOX_OFFICE,2026-07-21 02:30:00
ft_sal_003026,ft_evt_0012,JUAN SALAZAR,juansalazar144@outlook.com,573076343545,2,126000,BOX_OFFICE,2026-07-21 01:30:00
ft_sal_003027,ft_evt_0012,David Guerrero,davidguerrero86@outlook.com,,1,87000,WEB,2026-07-04 13:30:00
ft_sal_003028,ft_evt_0012,Felipe Moreno González,felipemoreno935@icloud.com,317 109 1846,1,48000,WEB,2026-07-08 18:30:00
ft_sal_003029,ft_evt_0012,Santiago Cardenas,santiagocardenas459@gmail.com,308 200 9066,1,44000,WEB,2026-07-09 13:30:00
ft_sal_003030,ft_evt_0012,Suárez Carlos,carlos.suarez@proton.me,3083401784,2,86000,BOX_OFFICE,2026-07-21 18:30:00
ft_sal_003031,ft_evt_0012,Juan Arango,juanarango456@gmail.com,573090148226,4,428000,WEB,2026-07-04 10:30:00
ft_sal_003032,ft_evt_0012,Alejandra Zapata,alejandrazapata691@gmail.com,,2,92000,WEB,2026-07-17 20:30:00
ft_sal_003033,ft_evt_0012,Mateo Moreno,mateomoreno626@gmail.com,,1,94000,WEB,2026-07-06 02:30:00
ft_sal_003034,ft_evt_0012,Paula González,paulagonzalez953@gmail.com,+57 318 0574356,3,135000,WEB,2026-07-18 20:30:00
ft_sal_003035,ft_evt_0012,Diego Muñoz,diego.munoz@hotmail.com,306 685 7255,4,364000,WEB,2026-07-11 18:30:00
ft_sal_003036,ft_evt_0012,Ricardo Rodríguez Ortiz,ricardorodriguez876@outlook.com,+57 306 1388937,4,260000,WEB,2026-07-14 12:30:00
ft_sal_003037,ft_evt_0012,Manuela Cifuentes,manuelacifuentes178@gmail.com,3080664167,1,45000,WEB,2026-07-11 07:30:00
ft_sal_003038,ft_evt_0012,Santiago Suárez,david.cespedes70@gmail.com,+57 317 6755858,4,380000,WEB,2026-07-01 19:30:00
ft_sal_003039,ft_evt_0012,Ricardo Ospina,ricardoospina373@outlook.com,3208746076,1,0,WEB,2026-07-06 15:30:00
ft_sal_003040,ft_evt_0012,Camila Mejia,camilamejia764@hotmail.com,+57 303 2933268,1,45000,BOX_OFFICE,2026-07-21 00:30:00
ft_sal_003041,ft_evt_0012,Mariana Rojas,mariaa.rojas59@gmail.com,(+57) 325-552-6872,2,130000,WEB,2026-07-16 02:30:00
ft_sal_003042,ft_evt_0012,Óscar Zapata,OSCAR.ZAPATA30@GMAIL.COM,(+57) 311-894-9563,3,126000,WEB,2026-07-03 10:30:00
ft_sal_003043,ft_evt_0012,LAURA ZAPATA,laura.zapata966@gmail.com,3233975094,1,57000,BOX_OFFICE,2026-07-21 19:30:00
ft_sal_003044,ft_evt_0012,Diego Castro,diegocastro428@gmail.com,573299118905,3,132000,WEB,2026-07-03 06:30:00
ft_sal_003045,ft_evt_0012,Alejandra González,alejandragonzalez113@gmail.com,+57 312 6727187,2,178000,WEB,2026-07-13 19:30:00
ft_sal_003046,ft_evt_0012,DANIEL OSPINA,daniel.ospina+spam@hotmail.com,307 024 1335,2,86000,WEB,2026-07-06 07:30:00
ft_sal_003047,ft_evt_0012,Oscar Castro,oscar.castro71@gmial.com,(+57) 329-803-8026,3,135000,WEB,2026-07-12 20:30:00
ft_sal_003048,ft_evt_0012,Alejandra Vargas,alejandra.vargas@yahoo.com,573257933154,1,62000,BOX_OFFICE,2026-07-21 18:30:00
ft_sal_003049,ft_evt_0012,Camilo Restrepo,camilorestrepo691@icloud.com,573128608426,2,132000,WEB,2026-07-16 10:30:00
ft_sal_003050,ft_evt_0012,Alejandra Valencia,alejandravalencia503@outlook.com,324 215 4648,3,135000,WEB,2026-07-12 01:30:00
ft_sal_003051,ft_evt_0012,Valentina Mejía,valentina.mejia@gmail.com,311 333 9466,3,174000,WEB,2026-07-07 00:30:00
ft_sal_003052,ft_evt_0012,I. Bermúdez,isabellabermudez398@gmail.com,319 184 0285,2,80000,WEB,2026-07-05 05:30:00
ft_sal_003053,ft_evt_0012,Sebastián Vargas Zapata,sebastianvargas553@hotmail.com,301 469 3066,3,171000,WEB,2026-07-13 20:30:00
ft_sal_003054,ft_evt_0012,Mateo Bermúdez,mateobermudez999@gmail.com,573026688066,1,0,WEB,2026-07-16 18:30:00
ft_sal_003055,ft_evt_0012,Camilo Ospina,camiloospina288@gmail.com,,2,122000,WEB,2026-07-18 12:30:00
ft_sal_003056,ft_evt_0012,Natalia Valencia Valencia,natalia.valencia40@gmail.com,318 050 3786,1,0,WEB,2026-07-13 20:30:00
ft_sal_003057,ft_evt_0012,Diego Cifuentes,diego.cifuentes870@gmail.com,,2,90000,WEB,2026-07-08 11:30:00
ft_sal_003058,ft_evt_0012,I. Salazar,isabellasalazar875@gmail.com,573225019650,3,462000,BOX_OFFICE,2026-07-21 00:30:00
ft_sal_003059,ft_evt_0012,Carolina Zapata,carolinazapata960@gmail.com,+57 320 0879767,3,423000,WEB,2026-07-02 20:30:00
ft_sal_003060,ft_evt_0012,Mariana Moreno,marianamoreno863@gmail.com,3263825203,1,57000,RRPP,2026-07-16 12:30:00
ft_sal_003061,ft_evt_0012,Andrea Martínez,andrea.martinez42@gmail.com,+57 308 7465287,3,120000,WEB,2026-07-15 10:30:00
ft_sal_003062,ft_evt_0012,Diego Peña,DIEGO.PENA917@GMAIL.COM,+57 329 7193282,2,0,ADMIN,2026-07-14 03:30:00
ft_sal_003063,ft_evt_0012,FELIPE ORTIZ,felipeortiz699@hotmail.com,,2,170000,WEB,2026-07-10 03:30:00
ft_sal_003064,ft_evt_0012,Laura Moreno,laura.moreno66@gmail.com,+57 311 5136847,1,46000,BOX_OFFICE,2026-07-21 19:30:00
ft_sal_003065,ft_evt_0012,C. Muñoz,carlosmunoz678@gmail.com,312 982 5461,1,144000,RRPP,2026-07-04 05:30:00
ft_sal_003066,ft_evt_0012,Sara López,saralopez774@hotmail.com,+57 301 8678297,4,176000,WEB,2026-07-15 03:30:00
ft_sal_003067,ft_evt_0012,Gómez Alejandra,alejandra.gomez18615@gmail.com,573045626192,4,256000,WEB,2026-07-11 11:30:00
ft_sal_003068,ft_evt_0012,Manuela Gómez,manuelagomez744@outlook.com,3049009243,2,86000,WEB,2026-07-07 00:30:00
ft_sal_003069,ft_evt_0012,catalina guerrero,catalina.guerrero28@gmail.com,3128763023,1,46000,BOX_OFFICE,2026-07-21 09:30:00
ft_sal_003070,ft_evt_0012,Guerrero Alejandro,alejandroguerrero742@gmail.com,573120095177,1,0,WEB,2026-07-13 15:30:00
ft_sal_003071,ft_evt_0012,L. Bermúdez,laurabermudez274@gmail.com,(+57) 307-874-7694,1,59000,WEB,2026-07-16 00:30:00
ft_sal_003072,ft_evt_0012,Julián Martínez,julianmartinez340@gmail.com,302 702 8615,3,174000,WEB,2026-07-15 11:30:00
ft_sal_003073,ft_evt_0012,SANTIAGO SUÁREZ,santiagosuarez358@proton.me,3233173556,1,0,WEB,2026-07-12 05:30:00
ft_sal_003074,ft_evt_0012,maría cifuentes,maria.cifuentes38@gmail.com,+57 327 2280016,2,96000,RRPP,2026-07-12 14:30:00
ft_sal_003075,ft_evt_0012,Cristian Salazar Hernández,cristiansalazar546@gmail.com,573188357666,1,0,WEB,2026-07-16 06:30:00
ft_sal_003076,ft_evt_0012,Óscar Valencia,oscar.valencia@gmail.com,+57 313 1638930,1,96000,WEB,2026-07-17 01:30:00
ft_sal_003077,ft_evt_0012,camilo zapata,camilo.zapata541+eventos@gmail.com,(+57) 304-732-7726,1,61000,WEB,2026-07-06 10:30:00
ft_sal_003078,ft_evt_0030,Juan Muñoz,juan.munoz@hotmail.com,573020419978,2,116000,BOX_OFFICE,2026-07-22 16:00:00
ft_sal_003079,ft_evt_0030,Catalina Peña,catalina.pena320@gmail.com,573163448094,1,45000,WEB,2026-07-08 06:00:00
ft_sal_003080,ft_evt_0030,Jiménez David,david.jimenez569@gmail.com,3025271857,2,88000,WEB,2026-07-10 00:00:00
ft_sal_003081,ft_evt_0030,Tatiana Zapata,tatianazapata387@yahoo.com,,3,138000,WEB,2026-07-16 04:00:00
ft_sal_003082,ft_evt_0030,Catalina Muñoz,CATALINA.MUNOZ842@GMAIL.COM,3242028132,1,50000,WEB,2026-07-13 18:00:00
ft_sal_003083,ft_evt_0030,Ricardo Castro,ricardo.castro+spam@gmail.com,(+57) 307-586-7943,2,0,WEB,2026-07-02 12:00:00
ft_sal_003084,ft_evt_0030,Nicolás Mejía,nicolas.mejia@gmail.com,3102052148,2,90000,WEB,2026-07-09 10:00:00
ft_sal_003085,ft_evt_0030,Juan Quintero,juan.quintero34@hotmail.com,,1,45000,WEB,2026-07-17 04:00:00
ft_sal_003086,ft_evt_0030,A. Betancur,alejandro.betancur76@gmail.com,573087242102,1,0,WEB,2026-07-16 10:00:00
ft_sal_003087,ft_evt_0030,Paula González,catalina.cardenas17@yahoo.com,320 103 7098,2,298000,BOX_OFFICE,2026-07-22 10:00:00
ft_sal_003088,ft_evt_0030,Quintero Óscar,oscar.quintero80@gmail.com,+57 300 0236138,1,39000,WEB,2026-07-09 02:00:00
ft_sal_003089,ft_evt_0030,Ortiz Alejandro,alejandro.ortiz869@gmail.com,(+57) 305-866-1141,1,45000,WEB,2026-07-15 11:00:00
ft_sal_003090,ft_evt_0030,María Restrepo,mariarestrepo663@gmail.com,(+57) 319-448-5578,2,0,WEB,2026-07-13 14:00:00
ft_sal_003091,ft_evt_0030,Alejandro Peña,alejandro.pena@gmial.com,573257173511,3,180000,WEB,2026-07-12 10:00:00
ft_sal_003092,ft_evt_0030,RICARDO MARTÍNEZ,ricardo.martinez908+boletas@gmail.com,+57 328 3468055,1,40000,ADMIN,2026-07-21 11:00:00
ft_sal_003093,ft_evt_0030,Sebastián Martínez,sebastianmartinez477@gmail.com,+57 319 9987735,2,196000,WEB,2026-06-30 11:00:00
ft_sal_003094,ft_evt_0030,Nicolás López,nicolaslopez239@proton.me,573272117373,3,129000,WEB,2026-07-04 10:00:00
ft_sal_003095,ft_evt_0030,Diego González,dieg.gonzalez5@gmail.com,573252025104,2,90000,WEB,2026-07-15 11:00:00
ft_sal_003096,ft_evt_0030,Camila Betancur,camilabetancur351@outlook.com,3209558286,1,44000,WEB,2026-07-11 20:00:00
ft_sal_003097,ft_evt_0030,Esteban Bermúdez,esteban.bermudez155@gmail.com,324 629 5822,2,124000,WEB,2026-07-11 06:00:00
ft_sal_003098,ft_evt_0030,CATALINA CIFUENTES,catalina.cifuentes716@hotmail.com,303 960 2688,4,380000,WEB,2026-07-20 18:00:00
ft_sal_003099,ft_evt_0030,Carolina Ospina,carolina.ospina269@gmail.com,317 913 3802,3,414000,WEB,2026-07-17 06:00:00
ft_sal_003100,ft_evt_0030,Laura Suárez,laurasuarez58@gmail.com,+57 323 1347901,2,94000,WEB,2026-07-09 14:00:00
ft_sal_003101,ft_evt_0030,Alejandro Restrepo Betancur,alejandro.restrepo51@hotmail.com,321 230 5333,1,46000,WEB,2026-07-17 14:00:00
ft_sal_003102,ft_evt_0030,Mariana Jiménez,mariana.jimenez92@gmial.com,326 237 3435,3,267000,ADMIN,2026-07-15 20:00:00
ft_sal_003103,ft_evt_0030,Laura Ospina Martínez,laura.ospina968@gmail.com,,2,192000,WEB,2026-07-09 07:00:00
ft_sal_003104,ft_evt_0030,Miguel Gomez,miguelgomez132@gmail.com,(+57) 303-729-7049,1,0,WEB,2026-07-17 13:00:00
ft_sal_003105,ft_evt_0030,Quintero Ricardo,ricardo.quintero34@gmial.com,,1,46000,BOX_OFFICE,2026-07-22 19:00:00
ft_sal_003106,ft_evt_0030,Cárdenas Carolina,carolinacardenas662@hotmail.com,3265715953,3,204000,WEB,2026-07-19 13:00:00
ft_sal_003107,ft_evt_0030,Peña Alejandra,alejandra.pena@gmail.com,3091815246,1,67000,ADMIN,2026-07-16 10:00:00
ft_sal_003108,ft_evt_0030,Muñoz Andrés,andresmunoz398@gmail.com,+57 325 9323698,2,90000,WEB,2026-07-08 18:00:00
ft_sal_003109,ft_evt_0030,Camila Cárdenas González,camila.cardenas@gmail.com,+57 329 5654373,3,261000,WEB,2026-07-09 04:00:00
ft_sal_003110,ft_evt_0030,M. Arango,juliana.suarez15@icloud.com,3066647343,2,190000,BOX_OFFICE,2026-07-22 11:00:00
ft_sal_003111,ft_evt_0030,carlos suárez,carlos.suarez@proton.me,3083401748,2,0,WEB,2026-07-13 18:00:00
ft_sal_003112,ft_evt_0030,C. Quintero,carlos.quintero959@gmail.com,,3,381000,WEB,2026-07-12 20:00:00
ft_sal_003113,ft_evt_0030,Esteban Valencia Betancur,estebanvalencia334@gmail.com,3042965237,6,828000,WEB,2026-07-14 12:00:00
ft_sal_003114,ft_evt_0030,David Valencia Valencia,david.valencia30@gmail.com,3229964962,2,118000,WEB,2026-07-13 02:00:00
ft_sal_003115,ft_evt_0030,Daniela Cifuentes,daniela.cifuentes50@gmail.com,300 037 8464,1,48000,WEB,2026-07-18 01:00:00
ft_sal_003116,ft_evt_0030,González Andrés,andresgonzalez404@gmail.com,+57 318 6021423,1,138000,WEB,2026-07-11 06:00:00
ft_sal_003117,ft_evt_0030,Fabián Betancur,fabian.betancur64@outlook.com,+57 310 6147887,3,174000,WEB,2026-07-19 20:00:00
ft_sal_003118,ft_evt_0030,Carolina Restrepo Rodríguez,carolina.restrepo44@yahoo.com,573041080621,1,47000,WEB,2026-07-07 07:00:00
ft_sal_003119,ft_evt_0030,Luisa Betancur Gómez,luisa.betancur569@gmail.com,+57 310 0034796,1,62000,WEB,2026-07-10 14:00:00
ft_sal_003120,ft_evt_0030,Carlos Jiménez,camilo.ortiz743@gmail.com,573128478203,1,40000,WEB,2026-07-19 15:00:00
ft_sal_003121,ft_evt_0030,luisa bermúdez,luisabermudez403@proton.me,3042062843,2,196000,WEB,2026-07-16 00:00:00
ft_sal_003122,ft_evt_0030,Felipe Vargas Mejía,felipe.vargas143@gmail.com,+57 308 8284100,1,50000,WEB,2026-07-14 05:00:00
ft_sal_003123,ft_evt_0030,Ricardo Moreno,ricardo.moreno394@gmail.com,3187175136,1,134000,WEB,2026-07-19 16:00:00
ft_sal_003124,ft_evt_0030,Moreno Esteban,estebanmoreno88@gmail.com,+57 309 8308225,4,180000,BOX_OFFICE,2026-07-22 09:00:00
ft_sal_003125,ft_evt_0030,M. Céspedes,marianacespedes289@gmail.com,303 104 1905,1,65000,WEB,2026-07-13 09:00:00
ft_sal_003126,ft_evt_0030,Valentina Ortiz,valentina.ortiz69@gmail.com,(+57) 307-606-3747,1,133000,ADMIN,2026-07-14 15:00:00
ft_sal_003127,ft_evt_0030,Alejandro Valencia,alejandrovalencia775@outlook.com,3261048815,2,84000,WEB,2026-07-15 03:00:00
ft_sal_003128,ft_evt_0030,Diana López,diaa.lopez877@gmail.com,319 993 9665,1,45000,WEB,2026-07-14 12:00:00
ft_sal_003129,ft_evt_0030,julián jiménez,julian.jimenez55+spam@hotmail.com,3125593605,2,114000,WEB,2026-07-18 03:00:00
ft_sal_003130,ft_evt_0030,Esteban Peña,esteban.pena@gmail.com,+57 306 6538892,1,0,BOX_OFFICE,2026-07-22 11:00:00
ft_sal_003131,ft_evt_0030,Mateo Bermúdez,mateobermudez642@outlook.com,+57 302 2739409,2,120000,WEB,2026-07-01 12:00:00
ft_sal_003132,ft_evt_0030,alejandro cifuentes,alejandrocifuentes873@gmail.com,+57 308 2667645,2,82000,WEB,2026-06-30 12:00:00
ft_sal_003133,ft_evt_0030,Diana Cárdenas,diana.cardenas56+spam@gmail.com,3116418454,1,44000,WEB,2026-07-13 08:00:00
ft_sal_003134,ft_evt_0030,Andrea Céspedes,andreacespedes580@gmail.com,,2,88000,WEB,2026-07-09 10:00:00
ft_sal_003135,ft_evt_0030,D. Arango,diego.arango+spam@gmail.com,573164325185,6,264000,WEB,2026-07-15 14:00:00
ft_sal_003136,ft_evt_0030,Sara Valencia,SARA.VALENCIA67@GMAIL.COM,3226108907,1,0,WEB,2026-07-13 14:00:00
ft_sal_003137,ft_evt_0030,Catalina Peña,valentina.cardenas42@hotmail.com,(+57) 301-451-3917,2,94000,WEB,2026-07-16 09:00:00
ft_sal_003138,ft_evt_0030,Valencia Daniel,daniel.valencia690+eventos@gmail.com,+57 322 6471528,2,88000,WEB,2026-07-13 10:00:00
ft_sal_003139,ft_evt_0030,Felipe Salazar,felipesalazar246@gmail.com,+57 305 1331848,3,132000,BOX_OFFICE,2026-07-22 03:00:00
ft_sal_003140,ft_evt_0030,Santiago Arango,santiagoarango872@outlook.com,+57 327 9061860,3,138000,WEB,2026-07-15 10:00:00
ft_sal_003141,ft_evt_0030,Mejía Mariana,MARIANA.MEJIA@GMAIL.COM,3156749062,1,45000,WEB,2026-07-12 13:00:00
ft_sal_003142,ft_evt_0030,Cristian Suárez,cristian.suarez98@gmail.com,312 405 2193,1,42000,WEB,2026-07-15 17:00:00
ft_sal_003143,ft_evt_0030,MANUELA GUERRERO,manuela.guerrero@yahoo.com,3006161428,1,55000,WEB,2026-07-04 03:00:00
ft_sal_003144,ft_evt_0030,camila muñoz,camila.munz27@hotmail.com,(+57) 308-748-6896,4,372000,WEB,2026-07-17 18:00:00
ft_sal_003145,ft_evt_0030,DIANA CÁRDENAS,dianacardenas248@hotmail.com,(+57) 309-928-6913,1,46000,WEB,2026-07-18 00:00:00
ft_sal_003146,ft_evt_0030,Mariana Guerrero,MARIANA.GUERRERO@GMAIL.COM,573151523305,1,44000,WEB,2026-07-20 20:00:00
ft_sal_003147,ft_evt_0030,Manuela Mejía,manuela.mejia30@outlok.com,(+57) 324-254-2463,1,57000,WEB,2026-07-16 15:00:00
ft_sal_003148,ft_evt_0030,Carolina Jiménez,carolina.jimenez54@gmial.com,573077691137,1,54000,WEB,2026-07-16 07:00:00
ft_sal_003149,ft_evt_0030,Jiménez Valentina,valentinajimenez956@hotmail.com,3141091998,2,120000,WEB,2026-07-15 02:00:00
ft_sal_003150,ft_evt_0030,Fabián Castro,fabiancastro996@proton.me,313 136 3666,2,180000,WEB,2026-07-13 15:00:00
ft_sal_003151,ft_evt_0030,Juan Céspedes,jan.cespedes@proton.me,,1,56000,ADMIN,2026-07-09 05:00:00
ft_sal_003152,ft_evt_0030,Manuela Suárez,manuel.suarez23@proton.me,308 649 1251,1,94000,WEB,2026-07-01 09:00:00
ft_sal_003153,ft_evt_0030,Catalina Muñoz,catalina.munoz782@hotmail.com,,2,114000,ADMIN,2026-07-13 17:00:00
ft_sal_003154,ft_evt_0030,Mateo Betancur,mateobetancur362@gmail.com,573079525408,2,92000,WEB,2026-07-17 07:00:00
ft_sal_003155,ft_evt_0030,David Quintero Guerrero,david.quintero28@hotmail.com,573130565292,1,103000,BOX_OFFICE,2026-07-22 00:00:00
ft_sal_003156,ft_evt_0030,Alejandro Cifuentes Valencia,alejandrocifuentes89@gmail.com,,2,280000,WEB,2026-07-15 09:00:00
ft_sal_003157,ft_evt_0030,Óscar Castro López,oscar.castro@hotmail.com,(+57) 304-769-6631,2,120000,WEB,2026-07-11 00:00:00
ft_sal_003158,ft_evt_0030,Carlos Ortiz,carlos.ortiz323@hotmial.com,3296975556,2,118000,WEB,2026-07-12 07:00:00
ft_sal_003159,ft_evt_0030,Sara Bermúdez Moreno,sara.bermudez82@gmail.com,+57 300 1220911,1,46000,WEB,2026-07-13 02:00:00
ft_sal_003160,ft_evt_0030,Julián Ramírez,julianramirez574@outlook.com,(+57) 327-565-0543,4,0,WEB,2026-07-14 09:00:00
ft_sal_003161,ft_evt_0030,Óscar Vargas,oscar.vargas64@gmail.com,307 134 2781,3,171000,WEB,2026-07-12 02:00:00
ft_sal_003162,ft_evt_0030,Diana Ramírez,paula.valencia47@hotmail.com,313 295 1023,2,194000,WEB,2026-07-19 08:00:00
ft_sal_003163,ft_evt_0030,tatiana lópez,tatiana.lopez54@gmail.com,573108818490,1,43000,WEB,2026-07-09 19:00:00
ft_sal_003164,ft_evt_0030,Natalia Vargas Ortiz,natalia.vargas@hotmail.com,3190947870,1,94000,WEB,2026-07-12 06:00:00
ft_sal_003165,ft_evt_0030,J. Ramírez,juan.ramirz35@gmail.com,+57 306 4208936,1,93000,WEB,2026-07-08 09:00:00
ft_sal_003166,ft_evt_0030,Sebastián Ospina Restrepo,sebastian.ospina318@gmail.com,(+57) 315-040-3070,2,92000,ADMIN,2026-07-15 13:00:00
ft_sal_003167,ft_evt_0030,Isabella Martínez,isabellamartinez942@gmail.com,,1,64000,BOX_OFFICE,2026-07-22 11:00:00
ft_sal_003168,ft_evt_0030,Mariana Quintero,mariana.quintero504@gmail.com,573063560850,3,126000,WEB,2026-07-09 17:00:00
ft_sal_003169,ft_evt_0030,J. Suárez,juliana.suarez65@gmail.com,573187671053,1,0,RRPP,2026-07-03 06:00:00
ft_sal_003170,ft_evt_0030,Paula Cifuentes,paulacifuentes415@hotmail.com,(+57) 304-218-1405,4,0,WEB,2026-07-11 09:00:00
ft_sal_003171,ft_evt_0030,Miguel Moreno Salazar,miguel.moreno@gmail.com,,2,88000,WEB,2026-07-14 03:00:00
ft_sal_003172,ft_evt_0030,Vargas Andrea,andreavargas387@gmail.com,327 997 1741,3,273000,WEB,2026-07-17 03:00:00
ft_sal_003173,ft_evt_0030,natalia céspedes,natalia.cespedes44@gmail.com,+57 329 7485907,1,42000,WEB,2026-07-09 12:00:00
ft_sal_003174,ft_evt_0030,CAMILA SALAZAR,camila.salazar50@gmail.com,573237289014,1,87000,WEB,2026-07-19 07:00:00
ft_sal_003175,ft_evt_0030,Esteban Bermudez,esteban.bermudez@icloud.com,573159333557,1,46000,WEB,2026-07-10 06:00:00
ft_sal_003176,ft_evt_0030,DIEGO GONZÁLEZ,diego.gonzalez5@yahoo.com,573049998177,2,268000,WEB,2026-07-11 14:00:00
ft_sal_003177,ft_evt_0030,Daniel Rojas,danielrojas970@gmail.com,312 851 4538,2,184000,WEB,2026-07-09 08:00:00
ft_sal_003178,ft_evt_0030,Sebastián Suárez,sebastiansuarez283@gmail.com,307 314 9105,4,176000,WEB,2026-07-11 08:00:00
ft_sal_003179,ft_evt_0030,Sebastián Hernández,sebastianhernandez708@hotmail.com,+57 317 9272785,2,86000,WEB,2026-07-10 00:00:00
ft_sal_003180,ft_evt_0030,Carolina Guerrero,carolina.guerrero42@outlook.com,,4,360000,WEB,2026-07-15 13:00:00
ft_sal_003181,ft_evt_0030,ESTEBAN RAMÍREZ,estebanramirez461@gmail.com,3249840146,1,103000,WEB,2026-07-14 18:00:00
ft_sal_003182,ft_evt_0030,Cárdenas Isabella,isabellacardenas470@hotmail.com,3145872695,2,248000,WEB,2026-07-05 17:00:00
ft_sal_003183,ft_evt_0030,Alejandro Bermúdez,mariana.zapata@hotmail.com,573235066061,3,144000,WEB,2026-07-15 04:00:00
ft_sal_003184,ft_evt_0030,Óscar Moreno,OSCAR.MORENO@GMAIL.COM,573015170513,2,82000,WEB,2026-07-08 18:00:00
ft_sal_003185,ft_evt_0030,Diego Valencia Vargas,diego.valencia@icloud.com,305 141 3977,2,198000,WEB,2026-07-15 11:00:00
ft_sal_003186,ft_evt_0030,Camila Mejía,camila.mejia@yahoo.com,+57 326 7675377,2,282000,WEB,2026-07-08 16:00:00
ft_sal_003187,ft_evt_0030,MARÍA ORTIZ,maria.ortiz@gmail.com,311 307 4944,1,62000,ADMIN,2026-07-17 20:00:00
ft_sal_003188,ft_evt_0030,Santiago González,santiago.gonzalez159@gmail.com,+57 321 1166389,1,60000,BOX_OFFICE,2026-07-22 11:00:00
ft_sal_003189,ft_evt_0030,Hernández Camila,camila.herandez88@gmail.com,+57 322 7775564,2,122000,WEB,2026-07-13 06:00:00
ft_sal_003190,ft_evt_0021,Camila Cardenas,camilacardenas245@gmail.com,(+57) 317-125-1703,2,124000,WEB,2026-07-11 20:00:00
ft_sal_003191,ft_evt_0021,Camila Salazar,camila.salazar69@hotmial.com,3186156544,2,90000,WEB,2026-07-08 10:00:00
ft_sal_003192,ft_evt_0021,María Martínez,mariamartinez877@gmail.com,3179469074,4,580000,WEB,2026-07-15 19:00:00
ft_sal_003193,ft_evt_0021,Sara Suárez,sarasuarez305@gmail.com,+57 323 4117308,2,90000,BOX_OFFICE,2026-07-23 00:00:00
ft_sal_003194,ft_evt_0021,Nicolas Betancur,nicolasbetancur472@gmail.com,304 387 3082,2,258000,WEB,2026-07-13 12:00:00
ft_sal_003195,ft_evt_0021,Nicolas Valencia,nicolasvalencia58@hotmail.com,,2,184000,WEB,2026-07-16 17:00:00
ft_sal_003196,ft_evt_0021,Sebastián Betancur,sebastian.betancr74@gmail.com,315 614 5671,3,132000,BOX_OFFICE,2026-07-23 20:00:00
ft_sal_003197,ft_evt_0021,Sebastián Mejía,sebastian.mejia@gmail.com,+57 329 5768923,3,123000,WEB,2026-07-13 11:00:00
ft_sal_003198,ft_evt_0021,María Jiménez Hernández,MARIA.JIMENEZ97@GMAIL.COM,3115098982,1,42000,WEB,2026-07-12 15:00:00
ft_sal_003199,ft_evt_0021,Valentina Peña,valentina.pena721@gmail.com,573106235509,1,58000,BOX_OFFICE,2026-07-23 17:00:00
ft_sal_003200,ft_evt_0021,Daniela Martínez,danielamartinez56@gmail.com,3062480523,2,90000,BOX_OFFICE,2026-07-23 19:00:00
ft_sal_003201,ft_evt_0021,Julian Cifuentes,julian.cifuntes99@hotmail.com,+57 300 3860780,2,106000,RRPP,2026-07-15 11:00:00
ft_sal_003202,ft_evt_0021,L. Mejía,luisamejia807@outlook.com,322 651 0435,1,95000,BOX_OFFICE,2026-07-23 14:00:00
ft_sal_003203,ft_evt_0021,Ó. Martínez,OSCAR.MARTINEZ@OUTLOOK.COM,573175437727,1,44000,WEB,2026-07-16 16:00:00
ft_sal_003204,ft_evt_0021,Diana Bermúdez Arango,diana.bermudez@hotmail.com,(+57) 329-317-3309,1,91000,WEB,2026-07-05 01:00:00
ft_sal_003205,ft_evt_0021,Sebastián Muñoz Ospina,sebastian.munoz295@gmail.com,573202866723,1,59000,WEB,2026-07-13 04:00:00
ft_sal_003206,ft_evt_0021,Isabella Suárez Ortiz,isabellasuarez834@gmail.com,317 719 3419,1,0,WEB,2026-07-15 20:00:00
ft_sal_003207,ft_evt_0021,camila arango,camilaarango702@icloud.com,(+57) 308-519-5284,2,0,WEB,2026-07-03 01:00:00
ft_sal_003208,ft_evt_0021,Andrés Cárdenas,andrescardenas952@gmail.com,+57 324 5537014,1,46000,WEB,2026-07-09 08:00:00
ft_sal_003209,ft_evt_0021,Fabián Martínez,FABIAN.MARTINEZ671@GMAIL.COM,(+57) 324-489-1549,1,55000,WEB,2026-07-18 20:00:00
ft_sal_003210,ft_evt_0021,Paula Moreno,paula.moreno@gmail.com,+57 312 2930041,1,60000,WEB,2026-07-18 19:00:00
ft_sal_003211,ft_evt_0021,Esteban Moreno,estebanmoreno553@gmail.com,(+57) 321-904-9311,1,59000,WEB,2026-07-07 19:00:00
ft_sal_003212,ft_evt_0021,Valentina Cespedes,valentinacespedes394@gmail.com,3045931332,1,47000,WEB,2026-07-08 19:00:00
ft_sal_003213,ft_evt_0021,Oscar Valencia,oscarvalencia911@yahoo.com,+57 322 6627044,3,195000,WEB,2026-07-10 15:00:00
ft_sal_003214,ft_evt_0021,diana salazar,diana.salazar11@yahoo.com,304 451 8470,1,62000,WEB,2026-07-05 07:00:00
ft_sal_003215,ft_evt_0021,Andrea Bermúdez,andrea.bermudez60+compras@gmail.com,+57 329 5364228,2,0,WEB,2026-07-16 12:00:00
ft_sal_003216,ft_evt_0021,Oscar Lopez,oscar.lopez23@outlook.com,+57 328 7397330,1,49000,WEB,2026-07-18 17:00:00
ft_sal_003217,ft_evt_0021,Ximena Zapata,ximena.zapata@gmail.com,+57 314 2010922,2,82000,WEB,2026-07-19 08:00:00
ft_sal_003218,ft_evt_0021,María Arango,mariaarango434@hotmail.com,3134195966,6,270000,WEB,2026-07-09 01:00:00
ft_sal_003219,ft_evt_0021,Camilo Vargas,camilovargas909@hotmail.com,(+57) 328-978-8769,1,137000,WEB,2026-07-14 00:00:00
ft_sal_003220,ft_evt_0021,Ricardo Ortiz,ricardo.ortiz@gmail.com,+57 312 3929010,4,264000,ADMIN,2026-07-12 11:00:00
ft_sal_003221,ft_evt_0021,Felipe Arango,felipearango265@gmail.com,3117226963,2,0,WEB,2026-07-18 00:00:00
ft_sal_003222,ft_evt_0021,Andrés López,andreslopez861@hotmail.com,3234015228,2,96000,ADMIN,2026-07-21 00:00:00
ft_sal_003223,ft_evt_0021,Isabella López,isabellalopez69@gmail.com,319 687 2889,1,104000,WEB,2026-07-14 03:00:00
ft_sal_003224,ft_evt_0021,Ximena Cifuentes,ximenacifuentes768@gmail.com,327 592 9907,1,97000,WEB,2026-07-12 10:00:00
ft_sal_003225,ft_evt_0021,santiago muñoz,santiagomunoz415@hotmail.com,+57 300 5228702,2,120000,WEB,2026-07-07 12:00:00
ft_sal_003226,ft_evt_0021,PAULA HERNÁNDEZ,paulahernandez611@gmail.com,300 318 1038,2,100000,WEB,2026-07-20 00:00:00
ft_sal_003227,ft_evt_0021,Ricardo Suárez,ricardosuarez290@gmail.com,573156164940,1,58000,WEB,2026-07-20 13:00:00
ft_sal_003228,ft_evt_0021,JUAN BERMÚDEZ,juan.bermudez80@yahoo.com,+57 320 8777010,1,46000,ADMIN,2026-07-12 13:00:00
ft_sal_003229,ft_evt_0021,Carolina Mejía,carolina.mejia74@gmail.com,3215650877,2,284000,WEB,2026-07-10 10:00:00
ft_sal_003230,ft_evt_0021,Alejandra Muñoz,alejandra.munoz68@hotmail.com,(+57) 316-294-5526,1,43000,WEB,2026-07-21 03:00:00
ft_sal_003231,ft_evt_0021,Camila Rojas,camilarojas337@gmail.com,+57 326 1549727,2,0,WEB,2026-07-03 01:00:00
ft_sal_003232,ft_evt_0021,daniel martínez,daniel.martinez48977+boletas@gmail.com,,2,202000,WEB,2026-07-16 11:00:00
ft_sal_003233,ft_evt_0021,camila jiménez,camila.jimenez86@gmail.com,573294176206,2,98000,BOX_OFFICE,2026-07-23 07:00:00
ft_sal_003234,ft_evt_0021,Luisa Céspedes,fabian.rodriguez@gmail.com,3092360470,1,139000,BOX_OFFICE,2026-07-23 02:00:00
ft_sal_003235,ft_evt_0021,Castro Alejandro,alejandro.castro59@hotmial.com,(+57) 307-429-1102,2,246000,WEB,2026-07-12 15:00:00
ft_sal_003236,ft_evt_0021,Laura Valencia Céspedes,laura.valencia@outlook.com,(+57) 328-069-6358,3,135000,WEB,2026-07-11 01:00:00
ft_sal_003237,ft_evt_0021,X. Arango,ximenaarango648@icloud.com,573167383178,1,45000,WEB,2026-07-07 07:00:00
ft_sal_003238,ft_evt_0021,Juliana Rojas,juliana.rojas13@outlook.com,3000801035,2,126000,WEB,2026-07-14 13:00:00
ft_sal_003239,ft_evt_0021,Daniela Salazar,danielasalazar113@gmail.com,3199576843,2,264000,ADMIN,2026-07-14 15:00:00
ft_sal_003240,ft_evt_0021,Esteban Bermúdez,esteban.bermudez+eventos@outlook.com,+57 309 1851108,2,184000,WEB,2026-07-08 05:00:00
ft_sal_003241,ft_evt_0021,cristian rodríguez,cristian.rodriguez330@gmail.com,+57 316 3080696,4,0,BOX_OFFICE,2026-07-23 15:00:00
ft_sal_003242,ft_evt_0004,Daniel Salazar,danielsalazar288@icloud.com,318 369 9901,1,0,WEB,2026-07-05 13:30:00
ft_sal_003243,ft_evt_0004,Ramírez Camila,camila.ramirez@outlook.com,(+57) 303-054-9469,2,0,WEB,2026-07-11 19:30:00
ft_sal_003244,ft_evt_0004,Mejía Catalina,carolina.bermudez59@hotmail.com,,1,0,WEB,2026-07-12 01:30:00
ft_sal_003245,ft_evt_0004,C. Castro,camilacastro21@gmail.com,310 817 0406,1,0,WEB,2026-07-09 04:30:00
ft_sal_003246,ft_evt_0004,Camilo Cardenas,camilocardenas227@hotmail.com,+57 320 4124071,2,0,WEB,2026-07-07 06:30:00
ft_sal_003247,ft_evt_0004,Andrés Zapata,andreszapata56@gmail.com,(+57) 306-528-2931,4,0,WEB,2026-07-10 00:30:00
ft_sal_003248,ft_evt_0004,Alejandra Cifuentes,alejandra.cifuentes98@yahoo.com,+57 316 2199309,2,0,WEB,2026-07-12 09:30:00
ft_sal_003249,ft_evt_0004,laura valencia,lauravalencia768@yahoo.com,316 921 3518,1,0,BOX_OFFICE,2026-07-24 17:30:00
ft_sal_003250,ft_evt_0004,Natalia Cifuentes,nataliacifuentes725@outlook.com,,1,0,BOX_OFFICE,2026-07-24 11:30:00
ft_sal_003251,ft_evt_0004,Camila Betancur,camila.betancur@icloud.com,314 809 6504,1,0,WEB,2026-07-11 00:30:00
ft_sal_003252,ft_evt_0004,ricardo castro,ricardo.castro22@hotmail.com,+57 315 8846102,1,0,ADMIN,2026-07-08 14:30:00
ft_sal_003253,ft_evt_0004,Andrea Castro,andreacastro897@gmail.com,+57 310 2482600,1,0,WEB,2026-07-20 09:30:00
ft_sal_003254,ft_evt_0004,María Céspedes Céspedes,maria.cespedes28+eventos@gmail.com,,1,0,BOX_OFFICE,2026-07-24 07:30:00
ft_sal_003255,ft_evt_0004,Sara Valencia,saravalencia146@gmail.com,,1,0,WEB,2026-07-17 11:30:00
ft_sal_003256,ft_evt_0004,Diana Rodríguez,dianarodriguez187@hotmail.com,573145254247,1,0,WEB,2026-07-12 13:30:00
ft_sal_003257,ft_evt_0004,Paula Ospina,paula.ospina121+compras@gmail.com,573224408189,2,0,WEB,2026-07-07 20:30:00
ft_sal_003258,ft_evt_0004,ximena muñoz,ximenamunoz990@gmail.com,573177644304,1,0,WEB,2026-07-13 03:30:00
ft_sal_003259,ft_evt_0004,Andrea Vargas,andrea.vargas+boletas@hotmail.com,3103852381,2,0,WEB,2026-07-14 07:30:00
ft_sal_003260,ft_evt_0004,Camila Restrepo,camila.restrepo@gmial.com,573261467967,3,0,ADMIN,2026-07-13 15:30:00
ft_sal_003261,ft_evt_0004,Tatiana Céspedes,tatianacespedes604@gmail.com,307 640 3782,1,0,WEB,2026-07-11 09:30:00
ft_sal_003262,ft_evt_0004,Paula Vargas,paulavargas714@outlook.com,(+57) 312-561-7975,1,0,BOX_OFFICE,2026-07-24 17:30:00
ft_sal_003263,ft_evt_0004,daniela cárdenas,paula.bermudez@gmail.com,573115991321,2,0,WEB,2026-07-12 19:30:00
ft_sal_003264,ft_evt_0004,Luisa Vargas,luisa.vargas46@gmail.com,,2,0,WEB,2026-07-08 19:30:00
ft_sal_003265,ft_evt_0004,Fabián Cárdenas,fabiancardenas871@gmail.com,573011040485,3,0,WEB,2026-07-17 08:30:00
ft_sal_003266,ft_evt_0004,Cárdenas Miguel,miguelcardenas37@hotmail.com,573101384104,3,0,BOX_OFFICE,2026-07-24 06:30:00
ft_sal_003267,ft_evt_0004,Alejandra Ortiz,alejandraortiz932@gmail.com,3236031675,1,0,WEB,2026-07-19 11:30:00
ft_sal_003268,ft_evt_0004,Alejandro Jiménez,alejandrojimenez59@yahoo.com,+57 319 5492433,2,0,WEB,2026-07-18 06:30:00
ft_sal_003269,ft_evt_0004,Nicolas Castro,nicolascastro536@gmail.com,319 962 2455,1,0,BOX_OFFICE,2026-07-24 00:30:00
ft_sal_003270,ft_evt_0004,MIGUEL SUÁREZ,miguel.suarez51@gmial.com,3204886173,4,0,WEB,2026-07-15 12:30:00
ft_sal_003271,ft_evt_0004,Alejandro Muñoz,alejandro.munoz@outlook.com,3061741714,1,0,ADMIN,2026-07-17 08:30:00
ft_sal_003272,ft_evt_0004,López David,davidlopez55@proton.me,+57 324 7340563,2,0,WEB,2026-07-20 12:30:00
ft_sal_003273,ft_evt_0004,Diana Suárez,diana.suarez746@gmail.com,+57 326 2438390,1,0,ADMIN,2026-07-19 10:30:00
ft_sal_003274,ft_evt_0004,Paula Vargas,paula.vargas@gmail.com,315 838 4785,1,0,WEB,2026-07-14 12:30:00
ft_sal_003275,ft_evt_0004,Laura Cifuentes,lauracifuentes789@hotmail.com,3138128803,1,0,WEB,2026-07-21 15:30:00
ft_sal_003276,ft_evt_0004,Felipe Ramírez,feliperamirez998@outlook.com,3219967346,6,0,WEB,2026-07-07 05:30:00
ft_sal_003277,ft_evt_0004,Alejandra Peña Ospina,alejandrapena895@gmail.com,(+57) 329-666-6261,1,0,BOX_OFFICE,2026-07-24 05:30:00
ft_sal_003278,ft_evt_0004,Nicolás Betancur,nicolasbetancur720@gmail.com,321 461 7964,1,0,WEB,2026-07-16 06:30:00
ft_sal_003279,ft_evt_0004,Muñoz Luisa,luisa.munoz85@hotmail.com,+57 304 2602236,2,0,WEB,2026-07-08 11:30:00
ft_sal_003280,ft_evt_0004,Valentina Salazar,valentinasalazar343@gmail.com,3121497518,4,0,WEB,2026-07-18 15:30:00
ft_sal_003281,ft_evt_0004,Alejandro Quintero,alejandroquintero756@gmail.com,+57 302 2688402,1,0,ADMIN,2026-07-13 01:30:00
ft_sal_003282,ft_evt_0004,Alejandro Guerrero,alejndro.guerrero738@gmail.com,573288357089,2,0,WEB,2026-07-11 17:30:00
ft_sal_003283,ft_evt_0004,Mateo Bermúdez,mateobermudez647@gmail.com,,1,0,WEB,2026-07-11 19:30:00
ft_sal_003284,ft_evt_0004,Alejandro Jiménez,alejandro.jimenez335@gmail.com,(+57) 328-009-8763,2,0,BOX_OFFICE,2026-07-24 10:30:00
ft_sal_003285,ft_evt_0004,ALEJANDRO ZAPATA,alejandrozapata797@hotmail.com,315 232 3496,1,0,WEB,2026-07-15 04:30:00
ft_sal_003286,ft_evt_0004,D. Cárdenas,DANIEL.CARDENAS@PROTON.ME,573170353426,1,0,WEB,2026-07-11 02:30:00
ft_sal_003287,ft_evt_0004,VALENTINA OSPINA,valentina.ospina25+spam@gmail.com,317 554 8815,4,0,WEB,2026-07-21 20:30:00
ft_sal_003288,ft_evt_0004,Daniel Zapata,daniel.zapata@hotmail.com,(+57) 317-902-6266,1,0,WEB,2026-07-16 20:30:00
ft_sal_003289,ft_evt_0004,ÓSCAR GÓMEZ,oscar.gomez@outlook.com,,2,0,WEB,2026-07-21 13:30:00
ft_sal_003290,ft_evt_0004,Alejandro Guerrero Cifuentes,alejandro.guerrero@gmial.com,316 295 2443,1,0,WEB,2026-07-15 18:30:00
ft_sal_003291,ft_evt_0004,López David,manuela.suarez@icloud.com,(+57) 320-684-1343,1,0,WEB,2026-07-15 17:30:00
ft_sal_003292,ft_evt_0004,Arango Alejandra,alejandra.arago245@gmail.com,3047273755,1,0,WEB,2026-07-15 01:30:00
ft_sal_003293,ft_evt_0004,Fabián González,fabian.gonzalez@hotmail.com,(+57) 314-299-3966,2,0,RRPP,2026-07-13 09:30:00
ft_sal_003294,ft_evt_0004,Felipe Quintero,felipe.quintero11@outlook.com,573022210025,1,0,ADMIN,2026-07-15 02:30:00
ft_sal_003295,ft_evt_0004,Camila Ospina Muñoz,camila.ospina290@gmail.com,+57 304 8833095,2,0,WEB,2026-07-08 10:30:00
ft_sal_003296,ft_evt_0004,ximena zapata,ximena.zapata13+boletas@gmail.com,315 612 7721,1,0,BOX_OFFICE,2026-07-24 16:30:00
ft_sal_003297,ft_evt_0004,David Rodríguez,davidrodriguez381@yahoo.com,317 098 9742,2,0,WEB,2026-07-16 04:30:00
ft_sal_003298,ft_evt_0004,S. Gómez,sara.gomez92@gmial.com,323 396 1615,2,0,WEB,2026-07-12 08:30:00
ft_sal_003299,ft_evt_0004,Andres Martinez,andresmartinez671@gmail.com,3035294229,2,0,WEB,2026-07-17 03:30:00
ft_sal_003300,ft_evt_0004,juan vargas,juan.vargas@icloud.com,(+57) 327-437-2408,3,0,WEB,2026-07-15 00:30:00
ft_sal_003301,ft_evt_0004,Alejandro Mejía,alejandromejia596@hotmail.com,573014192260,1,0,WEB,2026-07-08 01:30:00
ft_sal_003302,ft_evt_0004,Maria Arango,mariaarango754@outlook.com,3154715562,4,0,BOX_OFFICE,2026-07-24 18:30:00
ft_sal_003303,ft_evt_0004,D. Jiménez,davidjimenez839@gmail.com,305 472 4196,1,0,WEB,2026-07-17 08:30:00
ft_sal_003304,ft_evt_0004,carolina gonzález,carolinagonzalez696@gmail.com,+57 304 8454879,2,0,BOX_OFFICE,2026-07-24 06:30:00
ft_sal_003305,ft_evt_0004,david jiménez,david.jimenez866@gmail.com,,2,0,BOX_OFFICE,2026-07-24 04:30:00
ft_sal_003306,ft_evt_0004,Miguel Martínez,miguelmartinez398@yahoo.com,(+57) 301-016-9594,1,0,BOX_OFFICE,2026-07-24 15:30:00
ft_sal_003307,ft_evt_0004,SEBASTIÁN ROJAS,sebastianrojas993@gmail.com,573248111525,1,0,WEB,2026-07-11 14:30:00
ft_sal_003308,ft_evt_0004,Sara Gomez,sara.goez92@gmail.com,323 396 1615,2,0,WEB,2026-07-15 06:30:00
ft_sal_003309,ft_evt_0004,juliana gonzález,julianagonzalez701@gmail.com,328 061 6206,1,0,WEB,2026-07-20 13:30:00
ft_sal_003310,ft_evt_0004,Bermúdez Paula,paula.bermudez987@gmail.com,329 620 0817,1,0,WEB,2026-07-14 05:30:00
ft_sal_003311,ft_evt_0004,Restrepo Cristian,cristian.restrepo@icloud.com,3126112547,1,0,WEB,2026-07-17 10:30:00
ft_sal_003312,ft_evt_0004,Tatiana Guerrero,tatiana.guerrero@yahoo.com,,1,0,WEB,2026-07-21 05:30:00
ft_sal_003313,ft_evt_0004,NATALIA CASTRO,natalia.castro@gmail.com,,3,0,BOX_OFFICE,2026-07-24 12:30:00
ft_sal_003314,ft_evt_0004,PAULA BERMÚDEZ,paulabermudez260@gmail.com,573284587770,1,0,WEB,2026-07-06 12:30:00
ft_sal_003315,ft_evt_0004,Felipe Muñoz,felipemunoz672@outlook.com,3153978376,1,0,WEB,2026-07-14 11:30:00
ft_sal_003316,ft_evt_0004,Laura Gómez López,laura.gomez556@gmail.com,,4,0,BOX_OFFICE,2026-07-24 15:30:00
ft_sal_003317,ft_evt_0004,David Cifuentes,davidcifuentes852@gmail.com,324 667 3310,2,0,BOX_OFFICE,2026-07-24 14:30:00
ft_sal_003318,ft_evt_0004,Daniela Céspedes Cárdenas,danielacespedes773@gmail.com,(+57) 319-628-2947,6,0,WEB,2026-07-17 15:30:00
ft_sal_003319,ft_evt_0004,Ó. Martínez,oscarmartinez880@hotmail.com,324 550 0970,1,0,WEB,2026-07-07 15:30:00
ft_sal_003320,ft_evt_0004,Julián Jiménez,julian.jimenez39@outlook.com,+57 312 1983855,2,0,BOX_OFFICE,2026-07-24 00:30:00
ft_sal_003321,ft_evt_0004,Mariana Rodriguez,mariana.rodriguez13@outlook.com,+57 328 8888296,1,0,ADMIN,2026-07-20 11:30:00
ft_sal_003322,ft_evt_0061,Manuela Gomez,manuelagomez132@gmail.com,573105208135,1,58000,WEB,2026-07-11 11:30:00
ft_sal_003323,ft_evt_0061,Peña Natalia,nataliapena820@icloud.com,+57 304 7157972,2,116000,WEB,2026-07-16 10:30:00
ft_sal_003324,ft_evt_0061,Daniel Cárdenas,danielcardenas830@icloud.com,+57 318 2702599,2,116000,WEB,2026-07-05 14:30:00
ft_sal_003325,ft_evt_0061,Carolina Salazar,carolina.salazar59@outlok.com,3154428282,1,97000,WEB,2026-07-04 00:30:00
ft_sal_003326,ft_evt_0061,Felipe Hernández,felipehernandez789@gmail.com,(+57) 324-974-1482,1,150000,WEB,2026-07-15 15:30:00
ft_sal_003327,ft_evt_0061,Mariana Ospina,mariana.ospina@hotmail.com,316 275 8432,1,44000,WEB,2026-07-03 12:30:00
ft_sal_003328,ft_evt_0061,Nicolás Jiménez,nicolasjimenez200@gmail.com,(+57) 302-906-7860,1,102000,WEB,2026-07-13 03:30:00
ft_sal_003329,ft_evt_0061,Muñoz Mariana,marianamunoz15@proton.me,304 992 6690,4,0,WEB,2026-07-08 15:30:00
ft_sal_003330,ft_evt_0061,Felipe Bermudez,felipe.bermudez878@gmail.com,573041620336,1,61000,WEB,2026-07-14 01:30:00
ft_sal_003331,ft_evt_0061,Juliana Mejía,juliana.mejia52+eventos@outlook.com,573245013811,1,63000,WEB,2026-07-18 02:30:00
ft_sal_003332,ft_evt_0061,Felipe Céspedes,felipe.cespedes56@gmail.com,326 397 8987,3,294000,WEB,2026-07-19 04:30:00
ft_sal_003333,ft_evt_0061,Maria Quintero,juliana.salazar@gmail.com,+57 303 7580692,2,268000,ADMIN,2026-07-21 04:30:00
ft_sal_003334,ft_evt_0061,ANDREA HERNÁNDEZ,andreahernandez745@gmail.com,,1,64000,WEB,2026-07-15 02:30:00
ft_sal_003335,ft_evt_0061,Alejandro Ospina,alejandroospina669@gmail.com,3150635138,2,116000,BOX_OFFICE,2026-07-24 16:30:00
ft_sal_003336,ft_evt_0061,MARIANA VALENCIA,mariana.valencia499+eventos@gmail.com,573122347480,4,164000,WEB,2026-07-13 02:30:00
ft_sal_003337,ft_evt_0061,Fabián Valencia,fabian.valencia28@icloud.com,3086067367,2,190000,WEB,2026-07-11 06:30:00
ft_sal_003338,ft_evt_0061,Nicolás Cárdenas Muñoz,nicolas.cardenas789@gmail.com,322 714 7098,2,94000,BOX_OFFICE,2026-07-24 18:30:00
ft_sal_003339,ft_evt_0061,Sebastian Gonzalez,sebastiangonzalez842@gmail.com,3115049698,4,404000,WEB,2026-07-16 12:30:00
ft_sal_003340,ft_evt_0061,Carolina Cárdenas,sebastian.cespedes15@gmail.com,+57 300 3114339,1,0,BOX_OFFICE,2026-07-24 08:30:00
ft_sal_003341,ft_evt_0061,Juliana Ramírez,julianaramirez607@gmail.com,573281990739,2,86000,WEB,2026-07-16 11:30:00
ft_sal_003342,ft_evt_0061,Isabella Suárez,isabella.suarez424@gmail.com,3271053196,1,140000,RRPP,2026-07-18 03:30:00
ft_sal_003343,ft_evt_0061,Ximena Cifuentes,XIMENA.CIFUENTES@GMAIL.COM,+57 315 9178673,2,122000,WEB,2026-07-11 08:30:00
ft_sal_003344,ft_evt_0061,juan restrepo,juan.restrepo76@gmial.com,3053032212,3,150000,WEB,2026-07-17 08:30:00
ft_sal_003345,ft_evt_0061,alejandro ortiz,alejandro.ortiz95@gmail.com,573080601566,2,90000,BOX_OFFICE,2026-07-24 06:30:00
ft_sal_003346,ft_evt_0061,Andrea Rodriguez,andrearodriguez478@gmail.com,327 746 2416,2,84000,WEB,2026-07-14 14:30:00
ft_sal_003347,ft_evt_0061,Mariana Gómez,mariana.gomez93@gmail.com,3080287302,1,0,BOX_OFFICE,2026-07-24 08:30:00
ft_sal_003348,ft_evt_0061,Santiago Valencia,santiago.valencia@gmail.com,(+57) 305-550-0429,1,0,BOX_OFFICE,2026-07-24 03:30:00
ft_sal_003349,ft_evt_0061,cristian rojas,laura.ospina968@gmail.com,(+57) 327-164-6026,2,120000,WEB,2026-07-10 02:30:00
ft_sal_003350,ft_evt_0061,Diana Cárdenas,diana.ardenas73@gmail.com,+57 321 2712487,2,98000,BOX_OFFICE,2026-07-24 02:30:00
ft_sal_003351,ft_evt_0061,Mateo Zapata,mateo.zapata54@gmail.com,+57 310 2673166,2,116000,WEB,2026-07-09 16:30:00
ft_sal_003352,ft_evt_0061,PAULA GUERRERO,paula.guerrero60@gmail.com,+57 313 3898310,1,44000,ADMIN,2026-07-11 12:30:00
ft_sal_003353,ft_evt_0061,nicolás cárdenas,nicolas.cardenas61@hotmail.com,3234841624,1,48000,BOX_OFFICE,2026-07-24 04:30:00
ft_sal_003354,ft_evt_0061,Felipe Gómez,sebastian.ospina545@gmail.com,3099911893,4,400000,WEB,2026-07-12 14:30:00
ft_sal_003355,ft_evt_0061,Diana Restrepo López,dianarestrepo564@gmail.com,573023124473,6,546000,WEB,2026-07-09 08:30:00
ft_sal_003356,ft_evt_0061,Julián Cárdenas,juliancardenas840@gmail.com,573150608065,3,165000,WEB,2026-07-09 06:30:00
ft_sal_003357,ft_evt_0061,Diana Muñoz,dianamunoz86@icloud.com,(+57) 302-938-3562,3,177000,WEB,2026-07-09 13:30:00
ft_sal_003358,ft_evt_0061,María Cárdenas,mariacardenas168@yahoo.com,+57 321 4979874,1,0,WEB,2026-07-13 17:30:00
ft_sal_003359,ft_evt_0061,Daniel Gómez,daniel.gomez381@gmail.com,(+57) 304-290-1817,1,59000,WEB,2026-07-18 05:30:00
ft_sal_003360,ft_evt_0061,esteban suárez,esteban.suarez@gmail.com,+57 301 4416266,4,388000,WEB,2026-07-15 18:30:00
ft_sal_003361,ft_evt_0061,Sara López,saralopez436@gmail.com,573001562822,2,188000,WEB,2026-07-03 19:30:00
ft_sal_003362,ft_evt_0061,Mariana González,mariana.gonzalez9@proton.me,(+57) 322-130-7871,4,184000,WEB,2026-07-14 13:30:00
ft_sal_003363,ft_evt_0061,Miguel Moreno Cifuentes,miguel.moreno+compras@yahoo.com,(+57) 307-988-5102,2,84000,WEB,2026-07-16 01:30:00
ft_sal_003364,ft_evt_0061,David Castro,davidcastro456@gmail.com,573224990660,1,45000,WEB,2026-07-17 11:30:00
ft_sal_003365,ft_evt_0061,M. Ortiz,mariaortiz460@gmail.com,573246958004,3,420000,BOX_OFFICE,2026-07-24 06:30:00
ft_sal_003366,ft_evt_0061,Natalia Jiménez,natalia.jimenez70+compras@gmail.com,3173251315,4,192000,WEB,2026-07-21 12:30:00
ft_sal_003367,ft_evt_0061,Daniela Guerrero,daniela.guerrero39+spam@hotmail.com,(+57) 328-884-9598,1,146000,BOX_OFFICE,2026-07-24 17:30:00
ft_sal_003368,ft_evt_0061,manuela gonzález,laura.quintero@proton.me,(+57) 309-098-9225,2,82000,WEB,2026-07-16 07:30:00
ft_sal_003369,ft_evt_0061,A. Cifuentes,andres.cifuentes435@hotmail.com,+57 312 6523621,1,142000,WEB,2026-07-12 09:30:00
ft_sal_003370,ft_evt_0061,Sebastián Arango,sebastianarango589@yahoo.com,573238526654,1,44000,WEB,2026-07-11 02:30:00
ft_sal_003371,ft_evt_0061,Laura Salazar,laurasalazar44@gmail.com,+57 317 2699524,2,108000,WEB,2026-07-16 18:30:00
ft_sal_003372,ft_evt_0061,Mateo Valencia,mateovalencia121@hotmail.com,3232238429,2,88000,ADMIN,2026-07-15 16:30:00
ft_sal_003373,ft_evt_0061,Santiago Muñoz,santiago.munoz383+compras@gmail.com,3158710945,4,568000,WEB,2026-07-08 02:30:00
ft_sal_003374,ft_evt_0061,Cristian Arango,cristian.arango2+compras@gmail.com,,2,96000,WEB,2026-07-11 08:30:00
ft_sal_003375,ft_evt_0061,Ximena Vargas Guerrero,ximenavargas429@icloud.com,(+57) 328-711-4678,1,40000,WEB,2026-07-19 04:30:00
ft_sal_003376,ft_evt_0061,Juliana Ortiz Rojas,juliana.ortiz789@hotmail.com,+57 323 9657625,3,144000,WEB,2026-07-15 00:30:00
ft_sal_003377,ft_evt_0061,Natalia López,natalialopez771@gmail.com,+57 314 8335442,1,55000,ADMIN,2026-07-18 02:30:00
ft_sal_003378,ft_evt_0061,F. Restrepo,felipe.restrepo45+compras@gmail.com,(+57) 315-476-3944,2,86000,WEB,2026-07-12 09:30:00
ft_sal_003379,ft_evt_0061,N. Arango,nataliaarango882@outlook.com,,2,122000,ADMIN,2026-07-16 11:30:00
ft_sal_003380,ft_evt_0061,Catalina Ramírez Hernández,catalina.ramirez65@gmail.com,3130362179,2,262000,WEB,2026-07-17 16:30:00
ft_sal_003381,ft_evt_0061,Ramírez Diana,dianaramirez486@gmail.com,573036367648,1,145000,WEB,2026-07-20 17:30:00
ft_sal_003382,ft_evt_0061,Carolina Guerrero,carolina.guerrero88@outlook.com,323 066 1037,2,182000,WEB,2026-07-19 04:30:00
ft_sal_003383,ft_evt_0061,Fabián Gómez,fabian.gomz@outlook.com,327 353 7393,2,90000,RRPP,2026-07-17 12:30:00
ft_sal_003384,ft_evt_0061,laura cárdenas,lauracardenas289@gmail.com,,1,56000,WEB,2026-07-12 06:30:00
ft_sal_003385,ft_evt_0061,Juan Jimenez,juan.jimenez@gmail.com,(+57) 312-187-2374,2,118000,WEB,2026-07-07 10:30:00
ft_sal_003386,ft_evt_0061,Miguel Valencia,miguel.valencia405@gmail.com,,1,104000,BOX_OFFICE,2026-07-24 03:30:00
ft_sal_003387,ft_evt_0061,MARIANA QUINTERO,marianaquintero888@gmail.com,+57 322 8171837,1,90000,WEB,2026-07-19 13:30:00
ft_sal_003388,ft_evt_0061,VALENTINA RESTREPO,natalia.lopez96@gmail.com,+57 306 1136462,2,296000,ADMIN,2026-07-17 11:30:00
ft_sal_003389,ft_evt_0061,Ricardo Rojas,ricardorojas257@gmail.com,302 411 9088,2,124000,RRPP,2026-07-13 14:30:00
ft_sal_003390,ft_evt_0061,ximena gonzález,ximenagonzalez218@gmail.com,322 648 2077,1,44000,WEB,2026-07-21 15:30:00
ft_sal_003391,ft_evt_0061,Céspedes Carolina,carolinacespedes130@hotmail.com,(+57) 318-613-5138,1,59000,RRPP,2026-07-16 16:30:00
ft_sal_003392,ft_evt_0061,Felipe Ospina,felipe.ospina121+compras@gmail.com,573130300899,1,59000,WEB,2026-07-13 20:30:00
ft_sal_003393,ft_evt_0061,Catalina Cifuentes,catalina.cifuentes828@gmial.com,310 143 8024,2,0,ADMIN,2026-07-17 18:30:00
ft_sal_003394,ft_evt_0061,Manuela Mejia,MANUELA.MEJIA35@OUTLOOK.COM,(+57) 310-973-5118,2,88000,WEB,2026-07-22 12:30:00
ft_sal_003395,ft_evt_0061,Manuela Cárdenas,manuela.cardenas936@gmail.com,+57 306 1483046,1,60000,BOX_OFFICE,2026-07-24 15:30:00
ft_sal_003396,ft_evt_0061,Alejandra Céspedes González,alejandracespedes518@gmail.com,573142673254,2,268000,WEB,2026-07-04 12:30:00
ft_sal_003397,ft_evt_0061,C. Muñoz,cristian.munoz95@gmail.com,+57 324 7454834,2,98000,WEB,2026-07-14 15:30:00
ft_sal_003398,ft_evt_0061,Salazar Julián,juliansalazar441@gmail.com,3273986869,1,147000,WEB,2026-07-21 10:30:00
ft_sal_003399,ft_evt_0061,Catalina Guerrero,catalina.guerrero475@gmail.com,(+57) 323-474-6987,3,186000,WEB,2026-07-16 00:30:00
ft_sal_003400,ft_evt_0061,Valentina Martinez,valentinamartinez277@gmail.com,323 715 4972,1,46000,WEB,2026-07-18 20:30:00
ft_sal_003401,ft_evt_0061,Cristian Suárez,cristian.suarez@gmail.com,327 997 0270,1,66000,WEB,2026-07-13 18:30:00
ft_sal_003402,ft_evt_0061,Quintero Laura,laura.quinero52@gmail.com,(+57) 328-888-8926,1,44000,WEB,2026-07-09 13:30:00
ft_sal_003403,ft_evt_0061,SANTIAGO ARANGO,santiago.arango66@gmial.com,319 682 5845,2,88000,WEB,2026-07-10 16:30:00
ft_sal_003404,ft_evt_0061,Sebastián Castro,sebastian.castro@hotmail.com,3218451180,2,124000,WEB,2026-07-14 17:30:00
ft_sal_003405,ft_evt_0061,Julián Castro,julian.castro@gmail.com,(+57) 321-737-9837,1,46000,WEB,2026-07-11 09:30:00
ft_sal_003406,ft_evt_0061,Esteban Hernández,esteban.hernandez52@proton.me,573201735706,1,43000,WEB,2026-07-17 06:30:00
ft_sal_003407,ft_evt_0061,Miguel Rojas,miguel.rojas992@gmail.com,3049922071,1,59000,WEB,2026-07-10 09:30:00
ft_sal_003408,ft_evt_0061,Nicolás Salazar,nicolassalazar106@icloud.com,573054375001,1,0,WEB,2026-07-08 06:30:00
ft_sal_003409,ft_evt_0061,Andrés Valencia,andres.valencia17@gmail.com,3193447044,1,60000,WEB,2026-07-15 09:30:00
ft_sal_003410,ft_evt_0061,Ximena Muñoz González,ximena.munoz74@outlook.com,+57 305 9447989,2,190000,ADMIN,2026-07-11 09:30:00
ft_sal_003411,ft_evt_0061,Diana López,dianalopez327@gmail.com,573097191320,4,184000,WEB,2026-07-18 04:30:00
ft_sal_003412,ft_evt_0061,Daniel Zapata Peña,daniel.zapata851@outlook.com,(+57) 320-125-1022,2,88000,WEB,2026-07-11 19:30:00
ft_sal_003413,ft_evt_0061,Mariana Gonzalez,marianagonzalez819@gmail.com,(+57) 305-788-0992,2,180000,WEB,2026-07-18 00:30:00
ft_sal_003414,ft_evt_0061,Tatiana Valencia,tatiana.valencia+eventos@hotmail.com,+57 326 2279839,3,141000,WEB,2026-07-07 12:30:00
ft_sal_003415,ft_evt_0061,Catalina Rodríguez,catalinarodriguez576@gmail.com,308 836 5960,1,60000,WEB,2026-07-16 05:30:00
ft_sal_003416,ft_evt_0061,González Paula,paula.gonzalez13@hotmail.com,573089475957,2,90000,WEB,2026-07-21 08:30:00
ft_sal_003417,ft_evt_0061,Mariana Salazar,mariana.salazar61@gmail.com,317 905 2781,2,84000,WEB,2026-07-18 07:30:00
ft_sal_003418,ft_evt_0061,Daniel Suárez,daniel.suaez98@hotmail.com,311 697 2390,3,126000,BOX_OFFICE,2026-07-24 17:30:00
ft_sal_003419,ft_evt_0061,Juliana López,juliana.lopez@gmail.com,+57 322 0421696,3,135000,WEB,2026-07-02 07:30:00
ft_sal_003420,ft_evt_0061,Diana Rojas,DIANA.ROJAS@GMAIL.COM,(+57) 302-980-9358,1,58000,WEB,2026-07-15 09:30:00
ft_sal_003421,ft_evt_0061,CAMILA MUÑOZ,camilamunoz754@gmail.com,573066733461,1,138000,BOX_OFFICE,2026-07-24 05:30:00
ft_sal_003422,ft_evt_0061,F. Cárdenas,felipecardenas731@hotmail.com,3153760509,2,132000,WEB,2026-07-17 02:30:00
ft_sal_003423,ft_evt_0061,Diana Arango,diana.arango@gmail.com,(+57) 300-196-5709,6,252000,WEB,2026-07-17 19:30:00
ft_sal_003424,ft_evt_0061,Esteban Castro,esteban.casro@hotmail.com,(+57) 325-538-8881,1,134000,WEB,2026-07-16 08:30:00
ft_sal_003425,ft_evt_0061,ESTEBAN LÓPEZ,estebanlopez604@gmail.com,3211033728,1,93000,WEB,2026-07-06 14:30:00
ft_sal_003426,ft_evt_0061,CAMILO BETANCUR,camilobetancur655@outlook.com,+57 305 7573840,2,96000,ADMIN,2026-07-19 10:30:00
ft_sal_003427,ft_evt_0061,María Bermúdez,mariabermudez757@icloud.com,573143676471,2,88000,WEB,2026-07-20 18:30:00
ft_sal_003428,ft_evt_0061,Mateo López,mateo.lopez@hotmail.com,(+57) 314-951-8164,2,0,WEB,2026-07-06 14:30:00
ft_sal_003429,ft_evt_0061,Carlos Suárez,carlos.suarez@gmial.com,3126289033,2,188000,BOX_OFFICE,2026-07-24 18:30:00
ft_sal_003430,ft_evt_0061,Isabella Suárez,isabellasuarez826@gmail.com,301 581 1752,1,47000,WEB,2026-07-09 12:30:00
ft_sal_003431,ft_evt_0061,Isabella Céspedes,isabella.cespedes103@gmail.com,(+57) 309-236-0470,1,46000,WEB,2026-07-17 03:30:00
ft_sal_003432,ft_evt_0061,Diana Cárdenas,fabian.quintero96@gmail.com,+57 311 6418454,1,89000,WEB,2026-07-13 01:30:00
ft_sal_003433,ft_evt_0061,Natalia Betancur Hernández,NATALIA.BETANCUR@HOTMAIL.COM,3224158908,2,268000,WEB,2026-07-19 08:30:00
ft_sal_003434,ft_evt_0061,Oscar Bermudez,oscarbermudez912@gmail.com,,3,144000,WEB,2026-07-13 04:30:00
ft_sal_003435,ft_evt_0061,Camilo Rodriguez,camilorodriguez422@outlook.com,+57 324 9222999,2,0,BOX_OFFICE,2026-07-24 20:30:00
ft_sal_003436,ft_evt_0061,Mariana González Cifuentes,marianagonzalez512@gmail.com,3259029322,1,62000,WEB,2026-07-16 03:30:00
ft_sal_003437,ft_evt_0061,Santiago Guerrero,santiago.guerrero@proton.me,3139302185,2,90000,BOX_OFFICE,2026-07-24 14:30:00
ft_sal_003438,ft_evt_0061,Isabella Suárez,isabella.suarez424@gmail.com,(+57) 327-105-3196,1,45000,BOX_OFFICE,2026-07-24 06:30:00
ft_sal_003439,ft_evt_0061,Ximena Salazar Suárez,ximea.salazar@hotmail.com,573243273485,1,138000,WEB,2026-07-19 09:30:00
ft_sal_003440,ft_evt_0061,santiago martínez,santiagomartinez985@gmail.com,+57 319 6100586,2,200000,WEB,2026-07-13 12:30:00
ft_sal_003441,ft_evt_0061,Sara Quintero,sara.quintero73+spam@gmail.com,329 000 1871,2,124000,WEB,2026-07-11 09:30:00
ft_sal_003442,ft_evt_0061,juan ortiz,juan.ortiz@gmail.com,(+57) 328-793-5393,2,262000,WEB,2026-07-12 02:30:00
ft_sal_003443,ft_evt_0061,esteban martínez,esteban.martinez@gmail.com,320 350 1082,2,196000,WEB,2026-07-17 05:30:00
ft_sal_003444,ft_evt_0061,Ricardo Cárdenas,julian.betancur@hotmail.com,+57 309 8243021,1,40000,WEB,2026-07-16 06:30:00
ft_sal_003445,ft_evt_0061,Manuela Vargas Suárez,manuelavargas571@gmail.com,+57 327 5928675,3,282000,WEB,2026-07-15 03:30:00
ft_sal_003446,ft_evt_0061,catalina ortiz,CATALINA.ORTIZ82@GMAIL.COM,3242173808,1,43000,BOX_OFFICE,2026-07-24 05:30:00
ft_sal_003447,ft_evt_0061,Valentina Céspedes,valentinacespedes530@gmail.com,3199680550,1,102000,WEB,2026-07-18 10:30:00
ft_sal_003448,ft_evt_0061,juan suárez,juan.suarez@hotmial.com,300 328 9963,3,414000,WEB,2026-07-16 01:30:00
ft_sal_003449,ft_evt_0061,PAULA ZAPATA,valentina.rojas39@gmail.com,+57 303 9189192,4,372000,WEB,2026-07-10 02:30:00
ft_sal_003450,ft_evt_0061,Ricardo Moreno,ricardomoreno714@hotmail.com,(+57) 319-483-1688,4,180000,WEB,2026-07-14 02:30:00
ft_sal_003451,ft_evt_0061,Cristian Arango,cristian.arango59@hotmial.com,3099415074,1,45000,WEB,2026-07-14 03:30:00
ft_sal_003452,ft_evt_0061,esteban moreno,estebanmoreno970@gmail.com,,2,90000,WEB,2026-07-12 03:30:00
ft_sal_003453,ft_evt_0061,Isabella Zapata,isabella.zapata@outlook.com,573047889118,1,40000,WEB,2026-07-17 17:30:00
ft_sal_003454,ft_evt_0061,Mateo González,mateogonzalez903@icloud.com,573045520484,2,112000,WEB,2026-07-22 16:30:00
ft_sal_003455,ft_evt_0061,Andrés Betancur,andres.betancur@gmial.com,(+57) 324-293-7706,4,0,WEB,2026-07-14 06:30:00
ft_sal_003456,ft_evt_0061,carlos salazar,carlos.salazar+spam@gmail.com,573226577043,2,124000,BOX_OFFICE,2026-07-24 13:30:00
ft_sal_003457,ft_evt_0061,Cristian Guerrero,cristianguerrero662@gmail.com,+57 314 3867491,3,138000,ADMIN,2026-07-09 15:30:00
ft_sal_003458,ft_evt_0061,Daniel Rodríguez,danielrodriguez427@gmail.com,,1,41000,WEB,2026-07-14 19:30:00
ft_sal_003459,ft_evt_0061,Natalia Suárez,nataliasuarez563@outlook.com,319 603 3247,3,138000,BOX_OFFICE,2026-07-24 05:30:00
ft_sal_003460,ft_evt_0061,alejandra cárdenas,alejandra.cardenas96+spam@hotmail.com,(+57) 309-931-8767,3,285000,WEB,2026-07-11 15:30:00
ft_sal_003461,ft_evt_0061,Diego Rodríguez,diego.rodriguez@hotmail.com,(+57) 314-583-6665,1,42000,WEB,2026-07-12 03:30:00
ft_sal_003462,ft_evt_0061,Juliana Muñoz,juliana.munoz38+eventos@gmail.com,,3,0,WEB,2026-07-14 12:30:00
ft_sal_003463,ft_evt_0061,Mariana Arango Rojas,marianaarango892@gmail.com,+57 309 0306421,1,63000,WEB,2026-07-16 05:30:00
ft_sal_003464,ft_evt_0061,Natalia Cárdenas,nataliacardenas780@gmail.com,573051929958,1,66000,BOX_OFFICE,2026-07-24 16:30:00
ft_sal_003465,ft_evt_0061,Ricardo Ramírez,isabella.salazar44@gmail.com,3170470840,4,164000,BOX_OFFICE,2026-07-24 10:30:00
ft_sal_003466,ft_evt_0061,catalina guerrero,catalinaguerrero111@gmail.com,(+57) 322-164-0593,2,120000,WEB,2026-07-16 00:30:00
ft_sal_003467,ft_evt_0061,Miguel Ramírez González,miguel.ramirez@outlook.com,312 049 3007,1,46000,WEB,2026-07-12 06:30:00
ft_sal_003468,ft_evt_0061,NATALIA RAMÍREZ,nataliaramirez271@gmail.com,,2,92000,WEB,2026-06-30 11:30:00
ft_sal_003469,ft_evt_0061,mateo hernández,MATEO.HERNANDEZ5@YAHOO.COM,+57 300 2711837,2,200000,WEB,2026-07-05 01:30:00
ft_sal_003470,ft_evt_0061,sebastián cárdenas,sebastian.cardenas59@gmail.com,328 181 6277,1,98000,WEB,2026-07-11 12:30:00
ft_sal_003471,ft_evt_0061,Tatiana Salazar,tatiana.salazar99@gmail.com,573274587952,1,48000,BOX_OFFICE,2026-07-24 19:30:00
ft_sal_003472,ft_evt_0061,Andrés Restrepo,andres.restrepo31@gmail.com,,1,139000,BOX_OFFICE,2026-07-24 04:30:00
ft_sal_003473,ft_evt_0061,Cristian Gonzalez,cristiangonzalez557@gmail.com,573072976276,1,43000,BOX_OFFICE,2026-07-24 04:30:00
ft_sal_003474,ft_evt_0061,Valentina Quintero,valentina.quintero64+eventos@outlook.com,3235355528,1,45000,WEB,2026-07-16 18:30:00
ft_sal_003475,ft_evt_0061,Felipe Valencia Arango,felipe.valencia+compras@yahoo.com,+57 327 8417905,2,0,WEB,2026-07-13 04:30:00
ft_sal_003476,ft_evt_0061,alejandra ospina,alejandra.ospina225@gmail.com,(+57) 304-687-8968,1,41000,WEB,2026-07-15 03:30:00
ft_sal_003477,ft_evt_0061,Catalina González,catalina.gonzlez994@gmail.com,,2,0,WEB,2026-07-16 15:30:00
ft_sal_003478,ft_evt_0061,miguel mejía,MIGUEL.MEJIA@OUTLOOK.COM,573183452388,1,43000,BOX_OFFICE,2026-07-24 09:30:00
ft_sal_003479,ft_evt_0061,Cristian López,cristianlopez419@gmail.com,+57 317 2067753,1,46000,ADMIN,2026-07-19 04:30:00
ft_sal_003480,ft_evt_0061,Andres Restrepo,luisa.cespedes97@gmail.com,325 859 6091,1,46000,WEB,2026-07-15 12:30:00
ft_sal_003481,ft_evt_0061,Carlos Valencia Guerrero,carlos.valencia565@gmail.com,+57 308 7068124,1,137000,WEB,2026-07-20 00:30:00
ft_sal_003482,ft_evt_0061,Daniela Moreno,danielamoreno766@hotmail.com,(+57) 325-700-5038,3,138000,BOX_OFFICE,2026-07-24 01:30:00
ft_sal_003483,ft_evt_0061,María Gómez,mariagomez243@gmail.com,318 520 2263,1,141000,WEB,2026-07-15 02:30:00
ft_sal_003484,ft_evt_0061,Carolina Gómez,CAROLINA.GOMEZ@OUTLOOK.COM,309 643 6336,1,57000,WEB,2026-07-17 09:30:00
ft_sal_003485,ft_evt_0061,Daniel Martínez,danielmartinez112@gmail.com,573035034432,1,57000,WEB,2026-07-20 05:30:00
ft_sal_003486,ft_evt_0061,Felipe Cárdenas Bermúdez,felipe.cardenas33@gmail.com,(+57) 304-765-2063,1,49000,WEB,2026-07-16 20:30:00
ft_sal_003487,ft_evt_0061,Valentina Moreno,valentina.moreno34@icloud.com,+57 305 5484778,2,182000,WEB,2026-07-07 09:30:00
ft_sal_003488,ft_evt_0061,Julián Betancur Mejía,julianbetancur922@outlook.com,323 936 3272,2,84000,WEB,2026-07-14 03:30:00
ft_sal_003489,ft_evt_0061,Esteban Mejía,esteban.mejia705@gmial.com,573230632311,1,46000,WEB,2026-07-23 20:30:00
ft_sal_003490,ft_evt_0061,Diego Castro,diegocastro862@gmail.com,3234842866,2,0,WEB,2026-07-10 09:30:00
ft_sal_003491,ft_evt_0061,XIMENA CÉSPEDES,ximena.cespedes485@gmail.com,3227337343,4,560000,RRPP,2026-07-12 15:30:00
ft_sal_003492,ft_evt_0061,natalia peña,natalia.pena91+spam@gmail.com,(+57) 317-848-3171,1,58000,WEB,2026-07-12 12:30:00
ft_sal_003493,ft_evt_0061,Diego Hernández,diegohernandez475@gmail.com,573284861432,2,186000,WEB,2026-07-16 06:30:00
ft_sal_003494,ft_evt_0061,Tatiana Rodríguez,tatiana.rodriguez@outlook.com,+57 305 3965556,4,244000,WEB,2026-07-08 03:30:00
ft_sal_003495,ft_evt_0061,Alejandra Cifuentes,alejandra.cifuentes@outlook.com,573251802817,2,118000,WEB,2026-07-19 18:30:00
ft_sal_003496,ft_evt_0061,Laura Rodríguez,laurarodriguez720@gmail.com,(+57) 321-501-0554,4,180000,ADMIN,2026-07-19 17:30:00
ft_sal_003497,ft_evt_0061,Daniela Vargas,danielavargas74@gmail.com,323 173 2585,3,0,BOX_OFFICE,2026-07-24 15:30:00
ft_sal_003498,ft_evt_0061,D. Salazar,danielsalazar186@hotmail.com,573156277123,1,63000,WEB,2026-07-14 06:30:00
ft_sal_003499,ft_evt_0061,sebastián arango,sebastian.arango833@gmail.com,573026603827,2,180000,WEB,2026-07-21 03:30:00
ft_sal_003500,ft_evt_0061,Camila Quintero,camilaquintero546@gmail.com,573156145282,4,256000,WEB,2026-07-17 08:30:00
ft_sal_003501,ft_evt_0061,david guerrero,david.guerrero41+eventos@gmail.com,,2,274000,WEB,2026-07-08 11:30:00
ft_sal_003502,ft_evt_0061,Sebastián Salazar,sebastian.salazar51@icloud.com,3290270946,2,0,WEB,2026-07-15 01:30:00
ft_sal_003503,ft_evt_0061,Mariana Ospina Quintero,marianaospina129@gmail.com,+57 305 4345774,1,40000,RRPP,2026-07-19 08:30:00
ft_sal_003504,ft_evt_0061,Ximena Salazar,ximena.salazar@hotmail.com,324 327 3485,1,137000,ADMIN,2026-07-09 06:30:00
ft_sal_003505,ft_evt_0061,Esteban Hernández,estebanhernandez90@outlook.com,(+57) 314-283-8046,1,140000,WEB,2026-07-18 11:30:00
ft_sal_003506,ft_evt_0061,David Céspedes,david.cespedes43@hotmail.com,573206072967,1,93000,WEB,2026-07-19 18:30:00
ft_sal_003507,ft_evt_0061,Jiménez Ricardo,ricardo.jimenez@gmail.com,300 854 5065,1,47000,WEB,2026-07-17 19:30:00
ft_sal_003508,ft_evt_0061,andrés castro,andres.castro+eventos@gmail.com,324 711 0971,1,0,WEB,2026-07-19 07:30:00
ft_sal_003509,ft_evt_0061,Vargas Mariana,mariana.vargas9@gmail.com,319 510 3514,1,50000,WEB,2026-07-19 20:30:00
ft_sal_003510,ft_evt_0061,Sebastián Gómez,sebastan.gomez11@outlook.com,573240865840,1,60000,BOX_OFFICE,2026-07-24 09:30:00
ft_sal_003511,ft_evt_0061,Juliana Arango,julina.arango94@gmail.com,573119180641,1,63000,WEB,2026-07-14 09:30:00
ft_sal_003512,ft_evt_0061,Gómez Carolina,carolina.gomez229@gmail.com,573185200023,2,92000,WEB,2026-07-08 11:30:00
ft_sal_003513,ft_evt_0061,óscar restrepo,oscar.restrepo@hotmial.com,3176159442,1,102000,WEB,2026-07-18 08:30:00
ft_sal_003514,ft_evt_0061,juan gómez,juangomez611@proton.me,303 776 2192,2,184000,WEB,2026-07-19 12:30:00
ft_sal_003515,ft_evt_0061,carlos mejía,carlosmejia40@gmail.com,3163444944,2,84000,BOX_OFFICE,2026-07-24 10:30:00
ft_sal_003516,ft_evt_0061,Natalia Valencia,nataliavalencia581@gmail.com,(+57) 306-967-6510,6,624000,WEB,2026-07-21 19:30:00
ft_sal_003517,ft_evt_0061,Paula Valencia,paula.valencia47@gmail.com,327 378 2034,1,64000,WEB,2026-07-09 10:30:00
ft_sal_003518,ft_evt_0061,Castro Cristian,cristian.casto25@gmail.com,(+57) 307-755-2200,1,0,WEB,2026-07-21 06:30:00
ft_sal_003519,ft_evt_0061,Valentina Martínez,valentina.martinez26@outlook.com,314 467 8480,1,44000,WEB,2026-07-19 07:30:00
ft_sal_003520,ft_evt_0061,diego moreno,diego.moreno333@gmail.com,3079765473,1,46000,WEB,2026-07-16 03:30:00
ft_sal_003521,ft_evt_0061,Diana Jiménez,dianajimenez438@icloud.com,+57 312 9877700,2,92000,WEB,2026-07-11 18:30:00
ft_sal_003522,ft_evt_0061,Ramírez Miguel,miguelramirez524@outlook.com,306 677 5047,1,46000,ADMIN,2026-07-16 14:30:00
ft_sal_003523,ft_evt_0061,Daniel Moreno,daniel.moreno26+spam@gmail.com,+57 327 0066146,1,48000,WEB,2026-07-13 00:30:00
ft_sal_003524,ft_evt_0061,R. Valencia,ricardovalencia287@gmail.com,314 146 6789,3,126000,WEB,2026-07-13 16:30:00
ft_sal_003525,ft_evt_0061,Andrea Valencia,carlos.valencia173@gmail.com,3141862996,3,411000,WEB,2026-07-11 17:30:00
ft_sal_003526,ft_evt_0061,Diana Ospina,diana.ospina71@gmail.com,3035048913,2,0,ADMIN,2026-07-09 08:30:00
ft_sal_003527,ft_evt_0061,ESTEBAN MEJÍA,esteban.mejia66@gmail.com,+57 325 8588865,2,122000,WEB,2026-07-12 07:30:00
ft_sal_003528,ft_evt_0061,Carolina Vargas,carolinavargas55@gmail.com,573068416599,1,0,WEB,2026-07-13 17:30:00
ft_sal_003529,ft_evt_0061,Fabián Ramírez,faian.ramirez@hotmail.com,+57 308 4240548,1,58000,BOX_OFFICE,2026-07-24 12:30:00
ft_sal_003530,ft_evt_0061,Juliana Salazar,juliana.salazar45@gmail.com,(+57) 329-900-6813,6,258000,WEB,2026-07-04 15:30:00
ft_sal_003531,ft_evt_0061,Sara Zapata,sara.zapata+spam@hotmail.com,+57 329 8441271,2,120000,WEB,2026-07-14 15:30:00
ft_sal_003532,ft_evt_0061,Laura Mejía Salazar,lauramejia774@gmail.com,319 096 7732,2,88000,WEB,2026-07-15 15:30:00
ft_sal_003533,ft_evt_0061,Tatiana Moreno,tatiana.moreno210@gmail.com,311 426 6997,1,43000,WEB,2026-07-16 05:30:00
ft_sal_003534,ft_evt_0061,Luisa Ospina,luisaospina532@hotmail.com,312 805 4477,2,94000,WEB,2026-07-16 03:30:00
ft_sal_003535,ft_evt_0061,Carolina Munoz,carolna.munoz@hotmail.com,573092077461,1,44000,WEB,2026-07-09 12:30:00
ft_sal_003536,ft_evt_0061,Diego Muñoz,esteban.quintero25@gmail.com,(+57) 311-613-7761,2,186000,WEB,2026-07-13 01:30:00
ft_sal_003537,ft_evt_0061,Sara González,saragonzalez695@gmail.com,3252048435,1,46000,WEB,2026-07-19 00:30:00
ft_sal_003538,ft_evt_0061,diego cifuentes,diego.cifuentes@gmail.com,317 931 0577,3,417000,WEB,2026-07-18 15:30:00
ft_sal_003539,ft_evt_0061,Cristian Ramírez,cristianramirez441@gmail.com,300 549 2015,6,366000,WEB,2026-07-15 01:30:00
ft_sal_003540,ft_evt_0061,esteban betancur,ESTEBAN.BETANCUR@GMAIL.COM,305 405 7632,1,45000,WEB,2026-07-13 09:30:00
ft_sal_003541,ft_evt_0061,Daniela Suárez,daniela.suarez@gmail.com,303 467 9234,2,94000,WEB,2026-07-13 15:30:00
ft_sal_003542,ft_evt_0061,Daniela Cifuentes,danielacifuentes112@gmail.com,,2,86000,WEB,2026-07-08 09:30:00
ft_sal_003543,ft_evt_0061,Diana Valencia,dianavalencia787@gmail.com,(+57) 302-557-6614,1,45000,WEB,2026-07-17 06:30:00
ft_sal_003544,ft_evt_0061,Mariana Peña,marianapena930@gmail.com,(+57) 312-039-7925,4,192000,ADMIN,2026-07-16 08:30:00
ft_sal_003545,ft_evt_0061,Carlos Castro,carloscastro818@gmail.com,,2,0,WEB,2026-07-14 16:30:00
ft_sal_003546,ft_evt_0061,Carolina López Moreno,carolina.lopez704@gmail.com,3035224005,2,124000,WEB,2026-07-17 10:30:00
ft_sal_003547,ft_evt_0061,Diego Ospina,diego.ospina58@gmail.com,,2,94000,WEB,2026-07-22 20:30:00
ft_sal_003548,ft_evt_0061,Cifuentes Ximena,ximenacifuentes833@gmail.com,,1,94000,WEB,2026-07-12 10:30:00
ft_sal_003549,ft_evt_0061,Vargas Mariana,mariana.vargas@gmail.com,(+57) 321-730-0662,2,126000,WEB,2026-07-11 08:30:00
ft_sal_003550,ft_evt_0061,Julián Castro Rojas,julian.castro@gmail.com,3217397837,4,392000,ADMIN,2026-07-19 10:30:00
ft_sal_003551,ft_evt_0061,Laura Mejía,lauramejia122@yahoo.com,(+57) 327-148-7670,1,64000,WEB,2026-07-17 20:30:00
ft_sal_003552,ft_evt_0061,Juliana López,juliana.lopez116@gmail.com,+57 329 8097331,4,528000,BOX_OFFICE,2026-07-24 16:30:00
ft_sal_003553,ft_evt_0061,Óscar Valencia,oscarvalencia637@gmail.com,573154484878,1,100000,WEB,2026-07-19 11:30:00
ft_sal_003554,ft_evt_0061,alejandro bermúdez,alejandro.ermudez@gmail.com,324 052 1513,4,388000,WEB,2026-07-22 04:30:00
ft_sal_003555,ft_evt_0061,luisa valencia,luisa.valencia775@gmail.com,3235601157,2,0,WEB,2026-07-08 07:30:00
ft_sal_003556,ft_evt_0061,alejandra betancur,alejandrabetancur148@gmail.com,312 322 5422,2,276000,WEB,2026-07-14 05:30:00
ft_sal_003557,ft_evt_0061,María Cifuentes,MARIA.CIFUENTES38@GMAIL.COM,573272280016,1,56000,WEB,2026-07-15 11:30:00
ft_sal_003558,ft_evt_0061,ANDREA JIMÉNEZ,andreajimenez137@gmail.com,(+57) 305-098-8649,1,61000,WEB,2026-07-20 20:30:00
ft_sal_003559,ft_evt_0061,Andrés Jiménez Peña,carlos.bermudez@outlook.com,+57 320 5332337,3,174000,WEB,2026-07-13 16:30:00
ft_sal_003560,ft_evt_0061,Valentina Zapata,camilo.gonzalez@gmail.com,(+57) 303-166-1673,3,282000,WEB,2026-07-17 13:30:00
ft_sal_003561,ft_evt_0061,Laura Rodríguez,laurarodriguez238@gmail.com,,2,292000,WEB,2026-07-13 14:30:00
ft_sal_003562,ft_evt_0061,Alejandra Peña,alejandra.pena133+compras@gmail.com,+57 317 1574251,2,90000,ADMIN,2026-07-11 03:30:00
ft_sal_003563,ft_evt_0061,Carlos Céspedes,alejandra.ospina225@gmail.com,573209110740,2,208000,WEB,2026-07-12 18:30:00
ft_sal_003564,ft_evt_0061,María Ospina,maria.ospina44+spam@outlook.com,(+57) 300-483-0899,1,41000,WEB,2026-07-10 07:30:00
ft_sal_003565,ft_evt_0061,Carlos Mejía,carlos.mejia38@gmail.com,+57 328 4024142,2,92000,WEB,2026-07-13 04:30:00
ft_sal_003566,ft_evt_0061,ANDRÉS GONZÁLEZ,andes.gonzalez206@gmail.com,,3,132000,WEB,2026-07-19 07:30:00
ft_sal_003567,ft_evt_0061,C. Cárdenas,carlos.cardenas89@gmail.com,+57 318 1717790,2,94000,RRPP,2026-07-16 16:30:00
ft_sal_003568,ft_evt_0061,Miguel Arango,miguel.arango64@gmail.com,3295633224,2,182000,BOX_OFFICE,2026-07-24 03:30:00
ft_sal_003569,ft_evt_0061,Santiago Cifuentes,santiago.cifuentes317@gmail.com,+57 306 4183763,1,48000,BOX_OFFICE,2026-07-24 10:30:00
ft_sal_003570,ft_evt_0061,M. Zapata,maria.zapata59+spam@gmail.com,314 730 2828,1,60000,WEB,2026-07-15 08:30:00
ft_sal_003571,ft_evt_0061,Isabella Betancur,isabella.betancur54@yahoo.com,573180530921,1,138000,WEB,2026-07-11 00:30:00
ft_sal_003572,ft_evt_0061,esteban ortiz,estebanortiz538@gmail.com,+57 317 4400251,1,67000,BOX_OFFICE,2026-07-24 18:30:00
ft_sal_003573,ft_evt_0061,Fabián Zapata,fabian.zapata4@hotmail.com,+57 308 9824766,2,278000,WEB,2026-07-21 20:30:00
ft_sal_003574,ft_evt_0061,Laura Castro,lauracastro969@gmail.com,3237228774,1,59000,WEB,2026-07-13 01:30:00
ft_sal_003575,ft_evt_0061,Juan Rodríguez,juan.rodriguez@hotmail.com,(+57) 316-664-6295,1,97000,ADMIN,2026-07-05 12:30:00
ft_sal_003576,ft_evt_0061,Catalina Muñoz,catalina.munoz@icloud.com,3044899370,1,0,RRPP,2026-07-18 17:30:00
ft_sal_003577,ft_evt_0061,daniel gómez,danielgomez470@gmail.com,573080060264,1,142000,WEB,2026-07-20 02:30:00
ft_sal_003578,ft_evt_0061,Santiago Gómez,SANTIAGO.GOMEZ@GMAIL.COM,573238169426,1,46000,WEB,2026-07-12 17:30:00
ft_sal_003579,ft_evt_0061,Natalia Cifuentes Jiménez,natalia.cifuentes706@gmail.com,324 629 0263,4,164000,WEB,2026-07-09 05:30:00
ft_sal_003580,ft_evt_0061,ALEJANDRA VARGAS,alejandra.vargas@yahoo.com,3257933154,1,0,WEB,2026-07-09 15:30:00
ft_sal_003581,ft_evt_0061,Mateo Céspedes,mateocespedes81@gmail.com,,1,46000,WEB,2026-07-12 03:30:00
ft_sal_003582,ft_evt_0061,david arango,DAVID.ARANGO@GMAIL.COM,3032634781,2,96000,WEB,2026-07-14 12:30:00
ft_sal_003583,ft_evt_0061,ÓSCAR JIMÉNEZ,oscarjimenez508@outlook.com,(+57) 311-374-0453,2,92000,WEB,2026-07-13 10:30:00
ft_sal_003584,ft_evt_0061,Alejandro Hernández,alejandro.herandez54@gmail.com,,3,0,WEB,2026-07-22 05:30:00
ft_sal_003585,ft_evt_0061,Fabian Martinez,fabianmartinez151@outlook.com,,2,118000,WEB,2026-07-13 12:30:00
ft_sal_003586,ft_evt_0061,Camila Peña,camila.pena+compras@gmail.com,+57 324 6429219,2,288000,RRPP,2026-07-10 12:30:00
ft_sal_003587,ft_evt_0061,Alejandra Jiménez,alejandrajimenez144@icloud.com,+57 308 1483049,1,44000,BOX_OFFICE,2026-07-24 03:30:00
ft_sal_003588,ft_evt_0061,Ó. Salazar,oscar.salazar584@gmail.com,(+57) 300-711-9909,1,140000,WEB,2026-07-10 02:30:00
ft_sal_003589,ft_evt_0061,Camila Moreno,camila.mreno92@gmail.com,,1,0,WEB,2026-07-18 18:30:00
ft_sal_003590,ft_evt_0061,CAROLINA ROJAS,carolinarojas258@gmail.com,319 538 6716,3,126000,WEB,2026-07-11 17:30:00
ft_sal_003591,ft_evt_0061,Óscar Martínez,oscarmartinez@hotmail.com,3003071442,2,84000,WEB,2026-07-12 19:30:00
ft_sal_003592,ft_evt_0061,Cifuentes Alejandro,alejandro.cifuentes605@hotmail.com,(+57) 323-377-8373,4,560000,WEB,2026-07-17 16:30:00
ft_sal_003593,ft_evt_0061,Mateo Guerrero Castro,mateoguerrero348@gmail.com,573023210838,6,264000,WEB,2026-07-09 05:30:00
ft_sal_003594,ft_evt_0061,Sebastián Rodríguez,sebastian.rodriguez+compras@gmail.com,307 464 8306,1,96000,WEB,2026-07-19 02:30:00
ft_sal_003595,ft_evt_0061,carlos lópez,laura.valencia38@gmail.com,+57 315 5940922,1,64000,BOX_OFFICE,2026-07-24 10:30:00
ft_sal_003596,ft_evt_0061,Cristian Lopez,cristianlopez324@hotmail.com,+57 307 9246074,2,128000,BOX_OFFICE,2026-07-24 05:30:00
ft_sal_003597,ft_evt_0061,Gómez Fabián,fabiangomez427@icloud.com,,4,260000,WEB,2026-07-14 13:30:00
ft_sal_003598,ft_evt_0061,C. Suárez,cristian.suarez70@hotmail.com,573153681745,1,96000,WEB,2026-07-07 07:30:00
ft_sal_003599,ft_evt_0061,López Daniela,daniea.lopez@proton.me,(+57) 328-665-4031,1,45000,WEB,2026-07-14 02:30:00
ft_sal_003600,ft_evt_0061,daniela restrepo,danielarestrepo181@hotmail.com,573198403420,2,270000,WEB,2026-07-07 18:30:00
ft_sal_003601,ft_evt_0061,Nicolás González,nicolas.gonzalez90@yahoo.com,573003858454,3,177000,WEB,2026-07-19 18:30:00
ft_sal_003602,ft_evt_0061,Bermúdez Mateo,mateobermudez316@gmail.com,3243944233,2,120000,WEB,2026-07-03 03:30:00
ft_sal_003603,ft_evt_0061,Santiago Vargas,santiago.vargas887+boletas@gmail.com,573107585216,3,180000,WEB,2026-07-09 06:30:00
ft_sal_003604,ft_evt_0061,Natalia Cárdenas,natalia.cardenas95@gmial.com,573151250863,2,118000,BOX_OFFICE,2026-07-24 09:30:00
ft_sal_003605,ft_evt_0061,ANDRÉS ARANGO,andres.arango193@gmail.com,319 426 2589,1,62000,WEB,2026-07-15 07:30:00
ft_sal_003606,ft_evt_0061,Isabella Vargas,isabellavargas640@gmail.com,,2,126000,WEB,2026-07-12 12:30:00
ft_sal_003607,ft_evt_0061,María López Peña,marialopez932@gmail.com,(+57) 309-040-4456,1,57000,BOX_OFFICE,2026-07-24 10:30:00
ft_sal_003608,ft_evt_0061,Óscar Céspedes Ortiz,oscarcespedes647@hotmail.com,573224034388,1,44000,ADMIN,2026-07-13 14:30:00
ft_sal_003609,ft_evt_0061,David Jiménez,david.jimenez661@gmail.com,308 909 3444,1,59000,WEB,2026-07-20 08:30:00
ft_sal_003610,ft_evt_0061,Manuela Rodríguez,manuela.rodriguez@gmail.com,311 864 1007,4,236000,BOX_OFFICE,2026-07-24 05:30:00
ft_sal_003611,ft_evt_0061,Alejandra Rodríguez,alejandrarodriguez923@gmail.com,573251567830,1,0,WEB,2026-07-10 08:30:00
ft_sal_003612,ft_evt_0061,F. Rojas,fabian.rojas797@gmail.com,(+57) 328-388-2390,1,58000,ADMIN,2026-07-12 11:30:00
ft_sal_003613,ft_evt_0061,Juliana López,juliana.lopez99@gmail.com,305 069 6723,1,58000,WEB,2026-07-10 05:30:00
ft_sal_003614,ft_evt_0061,David Pena,daid.pena21@outlook.com,+57 313 2752129,1,133000,WEB,2026-07-17 06:30:00
ft_sal_003615,ft_evt_0061,Daniel Zapata,daniel.zapata851+compras@outlook.com,(+57) 320-125-1022,1,45000,WEB,2026-07-11 06:30:00
ft_sal_003616,ft_evt_0061,Daniel Muñoz,danielmunoz159@gmail.com,+57 328 3091188,1,94000,WEB,2026-07-14 06:30:00
ft_sal_003617,ft_evt_0061,Miguel Rodríguez,miguel.rodriguez@gmail.com,+57 314 0452257,1,60000,WEB,2026-07-18 17:30:00
ft_sal_003618,ft_evt_0061,Ricardo Quintero,ricardo.quintero34@gmail.com,(+57) 303-713-7456,1,43000,WEB,2026-07-20 05:30:00
ft_sal_003619,ft_evt_0061,Diana Ramírez,diana.ramirez42+eventos@gmail.com,306 459 3287,2,0,WEB,2026-07-12 01:30:00
ft_sal_003620,ft_evt_0061,Laura Ospina,lauraospina778@gmail.com,317 859 1295,1,49000,WEB,2026-07-14 20:30:00
ft_sal_003621,ft_evt_0061,JULIÁN CASTRO,julian.castro+eventos@gmail.com,321 739 7837,1,145000,WEB,2026-07-15 07:30:00
ft_sal_003622,ft_evt_0061,Diego Ospina,diegoospina408@gmail.com,573245183178,3,132000,ADMIN,2026-07-16 16:30:00
ft_sal_003623,ft_evt_0061,Sebastián Vargas Betancur,sebastian.vargas@gmail.com,318 661 9956,1,90000,RRPP,2026-07-10 00:30:00
ft_sal_003624,ft_evt_0061,Diego Castro,DIEGO.CASTRO58@GMAIL.COM,(+57) 311-863-4317,2,126000,WEB,2026-07-17 20:30:00
ft_sal_003625,ft_evt_0061,nicolás gonzález,nicolas.gonzalez76@gmail.com,(+57) 316-371-1167,6,258000,WEB,2026-07-10 15:30:00
ft_sal_003626,ft_evt_0061,Luisa Rojas,luisarojas88@gmail.com,,3,261000,WEB,2026-07-16 11:30:00
ft_sal_003627,ft_evt_0061,Valentina Zapata,valentina.zapata@hotmail.com,(+57) 315-270-0471,1,46000,WEB,2026-07-11 14:30:00
ft_sal_003628,ft_evt_0061,Cifuentes Mateo,carolina.suarez534@hotmail.com,573132841651,2,262000,WEB,2026-07-12 00:30:00
ft_sal_003629,ft_evt_0061,C. González,carlos.gonzalez@gmail.com,+57 319 2853597,2,96000,WEB,2026-07-14 17:30:00
ft_sal_003630,ft_evt_0061,Alejandro Vargas,alejandrovargas414@icloud.com,(+57) 324-540-2438,3,126000,WEB,2026-07-14 16:30:00
ft_sal_003631,ft_evt_0061,Cristian Restrepo,cristian.restrepo368@gmail.com,(+57) 300-469-5924,2,202000,WEB,2026-07-14 00:30:00
ft_sal_003632,ft_evt_0061,Carlos López,carloslopez720@gmail.com,+57 322 3677655,1,43000,BOX_OFFICE,2026-07-24 17:30:00
ft_sal_003633,ft_evt_0061,Andrea Cifuentes,andrea.cifuentes29@gmail.com,327 729 7742,2,84000,WEB,2026-07-05 20:30:00
ft_sal_003634,ft_evt_0061,alejandro muñoz,alejanro.munoz37@gmail.com,(+57) 305-033-3792,2,96000,WEB,2026-07-04 18:30:00
ft_sal_003635,ft_evt_0061,JULIANA ROJAS,julianarojas753@gmail.com,+57 315 5855103,2,94000,WEB,2026-07-15 19:30:00
ft_sal_003636,ft_evt_0061,Diana Ortiz,dianaortiz825@gmail.com,+57 322 6311084,2,180000,WEB,2026-07-14 13:30:00
ft_sal_003637,ft_evt_0061,Juliana Ramírez,julianaramirez595@gmail.com,573168009373,2,90000,ADMIN,2026-07-18 13:30:00
ft_sal_003638,ft_evt_0061,Julián Peña Cifuentes,julianpena901@gmail.com,(+57) 300-054-9568,2,0,ADMIN,2026-07-09 08:30:00
ft_sal_003639,ft_evt_0061,Luisa Restrepo,luisa.restrepo52+compras@gmail.com,(+57) 325-641-0091,2,200000,WEB,2026-07-17 04:30:00
ft_sal_003640,ft_evt_0061,Peña Julián,julian.pena971@outlook.com,3163094374,1,44000,WEB,2026-07-05 14:30:00
ft_sal_003641,ft_evt_0061,I. Céspedes,isabella.cespedes103@gmail.com,573092360470,2,274000,WEB,2026-07-04 19:30:00
ft_sal_003642,ft_evt_0061,andrés betancur,andresbetancur287@gmail.com,3115817060,4,352000,WEB,2026-07-14 11:30:00
ft_sal_003643,ft_evt_0061,JULIÁN ARANGO,JULIAN.ARANGO913@GMAIL.COM,(+57) 309-906-5126,2,284000,WEB,2026-07-15 05:30:00
ft_sal_003644,ft_evt_0061,Camilo Cárdenas,camilocardenas141@gmail.com,3029883767,1,48000,WEB,2026-07-02 04:30:00
ft_sal_003645,ft_evt_0061,VALENTINA JIMÉNEZ,valentinajimenez631@yahoo.com,(+57) 302-369-7410,2,192000,WEB,2026-07-14 04:30:00
ft_sal_003646,ft_evt_0061,Daniela Cifuentes,danielacifuentes932@gmail.com,,2,106000,WEB,2026-07-20 07:30:00
ft_sal_003647,ft_evt_0061,Isabella Ospina,isabellaospina846@gmail.com,573169525368,3,270000,WEB,2026-07-22 09:30:00
ft_sal_003648,ft_evt_0061,D. Valencia,diego.valencia405@gmial.com,573061970156,1,45000,WEB,2026-07-17 04:30:00
ft_sal_003649,ft_evt_0061,camilo jiménez,camilo.jimenez@gmail.com,314 314 8253,1,126000,ADMIN,2026-07-16 02:30:00
ft_sal_003650,ft_evt_0061,Diego Pena,diegopena89@gmail.com,3016761080,1,0,WEB,2026-07-18 17:30:00
ft_sal_003651,ft_evt_0061,C. Cárdenas,carolina.cardenas@gmail.com,+57 307 2240269,1,44000,WEB,2026-07-10 20:30:00
ft_sal_003652,ft_evt_0061,Juan Jiménez,juan.jimenez@gmail.com,,2,122000,ADMIN,2026-07-14 16:30:00
ft_sal_003653,ft_evt_0061,Ximena Suárez,laura.salazar@yahoo.com,573182410016,1,46000,WEB,2026-07-11 14:30:00
ft_sal_003654,ft_evt_0061,C. Betancur,carolina.betancu36@gmail.com,,1,136000,WEB,2026-07-16 14:30:00
ft_sal_003655,ft_evt_0061,DIANA CIFUENTES,dianacifuentes147@icloud.com,(+57) 311-739-6267,1,132000,WEB,2026-07-13 04:30:00
ft_sal_003656,ft_evt_0061,Andrés Ortiz,andresortiz545@gmail.com,3051488366,3,189000,WEB,2026-07-10 07:30:00
ft_sal_003657,ft_evt_0061,R. Ramírez,ricardo.ramirez+eventos@gmail.com,(+57) 317-047-0840,1,0,WEB,2026-07-19 17:30:00
ft_sal_003658,ft_evt_0061,Diana Hernández,dianahernandez744@gmail.com,(+57) 304-833-5231,1,151000,WEB,2026-07-17 16:30:00
ft_sal_003659,ft_evt_0061,Valentina Valencia,valentinavalencia997@gmail.com,,2,84000,BOX_OFFICE,2026-07-24 07:30:00
ft_sal_003660,ft_evt_0061,Arango Juan,juan.arango21@hotmail.com,+57 310 0805119,1,96000,WEB,2026-07-08 17:30:00
ft_sal_003661,ft_evt_0061,M. Martínez,mateo.martinez4+spam@gmail.com,+57 321 1397453,1,97000,WEB,2026-07-15 05:30:00
ft_sal_003662,ft_evt_0061,Andrea Moreno,andrea.moreno2@gmail.com,573035297733,2,200000,ADMIN,2026-07-20 02:30:00
ft_sal_003663,ft_evt_0061,Carlos González,diego.cardenas@gmail.com,319 285 3597,2,96000,WEB,2026-07-15 18:30:00
ft_sal_003664,ft_evt_0061,Santiago Quintero,santiagoquintero629@gmail.com,3215812022,1,41000,WEB,2026-07-10 18:30:00
ft_sal_003665,ft_evt_0061,Andres Gonzalez,paula.cardenas@hotmail.com,(+57) 314-581-7401,1,48000,WEB,2026-07-12 20:30:00
ft_sal_003666,ft_evt_0061,Maria Cespedes,maria.cespeds1@gmail.com,573099220884,2,92000,WEB,2026-07-17 06:30:00
ft_sal_003667,ft_evt_0061,Ricardo Cárdenas,ricardo.cardenas91@proton.me,300 491 7827,2,176000,ADMIN,2026-07-20 00:30:00
ft_sal_003668,ft_evt_0061,Paula Rodríguez,paula.rodriguez85@outlook.com,573094233542,1,63000,WEB,2026-07-23 12:30:00
ft_sal_003669,ft_evt_0061,Miguel Moreno,miguelmoreno433@gmail.com,+57 307 5208861,1,45000,WEB,2026-07-11 08:30:00
ft_sal_003670,ft_evt_0061,Carolina Jiménez Castro,carolina.jimenez@gmail.com,328 387 0097,2,88000,WEB,2026-07-15 01:30:00
ft_sal_003671,ft_evt_0061,C. Jiménez,cristian.jimenez1@gmail.com,+57 324 7525748,2,116000,WEB,2026-07-13 16:30:00
ft_sal_003672,ft_evt_0061,Esteban Ortiz,estebanortiz459@gmail.com,,2,98000,WEB,2026-07-20 16:30:00
ft_sal_003673,ft_evt_0061,mariana castro,mariana.castro33@gmail.com,300 582 0668,1,49000,WEB,2026-07-21 20:30:00
ft_sal_003674,ft_evt_0061,C. Ortiz,camiloortiz774@gmail.com,300 770 0973,1,0,WEB,2026-07-12 19:30:00
ft_sal_003675,ft_evt_0061,Miguel Cespedes,miguel.cesedes489@gmail.com,304 027 3108,2,270000,WEB,2026-07-09 20:30:00
ft_sal_003676,ft_evt_0061,Sara Bermúdez,SARA.BERMUDEZ@GMAIL.COM,573078483937,1,63000,WEB,2026-07-17 10:30:00
ft_sal_003677,ft_evt_0061,Valentina Hernandez,valentina.hernandz235@gmail.com,(+57) 306-916-2795,2,174000,WEB,2026-07-05 17:30:00
ft_sal_003678,ft_evt_0061,Natalia Vargas,natalia.vargas@gmial.com,+57 309 3476998,4,592000,WEB,2026-07-15 12:30:00
ft_sal_003679,ft_evt_0061,Camila Guerrero González,camila.guerrero@hotmail.com,329 933 8205,1,43000,WEB,2026-07-08 13:30:00
ft_sal_003680,ft_evt_0061,Camilo Betancur,camilobetancur927@gmail.com,3198983491,1,0,WEB,2026-07-13 18:30:00
ft_sal_003681,ft_evt_0061,laura gonzález,laura.gonzalez49355@gmail.com,325 135 3860,2,124000,WEB,2026-07-13 15:30:00
ft_sal_003682,ft_evt_0061,Ricardo Salazar,ricardosalazar458@outlook.com,+57 324 5616478,1,58000,WEB,2026-07-10 02:30:00
ft_sal_003683,ft_evt_0061,Sara Zapata,sara.zapata@hotmail.com,3298441271,3,126000,BOX_OFFICE,2026-07-24 02:30:00
ft_sal_003684,ft_evt_0061,Tatiana Rojas,tatianarojas36@gmail.com,573100229719,1,45000,WEB,2026-07-16 11:30:00
ft_sal_003685,ft_evt_0061,LAURA CIFUENTES,lauracifuentes98@gmail.com,300 937 8050,1,46000,BOX_OFFICE,2026-07-24 01:30:00
ft_sal_003686,ft_evt_0061,SEBASTIÁN MARTÍNEZ,sebastian.martinez36@proton.me,+57 328 1955756,1,133000,WEB,2026-07-19 10:30:00
ft_sal_003687,ft_evt_0061,Mateo Ramírez,mateo.ramirez+boletas@gmail.com,3103458520,2,0,BOX_OFFICE,2026-07-24 15:30:00
ft_sal_003688,ft_evt_0061,MIGUEL CÁRDENAS,miguelcardenas389@gmail.com,573041206046,1,95000,WEB,2026-07-15 08:30:00
ft_sal_003689,ft_evt_0061,VALENTINA ARANGO,valentinaarango4@outlook.com,(+57) 300-411-9473,2,88000,WEB,2026-07-08 20:30:00
ft_sal_003690,ft_evt_0061,natalia céspedes,nataliacespedes697@gmail.com,+57 313 6645220,1,57000,WEB,2026-07-11 16:30:00
ft_sal_003691,ft_evt_0061,Andrea Céspedes,andrea.cespedes12+eventos@hotmail.com,(+57) 306-539-5912,4,232000,BOX_OFFICE,2026-07-24 18:30:00
ft_sal_003692,ft_evt_0061,David Mejía,david.mejia72@hotmial.com,+57 324 0294266,2,84000,WEB,2026-07-09 06:30:00
ft_sal_003693,ft_evt_0061,Paula Rodríguez Zapata,paularodriguez650@yahoo.com,(+57) 316-208-3429,1,137000,BOX_OFFICE,2026-07-24 14:30:00
ft_sal_003694,ft_evt_0061,Carolina Moreno,carolinamoreno427@gmail.com,573138577655,2,262000,WEB,2026-07-17 13:30:00
ft_sal_003695,ft_evt_0061,Camilo Arango,camilo.arango79@gmail.com,573247775428,1,44000,WEB,2026-07-18 00:30:00
ft_sal_003696,ft_evt_0061,David Guerrero,davidguerrero665@hotmail.com,,2,92000,WEB,2026-07-12 14:30:00
ft_sal_003697,ft_evt_0061,DANIEL VARGAS,DANIEL.VARGAS65@GMAIL.COM,(+57) 329-108-7890,1,0,WEB,2026-07-17 20:30:00
ft_sal_003698,ft_evt_0061,david gómez,davidgomez409@gmail.com,+57 325 3237420,1,0,WEB,2026-07-14 02:30:00
ft_sal_003699,ft_evt_0061,Paula Muñoz,PAULA.MUNOZ78@GMAIL.COM,(+57) 328-652-7835,1,148000,WEB,2026-07-20 20:30:00
ft_sal_003700,ft_evt_0061,S. Cifuentes,santiago.cifuents@gmail.com,3246051943,1,0,WEB,2026-07-11 04:30:00
ft_sal_003701,ft_evt_0061,Juan Quintero,juanquintero@yahoo.com,3255353480,2,88000,WEB,2026-07-04 15:30:00
ft_sal_003702,ft_evt_0061,C. López,catalinalopez739@gmail.com,(+57) 310-002-1910,1,41000,WEB,2026-07-10 18:30:00
ft_sal_003703,ft_evt_0061,Isabella Guerrero,isabella.guerrero@yahoo.com,+57 314 9620785,2,186000,WEB,2026-07-08 13:30:00
ft_sal_003704,ft_evt_0061,Alejandra Pena,alejandrapena259@gmail.com,(+57) 308-333-2085,2,126000,WEB,2026-07-15 07:30:00
ft_sal_003705,ft_evt_0061,Miguel González,miguel.gonzalez41@outlook.com,,2,96000,WEB,2026-07-13 14:30:00
ft_sal_003706,ft_evt_0061,Isabella Mejía,isabellamejia993@gmail.com,,2,110000,BOX_OFFICE,2026-07-24 01:30:00
ft_sal_003707,ft_evt_0061,Andres Cifuentes,andres.cfuentes435@hotmail.com,3126523612,1,43000,WEB,2026-07-13 11:30:00
ft_sal_003708,ft_evt_0061,carolina vargas,carolina.vargas85+spam@outlook.com,,3,147000,ADMIN,2026-07-16 15:30:00
ft_sal_003709,ft_evt_0061,Vargas Alejandro,alejandro.vargas@gmail.com,,2,184000,WEB,2026-07-05 08:30:00
ft_sal_003710,ft_evt_0061,Isabella Pena,isabella.pena172@hotmail.com,573216250421,2,188000,WEB,2026-07-21 20:30:00
ft_sal_003711,ft_evt_0061,Ricardo Castro,ricardocastro80@gmail.com,,2,182000,WEB,2026-07-18 08:30:00
ft_sal_003712,ft_evt_0061,Ricardo Zapata,ricardo.zapata+compras@hotmail.com,+57 300 2083899,2,126000,WEB,2026-07-02 11:30:00
ft_sal_003713,ft_evt_0061,David Vargas,davidvargas743@gmail.com,3263951947,2,114000,WEB,2026-07-16 10:30:00
ft_sal_003714,ft_evt_0061,Esteban Jiménez,esteban.jimenez7+eventos@yahoo.com,3298133748,2,272000,WEB,2026-07-14 14:30:00
ft_sal_003715,ft_evt_0061,Sebastian Martinez,sebastian.martnez36@gmail.com,573281955756,1,102000,WEB,2026-07-13 06:30:00
ft_sal_003716,ft_evt_0061,VALENTINA ZAPATA,valentinazapata706@hotmail.com,(+57) 309-113-3576,1,56000,WEB,2026-07-04 07:30:00
ft_sal_003717,ft_evt_0061,Andrea Muñoz,andrea.munz17@hotmail.com,3137120498,2,184000,WEB,2026-07-15 15:30:00
ft_sal_003718,ft_evt_0061,óscar rojas,oscar.rojas51@gmail.com,573149827212,1,60000,WEB,2026-07-15 15:30:00
ft_sal_003719,ft_evt_0039,Luisa Ramírez Martínez,lusa.ramirez74@hotmail.com,+57 322 9880306,1,152000,WEB,2026-07-19 09:00:00
ft_sal_003720,ft_evt_0039,Alejandro Moreno,alejandro.moreno@icloud.com,313 373 0030,2,86000,WEB,2026-07-18 04:00:00
ft_sal_003721,ft_evt_0039,maría martínez,maria.martinez89@gmail.com,3098564053,1,144000,WEB,2026-07-11 02:00:00
ft_sal_003722,ft_evt_0039,diana mejía,dina.mejia67@outlook.com,573194714767,2,168000,WEB,2026-07-20 03:00:00
ft_sal_003723,ft_evt_0039,Vargas Luisa,luisa.vargas@hotmail.com,311 209 9920,2,96000,WEB,2026-07-13 00:00:00
ft_sal_003724,ft_evt_0039,Restrepo Juliana,juliana.restrepo@hotmail.com,3042626174,2,0,BOX_OFFICE,2026-07-25 01:00:00
ft_sal_003725,ft_evt_0039,Carlos Guerrero,CARLOS.GUERRERO87@GMAIL.COM,573167351273,1,86000,BOX_OFFICE,2026-07-25 02:00:00
ft_sal_003726,ft_evt_0039,juan vargas,juan.vargas2@gmail.com,(+57) 300-352-9962,6,396000,WEB,2026-07-16 10:00:00
ft_sal_003727,ft_evt_0039,Valencia Sara,sara.valencia67@gmail.com,+57 322 6108907,1,61000,WEB,2026-07-10 07:00:00
ft_sal_003728,ft_evt_0039,Luisa Castro,luisa.castro+eventos@hotmail.com,573238786666,1,47000,WEB,2026-07-18 18:00:00
ft_sal_003729,ft_evt_0039,Juliana Gomez,julianagomez270@hotmail.com,573166288211,1,94000,WEB,2026-07-15 03:00:00
ft_sal_003730,ft_evt_0039,Ricardo Moreno,ricardomoreno705@hotmail.com,321 549 7272,2,174000,WEB,2026-07-10 09:00:00
ft_sal_003731,ft_evt_0039,Natalia Ramírez,nataliaramirez93@outlook.com,3090112472,1,88000,WEB,2026-07-14 18:00:00
ft_sal_003732,ft_evt_0039,Daniel Arango Guerrero,danielarango813@hotmail.com,,3,306000,WEB,2026-07-21 10:00:00
ft_sal_003733,ft_evt_0039,Manuela Castro,manuelacastro852@hotmail.com,573140900286,1,43000,WEB,2026-07-15 18:00:00
ft_sal_003734,ft_evt_0039,Paula Ospina,paula.ospina96@gmail.com,3062507773,1,97000,WEB,2026-07-21 12:00:00
ft_sal_003735,ft_evt_0039,Santiago Munoz,santago.munoz@gmail.com,+57 301 6522841,1,97000,WEB,2026-07-12 01:00:00
ft_sal_003736,ft_evt_0039,M. Vargas,miguelvargas437@hotmail.com,+57 303 0768705,2,276000,WEB,2026-07-13 12:00:00
ft_sal_003737,ft_evt_0039,Natalia Rodríguez Rodríguez,natalia.rodriguez@gmail.com,310 666 8406,1,92000,WEB,2026-07-20 06:00:00
ft_sal_003738,ft_evt_0039,L. Suárez,luisa.suarez24+eventos@gmail.com,(+57) 321-761-2041,2,120000,WEB,2026-07-15 14:00:00
ft_sal_003739,ft_evt_0039,Céspedes Tatiana,taiana.cespedes25@gmail.com,573111031728,4,184000,WEB,2026-07-15 03:00:00
ft_sal_003740,ft_evt_0039,Carolina Suárez Valencia,carolina.suarez64+boletas@gmail.com,573271248307,4,180000,WEB,2026-07-19 06:00:00
ft_sal_003741,ft_evt_0039,Daniela González,danielagonzalez300@gmail.com,+57 306 3795788,1,83000,WEB,2026-07-12 12:00:00
ft_sal_003742,ft_evt_0039,alejandro céspedes,alejandro.cespedes@yahoo.com,573254629115,2,124000,RRPP,2026-07-17 04:00:00
ft_sal_003743,ft_evt_0039,Maria Zapata,mariazapata605@outlook.com,(+57) 329-492-7850,6,348000,WEB,2026-07-10 00:00:00
ft_sal_003744,ft_evt_0039,Felipe Rojas,felipe.rojas33@hotmail.com,3222598331,1,64000,WEB,2026-07-08 20:00:00
ft_sal_003745,ft_evt_0039,Nicolás Jiménez,nicolasjimenez716@yahoo.com,3067509004,1,100000,WEB,2026-07-08 07:00:00
ft_sal_003746,ft_evt_0039,FELIPE MARTÍNEZ,nicolas.restrepo174@gmail.com,+57 329 1655146,1,58000,WEB,2026-07-16 10:00:00
ft_sal_003747,ft_evt_0039,Tatiana Castro,tatiana.castro10@gmail.com,3226577031,1,98000,WEB,2026-07-12 07:00:00
ft_sal_003748,ft_evt_0039,Muñoz Manuela,manuelamunoz285@outlook.com,573170369277,1,58000,BOX_OFFICE,2026-07-25 16:00:00
ft_sal_003749,ft_evt_0039,Tatiana Moreno,tatiana.moreno41@icloud.com,+57 329 4938577,3,132000,WEB,2026-07-13 03:00:00
ft_sal_003750,ft_evt_0039,Luisa Gómez,luisa.gomez@yahoo.com,312 963 5751,1,48000,ADMIN,2026-07-11 00:00:00
ft_sal_003751,ft_evt_0039,Alejandro Lopez,alejandrolopez303@hotmail.com,,2,128000,BOX_OFFICE,2026-07-25 16:00:00
ft_sal_003752,ft_evt_0039,A. Guerrero,andres.guerrero58+compras@yahoo.com,3078315011,1,45000,BOX_OFFICE,2026-07-25 19:00:00
ft_sal_003753,ft_evt_0039,LAURA ZAPATA,laurazapata369@gmail.com,307 700 7055,2,270000,WEB,2026-07-17 09:00:00
ft_sal_003754,ft_evt_0039,Fabián Vargas,fabian.valencia93@hotmail.com,319 907 4215,2,94000,BOX_OFFICE,2026-07-25 10:00:00
ft_sal_003755,ft_evt_0039,Felipe Martínez,felipe.martinez@gmail.com,3063634653,1,89000,BOX_OFFICE,2026-07-25 03:00:00
ft_sal_003756,ft_evt_0039,Rodríguez Carolina,carolinarodriguez806@outlook.com,(+57) 329-263-3547,1,45000,WEB,2026-07-17 18:00:00
ft_sal_003757,ft_evt_0039,PAULA MUÑOZ,paula.munz129@hotmail.com,316 389 2317,2,126000,WEB,2026-07-20 04:00:00
ft_sal_003758,ft_evt_0039,carlos quintero,carlos.quintero@gmail.com,573140554434,1,43000,WEB,2026-07-13 17:00:00
ft_sal_003759,ft_evt_0039,isabella gómez,isabellagomez775@gmail.com,302 064 5360,2,184000,WEB,2026-07-14 00:00:00
ft_sal_003760,ft_evt_0039,Julián Peña,julian.pena1+eventos@gmail.com,,1,63000,RRPP,2026-07-09 01:00:00
ft_sal_003761,ft_evt_0039,María Mejía,david.rojas74@gmail.com,+57 316 9972233,1,92000,WEB,2026-07-22 15:00:00
ft_sal_003762,ft_evt_0039,N. Mejía,nicolasmejia397@hotmail.com,573081983188,2,116000,WEB,2026-07-10 14:00:00
ft_sal_003763,ft_evt_0039,Mariana Cárdenas,mariana.cardenas82@gmail.com,302 782 6320,1,60000,WEB,2026-07-18 17:00:00
ft_sal_003764,ft_evt_0039,cristian guerrero,cristianguerrero764@gmail.com,3246282676,3,423000,WEB,2026-07-20 15:00:00
ft_sal_003765,ft_evt_0039,Fabián Rodríguez,fabian.rodriguez@gmial.com,+57 311 0674224,3,168000,ADMIN,2026-07-14 16:00:00
ft_sal_003766,ft_evt_0039,Natalia Ramírez,natalia.ramirez@hotmial.com,573131440092,4,168000,RRPP,2026-07-06 14:00:00
ft_sal_003767,ft_evt_0039,Cristian Salazar,cristiansalazar637@gmail.com,+57 304 6069731,1,45000,WEB,2026-07-17 04:00:00
ft_sal_003768,ft_evt_0039,Valentina Moreno,valntina.moreno@gmail.com,(+57) 329-826-5957,1,60000,WEB,2026-07-12 19:00:00
ft_sal_003769,ft_evt_0039,Andrés Quintero,andres.quintero106@gmail.com,+57 312 7728036,2,200000,WEB,2026-07-20 13:00:00
ft_sal_003770,ft_evt_0039,Carolina Suárez,carolina.suarez806@gmail.com,319 400 7420,1,93000,WEB,2026-07-14 15:00:00
ft_sal_003771,ft_evt_0039,Óscar Moreno,oscr.moreno@gmail.com,3015170513,1,0,WEB,2026-07-10 15:00:00
ft_sal_003772,ft_evt_0039,Juan Martínez,JUAN.MARTINEZ670@GMAIL.COM,3177443597,3,129000,WEB,2026-07-18 14:00:00
ft_sal_003773,ft_evt_0039,Peña Paula,paula.pena@outlook.com,+57 301 4245311,3,270000,BOX_OFFICE,2026-07-25 07:00:00
ft_sal_003774,ft_evt_0039,Andrea Gómez,ANDREA.GOMEZ62@GMAIL.COM,(+57) 303-700-3691,1,64000,WEB,2026-07-19 02:00:00
ft_sal_003775,ft_evt_0039,Santiago Céspedes,santiago.cespedes33@gmail.com,573061136389,1,95000,WEB,2026-07-13 08:00:00
ft_sal_003776,ft_evt_0039,Mateo Martínez,mateo.martinez@gmail.com,312 480 1812,1,0,WEB,2026-07-15 17:00:00
ft_sal_003777,ft_evt_0057,Tatiana Jiménez,tatianajimenez56@outlook.com,+57 300 9280036,1,47000,WEB,2026-07-13 00:00:00
ft_sal_003778,ft_evt_0057,Laura Restrepo,laura.restrepo+compras@hotmail.com,573074303891,2,122000,BOX_OFFICE,2026-07-26 00:00:00
ft_sal_003779,ft_evt_0057,A. Ortiz,andres.ortiz48@hotmail.com,300 498 7630,1,90000,WEB,2026-07-21 17:00:00
ft_sal_003780,ft_evt_0057,MANUELA MORENO,manula.moreno@hotmail.com,325 435 4914,4,264000,WEB,2026-07-21 10:00:00
ft_sal_003781,ft_evt_0057,Santiago Castro,santiagocastro272@yahoo.com,311 942 4549,1,46000,WEB,2026-07-09 11:00:00
ft_sal_003782,ft_evt_0057,R. Suárez,ricardo.suarez+compras@gmail.com,(+57) 319-296-7027,2,186000,WEB,2026-07-15 15:00:00
ft_sal_003783,ft_evt_0057,Ximena Cifuentes Valencia,andrea.salazar58@hotmail.com,(+57) 315-917-8673,6,618000,ADMIN,2026-07-08 16:00:00
ft_sal_003784,ft_evt_0057,Fabián Arango Ortiz,fabian.arango393@gmail.com,,1,0,BOX_OFFICE,2026-07-26 20:00:00
ft_sal_003785,ft_evt_0057,Andrea Valencia,andrea.valencia10@gmail.com,,4,552000,WEB,2026-07-19 10:00:00
ft_sal_003786,ft_evt_0057,Julian Lopez,julianlopez325@gmail.com,573011397550,3,288000,BOX_OFFICE,2026-07-26 02:00:00
ft_sal_003787,ft_evt_0057,Céspedes Laura,laua.cespedes34@gmail.com,3127537943,1,140000,WEB,2026-07-14 12:00:00
ft_sal_003788,ft_evt_0057,Sebastián Rodríguez,sebastian.rodriguez@gmail.com,307 464 8306,1,48000,WEB,2026-07-17 20:00:00
ft_sal_003789,ft_evt_0057,Ospina Catalina,catalina.ospina@gmail.com,573076305192,1,49000,WEB,2026-07-12 11:00:00
ft_sal_003790,ft_evt_0057,Esteban Hernández,estebanhernandez561@outlook.com,+57 304 6073399,2,120000,WEB,2026-07-17 02:00:00
ft_sal_003791,ft_evt_0057,Sebastián Cifuentes,sebastiancifuentes515@gmail.com,,2,86000,WEB,2026-07-21 09:00:00
ft_sal_003792,ft_evt_0057,Luisa Ramírez,luisa.ramirez@gmial.com,3296105079,1,44000,WEB,2026-07-16 03:00:00
ft_sal_003793,ft_evt_0057,Óscar Moreno,oscarmoreno336@gmail.com,(+57) 325-689-2399,1,42000,WEB,2026-07-17 14:00:00
ft_sal_003794,ft_evt_0057,Miguel Mejía,miguel.mejia898@gmail.com,307 554 1109,3,402000,WEB,2026-07-23 05:00:00
ft_sal_003795,ft_evt_0057,Fabián Hernández,fabianhernandez610@gmail.com,324 464 1147,2,118000,BOX_OFFICE,2026-07-26 19:00:00
ft_sal_003796,ft_evt_0057,Manuela Vargas,manuelavargas737@gmail.com,(+57) 304-953-4738,2,174000,WEB,2026-07-23 18:00:00
ft_sal_003797,ft_evt_0057,natalia lópez,natalia.lopez20@gmail.com,(+57) 301-192-5936,1,48000,WEB,2026-07-15 04:00:00
ft_sal_003798,ft_evt_0057,Laura Hernández,laura.hernandez@gmial.com,(+57) 306-342-2378,1,42000,WEB,2026-07-23 19:00:00
ft_sal_003799,ft_evt_0057,Diana Gonzalez,DIANA.GONZALEZ302@GMAIL.COM,+57 301 4488445,1,46000,WEB,2026-07-15 19:00:00
ft_sal_003800,ft_evt_0057,C. Mejía,camilo.mejia@outlok.com,573047187987,1,46000,WEB,2026-07-17 09:00:00
ft_sal_003801,ft_evt_0057,Laura Salazar,laurasalazar743@gmail.com,,1,94000,WEB,2026-07-18 18:00:00
ft_sal_003802,ft_evt_0057,Tatiana Céspedes,tatiana.cespedes47@gmail.com,3100887544,2,0,WEB,2026-07-13 09:00:00
ft_sal_003803,ft_evt_0057,David Vargas,david.vargas+boletas@hotmail.com,311 724 4725,1,62000,WEB,2026-07-14 20:00:00
ft_sal_003804,ft_evt_0057,J. Martínez,juanmartinez227@gmail.com,308 662 6111,2,122000,WEB,2026-07-18 19:00:00
ft_sal_003805,ft_evt_0057,Paula Moreno,paula.moren8@gmail.com,311 949 3938,2,110000,WEB,2026-07-20 04:00:00
ft_sal_003806,ft_evt_0057,miguel ortiz,miguelortiz195@gmail.com,+57 313 4149354,2,264000,WEB,2026-07-13 04:00:00
ft_sal_003807,ft_evt_0057,P. Céspedes,paula.cespedes33@hotmail.com,573172812143,1,102000,WEB,2026-07-12 03:00:00
ft_sal_003808,ft_evt_0057,A. Ospina,andreaospina546@gmail.com,+57 314 0097563,2,182000,BOX_OFFICE,2026-07-26 03:00:00
ft_sal_003809,ft_evt_0057,Cristian Valencia,cristian.valencia35+spam@gmail.com,3296974437,3,186000,WEB,2026-07-25 08:00:00
ft_sal_003810,ft_evt_0057,Mateo Guerrero,mateo.guerrero@gmail.com,319 104 9688,1,65000,WEB,2026-07-09 08:00:00
ft_sal_003811,ft_evt_0057,Carolina Vargas Moreno,carolinavargas922@gmail.com,573166188182,1,44000,WEB,2026-07-19 00:00:00
ft_sal_003812,ft_evt_0057,Carolina González,carolinagonzalez71@outlook.com,,1,146000,WEB,2026-07-18 08:00:00
ft_sal_003813,ft_evt_0057,Natalia Gómez,nataliagomez382@hotmail.com,3218308762,1,139000,WEB,2026-07-14 19:00:00
ft_sal_003814,ft_evt_0057,Miguel Cárdenas Ramírez,miguelcardenas184@gmail.com,(+57) 307-677-9854,4,0,WEB,2026-07-13 11:00:00
ft_sal_003815,ft_evt_0057,Felipe Zapata,felipezapata175@gmail.com,3218384234,1,0,WEB,2026-07-18 09:00:00
ft_sal_003816,ft_evt_0057,Andres Vargas,andres.vargas@hotmail.com,573191963217,1,103000,WEB,2026-07-20 03:00:00
ft_sal_003817,ft_evt_0057,Miguel Muñoz,miguelmunoz218@icloud.com,3078737624,1,95000,WEB,2026-07-19 01:00:00
ft_sal_003818,ft_evt_0057,Ximena Suárez Muñoz,ximena.suarez506@gmail.com,+57 322 6239091,1,64000,WEB,2026-07-19 17:00:00
ft_sal_003819,ft_evt_0057,LUISA CÁRDENAS,luisa.cardenas+boletas@hotmail.com,304 001 5216,1,95000,WEB,2026-07-15 13:00:00
ft_sal_003820,ft_evt_0057,Isabella Gómez,isabellagomez844@hotmail.com,310 744 9086,1,95000,WEB,2026-07-19 06:00:00
ft_sal_003821,ft_evt_0057,Alejandro Muñoz Muñoz,alejandro.munoz@gmail.com,573204681307,1,63000,WEB,2026-07-22 19:00:00
ft_sal_003822,ft_evt_0057,Cristian Muñoz,cristianmunoz62@gmail.com,+57 324 2330181,1,94000,WEB,2026-07-23 00:00:00
ft_sal_003823,ft_evt_0057,Esteban Gómez,estebangomez419@icloud.com,,1,44000,WEB,2026-07-11 20:00:00
ft_sal_003824,ft_evt_0057,Gómez Catalina,catalina.gomez25@gmail.com,573016890265,1,88000,BOX_OFFICE,2026-07-26 18:00:00
ft_sal_003825,ft_evt_0057,Carlos González,carlos.gonzalez@gmial.com,+57 319 2853597,1,91000,BOX_OFFICE,2026-07-26 02:00:00
ft_sal_003826,ft_evt_0057,Cifuentes Catalina,catalina.cifuentes99@outlook.com,(+57) 305-938-2271,3,180000,BOX_OFFICE,2026-07-26 13:00:00
ft_sal_003827,ft_evt_0057,Andres Zapata,andreszapata922@yahoo.com,313 444 5633,2,94000,WEB,2026-07-22 19:00:00
ft_sal_003828,ft_evt_0057,Vargas Manuela,manuelavargas603@gmail.com,(+57) 326-205-4275,1,104000,WEB,2026-07-19 07:00:00
ft_sal_003829,ft_evt_0057,Fabián Suárez,fabiansuarez668@gmail.com,3094884621,2,0,WEB,2026-07-22 16:00:00
ft_sal_003830,ft_evt_0057,Camila Arango,camilaarango244@hotmail.com,300 363 9930,2,90000,WEB,2026-07-11 02:00:00
ft_sal_003831,ft_evt_0057,Carlos Salazar,carlos.salazar61@hotmail.com,3160559571,1,43000,BOX_OFFICE,2026-07-26 15:00:00
ft_sal_003832,ft_evt_0057,Fabián Betancur,fabianbetancur932@hotmail.com,(+57) 321-877-0553,1,139000,RRPP,2026-07-13 12:00:00
ft_sal_003833,ft_evt_0057,Rodríguez Santiago,santiagorodriguez329@gmail.com,573248766520,1,61000,WEB,2026-07-15 00:00:00
ft_sal_003834,ft_evt_0057,Juan Gomez,juan.gomez83@hotmail.com,305 603 3432,1,139000,WEB,2026-07-14 20:00:00
ft_sal_003835,ft_evt_0057,Juliana Salazar,juliana.salazar@outlok.com,573080963438,4,380000,WEB,2026-07-16 18:00:00
ft_sal_003836,ft_evt_0057,Daniela Pena,DANIELA.PENA@HOTMAIL.COM,313 225 3453,2,198000,WEB,2026-07-15 13:00:00
ft_sal_003837,ft_evt_0057,Santiago Castro,santiagocastro359@hotmail.com,300 265 6631,1,0,ADMIN,2026-07-16 14:00:00
ft_sal_003838,ft_evt_0057,carlos peña,carlos.pena19@gmial.com,3113911068,1,63000,WEB,2026-07-11 06:00:00
ft_sal_003839,ft_evt_0057,ALEJANDRO ORTIZ,alejandro.ortiz668@gmail.com,+57 322 7008197,2,116000,WEB,2026-07-18 05:00:00
ft_sal_003840,ft_evt_0057,Tatiana Gómez Salazar,tatianagomez940@gmail.com,+57 316 0243199,2,0,ADMIN,2026-07-14 18:00:00
ft_sal_003841,ft_evt_0057,López Alejandro,alejandrolopez623@hotmail.com,573107432618,2,288000,WEB,2026-07-09 19:00:00
ft_sal_003842,ft_evt_0057,ricardo hernández,ricardo.hernandez+spam@outlook.com,(+57) 322-943-9458,1,42000,WEB,2026-07-25 10:00:00
ft_sal_003843,ft_evt_0057,Juliana Jimenez,juliana.jimenez995@outlook.com,573268235561,1,43000,WEB,2026-07-12 16:00:00
ft_sal_003844,ft_evt_0057,María Ramírez,mariaramirez77@gmail.com,322 695 2880,1,57000,WEB,2026-07-04 07:00:00
ft_sal_003845,ft_evt_0057,David Céspedes,david.cespedes79@gmail.com,573192374033,1,93000,WEB,2026-07-22 05:00:00
ft_sal_003846,ft_evt_0057,Isabella Zapata,isabella.apata70@outlook.com,329 318 4429,1,60000,WEB,2026-07-12 15:00:00
ft_sal_003847,ft_evt_0057,santiago gonzález,santiago.gonzalez99@hotmial.com,(+57) 325-619-9768,2,96000,WEB,2026-07-15 05:00:00
ft_sal_003848,ft_evt_0057,David Vargas Jiménez,julian.pena62@yahoo.com,(+57) 320-578-2562,2,94000,WEB,2026-07-13 10:00:00
ft_sal_003849,ft_evt_0057,Esteban Peña Vargas,estebanpena21@gmail.com,,1,58000,ADMIN,2026-07-18 19:00:00
ft_sal_003850,ft_evt_0057,Santiago Suárez,santiago.suarez32@gmail.com,312 562 5851,6,534000,WEB,2026-07-21 05:00:00
ft_sal_003851,ft_evt_0057,Manuela Bermúdez,manuelabermudez499@proton.me,573199827732,6,372000,WEB,2026-07-17 09:00:00
ft_sal_003852,ft_evt_0057,Diana González,diana.gonzalez7+compras@gmail.com,,2,100000,WEB,2026-07-20 04:00:00
ft_sal_003853,ft_evt_0057,carlos lópez,carloslopez369@gmail.com,328 955 7218,2,176000,WEB,2026-07-17 08:00:00
ft_sal_003854,ft_evt_0057,Luisa Vargas,luisa.vargas34@gmial.com,3113910687,2,94000,WEB,2026-07-19 14:00:00
ft_sal_003855,ft_evt_0057,Manuela Valencia,manuelavalencia545@hotmail.com,305 613 1751,1,146000,RRPP,2026-07-17 02:00:00
ft_sal_003856,ft_evt_0057,Camila Ospina,camilaospina708@yahoo.com,300 134 3345,2,0,WEB,2026-07-16 00:00:00
ft_sal_003857,ft_evt_0057,Diana Martínez,dianamartinez418@hotmail.com,+57 304 7420598,2,188000,WEB,2026-07-22 19:00:00
ft_sal_003858,ft_evt_0057,fabián mejía,fabian.mejia89@hotmail.com,+57 328 3675820,1,0,ADMIN,2026-07-17 00:00:00
ft_sal_003859,ft_evt_0057,Ximena Ortiz,ximenaortiz349@gmail.com,,1,100000,BOX_OFFICE,2026-07-26 06:00:00
ft_sal_003860,ft_evt_0057,Rodríguez David,dvid.rodriguez3@yahoo.com,317 886 5861,3,411000,WEB,2026-07-13 11:00:00
ft_sal_003861,ft_evt_0057,Mariana Vargas,mariana.vargas@gmial.com,321 730 0626,2,0,WEB,2026-07-11 17:00:00
ft_sal_003862,ft_evt_0057,David Quintero Gómez,DAVID.QUINTERO3@GMAIL.COM,(+57) 306-921-3229,2,260000,WEB,2026-07-22 06:00:00
ft_sal_003863,ft_evt_0057,Cifuentes Valentina,valentinacifuentes823@gmail.com,3034265942,1,0,WEB,2026-07-18 12:00:00
ft_sal_003864,ft_evt_0057,natalia cifuentes,natalia.cifuentes88@gmial.com,(+57) 310-753-9764,1,144000,WEB,2026-07-22 20:00:00
ft_sal_003865,ft_evt_0057,daniela hernández,daniela.hernandez39@hotmail.com,3200699442,1,63000,WEB,2026-07-16 10:00:00
ft_sal_003866,ft_evt_0057,Esteban Rojas,estebanrojas568@yahoo.com,3018958769,2,90000,ADMIN,2026-07-22 01:00:00
ft_sal_003867,ft_evt_0057,Felipe Vargas López,felipe.vargas143@gmail.com,308 828 4100,1,91000,WEB,2026-07-24 18:00:00
ft_sal_003868,ft_evt_0057,Daniela Salazar,danielasalazar19@outlook.com,573171938062,3,273000,WEB,2026-07-13 06:00:00
ft_sal_003869,ft_evt_0057,Carolina Mejía,carolina.mejia9@gmail.com,573246517819,1,45000,WEB,2026-07-17 08:00:00
ft_sal_003870,ft_evt_0057,David Rojas,david.rojas875@gmail.com,+57 317 2862771,1,60000,WEB,2026-07-21 13:00:00
ft_sal_003871,ft_evt_0057,Ricardo Mejia,ricard.mejia@outlook.com,302 910 1723,3,264000,WEB,2026-07-16 11:00:00
ft_sal_003872,ft_evt_0057,Fabián Jiménez,fabian.jimenez61@icloud.com,(+57) 323-043-1266,1,90000,ADMIN,2026-07-10 05:00:00
ft_sal_003873,ft_evt_0057,Sara Restrepo,sararestrepo302@outlook.com,573199560666,1,49000,RRPP,2026-07-17 12:00:00
ft_sal_003874,ft_evt_0057,Sebastián Jiménez,sebastian.jimenez@hotmail.com,3214628968,3,129000,WEB,2026-07-11 15:00:00
ft_sal_003875,ft_evt_0057,Miguel Bermúdez Moreno,miguel.bermudez@gmail.com,,1,44000,WEB,2026-07-08 13:00:00
ft_sal_003876,ft_evt_0057,Santiago Quintero,santiagoquintero804@hotmail.com,(+57) 325-386-8873,2,122000,WEB,2026-07-19 01:00:00
ft_sal_003877,ft_evt_0057,Juan Arango,juanarango828@icloud.com,,2,266000,WEB,2026-07-18 05:00:00
ft_sal_003878,ft_evt_0057,Juan Valencia,juanvalencia925@gmail.com,301 996 2147,4,536000,BOX_OFFICE,2026-07-26 13:00:00
ft_sal_003879,ft_evt_0057,Tatiana Ospina,tatiana.ospina@gmail.com,,2,120000,WEB,2026-07-14 09:00:00
ft_sal_003880,ft_evt_0057,Laura Valencia Gómez,laura.valencia38@gmail.com,573282355014,1,98000,WEB,2026-07-18 19:00:00
ft_sal_003881,ft_evt_0057,Camilo Martínez,camilomartinez603@gmail.com,(+57) 314-527-5757,1,43000,WEB,2026-07-14 16:00:00
ft_sal_003882,ft_evt_0057,González Camilo,camilo.gonzalez@gmail.com,573293008941,4,564000,WEB,2026-07-05 13:00:00
ft_sal_003883,ft_evt_0057,Diego Valencia López,diego.valencia81@gmail.com,3163893394,1,61000,WEB,2026-07-19 13:00:00
ft_sal_003884,ft_evt_0057,Manuela Suarez,manuela.suarez@gmial.com,+57 312 6773940,1,94000,WEB,2026-07-21 17:00:00
ft_sal_003885,ft_evt_0057,Carolina Restrepo,carolina.restrepo8@gmail.com,3201375174,2,100000,WEB,2026-07-06 03:00:00
ft_sal_003886,ft_evt_0057,Sebastian Munoz,sebastian.munoz@gmail.com,3124500646,1,47000,WEB,2026-07-23 00:00:00
ft_sal_003887,ft_evt_0057,daniela muñoz,daniela.munoz@hotmail.com,(+57) 315-799-4534,6,612000,WEB,2026-07-12 09:00:00
ft_sal_003888,ft_evt_0057,David Castro,david.castro74@gmail.com,+57 325 9877659,2,86000,WEB,2026-07-14 13:00:00
ft_sal_003889,ft_evt_0057,Luisa Moreno,LUISA.MORENO@GMAIL.COM,573172105638,1,45000,WEB,2026-07-16 07:00:00
ft_sal_003890,ft_evt_0057,CRISTIAN JIMÉNEZ,cristian.jimenez75@hotmial.com,315 808 7241,1,48000,WEB,2026-07-20 02:00:00
ft_sal_003891,ft_evt_0057,Rojas Sara,sara.rojas@gmail.com,+57 320 7138062,1,59000,BOX_OFFICE,2026-07-26 13:00:00
ft_sal_003892,ft_evt_0057,Catalina Betancur,nicolas.suarez517@gmail.com,(+57) 310-476-4349,1,44000,WEB,2026-07-06 16:00:00
ft_sal_003893,ft_evt_0057,Nicolás Moreno,nicolas.moreno@gmail.com,+57 306 8579662,1,91000,WEB,2026-07-23 14:00:00
ft_sal_003894,ft_evt_0057,Fabián Quintero,fabin.quintero96@gmail.com,(+57) 313-252-1866,3,279000,WEB,2026-07-22 19:00:00
ft_sal_003895,ft_evt_0057,Juliana Ospina,juliana.ospina21+eventos@gmail.com,+57 302 0291021,3,192000,WEB,2026-07-16 20:00:00
ft_sal_003896,ft_evt_0057,Santiago Ramírez,santiago.ramirez22@gmail.com,317 680 0191,1,42000,WEB,2026-07-16 04:00:00
ft_sal_003897,ft_evt_0057,Fabián Quintero Ortiz,fabian.quintero29@gmail.com,326 627 8617,2,88000,ADMIN,2026-07-11 04:00:00
ft_sal_003898,ft_evt_0057,Miguel Arango,miguelarango202@hotmail.com,3237381482,1,141000,WEB,2026-07-18 11:00:00
ft_sal_003899,ft_evt_0057,Nicolás Salazar Cárdenas,nicoas.salazar99@gmail.com,311 296 9519,1,45000,WEB,2026-07-04 01:00:00
ft_sal_003900,ft_evt_0057,Camilo Suárez,camilo.suarez@outlok.com,,2,190000,WEB,2026-07-12 18:00:00
ft_sal_003901,ft_evt_0057,Fabián Valencia,fabian.valencia93@hotmail.com,573272029197,2,84000,WEB,2026-07-23 06:00:00
ft_sal_003902,ft_evt_0057,Tatiana Hernandez,tatiana.hernandez231+compras@gmail.com,573264582390,1,57000,WEB,2026-07-15 10:00:00
ft_sal_003903,ft_evt_0057,Luisa Gómez,luisagomez499@gmail.com,,1,44000,RRPP,2026-07-19 16:00:00
ft_sal_003904,ft_evt_0057,DIANA CÁRDENAS,juliana.valencia@outlook.com,,1,57000,WEB,2026-07-20 04:00:00
ft_sal_003905,ft_evt_0057,Felipe Quintero,felipequintero740@gmail.com,+57 321 2998509,1,94000,WEB,2026-07-19 19:00:00
ft_sal_003906,ft_evt_0057,juan betancur,juanbetancur19@hotmail.com,573076202072,2,118000,WEB,2026-07-13 02:00:00
ft_sal_003907,ft_evt_0013,Cristian Guerrero,cristian.guerrero@gmail.com,(+57) 305-180-2152,1,61000,ADMIN,2026-07-17 08:00:00
ft_sal_003908,ft_evt_0013,Valentina Lopez,valentina.lopez26@gmail.com,(+57) 309-068-4062,1,46000,WEB,2026-07-21 04:00:00
ft_sal_003909,ft_evt_0013,Óscar Guerrero,oscar.guerrero15@gmial.com,(+57) 320-498-5824,1,95000,WEB,2026-07-15 01:00:00
ft_sal_003910,ft_evt_0013,PAULA OSPINA,paula.ospina49@hotmail.com,573075105821,1,44000,WEB,2026-07-14 04:00:00
ft_sal_003911,ft_evt_0013,Santiago Cifuentes,santiago.cifuentes22@outlook.com,313 216 7727,4,192000,WEB,2026-07-14 19:00:00
ft_sal_003912,ft_evt_0013,David Cárdenas,david.cardenas59@yahoo.com,+57 303 1644788,2,94000,WEB,2026-07-10 04:00:00
ft_sal_003913,ft_evt_0013,Miguel Quintero,miguel.quintero221@outlok.com,305 870 6521,1,41000,WEB,2026-07-18 08:00:00
ft_sal_003914,ft_evt_0013,Natalia Salazar Vargas,natala.salazar@gmail.com,(+57) 304-798-3563,1,61000,WEB,2026-07-16 14:00:00
ft_sal_003915,ft_evt_0013,Mariana Betancur,mariana.betancur47@gmail.com,573118093579,2,90000,BOX_OFFICE,2026-07-28 17:00:00
ft_sal_003916,ft_evt_0013,Sara Arango Betancur,saraarango46@gmail.com,3157885767,4,256000,WEB,2026-07-25 05:00:00
ft_sal_003917,ft_evt_0013,alejandro cárdenas,alejandro.carenas505@hotmail.com,(+57) 305-229-7604,1,63000,WEB,2026-07-27 06:00:00
ft_sal_003918,ft_evt_0013,Juliana Céspedes,juliana.cespedes10@gmail.com,,2,196000,BOX_OFFICE,2026-07-28 18:00:00
ft_sal_003919,ft_evt_0013,Valentina Arango,valentina.arang40@gmail.com,311 433 1472,2,94000,BOX_OFFICE,2026-07-28 00:00:00
ft_sal_003920,ft_evt_0013,Daniela Bermúdez,daniela.bermudez@gmail.com,(+57) 329-319-8423,6,846000,RRPP,2026-07-14 20:00:00
ft_sal_003921,ft_evt_0013,Mariana Salazar,marianasalazar304@gmail.com,323 314 9531,1,43000,WEB,2026-07-20 03:00:00
ft_sal_003922,ft_evt_0013,Mejía Camilo,camilomejia23@gmail.com,573272335701,3,261000,ADMIN,2026-07-18 17:00:00
ft_sal_003923,ft_evt_0013,Carlos González,carlos.gonzalez@gmail.com,319 825 3597,4,192000,WEB,2026-07-16 08:00:00
ft_sal_003924,ft_evt_0013,Luisa Salazar,luisa.salazar272@gmail.com,573229779734,4,564000,RRPP,2026-07-24 10:00:00
ft_sal_003925,ft_evt_0013,mateo rojas,mateo.rojas303@gmail.com,+57 317 6845921,2,98000,WEB,2026-07-15 03:00:00
ft_sal_003926,ft_evt_0013,ricardo rodríguez,ricardo.rodriguez56+spam@gmail.com,310 555 3599,1,66000,ADMIN,2026-07-12 01:00:00
ft_sal_003927,ft_evt_0013,Camila Hernandez,camilahernandez737@outlook.com,(+57) 310-776-6185,1,56000,WEB,2026-07-24 20:00:00
ft_sal_003928,ft_evt_0013,Luisa Guerrero,luisa.guerrero@hotmail.com,(+57) 307-583-7806,1,0,WEB,2026-07-20 02:00:00
ft_sal_003929,ft_evt_0013,F. Peña,fabian.pna93@gmail.com,(+57) 327-822-6549,2,190000,WEB,2026-07-14 18:00:00
ft_sal_003930,ft_evt_0013,DAVID ROJAS,david.rojas@hotmail.com,573248669656,1,96000,WEB,2026-07-15 04:00:00
ft_sal_003931,ft_evt_0013,Juliana Cárdenas,juliana.crdenas@icloud.com,+57 309 1511602,1,109000,BOX_OFFICE,2026-07-28 06:00:00
ft_sal_003932,ft_evt_0013,Carolina Zapata,carolina.zapata@gmail.com,3072091764,2,92000,BOX_OFFICE,2026-07-28 04:00:00
ft_sal_003933,ft_evt_0013,Andrés Ortiz,andres.ortiz23@hotmail.com,+57 309 9070875,2,90000,ADMIN,2026-07-27 19:00:00
ft_sal_003934,ft_evt_0013,Mateo López,mateo.lopez@hotmail.com,3149581164,1,45000,WEB,2026-07-21 11:00:00
ft_sal_003935,ft_evt_0013,Valentina Betancur,valentina.betancur@outlook.com,3167849124,3,0,WEB,2026-07-15 01:00:00
ft_sal_003936,ft_evt_0013,Rojas Cristian,cristian.rojas90@proton.me,+57 320 4037496,2,192000,BOX_OFFICE,2026-07-28 01:00:00
ft_sal_003937,ft_evt_0013,Betancur Catalina,catalina.betancur@hotmail.com,573067046490,2,84000,WEB,2026-07-25 02:00:00
ft_sal_003938,ft_evt_0013,manuela guerrero,manuela.guerrero@outlook.com,324 450 2478,1,98000,WEB,2026-07-10 05:00:00
ft_sal_003939,ft_evt_0013,Juan Bermúdez,juan.bermudez52@gmail.com,3115268606,2,186000,WEB,2026-07-23 20:00:00
ft_sal_003940,ft_evt_0013,Oscar Ortiz,oscarortiz219@gmail.com,3021099857,2,0,WEB,2026-07-21 05:00:00
ft_sal_003941,ft_evt_0031,Ricardo Ramírez,ricardo.ramirez@hotmial.com,327 817 5624,2,198000,BOX_OFFICE,2026-07-29 08:30:00
ft_sal_003942,ft_evt_0031,Andres Pena,andrespena138@gmail.com,+57 316 2084069,6,276000,WEB,2026-07-23 20:30:00
ft_sal_003943,ft_evt_0031,Andrés Guerrero,andres.guerrero720@gmail.com,573012550534,2,114000,WEB,2026-07-25 19:30:00
ft_sal_003944,ft_evt_0031,Fabián Hernández,fabianhernandez428@hotmail.com,3075491769,1,0,WEB,2026-07-22 03:30:00
ft_sal_003945,ft_evt_0031,cristian gonzález,cristian.gonzalez@gmail.com,+57 318 8908130,1,83000,WEB,2026-07-17 15:30:00
ft_sal_003946,ft_evt_0031,Manuela Cifuentes Vargas,manuela.cifuentes77@gmail.com,302 234 4571,1,48000,WEB,2026-07-19 14:30:00
ft_sal_003947,ft_evt_0031,FELIPE RESTREPO,felipe.restrepo907+spam@gmail.com,573192545973,3,183000,BOX_OFFICE,2026-07-29 09:30:00
ft_sal_003948,ft_evt_0031,Diego Jiménez,diego.jimenez@hotmail.com,3044266128,2,124000,WEB,2026-07-23 04:30:00
ft_sal_003949,ft_evt_0031,alejandro quintero,alejandro.quintero43@outlook.com,573199921066,1,64000,WEB,2026-07-21 04:30:00
ft_sal_003950,ft_evt_0031,Ospina Diana,diana.ospina@gmail.com,573086712248,2,120000,BOX_OFFICE,2026-07-29 06:30:00
ft_sal_003951,ft_evt_0031,cristian arango,cristian.arango2+compras@gmail.com,+57 308 5965825,2,0,WEB,2026-07-15 14:30:00
ft_sal_003952,ft_evt_0031,Rodríguez Mateo,mateorodriguez927@outlook.com,(+57) 307-137-1884,2,90000,WEB,2026-07-21 14:30:00
ft_sal_003953,ft_evt_0031,Oscar Pena,oscar.pena@gmail.com,3189682079,1,92000,WEB,2026-07-15 19:30:00
ft_sal_003954,ft_evt_0031,Mateo Vargas,mateo.vargas18@hotmail.com,573069547635,2,94000,BOX_OFFICE,2026-07-29 02:30:00
ft_sal_003955,ft_evt_0031,Laura Arango,lauraarango303@gmail.com,+57 318 3088215,1,142000,BOX_OFFICE,2026-07-29 04:30:00
ft_sal_003956,ft_evt_0031,Paula González,paulagonzalez624@gmail.com,328 626 8067,1,49000,WEB,2026-07-16 14:30:00
ft_sal_003957,ft_evt_0031,Nicolas Rojas,nicolas.rojas67@gmail.com,323 694 8861,1,96000,WEB,2026-07-14 02:30:00
ft_sal_003958,ft_evt_0031,Daniel Salazar,daniel.salazar444@gmail.com,(+57) 307-869-3049,1,89000,WEB,2026-07-20 10:30:00
ft_sal_003959,ft_evt_0031,Nicolás Betancur Castro,nicolas.betancur50@gmial.com,324 812 7763,2,176000,WEB,2026-07-12 15:30:00
ft_sal_003960,ft_evt_0031,Nicolás Muñoz,ncolas.munoz@hotmail.com,573171577244,2,86000,WEB,2026-07-14 09:30:00
ft_sal_003961,ft_evt_0031,Diana Guerrero,diana.guerrero@icloud.com,3047990593,2,112000,WEB,2026-07-11 06:30:00
ft_sal_003962,ft_evt_0031,Ricardo Ospina,ricardoospina50@gmail.com,3055860138,2,298000,WEB,2026-07-14 05:30:00
ft_sal_003963,ft_evt_0031,Rojas Juliana,juliana.rojas95@gmail.com,3253738225,2,288000,WEB,2026-07-16 15:30:00
ft_sal_003964,ft_evt_0031,Carolina Martinez,carolina.martinez@gmail.com,311 235 5814,1,133000,WEB,2026-07-17 01:30:00
ft_sal_003965,ft_evt_0031,SARA JIMÉNEZ,sarajimenez354@gmail.com,315 075 4703,4,184000,WEB,2026-07-20 15:30:00
ft_sal_003966,ft_evt_0031,I. Muñoz,isabela.munoz22@gmail.com,3103173009,1,65000,WEB,2026-07-23 03:30:00
ft_sal_003967,ft_evt_0031,Felipe Muñoz,felipemunoz123@gmail.com,(+57) 325-307-7819,1,63000,WEB,2026-07-17 00:30:00
ft_sal_003968,ft_evt_0031,Andrea Guerrero,andrea.guerrero93@hotmial.com,3116982716,3,180000,WEB,2026-07-20 11:30:00
ft_sal_003969,ft_evt_0031,SARA RAMÍREZ,sara.ramirez@gmail.com,308 879 6455,1,64000,WEB,2026-07-06 09:30:00
ft_sal_003970,ft_evt_0031,Ricardo Cárdenas,ricardo.cardenas33+eventos@gmail.com,3186345721,1,98000,ADMIN,2026-07-20 18:30:00
ft_sal_003971,ft_evt_0031,daniel mejía,daiel.mejia128@hotmail.com,(+57) 316-790-2520,2,182000,WEB,2026-07-16 05:30:00
ft_sal_003972,ft_evt_0031,Fabián Jiménez,fabian.jimenez61@icloud.com,+57 304 7070639,1,92000,WEB,2026-07-25 09:30:00
ft_sal_003973,ft_evt_0031,Ricardo Zapata,ricardo.zapata277+spam@gmail.com,3095078335,4,232000,WEB,2026-07-21 12:30:00
ft_sal_003974,ft_evt_0031,Camilo Peña Ospina,santiago.mejia@gmail.com,(+57) 304-685-6498,1,139000,WEB,2026-07-21 07:30:00
ft_sal_003975,ft_evt_0031,Juliana Restrepo,juliana.restrepo+eventos@gmail.com,(+57) 319-781-7012,3,195000,BOX_OFFICE,2026-07-29 00:30:00
ft_sal_003976,ft_evt_0031,Carolina Restrepo,carolinarestrepo109@gmail.com,3105111852,2,116000,WEB,2026-07-19 06:30:00
ft_sal_003977,ft_evt_0031,Suárez Mariana,mariana.suarez@gmail.com,(+57) 302-322-6043,1,48000,WEB,2026-07-20 03:30:00
ft_sal_003978,ft_evt_0031,SARA SALAZAR,sara.salazar18+boletas@yahoo.com,305 697 8136,2,118000,WEB,2026-07-18 19:30:00
ft_sal_003979,ft_evt_0031,Laura Betancur Cárdenas,laura.betancur71+eventos@gmail.com,+57 311 0976657,6,276000,WEB,2026-07-22 04:30:00
ft_sal_003980,ft_evt_0031,david martínez,davidmartinez479@gmail.com,573084713755,3,141000,WEB,2026-07-16 11:30:00
ft_sal_003981,ft_evt_0031,David Cifuentes,DAVID.CIFUENTES782@HOTMAIL.COM,(+57) 309-654-1274,2,92000,WEB,2026-07-22 13:30:00
ft_sal_003982,ft_evt_0031,Céspedes Daniela,andres.betancur@gmail.com,(+57) 329-024-0005,2,0,WEB,2026-07-20 11:30:00
ft_sal_003983,ft_evt_0031,Betancur Ximena,ximenabetancur340@icloud.com,3186023547,3,135000,WEB,2026-07-22 01:30:00
ft_sal_003984,ft_evt_0031,CARLOS CÁRDENAS,carlos.cardenas@yahoo.com,3109064510,2,88000,WEB,2026-07-15 15:30:00
ft_sal_003985,ft_evt_0031,Hernández Ximena,ximena.hernandez@outlook.com,3235966254,1,134000,BOX_OFFICE,2026-07-29 07:30:00
ft_sal_003986,ft_evt_0031,Isabella Vargas,isabella.vargas3@outlook.com,(+57) 310-997-3394,1,42000,WEB,2026-07-12 00:30:00
ft_sal_003987,ft_evt_0031,diego hernández,diego.hernandez@gmail.com,+57 323 1697263,1,48000,WEB,2026-07-15 04:30:00
ft_sal_003988,ft_evt_0031,Natalia Quintero,natalia.quintero50@gmail.com,(+57) 302-481-3465,1,44000,RRPP,2026-07-11 04:30:00
ft_sal_003989,ft_evt_0031,Andrés Ortiz Guerrero,andres.ortiz904+boletas@gmail.com,3133927876,1,47000,WEB,2026-07-22 03:30:00
ft_sal_003990,ft_evt_0031,Ricardo Jiménez,ricardojimenez652@outlook.com,+57 320 1427456,1,61000,WEB,2026-07-10 13:30:00
ft_sal_003991,ft_evt_0031,Diana Cardenas,dianacardenas998@gmail.com,3020030824,1,62000,WEB,2026-07-20 07:30:00
ft_sal_003992,ft_evt_0031,S. Hernández,santiago.hernandez637@gmail.com,(+57) 312-808-6642,1,61000,WEB,2026-07-23 09:30:00
ft_sal_003993,ft_evt_0031,Laura Suárez,carolina.rodriguez70@gmail.com,321 450 7584,4,400000,WEB,2026-07-20 16:30:00
ft_sal_003994,ft_evt_0031,Mariana Cifuentes,mariana.cifuentes62@gmail.com,318 601 1532,2,0,WEB,2026-07-25 10:30:00
ft_sal_003995,ft_evt_0031,Rojas Isabella,isabella.rojas@gmail.com,(+57) 305-231-6200,1,47000,WEB,2026-07-28 02:30:00
ft_sal_003996,ft_evt_0031,Luisa Vargas,luisa.vargas46@gmail.com,3169803628,1,43000,WEB,2026-07-21 11:30:00
ft_sal_003997,ft_evt_0031,Isabella Céspedes,isabella.cespedes103@gmail.com,(+57) 309-236-0470,1,101000,BOX_OFFICE,2026-07-29 04:30:00
ft_sal_003998,ft_evt_0031,Rojas Tatiana,tatiana.rojas874@gmail.com,3202909878,1,63000,BOX_OFFICE,2026-07-29 18:30:00
ft_sal_003999,ft_evt_0031,Diego Guerrero,diego.guerrero94@proton.me,3120128094,1,44000,WEB,2026-07-12 15:30:00
ft_sal_004000,ft_evt_0031,Vargas Catalina,ctalina.vargas95@gmail.com,3077703064,3,171000,WEB,2026-07-18 02:30:00
ft_sal_004001,ft_evt_0031,Sara Bermudez,sara.bermudez82@gmail.com,300 122 0911,2,196000,WEB,2026-07-20 09:30:00
ft_sal_004002,ft_evt_0031,daniel vargas,DANIEL.VARGAS@GMAIL.COM,+57 302 8189069,1,61000,BOX_OFFICE,2026-07-29 15:30:00
ft_sal_004003,ft_evt_0031,Esteban Mejía,esteban.mejia66@gmial.com,325 858 8865,2,128000,WEB,2026-07-25 19:30:00
ft_sal_004004,ft_evt_0022,Andrea Betancur,andrea.betancur@gmail.com,+57 320 0891484,2,90000,WEB,2026-07-18 16:00:00
ft_sal_004005,ft_evt_0022,Céspedes Sara,sara.cespedes@gmail.com,(+57) 321-099-7945,2,82000,ADMIN,2026-07-15 14:00:00
ft_sal_004006,ft_evt_0022,Ramírez Camila,camila.ramirez@outlook.com,3030549469,2,88000,WEB,2026-07-19 15:00:00
ft_sal_004007,ft_evt_0022,D. Castro,daniel.castro+spam@yahoo.com,+57 311 0801261,1,93000,WEB,2026-07-24 20:00:00
ft_sal_004008,ft_evt_0022,andrés vargas,andres.vargas295@gmial.com,(+57) 301-465-4770,1,93000,WEB,2026-07-13 04:00:00
ft_sal_004009,ft_evt_0022,S. Moreno,santiagomoreno12@hotmail.com,304 673 2898,1,148000,WEB,2026-07-15 06:00:00
ft_sal_004010,ft_evt_0022,daniela gonzález,daniela.gonzalez639@gmail.com,3262366320,4,220000,BOX_OFFICE,2026-07-30 19:00:00
ft_sal_004011,ft_evt_0022,Alejandra Martínez,alejandramartinez460@gmail.com,3086291650,4,248000,WEB,2026-07-29 19:00:00
ft_sal_004012,ft_evt_0022,Sebastián López,sebastian.lopez@gmail.com,+57 310 1015392,1,93000,BOX_OFFICE,2026-07-30 16:00:00
ft_sal_004013,ft_evt_0022,Julian Vargas,julian.vargas@gmial.com,(+57) 327-948-3374,2,298000,WEB,2026-07-23 02:00:00
ft_sal_004014,ft_evt_0022,Felipe Cardenas,felipe.cardenas@gmial.com,(+57) 316-272-6852,1,60000,ADMIN,2026-07-18 16:00:00
ft_sal_004015,ft_evt_0022,Alejandro Salazar Betancur,alejandro.salazar572@gmail.com,573231924993,4,604000,WEB,2026-07-20 12:00:00
ft_sal_004016,ft_evt_0022,Camila Bermudez,camila.bermudez@gmail.com,(+57) 302-933-2278,1,0,BOX_OFFICE,2026-07-30 02:00:00
ft_sal_004017,ft_evt_0022,Ricardo Rojas,ricardorojas349@gmail.com,573139094440,1,62000,ADMIN,2026-07-18 15:00:00
ft_sal_004018,ft_evt_0022,Juan González,juan.gonzalez@hotmail.com,328 850 2589,1,41000,WEB,2026-07-17 00:00:00
ft_sal_004019,ft_evt_0022,Camila López,camila.lopez495@gmail.com,+57 301 1424244,2,108000,WEB,2026-07-15 09:00:00
ft_sal_004020,ft_evt_0022,David Ospina,santiago.betancur97@hotmail.com,,2,92000,WEB,2026-07-20 19:00:00
ft_sal_004021,ft_evt_0022,SEBASTIÁN MORENO,sebastianmoreno291@yahoo.com,,1,46000,WEB,2026-07-27 05:00:00
ft_sal_004022,ft_evt_0022,Diana Martinez,dianamartinez142@gmail.com,+57 312 9145017,1,90000,WEB,2026-07-15 16:00:00
ft_sal_004023,ft_evt_0022,María Betancur,MARIA.BETANCUR8@HOTMAIL.COM,318 215 3697,4,532000,WEB,2026-07-20 01:00:00
ft_sal_004024,ft_evt_0022,Catalina Peña,catalinapena56@gmail.com,326 058 5800,4,372000,WEB,2026-07-20 08:00:00
ft_sal_004025,ft_evt_0022,ximena suárez,ximenasuarez248@hotmail.com,318 315 9440,1,93000,WEB,2026-07-15 01:00:00
ft_sal_004026,ft_evt_0022,Mariana Muñoz,mariana.munoz11@hotmial.com,3069067232,1,0,WEB,2026-07-15 08:00:00
ft_sal_004027,ft_evt_0022,manuela peña,manuela.pena21@gmail.com,573122240857,1,62000,WEB,2026-07-24 14:00:00
ft_sal_004028,ft_evt_0022,Céspedes Camilo,camilo.cesedes@gmail.com,573161557355,3,132000,WEB,2026-07-18 16:00:00
ft_sal_004029,ft_evt_0022,Julian Hernandez,julianhernandez355@gmail.com,+57 325 2323091,2,90000,WEB,2026-07-17 18:00:00
ft_sal_004030,ft_evt_0022,Daniela Salazar,danielasalazar922@gmail.com,3129636610,2,122000,RRPP,2026-07-20 04:00:00
ft_sal_004031,ft_evt_0022,Tatiana Martínez,tatiaa.martinez@hotmail.com,(+57) 321-096-6338,2,122000,BOX_OFFICE,2026-07-30 07:00:00
ft_sal_004032,ft_evt_0022,M. Ortiz,mateo.ortiz34@gmail.com,+57 316 8818487,1,59000,WEB,2026-07-18 01:00:00
ft_sal_004033,ft_evt_0022,santiago zapata,santiago.zapata99@gmail.com,573239173169,1,96000,WEB,2026-07-16 18:00:00
ft_sal_004034,ft_evt_0022,Manuela Céspedes,manuelacespedes862@yahoo.com,,1,91000,WEB,2026-07-18 07:00:00
ft_sal_004035,ft_evt_0022,V. Ospina,valentina.ospina@gmail.com,+57 327 2914921,2,0,ADMIN,2026-07-15 17:00:00
ft_sal_004036,ft_evt_0022,Camila Castro,camilacastro672@hotmail.com,+57 314 1255307,1,47000,WEB,2026-07-22 20:00:00
ft_sal_004037,ft_evt_0022,Alejandra Zapata,alejandra.zapata44@gmial.com,+57 321 3897294,2,0,WEB,2026-07-17 10:00:00
ft_sal_004038,ft_evt_0022,ÓSCAR VARGAS,oscar.vargas70@gmail.com,,1,61000,WEB,2026-07-19 15:00:00
ft_sal_004039,ft_evt_0022,Esteban Betancur,estban.betancur53@gmail.com,573091410652,2,90000,WEB,2026-07-12 14:00:00
ft_sal_004040,ft_evt_0022,juan vargas,juanvargas414@hotmail.com,3131466960,1,45000,WEB,2026-07-27 20:00:00
ft_sal_004041,ft_evt_0022,daniela suárez,danielasuarez990@gmail.com,315 297 7342,2,284000,WEB,2026-07-16 19:00:00
ft_sal_004042,ft_evt_0022,Sara Suárez,SARA.SUAREZ72@GMAIL.COM,573144317897,2,124000,WEB,2026-07-13 12:00:00
ft_sal_004043,ft_evt_0022,S. Peña,sara.pena@outlook.com,(+57) 328-405-0312,6,858000,WEB,2026-07-26 12:00:00
ft_sal_004044,ft_evt_0022,Camilo Céspedes,camilocespedes177@gmail.com,+57 315 0253762,3,285000,BOX_OFFICE,2026-07-30 17:00:00
ft_sal_004045,ft_evt_0022,Andres Valencia,andres.valencia@hotmail.com,+57 309 0080747,1,44000,WEB,2026-07-21 07:00:00
ft_sal_004046,ft_evt_0022,FABIÁN JIMÉNEZ,fabianjimenez43@gmail.com,3130561765,1,45000,WEB,2026-07-22 17:00:00
ft_sal_004047,ft_evt_0022,Mateo Cárdenas,mateocardenas579@outlook.com,315 682 9851,2,184000,WEB,2026-07-19 04:00:00
ft_sal_004048,ft_evt_0022,Valentina Jiménez,valentina.jimenez82@gmail.com,3146115959,1,45000,BOX_OFFICE,2026-07-30 07:00:00
ft_sal_004049,ft_evt_0022,Juliana Bermúdez,juliana.bermudez@gmail.com,+57 328 3842664,3,426000,WEB,2026-07-25 06:00:00
ft_sal_004050,ft_evt_0022,Julián Suárez,andres.castro441@gmail.com,(+57) 308-265-9270,1,45000,WEB,2026-07-13 02:00:00
ft_sal_004051,ft_evt_0022,Alejandra Muñoz,alejandra.munoz831@gmail.com,3152288859,1,59000,WEB,2026-07-19 04:00:00
ft_sal_004052,ft_evt_0022,Zapata David,david.zapata39@gmail.com,+57 300 3544914,3,465000,WEB,2026-07-28 00:00:00
ft_sal_004053,ft_evt_0022,Sebastián Rodríguez Salazar,sebastian.rodriguez268@gmail.com,317 714 5139,2,86000,WEB,2026-07-18 17:00:00
ft_sal_004054,ft_evt_0022,Diana Ospina,diana.ospina183@gmail.com,3189562158,2,94000,WEB,2026-07-18 14:00:00
ft_sal_004055,ft_evt_0022,Julián Ortiz,julianortiz758@gmail.com,,1,47000,ADMIN,2026-07-20 00:00:00
ft_sal_004056,ft_evt_0022,andrés ortiz,andres.ortiz8+boletas@gmail.com,+57 318 0020194,1,45000,BOX_OFFICE,2026-07-30 20:00:00
ft_sal_004057,ft_evt_0022,Carlos Vargas,carlos.vargas287@hotmail.com,+57 311 7231660,1,47000,WEB,2026-07-24 06:00:00
ft_sal_004058,ft_evt_0022,C. Ortiz,CARLOS.ORTIZ661@GMAIL.COM,(+57) 307-131-1108,2,84000,ADMIN,2026-07-19 05:00:00
ft_sal_004059,ft_evt_0022,Cristian Moreno,cristian.moreno120@gmail.com,321 597 3192,1,0,WEB,2026-07-18 07:00:00
ft_sal_004060,ft_evt_0022,Rojas Daniel,danielrojas972@outlook.com,,1,0,WEB,2026-07-17 18:00:00
ft_sal_004061,ft_evt_0022,Santiago Castro,santiago.castro245@gmial.com,310 458 4774,3,123000,WEB,2026-07-25 16:00:00
ft_sal_004062,ft_evt_0022,ximena arango,ximenaarango631@gmail.com,+57 301 0723485,1,43000,WEB,2026-07-11 08:00:00
ft_sal_004063,ft_evt_0022,Manuela Quintero,manuelaquintero430@hotmail.com,573001761708,1,62000,WEB,2026-07-21 02:00:00
ft_sal_004064,ft_evt_0022,Julián Valencia,julianvalencia268@gmail.com,310 480 1375,1,94000,BOX_OFFICE,2026-07-30 11:00:00
ft_sal_004065,ft_evt_0022,Camila Moreno,camila.moreno5@gmail.com,324 057 0739,2,204000,WEB,2026-07-19 01:00:00
ft_sal_004066,ft_evt_0022,Daniel Rojas,daniel.rojas@icloud.com,(+57) 310-577-0844,1,59000,ADMIN,2026-07-23 12:00:00
ft_sal_004067,ft_evt_0022,Andrés Martínez,adres.martinez50@gmail.com,3034683488,1,144000,WEB,2026-07-20 10:00:00
ft_sal_004068,ft_evt_0022,Juliana Muñoz,juliana.munoz@gmail.com,3161939695,3,189000,WEB,2026-07-22 08:00:00
ft_sal_004069,ft_evt_0022,Juliana Ortiz,juliana.ortiz117@hotmail.com,307 608 5918,2,98000,WEB,2026-07-25 07:00:00
ft_sal_004070,ft_evt_0022,MARIANA PEÑA,mariana.pena@outlook.com,+57 316 7707923,1,43000,WEB,2026-07-24 14:00:00
ft_sal_004071,ft_evt_0022,Andrés Mejía,andres.mejia957@gmail.com,3082693774,2,188000,WEB,2026-07-21 05:00:00
ft_sal_004072,ft_evt_0022,andrés rodríguez,andres.rodriguez+compras@hotmail.com,+57 318 1706197,2,198000,BOX_OFFICE,2026-07-30 10:00:00
ft_sal_004073,ft_evt_0022,Daniel Betancur,DANIEL.BETANCUR626@GMAIL.COM,+57 320 6278836,2,274000,BOX_OFFICE,2026-07-30 06:00:00
ft_sal_004074,ft_evt_0022,Diego Quintero,diego.quintero9@gmail.com,308 837 9114,1,92000,WEB,2026-07-21 16:00:00
ft_sal_004075,ft_evt_0022,María Bermúdez,mariabermudez292@gmail.com,+57 329 5800977,2,90000,WEB,2026-07-23 06:00:00
ft_sal_004076,ft_evt_0022,Andrea Cifuentes,andrea.cifuentes28@gmail.com,321 390 6353,2,288000,WEB,2026-07-24 06:00:00
ft_sal_004077,ft_evt_0022,L. Arango,luisa.arango@gmial.com,573085167743,1,134000,WEB,2026-07-12 01:00:00
ft_sal_004078,ft_evt_0022,Fabián Zapata,luisa.bermudez94@outlook.com,+57 301 2040448,1,59000,WEB,2026-07-22 11:00:00
ft_sal_004079,ft_evt_0022,Mariana Rojas,mariana.rojas98+compras@proton.me,(+57) 300-587-8552,1,53000,ADMIN,2026-07-27 12:00:00
ft_sal_004080,ft_evt_0022,Camila Peña,camila.pena@yahoo.com,573183711780,6,576000,BOX_OFFICE,2026-07-30 15:00:00
ft_sal_004081,ft_evt_0022,Carolina Ortiz,carolinaortiz838@gmail.com,+57 318 9032180,1,0,WEB,2026-07-25 08:00:00
ft_sal_004082,ft_evt_0022,tatiana céspedes,manuela.hernandez266@gmail.com,(+57) 321-343-6338,1,45000,WEB,2026-07-23 18:00:00
ft_sal_004083,ft_evt_0022,CATALINA CÁRDENAS,catalinacardenas427@gmail.com,+57 303 9918381,2,108000,WEB,2026-07-18 14:00:00
ft_sal_004084,ft_evt_0022,LUISA GONZÁLEZ,luisagonzalez3@gmail.com,3196069176,2,208000,ADMIN,2026-07-26 09:00:00
ft_sal_004085,ft_evt_0022,Cristian Hernández,cristianhernandez917@outlook.com,(+57) 316-632-0604,2,184000,WEB,2026-07-25 17:00:00
ft_sal_004086,ft_evt_0022,carlos guerrero,carlosguerrero748@hotmail.com,,4,396000,WEB,2026-07-24 09:00:00
ft_sal_004087,ft_evt_0022,N. Vargas,nicolasvargas557@gmail.com,3174817220,3,126000,WEB,2026-07-21 01:00:00
ft_sal_004088,ft_evt_0022,Ximena Suárez,ximenasuarez734@gmail.com,306 012 8972,2,180000,BOX_OFFICE,2026-07-30 19:00:00
ft_sal_004089,ft_evt_0022,Óscar Mejía,oscar.mejia84@gmail.com,,1,44000,WEB,2026-07-14 16:00:00
ft_sal_004090,ft_evt_0022,Diego Valencia,diego.valncia@gmail.com,3293632564,1,62000,WEB,2026-07-14 10:00:00
ft_sal_004091,ft_evt_0022,Felipe Suárez,felipe.suarez67@gmail.com,302 579 4374,3,297000,WEB,2026-07-25 14:00:00
ft_sal_004092,ft_evt_0005,Fabián Betancur,fabianbetancur757@outlook.com,,6,276000,WEB,2026-07-22 01:00:00
ft_sal_004093,ft_evt_0005,Valentina Bermúdez,valentinabermudez778@hotmail.com,+57 326 7647703,2,88000,WEB,2026-07-19 09:00:00
ft_sal_004094,ft_evt_0005,Cristian Muñoz,cristian.munoz@hotmail.com,573238220760,4,364000,WEB,2026-07-19 02:00:00
ft_sal_004095,ft_evt_0005,Camila Ortiz,camila.ortiz8@outlook.com,308 299 5329,2,90000,WEB,2026-07-20 14:00:00
ft_sal_004096,ft_evt_0005,Miguel Moreno,miguel.moreno@outlook.com,(+57) 300-922-0523,1,62000,WEB,2026-07-20 06:00:00
ft_sal_004097,ft_evt_0005,M. Céspedes,MARIANA.CESPEDES300@GMAIL.COM,+57 320 1341054,1,0,WEB,2026-07-20 11:00:00
ft_sal_004098,ft_evt_0005,Daniela Peña,daniela.pena69980+boletas@icloud.com,573250342378,2,0,ADMIN,2026-07-08 03:00:00
ft_sal_004099,ft_evt_0005,Fabián Vargas,fabian.vargas13@gmail.com,+57 319 9074215,1,63000,WEB,2026-07-09 16:00:00
ft_sal_004100,ft_evt_0005,Cristian Pena,cristian.pena54@gmail.com,3041824589,6,570000,ADMIN,2026-07-18 11:00:00
ft_sal_004101,ft_evt_0005,Juan López,juan.lopez88@gmail.com,3255503416,2,268000,WEB,2026-07-24 07:00:00
ft_sal_004102,ft_evt_0005,Ximena Vargas,ximenavargas807@outlook.com,+57 321 5139770,1,49000,WEB,2026-07-13 01:00:00
ft_sal_004103,ft_evt_0005,Daniela Restrepo Rodríguez,daniela.restrepo3@outlok.com,311 787 9087,1,50000,WEB,2026-07-18 09:00:00
ft_sal_004104,ft_evt_0005,Guerrero Cristian,carolina.hernandez@hotmail.com,573288720265,4,184000,BOX_OFFICE,2026-07-31 08:00:00
ft_sal_004105,ft_evt_0005,Sara Restrepo,sararestrepo225@gmail.com,,6,612000,WEB,2026-07-26 09:00:00
ft_sal_004106,ft_evt_0005,Felipe Peña Suárez,FELIPE.PENA@GMAIL.COM,573230313799,3,132000,WEB,2026-07-22 08:00:00
ft_sal_004107,ft_evt_0005,María Arango,valentina.cespedes785@gmail.com,,2,112000,WEB,2026-07-17 17:00:00
ft_sal_004108,ft_evt_0005,Alejandro Guerrero,alejandro.guerrero49@icloud.com,+57 300 6428910,1,0,WEB,2026-07-29 06:00:00
ft_sal_004109,ft_evt_0005,Valentina Cárdenas,valentina.cardenas@gmail.com,3053616277,1,58000,WEB,2026-07-21 14:00:00
ft_sal_004110,ft_evt_0005,Natalia González,nataliagonzalez915@gmail.com,(+57) 303-666-4883,1,49000,WEB,2026-07-20 19:00:00
ft_sal_004111,ft_evt_0005,Laura Salazar,laurasalazar672@gmail.com,3111762636,1,139000,WEB,2026-07-22 04:00:00
ft_sal_004112,ft_evt_0005,SEBASTIÁN GUERRERO,sebastianguerrero348@gmail.com,(+57) 301-837-0009,1,97000,WEB,2026-07-14 16:00:00
ft_sal_004113,ft_evt_0005,Alejandro Vargas,alejandrovargas299@gmail.com,573295060896,2,90000,WEB,2026-07-24 01:00:00
ft_sal_004114,ft_evt_0005,Luisa Valencia,luisavalencia965@hotmail.com,329 011 3359,1,62000,WEB,2026-07-22 19:00:00
ft_sal_004115,ft_evt_0005,Nicolas Cespedes,nicolas.cespedes38@hotmail.com,3073232990,1,57000,RRPP,2026-07-11 15:00:00
ft_sal_004116,ft_evt_0005,Daniel Gomez,daniel.gomez21@proton.me,329 030 2860,1,41000,WEB,2026-07-20 07:00:00
ft_sal_004117,ft_evt_0005,López Tatiana,tatiana.lopez90@gmail.com,,1,0,WEB,2026-07-17 04:00:00
ft_sal_004118,ft_evt_0005,alejandro salazar,alejandro.salazar77@gmial.com,+57 313 1211165,1,43000,WEB,2026-07-22 01:00:00
ft_sal_004119,ft_evt_0005,Catalina González,CATALINA.GONZALEZ994@GMAIL.COM,315 565 0647,1,40000,WEB,2026-07-25 15:00:00
ft_sal_004120,ft_evt_0005,Mateo Moreno,mateo.moreno456@gmial.com,320 805 4689,2,128000,WEB,2026-07-16 18:00:00
ft_sal_004121,ft_evt_0005,Luisa Betancur,luisa.betancur@outlok.com,573298231759,1,64000,WEB,2026-07-23 04:00:00
ft_sal_004122,ft_evt_0005,Valentina Vargas,valentinavargas265@gmail.com,322 110 9210,1,46000,WEB,2026-07-20 16:00:00
ft_sal_004123,ft_evt_0005,Alejandra Gomez,alejandra.gomez@hotmail.com,573262199729,1,61000,WEB,2026-07-25 08:00:00
ft_sal_004124,ft_evt_0005,Daniel López,daniellopez905@gmail.com,322 997 1308,1,43000,WEB,2026-07-28 05:00:00
ft_sal_004125,ft_evt_0005,Ricardo Bermúdez,ricardobermudez940@icloud.com,322 125 8544,1,57000,WEB,2026-07-18 05:00:00
ft_sal_004126,ft_evt_0005,Juan Quintero Muñoz,juan.quintero34@gmail.com,+57 315 4983129,2,298000,WEB,2026-07-24 04:00:00
ft_sal_004127,ft_evt_0005,Alejandro Muñoz,ALEJANDRO.MUNOZ941@GMAIL.COM,+57 304 4400426,2,88000,WEB,2026-07-26 16:00:00
ft_sal_004128,ft_evt_0005,Laura Ramírez,laura.ramirez14@gmail.com,573196885433,3,138000,WEB,2026-07-18 08:00:00
ft_sal_004129,ft_evt_0005,Carolina Hernández Betancur,carolina.hernandez54@hotmail.com,,2,314000,RRPP,2026-07-22 00:00:00
ft_sal_004130,ft_evt_0005,María Bermúdez,maria.bermudez6@gmail.com,3091095349,6,582000,WEB,2026-07-23 13:00:00
ft_sal_004131,ft_evt_0005,Daniela Vargas,daniela.vargas9@gmail.com,315 496 0230,2,118000,WEB,2026-07-25 03:00:00
ft_sal_004132,ft_evt_0005,julián mejía,julian.mejia68@gmail.com,3079103709,1,93000,BOX_OFFICE,2026-07-31 06:00:00
ft_sal_004133,ft_evt_0005,camilo quintero,camilo.quintero480@gmail.com,573085485449,1,46000,WEB,2026-07-24 14:00:00
ft_sal_004134,ft_evt_0005,Jiménez Juliana,juliana.jimenez78+compras@yahoo.com,(+57) 318-050-7536,2,86000,WEB,2026-07-27 11:00:00
ft_sal_004135,ft_evt_0005,carlos bermúdez,carlosbermudez452@gmail.com,(+57) 320-355-3610,1,45000,WEB,2026-07-23 18:00:00
ft_sal_004136,ft_evt_0005,Cristian Céspedes,cristian.cespedes39@gmail.com,+57 316 5589537,6,390000,WEB,2026-07-28 09:00:00
ft_sal_004137,ft_evt_0005,Nicolás Ospina,nicolas.ospina5@proton.me,(+57) 308-908-7880,1,83000,WEB,2026-07-16 06:00:00
ft_sal_004138,ft_evt_0005,Andrés Peña Ortiz,andres.pena86@hotmail.com,573006129428,1,0,WEB,2026-07-16 06:00:00
ft_sal_004139,ft_evt_0005,Camilo Gómez Salazar,camilo.gomez25@outlook.com,315 050 3548,1,94000,WEB,2026-07-21 05:00:00
ft_sal_004140,ft_evt_0005,Valentina Salazar,valentina.salazar162@gmial.com,573126710355,2,196000,WEB,2026-07-27 20:00:00
ft_sal_004141,ft_evt_0005,Mateo Salazar,tatiana.guerrero@yahoo.com,320 977 2950,1,95000,WEB,2026-07-25 03:00:00
ft_sal_004142,ft_evt_0005,Mariana Zapata,mariana.zapata293+spam@gmail.com,322 284 2201,1,139000,WEB,2026-07-20 02:00:00
ft_sal_004143,ft_evt_0005,Carolina Restrepo,carolina.restrepo@gmail.com,+57 326 5005614,1,94000,WEB,2026-07-22 06:00:00
ft_sal_004144,ft_evt_0005,Diego Arango,diego.arago@gmail.com,,3,141000,BOX_OFFICE,2026-07-31 10:00:00
ft_sal_004145,ft_evt_0005,Maria Arango,maria.arango63@gmail.com,573208860398,1,60000,WEB,2026-07-17 14:00:00
ft_sal_004146,ft_evt_0005,valentina cifuentes,valentina.cifuentes48@gmial.com,+57 301 0105791,1,45000,ADMIN,2026-07-25 19:00:00
ft_sal_004147,ft_evt_0005,Camilo Mejia,cmilo.mejia@icloud.com,326 421 6196,1,0,WEB,2026-07-25 18:00:00
ft_sal_004148,ft_evt_0005,Miguel Hernandez,miguel.hernandez+eventos@gmail.com,(+57) 327-853-8452,3,141000,WEB,2026-07-19 17:00:00
ft_sal_004149,ft_evt_0005,Diana Quintero,diana.quintero27@gmail.com,302 836 4325,1,44000,WEB,2026-07-16 14:00:00
ft_sal_004150,ft_evt_0005,Sara Suárez,sara.suarez26@gmail.com,3083814694,1,57000,WEB,2026-07-08 07:00:00
ft_sal_004151,ft_evt_0005,Fabián Jiménez,fabian.jimenez467+eventos@gmail.com,3290285322,1,43000,BOX_OFFICE,2026-07-31 13:00:00
ft_sal_004152,ft_evt_0005,Juan Castro,juancastro142@hotmail.com,(+57) 311-196-2091,1,50000,WEB,2026-07-20 12:00:00
ft_sal_004153,ft_evt_0005,Hernández Sara,sara.hernandez+spam@proton.me,319 616 0764,1,153000,WEB,2026-07-28 15:00:00
ft_sal_004154,ft_evt_0005,Moreno Sebastián,sebastian.moreno@gmial.com,(+57) 319-194-0821,1,45000,WEB,2026-07-22 10:00:00
ft_sal_004155,ft_evt_0005,Mateo Vargas,mateo.argas39@gmail.com,,1,64000,WEB,2026-07-23 02:00:00
ft_sal_004156,ft_evt_0005,Santiago Hernandez,santiago.hernandez760@gmail.com,3116827531,1,44000,BOX_OFFICE,2026-07-31 04:00:00
ft_sal_004157,ft_evt_0005,DIEGO JIMÉNEZ,diego.jimenez98@gmail.com,3184931744,2,90000,WEB,2026-07-17 16:00:00
ft_sal_004158,ft_evt_0005,Isabella González,isabella.gonzalez489@gmail.com,317 044 6273,1,143000,WEB,2026-07-14 14:00:00
ft_sal_004159,ft_evt_0005,camila arango,camilaarango170@gmail.com,3149523186,1,58000,WEB,2026-07-16 17:00:00
ft_sal_004160,ft_evt_0005,Muñoz Daniela,daniela.mnoz695@gmail.com,3098163484,1,99000,WEB,2026-07-26 12:00:00
ft_sal_004161,ft_evt_0005,Ricardo Restrepo,rcardo.restrepo@proton.me,573016612492,1,59000,WEB,2026-07-22 18:00:00
ft_sal_004162,ft_evt_0005,Isabella Restrepo,isabella.restrepo17@gmial.com,319 994 7609,1,92000,ADMIN,2026-07-26 02:00:00
ft_sal_004163,ft_evt_0005,Sebastián Rodríguez,sebastian.rodriguez@hotmial.com,,1,92000,WEB,2026-07-21 15:00:00
ft_sal_004164,ft_evt_0005,nicolás valencia,nicolas.valencia1@hotmail.com,+57 323 6764984,2,86000,WEB,2026-07-20 01:00:00
ft_sal_004165,ft_evt_0005,Felipe Salazar,felipe.salazar16@outlook.com,(+57) 313-723-0882,1,47000,WEB,2026-07-22 19:00:00
ft_sal_004166,ft_evt_0005,Miguel Zapata,miguel.zapata82@outlook.com,573063656287,2,90000,BOX_OFFICE,2026-07-31 15:00:00
ft_sal_004167,ft_evt_0005,Felipe Moreno,felipe.moreno@hotmail.com,315 090 1739,2,278000,WEB,2026-07-16 10:00:00
ft_sal_004168,ft_evt_0005,J. González,juan.gonzalez19@gmial.com,(+57) 327-271-9462,2,118000,WEB,2026-07-14 09:00:00
ft_sal_004169,ft_evt_0005,Ricardo Restrepo,ricardorestrepo114@gmail.com,3064925108,1,48000,WEB,2026-07-17 00:00:00
ft_sal_004170,ft_evt_0005,Diego Céspedes,diego.cespedes691@gmail.com,326 845 5337,1,44000,WEB,2026-07-21 00:00:00
ft_sal_004171,ft_evt_0005,Daniela Cárdenas,daniela.cardenas82@hotmail.com,(+57) 303-857-8806,1,43000,WEB,2026-07-20 18:00:00
ft_sal_004172,ft_evt_0005,Alejandra Rodríguez,alejandra.rodriguez@gmail.com,(+57) 309-495-9696,2,208000,WEB,2026-07-24 01:00:00
ft_sal_004173,ft_evt_0005,carlos ortiz,carlos.ortiz81+compras@gmail.com,+57 325 3282968,1,65000,WEB,2026-07-15 07:00:00
ft_sal_004174,ft_evt_0005,Julian Gomez,julian.gomez658@gmail.com,305 691 0697,1,62000,WEB,2026-07-13 08:00:00
ft_sal_004175,ft_evt_0005,Sebastián Betancur,sebastianbetancur320@gmail.com,+57 319 7414745,2,306000,WEB,2026-07-11 08:00:00
ft_sal_004176,ft_evt_0005,M. Bermúdez,manuelabermudez498@outlook.com,,3,429000,WEB,2026-07-14 09:00:00
ft_sal_004177,ft_evt_0005,JULIANA QUINTERO,julianaquintero252@gmail.com,+57 326 9986822,2,182000,WEB,2026-07-20 19:00:00
ft_sal_004178,ft_evt_0005,Nicolás Rojas,nicolas.rojas@yahoo.com,3265423711,1,154000,WEB,2026-07-29 17:00:00
ft_sal_004179,ft_evt_0005,Daniela Rodríguez Quintero,DANIELA.RODRIGUEZ5@GMAIL.COM,573148439123,1,86000,RRPP,2026-07-25 13:00:00
ft_sal_004180,ft_evt_0005,Cárdenas Carlos,carloscardenas454@hotmail.com,3064067691,1,46000,WEB,2026-07-20 16:00:00
ft_sal_004181,ft_evt_0005,Tatiana Quintero,tatiana.quintero36@gmail.com,3279424534,4,380000,WEB,2026-07-18 05:00:00
ft_sal_004182,ft_evt_0005,Julián Mejía,julian.mejia+compras@gmail.com,323 937 1123,2,128000,WEB,2026-07-22 11:00:00
ft_sal_004183,ft_evt_0005,Óscar Gómez,oscar.gomez@outlook.com,,2,94000,WEB,2026-07-14 05:00:00
ft_sal_004184,ft_evt_0005,MARÍA MORENO,mariamoreno5@hotmail.com,325 830 6448,1,0,BOX_OFFICE,2026-07-31 05:00:00
ft_sal_004185,ft_evt_0005,MARÍA VALENCIA,mariavalencia53@outlook.com,309 924 7259,2,120000,WEB,2026-07-27 15:00:00
ft_sal_004186,ft_evt_0005,Manuela Moreno,manuela.moreno@gmial.com,3175245359,3,0,WEB,2026-07-22 01:00:00
ft_sal_004187,ft_evt_0005,David Pena,david.pena254@gmail.com,3105502238,1,54000,BOX_OFFICE,2026-07-31 08:00:00
ft_sal_004188,ft_evt_0005,Ricardo Castro Restrepo,ricardocastro356@hotmail.com,573286668113,3,192000,WEB,2026-07-27 07:00:00
ft_sal_004189,ft_evt_0005,Carlos Valencia Arango,carlos.valencia92+compras@gmail.com,(+57) 322-686-2434,2,278000,BOX_OFFICE,2026-07-31 05:00:00
ft_sal_004190,ft_evt_0005,isabella valencia,isabella.valenci477@gmail.com,,2,92000,WEB,2026-07-24 04:00:00
ft_sal_004191,ft_evt_0005,Nicolás Valencia,nicolas.valencia30@outlook.com,573266185515,4,252000,WEB,2026-07-28 18:00:00
ft_sal_004192,ft_evt_0005,Valentina Pena,julian.quintero29@gmail.com,+57 305 1185182,2,0,WEB,2026-07-26 06:00:00
ft_sal_004193,ft_evt_0005,Catalina Restrepo,catalinarestrepo492@hotmail.com,+57 314 2642100,3,132000,WEB,2026-07-24 10:00:00
ft_sal_004194,ft_evt_0005,Esteban Céspedes,estebancespedes338@gmail.com,(+57) 310-656-5091,2,0,WEB,2026-07-25 10:00:00
ft_sal_004195,ft_evt_0005,Valentina Valencia,valentina.valencia@hotmial.com,+57 303 8747569,1,55000,WEB,2026-07-18 18:00:00
ft_sal_004196,ft_evt_0005,Andrea Cifuentes,andreacifuentes74@gmail.com,573276909713,1,95000,WEB,2026-07-23 14:00:00
ft_sal_004197,ft_evt_0005,Natalia López,natalialopez247@outlook.com,+57 310 9670849,1,63000,BOX_OFFICE,2026-07-31 20:00:00
ft_sal_004198,ft_evt_0005,Andrés Rodríguez,andes.rodriguez16@gmail.com,(+57) 326-772-0785,1,144000,WEB,2026-07-24 01:00:00
ft_sal_004199,ft_evt_0005,Mariana Salazar,mariana.salazar283@gmail.com,317 435 1370,2,132000,WEB,2026-07-27 10:00:00
ft_sal_004200,ft_evt_0005,Luisa Salazar,luisa.salazar72@hotmail.com,+57 324 8626428,1,41000,WEB,2026-07-25 06:00:00
ft_sal_004201,ft_evt_0005,Rodríguez Camilo,CAMILO.RODRIGUEZ57@GMAIL.COM,311 131 6078,2,90000,WEB,2026-07-21 06:00:00
ft_sal_004202,ft_evt_0005,Natalia Céspedes,natalia.cespedes@outlook.com,(+57) 311-182-7547,1,46000,WEB,2026-07-22 18:00:00
ft_sal_004203,ft_evt_0005,M. Vargas,miguel.vargs7@hotmail.com,3171057985,6,342000,BOX_OFFICE,2026-07-31 18:00:00
ft_sal_004204,ft_evt_0005,V. Ospina,valentina.ospina14@gmail.com,573136521970,2,114000,ADMIN,2026-07-27 01:00:00
ft_sal_004205,ft_evt_0005,Juan Cárdenas,JUAN.CARDENAS@YAHOO.COM,573210186481,2,92000,ADMIN,2026-07-14 02:00:00
ft_sal_004206,ft_evt_0005,paula lópez,paulalopez471@gmail.com,+57 310 6604317,1,56000,WEB,2026-07-17 14:00:00
ft_sal_004207,ft_evt_0005,Gómez Alejandro,alejandro.gomez@yahoo.com,,1,45000,RRPP,2026-07-18 07:00:00
ft_sal_004208,ft_evt_0005,Diana López,dianalopez781@gmail.com,573299101701,1,61000,WEB,2026-07-12 07:00:00
ft_sal_004209,ft_evt_0005,Sara Bermúdez,sarabermudez527@hotmail.com,573164208892,2,82000,WEB,2026-07-09 09:00:00
ft_sal_004210,ft_evt_0005,Mateo Pena,esteban.valencia@outlook.com,3012485982,1,99000,WEB,2026-07-23 16:00:00
ft_sal_004211,ft_evt_0005,J. Muñoz,julian.munoz43@hotmail.com,301 642 6730,2,108000,WEB,2026-07-24 20:00:00
ft_sal_004212,ft_evt_0005,Ricardo Moreno,ricardo.moreno@gmail.com,,2,0,WEB,2026-07-29 08:00:00
ft_sal_004213,ft_evt_0005,Andrea Martínez,mariana.rodriguez@outlook.com,,1,139000,BOX_OFFICE,2026-07-31 20:00:00
ft_sal_004214,ft_evt_0005,Alejandro Peña,alejandro.pena29@hotmail.com,+57 326 2616559,1,140000,WEB,2026-07-27 02:00:00
ft_sal_004215,ft_evt_0005,Óscar Jiménez,oscar.jimenez@gmail.com,(+57) 311-880-7996,1,55000,WEB,2026-07-25 09:00:00
ft_sal_004216,ft_evt_0040,Valentina Salazar,valentina.salazar22@gmail.com,,1,43000,ADMIN,2026-07-21 06:00:00
ft_sal_004217,ft_evt_0040,sara hernández,sarahernandez447@gmail.com,,1,42000,WEB,2026-07-15 14:00:00
ft_sal_004218,ft_evt_0040,Catalina Muñoz,catalina.munoz@gmail.com,304 849 9370,3,279000,WEB,2026-07-19 20:00:00
ft_sal_004219,ft_evt_0040,Santiago Vargas,SANTIAGO.VARGAS@GMAIL.COM,(+57) 317-429-4217,4,236000,WEB,2026-07-22 13:00:00
ft_sal_004220,ft_evt_0040,Fabián Vargas,daniel.zapata@hotmail.com,+57 308 9165006,1,93000,WEB,2026-07-27 20:00:00
ft_sal_004221,ft_evt_0040,ximena ramírez,ximenaramirez438@gmail.com,573049231893,1,56000,BOX_OFFICE,2026-07-21 19:00:00
ft_sal_004222,ft_evt_0040,Manuela Arango,manuela.arango494+boletas@gmail.com,573150596938,2,288000,WEB,2026-07-27 04:00:00
ft_sal_004223,ft_evt_0040,A. Mejía,alejandramejia645@gmail.com,+57 317 2796254,1,57000,WEB,2026-07-29 01:00:00
ft_sal_004224,ft_evt_0040,Sebastián Quintero,esteban.salazar22@gmail.com,3168246425,1,59000,BOX_OFFICE,2026-07-26 14:00:00
ft_sal_004225,ft_evt_0040,Quintero Ricardo,ricardo.quintero34@gmial.com,573037137456,1,58000,ADMIN,2026-07-22 04:00:00
ft_sal_004226,ft_evt_0040,Ricardo Ortiz,ricardo.ortiz36776@hotmail.com,311 540 7672,2,114000,WEB,2026-07-25 06:00:00
ft_sal_004227,ft_evt_0040,FABIÁN ARANGO,fabian.arango393@gmail.com,573112384010,1,98000,WEB,2026-07-20 01:00:00
ft_sal_004228,ft_evt_0040,felipe hernández,FELIPE.HERNANDEZ206@GMAIL.COM,573237054725,4,380000,WEB,2026-07-15 18:00:00
ft_sal_004229,ft_evt_0040,Fabian Castro,fabian.castro5@gmail.com,573101339456,2,92000,WEB,2026-07-20 01:00:00
ft_sal_004230,ft_evt_0040,Fabián Martínez,fabian.martinez+eventos@outlook.com,(+57) 308-362-9742,2,278000,WEB,2026-07-24 11:00:00
ft_sal_004231,ft_evt_0040,isabella vargas,isabella.vargas64@gmail.com,3171119674,1,55000,WEB,2026-07-27 07:00:00
ft_sal_004232,ft_evt_0040,Mateo Arango,mateo.arango11@hotmail.com,+57 327 1053271,2,118000,WEB,2026-07-26 05:00:00
ft_sal_004233,ft_evt_0040,Alejandra Ortiz,alejandra.ortiz332+compras@gmail.com,320 723 1399,4,0,WEB,2026-07-21 20:00:00
ft_sal_004234,ft_evt_0040,Valentina Muñoz,valentina.munoz990@gmail.com,(+57) 311-521-4756,2,94000,WEB,2026-07-18 09:00:00
ft_sal_004235,ft_evt_0040,Ricardo Castro Mejía,ricardocastro142@gmail.com,3251787436,1,64000,WEB,2026-07-23 08:00:00
ft_sal_004236,ft_evt_0040,Miguel Muñoz,miguel.munoz946@gmial.com,300 028 1211,4,396000,WEB,2026-07-26 06:00:00
ft_sal_004237,ft_evt_0040,Esteban Ramírez,ricardo.guerrero918@gmail.com,315 035 9739,4,544000,WEB,2026-07-21 02:00:00
ft_sal_004238,ft_evt_0040,María Rojas,maria.rojas43+eventos@hotmail.com,318 043 5845,1,84000,WEB,2026-07-23 01:00:00
ft_sal_004239,ft_evt_0040,Rodríguez Sara,sara.rodriguez50@gmail.com,3069420523,2,112000,WEB,2026-07-23 14:00:00
ft_sal_004240,ft_evt_0040,Valentina Salazar,VALENTINA.SALAZAR162@GMAIL.COM,573126710355,1,0,WEB,2026-07-17 11:00:00
ft_sal_004241,ft_evt_0040,Natalia Castro,natalia.castro933@gmail.com,3183232711,3,129000,WEB,2026-07-18 05:00:00
ft_sal_004242,ft_evt_0040,Mejía Fabián,FABIAN.MEJIA10@GMAIL.COM,(+57) 300-765-1514,1,64000,BOX_OFFICE,2026-07-21 20:00:00
ft_sal_004243,ft_evt_0040,I. González,isabellagonzalez992@outlook.com,+57 323 0154577,4,232000,WEB,2026-07-26 06:00:00
ft_sal_004244,ft_evt_0040,Andrea Muñoz,andreamunoz923@gmail.com,(+57) 301-533-1955,1,98000,WEB,2026-07-21 20:00:00
ft_sal_004245,ft_evt_0040,Juan Ramírez,juan.ramirez82@hotmail.com,(+57) 305-747-9666,1,129000,WEB,2026-07-24 16:00:00
ft_sal_004246,ft_evt_0040,Andrés Jiménez,andresjimenez255@gmail.com,+57 316 3673859,1,41000,WEB,2026-07-27 04:00:00
ft_sal_004247,ft_evt_0040,Catalina González,catalina.gonzalez35@hotmail.com,(+57) 325-107-4010,1,145000,WEB,2026-07-19 11:00:00
ft_sal_004248,ft_evt_0040,Juliana Cifuentes Peña,julianacifuentes645@gmail.com,(+57) 306-703-3413,1,47000,WEB,2026-07-28 04:00:00
ft_sal_004249,ft_evt_0040,Miguel Castro,miguel.castro32@yahoo.com,573118822688,1,56000,WEB,2026-07-16 18:00:00
ft_sal_004250,ft_evt_0040,Laura Cárdenas,sebastian.gomez81@gmail.com,573161145135,2,86000,BOX_OFFICE,2026-07-20 04:00:00
ft_sal_004251,ft_evt_0040,María Suárez,maria.suarez25@gmail.com,(+57) 324-561-1655,1,45000,WEB,2026-07-29 13:00:00
ft_sal_004252,ft_evt_0040,Luisa Salazar,luisa.salazar643@gmail.com,3136210788,1,59000,WEB,2026-07-25 18:00:00
ft_sal_004253,ft_evt_0040,Santiago Ortiz,santiagoortiz651@outlook.com,573277315429,1,98000,WEB,2026-07-28 16:00:00
ft_sal_004254,ft_evt_0040,Tatiana Rojas,tatianarojas108@gmail.com,(+57) 329-895-2126,1,44000,RRPP,2026-07-22 20:00:00
ft_sal_004255,ft_evt_0040,Luisa Bermúdez,luisabermudez41@proton.me,(+57) 320-779-3714,2,128000,WEB,2026-07-21 10:00:00
ft_sal_004256,ft_evt_0040,MANUELA ARANGO,manuela.arango489@gmail.com,+57 319 7196613,2,128000,WEB,2026-07-27 11:00:00
ft_sal_004257,ft_evt_0040,Óscar Céspedes,oscar.cespedes29@gmail.com,,1,141000,WEB,2026-07-10 04:00:00
ft_sal_004258,ft_evt_0040,Carlos Quintero,carlos.quintero@hotmail.com,328 507 5793,2,98000,WEB,2026-07-26 11:00:00
ft_sal_004259,ft_evt_0040,Carolina Vargas,carolinavargas85@outlook.com,573186348672,2,132000,WEB,2026-07-21 08:00:00
ft_sal_004260,ft_evt_0040,A. Vargas,andres.vargas295@gmail.com,,1,59000,WEB,2026-07-19 16:00:00
ft_sal_004261,ft_evt_0040,Mariana Rojas,mariana.rojas59@gmail.com,325 552 6782,1,124000,WEB,2026-07-15 02:00:00
ft_sal_004262,ft_evt_0040,alejandro restrepo,alejandro.restrepo10@yahoo.com,327 580 3082,1,56000,WEB,2026-07-17 16:00:00
ft_sal_004263,ft_evt_0040,Carlos Salazar,carlossalazar26@gmail.com,(+57) 327-000-9609,1,96000,WEB,2026-07-24 11:00:00
ft_sal_004264,ft_evt_0040,Daniela Zapata,daniela.zapata633@gmail.com,322 078 5617,1,147000,WEB,2026-07-23 15:00:00
ft_sal_004265,ft_evt_0040,Santiago Guerrero,santiago.guerrero@gmial.com,3180851853,1,41000,WEB,2026-07-25 07:00:00
ft_sal_004266,ft_evt_0040,D. Zapata,diego.zapata@hotmail.com,(+57) 311-188-4034,1,59000,WEB,2026-07-29 20:00:00
ft_sal_004267,ft_evt_0040,diana céspedes,diana.cespedes+spam@gmail.com,+57 304 4362098,2,0,WEB,2026-07-14 15:00:00
ft_sal_004268,ft_evt_0040,Ramírez Juan,juan.ramirez5@gmail.com,306 420 8936,1,100000,WEB,2026-07-12 07:00:00
ft_sal_004269,ft_evt_0040,Nicolas Cardenas,nicolas.cardenas61@gmail.com,+57 323 4841624,1,45000,WEB,2026-07-24 16:00:00
ft_sal_004270,ft_evt_0040,Diego Moreno Quintero,diego.moreno@gmail.com,300 121 2087,1,141000,WEB,2026-07-16 05:00:00
ft_sal_004271,ft_evt_0040,Carlos Rojas Castro,carlos.rojas@gmail.com,+57 309 8226787,3,180000,WEB,2026-07-17 07:00:00
ft_sal_004272,ft_evt_0040,Sebastian Munoz,sebastian.munoz131+boletas@gmail.com,(+57) 308-167-7211,1,66000,WEB,2026-07-25 11:00:00
ft_sal_004273,ft_evt_0040,Andrea Muñoz,andrea.munoz43@gmail.com,573237533157,2,86000,WEB,2026-07-28 02:00:00
ft_sal_004274,ft_evt_0040,Catalina Cifuentes,catalina.cifuentes157@gmail.com,305 085 9927,1,47000,WEB,2026-07-15 12:00:00
ft_sal_004275,ft_evt_0040,Julian Ramirez,julian.ramirez6@gmail.com,573144259002,2,98000,BOX_OFFICE,2026-07-28 09:00:00
ft_sal_004276,ft_evt_0040,Mateo Vargas,mateo.vargas@icloud.com,,2,86000,WEB,2026-07-13 16:00:00
ft_sal_004277,ft_evt_0040,Laura Rodríguez Cifuentes,laura.rodriguez671+spam@gmail.com,326 625 8120,1,0,WEB,2026-07-23 16:00:00
ft_sal_004278,ft_evt_0040,valentina peña,VALENTINA.PENA193@YAHOO.COM,573051185182,1,0,ADMIN,2026-07-16 15:00:00
ft_sal_004279,ft_evt_0040,M. Ospina,mariana.ospina@hotmail.com,3162758432,1,45000,WEB,2026-07-23 00:00:00
ft_sal_004280,ft_evt_0040,Alejandra Pena,alejandrapena59@gmail.com,,1,46000,RRPP,2026-07-18 07:00:00
ft_sal_004281,ft_evt_0040,Felipe Betancur,felipe.betancur27@gmail.com,301 034 1762,1,43000,WEB,2026-07-24 09:00:00
ft_sal_004282,ft_evt_0040,Fabián Hernández Rodríguez,fabianhernandez638@gmail.com,,3,129000,BOX_OFFICE,2026-07-28 14:00:00
ft_sal_004283,ft_evt_0040,Salazar Tatiana,tatiana.salazar@gmail.com,3109013547,1,0,BOX_OFFICE,2026-07-21 05:00:00
ft_sal_004284,ft_evt_0040,Miguel Valencia,miguel.valencia44@proton.me,,4,176000,WEB,2026-07-27 06:00:00
ft_sal_004285,ft_evt_0040,Luisa Vargas,luisavargas108@gmail.com,+57 328 9915940,2,90000,WEB,2026-07-22 07:00:00
ft_sal_004286,ft_evt_0040,Tatiana Salazar,tatiana.salazar@gmail.com,+57 325 4408302,1,102000,WEB,2026-07-13 07:00:00
ft_sal_004287,ft_evt_0040,Tatiana Salazar,tatiana.salazar796@gmail.com,328 083 0822,1,44000,WEB,2026-07-25 09:00:00
ft_sal_004288,ft_evt_0040,Daniel Ortiz,daniel.ortiz96@gmail.com,(+57) 302-769-5117,1,105000,ADMIN,2026-07-28 19:00:00
ft_sal_004289,ft_evt_0040,Daniel Gómez,daniel.gomez@gmail.com,313 502 0164,1,0,WEB,2026-07-26 01:00:00
ft_sal_004290,ft_evt_0040,Alejandra Arango,alejandraarango616@gmail.com,(+57) 306-998-7808,1,97000,WEB,2026-07-16 16:00:00
ft_sal_004291,ft_evt_0040,Carolina Restrepo,carolina.restrepo35+eventos@gmail.com,(+57) 326-516-9394,2,120000,WEB,2026-07-18 15:00:00
ft_sal_004292,ft_evt_0040,Maria Valencia,maria.valencia26@gmial.com,573028780032,1,47000,BOX_OFFICE,2026-07-16 08:00:00
ft_sal_004293,ft_evt_0040,Daniel Zapata,daniel.zapata@gmail.com,320 173 5706,1,49000,WEB,2026-07-16 09:00:00
ft_sal_004294,ft_evt_0040,Mariana Martínez,marianamartinez821@gmail.com,(+57) 300-181-1495,1,62000,WEB,2026-07-21 10:00:00
ft_sal_004295,ft_evt_0040,Miguel Rodríguez,MIGUEL.RODRIGUEZ@HOTMAIL.COM,573210411287,3,267000,BOX_OFFICE,2026-07-23 14:00:00
ft_sal_004296,ft_evt_0040,Felipe Vargas,felipe.vargas226@gmial.com,(+57) 311-576-7669,4,0,WEB,2026-07-25 15:00:00
ft_sal_004297,ft_evt_0040,M. Arango,mariaarango289@gmail.com,,1,43000,WEB,2026-07-17 12:00:00
ft_sal_004298,ft_evt_0040,Nicolás Guerrero,nicolas.guerrero@gmail.com,3192430127,1,62000,WEB,2026-07-24 16:00:00
ft_sal_004299,ft_evt_0040,Alejandro Rojas,alejandrorojas653@gmail.com,573142545339,1,42000,WEB,2026-07-25 16:00:00
ft_sal_004300,ft_evt_0040,laura zapata,laura.zapata44@gmail.com,573030158324,2,86000,BOX_OFFICE,2026-07-18 03:00:00
ft_sal_004301,ft_evt_0040,Santiago Hernández,santiago.hernandez@hotmail.com,+57 318 0668232,2,90000,WEB,2026-07-15 00:00:00
ft_sal_004302,ft_evt_0040,David Castro,david.castro74@outlook.com,573259877659,1,45000,WEB,2026-07-23 04:00:00
ft_sal_004303,ft_evt_0040,julián cárdenas,juliancardenas884@gmail.com,+57 319 3968807,1,59000,WEB,2026-07-16 00:00:00
ft_sal_004304,ft_evt_0040,Valentina Rodríguez,valentina.rodriguez40@icloud.com,573253653543,1,45000,WEB,2026-07-23 04:00:00
ft_sal_004305,ft_evt_0040,Luisa Mejía Suárez,luisa.mejia77@gmail.com,+57 306 0938655,2,198000,WEB,2026-07-25 10:00:00
ft_sal_004306,ft_evt_0040,Manuela Munoz,esteban.gomez857@gmail.com,310 564 0835,1,58000,WEB,2026-07-14 19:00:00
ft_sal_004307,ft_evt_0040,Cristian Vargas,cristian.vargas@gmail.com,+57 327 7628797,3,132000,WEB,2026-07-16 13:00:00
ft_sal_004308,ft_evt_0040,Óscar Gómez,oscargomez459@gmail.com,,1,95000,WEB,2026-07-18 03:00:00
ft_sal_004309,ft_evt_0040,Laura González,diego.valencia@icloud.com,3251353860,2,128000,WEB,2026-07-30 02:00:00
ft_sal_004310,ft_evt_0040,Cristian Guerrero,cristianguerrero758@outlook.com,(+57) 319-605-0410,1,0,WEB,2026-07-24 10:00:00
ft_sal_004311,ft_evt_0040,manuela quintero,maria.salazar77@outlook.com,3192351955,4,396000,WEB,2026-07-15 06:00:00
ft_sal_004312,ft_evt_0040,Fabian Pena,fabianpena332@outlook.com,573028507028,1,58000,WEB,2026-07-25 08:00:00
ft_sal_004313,ft_evt_0040,J. Vargas,juan.vargas2@gmail.com,573003529926,1,61000,ADMIN,2026-07-19 01:00:00
ft_sal_004314,ft_evt_0040,Mateo Guerrero,MATEO.GUERRERO21@GMAIL.COM,573145585436,2,86000,BOX_OFFICE,2026-07-19 16:00:00
ft_sal_004315,ft_evt_0040,Mateo Guerrero,mateo.guerrero21+eventos@gmail.com,573145585436,1,100000,WEB,2026-07-26 18:00:00
ft_sal_004316,ft_evt_0056,ximena jiménez,XIMENA.JIMENEZ@ICLOUD.COM,(+57) 311-927-0664,1,0,WEB,2026-07-31 09:00:00
ft_sal_004317,ft_evt_0056,Andrea Rodríguez,andrea.rodriguez51@gmail.com,573000137363,1,0,BOX_OFFICE,2026-07-31 13:00:00
ft_sal_004318,ft_evt_0056,Carlos Ortiz,carlos.ortiz534@gmail.com,573242261227,1,0,WEB,2026-07-29 14:00:00
ft_sal_004319,ft_evt_0056,Guerrero Miguel,miguelguerrero588@gmail.com,+57 320 4636390,1,0,WEB,2026-08-01 11:00:00
ft_sal_004320,ft_evt_0056,Salazar Mateo,mateo.salazar522@gmail.com,573249551457,2,0,BOX_OFFICE,2026-07-24 06:00:00
ft_sal_004321,ft_evt_0056,Andres Rojas,andres.rojas88@outlook.com,(+57) 327-149-1106,1,0,WEB,2026-07-23 00:00:00
ft_sal_004322,ft_evt_0056,Felipe Cifuentes,felipecifuentes918@gmail.com,+57 310 2123136,1,0,WEB,2026-07-28 14:00:00
ft_sal_004323,ft_evt_0056,Andrea López,andrea.lopez212+compras@gmail.com,323 688 5328,2,0,WEB,2026-07-31 18:00:00
ft_sal_004324,ft_evt_0056,Luisa Arango,luisa.arango911@gmail.com,+57 310 3595116,2,0,WEB,2026-07-24 10:00:00
ft_sal_004325,ft_evt_0056,Natalia Quintero,nataliaquintero561@gmail.com,3018865863,1,0,WEB,2026-08-01 19:00:00
ft_sal_004326,ft_evt_0056,Ximena Ramírez,ximena.ramirez941@gmail.com,(+57) 307-954-3417,2,0,WEB,2026-07-28 07:00:00
ft_sal_004327,ft_evt_0056,Mariana Jiménez,mariana.jimenez592@gmial.com,(+57) 314-021-0209,1,0,WEB,2026-07-25 16:00:00
ft_sal_004328,ft_evt_0056,Carolina Castro,CAROLINA.CASTRO@GMAIL.COM,3166495671,1,0,BOX_OFFICE,2026-07-28 10:00:00
ft_sal_004329,ft_evt_0056,Laura Suárez Vargas,laura.suarez17@gmail.com,573126482550,1,0,WEB,2026-07-25 05:00:00
ft_sal_004330,ft_evt_0056,Esteban González,estebangonzalez697@gmail.com,573157444150,1,0,WEB,2026-07-27 09:00:00
ft_sal_004331,ft_evt_0056,Diego Castro,diego.castro58@gmail.com,573118634317,2,0,BOX_OFFICE,2026-07-23 15:00:00
ft_sal_004332,ft_evt_0056,Carlos Valencia,carlos.valencia565@gmail.com,308 706 8124,1,0,WEB,2026-07-17 08:00:00
ft_sal_004333,ft_evt_0056,Andres Cifuentes,andrescifuentes576@hotmail.com,(+57) 318-902-1658,1,0,BOX_OFFICE,2026-07-24 10:00:00
ft_sal_004334,ft_evt_0056,Tatiana Rojas,tatianarojas642@gmail.com,(+57) 329-468-9444,3,0,WEB,2026-07-29 18:00:00
ft_sal_004335,ft_evt_0056,Juliana Zapata,juliana.zapata62@gmial.com,+57 316 8067920,4,0,WEB,2026-07-30 06:00:00
ft_sal_004336,ft_evt_0056,Sara Moreno,sara.moreno241@gmail.com,573133755070,2,0,WEB,2026-07-29 18:00:00
ft_sal_004337,ft_evt_0056,Fabian Mejia,FABIAN.MEJIA10@GMAIL.COM,3007651514,3,0,WEB,2026-07-21 04:00:00
ft_sal_004338,ft_evt_0056,DAVID GONZÁLEZ,davidgonzalez747@gmail.com,319 596 4853,1,0,WEB,2026-07-17 09:00:00
ft_sal_004339,ft_evt_0056,David Jiménez,davd.jimenez@gmail.com,+57 321 0738663,2,0,ADMIN,2026-07-25 13:00:00
ft_sal_004340,ft_evt_0056,juan ortiz,juanortiz440@hotmail.com,3224866363,4,0,ADMIN,2026-07-27 20:00:00
ft_sal_004341,ft_evt_0056,Andrés Moreno,andresmoreno589@gmail.com,309 105 6040,2,0,WEB,2026-07-23 20:00:00
ft_sal_004342,ft_evt_0056,diana zapata,diana.zapata61@gmail.com,3094699287,1,0,WEB,2026-07-24 09:00:00
ft_sal_004343,ft_evt_0056,santiago ramírez,santiago.ramirez96@gmail.com,319 750 2727,2,0,WEB,2026-07-28 16:00:00
ft_sal_004344,ft_evt_0056,julián peña,julian.pena18@hotmail.com,+57 301 5428832,3,0,WEB,2026-07-29 14:00:00
ft_sal_004345,ft_evt_0056,Natalia Rodríguez,nataliarodriguez369@icloud.com,573014505787,2,0,WEB,2026-07-25 14:00:00
ft_sal_004346,ft_evt_0056,Alejandra Castro,alejandra.castro242@gmail.com,311 516 7498,1,0,WEB,2026-07-30 10:00:00
ft_sal_004347,ft_evt_0056,Camila Gómez,camila.gomez56@gmail.com,573144197520,1,0,WEB,2026-07-22 18:00:00
ft_sal_004348,ft_evt_0056,Esteban Castro,estebancastro368@gmail.com,+57 316 7855744,2,0,WEB,2026-07-21 12:00:00
ft_sal_004349,ft_evt_0056,Valentina Bermúdez,valentinabermudez510@outlook.com,(+57) 301-064-4117,2,0,WEB,2026-07-28 14:00:00
ft_sal_004350,ft_evt_0056,Suárez Cristian,cristian.suarez@gmial.com,3140713793,2,0,WEB,2026-07-27 13:00:00
ft_sal_004351,ft_evt_0056,Catalina Restrepo,catalina.restrepo@hotmail.com,305 657 8188,2,0,WEB,2026-07-29 20:00:00
ft_sal_004352,ft_evt_0056,Nicolás Castro,nicolas.castro39@yahoo.com,573143304111,1,0,WEB,2026-07-29 04:00:00
ft_sal_004353,ft_evt_0056,D. Céspedes,danielacespedes951@gmail.com,3288503876,1,0,WEB,2026-07-27 01:00:00
ft_sal_004354,ft_evt_0056,daniela zapata,daniela.zapata@gmial.com,(+57) 304-977-5816,2,0,WEB,2026-07-18 20:00:00
ft_sal_004355,ft_evt_0056,Esteban Pena,esteban.pena@hotmail.com,3173069836,1,0,WEB,2026-07-28 05:00:00
ft_sal_004356,ft_evt_0056,Camila Martínez,camilamartinez333@icloud.com,+57 302 8275138,1,0,WEB,2026-07-21 12:00:00
ft_sal_004357,ft_evt_0056,Andrea Muñoz,andreamunoz793@gmail.com,,4,0,WEB,2026-07-27 11:00:00
ft_sal_004358,ft_evt_0056,Julián Mejía,alejandra.bermudez@outlook.com,3079103709,1,0,WEB,2026-08-01 04:00:00
ft_sal_004359,ft_evt_0056,Mariana Moreno,mariana.moreno90@gmial.com,326 485 5450,1,0,BOX_OFFICE,2026-07-27 04:00:00
ft_sal_004360,ft_evt_0056,Natalia Cárdenas,nataliacardenas380@gmail.com,,1,0,WEB,2026-07-28 12:00:00
ft_sal_004361,ft_evt_0056,Cristian Valencia,cristianvalencia@proton.me,(+57) 313-097-7598,1,0,BOX_OFFICE,2026-07-31 08:00:00
ft_sal_004362,ft_evt_0056,Nicolás Quintero,NICOLAS.QUINTERO61@OUTLOOK.COM,329 817 6241,3,0,WEB,2026-07-27 09:00:00
ft_sal_004363,ft_evt_0056,Castro Juliana,julianacastro608@outlook.com,3145898160,3,0,WEB,2026-07-22 03:00:00
ft_sal_004364,ft_evt_0056,TATIANA ARANGO,tatianaarango280@gmail.com,+57 311 0735272,1,0,WEB,2026-07-21 20:00:00
ft_sal_004365,ft_evt_0056,Julián Suárez,juliansuarez139@yahoo.com,573148639513,4,0,WEB,2026-07-18 01:00:00
ft_sal_004366,ft_evt_0056,juliana rodríguez,julianarodriguez32@gmail.com,3275963059,6,0,WEB,2026-07-26 20:00:00
ft_sal_004367,ft_evt_0056,Juliana González,julianagonzalez720@hotmail.com,(+57) 321-864-3519,1,0,ADMIN,2026-07-28 19:00:00
ft_sal_004368,ft_evt_0056,Natalia Quintero,natalia.quintero20@gmail.com,+57 328 0533203,1,0,WEB,2026-07-26 03:00:00
ft_sal_004369,ft_evt_0056,carolina hernández,carolina.hernandez24@gmail.com,311 866 9142,1,0,WEB,2026-07-30 04:00:00
ft_sal_004370,ft_evt_0056,Mateo Jiménez Valencia,mateo.jimenez4@gmail.com,(+57) 316-706-9243,1,0,WEB,2026-08-01 16:00:00
ft_sal_004371,ft_evt_0056,Daniela Jiménez,danielajimenez602@gmail.com,,2,0,WEB,2026-07-29 13:00:00
ft_sal_004372,ft_evt_0056,Natalia Cifuentes Bermúdez,nataliacifuentes759@gmail.com,573011591096,1,0,ADMIN,2026-07-28 20:00:00
ft_sal_004373,ft_evt_0056,Castro Alejandra,alejandracastro956@hotmail.com,(+57) 328-033-4906,2,0,WEB,2026-07-29 09:00:00
ft_sal_004374,ft_evt_0056,Esteban Cifuentes,esteban.cifuentes64@gmail.com,+57 317 1699019,1,0,WEB,2026-07-22 08:00:00
ft_sal_004375,ft_evt_0056,maría restrepo,maria.restrepo962@gmail.com,3142229757,2,0,WEB,2026-07-29 19:00:00
ft_sal_004376,ft_evt_0056,I. Ortiz,isabella.ortiz39@gmail.com,3247054008,1,0,BOX_OFFICE,2026-07-24 02:00:00
ft_sal_004377,ft_evt_0056,camilo quintero,camiloquintero112@gmail.com,(+57) 309-574-6080,1,0,ADMIN,2026-07-27 07:00:00
ft_sal_004378,ft_evt_0056,Miguel Mejía,miguelmejia154@yahoo.com,,2,0,WEB,2026-07-24 03:00:00
ft_sal_004379,ft_evt_0056,Mateo López,mateolopez544@outlook.com,+57 323 5232079,2,0,ADMIN,2026-08-01 05:00:00
ft_sal_004380,ft_evt_0056,Luisa Hernández Ramírez,luisahernandez352@gmail.com,3224818418,4,0,WEB,2026-07-26 16:00:00
ft_sal_004381,ft_evt_0056,David Cespedes,david.cespedes70+spam@gmail.com,+57 306 8579662,4,0,WEB,2026-07-29 15:00:00
ft_sal_004382,ft_evt_0056,Moreno Valentina,valentinamoreno63@hotmail.com,303 521 9776,3,0,WEB,2026-07-13 07:00:00
ft_sal_004383,ft_evt_0056,Natalia Quintero,nataliaquintero677@hotmail.com,321 125 6494,1,0,WEB,2026-07-22 13:00:00
ft_sal_004384,ft_evt_0056,Manuela Peña,manuela.pena21@gmail.com,312 224 0857,1,0,WEB,2026-07-16 20:00:00
ft_sal_004385,ft_evt_0056,María Peña,maria.pena817@gmail.com,(+57) 307-885-6305,2,0,WEB,2026-07-18 07:00:00
ft_sal_004386,ft_evt_0056,ricardo ortiz,ricardoortiz810@gmail.com,,2,0,WEB,2026-07-19 17:00:00
ft_sal_004387,ft_evt_0056,Diana Zapata,diana.zapata94@gmail.com,(+57) 304-700-1998,1,0,WEB,2026-07-24 15:00:00
ft_sal_004388,ft_evt_0056,Andrés Peña,andres.pena53@gmail.com,+57 317 1547388,2,0,WEB,2026-07-24 10:00:00
ft_sal_004389,ft_evt_0056,Valentina Rojas,valentina.rojas@outlook.com,(+57) 309-553-7174,2,0,WEB,2026-07-29 00:00:00
ft_sal_004390,ft_evt_0056,Camilo Arango,camilo.arang79@gmail.com,3247775428,1,0,WEB,2026-07-17 06:00:00
ft_sal_004391,ft_evt_0056,Gómez Esteban,esteban.gomez65@outlook.com,3018690878,1,0,RRPP,2026-07-26 02:00:00
ft_sal_004392,ft_evt_0056,mariana suárez,mariana.suarez@gmail.com,302 322 6043,2,0,BOX_OFFICE,2026-07-26 09:00:00
ft_sal_004393,ft_evt_0056,CAMILO BETANCUR,camilobetancur330@yahoo.com,3293955725,4,0,WEB,2026-08-01 16:00:00
ft_sal_004394,ft_evt_0056,FABIÁN RESTREPO,fabian.restrepo702@gmail.com,573023364545,3,0,WEB,2026-07-30 01:00:00
ft_sal_004395,ft_evt_0056,Isabella González,isabellagonzalez955@gmail.com,573001572552,3,0,WEB,2026-07-27 01:00:00
ft_sal_004396,ft_evt_0056,J. Céspedes,juan.cespedes22@gmail.com,,1,0,WEB,2026-07-22 08:00:00
ft_sal_004397,ft_evt_0056,Zapata Diego,diegozapata610@gmail.com,+57 319 6307180,2,0,WEB,2026-07-25 08:00:00
ft_sal_004398,ft_evt_0056,Luisa Quintero Quintero,luisa.quintero@gmail.com,573282237924,2,0,WEB,2026-07-22 01:00:00
ft_sal_004399,ft_evt_0056,Carolina Suárez,carolina.suarez806@gmial.com,,1,0,WEB,2026-07-27 05:00:00
ft_sal_004400,ft_evt_0056,Diana Cárdenas,diana.cardenas@gmail.com,313 889 4801,1,0,WEB,2026-07-21 18:00:00
ft_sal_004401,ft_evt_0056,Mariana Gonzalez,mariaa.gonzalez59@yahoo.com,(+57) 314-091-2516,3,0,BOX_OFFICE,2026-07-22 14:00:00
ft_sal_004402,ft_evt_0056,Felipe Ramirez,felipe.ramirez@hotmial.com,573099244165,1,0,WEB,2026-07-24 03:00:00
ft_sal_004403,ft_evt_0056,Daniel Rodríguez,daniel.rodriguez8@outlook.com,3270411342,1,0,WEB,2026-07-29 15:00:00
ft_sal_004404,ft_evt_0056,Ricardo Rodríguez,ricardo.rodriguez25@gmail.com,313 470 0402,2,0,WEB,2026-07-26 17:00:00
ft_sal_004405,ft_evt_0056,tatiana cárdenas,tatana.cardenas66@gmail.com,(+57) 329-216-5550,4,0,WEB,2026-07-29 01:00:00
ft_sal_004406,ft_evt_0056,Sebastián Arango Restrepo,sebastian.arango11@outlook.com,+57 325 6166318,1,0,WEB,2026-07-30 17:00:00
ft_sal_004407,ft_evt_0056,Suárez María,MARIA.SUAREZ12@OUTLOOK.COM,,6,0,WEB,2026-07-15 03:00:00
ft_sal_004408,ft_evt_0056,Cristian Ospina Valencia,cristian.ospina704+eventos@gmail.com,3043648871,4,0,WEB,2026-07-27 01:00:00
ft_sal_004409,ft_evt_0056,C. Rodríguez,catalina.rodriguez@hotmail.com,(+57) 316-127-4216,1,0,WEB,2026-07-22 18:00:00
ft_sal_004410,ft_evt_0056,Sara Munoz,saramunoz953@hotmail.com,+57 314 9763154,4,0,WEB,2026-08-01 20:00:00
ft_sal_004411,ft_evt_0056,Fabián Castro,fabian.castro581@gmail.com,+57 327 6518621,4,0,WEB,2026-07-28 03:00:00
ft_sal_004412,ft_evt_0056,Daniela Valencia Rojas,daniela.valencia391@gmail.com,320 922 5512,1,0,WEB,2026-07-25 05:00:00
ft_sal_004413,ft_evt_0056,Ortiz Alejandro,alejandro.ortiz21+boletas@gmail.com,,2,0,ADMIN,2026-08-01 00:00:00
ft_sal_004414,ft_evt_0056,Daniela Rodriguez,daniela.rodriguez350@gmail.com,3174455392,3,0,WEB,2026-07-21 18:00:00
ft_sal_004415,ft_evt_0056,diana mejía,diana.mejia90+compras@outlook.com,573022829074,2,0,WEB,2026-07-22 11:00:00
ft_sal_004416,ft_evt_0056,Daniela Betancur,daniela.betancur@icloud.com,3118024922,1,0,BOX_OFFICE,2026-07-29 01:00:00
ft_sal_004417,ft_evt_0056,David Arango,natalia.arango85@gmail.com,,3,0,WEB,2026-07-21 13:00:00
ft_sal_004418,ft_evt_0056,luisa salazar,laura.vargas364@gmail.com,+57 316 4622727,2,0,WEB,2026-07-15 18:00:00
ft_sal_004419,ft_evt_0056,Fabián Guerrero,fabianguerrero613@hotmail.com,(+57) 303-541-6316,6,0,BOX_OFFICE,2026-07-25 09:00:00
ft_sal_004420,ft_evt_0056,Alejandra Gomez,alejandra.gomez18@gmail.com,3185370452,6,0,WEB,2026-07-29 12:00:00
ft_sal_004421,ft_evt_0056,Manuela Castro,manuelacastro916@gmail.com,(+57) 325-323-5120,2,0,WEB,2026-07-30 19:00:00
ft_sal_004422,ft_evt_0056,Alejandro Hernández,alejandro.hernandez@outlok.com,327 212 2438,1,0,BOX_OFFICE,2026-07-27 02:00:00
ft_sal_004423,ft_evt_0056,Diana Cárdenas,diana.cardenas27@hotmail.com,316 325 5835,1,0,WEB,2026-07-29 01:00:00
ft_sal_004424,ft_evt_0056,Mateo Valencia,mateo.valencia@gmail.com,3050525235,1,0,WEB,2026-07-24 18:00:00
ft_sal_004425,ft_evt_0056,Miguel Vargas,miguel.vargas7@hotmail.com,+57 317 0157985,1,0,WEB,2026-07-23 15:00:00
ft_sal_004426,ft_evt_0056,PAULA MUÑOZ,paula.munoz@yahoo.com,(+57) 322-475-5962,3,0,RRPP,2026-07-22 02:00:00
ft_sal_004427,ft_evt_0056,Juan Ramírez,juanramirez35@gmail.com,3072778832,3,0,RRPP,2026-07-26 10:00:00
ft_sal_004428,ft_evt_0056,Santiago Ramírez,santiago.ramirez525@gmail.com,3144237937,2,0,WEB,2026-07-30 08:00:00
ft_sal_004429,ft_evt_0056,Juan González Martínez,juangonzalez314@gmail.com,+57 319 3475442,2,0,WEB,2026-07-25 08:00:00
ft_sal_004430,ft_evt_0056,María Arango,mariaarango394@gmail.com,3117269535,1,0,WEB,2026-07-25 00:00:00
ft_sal_004431,ft_evt_0056,Céspedes Alejandro,diego.restrepo@outlook.com,307 520 7461,2,0,ADMIN,2026-07-23 07:00:00
ft_sal_004432,ft_evt_0056,Daniel González,juan.quintero@gmail.com,3260673911,1,0,BOX_OFFICE,2026-07-21 13:00:00
ft_sal_004433,ft_evt_0056,Ximena Arango,ximena.arango@gmail.com,308 243 5364,1,0,WEB,2026-07-26 05:00:00
ft_sal_004434,ft_evt_0056,ximena ramírez,ximena.ramirez41@gmail.com,,3,0,WEB,2026-07-13 18:00:00
ft_sal_004435,ft_evt_0056,Daniel Martínez,danielmartinez778@gmail.com,(+57) 320-900-1342,6,0,WEB,2026-07-25 14:00:00
ft_sal_004436,ft_evt_0056,Santiago Suárez,santiago.suarez@gmial.com,+57 312 2936096,1,0,WEB,2026-07-18 19:00:00
ft_sal_004437,ft_evt_0056,Moreno Santiago,santiagomoreno855@outlook.com,303 566 3744,6,0,WEB,2026-08-01 20:00:00
ft_sal_004438,ft_evt_0056,S. Ortiz,seastian.ortiz@hotmail.com,+57 302 0726988,1,0,BOX_OFFICE,2026-07-30 12:00:00
ft_sal_004439,ft_evt_0056,juan restrepo,juan.restrepo174@gmail.com,329 935 9232,2,0,WEB,2026-07-30 14:00:00
ft_sal_004440,ft_evt_0056,Cristian Rodríguez Ospina,cristianrodriguez533@gmail.com,573117985712,2,0,WEB,2026-07-22 02:00:00
ft_sal_004441,ft_evt_0056,Ximena Rodríguez Rodríguez,ximena.rodriguez66@gmail.com,315 480 0489,2,0,WEB,2026-07-26 18:00:00
ft_sal_004442,ft_evt_0056,Cristian Arango,cristian.arango@hotmail.com,(+57) 317-054-5940,3,0,WEB,2026-07-27 01:00:00
ft_sal_004443,ft_evt_0056,Felipe Mejía Peña,felipe.mejia440@outlook.com,573209671878,3,0,WEB,2026-08-01 05:00:00
ft_sal_004444,ft_evt_0056,paula ospina,paula.ospina75@yahoo.com,(+57) 318-199-4861,3,0,WEB,2026-07-23 01:00:00
ft_sal_004445,ft_evt_0056,Isabella Hernández,isabella.hernandez@gmail.com,3131968991,1,0,WEB,2026-07-18 13:00:00
ft_sal_004446,ft_evt_0056,Daniela Valencia,daniela.valencia122@gmail.com,+57 325 2784218,1,0,ADMIN,2026-07-19 12:00:00
ft_sal_004447,ft_evt_0056,Carolina López Ortiz,carolina.lopez@hotmail.com,328 532 8757,2,0,WEB,2026-07-26 01:00:00
ft_sal_004448,ft_evt_0056,Ricardo Restrepo,ricardo.restrepo@yahoo.com,302 412 2295,1,0,WEB,2026-07-24 06:00:00
ft_sal_004449,ft_evt_0056,Tatiana Arango,tatiana.arango+boletas@gmail.com,(+57) 304-417-4980,1,0,WEB,2026-07-30 12:00:00
ft_sal_004450,ft_evt_0056,M. Ortiz,miguelortiz992@hotmail.com,3259364138,1,0,BOX_OFFICE,2026-07-17 12:00:00
ft_sal_004451,ft_evt_0056,Fabián Mejía,fabianmejia107@gmail.com,,2,0,WEB,2026-07-28 04:00:00
ft_sal_004452,ft_evt_0056,Ricardo Gómez,ricardo.gomez@hotmail.com,(+57) 311-522-9720,1,0,WEB,2026-07-26 02:00:00
ft_sal_004453,ft_evt_0056,Carolina Castro,carolina.castro5@gmail.com,,2,0,WEB,2026-07-26 16:00:00
ft_sal_004454,ft_evt_0056,JULIÁN BERMÚDEZ,julian.bermudez@hotmail.com,+57 302 9461067,2,0,WEB,2026-07-26 18:00:00
ft_sal_004455,ft_evt_0056,Betancur Óscar,oscar.betancur563@yahoo.com,573110416784,1,0,BOX_OFFICE,2026-07-31 13:00:00
ft_sal_004456,ft_evt_0056,CATALINA CASTRO,catalinacastro667@yahoo.com,304 291 4923,6,0,WEB,2026-07-21 13:00:00
ft_sal_004457,ft_evt_0056,M. Rodríguez,mateorodriguez991@proton.me,+57 323 1801914,1,0,WEB,2026-07-24 19:00:00
ft_sal_004458,ft_evt_0056,Daniela Arango,danielaarango710@gmail.com,3026070285,1,0,WEB,2026-07-26 13:00:00
ft_sal_004459,ft_evt_0056,andrés vargas,andres.vargas+spam@hotmail.com,573191963217,1,0,WEB,2026-07-22 13:00:00
ft_sal_004460,ft_evt_0056,Diana Mejía,DIANA.MEJIA@GMAIL.COM,3112440784,1,0,ADMIN,2026-07-28 07:00:00
ft_sal_004461,ft_evt_0056,Juliana Martínez Restrepo,julianamartinez184@gmail.com,,3,0,WEB,2026-07-24 17:00:00
ft_sal_004462,ft_evt_0056,Camila Rodríguez,camila.rodriguez72@gmail.com,312 295 0117,1,0,WEB,2026-07-25 10:00:00
ft_sal_004463,ft_evt_0056,Alejandro Vargas,aejandro.vargas35@gmail.com,(+57) 306-455-4750,1,0,WEB,2026-07-23 01:00:00
ft_sal_004464,ft_evt_0056,Fabián Bermúdez,fabian.bermudez@gmail.com,,2,0,WEB,2026-07-26 05:00:00
ft_sal_004465,ft_evt_0056,Alejandra Ramírez,alejandraramirez803@outlook.com,314 421 6630,4,0,WEB,2026-07-22 15:00:00
ft_sal_004466,ft_evt_0056,Diego González Peña,diana.bermudez3@gmail.com,+57 325 8655328,4,0,BOX_OFFICE,2026-07-22 20:00:00
ft_sal_004467,ft_evt_0056,Diana Salazar,dianasalazar952@hotmail.com,315 043 0372,1,0,WEB,2026-07-22 12:00:00
ft_sal_004468,ft_evt_0056,Alejandra Valencia,alejandra.valencia81@yahoo.com,329 314 3893,6,0,WEB,2026-07-19 09:00:00
ft_sal_004469,ft_evt_0056,daniela ramírez,danielaramirez782@icloud.com,,1,0,WEB,2026-07-22 19:00:00
ft_sal_004470,ft_evt_0056,DIEGO GÓMEZ,diegogomez893@gmail.com,3027560196,6,0,WEB,2026-07-23 13:00:00
ft_sal_004471,ft_evt_0056,Felipe Suárez,felipe.suarez@gmail.com,,2,0,WEB,2026-07-24 19:00:00
ft_sal_004472,ft_evt_0056,Peña Luisa,luisa.pena41@yahoo.com,3161461472,1,0,WEB,2026-07-25 09:00:00
ft_sal_004473,ft_evt_0056,Miguel Cárdenas Martínez,miguel.cadenas816@gmail.com,573245434760,2,0,BOX_OFFICE,2026-07-26 15:00:00
ft_sal_004474,ft_evt_0056,Laura Lopez,laura.lopez@hotmial.com,,1,0,WEB,2026-07-15 11:00:00
ft_sal_004475,ft_evt_0056,María Rojas,mariarojas73@gmail.com,(+57) 304-064-8816,2,0,BOX_OFFICE,2026-07-27 06:00:00
ft_sal_004476,ft_evt_0056,Felipe González,felipe.gonzalez94@gmail.com,(+57) 311-007-9422,2,0,WEB,2026-07-28 07:00:00
ft_sal_004477,ft_evt_0056,Luisa Vargas,luisavargas960@gmail.com,(+57) 323-013-8516,3,0,BOX_OFFICE,2026-07-21 18:00:00
ft_sal_004478,ft_evt_0056,María Hernández,mariahernandez684@gmail.com,301 083 0868,2,0,WEB,2026-07-27 18:00:00
ft_sal_004479,ft_evt_0056,S. Moreno,sebastianmoreno752@gmail.com,+57 320 1627139,2,0,WEB,2026-07-23 14:00:00
ft_sal_004480,ft_evt_0056,Sara Quintero,saraquintero884@gmail.com,573163451199,1,0,RRPP,2026-07-26 08:00:00
ft_sal_004481,ft_evt_0056,ALEJANDRO CÁRDENAS,alejandro.cardenas@hotmail.com,328 027 6216,2,0,WEB,2026-07-18 15:00:00
ft_sal_004482,ft_evt_0056,carolina gonzález,carolinagonzalez438@gmail.com,(+57) 322-176-7469,2,0,WEB,2026-07-21 09:00:00
ft_sal_004483,ft_evt_0056,alejandra gómez,alejandra.gomez71@proton.me,,1,0,WEB,2026-07-25 15:00:00
ft_sal_004484,ft_evt_0056,Juliana Guerrero,juliana.guerrero694@gmial.com,(+57) 314-640-9758,2,0,WEB,2026-07-28 09:00:00
ft_sal_004485,ft_evt_0056,Sebastián Arango,sebastianarango849@gmail.com,,2,0,WEB,2026-07-31 17:00:00
ft_sal_004486,ft_evt_0056,Juliana Muñoz López,julianamunoz517@gmail.com,3055279091,1,0,WEB,2026-07-28 03:00:00
ft_sal_004487,ft_evt_0056,mateo gómez,mateo.goez74@outlook.com,(+57) 326-599-6750,1,0,WEB,2026-07-22 02:00:00
ft_sal_004488,ft_evt_0056,Daniel Martínez,danielmartinez355@gmail.com,+57 308 7840625,2,0,WEB,2026-07-18 14:00:00
ft_sal_004489,ft_evt_0056,Catalina Mejía,catalina.mejia51@gmail.com,(+57) 320-436-3281,1,0,WEB,2026-07-24 14:00:00
ft_sal_004490,ft_evt_0056,Miguel Bermúdez,miguel.bermudez99@gmail.com,+57 328 2355104,1,0,WEB,2026-07-28 07:00:00
ft_sal_004491,ft_evt_0056,Paula Cespedes,paula.cespedes70@gmail.com,+57 304 2231659,2,0,ADMIN,2026-07-21 18:00:00
ft_sal_004492,ft_evt_0056,Óscar Muñoz,oscar.munoz520@outlook.com,3030982376,2,0,BOX_OFFICE,2026-07-28 01:00:00
ft_sal_004493,ft_evt_0056,Guerrero Valentina,valentinaguerrero302@gmail.com,+57 313 1130441,6,0,ADMIN,2026-07-30 05:00:00
ft_sal_004494,ft_evt_0056,Camila Castro,CAMILA.CASTRO@GMAIL.COM,(+57) 307-332-0967,1,0,WEB,2026-07-23 00:00:00
ft_sal_004495,ft_evt_0056,PAULA CASTRO,paula.castro24@hotmail.com,573026878219,6,0,WEB,2026-07-25 16:00:00
ft_sal_004496,ft_evt_0056,J. Salazar,julianasalazar116@outlook.com,,3,0,WEB,2026-07-27 14:00:00
ft_sal_004497,ft_evt_0056,Julián Muñoz,julianmunoz232@gmail.com,315 798 9358,6,0,WEB,2026-07-23 20:00:00
ft_sal_004498,ft_evt_0056,Martínez Daniel,daniel.martinez990@gmail.com,573047181515,1,0,WEB,2026-07-29 10:00:00
ft_sal_004499,ft_evt_0056,Ximena Zapata,ximenazapata419@gmail.com,573189081273,1,0,ADMIN,2026-07-30 20:00:00
ft_sal_004500,ft_evt_0056,esteban mejía,estebanmejia178@hotmail.com,+57 328 0281659,1,0,WEB,2026-07-26 08:00:00
ft_sal_004501,ft_evt_0056,Diego Vargas,diego.vargas32@hotmail.com,573119810652,3,0,BOX_OFFICE,2026-08-01 16:00:00
ft_sal_004502,ft_evt_0056,Oscar Arango,isabella.hernandez81@gmail.com,,1,0,WEB,2026-07-26 07:00:00
ft_sal_004503,ft_evt_0056,Ricardo Guerrero,ricardo.guerrero@gmail.com,573266703396,2,0,WEB,2026-07-19 06:00:00
ft_sal_004504,ft_evt_0056,María Betancur,mariabetancur659@gmail.com,3067614674,2,0,WEB,2026-07-20 06:00:00
ft_sal_004505,ft_evt_0056,Céspedes Sara,sara.cespedes65@hotmail.com,(+57) 313-979-2921,3,0,RRPP,2026-07-29 16:00:00
ft_sal_004506,ft_evt_0056,Catalina Peña,catalina.pena+compras@gmail.com,3115220781,2,0,WEB,2026-07-26 01:00:00
ft_sal_004507,ft_evt_0056,Bermúdez David,davidbermudez807@gmail.com,3064731462,1,0,WEB,2026-07-29 00:00:00
ft_sal_004508,ft_evt_0056,ALEJANDRA ORTIZ,alejandraortiz196@gmail.com,323 829 2002,3,0,ADMIN,2026-07-30 13:00:00
ft_sal_004509,ft_evt_0056,Alejandro Vargas,alejandro.vargas94@gmail.com,3016490676,3,0,WEB,2026-07-28 06:00:00
ft_sal_004510,ft_evt_0056,Daniela Ramírez,danielaramirez617@outlook.com,(+57) 301-256-9647,1,0,WEB,2026-07-25 17:00:00
ft_sal_004511,ft_evt_0056,Natalia Salazar,natalia.salazar34@yahoo.com,+57 302 5839022,1,0,ADMIN,2026-07-27 11:00:00
ft_sal_004512,ft_evt_0056,ANDRÉS SALAZAR,andressalazar906@gmail.com,(+57) 324-800-6396,2,0,WEB,2026-07-31 08:00:00
ft_sal_004513,ft_evt_0056,Luisa Quintero,luisa.quintero88@outlok.com,(+57) 325-828-6985,6,0,WEB,2026-07-19 13:00:00
ft_sal_004514,ft_evt_0056,González Miguel,miguelgonzalez613@gmail.com,3090088562,1,0,WEB,2026-07-17 07:00:00
ft_sal_004515,ft_evt_0056,David Vargas,david.vargas46+compras@hotmail.com,3033981165,1,0,WEB,2026-07-19 15:00:00
ft_sal_004516,ft_evt_0056,Juan Céspedes,juan.cespedes81@gmail.com,573045094455,3,0,BOX_OFFICE,2026-07-26 19:00:00
ft_sal_004517,ft_evt_0056,Betancur Cristian,cristianbetancur618@icloud.com,306 229 1585,4,0,WEB,2026-07-31 11:00:00
ft_sal_004518,ft_evt_0056,CAROLINA BETANCUR,CAROLINA.BETANCUR22@ICLOUD.COM,(+57) 304-345-4625,2,0,WEB,2026-08-01 06:00:00
ft_sal_004519,ft_evt_0056,Paula Rojas,paularojas11@gmail.com,+57 306 1306315,1,0,WEB,2026-07-22 03:00:00
ft_sal_004520,ft_evt_0056,Paula Pena,paula.pena11+spam@hotmail.com,573006009057,4,0,WEB,2026-07-31 18:00:00
ft_sal_004521,ft_evt_0056,Carlos López,carlos.lopez59@gmial.com,319 659 1128,1,0,BOX_OFFICE,2026-07-27 10:00:00
ft_sal_004522,ft_evt_0056,Alejandra Martinez,alejandramartinez88@hotmail.com,,1,0,WEB,2026-07-30 18:00:00
ft_sal_004523,ft_evt_0056,Andrea Moreno,andrea.moreno2@gmail.com,3035927733,4,0,WEB,2026-07-25 19:00:00
ft_sal_004524,ft_evt_0056,Óscar Rodríguez,oscar.rodriguez347@gmial.com,(+57) 329-225-1518,2,0,BOX_OFFICE,2026-07-31 10:00:00
ft_sal_004525,ft_evt_0056,MATEO VARGAS,andres.ospina24@gmail.com,(+57) 311-642-7692,6,0,WEB,2026-07-21 14:00:00
ft_sal_004526,ft_evt_0056,Alejandro Castro,santiago.salazar99@outlook.com,(+57) 306-253-2220,6,0,WEB,2026-07-30 09:00:00
ft_sal_004527,ft_evt_0056,Alejandro Cárdenas,laura.valencia38@gmail.com,312 903 7321,2,0,BOX_OFFICE,2026-07-29 08:00:00
ft_sal_004528,ft_evt_0056,Ortiz Juliana,juliana.orti117@hotmail.com,+57 307 6085918,1,0,WEB,2026-07-24 10:00:00
ft_sal_004529,ft_evt_0056,Julian Ramirez,julianramirez792@gmail.com,321 309 8257,3,0,WEB,2026-07-27 20:00:00
ft_sal_004530,ft_evt_0056,Carolina Ospina,carolina.ospina6@gmail.com,,4,0,WEB,2026-07-19 19:00:00
ft_sal_004531,ft_evt_0056,Catalina Mejia,catalinamejia3@gmail.com,573023620233,2,0,WEB,2026-07-23 18:00:00
ft_sal_004532,ft_evt_0056,ESTEBAN MUÑOZ,estebanmunoz54@gmail.com,(+57) 316-828-0271,1,0,BOX_OFFICE,2026-07-25 00:00:00
ft_sal_004533,ft_evt_0056,Manuela Valencia,manuela.valencia@gmail.com,300 242 3728,2,0,WEB,2026-07-21 11:00:00
ft_sal_004534,ft_evt_0056,sara muñoz,sara.munoz@yahoo.com,573292044316,1,0,WEB,2026-07-23 11:00:00
ft_sal_004535,ft_evt_0056,Miguel Cardenas,miguelcardenas600@gmail.com,3023558791,2,0,WEB,2026-07-23 05:00:00
ft_sal_004536,ft_evt_0056,Santiago Guerrero,santiagoguerrero544@gmail.com,(+57) 325-600-8868,1,0,ADMIN,2026-07-23 16:00:00
ft_sal_004537,ft_evt_0056,Isabella Rodríguez,isabellarodriguez457@gmail.com,3175305991,2,0,WEB,2026-07-24 18:00:00
ft_sal_004538,ft_evt_0056,Cristian Martínez,cristianmartinez607@gmail.com,+57 327 5277874,1,0,WEB,2026-07-26 13:00:00
ft_sal_004539,ft_evt_0056,Cristian Vargas,cristianvargas800@outlook.com,303 966 7016,1,0,WEB,2026-07-26 12:00:00
ft_sal_004540,ft_evt_0056,Nicolás Vargas,nicolasvargas897@outlook.com,+57 307 6375564,1,0,WEB,2026-07-19 00:00:00
ft_sal_004541,ft_evt_0056,MARIANA HERNÁNDEZ,mariana.hernandez79@gmail.com,573029372682,1,0,WEB,2026-07-26 15:00:00
ft_sal_004542,ft_evt_0056,Ximena López Arango,ximena.lopez25@outlook.com,573247792839,2,0,WEB,2026-07-28 13:00:00
ft_sal_004543,ft_evt_0056,manuela cifuentes,manuela.cifuentes@gmail.com,313 056 8954,3,0,WEB,2026-07-27 01:00:00
ft_sal_004544,ft_evt_0056,Luisa Cárdenas,luisacardenas690@outlook.com,+57 301 0935703,1,0,WEB,2026-07-30 13:00:00
ft_sal_004545,ft_evt_0056,VALENTINA VALENCIA,valentina.valencia30@gmail.com,3213035806,1,0,WEB,2026-07-29 13:00:00
ft_sal_004546,ft_evt_0056,Carlos Ortiz Peña,carlos.ortiz81@gmail.com,573253282968,1,0,WEB,2026-07-24 15:00:00
ft_sal_004547,ft_evt_0056,david valencia,davidvalencia780@hotmail.com,(+57) 305-033-8123,2,0,WEB,2026-07-27 12:00:00
ft_sal_004548,ft_evt_0056,maría lópez,maria.lopez81@gmail.com,573148741263,2,0,WEB,2026-08-01 15:00:00
ft_sal_004549,ft_evt_0056,Castro Juliana,juliana.castro54@gmail.com,573261889561,1,0,WEB,2026-07-28 11:00:00
ft_sal_004550,ft_evt_0056,Sara Cárdenas Ortiz,saracardenas798@hotmail.com,(+57) 315-349-7829,1,0,WEB,2026-07-29 14:00:00
ft_sal_004551,ft_evt_0056,Ximena Cárdenas,ximena.cardenas@outlok.com,3092934945,3,0,WEB,2026-07-17 08:00:00
ft_sal_004552,ft_evt_0056,Restrepo Juliana,juliana.restrepo@gmail.com,(+57) 319-781-7012,2,0,WEB,2026-07-20 12:00:00
ft_sal_004553,ft_evt_0056,david bermúdez,DAVID.BERMUDEZ29@GMAIL.COM,320 940 1656,1,0,WEB,2026-07-20 05:00:00
ft_sal_004554,ft_evt_0056,Quintero Ricardo,ricardo.quintero684@gmail.com,3042999939,2,0,WEB,2026-07-22 02:00:00
ft_sal_004555,ft_evt_0056,Felipe Ramírez,felipe.ramirez@gmail.com,573008903895,1,0,BOX_OFFICE,2026-07-20 14:00:00
ft_sal_004556,ft_evt_0056,Luisa Vargas Rodríguez,luisavargas252@hotmail.com,573280301080,1,0,WEB,2026-07-23 15:00:00
ft_sal_004557,ft_evt_0056,Mateo Cifuentes,mateo.cifuentes@gmail.com,3132481651,1,0,WEB,2026-08-01 18:00:00
ft_sal_004558,ft_evt_0056,Isabella Salazar,isabella.salazar44@gmail.com,573025745597,1,0,WEB,2026-07-24 02:00:00
ft_sal_004559,ft_evt_0056,alejandro jiménez,alejandrojimenez489@gmail.com,,1,0,WEB,2026-07-19 18:00:00
ft_sal_004560,ft_evt_0056,JULIÁN VALENCIA,julianvalencia567@gmail.com,,1,0,WEB,2026-07-25 13:00:00
ft_sal_004561,ft_evt_0056,Diana Bermudez,diana.bermudez14@gmail.com,303 420 3340,3,0,WEB,2026-07-26 03:00:00
ft_sal_004562,ft_evt_0056,Guerrero Catalina,catalina.guerrero475@gmail.com,(+57) 315-046-7699,1,0,WEB,2026-07-17 12:00:00
ft_sal_004563,ft_evt_0056,Tatiana Betancur,tatiana.betancur@gmail.com,320 218 6382,1,0,BOX_OFFICE,2026-07-23 14:00:00
ft_sal_004564,ft_evt_0056,Mariana Restrepo,marianarestrepo27@gmail.com,+57 305 9733789,4,0,WEB,2026-07-25 07:00:00
ft_sal_004565,ft_evt_0056,Ospina Manuela,manuelaospina85@gmail.com,,1,0,WEB,2026-07-26 14:00:00
ft_sal_004566,ft_evt_0056,Alejandra Gonzalez,alejandra.gonzalez@hotmail.com,3293125649,3,0,BOX_OFFICE,2026-07-22 06:00:00
ft_sal_004567,ft_evt_0056,Juan Bermúdez,juanbermudez63@gmail.com,+57 304 5082946,3,0,WEB,2026-07-24 15:00:00
ft_sal_004568,ft_evt_0056,ÓSCAR CIFUENTES,oscarcifuentes942@gmail.com,3057042610,2,0,WEB,2026-07-27 10:00:00
ft_sal_004569,ft_evt_0056,Julian Lopez,julianlopez20@hotmail.com,+57 319 7848913,3,0,RRPP,2026-07-29 08:00:00
ft_sal_004570,ft_evt_0056,daniela guerrero,daniela.guerrero@gmail.com,+57 302 4336168,1,0,WEB,2026-07-31 08:00:00
ft_sal_004571,ft_evt_0056,Andrés Arango,andres.arango@outlook.com,573202469939,1,0,WEB,2026-08-01 11:00:00
ft_sal_004572,ft_evt_0056,Felipe Guerrero,FELIPE.GUERRERO282@GMAIL.COM,+57 310 1026307,3,0,WEB,2026-07-25 07:00:00
ft_sal_004573,ft_evt_0056,alejandro castro,alejandrocastro786@gmail.com,573137077789,4,0,WEB,2026-07-28 18:00:00
ft_sal_004574,ft_evt_0056,Sara Arango,sara.arango839@gmail.com,(+57) 306-789-1883,2,0,WEB,2026-07-20 04:00:00
ft_sal_004575,ft_evt_0056,XIMENA JIMÉNEZ,ximena.jimenez42@outlook.com,(+57) 317-608-2888,1,0,WEB,2026-07-27 16:00:00
ft_sal_004576,ft_evt_0056,Daniela Zapata Hernández,daniela.zapata864@gmail.com,(+57) 307-102-2909,2,0,WEB,2026-07-26 06:00:00
ft_sal_004577,ft_evt_0056,santiago gonzález,santiagogonzalez529@icloud.com,573071878023,3,0,WEB,2026-08-01 00:00:00
ft_sal_004578,ft_evt_0056,Isabella Mejía,isabellamejia829@hotmail.com,573258939400,2,0,BOX_OFFICE,2026-07-20 05:00:00
ft_sal_004579,ft_evt_0056,Felipe López,felipelopez954@outlook.com,3036641242,1,0,BOX_OFFICE,2026-07-26 05:00:00
ft_sal_004580,ft_evt_0056,Daniel Arango,danielarango518@gmail.com,+57 327 3910276,1,0,WEB,2026-07-25 11:00:00
ft_sal_004581,ft_evt_0056,daniel restrepo,daniel.restrepo@gmial.com,3274997228,2,0,WEB,2026-07-18 04:00:00
ft_sal_004582,ft_evt_0056,I. Ramírez,isabellaramirez200@gmail.com,(+57) 309-300-1328,1,0,WEB,2026-07-29 12:00:00
ft_sal_004583,ft_evt_0056,Cárdenas Camila,camilacardenas672@gmail.com,3068866032,2,0,WEB,2026-07-26 06:00:00
ft_sal_004584,ft_evt_0056,ÓSCAR RODRÍGUEZ,oscarrodriguez798@gmail.com,+57 305 3139524,1,0,RRPP,2026-07-31 04:00:00
ft_sal_004585,ft_evt_0056,Julián Bermúdez,julianbermudez206@outlook.com,(+57) 304-021-3741,1,0,WEB,2026-07-27 03:00:00
ft_sal_004586,ft_evt_0056,Alejandro Rojas,alejandrorojas111@hotmail.com,+57 316 1557850,1,0,WEB,2026-07-31 12:00:00
ft_sal_004587,ft_evt_0056,Santiago Cifuentes,santiagocifuentes589@outlook.com,3297460406,1,0,WEB,2026-07-25 03:00:00
ft_sal_004588,ft_evt_0056,Tatiana Céspedes,tatiana.cespedes@icloud.com,573013034327,1,0,ADMIN,2026-07-21 14:00:00
ft_sal_004589,ft_evt_0056,A. Cárdenas,andrescardenas153@gmail.com,,1,0,WEB,2026-07-24 20:00:00
ft_sal_004590,ft_evt_0056,Nicolás Moreno,nicolas.moreno80@outlook.com,309 102 0740,1,0,WEB,2026-07-30 17:00:00
ft_sal_004591,ft_evt_0056,Mejía Diego,diegomejia515@gmail.com,3278197554,1,0,WEB,2026-07-27 13:00:00
ft_sal_004592,ft_evt_0056,Diana Jimenez,diana.jimenez+compras@gmail.com,+57 321 8467030,2,0,WEB,2026-07-21 15:00:00
ft_sal_004593,ft_evt_0056,Diana Ortiz,dianaortiz381@outlook.com,+57 327 8599575,1,0,WEB,2026-07-25 20:00:00
ft_sal_004594,ft_evt_0056,Isabella Restrepo,ISABELLA.RESTREPO14@HOTMAIL.COM,314 615 7659,2,0,WEB,2026-07-23 14:00:00
ft_sal_004595,ft_evt_0056,Julián Cifuentes,juliancifuentes297@gmail.com,+57 328 7575852,2,0,WEB,2026-07-25 04:00:00
ft_sal_004596,ft_evt_0056,Alejandro Rodriguez,alejandrorodriguez289@gmail.com,573233915621,4,0,WEB,2026-07-22 20:00:00
ft_sal_004597,ft_evt_0056,Paula Martínez,paulamartinez842@outlook.com,(+57) 303-087-8254,4,0,WEB,2026-07-27 10:00:00
ft_sal_004598,ft_evt_0056,Andrés Ortiz,andres.ortz@gmail.com,3209186416,4,0,WEB,2026-07-24 20:00:00
ft_sal_004599,ft_evt_0056,Luisa Mejía,luisa.mejia57@gmail.com,+57 315 9475531,2,0,WEB,2026-07-29 17:00:00
ft_sal_004600,ft_evt_0056,Diana Gómez,diana.gomez+boletas@gmail.com,3281390922,1,0,WEB,2026-07-30 06:00:00
ft_sal_004601,ft_evt_0056,Manuela Valencia Suárez,manuelavalencia398@gmail.com,573006220156,2,0,BOX_OFFICE,2026-07-25 04:00:00
ft_sal_004602,ft_evt_0056,Santiago Bermúdez,santiago.bermudez88@hotmail.com,,4,0,WEB,2026-07-23 18:00:00
ft_sal_004603,ft_evt_0056,Isabella Zapata,isabella.zapaa70@outlook.com,3293184429,2,0,WEB,2026-08-01 10:00:00
ft_sal_004604,ft_evt_0056,Diego Valencia,diego.valencia81@gmail.com,3159034723,2,0,WEB,2026-07-28 06:00:00
ft_sal_004605,ft_evt_0056,Castro Isabella,isabella.castro@gmail.com,3088654049,2,0,WEB,2026-07-28 20:00:00
ft_sal_004606,ft_evt_0056,X. Salazar,ximenasalazar471@outlook.com,,2,0,ADMIN,2026-07-28 06:00:00
ft_sal_004607,ft_evt_0056,Isabella González,isabella.gonzalez@gmail.com,573047813025,2,0,WEB,2026-07-22 16:00:00
ft_sal_004608,ft_evt_0056,N. Castro,natalia.astro60@gmail.com,573278241499,4,0,WEB,2026-07-28 07:00:00
ft_sal_004609,ft_evt_0056,LAURA GONZÁLEZ,lauragonzalez487@gmail.com,+57 329 1723451,1,0,WEB,2026-08-01 08:00:00
ft_sal_004610,ft_evt_0056,Alejandro Hernández Betancur,alejandro.hernandez@outlook.com,+57 327 2122438,3,0,WEB,2026-08-01 13:00:00
ft_sal_004611,ft_evt_0056,Fabián Mejía,fabianmejia531@gmail.com,573178696304,1,0,WEB,2026-08-01 17:00:00
ft_sal_004612,ft_evt_0056,camila ramírez,camila.ramirez103+spam@gmail.com,3206654397,1,0,WEB,2026-07-25 17:00:00
ft_sal_004613,ft_evt_0056,Daniel Cifuentes,danielcifuentes604@hotmail.com,3090106835,2,0,BOX_OFFICE,2026-07-22 05:00:00
ft_sal_004614,ft_evt_0056,Nicolás Ramírez,nicolas.ramirez@yahoo.com,573129513365,3,0,WEB,2026-07-24 18:00:00
ft_sal_004615,ft_evt_0056,Catalina Guerrero,catalina.guerrero475@gmial.com,573234746987,1,0,WEB,2026-07-23 15:00:00
ft_sal_004616,ft_evt_0056,Ramírez Fabián,fabianramirez478@yahoo.com,3029135739,3,0,WEB,2026-07-24 03:00:00
ft_sal_004617,ft_evt_0056,Diego Salazar,diego.salazar@gmail.com,(+57) 312-030-5434,2,0,WEB,2026-07-22 07:00:00
ft_sal_004618,ft_evt_0056,Cifuentes Catalina,CATALINA.CIFUENTES72@GMAIL.COM,(+57) 311-023-7433,1,0,WEB,2026-07-20 05:00:00
ft_sal_004619,ft_evt_0056,Ó. Restrepo,oscar.restreo916@hotmail.com,3272906643,1,0,WEB,2026-07-30 01:00:00
ft_sal_004620,ft_evt_0056,Isabella Salazar,isabella.salazar44+spam@gmail.com,+57 302 5754597,1,0,ADMIN,2026-07-20 00:00:00
ft_sal_004621,ft_evt_0056,Miguel Jiménez,miguel.jimenez268@gmail.com,,2,0,WEB,2026-07-25 12:00:00
ft_sal_004622,ft_evt_0056,Sebastián Jiménez,sebastian.jimenez271@gmail.com,+57 304 4745517,1,0,WEB,2026-07-22 08:00:00
ft_sal_004623,ft_evt_0056,Juan Cifuentes,juan.cifuentes@outlook.com,,1,0,BOX_OFFICE,2026-07-29 02:00:00
ft_sal_004624,ft_evt_0014,nicolás arango,nicolasarango320@icloud.com,309 766 4401,2,202000,WEB,2026-08-01 20:30:00
ft_sal_004625,ft_evt_0014,Salazar Juliana,julianasalazar36@outlook.com,573142270311,1,93000,WEB,2026-07-19 18:30:00
ft_sal_004626,ft_evt_0014,González Miguel,miguel.gonzalez+spam@gmail.com,,1,43000,WEB,2026-07-29 12:30:00
ft_sal_004627,ft_evt_0014,Felipe Arango,felipearango818@hotmail.com,328 737 7134,2,276000,RRPP,2026-07-14 16:30:00
ft_sal_004628,ft_evt_0014,Luisa Martínez,luisa.martinez86@outlook.com,309 135 0761,2,110000,WEB,2026-07-31 00:30:00
ft_sal_004629,ft_evt_0014,Natalia Hernández Rodríguez,natalia.hernandez108@hotmial.com,+57 323 6474736,3,417000,ADMIN,2026-07-24 03:30:00
ft_sal_004630,ft_evt_0014,Sara Martínez Castro,sara.martinez724@gmail.com,573098259020,1,60000,WEB,2026-07-24 03:30:00
ft_sal_004631,ft_evt_0014,Nicolas Restrepo,nicolasrestrepo222@outlook.com,3171997088,1,92000,WEB,2026-07-29 19:30:00
ft_sal_004632,ft_evt_0014,Julián Ospina,julianospina323@gmail.com,573281063609,1,41000,BOX_OFFICE,2026-07-26 00:30:00
ft_sal_004633,ft_evt_0014,Juan Guerrero,juanguerrero188@hotmail.com,573042635036,2,122000,WEB,2026-07-21 04:30:00
ft_sal_004634,ft_evt_0014,mateo rojas,mateorojas643@icloud.com,(+57) 302-713-5195,2,192000,BOX_OFFICE,2026-07-20 07:30:00
ft_sal_004635,ft_evt_0014,Andres Valencia,andres.valencia17@hotmail.com,3193447044,1,144000,WEB,2026-07-29 10:30:00
ft_sal_004636,ft_evt_0014,Cristian Lopez,cristianlopez437@gmail.com,316 309 9486,1,0,WEB,2026-07-24 03:30:00
ft_sal_004637,ft_evt_0014,María Jiménez,mariajimenez374@gmail.com,(+57) 309-717-6965,2,100000,WEB,2026-07-23 04:30:00
ft_sal_004638,ft_evt_0014,F. Zapata,felipezapata611@outlook.com,573158717205,1,92000,WEB,2026-07-29 16:30:00
ft_sal_004639,ft_evt_0014,González Tatiana,tatiana.gonzalez81@gmail.com,323 400 7798,4,248000,WEB,2026-08-01 15:30:00
ft_sal_004640,ft_evt_0014,Camila Suárez,camila.suarez213@outlook.com,3189337935,1,98000,WEB,2026-08-01 00:30:00
ft_sal_004641,ft_evt_0014,paula zapata,paula.zapata89@gmail.com,+57 326 2631847,1,57000,WEB,2026-07-27 08:30:00
ft_sal_004642,ft_evt_0014,Camila Suárez,camilasuarez721@outlook.com,(+57) 305-961-5113,2,86000,WEB,2026-07-30 15:30:00
ft_sal_004643,ft_evt_0014,ANDREA SALAZAR,andreasalazar800@gmail.com,+57 302 9644491,4,176000,WEB,2026-07-29 16:30:00
ft_sal_004644,ft_evt_0014,Carlos Cifuentes,carloscifuentes92@gmail.com,+57 318 0359554,1,43000,ADMIN,2026-07-30 20:30:00
ft_sal_004645,ft_evt_0014,Diana Valencia Cifuentes,dianavalencia972@outlook.com,324 215 8763,1,63000,WEB,2026-07-29 03:30:00
ft_sal_004646,ft_evt_0014,Isabella Ramírez,isabella.ramirez621+compras@gmail.com,3075953304,1,147000,WEB,2026-07-24 01:30:00
ft_sal_004647,ft_evt_0014,C. Rodríguez,camilo.rodriguez49@gmail.com,(+57) 312-383-2674,1,134000,WEB,2026-07-27 10:30:00
ft_sal_004648,ft_evt_0014,Nicolás Guerrero,nicolas.guerrero31@gmial.com,+57 327 4919756,1,153000,WEB,2026-07-31 20:30:00
ft_sal_004649,ft_evt_0014,Miguel Salazar,miguelsalazar910@hotmail.com,+57 305 5175631,2,0,BOX_OFFICE,2026-07-17 20:30:00
ft_sal_004650,ft_evt_0014,L. Suárez,laura.suarez@outlook.com,,2,0,WEB,2026-07-31 13:30:00
ft_sal_004651,ft_evt_0014,Sebastián Mejía,sebastian.mejia24@gmail.com,3010847766,1,44000,WEB,2026-07-21 12:30:00
ft_sal_004652,ft_evt_0014,S. Muñoz,sara.munoz99@gmail.com,3084775095,6,564000,WEB,2026-08-01 15:30:00
ft_sal_004653,ft_evt_0014,Laura Hernandez,laurahernandez766@hotmail.com,3096432327,6,840000,ADMIN,2026-07-27 11:30:00
ft_sal_004654,ft_evt_0014,Santiago Céspedes,santiago.cespedes50@gmial.com,573083406119,1,44000,WEB,2026-07-28 20:30:00
ft_sal_004655,ft_evt_0014,Ricardo Peña,ricardopena203@hotmail.com,3246965847,1,47000,WEB,2026-07-28 05:30:00
ft_sal_004656,ft_evt_0014,RICARDO ROJAS,ricardorojas773@hotmail.com,305 606 4387,2,84000,WEB,2026-07-21 08:30:00
ft_sal_004657,ft_evt_0014,Fabián Jiménez,fabian.jimenez@yahoo.com,3240703524,1,99000,WEB,2026-07-22 16:30:00
ft_sal_004658,ft_evt_0014,Andrés Suárez,andressuarez399@gmail.com,3120667084,1,65000,WEB,2026-07-26 08:30:00
ft_sal_004659,ft_evt_0014,Mariana Zapata,marianazapata813@gmail.com,302 342 1401,1,134000,WEB,2026-07-26 00:30:00
ft_sal_004660,ft_evt_0014,Diego Muñoz,diegomunoz298@gmail.com,3084572000,1,41000,WEB,2026-07-19 08:30:00
ft_sal_004661,ft_evt_0014,Natalia Moreno,natalia.moreno733@gmail.com,+57 312 1495181,2,170000,BOX_OFFICE,2026-07-26 08:30:00
ft_sal_004662,ft_evt_0014,Isabella Céspedes,isabellacespedes245@gmail.com,(+57) 325-048-2148,2,84000,WEB,2026-07-17 15:30:00
ft_sal_004663,ft_evt_0014,Gómez Alejandro,alejandrogomez611@gmail.com,,2,122000,BOX_OFFICE,2026-07-31 13:30:00
ft_sal_004664,ft_evt_0014,Arango Nicolás,nicolasarango360@gmail.com,(+57) 324-828-5025,1,99000,WEB,2026-07-25 11:30:00
ft_sal_004665,ft_evt_0014,valentina castro,valentinacastro905@hotmail.com,3139404125,1,62000,WEB,2026-07-22 12:30:00
ft_sal_004666,ft_evt_0014,Laura Cárdenas,lauracardenas339@outlook.com,+57 304 5853967,3,282000,WEB,2026-07-23 16:30:00
ft_sal_004667,ft_evt_0014,J. Cifuentes,juan.cifuentes@gmail.com,3010494436,1,65000,WEB,2026-07-28 18:30:00
ft_sal_004668,ft_evt_0014,Diana González Cárdenas,dianagonzalez348@gmail.com,,1,63000,WEB,2026-07-26 14:30:00
ft_sal_004669,ft_evt_0014,daniela zapata,daniela.zapata842@gmail.com,302 188 1684,1,83000,WEB,2026-07-26 16:30:00
ft_sal_004670,ft_evt_0014,Carolina Rojas,CAROLINA.ROJAS654@GMAIL.COM,3103173009,1,41000,WEB,2026-07-25 05:30:00
ft_sal_004671,ft_evt_0014,Fabian Ortiz,fabianortiz263@gmail.com,(+57) 302-515-4576,1,127000,BOX_OFFICE,2026-07-21 19:30:00
ft_sal_004672,ft_evt_0014,cristian zapata,cristianzapata581@gmail.com,(+57) 305-043-9024,1,58000,WEB,2026-07-28 17:30:00
ft_sal_004673,ft_evt_0014,camila cifuentes,camilacifuentes277@gmail.com,573191323423,3,123000,WEB,2026-07-20 19:30:00
ft_sal_004674,ft_evt_0014,Óscar Ospina,felipe.ospina@gmail.com,573152881787,3,186000,WEB,2026-07-25 09:30:00
ft_sal_004675,ft_evt_0014,Catalina Betancur,catalinabetancur302@icloud.com,301 827 1380,1,45000,ADMIN,2026-07-30 09:30:00
ft_sal_004676,ft_evt_0014,andrés peña,andres.pena@gmail.com,573037142117,1,61000,BOX_OFFICE,2026-07-23 03:30:00
ft_sal_004677,ft_evt_0014,C. Cifuentes,catalinacifuentes537@gmail.com,573086944390,1,88000,WEB,2026-07-24 19:30:00
ft_sal_004678,ft_evt_0014,Ortiz Alejandro,alejandroortiz365@hotmail.com,+57 300 1897080,1,0,WEB,2026-07-26 18:30:00
ft_sal_004679,ft_evt_0014,Nicolás Guerrero Restrepo,nicolas.guerrero441@gmail.com,320 968 2969,1,89000,WEB,2026-08-01 09:30:00
ft_sal_004680,ft_evt_0032,Camilo Rojas,camilo.rojas91@gmail.com,303 897 4096,1,129000,WEB,2026-07-23 08:30:00
ft_sal_004681,ft_evt_0032,Alejandra Betancur,alejandrabetancur776@gmail.com,(+57) 325-425-2914,2,88000,WEB,2026-07-27 18:30:00
ft_sal_004682,ft_evt_0032,CARLOS CÉSPEDES,carloscespedes684@gmail.com,,1,46000,WEB,2026-07-19 13:30:00
ft_sal_004683,ft_evt_0032,M. Castro,miguelcastro453@gmail.com,(+57) 322-307-7333,6,252000,WEB,2026-07-20 00:30:00
ft_sal_004684,ft_evt_0032,Mariana Ramírez,mariana.ramirez@outlook.com,+57 308 5723855,1,43000,BOX_OFFICE,2026-07-19 11:30:00
ft_sal_004685,ft_evt_0032,Óscar Cárdenas,oscar.cardenas87@yahoo.com,,2,178000,WEB,2026-07-30 03:30:00
ft_sal_004686,ft_evt_0032,Restrepo Natalia,natalia.restrepo9@gmail.com,309 700 1611,2,126000,BOX_OFFICE,2026-07-26 14:30:00
ft_sal_004687,ft_evt_0032,Natalia Hernandez,nataliahernandez922@gmail.com,,2,204000,WEB,2026-07-26 05:30:00
ft_sal_004688,ft_evt_0032,Carolina Rodriguez,carolina.rodriguez0@gmail.com,573231358746,1,43000,WEB,2026-07-23 17:30:00
ft_sal_004689,ft_evt_0032,VALENTINA RAMÍREZ,valentinaramirez124@icloud.com,(+57) 314-444-2447,1,45000,WEB,2026-07-27 20:30:00
ft_sal_004690,ft_evt_0032,Carlos Bermúdez,juliana.valencia95@gmail.com,329 595 8195,1,63000,WEB,2026-07-30 18:30:00
ft_sal_004691,ft_evt_0032,Mariana Rojas,marianarojas985@gmail.com,3009997842,1,0,WEB,2026-07-24 18:30:00
ft_sal_004692,ft_evt_0032,Miguel Quintero,mguel.quintero@outlook.com,3234739893,1,45000,WEB,2026-08-01 13:30:00
ft_sal_004693,ft_evt_0032,Diana Mejía,diana.mejia42@gmail.com,319 221 7760,3,192000,ADMIN,2026-08-01 09:30:00
ft_sal_004694,ft_evt_0032,S. Arango,sebastian.arango1+spam@gmail.com,(+57) 301-570-4998,1,100000,WEB,2026-07-26 00:30:00
ft_sal_004695,ft_evt_0032,Julián Suárez Rojas,julian.suarz64@outlook.com,573082659270,2,0,WEB,2026-08-01 17:30:00
ft_sal_004696,ft_evt_0032,Mariana Suárez,mariana.suarez232@gmail.com,+57 319 6037468,1,96000,BOX_OFFICE,2026-07-31 12:30:00
ft_sal_004697,ft_evt_0032,Rodríguez Óscar,oscarrodriguez872@gmail.com,573201946192,2,88000,WEB,2026-07-21 16:30:00
ft_sal_004698,ft_evt_0032,david castro,david.castro92@gmial.com,320 516 1010,1,50000,WEB,2026-07-23 11:30:00
ft_sal_004699,ft_evt_0032,Martínez Felipe,felipe.martinez@gmail.com,+57 306 3634653,1,61000,WEB,2026-07-20 13:30:00
ft_sal_004700,ft_evt_0032,Mateo Salazar,mateo.salazar@gmail.com,(+57) 315-176-6678,2,192000,WEB,2026-07-31 16:30:00
ft_sal_004701,ft_evt_0032,S. Restrepo,sebstian.restrepo46@hotmail.com,3111233280,1,98000,BOX_OFFICE,2026-07-24 14:30:00
ft_sal_004702,ft_evt_0032,Catalina Quintero,catalinaquintero874@gmail.com,,1,150000,BOX_OFFICE,2026-08-01 16:30:00
ft_sal_004703,ft_evt_0032,Mateo Mejía,mateomejia664@gmail.com,573017059187,2,124000,WEB,2026-07-27 09:30:00
ft_sal_004704,ft_evt_0032,Castro Julián,julian.astro475@gmail.com,573058530471,3,177000,WEB,2026-07-29 14:30:00
ft_sal_004705,ft_evt_0032,DANIEL RESTREPO,daniel.restrepo@hotmail.com,573107607666,1,46000,WEB,2026-07-26 13:30:00
ft_sal_004706,ft_evt_0032,Camila González,camilagonzalez741@gmail.com,+57 305 0895722,4,548000,WEB,2026-07-23 00:30:00
ft_sal_004707,ft_evt_0032,Daniela González,daniela.gonzalez@gmail.com,(+57) 309-042-7594,1,48000,ADMIN,2026-07-23 16:30:00
ft_sal_004708,ft_evt_0032,maría zapata,mariazapata862@gmail.com,(+57) 309-503-4281,1,44000,WEB,2026-07-22 05:30:00
ft_sal_004709,ft_evt_0032,David Betancur Valencia,david.betancur5@gmail.com,+57 304 0466301,1,60000,WEB,2026-08-01 01:30:00
ft_sal_004710,ft_evt_0032,Miguel Guerrero,miguel.guerrero56@gmail.com,(+57) 314-436-1476,1,42000,WEB,2026-07-22 04:30:00
ft_sal_004711,ft_evt_0032,Sara Peña,sarapena322@gmail.com,+57 319 8167802,1,43000,WEB,2026-07-24 09:30:00
ft_sal_004712,ft_evt_0032,Mejía Carolina,carolina.mejia@icloud.com,+57 317 7715078,2,90000,BOX_OFFICE,2026-07-26 02:30:00
ft_sal_004713,ft_evt_0032,Luisa Ramírez,luisa.ramirez74@icloud.com,322 988 0306,1,47000,WEB,2026-08-01 15:30:00
ft_sal_004714,ft_evt_0032,felipe quintero,felipe.quintero78@yahoo.com,+57 311 3116549,4,184000,WEB,2026-07-23 17:30:00
ft_sal_004715,ft_evt_0032,Natalia Arango,nataliaarango426@gmail.com,304 834 3312,2,186000,WEB,2026-08-01 01:30:00
ft_sal_004716,ft_evt_0032,Zapata Sebastián,sebastian.zapata98@hotmail.com,305 408 1730,1,61000,WEB,2026-07-20 03:30:00
ft_sal_004717,ft_evt_0032,TATIANA ORTIZ,tatiana.ortiz66@gmail.com,573040924090,2,118000,WEB,2026-07-18 00:30:00
ft_sal_004718,ft_evt_0032,Hernández Julián,julian.hernandez95@gmail.com,+57 304 3650720,3,132000,WEB,2026-07-26 16:30:00
ft_sal_004719,ft_evt_0032,Ximena Jiménez Hernández,ximena.jimenez34@outlook.com,+57 323 7202201,1,41000,WEB,2026-07-23 03:30:00
ft_sal_004720,ft_evt_0032,Esteban Restrepo,estebanrestrepo892@gmail.com,327 716 6317,2,82000,WEB,2026-07-21 18:30:00
ft_sal_004721,ft_evt_0032,Ricardo Castro,ricardo.castro22@gmail.com,3158846102,2,198000,WEB,2026-07-24 12:30:00
ft_sal_004722,ft_evt_0032,Nicolás Valencia,nicolas.valencia1@hotmail.com,3154637928,2,96000,WEB,2026-08-01 12:30:00
ft_sal_004723,ft_evt_0032,daniel quintero,danielquintero488@gmail.com,573041907002,2,114000,BOX_OFFICE,2026-07-27 14:30:00
ft_sal_004724,ft_evt_0032,Esteban González Castro,esteban.gonzalez85@gmail.com,(+57) 307-165-3647,2,92000,WEB,2026-07-22 07:30:00
ft_sal_004725,ft_evt_0032,Cristian Moreno,cristianmoreno957@gmail.com,3067669474,1,49000,WEB,2026-07-30 03:30:00
ft_sal_004726,ft_evt_0032,andrés guerrero,andres.guerrero@gmail.com,+57 319 6080789,1,43000,WEB,2026-07-27 06:30:00
ft_sal_004727,ft_evt_0032,Cristian Castro,cristiancastro432@gmail.com,311 124 0607,4,176000,WEB,2026-07-21 04:30:00
ft_sal_004728,ft_evt_0032,Esteban Martínez,esteban.martinez154@gmail.com,573030198703,2,110000,WEB,2026-07-20 08:30:00
ft_sal_004729,ft_evt_0032,Fabián Zapata,fabianzapata571@gmail.com,3249811112,1,0,ADMIN,2026-07-25 06:30:00
ft_sal_004730,ft_evt_0032,Catalina Gomez,CATALINA.GOMEZ@PROTON.ME,573264516558,3,246000,ADMIN,2026-07-28 12:30:00
ft_sal_004731,ft_evt_0032,Andrés Rodríguez,andres.rodriguez110@gmail.com,3258078613,1,61000,WEB,2026-07-28 07:30:00
ft_sal_004732,ft_evt_0032,Camilo Jiménez,camilo.jmenez@yahoo.com,,1,45000,WEB,2026-07-18 16:30:00
ft_sal_004733,ft_evt_0032,Valentina Muñoz,valentina.munoz@hotmail.com,,1,66000,BOX_OFFICE,2026-07-27 11:30:00
ft_sal_004734,ft_evt_0032,López Diego,diego.lopez55@gmail.com,573014023393,1,46000,WEB,2026-08-01 03:30:00
ft_sal_004735,ft_evt_0032,MIGUEL SALAZAR,miguelsalazar860@yahoo.com,(+57) 320-736-1096,2,198000,WEB,2026-07-27 06:30:00
ft_sal_004736,ft_evt_0032,S. Betancur,sebastian.betancur76@gmail.com,(+57) 329-051-3043,1,95000,WEB,2026-07-20 05:30:00
ft_sal_004737,ft_evt_0032,Alejandra Lopez,alejandralopez523@icloud.com,573120234805,2,0,WEB,2026-07-28 02:30:00
ft_sal_004738,ft_evt_0032,Suárez Óscar,oscar.suarez256@hotmail.com,3222317882,2,86000,WEB,2026-07-20 01:30:00
ft_sal_004739,ft_evt_0032,Mariana Rojas,marianarojas682@gmail.com,573166217178,2,128000,WEB,2026-07-19 04:30:00
ft_sal_004740,ft_evt_0032,VALENTINA SALAZAR,valentinasalazar565@gmail.com,3038367100,1,140000,WEB,2026-07-25 14:30:00
ft_sal_004741,ft_evt_0032,Fabián González,fabian.gonzalez@icloud.com,(+57) 323-970-7263,2,92000,WEB,2026-07-27 12:30:00
ft_sal_004742,ft_evt_0032,Alejandro Betancur,ALEJANDRO.BETANCUR2@GMAIL.COM,(+57) 310-505-8416,1,63000,WEB,2026-07-21 18:30:00
ft_sal_004743,ft_evt_0032,ricardo quintero,ricardo.quintero11@gmial.com,,2,278000,ADMIN,2026-07-26 15:30:00
ft_sal_004744,ft_evt_0032,Camila Salazar,CAMILA.SALAZAR69@HOTMAIL.COM,(+57) 318-615-6544,2,272000,WEB,2026-07-25 07:30:00
ft_sal_004745,ft_evt_0032,Bermúdez Camilo,CAMILO.BERMUDEZ@YAHOO.COM,(+57) 317-169-6282,1,132000,BOX_OFFICE,2026-07-26 09:30:00
ft_sal_004746,ft_evt_0032,J. Restrepo,juan.restrepo744@gmial.com,3232038500,2,194000,WEB,2026-07-24 07:30:00
ft_sal_004747,ft_evt_0032,Céspedes Alejandro,alejandro.cespedes995@gmail.com,+57 312 9108812,2,282000,BOX_OFFICE,2026-07-28 13:30:00
ft_sal_004748,ft_evt_0032,Cristian Muñoz,cristian.munoz35@gmail.com,323 640 4348,1,61000,WEB,2026-08-01 17:30:00
ft_sal_004749,ft_evt_0032,Diego Mejía,diegomejia230@gmail.com,(+57) 329-599-4327,1,46000,WEB,2026-07-22 05:30:00
ft_sal_004750,ft_evt_0032,Esteban Munoz,mariana.jimenez@hotmail.com,573119822679,1,96000,ADMIN,2026-07-21 10:30:00
ft_sal_004751,ft_evt_0032,sara jiménez,sara.jimenez@gmail.com,+57 301 8580675,1,41000,WEB,2026-07-20 09:30:00
ft_sal_004752,ft_evt_0032,Salazar Laura,laura.salazar+compras@gmail.com,573253685186,1,59000,WEB,2026-07-28 10:30:00
ft_sal_004753,ft_evt_0032,Julián Muñoz,julian.munoz164@gmail.com,+57 322 2372637,6,270000,WEB,2026-07-21 13:30:00
ft_sal_004754,ft_evt_0032,M. Peña,mateopena784@gmail.com,573148015846,1,63000,WEB,2026-07-31 02:30:00
ft_sal_004755,ft_evt_0032,mariana rodríguez,marianarodriguez188@outlook.com,+57 317 3490780,2,90000,WEB,2026-07-25 17:30:00
ft_sal_004756,ft_evt_0032,Alejandra Ramírez,alejandra.ramirez@gmail.com,573022222555,1,60000,WEB,2026-07-28 11:30:00
ft_sal_004757,ft_evt_0032,Juliana Gonzalez,julianagonzalez617@proton.me,303 918 3323,1,56000,RRPP,2026-07-29 05:30:00
ft_sal_004758,ft_evt_0032,D. Quintero,david.quintero28@hotmail.com,,2,114000,WEB,2026-07-27 20:30:00
ft_sal_004759,ft_evt_0032,Felipe Munoz,felipemunoz754@hotmail.com,(+57) 319-962-4527,1,0,WEB,2026-07-27 07:30:00
ft_sal_004760,ft_evt_0032,Santiago Muñoz,santiago.munoz+compras@proton.me,3221562048,3,177000,WEB,2026-07-28 02:30:00
ft_sal_004761,ft_evt_0032,Carolina Zapata,carolinazapata172@gmail.com,,1,90000,BOX_OFFICE,2026-07-20 13:30:00
ft_sal_004762,ft_evt_0052,Salazar Alejandra,alejandra.salazar58@gmail.com,573071953799,1,137000,WEB,2026-07-24 05:30:00
ft_sal_004763,ft_evt_0052,TATIANA RODRÍGUEZ,tatiana.rodriguez@yahoo.com,573032650207,1,56000,WEB,2026-07-24 03:30:00
ft_sal_004764,ft_evt_0052,María Ospina,mariaospina142@gmail.com,3263814707,2,0,WEB,2026-07-20 05:30:00
ft_sal_004765,ft_evt_0052,Carlos Salazar,carlossalazar165@gmail.com,,2,88000,WEB,2026-07-19 18:30:00
ft_sal_004766,ft_evt_0052,Diana Zapata,diana.zapata666@gmail.com,3080017451,2,120000,WEB,2026-07-23 15:30:00
ft_sal_004767,ft_evt_0052,Tatiana Bermúdez Ramírez,tatiana.bermudez99@gmail.com,573027708117,2,118000,WEB,2026-07-28 20:30:00
ft_sal_004768,ft_evt_0052,Ospina Ricardo,ricardoospina893@gmail.com,320 220 5918,1,95000,WEB,2026-07-31 15:30:00
ft_sal_004769,ft_evt_0052,santiago gómez,santiago.gomez636@gmail.com,(+57) 309-611-8088,2,114000,WEB,2026-07-22 19:30:00
ft_sal_004770,ft_evt_0052,Juliana Martínez,juliana.martinez79@hotmial.com,,1,100000,WEB,2026-07-20 02:30:00
ft_sal_004771,ft_evt_0052,Cristian Martínez,cristianmartinez326@gmail.com,+57 329 3741371,2,118000,WEB,2026-07-28 16:30:00
ft_sal_004772,ft_evt_0052,Fabian Gomez,fabiangomez661@icloud.com,573295849463,1,46000,WEB,2026-07-25 10:30:00
ft_sal_004773,ft_evt_0052,Carolina Rodríguez,carolina.rodriguez@hotmail.com,3109847383,1,61000,WEB,2026-07-25 20:30:00
ft_sal_004774,ft_evt_0052,David López,davidlopez54@gmail.com,303 458 4059,1,58000,WEB,2026-07-22 21:30:00
ft_sal_004775,ft_evt_0052,Andrés González,andrs.gonzalez19@yahoo.com,(+57) 300-223-9052,2,186000,WEB,2026-07-22 02:30:00
ft_sal_004776,ft_evt_0052,David Quintero Quintero,david.quintero22@hotmial.com,(+57) 326-458-0614,1,86000,WEB,2026-07-28 07:30:00
ft_sal_004777,ft_evt_0052,Ricardo Martínez,catalina.munoz782@hotmail.com,3211941686,1,47000,WEB,2026-07-24 09:30:00
ft_sal_004778,ft_evt_0052,Miguel Quintero,miguel.quintero18@gmail.com,+57 312 5164797,1,61000,WEB,2026-07-24 17:30:00
ft_sal_004779,ft_evt_0052,Valentina Ospina,valentina.ospina25+boletas@gmail.com,+57 317 5548815,3,186000,BOX_OFFICE,2026-07-27 03:30:00
ft_sal_004780,ft_evt_0052,Catalina Mejia,catalina.mejia@gmail.com,(+57) 302-509-6123,1,44000,WEB,2026-07-24 02:30:00
ft_sal_004781,ft_evt_0052,Alejandro Restrepo,alejandro.restrepo861@gmail.com,(+57) 326-975-4486,2,214000,BOX_OFFICE,2026-07-24 10:30:00
ft_sal_004782,ft_evt_0052,Diego Suárez,diegosuarez802@gmail.com,,2,0,WEB,2026-07-18 19:30:00
ft_sal_004783,ft_evt_0052,Cristian Cárdenas Gómez,cristiancardenas447@outlook.com,(+57) 308-278-8769,2,92000,ADMIN,2026-07-22 14:30:00
ft_sal_004784,ft_evt_0052,maría lópez,maria.lopez@yahoo.com,316 736 3455,3,423000,WEB,2026-07-20 18:30:00
ft_sal_004785,ft_evt_0052,Cristian Rojas Rodríguez,cristian.rojas54@hotmail.com,(+57) 323-351-9053,2,0,WEB,2026-07-21 19:30:00
ft_sal_004786,ft_evt_0052,Juliana Mejía Valencia,juliana.ejia@outlook.com,+57 318 7996078,1,45000,RRPP,2026-07-28 21:30:00
ft_sal_004787,ft_evt_0052,Cristian Cespedes,cristiancespedes30@gmail.com,3132990154,2,92000,WEB,2026-07-23 03:30:00
ft_sal_004788,ft_evt_0052,Diego Ramírez,DIEGO.RAMIREZ@PROTON.ME,(+57) 320-621-3266,3,129000,WEB,2026-07-30 10:30:00
ft_sal_004789,ft_evt_0052,Isabella Cifuentes,isabella.cifuentes281@gmail.com,+57 308 4131451,3,126000,WEB,2026-07-24 05:30:00
ft_sal_004790,ft_evt_0052,Mejía Camila,camila.mejia537@gmail.com,(+57) 317-290-3140,3,177000,WEB,2026-07-25 20:30:00
ft_sal_004791,ft_evt_0052,felipe rojas,feliperojas824@yahoo.com,573221631729,1,98000,WEB,2026-07-28 11:30:00
ft_sal_004792,ft_evt_0052,Felipe Bermúdez,felipebermudez498@gmail.com,573116006622,2,0,WEB,2026-07-27 12:30:00
ft_sal_004793,ft_evt_0052,Valentina López,valentinalopez391@hotmail.com,3072134285,2,86000,WEB,2026-07-26 08:30:00
ft_sal_004794,ft_evt_0052,D. Ospina,diegoospina267@hotmail.com,302 750 3076,1,64000,WEB,2026-07-31 15:30:00
ft_sal_004795,ft_evt_0052,Andrés Bermúdez,andresbermudez891@gmail.com,3277526530,1,90000,WEB,2026-07-23 12:30:00
ft_sal_004796,ft_evt_0052,ALEJANDRA QUINTERO,alejandra.quintero16@hotmail.com,303 028 2308,1,64000,WEB,2026-07-28 10:30:00
ft_sal_004797,ft_evt_0052,Luisa Betancur,luisabetancur898@hotmail.com,(+57) 310-285-0065,1,101000,WEB,2026-07-24 21:30:00
ft_sal_004798,ft_evt_0052,catalina bermúdez,catalina.bermudez989@hotmail.com,+57 315 4383509,1,62000,WEB,2026-07-30 11:30:00
ft_sal_004799,ft_evt_0052,Diego Cifuentes Arango,diego.cifuentes805@gmail.com,573063157252,3,183000,WEB,2026-07-24 13:30:00
ft_sal_004800,ft_evt_0052,Sara Ospina,saraospina997@gmail.com,300 353 8756,1,100000,WEB,2026-07-21 11:30:00
ft_sal_004801,ft_evt_0052,López Óscar,oscarlopez636@outlook.com,3091661076,2,92000,WEB,2026-07-17 18:30:00
ft_sal_004802,ft_evt_0052,Diego Martínez Céspedes,diegomartinez986@gmail.com,3124311955,4,384000,ADMIN,2026-07-28 21:30:00
ft_sal_004803,ft_evt_0052,Betancur Cristian,cristian.betancur+spam@gmail.com,3095886082,1,103000,WEB,2026-07-16 14:30:00
ft_sal_004804,ft_evt_0052,sebastián vargas,sebastianvargas945@hotmail.com,573050708125,1,58000,BOX_OFFICE,2026-07-30 11:30:00
ft_sal_004805,ft_evt_0052,Martínez Mateo,mateomartinez390@yahoo.com,(+57) 301-968-8365,2,180000,WEB,2026-07-24 02:30:00
ft_sal_004806,ft_evt_0052,Luisa Peña,daniel.ospina@gmail.com,+57 310 1792304,2,84000,BOX_OFFICE,2026-08-01 05:30:00
ft_sal_004807,ft_evt_0052,Arango Isabella,isabella.arango+compras@yahoo.com,573044199618,2,124000,WEB,2026-07-20 16:30:00
ft_sal_004808,ft_evt_0052,Paula Rodríguez,paula.rodriguez491+spam@gmail.com,3097231741,2,0,WEB,2026-07-21 08:30:00
ft_sal_004809,ft_evt_0052,Sara Rojas,sararojas892@gmail.com,573152799923,1,55000,WEB,2026-07-18 05:30:00
ft_sal_004810,ft_evt_0052,María Ortiz,maria.ortiz88@gmail.com,+57 300 6908076,1,63000,WEB,2026-07-30 18:30:00
ft_sal_004811,ft_evt_0052,camilo cifuentes,camilo.cifuentes+compras@hotmail.com,319 045 5388,2,86000,WEB,2026-07-21 16:30:00
ft_sal_004812,ft_evt_0052,Alejandra Restrepo Rojas,alejandra.restrepo49+spam@outlook.com,3198485452,2,90000,WEB,2026-07-25 02:30:00
ft_sal_004813,ft_evt_0052,Natalia Lopez,natalia.lopez@gmail.com,,2,0,WEB,2026-07-29 10:30:00
ft_sal_004814,ft_evt_0052,andrea cifuentes,andrea.cifuentes120@gmail.com,(+57) 316-638-8075,1,45000,WEB,2026-07-21 13:30:00
ft_sal_004815,ft_evt_0052,David Jiménez,davidjimenez972@outlook.com,,1,43000,WEB,2026-07-31 17:30:00
ft_sal_004816,ft_evt_0052,Betancur María,mateo.jimenez642@gmail.com,3053833691,2,196000,BOX_OFFICE,2026-07-28 02:30:00
ft_sal_004817,ft_evt_0052,J. Restrepo,JULIANA.RESTREPO2@GMAIL.COM,(+57) 311-431-8582,3,255000,WEB,2026-07-18 21:30:00
ft_sal_004818,ft_evt_0052,Tatiana Valencia,tatiana.valencia@gmail.com,+57 326 2279839,1,45000,WEB,2026-07-21 13:30:00
ft_sal_004819,ft_evt_0052,Juan Betancur,juan.betancur64@hotmail.com,+57 323 5353018,1,0,WEB,2026-07-27 07:30:00
ft_sal_004820,ft_evt_0052,Alejandro Céspedes,alejandro.cespedes337@outlook.com,300 298 8977,2,122000,WEB,2026-08-01 02:30:00
ft_sal_004821,ft_evt_0052,Arango Miguel,miguel.arango11@gmail.com,(+57) 318-907-4949,2,94000,WEB,2026-07-24 11:30:00
ft_sal_004822,ft_evt_0052,Miguel Ortiz,miguel.ortiz563@gmail.com,3275416080,2,126000,WEB,2026-07-26 01:30:00
ft_sal_004823,ft_evt_0052,Felipe Salazar,felipesalazar89@outlook.com,,1,46000,BOX_OFFICE,2026-07-27 02:30:00
ft_sal_004824,ft_evt_0052,A. Ospina,alejandraospina250@gmail.com,3143548628,2,116000,RRPP,2026-07-25 13:30:00
ft_sal_004825,ft_evt_0052,Santiago Céspedes,santiago.cespedes50@gmail.com,308 340 6119,2,92000,WEB,2026-07-31 11:30:00
ft_sal_004826,ft_evt_0052,MARÍA HERNÁNDEZ,maria.hernandez85@gmail.com,(+57) 325-285-7274,1,61000,WEB,2026-08-01 18:30:00
ft_sal_004827,ft_evt_0052,A. Quintero,alejandroquintero84@gmail.com,(+57) 312-148-7564,2,122000,WEB,2026-08-01 07:30:00
ft_sal_004828,ft_evt_0052,David Munoz,davidmunoz803@gmail.com,,1,103000,WEB,2026-07-31 15:30:00
ft_sal_004829,ft_evt_0052,Natalia Bermudez,NATALIA.BERMUDEZ65@GMAIL.COM,318 033 7249,1,139000,WEB,2026-07-26 17:30:00
ft_sal_004830,ft_evt_0052,david ortiz,david.ortiz@hotmail.com,320 739 0832,2,114000,WEB,2026-07-21 12:30:00
ft_sal_004831,ft_evt_0052,Paula Ortiz,paula.ortiz@gmail.com,,1,137000,WEB,2026-07-27 04:30:00
ft_sal_004832,ft_evt_0052,Fabian Betancur,fabian.betancur12@hotmail.com,573043778576,2,254000,WEB,2026-07-30 13:30:00
ft_sal_004833,ft_evt_0052,Diana Bermúdez,diana.bermudez115@gmail.com,309 427 7596,2,110000,RRPP,2026-07-26 02:30:00
ft_sal_004834,ft_evt_0052,Daniel Salazar González,daniel.salazar208@gmail.com,+57 328 4818554,2,118000,WEB,2026-07-29 03:30:00
ft_sal_004835,ft_evt_0052,Paula Bermúdez,paula.bermudez@gmail.com,3032784051,1,49000,ADMIN,2026-07-29 01:30:00
ft_sal_004836,ft_evt_0052,Andrea Valencia,esteban.cardenas@gmail.com,573109128168,2,298000,WEB,2026-07-20 03:30:00
ft_sal_004837,ft_evt_0052,Miguel Gómez,miguel.gomez@gmial.com,3100804470,1,49000,ADMIN,2026-07-28 19:30:00
ft_sal_004838,ft_evt_0052,Daniel Valencia,daniel.valencia865@gmail.com,573269675530,2,100000,BOX_OFFICE,2026-07-15 06:30:00
ft_sal_004839,ft_evt_0052,Isabella Cifuentes,isabella.cifuentes880@gmial.com,3065769055,2,134000,WEB,2026-07-28 21:30:00
ft_sal_004840,ft_evt_0052,Camila Ortiz,camila.ortiz@gmail.com,573217158519,2,122000,BOX_OFFICE,2026-07-29 11:30:00
ft_sal_004841,ft_evt_0052,María Suárez,maria.suarez25+spam@gmail.com,573245611655,2,92000,WEB,2026-07-16 04:30:00
ft_sal_004842,ft_evt_0052,Camila Salazar,camila.salazar370@gmail.com,303 499 8529,3,291000,WEB,2026-07-27 08:30:00
ft_sal_004843,ft_evt_0052,Camila Salazar Ramírez,camilasalazar921@hotmail.com,573003405575,3,195000,WEB,2026-07-27 16:30:00
ft_sal_004844,ft_evt_0052,sara suárez,sara.suarez33+boletas@outlook.com,+57 317 3248259,1,89000,WEB,2026-07-27 16:30:00
ft_sal_004845,ft_evt_0052,Sebastian Ospina,sebastianospina341@hotmail.com,+57 320 8237479,4,188000,WEB,2026-07-15 15:30:00
ft_sal_004846,ft_evt_0052,diana zapata,dianazapata77@gmail.com,573119227350,1,92000,WEB,2026-07-28 12:30:00
ft_sal_004847,ft_evt_0052,Andres Jimenez,andres.jimenez514@gmail.com,3205332337,2,0,WEB,2026-07-27 03:30:00
ft_sal_004848,ft_evt_0052,Ricardo Peña,ricardopena905@gmail.com,(+57) 318-274-4951,1,47000,BOX_OFFICE,2026-07-29 06:30:00
ft_sal_004849,ft_evt_0052,A. Cárdenas,alejandracardenas207@proton.me,(+57) 328-921-6292,2,180000,WEB,2026-07-22 16:30:00
ft_sal_004850,ft_evt_0052,J. Vargas,juliana.argas@gmail.com,310 379 7276,1,130000,WEB,2026-07-30 14:30:00
ft_sal_004851,ft_evt_0052,Muñoz Juliana,juliana.munoz@gmail.com,(+57) 328-589-6675,4,232000,BOX_OFFICE,2026-07-28 21:30:00
ft_sal_004852,ft_evt_0052,Alejandro Bermudez,alejandro.bermudez@hotmail.com,323 506 6061,2,176000,WEB,2026-07-21 07:30:00
ft_sal_004853,ft_evt_0052,Diana Zapata,dianazapata395@gmail.com,573249796845,2,90000,WEB,2026-07-24 16:30:00
ft_sal_004854,ft_evt_0052,alejandro moreno,alejandro.moreno213@gmial.com,(+57) 307-113-0865,6,282000,WEB,2026-08-01 02:30:00
ft_sal_004855,ft_evt_0052,Diego Gonzalez,diego.gonzalez@gmail.com,315 936 3409,4,176000,BOX_OFFICE,2026-07-24 03:30:00
ft_sal_004856,ft_evt_0052,Julián Peña Restrepo,julianpena674@gmail.com,,4,180000,ADMIN,2026-07-20 11:30:00
ft_sal_004857,ft_evt_0052,diana bermúdez,diana.bermudez@hotmail.com,+57 329 3173309,2,120000,WEB,2026-08-01 18:30:00
ft_sal_004858,ft_evt_0052,Miguel Munoz,miguel.munoz690+spam@gmail.com,+57 306 7038548,3,144000,WEB,2026-07-31 13:30:00
ft_sal_004859,ft_evt_0052,Valentina Gomez,valentina.gomez77@gmail.com,573157812532,2,92000,RRPP,2026-07-21 12:30:00
ft_sal_004860,ft_evt_0052,Catalina Zapata,CATALINA.ZAPATA63@GMAIL.COM,573017897876,1,91000,WEB,2026-07-30 13:30:00
ft_sal_004861,ft_evt_0052,Hernández Carolina,carolina.hernandez@hotmail.com,3290879680,3,270000,BOX_OFFICE,2026-07-26 08:30:00
ft_sal_004862,ft_evt_0052,Mariana Muñoz,mariana.munoz191@gmail.com,573028325156,4,248000,WEB,2026-07-22 14:30:00
ft_sal_004863,ft_evt_0052,Isabella Rodríguez Rodríguez,isabellarodriguez241@outlook.com,(+57) 311-648-4190,1,61000,ADMIN,2026-07-28 09:30:00
ft_sal_004864,ft_evt_0052,Paula Jiménez,paulajimenez446@hotmail.com,(+57) 314-131-5937,2,92000,ADMIN,2026-07-18 15:30:00
ft_sal_004865,ft_evt_0052,Peña Manuela,manuela.pena21+boletas@gmail.com,3122240857,1,0,WEB,2026-08-01 10:30:00
ft_sal_004866,ft_evt_0052,C. Bermúdez,camila.bermudez39+boletas@gmail.com,+57 328 0657351,1,43000,WEB,2026-08-01 04:30:00
ft_sal_004867,ft_evt_0052,Manuela Rodríguez,manuelarodriguez30@hotmail.com,573256358017,2,86000,BOX_OFFICE,2026-07-20 06:30:00
ft_sal_004868,ft_evt_0052,Juan González,juan.gonzalez@hotmail.com,573288502589,1,89000,WEB,2026-07-28 21:30:00
ft_sal_004869,ft_evt_0052,A. Hernández,alejandrahernandez600@gmail.com,(+57) 302-853-6310,3,276000,WEB,2026-07-27 02:30:00
ft_sal_004870,ft_evt_0052,julián ospina,julian.ospina931+boletas@gmail.com,,2,274000,BOX_OFFICE,2026-07-28 01:30:00
ft_sal_004871,ft_evt_0052,Natalia Restrepo,natalia.restrepo9@gmial.com,(+57) 309-700-1611,1,41000,RRPP,2026-07-29 21:30:00
ft_sal_004872,ft_evt_0052,Daniel Céspedes,daniel.cespedes687@hotmail.com,,1,96000,WEB,2026-08-01 07:30:00
ft_sal_004873,ft_evt_0052,María Ospina,maria.ospina@gmail.com,303 032 6082,4,228000,WEB,2026-07-21 04:30:00
ft_sal_004874,ft_evt_0052,Tatiana López Muñoz,tatiana.lopez29@icloud.com,321 790 5972,1,41000,WEB,2026-07-30 13:30:00
ft_sal_004875,ft_evt_0052,Andrés Ospina,andresospina861@gmail.com,,1,128000,BOX_OFFICE,2026-07-29 06:30:00
ft_sal_004876,ft_evt_0052,Esteban Ramírez,estebanramirez542@hotmail.com,329 210 6979,1,141000,WEB,2026-08-01 18:30:00
ft_sal_004877,ft_evt_0052,felipe gonzález,felipe.gonzalez@hotmail.com,(+57) 323-475-0290,1,41000,WEB,2026-07-31 05:30:00
ft_sal_004878,ft_evt_0052,Felipe González,felip.gonzalez@gmail.com,(+57) 310-188-0060,3,135000,WEB,2026-07-31 09:30:00
ft_sal_004879,ft_evt_0052,Andrés Cifuentes,andres.cifuents@gmail.com,312 883 8553,1,47000,BOX_OFFICE,2026-07-21 21:30:00
ft_sal_004880,ft_evt_0052,Carolina Ospina,carolina.ospina343@gmail.com,+57 301 1815315,2,192000,BOX_OFFICE,2026-07-21 02:30:00
ft_sal_004881,ft_evt_0052,María Valencia,maria.valencia26+compras@gmail.com,+57 302 8708032,1,62000,WEB,2026-07-30 20:30:00
ft_sal_004882,ft_evt_0052,andrea guerrero,david.vargas22@gmail.com,(+57) 308-986-7138,1,61000,WEB,2026-07-30 01:30:00
ft_sal_004883,ft_evt_0052,Ricardo Valencia Cárdenas,ricardo.valencia@gmial.com,3037022146,1,94000,WEB,2026-07-26 13:30:00
ft_sal_004884,ft_evt_0052,david arango,david.arango@hotmail.com,307 043 9157,3,135000,WEB,2026-07-21 15:30:00
ft_sal_004885,ft_evt_0052,MANUELA OSPINA,manuela.ospina@gmail.com,3072827888,2,84000,ADMIN,2026-08-01 06:30:00
ft_sal_004886,ft_evt_0052,Julián Valencia,julianvalencia524@gmail.com,3046161072,1,148000,WEB,2026-07-18 04:30:00
ft_sal_004887,ft_evt_0052,Moreno Ximena,ximena.moreno41@gmail.com,,2,180000,WEB,2026-07-25 19:30:00
ft_sal_004888,ft_evt_0052,Luisa Arango,luisa.arango@hotmail.com,3170003006,2,198000,WEB,2026-07-30 06:30:00
ft_sal_004889,ft_evt_0052,Andrea Arango,andrea.arango+compras@gmail.com,(+57) 324-437-4482,2,82000,WEB,2026-07-24 03:30:00
ft_sal_004890,ft_evt_0052,JUAN CÉSPEDES,juan.cespedes22@gmail.com,+57 316 9374650,6,300000,WEB,2026-08-01 02:30:00
ft_sal_004891,ft_evt_0052,miguel muñoz,miguel.munoz765@gmail.com,3100762285,3,138000,ADMIN,2026-07-21 19:30:00
ft_sal_004892,ft_evt_0052,Julián Peña,julian.pena+eventos@outlook.com,329 760 0652,1,61000,WEB,2026-07-22 12:30:00
ft_sal_004893,ft_evt_0052,María Moreno,mariamoreno136@gmail.com,307 157 0146,2,176000,WEB,2026-07-24 01:30:00
ft_sal_004894,ft_evt_0052,ricardo restrepo,ricardo.restrepo@hotmail.com,(+57) 321-290-0353,3,135000,WEB,2026-07-22 06:30:00
ft_sal_004895,ft_evt_0052,Andres Martinez,andres.martinez204@gmail.com,573274985028,1,47000,WEB,2026-07-28 15:30:00
ft_sal_004896,ft_evt_0052,Tatiana Quintero,tatiana.quintero@outlook.com,(+57) 322-883-0471,4,232000,WEB,2026-08-01 05:30:00
ft_sal_004897,ft_evt_0052,Tatiana López,tatiana.lopez29@icloud.com,+57 321 7905972,6,366000,WEB,2026-07-28 20:30:00
ft_sal_004898,ft_evt_0052,Andrea Cárdenas Cifuentes,andrea.cardenas@gmail.com,3201597159,1,0,WEB,2026-07-25 10:30:00
ft_sal_004899,ft_evt_0052,Alejandra Ospina,alejandra.ospina225+compras@gmail.com,+57 304 6878968,1,131000,WEB,2026-07-19 19:30:00
ft_sal_004900,ft_evt_0052,Carolina Salazar,carolina.salazar@gmail.com,+57 301 4960147,1,45000,WEB,2026-07-26 13:30:00
ft_sal_004901,ft_evt_0052,felipe cárdenas,felipe.cardenas88@gmail.com,(+57) 329-103-9713,1,91000,WEB,2026-07-21 03:30:00
ft_sal_004902,ft_evt_0052,LUISA JIMÉNEZ,luisajimenez217@gmail.com,,1,59000,RRPP,2026-07-23 11:30:00
ft_sal_004903,ft_evt_0052,Sebastián Salazar,sebastian.salazar31@yahoo.com,3231128451,1,97000,WEB,2026-07-22 07:30:00
ft_sal_004904,ft_evt_0052,López Camila,camilalopez375@hotmail.com,3064017606,1,46000,WEB,2026-07-22 11:30:00
ft_sal_004905,ft_evt_0052,tatiana betancur,tatianabetancur429@proton.me,(+57) 320-170-8806,3,315000,WEB,2026-07-30 09:30:00
ft_sal_004906,ft_evt_0052,Diego Rojas,diego.rojas16@hotmial.com,(+57) 308-194-0329,1,49000,WEB,2026-07-23 05:30:00
ft_sal_004907,ft_evt_0052,Alejandro Hernández,alejandrohernandez54@gmail.com,+57 327 7806624,2,128000,WEB,2026-07-24 04:30:00
ft_sal_004908,ft_evt_0052,Castro Juliana,julianacastro534@hotmail.com,573169493818,1,0,BOX_OFFICE,2026-07-21 08:30:00
ft_sal_004909,ft_evt_0052,Fabián González,camila.bermudez@gmail.com,(+57) 303-235-4343,2,198000,BOX_OFFICE,2026-07-21 19:30:00
ft_sal_004910,ft_evt_0052,Muñoz Esteban,esteban.munz@gmail.com,3119822679,1,97000,BOX_OFFICE,2026-07-29 16:30:00
ft_sal_004911,ft_evt_0052,Ricardo Martínez,ricardo.martinez@gmial.com,,2,280000,WEB,2026-07-29 18:30:00
ft_sal_004912,ft_evt_0052,Daniela Restrepo,daniela.restrepo3@outlook.com,3117897087,2,86000,WEB,2026-07-30 16:30:00
ft_sal_004913,ft_evt_0052,Mejía Catalina,catalina.mejia831@gmail.com,(+57) 322-500-8207,1,100000,WEB,2026-07-23 01:30:00
ft_sal_004914,ft_evt_0052,S. Rodríguez,sara.rodriguez@outlook.com,3069890449,2,192000,WEB,2026-07-26 19:30:00
ft_sal_004915,ft_evt_0052,J. Céspedes,juan.cespedes22@icloud.com,(+57) 316-937-4650,1,47000,WEB,2026-07-31 02:30:00
ft_sal_004916,ft_evt_0052,Carolina Quintero,CAROLINA.QUINTERO538@GMAIL.COM,3262822387,4,0,BOX_OFFICE,2026-07-28 20:30:00
ft_sal_004917,ft_evt_0052,Ricardo Gomez,ricardogomez120@gmail.com,,2,88000,BOX_OFFICE,2026-07-27 13:30:00
ft_sal_004918,ft_evt_0052,Santiago Cifuentes,santiago.cifuentes@hotmail.com,322 634 2558,1,137000,WEB,2026-07-25 21:30:00
ft_sal_004919,ft_evt_0052,Isabella Arango,isabellaarango949@gmail.com,(+57) 317-987-8078,1,139000,WEB,2026-07-27 15:30:00
ft_sal_004920,ft_evt_0052,Martínez Esteban,esteban.martinez@yahoo.com,312 111 4093,1,130000,WEB,2026-07-26 21:30:00
ft_sal_004921,ft_evt_0052,Esteban Jiménez Bermúdez,esteban.jimenez139@hotmail.com,3016940644,2,82000,WEB,2026-07-30 21:30:00
ft_sal_004922,ft_evt_0052,Cristian Arango,cristianarango723@outlook.com,318 151 8736,2,114000,WEB,2026-07-22 18:30:00
ft_sal_004923,ft_evt_0052,Mariana Guerrero Arango,mariana.guerrero37@gmail.com,(+57) 303-088-4812,1,49000,WEB,2026-07-28 08:30:00
ft_sal_004924,ft_evt_0052,santiago ospina,santiagoospina629@outlook.com,3039461651,2,292000,WEB,2026-07-31 08:30:00
ft_sal_004925,ft_evt_0052,Paula Valencia,paula.valencia76@hotmail.com,,2,82000,WEB,2026-07-23 12:30:00
ft_sal_004926,ft_evt_0052,Jiménez Daniela,daniela.jimenez@outlook.com,316 342 6552,1,66000,WEB,2026-07-28 21:30:00
ft_sal_004927,ft_evt_0052,cristian martínez,cristian.martinez61@hotmail.com,+57 318 7692462,2,284000,WEB,2026-07-20 15:30:00
ft_sal_004928,ft_evt_0052,Esteban Hernández,estebanhernandez949@gmail.com,573102781012,1,59000,WEB,2026-07-24 03:30:00
ft_sal_004929,ft_evt_0052,Óscar Arango,oscar.arango@icloud.com,,4,240000,WEB,2026-07-23 16:30:00
ft_sal_004930,ft_evt_0052,Diego López,DIEGO.LOPEZ@HOTMAIL.COM,3234604966,3,144000,WEB,2026-07-20 09:30:00
ft_sal_004931,ft_evt_0052,MANUELA GONZÁLEZ,manuela.gonzalez60@gmail.com,573041173273,2,122000,WEB,2026-07-27 16:30:00
ft_sal_004932,ft_evt_0052,Daniel Bermúdez,daniel.bermudez188@gmail.com,328 218 7611,1,0,BOX_OFFICE,2026-07-29 16:30:00
ft_sal_004933,ft_evt_0052,Juliana Betancur,juliana.betancur@outlook.com,+57 322 8750322,1,60000,WEB,2026-07-30 17:30:00
ft_sal_004934,ft_evt_0052,Andrés Bermúdez,andresbermudez173@gmail.com,+57 310 4148665,1,46000,BOX_OFFICE,2026-07-26 12:30:00
ft_sal_004935,ft_evt_0052,Cristian Guerrero,cristian.guerrero+compras@outlook.com,(+57) 328-872-0265,1,60000,BOX_OFFICE,2026-07-27 02:30:00
ft_sal_004936,ft_evt_0052,fabián valencia,fabian.valencia@gmail.com,(+57) 313-574-9184,2,98000,WEB,2026-07-23 19:30:00
ft_sal_004937,ft_evt_0052,Laura Guerrero,laura.guerrero@icloud.com,+57 301 0975612,1,93000,WEB,2026-07-20 19:30:00
ft_sal_004938,ft_evt_0052,Natalia Vargas,nataliavargas407@gmail.com,,2,300000,WEB,2026-07-24 02:30:00
ft_sal_004939,ft_evt_0052,Esteban Bermúdez,esteban.bermudez155@gmail.com,324 629 5822,2,88000,ADMIN,2026-08-01 07:30:00
ft_sal_004940,ft_evt_0052,Diego Cifuentes,diego.cifuentes49@gmail.com,+57 315 9058461,1,42000,WEB,2026-08-01 13:30:00
ft_sal_004941,ft_evt_0052,Ricardo Mejía,ricardo.mejia+compras@gmail.com,(+57) 304-419-9618,1,58000,WEB,2026-07-27 04:30:00
ft_sal_004942,ft_evt_0052,Manuela Guerrero,manuelaguerrero117@outlook.com,324 319 2764,2,300000,WEB,2026-07-25 05:30:00
ft_sal_004943,ft_evt_0052,Daniela Vargas,daniela.vargas41@gmail.com,312 470 4632,2,198000,WEB,2026-07-27 05:30:00
ft_sal_004944,ft_evt_0052,Sebastián Cárdenas,sebastian.cardenas813@gmail.com,573049498227,4,368000,WEB,2026-07-27 11:30:00
ft_sal_004945,ft_evt_0052,Ricardo Castro,ricardo.castro@proton.me,(+57) 308-083-1991,1,60000,WEB,2026-07-22 19:30:00
ft_sal_004946,ft_evt_0052,Maria Munoz,mariamunoz447@gmail.com,,2,86000,BOX_OFFICE,2026-07-27 20:30:00
ft_sal_004947,ft_evt_0052,Paula Muñoz,paula.munoz44@outlook.com,573038262570,2,112000,WEB,2026-07-31 13:30:00
ft_sal_004948,ft_evt_0052,Peña Isabella,isabellapena225@gmail.com,+57 318 3977575,1,47000,ADMIN,2026-07-27 06:30:00
ft_sal_004949,ft_evt_0052,Sara Martínez,saramartinez28@hotmail.com,573002828212,2,118000,ADMIN,2026-08-01 06:30:00
ft_sal_004950,ft_evt_0052,Natalia Rodríguez,nataliarodriguez432@hotmail.com,+57 319 9784432,2,114000,WEB,2026-07-25 01:30:00
ft_sal_004951,ft_evt_0052,David Valencia,david.valenca@icloud.com,,2,192000,WEB,2026-07-30 14:30:00
ft_sal_004952,ft_evt_0052,Catalina Martínez,catalina.martinez@outlook.com,305 647 0584,1,148000,WEB,2026-07-22 11:30:00
ft_sal_004953,ft_evt_0052,Fabián Suárez,fabiansuarez119@outlook.com,+57 326 8707609,1,60000,WEB,2026-07-31 04:30:00
ft_sal_004954,ft_evt_0052,Juliana Gomez,julianagomez627@gmail.com,3161438151,1,59000,WEB,2026-07-25 09:30:00
ft_sal_004955,ft_evt_0052,catalina gonzález,catalina.gonzalez35@hotmail.com,+57 325 1074010,2,82000,WEB,2026-07-27 12:30:00
ft_sal_004956,ft_evt_0052,Sara Martínez,saramartinez785@hotmail.com,321 604 8970,2,120000,ADMIN,2026-07-28 15:30:00
ft_sal_004957,ft_evt_0052,Sara Ospina,sara.spina@hotmail.com,573290147584,1,148000,WEB,2026-07-20 13:30:00
ft_sal_004958,ft_evt_0052,Manuela Céspedes,manuela.cespedes+eventos@gmail.com,304 175 6693,1,53000,WEB,2026-08-01 14:30:00
ft_sal_004959,ft_evt_0052,Camilo Salazar,camilosalazar354@gmail.com,,4,580000,WEB,2026-07-27 12:30:00
ft_sal_004960,ft_evt_0052,NATALIA LÓPEZ,natala.lopez20@gmail.com,301 192 5936,2,118000,WEB,2026-07-30 06:30:00
ft_sal_004961,ft_evt_0052,Felipe Salazar,valentina.arango40@gmail.com,573202453599,1,0,WEB,2026-07-20 10:30:00
ft_sal_004962,ft_evt_0052,Cristian Castro,cristiancastro136@gmail.com,573125046957,1,97000,ADMIN,2026-07-18 06:30:00
ft_sal_004963,ft_evt_0052,Ospina Natalia,ricardo.arango93@icloud.com,3079713476,1,50000,WEB,2026-07-20 07:30:00
ft_sal_004964,ft_evt_0052,Valentina Céspedes,valentinacespedes85@gmail.com,313 784 8029,2,0,WEB,2026-07-25 06:30:00
ft_sal_004965,ft_evt_0052,sebastián céspedes,sebastiancespedes462@gmail.com,326 346 0271,1,129000,WEB,2026-07-22 15:30:00
ft_sal_004966,ft_evt_0052,C. Jiménez,carolina.jimenez651+boletas@gmail.com,573274938496,1,93000,WEB,2026-07-23 04:30:00
ft_sal_004967,ft_evt_0052,Mariana Céspedes,mariana.cespedes300@gmial.com,573201341504,1,44000,WEB,2026-07-27 08:30:00
ft_sal_004968,ft_evt_0052,López Valentina,valentina.lopez@gmial.com,,2,98000,WEB,2026-07-31 04:30:00
ft_sal_004969,ft_evt_0052,Juliana Arango,juliana.arango278@gmail.com,+57 318 0438644,4,380000,WEB,2026-07-23 12:30:00
ft_sal_004970,ft_evt_0052,Valentina López,valentina.lopez693+eventos@gmail.com,+57 321 1659053,3,171000,WEB,2026-07-28 16:30:00
ft_sal_004971,ft_evt_0052,Catalina Vargas,catalinavargas699@outlook.com,,1,135000,WEB,2026-07-28 19:30:00
ft_sal_004972,ft_evt_0052,DANIELA VARGAS,daniela.vargas@hotmail.com,(+57) 300-498-0638,1,95000,WEB,2026-07-31 03:30:00
ft_sal_004973,ft_evt_0052,Miguel Arango,miguel.arango11+eventos@gmail.com,3189079449,6,534000,WEB,2026-07-30 13:30:00
ft_sal_004974,ft_evt_0052,Luisa Martínez,luisa.martinez47@gmail.com,+57 310 3458520,4,372000,BOX_OFFICE,2026-07-30 09:30:00
ft_sal_004975,ft_evt_0052,Natalia Quintero,natala.quintero50@gmail.com,(+57) 302-481-3465,2,198000,WEB,2026-07-15 05:30:00
ft_sal_004976,ft_evt_0052,Isabella Quintero,isabellaquintero638@gmail.com,+57 315 6525763,1,55000,BOX_OFFICE,2026-07-21 08:30:00
ft_sal_004977,ft_evt_0052,Mariana Rodríguez,marianarodriguez839@gmail.com,(+57) 318-399-1622,4,368000,WEB,2026-07-27 11:30:00
ft_sal_004978,ft_evt_0052,Juliana Rodriguez,juliana.rodriguez92+boletas@gmail.com,326 004 6363,1,45000,BOX_OFFICE,2026-07-24 01:30:00
ft_sal_004979,ft_evt_0052,Restrepo Paula,paularestrepo117@hotmail.com,573165338049,1,93000,WEB,2026-07-23 18:30:00
ft_sal_004980,ft_evt_0052,Julián Betancur,julianbetancur78@yahoo.com,573036260026,4,172000,WEB,2026-07-26 16:30:00
ft_sal_004981,ft_evt_0052,MATEO ORTIZ,mateo.ortiz@gmial.com,315 083 7758,1,62000,WEB,2026-07-23 06:30:00
ft_sal_004982,ft_evt_0052,Óscar López,oscar.lopez23@gmail.com,317 217 9021,2,88000,WEB,2026-07-30 11:30:00
ft_sal_004983,ft_evt_0052,Andres Betancur,andresbetancur915@outlook.com,,4,188000,ADMIN,2026-07-30 03:30:00
ft_sal_004984,ft_evt_0052,ÓSCAR VARGAS,oscar.vargas646@gmail.com,573071103559,1,95000,WEB,2026-08-01 13:30:00
ft_sal_004985,ft_evt_0052,Valentina Betancur,valentina.betancur46@hotmail.com,573141800687,2,86000,BOX_OFFICE,2026-07-15 14:30:00
ft_sal_004986,ft_evt_0052,Alejandra Arango,alejandra.arango245@gmail.com,+57 304 7273755,4,372000,WEB,2026-08-01 05:30:00
ft_sal_004987,ft_evt_0052,Fabian Gonzalez,fabian.gonzalez24@hotmail.com,573142157349,4,552000,WEB,2026-07-18 07:30:00
ft_sal_004988,ft_evt_0052,Isabella Betancur,isabellabetancur9@hotmail.com,304 647 2844,2,284000,WEB,2026-07-30 06:30:00
ft_sal_004989,ft_evt_0052,Juan Valencia,juan.valencia18@gmail.com,305 592 0798,2,0,WEB,2026-07-29 07:30:00
ft_sal_004990,ft_evt_0052,Miguel Cespedes,miguelcespedes659@gmail.com,301 272 3878,1,47000,WEB,2026-07-21 03:30:00
ft_sal_004991,ft_evt_0052,Natalia Cifuentes,natalia.cifuentes88+compras@gmail.com,(+57) 310-735-9764,1,39000,WEB,2026-07-27 03:30:00
ft_sal_004992,ft_evt_0052,Diana Zapata,diana.zapata@outlook.com,3040408668,1,45000,WEB,2026-07-23 05:30:00
ft_sal_004993,ft_evt_0052,Sara Quintero,saraquintero340@outlook.com,573253574996,3,183000,WEB,2026-07-25 10:30:00
ft_sal_004994,ft_evt_0052,Tatiana Ospina,tatiana.ospina@gmial.com,3170503415,6,0,WEB,2026-08-01 10:30:00
ft_sal_004995,ft_evt_0052,Camilo Salazar,CAMILO.SALAZAR@GMAIL.COM,573104952667,1,87000,WEB,2026-07-20 21:30:00
ft_sal_004996,ft_evt_0052,Juan Rodríguez,juan.rodriguez@yahoo.com,,2,82000,WEB,2026-07-29 11:30:00
ft_sal_004997,ft_evt_0052,Natalia Martínez,nataliamartinez367@outlook.com,3053544812,1,47000,WEB,2026-07-24 09:30:00
ft_sal_004998,ft_evt_0052,Diego Peña,diego.pena566@gmail.com,(+57) 317-593-9913,1,142000,WEB,2026-07-28 11:30:00
ft_sal_004999,ft_evt_0052,Andres Ospina,andresospina573@hotmail.com,573112627881,2,92000,BOX_OFFICE,2026-07-26 08:30:00
ft_sal_005000,ft_evt_0052,Daniela González,daniela.gonzalez639+spam@gmail.com,+57 326 2366320,1,137000,WEB,2026-07-31 20:30:00
ft_sal_005001,ft_evt_0052,C. Jiménez,cristian.jimenez50+eventos@outlook.com,573071175259,1,94000,ADMIN,2026-07-26 08:30:00
ft_sal_005002,ft_evt_0052,FABIÁN RODRÍGUEZ,fabianrodriguez673@gmail.com,321 821 0330,1,138000,WEB,2026-07-27 01:30:00
ft_sal_005003,ft_evt_0052,Esteban Ortiz,esteban.ortiz@gmial.com,573143840589,1,46000,WEB,2026-07-31 14:30:00
ft_sal_005004,ft_evt_0052,Bermúdez Juan,oscar.restrepo@yahoo.com,(+57) 320-877-7010,2,182000,WEB,2026-07-15 07:30:00
ft_sal_005005,ft_evt_0052,paula ortiz,paulaortiz662@hotmail.com,308 352 1211,1,93000,WEB,2026-07-27 12:30:00
ft_sal_005006,ft_evt_0052,Isabella Peña,isabella.pena44@gmail.com,573247985616,2,118000,WEB,2026-07-25 11:30:00
ft_sal_005007,ft_evt_0052,miguel mejía,miguel.mejia29@hotmail.com,3020954514,1,43000,WEB,2026-07-26 15:30:00
ft_sal_005008,ft_evt_0052,Oscar Vargas,natalia.valencia@yahoo.com,+57 326 2089022,2,284000,WEB,2026-07-28 10:30:00
ft_sal_005009,ft_evt_0052,M. Betancur,mateo.betancur24@hotmail.com,+57 327 2148958,4,172000,WEB,2026-08-01 10:30:00
ft_sal_005010,ft_evt_0052,Diana Mejía,diana.mejia42@gmail.com,(+57) 319-221-7760,2,186000,BOX_OFFICE,2026-07-22 13:30:00
ft_sal_005011,ft_evt_0052,F. Rodríguez,felipe.rodriguez99@hotmail.com,573013987712,1,68000,WEB,2026-07-20 11:30:00
ft_sal_005012,ft_evt_0052,T. Vargas,tatiana.vargas@gmail.com,317 648 0337,1,147000,WEB,2026-07-31 06:30:00
ft_sal_005013,ft_evt_0052,ximena ramírez,ximena.ramirez@gmail.com,315 256 9327,2,90000,WEB,2026-07-29 21:30:00
ft_sal_005014,ft_evt_0052,Diego López,diego.lopez@gmail.com,,1,41000,WEB,2026-07-30 12:30:00
ft_sal_005015,ft_evt_0052,Camila Guerrero,camila.guerrero40+spam@gmail.com,573136461647,2,118000,WEB,2026-07-24 21:30:00
ft_sal_005016,ft_evt_0052,mateo hernández,mateo.hernandez28@hotmail.com,(+57) 326-371-1780,2,94000,WEB,2026-07-24 10:30:00
ft_sal_005017,ft_evt_0052,A. Guerrero,andres.guerrero920@gmial.com,(+57) 317-752-9553,2,268000,RRPP,2026-08-01 13:30:00
ft_sal_005018,ft_evt_0052,Alejandro Jiménez,alejandrojimenez363@gmail.com,+57 303 7606161,1,48000,WEB,2026-07-31 07:30:00
ft_sal_005019,ft_evt_0052,carlos rojas,CARLOS.ROJAS98@GMAIL.COM,573129371282,1,54000,WEB,2026-07-29 09:30:00
ft_sal_005020,ft_evt_0052,Mateo Martínez,mateo.martinez275@gmail.com,+57 306 0689059,2,90000,BOX_OFFICE,2026-07-26 11:30:00
ft_sal_005021,ft_evt_0052,Cristian Zapata,cristian.zapata@gmail.com,573144214450,1,65000,WEB,2026-07-31 15:30:00
ft_sal_005022,ft_evt_0052,Óscar Martínez Céspedes,oscar.martinez@gmial.com,+57 326 8356171,1,56000,WEB,2026-07-28 13:30:00
ft_sal_005023,ft_evt_0052,Carlos Quintero,carlos.quintero@gmail.com,3140554434,2,84000,WEB,2026-07-20 10:30:00
ft_sal_005024,ft_evt_0052,Juliana Rojas,julianarojas784@outlook.com,(+57) 318-295-3080,3,138000,BOX_OFFICE,2026-07-22 12:30:00
ft_sal_005025,ft_evt_0052,X. Martínez,XIMENA.MARTINEZ30@OUTLOOK.COM,+57 306 8233101,2,108000,WEB,2026-07-20 21:30:00
ft_sal_005026,ft_evt_0052,Esteban Castro,estebancastro339@gmail.com,318 953 2914,2,94000,WEB,2026-07-23 01:30:00
ft_sal_005027,ft_evt_0052,Diego Jiménez,diegojimenez41@gmail.com,573101495436,2,282000,WEB,2026-07-30 01:30:00
ft_sal_005028,ft_evt_0052,Catalina Cifuentes,catalina.cifuentes610+compras@gmail.com,+57 325 4931790,2,110000,WEB,2026-07-31 15:30:00
ft_sal_005029,ft_evt_0052,Alejandro Peña,alejandro.pena213@hotmail.com,3142731978,3,171000,ADMIN,2026-07-25 09:30:00
ft_sal_005030,ft_evt_0052,diana bermúdez,diana.bermudez115+eventos@gmail.com,3094277596,2,0,WEB,2026-07-21 21:30:00
ft_sal_005031,ft_evt_0052,Gómez Camila,camila.gomez79@gmial.com,+57 324 9093735,1,46000,WEB,2026-07-28 21:30:00
ft_sal_005032,ft_evt_0052,mateo salazar,mateo.salazar@gmail.com,+57 315 1766678,1,46000,WEB,2026-07-17 09:30:00
ft_sal_005033,ft_evt_0052,Diana Suarez,diana.suarez@gmail.com,573156958211,3,138000,WEB,2026-07-15 21:30:00
ft_sal_005034,ft_evt_0052,Mariana Cárdenas Valencia,mariana.cardenas82@gmail.com,+57 302 7826320,1,47000,WEB,2026-07-26 07:30:00
ft_sal_005035,ft_evt_0052,Carlos Ortiz,carlos.ortiz9@gmail.com,3265011444,1,60000,BOX_OFFICE,2026-07-30 13:30:00
ft_sal_005036,ft_evt_0052,alejandra hernández,alejandra.hernandez8@gmial.com,(+57) 308-966-1268,1,43000,WEB,2026-08-01 18:30:00
ft_sal_005037,ft_evt_0052,Miguel Moreno,miguelmoreno238@hotmail.com,,2,128000,WEB,2026-07-27 01:30:00
ft_sal_005038,ft_evt_0052,González Carolina,carolina.gonzalez49@gmail.com,+57 324 8678387,2,204000,WEB,2026-07-25 01:30:00
ft_sal_005039,ft_evt_0052,Paula Quintero,paula.quintero233@gmail.com,+57 302 0574971,2,118000,WEB,2026-07-24 20:30:00
ft_sal_005040,ft_evt_0052,Vargas Miguel,miguel.vargas@hotmail.com,,4,196000,WEB,2026-07-17 07:30:00
ft_sal_005041,ft_evt_0052,paula suárez,paulasuarez300@gmail.com,(+57) 308-731-3785,1,56000,RRPP,2026-07-27 02:30:00
ft_sal_005042,ft_evt_0052,Felipe Betancur,felipe.betancur63@gmail.com,+57 312 2635358,2,180000,BOX_OFFICE,2026-07-26 09:30:00
ft_sal_005043,ft_evt_0052,Mejía Laura,laura.mejia800@gmail.com,573282815397,1,0,WEB,2026-07-30 16:30:00
ft_sal_005044,ft_evt_0052,Ortiz Catalina,catalina.ortiz477@outlook.com,,1,45000,WEB,2026-07-31 06:30:00
ft_sal_005045,ft_evt_0052,Daniela Betancur Guerrero,danielabetancur852@gmail.com,303 103 5638,3,396000,BOX_OFFICE,2026-07-28 08:30:00
ft_sal_005046,ft_evt_0052,Martínez Mateo,mateo.martinez275@gmail.com,306 068 9059,4,352000,WEB,2026-07-24 18:30:00
ft_sal_005047,ft_evt_0052,D. Mejía,daniel.mejia+spam@gmail.com,,2,86000,WEB,2026-07-15 11:30:00
ft_sal_005048,ft_evt_0052,MARIANA RAMÍREZ,mariana.ramirez35@outlook.com,+57 326 4721168,3,129000,BOX_OFFICE,2026-07-24 01:30:00
ft_sal_005049,ft_evt_0052,Julián Peña,julian.pena18@gmail.com,+57 301 5428832,2,122000,ADMIN,2026-07-27 05:30:00
ft_sal_005050,ft_evt_0052,Cristian Ramírez,cristian.ramirez5@outlok.com,,2,96000,BOX_OFFICE,2026-07-19 02:30:00
ft_sal_005051,ft_evt_0052,Daniel Mejia,daniel.mejia@gmail.com,573099177469,1,48000,WEB,2026-07-30 13:30:00
ft_sal_005052,ft_evt_0052,Juliana Betancur,jliana.betancur4@proton.me,3249516436,2,116000,BOX_OFFICE,2026-07-22 07:30:00
ft_sal_005053,ft_evt_0052,Carolina Mejía,camilo.lopez283@gmail.com,+57 310 1513280,1,93000,WEB,2026-07-15 21:30:00
ft_sal_005054,ft_evt_0052,Camilo Ramirez,camilo.ramirez@icloud.com,3122518537,1,133000,ADMIN,2026-07-20 05:30:00
ft_sal_005055,ft_evt_0052,valentina zapata,valentina.zapata4@gmail.com,(+57) 314-750-5266,1,94000,WEB,2026-07-20 05:30:00
ft_sal_005056,ft_evt_0052,Daniela Salazar,danielasalazar267@gmail.com,573261259236,1,43000,WEB,2026-08-01 05:30:00
ft_sal_005057,ft_evt_0052,N. Salazar,natalia.salazar@gmail.com,+57 304 7983563,1,104000,WEB,2026-07-26 10:30:00
ft_sal_005058,ft_evt_0052,Cifuentes Alejandro,alejandro.cifuentes605@hotmail.com,+57 323 7378337,2,126000,WEB,2026-07-22 18:30:00
ft_sal_005059,ft_evt_0052,Andrés Rojas,andres.rojas@hotmial.com,312 057 9701,1,52000,ADMIN,2026-07-26 08:30:00
ft_sal_005060,ft_evt_0052,Sebastián Arango,sebstian.arango712@gmail.com,3094623149,1,46000,RRPP,2026-07-19 06:30:00
ft_sal_005061,ft_evt_0052,diego gonzález,diego.gonzalez16@proton.me,,6,300000,WEB,2026-07-26 09:30:00
ft_sal_005062,ft_evt_0052,Santiago Hernández,juan.suarez@hotmail.com,304 692 6686,6,282000,WEB,2026-07-25 16:30:00
ft_sal_005063,ft_evt_0052,Alejandro Jiménez,alejandro.jimenez335@gmail.com,573280098763,1,42000,WEB,2026-07-26 05:30:00
ft_sal_005064,ft_evt_0052,Restrepo María,MARIA.RESTREPO962@GMAIL.COM,3142229577,1,0,BOX_OFFICE,2026-07-26 12:30:00
ft_sal_005065,ft_evt_0052,Óscar Bermúdez Hernández,oscar.bermudez6@yahoo.com,573174282222,2,122000,WEB,2026-08-01 08:30:00
ft_sal_005066,ft_evt_0052,Alejandro Salazar,alejandrosalazar789@hotmail.com,308 986 1485,2,86000,WEB,2026-07-28 09:30:00
ft_sal_005067,ft_evt_0052,Mateo Jiménez,mateo.jimenez871@gmail.com,573065675205,2,94000,WEB,2026-07-25 21:30:00
ft_sal_005068,ft_evt_0052,J. González,juliana.gonzalez67+boletas@hotmail.com,+57 306 1698247,1,48000,WEB,2026-07-29 04:30:00
ft_sal_005069,ft_evt_0052,Andrés Cárdenas Vargas,ANDRES.CARDENAS@GMAIL.COM,573064933314,1,61000,WEB,2026-07-21 05:30:00
ft_sal_005070,ft_evt_0052,Diego Ospina,DIEGO.OSPINA92@GMAIL.COM,+57 327 5016941,1,46000,WEB,2026-07-28 08:30:00
ft_sal_005071,ft_evt_0052,Esteban Cespedes,esteban.cespedes98@hotmail.com,573199326532,3,411000,WEB,2026-07-27 19:30:00
ft_sal_005072,ft_evt_0052,Cristian Castro,cristian.castro+compras@gmail.com,573294448334,4,244000,WEB,2026-07-16 21:30:00
ft_sal_005073,ft_evt_0052,Andrea López,ANDREA.LOPEZ423@GMAIL.COM,573126280616,2,0,WEB,2026-07-21 08:30:00
ft_sal_005074,ft_evt_0052,juliana jiménez,juliana.jimenez337@gmail.com,(+57) 305-053-8004,2,0,WEB,2026-07-18 03:30:00
ft_sal_005075,ft_evt_0052,Vargas Felipe,felipevargas568@gmail.com,324 582 8474,1,60000,WEB,2026-07-27 04:30:00
ft_sal_005076,ft_evt_0052,A. Vargas,alejandravargas995@outlook.com,573298094329,4,236000,WEB,2026-07-30 14:30:00
ft_sal_005077,ft_evt_0052,Paula Zapata,paulazapata986@hotmail.com,320 853 2090,1,56000,WEB,2026-07-25 14:30:00
ft_sal_005078,ft_evt_0052,Arango Catalina,CATALINA.ARANGO@GMAIL.COM,3008655900,1,47000,WEB,2026-07-18 19:30:00
ft_sal_005079,ft_evt_0052,paula arango,paulaarango945@hotmail.com,+57 327 0717554,3,306000,WEB,2026-07-29 19:30:00
ft_sal_005080,ft_evt_0052,J. Hernández,JULIANA.HERNANDEZ558@GMAIL.COM,+57 329 7965150,3,273000,WEB,2026-07-23 03:30:00
ft_sal_005081,ft_evt_0052,Valentina Valencia,valentina.valencia35@gmail.com,573106235509,1,57000,WEB,2026-08-01 12:30:00
ft_sal_005082,ft_evt_0052,Esteban Restrepo,esteban.restrepo876@gmail.com,3134904266,1,90000,WEB,2026-07-26 01:30:00
ft_sal_005083,ft_evt_0052,María Cárdenas Valencia,maria.cardenas94@gmail.com,+57 318 5225371,2,188000,ADMIN,2026-07-26 13:30:00
ft_sal_005084,ft_evt_0052,Laura Arango,laura.arango3@gmial.com,573005692674,1,61000,WEB,2026-07-24 20:30:00
ft_sal_005085,ft_evt_0052,camila muñoz,camilamunoz288@gmail.com,+57 315 6032581,2,92000,WEB,2026-07-28 02:30:00
ft_sal_005086,ft_evt_0052,Paula Moreno,paulamoreno527@gmail.com,+57 322 5178136,1,136000,WEB,2026-07-29 14:30:00
ft_sal_005087,ft_evt_0052,Nicolás Quintero,nicolas.quintero+spam@outlook.com,3143686704,1,59000,WEB,2026-08-01 03:30:00
ft_sal_005088,ft_evt_0052,Paula Cardenas,paula.cardenas@yahoo.com,573227516709,1,140000,WEB,2026-07-25 21:30:00
ft_sal_005089,ft_evt_0052,Nicolas Bermudez,andres.cardenas272@gmail.com,573119474506,1,64000,WEB,2026-08-01 07:30:00
ft_sal_005090,ft_evt_0052,Manuela Salazar,manuela.salazar63@proton.me,+57 327 2100135,1,0,WEB,2026-07-29 20:30:00
ft_sal_005091,ft_evt_0052,Valentina Ortiz,valentinaortiz8@gmail.com,+57 302 2851932,1,95000,WEB,2026-07-29 14:30:00
ft_sal_005092,ft_evt_0052,Felipe Zapata,felipezapata788@gmail.com,314 555 3914,2,94000,WEB,2026-07-21 06:30:00
ft_sal_005093,ft_evt_0052,Alejandro Suárez,alejandro.suarez7@gmail.com,+57 321 0993782,1,61000,WEB,2026-07-31 06:30:00
ft_sal_005094,ft_evt_0052,Mariana Ortiz,mariana.ortiz@outlook.com,,1,48000,WEB,2026-07-30 21:30:00
ft_sal_005095,ft_evt_0052,Juliana Muñoz,juliana.munoz@yahoo.com,(+57) 316-193-6995,1,57000,BOX_OFFICE,2026-07-31 11:30:00
ft_sal_005096,ft_evt_0052,Ó. Peña,oscarpena810@hotmail.com,3124822178,1,146000,BOX_OFFICE,2026-07-22 12:30:00
ft_sal_005097,ft_evt_0052,D. Hernández,danielahernandez49@gmail.com,3005795673,2,186000,WEB,2026-07-28 12:30:00
ft_sal_005098,ft_evt_0052,Catalina Jiménez,catalinajimenez362@hotmail.com,3214096912,2,90000,WEB,2026-07-24 04:30:00
ft_sal_005099,ft_evt_0052,Manuela Hernández,manuela.hernandez63@gmail.com,573259098007,1,0,WEB,2026-07-23 05:30:00
ft_sal_005100,ft_evt_0052,Miguel Moreno,miguelmoreno233@outlook.com,303 964 9016,3,165000,WEB,2026-07-25 16:30:00
ft_sal_005101,ft_evt_0052,Isabella Hernandez,isabella.ernandez@outlook.com,3028522891,1,51000,WEB,2026-07-21 04:30:00
ft_sal_005102,ft_evt_0052,MARÍA MARTÍNEZ,mari.martinez89@hotmail.com,314 490 4017,1,99000,WEB,2026-07-28 15:30:00
ft_sal_005103,ft_evt_0052,Catalina Guerrero,catalinaguerrero342@gmail.com,+57 307 1744291,1,147000,WEB,2026-07-17 14:30:00
ft_sal_005104,ft_evt_0052,Andres Pena,andres.pena@gmail.com,303 714 2117,2,92000,ADMIN,2026-07-21 02:30:00
ft_sal_005105,ft_evt_0052,Juliana Céspedes,julianacespedes994@hotmail.com,573002409202,2,90000,WEB,2026-07-16 06:30:00
ft_sal_005106,ft_evt_0052,Manuela Castro,manuelacastro371@gmail.com,+57 324 5824778,2,114000,WEB,2026-08-01 14:30:00
ft_sal_005107,ft_evt_0052,Ricardo Ramírez,ricardoramirez248@gmail.com,317 296 7341,2,92000,BOX_OFFICE,2026-07-27 21:30:00
ft_sal_005108,ft_evt_0052,Tatiana Bermúdez,tatiana.bermudez99+spam@gmail.com,573027708117,2,116000,WEB,2026-08-01 04:30:00
ft_sal_005109,ft_evt_0052,Juliana Arango,juliana.arango45@gmail.com,(+57) 315-527-2641,2,106000,WEB,2026-07-18 15:30:00
ft_sal_005110,ft_evt_0052,felipe cárdenas,felipe.cardenas9@outlook.com,3009975858,1,90000,WEB,2026-07-29 14:30:00
ft_sal_005111,ft_evt_0052,Cristian Rojas,alejandro.rojas@gmail.com,(+57) 328-627-5349,4,612000,BOX_OFFICE,2026-07-25 17:30:00
ft_sal_005112,ft_evt_0052,David Suárez,davidsuarez371@gmail.com,3269400140,1,60000,WEB,2026-07-23 13:30:00
ft_sal_005113,ft_evt_0052,Daniel Valencia,diego.munoz30@outlook.com,(+57) 311-460-2744,2,270000,WEB,2026-07-22 16:30:00
ft_sal_005114,ft_evt_0052,S. Rodríguez,sararodriguez6@gmail.com,,2,280000,WEB,2026-08-01 18:30:00
ft_sal_005115,ft_evt_0052,Mateo Martínez,mateo.martinez275@gmail.com,(+57) 306-068-9059,2,198000,WEB,2026-07-29 17:30:00
ft_sal_005116,ft_evt_0052,X. Moreno,XIMENA.MORENO@OUTLOOK.COM,+57 328 9022194,1,100000,WEB,2026-08-01 11:30:00
ft_sal_005117,ft_evt_0052,Sebastián Ospina,sebastianospina55@hotmail.com,3268885128,3,129000,WEB,2026-07-27 21:30:00
ft_sal_005118,ft_evt_0052,Nicolás López,nicolas.lopez79@outlook.com,(+57) 307-129-1605,1,90000,WEB,2026-07-30 17:30:00
ft_sal_005119,ft_evt_0052,tatiana arango,tatianaarango43@gmail.com,,1,45000,WEB,2026-07-29 11:30:00
ft_sal_005120,ft_evt_0052,isabella vargas,isabella.vargas887@gmail.com,304 563 3506,1,53000,WEB,2026-07-20 05:30:00
ft_sal_005121,ft_evt_0052,luisa salazar,luisa.salazar643@gmail.com,313 621 0878,1,47000,WEB,2026-07-22 02:30:00
ft_sal_005122,ft_evt_0052,paula moreno,paulamoreno@gmail.com,3122930041,2,120000,WEB,2026-07-26 04:30:00
ft_sal_005123,ft_evt_0052,Ricardo Zapata,ricardo.zapata277@gmail.com,3090578335,1,60000,WEB,2026-07-24 04:30:00
ft_sal_005124,ft_evt_0052,Miguel Betancur,miguel.betancur662@gmail.com,573283051531,1,100000,WEB,2026-07-31 07:30:00
ft_sal_005125,ft_evt_0052,tatiana rodríguez,tatiana.rodriguez474@gmail.com,,1,45000,WEB,2026-07-27 06:30:00
ft_sal_005126,ft_evt_0052,Juliana Muñoz,juliana.munoz32@gmail.com,,1,46000,WEB,2026-07-28 07:30:00
ft_sal_005127,ft_evt_0052,Julián Peña,julianpena735@hotmail.com,310 399 2737,2,184000,WEB,2026-07-30 02:30:00
ft_sal_005128,ft_evt_0052,Juliana Hernandez,jliana.hernandez@icloud.com,+57 300 5247063,1,61000,BOX_OFFICE,2026-08-01 16:30:00
ft_sal_005129,ft_evt_0052,Mateo Hernández,mateo.hernandez53+eventos@outlook.com,+57 320 0893685,2,120000,WEB,2026-07-28 02:30:00
ft_sal_005130,ft_evt_0052,Céspedes Tatiana,tatianacespedes419@gmail.com,317 856 9741,3,189000,WEB,2026-07-21 02:30:00
ft_sal_005131,ft_evt_0052,Mariana Bermúdez Moreno,mariana.bermudez@icloud.com,573217512344,2,88000,WEB,2026-07-26 06:30:00
ft_sal_005132,ft_evt_0052,Cristian Ospina,cristianospina875@gmail.com,+57 323 2113567,1,43000,WEB,2026-07-31 02:30:00
ft_sal_005133,ft_evt_0052,Andrea Jiménez,ANDREA.JIMENEZ4@GMAIL.COM,(+57) 319-878-6083,3,132000,WEB,2026-07-23 04:30:00
ft_sal_005134,ft_evt_0052,Cristian Cifuentes,cristian.cifentes@gmail.com,573224425607,1,101000,WEB,2026-07-25 14:30:00
ft_sal_005135,ft_evt_0052,Camilo Jiménez,CAMILO.JIMENEZ@GMAIL.COM,573141348253,3,132000,WEB,2026-07-22 09:30:00
ft_sal_005136,ft_evt_0052,María Cárdenas,maria.cardenas94+compras@gmail.com,3185225371,2,254000,WEB,2026-07-20 11:30:00
ft_sal_005137,ft_evt_0052,Juan Restrepo,JUAN.RESTREPO@HOTMAIL.COM,327 341 2680,1,57000,WEB,2026-07-25 18:30:00
ft_sal_005138,ft_evt_0052,María Martínez,maria.martinez34@gmail.com,305 619 4294,1,145000,WEB,2026-07-29 19:30:00
ft_sal_005139,ft_evt_0052,Ospina Ricardo,ricardoospina156@gmail.com,,1,96000,WEB,2026-08-01 04:30:00
ft_sal_005140,ft_evt_0052,Moreno Nicolás,nicolas.moreno@gmail.com,3070898032,1,148000,WEB,2026-07-17 20:30:00
ft_sal_005141,ft_evt_0052,Ramírez Camila,camila.ramirez57@hotmail.com,573151556980,2,194000,WEB,2026-07-28 03:30:00
ft_sal_005142,ft_evt_0052,Miguel Rodríguez Vargas,miguel.rodriguez12@gmail.com,+57 301 0424985,2,188000,RRPP,2026-07-26 11:30:00
ft_sal_005143,ft_evt_0052,Carolina Ospina,carolina.osina269@gmail.com,+57 317 9133802,1,95000,WEB,2026-07-26 02:30:00
ft_sal_005144,ft_evt_0052,Luisa Valencia,luisa.valencia@gmail.com,573028116853,2,294000,WEB,2026-07-30 07:30:00
ft_sal_005145,ft_evt_0052,luisa restrepo,luisarestrepo421@gmail.com,573270730621,3,183000,WEB,2026-07-25 08:30:00
ft_sal_005146,ft_evt_0052,sara moreno,diego.ramirez328@gmail.com,(+57) 325-053-1196,1,97000,WEB,2026-07-28 16:30:00
ft_sal_005147,ft_evt_0052,Mateo Suárez López,mateo.suarez56@gmail.com,3220601536,2,80000,WEB,2026-07-19 02:30:00
ft_sal_005148,ft_evt_0052,Fabián Cifuentes,fabian.cifuentes846@gmial.com,303 882 0649,1,58000,WEB,2026-07-30 08:30:00
ft_sal_005149,ft_evt_0052,Daniel Rojas,daniel.rojas@icloud.com,(+57) 327-105-3196,3,0,WEB,2026-07-30 15:30:00
ft_sal_005150,ft_evt_0052,Nicolás Guerrero,nicolas.guerrero@hotmail.com,+57 322 6573828,1,103000,WEB,2026-08-01 17:30:00
ft_sal_005151,ft_evt_0052,Daniela López,danielalopez855@gmail.com,3158139935,3,0,WEB,2026-08-01 14:30:00
ft_sal_005152,ft_evt_0052,Bermúdez Tatiana,tatiana.bermudez99@gmail.com,3027708117,1,65000,WEB,2026-07-23 15:30:00
ft_sal_005153,ft_evt_0052,Oscar Cifuentes,oscar.cifuentes19@outlook.com,+57 326 0061764,2,124000,ADMIN,2026-07-22 10:30:00
ft_sal_005154,ft_evt_0052,Juliana Suárez,juliana.suarez654+eventos@gmail.com,326 025 6101,1,47000,WEB,2026-07-22 17:30:00
ft_sal_005155,ft_evt_0052,Natalia Peña,natalia.pena47@gmail.com,573228338947,4,180000,WEB,2026-07-28 09:30:00
ft_sal_005156,ft_evt_0052,Isabella Martinez,isabellamartinez395@gmail.com,(+57) 319-694-5580,2,100000,WEB,2026-07-29 13:30:00
ft_sal_005157,ft_evt_0052,Daniela Bermúdez,daniela.bermudez@yahoo.com,305 834 7816,1,101000,WEB,2026-07-28 13:30:00
ft_sal_005158,ft_evt_0052,Ramírez David,david.ramirez505@gmial.com,(+57) 313-252-1866,1,144000,WEB,2026-07-19 06:30:00
ft_sal_005159,ft_evt_0052,Daniela Pena,DANIELA.PENA69@ICLOUD.COM,3121327542,1,49000,BOX_OFFICE,2026-07-30 19:30:00
ft_sal_005160,ft_evt_0052,Catalina Betancur,catalinabetancur619@gmail.com,(+57) 329-105-8929,2,110000,WEB,2026-07-25 21:30:00
ft_sal_005161,ft_evt_0052,Manuela Mejía,manuela.mejia35@outlook.com,310 973 5118,1,130000,WEB,2026-07-28 16:30:00
ft_sal_005162,ft_evt_0052,Natalia Bermúdez,nataliabermudez842@gmail.com,+57 315 0504116,1,92000,BOX_OFFICE,2026-08-01 18:30:00
ft_sal_005163,ft_evt_0052,Camilo Mejia,camilo.mejia51@gmail.com,302 732 7943,2,128000,WEB,2026-07-27 03:30:00
ft_sal_005164,ft_evt_0052,juan gonzález,juan.gonzalez@hotmail.com,573288052589,2,112000,WEB,2026-07-21 14:30:00
ft_sal_005165,ft_evt_0052,D. Mejía,DIANA.MEJIA37@GMAIL.COM,319 526 8207,3,138000,WEB,2026-07-17 03:30:00
ft_sal_005166,ft_evt_0052,ANDRÉS BERMÚDEZ,andres.bermudez673@gmail.com,301 232 1788,2,110000,ADMIN,2026-07-27 09:30:00
ft_sal_005167,ft_evt_0052,ALEJANDRO PEÑA,alejandro.pena29@hotmail.com,3262616559,1,63000,WEB,2026-07-30 21:30:00
ft_sal_005168,ft_evt_0052,miguel castro,miguel.castro@outlook.com,,2,96000,WEB,2026-07-25 15:30:00
ft_sal_005169,ft_evt_0052,Sebastián Salazar,sebastian.salazar73+boletas@proton.me,311 567 7582,1,92000,WEB,2026-07-26 20:30:00
ft_sal_005170,ft_evt_0052,julián lópez,julianlopez553@outlook.com,,2,112000,WEB,2026-07-22 14:30:00
ft_sal_005171,ft_evt_0052,Mateo Ortiz Suárez,mateo.ortiz@gmail.com,+57 315 0837785,1,49000,WEB,2026-07-20 03:30:00
ft_sal_005172,ft_evt_0052,Tatiana Mejia,tatianamejia770@outlook.com,+57 324 9366009,3,135000,WEB,2026-07-30 06:30:00
ft_sal_005173,ft_evt_0052,Natalia Cardenas,natalia.cardenas606@hotmail.com,+57 300 6424505,4,260000,WEB,2026-07-27 05:30:00
ft_sal_005174,ft_evt_0052,Martínez David,david.martinez91@gmial.com,,4,192000,WEB,2026-07-30 19:30:00
ft_sal_005175,ft_evt_0052,Ximena Bermúdez,ximena.bermudez417@gmail.com,+57 314 6169829,6,372000,WEB,2026-07-22 18:30:00
ft_sal_005176,ft_evt_0052,VALENTINA ARANGO,valentina.arango40@gmail.com,573114331472,2,116000,WEB,2026-08-01 09:30:00
ft_sal_005177,ft_evt_0052,Miguel Mejía Zapata,miguelmejia159@outlook.com,573255074088,2,120000,WEB,2026-07-28 11:30:00
ft_sal_005178,ft_evt_0052,VALENTINA MARTÍNEZ,valentinamartinez215@gmail.com,319 017 8024,1,46000,WEB,2026-07-30 11:30:00
ft_sal_005179,ft_evt_0052,Camilo Suárez,camilo.suarez@outlook.com,+57 317 8410995,4,180000,ADMIN,2026-07-27 07:30:00
ft_sal_005180,ft_evt_0052,Juan Suárez,JUAN.SUAREZ@OUTLOOK.COM,573182171730,1,89000,WEB,2026-07-27 10:30:00
ft_sal_005181,ft_evt_0052,J. Vargas,juliana.vargas@hotmail.com,573063140062,1,44000,WEB,2026-07-18 08:30:00
ft_sal_005182,ft_evt_0052,Ximena Jimenez,ximena.jimenez350@gmail.com,573072683374,1,0,WEB,2026-07-23 21:30:00
ft_sal_005183,ft_evt_0052,PAULA MORENO,paula.moreno804@hotmail.com,+57 313 6046180,2,122000,WEB,2026-07-29 10:30:00
ft_sal_005184,ft_evt_0052,Paula Hernández,PAULA.HERNANDEZ85@GMAIL.COM,323 025 2450,1,102000,WEB,2026-07-23 07:30:00
ft_sal_005185,ft_evt_0052,Natalia Hernández,natalia.hernandez108@hotmail.com,(+57) 323-647-4736,1,60000,WEB,2026-07-24 17:30:00
ft_sal_005186,ft_evt_0052,LAURA GUERRERO,laura.guerrero51@gmail.com,305 188 9008,3,147000,WEB,2026-07-21 02:30:00
ft_sal_005187,ft_evt_0052,Natalia Cárdenas Salazar,NATALIA.CARDENAS606@HOTMAIL.COM,3006424505,1,140000,WEB,2026-07-30 12:30:00
ft_sal_005188,ft_evt_0052,Julián Bermúdez,paula.ospina121@gmail.com,,1,95000,WEB,2026-07-31 21:30:00
ft_sal_005189,ft_evt_0052,Alejandro Rojas,alejandrorojas653@yahoo.com,(+57) 314-787-8508,3,183000,WEB,2026-07-27 15:30:00
ft_sal_005190,ft_evt_0060,andrés suárez,andressuarez526@gmail.com,307 061 9569,1,67000,WEB,2026-07-26 13:30:00
ft_sal_005191,ft_evt_0060,Ricardo Muñoz,ricardo.munoz@hotmail.com,3009028142,2,116000,WEB,2026-07-31 06:30:00
ft_sal_005192,ft_evt_0060,Diego Bermúdez,diegobermudez783@gmail.com,+57 322 9502404,1,0,BOX_OFFICE,2026-07-22 23:30:00
ft_sal_005193,ft_evt_0060,Andrea Ramírez,andrearamirez766@gmail.com,573000195189,1,44000,WEB,2026-08-01 06:30:00
ft_sal_005194,ft_evt_0060,Natalia Gómez,nataliagomez145@hotmail.com,,1,56000,WEB,2026-08-01 18:30:00
ft_sal_005195,ft_evt_0060,María Zapata,alejandro.restrepo@gmail.com,573160429756,1,41000,WEB,2026-07-26 11:30:00
ft_sal_005196,ft_evt_0060,Alejandro Peña,alejandro.pena213+boletas@gmail.com,+57 314 1169933,1,156000,WEB,2026-08-01 01:30:00
ft_sal_005197,ft_evt_0060,Alejandro Mejía,alejandromejia601@gmail.com,(+57) 313-621-3825,1,43000,WEB,2026-07-29 16:30:00
ft_sal_005198,ft_evt_0060,Cristian Mejía,cristianmejia772@gmail.com,3206116602,2,124000,WEB,2026-07-27 03:30:00
ft_sal_005199,ft_evt_0060,Manuela Guerrero,manuelaguerrero428@hotmail.com,+57 303 4585756,1,42000,WEB,2026-07-22 03:30:00
ft_sal_005200,ft_evt_0060,Valentina Mejía,VALENTINA.MEJIA@GMAIL.COM,(+57) 311-333-9466,2,90000,WEB,2026-07-31 03:30:00
ft_sal_005201,ft_evt_0060,Manuela Peña Quintero,manuela.pena21@gmial.com,3122240857,2,202000,WEB,2026-07-29 07:30:00
ft_sal_005202,ft_evt_0060,Felipe Rodriguez,feliperodriguez372@gmail.com,+57 315 4368664,2,124000,WEB,2026-07-23 16:30:00
ft_sal_005203,ft_evt_0060,Tatiana Restrepo,tatiana.restrepo169@gmail.com,+57 321 3616576,2,126000,WEB,2026-07-28 08:30:00
ft_sal_005204,ft_evt_0060,Tatiana Suárez,tatiana.suarez46+boletas@gmail.com,3071930694,1,130000,BOX_OFFICE,2026-07-22 16:30:00
ft_sal_005205,ft_evt_0060,Isabella Gómez,isabellagomez350@hotmail.com,(+57) 324-179-7802,2,120000,WEB,2026-07-21 23:30:00
ft_sal_005206,ft_evt_0060,Camila Gómez,camila.gomez@gmail.com,(+57) 312-151-7566,1,46000,BOX_OFFICE,2026-08-01 05:30:00
ft_sal_005207,ft_evt_0060,Ximena Bermúdez,ximenabermudez939@gmail.com,3106247761,2,268000,ADMIN,2026-07-28 23:30:00
ft_sal_005208,ft_evt_0060,Laura Hernández,laura.hernandez@gmail.com,(+57) 306-324-2378,6,558000,RRPP,2026-08-01 11:30:00
ft_sal_005209,ft_evt_0060,Felipe Guerrero,felipe.guerrero201@gmail.com,3198753533,3,402000,WEB,2026-07-31 23:30:00
ft_sal_005210,ft_evt_0060,Diana Vargas,diana.vargas46+eventos@outlook.com,3131866152,4,188000,BOX_OFFICE,2026-07-28 11:30:00
ft_sal_005211,ft_evt_0060,Juliana Rojas,julianarojas438@gmail.com,,4,628000,WEB,2026-07-23 00:30:00
ft_sal_005212,ft_evt_0060,Esteban Quintero,estebanquintero585@hotmail.com,+57 329 5454903,2,114000,WEB,2026-07-25 12:30:00
ft_sal_005213,ft_evt_0060,Mariana Vargas,mariana.vargas9@gmial.com,(+57) 319-510-3514,2,120000,ADMIN,2026-07-30 04:30:00
ft_sal_005214,ft_evt_0060,CAMILA VARGAS,camila.vargas@yahoo.com,+57 303 5627453,1,59000,WEB,2026-07-26 01:30:00
ft_sal_005215,ft_evt_0060,alejandro muñoz,carlos.betancur9@gmail.com,(+57) 322-423-3287,1,45000,WEB,2026-07-23 01:30:00
ft_sal_005216,ft_evt_0060,Sebastián Mejía,sebastianmejia768@gmail.com,,1,143000,RRPP,2026-07-25 23:30:00
ft_sal_005217,ft_evt_0060,Alejandro Cifuentes,sebastian.hernandez@gmail.com,573228958516,2,192000,WEB,2026-07-19 23:30:00
ft_sal_005218,ft_evt_0060,Alejandro Quintero,alejandroquintero387@icloud.com,+57 319 2682985,1,47000,WEB,2026-07-19 10:30:00
ft_sal_005219,ft_evt_0060,isabella rojas,isabella.rojas41@gmial.com,310 039 3097,3,0,WEB,2026-07-29 05:30:00
ft_sal_005220,ft_evt_0060,nicolás martínez,nicolasmartinez359@gmail.com,3162701683,4,188000,WEB,2026-07-30 07:30:00
ft_sal_005221,ft_evt_0060,Santiago Bermúdez,luisa.cardenas97@gmail.com,573193358913,1,46000,ADMIN,2026-07-23 09:30:00
ft_sal_005222,ft_evt_0060,López Daniel,daniellopez846@gmail.com,(+57) 304-552-5975,2,94000,ADMIN,2026-07-26 03:30:00
ft_sal_005223,ft_evt_0060,Carlos Vargas,carlosvargas271@gmail.com,573123876496,4,164000,WEB,2026-08-01 17:30:00
ft_sal_005224,ft_evt_0060,Luisa Valencia,luisa.valencia@hotmail.com,(+57) 311-311-6549,2,192000,WEB,2026-07-31 10:30:00
ft_sal_005225,ft_evt_0060,juan guerrero,juan.guerrero@hotmail.com,329 607 9103,1,0,WEB,2026-07-19 06:30:00
ft_sal_005226,ft_evt_0060,Daniel Martínez,daniel.martinez66+boletas@outlook.com,308 776 0344,4,168000,WEB,2026-07-25 10:30:00
ft_sal_005227,ft_evt_0060,Andrés Arango Betancur,andres.arango809@gmail.com,573283012910,3,132000,BOX_OFFICE,2026-07-26 06:30:00
ft_sal_005228,ft_evt_0060,David Valencia Suárez,davidvalencia558@yahoo.com,3017155678,2,86000,WEB,2026-07-30 17:30:00
ft_sal_005229,ft_evt_0060,Isabella Gómez,ISABELLA.GOMEZ97@GMAIL.COM,313 708 3975,2,124000,WEB,2026-07-25 13:30:00
ft_sal_005230,ft_evt_0060,daniela quintero,danielaquintero59@outlook.com,573123824714,1,91000,WEB,2026-08-01 05:30:00
ft_sal_005231,ft_evt_0060,Miguel Guerrero Hernández,miguel.gurrero56@gmail.com,314 436 1476,2,98000,WEB,2026-07-23 15:30:00
ft_sal_005232,ft_evt_0060,González Santiago,SANTIAGO.GONZALEZ99@HOTMAIL.COM,325 619 9768,3,387000,BOX_OFFICE,2026-07-23 17:30:00
ft_sal_005233,ft_evt_0060,A. Ortiz,andres.ortiz984@gmail.com,325 776 0045,1,44000,WEB,2026-07-26 07:30:00
ft_sal_005234,ft_evt_0060,Diego Ospina,diego.ospina58+eventos@outlook.com,328 080 3627,3,141000,WEB,2026-07-28 12:30:00
ft_sal_005235,ft_evt_0060,J. Martínez,julianamartinez750@outlook.com,573041750079,1,58000,WEB,2026-07-18 06:30:00
ft_sal_005236,ft_evt_0060,Camila Gomez,camila.gomez79@gmail.com,(+57) 324-909-3753,1,45000,WEB,2026-07-15 02:30:00
ft_sal_005237,ft_evt_0060,Ricardo Cespedes,ricardo.cespedes20@gmail.com,3074190569,1,138000,BOX_OFFICE,2026-08-01 04:30:00
ft_sal_005238,ft_evt_0060,Óscar Bermúdez,oscar.bermudez40@gmail.com,573042412826,1,43000,WEB,2026-07-27 23:30:00
ft_sal_005239,ft_evt_0060,Isabella Restrepo Jiménez,isabellarestrepo505@gmail.com,301 149 8744,1,100000,RRPP,2026-07-26 13:30:00
ft_sal_005240,ft_evt_0060,Tatiana Rojas,tatiana.rojas37@gmail.com,313 394 2277,2,264000,WEB,2026-08-01 07:30:00
ft_sal_005241,ft_evt_0060,N. Suárez,nataliasuarez353@gmail.com,+57 308 0892437,1,131000,WEB,2026-07-21 04:30:00
ft_sal_005242,ft_evt_0060,David Bermúdez,david.bermudez508+eventos@hotmail.com,3132954358,1,60000,WEB,2026-07-28 13:30:00
ft_sal_005243,ft_evt_0060,Daniel Ospina,danielospina850@yahoo.com,(+57) 308-381-5269,6,534000,BOX_OFFICE,2026-07-22 16:30:00
ft_sal_005244,ft_evt_0060,Carlos Rojas,carlos.rojas8@hotmail.com,3029690686,2,192000,WEB,2026-07-31 10:30:00
ft_sal_005245,ft_evt_0060,Isabella Betancur,isabellabetancur167@gmail.com,573160419046,1,65000,WEB,2026-07-27 05:30:00
ft_sal_005246,ft_evt_0060,Óscar Moreno,oscarmoreno605@gmail.com,573045333818,2,118000,WEB,2026-08-01 15:30:00
ft_sal_005247,ft_evt_0060,M. Valencia,mariavalencia678@gmail.com,,1,49000,WEB,2026-07-26 08:30:00
ft_sal_005248,ft_evt_0060,Cristian Quintero,cristianquintero546@hotmail.com,3251010938,1,144000,WEB,2026-07-23 04:30:00
ft_sal_005249,ft_evt_0060,Alejandra González,alejandra.gonzalez845@gmail.com,+57 305 6386953,2,184000,WEB,2026-07-27 19:30:00
ft_sal_005250,ft_evt_0060,Salazar Natalia,natalia.salazar635@gmial.com,,4,0,ADMIN,2026-07-26 18:30:00
ft_sal_005251,ft_evt_0060,Isabella Valencia,isabellavalencia584@gmail.com,+57 323 1786238,2,178000,WEB,2026-07-28 23:30:00
ft_sal_005252,ft_evt_0060,Carlos Mejía,carlos.mejia@yahoo.com,573182613831,1,44000,WEB,2026-07-31 12:30:00
ft_sal_005253,ft_evt_0060,Daniela Salazar,daniela.salazar@gmail.com,3294876649,6,258000,BOX_OFFICE,2026-07-25 00:30:00
ft_sal_005254,ft_evt_0060,Carolina Ospina,carolina.ospina34@gmail.com,573153520778,1,43000,WEB,2026-08-01 00:30:00
ft_sal_005255,ft_evt_0060,Cristian Céspedes,cristian.cespedes262@gmail.com,3159558940,1,44000,BOX_OFFICE,2026-07-25 08:30:00
ft_sal_005256,ft_evt_0060,Óscar Ortiz,oscar.ortiz@yahoo.com,(+57) 321-987-2713,6,258000,WEB,2026-07-23 02:30:00
ft_sal_005257,ft_evt_0060,Mejía María,mariamejia967@gmail.com,3059013121,4,176000,WEB,2026-07-28 15:30:00
ft_sal_005258,ft_evt_0060,Manuela Bermúdez,manuela.bermudez+boletas@proton.me,+57 325 9352230,1,0,RRPP,2026-07-27 05:30:00
ft_sal_005259,ft_evt_0060,Esteban Castro,esteban.castro900+compras@gmail.com,(+57) 321-892-7648,1,49000,WEB,2026-07-27 00:30:00
ft_sal_005260,ft_evt_0060,Sara Rojas,sararojas471@gmail.com,3094533285,1,150000,WEB,2026-08-01 00:30:00
ft_sal_005261,ft_evt_0060,Guerrero Andrea,andrea.guerrero93@hotmail.com,,2,182000,WEB,2026-07-25 19:30:00
ft_sal_005262,ft_evt_0060,Mariana Arango,marianaarango161@gmail.com,573169718892,2,90000,WEB,2026-07-30 02:30:00
ft_sal_005263,ft_evt_0060,Alejandra Cárdenas,alejandracardenas237@gmail.com,573080030379,2,86000,WEB,2026-07-25 08:30:00
ft_sal_005264,ft_evt_0060,Esteban Restrepo Salazar,esteban.restrepo876+boletas@gmail.com,313 494 2066,4,172000,WEB,2026-07-22 03:30:00
ft_sal_005265,ft_evt_0060,Carolina Zapata,carolinazapata202@gmail.com,+57 319 6865346,1,45000,WEB,2026-07-27 18:30:00
ft_sal_005266,ft_evt_0060,Ospina Sebastián,sebastianospina392@gmail.com,,1,65000,WEB,2026-07-20 04:30:00
ft_sal_005267,ft_evt_0060,Daniel Vargas,DANIEL.VARGAS61@OUTLOOK.COM,316 600 4133,6,288000,RRPP,2026-07-30 12:30:00
ft_sal_005268,ft_evt_0060,Manuela Salazar,manuelasalazar538@hotmail.com,+57 328 0204634,1,91000,WEB,2026-07-23 06:30:00
ft_sal_005269,ft_evt_0060,Bermúdez Fabián,fabianbermudez391@gmail.com,,2,92000,WEB,2026-07-21 19:30:00
ft_sal_005270,ft_evt_0060,Sebastián Martínez,sebastian.martinez93@gmail.com,+57 324 4808101,1,44000,WEB,2026-07-29 14:30:00
ft_sal_005271,ft_evt_0060,Mariana Cárdenas,mariana.cardenas92@gmial.com,314 130 6374,2,90000,WEB,2026-07-20 05:30:00
ft_sal_005272,ft_evt_0060,Juan Suárez,juan.suare463@gmail.com,,1,62000,WEB,2026-07-28 14:30:00
ft_sal_005273,ft_evt_0060,Sebastian Cardenas,sebastian.cardenas132@gmial.com,+57 316 7023876,6,282000,WEB,2026-07-16 05:30:00
ft_sal_005274,ft_evt_0060,C. González,catalina.gonzalez994@gmial.com,3229394902,1,56000,BOX_OFFICE,2026-07-24 06:30:00
ft_sal_005275,ft_evt_0060,juan restrepo,juanrestrepo897@gmail.com,3097975088,1,99000,WEB,2026-07-29 18:30:00
ft_sal_005276,ft_evt_0060,Ricardo Rodríguez,ricardo.rodriguez@gmail.com,3182384325,2,128000,WEB,2026-07-24 16:30:00
ft_sal_005277,ft_evt_0060,Camilo Munoz,camilomunoz46@hotmail.com,+57 315 0614683,2,118000,WEB,2026-07-27 14:30:00
ft_sal_005278,ft_evt_0060,Andres Bermudez,andresbermudez200@hotmail.com,573217008249,2,124000,BOX_OFFICE,2026-07-23 23:30:00
ft_sal_005279,ft_evt_0060,Fabián Peña Cárdenas,fabian.pena23@gmail.com,573289047478,1,49000,WEB,2026-07-27 10:30:00
ft_sal_005280,ft_evt_0060,Manuela Ospina,manuelaospina423@gmail.com,573174794366,1,145000,WEB,2026-07-29 05:30:00
ft_sal_005281,ft_evt_0060,D. Peña,danielpena339@gmail.com,,1,56000,WEB,2026-07-25 17:30:00
ft_sal_005282,ft_evt_0060,Ximena López,ximena.lopez25@outlook.com,573247792839,2,174000,WEB,2026-07-24 03:30:00
ft_sal_005283,ft_evt_0060,SANTIAGO RODRÍGUEZ,santiago.rodriguez+eventos@icloud.com,573281527293,2,0,WEB,2026-07-27 14:30:00
ft_sal_005284,ft_evt_0060,Felipe Bermúdez Guerrero,felipe.bermudez94@gmail.com,(+57) 322-157-5288,1,0,WEB,2026-07-19 00:30:00
ft_sal_005285,ft_evt_0060,Diana Valencia,dianavalencia991@icloud.com,301 017 8187,2,88000,WEB,2026-07-27 23:30:00
ft_sal_005286,ft_evt_0060,julián hernández,JULIAN.HERNANDEZ@PROTON.ME,(+57) 318-600-7301,2,92000,BOX_OFFICE,2026-07-26 05:30:00
ft_sal_005287,ft_evt_0060,Camila Vargas,camila.vargas96@gmail.com,306 342 2238,2,0,WEB,2026-08-01 08:30:00
ft_sal_005288,ft_evt_0060,D. Rojas,diana.rojas@gmail.com,302 989 0358,2,94000,BOX_OFFICE,2026-07-24 08:30:00
ft_sal_005289,ft_evt_0060,N. Valencia,natalia.valencia40+eventos@gmail.com,(+57) 318-050-3786,1,0,ADMIN,2026-07-25 14:30:00
ft_sal_005290,ft_evt_0060,L. Rojas,LAURA.ROJAS665@GMAIL.COM,3147432847,2,94000,WEB,2026-07-30 19:30:00
ft_sal_005291,ft_evt_0060,Paula Gómez López,paulagomez81@outlook.com,3028809522,1,42000,WEB,2026-07-30 01:30:00
ft_sal_005292,ft_evt_0060,Santiago Peña,santiagopena867@gmail.com,315 922 5386,1,94000,WEB,2026-07-31 09:30:00
ft_sal_005293,ft_evt_0060,Mariana Arango,marianaarango755@outlook.com,(+57) 308-803-8445,1,46000,WEB,2026-07-30 11:30:00
ft_sal_005294,ft_evt_0060,Felipe Vargas,felipe.varas226@gmail.com,573115767669,1,42000,BOX_OFFICE,2026-07-27 12:30:00
ft_sal_005295,ft_evt_0060,Catalina Muñoz,catalinamunoz124@yahoo.com,(+57) 310-170-0230,2,120000,BOX_OFFICE,2026-08-01 16:30:00
ft_sal_005296,ft_evt_0060,Juliana Cárdenas,juliana.cardenas790+boletas@gmail.com,573064717457,3,180000,WEB,2026-07-24 23:30:00
ft_sal_005297,ft_evt_0060,mariana salazar,marian.salazar61@hotmail.com,+57 317 9052781,2,98000,WEB,2026-07-29 06:30:00
ft_sal_005298,ft_evt_0060,Juan Zapata Rodríguez,juanzapata702@gmail.com,573135838326,2,188000,ADMIN,2026-07-30 02:30:00
ft_sal_005299,ft_evt_0060,Natalia Jiménez,nataliajimenez83@gmail.com,310 929 0244,1,45000,WEB,2026-07-22 01:30:00
ft_sal_005300,ft_evt_0060,Valentina Zapata,valentinazapata511@gmail.com,306 604 0500,4,0,WEB,2026-07-28 08:30:00
ft_sal_005301,ft_evt_0060,Valentina Moreno,valentina.moreno34@icloud.com,(+57) 305-548-4778,2,84000,WEB,2026-07-21 01:30:00
ft_sal_005302,ft_evt_0060,Diego Mejía,diegomejia788@gmail.com,323 633 8197,2,192000,WEB,2026-07-24 17:30:00
ft_sal_005303,ft_evt_0060,Alejandro Bermúdez,alejandro.bermudez33@gmail.com,3247262627,1,0,WEB,2026-07-31 10:30:00
ft_sal_005304,ft_evt_0060,Sebastián Suárez,sebastiansuarez709@gmail.com,3196096033,2,186000,WEB,2026-07-30 17:30:00
ft_sal_005305,ft_evt_0060,Daniel Zapata,daniel.zapata768@gmail.com,573132175024,4,220000,WEB,2026-07-22 02:30:00
ft_sal_005306,ft_evt_0060,Esteban González,esteban.gonzalez85133@gmail.com,3073658481,2,290000,WEB,2026-07-29 01:30:00
ft_sal_005307,ft_evt_0060,Carolina Mejía,carolinamejia844@outlook.com,573008726151,2,88000,WEB,2026-07-29 04:30:00
ft_sal_005308,ft_evt_0060,Valentina Guerrero,alejandro.rodriguez8@gmail.com,329 269 6191,4,188000,ADMIN,2026-07-30 12:30:00
ft_sal_005309,ft_evt_0060,Juan Bermúdez,juanbermudez257@gmail.com,(+57) 323-705-0385,2,92000,BOX_OFFICE,2026-07-23 13:30:00
ft_sal_005310,ft_evt_0060,Camila Valencia,camila.valencia84@outlook.com,315 291 0110,1,57000,RRPP,2026-07-27 04:30:00
ft_sal_005311,ft_evt_0060,S. Quintero,sara.quintero54@hotmail.com,573054376709,1,42000,WEB,2026-07-24 17:30:00
ft_sal_005312,ft_evt_0060,Camilo Restrepo,camilorestrepo6@gmail.com,(+57) 307-753-1500,1,0,WEB,2026-08-01 19:30:00
ft_sal_005313,ft_evt_0060,Ortiz Andrés,andresortiz907@icloud.com,315 107 5457,1,91000,WEB,2026-07-30 03:30:00
ft_sal_005314,ft_evt_0060,ximena restrepo,ximenarestrepo810@gmail.com,+57 318 8324412,2,192000,WEB,2026-07-21 23:30:00
ft_sal_005315,ft_evt_0060,Esteban Ortiz,estebanortiz919@hotmail.com,(+57) 325-477-6618,1,60000,WEB,2026-07-22 09:30:00
ft_sal_005316,ft_evt_0060,Camila Salazar,camila.salazar50+spam@gmail.com,3237289014,2,88000,WEB,2026-07-31 18:30:00
ft_sal_005317,ft_evt_0060,Daniela Restrepo Vargas,danielarestrepo335@hotmail.com,+57 326 1549195,1,60000,ADMIN,2026-07-29 01:30:00
ft_sal_005318,ft_evt_0060,Cifuentes Mariana,marianacifuentes125@gmail.com,+57 322 5286454,2,86000,WEB,2026-07-28 11:30:00
ft_sal_005319,ft_evt_0060,julián peña,julianpena959@proton.me,(+57) 322-628-7418,3,0,WEB,2026-07-24 15:30:00
ft_sal_005320,ft_evt_0060,Julián Cifuentes,jlian.cifuentes@outlook.com,,1,46000,WEB,2026-07-29 00:30:00
ft_sal_005321,ft_evt_0060,Esteban Guerrero,esteban.guerrero843@gmail.com,(+57) 324-645-7407,1,60000,ADMIN,2026-07-24 05:30:00
ft_sal_005322,ft_evt_0060,Guerrero Paula,paulaguerrero273@gmail.com,(+57) 310-534-9158,2,202000,ADMIN,2026-07-26 02:30:00
ft_sal_005323,ft_evt_0060,CAROLINA GÓMEZ,carolinagomez443@outlook.com,,1,56000,BOX_OFFICE,2026-07-22 11:30:00
ft_sal_005324,ft_evt_0060,Mateo Quintero,mateoquintero185@gmail.com,(+57) 315-369-2816,4,228000,WEB,2026-07-27 14:30:00
ft_sal_005325,ft_evt_0060,Mariana Cifuentes,marianacifuentes960@gmail.com,+57 324 3787313,1,57000,WEB,2026-07-30 09:30:00
ft_sal_005326,ft_evt_0060,Luisa Valencia,luisavalencia986@gmail.com,+57 329 7748886,1,47000,BOX_OFFICE,2026-07-23 05:30:00
ft_sal_005327,ft_evt_0060,Camila Moreno,camilamoreno931@gmail.com,(+57) 312-796-3284,1,44000,WEB,2026-08-01 10:30:00
ft_sal_005328,ft_evt_0060,María Muñoz,mariamunoz768@gmail.com,,1,128000,WEB,2026-07-23 11:30:00
ft_sal_005329,ft_evt_0060,Martínez Óscar,oscar.martinez@hotmail.com,+57 300 3071442,2,88000,WEB,2026-07-31 07:30:00
ft_sal_005330,ft_evt_0060,Andrea Arango,andreaarango204@gmail.com,573240978793,6,558000,WEB,2026-07-20 14:30:00
ft_sal_005331,ft_evt_0060,Cristian Mejía López,cristianmejia313@gmail.com,(+57) 304-237-0778,2,94000,WEB,2026-07-27 14:30:00
ft_sal_005332,ft_evt_0060,Alejandra Quintero,alejandraquintero619@outlook.com,311 782 3996,2,0,WEB,2026-07-29 19:30:00
ft_sal_005333,ft_evt_0060,Diana Ospina,DIANA.OSPINA71@GMAIL.COM,,3,0,WEB,2026-07-27 06:30:00
ft_sal_005334,ft_evt_0060,Ricardo Rojas,ricardorojas506@gmail.com,+57 306 6081554,2,118000,WEB,2026-07-24 13:30:00
ft_sal_005335,ft_evt_0060,Castro Julián,julian.castro475@gmail.com,3058530471,1,63000,WEB,2026-08-01 15:30:00
ft_sal_005336,ft_evt_0060,Alejandra Céspedes,alejandracespedes488@outlook.com,,1,61000,WEB,2026-07-29 18:30:00
ft_sal_005337,ft_evt_0060,Carlos Quintero,carlosquintero834@gmail.com,,2,176000,WEB,2026-07-30 08:30:00
ft_sal_005338,ft_evt_0060,Laura Martínez,laura.martinez848@yahoo.com,3208243609,2,200000,WEB,2026-07-26 11:30:00
ft_sal_005339,ft_evt_0060,Juliana Restrepo Castro,julianarestrepo283@gmail.com,573139974940,1,47000,WEB,2026-07-28 18:30:00
ft_sal_005340,ft_evt_0060,Natalia Vargas,natalia.vargas@gmial.com,(+57) 309-347-6998,3,132000,WEB,2026-07-28 16:30:00
ft_sal_005341,ft_evt_0060,Diana Gonzalez,dana.gonzalez302@gmail.com,301 448 8445,2,120000,WEB,2026-08-01 10:30:00
ft_sal_005342,ft_evt_0060,Diana Céspedes,diana.cespedes@gmail.com,573044362089,1,101000,ADMIN,2026-07-25 03:30:00
ft_sal_005343,ft_evt_0060,Juliana Lopez,juliana.lopez99@gmail.com,(+57) 305-069-7623,3,291000,WEB,2026-07-22 13:30:00
ft_sal_005344,ft_evt_0060,Isabella Ramírez,isabella.ramirez14+spam@gmail.com,326 429 7023,1,97000,WEB,2026-07-18 15:30:00
ft_sal_005345,ft_evt_0060,Isabella Restrepo,isabella.restrepo21@gmail.com,+57 329 2136448,1,0,WEB,2026-07-31 23:30:00
ft_sal_005346,ft_evt_0060,Catalina Peña,catalina.pena+spam@hotmail.com,+57 301 4513917,2,94000,WEB,2026-07-26 13:30:00
ft_sal_005347,ft_evt_0060,Jiménez Alejandra,alejandrajimenez200@gmail.com,325 763 7830,2,0,WEB,2026-08-01 07:30:00
ft_sal_005348,ft_evt_0060,Ricardo Moreno Arango,ricardo.moreno@icloud.com,573169873431,1,0,WEB,2026-07-31 17:30:00
ft_sal_005349,ft_evt_0060,Castro Sara,saracastro161@gmail.com,+57 303 0705118,1,44000,WEB,2026-08-01 09:30:00
ft_sal_005350,ft_evt_0060,felipe gonzález,felipe.gonzalez10@gmail.com,+57 305 7297851,3,126000,WEB,2026-07-24 09:30:00
ft_sal_005351,ft_evt_0060,Daniel Bermudez,danielbermudez805@gmail.com,573260591674,1,62000,WEB,2026-07-21 00:30:00
ft_sal_005352,ft_evt_0060,I. González,isabella.gonzalez489@gmial.com,317 044 6273,1,99000,ADMIN,2026-07-25 14:30:00
ft_sal_005353,ft_evt_0060,Santiago Arango,santiago.arango66@gmial.com,319 682 5845,1,45000,WEB,2026-07-26 09:30:00
ft_sal_005354,ft_evt_0060,Paula Guerrero,paula.guerrer60@gmail.com,3133898310,4,180000,WEB,2026-07-21 00:30:00
ft_sal_005355,ft_evt_0060,Valentina Cifuentes,valentina.cifuentes@gmail.com,573292687548,1,59000,WEB,2026-07-21 02:30:00
ft_sal_005356,ft_evt_0060,M. González,miguel.gonzalez@gmial.com,573078651866,2,204000,WEB,2026-07-26 18:30:00
ft_sal_005357,ft_evt_0060,Camila Salazar,camilasalazar574@gmail.com,+57 303 5792540,1,60000,WEB,2026-07-20 17:30:00
ft_sal_005358,ft_evt_0060,Natalia Gómez,nataliagomez59@gmail.com,,1,61000,RRPP,2026-07-30 07:30:00
ft_sal_005359,ft_evt_0060,Alejandra Rodríguez,alejandra.rodriguez15+spam@gmail.com,(+57) 304-599-3811,6,774000,WEB,2026-07-29 18:30:00
ft_sal_005360,ft_evt_0060,Andrés Rodríguez,andres.rodriguez+spam@gmail.com,3204440703,1,100000,WEB,2026-07-25 12:30:00
ft_sal_005361,ft_evt_0060,Camilo Quintero,camiloquintero748@outlook.com,573168306292,1,63000,WEB,2026-07-20 02:30:00
ft_sal_005362,ft_evt_0060,Diana Salazar,dianasalazar867@gmail.com,+57 310 0731653,1,60000,WEB,2026-08-01 04:30:00
ft_sal_005363,ft_evt_0060,A. Gómez,andresgomez33@gmail.com,(+57) 321-829-8864,1,0,WEB,2026-07-30 04:30:00
ft_sal_005364,ft_evt_0060,Cristian Vargas,daniela.pena69980@icloud.com,3181870793,2,88000,WEB,2026-08-01 06:30:00
ft_sal_005365,ft_evt_0060,SARA SALAZAR,sarasalazar776@hotmail.com,+57 320 1431745,2,288000,WEB,2026-07-22 00:30:00
ft_sal_005366,ft_evt_0060,Mariana Céspedes,marianacespedes496@gmail.com,,1,41000,WEB,2026-07-26 04:30:00
ft_sal_005367,ft_evt_0060,Isabella Pena,isabellapena890@gmail.com,+57 309 7348426,1,131000,WEB,2026-07-25 03:30:00
ft_sal_005368,ft_evt_0060,Vargas Catalina,catalinavargas296@gmail.com,573082129345,1,64000,ADMIN,2026-07-20 10:30:00
ft_sal_005369,ft_evt_0060,Laura Rodríguez Salazar,laurarodriguez586@outlook.com,573055612973,2,126000,BOX_OFFICE,2026-07-24 05:30:00
ft_sal_005370,ft_evt_0060,Miguel Moreno Moreno,miguel.moreno@gmail.com,573273782034,2,0,WEB,2026-08-01 15:30:00
ft_sal_005371,ft_evt_0060,Felipe Munoz,felpe.munoz@gmail.com,(+57) 326-523-7046,4,188000,WEB,2026-07-31 19:30:00
ft_sal_005372,ft_evt_0060,Carolina Ospina,carolinaospina11@outlook.com,+57 307 5230654,2,270000,WEB,2026-07-25 01:30:00
ft_sal_005373,ft_evt_0060,MANUELA ORTIZ,manuelaortiz193@gmail.com,310 816 5814,2,92000,WEB,2026-07-22 06:30:00
ft_sal_005374,ft_evt_0060,C. Salazar,carolinasalazar411@hotmail.com,3203516222,2,190000,WEB,2026-07-30 07:30:00
ft_sal_005375,ft_evt_0060,Daniel Arango,danielarango65@gmail.com,573147162158,1,41000,WEB,2026-07-30 10:30:00
ft_sal_005376,ft_evt_0060,Felipe Ospina Guerrero,laura.zapata8@gmail.com,(+57) 313-030-8099,3,138000,ADMIN,2026-07-23 06:30:00
ft_sal_005377,ft_evt_0060,Mateo Betancur,mateobetancur242@outlook.com,+57 312 6152589,3,135000,WEB,2026-08-01 12:30:00
ft_sal_005378,ft_evt_0060,Alejandra Betancur,alejandra.betancur@outlook.com,573021400890,6,276000,WEB,2026-07-30 10:30:00
ft_sal_005379,ft_evt_0060,López Santiago,santiagolopez156@hotmail.com,300 771 4241,1,64000,WEB,2026-07-27 11:30:00
ft_sal_005380,ft_evt_0060,Catalina López,catalinalopez889@outlook.com,(+57) 329-633-3022,1,101000,WEB,2026-07-31 07:30:00
ft_sal_005381,ft_evt_0060,Diego López,diego.lopez9@gmial.com,(+57) 321-434-5244,1,49000,WEB,2026-07-27 08:30:00
ft_sal_005382,ft_evt_0060,Isabella Ortiz,isabellaortiz547@gmail.com,+57 307 8823383,1,150000,WEB,2026-07-28 00:30:00
ft_sal_005383,ft_evt_0060,Alejandra López,diego.hernandez@gmail.com,573250965106,2,116000,WEB,2026-08-01 18:30:00
ft_sal_005384,ft_evt_0060,Esteban Jiménez,esteban.jimenez81@gmail.com,322 999 8976,1,61000,WEB,2026-07-26 05:30:00
ft_sal_005385,ft_evt_0060,M. Muñoz,mariamunoz18@gmail.com,,1,102000,WEB,2026-07-21 12:30:00
ft_sal_005386,ft_evt_0060,Felipe Lopez,felipelopez378@gmail.com,(+57) 325-543-8704,2,126000,RRPP,2026-07-24 02:30:00
ft_sal_005387,ft_evt_0060,Camilo Zapata Bermúdez,camilo.zapata541@gmial.com,573047327726,1,43000,WEB,2026-07-28 02:30:00
ft_sal_005388,ft_evt_0060,C. Mejía,catalina.mejia973+compras@gmail.com,3167804748,1,100000,WEB,2026-07-27 18:30:00
ft_sal_005389,ft_evt_0060,David Bermúdez,davidbermudez83@gmail.com,306 373 7961,1,88000,WEB,2026-08-01 16:30:00
ft_sal_005390,ft_evt_0060,Laura Suarez,laura.suarez143@gmail.com,,3,261000,WEB,2026-07-20 10:30:00
ft_sal_005391,ft_evt_0060,ISABELLA CIFUENTES,isabellacifuentes431@gmail.com,,1,60000,WEB,2026-07-30 03:30:00
ft_sal_005392,ft_evt_0060,Sebastian Valencia,sebastianvalencia184@gmail.com,3143061568,3,129000,WEB,2026-07-22 10:30:00
ft_sal_005393,ft_evt_0060,Juliana Peña,julianapena524@gmail.com,(+57) 323-098-6111,2,0,WEB,2026-07-29 05:30:00
ft_sal_005394,ft_evt_0060,Alejandra Betancur Ospina,alejandrabetancur773@outlook.com,573051821072,2,100000,WEB,2026-07-29 19:30:00
ft_sal_005395,ft_evt_0060,Mejía Carlos,carlosmejia403@outlook.com,310 898 4133,1,58000,WEB,2026-07-30 13:30:00
ft_sal_005396,ft_evt_0060,Fabián Restrepo,fabianrestrepo414@gmail.com,(+57) 304-232-3113,1,61000,WEB,2026-07-19 23:30:00
ft_sal_005397,ft_evt_0060,Miguel Ospina,miguel.ospina44@gmail.com,3214073336,1,91000,WEB,2026-07-31 12:30:00
ft_sal_005398,ft_evt_0060,Muñoz Paula,paula.munoz@gmail.com,(+57) 319-890-5786,1,57000,WEB,2026-07-22 06:30:00
ft_sal_005399,ft_evt_0060,Luisa Peña Hernández,luisapena892@gmail.com,(+57) 314-727-0124,2,126000,WEB,2026-07-24 06:30:00
ft_sal_005400,ft_evt_0060,Manuela Ospina,manuelaospina560@proton.me,573187955274,2,258000,WEB,2026-07-31 11:30:00
ft_sal_005401,ft_evt_0060,DAVID CASTRO,davidcastro86@gmail.com,,1,46000,WEB,2026-08-01 16:30:00
ft_sal_005402,ft_evt_0060,Cárdenas Nicolás,nicolas.cardenas789+eventos@gmail.com,573227140798,4,184000,BOX_OFFICE,2026-07-29 08:30:00
ft_sal_005403,ft_evt_0060,Cristian Cifuentes,cristiancifuentes907@hotmail.com,(+57) 302-617-3300,1,43000,WEB,2026-07-18 18:30:00
ft_sal_005404,ft_evt_0060,daniel restrepo,danielrestrepo205@gmail.com,573294721720,2,182000,BOX_OFFICE,2026-07-15 13:30:00
ft_sal_005405,ft_evt_0060,Nicolás Ramírez,nicolasramirez852@gmail.com,(+57) 312-906-5118,6,264000,WEB,2026-07-27 07:30:00
ft_sal_005406,ft_evt_0060,Sebastián Restrepo,sebastianrestrepo462@yahoo.com,(+57) 317-061-7287,2,84000,BOX_OFFICE,2026-07-30 10:30:00
ft_sal_005407,ft_evt_0060,Miguel Céspedes,miguel.cespedes489@gmail.com,+57 304 0273108,6,312000,WEB,2026-07-30 02:30:00
ft_sal_005408,ft_evt_0060,Catalina González,catalina.gonzalez76@gmail.com,316 821 8092,2,290000,WEB,2026-07-27 10:30:00
ft_sal_005409,ft_evt_0060,Moreno Valentina,valetina.moreno86@hotmail.com,+57 312 8536722,4,188000,BOX_OFFICE,2026-07-23 11:30:00
ft_sal_005410,ft_evt_0060,Felipe Vargas,felipe.vargas226@gmail.com,3115767669,1,143000,BOX_OFFICE,2026-07-24 13:30:00
ft_sal_005411,ft_evt_0060,alejandro valencia,alejandro.valencia@outlok.com,573201238276,2,86000,WEB,2026-07-22 04:30:00
ft_sal_005412,ft_evt_0060,manuela céspedes,manuelacespedes574@gmail.com,573029092589,3,0,WEB,2026-07-23 19:30:00
ft_sal_005413,ft_evt_0060,Ximena Jiménez,ximena.jimenez@icloud.com,,1,139000,WEB,2026-07-22 07:30:00
ft_sal_005414,ft_evt_0060,M. Hernández,miguel.hernandez+spam@outlook.com,3132253453,1,94000,WEB,2026-07-24 16:30:00
ft_sal_005415,ft_evt_0060,F. Jiménez,fabian.jimenez363@gmial.com,3085221661,1,61000,BOX_OFFICE,2026-07-28 07:30:00
ft_sal_005416,ft_evt_0060,Rojas Óscar,oscarrojas61@icloud.com,573133376063,1,140000,BOX_OFFICE,2026-07-25 12:30:00
ft_sal_005417,ft_evt_0060,Daniel Cárdenas,daniel.cardenas@gmail.com,314 550 3220,1,0,WEB,2026-07-23 00:30:00
ft_sal_005418,ft_evt_0060,T. Salazar,tatiana.salazar@gmail.com,(+57) 310-901-3547,3,0,WEB,2026-07-25 02:30:00
ft_sal_005419,ft_evt_0060,Ximena González,ximenagonzalez259@hotmail.com,3242973379,1,89000,WEB,2026-07-22 13:30:00
ft_sal_005420,ft_evt_0060,Daniela González,DANIELA.GONZALEZ@OUTLOOK.COM,308 520 0809,2,0,WEB,2026-07-24 08:30:00
ft_sal_005421,ft_evt_0060,Ximena Zapata,ximenazapata647@outlook.com,307 852 4765,1,47000,WEB,2026-07-24 15:30:00
ft_sal_005422,ft_evt_0060,CAMILA ROJAS,camilarojas601@outlook.com,+57 324 7001279,1,0,BOX_OFFICE,2026-08-01 06:30:00
ft_sal_005423,ft_evt_0060,Daniela Ortiz,danielaortiz884@icloud.com,573071544653,1,88000,WEB,2026-07-24 17:30:00
ft_sal_005424,ft_evt_0060,julián zapata,julianzapata175@gmail.com,+57 304 5946589,2,196000,RRPP,2026-08-01 05:30:00
ft_sal_005425,ft_evt_0060,Carolina López,carolinalopez168@gmail.com,,1,134000,BOX_OFFICE,2026-07-23 10:30:00
ft_sal_005426,ft_evt_0060,Moreno Andrés,andresmoreno348@gmail.com,+57 308 4975152,2,122000,WEB,2026-07-28 16:30:00
ft_sal_005427,ft_evt_0060,Camila Valencia,camilavalencia611@hotmail.com,573012195425,3,297000,WEB,2026-07-27 07:30:00
ft_sal_005428,ft_evt_0060,Carolina Peña,carolinapena213@icloud.com,+57 320 6158119,1,99000,WEB,2026-07-25 12:30:00
ft_sal_005429,ft_evt_0060,SARA OSPINA,sara.ospina@hotmial.com,573290147584,2,178000,WEB,2026-07-26 18:30:00
ft_sal_005430,ft_evt_0060,Esteban Castro,esteban.castro@hotmail.com,325 538 8881,2,88000,WEB,2026-07-27 09:30:00
ft_sal_005431,ft_evt_0060,Diana López Hernández,dianalopez586@gmail.com,(+57) 327-592-1530,2,110000,WEB,2026-07-26 23:30:00
ft_sal_005432,ft_evt_0060,Andrés González Arango,andresgonzalez192@gmail.com,+57 319 1273231,2,94000,WEB,2026-07-29 07:30:00
ft_sal_005433,ft_evt_0060,Tatiana López,tatianalopez214@gmail.com,3019716789,1,130000,WEB,2026-07-24 15:30:00
ft_sal_005434,ft_evt_0060,miguel valencia,miguel.valencia405@gmail.com,(+57) 311-590-2712,2,170000,WEB,2026-07-27 08:30:00
ft_sal_005435,ft_evt_0060,Mariana Arango,mariana.arango91@hotmail.com,(+57) 308-115-4668,1,47000,WEB,2026-08-01 11:30:00
ft_sal_005436,ft_evt_0060,David Muñoz,david.munoz@outlook.com,(+57) 301-941-0280,1,141000,WEB,2026-07-18 11:30:00
ft_sal_005437,ft_evt_0060,Tatiana Céspedes,tatiana.cespedes254@outlook.com,573213436338,1,90000,WEB,2026-07-27 23:30:00
ft_sal_005438,ft_evt_0060,Camila Mejía,camilamejia448@outlook.com,573152481766,2,122000,WEB,2026-07-22 02:30:00
ft_sal_005439,ft_evt_0060,E. Ortiz,estebanortiz469@outlook.com,,1,91000,BOX_OFFICE,2026-07-30 15:30:00
ft_sal_005440,ft_evt_0060,Esteban Bermúdez,esteban.bermudez46@gmail.com,316 779 1733,6,264000,ADMIN,2026-07-26 18:30:00
ft_sal_005441,ft_evt_0060,NICOLÁS GUERRERO,NICOLAS.GUERRERO576@GMAIL.COM,573127008831,2,280000,WEB,2026-07-24 14:30:00
ft_sal_005442,ft_evt_0060,alejandra ortiz,alejandraortiz341@hotmail.com,3084585831,2,190000,WEB,2026-07-21 13:30:00
ft_sal_005443,ft_evt_0023,Alejandro Ortiz Castro,alejandro.ortiz44@outlook.com,+57 319 5056416,1,0,WEB,2026-07-28 10:30:00
ft_sal_005444,ft_evt_0023,Juan Restrepo,catalina.gomez@gmail.com,301 705 9799,2,0,WEB,2026-07-23 20:30:00
ft_sal_005445,ft_evt_0023,Julián Arango,julian.arango+eventos@gmail.com,+57 316 8233340,2,0,BOX_OFFICE,2026-07-29 20:30:00
ft_sal_005446,ft_evt_0023,A. Peña,alejandra.pena34@outlook.com,(+57) 326-922-8531,2,0,WEB,2026-07-21 15:30:00
ft_sal_005447,ft_evt_0023,Catalina Bermúdez,sara.guerrero26@icloud.com,573208126735,2,0,BOX_OFFICE,2026-07-19 15:30:00
ft_sal_005448,ft_evt_0023,Felipe Peña,felipe.pena@gmail.com,,2,0,WEB,2026-07-28 12:30:00
ft_sal_005449,ft_evt_0023,Ximena Gómez,ximena.gomez@outlook.com,573283997527,1,0,WEB,2026-07-27 10:30:00
ft_sal_005450,ft_evt_0023,L. Peña,laurapena74@gmail.com,(+57) 312-601-0420,6,0,WEB,2026-07-27 05:30:00
ft_sal_005451,ft_evt_0023,Miguel Peña,miguelpena348@gmail.com,573049248632,3,0,WEB,2026-07-29 05:30:00
ft_sal_005452,ft_evt_0023,Isabella Quintero,isabella.quintero337@gmial.com,+57 318 9206665,1,0,WEB,2026-08-01 18:30:00
ft_sal_005453,ft_evt_0023,ricardo lópez,ricardolopez709@gmail.com,3027309452,1,0,WEB,2026-07-25 00:30:00
ft_sal_005454,ft_evt_0023,MIGUEL MARTÍNEZ,miguelmartinez551@gmail.com,(+57) 317-127-3326,2,0,ADMIN,2026-07-21 01:30:00
ft_sal_005455,ft_evt_0023,SANTIAGO CIFUENTES,santiao.cifuentes266@gmail.com,+57 327 7654540,2,0,WEB,2026-07-19 16:30:00
ft_sal_005456,ft_evt_0023,I. Arango,isabella.arango41@outlook.com,3177797442,2,0,WEB,2026-07-28 17:30:00
ft_sal_005457,ft_evt_0023,Carolina Cifuentes,carolina.cifuentes125@gmail.com,+57 303 1167232,3,0,BOX_OFFICE,2026-07-29 14:30:00
ft_sal_005458,ft_evt_0023,Carlos Ortiz Cárdenas,carlosortiz649@gmail.com,3058681726,3,0,WEB,2026-07-30 03:30:00
ft_sal_005459,ft_evt_0023,alejandro valencia,alejandrovalencia470@gmail.com,+57 312 3904132,2,0,WEB,2026-07-20 17:30:00
ft_sal_005460,ft_evt_0023,Ximena Ospina,ximena.ospina28@gmail.com,573019639470,1,0,WEB,2026-07-23 13:30:00
ft_sal_005461,ft_evt_0023,CRISTIAN SALAZAR,CRISTIAN.SALAZAR55@GMAIL.COM,+57 308 6840554,1,0,BOX_OFFICE,2026-07-27 09:30:00
ft_sal_005462,ft_evt_0023,Ximena Quintero,ximenaquintero391@gmail.com,+57 303 3120971,2,0,WEB,2026-07-28 02:30:00
ft_sal_005463,ft_evt_0023,Tatiana Restrepo Salazar,tatianarestrepo835@gmail.com,3135971455,2,0,WEB,2026-07-28 11:30:00
ft_sal_005464,ft_evt_0023,juliana valencia,juliana.valencia17@yahoo.com,573215546390,1,0,WEB,2026-07-26 02:30:00
ft_sal_005465,ft_evt_0023,Carlos Vargas González,carlosvargas592@icloud.com,(+57) 322-031-8064,1,0,WEB,2026-07-29 08:30:00
ft_sal_005466,ft_evt_0023,Daniela Bermúdez,danielabermudez804@gmail.com,307 404 4101,1,0,ADMIN,2026-08-01 00:30:00
ft_sal_005467,ft_evt_0023,Óscar Jiménez,oscar.jimenez+boletas@gmail.com,3118807996,1,0,WEB,2026-07-22 17:30:00
ft_sal_005468,ft_evt_0023,manuela suárez,manuelasuarez23@gmail.com,+57 301 2893640,3,0,WEB,2026-07-25 19:30:00
ft_sal_005469,ft_evt_0023,Diana Jimenez,dianajimenez541@gmail.com,+57 300 0907361,2,0,WEB,2026-07-18 06:30:00
ft_sal_005470,ft_evt_0023,Paula Moreno,paulamoreno152@gmail.com,+57 315 6762376,1,0,WEB,2026-08-01 03:30:00
ft_sal_005471,ft_evt_0023,Felipe Céspedes,felipe.cesedes@hotmail.com,325 002 3290,2,0,WEB,2026-07-19 00:30:00
ft_sal_005472,ft_evt_0023,Mateo Bermúdez,mateobermudez524@yahoo.com,+57 318 3993180,2,0,WEB,2026-07-27 00:30:00
ft_sal_005473,ft_evt_0023,Cristian Cifuentes,cristian.cifuentes@gmail.com,,4,0,WEB,2026-07-28 20:30:00
ft_sal_005474,ft_evt_0023,ISABELLA ORTIZ,isabella.ortz99@outlook.com,+57 327 3537393,6,0,BOX_OFFICE,2026-07-29 07:30:00
ft_sal_005475,ft_evt_0023,Carolina Martínez,carolinamartinez832@hotmail.com,3281883723,2,0,WEB,2026-07-27 07:30:00
ft_sal_005476,ft_evt_0023,Quintero Santiago,santiago.quintero16@outlook.com,326 155 7991,3,0,WEB,2026-07-25 02:30:00
ft_sal_005477,ft_evt_0023,Sara Ortiz,sara.ortiz83@hotmail.com,3214073336,2,0,WEB,2026-07-26 09:30:00
ft_sal_005478,ft_evt_0023,Céspedes Felipe,felipe.cespedes111@gmail.com,,1,0,WEB,2026-08-01 00:30:00
ft_sal_005479,ft_evt_0023,A. Arango,andrea.arango826+eventos@gmail.com,3101339456,4,0,BOX_OFFICE,2026-07-23 08:30:00
ft_sal_005480,ft_evt_0023,Ricardo Suárez,ricardosuarez723@gmail.com,(+57) 301-918-1516,1,0,WEB,2026-07-20 14:30:00
ft_sal_005481,ft_evt_0023,Luisa Betancur,luisabetancur100@gmail.com,(+57) 316-862-6880,1,0,WEB,2026-08-01 05:30:00
ft_sal_005482,ft_evt_0023,Camilo Bermúdez,camilobermudez668@gmail.com,310 833 6172,1,0,WEB,2026-07-23 20:30:00
ft_sal_005483,ft_evt_0023,Camilo Bermúdez,camilo.bermudez@yahoo.com,3171692682,1,0,BOX_OFFICE,2026-07-23 16:30:00
ft_sal_005484,ft_evt_0023,Santiago Quintero,santiago.quintero@gmail.com,(+57) 307-049-9590,1,0,WEB,2026-08-01 03:30:00
ft_sal_005485,ft_evt_0023,DAVID VARGAS,sara.gomez92@gmail.com,+57 323 6730229,2,0,WEB,2026-07-24 17:30:00
ft_sal_005486,ft_evt_0023,Carlos Rojas,carlos.rojas689+spam@gmail.com,573227424609,1,0,WEB,2026-07-26 13:30:00
ft_sal_005487,ft_evt_0023,miguel betancur,miguel.betancur10@gmail.com,573137943104,1,0,WEB,2026-07-28 01:30:00
ft_sal_005488,ft_evt_0023,Cristian Castro,cristian.castro489+boletas@gmail.com,326 824 1125,2,0,WEB,2026-07-27 04:30:00
ft_sal_005489,ft_evt_0023,Valentina López,valentinalopez502@gmail.com,311 780 2748,1,0,WEB,2026-07-30 07:30:00
ft_sal_005490,ft_evt_0023,ANDRÉS VARGAS,andresvargas354@yahoo.com,3044199853,1,0,WEB,2026-08-01 08:30:00
ft_sal_005491,ft_evt_0023,Óscar Ortiz,oscar.ortiz121@hotmail.com,3052369062,1,0,WEB,2026-08-01 08:30:00
ft_sal_005492,ft_evt_0023,XIMENA VARGAS,ximenavargas111@gmail.com,+57 316 8777099,1,0,BOX_OFFICE,2026-07-22 07:30:00
ft_sal_005493,ft_evt_0023,Diana Zapata,diana.zapata@yahoo.com,+57 307 4987826,1,0,WEB,2026-07-17 04:30:00
ft_sal_005494,ft_evt_0023,Ximena Martínez,ximena.martinez4+spam@outlook.com,(+57) 311-586-1017,3,0,WEB,2026-07-24 08:30:00
ft_sal_005495,ft_evt_0023,D. Restrepo,diegorestrepo235@gmail.com,317 974 5240,3,0,WEB,2026-07-30 15:30:00
ft_sal_005496,ft_evt_0023,Ricardo Céspedes,ricardocespedes675@gmail.com,573096438297,4,0,WEB,2026-07-26 19:30:00
ft_sal_005497,ft_evt_0023,Ortiz Óscar,oscar.ortiz@hotmail.com,310 656 8286,1,0,WEB,2026-07-30 09:30:00
ft_sal_005498,ft_evt_0023,Andrea Valencia,andreavalencia761@gmail.com,(+57) 311-040-0302,1,0,WEB,2026-07-19 03:30:00
ft_sal_005499,ft_evt_0023,Ximena Vargas,ximena.vargas78@gmail.com,3294259298,4,0,RRPP,2026-08-01 07:30:00
ft_sal_005500,ft_evt_0023,DIANA MORENO,DIANA.MORENO@GMAIL.COM,312 353 2676,2,0,WEB,2026-07-30 03:30:00
ft_sal_005501,ft_evt_0023,Camilo Suárez,camilosuarez834@outlook.com,+57 305 3092164,1,0,BOX_OFFICE,2026-07-20 18:30:00
ft_sal_005502,ft_evt_0023,Juliana Peña González,julianapena726@gmail.com,573002953339,6,0,ADMIN,2026-07-29 01:30:00
ft_sal_005503,ft_evt_0023,Santiago Arango,santiago.arango@gmail.com,+57 328 9273292,2,0,WEB,2026-07-23 01:30:00
ft_sal_005504,ft_evt_0023,cristian ramírez,cristianramirez689@yahoo.com,+57 329 5458889,3,0,WEB,2026-07-15 19:30:00
ft_sal_005505,ft_evt_0050,Gómez Juan,juan.gomez42@outlook.com,,1,47000,WEB,2026-07-30 07:00:00
ft_sal_005506,ft_evt_0050,Valentina Guerrero,valentinaguerrero48@gmail.com,573236862374,3,132000,WEB,2026-07-23 05:00:00
ft_sal_005507,ft_evt_0050,Diana Castro,diana.castro@gmail.com,573061614544,2,110000,WEB,2026-07-20 12:00:00
ft_sal_005508,ft_evt_0050,Diego Cárdenas,diegocardenas625@gmail.com,573115109323,3,132000,WEB,2026-07-26 09:00:00
ft_sal_005509,ft_evt_0050,Alejandra Cifuentes,julian.quintero18@gmail.com,(+57) 312-544-7216,1,63000,WEB,2026-07-24 13:00:00
ft_sal_005510,ft_evt_0050,ricardo betancur,ricardo.betancur@outlook.com,573285319974,1,60000,WEB,2026-08-01 21:00:00
ft_sal_005511,ft_evt_0050,David Valencia,davidvalencia618@gmail.com,573159956095,1,58000,WEB,2026-07-29 19:00:00
ft_sal_005512,ft_evt_0050,N. Suárez,cristian.zapata@icloud.com,+57 316 4783185,1,61000,WEB,2026-07-24 07:00:00
ft_sal_005513,ft_evt_0050,Catalina González,catalina.gonzalez41@gmail.com,+57 304 6503446,2,126000,WEB,2026-07-28 02:00:00
ft_sal_005514,ft_evt_0050,Bermúdez Fabián,sebastian.salazar63@gmail.com,329 065 7700,1,95000,WEB,2026-07-20 01:00:00
ft_sal_005515,ft_evt_0050,Alejandra Suárez,alejandrasuarez904@gmail.com,,2,94000,BOX_OFFICE,2026-07-23 05:00:00
ft_sal_005516,ft_evt_0050,Isabella Cifuentes,isabella.cifuentes@outlook.com,+57 328 4870908,2,86000,WEB,2026-07-25 18:00:00
ft_sal_005517,ft_evt_0050,Ortiz Natalia,mateo.munoz11@gmail.com,(+57) 326-011-3719,6,276000,BOX_OFFICE,2026-08-01 09:00:00
ft_sal_005518,ft_evt_0050,Carlos Rodríguez López,carlos.rodriguez546@gmail.com,3193573154,2,128000,RRPP,2026-07-16 01:00:00
ft_sal_005519,ft_evt_0050,JUAN CIFUENTES,juan.cifuentes254@gmail.com,3257143677,4,372000,WEB,2026-07-29 08:00:00
ft_sal_005520,ft_evt_0050,Alejandra Jiménez,alejandrajimenez991@hotmail.com,301 827 4241,1,47000,WEB,2026-07-25 15:00:00
ft_sal_005521,ft_evt_0050,Juliana Betancur,juliana.betancur274@gmail.com,,4,388000,BOX_OFFICE,2026-07-23 18:00:00
ft_sal_005522,ft_evt_0050,carolina betancur,carolina.betancur@outlok.com,573272906643,2,122000,WEB,2026-07-26 18:00:00
ft_sal_005523,ft_evt_0050,María Mejía,maria.mejia26@gmail.com,311 423 1255,1,96000,WEB,2026-07-26 05:00:00
ft_sal_005524,ft_evt_0050,Diana Jiménez Suárez,diana.jimenez64@gmail.com,+57 326 8232961,1,64000,ADMIN,2026-07-19 02:00:00
ft_sal_005525,ft_evt_0050,Julián Castro,julian.castro@gmail.com,3217397837,3,450000,WEB,2026-07-20 03:00:00
ft_sal_005526,ft_evt_0050,D. Suárez,davidsuarez79@gmail.com,573042503025,2,122000,WEB,2026-07-26 15:00:00
ft_sal_005527,ft_evt_0050,Julián Ortiz,julianortiz23@gmail.com,+57 328 2987109,1,44000,WEB,2026-07-20 04:00:00
ft_sal_005528,ft_evt_0050,Daniela Martinez,danielamartinez998@gmail.com,573045446657,4,0,WEB,2026-08-01 10:00:00
ft_sal_005529,ft_evt_0050,Alejandro Cárdenas,alejandro.cardenas@hotmail.com,573280276216,1,146000,BOX_OFFICE,2026-08-01 14:00:00
ft_sal_005530,ft_evt_0050,Esteban Peña,estebanpena290@gmail.com,,3,303000,WEB,2026-07-22 09:00:00
ft_sal_005531,ft_evt_0050,Isabella Salazar,isabella.salazar189@hotmail.com,(+57) 315-463-7928,2,84000,WEB,2026-07-29 15:00:00
ft_sal_005532,ft_evt_0050,Juan Céspedes,juancespedes375@gmail.com,328 366 2694,1,49000,WEB,2026-07-31 20:00:00
ft_sal_005533,ft_evt_0050,JULIANA BETANCUR,julana.betancur4@proton.me,573249516436,3,123000,WEB,2026-07-31 12:00:00
ft_sal_005534,ft_evt_0050,Valentina Betancur,valentina.betancur+compras@outlook.com,3167849124,2,86000,WEB,2026-07-24 14:00:00
ft_sal_005535,ft_evt_0050,David Gonzalez,davidgonzalez495@gmail.com,3156792250,3,183000,WEB,2026-07-27 08:00:00
ft_sal_005536,ft_evt_0050,Alejandro Vargas Moreno,alejandro.vargas9@gmial.com,3050707853,1,141000,WEB,2026-07-29 01:00:00
ft_sal_005537,ft_evt_0050,Juan Valencia,valentina.jimenez86@proton.me,3040496200,2,192000,WEB,2026-07-23 07:00:00
ft_sal_005538,ft_evt_0050,Camilo Guerrero Bermúdez,camilo.guerrero890@gmail.com,3240220823,1,62000,WEB,2026-07-26 16:00:00
ft_sal_005539,ft_evt_0050,Santiago Cifuentes,santiago.cifuentes317@gmial.com,(+57) 306-418-7336,3,417000,WEB,2026-07-31 11:00:00
ft_sal_005540,ft_evt_0050,Natalia Castro,natalia.castro267+compras@gmail.com,+57 318 4148051,2,116000,WEB,2026-07-30 04:00:00
ft_sal_005541,ft_evt_0050,Felipe Cárdenas,FELIPE.CARDENAS@GMAIL.COM,+57 325 8286985,1,0,WEB,2026-07-23 09:00:00
ft_sal_005542,ft_evt_0050,Manuela Gómez,manuelagomez104@gmail.com,+57 319 8451975,2,118000,WEB,2026-07-25 14:00:00
ft_sal_005543,ft_evt_0050,N. Gómez,nataliagomez40@gmail.com,+57 313 7337766,2,118000,WEB,2026-07-27 04:00:00
ft_sal_005544,ft_evt_0050,Felipe Restrepo,felipe.restrepo@gmail.com,+57 325 8353062,2,88000,WEB,2026-07-31 09:00:00
ft_sal_005545,ft_evt_0050,Santiago Quintero,santiagoquintero609@gmail.com,573143326503,1,90000,WEB,2026-07-19 10:00:00
ft_sal_005546,ft_evt_0050,Ximena Cardenas,ximenacardenas670@outlook.com,,2,94000,BOX_OFFICE,2026-07-19 14:00:00
ft_sal_005547,ft_evt_0050,Daniel Arango,danielarango772@gmail.com,3261199058,1,41000,ADMIN,2026-07-23 06:00:00
ft_sal_005548,ft_evt_0050,Julián Peña,julianpena7@outlook.com,573060223313,2,90000,WEB,2026-08-01 15:00:00
ft_sal_005549,ft_evt_0050,felipe hernández,felipe.hernandez206@gmial.com,,2,278000,WEB,2026-07-29 17:00:00
ft_sal_005550,ft_evt_0050,Laura Martínez,laura.martinez848@gmail.com,(+57) 320-823-4609,1,97000,WEB,2026-07-24 09:00:00
ft_sal_005551,ft_evt_0050,Miguel Gómez,miguelgomez781@outlook.com,573283257154,1,95000,BOX_OFFICE,2026-07-26 11:00:00
ft_sal_005552,ft_evt_0050,Óscar Gómez,oscar.gomez@gmail.com,,1,44000,WEB,2026-08-01 21:00:00
ft_sal_005553,ft_evt_0050,Carlos Ramírez,carlosramirez712@hotmail.com,3172099713,1,0,WEB,2026-07-26 07:00:00
ft_sal_005554,ft_evt_0050,Daniel Guerrero,danielguerrero291@gmail.com,(+57) 328-182-9599,1,61000,WEB,2026-07-22 06:00:00
ft_sal_005555,ft_evt_0050,Alejandro Bermúdez Suárez,alejandro.bermudez@hotmail.com,+57 323 5066061,1,63000,BOX_OFFICE,2026-07-25 11:00:00
ft_sal_005556,ft_evt_0050,Juan González,juan.gonzalez@hotmail.com,,1,136000,WEB,2026-07-28 18:00:00
ft_sal_005557,ft_evt_0050,C. Rodríguez,cristianrodriguez713@gmail.com,3162189257,2,0,WEB,2026-08-01 01:00:00
ft_sal_005558,ft_evt_0050,cristian muñoz,cristianmunoz754@gmail.com,308 604 7718,1,105000,ADMIN,2026-07-21 03:00:00
ft_sal_005559,ft_evt_0050,Juliana Vargas,julianavargas188@gmail.com,317 981 2152,2,112000,WEB,2026-07-26 09:00:00
ft_sal_005560,ft_evt_0050,Alejandra Martinez,alejandramartinez855@gmail.com,+57 320 2621045,1,44000,WEB,2026-07-28 16:00:00
ft_sal_005561,ft_evt_0050,ALEJANDRA ROJAS,carolina.restrepo@gmail.com,(+57) 311-077-1262,2,92000,WEB,2026-07-23 20:00:00
ft_sal_005562,ft_evt_0050,Sara Hernández Hernández,sara.hernandez+compras@proton.me,3196160764,1,56000,WEB,2026-08-01 21:00:00
ft_sal_005563,ft_evt_0050,Ricardo Restrepo,ricardo.restrepo@gmail.com,(+57) 306-350-0548,3,417000,WEB,2026-07-25 19:00:00
ft_sal_005564,ft_evt_0050,S. Salazar,sebastian.salazar653+boletas@gmail.com,+57 301 7916851,1,55000,WEB,2026-08-01 07:00:00
ft_sal_005565,ft_evt_0050,Sebastián Moreno,sebastian.moreno381@gmial.com,(+57) 317-369-4941,3,183000,WEB,2026-07-26 03:00:00
ft_sal_005566,ft_evt_0050,Ricardo González,ricardo.gonzalez87@gmail.com,3112673638,2,124000,WEB,2026-07-29 17:00:00
ft_sal_005567,ft_evt_0050,E. Ortiz,esteban.ortiz57@hotmail.com,+57 312 3018668,3,147000,WEB,2026-07-23 06:00:00
ft_sal_005568,ft_evt_0050,XIMENA JIMÉNEZ,ximena.jimenez@icloud.com,(+57) 311-927-0664,2,184000,BOX_OFFICE,2026-07-27 16:00:00
ft_sal_005569,ft_evt_0050,Andrea Vargas,andreavargas628@gmail.com,3151860864,1,95000,BOX_OFFICE,2026-08-01 04:00:00
ft_sal_005570,ft_evt_0050,Juliana Castro,JULIANA.CASTRO45@GMAIL.COM,3078174812,3,432000,WEB,2026-07-22 21:00:00
ft_sal_005571,ft_evt_0050,Mariana Guerrero,mariana.guerrero@gmail.com,573151523305,1,0,WEB,2026-08-01 17:00:00
ft_sal_005572,ft_evt_0050,Moreno Cristian,cristian.moreno608@gmail.com,573124704632,2,114000,WEB,2026-07-29 02:00:00
ft_sal_005573,ft_evt_0050,MANUELA CÉSPEDES,manuela.cespedes66@gmail.com,(+57) 323-663-9021,1,45000,WEB,2026-07-26 15:00:00
ft_sal_005574,ft_evt_0050,Felipe Suárez,felipesuarez82@gmail.com,3205415778,1,65000,WEB,2026-07-24 20:00:00
ft_sal_005575,ft_evt_0050,Juan Vargas Restrepo,juan.vargas4@outlook.com,309 688 3155,6,600000,WEB,2026-07-30 12:00:00
ft_sal_005576,ft_evt_0050,Alejandro Castro,alejandro.castro460+compras@hotmail.com,(+57) 322-541-7986,1,0,WEB,2026-07-27 14:00:00
ft_sal_005577,ft_evt_0050,Daniel Gómez Céspedes,danielgomez767@gmail.com,+57 314 2583854,1,140000,WEB,2026-07-26 13:00:00
ft_sal_005578,ft_evt_0050,Andrea Rojas,andrea.rojas@outlook.com,317 996 5899,1,62000,WEB,2026-07-30 19:00:00
ft_sal_005579,ft_evt_0050,Diego Ortiz Jiménez,diegoortiz272@hotmail.com,573103920215,2,192000,WEB,2026-07-28 18:00:00
ft_sal_005580,ft_evt_0050,Sara Ospina,SARA.OSPINA21@GMAIL.COM,(+57) 328-709-8692,2,134000,WEB,2026-07-26 15:00:00
ft_sal_005581,ft_evt_0050,Camila Ramírez,fabian.bermudez@outlook.com,(+57) 303-054-9649,1,92000,WEB,2026-07-27 13:00:00
ft_sal_005582,ft_evt_0050,Juliana Ramírez,julianaramirez850@gmail.com,(+57) 304-937-8853,1,0,RRPP,2026-07-25 20:00:00
ft_sal_005583,ft_evt_0050,mateo cifuentes,mateocifuentes784@gmail.com,573009974156,1,48000,BOX_OFFICE,2026-08-01 09:00:00
ft_sal_005584,ft_evt_0050,L. Rodríguez,luisa.rodriguez167@gmail.com,3195475328,1,63000,ADMIN,2026-08-01 20:00:00
ft_sal_005585,ft_evt_0050,david bermúdez,davidbermudez98@gmail.com,573105223679,1,90000,BOX_OFFICE,2026-07-29 10:00:00
ft_sal_005586,ft_evt_0050,Laura Rodríguez,laura.rodriguez128@gmail.com,573100296838,6,342000,WEB,2026-07-29 06:00:00
ft_sal_005587,ft_evt_0050,juan betancur,juan.betancur538@gmail.com,+57 313 2594113,2,194000,BOX_OFFICE,2026-07-27 06:00:00
ft_sal_005588,ft_evt_0050,Nicolas Cardenas,nicolascardenas152@gmail.com,,2,176000,WEB,2026-07-22 20:00:00
ft_sal_005589,ft_evt_0050,juan salazar,juansalazar750@gmail.com,+57 305 1234595,1,157000,WEB,2026-07-26 12:00:00
ft_sal_005590,ft_evt_0050,Natalia González,natalia.gonzalez@gmail.com,(+57) 305-115-3023,2,98000,WEB,2026-07-23 16:00:00
ft_sal_005591,ft_evt_0050,Tatiana Mejía,tatiana.mejia+boletas@hotmail.com,314 285 5032,2,0,WEB,2026-07-29 17:00:00
ft_sal_005592,ft_evt_0050,Sebastián Valencia,sebastian.valencia@hotmail.com,,2,274000,WEB,2026-07-30 05:00:00
ft_sal_005593,ft_evt_0050,Catalina Céspedes,catalinacespedes298@gmail.com,321 624 8360,1,98000,WEB,2026-07-28 05:00:00
ft_sal_005594,ft_evt_0050,NICOLÁS RESTREPO,nicolas.restrepo@gmail.com,3251353663,2,84000,WEB,2026-07-21 10:00:00
ft_sal_005595,ft_evt_0050,Felipe Rodriguez,feliperodriguez81@gmail.com,(+57) 301-313-4879,2,96000,BOX_OFFICE,2026-08-01 01:00:00
ft_sal_005596,ft_evt_0050,Laura Zapata,laura.zapata966@gmail.com,+57 304 6500386,1,98000,WEB,2026-07-30 14:00:00
ft_sal_005597,ft_evt_0050,Miguel López,miguel.lopez1@gmail.com,+57 328 3440375,2,88000,BOX_OFFICE,2026-08-01 16:00:00
ft_sal_005598,ft_evt_0050,Restrepo Santiago,santiago.restrepo@gmail.com,573092779432,2,122000,WEB,2026-07-27 04:00:00
ft_sal_005599,ft_evt_0050,Daniela Restrepo Restrepo,danela.restrepo350@gmail.com,(+57) 308-509-0540,1,60000,WEB,2026-07-24 20:00:00
ft_sal_005600,ft_evt_0050,Ricardo Rodriguez,ricardorodriguez398@gmail.com,(+57) 301-039-8855,2,120000,WEB,2026-08-01 04:00:00
ft_sal_005601,ft_evt_0050,Camila González,camilagonzalez218@gmail.com,573293243474,2,280000,WEB,2026-08-01 08:00:00
ft_sal_005602,ft_evt_0050,Isabella Cifuentes Moreno,isabellacifuentes290@gmail.com,(+57) 310-467-6460,1,0,WEB,2026-07-21 11:00:00
ft_sal_005603,ft_evt_0050,Isabella Mejía Peña,isabellamejia508@gmail.com,,4,216000,ADMIN,2026-07-28 09:00:00
ft_sal_005604,ft_evt_0050,Camilo Betancur,camilobetancur683@hotmail.com,+57 324 2440645,1,62000,WEB,2026-07-24 07:00:00
ft_sal_005605,ft_evt_0050,N. Suárez,nataliasuarez@yahoo.com,3027521449,1,44000,WEB,2026-07-26 20:00:00
ft_sal_005606,ft_evt_0050,Juan Gómez,juangomez716@gmail.com,(+57) 309-337-2285,1,42000,WEB,2026-07-26 01:00:00
ft_sal_005607,ft_evt_0050,Andrea López,ANDREA.LOPEZ@GMAIL.COM,309 893 7833,2,268000,ADMIN,2026-08-01 13:00:00
ft_sal_005608,ft_evt_0050,Juliana Guerrero,julianaguerrero6@yahoo.com,311 792 1665,1,67000,WEB,2026-08-01 11:00:00
ft_sal_005609,ft_evt_0050,Daniela Jiménez,DANIELA.JIMENEZ@OUTLOOK.COM,,1,44000,WEB,2026-07-29 04:00:00
ft_sal_005610,ft_evt_0050,Oscar Pena,OSCAR.PENA@GMAIL.COM,3189682079,1,90000,WEB,2026-07-29 20:00:00
ft_sal_005611,ft_evt_0050,Fabián Céspedes,juan.jimenez@gmail.com,3073835877,1,48000,WEB,2026-07-29 15:00:00
ft_sal_005612,ft_evt_0050,Cristian Suárez,cristian.suarez88@outlook.com,+57 307 1933900,1,56000,WEB,2026-07-29 21:00:00
ft_sal_005613,ft_evt_0050,Julian Vargas,julian.vargas97@yahoo.com,(+57) 319-700-5965,2,0,BOX_OFFICE,2026-08-01 12:00:00
ft_sal_005614,ft_evt_0050,Julián Moreno,julianmoreno593@outlook.com,310 648 3640,1,43000,WEB,2026-07-24 15:00:00
ft_sal_005615,ft_evt_0050,Felipe Arango,felipearango105@icloud.com,301 691 3559,1,0,WEB,2026-07-18 06:00:00
ft_sal_005616,ft_evt_0050,Mariana Rodríguez Zapata,marianarodriguez534@gmail.com,(+57) 313-577-3893,1,63000,WEB,2026-07-27 06:00:00
ft_sal_005617,ft_evt_0050,Manuela Rojas,manuelarojas510@gmail.com,+57 307 2221639,3,126000,WEB,2026-08-01 15:00:00
ft_sal_005618,ft_evt_0050,Julián Gómez,juliangomez712@gmail.com,(+57) 308-044-5573,1,102000,WEB,2026-07-24 18:00:00
ft_sal_005619,ft_evt_0050,Camila Gómez,camilagomez667@gmail.com,+57 300 5745250,1,93000,WEB,2026-07-22 12:00:00
ft_sal_005620,ft_evt_0050,Ricardo Castro,ricardo.castro22@hotmail.com,(+57) 315-884-6102,1,46000,ADMIN,2026-07-27 09:00:00
ft_sal_005621,ft_evt_0050,Alejandra Arango,alejandraarango96@gmail.com,305 002 0189,2,82000,WEB,2026-07-23 02:00:00
ft_sal_005622,ft_evt_0050,Andrea Castro,andreacastro259@icloud.com,(+57) 310-494-2915,6,288000,WEB,2026-07-31 09:00:00
ft_sal_005623,ft_evt_0050,Daniela López,danielalopez28@outlook.com,+57 316 9888302,1,56000,BOX_OFFICE,2026-07-28 20:00:00
ft_sal_005624,ft_evt_0050,Carlos Arango,carlos.arango10@gmail.com,(+57) 326-020-2227,2,88000,WEB,2026-07-29 08:00:00
ft_sal_005625,ft_evt_0050,Ortiz Sebastián,sebastianortiz873@gmail.com,300 886 4083,1,93000,WEB,2026-08-01 02:00:00
ft_sal_005626,ft_evt_0050,Juliana Ortiz,juliana.ortiz117@hotmial.com,307 608 5918,4,368000,WEB,2026-08-01 21:00:00
ft_sal_005627,ft_evt_0050,Santiago Ortiz,santiagoortiz159@gmail.com,323 688 7516,1,97000,WEB,2026-07-18 12:00:00
ft_sal_005628,ft_evt_0050,Sara Ortiz,sara.ortiz783@gmail.com,3283807715,1,62000,WEB,2026-07-29 05:00:00
ft_sal_005629,ft_evt_0050,Paula Mejía Ospina,paulamejia46@icloud.com,(+57) 314-055-8792,1,46000,WEB,2026-07-31 08:00:00
ft_sal_005630,ft_evt_0050,Luisa Betancur Mejía,luisa.betancur@gmail.com,573010902680,1,61000,WEB,2026-07-23 04:00:00
ft_sal_005631,ft_evt_0050,María Martínez,MARIA.MARTINEZ@HOTMAIL.COM,315 716 3710,2,130000,WEB,2026-07-28 13:00:00
ft_sal_005632,ft_evt_0050,Valentina Mejía,valentina.mejia41@gmail.com,3084227724,6,0,WEB,2026-07-26 08:00:00
ft_sal_005633,ft_evt_0050,A. Guerrero,andes.guerrero720@gmail.com,301 255 0534,2,200000,WEB,2026-07-22 07:00:00
ft_sal_005634,ft_evt_0050,D. Valencia,diego.valencia81@hotmail.com,(+57) 308-011-6124,2,130000,WEB,2026-08-01 19:00:00
ft_sal_005635,ft_evt_0050,Peña Diana,diana.pena58@outlook.com,+57 324 9880914,4,252000,WEB,2026-07-26 15:00:00
ft_sal_005636,ft_evt_0050,tatiana peña,TATIANA.PENA33@GMAIL.COM,(+57) 328-742-8069,3,177000,WEB,2026-07-24 15:00:00
ft_sal_005637,ft_evt_0050,ximena céspedes,ximenacespedes551@yahoo.com,(+57) 305-632-2245,1,0,WEB,2026-08-01 02:00:00
ft_sal_005638,ft_evt_0050,Camila Ospina,camilaospina22@gmail.com,+57 309 5182546,4,160000,ADMIN,2026-07-24 05:00:00
ft_sal_005639,ft_evt_0050,González Sebastián,sebastiangonzalez498@hotmail.com,324 542 6674,1,94000,RRPP,2026-07-26 11:00:00
ft_sal_005640,ft_evt_0050,Esteban Gomez,esteban.gomez532@gmial.com,(+57) 313-977-3717,2,92000,WEB,2026-08-01 18:00:00
ft_sal_005641,ft_evt_0050,Alejandra Cifuentes,alejandra.cifuentes92@yahoo.com,3189066091,2,92000,ADMIN,2026-07-23 09:00:00
ft_sal_005642,ft_evt_0050,María Ospina,maria.ospina97@gmail.com,(+57) 301-968-1364,2,178000,WEB,2026-07-18 01:00:00
ft_sal_005643,ft_evt_0050,Valentina Rodríguez,valentina.rodriguez4@gmial.com,(+57) 310-442-9006,2,196000,WEB,2026-07-25 14:00:00
ft_sal_005644,ft_evt_0050,Valentina Ramírez,valentina.ramirez33@outlook.com,3087486896,2,84000,WEB,2026-07-31 18:00:00
ft_sal_005645,ft_evt_0050,MANUELA SALAZAR,manuela.salazar63@proton.me,(+57) 327-210-0135,1,103000,RRPP,2026-07-28 13:00:00
ft_sal_005646,ft_evt_0050,Carolina Quintero,carolina.quintero34@gmail.com,3011366654,1,45000,BOX_OFFICE,2026-07-30 03:00:00
ft_sal_005647,ft_evt_0050,N. Ospina,nicolas.ospina5@proton.me,(+57) 308-980-7880,2,260000,ADMIN,2026-08-01 11:00:00
ft_sal_005648,ft_evt_0050,Juan Cifuentes,juancifuentes154@gmail.com,573128123003,2,126000,BOX_OFFICE,2026-08-01 16:00:00
ft_sal_005649,ft_evt_0050,Miguel Cifuentes,miguel.cifuentes@gmail.com,+57 326 5644299,2,96000,WEB,2026-07-22 17:00:00
ft_sal_005650,ft_evt_0050,Manuela Peña Cárdenas,manuelapena961@icloud.com,3165632346,1,92000,WEB,2026-08-01 15:00:00
ft_sal_005651,ft_evt_0050,Miguel Céspedes Muñoz,andrea.martinez@icloud.com,573144285599,4,176000,BOX_OFFICE,2026-07-30 02:00:00
ft_sal_005652,ft_evt_0050,Mariana Moreno,mariana.moreno90@gmail.com,+57 326 4855450,1,58000,ADMIN,2026-07-28 10:00:00
ft_sal_005653,ft_evt_0050,Sebastián Ramírez López,sebastian.ramirez543@gmail.com,309 941 4818,1,90000,WEB,2026-08-01 20:00:00
ft_sal_005654,ft_evt_0050,Ricardo Martínez,ricardo.martinez93@hotmail.com,,2,92000,WEB,2026-07-22 06:00:00
ft_sal_005655,ft_evt_0050,Valentina Vargas,valentina.vargas21@gmial.com,+57 327 0702777,4,264000,RRPP,2026-08-01 02:00:00
ft_sal_005656,ft_evt_0050,C. Martínez,catalinamartinez414@outlook.com,573044410540,4,580000,WEB,2026-08-01 02:00:00
ft_sal_005657,ft_evt_0050,Esteban Castro Ortiz,estebancastro274@hotmail.com,329 282 8626,1,44000,WEB,2026-07-24 16:00:00
ft_sal_005658,ft_evt_0050,Felipe Arango,felipe.arango443@gmail.com,+57 309 6154255,1,46000,WEB,2026-07-21 21:00:00
ft_sal_005659,ft_evt_0050,Isabella Ramírez,ISABELLA.RAMIREZ50@OUTLOOK.COM,,2,128000,WEB,2026-08-01 03:00:00
ft_sal_005660,ft_evt_0050,Sebastián Ortiz,sebastianortiz89@hotmail.com,320 571 8446,1,131000,WEB,2026-07-29 12:00:00
ft_sal_005661,ft_evt_0050,esteban gómez,esteban.gomez@hotmail.com,3002926263,2,86000,ADMIN,2026-07-24 18:00:00
ft_sal_005662,ft_evt_0050,María Quintero,maria.quintero472@gmail.com,324 955 3476,2,282000,WEB,2026-07-22 09:00:00
ft_sal_005663,ft_evt_0050,julián ortiz,julianortiz98@gmail.com,,2,108000,WEB,2026-07-30 03:00:00
ft_sal_005664,ft_evt_0050,Camila Salazar Betancur,camila.salazar@gmail.com,306 338 3682,2,90000,BOX_OFFICE,2026-08-01 01:00:00
ft_sal_005665,ft_evt_0050,maría suárez,maria.suarez12@outlook.com,+57 306 8504582,1,63000,WEB,2026-07-30 08:00:00
ft_sal_005666,ft_evt_0050,Andres Quintero,andresquintero33@outlook.com,573156616194,2,192000,WEB,2026-07-28 17:00:00
ft_sal_005667,ft_evt_0050,Santiago Suarez,santiagosuarez219@gmail.com,314 954 6495,2,0,WEB,2026-07-22 04:00:00
ft_sal_005668,ft_evt_0050,Daniela Rodríguez,daniela.rodriguez5@gmail.com,314 843 9123,3,135000,WEB,2026-07-27 13:00:00
ft_sal_005669,ft_evt_0050,Natalia Jiménez,natalia.jimenez@gmail.com,326 355 2077,2,94000,WEB,2026-07-28 04:00:00
ft_sal_005670,ft_evt_0050,Santiago Moreno,santiago.moreno52@outlook.com,+57 314 4399706,1,41000,RRPP,2026-07-24 16:00:00
ft_sal_005671,ft_evt_0050,Diana Restrepo,diana.restrepo@gmail.com,573153776773,2,182000,ADMIN,2026-07-30 20:00:00
ft_sal_005672,ft_evt_0050,Ricardo Ortiz,ricardoortiz835@gmail.com,3228846368,6,384000,BOX_OFFICE,2026-07-26 02:00:00
ft_sal_005673,ft_evt_0050,Hernández Tatiana,tatianahernandez625@gmail.com,3203800994,1,131000,ADMIN,2026-07-26 06:00:00
ft_sal_005674,ft_evt_0050,J. Muñoz,david.ramirez@gmail.com,3016426730,2,120000,WEB,2026-07-27 02:00:00
ft_sal_005675,ft_evt_0050,María Mejía,maria.mejia312@gmail.com,323 070 0349,3,423000,WEB,2026-08-01 02:00:00
ft_sal_005676,ft_evt_0050,Isabella Céspedes,isabellacespedes457@hotmail.com,+57 309 0399425,1,59000,WEB,2026-08-01 03:00:00
ft_sal_005677,ft_evt_0050,Mateo Vargas Hernández,mateo.vargas39@gmail.com,(+57) 327-192-3414,1,47000,BOX_OFFICE,2026-07-25 07:00:00
ft_sal_005678,ft_evt_0050,ricardo guerrero,ricardo.guerrero154@hotmail.com,313 720 8347,2,282000,WEB,2026-07-26 10:00:00
ft_sal_005679,ft_evt_0050,Carlos Jimenez,carlos.jimenez75@outlook.com,3128478203,2,96000,WEB,2026-07-28 12:00:00
ft_sal_005680,ft_evt_0050,carlos martínez,carlosmartinez380@gmail.com,329 908 0019,1,57000,WEB,2026-07-23 20:00:00
ft_sal_005681,ft_evt_0050,Juan Quintero,juanquintero203@yahoo.com,302 304 1996,3,171000,BOX_OFFICE,2026-07-31 13:00:00
ft_sal_005682,ft_evt_0050,Andres Arango,andres.arango26@hotmail.com,(+57) 322-901-0966,1,65000,WEB,2026-07-31 06:00:00
ft_sal_005683,ft_evt_0050,JUAN ARANGO,juanarango675@yahoo.com,573271998190,2,212000,WEB,2026-08-01 02:00:00
ft_sal_005684,ft_evt_0050,Daniel Salazar,daniel.salazar@outlook.com,+57 319 5225807,1,46000,WEB,2026-07-22 05:00:00
ft_sal_005685,ft_evt_0050,Mariana Cespedes,marianacespedes501@gmail.com,317 305 4782,2,88000,BOX_OFFICE,2026-08-01 16:00:00
ft_sal_005686,ft_evt_0050,Mariana Valencia,mariana.valencia@yahoo.com,326 128 2483,1,64000,WEB,2026-07-23 19:00:00
ft_sal_005687,ft_evt_0050,Ximena Ortiz,ximena.ortiz73+boletas@gmail.com,,1,51000,WEB,2026-07-25 02:00:00
ft_sal_005688,ft_evt_0050,carlos arango,carlos.arango@outlook.com,573293143264,1,47000,WEB,2026-07-28 02:00:00
ft_sal_005689,ft_evt_0050,Carolina González,carolina.gonzalez73@hotmail.com,3103797276,1,48000,BOX_OFFICE,2026-07-31 15:00:00
ft_sal_005690,ft_evt_0050,Camilo Suárez,camilo.suarez@gmail.com,573137287624,2,208000,WEB,2026-07-21 17:00:00
ft_sal_005691,ft_evt_0050,DIANA HERNÁNDEZ,dianahernandez144@gmail.com,3109802446,1,47000,WEB,2026-08-01 16:00:00
ft_sal_005692,ft_evt_0050,Julián Peña,julian.pena13@gmail.com,573149036065,2,116000,WEB,2026-07-24 17:00:00
ft_sal_005693,ft_evt_0050,Catalina Mejía,catalina.mejia690+eventos@gmail.com,328 637 7274,1,95000,WEB,2026-07-28 18:00:00
ft_sal_005694,ft_evt_0050,Andrés Moreno,andresmoreno418@gmail.com,329 848 4608,1,0,ADMIN,2026-07-24 20:00:00
ft_sal_005695,ft_evt_0050,Juan Ramírez,juanramirez837@gmail.com,+57 317 3570055,1,0,WEB,2026-07-23 18:00:00
ft_sal_005696,ft_evt_0050,Camila Bermúdez,camilabermudez35@gmail.com,3277589770,1,0,WEB,2026-07-24 13:00:00
ft_sal_005697,ft_evt_0050,Cristian Salazar,cristian.salazar10@gmail.com,3198733064,2,112000,WEB,2026-08-01 15:00:00
ft_sal_005698,ft_evt_0050,Julian Martinez,laura.ramirez86@gmail.com,573273323670,2,108000,BOX_OFFICE,2026-07-19 07:00:00
ft_sal_005699,ft_evt_0050,A. Arango,andreaarango238@outlook.com,322 772 4887,2,90000,WEB,2026-07-22 06:00:00
ft_sal_005700,ft_evt_0050,Santiago Arango Hernández,santiago.arango25@gmail.com,3147280372,1,40000,BOX_OFFICE,2026-07-26 11:00:00
ft_sal_005701,ft_evt_0050,manuela bermúdez,manuela.bermudez68@gmail.com,+57 310 1437224,6,324000,WEB,2026-07-31 08:00:00
ft_sal_005702,ft_evt_0050,Diego Cifuentes,diego.cifuentes173@gmail.com,+57 305 7276928,2,92000,WEB,2026-07-30 05:00:00
ft_sal_005703,ft_evt_0050,Nicolas Suarez,nicolas.suarez@outlook.com,+57 308 9803403,2,96000,WEB,2026-07-30 12:00:00
ft_sal_005704,ft_evt_0050,JULIANA RESTREPO,juliana.restrepo+eventos@gmail.com,573197817012,1,141000,WEB,2026-07-27 21:00:00
ft_sal_005705,ft_evt_0050,PAULA OSPINA,alejandro.ospina@hotmail.com,573181994861,1,43000,WEB,2026-07-22 09:00:00
ft_sal_005706,ft_evt_0050,Carlos Bermúdez,carlos.bermudez+compras@gmail.com,308 772 3780,1,98000,WEB,2026-07-19 11:00:00
ft_sal_005707,ft_evt_0050,Manuela Ospina,manuela.ospina5+spam@gmail.com,(+57) 309-171-2723,4,224000,RRPP,2026-07-29 07:00:00
ft_sal_005708,ft_evt_0050,R. Bermúdez,RICARDO.BERMUDEZ38@OUTLOOK.COM,+57 302 4021296,2,264000,WEB,2026-07-28 05:00:00
ft_sal_005709,ft_evt_0050,Juan Mejía,juan.mejia272@gmail.com,306 163 8707,2,290000,WEB,2026-07-18 05:00:00
ft_sal_005710,ft_evt_0050,Mejía Valentina,valentina.mejia471@gmail.com,573294046890,1,44000,WEB,2026-07-25 05:00:00
ft_sal_005711,ft_evt_0050,Suárez Laura,laura.suarez17@gmail.com,3126482550,2,90000,BOX_OFFICE,2026-08-01 02:00:00
ft_sal_005712,ft_evt_0050,Mariana Céspedes,mariana.cespedes51@gmail.com,(+57) 326-510-4619,2,292000,ADMIN,2026-07-27 13:00:00
ft_sal_005713,ft_evt_0050,Óscar López,oscar.lopez23@gmail.com,573287397330,4,188000,ADMIN,2026-07-25 02:00:00
ft_sal_005714,ft_evt_0050,CAROLINA VALENCIA,santiago.martinez@outlook.com,(+57) 306-488-6644,2,86000,BOX_OFFICE,2026-08-01 13:00:00
ft_sal_005715,ft_evt_0050,Santiago Vargas Restrepo,santiago.vargas704@outlook.com,307 075 4607,1,133000,WEB,2026-08-01 18:00:00
ft_sal_005716,ft_evt_0050,L. Vargas,luisavargas606@hotmail.com,313 692 0092,3,123000,ADMIN,2026-07-26 04:00:00
ft_sal_005717,ft_evt_0050,Ricardo Céspedes,ricardo.cespedes@proton.me,,2,198000,WEB,2026-08-01 13:00:00
ft_sal_005718,ft_evt_0050,mateo ospina,alejandra.hernandez@gmail.com,573196865434,1,64000,WEB,2026-08-01 16:00:00
ft_sal_005719,ft_evt_0050,Isabella López,isabellalopez967@outlook.com,+57 307 5725542,2,92000,BOX_OFFICE,2026-07-31 15:00:00
ft_sal_005720,ft_evt_0050,ricardo cárdenas,RICARDO.CARDENAS39@GMAIL.COM,,1,54000,WEB,2026-07-23 09:00:00
ft_sal_005721,ft_evt_0050,Miguel Jimenez,migueljimenez892@gmail.com,,2,86000,WEB,2026-07-31 15:00:00
ft_sal_005722,ft_evt_0050,miguel rojas,miguelrojas356@gmail.com,326 425 7393,1,146000,WEB,2026-07-27 02:00:00
ft_sal_005723,ft_evt_0050,Martínez Carlos,carlos.martinez320@gmial.com,573013655711,2,88000,WEB,2026-08-01 14:00:00
ft_sal_005724,ft_evt_0050,Laura Mejía,laura.mejia70@outlook.com,(+57) 310-199-1164,2,114000,ADMIN,2026-08-01 14:00:00
ft_sal_005725,ft_evt_0050,diego rojas,diego.rojas38@gmail.com,+57 306 4962950,1,63000,WEB,2026-07-27 17:00:00
ft_sal_005726,ft_evt_0050,Catalina Castro,catalinacastro169@outlook.com,(+57) 315-665-0422,1,124000,WEB,2026-07-29 20:00:00
ft_sal_005727,ft_evt_0050,Alejandro Cárdenas,alejandro.cardenas@hotmail.com,(+57) 328-027-6216,4,236000,WEB,2026-08-01 13:00:00
ft_sal_005728,ft_evt_0050,Daniela Cifuentes,daniela.cifuentes685@gmail.com,3065668349,2,88000,ADMIN,2026-07-24 09:00:00
ft_sal_005729,ft_evt_0050,Isabella Bermúdez Betancur,isabellabermudez981@yahoo.com,305 124 1259,3,126000,WEB,2026-07-24 09:00:00
ft_sal_005730,ft_evt_0050,Alejandra Quintero Cifuentes,alejandra.quintero902@gmail.com,313 595 4322,3,141000,WEB,2026-08-01 08:00:00
ft_sal_005731,ft_evt_0050,Manuela Cifuentes,MANUELA.CIFUENTES818@HOTMAIL.COM,573247062587,1,40000,WEB,2026-07-27 04:00:00
ft_sal_005732,ft_evt_0050,Ricardo Lopez,ricardo.lopez64@gmail.com,314 808 1615,1,85000,WEB,2026-07-26 14:00:00
ft_sal_005733,ft_evt_0050,natalia martínez,natalia.martinez@proton.me,3265425760,2,94000,BOX_OFFICE,2026-07-23 19:00:00
ft_sal_005734,ft_evt_0050,Sara Mejía,SARA.MEJIA63@GMAIL.COM,+57 328 7035956,1,48000,WEB,2026-07-23 04:00:00
ft_sal_005735,ft_evt_0050,Laura Betancur,laurabetancur435@gmail.com,305 144 9678,3,177000,ADMIN,2026-07-21 16:00:00
ft_sal_005736,ft_evt_0050,Miguel Vargas,miguel.vargas7@hotmail.com,317 105 7985,1,62000,WEB,2026-07-31 06:00:00
ft_sal_005737,ft_evt_0050,Mejía Diana,dianamejia909@gmail.com,573227431740,2,172000,ADMIN,2026-07-30 04:00:00
ft_sal_005738,ft_evt_0050,Daniel Hernández,daniel.hernandez351@gmail.com,3148242137,4,192000,WEB,2026-07-29 09:00:00
ft_sal_005739,ft_evt_0050,Carolina Quintero,carolinaquintero209@gmail.com,(+57) 324-243-1410,1,146000,WEB,2026-08-01 06:00:00
ft_sal_005740,ft_evt_0050,D. Castro,davd.castro35@gmail.com,573071611957,2,286000,WEB,2026-07-25 21:00:00
ft_sal_005741,ft_evt_0050,Daniela Cárdenas,danielacardenas464@gmail.com,314 775 9471,4,376000,WEB,2026-07-26 04:00:00
ft_sal_005742,ft_evt_0050,Sara Betancur,sara.betancur771@gmail.com,3059817751,2,276000,WEB,2026-07-25 21:00:00
ft_sal_005743,ft_evt_0050,CAROLINA MEJÍA,carolina.mejia9@gmail.com,,6,570000,WEB,2026-07-19 13:00:00
ft_sal_005744,ft_evt_0050,MARIANA GONZÁLEZ,mariana.gonzalez59@yahoo.com,+57 314 0912516,2,88000,WEB,2026-07-30 15:00:00
ft_sal_005745,ft_evt_0050,Tatiana Bermudez,tatiana.bermudez90@outlook.com,3018175623,1,49000,WEB,2026-07-26 05:00:00
ft_sal_005746,ft_evt_0050,Carlos Mejía Gómez,carlos.mejia@gmail.com,+57 320 2805157,3,273000,WEB,2026-08-01 13:00:00
ft_sal_005747,ft_evt_0050,Andrea Restrepo González,ANDREA.RESTREPO23@GMAIL.COM,3235139404,1,45000,WEB,2026-07-20 17:00:00
ft_sal_005748,ft_evt_0050,Mariana Peña,mariana.pena56@gmail.com,3234952625,1,44000,RRPP,2026-07-28 05:00:00
ft_sal_005749,ft_evt_0050,Camila Moreno,camila.moreno49@gmail.com,573219633174,1,41000,WEB,2026-07-29 14:00:00
ft_sal_005750,ft_evt_0050,Andrea Bermudez,andreabermudez364@outlook.com,+57 311 4886628,3,297000,BOX_OFFICE,2026-07-23 03:00:00
ft_sal_005751,ft_evt_0050,Daniel Cifuentes,danielcifuentes192@icloud.com,,2,88000,WEB,2026-07-24 18:00:00
ft_sal_005752,ft_evt_0050,Felipe Bermúdez,felipe.bermudez15@gmail.com,322 816 1587,2,266000,WEB,2026-07-31 06:00:00
ft_sal_005753,ft_evt_0050,Juan Gómez,juangomez199@hotmail.com,307 331 5656,1,99000,WEB,2026-07-28 13:00:00
ft_sal_005754,ft_evt_0050,Catalina Cifuentes,catalinacifuentes25@hotmail.com,573262600093,1,43000,WEB,2026-08-01 02:00:00
ft_sal_005755,ft_evt_0050,Juan Quintero,juan.quintero@yahoo.com,573255353480,1,61000,WEB,2026-07-30 12:00:00
ft_sal_005756,ft_evt_0050,S. Martínez,sebastianmartinez549@gmail.com,(+57) 304-747-5197,1,142000,WEB,2026-07-27 18:00:00
ft_sal_005757,ft_evt_0050,Hernández María,mariahernandez910@gmail.com,(+57) 320-678-1218,1,103000,WEB,2026-07-23 11:00:00
ft_sal_005758,ft_evt_0050,Isabella Muñoz,isabellamunoz575@outlook.com,,2,92000,WEB,2026-08-01 14:00:00
ft_sal_005759,ft_evt_0050,Mateo Mejia,mateomejia920@proton.me,(+57) 322-980-1720,1,42000,WEB,2026-07-27 19:00:00
ft_sal_005760,ft_evt_0050,Sebastián Quintero,sebastian.quintero88@gmial.com,573095007420,2,84000,WEB,2026-07-20 20:00:00
ft_sal_005761,ft_evt_0050,Sara Arango,sara.arango52@gmial.com,573008788869,1,56000,WEB,2026-07-28 06:00:00
ft_sal_005762,ft_evt_0050,Valencia Santiago,santiago.valencia@gmail.com,573145498595,2,88000,WEB,2026-07-29 11:00:00
ft_sal_005763,ft_evt_0050,Andrea Gómez,andreagomez498@gmail.com,,2,286000,WEB,2026-07-26 03:00:00
ft_sal_005764,ft_evt_0050,Mateo Bermúdez Rodríguez,mateo.bermudez@hotmail.com,573196037468,1,52000,WEB,2026-07-29 11:00:00
ft_sal_005765,ft_evt_0050,Fabián López,esteban.rodriguez183@gmail.com,+57 307 3504071,6,264000,WEB,2026-08-01 16:00:00
ft_sal_005766,ft_evt_0050,Manuela Ospina,manuelaospina475@gmail.com,315 830 1040,1,0,BOX_OFFICE,2026-08-01 21:00:00
ft_sal_005767,ft_evt_0050,Manuela Jiménez,manuel.jimenez119@gmail.com,,4,188000,WEB,2026-07-29 04:00:00
ft_sal_005768,ft_evt_0050,A. Jiménez,andreajimenez522@hotmail.com,+57 300 4680159,1,66000,WEB,2026-07-24 07:00:00
ft_sal_005769,ft_evt_0050,Carlos Peña,carlos.pena19@gmail.com,573113911608,1,61000,ADMIN,2026-07-31 08:00:00
ft_sal_005770,ft_evt_0050,Andres Pena,ANDRES.PENA53@GMAIL.COM,573278883502,2,200000,WEB,2026-07-25 10:00:00
ft_sal_005771,ft_evt_0050,Luisa Gomez,luisa.gomez@yahoo.com,3129635751,2,90000,WEB,2026-07-20 13:00:00
ft_sal_005772,ft_evt_0050,Catalina Jiménez,ctalina.jimenez61@hotmail.com,,3,273000,WEB,2026-07-31 16:00:00
ft_sal_005773,ft_evt_0050,Alejandro Céspedes,alejandro.cespedes@hotmail.com,307 520 7461,2,90000,WEB,2026-07-23 19:00:00
ft_sal_005774,ft_evt_0050,Ximena Cárdenas,ximena.cardenas@hotmail.com,573111333658,1,62000,WEB,2026-07-27 13:00:00
ft_sal_005775,ft_evt_0050,Diego Vargas,diego.vargas672+boletas@gmail.com,310 152 2878,4,248000,WEB,2026-07-29 07:00:00
ft_sal_005776,ft_evt_0050,Alejandra González,alejandragonzalez552@hotmail.com,573291387743,1,142000,BOX_OFFICE,2026-07-25 09:00:00
ft_sal_005777,ft_evt_0050,TATIANA ROJAS,tatianarojas632@hotmail.com,,6,342000,WEB,2026-07-27 05:00:00
ft_sal_005778,ft_evt_0050,Andrea Gómez,andreagomez764@gmail.com,+57 313 4231014,6,510000,WEB,2026-08-01 17:00:00
ft_sal_005779,ft_evt_0050,Rodríguez Manuela,manuelarodriguez567@gmail.com,3176826576,4,176000,WEB,2026-07-30 16:00:00
ft_sal_005780,ft_evt_0050,David Quintero,david.quintero19@gmail.com,,1,0,BOX_OFFICE,2026-07-28 18:00:00
ft_sal_005781,ft_evt_0050,González Andrés,andres.gonzalez@icloud.com,573145817401,2,120000,WEB,2026-07-18 16:00:00
ft_sal_005782,ft_evt_0050,Juan Zapata,juan.zapata@outlook.com,3135244266,1,135000,WEB,2026-07-22 12:00:00
ft_sal_005783,ft_evt_0050,Juliana Hernández,juliana.hernandez48@gmail.com,+57 300 2658514,2,270000,WEB,2026-07-24 21:00:00
ft_sal_005784,ft_evt_0050,Nicolás Moreno,nicolasmoreno747@gmail.com,573032250095,2,88000,WEB,2026-07-28 01:00:00
ft_sal_005785,ft_evt_0050,tatiana ramírez,tatiana.ramirez162@gmail.com,+57 315 2909980,1,55000,WEB,2026-07-27 15:00:00
ft_sal_005786,ft_evt_0050,Camilo Suárez,camilosuarez309@gmail.com,573000638290,2,92000,WEB,2026-07-28 16:00:00
ft_sal_005787,ft_evt_0050,camilo rojas,camilo.rojas452@gmail.com,322 122 8371,1,133000,WEB,2026-07-28 03:00:00
ft_sal_005788,ft_evt_0050,Camila Muñoz González,camilamunoz151@hotmail.com,573106991613,2,90000,BOX_OFFICE,2026-07-29 15:00:00
ft_sal_005789,ft_evt_0050,Felipe Castro,felipe.castro587@gmail.com,326 825 1880,2,124000,WEB,2026-07-28 02:00:00
ft_sal_005790,ft_evt_0050,Natalia Gómez,nataliagomez579@outlook.com,302 853 7071,2,320000,WEB,2026-07-24 21:00:00
ft_sal_005791,ft_evt_0050,Santiago Zapata,santiagozapata399@gmail.com,316 240 7892,2,190000,ADMIN,2026-07-27 01:00:00
ft_sal_005792,ft_evt_0050,Camilo Valencia,camilo.valecia49@hotmail.com,+57 326 9943341,2,120000,WEB,2026-07-28 16:00:00
ft_sal_005793,ft_evt_0050,Paula Gómez,paula.gomez81@outlook.com,302 880 9522,1,151000,WEB,2026-07-31 09:00:00
ft_sal_005794,ft_evt_0050,Daniel Betancur,danielbetancur403@gmail.com,+57 305 9676594,2,190000,WEB,2026-07-31 03:00:00
ft_sal_005795,ft_evt_0050,CARLOS CÁRDENAS,carlos.cardenas184+boletas@gmail.com,+57 310 9235807,4,184000,WEB,2026-07-21 13:00:00
ft_sal_005796,ft_evt_0050,Santiago Gonzalez,santiago.gonzalez99@gmail.com,+57 325 6199768,1,40000,BOX_OFFICE,2026-07-24 06:00:00
ft_sal_005797,ft_evt_0050,Nicolás Cifuentes,nicolas.cifuentes72@icloud.com,3292125427,2,92000,BOX_OFFICE,2026-08-01 08:00:00
ft_sal_005798,ft_evt_0050,Diego Valencia,diego.valencia48+compras@hotmail.com,+57 313 4136099,1,45000,BOX_OFFICE,2026-07-21 12:00:00
ft_sal_005799,ft_evt_0050,Nicolás Guerrero,NICOLAS.GUERRERO@OUTLOOK.COM,+57 308 8247638,4,232000,WEB,2026-07-31 02:00:00
ft_sal_005800,ft_evt_0050,Juliana Cárdenas,julianacardenas836@gmail.com,573068721995,1,95000,WEB,2026-07-25 08:00:00
ft_sal_005801,ft_evt_0050,Esteban Castro,estebancastro39@yahoo.com,+57 303 9925296,1,56000,WEB,2026-08-01 21:00:00
ft_sal_005802,ft_evt_0050,Luisa Mejía,luisamejia847@gmail.com,314 153 7133,1,96000,WEB,2026-07-22 07:00:00
ft_sal_005803,ft_evt_0050,Ricardo Jiménez,ricardo.jimenez235@gmail.com,+57 320 5699919,1,0,WEB,2026-08-01 09:00:00
ft_sal_005804,ft_evt_0050,felipe castro,felipe.cstro587@gmail.com,+57 326 8251880,4,392000,BOX_OFFICE,2026-07-30 10:00:00
ft_sal_005805,ft_evt_0050,Santiago Rojas,santiagorojas864@gmail.com,+57 318 9899763,2,114000,BOX_OFFICE,2026-08-01 09:00:00
ft_sal_005806,ft_evt_0050,Fabián Rodríguez,manuela.quintero@yahoo.com,573110674224,2,96000,WEB,2026-07-16 08:00:00
ft_sal_005807,ft_evt_0050,Nicolás Salazar López,manuela.quintero388@gmail.com,+57 300 3330479,3,144000,WEB,2026-07-24 13:00:00
ft_sal_005808,ft_evt_0050,Mejía Felipe,felipe.mejia515@gmail.com,+57 304 2628529,2,124000,WEB,2026-07-29 11:00:00
ft_sal_005809,ft_evt_0050,MATEO SALAZAR,mateo.salazar69@gmial.com,3112440748,1,138000,WEB,2026-07-27 15:00:00
ft_sal_005810,ft_evt_0050,Rojas Juliana,juliana.rojas95@gmial.com,325 378 3225,1,100000,WEB,2026-07-19 06:00:00
ft_sal_005811,ft_evt_0050,Esteban Suárez,esteban.suarez@gmail.com,301 441 6266,1,45000,BOX_OFFICE,2026-07-19 10:00:00
ft_sal_005812,ft_evt_0050,ANDRÉS ROJAS,andres.rojas88+eventos@outlook.com,+57 315 4960230,2,92000,WEB,2026-08-01 16:00:00
ft_sal_005813,ft_evt_0050,Luisa Suárez,luisasuarez832@hotmail.com,573093546155,2,88000,WEB,2026-08-01 02:00:00
ft_sal_005814,ft_evt_0050,DIEGO CIFUENTES,diego.cifuentes870@gmail.com,573128438000,1,150000,WEB,2026-07-22 03:00:00
ft_sal_005815,ft_evt_0050,Andrea Vargas López,andrea.vargas270@gmail.com,3256242624,2,92000,WEB,2026-07-22 08:00:00
ft_sal_005816,ft_evt_0050,F. López,felipelopez563@gmail.com,573153990296,2,194000,ADMIN,2026-07-27 20:00:00
ft_sal_005817,ft_evt_0050,Camilo Martinez,camilo.martinez97@gmail.com,+57 309 2328176,1,61000,ADMIN,2026-07-30 16:00:00
ft_sal_005818,ft_evt_0050,Fabian Suarez,fabiansuarez65@gmail.com,573265015641,1,95000,WEB,2026-07-30 06:00:00
ft_sal_005819,ft_evt_0050,Cárdenas Paula,paulacardenas384@gmail.com,573020339588,1,60000,WEB,2026-08-01 10:00:00
ft_sal_005820,ft_evt_0050,Cristian Vargas,cristianvargas628@hotmail.com,(+57) 311-999-6061,4,536000,BOX_OFFICE,2026-08-01 15:00:00
ft_sal_005821,ft_evt_0050,Manuela Hernández,manuela.hernandez660@gmail.com,312 298 6049,2,90000,WEB,2026-07-30 01:00:00
ft_sal_005822,ft_evt_0050,Ximena Restrepo,ximena.restrepo@gmial.com,303 895 0799,1,143000,RRPP,2026-08-01 21:00:00
ft_sal_005823,ft_evt_0050,Esteban Quintero,ESTEBAN.QUINTERO78@GMAIL.COM,+57 310 9224680,2,124000,WEB,2026-07-25 18:00:00
ft_sal_005824,ft_evt_0050,M. Martínez,maria.martinez15@gmail.com,3164794476,2,174000,ADMIN,2026-07-30 02:00:00
ft_sal_005825,ft_evt_0050,maría castro,mariacastro979@gmail.com,573088778044,1,55000,WEB,2026-07-23 09:00:00
ft_sal_005826,ft_evt_0050,Natalia Hernández Guerrero,NATALIA.HERNANDEZ46@GMAIL.COM,3211509262,1,44000,WEB,2026-07-26 13:00:00
ft_sal_005827,ft_evt_0050,Juliana Ortiz,juliana.ortiz68@hotmail.com,,1,43000,BOX_OFFICE,2026-08-01 20:00:00
ft_sal_005828,ft_evt_0050,Daniela Hernández,daniela.hernandez811@gmail.com,(+57) 302-091-5057,1,96000,WEB,2026-07-24 19:00:00
ft_sal_005829,ft_evt_0050,alejandra moreno,alejandramoreno281@icloud.com,3233183122,3,180000,WEB,2026-08-01 11:00:00
ft_sal_005830,ft_evt_0050,Julián Muñoz,julian.munoz@outlook.com,573256603163,1,60000,WEB,2026-07-15 05:00:00
ft_sal_005831,ft_evt_0050,Camilo Hernández,camilohernandez886@hotmail.com,(+57) 318-370-4346,1,0,BOX_OFFICE,2026-07-24 10:00:00
ft_sal_005832,ft_evt_0050,Valentina Restrepo,valentina.restrepo@gmail.com,327 230 2310,1,98000,WEB,2026-07-25 09:00:00
ft_sal_005833,ft_evt_0050,Juan Arango,juan.arango@gmail.com,(+57) 313-977-3717,2,116000,BOX_OFFICE,2026-07-26 02:00:00
ft_sal_005834,ft_evt_0050,Alejandro Céspedes,ALEJANDRO.CESPEDES995@GMAIL.COM,+57 312 9108812,1,59000,WEB,2026-08-01 10:00:00
ft_sal_005835,ft_evt_0050,Castro Sara,sara.castro64@gmail.com,573247404133,2,84000,WEB,2026-07-25 02:00:00
ft_sal_005836,ft_evt_0050,Óscar Gómez,oscargomez298@icloud.com,3147721430,2,92000,WEB,2026-07-26 04:00:00
ft_sal_005837,ft_evt_0050,Luisa Ospina,luisa.ospina11@hotmail.com,+57 303 2260319,1,56000,WEB,2026-07-14 09:00:00
ft_sal_005838,ft_evt_0050,Esteban Restrepo,estebanrestrepo245@hotmail.com,(+57) 312-030-2488,2,262000,WEB,2026-07-19 14:00:00
ft_sal_005839,ft_evt_0050,Manuela Quintero,manuela.quintero57@gmail.com,573077880513,1,39000,WEB,2026-08-01 20:00:00
ft_sal_005840,ft_evt_0050,daniel céspedes,danielcespedes845@gmail.com,573217825184,1,47000,BOX_OFFICE,2026-07-28 19:00:00
ft_sal_005841,ft_evt_0050,luisa cárdenas,luisa.carenas@outlook.com,(+57) 328-488-6872,1,45000,WEB,2026-07-24 10:00:00
ft_sal_005842,ft_evt_0050,Sebastian Ortiz,sebastianortiz965@gmail.com,573116042789,1,57000,WEB,2026-07-19 15:00:00
ft_sal_005843,ft_evt_0050,Sebastián Rojas,sebastian.rojas280+compras@gmail.com,(+57) 302-284-3377,2,116000,RRPP,2026-07-23 03:00:00
ft_sal_005844,ft_evt_0006,Alejandra Ramírez Ortiz,alejandraramirez345@hotmail.com,(+57) 302-411-4817,2,186000,WEB,2026-07-29 20:00:00
ft_sal_005845,ft_evt_0006,Esteban Vargas,esteban.vargas60@gmail.com,310 833 5265,1,58000,WEB,2026-07-25 09:00:00
ft_sal_005846,ft_evt_0006,Felipe Mejía,felipe.mejia@gmail.com,573124910039,2,118000,BOX_OFFICE,2026-07-28 20:00:00
ft_sal_005847,ft_evt_0006,Sara Betancur,sara.betancur76+eventos@hotmail.com,573160894741,3,129000,ADMIN,2026-07-25 15:00:00
ft_sal_005848,ft_evt_0006,Andrés Mejía,andresmejia246@hotmail.com,315 891 9820,1,45000,BOX_OFFICE,2026-07-20 04:00:00
ft_sal_005849,ft_evt_0006,Diana Gómez,diana.gomez68@hotmail.com,573248531646,4,376000,WEB,2026-07-26 06:00:00
ft_sal_005850,ft_evt_0006,DIANA VALENCIA,diana.valencia287@gmail.com,573198411865,1,143000,WEB,2026-07-29 13:00:00
ft_sal_005851,ft_evt_0006,Paula Peña,PAULA.PENA@OUTLOOK.COM,(+57) 301-424-5311,1,143000,WEB,2026-07-24 11:00:00
ft_sal_005852,ft_evt_0006,Sebastián Valencia,sebastian.valencia@gmail.com,3284358412,3,183000,WEB,2026-07-27 17:00:00
ft_sal_005853,ft_evt_0006,Mateo Ramírez,mateoramirez719@gmail.com,303 295 7003,2,182000,WEB,2026-07-31 19:00:00
ft_sal_005854,ft_evt_0006,ESTEBAN JIMÉNEZ,estebanjimenez234@gmail.com,573094775382,3,189000,WEB,2026-07-28 18:00:00
ft_sal_005855,ft_evt_0006,Carlos Jiménez,carlos.jimenez14@proton.me,+57 317 8363599,1,46000,WEB,2026-08-01 08:00:00
ft_sal_005856,ft_evt_0006,NATALIA GUERRERO,natalia.guerrero48+spam@gmail.com,3131796045,2,282000,WEB,2026-07-27 11:00:00
ft_sal_005857,ft_evt_0006,Alejandro Quintero,alejandro.quintero93+eventos@gmail.com,3274943104,3,420000,WEB,2026-07-26 06:00:00
ft_sal_005858,ft_evt_0006,Diego Rojas,diego.rojas729@gmail.com,+57 311 6456523,1,97000,WEB,2026-08-01 04:00:00
ft_sal_005859,ft_evt_0006,andrea jiménez,andreajimenez830@gmail.com,573175666076,2,290000,RRPP,2026-08-01 20:00:00
ft_sal_005860,ft_evt_0006,Luisa Cárdenas Restrepo,luisa.cardenas@gmail.com,+57 328 7436206,2,314000,WEB,2026-08-01 13:00:00
ft_sal_005861,ft_evt_0006,Felipe Guerrero,felipeguerrero411@gmail.com,,2,86000,ADMIN,2026-08-01 15:00:00
ft_sal_005862,ft_evt_0006,Cárdenas Carlos,carlos.cardenas@gmail.com,3029076731,1,46000,WEB,2026-07-25 07:00:00
ft_sal_005863,ft_evt_0006,Zapata Cristian,cristian.zapata@proton.me,(+57) 306-871-1066,2,256000,WEB,2026-07-21 10:00:00
ft_sal_005864,ft_evt_0006,Fabián Cárdenas,fabian.cardenas427@gmail.com,573106960289,1,47000,WEB,2026-07-28 07:00:00
ft_sal_005865,ft_evt_0006,Alejandra Muñoz Vargas,alejandra.munoz831@gmail.com,315 228 8859,1,0,WEB,2026-07-26 20:00:00
ft_sal_005866,ft_evt_0006,Mejía Camila,camila.mejia@gmail.com,326 767 5377,1,62000,BOX_OFFICE,2026-07-27 18:00:00
ft_sal_005867,ft_evt_0006,Camilo Vargas,camilo.vargas861@hotmail.com,(+57) 319-760-8920,1,98000,ADMIN,2026-07-31 20:00:00
ft_sal_005868,ft_evt_0006,Mariana Quintero,mariana.quinter504@gmail.com,573063560850,1,40000,WEB,2026-07-25 02:00:00
ft_sal_005869,ft_evt_0006,J. Arango,julian.arango@gmail.com,+57 316 8233340,1,44000,WEB,2026-07-31 11:00:00
ft_sal_005870,ft_evt_0006,Camilo Moreno,camio.moreno@gmail.com,3223877437,1,45000,WEB,2026-07-31 05:00:00
ft_sal_005871,ft_evt_0006,Tatiana Hernández,tatianahernandez935@gmail.com,(+57) 312-380-3049,1,57000,WEB,2026-08-01 01:00:00
ft_sal_005872,ft_evt_0006,Muñoz Alejandro,ALEJANDRO.MUNOZ@OUTLOOK.COM,573061741714,1,61000,WEB,2026-08-01 07:00:00
ft_sal_005873,ft_evt_0006,alejandra castro,alejandracastro711@proton.me,3121618904,1,62000,WEB,2026-07-27 19:00:00
ft_sal_005874,ft_evt_0006,Felipe Gómez,felipe.gomez@outlook.com,312 415 1576,2,110000,BOX_OFFICE,2026-07-28 00:00:00
ft_sal_005875,ft_evt_0006,David Quintero,david.quintero56@outlook.com,573067120906,1,150000,WEB,2026-07-24 17:00:00
ft_sal_005876,ft_evt_0006,Nicolas Guerrero,nicolas.guerrero+spam@hotmail.com,3226573828,2,132000,WEB,2026-07-24 10:00:00
ft_sal_005877,ft_evt_0006,Santiago Jiménez,santiagojimenez37@gmail.com,+57 325 3663447,2,98000,WEB,2026-07-31 05:00:00
ft_sal_005878,ft_evt_0006,Laura Suárez,laurasuarez841@gmail.com,+57 323 3138331,1,60000,BOX_OFFICE,2026-07-26 13:00:00
ft_sal_005879,ft_evt_0006,Óscar Betancur,cristian.gomez@gmail.com,573211143268,1,58000,BOX_OFFICE,2026-07-26 10:00:00
ft_sal_005880,ft_evt_0006,Sara Rojas,SARA.ROJAS@GMAIL.COM,573207138602,2,128000,WEB,2026-07-20 18:00:00
ft_sal_005881,ft_evt_0006,Miguel Rojas,miguelrojas297@hotmail.com,573200985856,4,376000,WEB,2026-07-24 03:00:00
ft_sal_005882,ft_evt_0006,Nicolás Moreno Castro,nicolasmoreno953@gmail.com,(+57) 314-600-7790,2,178000,WEB,2026-07-26 09:00:00
ft_sal_005883,ft_evt_0006,Julián Restrepo,julian.restrepo19@outlook.com,573139579139,2,200000,WEB,2026-07-29 02:00:00
ft_sal_005884,ft_evt_0006,Oscar Mejia,oscar.mejia@outlok.com,3052482787,1,151000,WEB,2026-07-29 12:00:00
ft_sal_005885,ft_evt_0006,andrea valencia,andreavalencia272@hotmail.com,322 975 4537,1,42000,WEB,2026-07-21 18:00:00
ft_sal_005886,ft_evt_0006,andrea arango,andreaarango374@gmail.com,+57 320 3706322,4,392000,WEB,2026-07-30 11:00:00
ft_sal_005887,ft_evt_0006,Moreno Luisa,luisamoreno197@gmail.com,304 282 1297,1,59000,WEB,2026-07-29 14:00:00
ft_sal_005888,ft_evt_0006,MARIANA MEJÍA,marianamejia304@gmail.com,,1,97000,WEB,2026-07-22 02:00:00
ft_sal_005889,ft_evt_0006,Sebastián Moreno,sebastianmoreno771@gmail.com,(+57) 315-676-2261,1,45000,WEB,2026-08-01 03:00:00
ft_sal_005890,ft_evt_0006,Laura Valencia,lauravalencia510@gmail.com,573020604683,1,65000,WEB,2026-07-29 16:00:00
ft_sal_005891,ft_evt_0006,natalia valencia,natalia.valencia@yahoo.com,+57 313 2004497,4,184000,WEB,2026-07-31 14:00:00
ft_sal_005892,ft_evt_0006,Moreno Cristian,cristian.moreno74@gmail.com,(+57) 300-117-9210,1,0,WEB,2026-07-19 05:00:00
ft_sal_005893,ft_evt_0006,MARIANA ZAPATA,mariana.zaata745@gmail.com,573205814401,2,278000,WEB,2026-07-26 02:00:00
ft_sal_005894,ft_evt_0006,Laura Martínez,laura.martinez@gmail.com,,2,90000,WEB,2026-07-24 05:00:00
ft_sal_005895,ft_evt_0006,santiago betancur,santiago.betancur509@gmail.com,,2,0,WEB,2026-07-25 18:00:00
ft_sal_005896,ft_evt_0006,Hernández Ximena,ximena.hernandez52@gmail.com,307 659 7598,1,90000,WEB,2026-07-23 11:00:00
ft_sal_005897,ft_evt_0006,Ximena Jiménez,ximena.jimenez350@gmail.com,573076283374,1,150000,WEB,2026-07-22 14:00:00
ft_sal_005898,ft_evt_0006,Julián Vargas,juian.vargas@gmail.com,3279483374,2,184000,WEB,2026-07-21 00:00:00
ft_sal_005899,ft_evt_0006,Catalina Gómez Gómez,catalina.gomez@proton.me,(+57) 326-451-6558,2,0,WEB,2026-08-01 04:00:00
ft_sal_005900,ft_evt_0006,Jiménez Mariana,marianajimenez786@gmail.com,,3,132000,WEB,2026-07-30 06:00:00
ft_sal_005901,ft_evt_0006,Guerrero Daniel,daniel.guerrero@hotmail.com,+57 309 9533455,1,0,BOX_OFFICE,2026-08-01 18:00:00
ft_sal_005902,ft_evt_0006,esteban ramírez,estebanramirez501@gmail.com,326 873 1084,6,366000,WEB,2026-08-01 20:00:00
ft_sal_005903,ft_evt_0006,Felipe Salazar,felipe.salazar+compras@gmail.com,300 433 6365,2,290000,BOX_OFFICE,2026-07-29 14:00:00
ft_sal_005904,ft_evt_0006,Hernández Juliana,julianahernandez761@outlook.com,323 327 9925,1,57000,BOX_OFFICE,2026-07-27 05:00:00
ft_sal_005905,ft_evt_0006,Esteban Salazar,esteban.salazar75@gmial.com,(+57) 312-551-7091,2,286000,RRPP,2026-08-01 05:00:00
ft_sal_005906,ft_evt_0006,Julián Betancur,julian.betancur837@gmail.com,+57 324 9616219,1,0,BOX_OFFICE,2026-08-01 14:00:00
ft_sal_005907,ft_evt_0006,Camilo Suarez,CAMILO.SUAREZ944@GMAIL.COM,,1,144000,WEB,2026-07-29 20:00:00
ft_sal_005908,ft_evt_0006,Juliana Castro,juliana.castro332@gmail.com,573266789887,2,0,WEB,2026-07-31 16:00:00
ft_sal_005909,ft_evt_0006,Manuela López,manuela.lopez13@gmail.com,+57 316 3733485,2,208000,WEB,2026-07-30 16:00:00
ft_sal_005910,ft_evt_0006,santiago zapata,santiago.zapata@hotmail.com,(+57) 318-560-1990,2,88000,WEB,2026-07-31 19:00:00
ft_sal_005911,ft_evt_0006,Manuela Suarez,manuelasuarez541@outlook.com,317 042 8187,3,123000,WEB,2026-07-31 08:00:00
ft_sal_005912,ft_evt_0006,Camilo Mejía,camilomejia848@icloud.com,573232765748,4,0,WEB,2026-07-27 14:00:00
ft_sal_005913,ft_evt_0006,Santiago Rojas,santiagorojas792@gmail.com,3148226108,1,42000,BOX_OFFICE,2026-07-29 09:00:00
ft_sal_005914,ft_evt_0006,Catalina Muñoz,oscar.jimenez65@outlook.com,(+57) 328-084-1168,2,94000,RRPP,2026-07-26 14:00:00
ft_sal_005915,ft_evt_0006,alejandro castro,alejandro.casro843@hotmail.com,(+57) 312-236-8786,2,98000,WEB,2026-07-22 19:00:00
ft_sal_005916,ft_evt_0006,R. Martínez,ricardo.martinez908@gmail.com,3283468055,2,130000,WEB,2026-07-28 02:00:00
ft_sal_005917,ft_evt_0006,Nicolás Guerrero,nicolas.guerrero@outlook.com,3226573828,1,98000,WEB,2026-07-29 16:00:00
ft_sal_005918,ft_evt_0006,Juan Zapata,juan.zapata@gmial.com,(+57) 313-266-8363,1,45000,BOX_OFFICE,2026-07-29 12:00:00
ft_sal_005919,ft_evt_0054,Cristian Moreno,CRISTIAN.MORENO74@GMAIL.COM,3001179210,1,45000,WEB,2026-07-28 11:00:00
ft_sal_005920,ft_evt_0054,Alejandro Quintero,alejandro.quintero93@gmail.com,+57 327 4943104,1,140000,WEB,2026-08-01 05:00:00
ft_sal_005921,ft_evt_0054,S. Betancur,santiago.betancur509@gmail.com,+57 316 2069777,4,552000,WEB,2026-07-29 04:00:00
ft_sal_005922,ft_evt_0054,Nicolás Gómez,nicolas.gomez@outlook.com,,3,141000,WEB,2026-07-23 16:00:00
ft_sal_005923,ft_evt_0054,Daniela Rojas,danielarojas615@gmail.com,573285348188,1,146000,WEB,2026-07-19 11:00:00
ft_sal_005924,ft_evt_0054,Daniela Betancur,daniela.betancur@hotmial.com,573118204922,1,47000,BOX_OFFICE,2026-07-29 10:00:00
ft_sal_005925,ft_evt_0054,ANDRÉS RODRÍGUEZ,andres.rodriguez110+boletas@gmail.com,317 432 3300,1,42000,ADMIN,2026-08-01 17:00:00
ft_sal_005926,ft_evt_0054,Julián Jiménez,julianjimenez703@gmail.com,(+57) 309-872-8784,4,388000,WEB,2026-07-19 06:00:00
ft_sal_005927,ft_evt_0054,Diana Arango,diaa.arango483@gmail.com,,2,82000,BOX_OFFICE,2026-07-30 08:00:00
ft_sal_005928,ft_evt_0054,SEBASTIÁN CÉSPEDES,sebastian.cespedes53@gmail.com,(+57) 313-376-9302,1,95000,WEB,2026-08-01 18:00:00
ft_sal_005929,ft_evt_0054,María Salazar,MARIA.SALAZAR77@OUTLOOK.COM,,2,96000,WEB,2026-07-29 02:00:00
ft_sal_005930,ft_evt_0054,María Ospina,sara.lopez633@gmail.com,,2,120000,WEB,2026-07-21 03:00:00
ft_sal_005931,ft_evt_0054,Fabian Lopez,fabian.lopez142+compras@gmail.com,+57 307 3504071,1,59000,WEB,2026-07-31 13:00:00
ft_sal_005932,ft_evt_0054,Peña Paula,paula.pena29@gmail.com,+57 313 6185248,1,143000,BOX_OFFICE,2026-07-25 06:00:00
ft_sal_005933,ft_evt_0054,J. Arango,julianarango885@hotmail.com,+57 319 5470887,4,180000,WEB,2026-07-25 13:00:00
ft_sal_005934,ft_evt_0054,Cristian Ortiz,cristian.ortiz85@yahoo.com,573017516413,2,178000,BOX_OFFICE,2026-07-27 03:00:00
ft_sal_005935,ft_evt_0054,Juliana Guerrero,juliana.guerrero@gmail.com,+57 302 3596478,1,130000,WEB,2026-07-23 07:00:00
ft_sal_005936,ft_evt_0054,Paula Bermudez,paula.bermudez53@gmail.com,(+57) 303-958-8956,1,45000,WEB,2026-07-26 09:00:00
ft_sal_005937,ft_evt_0054,felipe hernández,felipe.hernandez842@gmail.com,+57 329 6167074,3,135000,WEB,2026-07-27 06:00:00
ft_sal_005938,ft_evt_0054,Andrea Zapata,andrea.zapata38@gmail.com,573216811234,4,248000,WEB,2026-07-29 21:00:00
ft_sal_005939,ft_evt_0054,Diego Restrepo,diegorestrepo138@icloud.com,310 270 7312,1,0,WEB,2026-07-29 01:00:00
ft_sal_005940,ft_evt_0054,Mateo Gómez,mateo.gomez69@hotmail.com,573130980849,4,172000,WEB,2026-08-01 20:00:00
ft_sal_005941,ft_evt_0054,ÓSCAR CÁRDENAS,oscar.cardenas17@gmail.com,573052050677,1,90000,WEB,2026-07-30 19:00:00
ft_sal_005942,ft_evt_0054,Santiago Ramírez,santiago.ramirez62@outlook.com,(+57) 314-014-0976,2,122000,WEB,2026-07-31 04:00:00
ft_sal_005943,ft_evt_0054,Miguel Bermúdez Guerrero,miguel.bermudez45@icloud.com,3246464120,2,294000,BOX_OFFICE,2026-08-01 21:00:00
ft_sal_005944,ft_evt_0054,David Gómez Mejía,paula.rodriguez@gmail.com,312 130 5314,1,94000,WEB,2026-08-01 01:00:00
ft_sal_005945,ft_evt_0054,Andrea Zapata Castro,andrea.zapata96@hotmail.com,3212434221,1,43000,WEB,2026-07-26 19:00:00
ft_sal_005946,ft_evt_0054,Felipe Ramírez,felipe.ramirez3@outlook.com,3196290559,2,284000,WEB,2026-07-29 15:00:00
ft_sal_005947,ft_evt_0054,F. Jiménez,fabian.jimenez66@gmail.com,319 980 8245,1,50000,WEB,2026-08-01 08:00:00
ft_sal_005948,ft_evt_0054,Diego Salazar,diegosalazar700@gmail.com,+57 318 8649510,1,57000,WEB,2026-07-25 04:00:00
ft_sal_005949,ft_evt_0054,Mariana Rodríguez Jiménez,mariana.rodriguez13@gmail.com,3042425087,2,88000,WEB,2026-07-26 16:00:00
ft_sal_005950,ft_evt_0054,Manuela Ospina,manuela.ospina42+boletas@gmail.com,(+57) 312-051-7290,2,122000,WEB,2026-07-25 02:00:00
ft_sal_005951,ft_evt_0054,Daniel Rodríguez,daniel.rodrigez@yahoo.com,+57 302 3041026,1,91000,WEB,2026-08-01 17:00:00
ft_sal_005952,ft_evt_0054,Carlos Castro Rojas,carlos.castro@gmail.com,(+57) 306-086-9092,1,57000,WEB,2026-07-24 03:00:00
ft_sal_005953,ft_evt_0054,Moreno Nicolás,nicolas.moreno26@gmail.com,321 600 5537,3,135000,BOX_OFFICE,2026-07-31 09:00:00
ft_sal_005954,ft_evt_0054,Isabella Castro,isabella.castro49@outlook.com,573252799751,4,176000,BOX_OFFICE,2026-07-29 19:00:00
ft_sal_005955,ft_evt_0054,Restrepo Alejandra,alejandra.restrepo138@gmail.com,,1,144000,WEB,2026-07-29 13:00:00
ft_sal_005956,ft_evt_0054,Julián Mejía Ospina,julian.mejia15@icloud.com,+57 314 7128737,1,139000,WEB,2026-07-31 12:00:00
ft_sal_005957,ft_evt_0054,CAMILO GUERRERO,camilo.guerrero@icloud.com,573143957758,6,600000,ADMIN,2026-07-27 04:00:00
ft_sal_005958,ft_evt_0054,Sebastián Betancur,sebastian.betancur76@gmial.com,,2,88000,WEB,2026-07-31 18:00:00
ft_sal_005959,ft_evt_0054,Mateo Suárez,MATEO.SUAREZ56@GMAIL.COM,(+57) 322-060-1536,1,54000,WEB,2026-07-30 15:00:00
ft_sal_005960,ft_evt_0054,Luisa Vargas Quintero,luisa.lopez899@gmail.com,(+57) 311-209-9920,1,0,WEB,2026-07-31 06:00:00
ft_sal_005961,ft_evt_0054,diego vargas,diegovargas399@gmail.com,3188360376,2,88000,WEB,2026-07-27 18:00:00
ft_sal_005962,ft_evt_0054,Oscar Restrepo,oscar.restrepo17+eventos@hotmail.com,+57 325 8791816,1,98000,WEB,2026-07-28 18:00:00
ft_sal_005963,ft_evt_0054,Miguel Bermúdez,miguel.bermudez45@icloud.com,(+57) 324-646-4120,1,44000,WEB,2026-07-28 04:00:00
ft_sal_005964,ft_evt_0054,Ricardo Ramírez Rojas,ricardo.ramirez@hotmail.com,(+57) 327-817-5642,1,89000,WEB,2026-08-01 07:00:00
ft_sal_005965,ft_evt_0054,J. Gómez,jua.gomez@icloud.com,573112246901,3,291000,WEB,2026-07-27 18:00:00
ft_sal_005966,ft_evt_0054,Ospina Paula,paula.ospina96@gmail.com,(+57) 306-250-7773,1,45000,WEB,2026-08-01 02:00:00
ft_sal_005967,ft_evt_0054,Vargas Daniel,danielvargas226@proton.me,303 098 5602,1,130000,WEB,2026-07-26 09:00:00
ft_sal_005968,ft_evt_0054,sebastián ospina,sebastian.ospina@gmail.com,319 491 9180,1,59000,WEB,2026-07-29 02:00:00
ft_sal_005969,ft_evt_0054,Esteban Pena,esteban.pena+spam@outlook.com,+57 308 1043008,1,134000,WEB,2026-07-25 04:00:00
ft_sal_005970,ft_evt_0054,Sebastián Cifuentes Rojas,sebastian.cifuentes@hotmail.com,+57 306 7451542,3,384000,WEB,2026-08-01 14:00:00
ft_sal_005971,ft_evt_0054,Laura Jiménez,laura.jimenez40@gmail.com,+57 308 3190655,1,44000,BOX_OFFICE,2026-08-01 15:00:00
ft_sal_005972,ft_evt_0054,Natalia Gomez,natalia.gomez18@gmial.com,(+57) 300-006-2230,1,0,WEB,2026-07-30 14:00:00
ft_sal_005973,ft_evt_0054,M. Zapata,marianazapata834@gmail.com,+57 325 6327056,1,104000,WEB,2026-07-29 02:00:00
ft_sal_005974,ft_evt_0054,David Rodríguez,maria.rojas240@gmail.com,3006885370,1,58000,WEB,2026-08-01 17:00:00
ft_sal_005975,ft_evt_0054,catalina peña,catalina.pena615@gmial.com,,1,59000,WEB,2026-07-31 01:00:00
ft_sal_005976,ft_evt_0054,Juliana Gonzalez,juliana.gonzalez293@gmail.com,3085871615,2,90000,WEB,2026-08-01 17:00:00
ft_sal_005977,ft_evt_0054,Carlos Zapata,CARLOS.ZAPATA511@GMAIL.COM,(+57) 327-323-4593,2,176000,BOX_OFFICE,2026-07-28 08:00:00
ft_sal_005978,ft_evt_0054,Nicolás Valencia,nicolas.valencia62@gmail.com,3050605234,1,58000,WEB,2026-07-22 06:00:00
ft_sal_005979,ft_evt_0054,Natalia Rodríguez,natalia.rodriguez+spam@gmail.com,(+57) 310-666-8406,1,62000,WEB,2026-07-21 07:00:00
ft_sal_005980,ft_evt_0054,alejandra jiménez,alejandrajimenez399@gmail.com,,4,392000,WEB,2026-07-26 03:00:00
ft_sal_005981,ft_evt_0054,Valentina Céspedes,valentina.cespedes@yahoo.com,3212769836,2,86000,WEB,2026-07-25 19:00:00
ft_sal_005982,ft_evt_0054,Nicolás Martínez Jiménez,nicolasmartinez568@gmail.com,573241106620,1,50000,WEB,2026-07-21 09:00:00
ft_sal_005983,ft_evt_0054,Diego Salazar,diego.salazar42@gmail.com,328 034 7556,6,252000,WEB,2026-07-29 06:00:00
ft_sal_005984,ft_evt_0054,fabián peña,fabian.pen93@gmail.com,573278226549,2,90000,WEB,2026-07-17 15:00:00
ft_sal_005985,ft_evt_0054,Valentina Ospina,valentina.ospina@yahoo.com,321 634 8615,1,99000,WEB,2026-07-15 10:00:00
ft_sal_005986,ft_evt_0054,Ximena Moreno Salazar,ximena.moreno494@gmail.com,(+57) 318-936-4569,1,47000,WEB,2026-07-28 18:00:00
ft_sal_005987,ft_evt_0054,Julian Ospina,julian.ospina688@gmail.com,,1,97000,WEB,2026-07-25 04:00:00
ft_sal_005988,ft_evt_0054,Andrés Vargas,andres.vargas42@gmail.com,573223222924,4,176000,WEB,2026-07-25 05:00:00
ft_sal_005989,ft_evt_0054,mateo ortiz,mateo.ortiz38@gmail.com,3243246038,2,0,WEB,2026-08-01 07:00:00
ft_sal_005990,ft_evt_0054,Luisa Bermúdez,luisa.bermudez702@gmail.com,3251561671,2,88000,WEB,2026-07-29 18:00:00
ft_sal_005991,ft_evt_0054,Ximena Jiménez,ximena.jimenez@proton.me,573036443239,6,0,WEB,2026-07-28 13:00:00
ft_sal_005992,ft_evt_0054,Paula Quintero,paulaquintero299@gmail.com,(+57) 304-466-5707,1,0,WEB,2026-07-29 10:00:00
ft_sal_005993,ft_evt_0054,Paula Vargas López,paula.vargas@outlook.com,573158384785,1,61000,WEB,2026-07-27 02:00:00
ft_sal_005994,ft_evt_0054,Paula Cárdenas,paula.cardenas@yahoo.com,322 751 6709,1,45000,ADMIN,2026-08-01 13:00:00
ft_sal_005995,ft_evt_0054,Tatiana Castro Ospina,tatiana.castro10+boletas@gmail.com,+57 322 6577031,1,98000,ADMIN,2026-08-01 04:00:00
ft_sal_005996,ft_evt_0054,Daniel Ospina Rojas,daniel.ospina@gmail.com,(+57) 301-500-7294,2,122000,WEB,2026-07-26 07:00:00
ft_sal_005997,ft_evt_0054,Arango Juan,juan.arango488@gmial.com,573249280733,2,118000,BOX_OFFICE,2026-07-26 01:00:00
ft_sal_005998,ft_evt_0054,Mateo Guerrero,mateo.guerrero21@gmail.com,+57 314 5585436,1,43000,WEB,2026-07-26 05:00:00
ft_sal_005999,ft_evt_0054,Cristian Guerrero,cristianguerrero187@gmail.com,(+57) 320-965-9993,2,92000,WEB,2026-07-29 07:00:00
ft_sal_006000,ft_evt_0054,Ximena Suárez,ximena.suarez8@outlook.com,573248678387,2,94000,WEB,2026-08-01 04:00:00
ft_sal_006001,ft_evt_0054,Luisa Guerrero,luisa.guerrero56@gmail.com,304 927 1394,2,196000,WEB,2026-07-24 08:00:00
ft_sal_006002,ft_evt_0054,Sebastián Salazar,sebastian.salazar653@gmail.com,3017916851,4,248000,WEB,2026-07-30 07:00:00
ft_sal_006003,ft_evt_0054,Óscar Jiménez,oscar.jimenez@gmail.com,,4,364000,WEB,2026-07-25 02:00:00
ft_sal_006004,ft_evt_0054,daniel rojas,danielrojas795@gmail.com,320 396 5296,1,100000,WEB,2026-07-29 18:00:00
ft_sal_006005,ft_evt_0054,Santiago Salazar,santiago.salazar75@proton.me,(+57) 312-093-3946,3,432000,RRPP,2026-08-01 13:00:00
ft_sal_006006,ft_evt_0041,Alejandra Cárdenas,alejandracardenas434@gmail.com,306 664 7428,1,62000,WEB,2026-07-27 10:30:00
ft_sal_006007,ft_evt_0041,Julián Suárez,julian.suarez64@outlok.com,+57 328 1097688,3,285000,WEB,2026-07-30 07:30:00
ft_sal_006008,ft_evt_0041,CARLOS CÁRDENAS,carlos.cardenas184@gmail.com,3102935807,2,118000,WEB,2026-07-25 00:30:00
ft_sal_006009,ft_evt_0041,J. Céspedes,jun.cespedes22@gmail.com,+57 316 9374650,1,46000,WEB,2026-08-01 15:30:00
ft_sal_006010,ft_evt_0041,Isabella Mejía,isabellamejia634@hotmail.com,3213060869,2,202000,WEB,2026-08-01 01:30:00
ft_sal_006011,ft_evt_0041,Carlos Jiménez Moreno,carlos.jimenez75@outlok.com,(+57) 312-847-8203,1,59000,WEB,2026-07-28 07:30:00
ft_sal_006012,ft_evt_0041,Nicolás Cárdenas,nicolascardenas70@gmail.com,3211016787,3,165000,WEB,2026-08-01 19:30:00
ft_sal_006013,ft_evt_0041,González Sebastián,sebastian.gonzalez@yahoo.com,325 602 2469,2,96000,WEB,2026-07-27 08:30:00
ft_sal_006014,ft_evt_0041,Ximena Guerrero,ximenaguerrero587@hotmail.com,(+57) 302-761-2951,1,0,WEB,2026-07-24 18:30:00
ft_sal_006015,ft_evt_0041,Camilo Arango,camilo.arango@gmail.com,+57 310 7334848,1,40000,WEB,2026-07-30 15:30:00
ft_sal_006016,ft_evt_0041,DAVID SALAZAR,david.salazar65+eventos@gmail.com,,1,60000,WEB,2026-07-29 15:30:00
ft_sal_006017,ft_evt_0041,JULIÁN GUERRERO,julian.guerrero@gmail.com,(+57) 302-571-0331,1,95000,WEB,2026-07-30 15:30:00
ft_sal_006018,ft_evt_0041,Mariana Céspedes,mariana.cespedes300@gmail.com,320 134 1054,2,82000,WEB,2026-07-27 01:30:00
ft_sal_006019,ft_evt_0041,Cristian Moreno,cristianmoreno453@outlook.com,(+57) 311-155-4679,1,61000,WEB,2026-07-30 00:30:00
ft_sal_006020,ft_evt_0041,Cristian Gómez,cristian.gomez3@outlook.com,301 963 3229,1,59000,WEB,2026-08-01 18:30:00
ft_sal_006021,ft_evt_0041,Diego Salazar,diegosalazar661@outlook.com,329 507 2500,2,192000,WEB,2026-07-24 04:30:00
ft_sal_006022,ft_evt_0041,fabián céspedes,fabian.cespedes@hotmail.com,3041328885,2,90000,ADMIN,2026-07-28 20:30:00
ft_sal_006023,ft_evt_0041,Alejandra Peña,ALEJANDRA.PENA@GMAIL.COM,573256892596,1,91000,WEB,2026-08-01 20:30:00
ft_sal_006024,ft_evt_0041,Esteban Suárez Muñoz,estebansuarez296@gmail.com,+57 328 8013002,2,118000,WEB,2026-07-19 08:30:00
ft_sal_006025,ft_evt_0041,María Ortiz,maria.ortiz19@gmail.com,573243649527,4,392000,ADMIN,2026-08-01 10:30:00
ft_sal_006026,ft_evt_0041,M. Rojas,miguel.rojas276@gmail.com,324 679 1283,1,96000,ADMIN,2026-07-30 05:30:00
ft_sal_006027,ft_evt_0041,Diego Restrepo,diego.restrepo@outlook.com,3145860379,2,182000,WEB,2026-07-29 03:30:00
ft_sal_006028,ft_evt_0041,A. Salazar,alejandro.salazar51@gmail.com,573099670042,2,120000,WEB,2026-07-28 15:30:00
ft_sal_006029,ft_evt_0041,Sebastián Suárez,sebastian.suarez@hotmial.com,573052398990,1,0,WEB,2026-08-01 06:30:00
ft_sal_006030,ft_evt_0041,isabella cifuentes,ISABELLA.CIFUENTES@OUTLOOK.COM,,4,260000,WEB,2026-07-26 07:30:00
ft_sal_006031,ft_evt_0041,Isabella Suárez,isabella.suarez76@hotmail.com,317 607 1464,1,47000,BOX_OFFICE,2026-08-01 16:30:00
ft_sal_006032,ft_evt_0041,Mateo Jiménez,daniel.jimenez@gmail.com,,2,94000,WEB,2026-07-30 07:30:00
ft_sal_006033,ft_evt_0041,Camilo López,camilo.lopez@gmail.com,(+57) 309-418-6644,2,108000,WEB,2026-08-01 09:30:00
ft_sal_006034,ft_evt_0041,cristian jiménez,cristianjimenez264@gmail.com,+57 302 5174458,2,0,WEB,2026-07-30 05:30:00
ft_sal_006035,ft_evt_0041,Juliana Ospina,julianaospina82@gmail.com,(+57) 320-070-1409,1,0,BOX_OFFICE,2026-08-01 20:30:00
ft_sal_006036,ft_evt_0041,Laura Bermúdez,laurabermudez226@hotmail.com,3015988774,1,56000,WEB,2026-07-23 19:30:00
ft_sal_006037,ft_evt_0041,Sara Ospina,saraospina440@gmail.com,+57 312 5997354,2,92000,WEB,2026-07-23 10:30:00
ft_sal_006038,ft_evt_0041,Isabella Ortiz,isabella.ortiz99+eventos@outlook.com,,2,88000,BOX_OFFICE,2026-07-29 11:30:00
ft_sal_006039,ft_evt_0041,Diana Restrepo,dianarestrepo635@gmail.com,+57 315 0054968,1,48000,WEB,2026-07-30 16:30:00
ft_sal_006040,ft_evt_0041,Alejandro Bermúdez,alejandro.bermudez504@hotmail.com,321 601 7715,4,236000,WEB,2026-08-01 08:30:00
ft_sal_006041,ft_evt_0041,alejandra salazar,alejandrasalazar563@hotmail.com,313 568 9250,2,120000,BOX_OFFICE,2026-08-01 02:30:00
ft_sal_006042,ft_evt_0041,Camila Muñoz,camilamunoz278@gmail.com,(+57) 305-318-3568,1,97000,WEB,2026-07-18 14:30:00
ft_sal_006043,ft_evt_0041,Nicolás Jiménez Vargas,nicolasjimenez685@gmail.com,(+57) 324-902-6058,1,143000,WEB,2026-08-01 18:30:00
ft_sal_006044,ft_evt_0041,David Arango,davidarango801@gmail.com,(+57) 317-777-0100,1,45000,BOX_OFFICE,2026-07-30 13:30:00
ft_sal_006045,ft_evt_0041,Camila Guerrero,camilaguerrero922@icloud.com,3230668612,4,172000,WEB,2026-08-01 11:30:00
ft_sal_006046,ft_evt_0041,Diana Gonzalez,diana.gonzalez20@proton.me,3205955091,1,50000,WEB,2026-07-23 07:30:00
ft_sal_006047,ft_evt_0041,Ricardo Rodríguez,ricardorodriguez560@gmail.com,,1,44000,WEB,2026-07-31 14:30:00
ft_sal_006048,ft_evt_0041,Tatiana Martínez,tatianamartinez968@outlook.com,306 818 1208,3,135000,WEB,2026-07-30 16:30:00
ft_sal_006049,ft_evt_0041,RICARDO RODRÍGUEZ,RICARDO.RODRIGUEZ@HOTMAIL.COM,3020459572,1,46000,WEB,2026-08-01 11:30:00
ft_sal_006050,ft_evt_0041,nicolás restrepo,nicolas.restrepo47@hotmail.com,573241920735,2,178000,WEB,2026-08-01 00:30:00
ft_sal_006051,ft_evt_0041,Mariana Zapata Mejía,mariana.zapata293@gmial.com,322 284 2201,1,90000,WEB,2026-08-01 14:30:00
ft_sal_006052,ft_evt_0041,Bermúdez Camilo,camilobermudez143@gmail.com,+57 307 5694851,1,45000,BOX_OFFICE,2026-07-28 10:30:00
ft_sal_006053,ft_evt_0041,Andrea Cárdenas,andreacardenas608@gmail.com,,1,45000,WEB,2026-07-26 12:30:00
ft_sal_006054,ft_evt_0041,Manuela Restrepo,manuelarestrepo210@gmail.com,,2,92000,BOX_OFFICE,2026-07-18 16:30:00
ft_sal_006055,ft_evt_0041,Juliana Hernández,juliana.hernandez413@gmail.com,,2,272000,WEB,2026-08-01 06:30:00
ft_sal_006056,ft_evt_0041,Cristian Zapata,CRISTIAN.ZAPATA@PROTON.ME,(+57) 306-871-1066,1,48000,WEB,2026-08-01 06:30:00
ft_sal_006057,ft_evt_0041,Miguel Martínez,miguel.martinez11@gmail.com,,2,88000,WEB,2026-07-27 01:30:00
ft_sal_006058,ft_evt_0041,Diana Vargas Ortiz,dianavargas19@gmail.com,3045033182,1,48000,ADMIN,2026-07-26 09:30:00
ft_sal_006059,ft_evt_0041,Diana Cifuentes Restrepo,diana.cifuentes@icloud.com,(+57) 304-278-8367,1,46000,WEB,2026-07-30 12:30:00
ft_sal_006060,ft_evt_0041,N. Ramírez,sara.cifuentes17@gmail.com,573006480001,4,168000,WEB,2026-08-01 01:30:00
ft_sal_006061,ft_evt_0041,María Hernández,maria.hernandez85+boletas@gmail.com,325 285 7274,1,89000,WEB,2026-07-27 20:30:00
ft_sal_006062,ft_evt_0041,Mateo Salazar,diana.mejia@gmail.com,573249551457,1,96000,RRPP,2026-07-31 03:30:00
ft_sal_006063,ft_evt_0041,Julián Mejía,julian.mejia@gmail.com,323 937 1132,2,266000,WEB,2026-08-01 09:30:00
ft_sal_006064,ft_evt_0041,Mateo Peña,mateo.pena54@gmail.com,308 423 3367,2,0,WEB,2026-07-29 01:30:00
ft_sal_006065,ft_evt_0041,alejandra restrepo,alejandra.restrepo49@outlok.com,3198485452,1,63000,RRPP,2026-08-01 04:30:00
ft_sal_006066,ft_evt_0041,Juliana Rojas,julianarojas865@gmail.com,+57 305 9070460,1,89000,WEB,2026-08-01 17:30:00
ft_sal_006067,ft_evt_0041,Camilo Cifuentes,camilocifuentes875@hotmail.com,573081026211,2,260000,BOX_OFFICE,2026-07-25 02:30:00
ft_sal_006068,ft_evt_0041,Mateo Peña,mateo.pena22@gmail.com,3027624880,1,62000,WEB,2026-07-23 09:30:00
ft_sal_006069,ft_evt_0041,Santiago Zapata,natalia.ortiz749@gmail.com,(+57) 323-917-3169,4,196000,WEB,2026-07-22 03:30:00
ft_sal_006070,ft_evt_0041,Julián Valencia,julian.valencia560@gmail.com,+57 316 2109703,2,94000,WEB,2026-08-01 20:30:00
ft_sal_006071,ft_evt_0041,Valentina Restrepo,valentinarestrepo726@outlook.com,3215095296,1,47000,WEB,2026-07-21 07:30:00
ft_sal_006072,ft_evt_0041,Alejandro Vargas Muñoz,alejandro.vargas67@gmail.com,3121696755,2,114000,WEB,2026-08-01 15:30:00
ft_sal_006073,ft_evt_0041,Óscar Ortiz,mariana.ospina@hotmail.com,3194689185,2,84000,WEB,2026-07-31 14:30:00
ft_sal_006074,ft_evt_0041,Quintero Natalia,natalia.quintero@gmial.com,+57 319 2680122,1,102000,ADMIN,2026-07-19 09:30:00
ft_sal_006075,ft_evt_0041,David González,davidgonzalez733@hotmail.com,573205980054,2,100000,BOX_OFFICE,2026-07-30 09:30:00
ft_sal_006076,ft_evt_0041,Daniel Rodríguez,danielrodriguez877@hotmail.com,+57 327 6315538,3,198000,ADMIN,2026-07-29 16:30:00
ft_sal_006077,ft_evt_0041,VALENTINA CÁRDENAS,valentina.cardenas42@hotmail.com,3207353824,2,82000,WEB,2026-08-01 01:30:00
ft_sal_006078,ft_evt_0041,luisa restrepo,luisa.restrepo@proton.me,3047855193,3,138000,WEB,2026-07-29 05:30:00
ft_sal_006079,ft_evt_0046,Carlos Munoz,carlosmunoz503@gmail.com,3231975207,4,192000,BOX_OFFICE,2026-07-24 17:00:00
ft_sal_006080,ft_evt_0046,Laura Rojas,laura.rojas92@gmail.com,+57 304 4138576,2,118000,WEB,2026-08-01 06:00:00
ft_sal_006081,ft_evt_0046,Miguel Bermúdez,miguel.bermudez@hotmail.com,573287852355,1,0,WEB,2026-08-01 16:00:00
ft_sal_006082,ft_evt_0046,I. Ospina,isabella.osina140@gmail.com,311 730 6029,2,282000,WEB,2026-08-01 05:00:00
ft_sal_006083,ft_evt_0046,Isabella Muñoz,isabella.munoz@gmail.com,573267703708,1,103000,WEB,2026-08-01 13:00:00
ft_sal_006084,ft_evt_0046,David Salazar,davidsalazar900@gmail.com,573218687838,2,88000,WEB,2026-07-25 03:00:00
ft_sal_006085,ft_evt_0046,Tatiana Hernández,tatiana.hernandez153@gmail.com,325 737 5785,4,248000,WEB,2026-08-01 01:00:00
ft_sal_006086,ft_evt_0046,Carolina López,carolinalopez988@outlook.com,3199975651,1,58000,WEB,2026-08-01 15:00:00
ft_sal_006087,ft_evt_0046,Natalia Jiménez,nataliajimenez283@proton.me,,2,90000,BOX_OFFICE,2026-07-27 02:00:00
ft_sal_006088,ft_evt_0046,ximena moreno,ximenamoreno694@gmail.com,322 690 4530,1,44000,WEB,2026-07-31 23:00:00
ft_sal_006089,ft_evt_0046,Fabián Suárez,fabian.suarez9@gmail.com,573000865332,2,286000,WEB,2026-07-28 14:00:00
ft_sal_006090,ft_evt_0046,Santiago Bermúdez Ortiz,santiago.bermudez88+boletas@hotmail.com,573018247192,2,292000,WEB,2026-07-21 03:00:00
ft_sal_006091,ft_evt_0046,Daniel Hernández,daniel.hernandez@gmail.com,+57 319 7125357,1,43000,WEB,2026-08-01 14:00:00
ft_sal_006092,ft_evt_0046,X. Martínez,ximenamartinez32@gmail.com,,2,200000,WEB,2026-08-01 16:00:00
ft_sal_006093,ft_evt_0046,Camilo Guerrero,camilo.guerrero890@gmial.com,324 022 0823,1,141000,WEB,2026-07-27 09:00:00
ft_sal_006094,ft_evt_0046,Diana Zapata,diana.apata48@gmail.com,316 103 4052,6,0,ADMIN,2026-07-31 04:00:00
ft_sal_006095,ft_evt_0046,P. González,PAULA.GONZALEZ13@HOTMAIL.COM,3089475957,2,90000,WEB,2026-07-27 19:00:00
ft_sal_006096,ft_evt_0046,Cristian Gómez,cristian.gomez179@hotmail.com,+57 302 3765863,1,46000,WEB,2026-08-01 05:00:00
ft_sal_006097,ft_evt_0046,Paula Restrepo,paula.restrepo@gmail.com,573047398479,1,134000,WEB,2026-08-01 11:00:00
ft_sal_006098,ft_evt_0046,Mateo Salazar,mateosalazar717@gmail.com,(+57) 302-134-6402,2,100000,WEB,2026-07-31 12:00:00
ft_sal_006099,ft_evt_0046,Óscar González,oscargonzalez710@gmail.com,573109833152,1,102000,WEB,2026-07-26 23:00:00
ft_sal_006100,ft_evt_0046,Camila Arango,CAMILA.ARANGO45@ICLOUD.COM,(+57) 308-957-8992,2,82000,WEB,2026-07-28 00:00:00
ft_sal_006101,ft_evt_0046,N. Betancur,nicolasbetancur433@gmail.com,+57 311 8097641,6,282000,WEB,2026-08-01 08:00:00
ft_sal_006102,ft_evt_0046,Juan Vargas,juan.vargas2@gmail.com,573003529926,2,92000,WEB,2026-08-01 16:00:00
ft_sal_006103,ft_evt_0046,X. Martínez,ximenamartinez963@gmail.com,3062292141,1,0,WEB,2026-08-01 09:00:00
ft_sal_006104,ft_evt_0046,Luisa Rodríguez,luisarodriguez697@gmail.com,316 579 1620,1,48000,WEB,2026-07-26 09:00:00
ft_sal_006105,ft_evt_0046,Daniel Mejía,daniel.mejia58@outlook.com,(+57) 306-287-6968,1,48000,WEB,2026-07-24 05:00:00
ft_sal_006106,ft_evt_0046,daniela hernández,danielahernandez799@outlook.com,317 050 4997,2,212000,WEB,2026-08-01 11:00:00
ft_sal_006107,ft_evt_0046,Santiago Guerrero,santiago.guerrero58@gmial.com,3262912269,2,92000,WEB,2026-08-01 19:00:00
ft_sal_006108,ft_evt_0046,Julián Ospina Jiménez,julianospina975@hotmail.com,+57 320 8035603,1,43000,ADMIN,2026-07-28 01:00:00
ft_sal_006109,ft_evt_0046,MIGUEL SALAZAR,miguelsalazar55@yahoo.com,573099146140,1,131000,WEB,2026-08-01 07:00:00
ft_sal_006110,ft_evt_0046,Diana Gómez,diana.gomez@hotmail.com,573203493894,1,94000,WEB,2026-08-01 04:00:00
ft_sal_006111,ft_evt_0046,Alejandro Ortiz,ALEJANDRO.ORTIZ44@OUTLOOK.COM,+57 319 5056416,4,224000,WEB,2026-08-01 11:00:00
ft_sal_006112,ft_evt_0046,maría vargas,laura.munoz7@yahoo.com,573044723928,1,152000,WEB,2026-07-27 23:00:00
ft_sal_006113,ft_evt_0046,Luisa Quintero,luisaquintero973@icloud.com,(+57) 324-960-0375,2,194000,ADMIN,2026-07-25 18:00:00
ft_sal_006114,ft_evt_0046,Natalia Peña,natalia.pena@gmail.com,(+57) 317-057-0182,2,88000,WEB,2026-07-23 04:00:00
ft_sal_006115,ft_evt_0046,Sebastián Céspedes,sebastian.cespedes15@gmail.com,573176094323,2,186000,WEB,2026-07-24 00:00:00
ft_sal_006116,ft_evt_0046,DANIEL MEJÍA,daniel.mejia@gmail.com,309 917 7469,1,0,WEB,2026-07-30 04:00:00
ft_sal_006117,ft_evt_0046,F. Cifuentes,felipecifuentes381@outlook.com,3037747163,2,180000,WEB,2026-07-28 09:00:00
ft_sal_006118,ft_evt_0046,Paula Ortiz,paula.ortiz351@gmial.com,(+57) 304-190-7430,1,105000,WEB,2026-07-30 17:00:00
ft_sal_006119,ft_evt_0046,Diana Bermúdez,diana.bermudez+boletas@hotmail.com,(+57) 329-317-3309,2,118000,WEB,2026-07-26 01:00:00
ft_sal_006120,ft_evt_0046,Juliana González,juliana.gonzalez293@gmail.com,(+57) 308-581-6715,2,90000,WEB,2026-07-29 18:00:00
ft_sal_006121,ft_evt_0046,Juan Gómez,juan.gomez25@gmail.com,+57 324 4191311,1,45000,WEB,2026-07-24 02:00:00
ft_sal_006122,ft_evt_0046,David Muñoz,davidmunoz793@outlook.com,573295521120,2,270000,WEB,2026-07-29 00:00:00
ft_sal_006123,ft_evt_0046,PAULA CIFUENTES,paula.cifuentes+eventos@gmail.com,324 704 9523,3,189000,WEB,2026-07-19 12:00:00
ft_sal_006124,ft_evt_0046,M. González,maria.gonzalez@gmail.com,3277396524,1,0,WEB,2026-07-29 05:00:00
ft_sal_006125,ft_evt_0046,Ricardo Cifuentes,ricardocifuentes837@gmail.com,+57 309 7468876,1,0,WEB,2026-07-30 01:00:00
ft_sal_006126,ft_evt_0046,Juliana Hernández,juliana.hernandez@gmail.com,3101224593,1,103000,WEB,2026-08-01 02:00:00
ft_sal_006127,ft_evt_0046,Mariana Valencia Peña,marianavalencia633@yahoo.com,573129419610,1,61000,WEB,2026-08-01 14:00:00
ft_sal_006128,ft_evt_0046,camilo valencia,camilo.vlencia@gmail.com,(+57) 309-533-1990,2,88000,WEB,2026-07-30 08:00:00
ft_sal_006129,ft_evt_0046,VALENTINA VALENCIA,valentinavalencia999@gmail.com,+57 311 6227941,2,118000,WEB,2026-08-01 11:00:00
ft_sal_006130,ft_evt_0046,L. Jiménez,luisajimenez201@gmail.com,573165242814,1,59000,ADMIN,2026-07-26 16:00:00
ft_sal_006131,ft_evt_0046,cristian cifuentes,cristian.cifuentes@gmail.com,322 442 5607,1,45000,WEB,2026-07-29 12:00:00
ft_sal_006132,ft_evt_0046,Fabián Restrepo Guerrero,fabianrestrepo135@proton.me,(+57) 306-781-7395,2,88000,WEB,2026-08-01 02:00:00
ft_sal_006133,ft_evt_0046,Esteban Ramírez,estebanramirez26@gmail.com,3261315606,1,44000,ADMIN,2026-08-01 02:00:00
ft_sal_006134,ft_evt_0046,Ricardo Valencia,ricardovalencia619@gmail.com,(+57) 327-424-8200,2,198000,WEB,2026-07-26 10:00:00
ft_sal_006135,ft_evt_0046,Felipe Guerrero,felipe.guerrero71@gmial.com,+57 311 4506324,2,90000,ADMIN,2026-07-31 10:00:00
ft_sal_006136,ft_evt_0046,Juliana Guerrero,julianaguerrero521@outlook.com,573105778366,1,142000,BOX_OFFICE,2026-07-25 04:00:00
ft_sal_006137,ft_evt_0046,Catalina López,caalina.lopez609@gmail.com,+57 302 4528752,1,95000,WEB,2026-08-01 11:00:00
ft_sal_006138,ft_evt_0046,NICOLÁS ROJAS,nicolas.rojas67@gmail.com,(+57) 323-694-8861,1,0,BOX_OFFICE,2026-08-01 10:00:00
ft_sal_006139,ft_evt_0046,Natalia Valencia,natalia.valencia@yahoo.com,+57 313 2004497,2,122000,WEB,2026-08-01 09:00:00
ft_sal_006140,ft_evt_0046,Tatiana Ortiz,tatianaortiz766@gmail.com,+57 310 8200505,2,88000,WEB,2026-08-01 14:00:00
ft_sal_006141,ft_evt_0046,Daniel Martínez,daniel.martinez855@gmail.com,+57 313 4321764,1,46000,WEB,2026-07-31 03:00:00
ft_sal_006142,ft_evt_0046,Guerrero Camilo,camilo.guerrero902@gmail.com,+57 315 9405293,1,94000,BOX_OFFICE,2026-07-28 04:00:00
ft_sal_006143,ft_evt_0046,Mariana Pena,marianapena427@gmail.com,317 564 3541,2,0,WEB,2026-07-25 10:00:00
ft_sal_006144,ft_evt_0046,CARLOS MARTÍNEZ,carlos.martinez320@gmail.com,,4,568000,WEB,2026-08-01 02:00:00
ft_sal_006145,ft_evt_0046,Laura Gomez,laura.gomez56@gmail.com,573219824098,2,112000,WEB,2026-08-01 18:00:00
ft_sal_006146,ft_evt_0046,camila zapata,camila.zapata@gmail.com,3027808953,3,135000,WEB,2026-08-01 13:00:00
ft_sal_006147,ft_evt_0046,Manuela Ramirez,manuelaramirez539@gmail.com,327 891 0641,2,94000,WEB,2026-08-01 10:00:00
ft_sal_006148,ft_evt_0046,Isabella Céspedes Muñoz,juliana.gomez6@gmail.com,(+57) 322-650-4460,1,0,WEB,2026-08-01 02:00:00
ft_sal_006149,ft_evt_0046,Ricardo González,ricardo.gonzalez507@gmail.com,309 193 4837,1,44000,WEB,2026-08-01 00:00:00
ft_sal_006150,ft_evt_0046,diego gómez,diego.gomez737@gmail.com,316 187 7014,1,60000,WEB,2026-08-01 17:00:00
ft_sal_006151,ft_evt_0046,Manuela López Muñoz,manuela.lopez701@gmial.com,311 385 4300,1,41000,WEB,2026-08-01 10:00:00
ft_sal_006152,ft_evt_0046,Rodríguez Alejandra,alejandrarodriguez292@gmail.com,3256448598,2,204000,BOX_OFFICE,2026-08-01 09:00:00
ft_sal_006153,ft_evt_0046,ANDRÉS VALENCIA,andresvalencia539@gmail.com,,1,64000,WEB,2026-08-01 05:00:00
ft_sal_006154,ft_evt_0046,Juan González,juan.gonzalez@hotmial.com,,4,332000,WEB,2026-07-30 17:00:00
ft_sal_006155,ft_evt_0046,Alejandra Jiménez,alejandra.jimenez883@gmail.com,573249813951,1,43000,BOX_OFFICE,2026-08-01 11:00:00
ft_sal_006156,ft_evt_0046,Natalia Rodríguez,natalia.rodrigez@gmail.com,573106668406,3,438000,WEB,2026-07-22 07:00:00
ft_sal_006157,ft_evt_0046,Ximena Rodríguez,XIMENA.RODRIGUEZ66@GMAIL.COM,573154800489,1,43000,WEB,2026-07-26 04:00:00
ft_sal_006158,ft_evt_0046,Esteban López,esteban.lopez91+boletas@gmail.com,+57 326 4461228,1,42000,WEB,2026-07-29 10:00:00
ft_sal_006159,ft_evt_0046,juan restrepo,juan.restrepo174@gmail.com,+57 329 9359232,1,42000,WEB,2026-07-29 23:00:00
ft_sal_006160,ft_evt_0046,tatiana ortiz,tatiana.ortiz30@gmail.com,,3,426000,WEB,2026-08-01 06:00:00
ft_sal_006161,ft_evt_0046,Alejandra Zapata,nicolas.valencia62@gmail.com,573036935825,2,194000,WEB,2026-08-01 05:00:00
ft_sal_006162,ft_evt_0046,Juan Guerrero,juan.guerrero+boletas@outlook.com,(+57) 327-187-1828,1,90000,WEB,2026-08-01 04:00:00
ft_sal_006163,ft_evt_0046,Esteban Hernández,esteban.hernandez@hotmail.com,3057205057,1,46000,WEB,2026-08-01 14:00:00
ft_sal_006164,ft_evt_0046,diego ramírez,diego.ramirez55@gmial.com,329 478 3223,3,183000,WEB,2026-07-29 16:00:00
ft_sal_006165,ft_evt_0046,Nicolás Castro,nicolascastro691@outlook.com,(+57) 322-940-3473,1,49000,WEB,2026-08-01 02:00:00
ft_sal_006166,ft_evt_0046,Catalina Cifuentes Gómez,catalinacifuentes696@gmail.com,314 203 3838,1,135000,WEB,2026-08-01 16:00:00
ft_sal_006167,ft_evt_0046,Fabián Quintero,fabian.quintero30@hotmail.com,+57 320 6451672,6,270000,WEB,2026-08-01 18:00:00
ft_sal_006168,ft_evt_0046,Isabella Cifuentes,isabella.cifuentes281@gmail.com,+57 308 4131451,2,88000,WEB,2026-07-27 14:00:00
ft_sal_006169,ft_evt_0046,Camilo Cifuentes,camilocifuentes479@gmail.com,573290452544,2,268000,WEB,2026-08-01 10:00:00
ft_sal_006170,ft_evt_0046,Fabian Salazar,fabian.salazar19@gmail.com,3290542521,1,44000,WEB,2026-08-01 19:00:00
ft_sal_006171,ft_evt_0046,Sebastián Céspedes,SEBASTIAN.CESPEDES61@HOTMAIL.COM,310 857 7496,3,387000,WEB,2026-07-30 15:00:00
ft_sal_006172,ft_evt_0046,Miguel Zapata,miguelzapata301@gmail.com,+57 307 1462600,4,164000,WEB,2026-08-01 03:00:00
ft_sal_006173,ft_evt_0046,Miguel Arango,miguelarango479@icloud.com,573286282578,3,180000,WEB,2026-07-21 14:00:00
ft_sal_006174,ft_evt_0046,Andrea Céspedes,andrea.cespedes@outlook.com,319 168 9997,3,186000,WEB,2026-08-01 06:00:00
ft_sal_006175,ft_evt_0046,Tatiana Valencia,tatianavalencia196@gmail.com,+57 301 4967890,1,61000,WEB,2026-08-01 10:00:00
ft_sal_006176,ft_evt_0046,Ospina Daniela,danielaospina345@outlook.com,306 082 2676,2,198000,WEB,2026-07-28 15:00:00
ft_sal_006177,ft_evt_0046,Carlos Martínez,alejandro.restrepo@gmail.com,3085107027,4,196000,WEB,2026-08-01 11:00:00
ft_sal_006178,ft_evt_0046,fabián peña,fabian.pena65@outlook.com,315 075 0216,3,141000,WEB,2026-08-01 03:00:00
ft_sal_006179,ft_evt_0046,Laura Suárez,laura.suarez87@hotmail.com,573211594228,1,59000,WEB,2026-07-28 08:00:00
ft_sal_006180,ft_evt_0046,CAROLINA SUÁREZ,carolina.suarez64@gmial.com,327 124 8307,4,244000,BOX_OFFICE,2026-07-30 18:00:00
ft_sal_006181,ft_evt_0046,mariana jiménez,marianajimenez285@gmail.com,306 741 4193,3,138000,WEB,2026-08-01 16:00:00
ft_sal_006182,ft_evt_0046,Felipe Valencia,felipevalencia346@gmail.com,325 444 2022,1,0,WEB,2026-08-01 11:00:00
ft_sal_006183,ft_evt_0046,maría arango,MARIA.ARANGO96@GMAIL.COM,(+57) 303-447-4551,1,47000,WEB,2026-07-28 18:00:00
ft_sal_006184,ft_evt_0046,Alejandra Quintero,alejandra.quintero88@gmail.com,(+57) 319-287-3732,2,0,WEB,2026-07-27 12:00:00
ft_sal_006185,ft_evt_0046,Camilo González,camilogonzalez154@hotmail.com,573141989692,1,61000,WEB,2026-07-29 23:00:00
ft_sal_006186,ft_evt_0046,Tatiana Cespedes,tatiana.cespedes392@gmail.com,+57 316 4285774,3,270000,WEB,2026-08-01 14:00:00
ft_sal_006187,ft_evt_0046,Carlos Mejía,CARLOS.MEJIA705@GMAIL.COM,3181752448,1,45000,WEB,2026-07-24 18:00:00
ft_sal_006188,ft_evt_0046,Santiago Quintero,santigo.quintero68@outlook.com,,2,120000,WEB,2026-08-01 14:00:00
ft_sal_006189,ft_evt_0046,fabián cifuentes,fabian.cifuentes@outlook.com,3077834408,4,400000,WEB,2026-07-31 18:00:00
ft_sal_006190,ft_evt_0046,Ximena González López,camilo.rodriguez770@outlook.com,+57 312 7278554,1,123000,ADMIN,2026-08-01 06:00:00
ft_sal_006191,ft_evt_0046,Luisa Suarez,luisasuarez28@gmail.com,+57 310 2715620,2,86000,BOX_OFFICE,2026-08-01 04:00:00
ft_sal_006192,ft_evt_0046,Fabian Gonzalez,fabian.gonzalez24@hotmail.com,+57 314 2157349,1,44000,WEB,2026-08-01 11:00:00
ft_sal_006193,ft_evt_0046,Gómez Juan,luisa.cespedes106@gmail.com,(+57) 324-419-1311,1,57000,WEB,2026-07-28 04:00:00
ft_sal_006194,ft_evt_0046,Juan González,juangonzalez316@gmail.com,3181922626,4,188000,WEB,2026-08-01 13:00:00
ft_sal_006195,ft_evt_0046,Manuela Suarez,manuela.suarez23@proton.me,3086491251,1,43000,WEB,2026-07-28 07:00:00
ft_sal_006196,ft_evt_0046,Céspedes Óscar,oscar.cespedes@gmail.com,3014780869,1,141000,WEB,2026-07-31 05:00:00
ft_sal_006197,ft_evt_0046,Juan Restrepo,jua.restrepo@gmail.com,573017059799,4,184000,WEB,2026-07-29 09:00:00
ft_sal_006198,ft_evt_0046,María Martínez,mariamartinez586@hotmail.com,,4,584000,WEB,2026-08-01 13:00:00
ft_sal_006199,ft_evt_0046,Fabián Cifuentes,fabiancifuentes828@gmail.com,329 316 3989,6,270000,WEB,2026-07-31 08:00:00
ft_sal_006200,ft_evt_0046,Luisa Betancur Bermúdez,luisabetancur534@gmail.com,329 942 4228,6,336000,WEB,2026-07-31 18:00:00
ft_sal_006201,ft_evt_0046,Guerrero Julián,julian.guerrero845@gmail.com,307 522 5422,2,96000,ADMIN,2026-07-27 10:00:00
ft_sal_006202,ft_evt_0046,Santiago Restrepo,santiagorestrepo731@gmail.com,573175875275,3,168000,WEB,2026-07-24 12:00:00
ft_sal_006203,ft_evt_0046,Óscar Gómez,oscargomez942@gmail.com,300 326 2472,1,59000,BOX_OFFICE,2026-07-26 18:00:00
ft_sal_006204,ft_evt_0046,Mateo Restrepo,mateo.restrepo1@hotmail.com,(+57) 319-561-4900,1,57000,ADMIN,2026-08-01 14:00:00
ft_sal_006205,ft_evt_0046,Julian Munoz,julian.munoz39@outlook.com,3214287363,2,186000,WEB,2026-08-01 00:00:00
ft_sal_006206,ft_evt_0046,Sebastián Cifuentes,sebastiancifuentes636@gmail.com,317 701 1452,2,198000,WEB,2026-07-25 14:00:00
ft_sal_006207,ft_evt_0046,Juan Valencia,juanvalencia487@proton.me,3239678294,2,88000,WEB,2026-08-01 07:00:00
ft_sal_006208,ft_evt_0046,Camilo Guerrero,camilo.guerrero761@gmail.com,,1,63000,WEB,2026-07-27 11:00:00
ft_sal_006209,ft_evt_0046,Nicolás Cárdenas,nicolas.cardenas677@gmail.com,573277104611,1,57000,WEB,2026-08-01 04:00:00
ft_sal_006210,ft_evt_0046,Natalia Martínez,natalia.martinez82@gmail.com,,3,132000,WEB,2026-08-01 02:00:00
ft_sal_006211,ft_evt_0046,Miguel Restrepo,miguel.restrepo73@yahoo.com,(+57) 303-223-4459,1,140000,WEB,2026-08-01 11:00:00
ft_sal_006212,ft_evt_0046,laura martínez,laura.martinez398@gmail.com,3258078613,2,86000,BOX_OFFICE,2026-07-30 04:00:00
ft_sal_006213,ft_evt_0046,nicolás gómez,nicolasgomez610@hotmail.com,573279244458,4,248000,WEB,2026-07-29 18:00:00
ft_sal_006214,ft_evt_0046,Ricardo Muñoz,ricardo.munoz@gmail.com,(+57) 300-902-1842,1,42000,WEB,2026-08-01 03:00:00
ft_sal_006215,ft_evt_0046,Mateo Vargas Ospina,mateovargas327@gmail.com,+57 326 6194713,4,164000,WEB,2026-08-01 12:00:00
ft_sal_006216,ft_evt_0046,SEBASTIÁN CÉSPEDES,sebastian.cespedes53@gmail.com,+57 313 3769302,1,0,BOX_OFFICE,2026-07-28 10:00:00
ft_sal_006217,ft_evt_0046,Suárez Manuela,manuela.suarez85@gmail.com,(+57) 315-760-0908,1,45000,WEB,2026-07-28 03:00:00
ft_sal_006218,ft_evt_0046,Nicolás Mejía,nicolas.mejia598@gmial.com,3177376225,1,48000,WEB,2026-07-21 10:00:00
ft_sal_006219,ft_evt_0046,Andrés Ospina,andres.ospina@hotmail.com,+57 315 7519741,3,135000,ADMIN,2026-07-29 07:00:00
ft_sal_006220,ft_evt_0046,luisa martínez,luisa.martinez@gmail.com,573023097675,1,0,WEB,2026-08-01 00:00:00
ft_sal_006221,ft_evt_0046,Miguel Moreno,miguel.moreno+boletas@gmail.com,326 355 1628,2,122000,WEB,2026-07-31 07:00:00
ft_sal_006222,ft_evt_0046,DANIELA SUÁREZ,danielasuarez730@gmail.com,,2,210000,WEB,2026-08-01 13:00:00
ft_sal_006223,ft_evt_0046,Miguel Mejía,miguel.mejia898@gmail.com,(+57) 307-554-1109,1,59000,WEB,2026-07-26 02:00:00
ft_sal_006224,ft_evt_0046,ANDRÉS OSPINA,andres.ospina24@gmail.com,324 271 5066,1,45000,WEB,2026-08-01 05:00:00
ft_sal_006225,ft_evt_0046,Diana Salazar,dianasalazar869@gmail.com,+57 305 8894141,1,63000,WEB,2026-08-01 14:00:00
ft_sal_006226,ft_evt_0046,Juliana Cifuentes,julianacifuentes971@outlook.com,323 497 5843,1,91000,WEB,2026-07-28 11:00:00
ft_sal_006227,ft_evt_0046,Óscar Rodríguez,oscar.rodriguez@yahoo.com,316 563 1976,2,80000,BOX_OFFICE,2026-07-29 07:00:00
ft_sal_006228,ft_evt_0046,Gómez Carolina,carolina.gomez@outlook.com,3096436336,4,184000,WEB,2026-07-26 08:00:00
ft_sal_006229,ft_evt_0046,Mariana Rodríguez,MARIANA.RODRIGUEZ@HOTMAIL.COM,573161036713,1,61000,WEB,2026-08-01 06:00:00
ft_sal_006230,ft_evt_0046,ximena martínez,ximena.martinez@gmail.com,,3,135000,WEB,2026-08-01 08:00:00
ft_sal_006231,ft_evt_0046,Mariana López Muñoz,marianalopez632@outlook.com,573067714462,1,148000,BOX_OFFICE,2026-08-01 00:00:00
ft_sal_006232,ft_evt_0046,Luisa Salazar,luisa.salazar@outlook.com,573283946744,2,260000,BOX_OFFICE,2026-08-01 09:00:00
ft_sal_006233,ft_evt_0046,DANIEL HERNÁNDEZ,andres.bermudez@gmail.com,573096266487,1,0,WEB,2026-07-28 05:00:00
ft_sal_006234,ft_evt_0046,Cristian Rojas,CRISTIAN.ROJAS736@GMAIL.COM,,6,264000,WEB,2026-08-01 02:00:00
ft_sal_006235,ft_evt_0046,Felipe Lopez,felipelopez985@gmail.com,573062570266,2,204000,ADMIN,2026-08-01 13:00:00
ft_sal_006236,ft_evt_0046,Camilo Guerrero,camiloguerrero400@yahoo.com,,2,110000,ADMIN,2026-07-27 07:00:00
ft_sal_006237,ft_evt_0046,Carlos Cárdenas Muñoz,carlos.cardenas184+boletas@gmail.com,310 923 8507,2,188000,WEB,2026-08-01 10:00:00
ft_sal_006238,ft_evt_0046,Mateo González Cárdenas,mateogonzalez21@gmail.com,,3,189000,WEB,2026-07-28 18:00:00
ft_sal_006239,ft_evt_0046,Andrea Ortiz,andrea.ortiz@gmial.com,(+57) 323-900-0971,2,186000,WEB,2026-08-01 11:00:00
ft_sal_006240,ft_evt_0046,Daniela Hernández,danielahernandez899@gmail.com,3111367605,2,84000,WEB,2026-07-29 13:00:00
ft_sal_006241,ft_evt_0046,Miguel Céspedes,miguel.cespedes887@hotmail.com,+57 327 5658341,1,40000,ADMIN,2026-07-24 07:00:00
ft_sal_006242,ft_evt_0046,Diana Cespedes,diana.cespedes9@gmail.com,+57 321 1986412,2,92000,WEB,2026-07-28 00:00:00
ft_sal_006243,ft_evt_0046,Cristian Gomez,cristian.gomez@gmail.com,573041429538,1,49000,RRPP,2026-07-30 14:00:00
ft_sal_006244,ft_evt_0046,óscar ospina,oscar.ospina56@yahoo.com,,2,200000,RRPP,2026-07-30 15:00:00
ft_sal_006245,ft_evt_0046,Daniel Bermúdez,daniel.bermudez@outlook.com,,2,126000,WEB,2026-08-01 09:00:00
ft_sal_006246,ft_evt_0046,Andrea Gomez,andreagomez308@hotmail.com,573083803691,1,58000,WEB,2026-07-25 10:00:00
ft_sal_006247,ft_evt_0046,Tatiana Ramírez,alejandro.bermudez315@hotmail.com,3286050157,3,141000,WEB,2026-08-01 15:00:00
ft_sal_006248,ft_evt_0046,Daniel Betancur,daniel.betancur44@hotmail.com,(+57) 324-554-2619,1,45000,WEB,2026-08-01 18:00:00
ft_sal_006249,ft_evt_0046,Juliana Martínez,juliana.martinez79@gmail.com,(+57) 317-855-0374,2,122000,WEB,2026-07-28 15:00:00
ft_sal_006250,ft_evt_0046,Catalina González,catalina.gonzalez79@gmail.com,(+57) 312-603-5759,3,141000,BOX_OFFICE,2026-08-01 02:00:00
ft_sal_006251,ft_evt_0046,Daniel Mejía,daniel.mejia855+boletas@gmail.com,+57 321 8865421,1,46000,WEB,2026-07-27 07:00:00
ft_sal_006252,ft_evt_0046,Ramírez Santiago,nicolas.salazar@gmail.com,(+57) 304-606-5239,2,94000,WEB,2026-07-29 18:00:00
ft_sal_006253,ft_evt_0046,Nicolás Hernández,nicolashernandez740@hotmail.com,+57 321 5656711,1,45000,WEB,2026-08-01 15:00:00
ft_sal_006254,ft_evt_0046,Santiago Hernández,santiagohernandez514@hotmail.com,+57 320 7422569,4,184000,WEB,2026-08-01 12:00:00
ft_sal_006255,ft_evt_0046,Camila Quintero,camila.quintero+spam@gmail.com,(+57) 302-746-7460,1,101000,WEB,2026-08-01 16:00:00
ft_sal_006256,ft_evt_0046,MARÍA ROJAS,mariarojas356@outlook.com,+57 308 5505663,2,92000,WEB,2026-07-27 23:00:00
ft_sal_006257,ft_evt_0046,Óscar Zapata,oscar.zapata30@gmial.com,+57 311 8949563,1,63000,WEB,2026-08-01 10:00:00
ft_sal_006258,ft_evt_0046,Andrés Ospina,andresospina909@gmail.com,,2,176000,ADMIN,2026-08-01 15:00:00
ft_sal_006259,ft_evt_0046,Alejandra Muñoz Moreno,alejandra.munoz36@outlook.com,(+57) 317-159-6377,6,900000,WEB,2026-08-01 09:00:00
ft_sal_006260,ft_evt_0046,Martínez Diana,diana.martinez14@gmail.com,307 498 2197,1,60000,BOX_OFFICE,2026-08-01 08:00:00
ft_sal_006261,ft_evt_0046,carolina betancur,carolinabetancur171@outlook.com,3252244884,1,59000,WEB,2026-07-29 05:00:00
ft_sal_006262,ft_evt_0046,Diana Betancur,dianabetancur845@yahoo.com,573194650496,2,88000,WEB,2026-07-27 04:00:00
ft_sal_006263,ft_evt_0046,Fabián Guerrero,fabian.guerrero40@outlok.com,(+57) 307-090-7140,3,171000,WEB,2026-07-27 23:00:00
ft_sal_006264,ft_evt_0046,Manuela Salazar,manuela.salazar@hotmial.com,+57 323 8164926,2,174000,WEB,2026-07-25 16:00:00
ft_sal_006265,ft_evt_0046,Carlos Ospina Ramírez,nicolas.hernandez9@gmail.com,573025344669,3,135000,RRPP,2026-07-29 16:00:00
ft_sal_006266,ft_evt_0046,FELIPE CÉSPEDES,felipe.cespedes@proton.me,+57 316 3209525,3,129000,WEB,2026-07-30 11:00:00
ft_sal_006267,ft_evt_0046,Valentina Rojas,sebastian.arango431@gmail.com,(+57) 327-103-6626,2,122000,WEB,2026-07-28 17:00:00
ft_sal_006268,ft_evt_0046,Santiago Mejía,santiagomejia35@outlook.com,573145752558,1,48000,WEB,2026-08-01 09:00:00
ft_sal_006269,ft_evt_0046,C. López,carolina.lopez@hotmail.com,328 352 8757,1,89000,RRPP,2026-08-01 18:00:00
ft_sal_006270,ft_evt_0046,Andrea Jiménez,andrea.jimenez4@gmail.com,,1,60000,BOX_OFFICE,2026-08-01 09:00:00
ft_sal_006271,ft_evt_0046,Martínez Carlos,CARLOS.MARTINEZ@GMAIL.COM,573221869484,1,43000,WEB,2026-07-27 03:00:00
ft_sal_006272,ft_evt_0046,Ximena Valencia Guerrero,ximena.valencia49@gmail.com,573013320683,1,94000,WEB,2026-08-01 10:00:00
ft_sal_006273,ft_evt_0046,Vargas Fabián,fabianvargas344@gmail.com,3133982729,1,62000,ADMIN,2026-07-31 23:00:00
ft_sal_006274,ft_evt_0046,Catalina López Peña,catalinalopez531@gmail.com,+57 302 1578582,2,84000,WEB,2026-08-01 10:00:00
ft_sal_006275,ft_evt_0046,CAROLINA CIFUENTES,carolina.cifuents560@gmail.com,(+57) 316-136-2951,1,44000,WEB,2026-07-27 07:00:00
ft_sal_006276,ft_evt_0046,Suárez Camilo,camilosuarez15@hotmail.com,573189511605,1,0,WEB,2026-07-29 03:00:00
ft_sal_006277,ft_evt_0046,Catalina Quintero,catalina.quintero85@gmail.com,306 396 7588,1,56000,WEB,2026-07-28 18:00:00
ft_sal_006278,ft_evt_0015,Juan Bermúdez,JUAN.BERMUDEZ52@GMAIL.COM,(+57) 312-373-3615,1,0,WEB,2026-07-19 12:00:00
ft_sal_006279,ft_evt_0015,Luisa Salazar,luisa.salazar21+spam@yahoo.com,(+57) 304-954-3629,1,0,WEB,2026-07-29 18:00:00
ft_sal_006280,ft_evt_0015,Mejía Ximena,XIMENA.MEJIA@GMAIL.COM,(+57) 308-773-7219,1,0,WEB,2026-08-01 20:00:00
ft_sal_006281,ft_evt_0015,valentina cárdenas,valentina.cardenas901@gmail.com,3177299780,3,0,BOX_OFFICE,2026-07-28 04:00:00
ft_sal_006282,ft_evt_0015,Diego Ramírez,diegoramirez759@gmail.com,312 892 2987,1,0,WEB,2026-07-31 15:00:00
ft_sal_006283,ft_evt_0015,Juan Betancur,daniel.gomez522@gmail.com,+57 322 2679311,1,0,WEB,2026-08-01 12:00:00
ft_sal_006284,ft_evt_0015,Restrepo Esteban,estebanrestrepo383@gmail.com,+57 318 4747392,2,0,WEB,2026-07-24 03:00:00
ft_sal_006285,ft_evt_0015,S. Arango,saraarango142@gmail.com,326 029 2962,2,0,WEB,2026-08-01 17:00:00
ft_sal_006286,ft_evt_0015,Betancur Felipe,felipe.betancu871@gmail.com,3144499979,2,0,WEB,2026-07-21 16:00:00
ft_sal_006287,ft_evt_0015,Catalina Ospina,catalina.ospina83@gmail.com,573238464124,1,0,WEB,2026-08-01 10:00:00
ft_sal_006288,ft_evt_0015,María Moreno,mateo.pena57@outlook.com,+57 304 5331013,2,0,WEB,2026-07-31 18:00:00
ft_sal_006289,ft_evt_0015,Natalia Rojas,natalia.rojas73@gmail.com,+57 318 8104623,2,0,WEB,2026-07-30 06:00:00
ft_sal_006290,ft_evt_0015,Óscar López,oscar.lopez@yahoo.com,+57 303 5590420,6,0,WEB,2026-07-26 19:00:00
ft_sal_006291,ft_evt_0015,Diego Cifuentes,diego.cifuentes345@gmail.com,+57 305 1642245,1,0,WEB,2026-08-01 11:00:00
ft_sal_006292,ft_evt_0015,MANUELA SUÁREZ,manuela.suarez3@gmail.com,305 166 0134,3,0,WEB,2026-08-01 09:00:00
ft_sal_006293,ft_evt_0015,Carolina Ospina,carolina.ospina56@gmail.com,573117944929,2,0,WEB,2026-07-27 17:00:00
ft_sal_006294,ft_evt_0015,david lópez,davidlopez87@gmail.com,320 827 2362,3,0,WEB,2026-07-30 07:00:00
ft_sal_006295,ft_evt_0015,Santiago Muñoz,santiago.munoz73@outlook.com,573090418969,1,0,BOX_OFFICE,2026-07-27 14:00:00
ft_sal_006296,ft_evt_0015,Esteban Restrepo,estebanrestrepo380@proton.me,319 527 6817,4,0,WEB,2026-07-30 18:00:00
ft_sal_006297,ft_evt_0015,Daniel Ospina,daniel.ospina981@gmail.com,(+57) 325-593-9401,2,0,ADMIN,2026-07-26 12:00:00
ft_sal_006298,ft_evt_0015,Tatiana Moreno,tatianamoreno670@hotmail.com,(+57) 324-245-0794,6,0,WEB,2026-07-31 17:00:00
ft_sal_006299,ft_evt_0015,Camila Munoz,camila.munoz79@outlook.com,(+57) 308-625-4582,1,0,WEB,2026-07-31 01:00:00
ft_sal_006300,ft_evt_0015,Laura Quintero,laura.quintero+compras@proton.me,3000378464,2,0,WEB,2026-07-26 10:00:00
ft_sal_006301,ft_evt_0015,S. Arango,daniel.zapata29@gmail.com,325 402 2094,2,0,ADMIN,2026-07-29 20:00:00
ft_sal_006302,ft_evt_0015,Diana González,diana.gonzalez302@gmail.com,(+57) 301-448-8445,1,0,WEB,2026-08-01 20:00:00
ft_sal_006303,ft_evt_0015,Sara López,sara.lopez633@gmail.com,(+57) 320-440-8843,2,0,WEB,2026-07-27 10:00:00
ft_sal_006304,ft_evt_0015,fabián cárdenas,fabiancardenas100@hotmail.com,3039154391,1,0,WEB,2026-07-26 18:00:00
ft_sal_006305,ft_evt_0015,Carlos Mejía,carlos.mejia705@gmail.com,318 172 5448,3,0,WEB,2026-07-30 15:00:00
ft_sal_006306,ft_evt_0015,Sebastián Céspedes,sebastian.cespedes55@gmial.com,(+57) 322-455-6643,1,0,BOX_OFFICE,2026-08-01 20:00:00
ft_sal_006307,ft_evt_0015,Andrea Vargas,andreavargas430@proton.me,573132629765,1,0,WEB,2026-07-31 03:00:00
ft_sal_006308,ft_evt_0015,Catalina Cifuentes,catalina.cifuentes@gmail.com,316 369 4450,1,0,WEB,2026-08-01 20:00:00
ft_sal_006309,ft_evt_0015,Ximena Mejía,ximenamejia413@gmail.com,573070898805,1,0,WEB,2026-08-01 10:00:00
ft_sal_006310,ft_evt_0015,Santiago Moreno Martínez,santiago.moreno52@outlook.com,,1,0,WEB,2026-07-24 20:00:00
ft_sal_006311,ft_evt_0015,Camilo Lopez,camilolopez609@hotmail.com,320 214 0500,2,0,BOX_OFFICE,2026-07-31 08:00:00
ft_sal_006312,ft_evt_0015,Nicolás González,nicolas.gonzalez90@yahoo.com,,2,0,WEB,2026-07-26 14:00:00
ft_sal_006313,ft_evt_0015,óscar rojas,oscarrojas319@gmail.com,3009490037,1,0,WEB,2026-08-01 19:00:00
ft_sal_006314,ft_evt_0015,Catalina Ramirez,cataina.ramirez757@hotmail.com,+57 329 1591515,1,0,ADMIN,2026-07-31 18:00:00
ft_sal_006315,ft_evt_0015,paula betancur,paula.betancur@gmail.com,3070055276,2,0,WEB,2026-07-23 17:00:00
ft_sal_006316,ft_evt_0015,Muñoz Valentina,valentina.munoz990@gmial.com,573115214756,1,0,WEB,2026-08-01 19:00:00
ft_sal_006317,ft_evt_0015,T. Mejía,tatiana.mejia@gmail.com,314 263 5589,1,0,WEB,2026-08-01 00:00:00
ft_sal_006318,ft_evt_0015,Carlos Quintero,carlosquintero248@gmail.com,+57 322 3123094,1,0,ADMIN,2026-08-01 19:00:00
ft_sal_006319,ft_evt_0015,María Restrepo,maia.restrepo583@gmail.com,,3,0,WEB,2026-07-31 01:00:00
ft_sal_006320,ft_evt_0015,DIEGO QUINTERO,diego.quintero433@gmail.com,+57 324 9638614,2,0,WEB,2026-07-25 19:00:00
ft_sal_006321,ft_evt_0015,David Rojas,david.rojas@gmail.com,311 053 7921,1,0,WEB,2026-08-01 20:00:00
ft_sal_006322,ft_evt_0015,Suárez Paula,paulasuarez393@gmail.com,(+57) 307-095-9627,2,0,WEB,2026-08-01 16:00:00
ft_sal_006323,ft_evt_0015,Natalia Cárdenas,nataliacardenas298@gmail.com,573187473221,1,0,WEB,2026-08-01 07:00:00
ft_sal_006324,ft_evt_0015,Óscar Ortiz,oscar.ortiz8@gmail.com,3231771827,2,0,ADMIN,2026-08-01 13:00:00
ft_sal_006325,ft_evt_0015,Carolina Suarez,carolinasuarez309@gmail.com,+57 316 7352253,1,0,WEB,2026-08-01 05:00:00
ft_sal_006326,ft_evt_0015,C. Hernández,camila.hernandez+spam@gmail.com,(+57) 307-471-4197,2,0,WEB,2026-07-25 16:00:00
ft_sal_006327,ft_evt_0015,D. Castro,dianacastro709@gmail.com,,1,0,WEB,2026-08-01 08:00:00
ft_sal_006328,ft_evt_0015,Natalia Salazar,NATALIA.SALAZAR92@GMAIL.COM,323 440 5194,3,0,WEB,2026-07-26 18:00:00
ft_sal_006329,ft_evt_0015,Luisa Jiménez Salazar,luisa.jimenez@outlook.com,(+57) 316-647-4503,1,0,BOX_OFFICE,2026-08-01 05:00:00
ft_sal_006330,ft_evt_0015,Camilo Cifuentes,camilo.cifuentes843@gmial.com,,1,0,WEB,2026-08-01 13:00:00
ft_sal_006331,ft_evt_0015,Daniel Gonzalez,daniel.gonzalez867@gmail.com,324 584 8524,1,0,WEB,2026-08-01 19:00:00
ft_sal_006332,ft_evt_0015,Natalia Quintero,NATALIA.QUINTERO47@ICLOUD.COM,3089327814,2,0,WEB,2026-08-01 18:00:00
ft_sal_006333,ft_evt_0015,Natalia Suárez,natalia.suarez@hotmail.com,+57 306 5897703,1,0,WEB,2026-08-01 12:00:00
ft_sal_006334,ft_evt_0015,Céspedes Camila,camilacespedes424@outlook.com,3149570961,2,0,BOX_OFFICE,2026-07-31 03:00:00
ft_sal_006335,ft_evt_0015,Camila Restrepo,camila.restrepo@gmail.com,+57 329 3825095,2,0,WEB,2026-07-25 15:00:00
ft_sal_006336,ft_evt_0015,Alejandra Rojas,alejandrarojas175@hotmail.com,+57 311 3987461,1,0,WEB,2026-08-01 03:00:00
ft_sal_006337,ft_evt_0015,Andrea Martínez Peña,andreamartinez459@hotmail.com,,4,0,WEB,2026-08-01 03:00:00
ft_sal_006338,ft_evt_0015,Ricardo Gómez,ricardo.gomez65@gmail.com,+57 321 4906539,2,0,BOX_OFFICE,2026-08-01 09:00:00
ft_sal_006339,ft_evt_0015,M. Zapata,manuela.zapata63@gmail.com,329 871 6241,5,0,WEB,2026-08-01 10:00:00
ft_sal_006340,ft_evt_0033,Andrea Guerrero,andreaguerrero360@hotmail.com,3100483544,1,61000,WEB,2026-08-01 00:30:00
ft_sal_006341,ft_evt_0033,Rojas Camilo,camilo.rojas76+boletas@gmail.com,573084690973,2,258000,WEB,2026-07-31 09:30:00
ft_sal_006342,ft_evt_0033,Ricardo Mejía,ricardo.mejia81@gmail.com,3044219055,3,0,WEB,2026-07-25 05:30:00
ft_sal_006343,ft_evt_0033,Catalina Salazar,catalinasalazar975@hotmail.com,+57 328 6554987,1,48000,BOX_OFFICE,2026-08-01 18:30:00
ft_sal_006344,ft_evt_0033,Tatiana López,tatianalopez745@gmail.com,3118293757,1,44000,WEB,2026-07-30 09:30:00
ft_sal_006345,ft_evt_0033,Céspedes Juliana,julianacespedes951@gmail.com,3222551631,2,90000,WEB,2026-07-28 03:30:00
ft_sal_006346,ft_evt_0033,Andrea Cifuentes,andreacifuentes101@gmail.com,+57 322 7942937,1,0,WEB,2026-07-29 07:30:00
ft_sal_006347,ft_evt_0033,Camilo Hernández,camilohernandez460@gmail.com,+57 328 2584569,1,46000,WEB,2026-07-29 18:30:00
ft_sal_006348,ft_evt_0033,Felipe Salazar,felipesalazar481@gmail.com,573128463905,2,124000,WEB,2026-08-01 13:30:00
ft_sal_006349,ft_evt_0033,Daniel Mejía,daniel.mejia12@outlook.com,573059051468,2,126000,BOX_OFFICE,2026-07-29 18:30:00
ft_sal_006350,ft_evt_0033,Diana Jimenez,diana.jimnez64@gmail.com,326 823 2961,1,0,WEB,2026-08-01 15:30:00
ft_sal_006351,ft_evt_0033,Juan Céspedes,juan.cespedes81@gmail.com,3045094455,2,92000,BOX_OFFICE,2026-08-01 17:30:00
ft_sal_006352,ft_evt_0033,Vargas Santiago,santiago.vargas704@gmail.com,+57 307 0754607,2,192000,WEB,2026-08-01 11:30:00
ft_sal_006353,ft_evt_0033,Diana Arango,diana.arango@gmial.com,3001965709,2,88000,WEB,2026-07-29 13:30:00
ft_sal_006354,ft_evt_0033,Mariana Arango,mariana.arango526@gmail.com,573045626192,1,42000,WEB,2026-08-01 08:30:00
ft_sal_006355,ft_evt_0033,Camilo Mejía,camilo.mejia@yahoo.com,(+57) 304-718-7987,4,172000,WEB,2026-08-01 16:30:00
ft_sal_006356,ft_evt_0033,Paula Martínez,paula.martinez765@gmail.com,573173846841,1,46000,BOX_OFFICE,2026-08-01 16:30:00
ft_sal_006357,ft_evt_0033,CAROLINA CÉSPEDES,carolinacespedes624@yahoo.com,+57 321 3925109,2,180000,WEB,2026-07-31 11:30:00
ft_sal_006358,ft_evt_0033,C. Zapata,camila.zapata343@gmail.com,573116812884,1,45000,WEB,2026-07-25 13:30:00
ft_sal_006359,ft_evt_0033,Quintero Laura,LAURA.QUINTERO@PROTON.ME,3000378464,1,99000,WEB,2026-07-31 02:30:00
ft_sal_006360,ft_evt_0033,Catalina Valencia,catalinavalencia333@gmail.com,573148829957,1,57000,WEB,2026-08-01 17:30:00
ft_sal_006361,ft_evt_0033,Diego López,digo.lopez9@gmail.com,321 434 5244,2,208000,WEB,2026-08-01 01:30:00
ft_sal_006362,ft_evt_0033,Bermúdez Isabella,isbella.bermudez@icloud.com,328 847 7577,2,118000,WEB,2026-08-01 01:30:00
ft_sal_006363,ft_evt_0033,Alejandro Martínez,alejandro.martinez+boletas@icloud.com,(+57) 315-544-6866,1,137000,WEB,2026-08-01 07:30:00
ft_sal_006364,ft_evt_0033,Luisa Restrepo,luisa.restrepo52@gmail.com,3256410091,1,40000,WEB,2026-08-01 08:30:00
ft_sal_006365,ft_evt_0033,Daniel Zapata,daniel.zapata768@gmail.com,3132175024,1,0,WEB,2026-08-01 05:30:00
ft_sal_006366,ft_evt_0033,I. Arango,ISABELLA.ARANGO@GMAIL.COM,3191715229,3,198000,ADMIN,2026-08-01 03:30:00
ft_sal_006367,ft_evt_0033,isabella moreno,isabella.moreno@hotmail.com,(+57) 300-876-2396,1,0,BOX_OFFICE,2026-08-01 20:30:00
ft_sal_006368,ft_evt_0033,diego cifuentes,diego.cifuentes173@gmail.com,573057276928,3,303000,WEB,2026-07-27 20:30:00
ft_sal_006369,ft_evt_0033,Castro Carolina,carolina.castro5@gmail.com,573082480140,1,61000,WEB,2026-07-29 17:30:00
ft_sal_006370,ft_evt_0033,Isabella Zapata,isabella.zapata54@hotmail.com,573063106300,1,47000,WEB,2026-08-01 14:30:00
ft_sal_006371,ft_evt_0033,Diego Peña,diego.pena@outlook.com,3227633158,1,60000,BOX_OFFICE,2026-08-01 18:30:00
ft_sal_006372,ft_evt_0033,Ximena Hernández,ximenahernandez226@hotmail.com,573285551893,1,94000,WEB,2026-07-29 07:30:00
ft_sal_006373,ft_evt_0033,daniela lópez,danielalopez638@gmail.com,,1,45000,WEB,2026-07-26 15:30:00
ft_sal_006374,ft_evt_0033,Camilo Vargas,camilovargas459@gmail.com,573273550550,1,59000,WEB,2026-08-01 09:30:00
ft_sal_006375,ft_evt_0033,Felipe Céspedes,felipe.cespedes48@gmail.com,3172747699,1,97000,WEB,2026-08-01 19:30:00
ft_sal_006376,ft_evt_0033,Mejía David,david.mejia72@hotmial.com,3240294266,1,44000,WEB,2026-08-01 02:30:00
ft_sal_006377,ft_evt_0033,Daniela Martínez,daniela.martinez24@gmial.com,3024637010,1,43000,RRPP,2026-08-01 08:30:00
ft_sal_006378,ft_evt_0033,Carolina Salazar,carolina.salazar924@gmail.com,(+57) 328-477-7450,2,90000,WEB,2026-08-01 15:30:00
ft_sal_006379,ft_evt_0033,Miguel Ortiz,miguel.ortiz@yahoo.com,+57 300 0065026,1,96000,BOX_OFFICE,2026-07-24 09:30:00
ft_sal_006380,ft_evt_0033,Sebastián Rodríguez,sebastian.rodriguez@outlook.com,573028116853,1,64000,WEB,2026-08-01 20:30:00
ft_sal_006381,ft_evt_0033,Daniel Betancur,diego.ramirez@proton.me,573250885540,3,162000,BOX_OFFICE,2026-07-28 17:30:00
ft_sal_006382,ft_evt_0033,Julián Ortiz,julian.ortiz@gmail.com,(+57) 302-128-8685,2,92000,ADMIN,2026-07-31 12:30:00
ft_sal_006383,ft_evt_0033,TATIANA VARGAS,tatianavargas518@gmail.com,+57 322 3781517,2,90000,WEB,2026-08-01 06:30:00
ft_sal_006384,ft_evt_0033,MIGUEL PEÑA,miguel.pena+compras@outlook.com,573183416159,1,48000,WEB,2026-08-01 02:30:00
ft_sal_006385,ft_evt_0033,Santiago González,santiagogonzalez104@icloud.com,+57 321 3511510,3,0,WEB,2026-08-01 01:30:00
ft_sal_006386,ft_evt_0033,Alejandro Restrepo,ALEJANDRO.RESTREPO21@GMAIL.COM,573011826682,4,272000,WEB,2026-07-29 17:30:00
ft_sal_006387,ft_evt_0033,Paula Martínez,PAULA.MARTINEZ654@GMAIL.COM,(+57) 303-847-7747,1,62000,BOX_OFFICE,2026-08-01 05:30:00
ft_sal_006388,ft_evt_0033,Laura Cifuentes,laura.cifuentes898@gmial.com,3135317032,3,135000,WEB,2026-08-01 01:30:00
ft_sal_006389,ft_evt_0033,diego quintero,diegoquintero795@hotmail.com,(+57) 328-620-2070,2,178000,WEB,2026-07-30 07:30:00
ft_sal_006390,ft_evt_0033,Arango Sara,SARA.ARANGO839@GMAIL.COM,573139860242,1,42000,WEB,2026-07-29 20:30:00
ft_sal_006391,ft_evt_0033,David Bermudez,david.bermudez29@gmail.com,320 940 1656,3,171000,BOX_OFFICE,2026-08-01 05:30:00
ft_sal_006392,ft_evt_0033,Sara Bermúdez,sara.bermudez9@gmail.com,325 494 5276,1,45000,WEB,2026-08-01 08:30:00
ft_sal_006393,ft_evt_0033,Miguel Cárdenas,miguel.cardenas+eventos@gmail.com,3226181039,2,124000,WEB,2026-08-01 16:30:00
ft_sal_006394,ft_evt_0033,Sebastian Cifuentes,sebastian.cifuentes895+boletas@gmail.com,,1,56000,WEB,2026-07-24 07:30:00
ft_sal_006395,ft_evt_0033,Miguel Valencia,miguel.valencia279@gmail.com,318 475 4600,2,86000,WEB,2026-08-01 10:30:00
ft_sal_006396,ft_evt_0033,Natalia Mejía López,nataliamejia376@gmail.com,,1,57000,WEB,2026-07-24 11:30:00
ft_sal_006397,ft_evt_0033,Natalia Suárez,nataliasuarez104@hotmail.com,+57 304 7536527,1,144000,ADMIN,2026-08-01 06:30:00
ft_sal_006398,ft_evt_0033,MIGUEL MUÑOZ,miguel.munoz14@hotmail.com,3102277997,1,94000,WEB,2026-08-01 13:30:00
ft_sal_006399,ft_evt_0033,Santiago González,santiago.gonzalez17@icloud.com,573176595563,1,98000,WEB,2026-08-01 16:30:00
ft_sal_006400,ft_evt_0033,Alejandra Moreno,alejandramoreno668@icloud.com,573040103919,2,92000,WEB,2026-08-01 15:30:00
ft_sal_006401,ft_evt_0033,Carlos Ramírez,carlos.ramirez41@gmail.com,312 885 8967,2,180000,BOX_OFFICE,2026-07-30 14:30:00
ft_sal_006402,ft_evt_0033,Manuela Vargas,manuela.vargas70@gmail.com,(+57) 313-443-1634,3,132000,WEB,2026-08-01 04:30:00
ft_sal_006403,ft_evt_0033,DIANA QUINTERO,dianaquintero140@hotmail.com,301 020 7003,2,82000,WEB,2026-08-01 19:30:00
ft_sal_006404,ft_evt_0033,Cristian Arango,CRISTIAN.ARANGO21@GMAIL.COM,,6,534000,WEB,2026-08-01 20:30:00
ft_sal_006405,ft_evt_0033,Andrés Guerrero López,andres.guerrero787@gmail.com,(+57) 323-824-3823,2,118000,WEB,2026-08-01 04:30:00
ft_sal_006406,ft_evt_0033,C. Ortiz,camilaortiz57@gmail.com,573065347814,1,61000,WEB,2026-08-01 10:30:00
ft_sal_006407,ft_evt_0033,MARIANA CÉSPEDES,marianacespedes974@gmail.com,(+57) 328-205-5087,1,58000,WEB,2026-08-01 17:30:00
ft_sal_006408,ft_evt_0033,C. Martínez,carolina.martinez+eventos@gmail.com,,2,252000,WEB,2026-08-01 09:30:00
ft_sal_006409,ft_evt_0033,S. Peña,sebastianpena252@gmail.com,,2,0,WEB,2026-08-01 03:30:00
ft_sal_006410,ft_evt_0033,Miguel Quintero,miguelquintero516@yahoo.com,322 930 1149,1,60000,WEB,2026-08-01 17:30:00
ft_sal_006411,ft_evt_0033,andrés lópez,sara.cardenas66@hotmail.com,(+57) 305-595-3607,2,90000,RRPP,2026-07-25 19:30:00
ft_sal_006412,ft_evt_0033,camila bermúdez,camila.bermudez39@gmail.com,328 065 7351,1,0,BOX_OFFICE,2026-07-24 06:30:00
ft_sal_006413,ft_evt_0033,Ricardo Pena,ricardo.pena351@yahoo.com,+57 318 0828742,4,168000,WEB,2026-08-01 12:30:00
ft_sal_006414,ft_evt_0033,Miguel Zapata Muñoz,miguelzapata902@hotmail.com,3208594280,2,0,WEB,2026-08-01 05:30:00
ft_sal_006415,ft_evt_0033,Martínez Andrés,andresmartinez979@yahoo.com,+57 328 2064392,2,118000,WEB,2026-08-01 20:30:00
ft_sal_006416,ft_evt_0033,Luisa Restrepo,luisa.restrepo52@gmail.com,573256410091,3,144000,WEB,2026-08-01 06:30:00
ft_sal_006417,ft_evt_0033,Restrepo Andrea,andrea.estrepo@gmail.com,306 704 3198,1,42000,WEB,2026-08-01 05:30:00
ft_sal_006418,ft_evt_0033,Cristian Céspedes,cristian.cespedes39@gmial.com,(+57) 300-600-9057,1,63000,WEB,2026-08-01 17:30:00
ft_sal_006419,ft_evt_0033,Sara Ospina,saraospina956@gmail.com,,1,45000,WEB,2026-07-25 11:30:00
ft_sal_006420,ft_evt_0033,Sebastian Lopez,sebastian.lopez@outlook.com,+57 319 5578929,4,176000,WEB,2026-08-01 06:30:00
ft_sal_006421,ft_evt_0033,Santiago Ortiz,santiagoortiz188@gmail.com,(+57) 329-390-5275,3,291000,WEB,2026-07-27 14:30:00
ft_sal_006422,ft_evt_0033,Julian Guerrero,julian.guerrero845@hotmail.com,307 522 5422,1,99000,WEB,2026-07-24 02:30:00
ft_sal_006423,ft_evt_0033,Julian Restrepo,julianrestrepo460@gmail.com,3165561315,1,61000,ADMIN,2026-08-01 11:30:00
ft_sal_006424,ft_evt_0033,Fabián Arango,fabian.arango840@gmail.com,321 152 4317,1,99000,WEB,2026-08-01 09:30:00
ft_sal_006425,ft_evt_0033,N. Suárez,mariana.ramirez@gmail.com,3039189243,1,44000,WEB,2026-08-01 17:30:00
ft_sal_006426,ft_evt_0033,Moreno Santiago,santiagomoreno869@gmail.com,573257076399,2,298000,WEB,2026-08-01 00:30:00
ft_sal_006427,ft_evt_0033,Isabella Hernández,isabella.ernandez@outlook.com,573083120964,1,95000,WEB,2026-08-01 00:30:00
ft_sal_006428,ft_evt_0024,Fabián González,fabian.gonzalez44@gmail.com,573032354343,4,192000,WEB,2026-08-01 13:00:00
ft_sal_006429,ft_evt_0024,A. Peña,alejandro.pena213@gmail.com,+57 316 9803628,1,152000,WEB,2026-08-01 10:00:00
ft_sal_006430,ft_evt_0024,Mateo Vargas,mateo.vargas87@gmail.com,+57 311 6427692,4,220000,WEB,2026-07-30 05:00:00
ft_sal_006431,ft_evt_0024,María Bermúdez,mariabermudez77@gmail.com,573251994721,2,108000,WEB,2026-08-01 19:00:00
ft_sal_006432,ft_evt_0024,Óscar Martínez,oscarmartinez684@gmail.com,(+57) 317-517-8556,2,298000,BOX_OFFICE,2026-08-01 12:00:00
ft_sal_006433,ft_evt_0024,juliana moreno,julianamoreno214@outlook.com,573084001970,3,438000,WEB,2026-08-01 18:00:00
ft_sal_006434,ft_evt_0024,Tatiana Castro,tatiana.castro10+boletas@gmail.com,,3,129000,WEB,2026-08-01 08:00:00
ft_sal_006435,ft_evt_0024,andrea mejía,andreamejia184@hotmail.com,312 164 9753,2,290000,BOX_OFFICE,2026-08-01 14:00:00
ft_sal_006436,ft_evt_0024,M. Vargas,mateo.vargas39@gmail.com,+57 323 7757841,1,60000,WEB,2026-08-01 10:00:00
ft_sal_006437,ft_evt_0024,Miguel Guerrero,miguel.guerrero4@outlok.com,322 993 4902,1,61000,WEB,2026-08-01 15:00:00
ft_sal_006438,ft_evt_0024,Fabián Betancur,fabian.betancur57@hotmail.com,(+57) 322-153-5940,3,0,BOX_OFFICE,2026-08-01 07:00:00
ft_sal_006439,ft_evt_0024,Ricardo Céspedes,ricardo.cespedes@gmial.com,3156827659,2,92000,WEB,2026-07-31 04:00:00
ft_sal_006440,ft_evt_0024,María Betancur,diana.bermudez@hotmail.com,573182153697,1,45000,WEB,2026-08-01 14:00:00
ft_sal_006441,ft_evt_0024,Esteban Ospina,esteban.ospina3@gmail.com,3051757184,1,99000,WEB,2026-07-29 16:00:00
ft_sal_006442,ft_evt_0024,Isabella Moreno Ortiz,isabella.moreno@gmial.com,+57 313 0926131,1,48000,WEB,2026-07-30 13:00:00
ft_sal_006443,ft_evt_0024,Camilo Quintero,camilo.quintero88@gmail.com,+57 311 2077487,2,92000,BOX_OFFICE,2026-08-01 09:00:00
ft_sal_006444,ft_evt_0024,Sebastian Quintero,sebastian.quintero88@gmail.com,,1,64000,WEB,2026-07-23 10:00:00
ft_sal_006445,ft_evt_0024,David Vargas,david.vargas@gmail.com,(+57) 318-427-0971,1,45000,WEB,2026-08-01 09:00:00
ft_sal_006446,ft_evt_0024,Sara Jiménez,sara.jimenez950+compras@gmail.com,300 405 3199,2,188000,WEB,2026-07-30 11:00:00
ft_sal_006447,ft_evt_0024,Diego Arango,diego.arango569@outlook.com,573044658407,1,62000,RRPP,2026-08-01 10:00:00
ft_sal_006448,ft_evt_0024,Miguel Betancur,miguel.betancur662@gmail.com,3283051531,4,0,BOX_OFFICE,2026-08-01 16:00:00
ft_sal_006449,ft_evt_0024,Santiago Moreno,santiago.moreno+spam@outlook.com,3100211258,3,297000,WEB,2026-07-25 07:00:00
ft_sal_006450,ft_evt_0024,esteban gonzález,esteban.gonzalez85@icloud.com,3151923152,1,47000,WEB,2026-08-01 12:00:00
ft_sal_006451,ft_evt_0024,Ximena Arango,ximena.arango497@gmail.com,573035535945,2,84000,WEB,2026-07-30 08:00:00
ft_sal_006452,ft_evt_0024,Juliana Muñoz,juliana.munoz+spam@yahoo.com,573161939695,3,129000,WEB,2026-08-01 18:00:00
ft_sal_006453,ft_evt_0024,david suárez,david.suarez123@gmail.com,3004697085,2,88000,WEB,2026-07-31 05:00:00
ft_sal_006454,ft_evt_0024,Camilo Salazar,camilosalazar605@gmail.com,3127243846,1,96000,RRPP,2026-07-29 13:00:00
ft_sal_006455,ft_evt_0024,Diego Zapata,diego.zapata@hotmail.com,+57 311 1884034,3,183000,WEB,2026-07-30 00:00:00
ft_sal_006456,ft_evt_0024,daniela peña,daniela.pena69@icloud.com,3121325724,2,124000,ADMIN,2026-07-27 08:00:00
ft_sal_006457,ft_evt_0024,Julián Cifuentes,julian.cifuentes@yahoo.com,573122790871,1,48000,WEB,2026-07-31 02:00:00
ft_sal_006458,ft_evt_0024,Alejandro Rojas,alejandrorojas975@gmail.com,573090580830,1,44000,WEB,2026-08-01 17:00:00
ft_sal_006459,ft_evt_0007,Ximena Guerrero,XIMENA.GUERRERO555@GMAIL.COM,573089255486,1,40000,WEB,2026-08-01 08:30:00
ft_sal_006460,ft_evt_0007,Natalia Gonzalez,nataliagonzalez45@gmail.com,,1,41000,WEB,2026-08-01 12:30:00
ft_sal_006461,ft_evt_0007,Juliana Gomez,juliana.gomez@hotmail.com,300 068 6378,2,194000,WEB,2026-08-01 00:30:00
ft_sal_006462,ft_evt_0007,C. Ramírez,carolinaramirez895@icloud.com,573117744782,2,176000,ADMIN,2026-08-01 16:30:00
ft_sal_006463,ft_evt_0007,ANDRÉS MUÑOZ,andresmunoz273@hotmail.com,3233563424,1,92000,WEB,2026-08-01 11:30:00
ft_sal_006464,ft_evt_0007,Luisa Guerrero,luisa.guerrero978@hotmail.com,+57 327 5043104,1,93000,WEB,2026-08-01 19:30:00
ft_sal_006465,ft_evt_0007,mateo salazar,mateo.salazar548@gmail.com,+57 320 9772950,1,65000,WEB,2026-08-01 05:30:00
ft_sal_006466,ft_evt_0007,Isabella Martínez,isabellamartinez189@gmail.com,312 649 7563,1,48000,WEB,2026-08-01 10:30:00
ft_sal_006467,ft_evt_0007,Sara Rojas,sara.rojas+eventos@gmail.com,3207183602,6,354000,WEB,2026-08-01 03:30:00
ft_sal_006468,ft_evt_0007,Carolina Hernández,carolinahernandez740@gmail.com,(+57) 308-297-6462,2,274000,WEB,2026-08-01 20:30:00
ft_sal_006469,ft_evt_0007,Ximena Suárez,ximena.sarez506@hotmail.com,322 629 3091,1,0,RRPP,2026-08-01 12:30:00
ft_sal_006470,ft_evt_0007,Alejandra Betancur,alejandrabetancur59@gmail.com,3234715697,1,97000,WEB,2026-08-01 14:30:00
ft_sal_006471,ft_evt_0007,Cristian Hernández,cristian.hernandez801+boletas@gmail.com,324 147 4238,3,135000,WEB,2026-07-27 13:30:00
ft_sal_006472,ft_evt_0007,Fabián Peña,fabian.pena@yahoo.com,(+57) 314-015-6118,2,98000,WEB,2026-08-01 06:30:00
ft_sal_006473,ft_evt_0007,Manuela Ospina,manuela.ospina42@gmail.com,(+57) 312-051-7290,1,46000,WEB,2026-07-31 09:30:00
ft_sal_006474,ft_evt_0007,Andres Valencia,andres.valencia+boletas@hotmail.com,(+57) 309-008-0747,4,424000,WEB,2026-08-01 10:30:00
ft_sal_006475,ft_evt_0007,Daniela Rodríguez,juan.restrepo88@proton.me,,2,88000,WEB,2026-07-29 11:30:00
ft_sal_006476,ft_evt_0007,Luisa Ramírez,luisa.ramirez676@gmail.com,(+57) 318-147-5064,2,128000,WEB,2026-07-27 11:30:00
ft_sal_006477,ft_evt_0007,Nicolás Guerrero,nicolasguerrero@gmail.com,319 243 0127,4,364000,WEB,2026-08-01 12:30:00
ft_sal_006478,ft_evt_0007,Daniela Hernández,daniela.hernandez+eventos@gmail.com,311 948 5197,2,188000,WEB,2026-08-01 11:30:00
ft_sal_006479,ft_evt_0007,Camila Ramírez,camila.ramirez+spam@outlook.com,303 054 9469,2,182000,BOX_OFFICE,2026-08-01 04:30:00
ft_sal_006480,ft_evt_0007,Tatiana Zapata Hernández,tatianazapata427@gmail.com,+57 302 9118003,4,176000,WEB,2026-08-01 04:30:00
ft_sal_006481,ft_evt_0007,Sara Salazar,sarasalazar43@gmail.com,+57 301 9839832,1,44000,BOX_OFFICE,2026-07-31 12:30:00
ft_sal_006482,ft_evt_0007,David Cifuentes,davidcifuentes243@gmail.com,(+57) 319-358-1744,4,348000,WEB,2026-08-01 16:30:00
ft_sal_006483,ft_evt_0007,miguel lópez,miguellopez311@gmail.com,573141225581,1,95000,BOX_OFFICE,2026-08-01 13:30:00
ft_sal_006484,ft_evt_0007,Julián López,julianlopez2@outlook.com,573264255381,2,180000,WEB,2026-08-01 02:30:00
ft_sal_006485,ft_evt_0007,Laura Guerrero,lauraguerrero2@hotmail.com,3250257059,4,192000,WEB,2026-08-01 06:30:00
ft_sal_006486,ft_evt_0007,Valencia Juliana,juliana.valencia@icloud.com,+57 326 3586644,1,60000,ADMIN,2026-08-01 01:30:00
ft_sal_006487,ft_evt_0007,alejandro betancur,alejandro.betancur76@gmail.com,3087242102,1,94000,WEB,2026-08-01 09:30:00
ft_sal_006488,ft_evt_0007,LUISA ZAPATA,luisazapata998@gmail.com,3103819454,1,61000,WEB,2026-07-31 02:30:00
ft_sal_006489,ft_evt_0007,David Suarez,david.suarez333@gmial.com,+57 327 9650973,1,90000,BOX_OFFICE,2026-08-01 19:30:00
ft_sal_006490,ft_evt_0007,Paula Salazar,paulasalazar340@gmail.com,(+57) 302-576-4356,1,0,WEB,2026-08-01 14:30:00
ft_sal_006491,ft_evt_0007,Catalina Cifuentes,catalina.cifuentes@hotmial.com,3075651475,1,59000,WEB,2026-08-01 07:30:00
ft_sal_006492,ft_evt_0007,ANDRÉS OSPINA,andres.ospina9+spam@gmail.com,+57 309 1337438,3,144000,WEB,2026-08-01 09:30:00
ft_sal_006493,ft_evt_0007,M. Valencia,marianavalencia60@outlook.com,309 438 7015,2,300000,WEB,2026-08-01 10:30:00
ft_sal_006494,ft_evt_0007,Hernández Mateo,mateohernandez217@gmail.com,+57 301 5978565,1,59000,WEB,2026-08-01 09:30:00
ft_sal_006495,ft_evt_0007,Óscar Rodríguez,oscar.rodriguez@yahoo.com,316 563 1976,1,48000,WEB,2026-08-01 20:30:00
ft_sal_006496,ft_evt_0007,Andrés Guerrero,andres.guerrero34@gmail.com,324 290 6032,1,42000,WEB,2026-08-01 19:30:00
ft_sal_006497,ft_evt_0007,Mariana López,MARIANA.LOPEZ64@OUTLOOK.COM,573062876972,2,196000,WEB,2026-08-01 10:30:00
ft_sal_006498,ft_evt_0007,Paula Ortiz,paula.ortiz807@gmail.com,573057667024,2,132000,WEB,2026-08-01 18:30:00
ft_sal_006499,ft_evt_0007,Ricardo Ortiz,ricardo.ortiz80+boletas@gmail.com,3024231703,2,128000,WEB,2026-08-01 12:30:00
ft_sal_006500,ft_evt_0007,Paula Vargas,paula.vargas705@outlook.com,,1,46000,BOX_OFFICE,2026-07-31 19:30:00
ft_sal_006501,ft_evt_0007,daniela ramírez,danielaramirez727@gmail.com,3012038825,4,380000,WEB,2026-07-23 08:30:00
ft_sal_006502,ft_evt_0007,Daniela Ramírez,daniela.ramirez184@gmail.com,307 662 9525,2,88000,ADMIN,2026-08-01 04:30:00
ft_sal_006503,ft_evt_0007,ESTEBAN CÉSPEDES,esteban.cespedes308@gmail.com,3131053241,3,0,WEB,2026-08-01 16:30:00
ft_sal_006504,ft_evt_0007,VALENTINA JIMÉNEZ,valentina.jimenez882@gmail.com,+57 314 6115995,1,0,WEB,2026-07-30 18:30:00
ft_sal_006505,ft_evt_0007,Juliana Muñoz,julianamunoz142@icloud.com,+57 308 4520117,4,180000,WEB,2026-07-30 00:30:00
ft_sal_006506,ft_evt_0007,Laura Ramirez,nicolas.pena@hotmail.com,573114721524,4,572000,WEB,2026-08-01 08:30:00
ft_sal_006507,ft_evt_0007,Santiago Mejía Ramírez,santiagomejia825@gmail.com,326 631 6079,1,50000,WEB,2026-08-01 11:30:00
ft_sal_006508,ft_evt_0007,Carlos Vargas,carlosvargas329@yahoo.com,,1,45000,WEB,2026-08-01 15:30:00
ft_sal_006509,ft_evt_0007,Salazar Luisa,luisa.salazar721@outlook.com,3046466904,4,180000,WEB,2026-08-01 17:30:00
ft_sal_006510,ft_evt_0007,juliana vargas,julian.vargas@gmail.com,306 883 2572,1,42000,WEB,2026-08-01 12:30:00
ft_sal_006511,ft_evt_0007,Ricardo Zapata,diego.castro@hotmail.com,326 006 9969,2,0,WEB,2026-08-01 06:30:00
ft_sal_006512,ft_evt_0007,González Felipe,felipegonzalez654@icloud.com,+57 315 4855145,1,59000,WEB,2026-08-01 13:30:00
ft_sal_006513,ft_evt_0007,CATALINA SALAZAR,catalinasalazar241@gmail.com,302 199 5070,1,98000,WEB,2026-08-01 01:30:00
ft_sal_006514,ft_evt_0007,Óscar Gómez,oscar.gomez448@gmial.com,573029055054,2,128000,WEB,2026-08-01 12:30:00
ft_sal_006515,ft_evt_0007,C. Guerrero,camila.guerrero33@gmail.com,,1,55000,WEB,2026-08-01 04:30:00
ft_sal_006516,ft_evt_0007,Rodríguez Carlos,carlosrodriguez387@gmail.com,573269984081,2,122000,WEB,2026-07-28 19:30:00
ft_sal_006517,ft_evt_0007,Felipe Rodriguez,feliperodriguez341@gmail.com,+57 315 0075658,1,135000,WEB,2026-08-01 17:30:00
ft_sal_006518,ft_evt_0007,mariana arango,mariana.arango@yahoo.com,573064324118,2,94000,WEB,2026-08-01 09:30:00
ft_sal_006519,ft_evt_0007,Sara Lopez,sara.lopez914@gmail.com,3291965370,3,0,ADMIN,2026-08-01 05:30:00
ft_sal_006520,ft_evt_0007,Andres Salazar,andressalazar939@gmail.com,573046078869,1,64000,WEB,2026-07-29 20:30:00
ft_sal_006521,ft_evt_0007,Mariana Cárdenas,mariana.cardenas82@outlook.com,+57 302 7826320,1,147000,WEB,2026-07-31 20:30:00
ft_sal_006522,ft_evt_0042,Isabella Muñoz,isabellamunoz395@gmail.com,(+57) 327-117-9806,1,42000,WEB,2026-08-01 09:30:00
ft_sal_006523,ft_evt_0042,Sara Hernandez,sarahernandez269@gmail.com,3219890374,2,270000,WEB,2026-08-01 08:30:00
ft_sal_006524,ft_evt_0042,Óscar Restrepo,oscar.restrepo916@hotmail.com,573272906643,2,190000,BOX_OFFICE,2026-08-01 08:30:00
ft_sal_006525,ft_evt_0042,Diego Zapata,diegozapata119@gmail.com,,2,90000,WEB,2026-08-01 15:30:00
ft_sal_006526,ft_evt_0042,Alejandro Gonzalez,alejandrogonzalez825@gmail.com,,2,96000,WEB,2026-07-30 03:30:00
ft_sal_006527,ft_evt_0042,esteban muñoz,estebanmunoz240@yahoo.com,(+57) 304-069-7112,3,168000,ADMIN,2026-08-01 00:30:00
ft_sal_006528,ft_evt_0042,Andres Rodriguez,andresrodriguez463@gmail.com,3207735415,1,64000,WEB,2026-08-01 18:30:00
ft_sal_006529,ft_evt_0042,Cárdenas Ricardo,ricardocardenas924@gmail.com,3100498484,4,588000,WEB,2026-08-01 14:30:00
ft_sal_006530,ft_evt_0042,natalia salazar,natalia.salazar22@gmail.com,311 277 8437,3,135000,WEB,2026-08-01 04:30:00
ft_sal_006531,ft_evt_0042,Andrés Jiménez Restrepo,andres.jimenez51@gmail.com,,1,91000,WEB,2026-08-01 16:30:00
ft_sal_006532,ft_evt_0042,Diego González Suárez,diego.gonzalez5@hotmail.com,(+57) 304-999-8177,1,133000,WEB,2026-08-01 04:30:00
ft_sal_006533,ft_evt_0042,Carolina Betancur,carolina.betancur23+compras@gmail.com,(+57) 301-397-2085,2,130000,WEB,2026-08-01 12:30:00
ft_sal_006534,ft_evt_0042,Betancur Isabella,isabella.betancur@gmail.com,573177038143,2,194000,WEB,2026-08-01 16:30:00
ft_sal_006535,ft_evt_0042,Isabella Moreno,isabella.moreno@gmail.com,573130926131,3,135000,WEB,2026-07-28 12:30:00
ft_sal_006536,ft_evt_0042,Óscar Suárez,sara.castro@proton.me,3075996147,3,0,BOX_OFFICE,2026-08-01 14:30:00
ft_sal_006537,ft_evt_0042,Julián Arango,JULIAN.ARANGO913@GMAIL.COM,309 906 5126,2,260000,WEB,2026-08-01 04:30:00
ft_sal_006538,ft_evt_0042,FELIPE GONZÁLEZ,felipegonzalez509@gmail.com,3009084680,1,59000,WEB,2026-07-31 12:30:00
ft_sal_006539,ft_evt_0042,Carlos Valencia,carlos.vaencia92@gmail.com,,2,94000,WEB,2026-08-01 11:30:00
ft_sal_006540,ft_evt_0042,Ximena Jiménez,oscar.cardenas20@gmail.com,314 089 8685,3,147000,WEB,2026-08-01 08:30:00
ft_sal_006541,ft_evt_0042,Santiago Valencia Muñoz,santiagovalencia950@hotmail.com,(+57) 316-958-2888,1,44000,WEB,2026-08-01 04:30:00
ft_sal_006542,ft_evt_0042,fabián salazar,fabian.salazar22@gmial.com,(+57) 313-909-6534,2,210000,WEB,2026-08-01 11:30:00
ft_sal_006543,ft_evt_0042,CAMILO MUÑOZ,camilo.munoz41@hotmail.com,+57 311 7089695,1,60000,BOX_OFFICE,2026-07-31 18:30:00
ft_sal_006544,ft_evt_0042,Andrés Peña,ANDRES.PENA86@GMAIL.COM,,2,276000,WEB,2026-07-29 05:30:00
ft_sal_006545,ft_evt_0042,Paula Hernández,paulahernandez214@yahoo.com,,2,92000,RRPP,2026-08-01 00:30:00
ft_sal_006546,ft_evt_0042,Santiago Jimenez,santiagojimenez482@gmail.com,(+57) 329-083-1614,2,274000,WEB,2026-08-01 18:30:00
ft_sal_006547,ft_evt_0042,Carlos Martínez,carlosmartinez996@yahoo.com,(+57) 319-371-7379,1,58000,BOX_OFFICE,2026-08-01 13:30:00
ft_sal_006548,ft_evt_0042,Betancur Valentina,valentinabetancur310@hotmail.com,573012405795,2,90000,WEB,2026-08-01 15:30:00
ft_sal_006549,ft_evt_0042,L. Valencia,laura.valencia38@gmail.com,(+57) 316-630-1333,2,192000,WEB,2026-08-01 14:30:00
ft_sal_006550,ft_evt_0042,CATALINA RESTREPO,catalina.restrepo@outlook.com,573208721915,1,43000,WEB,2026-07-31 16:30:00
ft_sal_006551,ft_evt_0042,Ricardo Ramirez,ricardo.ramirez77@gmial.com,(+57) 323-078-8700,2,292000,WEB,2026-08-01 01:30:00
ft_sal_006552,ft_evt_0042,Alejandra Vargas,alejandravargas601@hotmail.com,+57 321 4375121,1,44000,WEB,2026-08-01 18:30:00
ft_sal_006553,ft_evt_0042,Ximena Jimenez,ximenajimenez134@gmail.com,,2,94000,WEB,2026-08-01 12:30:00
ft_sal_006554,ft_evt_0042,Peña Camila,camila.pena@gmail.com,+57 324 6429219,1,95000,WEB,2026-08-01 04:30:00
ft_sal_006555,ft_evt_0042,Suárez Alejandro,alejandrosuarez927@outlook.com,573067108789,1,102000,WEB,2026-08-01 01:30:00
ft_sal_006556,ft_evt_0042,ricardo lópez,ricardolopez188@gmail.com,573276157913,2,90000,WEB,2026-08-01 02:30:00
ft_sal_006557,ft_evt_0042,Natalia Arango Peña,nataliaarango351@hotmail.com,,2,96000,WEB,2026-08-01 04:30:00
ft_sal_006558,ft_evt_0042,Carlos Cárdenas,carloscardenas637@gmail.com,3268982793,2,82000,WEB,2026-07-31 20:30:00
ft_sal_006559,ft_evt_0042,ESTEBAN GONZÁLEZ,estebangonzalez876@outlook.com,573081699558,2,208000,ADMIN,2026-08-01 04:30:00
ft_sal_006560,ft_evt_0042,Andrea Mejía,andreamejia90@gmail.com,573239804685,2,106000,WEB,2026-08-01 11:30:00
ft_sal_006561,ft_evt_0042,Andrés Ospina,andresospina624@hotmail.com,,1,41000,ADMIN,2026-08-01 10:30:00
ft_sal_006562,ft_evt_0042,D. Arango,diegoarango340@hotmail.com,573255570851,2,0,BOX_OFFICE,2026-08-01 01:30:00
ft_sal_006563,ft_evt_0042,Camila Betancur,camilabetancur935@gmail.com,327 532 0272,1,94000,RRPP,2026-08-01 07:30:00
ft_sal_006564,ft_evt_0042,Cristian Vargas,cristianvargas680@gmail.com,(+57) 321-388-5639,1,91000,ADMIN,2026-08-01 18:30:00
ft_sal_006565,ft_evt_0042,Tatiana Zapata,tatianazapata471@gmail.com,+57 327 8377496,1,59000,ADMIN,2026-08-01 19:30:00
ft_sal_006566,ft_evt_0042,Daniela Muñoz,daniela.munoz483+spam@gmail.com,305 327 3748,1,99000,ADMIN,2026-08-01 03:30:00
ft_sal_006567,ft_evt_0042,Carlos Ospina,carlosospina408@outlook.com,3086911441,1,106000,WEB,2026-08-01 00:30:00
ft_sal_006568,ft_evt_0042,Ramírez Alejandra,alejandraramirez893@gmail.com,+57 320 7438708,2,194000,WEB,2026-08-01 11:30:00
ft_sal_006569,ft_evt_0042,paula cifuentes,paula.cfuentes@hotmail.com,+57 327 8758107,3,129000,WEB,2026-08-01 12:30:00
ft_sal_006570,ft_evt_0042,Carlos Rodríguez,carlos.odriguez@hotmail.com,,1,95000,WEB,2026-08-01 17:30:00
ft_sal_006571,ft_evt_0042,Cristian Ortiz,cristianortiz241@gmail.com,(+57) 314-054-9334,1,47000,BOX_OFFICE,2026-08-01 00:30:00
ft_sal_006572,ft_evt_0042,Miguel Hernandez,miguel.hernandez@outlook.com,573132253453,2,120000,WEB,2026-08-01 15:30:00
ft_sal_006573,ft_evt_0042,Mariana Valencia,mriana.valencia@hotmail.com,,2,88000,WEB,2026-08-01 05:30:00
ft_sal_006574,ft_evt_0042,Daniela Céspedes,danielacespedes789@gmail.com,573212589443,2,126000,WEB,2026-07-30 07:30:00
ft_sal_006575,ft_evt_0042,Isabella Cifuentes Rojas,isabella.cifuentes281@gmail.com,3084131451,2,82000,WEB,2026-08-01 12:30:00
ft_sal_006576,ft_evt_0042,Andrés Castro Quintero,andres.castro602@gmail.com,3102676556,2,126000,WEB,2026-07-27 14:30:00
ft_sal_006577,ft_evt_0042,Sara Vargas,saravargas204@gmail.com,,1,40000,WEB,2026-08-01 14:30:00
ft_sal_006578,ft_evt_0042,Mariana Cifuentes,marianacifuentes364@icloud.com,3048541761,1,46000,BOX_OFFICE,2026-08-01 13:30:00
ft_sal_006579,ft_evt_0042,Tatiana Castro,tatianacastro5@gmail.com,+57 306 9255031,1,139000,BOX_OFFICE,2026-08-01 18:30:00
ft_sal_006580,ft_evt_0042,Isabella Bermudez,isabellabermudez818@gmail.com,312 640 4867,4,512000,WEB,2026-08-01 00:30:00
ft_sal_006581,ft_evt_0042,Isabella Martínez,isabella.martinez@gmial.com,(+57) 320-009-9531,2,88000,BOX_OFFICE,2026-08-01 20:30:00
ft_sal_006582,ft_evt_0042,Alejandro Moreno,alejandro.moreno213@gmail.com,307 113 0865,3,129000,WEB,2026-08-01 17:30:00
ft_sal_006583,ft_evt_0042,C. Arango,camilo.arango79@gmial.com,+57 324 7775428,3,282000,WEB,2026-08-01 01:30:00
ft_sal_006584,ft_evt_0042,Andrea Ortiz,andrea.ortiz25@outlook.com,573063104784,1,139000,WEB,2026-07-31 17:30:00
ft_sal_006585,ft_evt_0042,Betancur Óscar,oscarbetancur987@gmail.com,+57 317 3476727,2,280000,WEB,2026-08-01 16:30:00
ft_sal_006586,ft_evt_0042,Sara Ortiz,saraortiz584@gmail.com,573191434497,1,57000,WEB,2026-08-01 04:30:00
ft_sal_006587,ft_evt_0042,Julian Moreno,julianmoreno514@gmail.com,326 128 6668,1,44000,WEB,2026-07-27 04:30:00
ft_sal_006588,ft_evt_0042,Sara González,saragonzalez914@gmail.com,573016138201,4,236000,WEB,2026-08-01 12:30:00
ft_sal_006589,ft_evt_0042,Laura Cifuentes,lauracifuentes181@gmail.com,+57 310 7260941,1,43000,WEB,2026-08-01 05:30:00
ft_sal_006590,ft_evt_0042,maría moreno,mariamoreno904@gmail.com,305 188 9520,2,0,RRPP,2026-08-01 12:30:00
ft_sal_006591,ft_evt_0042,Luisa Vargas,luisavargas847@gmail.com,3178857565,2,188000,WEB,2026-08-01 00:30:00
ft_sal_006592,ft_evt_0042,Cristian Rojas Muñoz,CRISTIAN.ROJAS736@GMAIL.COM,573136768023,2,192000,WEB,2026-08-01 06:30:00
ft_sal_006593,ft_evt_0042,Daniel Cárdenas,danielcardenas857@outlook.com,317 877 1201,1,0,WEB,2026-07-27 14:30:00
ft_sal_006594,ft_evt_0042,nicolás mejía,nicolasmejia298@gmail.com,+57 310 1175883,1,93000,WEB,2026-08-01 14:30:00
ft_sal_006595,ft_evt_0042,felipe guerrero,felipeguerrero775@yahoo.com,(+57) 319-208-5784,3,132000,WEB,2026-08-01 18:30:00
ft_sal_006596,ft_evt_0016,Cárdenas Ricardo,ricardo.cardenas65@gmail.com,(+57) 318-409-3753,1,57000,WEB,2026-08-01 09:30:00
ft_sal_006597,ft_evt_0016,Alejandra Castro,alejandracastro403@gmail.com,+57 302 6786922,1,46000,WEB,2026-08-01 03:30:00
ft_sal_006598,ft_evt_0016,Juan Ortiz Rodríguez,juanortiz693@gmail.com,+57 300 6462397,1,45000,BOX_OFFICE,2026-08-01 18:30:00
ft_sal_006599,ft_evt_0016,NICOLÁS CASTRO,nicolas.castro94+boletas@gmail.com,3078739770,1,47000,WEB,2026-08-01 11:30:00
ft_sal_006600,ft_evt_0016,Sebastián Rojas,sebastian.rojas910@hotmail.com,+57 303 2502875,1,42000,WEB,2026-08-01 15:30:00
ft_sal_006601,ft_evt_0016,Catalina González,daniela.cifuentes50@gmail.com,+57 316 8218092,1,42000,WEB,2026-08-01 18:30:00
ft_sal_006602,ft_evt_0016,Fabián Vargas,fabianvargas591@yahoo.com,3266380109,1,59000,WEB,2026-08-01 08:30:00
ft_sal_006603,ft_evt_0016,Laura Suárez,laurasuarez439@gmail.com,(+57) 307-585-0201,1,94000,BOX_OFFICE,2026-08-01 12:30:00
ft_sal_006604,ft_evt_0016,Juan Céspedes,juan.cespedes+compras@icloud.com,304 260 2236,2,84000,WEB,2026-08-01 17:30:00
ft_sal_006605,ft_evt_0016,Daniel Bermúdez,danielbermudez932@gmail.com,573156597880,2,206000,WEB,2026-08-01 13:30:00
ft_sal_006606,ft_evt_0016,Arango Juan,juan.arngo21@hotmail.com,573100805119,2,274000,WEB,2026-08-01 13:30:00
ft_sal_006607,ft_evt_0016,M. Salazar,manuela.salazar23@hotmail.com,(+57) 318-870-6687,2,88000,WEB,2026-08-01 13:30:00
ft_sal_006608,ft_evt_0016,Camila Quintero,camilaquintero220@hotmail.com,+57 324 5319181,1,61000,WEB,2026-08-01 02:30:00
ft_sal_006609,ft_evt_0016,J. Ortiz,juanortiz509@gmail.com,3178765939,6,804000,WEB,2026-08-01 06:30:00
ft_sal_006610,ft_evt_0016,Óscar Gómez,oscar.gomez192+compras@outlook.com,321 417 3887,3,273000,WEB,2026-08-01 17:30:00
ft_sal_006611,ft_evt_0016,ricardo jiménez,ricardojimenez742@icloud.com,329 281 5956,1,90000,WEB,2026-08-01 05:30:00
ft_sal_006612,ft_evt_0016,Natalia Castro,natalia.castro69@gmial.com,573029676680,1,44000,WEB,2026-08-01 01:30:00
ft_sal_006613,ft_evt_0016,Luisa Guerrero,luisa.guerrero585@gmail.com,308 736 8564,2,116000,WEB,2026-07-28 06:30:00
ft_sal_006614,ft_evt_0016,Cristian Castro,CRISTIAN.CASTRO@OUTLOOK.COM,(+57) 324-661-8670,2,126000,WEB,2026-08-01 04:30:00
ft_sal_006615,ft_evt_0016,L. González,luisagonzalez600@gmail.com,573115932732,1,60000,WEB,2026-07-26 14:30:00
ft_sal_006616,ft_evt_0016,camila vargas,camilavargas984@gmail.com,573235335997,1,144000,WEB,2026-08-01 14:30:00
ft_sal_006617,ft_evt_0016,Ximena Jiménez Gómez,ximena.jimenez@gmail.com,3222459613,1,98000,BOX_OFFICE,2026-08-01 10:30:00
ft_sal_006618,ft_evt_0016,alejandro restrepo,alejandrorestrepo510@gmail.com,303 007 3138,4,584000,RRPP,2026-08-01 19:30:00
ft_sal_006619,ft_evt_0016,Andrea Arango,andrea.arango239+compras@gmail.com,303 628 9928,3,0,WEB,2026-08-01 00:30:00
ft_sal_006620,ft_evt_0016,Sebastian Pena,sebastianpena917@hotmail.com,329 557 6590,2,0,WEB,2026-08-01 00:30:00
ft_sal_006621,ft_evt_0016,Natalia Céspedes,NATALIA.CESPEDES@OUTLOOK.COM,573111827547,1,60000,WEB,2026-08-01 11:30:00
ft_sal_006622,ft_evt_0016,Sara Cárdenas,sara.cardens66@hotmail.com,+57 322 2055508,2,182000,BOX_OFFICE,2026-08-01 01:30:00
ft_sal_006623,ft_evt_0016,Sebastian Cifuentes,sebastian.cifuentes87@gmail.com,(+57) 304-430-6590,2,130000,WEB,2026-08-01 11:30:00
ft_sal_006624,ft_evt_0016,Carolina Vargas,carolinavargas818@gmail.com,+57 323 0994997,4,0,BOX_OFFICE,2026-07-31 15:30:00
ft_sal_006625,ft_evt_0016,ISABELLA MUÑOZ,isabella.munoz22@gmial.com,310 317 3009,1,48000,ADMIN,2026-08-01 04:30:00
ft_sal_006626,ft_evt_0016,valentina betancur,valentina.betancur86@gmial.com,3289690746,2,178000,WEB,2026-08-01 05:30:00
ft_sal_006627,ft_evt_0016,Mateo Martínez,mateo.martinez387@gmail.com,3025356676,1,48000,ADMIN,2026-08-01 20:30:00
ft_sal_006628,ft_evt_0016,Juan Rodríguez,juanrodriguez233@hotmail.com,,3,285000,WEB,2026-08-01 00:30:00
ft_sal_006629,ft_evt_0016,Camilo Castro,camilocastro573@icloud.com,310 012 6020,1,58000,RRPP,2026-08-01 00:30:00
ft_sal_006630,ft_evt_0016,Luisa Salazar Cárdenas,luisa.salazar19@gmail.com,573273079081,1,101000,WEB,2026-08-01 19:30:00
ft_sal_006631,ft_evt_0016,Santiago Hernandez,santiago.hernandez787@gmail.com,573244474470,2,92000,WEB,2026-08-01 16:30:00
ft_sal_006632,ft_evt_0016,R. Rodríguez,ricardorodriguez719@gmail.com,310 578 8557,4,260000,WEB,2026-08-01 01:30:00
ft_sal_006633,ft_evt_0016,Ximena Betancur,ximenabetancur802@gmail.com,318 898 5941,2,182000,WEB,2026-08-01 19:30:00
ft_sal_006634,ft_evt_0016,Maria Hernandez,mariahernandez369@gmail.com,3278895109,1,46000,WEB,2026-08-01 08:30:00
ft_sal_006635,ft_evt_0016,Daniel Suárez,danielsuarez543@gmail.com,(+57) 315-349-3155,4,164000,WEB,2026-08-01 05:30:00
ft_sal_006636,ft_evt_0016,Valentina Rojas,valentina.rojas@gmail.com,573095537174,3,183000,WEB,2026-08-01 19:30:00
ft_sal_006637,ft_evt_0016,Laura Martinez,laura.martinez13@gmail.com,3112263372,1,48000,WEB,2026-08-01 15:30:00
ft_sal_006638,ft_evt_0016,Natalia Suárez,natalia.suarez@yahoo.com,+57 302 7521449,2,0,WEB,2026-08-01 19:30:00
ft_sal_006639,ft_evt_0016,Camila Cifuentes,camila.cifuentes48+boletas@gmail.com,321 407 3336,1,41000,ADMIN,2026-08-01 13:30:00
ft_sal_006640,ft_evt_0016,Miguel Moreno,miguelmoreno655@gmail.com,+57 329 1971701,2,80000,WEB,2026-08-01 15:30:00
ft_sal_006641,ft_evt_0016,Catalina Ospina,catalina.ospina@gmail.com,(+57) 327-971-2239,1,56000,RRPP,2026-08-01 06:30:00
ft_sal_006642,ft_evt_0016,daniel salazar,danielsalazar216@gmail.com,(+57) 310-966-4950,1,0,ADMIN,2026-08-01 08:30:00
ft_sal_006643,ft_evt_0034,Valentina Jiménez,valentinajimenez14@gmail.com,3241947661,2,106000,WEB,2026-08-01 15:30:00
ft_sal_006644,ft_evt_0034,Carlos Suarez,carlos.suarez@proton.me,3083401784,2,116000,WEB,2026-08-01 14:30:00
ft_sal_006645,ft_evt_0034,Ximena Ospina,daniel.ramirez72@hotmail.com,573167038746,2,290000,WEB,2026-08-01 16:30:00
ft_sal_006646,ft_evt_0034,DANIEL MEJÍA,danielmejia275@gmail.com,+57 308 3654371,2,90000,BOX_OFFICE,2026-08-01 03:30:00
ft_sal_006647,ft_evt_0034,Tatiana Rojas,tatiana.rojas251@gmail.com,573288538419,6,378000,WEB,2026-08-01 13:30:00
ft_sal_006648,ft_evt_0034,paula jiménez,paulajimenez671@gmail.com,+57 318 4500716,1,44000,WEB,2026-08-01 06:30:00
ft_sal_006649,ft_evt_0034,Felipe Mejía,felipe.mejia@gmial.com,312 491 0039,2,258000,WEB,2026-08-01 10:30:00
ft_sal_006650,ft_evt_0034,alejandra ramírez,alejandra.ramirez@gmail.com,302 222 2555,2,266000,ADMIN,2026-08-01 10:30:00
ft_sal_006651,ft_evt_0034,J. Vargas,juan.vargas97@hotmail.com,(+57) 301-751-4713,3,180000,WEB,2026-08-01 00:30:00
ft_sal_006652,ft_evt_0034,Catalina Guerrero,catalinaguerrero988@gmail.com,573039688522,2,192000,RRPP,2026-08-01 13:30:00
ft_sal_006653,ft_evt_0034,Camilo Salazar,camilosalazar142@gmail.com,313 002 1026,1,133000,WEB,2026-08-01 20:30:00
ft_sal_006654,ft_evt_0034,Nicolás Suárez,santiago.quintero85@gmail.com,325 578 0519,1,92000,ADMIN,2026-08-01 05:30:00
ft_sal_006655,ft_evt_0034,daniel mejía,DANIEL.MEJIA@HOTMAIL.COM,573208529618,1,43000,WEB,2026-08-01 00:30:00
ft_sal_006656,ft_evt_0034,Daniela Céspedes Rodríguez,daniela.cespedes@outlook.com,+57 326 9091752,4,376000,WEB,2026-08-01 00:30:00
ft_sal_006657,ft_evt_0034,Hernández Valentina,valentina.hernandez427@gmial.com,(+57) 315-779-2264,6,354000,WEB,2026-08-01 12:30:00
ft_sal_006658,ft_evt_0034,Alejandro Salazar,alejandrosalazar500@proton.me,+57 301 8413927,1,46000,WEB,2026-08-01 19:30:00
ft_sal_006659,ft_evt_0034,Alejandra Cárdenas,alejandracardenas829@proton.me,3266186456,1,42000,RRPP,2026-08-01 07:30:00
ft_sal_006660,ft_evt_0034,Mariana Guerrero,marianaguerrero205@gmail.com,(+57) 320-431-3478,1,58000,ADMIN,2026-08-01 05:30:00
ft_sal_006661,ft_evt_0034,Ricardo Jimenez,ricardojimenez169@icloud.com,+57 313 2844896,1,105000,WEB,2026-08-01 19:30:00
ft_sal_006662,ft_evt_0034,Isabella Hernández,isabellahernandez760@hotmail.com,(+57) 321-460-6315,2,120000,WEB,2026-08-01 12:30:00
ft_sal_006663,ft_evt_0034,Daniel Salazar,danielsalazar452@gmail.com,3140954116,1,42000,WEB,2026-08-01 19:30:00
ft_sal_006664,ft_evt_0034,Isabella Quintero,isabellaquintero543@yahoo.com,+57 304 1099881,1,140000,RRPP,2026-08-01 17:30:00
ft_sal_006665,ft_evt_0034,Ricardo Suárez,ricardosuarez805@gmail.com,323 315 4942,1,95000,WEB,2026-08-01 06:30:00
ft_sal_006666,ft_evt_0034,Mariana Quintero,mariana.quintero@outlok.com,,1,90000,WEB,2026-08-01 01:30:00
ft_sal_006667,ft_evt_0034,tatiana peña,tatianapena901@gmail.com,(+57) 300-643-6613,1,144000,ADMIN,2026-08-01 19:30:00
ft_sal_006668,ft_evt_0034,Óscar Suárez,oscar.suarez256@hotmail.com,+57 322 2137882,1,61000,WEB,2026-08-01 02:30:00
ft_sal_006669,ft_evt_0034,Fabián Martínez,fabian.martinez@gmail.com,316 252 3061,3,0,WEB,2026-08-01 03:30:00
ft_sal_006670,ft_evt_0034,Hernández Manuela,manuela.hernandez61@outlook.com,(+57) 315-542-2116,1,42000,WEB,2026-08-01 10:30:00
ft_sal_006671,ft_evt_0034,Diana Mejía López,diana.mejia406@gmail.com,3098947981,2,196000,WEB,2026-08-01 04:30:00
ft_sal_006672,ft_evt_0034,Santiago Bermúdez Peña,santiagobermudez628@outlook.com,3188394482,1,47000,WEB,2026-08-01 18:30:00
ft_sal_006673,ft_evt_0034,Mateo Castro,mateocastro713@gmail.com,3153859317,1,134000,WEB,2026-08-01 07:30:00
ft_sal_006674,ft_evt_0034,Camilo López,camilo.lopez53@gmail.com,3279712239,1,131000,WEB,2026-08-01 15:30:00
ft_sal_006675,ft_evt_0062,daniel betancur,DANIEL.BETANCUR48@GMAIL.COM,311 313 4691,1,48000,ADMIN,2026-08-01 19:00:00
ft_sal_006676,ft_evt_0062,Laura Salazar,laura.salazar@outlok.com,573293439271,2,120000,WEB,2026-08-01 10:00:00
ft_sal_006677,ft_evt_0062,Oscar Pena,oscar.pena6+boletas@outlook.com,,4,172000,WEB,2026-08-01 09:00:00
ft_sal_006678,ft_evt_0062,Mateo Quintero,mateo.quintero@hotmail.com,,1,128000,WEB,2026-08-01 04:00:00
ft_sal_006679,ft_evt_0062,Alejandro Muñoz,alejandro.munoz@icloud.com,(+57) 314-116-9933,2,0,BOX_OFFICE,2026-08-01 12:00:00
ft_sal_006680,ft_evt_0062,Daniel Guerrero,daniel.guerrero@gmail.com,+57 321 7745862,2,292000,WEB,2026-08-01 17:00:00
ft_sal_006681,ft_evt_0062,Laura Quintero,laura.quintero52@gmail.com,+57 328 8888296,1,61000,WEB,2026-08-01 10:00:00
ft_sal_006682,ft_evt_0062,González Carolina,carolinagonzalez49@gmail.com,+57 328 3026175,2,190000,WEB,2026-08-01 15:00:00
ft_sal_006683,ft_evt_0062,ALEJANDRO GÓMEZ,alejandro.gomez932@gmail.com,+57 307 5547316,4,184000,WEB,2026-08-01 17:00:00
ft_sal_006684,ft_evt_0062,Juliana Céspedes,julianacespedes249@outlook.com,3223425144,1,104000,WEB,2026-08-01 03:00:00
ft_sal_006685,ft_evt_0062,manuela gonzález,manuelagonzalez255@hotmail.com,(+57) 308-033-4985,3,135000,WEB,2026-08-01 15:00:00
ft_sal_006686,ft_evt_0062,ÓSCAR MARTÍNEZ,oscar.martinez532@gmail.com,(+57) 303-751-1260,2,86000,WEB,2026-08-01 12:00:00
ft_sal_006687,ft_evt_0062,C. González,diana.cardenas92@gmail.com,329 386 3982,3,135000,WEB,2026-08-01 10:00:00
ft_sal_006688,ft_evt_0062,Diego Rojas,alejandra.valencia79@gmail.com,+57 310 9165309,1,102000,WEB,2026-08-01 01:00:00
ft_sal_006689,ft_evt_0062,Sebastián Ospina,sebastian.ospina545@gmail.com,+57 319 1804383,1,47000,WEB,2026-08-01 03:00:00
ft_sal_006690,ft_evt_0062,David Gómez,davidgomez139@icloud.com,(+57) 312-573-7025,1,45000,WEB,2026-08-01 01:00:00
ft_sal_006691,ft_evt_0062,Carolina Peña,carolina.pena+boletas@gmail.com,+57 300 5087736,3,456000,WEB,2026-08-01 04:00:00
ft_sal_006692,ft_evt_0062,Ortiz Julián,julian.oriz157@hotmail.com,+57 311 8948182,1,47000,BOX_OFFICE,2026-07-29 05:00:00
ft_sal_006693,ft_evt_0062,Diana Zapata,diana.zapata@icloud.com,304 040 8668,1,0,WEB,2026-08-01 08:00:00
ft_sal_006694,ft_evt_0062,Carolina Ramírez,carolinaramirez930@gmail.com,3011989566,4,552000,WEB,2026-08-01 06:00:00
ft_sal_006695,ft_evt_0062,Miguel Céspedes,miguel.cespedes@hotmail.com,(+57) 314-428-5599,2,202000,WEB,2026-08-01 12:00:00
ft_sal_006696,ft_evt_0062,juliana salazar,juliana.salazar455@gmail.com,3299006813,1,59000,WEB,2026-08-01 16:00:00
ft_sal_006697,ft_evt_0062,Camila Martínez,camilamartinez35@outlook.com,+57 319 2945331,1,43000,WEB,2026-08-01 06:00:00
ft_sal_006698,ft_evt_0062,Juliana Cárdenas,isabella.ospina49@gmail.com,3206104804,1,44000,WEB,2026-07-29 03:00:00
ft_sal_006699,ft_evt_0062,Cristian Cardenas,cristiancardenas132@gmail.com,+57 305 9061413,2,184000,WEB,2026-08-01 07:00:00
ft_sal_006700,ft_evt_0062,Esteban Betancur,estebanbetancur115@gmail.com,3015238577,1,62000,WEB,2026-08-01 15:00:00
ft_sal_006701,ft_evt_0062,mariana betancur,mariana.betancur@gmail.com,3166899057,2,92000,WEB,2026-08-01 00:00:00
ft_sal_006702,ft_evt_0062,Tatiana Céspedes,paula.restrepo@gmail.com,,2,0,WEB,2026-08-01 15:00:00
ft_sal_006703,ft_evt_0062,Alejandra Cárdenas,alejandra.cardenas318@gmail.com,,2,292000,WEB,2026-08-01 13:00:00
ft_sal_006704,ft_evt_0062,Ricardo Cifuentes,ricardocifuentes355@yahoo.com,,3,147000,WEB,2026-08-01 08:00:00
ft_sal_006705,ft_evt_0062,Sebastián Salazar,sebastian.salazar63@gmail.com,3273208041,1,42000,BOX_OFFICE,2026-08-01 06:00:00
ft_sal_006706,ft_evt_0062,C. Castro,camilacastro728@gmail.com,300 961 0521,1,98000,WEB,2026-08-01 01:00:00
ft_sal_006707,ft_evt_0062,Daniel Betancur,daniel.betancur626@gmail.com,(+57) 307-312-2472,2,208000,WEB,2026-08-01 00:00:00
ft_sal_006708,ft_evt_0062,Ospina Sara,sara.ospina@hotmail.com,(+57) 329-014-7584,3,186000,WEB,2026-08-01 19:00:00
ft_sal_006709,ft_evt_0062,Diana Rojas,diana.rojas@gmail.com,+57 302 9890358,2,90000,ADMIN,2026-08-01 18:00:00
ft_sal_006710,ft_evt_0062,Sara Jimenez,sara.jimenez738@gmail.com,,3,126000,BOX_OFFICE,2026-08-01 13:00:00
ft_sal_006711,ft_evt_0062,Paula Castro,paula.castro+boletas@gmail.com,308 358 8010,3,288000,WEB,2026-08-01 19:00:00
ft_sal_006712,ft_evt_0062,Juliana Jiménez,juliana.jimenez@yahoo.com,+57 304 1588324,2,186000,WEB,2026-08-01 19:00:00
ft_sal_006713,ft_evt_0062,Juliana Mejía,julianamejia424@proton.me,3292457309,1,49000,WEB,2026-08-01 09:00:00
ft_sal_006714,ft_evt_0062,CARLOS GONZÁLEZ,carlos.gonzalez117@outlook.com,573219980761,1,42000,WEB,2026-08-01 16:00:00
ft_sal_006715,ft_evt_0062,Juliana Céspedes,juliana.cespedes75@gmail.com,(+57) 307-575-1049,1,0,WEB,2026-08-01 00:00:00
ft_sal_006716,ft_evt_0062,David Peña,david.pena@gmail.com,(+57) 310-612-9097,1,48000,WEB,2026-08-01 12:00:00
ft_sal_006717,ft_evt_0062,Felipe Bermúdez,felipe.bermudez94@gmail.com,573221575288,2,110000,WEB,2026-08-01 02:00:00
ft_sal_006718,ft_evt_0062,Juliana Bermúdez,juliana.bermudez@hotmail.com,(+57) 307-537-0716,4,180000,WEB,2026-08-01 08:00:00
ft_sal_006719,ft_evt_0062,Martínez Óscar,catalina.guerrero475@gmail.com,573274290759,2,262000,BOX_OFFICE,2026-08-01 04:00:00
ft_sal_006720,ft_evt_0062,Sara Betancur,sara.betancur771@gmail.com,3146915866,4,252000,ADMIN,2026-08-01 15:00:00
ft_sal_006721,ft_evt_0062,Camila Cardenas,camila.cardenas21@gmail.com,573226216228,2,112000,WEB,2026-08-01 00:00:00
ft_sal_006722,ft_evt_0062,Sebastián Martínez Cifuentes,sebastian.martinez3@gmail.com,324 480 8101,2,98000,WEB,2026-08-01 06:00:00
ft_sal_006723,ft_evt_0062,Diego Jiménez,diegojimenez622@gmail.com,,1,48000,WEB,2026-08-01 12:00:00
ft_sal_006724,ft_evt_0062,Betancur Paula,paula.betancur88+spam@outlook.com,+57 324 0586567,6,342000,WEB,2026-08-01 20:00:00
ft_sal_006725,ft_evt_0062,Juliana Valencia Hernández,juliana.valencia97@gmail.com,(+57) 307-707-8018,1,40000,WEB,2026-08-01 08:00:00
ft_sal_006726,ft_evt_0062,Julián Peña,JULIAN.PENA958@GMAIL.COM,573119822679,1,99000,WEB,2026-08-01 06:00:00
ft_sal_006727,ft_evt_0062,Diego Muñoz,diego.munoz@hotmail.com,3066857255,4,244000,WEB,2026-08-01 03:00:00
ft_sal_006728,ft_evt_0062,Felipe Restrepo,felipe.restrepo123@gmial.com,(+57) 312-640-4448,1,59000,BOX_OFFICE,2026-08-01 00:00:00
ft_sal_006729,ft_evt_0062,DIEGO LÓPEZ,diego.lopez@outlook.com,3037793644,1,59000,WEB,2026-08-01 02:00:00
ft_sal_006730,ft_evt_0062,Cristian Rojas,cristian.rojas736@gmail.com,313 766 8023,2,124000,BOX_OFFICE,2026-08-01 18:00:00
ft_sal_006731,ft_evt_0062,Valentina Peña,valentina.pena193@yahoo.com,,1,47000,WEB,2026-08-01 04:00:00
ft_sal_006732,ft_evt_0062,Andrea Guerrero,andrea.guerrero83@outlook.com,+57 312 7400912,2,84000,WEB,2026-08-01 06:00:00
ft_sal_006733,ft_evt_0062,Sara Martínez,sara.martinez724@gmail.com,+57 309 8259020,1,44000,WEB,2026-08-01 16:00:00
ft_sal_006734,ft_evt_0062,Céspedes Miguel,miguel.cespedes@hotmial.com,573144285599,2,200000,WEB,2026-08-01 10:00:00
ft_sal_006735,ft_evt_0062,ALEJANDRO CÉSPEDES,alejandro.cespedes330@hotmail.com,303 364 1259,2,88000,WEB,2026-08-01 04:00:00
ft_sal_006736,ft_evt_0062,Diego Muñoz,diego.munoz55@gmail.com,329 023 1790,2,202000,WEB,2026-07-31 07:00:00
ft_sal_006737,ft_evt_0062,Mariana Suárez,marianasuarez832@gmail.com,3283506086,1,44000,BOX_OFFICE,2026-08-01 18:00:00
ft_sal_006738,ft_evt_0062,Muñoz Diego,diego.munoz8@icloud.com,315 182 1100,1,93000,BOX_OFFICE,2026-08-01 19:00:00
ft_sal_006739,ft_evt_0062,Isabella Céspedes,isabella.cespedes103@gmail.com,3092306470,1,0,WEB,2026-08-01 08:00:00
ft_sal_006740,ft_evt_0062,Diana Rojas,diana.rojas@gmail.com,573029890358,1,62000,WEB,2026-08-01 02:00:00
ft_sal_006741,ft_evt_0062,Manuela Hernandez,manuela.hernandez@hotmial.com,(+57) 321-753-4882,1,93000,RRPP,2026-08-01 17:00:00
ft_sal_006742,ft_evt_0025,Juan Martínez,jua.martinez@gmail.com,,1,46000,WEB,2026-08-01 16:30:00
ft_sal_006743,ft_evt_0025,óscar jiménez,oscar.jimenez70+boletas@outlook.com,(+57) 327-840-7252,2,118000,WEB,2026-08-01 06:30:00
ft_sal_006744,ft_evt_0025,Ricardo Arango Moreno,ricardo.arango@gmail.com,573286917343,1,87000,WEB,2026-08-01 10:30:00
ft_sal_006745,ft_evt_0025,ANDREA JIMÉNEZ,andrea.jimenez@gmail.com,(+57) 323-001-4124,1,98000,RRPP,2026-08-01 06:30:00
ft_sal_006746,ft_evt_0025,Cristian Mejía,cristianmejia512@gmail.com,573167693197,2,276000,WEB,2026-08-01 20:30:00
ft_sal_006747,ft_evt_0025,Alejandro Hernández,alejandro.hernandez13@outlook.com,3284416813,3,126000,WEB,2026-08-01 03:30:00
ft_sal_006748,ft_evt_0025,Carolina Cárdenas,carolina.cardenas@gmail.com,3054928076,1,49000,WEB,2026-08-01 14:30:00
ft_sal_006749,ft_evt_0025,Mateo Valencia,mateo.valencia66@gmail.com,573200647566,1,47000,WEB,2026-08-01 10:30:00
ft_sal_006750,ft_evt_0025,Sara Rojas,sararojas932@gmail.com,573083146081,1,44000,WEB,2026-08-01 16:30:00
ft_sal_006751,ft_evt_0025,mariana ramírez,marianaramirez941@gmail.com,573218349181,2,0,WEB,2026-08-01 17:30:00
ft_sal_006752,ft_evt_0025,Isabella Gonzalez,isabellagonzalez609@hotmail.com,,1,42000,WEB,2026-08-01 16:30:00
ft_sal_006753,ft_evt_0025,Diana Betancur,diana.betancur135@gmail.com,3047405432,3,147000,WEB,2026-08-01 09:30:00
ft_sal_006754,ft_evt_0025,ANDREA OSPINA,ANDREA.OSPINA70@HOTMAIL.COM,573034224999,4,168000,WEB,2026-08-01 18:30:00
ft_sal_006755,ft_evt_0025,valentina vargas,valentina.vargas@outlook.com,(+57) 325-652-5429,1,49000,WEB,2026-08-01 00:30:00
ft_sal_006756,ft_evt_0025,Sebastián Hernández Céspedes,sebastian.hernandez742@gmial.com,324 129 1590,1,0,WEB,2026-08-01 10:30:00
ft_sal_006757,ft_evt_0025,Sara Cárdenas,sara.cardenas66@gmail.com,3294572339,2,192000,WEB,2026-08-01 02:30:00
ft_sal_006758,ft_evt_0025,juliana suárez,juliana.suarez65@gmail.com,+57 318 7671053,2,114000,ADMIN,2026-08-01 20:30:00
ft_sal_006759,ft_evt_0025,David Rodríguez,davidrodriguez748@gmail.com,(+57) 317-319-1395,6,270000,WEB,2026-08-01 01:30:00
ft_sal_006760,ft_evt_0025,Guerrero Felipe,felipe.guerrero282+eventos@gmail.com,(+57) 310-102-6307,1,59000,WEB,2026-08-01 18:30:00
ft_sal_006761,ft_evt_0025,Óscar Rojas,oscar.rojas@outlook.com,+57 314 1531745,2,268000,WEB,2026-08-01 18:30:00
ft_sal_006762,ft_evt_0025,J. Céspedes,juliana.cespedes692@gmail.com,317 715 0797,2,108000,ADMIN,2026-08-01 09:30:00
ft_sal_006763,ft_evt_0025,Diana González Peña,diana.gonzalez302@gmail.com,3014488445,2,186000,WEB,2026-08-01 18:30:00
ft_sal_006764,ft_evt_0025,I. Quintero,isabella.quintero@outlook.com,,2,86000,WEB,2026-08-01 08:30:00
ft_sal_006765,ft_evt_0025,A. Cárdenas,alejandrocardenas819@gmail.com,573237137989,2,188000,WEB,2026-08-01 20:30:00
ft_sal_006766,ft_evt_0025,Laura Ramírez,laura.ramirez14@gmail.com,+57 319 6885433,2,90000,WEB,2026-08-01 12:30:00
ft_sal_006767,ft_evt_0025,Laura Rodriguez,laura.rodriguez80@gmail.com,301 249 5799,3,0,WEB,2026-08-01 01:30:00
ft_sal_006768,ft_evt_0025,Vargas Laura,laura.vargas@gmail.com,,1,65000,BOX_OFFICE,2026-08-01 08:30:00
ft_sal_006769,ft_evt_0025,Luisa Céspedes,luisa.cespedes@gmail.com,,1,44000,WEB,2026-08-01 02:30:00
ft_sal_006770,ft_evt_0008,Julián Mejía,julian.mejia411@outlook.com,3046546988,2,0,WEB,2026-08-01 18:30:00
ft_sal_006771,ft_evt_0008,carolina hernández,carolina.hernandez132@gmail.com,3143510612,2,92000,WEB,2026-08-01 08:30:00
ft_sal_006772,ft_evt_0008,Carolina González,carolinagonzalez464@gmail.com,+57 318 3356033,1,84000,WEB,2026-08-01 08:30:00
ft_sal_006773,ft_evt_0008,J. Jiménez,juliana.jimenez78@yahoo.com,3191788716,1,46000,WEB,2026-08-01 19:30:00
ft_sal_006774,ft_evt_0008,Camilo Salazar Restrepo,camilo.salazar86+compras@outlook.com,,1,45000,WEB,2026-08-01 08:30:00
ft_sal_006775,ft_evt_0008,laura jiménez,laurajimenez285@gmail.com,3148311992,3,297000,WEB,2026-08-01 12:30:00
ft_sal_006776,ft_evt_0008,Andrés Gómez,andresgomez889@gmail.com,+57 305 8911272,2,84000,BOX_OFFICE,2026-08-01 01:30:00
ft_sal_006777,ft_evt_0008,natalia ospina,nataliaospina800@gmail.com,302 879 7211,1,97000,WEB,2026-08-01 07:30:00
ft_sal_006778,ft_evt_0008,mariana bermúdez,marianabermudez994@hotmail.com,3116549481,2,204000,RRPP,2026-08-01 11:30:00
ft_sal_006779,ft_evt_0008,N. Restrepo,nicolas.restrepo47+spam@hotmail.com,(+57) 324-192-0735,2,284000,WEB,2026-08-01 13:30:00
ft_sal_006780,ft_evt_0008,Ximena Zapata,ximena.zapata@gmail.com,3142010922,1,0,BOX_OFFICE,2026-08-01 02:30:00
ft_sal_006781,ft_evt_0008,Andrés Muñoz,andres.munoz@hotmail.com,328 543 0603,2,112000,WEB,2026-08-01 05:30:00
ft_sal_006782,ft_evt_0008,D. Mejía,diego.mejia50@icloud.com,329 495 8390,4,360000,BOX_OFFICE,2026-08-01 16:30:00
ft_sal_006783,ft_evt_0008,Sebastián Cifuentes,sebastian.cifuentes@hotmail.com,+57 306 7451542,1,92000,WEB,2026-08-01 10:30:00
ft_sal_006784,ft_evt_0008,Hernández Sebastián,SEBASTIAN.HERNANDEZ@GMAIL.COM,3147224386,1,93000,BOX_OFFICE,2026-08-01 20:30:00
ft_sal_006785,ft_evt_0008,Diana Rodríguez González,dianarodriguez2@gmail.com,+57 325 9009706,2,196000,BOX_OFFICE,2026-08-01 02:30:00
ft_sal_006786,ft_evt_0008,Isabella Martínez,isabella.martinez16@gmail.com,329 650 0393,1,92000,BOX_OFFICE,2026-08-01 11:30:00
ft_sal_006787,ft_evt_0008,Isabella Ramirez,isabella.ramirez108+compras@gmail.com,+57 313 3633519,2,184000,WEB,2026-08-01 01:30:00
ft_sal_006788,ft_evt_0008,tatiana ramírez,tatiana.ramrez111@gmail.com,(+57) 327-790-2899,1,0,BOX_OFFICE,2026-08-01 19:30:00
ft_sal_006789,ft_evt_0008,Ximena Guerrero,andres.cifuentes18@gmail.com,573273184873,4,176000,WEB,2026-08-01 09:30:00
ft_sal_006790,ft_evt_0008,Julián Ortiz,julianortiz299@gmail.com,3215007232,1,48000,WEB,2026-08-01 14:30:00
ft_sal_006791,ft_evt_0008,Sebastián Muñoz,sebastianmunoz506@gmail.com,301 975 2012,1,97000,BOX_OFFICE,2026-08-01 02:30:00
ft_sal_006792,ft_evt_0008,Mateo Castro Rodríguez,mateo.castro67@hotmail.com,(+57) 312-034-0258,2,82000,WEB,2026-08-01 00:30:00
ft_sal_006793,ft_evt_0008,Juliana Cárdenas,juliana.cardenas+spam@icloud.com,309 151 1602,1,139000,WEB,2026-08-01 17:30:00
ft_sal_006794,ft_evt_0008,Santiago Castro,santiago.castro874@icloud.com,573159387234,1,45000,WEB,2026-08-01 14:30:00
ft_sal_006795,ft_evt_0008,Ximena Valencia,ximena.valencia47@gmail.com,573290779284,1,56000,WEB,2026-08-01 01:30:00
ft_sal_006796,ft_evt_0008,juliana gonzález,juliana.gonzalez@gmail.com,573253685816,6,816000,WEB,2026-08-01 20:30:00
ft_sal_006797,ft_evt_0008,natalia quintero,natalia.quitero827@gmail.com,3066638958,1,44000,WEB,2026-08-01 19:30:00
ft_sal_006798,ft_evt_0008,Catalina Arango,catalina.arango+boletas@gmail.com,,1,47000,ADMIN,2026-08-01 15:30:00
ft_sal_006799,ft_evt_0008,Ricardo Guerrero,rcardo.guerrero55@gmail.com,(+57) 328-652-5546,1,0,WEB,2026-08-01 03:30:00
ft_sal_006800,ft_evt_0008,Mateo Castro,mateocastro511@gmail.com,310 766 3636,1,140000,WEB,2026-08-01 12:30:00
ft_sal_006801,ft_evt_0008,camilo quintero,camiloquintero931@gmail.com,573269031470,1,57000,ADMIN,2026-08-01 03:30:00
ft_sal_006802,ft_evt_0008,Isabella Gómez,isabella.gomez381@gmail.com,+57 303 2038717,3,141000,BOX_OFFICE,2026-08-01 06:30:00
ft_sal_006803,ft_evt_0008,Carolina Muñoz,carolinamunoz777@hotmail.com,3036495747,1,59000,WEB,2026-08-01 00:30:00
ft_sal_006804,ft_evt_0008,Julián Valencia,julianvalencia186@outlook.com,573004598327,2,96000,WEB,2026-08-01 16:30:00
ft_sal_006805,ft_evt_0043,T. Rodríguez,tatiana.rodriguez201@gmail.com,,1,59000,WEB,2026-08-01 19:30:00
ft_sal_006806,ft_evt_0043,Juan Mejía,juanmejia442@gmail.com,3298742333,2,180000,BOX_OFFICE,2026-08-01 10:30:00
ft_sal_006807,ft_evt_0043,Juliana Martínez,juliana.martinez48@gmail.com,(+57) 307-814-3052,1,94000,BOX_OFFICE,2026-08-01 15:30:00
ft_sal_006808,ft_evt_0043,Diana Cárdenas,dianacardenas852@gmail.com,,3,411000,WEB,2026-08-01 14:30:00
ft_sal_006809,ft_evt_0043,Óscar Cárdenas,oscar.cardenas@gmial.com,573223919579,2,118000,WEB,2026-08-01 03:30:00
ft_sal_006810,ft_evt_0043,Óscar Céspedes,oscarcespedes214@gmail.com,3196007482,3,129000,WEB,2026-08-01 08:30:00
ft_sal_006811,ft_evt_0043,Alejandro Cifuentes,alejandro.cifuentes100+boletas@gmail.com,573228958516,3,381000,WEB,2026-08-01 14:30:00
ft_sal_006812,ft_evt_0043,Camilo Zapata Hernández,tatiana.hernandez153@gmail.com,3128097264,2,86000,WEB,2026-08-01 01:30:00
ft_sal_006813,ft_evt_0043,Andrea Ospina,andrea.ospina@outlook.com,573244682394,1,46000,BOX_OFFICE,2026-08-01 06:30:00
ft_sal_006814,ft_evt_0043,Alejandra Peña,alejandra.pena78@outlook.com,(+57) 309-379-4878,1,136000,WEB,2026-08-01 08:30:00
ft_sal_006815,ft_evt_0043,David Betancur,david.betancur@outlook.com,319 301 9012,2,0,BOX_OFFICE,2026-08-01 03:30:00
ft_sal_006816,ft_evt_0043,Daniela Cifuentes,daniela.cifuentes54@gmail.com,(+57) 314-998-1578,1,40000,WEB,2026-08-01 00:30:00
ft_sal_006817,ft_evt_0043,Ximena Martinez,ximenamartinez356@hotmail.com,327 390 3359,2,110000,BOX_OFFICE,2026-08-01 10:30:00
ft_sal_006818,ft_evt_0043,Julián Castro,juliancastro595@hotmail.com,573178073803,2,272000,WEB,2026-08-01 20:30:00
ft_sal_006819,ft_evt_0043,Daniel Gomez,danie.gomez21@proton.me,3290302860,2,186000,WEB,2026-08-01 11:30:00
ft_sal_006820,ft_evt_0043,Luisa Guerrero,luisa.gerrero56@gmail.com,310 282 4161,2,202000,WEB,2026-08-01 00:30:00
ft_sal_006821,ft_evt_0043,Daniela Céspedes,daniela.cespedes+eventos@gmail.com,573003908560,2,90000,ADMIN,2026-07-30 11:30:00
ft_sal_006822,ft_evt_0043,Sebastián Betancur,sebastianbetancur162@gmail.com,,1,131000,WEB,2026-08-01 09:30:00
ft_sal_006823,ft_evt_0043,Andrés Martínez,andresmartinez189@gmail.com,3285595375,1,44000,WEB,2026-08-01 08:30:00
ft_sal_006824,ft_evt_0043,Ricardo Cárdenas,ricardocardenas988@hotmail.com,,1,63000,WEB,2026-08-01 01:30:00
ft_sal_006825,ft_evt_0043,Cristian López,cristianlopez104@yahoo.com,(+57) 314-070-3062,3,144000,WEB,2026-08-01 18:30:00
ft_sal_006826,ft_evt_0043,Arango Alejandra,alejandra.arango@hotmial.com,,1,65000,WEB,2026-08-01 13:30:00
ft_sal_006827,ft_evt_0043,Camila Bermúdez,ricardo.moreno62@hotmail.com,3075632118,3,0,WEB,2026-08-01 06:30:00
ft_sal_006828,ft_evt_0043,MANUELA MARTÍNEZ,manuelamartinez337@outlook.com,318 029 8661,1,137000,WEB,2026-08-01 05:30:00
ft_sal_006829,ft_evt_0043,Andres Restrepo,andres.estrepo56@gmail.com,573035941602,1,49000,WEB,2026-08-01 20:30:00
ft_sal_006830,ft_evt_0043,Camila Suarez,camila.suarez689@gmail.com,573133146533,1,0,WEB,2026-08-01 18:30:00
ft_sal_006831,ft_evt_0043,Felipe Restrepo,santiago.guerrero292@gmail.com,308 639 1398,2,194000,WEB,2026-08-01 09:30:00
ft_sal_006832,ft_evt_0043,Tatiana Ramírez,tatiana.ramirez35@hotmail.com,307 202 3166,2,98000,WEB,2026-08-01 02:30:00
ft_sal_006833,ft_evt_0043,manuela arango,manuelaarango836@gmail.com,,1,43000,WEB,2026-08-01 08:30:00
ft_sal_006834,ft_evt_0043,David Restrepo Suárez,davidrestrepo587@gmail.com,321 087 8202,2,124000,WEB,2026-08-01 20:30:00
ft_sal_006835,ft_evt_0043,Santiago Bermúdez,SANTIAGO.BERMUDEZ@OUTLOOK.COM,3138244779,1,45000,BOX_OFFICE,2026-08-01 10:30:00
ft_sal_006836,ft_evt_0043,Paula Gómez,paula.gomez99@outlook.com,,1,45000,WEB,2026-08-01 15:30:00
ft_sal_006837,ft_evt_0043,Camila Martinez,camila.martinez20@gmail.com,3202809878,1,106000,WEB,2026-08-01 06:30:00
ft_sal_006838,ft_evt_0043,DAVID QUINTERO,david.quintero@gmail.com,320 544 9121,3,405000,BOX_OFFICE,2026-08-01 11:30:00
ft_sal_006839,ft_evt_0043,Alejandra Ramírez,alejndra.ramirez@yahoo.com,(+57) 301-958-4501,1,43000,BOX_OFFICE,2026-08-01 05:30:00
ft_sal_006840,ft_evt_0043,Alejandra Betancur,alejandrabetancur180@gmail.com,319 441 6918,1,57000,WEB,2026-08-01 16:30:00
ft_sal_006841,ft_evt_0043,Isabella Ramírez,isabellaramirez550@hotmail.com,,2,254000,WEB,2026-08-01 16:30:00
ft_sal_006842,ft_evt_0043,Rodríguez Mariana,mariana.rodriguez72@gmail.com,(+57) 328-488-4676,3,432000,WEB,2026-08-01 16:30:00
ft_sal_006843,ft_evt_0043,andrea jiménez,andreajimenez147@hotmail.com,,2,184000,ADMIN,2026-08-01 07:30:00
ft_sal_006844,ft_evt_0043,Camilo Mejía,camilo.mejia+spam@gmail.com,+57 303 8594029,2,194000,WEB,2026-08-01 11:30:00
ft_sal_006845,ft_evt_0043,Santiago Guerrero,isabella.guerrero36@gmail.com,(+57) 318-085-1853,2,176000,BOX_OFFICE,2026-08-01 03:30:00
ft_sal_006846,ft_evt_0043,D. Muñoz,david.munoz@gmail.com,301 941 0280,1,58000,WEB,2026-08-01 00:30:00
ft_sal_006847,ft_evt_0017,Catalina Guerrero,catalinaguerrero734@gmail.com,307 068 5979,1,63000,WEB,2026-08-01 02:30:00
ft_sal_006848,ft_evt_0017,Sebastián Peña,sebastianpena473@gmail.com,3085520137,6,276000,ADMIN,2026-08-01 11:30:00
ft_sal_006849,ft_evt_0017,ESTEBAN BETANCUR,esteban.betancur53@gmail.com,+57 309 1410652,6,378000,WEB,2026-08-01 20:30:00
ft_sal_006850,ft_evt_0017,Tatiana Salazar,tatiana.salazar@outlook.com,,4,176000,WEB,2026-08-01 00:30:00
ft_sal_006851,ft_evt_0017,Juliana López,julianalopez13@gmail.com,3042899367,3,393000,ADMIN,2026-08-01 16:30:00
ft_sal_006852,ft_evt_0017,Carolina Céspedes,carolina.cespedes@gmail.com,324 345 2960,1,96000,BOX_OFFICE,2026-08-01 06:30:00
ft_sal_006853,ft_evt_0017,Ospina Laura,lauraospina901@gmail.com,+57 302 7967906,1,89000,WEB,2026-08-01 11:30:00
ft_sal_006854,ft_evt_0017,Sebastián Vargas,sebastianvargas243@outlook.com,315 452 5740,1,67000,WEB,2026-08-01 15:30:00
ft_sal_006855,ft_evt_0017,Fabián Ortiz Mejía,FABIAN.ORTIZ@GMAIL.COM,573040307748,2,118000,WEB,2026-08-01 00:30:00
ft_sal_006856,ft_evt_0017,Laura Rodríguez,laura.rodriguez671@gmail.com,(+57) 326-625-8120,1,60000,WEB,2026-08-01 07:30:00
ft_sal_006857,ft_evt_0017,Sara Betancur,sarabetancur973@gmail.com,3016410447,3,180000,BOX_OFFICE,2026-08-01 13:30:00
ft_sal_006858,ft_evt_0017,manuela rojas,manuelarojas877@gmail.com,+57 325 7860212,3,180000,WEB,2026-08-01 16:30:00
ft_sal_006859,ft_evt_0017,David Bermúdez Betancur,david.bermudez508+boletas@hotmail.com,573132954358,1,61000,WEB,2026-08-01 19:30:00
ft_sal_006860,ft_evt_0017,Felipe Gómez,felipe.gomez315@gmail.com,(+57) 316-542-3748,1,139000,ADMIN,2026-08-01 15:30:00
ft_sal_006861,ft_evt_0017,sebastián moreno,sebastian.moreno@icloud.com,319 048 3436,2,122000,WEB,2026-08-01 06:30:00
ft_sal_006862,ft_evt_0017,alejandra muñoz,alejandramunoz258@gmail.com,573218975315,1,0,WEB,2026-08-01 06:30:00
ft_sal_006863,ft_evt_0017,D. Rojas,laura.guerrero986@gmail.com,+57 306 0318853,1,48000,WEB,2026-08-01 02:30:00
ft_sal_006864,ft_evt_0017,FELIPE ARANGO,felipe.arango54@gmail.com,573096840311,1,153000,WEB,2026-08-01 10:30:00
ft_sal_006865,ft_evt_0017,Ximena Betancur González,juan.hernandez@yahoo.com,(+57) 311-367-2095,2,112000,WEB,2026-08-01 15:30:00
ft_sal_006866,ft_evt_0017,Santiago Mejía,santiago.mejia@gmail.com,312 897 0860,1,46000,WEB,2026-08-01 09:30:00
ft_sal_006867,ft_evt_0017,Daniela Jiménez,daiela.jimenez@outlook.com,3163426552,1,60000,WEB,2026-08-01 18:30:00
ft_sal_006868,ft_evt_0017,María Peña Quintero,maria.pena@gmail.com,573000812696,2,286000,RRPP,2026-08-01 00:30:00
ft_sal_006869,ft_evt_0017,Andrés Cifuentes,andres.cifuentes@gmail.com,312 883 8535,4,180000,WEB,2026-08-01 08:30:00
ft_sal_006870,ft_evt_0017,María Rojas,maria.rojas428+eventos@gmail.com,3296239063,2,112000,ADMIN,2026-08-01 20:30:00
ft_sal_006871,ft_evt_0017,Juan Peña Valencia,juan.pena46@gmail.com,3143875971,2,92000,WEB,2026-08-01 07:30:00
ft_sal_006872,ft_evt_0017,Esteban Cárdenas,esteban.cardenas@gmial.com,323 566 6608,2,186000,WEB,2026-08-01 19:30:00
ft_sal_006873,ft_evt_0017,andrea céspedes,andrea.cespedes8+compras@gmail.com,573091815246,2,88000,WEB,2026-08-01 01:30:00
ft_sal_006874,ft_evt_0017,J. Moreno,julianmoreno675@yahoo.com,3215532698,2,200000,WEB,2026-08-01 02:30:00
ft_sal_006875,ft_evt_0017,Esteban Arango,estebanarango857@gmail.com,3140410710,1,46000,WEB,2026-08-01 17:30:00
ft_sal_006876,ft_evt_0017,Esteban Ortiz,estebanortiz50@gmail.com,573148681650,1,90000,WEB,2026-08-01 18:30:00
ft_sal_006877,ft_evt_0017,Diana Mejía,diana.mejia30@gmail.com,(+57) 327-365-6243,4,404000,WEB,2026-08-01 13:30:00
ft_sal_006878,ft_evt_0017,esteban rojas,estebanrojas864@icloud.com,(+57) 312-175-6149,1,42000,WEB,2026-08-01 07:30:00
ft_sal_006879,ft_evt_0017,ximena gonzález,ximena.gonalez76@gmail.com,303 460 2021,1,99000,WEB,2026-08-01 00:30:00
ft_sal_006880,ft_evt_0017,Valentina Gómez,valentina.gomez448@gmial.com,,3,279000,WEB,2026-08-01 00:30:00
ft_sal_006881,ft_evt_0017,valentina gonzález,valentinagonzalez376@hotmail.com,(+57) 313-881-1453,4,372000,WEB,2026-08-01 17:30:00
ft_sal_006882,ft_evt_0017,Santiago Zapata,santiago.zapata7@yahoo.com,,2,116000,RRPP,2026-08-01 19:30:00
ft_sal_006883,ft_evt_0017,A. Bermúdez,andrea.bermudez@yahoo.com,3007772946,4,576000,WEB,2026-08-01 09:30:00
ft_sal_006884,ft_evt_0035,diego moreno,diego.moreno90@yahoo.com,573191855965,1,0,WEB,2026-08-01 07:30:00
ft_sal_006885,ft_evt_0035,NATALIA ARANGO,nataliaarango143@gmail.com,,1,41000,BOX_OFFICE,2026-08-01 17:30:00
ft_sal_006886,ft_evt_0035,Carolina Céspedes,carolina.cespedes@hotmail.com,3216298332,1,40000,WEB,2026-08-01 14:30:00
ft_sal_006887,ft_evt_0035,David Munoz,david.munoz852@gmail.com,+57 323 3491330,2,90000,WEB,2026-08-01 10:30:00
ft_sal_006888,ft_evt_0035,Laura Cespedes,lauracespedes617@gmail.com,(+57) 328-683-2231,1,59000,WEB,2026-08-01 12:30:00
ft_sal_006889,ft_evt_0035,Camilo Suárez,camilo.suarez76@outlook.com,573200544467,2,186000,WEB,2026-08-01 07:30:00
ft_sal_006890,ft_evt_0035,Andrés Martínez,andres.martinez@gmail.com,302 292 1909,2,94000,WEB,2026-08-01 04:30:00
ft_sal_006891,ft_evt_0035,González Daniela,daniela.gonzalez@icloud.com,3090696896,2,94000,WEB,2026-08-01 19:30:00
ft_sal_006892,ft_evt_0035,Alejandra Suárez,alejandra.suarez@gmail.com,573048695720,1,48000,WEB,2026-08-01 20:30:00
ft_sal_006893,ft_evt_0035,Carlos Martínez,carlos.martinez@gmial.com,573221869484,1,62000,WEB,2026-08-01 19:30:00
ft_sal_006894,ft_evt_0035,Moreno Mateo,mateo.moreno975@gmail.com,573152529500,2,116000,WEB,2026-08-01 07:30:00
ft_sal_006895,ft_evt_0035,Paula Gómez,PAULA.GOMEZ53@HOTMAIL.COM,,1,57000,WEB,2026-08-01 20:30:00
ft_sal_006896,ft_evt_0035,Luisa Betancur,luisabetancur62@gmail.com,322 720 6091,1,43000,WEB,2026-08-01 07:30:00
ft_sal_006897,ft_evt_0035,Andrés Bermúdez,andres.bermudez@gmail.com,573118595710,3,120000,WEB,2026-08-01 17:30:00
ft_sal_006898,ft_evt_0035,Laura Cifuentes,lauracifuentes383@gmail.com,573023756477,2,98000,WEB,2026-08-01 16:30:00
ft_sal_006899,ft_evt_0035,Alejandro Pena,alejandro.pena213@gmail.com,3142731978,1,55000,WEB,2026-08-01 16:30:00
ft_sal_006900,ft_evt_0035,S. López,santiagolopez533@gmail.com,(+57) 300-653-0190,2,182000,WEB,2026-08-01 18:30:00
ft_sal_006901,ft_evt_0035,PAULA VALENCIA,paula.valencia@hotmail.com,3043000874,2,258000,WEB,2026-08-01 18:30:00
ft_sal_006902,ft_evt_0035,Mariana Vargas Salazar,mariana.vargas5@hotmail.com,573098021295,4,364000,WEB,2026-08-01 06:30:00
ft_sal_006903,ft_evt_0026,Felipe Restrepo,felipe.estrepo466@gmail.com,3086391398,1,99000,WEB,2026-08-01 04:00:00
ft_sal_006904,ft_evt_0026,Daniel Guerrero,daniel.guerrero@outlok.com,573099533455,1,63000,BOX_OFFICE,2026-08-01 07:00:00
ft_sal_006905,ft_evt_0026,Luisa Zapata,luisa.zapata173@gmial.com,573258067824,1,92000,WEB,2026-08-01 00:00:00
ft_sal_006906,ft_evt_0026,David Cifuentes,davidcifuentes224@gmail.com,329 685 7635,1,96000,WEB,2026-08-01 07:00:00
ft_sal_006907,ft_evt_0026,TATIANA RESTREPO,tatiana.restrepo@gmail.com,+57 327 3177413,3,186000,ADMIN,2026-08-01 02:00:00
ft_sal_006908,ft_evt_0026,Felipe Guerrero,carlos.valencia338@gmail.com,573105392622,1,47000,WEB,2026-08-01 06:00:00
ft_sal_006909,ft_evt_0026,Jiménez Alejandro,alejandrojimenez449@icloud.com,+57 321 8021658,1,90000,WEB,2026-08-01 10:00:00
ft_sal_006910,ft_evt_0026,Isabella Restrepo,isabella.restrepo97@gmail.com,+57 311 9485529,1,84000,WEB,2026-08-01 19:00:00
ft_sal_006911,ft_evt_0026,Luisa Suárez,luisasuarez652@outlook.com,301 771 6616,3,135000,WEB,2026-08-01 00:00:00
ft_sal_006912,ft_evt_0026,MANUELA RAMÍREZ,manuela.ramirez@gmail.com,573150359739,2,130000,WEB,2026-08-01 02:00:00
ft_sal_006913,ft_evt_0026,Carolina Rojas Ramírez,carolinarojas647@gmail.com,3062147485,4,356000,WEB,2026-08-01 10:00:00
ft_sal_006914,ft_evt_0026,Ricardo Jiménez,ricardo.jimenez@gmail.com,300 854 5065,2,184000,WEB,2026-08-01 07:00:00
ft_sal_006915,ft_evt_0026,Luisa Mejía,luisamejia736@gmail.com,3108247682,1,46000,RRPP,2026-08-01 14:00:00
ft_sal_006916,ft_evt_0026,Quintero Diego,diego.quintero325@gmail.com,(+57) 302-574-1662,1,59000,WEB,2026-08-01 04:00:00
ft_sal_006917,ft_evt_0026,Tatiana Guerrero,tatiana.guerrero@icloud.com,303 781 8646,2,96000,WEB,2026-08-01 01:00:00
ft_sal_006918,ft_evt_0026,Mariana Guerrero,mariana.guerrero+compras@gmail.com,,1,60000,ADMIN,2026-08-01 10:00:00
ft_sal_006919,ft_evt_0026,Sara Munoz,saramunoz367@hotmail.com,310 776 3320,1,93000,WEB,2026-08-01 05:00:00
ft_sal_006920,ft_evt_0026,Esteban Restrepo,esteban.restrepo876@gmail.com,,6,846000,WEB,2026-08-01 12:00:00
ft_sal_006921,ft_evt_0026,Valencia Diana,dianavalencia965@gmail.com,3280268402,2,126000,WEB,2026-08-01 12:00:00
ft_sal_006922,ft_evt_0026,Andrea Munoz,andrea.munoz17+spam@hotmail.com,573137120498,3,180000,WEB,2026-08-01 17:00:00
ft_sal_006923,ft_evt_0026,MATEO HERNÁNDEZ,mateo.hernandez624+compras@gmail.com,573045009641,1,0,ADMIN,2026-08-01 20:00:00
ft_sal_006924,ft_evt_0026,Laura Zapata,laurazapata883@hotmail.com,+57 315 1235619,1,44000,WEB,2026-08-01 15:00:00
ft_sal_006925,ft_evt_0026,Fabian Jimenez,fabian.jimenez@yahoo.com,3247003524,3,186000,WEB,2026-08-01 15:00:00
ft_sal_006926,ft_evt_0026,María Cifuentes Peña,maria.cifuentes44+boletas@proton.me,3116526079,2,192000,WEB,2026-08-01 12:00:00
ft_sal_006927,ft_evt_0026,Valentina López,valentinalopez854@hotmail.com,+57 326 1340925,1,94000,WEB,2026-08-01 13:00:00
ft_sal_006928,ft_evt_0048,Catalina Vargas Suárez,catalinavargas674@outlook.com,300 892 8167,1,0,WEB,2026-08-01 09:30:00
ft_sal_006929,ft_evt_0048,alejandra gonzález,ALEJANDRA.GONZALEZ845@GMAIL.COM,+57 305 6386953,1,48000,WEB,2026-08-01 14:30:00
ft_sal_006930,ft_evt_0048,Natalia Gómez,natalia.gomez18@gmail.com,(+57) 300-006-2230,2,84000,WEB,2026-08-01 16:30:00
ft_sal_006931,ft_evt_0048,Paula Bermúdez,paulabermudez20@hotmail.com,3177598267,1,44000,WEB,2026-08-01 12:30:00
ft_sal_006932,ft_evt_0048,Santiago Arango,santiago.arango39@gmail.com,+57 303 4534413,3,264000,WEB,2026-08-01 09:30:00
ft_sal_006933,ft_evt_0048,Juliana Mejia,julianamejia275@gmail.com,+57 315 8899494,2,128000,WEB,2026-08-01 13:30:00
ft_sal_006934,ft_evt_0048,Alejandra Gonzalez,alejandra.gonzalez99+eventos@gmail.com,327 267 3685,1,64000,WEB,2026-08-01 18:30:00
ft_sal_006935,ft_evt_0048,M. López,miguel.lopez44@gmail.com,3156723705,1,94000,WEB,2026-08-01 09:30:00
ft_sal_006936,ft_evt_0048,FABIÁN CIFUENTES,fabian.cifuentes864@gmail.com,(+57) 307-674-9022,6,258000,WEB,2026-08-01 03:30:00
ft_sal_006937,ft_evt_0048,ANDRÉS CASTRO,andres.castro861@gmail.com,(+57) 304-240-4438,2,88000,BOX_OFFICE,2026-08-01 12:30:00
ft_sal_006938,ft_evt_0048,Andrea López,andrea.lopez256@gmail.com,573245668826,3,294000,WEB,2026-08-01 03:30:00
ft_sal_006939,ft_evt_0048,Alejandro Valencia,alejandrovalencia420@gmail.com,3210576959,1,100000,BOX_OFFICE,2026-08-01 13:30:00
ft_sal_006940,ft_evt_0048,Daniel López,daniel.lopez@gmail.com,3272891277,2,116000,WEB,2026-08-01 20:30:00
ft_sal_006941,ft_evt_0048,Miguel Muñoz,luisa.valencia@gmail.com,(+57) 310-227-7997,3,417000,WEB,2026-08-01 01:30:00
ft_sal_006942,ft_evt_0048,Felipe Guerrero,felipe.guerrero201@gmail.com,+57 319 8753533,2,116000,ADMIN,2026-08-01 08:30:00
ft_sal_006943,ft_evt_0048,Andrea Valencia,andrea.valencia10+compras@gmail.com,573246755322,2,0,WEB,2026-08-01 05:30:00
ft_sal_006944,ft_evt_0048,Mariana Betancur,mariana.betancur93@hotmail.com,3084213578,6,270000,WEB,2026-08-01 04:30:00
ft_sal_006945,ft_evt_0048,MANUELA SALAZAR,manuelasalazar211@yahoo.com,,2,186000,WEB,2026-08-01 07:30:00
ft_sal_006946,ft_evt_0048,santiago vargas,santiagovargas547@gmail.com,573215416808,1,137000,WEB,2026-08-01 11:30:00
ft_sal_006947,ft_evt_0048,David Zapata,david.zapata99@gmail.com,(+57) 300-048-3368,1,96000,WEB,2026-08-01 14:30:00
ft_sal_006948,ft_evt_0048,Paula González,paulagonzalez74@gmail.com,3072425805,1,142000,WEB,2026-08-01 10:30:00
ft_sal_006949,ft_evt_0048,ricardo rodríguez,ricardorodriguez257@gmail.com,3031224127,2,90000,WEB,2026-08-01 15:30:00
ft_sal_006950,ft_evt_0048,Tatiana Cardenas,taiana.cardenas66@gmail.com,,2,190000,WEB,2026-08-01 04:30:00
ft_sal_006951,ft_evt_0048,Sara Mejía,saramejia781@gmail.com,318 331 5816,1,43000,WEB,2026-08-01 09:30:00
ft_sal_006952,ft_evt_0048,Ricardo Cárdenas,ricardo.cardenas91@gmail.com,300 491 7827,1,60000,WEB,2026-08-01 19:30:00
ft_sal_006953,ft_evt_0048,MARIANA PEÑA,mariana.pena47@gmail.com,(+57) 307-242-3711,1,56000,BOX_OFFICE,2026-08-01 10:30:00
ft_sal_006954,ft_evt_0048,Daniela Valencia,daniela.valencia@gmail.com,+57 301 4176907,1,145000,WEB,2026-08-01 05:30:00
ft_sal_006955,ft_evt_0048,Felipe Salazar,felipe.salazar@gmail.com,(+57) 310-244-6698,1,47000,BOX_OFFICE,2026-08-01 08:30:00
ft_sal_006956,ft_evt_0048,Diana Suárez,dianasuarez257@outlook.com,573085469066,1,41000,WEB,2026-08-01 15:30:00
ft_sal_006957,ft_evt_0048,Fabian Salazar,fabiansalazar292@hotmail.com,3054133286,1,61000,WEB,2026-08-01 01:30:00
ft_sal_006958,ft_evt_0048,J. Guerrero,julianguerrero683@hotmail.com,329 397 4969,1,56000,WEB,2026-08-01 21:30:00
ft_sal_006959,ft_evt_0048,isabella suárez,isabellasuarez386@outlook.com,+57 321 1461909,2,90000,WEB,2026-08-01 11:30:00
ft_sal_006960,ft_evt_0048,Carolina Valencia,carolina.valencia@outlook.com,318 455 5170,2,184000,WEB,2026-08-01 19:30:00
ft_sal_006961,ft_evt_0048,Alejandra González,alejandra.gonzalez@gmail.com,(+57) 329-312-5649,1,0,ADMIN,2026-08-01 05:30:00
ft_sal_006962,ft_evt_0048,Sara Betancur,sarabetancur810@gmail.com,309 072 8999,2,270000,WEB,2026-08-01 12:30:00
ft_sal_006963,ft_evt_0048,Esteban Valencia Arango,estebanvalencia876@gmail.com,3092939959,2,110000,WEB,2026-08-01 10:30:00
ft_sal_006964,ft_evt_0048,Camilo Betancur,camilobetancur706@gmail.com,(+57) 314-004-1274,1,101000,BOX_OFFICE,2026-08-01 07:30:00
ft_sal_006965,ft_evt_0048,Diana López Cárdenas,mateo.gonzalez@gmail.com,317 527 4672,2,86000,WEB,2026-08-01 13:30:00
ft_sal_006966,ft_evt_0048,Sebastián Suárez,sebastian.suarez37@gmail.com,+57 301 2561188,1,0,WEB,2026-08-01 16:30:00
ft_sal_006967,ft_evt_0048,David Vargas,david.vargas46@hotmail.com,,1,55000,WEB,2026-08-01 11:30:00
ft_sal_006968,ft_evt_0048,R. Quintero,ricardo.quitero34@gmail.com,,1,93000,WEB,2026-08-01 12:30:00
ft_sal_006969,ft_evt_0009,SANTIAGO PEÑA,santiagopena939@icloud.com,(+57) 325-377-8538,2,170000,WEB,2026-08-01 11:30:00
ft_sal_006970,ft_evt_0009,Andres Arango,andres.arango@outlook.com,320 246 9939,4,188000,ADMIN,2026-08-01 07:30:00
ft_sal_006971,ft_evt_0009,Alejandro Jiménez,alejandro.jimenz@gmail.com,3236665785,1,54000,BOX_OFFICE,2026-08-01 17:30:00
ft_sal_006972,ft_evt_0009,ESTEBAN GÓMEZ,esteban.gomez857@gmail.com,3139860242,2,286000,WEB,2026-08-01 07:30:00
ft_sal_006973,ft_evt_0009,Sara Rojas,sara.rojas35@hotmail.com,+57 300 4358293,2,180000,WEB,2026-08-01 12:30:00
ft_sal_006974,ft_evt_0009,Daniel Gómez,daniel.gomez93@gmail.com,(+57) 312-899-8669,1,87000,WEB,2026-08-01 15:30:00
ft_sal_006975,ft_evt_0009,González Andrea,andrea.gonzalez@hotmial.com,316 457 0566,1,51000,WEB,2026-08-01 04:30:00
ft_sal_006976,ft_evt_0009,Isabella Suarez,isabella.suarez496+eventos@outlook.com,,3,429000,WEB,2026-08-01 13:30:00
ft_sal_006977,ft_evt_0009,Carolina Betancur,carolina.betancur@hotmail.com,573174695929,3,183000,WEB,2026-08-01 04:30:00
ft_sal_006978,ft_evt_0009,Alejandro Rojas,alejandrorojas845@outlook.com,319 433 6796,1,131000,BOX_OFFICE,2026-08-01 10:30:00
ft_sal_006979,ft_evt_0009,Nicolás Salazar,nicolas.salazar@gmail.com,3006270497,2,276000,ADMIN,2026-08-01 00:30:00
ft_sal_006980,ft_evt_0009,Diego Ramírez,diego.ramirez328@gmail.com,3021682174,1,94000,WEB,2026-08-01 06:30:00
ft_sal_006981,ft_evt_0009,Laura Moreno Jiménez,laura.moreno75@outlook.com,+57 308 4961655,2,276000,BOX_OFFICE,2026-08-01 05:30:00
ft_sal_006982,ft_evt_0009,Salazar Luisa,luisasalazar538@gmail.com,,2,92000,WEB,2026-08-01 01:30:00
ft_sal_006983,ft_evt_0009,Gómez Sebastián,sebastian.gomez74@gmail.com,573042508688,1,61000,WEB,2026-08-01 02:30:00
ft_sal_006984,ft_evt_0009,Sebastián Rojas,sebastian.rojas280@outlook.com,+57 302 2843377,4,576000,WEB,2026-08-01 16:30:00
ft_sal_006985,ft_evt_0009,Diego Castro,dieg.castro58@gmail.com,3118634317,2,108000,WEB,2026-08-01 04:30:00
ft_sal_006986,ft_evt_0009,Camila Ospina,camila.ospia23@gmail.com,(+57) 311-689-6167,2,180000,WEB,2026-08-01 14:30:00
ft_sal_006987,ft_evt_0009,Andrés Céspedes,andrescespedes140@hotmail.com,3163025401,3,129000,WEB,2026-08-01 11:30:00
ft_sal_006988,ft_evt_0009,Mateo Restrepo,mateo.restrepo59@hotmial.com,573250665110,2,114000,WEB,2026-08-01 06:30:00
ft_sal_006989,ft_evt_0009,Carlos López,CARLOS.LOPEZ59@GMAIL.COM,3202290421,2,90000,BOX_OFFICE,2026-08-01 03:30:00
ft_sal_006990,ft_evt_0044,Óscar Bermúdez,OSCAR.BERMUDEZ14@OUTLOOK.COM,(+57) 312-622-5208,4,244000,WEB,2026-08-01 08:00:00
ft_sal_006991,ft_evt_0044,ÓSCAR VALENCIA,oscarvalencia876@hotmail.com,+57 300 8262105,3,276000,WEB,2026-08-01 19:00:00
ft_sal_006992,ft_evt_0044,Alejandro Céspedes,alejandrocespedes96@hotmail.com,305 501 9615,1,46000,WEB,2026-08-01 18:00:00
ft_sal_006993,ft_evt_0044,Alejandra Quintero,alejandra.quintero902@gmail.com,313 595 4322,1,90000,WEB,2026-08-01 10:00:00
ft_sal_006994,ft_evt_0044,sara muñoz,sara.munoz99@gmial.com,(+57) 308-477-5095,4,368000,WEB,2026-08-01 12:00:00
ft_sal_006995,ft_evt_0044,Sebastián Arango,sebastian.arango28+eventos@yahoo.com,(+57) 325-949-3989,1,45000,BOX_OFFICE,2026-08-01 07:00:00
ft_sal_006996,ft_evt_0044,NICOLÁS BERMÚDEZ,nicolasbermudez644@yahoo.com,573055872244,1,94000,WEB,2026-08-01 17:00:00
ft_sal_006997,ft_evt_0044,Juliana Valencia,julianavalencia232@gmail.com,319 098 2576,1,47000,ADMIN,2026-08-01 01:00:00
ft_sal_006998,ft_evt_0044,Camila Guerrero,camila.gurrero33@outlook.com,+57 317 2169147,3,399000,WEB,2026-08-01 04:00:00
ft_sal_006999,ft_evt_0044,Miguel Bermúdez,miguelbermudez659@outlook.com,315 650 7260,1,95000,RRPP,2026-08-01 20:00:00
ft_sal_007000,ft_evt_0044,David Guerrero,carolina.valencia@gmail.com,(+57) 328-163-4443,2,174000,BOX_OFFICE,2026-08-01 19:00:00
ft_sal_007001,ft_evt_0044,Manuela Moreno Guerrero,manuelamoreno257@gmail.com,309 710 2253,1,63000,WEB,2026-08-01 13:00:00
ft_sal_007002,ft_evt_0044,Natalia Rojas Ramírez,nataliarojas326@gmail.com,3235558550,2,90000,WEB,2026-08-01 07:00:00
ft_sal_007003,ft_evt_0044,R. Zapata,ricardo.zapata475@hotmail.com,(+57) 310-947-0185,1,58000,BOX_OFFICE,2026-08-01 10:00:00
ft_sal_007004,ft_evt_0044,Juan Martínez,juan.martinez43@gmail.com,+57 307 2720375,2,120000,WEB,2026-08-01 17:00:00
ft_sal_007005,ft_evt_0044,Andrea Martínez,manuela.mejia30@outlook.com,+57 329 0989144,2,184000,WEB,2026-08-01 13:00:00
ft_sal_007006,ft_evt_0044,Sara Moreno,saramoreno203@hotmail.com,573139794041,2,98000,WEB,2026-08-01 10:00:00
ft_sal_007007,ft_evt_0044,sebastián cárdenas,sebastiancardenas77@gmail.com,322 636 1956,1,60000,WEB,2026-08-01 05:00:00
ft_sal_007008,ft_evt_0044,Juan Quintero,juanquintero327@gmail.com,300 280 2702,2,94000,ADMIN,2026-08-01 11:00:00
ft_sal_007009,ft_evt_0058,Andrés Martínez,andes.martinez@gmail.com,(+57) 302-292-1909,2,192000,BOX_OFFICE,2026-08-01 19:30:00
ft_sal_007010,ft_evt_0058,PAULA VARGAS,paula.vargas43@gmail.com,(+57) 309-615-8124,1,42000,WEB,2026-08-01 04:30:00
ft_sal_007011,ft_evt_0058,Ricardo Muñoz,ricardomunoz611@gmail.com,+57 306 5673759,2,272000,BOX_OFFICE,2026-08-01 07:30:00
ft_sal_007012,ft_evt_0058,diana zapata,dianazapata224@gmail.com,313 142 2555,2,184000,WEB,2026-08-01 02:30:00
ft_sal_007013,ft_evt_0058,Ximena López,ximena.lopez@gmail.com,(+57) 321-285-8586,1,47000,WEB,2026-08-01 11:30:00
ft_sal_007014,ft_evt_0058,Isabella Valencia,isabella.valencia3@gmail.com,(+57) 311-493-8543,3,285000,WEB,2026-08-01 18:30:00
ft_sal_007015,ft_evt_0058,ISABELLA CÉSPEDES,isabella.cepedes845@gmail.com,(+57) 318-045-2446,3,147000,WEB,2026-08-01 09:30:00
ft_sal_007016,ft_evt_0058,Andrea Martínez,oscar.gonzalez501@hotmail.com,573036036436,2,126000,WEB,2026-08-01 14:30:00
ft_sal_007017,ft_evt_0058,Alejandro Peña,alejandro.pena@hotmail.com,325 717 3511,1,61000,WEB,2026-08-01 18:30:00
ft_sal_007018,ft_evt_0058,Daniel Martínez,danel.martinez@gmail.com,(+57) 300-040-5044,2,88000,RRPP,2026-08-01 02:30:00
ft_sal_007019,ft_evt_0058,C. Rodríguez,camilo.rodriguez770+spam@outlook.com,304 555 6796,2,292000,WEB,2026-08-01 18:30:00
ft_sal_007020,ft_evt_0058,Céspedes Mariana,marianacespedes67@gmail.com,(+57) 303-165-2687,3,192000,WEB,2026-08-01 13:30:00
ft_sal_007021,ft_evt_0058,M. Martínez,mateo.martinez@icloud.com,3279849996,2,300000,WEB,2026-08-01 02:30:00
ft_sal_007022,ft_evt_0058,Peña Esteban,esteban.pena341@hotmail.com,+57 321 5861553,2,94000,WEB,2026-08-01 18:30:00
ft_sal_007023,ft_evt_0058,Fabián Arango,fabian.arango46@gmail.com,3160916079,4,188000,BOX_OFFICE,2026-08-01 04:30:00
ft_sal_007024,ft_evt_0058,Sebastián Vargas,sebastianvargas944@gmail.com,306 431 0715,1,97000,WEB,2026-08-01 07:30:00
ft_sal_007025,ft_evt_0058,Manuela Céspedes Cárdenas,manuela.cespedes@gmail.com,(+57) 304-175-6693,2,286000,WEB,2026-08-01 08:30:00
ft_sal_007026,ft_evt_0058,A. Bermúdez,alejandro.bermudez504@hotmail.com,+57 306 6030096,1,0,RRPP,2026-08-01 07:30:00
ft_sal_007027,ft_evt_0058,Juliana González,juliana.gonzalez67@hotmial.com,3066198427,2,0,RRPP,2026-08-01 12:30:00
ft_sal_007028,ft_evt_0058,Salazar Mariana,marianasalazar15@gmail.com,326 465 5568,2,88000,WEB,2026-08-01 17:30:00
ft_sal_007029,ft_evt_0058,Vargas Juliana,juliana.vargas280@gmail.com,+57 320 5903360,1,46000,WEB,2026-08-01 09:30:00
ft_sal_007030,ft_evt_0058,Carolina Restrepo,carolina.restrepo35@gmail.com,573265169394,2,94000,WEB,2026-08-01 20:30:00
ft_sal_007031,ft_evt_0058,Daniel Quintero,daniel.quintero+eventos@gmail.com,(+57) 323-288-9830,1,57000,WEB,2026-08-01 10:30:00
ft_sal_007032,ft_evt_0058,Ximena Jiménez,ximenajimenez525@gmail.com,+57 309 6118278,3,417000,WEB,2026-08-01 09:30:00
ft_sal_007033,ft_evt_0058,Ortiz David,davidortiz923@gmail.com,573082383888,2,94000,WEB,2026-08-01 15:30:00
ft_sal_007034,ft_evt_0058,Isabella Céspedes,isabella.cespedes@gmial.com,+57 321 7047550,3,0,WEB,2026-08-01 03:30:00
ft_sal_007035,ft_evt_0058,C. González,camilagonzalez527@gmail.com,,1,63000,WEB,2026-08-01 17:30:00
ft_sal_007036,ft_evt_0058,Andrea Vargas,andreavargas908@hotmail.com,+57 316 6935733,1,64000,BOX_OFFICE,2026-08-01 20:30:00
ft_sal_007037,ft_evt_0058,Julián Moreno,julian.moreno703@gmail.com,573274356298,3,174000,WEB,2026-08-01 08:30:00
ft_sal_007038,ft_evt_0058,Andrea Quintero,andrea.quintero@proton.me,573059010537,1,101000,WEB,2026-08-01 02:30:00
ft_sal_007039,ft_evt_0058,Nicolas Rodriguez,nicolasrodriguez271@gmail.com,3109004066,1,89000,WEB,2026-08-01 09:30:00
ft_sal_007040,ft_evt_0058,Sebastián Cifuentes Ospina,sebastiancifuentes949@gmail.com,301 563 4885,1,98000,WEB,2026-08-01 07:30:00
ft_sal_007041,ft_evt_0058,Natalia Muñoz,nataliamunoz121@gmail.com,(+57) 314-389-2867,1,47000,BOX_OFFICE,2026-08-01 10:30:00
ft_sal_007042,ft_evt_0058,S. Céspedes,sara.cespedes223@gmail.com,3073838858,2,198000,WEB,2026-08-01 03:30:00
ft_sal_007043,ft_evt_0058,Mariana Muñoz,mariana.munoz11@hotmail.com,+57 306 0967232,1,48000,WEB,2026-08-01 18:30:00
ft_sal_007044,ft_evt_0058,Tatiana Moreno,tatiana.moreno871@gmail.com,3295266717,3,132000,WEB,2026-08-01 13:30:00
ft_sal_007045,ft_evt_0058,Cristian Bermúdez,cristianbermudez520@gmail.com,573098196467,1,44000,WEB,2026-08-01 15:30:00
ft_sal_007046,ft_evt_0058,María Vargas,mariavargas181@hotmail.com,(+57) 328-792-0424,1,47000,ADMIN,2026-08-01 05:30:00
ft_sal_007047,ft_evt_0058,diana ramírez,diana.ramirez53@gmail.com,313 925 1023,3,273000,RRPP,2026-08-01 04:30:00
ft_sal_007048,ft_evt_0058,Andrés Jiménez Castro,andresjimenez724@yahoo.com,3293075773,1,56000,WEB,2026-08-01 20:30:00
ft_sal_007049,ft_evt_0058,diana céspedes,dianacespedes177@gmail.com,(+57) 302-877-6609,4,404000,WEB,2026-08-01 01:30:00
ft_sal_007050,ft_evt_0058,Isabella Ospina,isabella.ospina49@gmail.com,(+57) 323-995-4947,2,132000,RRPP,2026-08-01 18:30:00
ft_sal_007051,ft_evt_0058,Manuela Mejía Arango,manuelamejia702@outlook.com,304 260 1598,3,132000,WEB,2026-08-01 20:30:00
ft_sal_007052,ft_evt_0058,Cristian Ortiz,cristian.ortiz19@gmail.com,573108065564,2,96000,BOX_OFFICE,2026-08-01 17:30:00
ft_sal_007053,ft_evt_0058,Camilo Guerrero,camilo.guerreo94@gmail.com,(+57) 325-371-9675,6,360000,BOX_OFFICE,2026-08-01 20:30:00
ft_sal_007054,ft_evt_0058,Natalia Restrepo,natalia.restrepo9@gmail.com,,2,84000,WEB,2026-08-01 10:30:00
ft_sal_007055,ft_evt_0058,Guerrero Carolina,carolina.guerrero42@gmail.com,(+57) 326-793-5117,2,86000,WEB,2026-08-01 18:30:00
ft_sal_007056,ft_evt_0058,juan rodríguez,juan.rodriguez12@gmail.com,323 983 6759,2,124000,WEB,2026-08-01 09:30:00
ft_sal_007057,ft_evt_0058,Natalia Valencia,nataliavalencia229@gmail.com,+57 316 5859297,2,188000,WEB,2026-08-01 07:30:00
ft_sal_007058,ft_evt_0058,Mariana Betancur,marianabetancur729@hotmail.com,+57 320 8349468,1,61000,WEB,2026-08-01 18:30:00
ft_sal_007059,ft_evt_0058,Juliana González,juliana.gonzalez68@proton.me,306 735 3372,1,59000,WEB,2026-08-01 02:30:00
ft_sal_007060,ft_evt_0058,Camila Castro,camilacastro286@gmail.com,+57 329 1551761,1,50000,BOX_OFFICE,2026-08-01 20:30:00
ft_sal_007061,ft_evt_0058,María Cárdenas,maria.cardenas57@gmail.com,(+57) 317-243-7973,2,292000,ADMIN,2026-08-01 20:30:00
ft_sal_007062,ft_evt_0058,Ó. Ortiz,oscar.ortiz@hotmail.com,(+57) 310-656-8286,1,0,BOX_OFFICE,2026-08-01 19:30:00
ft_sal_007063,ft_evt_0058,daniela quintero,danila.quintero@hotmail.com,3258248786,1,61000,WEB,2026-08-01 18:30:00
ft_sal_007064,ft_evt_0058,Miguel Mejía Muñoz,miguel.mejia29@yahoo.com,573020954514,2,190000,WEB,2026-08-01 14:30:00
ft_sal_007065,ft_evt_0058,Isabella Cárdenas,isabella.cardenas@gmial.com,3131451540,1,58000,WEB,2026-08-01 06:30:00
ft_sal_007066,ft_evt_0058,Salazar Diego,mariana.cifuentes@yahoo.com,+57 312 0305434,6,258000,WEB,2026-08-01 20:30:00
ft_sal_007067,ft_evt_0058,Julián Peña,JULIAN.PENA@ICLOUD.COM,(+57) 304-880-3366,2,196000,WEB,2026-08-01 01:30:00
ft_sal_007068,ft_evt_0058,Felipe Moreno Suárez,felpe.moreno@gmail.com,(+57) 327-356-9075,2,88000,BOX_OFFICE,2026-08-01 02:30:00
ft_sal_007069,ft_evt_0058,Laura Quintero,laura.quinero@hotmail.com,+57 306 8672762,1,46000,BOX_OFFICE,2026-08-01 10:30:00
ft_sal_007070,ft_evt_0058,Martínez Valentina,valentinamartinez436@gmail.com,(+57) 311-982-3377,1,43000,WEB,2026-08-01 15:30:00
ft_sal_007071,ft_evt_0058,Gómez Fabián,fabian.gomez73@gmail.com,+57 323 1920109,1,46000,WEB,2026-08-01 01:30:00
ft_sal_007072,ft_evt_0058,Esteban Gómez Vargas,estebangomez308@gmail.com,573006130459,2,118000,WEB,2026-08-01 12:30:00
ft_sal_007073,ft_evt_0058,Nicolás Rojas,nicolasrojas103@gmail.com,,2,114000,WEB,2026-08-01 14:30:00
ft_sal_007074,ft_evt_0058,Carolina Salazar,carolina.salazar@hotmail.com,573200204870,3,135000,WEB,2026-08-01 10:30:00
ft_sal_007075,ft_evt_0058,Felipe Arango,felipe.arango443@gmail.com,(+57) 313-805-8001,2,276000,WEB,2026-08-01 06:30:00
ft_sal_007076,ft_evt_0058,N. Cifuentes,nicolascifuentes615@outlook.com,3123202228,2,180000,WEB,2026-08-01 20:30:00
ft_sal_007077,ft_evt_0058,Sara Betancur Muñoz,sara.betancur76@hotmail.com,,2,282000,BOX_OFFICE,2026-08-01 20:30:00
ft_sal_007078,ft_evt_0058,Mariana Martínez,marianamartinez581@hotmail.com,304 538 1742,1,45000,WEB,2026-08-01 20:30:00
ft_sal_007079,ft_evt_0058,ISABELLA ROJAS,isabella.rojas@yahoo.com,3052316200,2,90000,WEB,2026-08-01 10:30:00
ft_sal_007080,ft_evt_0058,catalina hernández,catalina.hernandez25@gmail.com,312 598 3773,1,97000,WEB,2026-08-01 20:30:00
ft_sal_007081,ft_evt_0058,Daniela Ramírez,daniela.ramirez184@gmail.com,573076629525,2,88000,WEB,2026-08-01 18:30:00
ft_sal_007082,ft_evt_0058,laura ramírez,LAURA.RAMIREZ14@GMAIL.COM,3196885433,1,54000,WEB,2026-08-01 17:30:00
ft_sal_007083,ft_evt_0058,Julián Zapata,julianzapata678@hotmail.com,573147223433,1,144000,WEB,2026-08-01 08:30:00
ft_sal_007084,ft_evt_0058,sebastián restrepo,sebastian.restrepo@gmail.com,573010145664,2,126000,WEB,2026-08-01 07:30:00
ft_sal_007085,ft_evt_0058,Miguel Betancur Arango,miguel.betancur10@gmail.com,+57 313 9743104,1,0,BOX_OFFICE,2026-08-01 04:30:00
ft_sal_007086,ft_evt_0058,Camilo Ramirez,camiloramirez506@gmail.com,(+57) 309-033-1972,1,91000,WEB,2026-08-01 17:30:00
ft_sal_007087,ft_evt_0058,González Carlos,carlosgonzalez84@gmail.com,+57 307 5979193,4,180000,WEB,2026-08-01 02:30:00
ft_sal_007088,ft_evt_0058,Juliana Martinez,juliana.martinez@gmail.com,+57 309 1081857,1,141000,WEB,2026-08-01 21:30:00
ft_sal_007089,ft_evt_0058,Diana Bermúdez,diana.bermudez11+boletas@gmail.com,325 358 2521,3,177000,WEB,2026-08-01 09:30:00
ft_sal_007090,ft_evt_0058,Juliana Castro,julianacastro893@icloud.com,573154144124,1,68000,WEB,2026-08-01 19:30:00
ft_sal_007091,ft_evt_0058,LAURA ARANGO,laura.arango334@gmail.com,(+57) 313-188-5487,2,88000,WEB,2026-08-01 09:30:00
