ticket_id,sale_id,event_id,ticket_type,price,checked_in,checked_in_at
ft_tkt_0000001,ft_sal_000001,ft_evt_0027,VIP,150000,true,2026-07-01 20:47:00
ft_tkt_0000002,ft_sal_000001,ft_evt_0027,VIP,150000,false,
ft_tkt_0000003,ft_sal_000001,ft_evt_0027,VIP,150000,false,
ft_tkt_0000004,ft_sal_000002,ft_evt_0027,Cortesía,0,false,
ft_tkt_0000005,ft_sal_000003,ft_evt_0027,General,62000,true,2026-07-01 19:51:00
ft_tkt_0000006,ft_sal_000004,ft_evt_0027,General,45000,true,2026-07-01 19:51:00
ft_tkt_0000007,ft_sal_000004,ft_evt_0027,General,45000,false,
ft_tkt_0000008,ft_sal_000005,ft_evt_0027,General,55000,true,2026-07-01 20:44:00
ft_tkt_0000009,ft_sal_000005,ft_evt_0027,General,55000,true,2026-07-01 20:46:00
ft_tkt_0000010,ft_sal_000006,ft_evt_0027,VIP,135000,true,2026-07-01 20:11:00
ft_tkt_0000011,ft_sal_000006,ft_evt_0027,VIP,135000,false,
ft_tkt_0000012,ft_sal_000007,ft_evt_0027,General,47000,true,2026-07-01 20:04:00
ft_tkt_0000013,ft_sal_000008,ft_evt_0027,General,58000,false,
ft_tkt_0000014,ft_sal_000008,ft_evt_0027,General,58000,true,2026-07-01 20:22:00
ft_tkt_0000015,ft_sal_000008,ft_evt_0027,General,58000,false,
ft_tkt_0000016,ft_sal_000009,ft_evt_0027,General,63000,false,
ft_tkt_0000017,ft_sal_000010,ft_evt_0027,General,43000,true,2026-07-01 20:52:00
ft_tkt_0000018,ft_sal_000011,ft_evt_0027,General,59000,true,2026-07-01 20:54:00
ft_tkt_0000019,ft_sal_000011,ft_evt_0027,General,59000,true,2026-07-01 20:43:00
ft_tkt_0000020,ft_sal_000012,ft_evt_0027,VIP,132000,false,
ft_tkt_0000021,ft_sal_000012,ft_evt_0027,VIP,132000,false,
ft_tkt_0000022,ft_sal_000012,ft_evt_0027,VIP,132000,true,2026-07-01 20:39:00
ft_tkt_0000023,ft_sal_000012,ft_evt_0027,VIP,132000,false,
ft_tkt_0000024,ft_sal_000013,ft_evt_0027,General,64000,false,
ft_tkt_0000025,ft_sal_000013,ft_evt_0027,General,64000,true,2026-07-01 20:18:00
ft_tkt_0000026,ft_sal_000014,ft_evt_0027,Cortesía,0,false,
ft_tkt_0000027,ft_sal_000014,ft_evt_0027,Cortesía,0,false,
ft_tkt_0000028,ft_sal_000014,ft_evt_0027,Cortesía,0,false,
ft_tkt_0000029,ft_sal_000014,ft_evt_0027,Cortesía,0,false,
ft_tkt_0000030,ft_sal_000015,ft_evt_0027,Preferencial,99000,true,2026-07-01 20:02:00
ft_tkt_0000031,ft_sal_000016,ft_evt_0027,Preferencial,90000,true,2026-07-01 20:23:00
ft_tkt_0000032,ft_sal_000017,ft_evt_0027,Preferencial,96000,false,
ft_tkt_0000033,ft_sal_000018,ft_evt_0027,General,62000,true,2026-07-01 20:44:00
ft_tkt_0000034,ft_sal_000018,ft_evt_0027,General,62000,true,2026-07-01 19:52:00
ft_tkt_0000035,ft_sal_000019,ft_evt_0027,VIP,134000,true,2026-07-01 20:40:00
ft_tkt_0000036,ft_sal_000020,ft_evt_0027,Preferencial,95000,true,2026-07-01 20:37:00
ft_tkt_0000037,ft_sal_000020,ft_evt_0027,Preferencial,95000,true,2026-07-01 20:39:00
ft_tkt_0000038,ft_sal_000020,ft_evt_0027,Preferencial,95000,true,2026-07-01 19:43:00
ft_tkt_0000039,ft_sal_000020,ft_evt_0027,Preferencial,95000,true,2026-07-01 20:25:00
ft_tkt_0000040,ft_sal_000021,ft_evt_0027,General,44000,true,2026-07-01 20:35:00
ft_tkt_0000041,ft_sal_000021,ft_evt_0027,General,44000,true,2026-07-01 20:26:00
ft_tkt_0000042,ft_sal_000021,ft_evt_0027,General,44000,true,2026-07-01 20:29:00
ft_tkt_0000043,ft_sal_000022,ft_evt_0027,Preferencial,96000,true,2026-07-01 20:49:00
ft_tkt_0000044,ft_sal_000022,ft_evt_0027,Preferencial,96000,true,2026-07-01 20:26:00
ft_tkt_0000045,ft_sal_000022,ft_evt_0027,Preferencial,96000,false,
ft_tkt_0000046,ft_sal_000023,ft_evt_0027,VIP,138000,false,
ft_tkt_0000047,ft_sal_000024,ft_evt_0027,Preferencial,93000,true,2026-07-01 20:14:00
ft_tkt_0000048,ft_sal_000024,ft_evt_0027,Preferencial,93000,true,2026-07-01 20:51:00
ft_tkt_0000049,ft_sal_000024,ft_evt_0027,Preferencial,93000,true,2026-07-01 20:43:00
ft_tkt_0000050,ft_sal_000025,ft_evt_0027,General,42000,true,2026-07-01 20:04:00
ft_tkt_0000051,ft_sal_000025,ft_evt_0027,General,42000,true,2026-07-01 20:49:00
ft_tkt_0000052,ft_sal_000025,ft_evt_0027,General,42000,false,
ft_tkt_0000053,ft_sal_000025,ft_evt_0027,General,42000,false,
ft_tkt_0000054,ft_sal_000026,ft_evt_0027,Preferencial,94000,true,2026-07-01 20:45:00
ft_tkt_0000055,ft_sal_000026,ft_evt_0027,Preferencial,94000,true,2026-07-01 20:35:00
ft_tkt_0000056,ft_sal_000027,ft_evt_0027,Cortesía,0,true,2026-07-01 19:53:00
ft_tkt_0000057,ft_sal_000028,ft_evt_0027,General,60000,false,
ft_tkt_0000058,ft_sal_000029,ft_evt_0027,General,47000,false,
ft_tkt_0000059,ft_sal_000030,ft_evt_0027,General,53000,false,
ft_tkt_0000060,ft_sal_000031,ft_evt_0027,General,53000,true,2026-07-01 20:33:00
ft_tkt_0000061,ft_sal_000032,ft_evt_0027,Preferencial,99000,false,
ft_tkt_0000062,ft_sal_000032,ft_evt_0027,Preferencial,99000,false,
ft_tkt_0000063,ft_sal_000033,ft_evt_0027,General,44000,false,
ft_tkt_0000064,ft_sal_000033,ft_evt_0027,General,44000,false,
ft_tkt_0000065,ft_sal_000033,ft_evt_0027,General,44000,true,2026-07-01 19:52:00
ft_tkt_0000066,ft_sal_000034,ft_evt_0027,Preferencial,89000,true,2026-07-01 20:29:00
ft_tkt_0000067,ft_sal_000034,ft_evt_0027,Preferencial,89000,true,2026-07-01 20:40:00
ft_tkt_0000068,ft_sal_000034,ft_evt_0027,Preferencial,89000,true,2026-07-01 20:53:00
ft_tkt_0000069,ft_sal_000035,ft_evt_0027,Cortesía,0,true,2026-07-01 20:07:00
ft_tkt_0000070,ft_sal_000036,ft_evt_0027,General,60000,true,2026-07-01 20:15:00
ft_tkt_0000071,ft_sal_000037,ft_evt_0027,Preferencial,91000,false,
ft_tkt_0000072,ft_sal_000038,ft_evt_0027,Preferencial,95000,true,2026-07-01 20:11:00
ft_tkt_0000073,ft_sal_000038,ft_evt_0027,Preferencial,95000,true,2026-07-01 20:41:00
ft_tkt_0000074,ft_sal_000039,ft_evt_0027,General,46000,true,2026-07-01 19:57:00
ft_tkt_0000075,ft_sal_000039,ft_evt_0027,General,46000,true,2026-07-01 20:47:00
ft_tkt_0000076,ft_sal_000040,ft_evt_0027,Cortesía,0,false,
ft_tkt_0000077,ft_sal_000040,ft_evt_0027,Cortesía,0,false,
ft_tkt_0000078,ft_sal_000040,ft_evt_0027,Cortesía,0,false,
ft_tkt_0000079,ft_sal_000040,ft_evt_0027,Cortesía,0,true,2026-07-01 20:01:00
ft_tkt_0000080,ft_sal_000041,ft_evt_0027,Cortesía,0,false,
ft_tkt_0000081,ft_sal_000042,ft_evt_0027,General,65000,true,2026-07-01 19:55:00
ft_tkt_0000082,ft_sal_000043,ft_evt_0027,General,44000,true,2026-07-01 20:28:00
ft_tkt_0000083,ft_sal_000043,ft_evt_0027,General,44000,false,
ft_tkt_0000084,ft_sal_000044,ft_evt_0027,General,47000,false,
ft_tkt_0000085,ft_sal_000044,ft_evt_0027,General,47000,false,
ft_tkt_0000086,ft_sal_000044,ft_evt_0027,General,47000,false,
ft_tkt_0000087,ft_sal_000044,ft_evt_0027,General,47000,true,2026-07-01 20:23:00
ft_tkt_0000088,ft_sal_000045,ft_evt_0027,General,62000,false,
ft_tkt_0000089,ft_sal_000046,ft_evt_0027,Cortesía,0,true,2026-07-01 19:49:00
ft_tkt_0000090,ft_sal_000047,ft_evt_0027,General,43000,true,2026-07-01 20:35:00
ft_tkt_0000091,ft_sal_000048,ft_evt_0027,General,58000,true,2026-07-01 20:37:00
ft_tkt_0000092,ft_sal_000048,ft_evt_0027,General,58000,false,
ft_tkt_0000093,ft_sal_000048,ft_evt_0027,General,58000,true,2026-07-01 20:00:00
ft_tkt_0000094,ft_sal_000048,ft_evt_0027,General,58000,false,
ft_tkt_0000095,ft_sal_000049,ft_evt_0027,General,43000,false,
ft_tkt_0000096,ft_sal_000050,ft_evt_0027,Preferencial,96000,true,2026-07-01 19:41:00
ft_tkt_0000097,ft_sal_000050,ft_evt_0027,Preferencial,96000,true,2026-07-01 20:37:00
ft_tkt_0000098,ft_sal_000050,ft_evt_0027,Preferencial,96000,true,2026-07-01 20:49:00
ft_tkt_0000099,ft_sal_000051,ft_evt_0027,Preferencial,93000,true,2026-07-01 20:35:00
ft_tkt_0000100,ft_sal_000052,ft_evt_0027,General,54000,false,
ft_tkt_0000101,ft_sal_000052,ft_evt_0027,General,54000,true,2026-07-01 20:39:00
ft_tkt_0000102,ft_sal_000053,ft_evt_0027,VIP,147000,false,
ft_tkt_0000103,ft_sal_000053,ft_evt_0027,VIP,147000,false,
ft_tkt_0000104,ft_sal_000054,ft_evt_0027,Cortesía,0,true,2026-07-01 19:52:00
ft_tkt_0000105,ft_sal_000055,ft_evt_0027,General,62000,true,2026-07-01 20:15:00
ft_tkt_0000106,ft_sal_000055,ft_evt_0027,General,62000,false,
ft_tkt_0000107,ft_sal_000055,ft_evt_0027,General,62000,true,2026-07-01 19:51:00
ft_tkt_0000108,ft_sal_000055,ft_evt_0027,General,62000,true,2026-07-01 19:55:00
ft_tkt_0000109,ft_sal_000056,ft_evt_0027,General,45000,true,2026-07-01 19:51:00
ft_tkt_0000110,ft_sal_000056,ft_evt_0027,General,45000,true,2026-07-01 19:53:00
ft_tkt_0000111,ft_sal_000056,ft_evt_0027,General,45000,true,2026-07-01 20:17:00
ft_tkt_0000112,ft_sal_000056,ft_evt_0027,General,45000,true,2026-07-01 20:05:00
ft_tkt_0000113,ft_sal_000056,ft_evt_0027,General,45000,true,2026-07-01 20:38:00
ft_tkt_0000114,ft_sal_000056,ft_evt_0027,General,45000,false,
ft_tkt_0000115,ft_sal_000057,ft_evt_0027,VIP,135000,true,2026-07-01 19:53:00
ft_tkt_0000116,ft_sal_000057,ft_evt_0027,VIP,135000,true,2026-07-01 19:44:00
ft_tkt_0000117,ft_sal_000058,ft_evt_0027,General,45000,true,2026-07-01 20:14:00
ft_tkt_0000118,ft_sal_000058,ft_evt_0027,General,45000,false,
ft_tkt_0000119,ft_sal_000058,ft_evt_0027,General,45000,true,2026-07-01 20:28:00
ft_tkt_0000120,ft_sal_000058,ft_evt_0027,General,45000,true,2026-07-01 20:12:00
ft_tkt_0000121,ft_sal_000058,ft_evt_0027,General,45000,false,
ft_tkt_0000122,ft_sal_000058,ft_evt_0027,General,45000,true,2026-07-01 20:30:00
ft_tkt_0000123,ft_sal_000059,ft_evt_0027,General,62000,true,2026-07-01 19:46:00
ft_tkt_0000124,ft_sal_000060,ft_evt_0027,General,64000,false,
ft_tkt_0000125,ft_sal_000060,ft_evt_0027,General,64000,false,
ft_tkt_0000126,ft_sal_000061,ft_evt_0027,Cortesía,0,false,
ft_tkt_0000127,ft_sal_000062,ft_evt_0027,Preferencial,86000,true,2026-07-01 19:51:00
ft_tkt_0000128,ft_sal_000062,ft_evt_0027,Preferencial,86000,true,2026-07-01 20:29:00
ft_tkt_0000129,ft_sal_000062,ft_evt_0027,Preferencial,86000,true,2026-07-01 20:36:00
ft_tkt_0000130,ft_sal_000062,ft_evt_0027,Preferencial,86000,true,2026-07-01 20:28:00
ft_tkt_0000131,ft_sal_000063,ft_evt_0027,General,44000,false,
ft_tkt_0000132,ft_sal_000064,ft_evt_0027,General,45000,true,2026-07-01 20:03:00
ft_tkt_0000133,ft_sal_000064,ft_evt_0027,General,45000,true,2026-07-01 19:57:00
ft_tkt_0000134,ft_sal_000065,ft_evt_0027,General,45000,false,
ft_tkt_0000135,ft_sal_000066,ft_evt_0027,General,60000,true,2026-07-01 20:17:00
ft_tkt_0000136,ft_sal_000066,ft_evt_0027,General,60000,true,2026-07-01 20:47:00
ft_tkt_0000137,ft_sal_000066,ft_evt_0027,General,60000,false,
ft_tkt_0000138,ft_sal_000067,ft_evt_0027,Preferencial,92000,true,2026-07-01 19:43:00
ft_tkt_0000139,ft_sal_000067,ft_evt_0027,Preferencial,92000,true,2026-07-01 20:37:00
ft_tkt_0000140,ft_sal_000068,ft_evt_0027,General,48000,true,2026-07-01 20:48:00
ft_tkt_0000141,ft_sal_000068,ft_evt_0027,General,48000,false,
ft_tkt_0000142,ft_sal_000069,ft_evt_0027,VIP,137000,false,
ft_tkt_0000143,ft_sal_000069,ft_evt_0027,VIP,137000,true,2026-07-01 19:47:00
ft_tkt_0000144,ft_sal_000070,ft_evt_0027,Cortesía,0,true,2026-07-01 20:39:00
ft_tkt_0000145,ft_sal_000070,ft_evt_0027,Cortesía,0,true,2026-07-01 19:42:00
ft_tkt_0000146,ft_sal_000071,ft_evt_0027,General,58000,false,
ft_tkt_0000147,ft_sal_000071,ft_evt_0027,General,58000,true,2026-07-01 19:52:00
ft_tkt_0000148,ft_sal_000072,ft_evt_0027,General,57000,true,2026-07-01 20:36:00
ft_tkt_0000149,ft_sal_000072,ft_evt_0027,General,57000,true,2026-07-01 20:54:00
ft_tkt_0000150,ft_sal_000073,ft_evt_0027,General,60000,false,
ft_tkt_0000151,ft_sal_000074,ft_evt_0018,General,45000,true,2026-07-02 20:19:00
ft_tkt_0000152,ft_sal_000074,ft_evt_0018,General,45000,true,2026-07-02 20:21:00
ft_tkt_0000153,ft_sal_000075,ft_evt_0018,Preferencial,97000,true,2026-07-02 19:50:00
ft_tkt_0000154,ft_sal_000075,ft_evt_0018,Preferencial,97000,true,2026-07-02 19:36:00
ft_tkt_0000155,ft_sal_000076,ft_evt_0018,Preferencial,101000,true,2026-07-02 19:15:00
ft_tkt_0000156,ft_sal_000077,ft_evt_0018,Preferencial,98000,true,2026-07-02 19:59:00
ft_tkt_0000157,ft_sal_000077,ft_evt_0018,Preferencial,98000,false,
ft_tkt_0000158,ft_sal_000077,ft_evt_0018,Preferencial,98000,false,
ft_tkt_0000159,ft_sal_000077,ft_evt_0018,Preferencial,98000,true,2026-07-02 20:21:00
ft_tkt_0000160,ft_sal_000078,ft_evt_0018,Cortesía,0,true,2026-07-02 19:17:00
ft_tkt_0000161,ft_sal_000078,ft_evt_0018,Cortesía,0,false,
ft_tkt_0000162,ft_sal_000078,ft_evt_0018,Cortesía,0,false,
ft_tkt_0000163,ft_sal_000079,ft_evt_0018,General,46000,true,2026-07-02 20:17:00
ft_tkt_0000164,ft_sal_000080,ft_evt_0018,General,47000,false,
ft_tkt_0000165,ft_sal_000080,ft_evt_0018,General,47000,true,2026-07-02 19:44:00
ft_tkt_0000166,ft_sal_000081,ft_evt_0018,General,60000,true,2026-07-02 19:25:00
ft_tkt_0000167,ft_sal_000081,ft_evt_0018,General,60000,false,
ft_tkt_0000168,ft_sal_000082,ft_evt_0018,General,46000,true,2026-07-02 19:13:00
ft_tkt_0000169,ft_sal_000082,ft_evt_0018,General,46000,false,
ft_tkt_0000170,ft_sal_000082,ft_evt_0018,General,46000,true,2026-07-02 20:00:00
ft_tkt_0000171,ft_sal_000082,ft_evt_0018,General,46000,true,2026-07-02 19:26:00
ft_tkt_0000172,ft_sal_000083,ft_evt_0018,Preferencial,100000,true,2026-07-02 19:28:00
ft_tkt_0000173,ft_sal_000084,ft_evt_0018,General,65000,false,
ft_tkt_0000174,ft_sal_000084,ft_evt_0018,General,65000,true,2026-07-02 20:23:00
ft_tkt_0000175,ft_sal_000085,ft_evt_0018,General,41000,true,2026-07-02 19:13:00
ft_tkt_0000176,ft_sal_000086,ft_evt_0018,General,45000,true,2026-07-02 19:20:00
ft_tkt_0000177,ft_sal_000087,ft_evt_0018,Preferencial,97000,true,2026-07-02 20:14:00
ft_tkt_0000178,ft_sal_000088,ft_evt_0018,General,47000,true,2026-07-02 20:23:00
ft_tkt_0000179,ft_sal_000089,ft_evt_0018,General,55000,true,2026-07-02 20:24:00
ft_tkt_0000180,ft_sal_000089,ft_evt_0018,General,55000,true,2026-07-02 20:02:00
ft_tkt_0000181,ft_sal_000090,ft_evt_0018,Cortesía,0,false,
ft_tkt_0000182,ft_sal_000091,ft_evt_0018,General,45000,true,2026-07-02 19:28:00
ft_tkt_0000183,ft_sal_000091,ft_evt_0018,General,45000,false,
ft_tkt_0000184,ft_sal_000092,ft_evt_0018,General,56000,true,2026-07-02 19:20:00
ft_tkt_0000185,ft_sal_000092,ft_evt_0018,General,56000,false,
ft_tkt_0000186,ft_sal_000093,ft_evt_0018,General,59000,false,
ft_tkt_0000187,ft_sal_000094,ft_evt_0018,General,59000,true,2026-07-02 20:22:00
ft_tkt_0000188,ft_sal_000095,ft_evt_0018,General,44000,true,2026-07-02 19:29:00
ft_tkt_0000189,ft_sal_000096,ft_evt_0018,General,45000,true,2026-07-02 19:39:00
ft_tkt_0000190,ft_sal_000097,ft_evt_0018,VIP,145000,true,2026-07-02 19:13:00
ft_tkt_0000191,ft_sal_000098,ft_evt_0018,Preferencial,101000,true,2026-07-02 20:13:00
ft_tkt_0000192,ft_sal_000099,ft_evt_0018,General,61000,false,
ft_tkt_0000193,ft_sal_000099,ft_evt_0018,General,61000,true,2026-07-02 19:11:00
ft_tkt_0000194,ft_sal_000100,ft_evt_0018,VIP,132000,true,2026-07-02 19:13:00
ft_tkt_0000195,ft_sal_000100,ft_evt_0018,VIP,132000,true,2026-07-02 19:55:00
ft_tkt_0000196,ft_sal_000100,ft_evt_0018,VIP,132000,true,2026-07-02 20:15:00
ft_tkt_0000197,ft_sal_000100,ft_evt_0018,VIP,132000,true,2026-07-02 19:43:00
ft_tkt_0000198,ft_sal_000100,ft_evt_0018,VIP,132000,true,2026-07-02 19:45:00
ft_tkt_0000199,ft_sal_000100,ft_evt_0018,VIP,132000,true,2026-07-02 19:26:00
ft_tkt_0000200,ft_sal_000101,ft_evt_0018,General,48000,true,2026-07-02 19:59:00
ft_tkt_0000201,ft_sal_000101,ft_evt_0018,General,48000,true,2026-07-02 20:07:00
ft_tkt_0000202,ft_sal_000102,ft_evt_0018,General,43000,false,
ft_tkt_0000203,ft_sal_000102,ft_evt_0018,General,43000,false,
ft_tkt_0000204,ft_sal_000103,ft_evt_0018,General,45000,true,2026-07-02 19:14:00
ft_tkt_0000205,ft_sal_000103,ft_evt_0018,General,45000,true,2026-07-02 20:10:00
ft_tkt_0000206,ft_sal_000104,ft_evt_0018,Cortesía,0,true,2026-07-02 19:12:00
ft_tkt_0000207,ft_sal_000104,ft_evt_0018,Cortesía,0,true,2026-07-02 19:23:00
ft_tkt_0000208,ft_sal_000104,ft_evt_0018,Cortesía,0,false,
ft_tkt_0000209,ft_sal_000105,ft_evt_0018,Preferencial,93000,false,
ft_tkt_0000210,ft_sal_000105,ft_evt_0018,Preferencial,93000,false,
ft_tkt_0000211,ft_sal_000106,ft_evt_0018,General,47000,true,2026-07-02 19:38:00
ft_tkt_0000212,ft_sal_000107,ft_evt_0018,General,41000,false,
ft_tkt_0000213,ft_sal_000107,ft_evt_0018,General,41000,true,2026-07-02 20:02:00
ft_tkt_0000214,ft_sal_000107,ft_evt_0018,General,41000,true,2026-07-02 19:17:00
ft_tkt_0000215,ft_sal_000108,ft_evt_0018,General,48000,true,2026-07-02 20:02:00
ft_tkt_0000216,ft_sal_000108,ft_evt_0018,General,48000,true,2026-07-02 19:28:00
ft_tkt_0000217,ft_sal_000109,ft_evt_0018,Preferencial,88000,false,
ft_tkt_0000218,ft_sal_000110,ft_evt_0018,General,60000,true,2026-07-02 19:27:00
ft_tkt_0000219,ft_sal_000110,ft_evt_0018,General,60000,true,2026-07-02 20:16:00
ft_tkt_0000220,ft_sal_000111,ft_evt_0018,Preferencial,91000,false,
ft_tkt_0000221,ft_sal_000112,ft_evt_0018,Preferencial,95000,true,2026-07-02 19:41:00
ft_tkt_0000222,ft_sal_000112,ft_evt_0018,Preferencial,95000,true,2026-07-02 19:56:00
ft_tkt_0000223,ft_sal_000113,ft_evt_0018,Preferencial,100000,true,2026-07-02 19:29:00
ft_tkt_0000224,ft_sal_000113,ft_evt_0018,Preferencial,100000,true,2026-07-02 20:20:00
ft_tkt_0000225,ft_sal_000113,ft_evt_0018,Preferencial,100000,true,2026-07-02 19:16:00
ft_tkt_0000226,ft_sal_000114,ft_evt_0018,General,42000,false,
ft_tkt_0000227,ft_sal_000115,ft_evt_0018,Preferencial,86000,true,2026-07-02 20:08:00
ft_tkt_0000228,ft_sal_000115,ft_evt_0018,Preferencial,86000,true,2026-07-02 20:08:00
ft_tkt_0000229,ft_sal_000116,ft_evt_0018,General,42000,true,2026-07-02 20:07:00
ft_tkt_0000230,ft_sal_000117,ft_evt_0018,General,61000,false,
ft_tkt_0000231,ft_sal_000117,ft_evt_0018,General,61000,false,
ft_tkt_0000232,ft_sal_000118,ft_evt_0018,General,41000,true,2026-07-02 20:18:00
ft_tkt_0000233,ft_sal_000119,ft_evt_0018,Preferencial,92000,true,2026-07-02 19:18:00
ft_tkt_0000234,ft_sal_000119,ft_evt_0018,Preferencial,92000,false,
ft_tkt_0000235,ft_sal_000120,ft_evt_0018,Preferencial,90000,false,
ft_tkt_0000236,ft_sal_000120,ft_evt_0018,Preferencial,90000,false,
ft_tkt_0000237,ft_sal_000120,ft_evt_0018,Preferencial,90000,true,2026-07-02 20:19:00
ft_tkt_0000238,ft_sal_000120,ft_evt_0018,Preferencial,90000,true,2026-07-02 19:36:00
ft_tkt_0000239,ft_sal_000121,ft_evt_0018,VIP,138000,true,2026-07-02 19:39:00
ft_tkt_0000240,ft_sal_000121,ft_evt_0018,VIP,138000,true,2026-07-02 19:28:00
ft_tkt_0000241,ft_sal_000122,ft_evt_0018,Preferencial,88000,true,2026-07-02 19:36:00
ft_tkt_0000242,ft_sal_000123,ft_evt_0018,General,47000,true,2026-07-02 20:08:00
ft_tkt_0000243,ft_sal_000123,ft_evt_0018,General,47000,true,2026-07-02 19:42:00
ft_tkt_0000244,ft_sal_000124,ft_evt_0018,General,42000,true,2026-07-02 19:53:00
ft_tkt_0000245,ft_sal_000125,ft_evt_0018,Cortesía,0,true,2026-07-02 19:46:00
ft_tkt_0000246,ft_sal_000126,ft_evt_0018,General,42000,false,
ft_tkt_0000247,ft_sal_000127,ft_evt_0018,VIP,136000,true,2026-07-02 19:23:00
ft_tkt_0000248,ft_sal_000128,ft_evt_0018,VIP,139000,true,2026-07-02 19:19:00
ft_tkt_0000249,ft_sal_000128,ft_evt_0018,VIP,139000,false,
ft_tkt_0000250,ft_sal_000129,ft_evt_0018,Preferencial,96000,true,2026-07-02 20:09:00
ft_tkt_0000251,ft_sal_000129,ft_evt_0018,Preferencial,96000,true,2026-07-02 19:43:00
ft_tkt_0000252,ft_sal_000129,ft_evt_0018,Preferencial,96000,true,2026-07-02 19:36:00
ft_tkt_0000253,ft_sal_000130,ft_evt_0018,General,46000,false,
ft_tkt_0000254,ft_sal_000130,ft_evt_0018,General,46000,true,2026-07-02 19:29:00
ft_tkt_0000255,ft_sal_000131,ft_evt_0018,VIP,141000,false,
ft_tkt_0000256,ft_sal_000132,ft_evt_0018,General,44000,true,2026-07-02 20:01:00
ft_tkt_0000257,ft_sal_000132,ft_evt_0018,General,44000,false,
ft_tkt_0000258,ft_sal_000133,ft_evt_0018,General,55000,false,
ft_tkt_0000259,ft_sal_000134,ft_evt_0018,General,45000,true,2026-07-02 20:14:00
ft_tkt_0000260,ft_sal_000135,ft_evt_0018,General,60000,true,2026-07-02 19:37:00
ft_tkt_0000261,ft_sal_000136,ft_evt_0018,General,58000,false,
ft_tkt_0000262,ft_sal_000136,ft_evt_0018,General,58000,true,2026-07-02 19:59:00
ft_tkt_0000263,ft_sal_000137,ft_evt_0018,General,44000,false,
ft_tkt_0000264,ft_sal_000138,ft_evt_0018,General,65000,true,2026-07-02 20:10:00
ft_tkt_0000265,ft_sal_000139,ft_evt_0018,General,43000,true,2026-07-02 19:19:00
ft_tkt_0000266,ft_sal_000139,ft_evt_0018,General,43000,true,2026-07-02 20:18:00
ft_tkt_0000267,ft_sal_000140,ft_evt_0018,General,43000,true,2026-07-02 20:07:00
ft_tkt_0000268,ft_sal_000140,ft_evt_0018,General,43000,false,
ft_tkt_0000269,ft_sal_000141,ft_evt_0018,General,43000,true,2026-07-02 19:37:00
ft_tkt_0000270,ft_sal_000142,ft_evt_0018,General,44000,true,2026-07-02 20:06:00
ft_tkt_0000271,ft_sal_000142,ft_evt_0018,General,44000,true,2026-07-02 19:30:00
ft_tkt_0000272,ft_sal_000142,ft_evt_0018,General,44000,false,
ft_tkt_0000273,ft_sal_000143,ft_evt_0018,General,44000,true,2026-07-02 20:22:00
ft_tkt_0000274,ft_sal_000143,ft_evt_0018,General,44000,true,2026-07-02 20:23:00
ft_tkt_0000275,ft_sal_000144,ft_evt_0018,General,42000,true,2026-07-02 19:58:00
ft_tkt_0000276,ft_sal_000145,ft_evt_0018,Preferencial,94000,true,2026-07-02 20:08:00
ft_tkt_0000277,ft_sal_000145,ft_evt_0018,Preferencial,94000,true,2026-07-02 19:54:00
ft_tkt_0000278,ft_sal_000146,ft_evt_0018,General,46000,true,2026-07-02 20:16:00
ft_tkt_0000279,ft_sal_000147,ft_evt_0018,General,65000,false,
ft_tkt_0000280,ft_sal_000148,ft_evt_0018,General,39000,true,2026-07-02 19:23:00
ft_tkt_0000281,ft_sal_000148,ft_evt_0018,General,39000,false,
ft_tkt_0000282,ft_sal_000149,ft_evt_0018,VIP,133000,true,2026-07-02 19:59:00
ft_tkt_0000283,ft_sal_000149,ft_evt_0018,VIP,133000,true,2026-07-02 19:56:00
ft_tkt_0000284,ft_sal_000150,ft_evt_0018,Cortesía,0,false,
ft_tkt_0000285,ft_sal_000151,ft_evt_0018,Preferencial,92000,true,2026-07-02 20:07:00
ft_tkt_0000286,ft_sal_000151,ft_evt_0018,Preferencial,92000,true,2026-07-02 20:00:00
ft_tkt_0000287,ft_sal_000152,ft_evt_0018,Preferencial,89000,true,2026-07-02 20:20:00
ft_tkt_0000288,ft_sal_000152,ft_evt_0018,Preferencial,89000,false,
ft_tkt_0000289,ft_sal_000152,ft_evt_0018,Preferencial,89000,false,
ft_tkt_0000290,ft_sal_000153,ft_evt_0018,Preferencial,93000,false,
ft_tkt_0000291,ft_sal_000154,ft_evt_0018,General,46000,false,
ft_tkt_0000292,ft_sal_000154,ft_evt_0018,General,46000,true,2026-07-02 20:07:00
ft_tkt_0000293,ft_sal_000154,ft_evt_0018,General,46000,true,2026-07-02 19:45:00
ft_tkt_0000294,ft_sal_000155,ft_evt_0018,General,41000,true,2026-07-02 19:48:00
ft_tkt_0000295,ft_sal_000155,ft_evt_0018,General,41000,true,2026-07-02 20:24:00
ft_tkt_0000296,ft_sal_000156,ft_evt_0018,Preferencial,93000,false,
ft_tkt_0000297,ft_sal_000156,ft_evt_0018,Preferencial,93000,false,
ft_tkt_0000298,ft_sal_000156,ft_evt_0018,Preferencial,93000,false,
ft_tkt_0000299,ft_sal_000157,ft_evt_0018,VIP,142000,true,2026-07-02 20:10:00
ft_tkt_0000300,ft_sal_000157,ft_evt_0018,VIP,142000,true,2026-07-02 19:56:00
ft_tkt_0000301,ft_sal_000157,ft_evt_0018,VIP,142000,true,2026-07-02 19:20:00
ft_tkt_0000302,ft_sal_000157,ft_evt_0018,VIP,142000,true,2026-07-02 19:14:00
ft_tkt_0000303,ft_sal_000157,ft_evt_0018,VIP,142000,true,2026-07-02 20:06:00
ft_tkt_0000304,ft_sal_000157,ft_evt_0018,VIP,142000,true,2026-07-02 20:18:00
ft_tkt_0000305,ft_sal_000158,ft_evt_0018,Preferencial,92000,false,
ft_tkt_0000306,ft_sal_000159,ft_evt_0018,General,45000,true,2026-07-02 19:21:00
ft_tkt_0000307,ft_sal_000159,ft_evt_0018,General,45000,false,
ft_tkt_0000308,ft_sal_000160,ft_evt_0018,Preferencial,98000,false,
ft_tkt_0000309,ft_sal_000160,ft_evt_0018,Preferencial,98000,true,2026-07-02 19:52:00
ft_tkt_0000310,ft_sal_000160,ft_evt_0018,Preferencial,98000,false,
ft_tkt_0000311,ft_sal_000160,ft_evt_0018,Preferencial,98000,true,2026-07-02 19:34:00
ft_tkt_0000312,ft_sal_000160,ft_evt_0018,Preferencial,98000,true,2026-07-02 19:58:00
ft_tkt_0000313,ft_sal_000160,ft_evt_0018,Preferencial,98000,false,
ft_tkt_0000314,ft_sal_000161,ft_evt_0018,General,41000,false,
ft_tkt_0000315,ft_sal_000161,ft_evt_0018,General,41000,true,2026-07-02 19:53:00
ft_tkt_0000316,ft_sal_000162,ft_evt_0018,Preferencial,91000,false,
ft_tkt_0000317,ft_sal_000162,ft_evt_0018,Preferencial,91000,false,
ft_tkt_0000318,ft_sal_000163,ft_evt_0018,Preferencial,103000,false,
ft_tkt_0000319,ft_sal_000164,ft_evt_0018,VIP,126000,false,
ft_tkt_0000320,ft_sal_000165,ft_evt_0018,General,57000,false,
ft_tkt_0000321,ft_sal_000165,ft_evt_0018,General,57000,true,2026-07-02 19:26:00
ft_tkt_0000322,ft_sal_000166,ft_evt_0018,General,44000,true,2026-07-02 19:38:00
ft_tkt_0000323,ft_sal_000166,ft_evt_0018,General,44000,true,2026-07-02 19:27:00
ft_tkt_0000324,ft_sal_000167,ft_evt_0018,Cortesía,0,true,2026-07-02 19:35:00
ft_tkt_0000325,ft_sal_000167,ft_evt_0018,Cortesía,0,false,
ft_tkt_0000326,ft_sal_000168,ft_evt_0018,General,57000,true,2026-07-02 19:41:00
ft_tkt_0000327,ft_sal_000169,ft_evt_0018,General,46000,true,2026-07-02 19:56:00
ft_tkt_0000328,ft_sal_000170,ft_evt_0018,General,45000,true,2026-07-02 19:51:00
ft_tkt_0000329,ft_sal_000170,ft_evt_0018,General,45000,true,2026-07-02 20:10:00
ft_tkt_0000330,ft_sal_000170,ft_evt_0018,General,45000,true,2026-07-02 19:54:00
ft_tkt_0000331,ft_sal_000170,ft_evt_0018,General,45000,false,
ft_tkt_0000332,ft_sal_000171,ft_evt_0018,Preferencial,90000,true,2026-07-02 19:59:00
ft_tkt_0000333,ft_sal_000171,ft_evt_0018,Preferencial,90000,false,
ft_tkt_0000334,ft_sal_000171,ft_evt_0018,Preferencial,90000,true,2026-07-02 19:22:00
ft_tkt_0000335,ft_sal_000171,ft_evt_0018,Preferencial,90000,false,
ft_tkt_0000336,ft_sal_000171,ft_evt_0018,Preferencial,90000,true,2026-07-02 19:10:00
ft_tkt_0000337,ft_sal_000171,ft_evt_0018,Preferencial,90000,true,2026-07-02 19:24:00
ft_tkt_0000338,ft_sal_000172,ft_evt_0018,General,59000,true,2026-07-02 19:33:00
ft_tkt_0000339,ft_sal_000172,ft_evt_0018,General,59000,true,2026-07-02 19:41:00
ft_tkt_0000340,ft_sal_000172,ft_evt_0018,General,59000,false,
ft_tkt_0000341,ft_sal_000173,ft_evt_0018,VIP,157000,true,2026-07-02 20:15:00
ft_tkt_0000342,ft_sal_000174,ft_evt_0018,General,63000,true,2026-07-02 19:30:00
ft_tkt_0000343,ft_sal_000175,ft_evt_0018,Preferencial,100000,true,2026-07-02 19:27:00
ft_tkt_0000344,ft_sal_000175,ft_evt_0018,Preferencial,100000,true,2026-07-02 19:31:00
ft_tkt_0000345,ft_sal_000176,ft_evt_0018,VIP,149000,false,
ft_tkt_0000346,ft_sal_000177,ft_evt_0018,General,45000,false,
ft_tkt_0000347,ft_sal_000177,ft_evt_0018,General,45000,false,
ft_tkt_0000348,ft_sal_000178,ft_evt_0001,Preferencial,95000,true,2026-07-03 19:37:00
ft_tkt_0000349,ft_sal_000178,ft_evt_0001,Preferencial,95000,false,
ft_tkt_0000350,ft_sal_000179,ft_evt_0001,General,50000,false,
ft_tkt_0000351,ft_sal_000179,ft_evt_0001,General,50000,true,2026-07-03 19:24:00
ft_tkt_0000352,ft_sal_000179,ft_evt_0001,General,50000,true,2026-07-03 19:28:00
ft_tkt_0000353,ft_sal_000180,ft_evt_0001,General,46000,true,2026-07-03 19:22:00
ft_tkt_0000354,ft_sal_000181,ft_evt_0001,General,61000,true,2026-07-03 20:05:00
ft_tkt_0000355,ft_sal_000181,ft_evt_0001,General,61000,false,
ft_tkt_0000356,ft_sal_000181,ft_evt_0001,General,61000,false,
ft_tkt_0000357,ft_sal_000181,ft_evt_0001,General,61000,true,2026-07-03 19:18:00
ft_tkt_0000358,ft_sal_000182,ft_evt_0001,VIP,131000,true,2026-07-03 20:16:00
ft_tkt_0000359,ft_sal_000182,ft_evt_0001,VIP,131000,false,
ft_tkt_0000360,ft_sal_000183,ft_evt_0001,General,46000,false,
ft_tkt_0000361,ft_sal_000183,ft_evt_0001,General,46000,true,2026-07-03 19:18:00
ft_tkt_0000362,ft_sal_000184,ft_evt_0001,General,56000,false,
ft_tkt_0000363,ft_sal_000185,ft_evt_0001,General,47000,true,2026-07-03 19:55:00
ft_tkt_0000364,ft_sal_000185,ft_evt_0001,General,47000,true,2026-07-03 20:18:00
ft_tkt_0000365,ft_sal_000185,ft_evt_0001,General,47000,true,2026-07-03 19:21:00
ft_tkt_0000366,ft_sal_000186,ft_evt_0001,General,56000,true,2026-07-03 19:40:00
ft_tkt_0000367,ft_sal_000186,ft_evt_0001,General,56000,false,
ft_tkt_0000368,ft_sal_000187,ft_evt_0001,Preferencial,91000,false,
ft_tkt_0000369,ft_sal_000187,ft_evt_0001,Preferencial,91000,true,2026-07-03 19:41:00
ft_tkt_0000370,ft_sal_000187,ft_evt_0001,Preferencial,91000,true,2026-07-03 20:04:00
ft_tkt_0000371,ft_sal_000187,ft_evt_0001,Preferencial,91000,true,2026-07-03 20:19:00
ft_tkt_0000372,ft_sal_000188,ft_evt_0001,Preferencial,88000,true,2026-07-03 19:23:00
ft_tkt_0000373,ft_sal_000188,ft_evt_0001,Preferencial,88000,true,2026-07-03 19:32:00
ft_tkt_0000374,ft_sal_000189,ft_evt_0001,General,44000,true,2026-07-03 20:04:00
ft_tkt_0000375,ft_sal_000189,ft_evt_0001,General,44000,true,2026-07-03 19:23:00
ft_tkt_0000376,ft_sal_000190,ft_evt_0001,General,45000,true,2026-07-03 19:55:00
ft_tkt_0000377,ft_sal_000190,ft_evt_0001,General,45000,true,2026-07-03 20:11:00
ft_tkt_0000378,ft_sal_000191,ft_evt_0001,Cortesía,0,true,2026-07-03 19:14:00
ft_tkt_0000379,ft_sal_000191,ft_evt_0001,Cortesía,0,false,
ft_tkt_0000380,ft_sal_000192,ft_evt_0001,General,59000,true,2026-07-03 20:00:00
ft_tkt_0000381,ft_sal_000192,ft_evt_0001,General,59000,true,2026-07-03 19:33:00
ft_tkt_0000382,ft_sal_000193,ft_evt_0001,VIP,123000,true,2026-07-03 19:33:00
ft_tkt_0000383,ft_sal_000194,ft_evt_0001,VIP,136000,true,2026-07-03 20:15:00
ft_tkt_0000384,ft_sal_000195,ft_evt_0001,General,45000,true,2026-07-03 19:24:00
ft_tkt_0000385,ft_sal_000195,ft_evt_0001,General,45000,true,2026-07-03 19:18:00
ft_tkt_0000386,ft_sal_000195,ft_evt_0001,General,45000,true,2026-07-03 20:23:00
ft_tkt_0000387,ft_sal_000195,ft_evt_0001,General,45000,true,2026-07-03 19:57:00
ft_tkt_0000388,ft_sal_000196,ft_evt_0001,VIP,133000,false,
ft_tkt_0000389,ft_sal_000197,ft_evt_0001,Preferencial,94000,true,2026-07-03 19:39:00
ft_tkt_0000390,ft_sal_000197,ft_evt_0001,Preferencial,94000,true,2026-07-03 19:56:00
ft_tkt_0000391,ft_sal_000198,ft_evt_0001,General,62000,true,2026-07-03 20:16:00
ft_tkt_0000392,ft_sal_000198,ft_evt_0001,General,62000,true,2026-07-03 19:36:00
ft_tkt_0000393,ft_sal_000198,ft_evt_0001,General,62000,true,2026-07-03 19:14:00
ft_tkt_0000394,ft_sal_000198,ft_evt_0001,General,62000,true,2026-07-03 19:22:00
ft_tkt_0000395,ft_sal_000198,ft_evt_0001,General,62000,true,2026-07-03 19:45:00
ft_tkt_0000396,ft_sal_000198,ft_evt_0001,General,62000,true,2026-07-03 19:16:00
ft_tkt_0000397,ft_sal_000199,ft_evt_0001,General,56000,true,2026-07-03 19:10:00
ft_tkt_0000398,ft_sal_000199,ft_evt_0001,General,56000,true,2026-07-03 19:54:00
ft_tkt_0000399,ft_sal_000200,ft_evt_0001,Preferencial,96000,false,
ft_tkt_0000400,ft_sal_000201,ft_evt_0001,General,54000,true,2026-07-03 20:18:00
ft_tkt_0000401,ft_sal_000201,ft_evt_0001,General,54000,true,2026-07-03 19:25:00
ft_tkt_0000402,ft_sal_000201,ft_evt_0001,General,54000,false,
ft_tkt_0000403,ft_sal_000201,ft_evt_0001,General,54000,true,2026-07-03 20:24:00
ft_tkt_0000404,ft_sal_000201,ft_evt_0001,General,54000,true,2026-07-03 20:14:00
ft_tkt_0000405,ft_sal_000201,ft_evt_0001,General,54000,false,
ft_tkt_0000406,ft_sal_000202,ft_evt_0001,General,49000,true,2026-07-03 20:07:00
ft_tkt_0000407,ft_sal_000202,ft_evt_0001,General,49000,true,2026-07-03 19:53:00
ft_tkt_0000408,ft_sal_000202,ft_evt_0001,General,49000,false,
ft_tkt_0000409,ft_sal_000202,ft_evt_0001,General,49000,true,2026-07-03 20:13:00
ft_tkt_0000410,ft_sal_000203,ft_evt_0001,General,57000,false,
ft_tkt_0000411,ft_sal_000203,ft_evt_0001,General,57000,true,2026-07-03 20:09:00
ft_tkt_0000412,ft_sal_000203,ft_evt_0001,General,57000,false,
ft_tkt_0000413,ft_sal_000203,ft_evt_0001,General,57000,true,2026-07-03 19:37:00
ft_tkt_0000414,ft_sal_000204,ft_evt_0001,General,57000,false,
ft_tkt_0000415,ft_sal_000204,ft_evt_0001,General,57000,true,2026-07-03 20:03:00
ft_tkt_0000416,ft_sal_000204,ft_evt_0001,General,57000,true,2026-07-03 19:48:00
ft_tkt_0000417,ft_sal_000205,ft_evt_0001,General,45000,true,2026-07-03 20:22:00
ft_tkt_0000418,ft_sal_000206,ft_evt_0001,General,64000,true,2026-07-03 20:08:00
ft_tkt_0000419,ft_sal_000206,ft_evt_0001,General,64000,true,2026-07-03 20:05:00
ft_tkt_0000420,ft_sal_000207,ft_evt_0001,General,59000,true,2026-07-03 19:19:00
ft_tkt_0000421,ft_sal_000207,ft_evt_0001,General,59000,true,2026-07-03 20:01:00
ft_tkt_0000422,ft_sal_000208,ft_evt_0001,General,43000,true,2026-07-03 19:14:00
ft_tkt_0000423,ft_sal_000209,ft_evt_0001,General,60000,true,2026-07-03 20:03:00
ft_tkt_0000424,ft_sal_000210,ft_evt_0001,Preferencial,89000,true,2026-07-03 20:06:00
ft_tkt_0000425,ft_sal_000210,ft_evt_0001,Preferencial,89000,false,
ft_tkt_0000426,ft_sal_000210,ft_evt_0001,Preferencial,89000,true,2026-07-03 19:48:00
ft_tkt_0000427,ft_sal_000210,ft_evt_0001,Preferencial,89000,true,2026-07-03 19:41:00
ft_tkt_0000428,ft_sal_000211,ft_evt_0001,General,44000,false,
ft_tkt_0000429,ft_sal_000212,ft_evt_0001,Cortesía,0,true,2026-07-03 19:50:00
ft_tkt_0000430,ft_sal_000213,ft_evt_0001,General,45000,true,2026-07-03 19:11:00
ft_tkt_0000431,ft_sal_000213,ft_evt_0001,General,45000,true,2026-07-03 19:20:00
ft_tkt_0000432,ft_sal_000213,ft_evt_0001,General,45000,true,2026-07-03 20:00:00
ft_tkt_0000433,ft_sal_000214,ft_evt_0001,General,44000,true,2026-07-03 19:11:00
ft_tkt_0000434,ft_sal_000214,ft_evt_0001,General,44000,true,2026-07-03 19:18:00
ft_tkt_0000435,ft_sal_000215,ft_evt_0001,Preferencial,100000,false,
ft_tkt_0000436,ft_sal_000216,ft_evt_0001,VIP,137000,true,2026-07-03 19:57:00
ft_tkt_0000437,ft_sal_000216,ft_evt_0001,VIP,137000,false,
ft_tkt_0000438,ft_sal_000216,ft_evt_0001,VIP,137000,true,2026-07-03 19:17:00
ft_tkt_0000439,ft_sal_000216,ft_evt_0001,VIP,137000,false,
ft_tkt_0000440,ft_sal_000217,ft_evt_0001,General,46000,false,
ft_tkt_0000441,ft_sal_000217,ft_evt_0001,General,46000,true,2026-07-03 19:17:00
ft_tkt_0000442,ft_sal_000217,ft_evt_0001,General,46000,false,
ft_tkt_0000443,ft_sal_000218,ft_evt_0001,VIP,139000,true,2026-07-03 19:19:00
ft_tkt_0000444,ft_sal_000219,ft_evt_0001,General,46000,true,2026-07-03 19:38:00
ft_tkt_0000445,ft_sal_000219,ft_evt_0001,General,46000,false,
ft_tkt_0000446,ft_sal_000220,ft_evt_0001,Preferencial,96000,true,2026-07-03 19:14:00
ft_tkt_0000447,ft_sal_000221,ft_evt_0001,VIP,143000,true,2026-07-03 20:03:00
ft_tkt_0000448,ft_sal_000222,ft_evt_0001,General,63000,false,
ft_tkt_0000449,ft_sal_000223,ft_evt_0001,Preferencial,89000,true,2026-07-03 19:52:00
ft_tkt_0000450,ft_sal_000224,ft_evt_0001,General,47000,true,2026-07-03 19:53:00
ft_tkt_0000451,ft_sal_000225,ft_evt_0001,General,56000,false,
ft_tkt_0000452,ft_sal_000226,ft_evt_0001,General,44000,false,
ft_tkt_0000453,ft_sal_000226,ft_evt_0001,General,44000,true,2026-07-03 20:18:00
ft_tkt_0000454,ft_sal_000226,ft_evt_0001,General,44000,true,2026-07-03 19:46:00
ft_tkt_0000455,ft_sal_000226,ft_evt_0001,General,44000,true,2026-07-03 19:16:00
ft_tkt_0000456,ft_sal_000227,ft_evt_0001,VIP,150000,false,
ft_tkt_0000457,ft_sal_000227,ft_evt_0001,VIP,150000,false,
ft_tkt_0000458,ft_sal_000227,ft_evt_0001,VIP,150000,true,2026-07-03 19:19:00
ft_tkt_0000459,ft_sal_000227,ft_evt_0001,VIP,150000,true,2026-07-03 20:19:00
ft_tkt_0000460,ft_sal_000228,ft_evt_0001,Preferencial,95000,true,2026-07-03 20:13:00
ft_tkt_0000461,ft_sal_000228,ft_evt_0001,Preferencial,95000,true,2026-07-03 20:01:00
ft_tkt_0000462,ft_sal_000229,ft_evt_0001,General,58000,true,2026-07-03 20:25:00
ft_tkt_0000463,ft_sal_000230,ft_evt_0001,Preferencial,90000,true,2026-07-03 19:26:00
ft_tkt_0000464,ft_sal_000231,ft_evt_0001,General,63000,false,
ft_tkt_0000465,ft_sal_000231,ft_evt_0001,General,63000,true,2026-07-03 19:17:00
ft_tkt_0000466,ft_sal_000232,ft_evt_0001,General,43000,true,2026-07-03 19:42:00
ft_tkt_0000467,ft_sal_000233,ft_evt_0001,General,57000,true,2026-07-03 19:14:00
ft_tkt_0000468,ft_sal_000233,ft_evt_0001,General,57000,false,
ft_tkt_0000469,ft_sal_000234,ft_evt_0001,Preferencial,99000,true,2026-07-03 20:00:00
ft_tkt_0000470,ft_sal_000234,ft_evt_0001,Preferencial,99000,true,2026-07-03 20:09:00
ft_tkt_0000471,ft_sal_000235,ft_evt_0001,General,62000,true,2026-07-03 19:50:00
ft_tkt_0000472,ft_sal_000236,ft_evt_0001,General,46000,false,
ft_tkt_0000473,ft_sal_000236,ft_evt_0001,General,46000,true,2026-07-03 20:07:00
ft_tkt_0000474,ft_sal_000236,ft_evt_0001,General,46000,false,
ft_tkt_0000475,ft_sal_000236,ft_evt_0001,General,46000,false,
ft_tkt_0000476,ft_sal_000236,ft_evt_0001,General,46000,true,2026-07-03 19:11:00
ft_tkt_0000477,ft_sal_000236,ft_evt_0001,General,46000,true,2026-07-03 20:10:00
ft_tkt_0000478,ft_sal_000237,ft_evt_0001,VIP,136000,false,
ft_tkt_0000479,ft_sal_000237,ft_evt_0001,VIP,136000,true,2026-07-03 20:06:00
ft_tkt_0000480,ft_sal_000238,ft_evt_0001,VIP,145000,true,2026-07-03 20:16:00
ft_tkt_0000481,ft_sal_000239,ft_evt_0001,Cortesía,0,false,
ft_tkt_0000482,ft_sal_000239,ft_evt_0001,Cortesía,0,true,2026-07-03 20:07:00
ft_tkt_0000483,ft_sal_000239,ft_evt_0001,Cortesía,0,false,
ft_tkt_0000484,ft_sal_000239,ft_evt_0001,Cortesía,0,true,2026-07-03 19:18:00
ft_tkt_0000485,ft_sal_000239,ft_evt_0001,Cortesía,0,true,2026-07-03 19:50:00
ft_tkt_0000486,ft_sal_000239,ft_evt_0001,Cortesía,0,true,2026-07-03 19:24:00
ft_tkt_0000487,ft_sal_000240,ft_evt_0001,General,41000,true,2026-07-03 19:28:00
ft_tkt_0000488,ft_sal_000240,ft_evt_0001,General,41000,true,2026-07-03 19:54:00
ft_tkt_0000489,ft_sal_000240,ft_evt_0001,General,41000,true,2026-07-03 20:16:00
ft_tkt_0000490,ft_sal_000240,ft_evt_0001,General,41000,true,2026-07-03 20:03:00
ft_tkt_0000491,ft_sal_000241,ft_evt_0001,General,45000,true,2026-07-03 19:37:00
ft_tkt_0000492,ft_sal_000241,ft_evt_0001,General,45000,false,
ft_tkt_0000493,ft_sal_000241,ft_evt_0001,General,45000,true,2026-07-03 20:07:00
ft_tkt_0000494,ft_sal_000241,ft_evt_0001,General,45000,true,2026-07-03 20:01:00
ft_tkt_0000495,ft_sal_000241,ft_evt_0001,General,45000,true,2026-07-03 20:13:00
ft_tkt_0000496,ft_sal_000241,ft_evt_0001,General,45000,true,2026-07-03 20:02:00
ft_tkt_0000497,ft_sal_000242,ft_evt_0001,General,47000,true,2026-07-03 20:20:00
ft_tkt_0000498,ft_sal_000242,ft_evt_0001,General,47000,true,2026-07-03 19:47:00
ft_tkt_0000499,ft_sal_000243,ft_evt_0001,Preferencial,93000,true,2026-07-03 19:16:00
ft_tkt_0000500,ft_sal_000244,ft_evt_0001,General,64000,true,2026-07-03 19:33:00
ft_tkt_0000501,ft_sal_000245,ft_evt_0001,General,54000,true,2026-07-03 19:12:00
ft_tkt_0000502,ft_sal_000245,ft_evt_0001,General,54000,true,2026-07-03 20:13:00
ft_tkt_0000503,ft_sal_000246,ft_evt_0001,General,65000,true,2026-07-03 19:49:00
ft_tkt_0000504,ft_sal_000247,ft_evt_0001,General,43000,true,2026-07-03 19:26:00
ft_tkt_0000505,ft_sal_000247,ft_evt_0001,General,43000,true,2026-07-03 20:12:00
ft_tkt_0000506,ft_sal_000247,ft_evt_0001,General,43000,true,2026-07-03 19:42:00
ft_tkt_0000507,ft_sal_000247,ft_evt_0001,General,43000,true,2026-07-03 20:20:00
ft_tkt_0000508,ft_sal_000248,ft_evt_0001,General,58000,true,2026-07-03 20:23:00
ft_tkt_0000509,ft_sal_000248,ft_evt_0001,General,58000,false,
ft_tkt_0000510,ft_sal_000249,ft_evt_0001,General,61000,true,2026-07-03 19:36:00
ft_tkt_0000511,ft_sal_000250,ft_evt_0001,VIP,139000,false,
ft_tkt_0000512,ft_sal_000250,ft_evt_0001,VIP,139000,false,
ft_tkt_0000513,ft_sal_000250,ft_evt_0001,VIP,139000,true,2026-07-03 19:33:00
ft_tkt_0000514,ft_sal_000250,ft_evt_0001,VIP,139000,true,2026-07-03 19:28:00
ft_tkt_0000515,ft_sal_000251,ft_evt_0001,General,61000,false,
ft_tkt_0000516,ft_sal_000252,ft_evt_0001,General,63000,true,2026-07-03 20:13:00
ft_tkt_0000517,ft_sal_000252,ft_evt_0001,General,63000,true,2026-07-03 19:36:00
ft_tkt_0000518,ft_sal_000252,ft_evt_0001,General,63000,true,2026-07-03 19:14:00
ft_tkt_0000519,ft_sal_000252,ft_evt_0001,General,63000,true,2026-07-03 19:21:00
ft_tkt_0000520,ft_sal_000253,ft_evt_0001,Preferencial,92000,true,2026-07-03 20:21:00
ft_tkt_0000521,ft_sal_000253,ft_evt_0001,Preferencial,92000,true,2026-07-03 20:10:00
ft_tkt_0000522,ft_sal_000254,ft_evt_0001,Cortesía,0,true,2026-07-03 19:30:00
ft_tkt_0000523,ft_sal_000254,ft_evt_0001,Cortesía,0,false,
ft_tkt_0000524,ft_sal_000254,ft_evt_0001,Cortesía,0,true,2026-07-03 19:57:00
ft_tkt_0000525,ft_sal_000255,ft_evt_0001,Cortesía,0,true,2026-07-03 19:32:00
ft_tkt_0000526,ft_sal_000255,ft_evt_0001,Cortesía,0,false,
ft_tkt_0000527,ft_sal_000256,ft_evt_0001,General,58000,true,2026-07-03 20:04:00
ft_tkt_0000528,ft_sal_000256,ft_evt_0001,General,58000,false,
ft_tkt_0000529,ft_sal_000257,ft_evt_0001,Preferencial,93000,true,2026-07-03 19:25:00
ft_tkt_0000530,ft_sal_000258,ft_evt_0001,General,61000,true,2026-07-03 19:57:00
ft_tkt_0000531,ft_sal_000258,ft_evt_0001,General,61000,true,2026-07-03 19:11:00
ft_tkt_0000532,ft_sal_000258,ft_evt_0001,General,61000,true,2026-07-03 20:20:00
ft_tkt_0000533,ft_sal_000258,ft_evt_0001,General,61000,true,2026-07-03 19:36:00
ft_tkt_0000534,ft_sal_000259,ft_evt_0001,General,46000,true,2026-07-03 19:15:00
ft_tkt_0000535,ft_sal_000259,ft_evt_0001,General,46000,true,2026-07-03 20:14:00
ft_tkt_0000536,ft_sal_000259,ft_evt_0001,General,46000,true,2026-07-03 20:02:00
ft_tkt_0000537,ft_sal_000260,ft_evt_0001,General,60000,true,2026-07-03 20:10:00
ft_tkt_0000538,ft_sal_000261,ft_evt_0001,General,58000,true,2026-07-03 19:34:00
ft_tkt_0000539,ft_sal_000262,ft_evt_0001,VIP,137000,false,
ft_tkt_0000540,ft_sal_000262,ft_evt_0001,VIP,137000,false,
ft_tkt_0000541,ft_sal_000263,ft_evt_0001,Preferencial,96000,true,2026-07-03 20:18:00
ft_tkt_0000542,ft_sal_000264,ft_evt_0001,General,59000,true,2026-07-03 20:07:00
ft_tkt_0000543,ft_sal_000265,ft_evt_0001,General,63000,true,2026-07-03 20:00:00
ft_tkt_0000544,ft_sal_000266,ft_evt_0001,General,46000,true,2026-07-03 19:12:00
ft_tkt_0000545,ft_sal_000267,ft_evt_0001,General,47000,true,2026-07-03 20:00:00
ft_tkt_0000546,ft_sal_000268,ft_evt_0001,General,46000,false,
ft_tkt_0000547,ft_sal_000268,ft_evt_0001,General,46000,true,2026-07-03 19:14:00
ft_tkt_0000548,ft_sal_000268,ft_evt_0001,General,46000,true,2026-07-03 20:10:00
ft_tkt_0000549,ft_sal_000269,ft_evt_0001,General,58000,true,2026-07-03 19:43:00
ft_tkt_0000550,ft_sal_000269,ft_evt_0001,General,58000,true,2026-07-03 19:30:00
ft_tkt_0000551,ft_sal_000270,ft_evt_0001,Preferencial,96000,true,2026-07-03 19:51:00
ft_tkt_0000552,ft_sal_000270,ft_evt_0001,Preferencial,96000,true,2026-07-03 19:56:00
ft_tkt_0000553,ft_sal_000271,ft_evt_0001,General,54000,true,2026-07-03 19:29:00
ft_tkt_0000554,ft_sal_000272,ft_evt_0001,Preferencial,99000,false,
ft_tkt_0000555,ft_sal_000272,ft_evt_0001,Preferencial,99000,true,2026-07-03 19:47:00
ft_tkt_0000556,ft_sal_000272,ft_evt_0001,Preferencial,99000,true,2026-07-03 20:19:00
ft_tkt_0000557,ft_sal_000272,ft_evt_0001,Preferencial,99000,true,2026-07-03 19:40:00
ft_tkt_0000558,ft_sal_000273,ft_evt_0001,General,63000,true,2026-07-03 20:24:00
ft_tkt_0000559,ft_sal_000274,ft_evt_0001,General,45000,false,
ft_tkt_0000560,ft_sal_000275,ft_evt_0001,General,46000,false,
ft_tkt_0000561,ft_sal_000275,ft_evt_0001,General,46000,true,2026-07-03 20:19:00
ft_tkt_0000562,ft_sal_000275,ft_evt_0001,General,46000,true,2026-07-03 19:57:00
ft_tkt_0000563,ft_sal_000276,ft_evt_0001,Cortesía,0,true,2026-07-03 19:50:00
ft_tkt_0000564,ft_sal_000276,ft_evt_0001,Cortesía,0,true,2026-07-03 19:53:00
ft_tkt_0000565,ft_sal_000277,ft_evt_0001,General,44000,true,2026-07-03 20:14:00
ft_tkt_0000566,ft_sal_000278,ft_evt_0001,General,62000,true,2026-07-03 20:10:00
ft_tkt_0000567,ft_sal_000278,ft_evt_0001,General,62000,true,2026-07-03 20:25:00
ft_tkt_0000568,ft_sal_000279,ft_evt_0036,General,45000,true,2026-07-04 19:18:00
ft_tkt_0000569,ft_sal_000279,ft_evt_0036,General,45000,false,
ft_tkt_0000570,ft_sal_000279,ft_evt_0036,General,45000,true,2026-07-04 19:43:00
ft_tkt_0000571,ft_sal_000279,ft_evt_0036,General,45000,false,
ft_tkt_0000572,ft_sal_000280,ft_evt_0036,General,46000,false,
ft_tkt_0000573,ft_sal_000281,ft_evt_0036,General,44000,true,2026-07-04 19:22:00
ft_tkt_0000574,ft_sal_000281,ft_evt_0036,General,44000,true,2026-07-04 20:23:00
ft_tkt_0000575,ft_sal_000281,ft_evt_0036,General,44000,false,
ft_tkt_0000576,ft_sal_000282,ft_evt_0036,General,63000,true,2026-07-04 20:23:00
ft_tkt_0000577,ft_sal_000283,ft_evt_0036,Preferencial,89000,true,2026-07-04 19:19:00
ft_tkt_0000578,ft_sal_000283,ft_evt_0036,Preferencial,89000,true,2026-07-04 19:49:00
ft_tkt_0000579,ft_sal_000284,ft_evt_0036,General,46000,true,2026-07-04 19:15:00
ft_tkt_0000580,ft_sal_000285,ft_evt_0036,General,47000,true,2026-07-04 19:36:00
ft_tkt_0000581,ft_sal_000285,ft_evt_0036,General,47000,false,
ft_tkt_0000582,ft_sal_000285,ft_evt_0036,General,47000,true,2026-07-04 19:27:00
ft_tkt_0000583,ft_sal_000286,ft_evt_0036,General,46000,false,
ft_tkt_0000584,ft_sal_000286,ft_evt_0036,General,46000,true,2026-07-04 20:11:00
ft_tkt_0000585,ft_sal_000286,ft_evt_0036,General,46000,true,2026-07-04 19:33:00
ft_tkt_0000586,ft_sal_000287,ft_evt_0036,General,57000,true,2026-07-04 19:32:00
ft_tkt_0000587,ft_sal_000288,ft_evt_0036,General,43000,true,2026-07-04 19:50:00
ft_tkt_0000588,ft_sal_000288,ft_evt_0036,General,43000,true,2026-07-04 20:24:00
ft_tkt_0000589,ft_sal_000289,ft_evt_0036,General,43000,false,
ft_tkt_0000590,ft_sal_000289,ft_evt_0036,General,43000,true,2026-07-04 20:13:00
ft_tkt_0000591,ft_sal_000289,ft_evt_0036,General,43000,true,2026-07-04 19:42:00
ft_tkt_0000592,ft_sal_000289,ft_evt_0036,General,43000,true,2026-07-04 20:06:00
ft_tkt_0000593,ft_sal_000289,ft_evt_0036,General,43000,true,2026-07-04 19:37:00
ft_tkt_0000594,ft_sal_000289,ft_evt_0036,General,43000,false,
ft_tkt_0000595,ft_sal_000290,ft_evt_0036,General,47000,true,2026-07-04 19:50:00
ft_tkt_0000596,ft_sal_000291,ft_evt_0036,Preferencial,92000,true,2026-07-04 19:39:00
ft_tkt_0000597,ft_sal_000291,ft_evt_0036,Preferencial,92000,true,2026-07-04 19:15:00
ft_tkt_0000598,ft_sal_000292,ft_evt_0036,General,44000,false,
ft_tkt_0000599,ft_sal_000293,ft_evt_0036,Cortesía,0,true,2026-07-04 19:22:00
ft_tkt_0000600,ft_sal_000293,ft_evt_0036,Cortesía,0,false,
ft_tkt_0000601,ft_sal_000294,ft_evt_0036,VIP,144000,true,2026-07-04 19:35:00
ft_tkt_0000602,ft_sal_000294,ft_evt_0036,VIP,144000,true,2026-07-04 19:10:00
ft_tkt_0000603,ft_sal_000294,ft_evt_0036,VIP,144000,true,2026-07-04 20:19:00
ft_tkt_0000604,ft_sal_000295,ft_evt_0036,General,62000,true,2026-07-04 19:21:00
ft_tkt_0000605,ft_sal_000296,ft_evt_0036,General,57000,true,2026-07-04 20:09:00
ft_tkt_0000606,ft_sal_000297,ft_evt_0036,General,66000,true,2026-07-04 19:45:00
ft_tkt_0000607,ft_sal_000297,ft_evt_0036,General,66000,true,2026-07-04 20:05:00
ft_tkt_0000608,ft_sal_000297,ft_evt_0036,General,66000,true,2026-07-04 20:04:00
ft_tkt_0000609,ft_sal_000298,ft_evt_0036,General,62000,false,
ft_tkt_0000610,ft_sal_000298,ft_evt_0036,General,62000,true,2026-07-04 19:22:00
ft_tkt_0000611,ft_sal_000299,ft_evt_0036,General,54000,true,2026-07-04 20:14:00
ft_tkt_0000612,ft_sal_000299,ft_evt_0036,General,54000,true,2026-07-04 19:57:00
ft_tkt_0000613,ft_sal_000300,ft_evt_0036,General,45000,false,
ft_tkt_0000614,ft_sal_000300,ft_evt_0036,General,45000,true,2026-07-04 20:24:00
ft_tkt_0000615,ft_sal_000300,ft_evt_0036,General,45000,false,
ft_tkt_0000616,ft_sal_000301,ft_evt_0036,General,60000,true,2026-07-04 19:27:00
ft_tkt_0000617,ft_sal_000301,ft_evt_0036,General,60000,true,2026-07-04 19:11:00
ft_tkt_0000618,ft_sal_000302,ft_evt_0036,General,62000,true,2026-07-04 19:44:00
ft_tkt_0000619,ft_sal_000303,ft_evt_0036,Cortesía,0,false,
ft_tkt_0000620,ft_sal_000304,ft_evt_0036,General,58000,true,2026-07-04 20:01:00
ft_tkt_0000621,ft_sal_000304,ft_evt_0036,General,58000,true,2026-07-04 19:37:00
ft_tkt_0000622,ft_sal_000305,ft_evt_0036,Preferencial,100000,true,2026-07-04 19:51:00
ft_tkt_0000623,ft_sal_000306,ft_evt_0036,General,53000,true,2026-07-04 19:34:00
ft_tkt_0000624,ft_sal_000306,ft_evt_0036,General,53000,true,2026-07-04 19:27:00
ft_tkt_0000625,ft_sal_000307,ft_evt_0036,General,58000,true,2026-07-04 19:57:00
ft_tkt_0000626,ft_sal_000307,ft_evt_0036,General,58000,true,2026-07-04 20:05:00
ft_tkt_0000627,ft_sal_000307,ft_evt_0036,General,58000,false,
ft_tkt_0000628,ft_sal_000307,ft_evt_0036,General,58000,true,2026-07-04 19:42:00
ft_tkt_0000629,ft_sal_000308,ft_evt_0036,Preferencial,98000,true,2026-07-04 19:15:00
ft_tkt_0000630,ft_sal_000308,ft_evt_0036,Preferencial,98000,false,
ft_tkt_0000631,ft_sal_000309,ft_evt_0036,General,44000,true,2026-07-04 20:00:00
ft_tkt_0000632,ft_sal_000310,ft_evt_0036,VIP,140000,true,2026-07-04 19:25:00
ft_tkt_0000633,ft_sal_000311,ft_evt_0036,General,48000,true,2026-07-04 19:45:00
ft_tkt_0000634,ft_sal_000311,ft_evt_0036,General,48000,false,
ft_tkt_0000635,ft_sal_000311,ft_evt_0036,General,48000,true,2026-07-04 19:23:00
ft_tkt_0000636,ft_sal_000312,ft_evt_0036,Cortesía,0,false,
ft_tkt_0000637,ft_sal_000312,ft_evt_0036,Cortesía,0,false,
ft_tkt_0000638,ft_sal_000312,ft_evt_0036,Cortesía,0,true,2026-07-04 19:13:00
ft_tkt_0000639,ft_sal_000312,ft_evt_0036,Cortesía,0,false,
ft_tkt_0000640,ft_sal_000313,ft_evt_0036,General,45000,true,2026-07-04 20:19:00
ft_tkt_0000641,ft_sal_000314,ft_evt_0036,VIP,152000,true,2026-07-04 20:22:00
ft_tkt_0000642,ft_sal_000315,ft_evt_0036,General,46000,false,
ft_tkt_0000643,ft_sal_000315,ft_evt_0036,General,46000,true,2026-07-04 19:30:00
ft_tkt_0000644,ft_sal_000316,ft_evt_0036,Preferencial,94000,true,2026-07-04 19:26:00
ft_tkt_0000645,ft_sal_000317,ft_evt_0036,Cortesía,0,true,2026-07-04 19:17:00
ft_tkt_0000646,ft_sal_000317,ft_evt_0036,Cortesía,0,false,
ft_tkt_0000647,ft_sal_000318,ft_evt_0036,General,43000,true,2026-07-04 19:46:00
ft_tkt_0000648,ft_sal_000318,ft_evt_0036,General,43000,true,2026-07-04 19:57:00
ft_tkt_0000649,ft_sal_000319,ft_evt_0036,General,63000,true,2026-07-04 20:23:00
ft_tkt_0000650,ft_sal_000320,ft_evt_0036,General,59000,true,2026-07-04 19:31:00
ft_tkt_0000651,ft_sal_000320,ft_evt_0036,General,59000,true,2026-07-04 19:51:00
ft_tkt_0000652,ft_sal_000321,ft_evt_0036,General,62000,true,2026-07-04 19:59:00
ft_tkt_0000653,ft_sal_000322,ft_evt_0036,VIP,140000,false,
ft_tkt_0000654,ft_sal_000323,ft_evt_0036,General,43000,true,2026-07-04 20:25:00
ft_tkt_0000655,ft_sal_000324,ft_evt_0036,Cortesía,0,true,2026-07-04 20:20:00
ft_tkt_0000656,ft_sal_000325,ft_evt_0036,General,60000,true,2026-07-04 19:17:00
ft_tkt_0000657,ft_sal_000325,ft_evt_0036,General,60000,true,2026-07-04 20:00:00
ft_tkt_0000658,ft_sal_000326,ft_evt_0036,General,42000,true,2026-07-04 20:06:00
ft_tkt_0000659,ft_sal_000327,ft_evt_0036,General,43000,true,2026-07-04 20:01:00
ft_tkt_0000660,ft_sal_000327,ft_evt_0036,General,43000,true,2026-07-04 19:49:00
ft_tkt_0000661,ft_sal_000327,ft_evt_0036,General,43000,true,2026-07-04 19:37:00
ft_tkt_0000662,ft_sal_000327,ft_evt_0036,General,43000,true,2026-07-04 20:00:00
ft_tkt_0000663,ft_sal_000327,ft_evt_0036,General,43000,true,2026-07-04 19:13:00
ft_tkt_0000664,ft_sal_000327,ft_evt_0036,General,43000,true,2026-07-04 20:20:00
ft_tkt_0000665,ft_sal_000328,ft_evt_0036,General,45000,false,
ft_tkt_0000666,ft_sal_000329,ft_evt_0036,Preferencial,95000,true,2026-07-04 19:59:00
ft_tkt_0000667,ft_sal_000330,ft_evt_0036,General,65000,true,2026-07-04 19:27:00
ft_tkt_0000668,ft_sal_000330,ft_evt_0036,General,65000,false,
ft_tkt_0000669,ft_sal_000331,ft_evt_0036,Preferencial,96000,true,2026-07-04 20:00:00
ft_tkt_0000670,ft_sal_000331,ft_evt_0036,Preferencial,96000,true,2026-07-04 19:12:00
ft_tkt_0000671,ft_sal_000332,ft_evt_0036,General,42000,false,
ft_tkt_0000672,ft_sal_000332,ft_evt_0036,General,42000,true,2026-07-04 20:14:00
ft_tkt_0000673,ft_sal_000333,ft_evt_0036,Preferencial,92000,true,2026-07-04 19:10:00
ft_tkt_0000674,ft_sal_000333,ft_evt_0036,Preferencial,92000,true,2026-07-04 20:19:00
ft_tkt_0000675,ft_sal_000334,ft_evt_0036,General,45000,true,2026-07-04 20:08:00
ft_tkt_0000676,ft_sal_000335,ft_evt_0036,General,44000,true,2026-07-04 19:18:00
ft_tkt_0000677,ft_sal_000336,ft_evt_0036,General,48000,false,
ft_tkt_0000678,ft_sal_000337,ft_evt_0036,General,51000,true,2026-07-04 19:28:00
ft_tkt_0000679,ft_sal_000337,ft_evt_0036,General,51000,false,
ft_tkt_0000680,ft_sal_000338,ft_evt_0036,Preferencial,96000,true,2026-07-04 19:29:00
ft_tkt_0000681,ft_sal_000338,ft_evt_0036,Preferencial,96000,true,2026-07-04 20:05:00
ft_tkt_0000682,ft_sal_000339,ft_evt_0036,VIP,134000,true,2026-07-04 20:22:00
ft_tkt_0000683,ft_sal_000339,ft_evt_0036,VIP,134000,true,2026-07-04 20:21:00
ft_tkt_0000684,ft_sal_000340,ft_evt_0036,General,47000,true,2026-07-04 19:27:00
ft_tkt_0000685,ft_sal_000340,ft_evt_0036,General,47000,true,2026-07-04 19:26:00
ft_tkt_0000686,ft_sal_000341,ft_evt_0036,Preferencial,95000,true,2026-07-04 20:02:00
ft_tkt_0000687,ft_sal_000342,ft_evt_0036,General,46000,false,
ft_tkt_0000688,ft_sal_000343,ft_evt_0036,Preferencial,87000,true,2026-07-04 20:23:00
ft_tkt_0000689,ft_sal_000343,ft_evt_0036,Preferencial,87000,true,2026-07-04 19:51:00
ft_tkt_0000690,ft_sal_000343,ft_evt_0036,Preferencial,87000,true,2026-07-04 20:12:00
ft_tkt_0000691,ft_sal_000343,ft_evt_0036,Preferencial,87000,false,
ft_tkt_0000692,ft_sal_000344,ft_evt_0036,General,61000,false,
ft_tkt_0000693,ft_sal_000344,ft_evt_0036,General,61000,true,2026-07-04 19:20:00
ft_tkt_0000694,ft_sal_000345,ft_evt_0036,General,45000,false,
ft_tkt_0000695,ft_sal_000346,ft_evt_0036,General,46000,false,
ft_tkt_0000696,ft_sal_000347,ft_evt_0036,Preferencial,97000,true,2026-07-04 20:00:00
ft_tkt_0000697,ft_sal_000347,ft_evt_0036,Preferencial,97000,true,2026-07-04 19:35:00
ft_tkt_0000698,ft_sal_000347,ft_evt_0036,Preferencial,97000,true,2026-07-04 20:11:00
ft_tkt_0000699,ft_sal_000348,ft_evt_0036,General,43000,true,2026-07-04 20:14:00
ft_tkt_0000700,ft_sal_000349,ft_evt_0036,General,44000,true,2026-07-04 19:25:00
ft_tkt_0000701,ft_sal_000349,ft_evt_0036,General,44000,true,2026-07-04 19:34:00
ft_tkt_0000702,ft_sal_000349,ft_evt_0036,General,44000,false,
ft_tkt_0000703,ft_sal_000349,ft_evt_0036,General,44000,false,
ft_tkt_0000704,ft_sal_000350,ft_evt_0036,Preferencial,89000,true,2026-07-04 20:25:00
ft_tkt_0000705,ft_sal_000351,ft_evt_0036,Cortesía,0,false,
ft_tkt_0000706,ft_sal_000352,ft_evt_0036,General,43000,true,2026-07-04 20:03:00
ft_tkt_0000707,ft_sal_000352,ft_evt_0036,General,43000,true,2026-07-04 19:19:00
ft_tkt_0000708,ft_sal_000353,ft_evt_0036,General,50000,true,2026-07-04 20:14:00
ft_tkt_0000709,ft_sal_000353,ft_evt_0036,General,50000,false,
ft_tkt_0000710,ft_sal_000354,ft_evt_0036,General,57000,true,2026-07-04 19:13:00
ft_tkt_0000711,ft_sal_000355,ft_evt_0036,General,59000,true,2026-07-04 19:44:00
ft_tkt_0000712,ft_sal_000356,ft_evt_0036,Cortesía,0,true,2026-07-04 19:59:00
ft_tkt_0000713,ft_sal_000356,ft_evt_0036,Cortesía,0,true,2026-07-04 19:58:00
ft_tkt_0000714,ft_sal_000357,ft_evt_0036,General,64000,true,2026-07-04 19:17:00
ft_tkt_0000715,ft_sal_000358,ft_evt_0010,Preferencial,103000,false,
ft_tkt_0000716,ft_sal_000359,ft_evt_0010,Cortesía,0,false,
ft_tkt_0000717,ft_sal_000360,ft_evt_0010,Preferencial,92000,true,2026-07-07 20:22:00
ft_tkt_0000718,ft_sal_000360,ft_evt_0010,Preferencial,92000,false,
ft_tkt_0000719,ft_sal_000361,ft_evt_0010,General,43000,true,2026-07-07 20:01:00
ft_tkt_0000720,ft_sal_000361,ft_evt_0010,General,43000,false,
ft_tkt_0000721,ft_sal_000362,ft_evt_0010,General,48000,false,
ft_tkt_0000722,ft_sal_000363,ft_evt_0010,General,64000,true,2026-07-07 19:18:00
ft_tkt_0000723,ft_sal_000364,ft_evt_0010,General,63000,true,2026-07-07 20:24:00
ft_tkt_0000724,ft_sal_000365,ft_evt_0010,General,66000,false,
ft_tkt_0000725,ft_sal_000365,ft_evt_0010,General,66000,true,2026-07-07 19:22:00
ft_tkt_0000726,ft_sal_000366,ft_evt_0010,General,57000,true,2026-07-07 19:25:00
ft_tkt_0000727,ft_sal_000366,ft_evt_0010,General,57000,false,
ft_tkt_0000728,ft_sal_000366,ft_evt_0010,General,57000,false,
ft_tkt_0000729,ft_sal_000366,ft_evt_0010,General,57000,false,
ft_tkt_0000730,ft_sal_000367,ft_evt_0010,General,64000,true,2026-07-07 19:39:00
ft_tkt_0000731,ft_sal_000368,ft_evt_0010,General,42000,true,2026-07-07 20:08:00
ft_tkt_0000732,ft_sal_000368,ft_evt_0010,General,42000,false,
ft_tkt_0000733,ft_sal_000369,ft_evt_0010,General,46000,true,2026-07-07 19:57:00
ft_tkt_0000734,ft_sal_000369,ft_evt_0010,General,46000,true,2026-07-07 19:47:00
ft_tkt_0000735,ft_sal_000369,ft_evt_0010,General,46000,true,2026-07-07 20:09:00
ft_tkt_0000736,ft_sal_000370,ft_evt_0010,Preferencial,98000,false,
ft_tkt_0000737,ft_sal_000371,ft_evt_0010,General,61000,true,2026-07-07 19:49:00
ft_tkt_0000738,ft_sal_000371,ft_evt_0010,General,61000,true,2026-07-07 19:12:00
ft_tkt_0000739,ft_sal_000371,ft_evt_0010,General,61000,false,
ft_tkt_0000740,ft_sal_000371,ft_evt_0010,General,61000,false,
ft_tkt_0000741,ft_sal_000371,ft_evt_0010,General,61000,false,
ft_tkt_0000742,ft_sal_000371,ft_evt_0010,General,61000,true,2026-07-07 19:49:00
ft_tkt_0000743,ft_sal_000372,ft_evt_0010,General,58000,true,2026-07-07 19:10:00
ft_tkt_0000744,ft_sal_000373,ft_evt_0010,General,55000,false,
ft_tkt_0000745,ft_sal_000374,ft_evt_0010,General,58000,true,2026-07-07 20:11:00
ft_tkt_0000746,ft_sal_000375,ft_evt_0010,General,58000,true,2026-07-07 20:18:00
ft_tkt_0000747,ft_sal_000375,ft_evt_0010,General,58000,false,
ft_tkt_0000748,ft_sal_000375,ft_evt_0010,General,58000,true,2026-07-07 19:48:00
ft_tkt_0000749,ft_sal_000376,ft_evt_0010,General,56000,true,2026-07-07 19:44:00
ft_tkt_0000750,ft_sal_000376,ft_evt_0010,General,56000,true,2026-07-07 19:30:00
ft_tkt_0000751,ft_sal_000376,ft_evt_0010,General,56000,false,
ft_tkt_0000752,ft_sal_000377,ft_evt_0010,Cortesía,0,false,
ft_tkt_0000753,ft_sal_000377,ft_evt_0010,Cortesía,0,false,
ft_tkt_0000754,ft_sal_000378,ft_evt_0010,VIP,126000,false,
ft_tkt_0000755,ft_sal_000379,ft_evt_0010,Cortesía,0,false,
ft_tkt_0000756,ft_sal_000380,ft_evt_0010,General,63000,true,2026-07-07 19:56:00
ft_tkt_0000757,ft_sal_000381,ft_evt_0010,Preferencial,90000,true,2026-07-07 20:24:00
ft_tkt_0000758,ft_sal_000382,ft_evt_0010,General,46000,true,2026-07-07 19:48:00
ft_tkt_0000759,ft_sal_000383,ft_evt_0010,VIP,144000,false,
ft_tkt_0000760,ft_sal_000383,ft_evt_0010,VIP,144000,true,2026-07-07 19:57:00
ft_tkt_0000761,ft_sal_000384,ft_evt_0010,General,42000,true,2026-07-07 19:20:00
ft_tkt_0000762,ft_sal_000385,ft_evt_0010,Preferencial,91000,true,2026-07-07 20:13:00
ft_tkt_0000763,ft_sal_000386,ft_evt_0010,VIP,147000,true,2026-07-07 20:11:00
ft_tkt_0000764,ft_sal_000387,ft_evt_0010,VIP,145000,true,2026-07-07 19:18:00
ft_tkt_0000765,ft_sal_000388,ft_evt_0010,Preferencial,93000,false,
ft_tkt_0000766,ft_sal_000388,ft_evt_0010,Preferencial,93000,false,
ft_tkt_0000767,ft_sal_000389,ft_evt_0010,Preferencial,97000,true,2026-07-07 20:17:00
ft_tkt_0000768,ft_sal_000390,ft_evt_0010,VIP,136000,false,
ft_tkt_0000769,ft_sal_000391,ft_evt_0010,General,43000,true,2026-07-07 20:08:00
ft_tkt_0000770,ft_sal_000391,ft_evt_0010,General,43000,true,2026-07-07 19:46:00
ft_tkt_0000771,ft_sal_000391,ft_evt_0010,General,43000,false,
ft_tkt_0000772,ft_sal_000391,ft_evt_0010,General,43000,false,
ft_tkt_0000773,ft_sal_000392,ft_evt_0010,General,58000,false,
ft_tkt_0000774,ft_sal_000393,ft_evt_0010,VIP,136000,true,2026-07-07 20:12:00
ft_tkt_0000775,ft_sal_000393,ft_evt_0010,VIP,136000,true,2026-07-07 20:21:00
ft_tkt_0000776,ft_sal_000393,ft_evt_0010,VIP,136000,false,
ft_tkt_0000777,ft_sal_000393,ft_evt_0010,VIP,136000,false,
ft_tkt_0000778,ft_sal_000394,ft_evt_0010,General,60000,false,
ft_tkt_0000779,ft_sal_000394,ft_evt_0010,General,60000,true,2026-07-07 19:11:00
ft_tkt_0000780,ft_sal_000394,ft_evt_0010,General,60000,true,2026-07-07 19:38:00
ft_tkt_0000781,ft_sal_000394,ft_evt_0010,General,60000,false,
ft_tkt_0000782,ft_sal_000394,ft_evt_0010,General,60000,true,2026-07-07 20:19:00
ft_tkt_0000783,ft_sal_000394,ft_evt_0010,General,60000,true,2026-07-07 19:11:00
ft_tkt_0000784,ft_sal_000395,ft_evt_0010,Cortesía,0,false,
ft_tkt_0000785,ft_sal_000396,ft_evt_0010,VIP,139000,false,
ft_tkt_0000786,ft_sal_000396,ft_evt_0010,VIP,139000,false,
ft_tkt_0000787,ft_sal_000396,ft_evt_0010,VIP,139000,true,2026-07-07 19:48:00
ft_tkt_0000788,ft_sal_000396,ft_evt_0010,VIP,139000,false,
ft_tkt_0000789,ft_sal_000397,ft_evt_0010,Preferencial,92000,true,2026-07-07 20:10:00
ft_tkt_0000790,ft_sal_000397,ft_evt_0010,Preferencial,92000,true,2026-07-07 20:25:00
ft_tkt_0000791,ft_sal_000398,ft_evt_0010,Preferencial,89000,true,2026-07-07 20:08:00
ft_tkt_0000792,ft_sal_000399,ft_evt_0010,Preferencial,97000,false,
ft_tkt_0000793,ft_sal_000399,ft_evt_0010,Preferencial,97000,true,2026-07-07 20:16:00
ft_tkt_0000794,ft_sal_000400,ft_evt_0010,Preferencial,99000,false,
ft_tkt_0000795,ft_sal_000400,ft_evt_0010,Preferencial,99000,true,2026-07-07 19:47:00
ft_tkt_0000796,ft_sal_000401,ft_evt_0010,General,46000,false,
ft_tkt_0000797,ft_sal_000402,ft_evt_0010,General,43000,true,2026-07-07 19:43:00
ft_tkt_0000798,ft_sal_000403,ft_evt_0010,General,46000,true,2026-07-07 19:16:00
ft_tkt_0000799,ft_sal_000403,ft_evt_0010,General,46000,true,2026-07-07 19:19:00
ft_tkt_0000800,ft_sal_000403,ft_evt_0010,General,46000,true,2026-07-07 19:15:00
ft_tkt_0000801,ft_sal_000404,ft_evt_0010,General,59000,false,
ft_tkt_0000802,ft_sal_000405,ft_evt_0010,Preferencial,92000,true,2026-07-07 20:07:00
ft_tkt_0000803,ft_sal_000406,ft_evt_0010,General,60000,true,2026-07-07 20:15:00
ft_tkt_0000804,ft_sal_000406,ft_evt_0010,General,60000,true,2026-07-07 19:11:00
ft_tkt_0000805,ft_sal_000407,ft_evt_0010,General,46000,false,
ft_tkt_0000806,ft_sal_000408,ft_evt_0010,General,62000,false,
ft_tkt_0000807,ft_sal_000408,ft_evt_0010,General,62000,true,2026-07-07 20:08:00
ft_tkt_0000808,ft_sal_000409,ft_evt_0010,Preferencial,97000,true,2026-07-07 20:12:00
ft_tkt_0000809,ft_sal_000410,ft_evt_0010,Preferencial,97000,false,
ft_tkt_0000810,ft_sal_000411,ft_evt_0010,General,59000,false,
ft_tkt_0000811,ft_sal_000411,ft_evt_0010,General,59000,true,2026-07-07 19:13:00
ft_tkt_0000812,ft_sal_000412,ft_evt_0010,Cortesía,0,false,
ft_tkt_0000813,ft_sal_000412,ft_evt_0010,Cortesía,0,false,
ft_tkt_0000814,ft_sal_000413,ft_evt_0010,General,59000,false,
ft_tkt_0000815,ft_sal_000414,ft_evt_0010,General,42000,true,2026-07-07 19:48:00
ft_tkt_0000816,ft_sal_000415,ft_evt_0010,Preferencial,95000,false,
ft_tkt_0000817,ft_sal_000415,ft_evt_0010,Preferencial,95000,false,
ft_tkt_0000818,ft_sal_000416,ft_evt_0010,VIP,135000,true,2026-07-07 20:01:00
ft_tkt_0000819,ft_sal_000417,ft_evt_0010,Preferencial,100000,false,
ft_tkt_0000820,ft_sal_000417,ft_evt_0010,Preferencial,100000,true,2026-07-07 20:11:00
ft_tkt_0000821,ft_sal_000418,ft_evt_0010,General,44000,true,2026-07-07 19:14:00
ft_tkt_0000822,ft_sal_000418,ft_evt_0010,General,44000,true,2026-07-07 20:16:00
ft_tkt_0000823,ft_sal_000419,ft_evt_0010,Preferencial,92000,true,2026-07-07 19:41:00
ft_tkt_0000824,ft_sal_000419,ft_evt_0010,Preferencial,92000,true,2026-07-07 20:20:00
ft_tkt_0000825,ft_sal_000420,ft_evt_0010,Preferencial,104000,false,
ft_tkt_0000826,ft_sal_000421,ft_evt_0010,General,56000,false,
ft_tkt_0000827,ft_sal_000422,ft_evt_0010,Preferencial,101000,false,
ft_tkt_0000828,ft_sal_000422,ft_evt_0010,Preferencial,101000,true,2026-07-07 19:24:00
ft_tkt_0000829,ft_sal_000422,ft_evt_0010,Preferencial,101000,true,2026-07-07 20:19:00
ft_tkt_0000830,ft_sal_000423,ft_evt_0010,Preferencial,95000,false,
ft_tkt_0000831,ft_sal_000423,ft_evt_0010,Preferencial,95000,false,
ft_tkt_0000832,ft_sal_000424,ft_evt_0010,General,55000,true,2026-07-07 19:37:00
ft_tkt_0000833,ft_sal_000425,ft_evt_0010,VIP,133000,false,
ft_tkt_0000834,ft_sal_000425,ft_evt_0010,VIP,133000,false,
ft_tkt_0000835,ft_sal_000426,ft_evt_0010,General,60000,true,2026-07-07 19:58:00
ft_tkt_0000836,ft_sal_000426,ft_evt_0010,General,60000,false,
ft_tkt_0000837,ft_sal_000426,ft_evt_0010,General,60000,false,
ft_tkt_0000838,ft_sal_000426,ft_evt_0010,General,60000,true,2026-07-07 20:24:00
ft_tkt_0000839,ft_sal_000427,ft_evt_0010,General,66000,false,
ft_tkt_0000840,ft_sal_000427,ft_evt_0010,General,66000,false,
ft_tkt_0000841,ft_sal_000428,ft_evt_0010,General,40000,false,
ft_tkt_0000842,ft_sal_000429,ft_evt_0010,Cortesía,0,false,
ft_tkt_0000843,ft_sal_000429,ft_evt_0010,Cortesía,0,false,
ft_tkt_0000844,ft_sal_000429,ft_evt_0010,Cortesía,0,false,
ft_tkt_0000845,ft_sal_000430,ft_evt_0010,VIP,136000,true,2026-07-07 20:10:00
ft_tkt_0000846,ft_sal_000430,ft_evt_0010,VIP,136000,false,
ft_tkt_0000847,ft_sal_000431,ft_evt_0010,VIP,143000,false,
ft_tkt_0000848,ft_sal_000432,ft_evt_0010,Cortesía,0,false,
ft_tkt_0000849,ft_sal_000433,ft_evt_0010,General,60000,true,2026-07-07 19:28:00
ft_tkt_0000850,ft_sal_000434,ft_evt_0010,General,45000,false,
ft_tkt_0000851,ft_sal_000434,ft_evt_0010,General,45000,true,2026-07-07 19:17:00
ft_tkt_0000852,ft_sal_000435,ft_evt_0010,General,60000,false,
ft_tkt_0000853,ft_sal_000435,ft_evt_0010,General,60000,true,2026-07-07 19:24:00
ft_tkt_0000854,ft_sal_000435,ft_evt_0010,General,60000,true,2026-07-07 19:16:00
ft_tkt_0000855,ft_sal_000436,ft_evt_0010,General,50000,false,
ft_tkt_0000856,ft_sal_000437,ft_evt_0010,General,61000,true,2026-07-07 19:40:00
ft_tkt_0000857,ft_sal_000438,ft_evt_0010,General,48000,false,
ft_tkt_0000858,ft_sal_000438,ft_evt_0010,General,48000,false,
ft_tkt_0000859,ft_sal_000438,ft_evt_0010,General,48000,false,
ft_tkt_0000860,ft_sal_000439,ft_evt_0010,Preferencial,98000,true,2026-07-07 19:47:00
ft_tkt_0000861,ft_sal_000439,ft_evt_0010,Preferencial,98000,true,2026-07-07 19:35:00
ft_tkt_0000862,ft_sal_000440,ft_evt_0010,Preferencial,87000,false,
ft_tkt_0000863,ft_sal_000441,ft_evt_0010,General,43000,false,
ft_tkt_0000864,ft_sal_000441,ft_evt_0010,General,43000,false,
ft_tkt_0000865,ft_sal_000441,ft_evt_0010,General,43000,false,
ft_tkt_0000866,ft_sal_000442,ft_evt_0010,General,41000,true,2026-07-07 19:30:00
ft_tkt_0000867,ft_sal_000442,ft_evt_0010,General,41000,false,
ft_tkt_0000868,ft_sal_000443,ft_evt_0010,Preferencial,89000,true,2026-07-07 20:11:00
ft_tkt_0000869,ft_sal_000444,ft_evt_0010,General,44000,false,
ft_tkt_0000870,ft_sal_000444,ft_evt_0010,General,44000,true,2026-07-07 19:30:00
ft_tkt_0000871,ft_sal_000445,ft_evt_0010,Cortesía,0,false,
ft_tkt_0000872,ft_sal_000446,ft_evt_0010,VIP,153000,false,
ft_tkt_0000873,ft_sal_000446,ft_evt_0010,VIP,153000,false,
ft_tkt_0000874,ft_sal_000447,ft_evt_0010,General,43000,false,
ft_tkt_0000875,ft_sal_000448,ft_evt_0010,General,45000,false,
ft_tkt_0000876,ft_sal_000448,ft_evt_0010,General,45000,true,2026-07-07 19:59:00
ft_tkt_0000877,ft_sal_000448,ft_evt_0010,General,45000,true,2026-07-07 19:19:00
ft_tkt_0000878,ft_sal_000449,ft_evt_0010,General,57000,false,
ft_tkt_0000879,ft_sal_000449,ft_evt_0010,General,57000,false,
ft_tkt_0000880,ft_sal_000450,ft_evt_0010,General,63000,true,2026-07-07 20:09:00
ft_tkt_0000881,ft_sal_000450,ft_evt_0010,General,63000,false,
ft_tkt_0000882,ft_sal_000450,ft_evt_0010,General,63000,true,2026-07-07 20:17:00
ft_tkt_0000883,ft_sal_000450,ft_evt_0010,General,63000,false,
ft_tkt_0000884,ft_sal_000450,ft_evt_0010,General,63000,false,
ft_tkt_0000885,ft_sal_000450,ft_evt_0010,General,63000,true,2026-07-07 19:46:00
ft_tkt_0000886,ft_sal_000451,ft_evt_0010,General,55000,false,
ft_tkt_0000887,ft_sal_000452,ft_evt_0010,Cortesía,0,false,
ft_tkt_0000888,ft_sal_000452,ft_evt_0010,Cortesía,0,true,2026-07-07 20:17:00
ft_tkt_0000889,ft_sal_000453,ft_evt_0010,Cortesía,0,false,
ft_tkt_0000890,ft_sal_000454,ft_evt_0010,General,62000,true,2026-07-07 19:34:00
ft_tkt_0000891,ft_sal_000455,ft_evt_0010,Preferencial,99000,true,2026-07-07 19:40:00
ft_tkt_0000892,ft_sal_000456,ft_evt_0010,Preferencial,93000,false,
ft_tkt_0000893,ft_sal_000457,ft_evt_0010,Preferencial,89000,true,2026-07-07 19:35:00
ft_tkt_0000894,ft_sal_000457,ft_evt_0010,Preferencial,89000,true,2026-07-07 19:40:00
ft_tkt_0000895,ft_sal_000458,ft_evt_0051,General,61000,true,2026-07-07 19:53:00
ft_tkt_0000896,ft_sal_000459,ft_evt_0051,Preferencial,98000,true,2026-07-07 20:15:00
ft_tkt_0000897,ft_sal_000459,ft_evt_0051,Preferencial,98000,true,2026-07-07 19:44:00
ft_tkt_0000898,ft_sal_000460,ft_evt_0051,General,43000,false,
ft_tkt_0000899,ft_sal_000461,ft_evt_0051,General,59000,true,2026-07-07 19:43:00
ft_tkt_0000900,ft_sal_000462,ft_evt_0051,General,48000,true,2026-07-07 19:16:00
ft_tkt_0000901,ft_sal_000463,ft_evt_0051,Cortesía,0,false,
ft_tkt_0000902,ft_sal_000463,ft_evt_0051,Cortesía,0,true,2026-07-07 19:28:00
ft_tkt_0000903,ft_sal_000464,ft_evt_0051,General,45000,false,
ft_tkt_0000904,ft_sal_000464,ft_evt_0051,General,45000,false,
ft_tkt_0000905,ft_sal_000464,ft_evt_0051,General,45000,true,2026-07-07 19:56:00
ft_tkt_0000906,ft_sal_000464,ft_evt_0051,General,45000,true,2026-07-07 20:15:00
ft_tkt_0000907,ft_sal_000465,ft_evt_0051,General,43000,true,2026-07-07 19:33:00
ft_tkt_0000908,ft_sal_000465,ft_evt_0051,General,43000,true,2026-07-07 20:11:00
ft_tkt_0000909,ft_sal_000466,ft_evt_0051,General,60000,false,
ft_tkt_0000910,ft_sal_000467,ft_evt_0051,Preferencial,99000,true,2026-07-07 19:58:00
ft_tkt_0000911,ft_sal_000467,ft_evt_0051,Preferencial,99000,true,2026-07-07 20:02:00
ft_tkt_0000912,ft_sal_000468,ft_evt_0051,General,56000,true,2026-07-07 19:38:00
ft_tkt_0000913,ft_sal_000469,ft_evt_0051,General,49000,true,2026-07-07 19:26:00
ft_tkt_0000914,ft_sal_000469,ft_evt_0051,General,49000,true,2026-07-07 20:13:00
ft_tkt_0000915,ft_sal_000470,ft_evt_0051,Cortesía,0,false,
ft_tkt_0000916,ft_sal_000471,ft_evt_0051,VIP,152000,true,2026-07-07 19:46:00
ft_tkt_0000917,ft_sal_000471,ft_evt_0051,VIP,152000,true,2026-07-07 19:59:00
ft_tkt_0000918,ft_sal_000471,ft_evt_0051,VIP,152000,true,2026-07-07 19:25:00
ft_tkt_0000919,ft_sal_000472,ft_evt_0051,General,45000,true,2026-07-07 19:37:00
ft_tkt_0000920,ft_sal_000472,ft_evt_0051,General,45000,true,2026-07-07 20:25:00
ft_tkt_0000921,ft_sal_000473,ft_evt_0051,VIP,129000,true,2026-07-07 19:10:00
ft_tkt_0000922,ft_sal_000473,ft_evt_0051,VIP,129000,true,2026-07-07 20:05:00
ft_tkt_0000923,ft_sal_000474,ft_evt_0051,Preferencial,97000,true,2026-07-07 19:15:00
ft_tkt_0000924,ft_sal_000475,ft_evt_0051,General,55000,true,2026-07-07 19:32:00
ft_tkt_0000925,ft_sal_000475,ft_evt_0051,General,55000,true,2026-07-07 20:01:00
ft_tkt_0000926,ft_sal_000476,ft_evt_0051,General,42000,false,
ft_tkt_0000927,ft_sal_000477,ft_evt_0051,Cortesía,0,true,2026-07-07 20:23:00
ft_tkt_0000928,ft_sal_000477,ft_evt_0051,Cortesía,0,false,
ft_tkt_0000929,ft_sal_000478,ft_evt_0051,Cortesía,0,true,2026-07-07 19:24:00
ft_tkt_0000930,ft_sal_000479,ft_evt_0051,General,58000,true,2026-07-07 19:10:00
ft_tkt_0000931,ft_sal_000480,ft_evt_0051,Preferencial,93000,true,2026-07-07 20:15:00
ft_tkt_0000932,ft_sal_000480,ft_evt_0051,Preferencial,93000,false,
ft_tkt_0000933,ft_sal_000481,ft_evt_0051,General,45000,true,2026-07-07 19:37:00
ft_tkt_0000934,ft_sal_000481,ft_evt_0051,General,45000,true,2026-07-07 19:18:00
ft_tkt_0000935,ft_sal_000482,ft_evt_0051,General,44000,false,
ft_tkt_0000936,ft_sal_000483,ft_evt_0051,General,44000,true,2026-07-07 20:05:00
ft_tkt_0000937,ft_sal_000484,ft_evt_0051,Cortesía,0,false,
ft_tkt_0000938,ft_sal_000484,ft_evt_0051,Cortesía,0,true,2026-07-07 20:08:00
ft_tkt_0000939,ft_sal_000484,ft_evt_0051,Cortesía,0,false,
ft_tkt_0000940,ft_sal_000485,ft_evt_0051,VIP,133000,true,2026-07-07 20:00:00
ft_tkt_0000941,ft_sal_000486,ft_evt_0051,General,43000,true,2026-07-07 19:47:00
ft_tkt_0000942,ft_sal_000487,ft_evt_0051,Preferencial,88000,true,2026-07-07 19:26:00
ft_tkt_0000943,ft_sal_000487,ft_evt_0051,Preferencial,88000,true,2026-07-07 19:39:00
ft_tkt_0000944,ft_sal_000488,ft_evt_0051,General,43000,true,2026-07-07 19:45:00
ft_tkt_0000945,ft_sal_000488,ft_evt_0051,General,43000,true,2026-07-07 20:16:00
ft_tkt_0000946,ft_sal_000488,ft_evt_0051,General,43000,true,2026-07-07 19:16:00
ft_tkt_0000947,ft_sal_000489,ft_evt_0051,General,45000,false,
ft_tkt_0000948,ft_sal_000489,ft_evt_0051,General,45000,true,2026-07-07 19:25:00
ft_tkt_0000949,ft_sal_000489,ft_evt_0051,General,45000,false,
ft_tkt_0000950,ft_sal_000490,ft_evt_0051,VIP,132000,true,2026-07-07 19:56:00
ft_tkt_0000951,ft_sal_000491,ft_evt_0051,VIP,142000,true,2026-07-07 19:21:00
ft_tkt_0000952,ft_sal_000491,ft_evt_0051,VIP,142000,true,2026-07-07 20:15:00
ft_tkt_0000953,ft_sal_000492,ft_evt_0051,Preferencial,83000,true,2026-07-07 20:09:00
ft_tkt_0000954,ft_sal_000492,ft_evt_0051,Preferencial,83000,true,2026-07-07 20:21:00
ft_tkt_0000955,ft_sal_000493,ft_evt_0051,General,59000,true,2026-07-07 19:17:00
ft_tkt_0000956,ft_sal_000494,ft_evt_0051,General,46000,true,2026-07-07 19:28:00
ft_tkt_0000957,ft_sal_000494,ft_evt_0051,General,46000,true,2026-07-07 19:12:00
ft_tkt_0000958,ft_sal_000495,ft_evt_0051,General,64000,true,2026-07-07 19:45:00
ft_tkt_0000959,ft_sal_000496,ft_evt_0051,Cortesía,0,false,
ft_tkt_0000960,ft_sal_000497,ft_evt_0051,Preferencial,87000,true,2026-07-07 19:52:00
ft_tkt_0000961,ft_sal_000498,ft_evt_0051,Preferencial,89000,false,
ft_tkt_0000962,ft_sal_000498,ft_evt_0051,Preferencial,89000,true,2026-07-07 20:06:00
ft_tkt_0000963,ft_sal_000498,ft_evt_0051,Preferencial,89000,true,2026-07-07 19:31:00
ft_tkt_0000964,ft_sal_000498,ft_evt_0051,Preferencial,89000,true,2026-07-07 19:43:00
ft_tkt_0000965,ft_sal_000498,ft_evt_0051,Preferencial,89000,true,2026-07-07 19:49:00
ft_tkt_0000966,ft_sal_000498,ft_evt_0051,Preferencial,89000,true,2026-07-07 19:58:00
ft_tkt_0000967,ft_sal_000499,ft_evt_0051,Preferencial,95000,true,2026-07-07 20:08:00
ft_tkt_0000968,ft_sal_000499,ft_evt_0051,Preferencial,95000,true,2026-07-07 19:49:00
ft_tkt_0000969,ft_sal_000500,ft_evt_0051,VIP,137000,false,
ft_tkt_0000970,ft_sal_000500,ft_evt_0051,VIP,137000,true,2026-07-07 19:18:00
ft_tkt_0000971,ft_sal_000500,ft_evt_0051,VIP,137000,false,
ft_tkt_0000972,ft_sal_000501,ft_evt_0051,VIP,154000,true,2026-07-07 20:19:00
ft_tkt_0000973,ft_sal_000502,ft_evt_0051,General,46000,false,
ft_tkt_0000974,ft_sal_000502,ft_evt_0051,General,46000,false,
ft_tkt_0000975,ft_sal_000503,ft_evt_0051,Cortesía,0,true,2026-07-07 19:56:00
ft_tkt_0000976,ft_sal_000504,ft_evt_0051,General,61000,true,2026-07-07 19:11:00
ft_tkt_0000977,ft_sal_000504,ft_evt_0051,General,61000,true,2026-07-07 19:19:00
ft_tkt_0000978,ft_sal_000505,ft_evt_0051,General,55000,true,2026-07-07 20:04:00
ft_tkt_0000979,ft_sal_000505,ft_evt_0051,General,55000,false,
ft_tkt_0000980,ft_sal_000506,ft_evt_0051,General,46000,true,2026-07-07 20:01:00
ft_tkt_0000981,ft_sal_000507,ft_evt_0051,General,68000,false,
ft_tkt_0000982,ft_sal_000507,ft_evt_0051,General,68000,true,2026-07-07 20:18:00
ft_tkt_0000983,ft_sal_000507,ft_evt_0051,General,68000,true,2026-07-07 19:40:00
ft_tkt_0000984,ft_sal_000508,ft_evt_0051,VIP,147000,true,2026-07-07 19:19:00
ft_tkt_0000985,ft_sal_000508,ft_evt_0051,VIP,147000,true,2026-07-07 19:34:00
ft_tkt_0000986,ft_sal_000508,ft_evt_0051,VIP,147000,false,
ft_tkt_0000987,ft_sal_000509,ft_evt_0051,General,42000,true,2026-07-07 20:07:00
ft_tkt_0000988,ft_sal_000509,ft_evt_0051,General,42000,true,2026-07-07 20:02:00
ft_tkt_0000989,ft_sal_000509,ft_evt_0051,General,42000,true,2026-07-07 20:19:00
ft_tkt_0000990,ft_sal_000509,ft_evt_0051,General,42000,true,2026-07-07 19:46:00
ft_tkt_0000991,ft_sal_000510,ft_evt_0051,General,54000,true,2026-07-07 19:17:00
ft_tkt_0000992,ft_sal_000510,ft_evt_0051,General,54000,false,
ft_tkt_0000993,ft_sal_000510,ft_evt_0051,General,54000,true,2026-07-07 20:23:00
ft_tkt_0000994,ft_sal_000511,ft_evt_0051,Preferencial,97000,false,
ft_tkt_0000995,ft_sal_000512,ft_evt_0051,General,59000,false,
ft_tkt_0000996,ft_sal_000512,ft_evt_0051,General,59000,true,2026-07-07 19:25:00
ft_tkt_0000997,ft_sal_000513,ft_evt_0051,General,61000,false,
ft_tkt_0000998,ft_sal_000513,ft_evt_0051,General,61000,false,
ft_tkt_0000999,ft_sal_000514,ft_evt_0051,Cortesía,0,false,
ft_tkt_0001000,ft_sal_000515,ft_evt_0051,General,49000,false,
ft_tkt_0001001,ft_sal_000516,ft_evt_0051,Cortesía,0,true,2026-07-07 19:45:00
ft_tkt_0001002,ft_sal_000516,ft_evt_0051,Cortesía,0,true,2026-07-07 19:16:00
ft_tkt_0001003,ft_sal_000517,ft_evt_0051,General,48000,false,
ft_tkt_0001004,ft_sal_000517,ft_evt_0051,General,48000,true,2026-07-07 20:11:00
ft_tkt_0001005,ft_sal_000517,ft_evt_0051,General,48000,false,
ft_tkt_0001006,ft_sal_000517,ft_evt_0051,General,48000,true,2026-07-07 20:00:00
ft_tkt_0001007,ft_sal_000517,ft_evt_0051,General,48000,true,2026-07-07 19:43:00
ft_tkt_0001008,ft_sal_000517,ft_evt_0051,General,48000,false,
ft_tkt_0001009,ft_sal_000518,ft_evt_0051,General,61000,true,2026-07-07 19:51:00
ft_tkt_0001010,ft_sal_000518,ft_evt_0051,General,61000,true,2026-07-07 19:24:00
ft_tkt_0001011,ft_sal_000519,ft_evt_0051,General,47000,false,
ft_tkt_0001012,ft_sal_000519,ft_evt_0051,General,47000,true,2026-07-07 19:51:00
ft_tkt_0001013,ft_sal_000519,ft_evt_0051,General,47000,true,2026-07-07 20:08:00
ft_tkt_0001014,ft_sal_000519,ft_evt_0051,General,47000,true,2026-07-07 20:22:00
ft_tkt_0001015,ft_sal_000519,ft_evt_0051,General,47000,true,2026-07-07 20:25:00
ft_tkt_0001016,ft_sal_000519,ft_evt_0051,General,47000,true,2026-07-07 19:46:00
ft_tkt_0001017,ft_sal_000520,ft_evt_0051,General,47000,true,2026-07-07 20:07:00
ft_tkt_0001018,ft_sal_000521,ft_evt_0051,General,42000,false,
ft_tkt_0001019,ft_sal_000521,ft_evt_0051,General,42000,true,2026-07-07 20:02:00
ft_tkt_0001020,ft_sal_000521,ft_evt_0051,General,42000,false,
ft_tkt_0001021,ft_sal_000522,ft_evt_0051,General,61000,true,2026-07-07 19:11:00
ft_tkt_0001022,ft_sal_000523,ft_evt_0051,VIP,146000,true,2026-07-07 20:18:00
ft_tkt_0001023,ft_sal_000523,ft_evt_0051,VIP,146000,true,2026-07-07 19:37:00
ft_tkt_0001024,ft_sal_000524,ft_evt_0051,General,64000,true,2026-07-07 19:35:00
ft_tkt_0001025,ft_sal_000525,ft_evt_0051,Preferencial,98000,false,
ft_tkt_0001026,ft_sal_000525,ft_evt_0051,Preferencial,98000,true,2026-07-07 20:08:00
ft_tkt_0001027,ft_sal_000526,ft_evt_0051,General,55000,true,2026-07-07 20:24:00
ft_tkt_0001028,ft_sal_000527,ft_evt_0051,Preferencial,95000,true,2026-07-07 20:23:00
ft_tkt_0001029,ft_sal_000528,ft_evt_0051,General,43000,true,2026-07-07 19:53:00
ft_tkt_0001030,ft_sal_000528,ft_evt_0051,General,43000,true,2026-07-07 19:51:00
ft_tkt_0001031,ft_sal_000528,ft_evt_0051,General,43000,true,2026-07-07 19:18:00
ft_tkt_0001032,ft_sal_000528,ft_evt_0051,General,43000,true,2026-07-07 19:31:00
ft_tkt_0001033,ft_sal_000528,ft_evt_0051,General,43000,true,2026-07-07 20:15:00
ft_tkt_0001034,ft_sal_000528,ft_evt_0051,General,43000,true,2026-07-07 19:39:00
ft_tkt_0001035,ft_sal_000529,ft_evt_0051,Preferencial,94000,true,2026-07-07 20:06:00
ft_tkt_0001036,ft_sal_000529,ft_evt_0051,Preferencial,94000,true,2026-07-07 20:17:00
ft_tkt_0001037,ft_sal_000529,ft_evt_0051,Preferencial,94000,true,2026-07-07 19:28:00
ft_tkt_0001038,ft_sal_000529,ft_evt_0051,Preferencial,94000,true,2026-07-07 19:23:00
ft_tkt_0001039,ft_sal_000529,ft_evt_0051,Preferencial,94000,true,2026-07-07 19:32:00
ft_tkt_0001040,ft_sal_000529,ft_evt_0051,Preferencial,94000,true,2026-07-07 19:21:00
ft_tkt_0001041,ft_sal_000530,ft_evt_0051,General,47000,false,
ft_tkt_0001042,ft_sal_000531,ft_evt_0051,Preferencial,101000,true,2026-07-07 19:47:00
ft_tkt_0001043,ft_sal_000531,ft_evt_0051,Preferencial,101000,false,
ft_tkt_0001044,ft_sal_000531,ft_evt_0051,Preferencial,101000,true,2026-07-07 20:15:00
ft_tkt_0001045,ft_sal_000531,ft_evt_0051,Preferencial,101000,true,2026-07-07 19:34:00
ft_tkt_0001046,ft_sal_000532,ft_evt_0051,General,47000,true,2026-07-07 19:44:00
ft_tkt_0001047,ft_sal_000532,ft_evt_0051,General,47000,false,
ft_tkt_0001048,ft_sal_000533,ft_evt_0051,Preferencial,86000,true,2026-07-07 19:41:00
ft_tkt_0001049,ft_sal_000533,ft_evt_0051,Preferencial,86000,true,2026-07-07 19:40:00
ft_tkt_0001050,ft_sal_000533,ft_evt_0051,Preferencial,86000,true,2026-07-07 19:20:00
ft_tkt_0001051,ft_sal_000534,ft_evt_0051,General,57000,true,2026-07-07 20:21:00
ft_tkt_0001052,ft_sal_000535,ft_evt_0051,General,61000,true,2026-07-07 20:11:00
ft_tkt_0001053,ft_sal_000536,ft_evt_0051,General,43000,true,2026-07-07 20:03:00
ft_tkt_0001054,ft_sal_000536,ft_evt_0051,General,43000,true,2026-07-07 20:13:00
ft_tkt_0001055,ft_sal_000537,ft_evt_0051,Preferencial,90000,true,2026-07-07 19:17:00
ft_tkt_0001056,ft_sal_000538,ft_evt_0051,General,62000,true,2026-07-07 19:19:00
ft_tkt_0001057,ft_sal_000538,ft_evt_0051,General,62000,true,2026-07-07 20:06:00
ft_tkt_0001058,ft_sal_000538,ft_evt_0051,General,62000,true,2026-07-07 20:13:00
ft_tkt_0001059,ft_sal_000538,ft_evt_0051,General,62000,true,2026-07-07 20:06:00
ft_tkt_0001060,ft_sal_000538,ft_evt_0051,General,62000,true,2026-07-07 20:18:00
ft_tkt_0001061,ft_sal_000538,ft_evt_0051,General,62000,true,2026-07-07 20:23:00
ft_tkt_0001062,ft_sal_000539,ft_evt_0051,General,60000,true,2026-07-07 19:17:00
ft_tkt_0001063,ft_sal_000540,ft_evt_0051,Cortesía,0,true,2026-07-07 19:38:00
ft_tkt_0001064,ft_sal_000540,ft_evt_0051,Cortesía,0,true,2026-07-07 20:00:00
ft_tkt_0001065,ft_sal_000540,ft_evt_0051,Cortesía,0,true,2026-07-07 19:17:00
ft_tkt_0001066,ft_sal_000541,ft_evt_0051,Preferencial,91000,true,2026-07-07 19:48:00
ft_tkt_0001067,ft_sal_000541,ft_evt_0051,Preferencial,91000,true,2026-07-07 20:05:00
ft_tkt_0001068,ft_sal_000541,ft_evt_0051,Preferencial,91000,true,2026-07-07 19:35:00
ft_tkt_0001069,ft_sal_000542,ft_evt_0051,Preferencial,90000,true,2026-07-07 19:18:00
ft_tkt_0001070,ft_sal_000543,ft_evt_0051,General,44000,true,2026-07-07 19:26:00
ft_tkt_0001071,ft_sal_000543,ft_evt_0051,General,44000,true,2026-07-07 19:52:00
ft_tkt_0001072,ft_sal_000543,ft_evt_0051,General,44000,true,2026-07-07 19:21:00
ft_tkt_0001073,ft_sal_000544,ft_evt_0051,General,62000,true,2026-07-07 19:15:00
ft_tkt_0001074,ft_sal_000544,ft_evt_0051,General,62000,true,2026-07-07 20:20:00
ft_tkt_0001075,ft_sal_000545,ft_evt_0051,General,61000,false,
ft_tkt_0001076,ft_sal_000545,ft_evt_0051,General,61000,true,2026-07-07 19:33:00
ft_tkt_0001077,ft_sal_000545,ft_evt_0051,General,61000,false,
ft_tkt_0001078,ft_sal_000546,ft_evt_0051,VIP,130000,false,
ft_tkt_0001079,ft_sal_000546,ft_evt_0051,VIP,130000,true,2026-07-07 19:55:00
ft_tkt_0001080,ft_sal_000546,ft_evt_0051,VIP,130000,true,2026-07-07 19:47:00
ft_tkt_0001081,ft_sal_000546,ft_evt_0051,VIP,130000,true,2026-07-07 19:48:00
ft_tkt_0001082,ft_sal_000547,ft_evt_0051,General,46000,true,2026-07-07 19:21:00
ft_tkt_0001083,ft_sal_000547,ft_evt_0051,General,46000,true,2026-07-07 19:31:00
ft_tkt_0001084,ft_sal_000548,ft_evt_0051,General,60000,true,2026-07-07 19:43:00
ft_tkt_0001085,ft_sal_000549,ft_evt_0051,General,42000,true,2026-07-07 20:16:00
ft_tkt_0001086,ft_sal_000550,ft_evt_0051,General,43000,true,2026-07-07 19:24:00
ft_tkt_0001087,ft_sal_000550,ft_evt_0051,General,43000,true,2026-07-07 20:17:00
ft_tkt_0001088,ft_sal_000550,ft_evt_0051,General,43000,true,2026-07-07 20:06:00
ft_tkt_0001089,ft_sal_000550,ft_evt_0051,General,43000,true,2026-07-07 19:17:00
ft_tkt_0001090,ft_sal_000551,ft_evt_0051,General,44000,true,2026-07-07 19:24:00
ft_tkt_0001091,ft_sal_000552,ft_evt_0051,General,59000,true,2026-07-07 19:39:00
ft_tkt_0001092,ft_sal_000553,ft_evt_0051,General,57000,true,2026-07-07 19:23:00
ft_tkt_0001093,ft_sal_000553,ft_evt_0051,General,57000,true,2026-07-07 19:28:00
ft_tkt_0001094,ft_sal_000554,ft_evt_0051,Cortesía,0,true,2026-07-07 19:16:00
ft_tkt_0001095,ft_sal_000555,ft_evt_0051,Preferencial,97000,false,
ft_tkt_0001096,ft_sal_000555,ft_evt_0051,Preferencial,97000,false,
ft_tkt_0001097,ft_sal_000556,ft_evt_0051,General,61000,true,2026-07-07 19:24:00
ft_tkt_0001098,ft_sal_000556,ft_evt_0051,General,61000,true,2026-07-07 19:21:00
ft_tkt_0001099,ft_sal_000557,ft_evt_0051,General,57000,true,2026-07-07 20:17:00
ft_tkt_0001100,ft_sal_000557,ft_evt_0051,General,57000,false,
ft_tkt_0001101,ft_sal_000558,ft_evt_0051,Cortesía,0,false,
ft_tkt_0001102,ft_sal_000558,ft_evt_0051,Cortesía,0,false,
ft_tkt_0001103,ft_sal_000558,ft_evt_0051,Cortesía,0,true,2026-07-07 19:57:00
ft_tkt_0001104,ft_sal_000559,ft_evt_0051,Cortesía,0,true,2026-07-07 19:18:00
ft_tkt_0001105,ft_sal_000560,ft_evt_0051,Cortesía,0,true,2026-07-07 19:40:00
ft_tkt_0001106,ft_sal_000561,ft_evt_0051,General,54000,false,
ft_tkt_0001107,ft_sal_000561,ft_evt_0051,General,54000,true,2026-07-07 19:12:00
ft_tkt_0001108,ft_sal_000561,ft_evt_0051,General,54000,true,2026-07-07 20:22:00
ft_tkt_0001109,ft_sal_000561,ft_evt_0051,General,54000,true,2026-07-07 19:50:00
ft_tkt_0001110,ft_sal_000562,ft_evt_0051,General,40000,true,2026-07-07 20:20:00
ft_tkt_0001111,ft_sal_000563,ft_evt_0051,General,42000,false,
ft_tkt_0001112,ft_sal_000564,ft_evt_0051,General,46000,true,2026-07-07 20:14:00
ft_tkt_0001113,ft_sal_000564,ft_evt_0051,General,46000,true,2026-07-07 19:26:00
ft_tkt_0001114,ft_sal_000565,ft_evt_0051,General,44000,true,2026-07-07 19:48:00
ft_tkt_0001115,ft_sal_000565,ft_evt_0051,General,44000,false,
ft_tkt_0001116,ft_sal_000566,ft_evt_0051,General,46000,true,2026-07-07 20:12:00
ft_tkt_0001117,ft_sal_000566,ft_evt_0051,General,46000,false,
ft_tkt_0001118,ft_sal_000567,ft_evt_0051,General,60000,true,2026-07-07 20:16:00
ft_tkt_0001119,ft_sal_000568,ft_evt_0051,VIP,141000,true,2026-07-07 19:26:00
ft_tkt_0001120,ft_sal_000569,ft_evt_0051,VIP,146000,false,
ft_tkt_0001121,ft_sal_000569,ft_evt_0051,VIP,146000,false,
ft_tkt_0001122,ft_sal_000570,ft_evt_0051,VIP,127000,false,
ft_tkt_0001123,ft_sal_000571,ft_evt_0051,General,46000,false,
ft_tkt_0001124,ft_sal_000572,ft_evt_0051,General,58000,true,2026-07-07 19:55:00
ft_tkt_0001125,ft_sal_000573,ft_evt_0051,Preferencial,104000,false,
ft_tkt_0001126,ft_sal_000574,ft_evt_0051,General,65000,true,2026-07-07 19:40:00
ft_tkt_0001127,ft_sal_000574,ft_evt_0051,General,65000,true,2026-07-07 19:40:00
ft_tkt_0001128,ft_sal_000575,ft_evt_0051,Preferencial,98000,false,
ft_tkt_0001129,ft_sal_000575,ft_evt_0051,Preferencial,98000,true,2026-07-07 20:23:00
ft_tkt_0001130,ft_sal_000575,ft_evt_0051,Preferencial,98000,false,
ft_tkt_0001131,ft_sal_000576,ft_evt_0051,Preferencial,91000,true,2026-07-07 20:13:00
ft_tkt_0001132,ft_sal_000576,ft_evt_0051,Preferencial,91000,true,2026-07-07 20:24:00
ft_tkt_0001133,ft_sal_000577,ft_evt_0051,VIP,143000,true,2026-07-07 19:27:00
ft_tkt_0001134,ft_sal_000578,ft_evt_0051,VIP,137000,false,
ft_tkt_0001135,ft_sal_000578,ft_evt_0051,VIP,137000,false,
ft_tkt_0001136,ft_sal_000578,ft_evt_0051,VIP,137000,false,
ft_tkt_0001137,ft_sal_000578,ft_evt_0051,VIP,137000,false,
ft_tkt_0001138,ft_sal_000578,ft_evt_0051,VIP,137000,false,
ft_tkt_0001139,ft_sal_000578,ft_evt_0051,VIP,137000,true,2026-07-07 19:29:00
ft_tkt_0001140,ft_sal_000579,ft_evt_0051,General,58000,true,2026-07-07 19:16:00
ft_tkt_0001141,ft_sal_000579,ft_evt_0051,General,58000,true,2026-07-07 20:17:00
ft_tkt_0001142,ft_sal_000579,ft_evt_0051,General,58000,true,2026-07-07 20:07:00
ft_tkt_0001143,ft_sal_000579,ft_evt_0051,General,58000,true,2026-07-07 20:12:00
ft_tkt_0001144,ft_sal_000579,ft_evt_0051,General,58000,true,2026-07-07 20:20:00
ft_tkt_0001145,ft_sal_000579,ft_evt_0051,General,58000,true,2026-07-07 19:58:00
ft_tkt_0001146,ft_sal_000580,ft_evt_0051,General,57000,true,2026-07-07 19:11:00
ft_tkt_0001147,ft_sal_000580,ft_evt_0051,General,57000,true,2026-07-07 19:28:00
ft_tkt_0001148,ft_sal_000581,ft_evt_0051,Cortesía,0,true,2026-07-07 19:48:00
ft_tkt_0001149,ft_sal_000582,ft_evt_0051,Preferencial,90000,true,2026-07-07 19:37:00
ft_tkt_0001150,ft_sal_000583,ft_evt_0051,General,48000,true,2026-07-07 20:11:00
ft_tkt_0001151,ft_sal_000584,ft_evt_0051,General,45000,true,2026-07-07 19:47:00
ft_tkt_0001152,ft_sal_000584,ft_evt_0051,General,45000,true,2026-07-07 19:17:00
ft_tkt_0001153,ft_sal_000585,ft_evt_0051,General,43000,true,2026-07-07 19:37:00
ft_tkt_0001154,ft_sal_000586,ft_evt_0051,Preferencial,94000,true,2026-07-07 19:38:00
ft_tkt_0001155,ft_sal_000587,ft_evt_0051,General,43000,true,2026-07-07 19:13:00
ft_tkt_0001156,ft_sal_000587,ft_evt_0051,General,43000,true,2026-07-07 19:15:00
ft_tkt_0001157,ft_sal_000588,ft_evt_0051,General,49000,true,2026-07-07 19:19:00
ft_tkt_0001158,ft_sal_000589,ft_evt_0051,Preferencial,99000,true,2026-07-07 19:30:00
ft_tkt_0001159,ft_sal_000590,ft_evt_0051,General,46000,true,2026-07-07 19:42:00
ft_tkt_0001160,ft_sal_000591,ft_evt_0051,General,47000,true,2026-07-07 20:20:00
ft_tkt_0001161,ft_sal_000592,ft_evt_0051,Cortesía,0,true,2026-07-07 19:52:00
ft_tkt_0001162,ft_sal_000592,ft_evt_0051,Cortesía,0,true,2026-07-07 19:57:00
ft_tkt_0001163,ft_sal_000592,ft_evt_0051,Cortesía,0,false,
ft_tkt_0001164,ft_sal_000593,ft_evt_0051,General,61000,true,2026-07-07 20:06:00
ft_tkt_0001165,ft_sal_000594,ft_evt_0051,General,44000,true,2026-07-07 20:19:00
ft_tkt_0001166,ft_sal_000594,ft_evt_0051,General,44000,true,2026-07-07 19:45:00
ft_tkt_0001167,ft_sal_000594,ft_evt_0051,General,44000,false,
ft_tkt_0001168,ft_sal_000595,ft_evt_0051,VIP,144000,true,2026-07-07 19:55:00
ft_tkt_0001169,ft_sal_000595,ft_evt_0051,VIP,144000,true,2026-07-07 19:46:00
ft_tkt_0001170,ft_sal_000596,ft_evt_0051,General,47000,true,2026-07-07 19:16:00
ft_tkt_0001171,ft_sal_000596,ft_evt_0051,General,47000,true,2026-07-07 19:13:00
ft_tkt_0001172,ft_sal_000597,ft_evt_0051,General,59000,true,2026-07-07 20:16:00
ft_tkt_0001173,ft_sal_000597,ft_evt_0051,General,59000,true,2026-07-07 19:59:00
ft_tkt_0001174,ft_sal_000598,ft_evt_0051,Cortesía,0,true,2026-07-07 19:11:00
ft_tkt_0001175,ft_sal_000598,ft_evt_0051,Cortesía,0,false,
ft_tkt_0001176,ft_sal_000598,ft_evt_0051,Cortesía,0,true,2026-07-07 19:27:00
ft_tkt_0001177,ft_sal_000599,ft_evt_0051,General,44000,true,2026-07-07 19:54:00
ft_tkt_0001178,ft_sal_000599,ft_evt_0051,General,44000,false,
ft_tkt_0001179,ft_sal_000600,ft_evt_0051,General,46000,true,2026-07-07 19:26:00
ft_tkt_0001180,ft_sal_000600,ft_evt_0051,General,46000,false,
ft_tkt_0001181,ft_sal_000601,ft_evt_0051,General,43000,true,2026-07-07 20:22:00
ft_tkt_0001182,ft_sal_000601,ft_evt_0051,General,43000,false,
ft_tkt_0001183,ft_sal_000601,ft_evt_0051,General,43000,false,
ft_tkt_0001184,ft_sal_000602,ft_evt_0051,Preferencial,95000,false,
ft_tkt_0001185,ft_sal_000602,ft_evt_0051,Preferencial,95000,true,2026-07-07 19:53:00
ft_tkt_0001186,ft_sal_000603,ft_evt_0051,VIP,133000,true,2026-07-07 19:38:00
ft_tkt_0001187,ft_sal_000603,ft_evt_0051,VIP,133000,true,2026-07-07 19:17:00
ft_tkt_0001188,ft_sal_000603,ft_evt_0051,VIP,133000,true,2026-07-07 20:02:00
ft_tkt_0001189,ft_sal_000603,ft_evt_0051,VIP,133000,true,2026-07-07 19:23:00
ft_tkt_0001190,ft_sal_000603,ft_evt_0051,VIP,133000,true,2026-07-07 19:18:00
ft_tkt_0001191,ft_sal_000603,ft_evt_0051,VIP,133000,true,2026-07-07 19:57:00
ft_tkt_0001192,ft_sal_000604,ft_evt_0051,General,47000,true,2026-07-07 19:36:00
ft_tkt_0001193,ft_sal_000605,ft_evt_0051,General,45000,true,2026-07-07 19:42:00
ft_tkt_0001194,ft_sal_000606,ft_evt_0051,General,58000,true,2026-07-07 19:33:00
ft_tkt_0001195,ft_sal_000607,ft_evt_0051,Preferencial,94000,true,2026-07-07 19:24:00
ft_tkt_0001196,ft_sal_000607,ft_evt_0051,Preferencial,94000,true,2026-07-07 19:18:00
ft_tkt_0001197,ft_sal_000608,ft_evt_0051,General,45000,true,2026-07-07 20:23:00
ft_tkt_0001198,ft_sal_000609,ft_evt_0051,General,46000,true,2026-07-07 19:50:00
ft_tkt_0001199,ft_sal_000609,ft_evt_0051,General,46000,true,2026-07-07 20:08:00
ft_tkt_0001200,ft_sal_000610,ft_evt_0051,General,49000,false,
ft_tkt_0001201,ft_sal_000611,ft_evt_0051,General,59000,true,2026-07-07 19:37:00
ft_tkt_0001202,ft_sal_000611,ft_evt_0051,General,59000,true,2026-07-07 19:47:00
ft_tkt_0001203,ft_sal_000611,ft_evt_0051,General,59000,true,2026-07-07 19:37:00
ft_tkt_0001204,ft_sal_000611,ft_evt_0051,General,59000,true,2026-07-07 19:40:00
ft_tkt_0001205,ft_sal_000611,ft_evt_0051,General,59000,true,2026-07-07 19:30:00
ft_tkt_0001206,ft_sal_000611,ft_evt_0051,General,59000,true,2026-07-07 20:25:00
ft_tkt_0001207,ft_sal_000612,ft_evt_0051,Preferencial,94000,true,2026-07-07 19:35:00
ft_tkt_0001208,ft_sal_000612,ft_evt_0051,Preferencial,94000,true,2026-07-07 19:35:00
ft_tkt_0001209,ft_sal_000613,ft_evt_0051,Preferencial,90000,true,2026-07-07 20:07:00
ft_tkt_0001210,ft_sal_000613,ft_evt_0051,Preferencial,90000,true,2026-07-07 20:10:00
ft_tkt_0001211,ft_sal_000613,ft_evt_0051,Preferencial,90000,true,2026-07-07 19:51:00
ft_tkt_0001212,ft_sal_000614,ft_evt_0051,General,41000,true,2026-07-07 19:40:00
ft_tkt_0001213,ft_sal_000615,ft_evt_0051,General,45000,true,2026-07-07 19:31:00
ft_tkt_0001214,ft_sal_000615,ft_evt_0051,General,45000,false,
ft_tkt_0001215,ft_sal_000616,ft_evt_0051,General,45000,true,2026-07-07 19:33:00
ft_tkt_0001216,ft_sal_000616,ft_evt_0051,General,45000,true,2026-07-07 19:17:00
ft_tkt_0001217,ft_sal_000616,ft_evt_0051,General,45000,true,2026-07-07 19:28:00
ft_tkt_0001218,ft_sal_000616,ft_evt_0051,General,45000,false,
ft_tkt_0001219,ft_sal_000617,ft_evt_0051,Preferencial,100000,true,2026-07-07 19:22:00
ft_tkt_0001220,ft_sal_000618,ft_evt_0051,General,63000,true,2026-07-07 19:26:00
ft_tkt_0001221,ft_sal_000619,ft_evt_0051,Cortesía,0,false,
ft_tkt_0001222,ft_sal_000619,ft_evt_0051,Cortesía,0,true,2026-07-07 20:14:00
ft_tkt_0001223,ft_sal_000620,ft_evt_0051,General,44000,true,2026-07-07 19:16:00
ft_tkt_0001224,ft_sal_000621,ft_evt_0051,VIP,136000,true,2026-07-07 19:32:00
ft_tkt_0001225,ft_sal_000621,ft_evt_0051,VIP,136000,true,2026-07-07 19:53:00
ft_tkt_0001226,ft_sal_000622,ft_evt_0051,General,43000,false,
ft_tkt_0001227,ft_sal_000623,ft_evt_0051,General,41000,true,2026-07-07 19:14:00
ft_tkt_0001228,ft_sal_000623,ft_evt_0051,General,41000,true,2026-07-07 19:13:00
ft_tkt_0001229,ft_sal_000624,ft_evt_0051,Cortesía,0,true,2026-07-07 19:14:00
ft_tkt_0001230,ft_sal_000624,ft_evt_0051,Cortesía,0,false,
ft_tkt_0001231,ft_sal_000624,ft_evt_0051,Cortesía,0,false,
ft_tkt_0001232,ft_sal_000624,ft_evt_0051,Cortesía,0,false,
ft_tkt_0001233,ft_sal_000624,ft_evt_0051,Cortesía,0,true,2026-07-07 19:47:00
ft_tkt_0001234,ft_sal_000624,ft_evt_0051,Cortesía,0,false,
ft_tkt_0001235,ft_sal_000625,ft_evt_0051,General,46000,false,
ft_tkt_0001236,ft_sal_000625,ft_evt_0051,General,46000,false,
ft_tkt_0001237,ft_sal_000625,ft_evt_0051,General,46000,true,2026-07-07 20:10:00
ft_tkt_0001238,ft_sal_000625,ft_evt_0051,General,46000,false,
ft_tkt_0001239,ft_sal_000626,ft_evt_0051,General,63000,true,2026-07-07 19:48:00
ft_tkt_0001240,ft_sal_000627,ft_evt_0051,General,44000,true,2026-07-07 19:28:00
ft_tkt_0001241,ft_sal_000627,ft_evt_0051,General,44000,true,2026-07-07 19:26:00
ft_tkt_0001242,ft_sal_000628,ft_evt_0051,General,48000,true,2026-07-07 19:50:00
ft_tkt_0001243,ft_sal_000628,ft_evt_0051,General,48000,true,2026-07-07 20:01:00
ft_tkt_0001244,ft_sal_000629,ft_evt_0051,Cortesía,0,false,
ft_tkt_0001245,ft_sal_000629,ft_evt_0051,Cortesía,0,true,2026-07-07 19:19:00
ft_tkt_0001246,ft_sal_000629,ft_evt_0051,Cortesía,0,false,
ft_tkt_0001247,ft_sal_000629,ft_evt_0051,Cortesía,0,false,
ft_tkt_0001248,ft_sal_000630,ft_evt_0051,General,47000,true,2026-07-07 19:29:00
ft_tkt_0001249,ft_sal_000631,ft_evt_0051,Preferencial,94000,false,
ft_tkt_0001250,ft_sal_000632,ft_evt_0051,General,57000,true,2026-07-07 19:58:00
ft_tkt_0001251,ft_sal_000632,ft_evt_0051,General,57000,true,2026-07-07 20:03:00
ft_tkt_0001252,ft_sal_000632,ft_evt_0051,General,57000,true,2026-07-07 20:06:00
ft_tkt_0001253,ft_sal_000632,ft_evt_0051,General,57000,true,2026-07-07 20:23:00
ft_tkt_0001254,ft_sal_000632,ft_evt_0051,General,57000,false,
ft_tkt_0001255,ft_sal_000632,ft_evt_0051,General,57000,true,2026-07-07 19:10:00
ft_tkt_0001256,ft_sal_000633,ft_evt_0051,General,45000,false,
ft_tkt_0001257,ft_sal_000634,ft_evt_0051,General,58000,true,2026-07-07 19:47:00
ft_tkt_0001258,ft_sal_000635,ft_evt_0051,VIP,153000,false,
ft_tkt_0001259,ft_sal_000636,ft_evt_0051,General,45000,true,2026-07-07 19:27:00
ft_tkt_0001260,ft_sal_000637,ft_evt_0051,Preferencial,90000,false,
ft_tkt_0001261,ft_sal_000638,ft_evt_0051,General,58000,true,2026-07-07 20:16:00
ft_tkt_0001262,ft_sal_000639,ft_evt_0051,General,62000,true,2026-07-07 19:43:00
ft_tkt_0001263,ft_sal_000640,ft_evt_0051,General,61000,true,2026-07-07 19:32:00
ft_tkt_0001264,ft_sal_000640,ft_evt_0051,General,61000,true,2026-07-07 19:28:00
ft_tkt_0001265,ft_sal_000641,ft_evt_0051,General,48000,false,
ft_tkt_0001266,ft_sal_000641,ft_evt_0051,General,48000,false,
ft_tkt_0001267,ft_sal_000642,ft_evt_0051,General,47000,true,2026-07-07 19:15:00
ft_tkt_0001268,ft_sal_000642,ft_evt_0051,General,47000,true,2026-07-07 19:35:00
ft_tkt_0001269,ft_sal_000642,ft_evt_0051,General,47000,true,2026-07-07 19:13:00
ft_tkt_0001270,ft_sal_000643,ft_evt_0051,Preferencial,89000,true,2026-07-07 20:11:00
ft_tkt_0001271,ft_sal_000644,ft_evt_0051,General,65000,true,2026-07-07 19:30:00
ft_tkt_0001272,ft_sal_000645,ft_evt_0051,General,60000,false,
ft_tkt_0001273,ft_sal_000645,ft_evt_0051,General,60000,true,2026-07-07 20:16:00
ft_tkt_0001274,ft_sal_000645,ft_evt_0051,General,60000,true,2026-07-07 19:30:00
ft_tkt_0001275,ft_sal_000646,ft_evt_0051,VIP,156000,true,2026-07-07 19:35:00
ft_tkt_0001276,ft_sal_000647,ft_evt_0051,Preferencial,93000,true,2026-07-07 20:15:00
ft_tkt_0001277,ft_sal_000648,ft_evt_0051,General,46000,true,2026-07-07 20:06:00
ft_tkt_0001278,ft_sal_000649,ft_evt_0051,General,47000,true,2026-07-07 20:19:00
ft_tkt_0001279,ft_sal_000649,ft_evt_0051,General,47000,true,2026-07-07 19:44:00
ft_tkt_0001280,ft_sal_000650,ft_evt_0051,General,57000,false,
ft_tkt_0001281,ft_sal_000651,ft_evt_0051,General,63000,true,2026-07-07 19:43:00
ft_tkt_0001282,ft_sal_000651,ft_evt_0051,General,63000,true,2026-07-07 19:31:00
ft_tkt_0001283,ft_sal_000651,ft_evt_0051,General,63000,false,
ft_tkt_0001284,ft_sal_000652,ft_evt_0051,General,59000,true,2026-07-07 20:10:00
ft_tkt_0001285,ft_sal_000652,ft_evt_0051,General,59000,true,2026-07-07 20:23:00
ft_tkt_0001286,ft_sal_000652,ft_evt_0051,General,59000,true,2026-07-07 19:29:00
ft_tkt_0001287,ft_sal_000653,ft_evt_0051,Preferencial,99000,false,
ft_tkt_0001288,ft_sal_000654,ft_evt_0051,General,61000,true,2026-07-07 19:25:00
ft_tkt_0001289,ft_sal_000654,ft_evt_0051,General,61000,true,2026-07-07 19:21:00
ft_tkt_0001290,ft_sal_000655,ft_evt_0051,General,43000,true,2026-07-07 19:18:00
ft_tkt_0001291,ft_sal_000655,ft_evt_0051,General,43000,true,2026-07-07 19:58:00
ft_tkt_0001292,ft_sal_000656,ft_evt_0051,VIP,140000,false,
ft_tkt_0001293,ft_sal_000656,ft_evt_0051,VIP,140000,true,2026-07-07 19:39:00
ft_tkt_0001294,ft_sal_000656,ft_evt_0051,VIP,140000,true,2026-07-07 19:43:00
ft_tkt_0001295,ft_sal_000656,ft_evt_0051,VIP,140000,true,2026-07-07 19:27:00
ft_tkt_0001296,ft_sal_000656,ft_evt_0051,VIP,140000,true,2026-07-07 20:17:00
ft_tkt_0001297,ft_sal_000656,ft_evt_0051,VIP,140000,true,2026-07-07 20:16:00
ft_tkt_0001298,ft_sal_000657,ft_evt_0051,General,48000,true,2026-07-07 19:31:00
ft_tkt_0001299,ft_sal_000658,ft_evt_0051,General,48000,true,2026-07-07 19:48:00
ft_tkt_0001300,ft_sal_000659,ft_evt_0051,General,46000,true,2026-07-07 19:19:00
ft_tkt_0001301,ft_sal_000659,ft_evt_0051,General,46000,false,
ft_tkt_0001302,ft_sal_000660,ft_evt_0051,General,46000,true,2026-07-07 20:21:00
ft_tkt_0001303,ft_sal_000661,ft_evt_0051,VIP,132000,false,
ft_tkt_0001304,ft_sal_000661,ft_evt_0051,VIP,132000,false,
ft_tkt_0001305,ft_sal_000661,ft_evt_0051,VIP,132000,true,2026-07-07 19:41:00
ft_tkt_0001306,ft_sal_000662,ft_evt_0051,Cortesía,0,true,2026-07-07 19:40:00
ft_tkt_0001307,ft_sal_000663,ft_evt_0051,General,41000,false,
ft_tkt_0001308,ft_sal_000663,ft_evt_0051,General,41000,false,
ft_tkt_0001309,ft_sal_000664,ft_evt_0051,General,43000,false,
ft_tkt_0001310,ft_sal_000665,ft_evt_0051,General,57000,false,
ft_tkt_0001311,ft_sal_000666,ft_evt_0051,Preferencial,103000,true,2026-07-07 20:15:00
ft_tkt_0001312,ft_sal_000667,ft_evt_0051,General,64000,true,2026-07-07 19:50:00
ft_tkt_0001313,ft_sal_000667,ft_evt_0051,General,64000,false,
ft_tkt_0001314,ft_sal_000667,ft_evt_0051,General,64000,true,2026-07-07 20:17:00
ft_tkt_0001315,ft_sal_000668,ft_evt_0051,General,43000,true,2026-07-07 19:45:00
ft_tkt_0001316,ft_sal_000669,ft_evt_0051,General,57000,true,2026-07-07 19:40:00
ft_tkt_0001317,ft_sal_000670,ft_evt_0051,General,43000,true,2026-07-07 19:55:00
ft_tkt_0001318,ft_sal_000671,ft_evt_0051,General,44000,false,
ft_tkt_0001319,ft_sal_000671,ft_evt_0051,General,44000,true,2026-07-07 19:33:00
ft_tkt_0001320,ft_sal_000671,ft_evt_0051,General,44000,true,2026-07-07 19:40:00
ft_tkt_0001321,ft_sal_000672,ft_evt_0051,General,64000,true,2026-07-07 19:25:00
ft_tkt_0001322,ft_sal_000673,ft_evt_0051,VIP,153000,true,2026-07-07 20:02:00
ft_tkt_0001323,ft_sal_000674,ft_evt_0051,Preferencial,97000,true,2026-07-07 19:26:00
ft_tkt_0001324,ft_sal_000675,ft_evt_0051,General,45000,true,2026-07-07 20:05:00
ft_tkt_0001325,ft_sal_000675,ft_evt_0051,General,45000,true,2026-07-07 20:14:00
ft_tkt_0001326,ft_sal_000676,ft_evt_0051,Cortesía,0,true,2026-07-07 20:03:00
ft_tkt_0001327,ft_sal_000677,ft_evt_0051,General,63000,true,2026-07-07 19:16:00
ft_tkt_0001328,ft_sal_000677,ft_evt_0051,General,63000,false,
ft_tkt_0001329,ft_sal_000678,ft_evt_0051,General,59000,false,
ft_tkt_0001330,ft_sal_000678,ft_evt_0051,General,59000,true,2026-07-07 19:44:00
ft_tkt_0001331,ft_sal_000678,ft_evt_0051,General,59000,true,2026-07-07 19:37:00
ft_tkt_0001332,ft_sal_000678,ft_evt_0051,General,59000,true,2026-07-07 19:50:00
ft_tkt_0001333,ft_sal_000678,ft_evt_0051,General,59000,true,2026-07-07 20:00:00
ft_tkt_0001334,ft_sal_000678,ft_evt_0051,General,59000,true,2026-07-07 20:14:00
ft_tkt_0001335,ft_sal_000679,ft_evt_0051,General,59000,true,2026-07-07 19:49:00
ft_tkt_0001336,ft_sal_000679,ft_evt_0051,General,59000,true,2026-07-07 20:18:00
ft_tkt_0001337,ft_sal_000680,ft_evt_0051,General,57000,true,2026-07-07 20:13:00
ft_tkt_0001338,ft_sal_000680,ft_evt_0051,General,57000,false,
ft_tkt_0001339,ft_sal_000680,ft_evt_0051,General,57000,true,2026-07-07 20:13:00
ft_tkt_0001340,ft_sal_000680,ft_evt_0051,General,57000,true,2026-07-07 19:15:00
ft_tkt_0001341,ft_sal_000681,ft_evt_0051,VIP,130000,true,2026-07-07 19:23:00
ft_tkt_0001342,ft_sal_000682,ft_evt_0051,General,46000,true,2026-07-07 19:37:00
ft_tkt_0001343,ft_sal_000682,ft_evt_0051,General,46000,true,2026-07-07 20:12:00
ft_tkt_0001344,ft_sal_000682,ft_evt_0051,General,46000,true,2026-07-07 19:38:00
ft_tkt_0001345,ft_sal_000682,ft_evt_0051,General,46000,true,2026-07-07 20:24:00
ft_tkt_0001346,ft_sal_000682,ft_evt_0051,General,46000,true,2026-07-07 19:19:00
ft_tkt_0001347,ft_sal_000682,ft_evt_0051,General,46000,true,2026-07-07 20:18:00
ft_tkt_0001348,ft_sal_000683,ft_evt_0051,General,44000,true,2026-07-07 19:50:00
ft_tkt_0001349,ft_sal_000684,ft_evt_0051,VIP,135000,false,
ft_tkt_0001350,ft_sal_000684,ft_evt_0051,VIP,135000,true,2026-07-07 20:11:00
ft_tkt_0001351,ft_sal_000684,ft_evt_0051,VIP,135000,true,2026-07-07 20:08:00
ft_tkt_0001352,ft_sal_000684,ft_evt_0051,VIP,135000,true,2026-07-07 19:35:00
ft_tkt_0001353,ft_sal_000685,ft_evt_0051,General,47000,true,2026-07-07 20:11:00
ft_tkt_0001354,ft_sal_000686,ft_evt_0051,General,55000,true,2026-07-07 19:56:00
ft_tkt_0001355,ft_sal_000686,ft_evt_0051,General,55000,true,2026-07-07 19:57:00
ft_tkt_0001356,ft_sal_000686,ft_evt_0051,General,55000,true,2026-07-07 19:38:00
ft_tkt_0001357,ft_sal_000687,ft_evt_0051,Preferencial,98000,true,2026-07-07 19:23:00
ft_tkt_0001358,ft_sal_000687,ft_evt_0051,Preferencial,98000,false,
ft_tkt_0001359,ft_sal_000687,ft_evt_0051,Preferencial,98000,true,2026-07-07 19:14:00
ft_tkt_0001360,ft_sal_000688,ft_evt_0051,Preferencial,100000,true,2026-07-07 19:51:00
ft_tkt_0001361,ft_sal_000688,ft_evt_0051,Preferencial,100000,true,2026-07-07 20:04:00
ft_tkt_0001362,ft_sal_000689,ft_evt_0051,Preferencial,94000,false,
ft_tkt_0001363,ft_sal_000689,ft_evt_0051,Preferencial,94000,true,2026-07-07 19:23:00
ft_tkt_0001364,ft_sal_000689,ft_evt_0051,Preferencial,94000,false,
ft_tkt_0001365,ft_sal_000689,ft_evt_0051,Preferencial,94000,false,
ft_tkt_0001366,ft_sal_000689,ft_evt_0051,Preferencial,94000,false,
ft_tkt_0001367,ft_sal_000689,ft_evt_0051,Preferencial,94000,false,
ft_tkt_0001368,ft_sal_000690,ft_evt_0051,General,61000,true,2026-07-07 20:13:00
ft_tkt_0001369,ft_sal_000690,ft_evt_0051,General,61000,true,2026-07-07 19:10:00
ft_tkt_0001370,ft_sal_000690,ft_evt_0051,General,61000,true,2026-07-07 19:43:00
ft_tkt_0001371,ft_sal_000690,ft_evt_0051,General,61000,true,2026-07-07 19:37:00
ft_tkt_0001372,ft_sal_000691,ft_evt_0051,General,44000,true,2026-07-07 20:02:00
ft_tkt_0001373,ft_sal_000692,ft_evt_0051,General,59000,true,2026-07-07 19:40:00
ft_tkt_0001374,ft_sal_000693,ft_evt_0051,Cortesía,0,true,2026-07-07 19:17:00
ft_tkt_0001375,ft_sal_000693,ft_evt_0051,Cortesía,0,false,
ft_tkt_0001376,ft_sal_000694,ft_evt_0051,General,55000,true,2026-07-07 20:24:00
ft_tkt_0001377,ft_sal_000695,ft_evt_0051,General,44000,true,2026-07-07 20:01:00
ft_tkt_0001378,ft_sal_000695,ft_evt_0051,General,44000,true,2026-07-07 19:44:00
ft_tkt_0001379,ft_sal_000696,ft_evt_0051,General,43000,true,2026-07-07 20:18:00
ft_tkt_0001380,ft_sal_000697,ft_evt_0051,General,59000,true,2026-07-07 19:52:00
ft_tkt_0001381,ft_sal_000697,ft_evt_0051,General,59000,true,2026-07-07 20:08:00
ft_tkt_0001382,ft_sal_000697,ft_evt_0051,General,59000,true,2026-07-07 20:04:00
ft_tkt_0001383,ft_sal_000697,ft_evt_0051,General,59000,true,2026-07-07 19:56:00
ft_tkt_0001384,ft_sal_000697,ft_evt_0051,General,59000,true,2026-07-07 19:37:00
ft_tkt_0001385,ft_sal_000697,ft_evt_0051,General,59000,true,2026-07-07 19:32:00
ft_tkt_0001386,ft_sal_000698,ft_evt_0051,General,60000,false,
ft_tkt_0001387,ft_sal_000698,ft_evt_0051,General,60000,false,
ft_tkt_0001388,ft_sal_000699,ft_evt_0051,VIP,154000,true,2026-07-07 19:55:00
ft_tkt_0001389,ft_sal_000700,ft_evt_0051,Preferencial,100000,true,2026-07-07 20:06:00
ft_tkt_0001390,ft_sal_000701,ft_evt_0051,Preferencial,95000,true,2026-07-07 20:03:00
ft_tkt_0001391,ft_sal_000701,ft_evt_0051,Preferencial,95000,true,2026-07-07 19:36:00
ft_tkt_0001392,ft_sal_000702,ft_evt_0051,General,55000,true,2026-07-07 19:53:00
ft_tkt_0001393,ft_sal_000702,ft_evt_0051,General,55000,true,2026-07-07 19:37:00
ft_tkt_0001394,ft_sal_000703,ft_evt_0051,VIP,136000,true,2026-07-07 20:11:00
ft_tkt_0001395,ft_sal_000703,ft_evt_0051,VIP,136000,true,2026-07-07 19:21:00
ft_tkt_0001396,ft_sal_000704,ft_evt_0051,General,45000,true,2026-07-07 19:56:00
ft_tkt_0001397,ft_sal_000704,ft_evt_0051,General,45000,true,2026-07-07 20:04:00
ft_tkt_0001398,ft_sal_000705,ft_evt_0051,General,63000,true,2026-07-07 20:13:00
ft_tkt_0001399,ft_sal_000705,ft_evt_0051,General,63000,true,2026-07-07 19:16:00
ft_tkt_0001400,ft_sal_000705,ft_evt_0051,General,63000,true,2026-07-07 19:48:00
ft_tkt_0001401,ft_sal_000706,ft_evt_0051,General,44000,true,2026-07-07 19:12:00
ft_tkt_0001402,ft_sal_000707,ft_evt_0051,General,44000,true,2026-07-07 20:00:00
ft_tkt_0001403,ft_sal_000707,ft_evt_0051,General,44000,false,
ft_tkt_0001404,ft_sal_000708,ft_evt_0051,Preferencial,97000,true,2026-07-07 20:16:00
ft_tkt_0001405,ft_sal_000709,ft_evt_0051,General,47000,false,
ft_tkt_0001406,ft_sal_000710,ft_evt_0051,Preferencial,90000,true,2026-07-07 19:19:00
ft_tkt_0001407,ft_sal_000710,ft_evt_0051,Preferencial,90000,true,2026-07-07 19:18:00
ft_tkt_0001408,ft_sal_000711,ft_evt_0051,VIP,141000,true,2026-07-07 19:43:00
ft_tkt_0001409,ft_sal_000712,ft_evt_0051,General,59000,true,2026-07-07 19:24:00
ft_tkt_0001410,ft_sal_000712,ft_evt_0051,General,59000,false,
ft_tkt_0001411,ft_sal_000712,ft_evt_0051,General,59000,true,2026-07-07 19:46:00
ft_tkt_0001412,ft_sal_000712,ft_evt_0051,General,59000,false,
ft_tkt_0001413,ft_sal_000713,ft_evt_0051,Preferencial,90000,true,2026-07-07 20:10:00
ft_tkt_0001414,ft_sal_000714,ft_evt_0051,General,45000,false,
ft_tkt_0001415,ft_sal_000714,ft_evt_0051,General,45000,true,2026-07-07 19:56:00
ft_tkt_0001416,ft_sal_000714,ft_evt_0051,General,45000,true,2026-07-07 19:50:00
ft_tkt_0001417,ft_sal_000715,ft_evt_0051,VIP,144000,true,2026-07-07 20:25:00
ft_tkt_0001418,ft_sal_000715,ft_evt_0051,VIP,144000,true,2026-07-07 19:18:00
ft_tkt_0001419,ft_sal_000716,ft_evt_0051,Preferencial,95000,true,2026-07-07 19:12:00
ft_tkt_0001420,ft_sal_000717,ft_evt_0051,General,64000,true,2026-07-07 19:30:00
ft_tkt_0001421,ft_sal_000717,ft_evt_0051,General,64000,true,2026-07-07 19:54:00
ft_tkt_0001422,ft_sal_000718,ft_evt_0051,General,44000,true,2026-07-07 19:53:00
ft_tkt_0001423,ft_sal_000718,ft_evt_0051,General,44000,true,2026-07-07 19:12:00
ft_tkt_0001424,ft_sal_000718,ft_evt_0051,General,44000,true,2026-07-07 20:04:00
ft_tkt_0001425,ft_sal_000718,ft_evt_0051,General,44000,true,2026-07-07 19:23:00
ft_tkt_0001426,ft_sal_000719,ft_evt_0051,General,62000,true,2026-07-07 19:21:00
ft_tkt_0001427,ft_sal_000720,ft_evt_0051,VIP,129000,true,2026-07-07 19:36:00
ft_tkt_0001428,ft_sal_000720,ft_evt_0051,VIP,129000,true,2026-07-07 20:17:00
ft_tkt_0001429,ft_sal_000721,ft_evt_0051,General,48000,true,2026-07-07 19:31:00
ft_tkt_0001430,ft_sal_000722,ft_evt_0051,Preferencial,95000,true,2026-07-07 20:06:00
ft_tkt_0001431,ft_sal_000723,ft_evt_0051,VIP,136000,true,2026-07-07 19:36:00
ft_tkt_0001432,ft_sal_000723,ft_evt_0051,VIP,136000,true,2026-07-07 19:33:00
ft_tkt_0001433,ft_sal_000723,ft_evt_0051,VIP,136000,true,2026-07-07 19:28:00
ft_tkt_0001434,ft_sal_000723,ft_evt_0051,VIP,136000,true,2026-07-07 19:26:00
ft_tkt_0001435,ft_sal_000724,ft_evt_0051,Preferencial,88000,false,
ft_tkt_0001436,ft_sal_000724,ft_evt_0051,Preferencial,88000,true,2026-07-07 19:40:00
ft_tkt_0001437,ft_sal_000724,ft_evt_0051,Preferencial,88000,false,
ft_tkt_0001438,ft_sal_000725,ft_evt_0051,General,61000,true,2026-07-07 20:01:00
ft_tkt_0001439,ft_sal_000725,ft_evt_0051,General,61000,true,2026-07-07 19:35:00
ft_tkt_0001440,ft_sal_000726,ft_evt_0051,General,42000,true,2026-07-07 19:23:00
ft_tkt_0001441,ft_sal_000726,ft_evt_0051,General,42000,true,2026-07-07 20:16:00
ft_tkt_0001442,ft_sal_000727,ft_evt_0051,General,45000,false,
ft_tkt_0001443,ft_sal_000727,ft_evt_0051,General,45000,false,
ft_tkt_0001444,ft_sal_000727,ft_evt_0051,General,45000,true,2026-07-07 20:01:00
ft_tkt_0001445,ft_sal_000727,ft_evt_0051,General,45000,true,2026-07-07 19:10:00
ft_tkt_0001446,ft_sal_000727,ft_evt_0051,General,45000,true,2026-07-07 19:18:00
ft_tkt_0001447,ft_sal_000727,ft_evt_0051,General,45000,true,2026-07-07 19:23:00
ft_tkt_0001448,ft_sal_000728,ft_evt_0051,General,59000,true,2026-07-07 20:17:00
ft_tkt_0001449,ft_sal_000729,ft_evt_0051,Preferencial,106000,false,
ft_tkt_0001450,ft_sal_000729,ft_evt_0051,Preferencial,106000,true,2026-07-07 19:15:00
ft_tkt_0001451,ft_sal_000730,ft_evt_0051,Preferencial,89000,true,2026-07-07 19:35:00
ft_tkt_0001452,ft_sal_000731,ft_evt_0051,Preferencial,96000,true,2026-07-07 19:28:00
ft_tkt_0001453,ft_sal_000731,ft_evt_0051,Preferencial,96000,true,2026-07-07 19:37:00
ft_tkt_0001454,ft_sal_000731,ft_evt_0051,Preferencial,96000,true,2026-07-07 19:37:00
ft_tkt_0001455,ft_sal_000732,ft_evt_0051,VIP,150000,true,2026-07-07 19:32:00
ft_tkt_0001456,ft_sal_000732,ft_evt_0051,VIP,150000,true,2026-07-07 19:26:00
ft_tkt_0001457,ft_sal_000733,ft_evt_0051,Preferencial,99000,true,2026-07-07 19:54:00
ft_tkt_0001458,ft_sal_000734,ft_evt_0051,VIP,140000,false,
ft_tkt_0001459,ft_sal_000735,ft_evt_0051,General,43000,true,2026-07-07 19:12:00
ft_tkt_0001460,ft_sal_000736,ft_evt_0051,General,42000,false,
ft_tkt_0001461,ft_sal_000737,ft_evt_0051,General,45000,true,2026-07-07 19:16:00
ft_tkt_0001462,ft_sal_000738,ft_evt_0051,General,60000,true,2026-07-07 19:24:00
ft_tkt_0001463,ft_sal_000738,ft_evt_0051,General,60000,true,2026-07-07 19:33:00
ft_tkt_0001464,ft_sal_000738,ft_evt_0051,General,60000,false,
ft_tkt_0001465,ft_sal_000738,ft_evt_0051,General,60000,false,
ft_tkt_0001466,ft_sal_000738,ft_evt_0051,General,60000,false,
ft_tkt_0001467,ft_sal_000738,ft_evt_0051,General,60000,true,2026-07-07 20:20:00
ft_tkt_0001468,ft_sal_000739,ft_evt_0051,General,47000,true,2026-07-07 19:42:00
ft_tkt_0001469,ft_sal_000739,ft_evt_0051,General,47000,true,2026-07-07 20:07:00
ft_tkt_0001470,ft_sal_000739,ft_evt_0051,General,47000,true,2026-07-07 19:54:00
ft_tkt_0001471,ft_sal_000739,ft_evt_0051,General,47000,true,2026-07-07 19:43:00
ft_tkt_0001472,ft_sal_000740,ft_evt_0051,General,63000,true,2026-07-07 19:26:00
ft_tkt_0001473,ft_sal_000741,ft_evt_0051,Preferencial,100000,true,2026-07-07 19:48:00
ft_tkt_0001474,ft_sal_000742,ft_evt_0051,General,61000,true,2026-07-07 19:54:00
ft_tkt_0001475,ft_sal_000743,ft_evt_0051,General,65000,true,2026-07-07 19:11:00
ft_tkt_0001476,ft_sal_000744,ft_evt_0051,General,49000,true,2026-07-07 19:17:00
ft_tkt_0001477,ft_sal_000745,ft_evt_0051,General,62000,false,
ft_tkt_0001478,ft_sal_000745,ft_evt_0051,General,62000,true,2026-07-07 19:46:00
ft_tkt_0001479,ft_sal_000745,ft_evt_0051,General,62000,false,
ft_tkt_0001480,ft_sal_000745,ft_evt_0051,General,62000,false,
ft_tkt_0001481,ft_sal_000746,ft_evt_0051,Preferencial,99000,true,2026-07-07 19:24:00
ft_tkt_0001482,ft_sal_000747,ft_evt_0051,VIP,145000,true,2026-07-07 19:21:00
ft_tkt_0001483,ft_sal_000747,ft_evt_0051,VIP,145000,false,
ft_tkt_0001484,ft_sal_000748,ft_evt_0051,General,43000,true,2026-07-07 20:11:00
ft_tkt_0001485,ft_sal_000749,ft_evt_0051,VIP,151000,false,
ft_tkt_0001486,ft_sal_000749,ft_evt_0051,VIP,151000,true,2026-07-07 20:16:00
ft_tkt_0001487,ft_sal_000750,ft_evt_0051,Cortesía,0,false,
ft_tkt_0001488,ft_sal_000750,ft_evt_0051,Cortesía,0,false,
ft_tkt_0001489,ft_sal_000751,ft_evt_0051,General,58000,false,
ft_tkt_0001490,ft_sal_000752,ft_evt_0051,General,65000,true,2026-07-07 19:44:00
ft_tkt_0001491,ft_sal_000753,ft_evt_0051,VIP,140000,true,2026-07-07 19:35:00
ft_tkt_0001492,ft_sal_000753,ft_evt_0051,VIP,140000,true,2026-07-07 19:57:00
ft_tkt_0001493,ft_sal_000753,ft_evt_0051,VIP,140000,true,2026-07-07 20:06:00
ft_tkt_0001494,ft_sal_000754,ft_evt_0051,VIP,135000,true,2026-07-07 20:04:00
ft_tkt_0001495,ft_sal_000754,ft_evt_0051,VIP,135000,true,2026-07-07 19:37:00
ft_tkt_0001496,ft_sal_000755,ft_evt_0051,General,45000,true,2026-07-07 19:49:00
ft_tkt_0001497,ft_sal_000755,ft_evt_0051,General,45000,true,2026-07-07 19:42:00
ft_tkt_0001498,ft_sal_000755,ft_evt_0051,General,45000,true,2026-07-07 19:36:00
ft_tkt_0001499,ft_sal_000755,ft_evt_0051,General,45000,false,
ft_tkt_0001500,ft_sal_000756,ft_evt_0051,General,58000,true,2026-07-07 19:54:00
ft_tkt_0001501,ft_sal_000756,ft_evt_0051,General,58000,false,
ft_tkt_0001502,ft_sal_000757,ft_evt_0051,General,49000,true,2026-07-07 20:03:00
ft_tkt_0001503,ft_sal_000757,ft_evt_0051,General,49000,true,2026-07-07 20:16:00
ft_tkt_0001504,ft_sal_000758,ft_evt_0051,General,62000,true,2026-07-07 19:33:00
ft_tkt_0001505,ft_sal_000759,ft_evt_0051,General,56000,true,2026-07-07 19:36:00
ft_tkt_0001506,ft_sal_000759,ft_evt_0051,General,56000,true,2026-07-07 20:21:00
ft_tkt_0001507,ft_sal_000759,ft_evt_0051,General,56000,true,2026-07-07 20:21:00
ft_tkt_0001508,ft_sal_000759,ft_evt_0051,General,56000,true,2026-07-07 19:11:00
ft_tkt_0001509,ft_sal_000759,ft_evt_0051,General,56000,false,
ft_tkt_0001510,ft_sal_000759,ft_evt_0051,General,56000,true,2026-07-07 19:19:00
ft_tkt_0001511,ft_sal_000760,ft_evt_0051,General,45000,false,
ft_tkt_0001512,ft_sal_000761,ft_evt_0051,VIP,131000,true,2026-07-07 20:01:00
ft_tkt_0001513,ft_sal_000762,ft_evt_0051,General,41000,false,
ft_tkt_0001514,ft_sal_000763,ft_evt_0051,Preferencial,95000,true,2026-07-07 19:31:00
ft_tkt_0001515,ft_sal_000764,ft_evt_0051,Cortesía,0,false,
ft_tkt_0001516,ft_sal_000765,ft_evt_0051,VIP,146000,true,2026-07-07 19:55:00
ft_tkt_0001517,ft_sal_000766,ft_evt_0051,General,45000,true,2026-07-07 20:09:00
ft_tkt_0001518,ft_sal_000766,ft_evt_0051,General,45000,true,2026-07-07 19:50:00
ft_tkt_0001519,ft_sal_000766,ft_evt_0051,General,45000,true,2026-07-07 19:31:00
ft_tkt_0001520,ft_sal_000767,ft_evt_0051,Preferencial,96000,true,2026-07-07 19:45:00
ft_tkt_0001521,ft_sal_000767,ft_evt_0051,Preferencial,96000,true,2026-07-07 20:19:00
ft_tkt_0001522,ft_sal_000767,ft_evt_0051,Preferencial,96000,false,
ft_tkt_0001523,ft_sal_000767,ft_evt_0051,Preferencial,96000,true,2026-07-07 20:01:00
ft_tkt_0001524,ft_sal_000767,ft_evt_0051,Preferencial,96000,true,2026-07-07 19:45:00
ft_tkt_0001525,ft_sal_000767,ft_evt_0051,Preferencial,96000,true,2026-07-07 19:50:00
ft_tkt_0001526,ft_sal_000768,ft_evt_0051,General,42000,false,
ft_tkt_0001527,ft_sal_000769,ft_evt_0051,Preferencial,101000,true,2026-07-07 20:13:00
ft_tkt_0001528,ft_sal_000769,ft_evt_0051,Preferencial,101000,true,2026-07-07 19:12:00
ft_tkt_0001529,ft_sal_000770,ft_evt_0051,General,44000,true,2026-07-07 19:29:00
ft_tkt_0001530,ft_sal_000770,ft_evt_0051,General,44000,true,2026-07-07 20:00:00
ft_tkt_0001531,ft_sal_000771,ft_evt_0051,General,42000,true,2026-07-07 20:01:00
ft_tkt_0001532,ft_sal_000772,ft_evt_0051,General,65000,true,2026-07-07 19:28:00
ft_tkt_0001533,ft_sal_000772,ft_evt_0051,General,65000,true,2026-07-07 20:18:00
ft_tkt_0001534,ft_sal_000773,ft_evt_0051,General,42000,true,2026-07-07 20:20:00
ft_tkt_0001535,ft_sal_000773,ft_evt_0051,General,42000,false,
ft_tkt_0001536,ft_sal_000774,ft_evt_0051,General,47000,true,2026-07-07 19:14:00
ft_tkt_0001537,ft_sal_000774,ft_evt_0051,General,47000,true,2026-07-07 19:14:00
ft_tkt_0001538,ft_sal_000775,ft_evt_0051,Preferencial,95000,true,2026-07-07 19:30:00
ft_tkt_0001539,ft_sal_000776,ft_evt_0051,General,46000,false,
ft_tkt_0001540,ft_sal_000777,ft_evt_0051,General,56000,true,2026-07-07 19:28:00
ft_tkt_0001541,ft_sal_000777,ft_evt_0051,General,56000,true,2026-07-07 19:38:00
ft_tkt_0001542,ft_sal_000777,ft_evt_0051,General,56000,true,2026-07-07 19:22:00
ft_tkt_0001543,ft_sal_000778,ft_evt_0051,General,46000,true,2026-07-07 20:17:00
ft_tkt_0001544,ft_sal_000779,ft_evt_0051,General,62000,true,2026-07-07 19:52:00
ft_tkt_0001545,ft_sal_000780,ft_evt_0051,Preferencial,101000,true,2026-07-07 20:20:00
ft_tkt_0001546,ft_sal_000781,ft_evt_0051,Preferencial,88000,true,2026-07-07 20:22:00
ft_tkt_0001547,ft_sal_000782,ft_evt_0051,Preferencial,94000,false,
ft_tkt_0001548,ft_sal_000783,ft_evt_0051,General,47000,true,2026-07-07 19:15:00
ft_tkt_0001549,ft_sal_000783,ft_evt_0051,General,47000,false,
ft_tkt_0001550,ft_sal_000783,ft_evt_0051,General,47000,true,2026-07-07 19:17:00
ft_tkt_0001551,ft_sal_000784,ft_evt_0051,VIP,143000,false,
ft_tkt_0001552,ft_sal_000785,ft_evt_0051,Preferencial,86000,true,2026-07-07 20:19:00
ft_tkt_0001553,ft_sal_000785,ft_evt_0051,Preferencial,86000,true,2026-07-07 20:24:00
ft_tkt_0001554,ft_sal_000786,ft_evt_0051,Preferencial,93000,true,2026-07-07 19:42:00
ft_tkt_0001555,ft_sal_000786,ft_evt_0051,Preferencial,93000,true,2026-07-07 19:42:00
ft_tkt_0001556,ft_sal_000787,ft_evt_0051,General,42000,true,2026-07-07 19:32:00
ft_tkt_0001557,ft_sal_000788,ft_evt_0051,General,58000,true,2026-07-07 19:47:00
ft_tkt_0001558,ft_sal_000789,ft_evt_0051,VIP,138000,true,2026-07-07 19:24:00
ft_tkt_0001559,ft_sal_000790,ft_evt_0051,General,64000,true,2026-07-07 19:21:00
ft_tkt_0001560,ft_sal_000791,ft_evt_0051,General,46000,false,
ft_tkt_0001561,ft_sal_000791,ft_evt_0051,General,46000,true,2026-07-07 20:02:00
ft_tkt_0001562,ft_sal_000792,ft_evt_0051,General,45000,true,2026-07-07 20:11:00
ft_tkt_0001563,ft_sal_000793,ft_evt_0051,Cortesía,0,true,2026-07-07 20:03:00
ft_tkt_0001564,ft_sal_000793,ft_evt_0051,Cortesía,0,true,2026-07-07 20:23:00
ft_tkt_0001565,ft_sal_000793,ft_evt_0051,Cortesía,0,false,
ft_tkt_0001566,ft_sal_000794,ft_evt_0051,General,58000,true,2026-07-07 20:10:00
ft_tkt_0001567,ft_sal_000795,ft_evt_0051,General,47000,true,2026-07-07 19:20:00
ft_tkt_0001568,ft_sal_000795,ft_evt_0051,General,47000,true,2026-07-07 20:04:00
ft_tkt_0001569,ft_sal_000796,ft_evt_0051,General,43000,true,2026-07-07 19:43:00
ft_tkt_0001570,ft_sal_000797,ft_evt_0051,General,63000,false,
ft_tkt_0001571,ft_sal_000798,ft_evt_0051,General,47000,true,2026-07-07 20:12:00
ft_tkt_0001572,ft_sal_000798,ft_evt_0051,General,47000,true,2026-07-07 19:45:00
ft_tkt_0001573,ft_sal_000799,ft_evt_0051,General,43000,true,2026-07-07 19:51:00
ft_tkt_0001574,ft_sal_000799,ft_evt_0051,General,43000,true,2026-07-07 19:15:00
ft_tkt_0001575,ft_sal_000800,ft_evt_0051,General,45000,true,2026-07-07 19:10:00
ft_tkt_0001576,ft_sal_000801,ft_evt_0051,General,58000,true,2026-07-07 19:23:00
ft_tkt_0001577,ft_sal_000801,ft_evt_0051,General,58000,true,2026-07-07 19:31:00
ft_tkt_0001578,ft_sal_000801,ft_evt_0051,General,58000,true,2026-07-07 19:22:00
ft_tkt_0001579,ft_sal_000802,ft_evt_0051,General,47000,true,2026-07-07 19:28:00
ft_tkt_0001580,ft_sal_000803,ft_evt_0051,General,43000,true,2026-07-07 20:25:00
ft_tkt_0001581,ft_sal_000804,ft_evt_0051,General,46000,false,
ft_tkt_0001582,ft_sal_000805,ft_evt_0051,Preferencial,101000,true,2026-07-07 20:00:00
ft_tkt_0001583,ft_sal_000805,ft_evt_0051,Preferencial,101000,true,2026-07-07 19:29:00
ft_tkt_0001584,ft_sal_000805,ft_evt_0051,Preferencial,101000,false,
ft_tkt_0001585,ft_sal_000806,ft_evt_0051,VIP,147000,true,2026-07-07 19:15:00
ft_tkt_0001586,ft_sal_000806,ft_evt_0051,VIP,147000,false,
ft_tkt_0001587,ft_sal_000806,ft_evt_0051,VIP,147000,true,2026-07-07 20:24:00
ft_tkt_0001588,ft_sal_000807,ft_evt_0051,General,60000,true,2026-07-07 19:21:00
ft_tkt_0001589,ft_sal_000807,ft_evt_0051,General,60000,true,2026-07-07 19:59:00
ft_tkt_0001590,ft_sal_000807,ft_evt_0051,General,60000,true,2026-07-07 19:20:00
ft_tkt_0001591,ft_sal_000807,ft_evt_0051,General,60000,true,2026-07-07 19:44:00
ft_tkt_0001592,ft_sal_000808,ft_evt_0051,General,45000,false,
ft_tkt_0001593,ft_sal_000809,ft_evt_0051,Preferencial,94000,true,2026-07-07 20:11:00
ft_tkt_0001594,ft_sal_000809,ft_evt_0051,Preferencial,94000,true,2026-07-07 19:41:00
ft_tkt_0001595,ft_sal_000810,ft_evt_0051,General,42000,true,2026-07-07 20:10:00
ft_tkt_0001596,ft_sal_000810,ft_evt_0051,General,42000,true,2026-07-07 19:49:00
ft_tkt_0001597,ft_sal_000811,ft_evt_0051,General,48000,true,2026-07-07 19:53:00
ft_tkt_0001598,ft_sal_000812,ft_evt_0051,General,42000,true,2026-07-07 20:14:00
ft_tkt_0001599,ft_sal_000812,ft_evt_0051,General,42000,true,2026-07-07 20:22:00
ft_tkt_0001600,ft_sal_000813,ft_evt_0051,General,46000,true,2026-07-07 19:22:00
ft_tkt_0001601,ft_sal_000813,ft_evt_0051,General,46000,true,2026-07-07 20:00:00
ft_tkt_0001602,ft_sal_000814,ft_evt_0051,General,60000,false,
ft_tkt_0001603,ft_sal_000814,ft_evt_0051,General,60000,true,2026-07-07 19:13:00
ft_tkt_0001604,ft_sal_000814,ft_evt_0051,General,60000,false,
ft_tkt_0001605,ft_sal_000815,ft_evt_0051,General,48000,false,
ft_tkt_0001606,ft_sal_000816,ft_evt_0051,General,54000,true,2026-07-07 20:13:00
ft_tkt_0001607,ft_sal_000816,ft_evt_0051,General,54000,true,2026-07-07 20:08:00
ft_tkt_0001608,ft_sal_000816,ft_evt_0051,General,54000,false,
ft_tkt_0001609,ft_sal_000816,ft_evt_0051,General,54000,true,2026-07-07 20:18:00
ft_tkt_0001610,ft_sal_000817,ft_evt_0051,VIP,148000,true,2026-07-07 19:52:00
ft_tkt_0001611,ft_sal_000818,ft_evt_0051,General,42000,true,2026-07-07 19:58:00
ft_tkt_0001612,ft_sal_000819,ft_evt_0051,Preferencial,101000,false,
ft_tkt_0001613,ft_sal_000820,ft_evt_0051,General,44000,true,2026-07-07 19:46:00
ft_tkt_0001614,ft_sal_000821,ft_evt_0051,Preferencial,100000,true,2026-07-07 20:19:00
ft_tkt_0001615,ft_sal_000822,ft_evt_0051,Preferencial,92000,false,
ft_tkt_0001616,ft_sal_000822,ft_evt_0051,Preferencial,92000,true,2026-07-07 19:14:00
ft_tkt_0001617,ft_sal_000823,ft_evt_0051,VIP,146000,true,2026-07-07 19:31:00
ft_tkt_0001618,ft_sal_000824,ft_evt_0051,General,57000,true,2026-07-07 19:51:00
ft_tkt_0001619,ft_sal_000825,ft_evt_0051,VIP,132000,true,2026-07-07 19:40:00
ft_tkt_0001620,ft_sal_000825,ft_evt_0051,VIP,132000,true,2026-07-07 20:25:00
ft_tkt_0001621,ft_sal_000826,ft_evt_0051,General,61000,true,2026-07-07 20:09:00
ft_tkt_0001622,ft_sal_000826,ft_evt_0051,General,61000,true,2026-07-07 19:36:00
ft_tkt_0001623,ft_sal_000826,ft_evt_0051,General,61000,true,2026-07-07 19:24:00
ft_tkt_0001624,ft_sal_000826,ft_evt_0051,General,61000,true,2026-07-07 20:12:00
ft_tkt_0001625,ft_sal_000827,ft_evt_0051,General,41000,true,2026-07-07 19:44:00
ft_tkt_0001626,ft_sal_000828,ft_evt_0051,Preferencial,102000,true,2026-07-07 19:59:00
ft_tkt_0001627,ft_sal_000829,ft_evt_0051,General,49000,true,2026-07-07 20:17:00
ft_tkt_0001628,ft_sal_000829,ft_evt_0051,General,49000,true,2026-07-07 19:42:00
ft_tkt_0001629,ft_sal_000829,ft_evt_0051,General,49000,true,2026-07-07 20:07:00
ft_tkt_0001630,ft_sal_000830,ft_evt_0051,General,50000,true,2026-07-07 19:40:00
ft_tkt_0001631,ft_sal_000831,ft_evt_0051,General,48000,false,
ft_tkt_0001632,ft_sal_000832,ft_evt_0051,General,61000,true,2026-07-07 20:00:00
ft_tkt_0001633,ft_sal_000833,ft_evt_0051,General,45000,true,2026-07-07 20:02:00
ft_tkt_0001634,ft_sal_000833,ft_evt_0051,General,45000,true,2026-07-07 19:40:00
ft_tkt_0001635,ft_sal_000833,ft_evt_0051,General,45000,true,2026-07-07 20:08:00
ft_tkt_0001636,ft_sal_000834,ft_evt_0051,VIP,147000,true,2026-07-07 20:07:00
ft_tkt_0001637,ft_sal_000834,ft_evt_0051,VIP,147000,true,2026-07-07 20:18:00
ft_tkt_0001638,ft_sal_000834,ft_evt_0051,VIP,147000,true,2026-07-07 20:04:00
ft_tkt_0001639,ft_sal_000835,ft_evt_0051,Preferencial,98000,true,2026-07-07 19:26:00
ft_tkt_0001640,ft_sal_000835,ft_evt_0051,Preferencial,98000,true,2026-07-07 19:21:00
ft_tkt_0001641,ft_sal_000836,ft_evt_0051,Preferencial,100000,false,
ft_tkt_0001642,ft_sal_000837,ft_evt_0051,Preferencial,98000,true,2026-07-07 19:30:00
ft_tkt_0001643,ft_sal_000837,ft_evt_0051,Preferencial,98000,true,2026-07-07 20:07:00
ft_tkt_0001644,ft_sal_000838,ft_evt_0051,General,60000,false,
ft_tkt_0001645,ft_sal_000838,ft_evt_0051,General,60000,true,2026-07-07 20:07:00
ft_tkt_0001646,ft_sal_000839,ft_evt_0051,Preferencial,91000,true,2026-07-07 19:15:00
ft_tkt_0001647,ft_sal_000840,ft_evt_0051,General,44000,true,2026-07-07 19:49:00
ft_tkt_0001648,ft_sal_000841,ft_evt_0051,General,64000,true,2026-07-07 19:33:00
ft_tkt_0001649,ft_sal_000841,ft_evt_0051,General,64000,true,2026-07-07 19:16:00
ft_tkt_0001650,ft_sal_000841,ft_evt_0051,General,64000,true,2026-07-07 20:22:00
ft_tkt_0001651,ft_sal_000841,ft_evt_0051,General,64000,true,2026-07-07 20:25:00
ft_tkt_0001652,ft_sal_000842,ft_evt_0051,General,42000,true,2026-07-07 19:16:00
ft_tkt_0001653,ft_sal_000842,ft_evt_0051,General,42000,true,2026-07-07 19:22:00
ft_tkt_0001654,ft_sal_000842,ft_evt_0051,General,42000,true,2026-07-07 20:02:00
ft_tkt_0001655,ft_sal_000843,ft_evt_0051,Preferencial,93000,false,
ft_tkt_0001656,ft_sal_000843,ft_evt_0051,Preferencial,93000,true,2026-07-07 19:32:00
ft_tkt_0001657,ft_sal_000844,ft_evt_0051,General,46000,true,2026-07-07 19:13:00
ft_tkt_0001658,ft_sal_000845,ft_evt_0051,General,45000,true,2026-07-07 20:00:00
ft_tkt_0001659,ft_sal_000846,ft_evt_0051,Preferencial,98000,true,2026-07-07 20:12:00
ft_tkt_0001660,ft_sal_000847,ft_evt_0051,General,62000,true,2026-07-07 20:04:00
ft_tkt_0001661,ft_sal_000848,ft_evt_0051,Preferencial,100000,true,2026-07-07 20:03:00
ft_tkt_0001662,ft_sal_000848,ft_evt_0051,Preferencial,100000,true,2026-07-07 19:46:00
ft_tkt_0001663,ft_sal_000849,ft_evt_0051,General,42000,false,
ft_tkt_0001664,ft_sal_000849,ft_evt_0051,General,42000,true,2026-07-07 19:47:00
ft_tkt_0001665,ft_sal_000850,ft_evt_0051,Preferencial,97000,true,2026-07-07 19:38:00
ft_tkt_0001666,ft_sal_000851,ft_evt_0051,General,43000,true,2026-07-07 19:24:00
ft_tkt_0001667,ft_sal_000852,ft_evt_0051,General,58000,false,
ft_tkt_0001668,ft_sal_000852,ft_evt_0051,General,58000,true,2026-07-07 19:49:00
ft_tkt_0001669,ft_sal_000853,ft_evt_0051,General,42000,true,2026-07-07 19:37:00
ft_tkt_0001670,ft_sal_000853,ft_evt_0051,General,42000,true,2026-07-07 20:17:00
ft_tkt_0001671,ft_sal_000854,ft_evt_0051,General,55000,true,2026-07-07 19:23:00
ft_tkt_0001672,ft_sal_000855,ft_evt_0051,General,44000,true,2026-07-07 19:12:00
ft_tkt_0001673,ft_sal_000856,ft_evt_0051,Cortesía,0,false,
ft_tkt_0001674,ft_sal_000857,ft_evt_0051,General,62000,true,2026-07-07 19:34:00
ft_tkt_0001675,ft_sal_000857,ft_evt_0051,General,62000,true,2026-07-07 19:43:00
ft_tkt_0001676,ft_sal_000858,ft_evt_0051,VIP,149000,true,2026-07-07 19:10:00
ft_tkt_0001677,ft_sal_000859,ft_evt_0051,General,61000,true,2026-07-07 19:12:00
ft_tkt_0001678,ft_sal_000859,ft_evt_0051,General,61000,true,2026-07-07 19:25:00
ft_tkt_0001679,ft_sal_000860,ft_evt_0051,General,46000,true,2026-07-07 19:13:00
ft_tkt_0001680,ft_sal_000860,ft_evt_0051,General,46000,true,2026-07-07 19:38:00
ft_tkt_0001681,ft_sal_000860,ft_evt_0051,General,46000,true,2026-07-07 19:20:00
ft_tkt_0001682,ft_sal_000861,ft_evt_0051,Preferencial,97000,true,2026-07-07 19:50:00
ft_tkt_0001683,ft_sal_000862,ft_evt_0051,General,63000,true,2026-07-07 19:34:00
ft_tkt_0001684,ft_sal_000862,ft_evt_0051,General,63000,true,2026-07-07 19:31:00
ft_tkt_0001685,ft_sal_000862,ft_evt_0051,General,63000,true,2026-07-07 19:49:00
ft_tkt_0001686,ft_sal_000862,ft_evt_0051,General,63000,true,2026-07-07 20:09:00
ft_tkt_0001687,ft_sal_000863,ft_evt_0051,General,60000,true,2026-07-07 19:27:00
ft_tkt_0001688,ft_sal_000864,ft_evt_0051,General,46000,true,2026-07-07 19:59:00
ft_tkt_0001689,ft_sal_000865,ft_evt_0051,General,47000,false,
ft_tkt_0001690,ft_sal_000866,ft_evt_0051,General,58000,false,
ft_tkt_0001691,ft_sal_000866,ft_evt_0051,General,58000,false,
ft_tkt_0001692,ft_sal_000867,ft_evt_0051,General,43000,true,2026-07-07 20:21:00
ft_tkt_0001693,ft_sal_000868,ft_evt_0051,VIP,134000,true,2026-07-07 19:19:00
ft_tkt_0001694,ft_sal_000868,ft_evt_0051,VIP,134000,true,2026-07-07 19:54:00
ft_tkt_0001695,ft_sal_000869,ft_evt_0051,VIP,145000,false,
ft_tkt_0001696,ft_sal_000870,ft_evt_0051,General,49000,false,
ft_tkt_0001697,ft_sal_000871,ft_evt_0051,General,48000,true,2026-07-07 19:52:00
ft_tkt_0001698,ft_sal_000871,ft_evt_0051,General,48000,true,2026-07-07 19:20:00
ft_tkt_0001699,ft_sal_000871,ft_evt_0051,General,48000,true,2026-07-07 19:56:00
ft_tkt_0001700,ft_sal_000872,ft_evt_0051,Preferencial,93000,true,2026-07-07 19:41:00
ft_tkt_0001701,ft_sal_000873,ft_evt_0051,Preferencial,100000,true,2026-07-07 20:16:00
ft_tkt_0001702,ft_sal_000874,ft_evt_0051,General,44000,true,2026-07-07 19:49:00
ft_tkt_0001703,ft_sal_000874,ft_evt_0051,General,44000,true,2026-07-07 20:05:00
ft_tkt_0001704,ft_sal_000874,ft_evt_0051,General,44000,true,2026-07-07 19:44:00
ft_tkt_0001705,ft_sal_000874,ft_evt_0051,General,44000,false,
ft_tkt_0001706,ft_sal_000875,ft_evt_0051,General,48000,true,2026-07-07 19:30:00
ft_tkt_0001707,ft_sal_000876,ft_evt_0051,VIP,142000,true,2026-07-07 20:09:00
ft_tkt_0001708,ft_sal_000876,ft_evt_0051,VIP,142000,true,2026-07-07 20:02:00
ft_tkt_0001709,ft_sal_000876,ft_evt_0051,VIP,142000,false,
ft_tkt_0001710,ft_sal_000876,ft_evt_0051,VIP,142000,true,2026-07-07 20:03:00
ft_tkt_0001711,ft_sal_000877,ft_evt_0051,General,61000,true,2026-07-07 19:58:00
ft_tkt_0001712,ft_sal_000878,ft_evt_0051,General,47000,true,2026-07-07 19:35:00
ft_tkt_0001713,ft_sal_000878,ft_evt_0051,General,47000,true,2026-07-07 19:14:00
ft_tkt_0001714,ft_sal_000878,ft_evt_0051,General,47000,true,2026-07-07 19:29:00
ft_tkt_0001715,ft_sal_000878,ft_evt_0051,General,47000,true,2026-07-07 19:32:00
ft_tkt_0001716,ft_sal_000879,ft_evt_0051,VIP,131000,false,
ft_tkt_0001717,ft_sal_000880,ft_evt_0051,General,42000,true,2026-07-07 20:21:00
ft_tkt_0001718,ft_sal_000880,ft_evt_0051,General,42000,true,2026-07-07 19:16:00
ft_tkt_0001719,ft_sal_000880,ft_evt_0051,General,42000,true,2026-07-07 19:24:00
ft_tkt_0001720,ft_sal_000881,ft_evt_0051,General,56000,false,
ft_tkt_0001721,ft_sal_000882,ft_evt_0051,General,64000,true,2026-07-07 19:25:00
ft_tkt_0001722,ft_sal_000882,ft_evt_0051,General,64000,true,2026-07-07 20:00:00
ft_tkt_0001723,ft_sal_000883,ft_evt_0051,General,57000,true,2026-07-07 20:07:00
ft_tkt_0001724,ft_sal_000883,ft_evt_0051,General,57000,true,2026-07-07 19:36:00
ft_tkt_0001725,ft_sal_000883,ft_evt_0051,General,57000,true,2026-07-07 19:41:00
ft_tkt_0001726,ft_sal_000883,ft_evt_0051,General,57000,true,2026-07-07 19:29:00
ft_tkt_0001727,ft_sal_000884,ft_evt_0051,VIP,143000,true,2026-07-07 19:59:00
ft_tkt_0001728,ft_sal_000885,ft_evt_0051,General,43000,true,2026-07-07 19:56:00
ft_tkt_0001729,ft_sal_000885,ft_evt_0051,General,43000,true,2026-07-07 19:34:00
ft_tkt_0001730,ft_sal_000885,ft_evt_0051,General,43000,true,2026-07-07 19:24:00
ft_tkt_0001731,ft_sal_000886,ft_evt_0051,General,56000,true,2026-07-07 20:14:00
ft_tkt_0001732,ft_sal_000887,ft_evt_0051,General,65000,true,2026-07-07 20:23:00
ft_tkt_0001733,ft_sal_000888,ft_evt_0051,Preferencial,95000,false,
ft_tkt_0001734,ft_sal_000888,ft_evt_0051,Preferencial,95000,false,
ft_tkt_0001735,ft_sal_000889,ft_evt_0051,Cortesía,0,false,
ft_tkt_0001736,ft_sal_000890,ft_evt_0051,General,46000,false,
ft_tkt_0001737,ft_sal_000891,ft_evt_0051,General,44000,true,2026-07-07 20:25:00
ft_tkt_0001738,ft_sal_000892,ft_evt_0051,Cortesía,0,true,2026-07-07 19:28:00
ft_tkt_0001739,ft_sal_000893,ft_evt_0051,Cortesía,0,false,
ft_tkt_0001740,ft_sal_000894,ft_evt_0051,General,45000,true,2026-07-07 20:15:00
ft_tkt_0001741,ft_sal_000894,ft_evt_0051,General,45000,true,2026-07-07 19:33:00
ft_tkt_0001742,ft_sal_000895,ft_evt_0051,Preferencial,100000,true,2026-07-07 19:41:00
ft_tkt_0001743,ft_sal_000895,ft_evt_0051,Preferencial,100000,false,
ft_tkt_0001744,ft_sal_000895,ft_evt_0051,Preferencial,100000,true,2026-07-07 19:15:00
ft_tkt_0001745,ft_sal_000895,ft_evt_0051,Preferencial,100000,true,2026-07-07 19:49:00
ft_tkt_0001746,ft_sal_000895,ft_evt_0051,Preferencial,100000,true,2026-07-07 19:13:00
ft_tkt_0001747,ft_sal_000895,ft_evt_0051,Preferencial,100000,true,2026-07-07 20:22:00
ft_tkt_0001748,ft_sal_000896,ft_evt_0051,General,45000,true,2026-07-07 20:25:00
ft_tkt_0001749,ft_sal_000897,ft_evt_0051,General,45000,false,
ft_tkt_0001750,ft_sal_000898,ft_evt_0051,General,48000,true,2026-07-07 19:28:00
ft_tkt_0001751,ft_sal_000899,ft_evt_0051,Cortesía,0,false,
ft_tkt_0001752,ft_sal_000900,ft_evt_0051,General,42000,true,2026-07-07 19:38:00
ft_tkt_0001753,ft_sal_000900,ft_evt_0051,General,42000,true,2026-07-07 19:15:00
ft_tkt_0001754,ft_sal_000901,ft_evt_0051,Preferencial,92000,true,2026-07-07 20:11:00
ft_tkt_0001755,ft_sal_000901,ft_evt_0051,Preferencial,92000,true,2026-07-07 19:32:00
ft_tkt_0001756,ft_sal_000902,ft_evt_0051,General,65000,true,2026-07-07 19:31:00
ft_tkt_0001757,ft_sal_000903,ft_evt_0051,General,47000,true,2026-07-07 19:51:00
ft_tkt_0001758,ft_sal_000903,ft_evt_0051,General,47000,true,2026-07-07 20:07:00
ft_tkt_0001759,ft_sal_000904,ft_evt_0051,General,42000,true,2026-07-07 19:32:00
ft_tkt_0001760,ft_sal_000905,ft_evt_0051,Cortesía,0,true,2026-07-07 20:09:00
ft_tkt_0001761,ft_sal_000905,ft_evt_0051,Cortesía,0,true,2026-07-07 20:21:00
ft_tkt_0001762,ft_sal_000906,ft_evt_0051,Preferencial,94000,true,2026-07-07 19:35:00
ft_tkt_0001763,ft_sal_000906,ft_evt_0051,Preferencial,94000,true,2026-07-07 20:11:00
ft_tkt_0001764,ft_sal_000907,ft_evt_0051,General,57000,true,2026-07-07 19:13:00
ft_tkt_0001765,ft_sal_000907,ft_evt_0051,General,57000,true,2026-07-07 19:13:00
ft_tkt_0001766,ft_sal_000908,ft_evt_0051,General,62000,true,2026-07-07 19:46:00
ft_tkt_0001767,ft_sal_000908,ft_evt_0051,General,62000,true,2026-07-07 20:04:00
ft_tkt_0001768,ft_sal_000908,ft_evt_0051,General,62000,true,2026-07-07 20:25:00
ft_tkt_0001769,ft_sal_000908,ft_evt_0051,General,62000,true,2026-07-07 19:13:00
ft_tkt_0001770,ft_sal_000908,ft_evt_0051,General,62000,true,2026-07-07 19:45:00
ft_tkt_0001771,ft_sal_000908,ft_evt_0051,General,62000,true,2026-07-07 20:03:00
ft_tkt_0001772,ft_sal_000909,ft_evt_0051,General,47000,true,2026-07-07 19:13:00
ft_tkt_0001773,ft_sal_000909,ft_evt_0051,General,47000,false,
ft_tkt_0001774,ft_sal_000909,ft_evt_0051,General,47000,true,2026-07-07 20:06:00
ft_tkt_0001775,ft_sal_000910,ft_evt_0051,General,47000,true,2026-07-07 19:37:00
ft_tkt_0001776,ft_sal_000911,ft_evt_0051,General,45000,true,2026-07-07 19:36:00
ft_tkt_0001777,ft_sal_000912,ft_evt_0051,Preferencial,104000,true,2026-07-07 19:10:00
ft_tkt_0001778,ft_sal_000912,ft_evt_0051,Preferencial,104000,true,2026-07-07 19:22:00
ft_tkt_0001779,ft_sal_000913,ft_evt_0051,Preferencial,94000,false,
ft_tkt_0001780,ft_sal_000913,ft_evt_0051,Preferencial,94000,true,2026-07-07 19:51:00
ft_tkt_0001781,ft_sal_000914,ft_evt_0051,General,45000,true,2026-07-07 19:43:00
ft_tkt_0001782,ft_sal_000914,ft_evt_0051,General,45000,true,2026-07-07 19:58:00
ft_tkt_0001783,ft_sal_000915,ft_evt_0051,General,41000,true,2026-07-07 19:44:00
ft_tkt_0001784,ft_sal_000916,ft_evt_0051,General,47000,true,2026-07-07 20:23:00
ft_tkt_0001785,ft_sal_000916,ft_evt_0051,General,47000,false,
ft_tkt_0001786,ft_sal_000916,ft_evt_0051,General,47000,false,
ft_tkt_0001787,ft_sal_000916,ft_evt_0051,General,47000,true,2026-07-07 19:47:00
ft_tkt_0001788,ft_sal_000917,ft_evt_0051,General,65000,false,
ft_tkt_0001789,ft_sal_000918,ft_evt_0051,General,60000,true,2026-07-07 19:53:00
ft_tkt_0001790,ft_sal_000919,ft_evt_0051,General,43000,true,2026-07-07 19:44:00
ft_tkt_0001791,ft_sal_000919,ft_evt_0051,General,43000,false,
ft_tkt_0001792,ft_sal_000920,ft_evt_0051,Cortesía,0,true,2026-07-07 19:23:00
ft_tkt_0001793,ft_sal_000920,ft_evt_0051,Cortesía,0,true,2026-07-07 20:06:00
ft_tkt_0001794,ft_sal_000920,ft_evt_0051,Cortesía,0,true,2026-07-07 20:11:00
ft_tkt_0001795,ft_sal_000921,ft_evt_0051,General,57000,true,2026-07-07 20:24:00
ft_tkt_0001796,ft_sal_000921,ft_evt_0051,General,57000,true,2026-07-07 19:49:00
ft_tkt_0001797,ft_sal_000922,ft_evt_0051,Preferencial,93000,true,2026-07-07 20:08:00
ft_tkt_0001798,ft_sal_000922,ft_evt_0051,Preferencial,93000,true,2026-07-07 19:55:00
ft_tkt_0001799,ft_sal_000923,ft_evt_0051,General,44000,true,2026-07-07 19:24:00
ft_tkt_0001800,ft_sal_000924,ft_evt_0051,VIP,135000,false,
ft_tkt_0001801,ft_sal_000925,ft_evt_0051,General,44000,true,2026-07-07 20:08:00
ft_tkt_0001802,ft_sal_000925,ft_evt_0051,General,44000,true,2026-07-07 19:48:00
ft_tkt_0001803,ft_sal_000925,ft_evt_0051,General,44000,true,2026-07-07 20:06:00
ft_tkt_0001804,ft_sal_000926,ft_evt_0051,General,45000,true,2026-07-07 19:18:00
ft_tkt_0001805,ft_sal_000926,ft_evt_0051,General,45000,true,2026-07-07 20:13:00
ft_tkt_0001806,ft_sal_000927,ft_evt_0051,Cortesía,0,true,2026-07-07 19:22:00
ft_tkt_0001807,ft_sal_000927,ft_evt_0051,Cortesía,0,false,
ft_tkt_0001808,ft_sal_000927,ft_evt_0051,Cortesía,0,false,
ft_tkt_0001809,ft_sal_000928,ft_evt_0051,General,61000,true,2026-07-07 19:15:00
ft_tkt_0001810,ft_sal_000929,ft_evt_0051,Preferencial,89000,true,2026-07-07 19:51:00
ft_tkt_0001811,ft_sal_000930,ft_evt_0051,Cortesía,0,true,2026-07-07 19:30:00
ft_tkt_0001812,ft_sal_000930,ft_evt_0051,Cortesía,0,false,
ft_tkt_0001813,ft_sal_000930,ft_evt_0051,Cortesía,0,true,2026-07-07 19:19:00
ft_tkt_0001814,ft_sal_000930,ft_evt_0051,Cortesía,0,false,
ft_tkt_0001815,ft_sal_000930,ft_evt_0051,Cortesía,0,true,2026-07-07 19:48:00
ft_tkt_0001816,ft_sal_000930,ft_evt_0051,Cortesía,0,false,
ft_tkt_0001817,ft_sal_000931,ft_evt_0051,General,41000,true,2026-07-07 19:36:00
ft_tkt_0001818,ft_sal_000931,ft_evt_0051,General,41000,true,2026-07-07 20:06:00
ft_tkt_0001819,ft_sal_000932,ft_evt_0051,General,43000,false,
ft_tkt_0001820,ft_sal_000932,ft_evt_0051,General,43000,true,2026-07-07 19:28:00
ft_tkt_0001821,ft_sal_000933,ft_evt_0051,General,60000,true,2026-07-07 19:50:00
ft_tkt_0001822,ft_sal_000934,ft_evt_0051,General,62000,true,2026-07-07 19:59:00
ft_tkt_0001823,ft_sal_000934,ft_evt_0051,General,62000,true,2026-07-07 19:57:00
ft_tkt_0001824,ft_sal_000935,ft_evt_0051,Preferencial,95000,true,2026-07-07 19:42:00
ft_tkt_0001825,ft_sal_000935,ft_evt_0051,Preferencial,95000,true,2026-07-07 20:24:00
ft_tkt_0001826,ft_sal_000936,ft_evt_0051,General,62000,true,2026-07-07 19:21:00
ft_tkt_0001827,ft_sal_000936,ft_evt_0051,General,62000,true,2026-07-07 19:37:00
ft_tkt_0001828,ft_sal_000936,ft_evt_0051,General,62000,true,2026-07-07 19:31:00
ft_tkt_0001829,ft_sal_000936,ft_evt_0051,General,62000,true,2026-07-07 20:11:00
ft_tkt_0001830,ft_sal_000937,ft_evt_0051,General,57000,true,2026-07-07 19:15:00
ft_tkt_0001831,ft_sal_000938,ft_evt_0051,VIP,138000,true,2026-07-07 19:51:00
ft_tkt_0001832,ft_sal_000938,ft_evt_0051,VIP,138000,true,2026-07-07 20:18:00
ft_tkt_0001833,ft_sal_000938,ft_evt_0051,VIP,138000,true,2026-07-07 19:38:00
ft_tkt_0001834,ft_sal_000939,ft_evt_0051,VIP,159000,true,2026-07-07 20:17:00
ft_tkt_0001835,ft_sal_000939,ft_evt_0051,VIP,159000,true,2026-07-07 20:19:00
ft_tkt_0001836,ft_sal_000940,ft_evt_0051,General,62000,false,
ft_tkt_0001837,ft_sal_000940,ft_evt_0051,General,62000,true,2026-07-07 19:16:00
ft_tkt_0001838,ft_sal_000940,ft_evt_0051,General,62000,false,
ft_tkt_0001839,ft_sal_000940,ft_evt_0051,General,62000,true,2026-07-07 20:05:00
ft_tkt_0001840,ft_sal_000941,ft_evt_0051,Preferencial,96000,true,2026-07-07 20:08:00
ft_tkt_0001841,ft_sal_000942,ft_evt_0051,General,48000,true,2026-07-07 20:21:00
ft_tkt_0001842,ft_sal_000942,ft_evt_0051,General,48000,true,2026-07-07 20:02:00
ft_tkt_0001843,ft_sal_000943,ft_evt_0051,Preferencial,97000,true,2026-07-07 19:32:00
ft_tkt_0001844,ft_sal_000944,ft_evt_0051,Preferencial,97000,true,2026-07-07 20:06:00
ft_tkt_0001845,ft_sal_000944,ft_evt_0051,Preferencial,97000,true,2026-07-07 19:26:00
ft_tkt_0001846,ft_sal_000944,ft_evt_0051,Preferencial,97000,true,2026-07-07 19:52:00
ft_tkt_0001847,ft_sal_000945,ft_evt_0051,VIP,140000,true,2026-07-07 19:11:00
ft_tkt_0001848,ft_sal_000946,ft_evt_0051,Cortesía,0,true,2026-07-07 19:13:00
ft_tkt_0001849,ft_sal_000947,ft_evt_0051,Preferencial,94000,true,2026-07-07 19:12:00
ft_tkt_0001850,ft_sal_000948,ft_evt_0051,VIP,144000,true,2026-07-07 19:35:00
ft_tkt_0001851,ft_sal_000948,ft_evt_0051,VIP,144000,true,2026-07-07 19:14:00
ft_tkt_0001852,ft_sal_000949,ft_evt_0051,General,46000,true,2026-07-07 20:20:00
ft_tkt_0001853,ft_sal_000950,ft_evt_0051,Preferencial,97000,false,
ft_tkt_0001854,ft_sal_000950,ft_evt_0051,Preferencial,97000,true,2026-07-07 20:17:00
ft_tkt_0001855,ft_sal_000951,ft_evt_0051,General,49000,true,2026-07-07 20:05:00
ft_tkt_0001856,ft_sal_000952,ft_evt_0051,General,66000,true,2026-07-07 20:24:00
ft_tkt_0001857,ft_sal_000952,ft_evt_0051,General,66000,true,2026-07-07 19:52:00
ft_tkt_0001858,ft_sal_000953,ft_evt_0051,Preferencial,98000,false,
ft_tkt_0001859,ft_sal_000954,ft_evt_0051,General,47000,true,2026-07-07 19:19:00
ft_tkt_0001860,ft_sal_000954,ft_evt_0051,General,47000,true,2026-07-07 20:03:00
ft_tkt_0001861,ft_sal_000955,ft_evt_0051,VIP,141000,true,2026-07-07 19:30:00
ft_tkt_0001862,ft_sal_000955,ft_evt_0051,VIP,141000,true,2026-07-07 19:26:00
ft_tkt_0001863,ft_sal_000955,ft_evt_0051,VIP,141000,true,2026-07-07 19:24:00
ft_tkt_0001864,ft_sal_000956,ft_evt_0051,General,62000,true,2026-07-07 19:57:00
ft_tkt_0001865,ft_sal_000956,ft_evt_0051,General,62000,true,2026-07-07 20:11:00
ft_tkt_0001866,ft_sal_000956,ft_evt_0051,General,62000,true,2026-07-07 19:57:00
ft_tkt_0001867,ft_sal_000957,ft_evt_0051,Cortesía,0,true,2026-07-07 20:08:00
ft_tkt_0001868,ft_sal_000957,ft_evt_0051,Cortesía,0,true,2026-07-07 19:39:00
ft_tkt_0001869,ft_sal_000958,ft_evt_0051,VIP,142000,true,2026-07-07 20:20:00
ft_tkt_0001870,ft_sal_000959,ft_evt_0051,General,61000,true,2026-07-07 19:22:00
ft_tkt_0001871,ft_sal_000959,ft_evt_0051,General,61000,true,2026-07-07 19:41:00
ft_tkt_0001872,ft_sal_000959,ft_evt_0051,General,61000,true,2026-07-07 19:36:00
ft_tkt_0001873,ft_sal_000959,ft_evt_0051,General,61000,true,2026-07-07 19:44:00
ft_tkt_0001874,ft_sal_000960,ft_evt_0051,General,43000,false,
ft_tkt_0001875,ft_sal_000961,ft_evt_0051,Cortesía,0,false,
ft_tkt_0001876,ft_sal_000961,ft_evt_0051,Cortesía,0,false,
ft_tkt_0001877,ft_sal_000961,ft_evt_0051,Cortesía,0,false,
ft_tkt_0001878,ft_sal_000961,ft_evt_0051,Cortesía,0,false,
ft_tkt_0001879,ft_sal_000961,ft_evt_0051,Cortesía,0,false,
ft_tkt_0001880,ft_sal_000961,ft_evt_0051,Cortesía,0,false,
ft_tkt_0001881,ft_sal_000962,ft_evt_0051,Preferencial,98000,true,2026-07-07 19:27:00
ft_tkt_0001882,ft_sal_000963,ft_evt_0051,VIP,138000,true,2026-07-07 19:15:00
ft_tkt_0001883,ft_sal_000963,ft_evt_0051,VIP,138000,true,2026-07-07 19:48:00
ft_tkt_0001884,ft_sal_000964,ft_evt_0051,General,46000,true,2026-07-07 19:57:00
ft_tkt_0001885,ft_sal_000964,ft_evt_0051,General,46000,true,2026-07-07 20:25:00
ft_tkt_0001886,ft_sal_000965,ft_evt_0051,Preferencial,98000,true,2026-07-07 19:20:00
ft_tkt_0001887,ft_sal_000965,ft_evt_0051,Preferencial,98000,true,2026-07-07 19:18:00
ft_tkt_0001888,ft_sal_000966,ft_evt_0051,General,47000,false,
ft_tkt_0001889,ft_sal_000966,ft_evt_0051,General,47000,true,2026-07-07 19:33:00
ft_tkt_0001890,ft_sal_000967,ft_evt_0051,General,44000,true,2026-07-07 20:01:00
ft_tkt_0001891,ft_sal_000967,ft_evt_0051,General,44000,true,2026-07-07 19:25:00
ft_tkt_0001892,ft_sal_000968,ft_evt_0051,General,47000,true,2026-07-07 19:42:00
ft_tkt_0001893,ft_sal_000969,ft_evt_0051,General,65000,false,
ft_tkt_0001894,ft_sal_000969,ft_evt_0051,General,65000,false,
ft_tkt_0001895,ft_sal_000969,ft_evt_0051,General,65000,true,2026-07-07 19:37:00
ft_tkt_0001896,ft_sal_000970,ft_evt_0051,General,61000,false,
ft_tkt_0001897,ft_sal_000970,ft_evt_0051,General,61000,true,2026-07-07 19:55:00
ft_tkt_0001898,ft_sal_000971,ft_evt_0051,General,44000,true,2026-07-07 19:52:00
ft_tkt_0001899,ft_sal_000971,ft_evt_0051,General,44000,true,2026-07-07 20:14:00
ft_tkt_0001900,ft_sal_000971,ft_evt_0051,General,44000,true,2026-07-07 19:50:00
ft_tkt_0001901,ft_sal_000971,ft_evt_0051,General,44000,true,2026-07-07 19:28:00
ft_tkt_0001902,ft_sal_000971,ft_evt_0051,General,44000,true,2026-07-07 19:49:00
ft_tkt_0001903,ft_sal_000971,ft_evt_0051,General,44000,true,2026-07-07 19:25:00
ft_tkt_0001904,ft_sal_000972,ft_evt_0051,Preferencial,94000,true,2026-07-07 20:07:00
ft_tkt_0001905,ft_sal_000973,ft_evt_0051,General,61000,true,2026-07-07 20:23:00
ft_tkt_0001906,ft_sal_000973,ft_evt_0051,General,61000,true,2026-07-07 19:39:00
ft_tkt_0001907,ft_sal_000974,ft_evt_0051,General,55000,true,2026-07-07 19:55:00
ft_tkt_0001908,ft_sal_000975,ft_evt_0051,VIP,141000,true,2026-07-07 19:50:00
ft_tkt_0001909,ft_sal_000975,ft_evt_0051,VIP,141000,true,2026-07-07 20:18:00
ft_tkt_0001910,ft_sal_000976,ft_evt_0051,Cortesía,0,false,
ft_tkt_0001911,ft_sal_000976,ft_evt_0051,Cortesía,0,false,
ft_tkt_0001912,ft_sal_000976,ft_evt_0051,Cortesía,0,false,
ft_tkt_0001913,ft_sal_000977,ft_evt_0051,Preferencial,102000,true,2026-07-07 20:24:00
ft_tkt_0001914,ft_sal_000978,ft_evt_0051,General,43000,false,
ft_tkt_0001915,ft_sal_000978,ft_evt_0051,General,43000,false,
ft_tkt_0001916,ft_sal_000978,ft_evt_0051,General,43000,true,2026-07-07 19:19:00
ft_tkt_0001917,ft_sal_000978,ft_evt_0051,General,43000,true,2026-07-07 19:39:00
ft_tkt_0001918,ft_sal_000978,ft_evt_0051,General,43000,true,2026-07-07 20:06:00
ft_tkt_0001919,ft_sal_000978,ft_evt_0051,General,43000,false,
ft_tkt_0001920,ft_sal_000979,ft_evt_0051,VIP,138000,true,2026-07-07 19:31:00
ft_tkt_0001921,ft_sal_000979,ft_evt_0051,VIP,138000,true,2026-07-07 19:15:00
ft_tkt_0001922,ft_sal_000980,ft_evt_0051,General,49000,true,2026-07-07 19:40:00
ft_tkt_0001923,ft_sal_000980,ft_evt_0051,General,49000,true,2026-07-07 19:51:00
ft_tkt_0001924,ft_sal_000980,ft_evt_0051,General,49000,true,2026-07-07 19:34:00
ft_tkt_0001925,ft_sal_000980,ft_evt_0051,General,49000,true,2026-07-07 19:27:00
ft_tkt_0001926,ft_sal_000981,ft_evt_0051,General,61000,true,2026-07-07 19:24:00
ft_tkt_0001927,ft_sal_000982,ft_evt_0051,VIP,139000,true,2026-07-07 19:43:00
ft_tkt_0001928,ft_sal_000983,ft_evt_0051,General,43000,true,2026-07-07 20:20:00
ft_tkt_0001929,ft_sal_000984,ft_evt_0051,General,63000,true,2026-07-07 19:31:00
ft_tkt_0001930,ft_sal_000984,ft_evt_0051,General,63000,true,2026-07-07 19:47:00
ft_tkt_0001931,ft_sal_000984,ft_evt_0051,General,63000,true,2026-07-07 19:34:00
ft_tkt_0001932,ft_sal_000985,ft_evt_0051,General,47000,true,2026-07-07 19:24:00
ft_tkt_0001933,ft_sal_000985,ft_evt_0051,General,47000,true,2026-07-07 19:38:00
ft_tkt_0001934,ft_sal_000985,ft_evt_0051,General,47000,false,
ft_tkt_0001935,ft_sal_000986,ft_evt_0051,Preferencial,95000,true,2026-07-07 20:20:00
ft_tkt_0001936,ft_sal_000987,ft_evt_0051,General,44000,true,2026-07-07 19:53:00
ft_tkt_0001937,ft_sal_000988,ft_evt_0051,Preferencial,89000,true,2026-07-07 19:35:00
ft_tkt_0001938,ft_sal_000988,ft_evt_0051,Preferencial,89000,true,2026-07-07 19:19:00
ft_tkt_0001939,ft_sal_000989,ft_evt_0051,General,47000,true,2026-07-07 19:33:00
ft_tkt_0001940,ft_sal_000989,ft_evt_0051,General,47000,true,2026-07-07 20:23:00
ft_tkt_0001941,ft_sal_000990,ft_evt_0051,VIP,147000,true,2026-07-07 20:15:00
ft_tkt_0001942,ft_sal_000990,ft_evt_0051,VIP,147000,true,2026-07-07 19:13:00
ft_tkt_0001943,ft_sal_000990,ft_evt_0051,VIP,147000,true,2026-07-07 20:14:00
ft_tkt_0001944,ft_sal_000991,ft_evt_0051,Cortesía,0,true,2026-07-07 19:22:00
ft_tkt_0001945,ft_sal_000992,ft_evt_0051,Preferencial,95000,true,2026-07-07 19:56:00
ft_tkt_0001946,ft_sal_000993,ft_evt_0051,General,45000,true,2026-07-07 20:19:00
ft_tkt_0001947,ft_sal_000993,ft_evt_0051,General,45000,true,2026-07-07 19:59:00
ft_tkt_0001948,ft_sal_000994,ft_evt_0051,General,48000,true,2026-07-07 20:05:00
ft_tkt_0001949,ft_sal_000995,ft_evt_0051,General,44000,true,2026-07-07 20:24:00
ft_tkt_0001950,ft_sal_000996,ft_evt_0051,Preferencial,102000,true,2026-07-07 19:29:00
ft_tkt_0001951,ft_sal_000997,ft_evt_0051,VIP,141000,true,2026-07-07 19:21:00
ft_tkt_0001952,ft_sal_000998,ft_evt_0051,General,47000,true,2026-07-07 19:52:00
ft_tkt_0001953,ft_sal_000998,ft_evt_0051,General,47000,true,2026-07-07 19:20:00
ft_tkt_0001954,ft_sal_000999,ft_evt_0051,General,58000,false,
ft_tkt_0001955,ft_sal_001000,ft_evt_0051,General,62000,true,2026-07-07 19:51:00
ft_tkt_0001956,ft_sal_001001,ft_evt_0051,General,44000,true,2026-07-07 20:21:00
ft_tkt_0001957,ft_sal_001002,ft_evt_0051,General,48000,false,
ft_tkt_0001958,ft_sal_001003,ft_evt_0051,General,45000,true,2026-07-07 20:20:00
ft_tkt_0001959,ft_sal_001004,ft_evt_0051,General,44000,true,2026-07-07 20:17:00
ft_tkt_0001960,ft_sal_001005,ft_evt_0051,VIP,147000,false,
ft_tkt_0001961,ft_sal_001006,ft_evt_0051,Cortesía,0,false,
ft_tkt_0001962,ft_sal_001006,ft_evt_0051,Cortesía,0,true,2026-07-07 19:14:00
ft_tkt_0001963,ft_sal_001007,ft_evt_0051,General,61000,false,
ft_tkt_0001964,ft_sal_001007,ft_evt_0051,General,61000,true,2026-07-07 19:10:00
ft_tkt_0001965,ft_sal_001008,ft_evt_0051,Preferencial,95000,true,2026-07-07 20:18:00
ft_tkt_0001966,ft_sal_001008,ft_evt_0051,Preferencial,95000,true,2026-07-07 19:46:00
ft_tkt_0001967,ft_sal_001009,ft_evt_0051,VIP,129000,false,
ft_tkt_0001968,ft_sal_001010,ft_evt_0051,General,45000,true,2026-07-07 19:52:00
ft_tkt_0001969,ft_sal_001010,ft_evt_0051,General,45000,true,2026-07-07 20:18:00
ft_tkt_0001970,ft_sal_001011,ft_evt_0051,General,49000,true,2026-07-07 20:16:00
ft_tkt_0001971,ft_sal_001011,ft_evt_0051,General,49000,false,
ft_tkt_0001972,ft_sal_001012,ft_evt_0051,General,46000,true,2026-07-07 20:20:00
ft_tkt_0001973,ft_sal_001013,ft_evt_0051,Cortesía,0,true,2026-07-07 19:51:00
ft_tkt_0001974,ft_sal_001014,ft_evt_0051,VIP,144000,true,2026-07-07 20:09:00
ft_tkt_0001975,ft_sal_001015,ft_evt_0051,General,65000,true,2026-07-07 19:15:00
ft_tkt_0001976,ft_sal_001016,ft_evt_0051,General,64000,true,2026-07-07 19:15:00
ft_tkt_0001977,ft_sal_001016,ft_evt_0051,General,64000,true,2026-07-07 19:21:00
ft_tkt_0001978,ft_sal_001017,ft_evt_0051,Preferencial,96000,false,
ft_tkt_0001979,ft_sal_001017,ft_evt_0051,Preferencial,96000,false,
ft_tkt_0001980,ft_sal_001018,ft_evt_0051,VIP,138000,true,2026-07-07 19:35:00
ft_tkt_0001981,ft_sal_001018,ft_evt_0051,VIP,138000,true,2026-07-07 19:57:00
ft_tkt_0001982,ft_sal_001018,ft_evt_0051,VIP,138000,true,2026-07-07 19:59:00
ft_tkt_0001983,ft_sal_001018,ft_evt_0051,VIP,138000,false,
ft_tkt_0001984,ft_sal_001019,ft_evt_0051,VIP,126000,true,2026-07-07 20:23:00
ft_tkt_0001985,ft_sal_001019,ft_evt_0051,VIP,126000,true,2026-07-07 19:41:00
ft_tkt_0001986,ft_sal_001020,ft_evt_0051,Cortesía,0,false,
ft_tkt_0001987,ft_sal_001020,ft_evt_0051,Cortesía,0,false,
ft_tkt_0001988,ft_sal_001021,ft_evt_0051,General,42000,true,2026-07-07 20:04:00
ft_tkt_0001989,ft_sal_001022,ft_evt_0051,General,59000,true,2026-07-07 19:55:00
ft_tkt_0001990,ft_sal_001022,ft_evt_0051,General,59000,true,2026-07-07 19:17:00
ft_tkt_0001991,ft_sal_001022,ft_evt_0051,General,59000,true,2026-07-07 20:16:00
ft_tkt_0001992,ft_sal_001022,ft_evt_0051,General,59000,true,2026-07-07 19:10:00
ft_tkt_0001993,ft_sal_001022,ft_evt_0051,General,59000,true,2026-07-07 20:01:00
ft_tkt_0001994,ft_sal_001022,ft_evt_0051,General,59000,true,2026-07-07 19:40:00
ft_tkt_0001995,ft_sal_001023,ft_evt_0051,VIP,137000,true,2026-07-07 20:03:00
ft_tkt_0001996,ft_sal_001024,ft_evt_0051,General,57000,true,2026-07-07 19:48:00
ft_tkt_0001997,ft_sal_001024,ft_evt_0051,General,57000,false,
ft_tkt_0001998,ft_sal_001025,ft_evt_0028,General,48000,true,2026-07-08 20:18:00
ft_tkt_0001999,ft_sal_001025,ft_evt_0028,General,48000,true,2026-07-08 19:24:00
ft_tkt_0002000,ft_sal_001025,ft_evt_0028,General,48000,true,2026-07-08 20:08:00
ft_tkt_0002001,ft_sal_001025,ft_evt_0028,General,48000,true,2026-07-08 19:37:00
ft_tkt_0002002,ft_sal_001026,ft_evt_0028,General,46000,true,2026-07-08 20:10:00
ft_tkt_0002003,ft_sal_001027,ft_evt_0028,General,55000,true,2026-07-08 19:20:00
ft_tkt_0002004,ft_sal_001027,ft_evt_0028,General,55000,false,
ft_tkt_0002005,ft_sal_001027,ft_evt_0028,General,55000,false,
ft_tkt_0002006,ft_sal_001028,ft_evt_0028,General,44000,false,
ft_tkt_0002007,ft_sal_001029,ft_evt_0028,VIP,147000,false,
ft_tkt_0002008,ft_sal_001030,ft_evt_0028,General,59000,true,2026-07-08 19:48:00
ft_tkt_0002009,ft_sal_001030,ft_evt_0028,General,59000,false,
ft_tkt_0002010,ft_sal_001031,ft_evt_0028,General,62000,true,2026-07-08 19:30:00
ft_tkt_0002011,ft_sal_001032,ft_evt_0028,General,60000,false,
ft_tkt_0002012,ft_sal_001033,ft_evt_0028,Preferencial,88000,true,2026-07-08 20:04:00
ft_tkt_0002013,ft_sal_001034,ft_evt_0028,General,59000,true,2026-07-08 19:57:00
ft_tkt_0002014,ft_sal_001034,ft_evt_0028,General,59000,false,
ft_tkt_0002015,ft_sal_001034,ft_evt_0028,General,59000,false,
ft_tkt_0002016,ft_sal_001034,ft_evt_0028,General,59000,true,2026-07-08 19:40:00
ft_tkt_0002017,ft_sal_001035,ft_evt_0028,Cortesía,0,false,
ft_tkt_0002018,ft_sal_001035,ft_evt_0028,Cortesía,0,false,
ft_tkt_0002019,ft_sal_001036,ft_evt_0028,General,48000,false,
ft_tkt_0002020,ft_sal_001036,ft_evt_0028,General,48000,true,2026-07-08 20:12:00
ft_tkt_0002021,ft_sal_001037,ft_evt_0028,General,60000,false,
ft_tkt_0002022,ft_sal_001037,ft_evt_0028,General,60000,false,
ft_tkt_0002023,ft_sal_001037,ft_evt_0028,General,60000,true,2026-07-08 19:33:00
ft_tkt_0002024,ft_sal_001038,ft_evt_0028,General,56000,false,
ft_tkt_0002025,ft_sal_001038,ft_evt_0028,General,56000,false,
ft_tkt_0002026,ft_sal_001038,ft_evt_0028,General,56000,false,
ft_tkt_0002027,ft_sal_001038,ft_evt_0028,General,56000,false,
ft_tkt_0002028,ft_sal_001039,ft_evt_0028,VIP,148000,true,2026-07-08 19:16:00
ft_tkt_0002029,ft_sal_001039,ft_evt_0028,VIP,148000,false,
ft_tkt_0002030,ft_sal_001039,ft_evt_0028,VIP,148000,true,2026-07-08 19:26:00
ft_tkt_0002031,ft_sal_001040,ft_evt_0028,General,42000,true,2026-07-08 20:14:00
ft_tkt_0002032,ft_sal_001040,ft_evt_0028,General,42000,true,2026-07-08 20:04:00
ft_tkt_0002033,ft_sal_001041,ft_evt_0028,Preferencial,92000,false,
ft_tkt_0002034,ft_sal_001042,ft_evt_0028,General,56000,false,
ft_tkt_0002035,ft_sal_001043,ft_evt_0028,VIP,147000,true,2026-07-08 19:58:00
ft_tkt_0002036,ft_sal_001044,ft_evt_0028,General,50000,false,
ft_tkt_0002037,ft_sal_001045,ft_evt_0028,General,63000,false,
ft_tkt_0002038,ft_sal_001045,ft_evt_0028,General,63000,true,2026-07-08 20:05:00
ft_tkt_0002039,ft_sal_001046,ft_evt_0028,General,46000,false,
ft_tkt_0002040,ft_sal_001046,ft_evt_0028,General,46000,false,
ft_tkt_0002041,ft_sal_001046,ft_evt_0028,General,46000,true,2026-07-08 19:44:00
ft_tkt_0002042,ft_sal_001047,ft_evt_0028,VIP,144000,true,2026-07-08 19:50:00
ft_tkt_0002043,ft_sal_001048,ft_evt_0028,VIP,147000,false,
ft_tkt_0002044,ft_sal_001048,ft_evt_0028,VIP,147000,true,2026-07-08 19:12:00
ft_tkt_0002045,ft_sal_001048,ft_evt_0028,VIP,147000,true,2026-07-08 20:02:00
ft_tkt_0002046,ft_sal_001048,ft_evt_0028,VIP,147000,false,
ft_tkt_0002047,ft_sal_001048,ft_evt_0028,VIP,147000,true,2026-07-08 19:19:00
ft_tkt_0002048,ft_sal_001048,ft_evt_0028,VIP,147000,false,
ft_tkt_0002049,ft_sal_001049,ft_evt_0028,General,49000,true,2026-07-08 20:14:00
ft_tkt_0002050,ft_sal_001050,ft_evt_0028,General,57000,false,
ft_tkt_0002051,ft_sal_001050,ft_evt_0028,General,57000,true,2026-07-08 20:02:00
ft_tkt_0002052,ft_sal_001050,ft_evt_0028,General,57000,true,2026-07-08 20:07:00
ft_tkt_0002053,ft_sal_001050,ft_evt_0028,General,57000,false,
ft_tkt_0002054,ft_sal_001051,ft_evt_0028,General,62000,true,2026-07-08 20:21:00
ft_tkt_0002055,ft_sal_001051,ft_evt_0028,General,62000,false,
ft_tkt_0002056,ft_sal_001051,ft_evt_0028,General,62000,false,
ft_tkt_0002057,ft_sal_001051,ft_evt_0028,General,62000,false,
ft_tkt_0002058,ft_sal_001052,ft_evt_0028,General,62000,true,2026-07-08 20:12:00
ft_tkt_0002059,ft_sal_001052,ft_evt_0028,General,62000,true,2026-07-08 19:25:00
ft_tkt_0002060,ft_sal_001052,ft_evt_0028,General,62000,true,2026-07-08 19:43:00
ft_tkt_0002061,ft_sal_001052,ft_evt_0028,General,62000,true,2026-07-08 19:59:00
ft_tkt_0002062,ft_sal_001053,ft_evt_0028,Preferencial,91000,true,2026-07-08 20:22:00
ft_tkt_0002063,ft_sal_001054,ft_evt_0028,Preferencial,92000,true,2026-07-08 19:56:00
ft_tkt_0002064,ft_sal_001055,ft_evt_0028,Preferencial,99000,false,
ft_tkt_0002065,ft_sal_001056,ft_evt_0028,VIP,127000,true,2026-07-08 20:05:00
ft_tkt_0002066,ft_sal_001057,ft_evt_0028,General,62000,true,2026-07-08 19:22:00
ft_tkt_0002067,ft_sal_001057,ft_evt_0028,General,62000,true,2026-07-08 19:37:00
ft_tkt_0002068,ft_sal_001057,ft_evt_0028,General,62000,true,2026-07-08 19:36:00
ft_tkt_0002069,ft_sal_001058,ft_evt_0028,Preferencial,103000,true,2026-07-08 20:07:00
ft_tkt_0002070,ft_sal_001059,ft_evt_0028,General,65000,false,
ft_tkt_0002071,ft_sal_001059,ft_evt_0028,General,65000,false,
ft_tkt_0002072,ft_sal_001059,ft_evt_0028,General,65000,true,2026-07-08 19:29:00
ft_tkt_0002073,ft_sal_001059,ft_evt_0028,General,65000,true,2026-07-08 19:51:00
ft_tkt_0002074,ft_sal_001060,ft_evt_0028,General,62000,true,2026-07-08 19:28:00
ft_tkt_0002075,ft_sal_001061,ft_evt_0028,Cortesía,0,false,
ft_tkt_0002076,ft_sal_001062,ft_evt_0028,Preferencial,106000,false,
ft_tkt_0002077,ft_sal_001062,ft_evt_0028,Preferencial,106000,true,2026-07-08 19:21:00
ft_tkt_0002078,ft_sal_001062,ft_evt_0028,Preferencial,106000,false,
ft_tkt_0002079,ft_sal_001063,ft_evt_0028,Preferencial,93000,false,
ft_tkt_0002080,ft_sal_001063,ft_evt_0028,Preferencial,93000,true,2026-07-08 19:39:00
ft_tkt_0002081,ft_sal_001063,ft_evt_0028,Preferencial,93000,false,
ft_tkt_0002082,ft_sal_001064,ft_evt_0028,Cortesía,0,false,
ft_tkt_0002083,ft_sal_001065,ft_evt_0028,General,49000,false,
ft_tkt_0002084,ft_sal_001065,ft_evt_0028,General,49000,false,
ft_tkt_0002085,ft_sal_001066,ft_evt_0028,VIP,136000,true,2026-07-08 20:16:00
ft_tkt_0002086,ft_sal_001066,ft_evt_0028,VIP,136000,true,2026-07-08 19:20:00
ft_tkt_0002087,ft_sal_001066,ft_evt_0028,VIP,136000,false,
ft_tkt_0002088,ft_sal_001066,ft_evt_0028,VIP,136000,true,2026-07-08 19:39:00
ft_tkt_0002089,ft_sal_001067,ft_evt_0028,Preferencial,99000,true,2026-07-08 20:01:00
ft_tkt_0002090,ft_sal_001067,ft_evt_0028,Preferencial,99000,true,2026-07-08 20:13:00
ft_tkt_0002091,ft_sal_001067,ft_evt_0028,Preferencial,99000,true,2026-07-08 19:20:00
ft_tkt_0002092,ft_sal_001067,ft_evt_0028,Preferencial,99000,true,2026-07-08 19:42:00
ft_tkt_0002093,ft_sal_001068,ft_evt_0028,Cortesía,0,true,2026-07-08 19:21:00
ft_tkt_0002094,ft_sal_001068,ft_evt_0028,Cortesía,0,true,2026-07-08 20:14:00
ft_tkt_0002095,ft_sal_001069,ft_evt_0028,General,65000,true,2026-07-08 19:41:00
ft_tkt_0002096,ft_sal_001069,ft_evt_0028,General,65000,true,2026-07-08 19:33:00
ft_tkt_0002097,ft_sal_001069,ft_evt_0028,General,65000,true,2026-07-08 20:07:00
ft_tkt_0002098,ft_sal_001070,ft_evt_0028,Preferencial,100000,true,2026-07-08 19:26:00
ft_tkt_0002099,ft_sal_001070,ft_evt_0028,Preferencial,100000,true,2026-07-08 19:25:00
ft_tkt_0002100,ft_sal_001071,ft_evt_0028,General,60000,true,2026-07-08 19:20:00
ft_tkt_0002101,ft_sal_001071,ft_evt_0028,General,60000,true,2026-07-08 19:32:00
ft_tkt_0002102,ft_sal_001072,ft_evt_0028,General,44000,true,2026-07-08 19:39:00
ft_tkt_0002103,ft_sal_001072,ft_evt_0028,General,44000,true,2026-07-08 19:52:00
ft_tkt_0002104,ft_sal_001072,ft_evt_0028,General,44000,true,2026-07-08 20:25:00
ft_tkt_0002105,ft_sal_001072,ft_evt_0028,General,44000,true,2026-07-08 20:18:00
ft_tkt_0002106,ft_sal_001072,ft_evt_0028,General,44000,true,2026-07-08 19:37:00
ft_tkt_0002107,ft_sal_001072,ft_evt_0028,General,44000,true,2026-07-08 20:04:00
ft_tkt_0002108,ft_sal_001073,ft_evt_0028,VIP,142000,true,2026-07-08 20:08:00
ft_tkt_0002109,ft_sal_001073,ft_evt_0028,VIP,142000,false,
ft_tkt_0002110,ft_sal_001074,ft_evt_0028,General,44000,false,
ft_tkt_0002111,ft_sal_001074,ft_evt_0028,General,44000,true,2026-07-08 19:30:00
ft_tkt_0002112,ft_sal_001075,ft_evt_0028,Preferencial,91000,true,2026-07-08 20:08:00
ft_tkt_0002113,ft_sal_001076,ft_evt_0028,General,55000,true,2026-07-08 19:52:00
ft_tkt_0002114,ft_sal_001077,ft_evt_0028,General,54000,false,
ft_tkt_0002115,ft_sal_001078,ft_evt_0028,Cortesía,0,false,
ft_tkt_0002116,ft_sal_001079,ft_evt_0028,Preferencial,90000,true,2026-07-08 19:41:00
ft_tkt_0002117,ft_sal_001079,ft_evt_0028,Preferencial,90000,true,2026-07-08 19:44:00
ft_tkt_0002118,ft_sal_001080,ft_evt_0028,General,48000,false,
ft_tkt_0002119,ft_sal_001080,ft_evt_0028,General,48000,true,2026-07-08 19:51:00
ft_tkt_0002120,ft_sal_001081,ft_evt_0028,General,61000,true,2026-07-08 20:11:00
ft_tkt_0002121,ft_sal_001082,ft_evt_0028,General,59000,true,2026-07-08 20:07:00
ft_tkt_0002122,ft_sal_001083,ft_evt_0028,General,46000,true,2026-07-08 19:22:00
ft_tkt_0002123,ft_sal_001083,ft_evt_0028,General,46000,true,2026-07-08 19:42:00
ft_tkt_0002124,ft_sal_001083,ft_evt_0028,General,46000,true,2026-07-08 19:46:00
ft_tkt_0002125,ft_sal_001084,ft_evt_0028,General,45000,true,2026-07-08 20:17:00
ft_tkt_0002126,ft_sal_001085,ft_evt_0028,VIP,137000,true,2026-07-08 19:33:00
ft_tkt_0002127,ft_sal_001085,ft_evt_0028,VIP,137000,true,2026-07-08 19:15:00
ft_tkt_0002128,ft_sal_001086,ft_evt_0028,Preferencial,97000,true,2026-07-08 19:29:00
ft_tkt_0002129,ft_sal_001087,ft_evt_0028,Cortesía,0,true,2026-07-08 20:24:00
ft_tkt_0002130,ft_sal_001087,ft_evt_0028,Cortesía,0,true,2026-07-08 19:23:00
ft_tkt_0002131,ft_sal_001088,ft_evt_0028,General,61000,true,2026-07-08 19:35:00
ft_tkt_0002132,ft_sal_001088,ft_evt_0028,General,61000,true,2026-07-08 19:13:00
ft_tkt_0002133,ft_sal_001089,ft_evt_0028,General,44000,true,2026-07-08 19:13:00
ft_tkt_0002134,ft_sal_001089,ft_evt_0028,General,44000,false,
ft_tkt_0002135,ft_sal_001090,ft_evt_0028,General,59000,true,2026-07-08 19:21:00
ft_tkt_0002136,ft_sal_001091,ft_evt_0028,Preferencial,100000,false,
ft_tkt_0002137,ft_sal_001091,ft_evt_0028,Preferencial,100000,false,
ft_tkt_0002138,ft_sal_001092,ft_evt_0028,Preferencial,94000,true,2026-07-08 20:23:00
ft_tkt_0002139,ft_sal_001093,ft_evt_0028,Cortesía,0,false,
ft_tkt_0002140,ft_sal_001093,ft_evt_0028,Cortesía,0,false,
ft_tkt_0002141,ft_sal_001094,ft_evt_0028,General,68000,false,
ft_tkt_0002142,ft_sal_001094,ft_evt_0028,General,68000,true,2026-07-08 19:52:00
ft_tkt_0002143,ft_sal_001095,ft_evt_0028,General,45000,false,
ft_tkt_0002144,ft_sal_001095,ft_evt_0028,General,45000,true,2026-07-08 20:20:00
ft_tkt_0002145,ft_sal_001096,ft_evt_0028,General,45000,false,
ft_tkt_0002146,ft_sal_001097,ft_evt_0028,General,44000,true,2026-07-08 19:31:00
ft_tkt_0002147,ft_sal_001097,ft_evt_0028,General,44000,true,2026-07-08 20:14:00
ft_tkt_0002148,ft_sal_001098,ft_evt_0028,General,63000,false,
ft_tkt_0002149,ft_sal_001098,ft_evt_0028,General,63000,false,
ft_tkt_0002150,ft_sal_001098,ft_evt_0028,General,63000,false,
ft_tkt_0002151,ft_sal_001098,ft_evt_0028,General,63000,false,
ft_tkt_0002152,ft_sal_001098,ft_evt_0028,General,63000,true,2026-07-08 20:10:00
ft_tkt_0002153,ft_sal_001098,ft_evt_0028,General,63000,false,
ft_tkt_0002154,ft_sal_001099,ft_evt_0028,Preferencial,95000,true,2026-07-08 19:49:00
ft_tkt_0002155,ft_sal_001100,ft_evt_0028,General,44000,true,2026-07-08 19:48:00
ft_tkt_0002156,ft_sal_001101,ft_evt_0028,VIP,152000,true,2026-07-08 19:56:00
ft_tkt_0002157,ft_sal_001101,ft_evt_0028,VIP,152000,false,
ft_tkt_0002158,ft_sal_001101,ft_evt_0028,VIP,152000,true,2026-07-08 20:20:00
ft_tkt_0002159,ft_sal_001101,ft_evt_0028,VIP,152000,false,
ft_tkt_0002160,ft_sal_001102,ft_evt_0028,General,60000,true,2026-07-08 19:55:00
ft_tkt_0002161,ft_sal_001102,ft_evt_0028,General,60000,true,2026-07-08 20:25:00
ft_tkt_0002162,ft_sal_001103,ft_evt_0028,General,62000,false,
ft_tkt_0002163,ft_sal_001104,ft_evt_0028,VIP,131000,true,2026-07-08 19:48:00
ft_tkt_0002164,ft_sal_001104,ft_evt_0028,VIP,131000,true,2026-07-08 19:53:00
ft_tkt_0002165,ft_sal_001104,ft_evt_0028,VIP,131000,true,2026-07-08 19:55:00
ft_tkt_0002166,ft_sal_001104,ft_evt_0028,VIP,131000,true,2026-07-08 19:43:00
ft_tkt_0002167,ft_sal_001105,ft_evt_0028,Preferencial,95000,true,2026-07-08 19:49:00
ft_tkt_0002168,ft_sal_001105,ft_evt_0028,Preferencial,95000,false,
ft_tkt_0002169,ft_sal_001106,ft_evt_0028,General,56000,false,
ft_tkt_0002170,ft_sal_001107,ft_evt_0028,Preferencial,99000,false,
ft_tkt_0002171,ft_sal_001107,ft_evt_0028,Preferencial,99000,true,2026-07-08 19:30:00
ft_tkt_0002172,ft_sal_001107,ft_evt_0028,Preferencial,99000,true,2026-07-08 19:48:00
ft_tkt_0002173,ft_sal_001108,ft_evt_0059,Cortesía,0,false,
ft_tkt_0002174,ft_sal_001109,ft_evt_0059,Cortesía,0,true,2026-07-08 20:47:00
ft_tkt_0002175,ft_sal_001109,ft_evt_0059,Cortesía,0,false,
ft_tkt_0002176,ft_sal_001110,ft_evt_0059,Cortesía,0,false,
ft_tkt_0002177,ft_sal_001111,ft_evt_0059,Cortesía,0,false,
ft_tkt_0002178,ft_sal_001111,ft_evt_0059,Cortesía,0,false,
ft_tkt_0002179,ft_sal_001111,ft_evt_0059,Cortesía,0,true,2026-07-08 20:25:00
ft_tkt_0002180,ft_sal_001112,ft_evt_0059,Cortesía,0,true,2026-07-08 20:56:00
ft_tkt_0002181,ft_sal_001113,ft_evt_0059,Cortesía,0,false,
ft_tkt_0002182,ft_sal_001113,ft_evt_0059,Cortesía,0,false,
ft_tkt_0002183,ft_sal_001114,ft_evt_0059,Cortesía,0,false,
ft_tkt_0002184,ft_sal_001114,ft_evt_0059,Cortesía,0,false,
ft_tkt_0002185,ft_sal_001114,ft_evt_0059,Cortesía,0,false,
ft_tkt_0002186,ft_sal_001114,ft_evt_0059,Cortesía,0,true,2026-07-08 20:38:00
ft_tkt_0002187,ft_sal_001115,ft_evt_0059,Cortesía,0,false,
ft_tkt_0002188,ft_sal_001116,ft_evt_0059,Cortesía,0,true,2026-07-08 21:09:00
ft_tkt_0002189,ft_sal_001117,ft_evt_0059,Cortesía,0,false,
ft_tkt_0002190,ft_sal_001117,ft_evt_0059,Cortesía,0,false,
ft_tkt_0002191,ft_sal_001118,ft_evt_0059,Cortesía,0,false,
ft_tkt_0002192,ft_sal_001118,ft_evt_0059,Cortesía,0,true,2026-07-08 20:38:00
ft_tkt_0002193,ft_sal_001119,ft_evt_0059,Cortesía,0,false,
ft_tkt_0002194,ft_sal_001119,ft_evt_0059,Cortesía,0,false,
ft_tkt_0002195,ft_sal_001119,ft_evt_0059,Cortesía,0,false,
ft_tkt_0002196,ft_sal_001119,ft_evt_0059,Cortesía,0,false,
ft_tkt_0002197,ft_sal_001120,ft_evt_0059,Cortesía,0,false,
ft_tkt_0002198,ft_sal_001121,ft_evt_0059,Cortesía,0,false,
ft_tkt_0002199,ft_sal_001122,ft_evt_0059,Cortesía,0,false,
ft_tkt_0002200,ft_sal_001123,ft_evt_0059,Cortesía,0,false,
ft_tkt_0002201,ft_sal_001123,ft_evt_0059,Cortesía,0,false,
ft_tkt_0002202,ft_sal_001123,ft_evt_0059,Cortesía,0,true,2026-07-08 21:06:00
ft_tkt_0002203,ft_sal_001124,ft_evt_0059,Cortesía,0,false,
ft_tkt_0002204,ft_sal_001124,ft_evt_0059,Cortesía,0,false,
ft_tkt_0002205,ft_sal_001125,ft_evt_0059,Cortesía,0,true,2026-07-08 21:22:00
ft_tkt_0002206,ft_sal_001125,ft_evt_0059,Cortesía,0,false,
ft_tkt_0002207,ft_sal_001126,ft_evt_0059,Cortesía,0,true,2026-07-08 20:21:00
ft_tkt_0002208,ft_sal_001126,ft_evt_0059,Cortesía,0,false,
ft_tkt_0002209,ft_sal_001126,ft_evt_0059,Cortesía,0,true,2026-07-08 20:34:00
ft_tkt_0002210,ft_sal_001126,ft_evt_0059,Cortesía,0,true,2026-07-08 20:59:00
ft_tkt_0002211,ft_sal_001127,ft_evt_0059,Cortesía,0,false,
ft_tkt_0002212,ft_sal_001127,ft_evt_0059,Cortesía,0,false,
ft_tkt_0002213,ft_sal_001128,ft_evt_0059,Cortesía,0,false,
ft_tkt_0002214,ft_sal_001128,ft_evt_0059,Cortesía,0,false,
ft_tkt_0002215,ft_sal_001129,ft_evt_0059,Cortesía,0,false,
ft_tkt_0002216,ft_sal_001130,ft_evt_0059,Cortesía,0,false,
ft_tkt_0002217,ft_sal_001131,ft_evt_0059,Cortesía,0,true,2026-07-08 20:59:00
ft_tkt_0002218,ft_sal_001131,ft_evt_0059,Cortesía,0,false,
ft_tkt_0002219,ft_sal_001132,ft_evt_0059,Cortesía,0,false,
ft_tkt_0002220,ft_sal_001132,ft_evt_0059,Cortesía,0,false,
ft_tkt_0002221,ft_sal_001132,ft_evt_0059,Cortesía,0,true,2026-07-08 20:10:00
ft_tkt_0002222,ft_sal_001132,ft_evt_0059,Cortesía,0,false,
ft_tkt_0002223,ft_sal_001133,ft_evt_0059,Cortesía,0,true,2026-07-08 20:15:00
ft_tkt_0002224,ft_sal_001134,ft_evt_0059,Cortesía,0,false,
ft_tkt_0002225,ft_sal_001134,ft_evt_0059,Cortesía,0,false,
ft_tkt_0002226,ft_sal_001134,ft_evt_0059,Cortesía,0,false,
ft_tkt_0002227,ft_sal_001135,ft_evt_0059,Cortesía,0,false,
ft_tkt_0002228,ft_sal_001135,ft_evt_0059,Cortesía,0,true,2026-07-08 20:13:00
ft_tkt_0002229,ft_sal_001136,ft_evt_0059,Cortesía,0,false,
ft_tkt_0002230,ft_sal_001137,ft_evt_0059,Cortesía,0,false,
ft_tkt_0002231,ft_sal_001138,ft_evt_0059,Cortesía,0,false,
ft_tkt_0002232,ft_sal_001138,ft_evt_0059,Cortesía,0,false,
ft_tkt_0002233,ft_sal_001138,ft_evt_0059,Cortesía,0,false,
ft_tkt_0002234,ft_sal_001139,ft_evt_0059,Cortesía,0,true,2026-07-08 20:13:00
ft_tkt_0002235,ft_sal_001139,ft_evt_0059,Cortesía,0,false,
ft_tkt_0002236,ft_sal_001140,ft_evt_0059,Cortesía,0,false,
ft_tkt_0002237,ft_sal_001140,ft_evt_0059,Cortesía,0,false,
ft_tkt_0002238,ft_sal_001140,ft_evt_0059,Cortesía,0,false,
ft_tkt_0002239,ft_sal_001140,ft_evt_0059,Cortesía,0,false,
ft_tkt_0002240,ft_sal_001140,ft_evt_0059,Cortesía,0,false,
ft_tkt_0002241,ft_sal_001140,ft_evt_0059,Cortesía,0,false,
ft_tkt_0002242,ft_sal_001141,ft_evt_0059,Cortesía,0,false,
ft_tkt_0002243,ft_sal_001141,ft_evt_0059,Cortesía,0,false,
ft_tkt_0002244,ft_sal_001142,ft_evt_0059,Cortesía,0,false,
ft_tkt_0002245,ft_sal_001143,ft_evt_0059,Cortesía,0,false,
ft_tkt_0002246,ft_sal_001143,ft_evt_0059,Cortesía,0,false,
ft_tkt_0002247,ft_sal_001144,ft_evt_0059,Cortesía,0,false,
ft_tkt_0002248,ft_sal_001144,ft_evt_0059,Cortesía,0,true,2026-07-08 20:22:00
ft_tkt_0002249,ft_sal_001145,ft_evt_0059,Cortesía,0,false,
ft_tkt_0002250,ft_sal_001146,ft_evt_0059,Cortesía,0,false,
ft_tkt_0002251,ft_sal_001146,ft_evt_0059,Cortesía,0,true,2026-07-08 20:12:00
ft_tkt_0002252,ft_sal_001147,ft_evt_0059,Cortesía,0,true,2026-07-08 20:43:00
ft_tkt_0002253,ft_sal_001147,ft_evt_0059,Cortesía,0,false,
ft_tkt_0002254,ft_sal_001147,ft_evt_0059,Cortesía,0,false,
ft_tkt_0002255,ft_sal_001148,ft_evt_0059,Cortesía,0,false,
ft_tkt_0002256,ft_sal_001149,ft_evt_0059,Cortesía,0,false,
ft_tkt_0002257,ft_sal_001150,ft_evt_0059,Cortesía,0,true,2026-07-08 21:25:00
ft_tkt_0002258,ft_sal_001150,ft_evt_0059,Cortesía,0,true,2026-07-08 21:20:00
ft_tkt_0002259,ft_sal_001151,ft_evt_0059,Cortesía,0,false,
ft_tkt_0002260,ft_sal_001151,ft_evt_0059,Cortesía,0,true,2026-07-08 20:49:00
ft_tkt_0002261,ft_sal_001152,ft_evt_0059,Cortesía,0,false,
ft_tkt_0002262,ft_sal_001152,ft_evt_0059,Cortesía,0,false,
ft_tkt_0002263,ft_sal_001152,ft_evt_0059,Cortesía,0,false,
ft_tkt_0002264,ft_sal_001152,ft_evt_0059,Cortesía,0,false,
ft_tkt_0002265,ft_sal_001152,ft_evt_0059,Cortesía,0,false,
ft_tkt_0002266,ft_sal_001152,ft_evt_0059,Cortesía,0,false,
ft_tkt_0002267,ft_sal_001153,ft_evt_0059,Cortesía,0,true,2026-07-08 20:48:00
ft_tkt_0002268,ft_sal_001153,ft_evt_0059,Cortesía,0,false,
ft_tkt_0002269,ft_sal_001153,ft_evt_0059,Cortesía,0,false,
ft_tkt_0002270,ft_sal_001154,ft_evt_0059,Cortesía,0,false,
ft_tkt_0002271,ft_sal_001154,ft_evt_0059,Cortesía,0,false,
ft_tkt_0002272,ft_sal_001155,ft_evt_0059,Cortesía,0,false,
ft_tkt_0002273,ft_sal_001156,ft_evt_0059,Cortesía,0,true,2026-07-08 20:54:00
ft_tkt_0002274,ft_sal_001156,ft_evt_0059,Cortesía,0,false,
ft_tkt_0002275,ft_sal_001157,ft_evt_0059,Cortesía,0,false,
ft_tkt_0002276,ft_sal_001157,ft_evt_0059,Cortesía,0,true,2026-07-08 21:21:00
ft_tkt_0002277,ft_sal_001157,ft_evt_0059,Cortesía,0,false,
ft_tkt_0002278,ft_sal_001158,ft_evt_0059,Cortesía,0,false,
ft_tkt_0002279,ft_sal_001159,ft_evt_0059,Cortesía,0,false,
ft_tkt_0002280,ft_sal_001160,ft_evt_0059,Cortesía,0,true,2026-07-08 20:51:00
ft_tkt_0002281,ft_sal_001160,ft_evt_0059,Cortesía,0,false,
ft_tkt_0002282,ft_sal_001160,ft_evt_0059,Cortesía,0,false,
ft_tkt_0002283,ft_sal_001160,ft_evt_0059,Cortesía,0,true,2026-07-08 21:11:00
ft_tkt_0002284,ft_sal_001161,ft_evt_0059,Cortesía,0,false,
ft_tkt_0002285,ft_sal_001161,ft_evt_0059,Cortesía,0,false,
ft_tkt_0002286,ft_sal_001162,ft_evt_0059,Cortesía,0,true,2026-07-08 21:18:00
ft_tkt_0002287,ft_sal_001162,ft_evt_0059,Cortesía,0,true,2026-07-08 20:51:00
ft_tkt_0002288,ft_sal_001163,ft_evt_0059,Cortesía,0,false,
ft_tkt_0002289,ft_sal_001164,ft_evt_0059,Cortesía,0,false,
ft_tkt_0002290,ft_sal_001164,ft_evt_0059,Cortesía,0,false,
ft_tkt_0002291,ft_sal_001164,ft_evt_0059,Cortesía,0,true,2026-07-08 20:49:00
ft_tkt_0002292,ft_sal_001165,ft_evt_0059,Cortesía,0,false,
ft_tkt_0002293,ft_sal_001165,ft_evt_0059,Cortesía,0,true,2026-07-08 21:24:00
ft_tkt_0002294,ft_sal_001165,ft_evt_0059,Cortesía,0,false,
ft_tkt_0002295,ft_sal_001165,ft_evt_0059,Cortesía,0,false,
ft_tkt_0002296,ft_sal_001166,ft_evt_0059,Cortesía,0,false,
ft_tkt_0002297,ft_sal_001166,ft_evt_0059,Cortesía,0,false,
ft_tkt_0002298,ft_sal_001167,ft_evt_0059,Cortesía,0,false,
ft_tkt_0002299,ft_sal_001167,ft_evt_0059,Cortesía,0,false,
ft_tkt_0002300,ft_sal_001167,ft_evt_0059,Cortesía,0,false,
ft_tkt_0002301,ft_sal_001167,ft_evt_0059,Cortesía,0,false,
ft_tkt_0002302,ft_sal_001168,ft_evt_0059,Cortesía,0,false,
ft_tkt_0002303,ft_sal_001169,ft_evt_0059,Cortesía,0,true,2026-07-08 20:32:00
ft_tkt_0002304,ft_sal_001170,ft_evt_0059,Cortesía,0,true,2026-07-08 20:30:00
ft_tkt_0002305,ft_sal_001171,ft_evt_0059,Cortesía,0,false,
ft_tkt_0002306,ft_sal_001171,ft_evt_0059,Cortesía,0,false,
ft_tkt_0002307,ft_sal_001171,ft_evt_0059,Cortesía,0,true,2026-07-08 21:01:00
ft_tkt_0002308,ft_sal_001172,ft_evt_0059,Cortesía,0,false,
ft_tkt_0002309,ft_sal_001173,ft_evt_0059,Cortesía,0,false,
ft_tkt_0002310,ft_sal_001173,ft_evt_0059,Cortesía,0,false,
ft_tkt_0002311,ft_sal_001174,ft_evt_0059,Cortesía,0,true,2026-07-08 20:28:00
ft_tkt_0002312,ft_sal_001174,ft_evt_0059,Cortesía,0,false,
ft_tkt_0002313,ft_sal_001175,ft_evt_0059,Cortesía,0,false,
ft_tkt_0002314,ft_sal_001175,ft_evt_0059,Cortesía,0,false,
ft_tkt_0002315,ft_sal_001176,ft_evt_0059,Cortesía,0,false,
ft_tkt_0002316,ft_sal_001176,ft_evt_0059,Cortesía,0,false,
ft_tkt_0002317,ft_sal_001177,ft_evt_0059,Cortesía,0,false,
ft_tkt_0002318,ft_sal_001178,ft_evt_0059,Cortesía,0,true,2026-07-08 20:26:00
ft_tkt_0002319,ft_sal_001178,ft_evt_0059,Cortesía,0,false,
ft_tkt_0002320,ft_sal_001178,ft_evt_0059,Cortesía,0,false,
ft_tkt_0002321,ft_sal_001178,ft_evt_0059,Cortesía,0,true,2026-07-08 20:40:00
ft_tkt_0002322,ft_sal_001179,ft_evt_0059,Cortesía,0,true,2026-07-08 20:35:00
ft_tkt_0002323,ft_sal_001179,ft_evt_0059,Cortesía,0,true,2026-07-08 20:12:00
ft_tkt_0002324,ft_sal_001180,ft_evt_0059,Cortesía,0,true,2026-07-08 20:22:00
ft_tkt_0002325,ft_sal_001181,ft_evt_0059,Cortesía,0,false,
ft_tkt_0002326,ft_sal_001182,ft_evt_0059,Cortesía,0,false,
ft_tkt_0002327,ft_sal_001183,ft_evt_0059,Cortesía,0,false,
ft_tkt_0002328,ft_sal_001183,ft_evt_0059,Cortesía,0,true,2026-07-08 20:26:00
ft_tkt_0002329,ft_sal_001184,ft_evt_0059,Cortesía,0,false,
ft_tkt_0002330,ft_sal_001185,ft_evt_0059,Cortesía,0,false,
ft_tkt_0002331,ft_sal_001185,ft_evt_0059,Cortesía,0,false,
ft_tkt_0002332,ft_sal_001186,ft_evt_0059,Cortesía,0,true,2026-07-08 21:09:00
ft_tkt_0002333,ft_sal_001186,ft_evt_0059,Cortesía,0,false,
ft_tkt_0002334,ft_sal_001186,ft_evt_0059,Cortesía,0,false,
ft_tkt_0002335,ft_sal_001187,ft_evt_0059,Cortesía,0,false,
ft_tkt_0002336,ft_sal_001187,ft_evt_0059,Cortesía,0,true,2026-07-08 21:00:00
ft_tkt_0002337,ft_sal_001188,ft_evt_0059,Cortesía,0,false,
ft_tkt_0002338,ft_sal_001189,ft_evt_0059,Cortesía,0,true,2026-07-08 20:34:00
ft_tkt_0002339,ft_sal_001189,ft_evt_0059,Cortesía,0,false,
ft_tkt_0002340,ft_sal_001189,ft_evt_0059,Cortesía,0,true,2026-07-08 20:48:00
ft_tkt_0002341,ft_sal_001189,ft_evt_0059,Cortesía,0,false,
ft_tkt_0002342,ft_sal_001190,ft_evt_0059,Cortesía,0,false,
ft_tkt_0002343,ft_sal_001190,ft_evt_0059,Cortesía,0,false,
ft_tkt_0002344,ft_sal_001190,ft_evt_0059,Cortesía,0,false,
ft_tkt_0002345,ft_sal_001191,ft_evt_0059,Cortesía,0,false,
ft_tkt_0002346,ft_sal_001191,ft_evt_0059,Cortesía,0,false,
ft_tkt_0002347,ft_sal_001191,ft_evt_0059,Cortesía,0,false,
ft_tkt_0002348,ft_sal_001191,ft_evt_0059,Cortesía,0,false,
ft_tkt_0002349,ft_sal_001192,ft_evt_0059,Cortesía,0,false,
ft_tkt_0002350,ft_sal_001193,ft_evt_0059,Cortesía,0,false,
ft_tkt_0002351,ft_sal_001193,ft_evt_0059,Cortesía,0,false,
ft_tkt_0002352,ft_sal_001194,ft_evt_0059,Cortesía,0,false,
ft_tkt_0002353,ft_sal_001194,ft_evt_0059,Cortesía,0,false,
ft_tkt_0002354,ft_sal_001195,ft_evt_0059,Cortesía,0,false,
ft_tkt_0002355,ft_sal_001195,ft_evt_0059,Cortesía,0,false,
ft_tkt_0002356,ft_sal_001196,ft_evt_0059,Cortesía,0,false,
ft_tkt_0002357,ft_sal_001197,ft_evt_0059,Cortesía,0,false,
ft_tkt_0002358,ft_sal_001198,ft_evt_0059,Cortesía,0,false,
ft_tkt_0002359,ft_sal_001199,ft_evt_0059,Cortesía,0,false,
ft_tkt_0002360,ft_sal_001199,ft_evt_0059,Cortesía,0,false,
ft_tkt_0002361,ft_sal_001200,ft_evt_0059,Cortesía,0,false,
ft_tkt_0002362,ft_sal_001201,ft_evt_0059,Cortesía,0,false,
ft_tkt_0002363,ft_sal_001201,ft_evt_0059,Cortesía,0,false,
ft_tkt_0002364,ft_sal_001202,ft_evt_0059,Cortesía,0,true,2026-07-08 21:23:00
ft_tkt_0002365,ft_sal_001203,ft_evt_0059,Cortesía,0,true,2026-07-08 21:18:00
ft_tkt_0002366,ft_sal_001204,ft_evt_0059,Cortesía,0,false,
ft_tkt_0002367,ft_sal_001204,ft_evt_0059,Cortesía,0,false,
ft_tkt_0002368,ft_sal_001204,ft_evt_0059,Cortesía,0,false,
ft_tkt_0002369,ft_sal_001204,ft_evt_0059,Cortesía,0,false,
ft_tkt_0002370,ft_sal_001205,ft_evt_0059,Cortesía,0,false,
ft_tkt_0002371,ft_sal_001205,ft_evt_0059,Cortesía,0,false,
ft_tkt_0002372,ft_sal_001205,ft_evt_0059,Cortesía,0,false,
ft_tkt_0002373,ft_sal_001206,ft_evt_0059,Cortesía,0,false,
ft_tkt_0002374,ft_sal_001207,ft_evt_0059,Cortesía,0,false,
ft_tkt_0002375,ft_sal_001207,ft_evt_0059,Cortesía,0,false,
ft_tkt_0002376,ft_sal_001208,ft_evt_0059,Cortesía,0,false,
ft_tkt_0002377,ft_sal_001209,ft_evt_0059,Cortesía,0,false,
ft_tkt_0002378,ft_sal_001209,ft_evt_0059,Cortesía,0,false,
ft_tkt_0002379,ft_sal_001209,ft_evt_0059,Cortesía,0,true,2026-07-08 20:50:00
ft_tkt_0002380,ft_sal_001209,ft_evt_0059,Cortesía,0,false,
ft_tkt_0002381,ft_sal_001209,ft_evt_0059,Cortesía,0,false,
ft_tkt_0002382,ft_sal_001209,ft_evt_0059,Cortesía,0,false,
ft_tkt_0002383,ft_sal_001210,ft_evt_0059,Cortesía,0,true,2026-07-08 20:26:00
ft_tkt_0002384,ft_sal_001210,ft_evt_0059,Cortesía,0,false,
ft_tkt_0002385,ft_sal_001211,ft_evt_0059,Cortesía,0,true,2026-07-08 21:03:00
ft_tkt_0002386,ft_sal_001212,ft_evt_0059,Cortesía,0,false,
ft_tkt_0002387,ft_sal_001212,ft_evt_0059,Cortesía,0,true,2026-07-08 20:31:00
ft_tkt_0002388,ft_sal_001212,ft_evt_0059,Cortesía,0,false,
ft_tkt_0002389,ft_sal_001213,ft_evt_0059,Cortesía,0,true,2026-07-08 20:41:00
ft_tkt_0002390,ft_sal_001213,ft_evt_0059,Cortesía,0,true,2026-07-08 21:01:00
ft_tkt_0002391,ft_sal_001214,ft_evt_0059,Cortesía,0,true,2026-07-08 21:18:00
ft_tkt_0002392,ft_sal_001214,ft_evt_0059,Cortesía,0,false,
ft_tkt_0002393,ft_sal_001214,ft_evt_0059,Cortesía,0,false,
ft_tkt_0002394,ft_sal_001215,ft_evt_0059,Cortesía,0,true,2026-07-08 20:55:00
ft_tkt_0002395,ft_sal_001215,ft_evt_0059,Cortesía,0,false,
ft_tkt_0002396,ft_sal_001216,ft_evt_0059,Cortesía,0,false,
ft_tkt_0002397,ft_sal_001217,ft_evt_0059,Cortesía,0,false,
ft_tkt_0002398,ft_sal_001218,ft_evt_0059,Cortesía,0,false,
ft_tkt_0002399,ft_sal_001219,ft_evt_0059,Cortesía,0,false,
ft_tkt_0002400,ft_sal_001219,ft_evt_0059,Cortesía,0,true,2026-07-08 20:39:00
ft_tkt_0002401,ft_sal_001220,ft_evt_0059,Cortesía,0,false,
ft_tkt_0002402,ft_sal_001220,ft_evt_0059,Cortesía,0,false,
ft_tkt_0002403,ft_sal_001220,ft_evt_0059,Cortesía,0,false,
ft_tkt_0002404,ft_sal_001220,ft_evt_0059,Cortesía,0,false,
ft_tkt_0002405,ft_sal_001221,ft_evt_0059,Cortesía,0,false,
ft_tkt_0002406,ft_sal_001221,ft_evt_0059,Cortesía,0,false,
ft_tkt_0002407,ft_sal_001221,ft_evt_0059,Cortesía,0,false,
ft_tkt_0002408,ft_sal_001221,ft_evt_0059,Cortesía,0,false,
ft_tkt_0002409,ft_sal_001222,ft_evt_0059,Cortesía,0,false,
ft_tkt_0002410,ft_sal_001222,ft_evt_0059,Cortesía,0,false,
ft_tkt_0002411,ft_sal_001222,ft_evt_0059,Cortesía,0,false,
ft_tkt_0002412,ft_sal_001222,ft_evt_0059,Cortesía,0,false,
ft_tkt_0002413,ft_sal_001223,ft_evt_0059,Cortesía,0,false,
ft_tkt_0002414,ft_sal_001223,ft_evt_0059,Cortesía,0,false,
ft_tkt_0002415,ft_sal_001224,ft_evt_0059,Cortesía,0,true,2026-07-08 20:14:00
ft_tkt_0002416,ft_sal_001224,ft_evt_0059,Cortesía,0,true,2026-07-08 20:51:00
ft_tkt_0002417,ft_sal_001225,ft_evt_0059,Cortesía,0,false,
ft_tkt_0002418,ft_sal_001226,ft_evt_0059,Cortesía,0,false,
ft_tkt_0002419,ft_sal_001226,ft_evt_0059,Cortesía,0,false,
ft_tkt_0002420,ft_sal_001227,ft_evt_0059,Cortesía,0,false,
ft_tkt_0002421,ft_sal_001227,ft_evt_0059,Cortesía,0,false,
ft_tkt_0002422,ft_sal_001227,ft_evt_0059,Cortesía,0,false,
ft_tkt_0002423,ft_sal_001227,ft_evt_0059,Cortesía,0,false,
ft_tkt_0002424,ft_sal_001228,ft_evt_0059,Cortesía,0,true,2026-07-08 21:21:00
ft_tkt_0002425,ft_sal_001229,ft_evt_0059,Cortesía,0,false,
ft_tkt_0002426,ft_sal_001230,ft_evt_0059,Cortesía,0,true,2026-07-08 21:22:00
ft_tkt_0002427,ft_sal_001231,ft_evt_0059,Cortesía,0,true,2026-07-08 21:23:00
ft_tkt_0002428,ft_sal_001232,ft_evt_0019,Preferencial,102000,false,
ft_tkt_0002429,ft_sal_001232,ft_evt_0019,Preferencial,102000,false,
ft_tkt_0002430,ft_sal_001233,ft_evt_0019,General,43000,false,
ft_tkt_0002431,ft_sal_001234,ft_evt_0019,VIP,137000,true,2026-07-09 20:07:00
ft_tkt_0002432,ft_sal_001235,ft_evt_0019,General,56000,true,2026-07-09 20:01:00
ft_tkt_0002433,ft_sal_001235,ft_evt_0019,General,56000,false,
ft_tkt_0002434,ft_sal_001236,ft_evt_0019,Preferencial,95000,true,2026-07-09 20:02:00
ft_tkt_0002435,ft_sal_001237,ft_evt_0019,Preferencial,101000,false,
ft_tkt_0002436,ft_sal_001237,ft_evt_0019,Preferencial,101000,false,
ft_tkt_0002437,ft_sal_001238,ft_evt_0019,General,49000,false,
ft_tkt_0002438,ft_sal_001238,ft_evt_0019,General,49000,false,
ft_tkt_0002439,ft_sal_001239,ft_evt_0019,General,46000,true,2026-07-09 20:41:00
ft_tkt_0002440,ft_sal_001240,ft_evt_0019,General,49000,true,2026-07-09 19:46:00
ft_tkt_0002441,ft_sal_001241,ft_evt_0019,General,46000,false,
ft_tkt_0002442,ft_sal_001241,ft_evt_0019,General,46000,true,2026-07-09 19:47:00
ft_tkt_0002443,ft_sal_001242,ft_evt_0019,Cortesía,0,false,
ft_tkt_0002444,ft_sal_001242,ft_evt_0019,Cortesía,0,false,
ft_tkt_0002445,ft_sal_001243,ft_evt_0019,General,64000,true,2026-07-09 20:54:00
ft_tkt_0002446,ft_sal_001244,ft_evt_0019,General,42000,true,2026-07-09 19:47:00
ft_tkt_0002447,ft_sal_001244,ft_evt_0019,General,42000,true,2026-07-09 20:40:00
ft_tkt_0002448,ft_sal_001245,ft_evt_0019,Preferencial,92000,false,
ft_tkt_0002449,ft_sal_001245,ft_evt_0019,Preferencial,92000,true,2026-07-09 20:22:00
ft_tkt_0002450,ft_sal_001246,ft_evt_0019,General,54000,false,
ft_tkt_0002451,ft_sal_001246,ft_evt_0019,General,54000,false,
ft_tkt_0002452,ft_sal_001247,ft_evt_0019,General,47000,false,
ft_tkt_0002453,ft_sal_001248,ft_evt_0019,General,44000,true,2026-07-09 19:59:00
ft_tkt_0002454,ft_sal_001248,ft_evt_0019,General,44000,true,2026-07-09 20:12:00
ft_tkt_0002455,ft_sal_001249,ft_evt_0019,General,41000,false,
ft_tkt_0002456,ft_sal_001249,ft_evt_0019,General,41000,true,2026-07-09 20:47:00
ft_tkt_0002457,ft_sal_001249,ft_evt_0019,General,41000,false,
ft_tkt_0002458,ft_sal_001250,ft_evt_0019,General,47000,false,
ft_tkt_0002459,ft_sal_001250,ft_evt_0019,General,47000,true,2026-07-09 19:48:00
ft_tkt_0002460,ft_sal_001250,ft_evt_0019,General,47000,false,
ft_tkt_0002461,ft_sal_001251,ft_evt_0019,General,42000,false,
ft_tkt_0002462,ft_sal_001252,ft_evt_0019,Preferencial,104000,false,
ft_tkt_0002463,ft_sal_001253,ft_evt_0019,General,57000,false,
ft_tkt_0002464,ft_sal_001254,ft_evt_0019,General,59000,true,2026-07-09 20:10:00
ft_tkt_0002465,ft_sal_001254,ft_evt_0019,General,59000,true,2026-07-09 20:24:00
ft_tkt_0002466,ft_sal_001255,ft_evt_0019,Preferencial,87000,false,
ft_tkt_0002467,ft_sal_001255,ft_evt_0019,Preferencial,87000,true,2026-07-09 20:40:00
ft_tkt_0002468,ft_sal_001255,ft_evt_0019,Preferencial,87000,true,2026-07-09 20:07:00
ft_tkt_0002469,ft_sal_001255,ft_evt_0019,Preferencial,87000,false,
ft_tkt_0002470,ft_sal_001255,ft_evt_0019,Preferencial,87000,false,
ft_tkt_0002471,ft_sal_001255,ft_evt_0019,Preferencial,87000,false,
ft_tkt_0002472,ft_sal_001256,ft_evt_0019,General,63000,true,2026-07-09 20:18:00
ft_tkt_0002473,ft_sal_001257,ft_evt_0019,General,55000,true,2026-07-09 20:27:00
ft_tkt_0002474,ft_sal_001257,ft_evt_0019,General,55000,true,2026-07-09 20:13:00
ft_tkt_0002475,ft_sal_001258,ft_evt_0019,General,66000,true,2026-07-09 20:12:00
ft_tkt_0002476,ft_sal_001258,ft_evt_0019,General,66000,true,2026-07-09 20:35:00
ft_tkt_0002477,ft_sal_001259,ft_evt_0019,Preferencial,103000,true,2026-07-09 20:48:00
ft_tkt_0002478,ft_sal_001259,ft_evt_0019,Preferencial,103000,true,2026-07-09 20:07:00
ft_tkt_0002479,ft_sal_001259,ft_evt_0019,Preferencial,103000,true,2026-07-09 20:42:00
ft_tkt_0002480,ft_sal_001259,ft_evt_0019,Preferencial,103000,true,2026-07-09 20:52:00
ft_tkt_0002481,ft_sal_001260,ft_evt_0019,General,46000,true,2026-07-09 20:53:00
ft_tkt_0002482,ft_sal_001260,ft_evt_0019,General,46000,true,2026-07-09 20:14:00
ft_tkt_0002483,ft_sal_001261,ft_evt_0019,Preferencial,85000,true,2026-07-09 20:43:00
ft_tkt_0002484,ft_sal_001262,ft_evt_0019,General,62000,true,2026-07-09 19:46:00
ft_tkt_0002485,ft_sal_001262,ft_evt_0019,General,62000,false,
ft_tkt_0002486,ft_sal_001263,ft_evt_0019,General,61000,true,2026-07-09 20:16:00
ft_tkt_0002487,ft_sal_001263,ft_evt_0019,General,61000,true,2026-07-09 19:57:00
ft_tkt_0002488,ft_sal_001264,ft_evt_0019,General,62000,true,2026-07-09 20:11:00
ft_tkt_0002489,ft_sal_001265,ft_evt_0019,Preferencial,90000,true,2026-07-09 20:24:00
ft_tkt_0002490,ft_sal_001265,ft_evt_0019,Preferencial,90000,false,
ft_tkt_0002491,ft_sal_001266,ft_evt_0019,General,44000,true,2026-07-09 20:33:00
ft_tkt_0002492,ft_sal_001266,ft_evt_0019,General,44000,true,2026-07-09 20:13:00
ft_tkt_0002493,ft_sal_001266,ft_evt_0019,General,44000,true,2026-07-09 20:14:00
ft_tkt_0002494,ft_sal_001267,ft_evt_0019,Preferencial,106000,false,
ft_tkt_0002495,ft_sal_001267,ft_evt_0019,Preferencial,106000,true,2026-07-09 20:05:00
ft_tkt_0002496,ft_sal_001267,ft_evt_0019,Preferencial,106000,false,
ft_tkt_0002497,ft_sal_001268,ft_evt_0019,General,61000,true,2026-07-09 19:59:00
ft_tkt_0002498,ft_sal_001268,ft_evt_0019,General,61000,true,2026-07-09 20:31:00
ft_tkt_0002499,ft_sal_001268,ft_evt_0019,General,61000,true,2026-07-09 20:25:00
ft_tkt_0002500,ft_sal_001268,ft_evt_0019,General,61000,true,2026-07-09 20:03:00
ft_tkt_0002501,ft_sal_001269,ft_evt_0019,Cortesía,0,false,
ft_tkt_0002502,ft_sal_001269,ft_evt_0019,Cortesía,0,true,2026-07-09 20:23:00
ft_tkt_0002503,ft_sal_001270,ft_evt_0019,General,46000,false,
ft_tkt_0002504,ft_sal_001270,ft_evt_0019,General,46000,false,
ft_tkt_0002505,ft_sal_001271,ft_evt_0019,General,65000,true,2026-07-09 20:19:00
ft_tkt_0002506,ft_sal_001271,ft_evt_0019,General,65000,true,2026-07-09 20:01:00
ft_tkt_0002507,ft_sal_001271,ft_evt_0019,General,65000,true,2026-07-09 20:19:00
ft_tkt_0002508,ft_sal_001271,ft_evt_0019,General,65000,false,
ft_tkt_0002509,ft_sal_001272,ft_evt_0019,General,59000,true,2026-07-09 20:31:00
ft_tkt_0002510,ft_sal_001272,ft_evt_0019,General,59000,true,2026-07-09 20:12:00
ft_tkt_0002511,ft_sal_001273,ft_evt_0019,Preferencial,91000,true,2026-07-09 20:47:00
ft_tkt_0002512,ft_sal_001274,ft_evt_0019,Preferencial,94000,true,2026-07-09 20:25:00
ft_tkt_0002513,ft_sal_001274,ft_evt_0019,Preferencial,94000,false,
ft_tkt_0002514,ft_sal_001275,ft_evt_0019,General,63000,true,2026-07-09 20:36:00
ft_tkt_0002515,ft_sal_001275,ft_evt_0019,General,63000,true,2026-07-09 19:55:00
ft_tkt_0002516,ft_sal_001275,ft_evt_0019,General,63000,true,2026-07-09 19:59:00
ft_tkt_0002517,ft_sal_001275,ft_evt_0019,General,63000,false,
ft_tkt_0002518,ft_sal_001275,ft_evt_0019,General,63000,true,2026-07-09 20:26:00
ft_tkt_0002519,ft_sal_001275,ft_evt_0019,General,63000,true,2026-07-09 20:40:00
ft_tkt_0002520,ft_sal_001276,ft_evt_0019,General,42000,true,2026-07-09 20:44:00
ft_tkt_0002521,ft_sal_001277,ft_evt_0019,General,60000,true,2026-07-09 19:59:00
ft_tkt_0002522,ft_sal_001278,ft_evt_0019,Preferencial,94000,false,
ft_tkt_0002523,ft_sal_001279,ft_evt_0019,General,48000,true,2026-07-09 20:22:00
ft_tkt_0002524,ft_sal_001280,ft_evt_0019,General,58000,true,2026-07-09 20:28:00
ft_tkt_0002525,ft_sal_001281,ft_evt_0019,Preferencial,86000,true,2026-07-09 20:03:00
ft_tkt_0002526,ft_sal_001281,ft_evt_0019,Preferencial,86000,true,2026-07-09 20:03:00
ft_tkt_0002527,ft_sal_001282,ft_evt_0019,General,42000,true,2026-07-09 20:08:00
ft_tkt_0002528,ft_sal_001282,ft_evt_0019,General,42000,false,
ft_tkt_0002529,ft_sal_001282,ft_evt_0019,General,42000,true,2026-07-09 20:38:00
ft_tkt_0002530,ft_sal_001282,ft_evt_0019,General,42000,false,
ft_tkt_0002531,ft_sal_001282,ft_evt_0019,General,42000,true,2026-07-09 19:44:00
ft_tkt_0002532,ft_sal_001282,ft_evt_0019,General,42000,true,2026-07-09 20:11:00
ft_tkt_0002533,ft_sal_001283,ft_evt_0019,General,50000,true,2026-07-09 20:24:00
ft_tkt_0002534,ft_sal_001284,ft_evt_0019,VIP,137000,false,
ft_tkt_0002535,ft_sal_001284,ft_evt_0019,VIP,137000,true,2026-07-09 20:26:00
ft_tkt_0002536,ft_sal_001285,ft_evt_0019,Cortesía,0,true,2026-07-09 20:51:00
ft_tkt_0002537,ft_sal_001285,ft_evt_0019,Cortesía,0,false,
ft_tkt_0002538,ft_sal_001286,ft_evt_0019,VIP,146000,false,
ft_tkt_0002539,ft_sal_001287,ft_evt_0019,General,61000,true,2026-07-09 20:21:00
ft_tkt_0002540,ft_sal_001288,ft_evt_0019,General,41000,true,2026-07-09 20:46:00
ft_tkt_0002541,ft_sal_001288,ft_evt_0019,General,41000,true,2026-07-09 20:24:00
ft_tkt_0002542,ft_sal_001289,ft_evt_0019,VIP,125000,true,2026-07-09 19:55:00
ft_tkt_0002543,ft_sal_001290,ft_evt_0019,VIP,140000,true,2026-07-09 19:49:00
ft_tkt_0002544,ft_sal_001290,ft_evt_0019,VIP,140000,true,2026-07-09 19:54:00
ft_tkt_0002545,ft_sal_001291,ft_evt_0019,General,45000,true,2026-07-09 20:04:00
ft_tkt_0002546,ft_sal_001292,ft_evt_0019,Cortesía,0,false,
ft_tkt_0002547,ft_sal_001293,ft_evt_0019,General,47000,true,2026-07-09 19:50:00
ft_tkt_0002548,ft_sal_001293,ft_evt_0019,General,47000,false,
ft_tkt_0002549,ft_sal_001294,ft_evt_0019,General,62000,true,2026-07-09 19:42:00
ft_tkt_0002550,ft_sal_001294,ft_evt_0019,General,62000,true,2026-07-09 20:24:00
ft_tkt_0002551,ft_sal_001295,ft_evt_0019,General,43000,true,2026-07-09 20:27:00
ft_tkt_0002552,ft_sal_001295,ft_evt_0019,General,43000,false,
ft_tkt_0002553,ft_sal_001295,ft_evt_0019,General,43000,false,
ft_tkt_0002554,ft_sal_001296,ft_evt_0019,General,58000,true,2026-07-09 20:06:00
ft_tkt_0002555,ft_sal_001297,ft_evt_0019,Preferencial,100000,true,2026-07-09 20:38:00
ft_tkt_0002556,ft_sal_001298,ft_evt_0019,General,47000,true,2026-07-09 20:21:00
ft_tkt_0002557,ft_sal_001298,ft_evt_0019,General,47000,false,
ft_tkt_0002558,ft_sal_001299,ft_evt_0019,Preferencial,93000,true,2026-07-09 20:41:00
ft_tkt_0002559,ft_sal_001300,ft_evt_0019,VIP,140000,false,
ft_tkt_0002560,ft_sal_001301,ft_evt_0019,General,62000,true,2026-07-09 20:18:00
ft_tkt_0002561,ft_sal_001302,ft_evt_0019,General,44000,true,2026-07-09 20:25:00
ft_tkt_0002562,ft_sal_001302,ft_evt_0019,General,44000,true,2026-07-09 20:30:00
ft_tkt_0002563,ft_sal_001303,ft_evt_0019,General,42000,true,2026-07-09 19:51:00
ft_tkt_0002564,ft_sal_001304,ft_evt_0019,Preferencial,87000,true,2026-07-09 20:53:00
ft_tkt_0002565,ft_sal_001305,ft_evt_0019,General,42000,false,
ft_tkt_0002566,ft_sal_001306,ft_evt_0019,General,44000,true,2026-07-09 20:05:00
ft_tkt_0002567,ft_sal_001306,ft_evt_0019,General,44000,true,2026-07-09 19:48:00
ft_tkt_0002568,ft_sal_001307,ft_evt_0019,Preferencial,90000,true,2026-07-09 19:40:00
ft_tkt_0002569,ft_sal_001307,ft_evt_0019,Preferencial,90000,false,
ft_tkt_0002570,ft_sal_001308,ft_evt_0019,General,43000,true,2026-07-09 20:11:00
ft_tkt_0002571,ft_sal_001309,ft_evt_0019,General,57000,true,2026-07-09 19:57:00
ft_tkt_0002572,ft_sal_001309,ft_evt_0019,General,57000,true,2026-07-09 20:01:00
ft_tkt_0002573,ft_sal_001309,ft_evt_0019,General,57000,true,2026-07-09 20:33:00
ft_tkt_0002574,ft_sal_001309,ft_evt_0019,General,57000,false,
ft_tkt_0002575,ft_sal_001310,ft_evt_0019,General,61000,true,2026-07-09 20:42:00
ft_tkt_0002576,ft_sal_001311,ft_evt_0019,General,63000,false,
ft_tkt_0002577,ft_sal_001311,ft_evt_0019,General,63000,true,2026-07-09 19:40:00
ft_tkt_0002578,ft_sal_001312,ft_evt_0019,General,44000,true,2026-07-09 20:54:00
ft_tkt_0002579,ft_sal_001313,ft_evt_0019,Cortesía,0,false,
ft_tkt_0002580,ft_sal_001314,ft_evt_0019,General,45000,true,2026-07-09 19:45:00
ft_tkt_0002581,ft_sal_001314,ft_evt_0019,General,45000,true,2026-07-09 19:55:00
ft_tkt_0002582,ft_sal_001314,ft_evt_0019,General,45000,true,2026-07-09 19:41:00
ft_tkt_0002583,ft_sal_001315,ft_evt_0019,General,63000,true,2026-07-09 20:01:00
ft_tkt_0002584,ft_sal_001315,ft_evt_0019,General,63000,false,
ft_tkt_0002585,ft_sal_001315,ft_evt_0019,General,63000,false,
ft_tkt_0002586,ft_sal_001315,ft_evt_0019,General,63000,true,2026-07-09 20:26:00
ft_tkt_0002587,ft_sal_001316,ft_evt_0019,Preferencial,92000,true,2026-07-09 19:52:00
ft_tkt_0002588,ft_sal_001316,ft_evt_0019,Preferencial,92000,true,2026-07-09 19:47:00
ft_tkt_0002589,ft_sal_001317,ft_evt_0019,VIP,143000,true,2026-07-09 19:55:00
ft_tkt_0002590,ft_sal_001317,ft_evt_0019,VIP,143000,true,2026-07-09 20:02:00
ft_tkt_0002591,ft_sal_001317,ft_evt_0019,VIP,143000,true,2026-07-09 20:53:00
ft_tkt_0002592,ft_sal_001318,ft_evt_0019,General,45000,true,2026-07-09 19:54:00
ft_tkt_0002593,ft_sal_001319,ft_evt_0019,General,47000,false,
ft_tkt_0002594,ft_sal_001319,ft_evt_0019,General,47000,false,
ft_tkt_0002595,ft_sal_001319,ft_evt_0019,General,47000,false,
ft_tkt_0002596,ft_sal_001319,ft_evt_0019,General,47000,true,2026-07-09 20:43:00
ft_tkt_0002597,ft_sal_001320,ft_evt_0019,General,49000,true,2026-07-09 20:07:00
ft_tkt_0002598,ft_sal_001320,ft_evt_0019,General,49000,true,2026-07-09 20:33:00
ft_tkt_0002599,ft_sal_001321,ft_evt_0019,Preferencial,98000,true,2026-07-09 20:53:00
ft_tkt_0002600,ft_sal_001322,ft_evt_0019,General,45000,false,
ft_tkt_0002601,ft_sal_001323,ft_evt_0019,General,47000,true,2026-07-09 20:18:00
ft_tkt_0002602,ft_sal_001324,ft_evt_0019,General,43000,true,2026-07-09 20:54:00
ft_tkt_0002603,ft_sal_001325,ft_evt_0019,VIP,143000,true,2026-07-09 20:09:00
ft_tkt_0002604,ft_sal_001325,ft_evt_0019,VIP,143000,true,2026-07-09 20:13:00
ft_tkt_0002605,ft_sal_001326,ft_evt_0019,Preferencial,95000,false,
ft_tkt_0002606,ft_sal_001327,ft_evt_0019,General,49000,false,
ft_tkt_0002607,ft_sal_001327,ft_evt_0019,General,49000,false,
ft_tkt_0002608,ft_sal_001328,ft_evt_0019,Preferencial,105000,true,2026-07-09 20:10:00
ft_tkt_0002609,ft_sal_001328,ft_evt_0019,Preferencial,105000,true,2026-07-09 20:11:00
ft_tkt_0002610,ft_sal_001329,ft_evt_0019,General,44000,true,2026-07-09 19:58:00
ft_tkt_0002611,ft_sal_001330,ft_evt_0019,General,43000,false,
ft_tkt_0002612,ft_sal_001331,ft_evt_0019,General,55000,true,2026-07-09 20:19:00
ft_tkt_0002613,ft_sal_001332,ft_evt_0019,Cortesía,0,false,
ft_tkt_0002614,ft_sal_001332,ft_evt_0019,Cortesía,0,false,
ft_tkt_0002615,ft_sal_001332,ft_evt_0019,Cortesía,0,false,
ft_tkt_0002616,ft_sal_001332,ft_evt_0019,Cortesía,0,false,
ft_tkt_0002617,ft_sal_001333,ft_evt_0019,General,43000,true,2026-07-09 20:06:00
ft_tkt_0002618,ft_sal_001334,ft_evt_0019,General,43000,true,2026-07-09 20:38:00
ft_tkt_0002619,ft_sal_001335,ft_evt_0019,VIP,144000,false,
ft_tkt_0002620,ft_sal_001335,ft_evt_0019,VIP,144000,true,2026-07-09 20:49:00
ft_tkt_0002621,ft_sal_001335,ft_evt_0019,VIP,144000,false,
ft_tkt_0002622,ft_sal_001336,ft_evt_0019,VIP,127000,true,2026-07-09 19:50:00
ft_tkt_0002623,ft_sal_001336,ft_evt_0019,VIP,127000,true,2026-07-09 19:56:00
ft_tkt_0002624,ft_sal_001336,ft_evt_0019,VIP,127000,true,2026-07-09 20:43:00
ft_tkt_0002625,ft_sal_001337,ft_evt_0019,General,61000,true,2026-07-09 20:06:00
ft_tkt_0002626,ft_sal_001337,ft_evt_0019,General,61000,true,2026-07-09 19:44:00
ft_tkt_0002627,ft_sal_001337,ft_evt_0019,General,61000,false,
ft_tkt_0002628,ft_sal_001338,ft_evt_0019,General,59000,true,2026-07-09 20:53:00
ft_tkt_0002629,ft_sal_001339,ft_evt_0019,General,42000,true,2026-07-09 20:12:00
ft_tkt_0002630,ft_sal_001340,ft_evt_0019,General,46000,true,2026-07-09 20:01:00
ft_tkt_0002631,ft_sal_001341,ft_evt_0019,General,43000,false,
ft_tkt_0002632,ft_sal_001341,ft_evt_0019,General,43000,false,
ft_tkt_0002633,ft_sal_001342,ft_evt_0019,General,47000,false,
ft_tkt_0002634,ft_sal_001342,ft_evt_0019,General,47000,false,
ft_tkt_0002635,ft_sal_001343,ft_evt_0019,Preferencial,92000,true,2026-07-09 20:32:00
ft_tkt_0002636,ft_sal_001344,ft_evt_0019,General,56000,false,
ft_tkt_0002637,ft_sal_001345,ft_evt_0019,General,60000,true,2026-07-09 20:14:00
ft_tkt_0002638,ft_sal_001345,ft_evt_0019,General,60000,true,2026-07-09 20:11:00
ft_tkt_0002639,ft_sal_001346,ft_evt_0019,General,65000,false,
ft_tkt_0002640,ft_sal_001346,ft_evt_0019,General,65000,false,
ft_tkt_0002641,ft_sal_001346,ft_evt_0019,General,65000,false,
ft_tkt_0002642,ft_sal_001346,ft_evt_0019,General,65000,false,
ft_tkt_0002643,ft_sal_001347,ft_evt_0019,Preferencial,99000,false,
ft_tkt_0002644,ft_sal_001347,ft_evt_0019,Preferencial,99000,true,2026-07-09 20:05:00
ft_tkt_0002645,ft_sal_001348,ft_evt_0019,Preferencial,82000,true,2026-07-09 20:19:00
ft_tkt_0002646,ft_sal_001349,ft_evt_0019,Preferencial,97000,false,
ft_tkt_0002647,ft_sal_001350,ft_evt_0019,General,62000,true,2026-07-09 20:24:00
ft_tkt_0002648,ft_sal_001350,ft_evt_0019,General,62000,true,2026-07-09 20:03:00
ft_tkt_0002649,ft_sal_001351,ft_evt_0019,General,45000,false,
ft_tkt_0002650,ft_sal_001352,ft_evt_0019,General,47000,false,
ft_tkt_0002651,ft_sal_001352,ft_evt_0019,General,47000,false,
ft_tkt_0002652,ft_sal_001352,ft_evt_0019,General,47000,false,
ft_tkt_0002653,ft_sal_001353,ft_evt_0019,General,45000,true,2026-07-09 20:35:00
ft_tkt_0002654,ft_sal_001353,ft_evt_0019,General,45000,true,2026-07-09 20:07:00
ft_tkt_0002655,ft_sal_001354,ft_evt_0019,Cortesía,0,true,2026-07-09 20:19:00
ft_tkt_0002656,ft_sal_001355,ft_evt_0053,VIP,146000,false,
ft_tkt_0002657,ft_sal_001356,ft_evt_0053,General,42000,false,
ft_tkt_0002658,ft_sal_001356,ft_evt_0053,General,42000,false,
ft_tkt_0002659,ft_sal_001356,ft_evt_0053,General,42000,false,
ft_tkt_0002660,ft_sal_001357,ft_evt_0053,General,42000,true,2026-07-09 20:54:00
ft_tkt_0002661,ft_sal_001357,ft_evt_0053,General,42000,true,2026-07-09 20:35:00
ft_tkt_0002662,ft_sal_001358,ft_evt_0053,General,45000,false,
ft_tkt_0002663,ft_sal_001359,ft_evt_0053,General,47000,true,2026-07-09 20:24:00
ft_tkt_0002664,ft_sal_001359,ft_evt_0053,General,47000,false,
ft_tkt_0002665,ft_sal_001360,ft_evt_0053,General,44000,true,2026-07-09 20:38:00
ft_tkt_0002666,ft_sal_001360,ft_evt_0053,General,44000,true,2026-07-09 20:34:00
ft_tkt_0002667,ft_sal_001361,ft_evt_0053,General,56000,true,2026-07-09 20:04:00
ft_tkt_0002668,ft_sal_001362,ft_evt_0053,General,48000,false,
ft_tkt_0002669,ft_sal_001362,ft_evt_0053,General,48000,true,2026-07-09 20:13:00
ft_tkt_0002670,ft_sal_001363,ft_evt_0053,General,61000,true,2026-07-09 19:53:00
ft_tkt_0002671,ft_sal_001363,ft_evt_0053,General,61000,false,
ft_tkt_0002672,ft_sal_001364,ft_evt_0053,Preferencial,98000,false,
ft_tkt_0002673,ft_sal_001365,ft_evt_0053,VIP,142000,true,2026-07-09 20:05:00
ft_tkt_0002674,ft_sal_001365,ft_evt_0053,VIP,142000,true,2026-07-09 20:19:00
ft_tkt_0002675,ft_sal_001366,ft_evt_0053,General,45000,true,2026-07-09 20:37:00
ft_tkt_0002676,ft_sal_001366,ft_evt_0053,General,45000,true,2026-07-09 20:30:00
ft_tkt_0002677,ft_sal_001367,ft_evt_0053,VIP,130000,false,
ft_tkt_0002678,ft_sal_001367,ft_evt_0053,VIP,130000,true,2026-07-09 20:13:00
ft_tkt_0002679,ft_sal_001368,ft_evt_0053,VIP,153000,false,
ft_tkt_0002680,ft_sal_001369,ft_evt_0053,VIP,133000,true,2026-07-09 20:24:00
ft_tkt_0002681,ft_sal_001370,ft_evt_0053,Preferencial,95000,true,2026-07-09 20:33:00
ft_tkt_0002682,ft_sal_001370,ft_evt_0053,Preferencial,95000,true,2026-07-09 20:45:00
ft_tkt_0002683,ft_sal_001371,ft_evt_0053,Cortesía,0,true,2026-07-09 20:37:00
ft_tkt_0002684,ft_sal_001371,ft_evt_0053,Cortesía,0,true,2026-07-09 20:45:00
ft_tkt_0002685,ft_sal_001372,ft_evt_0053,Preferencial,97000,true,2026-07-09 20:38:00
ft_tkt_0002686,ft_sal_001373,ft_evt_0053,General,45000,false,
ft_tkt_0002687,ft_sal_001374,ft_evt_0053,General,46000,true,2026-07-09 20:00:00
ft_tkt_0002688,ft_sal_001375,ft_evt_0053,Preferencial,92000,true,2026-07-09 20:26:00
ft_tkt_0002689,ft_sal_001376,ft_evt_0053,General,41000,false,
ft_tkt_0002690,ft_sal_001376,ft_evt_0053,General,41000,false,
ft_tkt_0002691,ft_sal_001377,ft_evt_0053,Cortesía,0,false,
ft_tkt_0002692,ft_sal_001377,ft_evt_0053,Cortesía,0,false,
ft_tkt_0002693,ft_sal_001378,ft_evt_0053,General,47000,true,2026-07-09 20:22:00
ft_tkt_0002694,ft_sal_001378,ft_evt_0053,General,47000,true,2026-07-09 20:52:00
ft_tkt_0002695,ft_sal_001379,ft_evt_0053,General,43000,true,2026-07-09 20:03:00
ft_tkt_0002696,ft_sal_001380,ft_evt_0053,General,45000,false,
ft_tkt_0002697,ft_sal_001380,ft_evt_0053,General,45000,true,2026-07-09 19:40:00
ft_tkt_0002698,ft_sal_001381,ft_evt_0053,General,45000,false,
ft_tkt_0002699,ft_sal_001381,ft_evt_0053,General,45000,true,2026-07-09 19:56:00
ft_tkt_0002700,ft_sal_001382,ft_evt_0053,Preferencial,104000,false,
ft_tkt_0002701,ft_sal_001383,ft_evt_0053,VIP,146000,true,2026-07-09 20:19:00
ft_tkt_0002702,ft_sal_001383,ft_evt_0053,VIP,146000,true,2026-07-09 20:13:00
ft_tkt_0002703,ft_sal_001384,ft_evt_0053,VIP,145000,true,2026-07-09 20:25:00
ft_tkt_0002704,ft_sal_001384,ft_evt_0053,VIP,145000,true,2026-07-09 20:15:00
ft_tkt_0002705,ft_sal_001384,ft_evt_0053,VIP,145000,true,2026-07-09 20:33:00
ft_tkt_0002706,ft_sal_001385,ft_evt_0053,General,44000,true,2026-07-09 20:29:00
ft_tkt_0002707,ft_sal_001385,ft_evt_0053,General,44000,true,2026-07-09 20:41:00
ft_tkt_0002708,ft_sal_001385,ft_evt_0053,General,44000,true,2026-07-09 20:21:00
ft_tkt_0002709,ft_sal_001386,ft_evt_0053,General,47000,false,
ft_tkt_0002710,ft_sal_001386,ft_evt_0053,General,47000,true,2026-07-09 20:11:00
ft_tkt_0002711,ft_sal_001386,ft_evt_0053,General,47000,true,2026-07-09 20:09:00
ft_tkt_0002712,ft_sal_001387,ft_evt_0053,Cortesía,0,false,
ft_tkt_0002713,ft_sal_001387,ft_evt_0053,Cortesía,0,false,
ft_tkt_0002714,ft_sal_001388,ft_evt_0053,VIP,130000,true,2026-07-09 20:07:00
ft_tkt_0002715,ft_sal_001389,ft_evt_0053,General,45000,true,2026-07-09 20:31:00
ft_tkt_0002716,ft_sal_001390,ft_evt_0053,General,61000,true,2026-07-09 19:48:00
ft_tkt_0002717,ft_sal_001391,ft_evt_0053,General,42000,true,2026-07-09 20:10:00
ft_tkt_0002718,ft_sal_001391,ft_evt_0053,General,42000,true,2026-07-09 19:57:00
ft_tkt_0002719,ft_sal_001391,ft_evt_0053,General,42000,true,2026-07-09 20:33:00
ft_tkt_0002720,ft_sal_001392,ft_evt_0053,Cortesía,0,true,2026-07-09 20:26:00
ft_tkt_0002721,ft_sal_001392,ft_evt_0053,Cortesía,0,false,
ft_tkt_0002722,ft_sal_001393,ft_evt_0053,VIP,142000,false,
ft_tkt_0002723,ft_sal_001393,ft_evt_0053,VIP,142000,false,
ft_tkt_0002724,ft_sal_001394,ft_evt_0053,General,57000,true,2026-07-09 20:31:00
ft_tkt_0002725,ft_sal_001395,ft_evt_0053,General,43000,true,2026-07-09 20:27:00
ft_tkt_0002726,ft_sal_001396,ft_evt_0053,General,43000,true,2026-07-09 20:44:00
ft_tkt_0002727,ft_sal_001396,ft_evt_0053,General,43000,true,2026-07-09 19:42:00
ft_tkt_0002728,ft_sal_001397,ft_evt_0053,General,61000,true,2026-07-09 19:51:00
ft_tkt_0002729,ft_sal_001398,ft_evt_0053,General,61000,false,
ft_tkt_0002730,ft_sal_001399,ft_evt_0053,General,62000,false,
ft_tkt_0002731,ft_sal_001400,ft_evt_0053,General,60000,true,2026-07-09 19:45:00
ft_tkt_0002732,ft_sal_001401,ft_evt_0053,Preferencial,93000,false,
ft_tkt_0002733,ft_sal_001402,ft_evt_0053,General,46000,true,2026-07-09 20:13:00
ft_tkt_0002734,ft_sal_001403,ft_evt_0053,Preferencial,99000,false,
ft_tkt_0002735,ft_sal_001403,ft_evt_0053,Preferencial,99000,false,
ft_tkt_0002736,ft_sal_001404,ft_evt_0053,Preferencial,98000,false,
ft_tkt_0002737,ft_sal_001404,ft_evt_0053,Preferencial,98000,true,2026-07-09 20:41:00
ft_tkt_0002738,ft_sal_001404,ft_evt_0053,Preferencial,98000,false,
ft_tkt_0002739,ft_sal_001405,ft_evt_0053,General,42000,true,2026-07-09 20:29:00
ft_tkt_0002740,ft_sal_001406,ft_evt_0053,General,42000,true,2026-07-09 19:49:00
ft_tkt_0002741,ft_sal_001407,ft_evt_0053,VIP,144000,true,2026-07-09 20:45:00
ft_tkt_0002742,ft_sal_001408,ft_evt_0053,General,48000,true,2026-07-09 20:27:00
ft_tkt_0002743,ft_sal_001409,ft_evt_0053,General,44000,false,
ft_tkt_0002744,ft_sal_001409,ft_evt_0053,General,44000,true,2026-07-09 20:30:00
ft_tkt_0002745,ft_sal_001410,ft_evt_0053,General,66000,true,2026-07-09 20:08:00
ft_tkt_0002746,ft_sal_001411,ft_evt_0053,General,59000,true,2026-07-09 20:47:00
ft_tkt_0002747,ft_sal_001412,ft_evt_0053,General,46000,true,2026-07-09 20:11:00
ft_tkt_0002748,ft_sal_001412,ft_evt_0053,General,46000,true,2026-07-09 20:11:00
ft_tkt_0002749,ft_sal_001412,ft_evt_0053,General,46000,false,
ft_tkt_0002750,ft_sal_001412,ft_evt_0053,General,46000,true,2026-07-09 19:45:00
ft_tkt_0002751,ft_sal_001413,ft_evt_0053,Cortesía,0,false,
ft_tkt_0002752,ft_sal_001413,ft_evt_0053,Cortesía,0,false,
ft_tkt_0002753,ft_sal_001413,ft_evt_0053,Cortesía,0,false,
ft_tkt_0002754,ft_sal_001413,ft_evt_0053,Cortesía,0,true,2026-07-09 19:50:00
ft_tkt_0002755,ft_sal_001414,ft_evt_0053,Preferencial,94000,true,2026-07-09 20:06:00
ft_tkt_0002756,ft_sal_001415,ft_evt_0053,VIP,140000,true,2026-07-09 20:21:00
ft_tkt_0002757,ft_sal_001415,ft_evt_0053,VIP,140000,false,
ft_tkt_0002758,ft_sal_001416,ft_evt_0053,General,44000,true,2026-07-09 20:33:00
ft_tkt_0002759,ft_sal_001416,ft_evt_0053,General,44000,true,2026-07-09 20:51:00
ft_tkt_0002760,ft_sal_001416,ft_evt_0053,General,44000,true,2026-07-09 20:07:00
ft_tkt_0002761,ft_sal_001417,ft_evt_0053,Preferencial,91000,true,2026-07-09 20:04:00
ft_tkt_0002762,ft_sal_001417,ft_evt_0053,Preferencial,91000,true,2026-07-09 19:47:00
ft_tkt_0002763,ft_sal_001418,ft_evt_0053,General,55000,true,2026-07-09 20:54:00
ft_tkt_0002764,ft_sal_001419,ft_evt_0053,General,57000,true,2026-07-09 19:47:00
ft_tkt_0002765,ft_sal_001419,ft_evt_0053,General,57000,false,
ft_tkt_0002766,ft_sal_001420,ft_evt_0053,VIP,147000,true,2026-07-09 19:52:00
ft_tkt_0002767,ft_sal_001421,ft_evt_0053,General,43000,false,
ft_tkt_0002768,ft_sal_001422,ft_evt_0053,General,46000,true,2026-07-09 20:20:00
ft_tkt_0002769,ft_sal_001423,ft_evt_0053,General,43000,true,2026-07-09 20:12:00
ft_tkt_0002770,ft_sal_001424,ft_evt_0053,General,47000,false,
ft_tkt_0002771,ft_sal_001424,ft_evt_0053,General,47000,true,2026-07-09 20:48:00
ft_tkt_0002772,ft_sal_001424,ft_evt_0053,General,47000,true,2026-07-09 20:39:00
ft_tkt_0002773,ft_sal_001425,ft_evt_0053,Preferencial,96000,false,
ft_tkt_0002774,ft_sal_001425,ft_evt_0053,Preferencial,96000,true,2026-07-09 19:47:00
ft_tkt_0002775,ft_sal_001426,ft_evt_0053,General,64000,true,2026-07-09 19:50:00
ft_tkt_0002776,ft_sal_001426,ft_evt_0053,General,64000,true,2026-07-09 19:58:00
ft_tkt_0002777,ft_sal_001427,ft_evt_0053,General,47000,false,
ft_tkt_0002778,ft_sal_001427,ft_evt_0053,General,47000,true,2026-07-09 20:11:00
ft_tkt_0002779,ft_sal_001428,ft_evt_0053,General,60000,true,2026-07-09 19:59:00
ft_tkt_0002780,ft_sal_001428,ft_evt_0053,General,60000,true,2026-07-09 19:55:00
ft_tkt_0002781,ft_sal_001429,ft_evt_0053,General,50000,true,2026-07-09 19:47:00
ft_tkt_0002782,ft_sal_001430,ft_evt_0053,General,47000,false,
ft_tkt_0002783,ft_sal_001431,ft_evt_0053,General,59000,false,
ft_tkt_0002784,ft_sal_001431,ft_evt_0053,General,59000,true,2026-07-09 20:42:00
ft_tkt_0002785,ft_sal_001432,ft_evt_0053,General,43000,true,2026-07-09 20:04:00
ft_tkt_0002786,ft_sal_001432,ft_evt_0053,General,43000,true,2026-07-09 20:10:00
ft_tkt_0002787,ft_sal_001433,ft_evt_0053,Cortesía,0,false,
ft_tkt_0002788,ft_sal_001433,ft_evt_0053,Cortesía,0,false,
ft_tkt_0002789,ft_sal_001434,ft_evt_0053,General,66000,true,2026-07-09 20:23:00
ft_tkt_0002790,ft_sal_001434,ft_evt_0053,General,66000,false,
ft_tkt_0002791,ft_sal_001435,ft_evt_0053,General,48000,true,2026-07-09 20:04:00
ft_tkt_0002792,ft_sal_001435,ft_evt_0053,General,48000,true,2026-07-09 19:42:00
ft_tkt_0002793,ft_sal_001436,ft_evt_0053,Preferencial,94000,true,2026-07-09 20:48:00
ft_tkt_0002794,ft_sal_001436,ft_evt_0053,Preferencial,94000,true,2026-07-09 19:50:00
ft_tkt_0002795,ft_sal_001437,ft_evt_0053,General,61000,false,
ft_tkt_0002796,ft_sal_001437,ft_evt_0053,General,61000,false,
ft_tkt_0002797,ft_sal_001438,ft_evt_0053,General,40000,false,
ft_tkt_0002798,ft_sal_001438,ft_evt_0053,General,40000,true,2026-07-09 20:30:00
ft_tkt_0002799,ft_sal_001438,ft_evt_0053,General,40000,true,2026-07-09 20:06:00
ft_tkt_0002800,ft_sal_001439,ft_evt_0053,General,44000,true,2026-07-09 19:51:00
ft_tkt_0002801,ft_sal_001440,ft_evt_0053,General,56000,true,2026-07-09 20:54:00
ft_tkt_0002802,ft_sal_001441,ft_evt_0053,General,44000,false,
ft_tkt_0002803,ft_sal_001442,ft_evt_0053,General,59000,true,2026-07-09 20:47:00
ft_tkt_0002804,ft_sal_001443,ft_evt_0053,General,58000,true,2026-07-09 20:23:00
ft_tkt_0002805,ft_sal_001443,ft_evt_0053,General,58000,true,2026-07-09 19:53:00
ft_tkt_0002806,ft_sal_001444,ft_evt_0053,VIP,126000,true,2026-07-09 19:48:00
ft_tkt_0002807,ft_sal_001445,ft_evt_0053,General,43000,true,2026-07-09 20:54:00
ft_tkt_0002808,ft_sal_001446,ft_evt_0053,General,56000,true,2026-07-09 20:14:00
ft_tkt_0002809,ft_sal_001446,ft_evt_0053,General,56000,true,2026-07-09 20:08:00
ft_tkt_0002810,ft_sal_001446,ft_evt_0053,General,56000,false,
ft_tkt_0002811,ft_sal_001446,ft_evt_0053,General,56000,true,2026-07-09 20:55:00
ft_tkt_0002812,ft_sal_001446,ft_evt_0053,General,56000,false,
ft_tkt_0002813,ft_sal_001446,ft_evt_0053,General,56000,true,2026-07-09 19:59:00
ft_tkt_0002814,ft_sal_001447,ft_evt_0053,General,57000,false,
ft_tkt_0002815,ft_sal_001448,ft_evt_0053,Preferencial,101000,false,
ft_tkt_0002816,ft_sal_001448,ft_evt_0053,Preferencial,101000,false,
ft_tkt_0002817,ft_sal_001448,ft_evt_0053,Preferencial,101000,true,2026-07-09 19:50:00
ft_tkt_0002818,ft_sal_001449,ft_evt_0053,General,53000,false,
ft_tkt_0002819,ft_sal_001449,ft_evt_0053,General,53000,true,2026-07-09 20:29:00
ft_tkt_0002820,ft_sal_001449,ft_evt_0053,General,53000,false,
ft_tkt_0002821,ft_sal_001450,ft_evt_0053,VIP,138000,false,
ft_tkt_0002822,ft_sal_001450,ft_evt_0053,VIP,138000,true,2026-07-09 19:49:00
ft_tkt_0002823,ft_sal_001451,ft_evt_0053,Preferencial,96000,true,2026-07-09 19:57:00
ft_tkt_0002824,ft_sal_001452,ft_evt_0053,Preferencial,94000,true,2026-07-09 20:17:00
ft_tkt_0002825,ft_sal_001452,ft_evt_0053,Preferencial,94000,true,2026-07-09 19:55:00
ft_tkt_0002826,ft_sal_001453,ft_evt_0053,General,61000,false,
ft_tkt_0002827,ft_sal_001454,ft_evt_0053,General,42000,false,
ft_tkt_0002828,ft_sal_001455,ft_evt_0053,General,61000,true,2026-07-09 20:11:00
ft_tkt_0002829,ft_sal_001455,ft_evt_0053,General,61000,false,
ft_tkt_0002830,ft_sal_001455,ft_evt_0053,General,61000,false,
ft_tkt_0002831,ft_sal_001455,ft_evt_0053,General,61000,true,2026-07-09 19:51:00
ft_tkt_0002832,ft_sal_001456,ft_evt_0053,Preferencial,94000,true,2026-07-09 19:44:00
ft_tkt_0002833,ft_sal_001457,ft_evt_0053,Cortesía,0,true,2026-07-09 20:09:00
ft_tkt_0002834,ft_sal_001458,ft_evt_0053,General,47000,true,2026-07-09 20:23:00
ft_tkt_0002835,ft_sal_001458,ft_evt_0053,General,47000,false,
ft_tkt_0002836,ft_sal_001458,ft_evt_0053,General,47000,false,
ft_tkt_0002837,ft_sal_001459,ft_evt_0053,Cortesía,0,false,
ft_tkt_0002838,ft_sal_001459,ft_evt_0053,Cortesía,0,true,2026-07-09 19:51:00
ft_tkt_0002839,ft_sal_001460,ft_evt_0053,Preferencial,99000,false,
ft_tkt_0002840,ft_sal_001461,ft_evt_0053,General,63000,false,
ft_tkt_0002841,ft_sal_001461,ft_evt_0053,General,63000,true,2026-07-09 19:40:00
ft_tkt_0002842,ft_sal_001462,ft_evt_0053,Preferencial,90000,false,
ft_tkt_0002843,ft_sal_001462,ft_evt_0053,Preferencial,90000,true,2026-07-09 19:41:00
ft_tkt_0002844,ft_sal_001463,ft_evt_0053,General,46000,true,2026-07-09 20:12:00
ft_tkt_0002845,ft_sal_001464,ft_evt_0053,General,43000,false,
ft_tkt_0002846,ft_sal_001465,ft_evt_0053,General,43000,true,2026-07-09 19:58:00
ft_tkt_0002847,ft_sal_001466,ft_evt_0053,Preferencial,89000,true,2026-07-09 20:55:00
ft_tkt_0002848,ft_sal_001467,ft_evt_0053,Cortesía,0,false,
ft_tkt_0002849,ft_sal_001468,ft_evt_0053,VIP,150000,true,2026-07-09 19:53:00
ft_tkt_0002850,ft_sal_001469,ft_evt_0053,Cortesía,0,true,2026-07-09 20:45:00
ft_tkt_0002851,ft_sal_001470,ft_evt_0053,General,55000,true,2026-07-09 20:42:00
ft_tkt_0002852,ft_sal_001470,ft_evt_0053,General,55000,true,2026-07-09 20:22:00
ft_tkt_0002853,ft_sal_001470,ft_evt_0053,General,55000,false,
ft_tkt_0002854,ft_sal_001470,ft_evt_0053,General,55000,true,2026-07-09 20:01:00
ft_tkt_0002855,ft_sal_001471,ft_evt_0053,General,45000,true,2026-07-09 20:04:00
ft_tkt_0002856,ft_sal_001471,ft_evt_0053,General,45000,true,2026-07-09 20:51:00
ft_tkt_0002857,ft_sal_001471,ft_evt_0053,General,45000,true,2026-07-09 19:54:00
ft_tkt_0002858,ft_sal_001471,ft_evt_0053,General,45000,true,2026-07-09 20:48:00
ft_tkt_0002859,ft_sal_001471,ft_evt_0053,General,45000,true,2026-07-09 20:43:00
ft_tkt_0002860,ft_sal_001471,ft_evt_0053,General,45000,true,2026-07-09 20:41:00
ft_tkt_0002861,ft_sal_001472,ft_evt_0053,Preferencial,90000,true,2026-07-09 20:51:00
ft_tkt_0002862,ft_sal_001473,ft_evt_0053,Preferencial,93000,true,2026-07-09 19:51:00
ft_tkt_0002863,ft_sal_001473,ft_evt_0053,Preferencial,93000,true,2026-07-09 20:29:00
ft_tkt_0002864,ft_sal_001474,ft_evt_0053,General,42000,false,
ft_tkt_0002865,ft_sal_001475,ft_evt_0053,General,47000,true,2026-07-09 20:17:00
ft_tkt_0002866,ft_sal_001475,ft_evt_0053,General,47000,true,2026-07-09 20:46:00
ft_tkt_0002867,ft_sal_001476,ft_evt_0053,Preferencial,96000,false,
ft_tkt_0002868,ft_sal_001476,ft_evt_0053,Preferencial,96000,false,
ft_tkt_0002869,ft_sal_001477,ft_evt_0053,VIP,135000,true,2026-07-09 20:41:00
ft_tkt_0002870,ft_sal_001477,ft_evt_0053,VIP,135000,false,
ft_tkt_0002871,ft_sal_001478,ft_evt_0053,VIP,141000,true,2026-07-09 20:13:00
ft_tkt_0002872,ft_sal_001478,ft_evt_0053,VIP,141000,false,
ft_tkt_0002873,ft_sal_001479,ft_evt_0053,Preferencial,97000,true,2026-07-09 20:20:00
ft_tkt_0002874,ft_sal_001480,ft_evt_0053,General,46000,true,2026-07-09 19:40:00
ft_tkt_0002875,ft_sal_001480,ft_evt_0053,General,46000,true,2026-07-09 19:40:00
ft_tkt_0002876,ft_sal_001481,ft_evt_0053,Preferencial,93000,false,
ft_tkt_0002877,ft_sal_001481,ft_evt_0053,Preferencial,93000,true,2026-07-09 20:11:00
ft_tkt_0002878,ft_sal_001482,ft_evt_0053,General,58000,true,2026-07-09 20:16:00
ft_tkt_0002879,ft_sal_001483,ft_evt_0053,Cortesía,0,true,2026-07-09 20:30:00
ft_tkt_0002880,ft_sal_001483,ft_evt_0053,Cortesía,0,false,
ft_tkt_0002881,ft_sal_001483,ft_evt_0053,Cortesía,0,false,
ft_tkt_0002882,ft_sal_001483,ft_evt_0053,Cortesía,0,true,2026-07-09 20:21:00
ft_tkt_0002883,ft_sal_001484,ft_evt_0053,Cortesía,0,false,
ft_tkt_0002884,ft_sal_001484,ft_evt_0053,Cortesía,0,false,
ft_tkt_0002885,ft_sal_001485,ft_evt_0053,Cortesía,0,false,
ft_tkt_0002886,ft_sal_001486,ft_evt_0053,VIP,136000,true,2026-07-09 19:53:00
ft_tkt_0002887,ft_sal_001486,ft_evt_0053,VIP,136000,true,2026-07-09 20:20:00
ft_tkt_0002888,ft_sal_001487,ft_evt_0053,General,44000,true,2026-07-09 20:07:00
ft_tkt_0002889,ft_sal_001487,ft_evt_0053,General,44000,true,2026-07-09 20:29:00
ft_tkt_0002890,ft_sal_001488,ft_evt_0053,General,61000,true,2026-07-09 20:48:00
ft_tkt_0002891,ft_sal_001489,ft_evt_0053,General,61000,false,
ft_tkt_0002892,ft_sal_001489,ft_evt_0053,General,61000,true,2026-07-09 20:00:00
ft_tkt_0002893,ft_sal_001489,ft_evt_0053,General,61000,true,2026-07-09 20:49:00
ft_tkt_0002894,ft_sal_001490,ft_evt_0053,General,44000,false,
ft_tkt_0002895,ft_sal_001490,ft_evt_0053,General,44000,false,
ft_tkt_0002896,ft_sal_001491,ft_evt_0053,General,56000,true,2026-07-09 20:54:00
ft_tkt_0002897,ft_sal_001492,ft_evt_0053,Preferencial,94000,false,
ft_tkt_0002898,ft_sal_001493,ft_evt_0053,General,46000,true,2026-07-09 20:29:00
ft_tkt_0002899,ft_sal_001493,ft_evt_0053,General,46000,false,
ft_tkt_0002900,ft_sal_001493,ft_evt_0053,General,46000,true,2026-07-09 20:28:00
ft_tkt_0002901,ft_sal_001494,ft_evt_0053,General,59000,true,2026-07-09 20:31:00
ft_tkt_0002902,ft_sal_001494,ft_evt_0053,General,59000,true,2026-07-09 20:28:00
ft_tkt_0002903,ft_sal_001495,ft_evt_0053,General,46000,true,2026-07-09 20:37:00
ft_tkt_0002904,ft_sal_001496,ft_evt_0053,General,59000,false,
ft_tkt_0002905,ft_sal_001496,ft_evt_0053,General,59000,false,
ft_tkt_0002906,ft_sal_001496,ft_evt_0053,General,59000,false,
ft_tkt_0002907,ft_sal_001497,ft_evt_0053,General,47000,false,
ft_tkt_0002908,ft_sal_001498,ft_evt_0053,General,41000,true,2026-07-09 20:46:00
ft_tkt_0002909,ft_sal_001498,ft_evt_0053,General,41000,true,2026-07-09 20:08:00
ft_tkt_0002910,ft_sal_001499,ft_evt_0053,General,62000,true,2026-07-09 19:47:00
ft_tkt_0002911,ft_sal_001499,ft_evt_0053,General,62000,true,2026-07-09 20:09:00
ft_tkt_0002912,ft_sal_001499,ft_evt_0053,General,62000,false,
ft_tkt_0002913,ft_sal_001499,ft_evt_0053,General,62000,false,
ft_tkt_0002914,ft_sal_001499,ft_evt_0053,General,62000,false,
ft_tkt_0002915,ft_sal_001499,ft_evt_0053,General,62000,false,
ft_tkt_0002916,ft_sal_001500,ft_evt_0053,General,44000,true,2026-07-09 20:28:00
ft_tkt_0002917,ft_sal_001501,ft_evt_0053,VIP,134000,true,2026-07-09 20:41:00
ft_tkt_0002918,ft_sal_001501,ft_evt_0053,VIP,134000,true,2026-07-09 20:39:00
ft_tkt_0002919,ft_sal_001501,ft_evt_0053,VIP,134000,false,
ft_tkt_0002920,ft_sal_001501,ft_evt_0053,VIP,134000,false,
ft_tkt_0002921,ft_sal_001502,ft_evt_0053,Cortesía,0,false,
ft_tkt_0002922,ft_sal_001502,ft_evt_0053,Cortesía,0,false,
ft_tkt_0002923,ft_sal_001503,ft_evt_0053,General,41000,true,2026-07-09 20:11:00
ft_tkt_0002924,ft_sal_001503,ft_evt_0053,General,41000,true,2026-07-09 20:34:00
ft_tkt_0002925,ft_sal_001503,ft_evt_0053,General,41000,true,2026-07-09 20:48:00
ft_tkt_0002926,ft_sal_001503,ft_evt_0053,General,41000,true,2026-07-09 20:22:00
ft_tkt_0002927,ft_sal_001504,ft_evt_0053,General,53000,false,
ft_tkt_0002928,ft_sal_001505,ft_evt_0053,General,44000,false,
ft_tkt_0002929,ft_sal_001506,ft_evt_0053,General,50000,true,2026-07-09 20:40:00
ft_tkt_0002930,ft_sal_001507,ft_evt_0053,General,61000,true,2026-07-09 20:38:00
ft_tkt_0002931,ft_sal_001508,ft_evt_0053,Cortesía,0,false,
ft_tkt_0002932,ft_sal_001508,ft_evt_0053,Cortesía,0,false,
ft_tkt_0002933,ft_sal_001509,ft_evt_0053,VIP,142000,true,2026-07-09 20:41:00
ft_tkt_0002934,ft_sal_001510,ft_evt_0053,Preferencial,99000,true,2026-07-09 20:27:00
ft_tkt_0002935,ft_sal_001510,ft_evt_0053,Preferencial,99000,false,
ft_tkt_0002936,ft_sal_001511,ft_evt_0053,General,46000,false,
ft_tkt_0002937,ft_sal_001511,ft_evt_0053,General,46000,true,2026-07-09 20:50:00
ft_tkt_0002938,ft_sal_001512,ft_evt_0053,General,59000,true,2026-07-09 20:36:00
ft_tkt_0002939,ft_sal_001512,ft_evt_0053,General,59000,true,2026-07-09 19:45:00
ft_tkt_0002940,ft_sal_001513,ft_evt_0053,General,60000,true,2026-07-09 20:18:00
ft_tkt_0002941,ft_sal_001513,ft_evt_0053,General,60000,true,2026-07-09 20:52:00
ft_tkt_0002942,ft_sal_001513,ft_evt_0053,General,60000,false,
ft_tkt_0002943,ft_sal_001514,ft_evt_0053,General,46000,true,2026-07-09 20:32:00
ft_tkt_0002944,ft_sal_001515,ft_evt_0053,VIP,140000,true,2026-07-09 20:29:00
ft_tkt_0002945,ft_sal_001516,ft_evt_0053,General,58000,true,2026-07-09 20:41:00
ft_tkt_0002946,ft_sal_001516,ft_evt_0053,General,58000,true,2026-07-09 20:28:00
ft_tkt_0002947,ft_sal_001517,ft_evt_0053,Preferencial,89000,true,2026-07-09 19:45:00
ft_tkt_0002948,ft_sal_001517,ft_evt_0053,Preferencial,89000,true,2026-07-09 20:30:00
ft_tkt_0002949,ft_sal_001518,ft_evt_0053,General,44000,false,
ft_tkt_0002950,ft_sal_001518,ft_evt_0053,General,44000,true,2026-07-09 19:51:00
ft_tkt_0002951,ft_sal_001518,ft_evt_0053,General,44000,true,2026-07-09 19:53:00
ft_tkt_0002952,ft_sal_001519,ft_evt_0053,General,44000,false,
ft_tkt_0002953,ft_sal_001520,ft_evt_0053,General,49000,true,2026-07-09 19:42:00
ft_tkt_0002954,ft_sal_001521,ft_evt_0053,General,48000,true,2026-07-09 20:01:00
ft_tkt_0002955,ft_sal_001521,ft_evt_0053,General,48000,true,2026-07-09 20:31:00
ft_tkt_0002956,ft_sal_001521,ft_evt_0053,General,48000,false,
ft_tkt_0002957,ft_sal_001522,ft_evt_0053,Preferencial,99000,false,
ft_tkt_0002958,ft_sal_001523,ft_evt_0053,General,61000,false,
ft_tkt_0002959,ft_sal_001523,ft_evt_0053,General,61000,true,2026-07-09 20:20:00
ft_tkt_0002960,ft_sal_001523,ft_evt_0053,General,61000,true,2026-07-09 20:17:00
ft_tkt_0002961,ft_sal_001524,ft_evt_0053,General,63000,true,2026-07-09 20:40:00
ft_tkt_0002962,ft_sal_001524,ft_evt_0053,General,63000,true,2026-07-09 20:44:00
ft_tkt_0002963,ft_sal_001525,ft_evt_0053,Cortesía,0,false,
ft_tkt_0002964,ft_sal_001525,ft_evt_0053,Cortesía,0,true,2026-07-09 20:09:00
ft_tkt_0002965,ft_sal_001526,ft_evt_0053,General,44000,false,
ft_tkt_0002966,ft_sal_001526,ft_evt_0053,General,44000,true,2026-07-09 20:25:00
ft_tkt_0002967,ft_sal_001527,ft_evt_0053,General,59000,true,2026-07-09 19:57:00
ft_tkt_0002968,ft_sal_001527,ft_evt_0053,General,59000,true,2026-07-09 20:07:00
ft_tkt_0002969,ft_sal_001527,ft_evt_0053,General,59000,true,2026-07-09 19:48:00
ft_tkt_0002970,ft_sal_001528,ft_evt_0053,General,45000,true,2026-07-09 20:48:00
ft_tkt_0002971,ft_sal_001528,ft_evt_0053,General,45000,true,2026-07-09 19:49:00
ft_tkt_0002972,ft_sal_001529,ft_evt_0053,General,44000,true,2026-07-09 20:03:00
ft_tkt_0002973,ft_sal_001530,ft_evt_0053,General,44000,false,
ft_tkt_0002974,ft_sal_001531,ft_evt_0053,VIP,138000,false,
ft_tkt_0002975,ft_sal_001531,ft_evt_0053,VIP,138000,true,2026-07-09 20:48:00
ft_tkt_0002976,ft_sal_001532,ft_evt_0053,General,44000,false,
ft_tkt_0002977,ft_sal_001533,ft_evt_0053,Preferencial,96000,true,2026-07-09 20:20:00
ft_tkt_0002978,ft_sal_001533,ft_evt_0053,Preferencial,96000,true,2026-07-09 20:04:00
ft_tkt_0002979,ft_sal_001534,ft_evt_0053,Cortesía,0,true,2026-07-09 20:28:00
ft_tkt_0002980,ft_sal_001535,ft_evt_0053,General,60000,false,
ft_tkt_0002981,ft_sal_001536,ft_evt_0053,General,47000,false,
ft_tkt_0002982,ft_sal_001537,ft_evt_0053,General,43000,true,2026-07-09 20:47:00
ft_tkt_0002983,ft_sal_001537,ft_evt_0053,General,43000,false,
ft_tkt_0002984,ft_sal_001538,ft_evt_0053,General,45000,false,
ft_tkt_0002985,ft_sal_001538,ft_evt_0053,General,45000,false,
ft_tkt_0002986,ft_sal_001538,ft_evt_0053,General,45000,true,2026-07-09 20:15:00
ft_tkt_0002987,ft_sal_001539,ft_evt_0053,General,44000,false,
ft_tkt_0002988,ft_sal_001539,ft_evt_0053,General,44000,false,
ft_tkt_0002989,ft_sal_001540,ft_evt_0053,General,65000,true,2026-07-09 20:39:00
ft_tkt_0002990,ft_sal_001541,ft_evt_0053,Preferencial,105000,false,
ft_tkt_0002991,ft_sal_001541,ft_evt_0053,Preferencial,105000,true,2026-07-09 20:50:00
ft_tkt_0002992,ft_sal_001542,ft_evt_0053,Cortesía,0,false,
ft_tkt_0002993,ft_sal_001543,ft_evt_0053,General,63000,true,2026-07-09 19:53:00
ft_tkt_0002994,ft_sal_001543,ft_evt_0053,General,63000,true,2026-07-09 20:17:00
ft_tkt_0002995,ft_sal_001544,ft_evt_0053,General,62000,true,2026-07-09 20:46:00
ft_tkt_0002996,ft_sal_001545,ft_evt_0053,VIP,142000,true,2026-07-09 20:13:00
ft_tkt_0002997,ft_sal_001546,ft_evt_0053,Preferencial,91000,false,
ft_tkt_0002998,ft_sal_001547,ft_evt_0053,General,44000,true,2026-07-09 20:41:00
ft_tkt_0002999,ft_sal_001547,ft_evt_0053,General,44000,true,2026-07-09 20:43:00
ft_tkt_0003000,ft_sal_001548,ft_evt_0053,Cortesía,0,true,2026-07-09 20:53:00
ft_tkt_0003001,ft_sal_001549,ft_evt_0053,Preferencial,96000,true,2026-07-09 20:24:00
ft_tkt_0003002,ft_sal_001550,ft_evt_0053,Preferencial,98000,false,
ft_tkt_0003003,ft_sal_001551,ft_evt_0053,General,60000,false,
ft_tkt_0003004,ft_sal_001551,ft_evt_0053,General,60000,true,2026-07-09 20:21:00
ft_tkt_0003005,ft_sal_001551,ft_evt_0053,General,60000,true,2026-07-09 20:32:00
ft_tkt_0003006,ft_sal_001552,ft_evt_0053,General,48000,true,2026-07-09 19:53:00
ft_tkt_0003007,ft_sal_001553,ft_evt_0053,General,46000,true,2026-07-09 20:46:00
ft_tkt_0003008,ft_sal_001553,ft_evt_0053,General,46000,true,2026-07-09 20:51:00
ft_tkt_0003009,ft_sal_001554,ft_evt_0053,General,64000,false,
ft_tkt_0003010,ft_sal_001554,ft_evt_0053,General,64000,true,2026-07-09 20:07:00
ft_tkt_0003011,ft_sal_001554,ft_evt_0053,General,64000,false,
ft_tkt_0003012,ft_sal_001554,ft_evt_0053,General,64000,false,
ft_tkt_0003013,ft_sal_001555,ft_evt_0053,General,66000,false,
ft_tkt_0003014,ft_sal_001555,ft_evt_0053,General,66000,true,2026-07-09 19:50:00
ft_tkt_0003015,ft_sal_001556,ft_evt_0053,General,41000,false,
ft_tkt_0003016,ft_sal_001557,ft_evt_0053,General,43000,false,
ft_tkt_0003017,ft_sal_001557,ft_evt_0053,General,43000,false,
ft_tkt_0003018,ft_sal_001558,ft_evt_0053,General,47000,true,2026-07-09 20:35:00
ft_tkt_0003019,ft_sal_001558,ft_evt_0053,General,47000,false,
ft_tkt_0003020,ft_sal_001559,ft_evt_0053,VIP,136000,true,2026-07-09 20:26:00
ft_tkt_0003021,ft_sal_001559,ft_evt_0053,VIP,136000,true,2026-07-09 20:07:00
ft_tkt_0003022,ft_sal_001560,ft_evt_0053,Cortesía,0,false,
ft_tkt_0003023,ft_sal_001561,ft_evt_0053,Preferencial,92000,true,2026-07-09 20:45:00
ft_tkt_0003024,ft_sal_001561,ft_evt_0053,Preferencial,92000,true,2026-07-09 20:25:00
ft_tkt_0003025,ft_sal_001561,ft_evt_0053,Preferencial,92000,true,2026-07-09 20:14:00
ft_tkt_0003026,ft_sal_001561,ft_evt_0053,Preferencial,92000,true,2026-07-09 20:43:00
ft_tkt_0003027,ft_sal_001561,ft_evt_0053,Preferencial,92000,true,2026-07-09 19:59:00
ft_tkt_0003028,ft_sal_001561,ft_evt_0053,Preferencial,92000,true,2026-07-09 19:42:00
ft_tkt_0003029,ft_sal_001562,ft_evt_0053,VIP,135000,true,2026-07-09 20:36:00
ft_tkt_0003030,ft_sal_001563,ft_evt_0053,General,43000,true,2026-07-09 19:52:00
ft_tkt_0003031,ft_sal_001564,ft_evt_0053,VIP,137000,true,2026-07-09 20:27:00
ft_tkt_0003032,ft_sal_001565,ft_evt_0053,General,47000,true,2026-07-09 19:47:00
ft_tkt_0003033,ft_sal_001565,ft_evt_0053,General,47000,true,2026-07-09 20:29:00
ft_tkt_0003034,ft_sal_001566,ft_evt_0053,General,43000,true,2026-07-09 19:49:00
ft_tkt_0003035,ft_sal_001567,ft_evt_0053,Preferencial,91000,true,2026-07-09 20:29:00
ft_tkt_0003036,ft_sal_001568,ft_evt_0053,Cortesía,0,false,
ft_tkt_0003037,ft_sal_001569,ft_evt_0053,General,47000,true,2026-07-09 20:39:00
ft_tkt_0003038,ft_sal_001570,ft_evt_0053,General,48000,true,2026-07-09 20:14:00
ft_tkt_0003039,ft_sal_001570,ft_evt_0053,General,48000,true,2026-07-09 20:23:00
ft_tkt_0003040,ft_sal_001571,ft_evt_0053,VIP,125000,true,2026-07-09 20:31:00
ft_tkt_0003041,ft_sal_001572,ft_evt_0053,General,58000,true,2026-07-09 20:01:00
ft_tkt_0003042,ft_sal_001573,ft_evt_0053,Preferencial,102000,true,2026-07-09 20:07:00
ft_tkt_0003043,ft_sal_001574,ft_evt_0053,General,42000,false,
ft_tkt_0003044,ft_sal_001574,ft_evt_0053,General,42000,true,2026-07-09 20:48:00
ft_tkt_0003045,ft_sal_001575,ft_evt_0053,Cortesía,0,false,
ft_tkt_0003046,ft_sal_001575,ft_evt_0053,Cortesía,0,false,
ft_tkt_0003047,ft_sal_001575,ft_evt_0053,Cortesía,0,false,
ft_tkt_0003048,ft_sal_001576,ft_evt_0053,Preferencial,94000,true,2026-07-09 20:11:00
ft_tkt_0003049,ft_sal_001577,ft_evt_0053,General,45000,false,
ft_tkt_0003050,ft_sal_001578,ft_evt_0053,General,44000,false,
ft_tkt_0003051,ft_sal_001579,ft_evt_0053,General,43000,true,2026-07-09 20:24:00
ft_tkt_0003052,ft_sal_001579,ft_evt_0053,General,43000,true,2026-07-09 20:50:00
ft_tkt_0003053,ft_sal_001580,ft_evt_0053,General,66000,true,2026-07-09 20:11:00
ft_tkt_0003054,ft_sal_001581,ft_evt_0053,General,45000,true,2026-07-09 19:54:00
ft_tkt_0003055,ft_sal_001581,ft_evt_0053,General,45000,true,2026-07-09 19:54:00
ft_tkt_0003056,ft_sal_001582,ft_evt_0053,Preferencial,90000,true,2026-07-09 20:25:00
ft_tkt_0003057,ft_sal_001583,ft_evt_0053,Preferencial,98000,false,
ft_tkt_0003058,ft_sal_001583,ft_evt_0053,Preferencial,98000,false,
ft_tkt_0003059,ft_sal_001583,ft_evt_0053,Preferencial,98000,false,
ft_tkt_0003060,ft_sal_001583,ft_evt_0053,Preferencial,98000,false,
ft_tkt_0003061,ft_sal_001583,ft_evt_0053,Preferencial,98000,true,2026-07-09 20:39:00
ft_tkt_0003062,ft_sal_001583,ft_evt_0053,Preferencial,98000,false,
ft_tkt_0003063,ft_sal_001584,ft_evt_0053,General,43000,false,
ft_tkt_0003064,ft_sal_001585,ft_evt_0053,VIP,136000,false,
ft_tkt_0003065,ft_sal_001586,ft_evt_0053,Cortesía,0,false,
ft_tkt_0003066,ft_sal_001586,ft_evt_0053,Cortesía,0,true,2026-07-09 20:53:00
ft_tkt_0003067,ft_sal_001587,ft_evt_0053,General,41000,true,2026-07-09 19:40:00
ft_tkt_0003068,ft_sal_001587,ft_evt_0053,General,41000,true,2026-07-09 19:52:00
ft_tkt_0003069,ft_sal_001588,ft_evt_0053,General,45000,false,
ft_tkt_0003070,ft_sal_001588,ft_evt_0053,General,45000,false,
ft_tkt_0003071,ft_sal_001588,ft_evt_0053,General,45000,true,2026-07-09 19:45:00
ft_tkt_0003072,ft_sal_001589,ft_evt_0053,Cortesía,0,false,
ft_tkt_0003073,ft_sal_001589,ft_evt_0053,Cortesía,0,true,2026-07-09 20:32:00
ft_tkt_0003074,ft_sal_001590,ft_evt_0053,General,43000,true,2026-07-09 20:23:00
ft_tkt_0003075,ft_sal_001590,ft_evt_0053,General,43000,true,2026-07-09 20:07:00
ft_tkt_0003076,ft_sal_001591,ft_evt_0053,General,43000,false,
ft_tkt_0003077,ft_sal_001591,ft_evt_0053,General,43000,true,2026-07-09 20:09:00
ft_tkt_0003078,ft_sal_001591,ft_evt_0053,General,43000,true,2026-07-09 20:46:00
ft_tkt_0003079,ft_sal_001591,ft_evt_0053,General,43000,false,
ft_tkt_0003080,ft_sal_001592,ft_evt_0053,Cortesía,0,false,
ft_tkt_0003081,ft_sal_001593,ft_evt_0053,General,43000,true,2026-07-09 20:52:00
ft_tkt_0003082,ft_sal_001593,ft_evt_0053,General,43000,true,2026-07-09 19:50:00
ft_tkt_0003083,ft_sal_001594,ft_evt_0053,General,47000,true,2026-07-09 20:04:00
ft_tkt_0003084,ft_sal_001594,ft_evt_0053,General,47000,true,2026-07-09 20:41:00
ft_tkt_0003085,ft_sal_001594,ft_evt_0053,General,47000,true,2026-07-09 20:43:00
ft_tkt_0003086,ft_sal_001595,ft_evt_0053,General,41000,false,
ft_tkt_0003087,ft_sal_001596,ft_evt_0053,Preferencial,90000,true,2026-07-09 20:30:00
ft_tkt_0003088,ft_sal_001597,ft_evt_0053,General,59000,true,2026-07-09 20:18:00
ft_tkt_0003089,ft_sal_001598,ft_evt_0053,VIP,148000,true,2026-07-09 20:36:00
ft_tkt_0003090,ft_sal_001599,ft_evt_0053,General,61000,true,2026-07-09 19:46:00
ft_tkt_0003091,ft_sal_001600,ft_evt_0053,General,44000,true,2026-07-09 19:48:00
ft_tkt_0003092,ft_sal_001601,ft_evt_0053,General,43000,true,2026-07-09 19:43:00
ft_tkt_0003093,ft_sal_001602,ft_evt_0053,Preferencial,100000,true,2026-07-09 20:43:00
ft_tkt_0003094,ft_sal_001602,ft_evt_0053,Preferencial,100000,false,
ft_tkt_0003095,ft_sal_001603,ft_evt_0053,Cortesía,0,false,
ft_tkt_0003096,ft_sal_001603,ft_evt_0053,Cortesía,0,false,
ft_tkt_0003097,ft_sal_001603,ft_evt_0053,Cortesía,0,false,
ft_tkt_0003098,ft_sal_001604,ft_evt_0053,General,55000,false,
ft_tkt_0003099,ft_sal_001604,ft_evt_0053,General,55000,true,2026-07-09 20:20:00
ft_tkt_0003100,ft_sal_001604,ft_evt_0053,General,55000,false,
ft_tkt_0003101,ft_sal_001604,ft_evt_0053,General,55000,true,2026-07-09 20:08:00
ft_tkt_0003102,ft_sal_001605,ft_evt_0053,General,59000,true,2026-07-09 20:52:00
ft_tkt_0003103,ft_sal_001605,ft_evt_0053,General,59000,true,2026-07-09 20:21:00
ft_tkt_0003104,ft_sal_001606,ft_evt_0053,General,46000,false,
ft_tkt_0003105,ft_sal_001607,ft_evt_0053,General,59000,true,2026-07-09 20:29:00
ft_tkt_0003106,ft_sal_001608,ft_evt_0053,Preferencial,90000,true,2026-07-09 20:18:00
ft_tkt_0003107,ft_sal_001608,ft_evt_0053,Preferencial,90000,true,2026-07-09 20:38:00
ft_tkt_0003108,ft_sal_001609,ft_evt_0053,General,46000,false,
ft_tkt_0003109,ft_sal_001610,ft_evt_0053,General,54000,true,2026-07-09 20:06:00
ft_tkt_0003110,ft_sal_001611,ft_evt_0053,General,42000,false,
ft_tkt_0003111,ft_sal_001611,ft_evt_0053,General,42000,false,
ft_tkt_0003112,ft_sal_001611,ft_evt_0053,General,42000,false,
ft_tkt_0003113,ft_sal_001611,ft_evt_0053,General,42000,false,
ft_tkt_0003114,ft_sal_001612,ft_evt_0053,VIP,132000,true,2026-07-09 20:49:00
ft_tkt_0003115,ft_sal_001613,ft_evt_0053,General,59000,true,2026-07-09 20:42:00
ft_tkt_0003116,ft_sal_001614,ft_evt_0053,General,64000,true,2026-07-09 20:30:00
ft_tkt_0003117,ft_sal_001615,ft_evt_0053,General,44000,true,2026-07-09 19:51:00
ft_tkt_0003118,ft_sal_001616,ft_evt_0053,General,57000,false,
ft_tkt_0003119,ft_sal_001617,ft_evt_0053,Cortesía,0,false,
ft_tkt_0003120,ft_sal_001617,ft_evt_0053,Cortesía,0,false,
ft_tkt_0003121,ft_sal_001617,ft_evt_0053,Cortesía,0,false,
ft_tkt_0003122,ft_sal_001617,ft_evt_0053,Cortesía,0,false,
ft_tkt_0003123,ft_sal_001618,ft_evt_0053,General,48000,false,
ft_tkt_0003124,ft_sal_001618,ft_evt_0053,General,48000,true,2026-07-09 20:16:00
ft_tkt_0003125,ft_sal_001619,ft_evt_0053,General,63000,false,
ft_tkt_0003126,ft_sal_001619,ft_evt_0053,General,63000,true,2026-07-09 19:49:00
ft_tkt_0003127,ft_sal_001619,ft_evt_0053,General,63000,false,
ft_tkt_0003128,ft_sal_001619,ft_evt_0053,General,63000,false,
ft_tkt_0003129,ft_sal_001620,ft_evt_0053,Preferencial,96000,true,2026-07-09 20:09:00
ft_tkt_0003130,ft_sal_001621,ft_evt_0053,General,58000,false,
ft_tkt_0003131,ft_sal_001622,ft_evt_0053,General,42000,true,2026-07-09 20:47:00
ft_tkt_0003132,ft_sal_001623,ft_evt_0002,Cortesía,0,true,2026-07-10 19:32:00
ft_tkt_0003133,ft_sal_001623,ft_evt_0002,Cortesía,0,true,2026-07-10 19:46:00
ft_tkt_0003134,ft_sal_001624,ft_evt_0002,Cortesía,0,false,
ft_tkt_0003135,ft_sal_001624,ft_evt_0002,Cortesía,0,false,
ft_tkt_0003136,ft_sal_001625,ft_evt_0002,Cortesía,0,false,
ft_tkt_0003137,ft_sal_001626,ft_evt_0002,Cortesía,0,false,
ft_tkt_0003138,ft_sal_001627,ft_evt_0002,Cortesía,0,false,
ft_tkt_0003139,ft_sal_001627,ft_evt_0002,Cortesía,0,false,
ft_tkt_0003140,ft_sal_001628,ft_evt_0002,Cortesía,0,true,2026-07-10 19:46:00
ft_tkt_0003141,ft_sal_001629,ft_evt_0002,Cortesía,0,false,
ft_tkt_0003142,ft_sal_001629,ft_evt_0002,Cortesía,0,false,
ft_tkt_0003143,ft_sal_001630,ft_evt_0002,Cortesía,0,false,
ft_tkt_0003144,ft_sal_001631,ft_evt_0002,Cortesía,0,true,2026-07-10 19:31:00
ft_tkt_0003145,ft_sal_001632,ft_evt_0002,Cortesía,0,true,2026-07-10 19:58:00
ft_tkt_0003146,ft_sal_001632,ft_evt_0002,Cortesía,0,true,2026-07-10 19:29:00
ft_tkt_0003147,ft_sal_001633,ft_evt_0002,Cortesía,0,true,2026-07-10 19:50:00
ft_tkt_0003148,ft_sal_001633,ft_evt_0002,Cortesía,0,false,
ft_tkt_0003149,ft_sal_001634,ft_evt_0002,Cortesía,0,true,2026-07-10 20:18:00
ft_tkt_0003150,ft_sal_001634,ft_evt_0002,Cortesía,0,false,
ft_tkt_0003151,ft_sal_001635,ft_evt_0002,Cortesía,0,false,
ft_tkt_0003152,ft_sal_001635,ft_evt_0002,Cortesía,0,false,
ft_tkt_0003153,ft_sal_001636,ft_evt_0002,Cortesía,0,false,
ft_tkt_0003154,ft_sal_001636,ft_evt_0002,Cortesía,0,false,
ft_tkt_0003155,ft_sal_001637,ft_evt_0002,Cortesía,0,false,
ft_tkt_0003156,ft_sal_001638,ft_evt_0002,Cortesía,0,false,
ft_tkt_0003157,ft_sal_001638,ft_evt_0002,Cortesía,0,true,2026-07-10 19:32:00
ft_tkt_0003158,ft_sal_001639,ft_evt_0002,Cortesía,0,true,2026-07-10 19:22:00
ft_tkt_0003159,ft_sal_001639,ft_evt_0002,Cortesía,0,false,
ft_tkt_0003160,ft_sal_001639,ft_evt_0002,Cortesía,0,true,2026-07-10 20:17:00
ft_tkt_0003161,ft_sal_001640,ft_evt_0002,Cortesía,0,false,
ft_tkt_0003162,ft_sal_001640,ft_evt_0002,Cortesía,0,true,2026-07-10 19:36:00
ft_tkt_0003163,ft_sal_001641,ft_evt_0002,Cortesía,0,false,
ft_tkt_0003164,ft_sal_001641,ft_evt_0002,Cortesía,0,false,
ft_tkt_0003165,ft_sal_001642,ft_evt_0002,Cortesía,0,true,2026-07-10 19:36:00
ft_tkt_0003166,ft_sal_001642,ft_evt_0002,Cortesía,0,false,
ft_tkt_0003167,ft_sal_001642,ft_evt_0002,Cortesía,0,true,2026-07-10 19:21:00
ft_tkt_0003168,ft_sal_001642,ft_evt_0002,Cortesía,0,true,2026-07-10 19:24:00
ft_tkt_0003169,ft_sal_001643,ft_evt_0002,Cortesía,0,false,
ft_tkt_0003170,ft_sal_001643,ft_evt_0002,Cortesía,0,false,
ft_tkt_0003171,ft_sal_001644,ft_evt_0002,Cortesía,0,false,
ft_tkt_0003172,ft_sal_001644,ft_evt_0002,Cortesía,0,false,
ft_tkt_0003173,ft_sal_001645,ft_evt_0002,Cortesía,0,true,2026-07-10 19:24:00
ft_tkt_0003174,ft_sal_001645,ft_evt_0002,Cortesía,0,true,2026-07-10 20:00:00
ft_tkt_0003175,ft_sal_001646,ft_evt_0002,Cortesía,0,false,
ft_tkt_0003176,ft_sal_001647,ft_evt_0002,Cortesía,0,false,
ft_tkt_0003177,ft_sal_001648,ft_evt_0002,Cortesía,0,false,
ft_tkt_0003178,ft_sal_001648,ft_evt_0002,Cortesía,0,false,
ft_tkt_0003179,ft_sal_001649,ft_evt_0002,Cortesía,0,false,
ft_tkt_0003180,ft_sal_001649,ft_evt_0002,Cortesía,0,false,
ft_tkt_0003181,ft_sal_001649,ft_evt_0002,Cortesía,0,true,2026-07-10 20:11:00
ft_tkt_0003182,ft_sal_001649,ft_evt_0002,Cortesía,0,false,
ft_tkt_0003183,ft_sal_001649,ft_evt_0002,Cortesía,0,false,
ft_tkt_0003184,ft_sal_001649,ft_evt_0002,Cortesía,0,false,
ft_tkt_0003185,ft_sal_001650,ft_evt_0002,Cortesía,0,false,
ft_tkt_0003186,ft_sal_001650,ft_evt_0002,Cortesía,0,false,
ft_tkt_0003187,ft_sal_001650,ft_evt_0002,Cortesía,0,false,
ft_tkt_0003188,ft_sal_001650,ft_evt_0002,Cortesía,0,false,
ft_tkt_0003189,ft_sal_001651,ft_evt_0002,Cortesía,0,true,2026-07-10 19:48:00
ft_tkt_0003190,ft_sal_001651,ft_evt_0002,Cortesía,0,true,2026-07-10 19:53:00
ft_tkt_0003191,ft_sal_001652,ft_evt_0002,Cortesía,0,true,2026-07-10 19:54:00
ft_tkt_0003192,ft_sal_001653,ft_evt_0002,Cortesía,0,true,2026-07-10 19:27:00
ft_tkt_0003193,ft_sal_001653,ft_evt_0002,Cortesía,0,false,
ft_tkt_0003194,ft_sal_001654,ft_evt_0002,Cortesía,0,false,
ft_tkt_0003195,ft_sal_001655,ft_evt_0002,Cortesía,0,false,
ft_tkt_0003196,ft_sal_001656,ft_evt_0002,Cortesía,0,false,
ft_tkt_0003197,ft_sal_001656,ft_evt_0002,Cortesía,0,true,2026-07-10 19:58:00
ft_tkt_0003198,ft_sal_001657,ft_evt_0002,Cortesía,0,true,2026-07-10 19:40:00
ft_tkt_0003199,ft_sal_001657,ft_evt_0002,Cortesía,0,false,
ft_tkt_0003200,ft_sal_001657,ft_evt_0002,Cortesía,0,true,2026-07-10 19:38:00
ft_tkt_0003201,ft_sal_001658,ft_evt_0002,Cortesía,0,true,2026-07-10 20:07:00
ft_tkt_0003202,ft_sal_001658,ft_evt_0002,Cortesía,0,true,2026-07-10 19:59:00
ft_tkt_0003203,ft_sal_001659,ft_evt_0002,Cortesía,0,false,
ft_tkt_0003204,ft_sal_001660,ft_evt_0002,Cortesía,0,false,
ft_tkt_0003205,ft_sal_001661,ft_evt_0002,Cortesía,0,true,2026-07-10 19:46:00
ft_tkt_0003206,ft_sal_001662,ft_evt_0002,Cortesía,0,false,
ft_tkt_0003207,ft_sal_001663,ft_evt_0002,Cortesía,0,false,
ft_tkt_0003208,ft_sal_001663,ft_evt_0002,Cortesía,0,true,2026-07-10 20:07:00
ft_tkt_0003209,ft_sal_001664,ft_evt_0002,Cortesía,0,false,
ft_tkt_0003210,ft_sal_001664,ft_evt_0002,Cortesía,0,true,2026-07-10 19:47:00
ft_tkt_0003211,ft_sal_001664,ft_evt_0002,Cortesía,0,false,
ft_tkt_0003212,ft_sal_001665,ft_evt_0002,Cortesía,0,false,
ft_tkt_0003213,ft_sal_001665,ft_evt_0002,Cortesía,0,false,
ft_tkt_0003214,ft_sal_001666,ft_evt_0002,Cortesía,0,false,
ft_tkt_0003215,ft_sal_001666,ft_evt_0002,Cortesía,0,false,
ft_tkt_0003216,ft_sal_001667,ft_evt_0002,Cortesía,0,true,2026-07-10 19:15:00
ft_tkt_0003217,ft_sal_001667,ft_evt_0002,Cortesía,0,false,
ft_tkt_0003218,ft_sal_001668,ft_evt_0002,Cortesía,0,false,
ft_tkt_0003219,ft_sal_001669,ft_evt_0002,Cortesía,0,false,
ft_tkt_0003220,ft_sal_001670,ft_evt_0002,Cortesía,0,false,
ft_tkt_0003221,ft_sal_001670,ft_evt_0002,Cortesía,0,false,
ft_tkt_0003222,ft_sal_001671,ft_evt_0002,Cortesía,0,true,2026-07-10 20:00:00
ft_tkt_0003223,ft_sal_001672,ft_evt_0002,Cortesía,0,false,
ft_tkt_0003224,ft_sal_001672,ft_evt_0002,Cortesía,0,false,
ft_tkt_0003225,ft_sal_001672,ft_evt_0002,Cortesía,0,false,
ft_tkt_0003226,ft_sal_001672,ft_evt_0002,Cortesía,0,false,
ft_tkt_0003227,ft_sal_001672,ft_evt_0002,Cortesía,0,false,
ft_tkt_0003228,ft_sal_001672,ft_evt_0002,Cortesía,0,true,2026-07-10 20:07:00
ft_tkt_0003229,ft_sal_001673,ft_evt_0002,Cortesía,0,true,2026-07-10 20:21:00
ft_tkt_0003230,ft_sal_001674,ft_evt_0002,Cortesía,0,false,
ft_tkt_0003231,ft_sal_001674,ft_evt_0002,Cortesía,0,false,
ft_tkt_0003232,ft_sal_001674,ft_evt_0002,Cortesía,0,false,
ft_tkt_0003233,ft_sal_001675,ft_evt_0002,Cortesía,0,true,2026-07-10 19:35:00
ft_tkt_0003234,ft_sal_001675,ft_evt_0002,Cortesía,0,false,
ft_tkt_0003235,ft_sal_001676,ft_evt_0002,Cortesía,0,false,
ft_tkt_0003236,ft_sal_001676,ft_evt_0002,Cortesía,0,false,
ft_tkt_0003237,ft_sal_001677,ft_evt_0002,Cortesía,0,false,
ft_tkt_0003238,ft_sal_001677,ft_evt_0002,Cortesía,0,true,2026-07-10 19:10:00
ft_tkt_0003239,ft_sal_001677,ft_evt_0002,Cortesía,0,false,
ft_tkt_0003240,ft_sal_001677,ft_evt_0002,Cortesía,0,false,
ft_tkt_0003241,ft_sal_001678,ft_evt_0002,Cortesía,0,false,
ft_tkt_0003242,ft_sal_001678,ft_evt_0002,Cortesía,0,false,
ft_tkt_0003243,ft_sal_001679,ft_evt_0002,Cortesía,0,false,
ft_tkt_0003244,ft_sal_001679,ft_evt_0002,Cortesía,0,false,
ft_tkt_0003245,ft_sal_001680,ft_evt_0002,Cortesía,0,true,2026-07-10 19:18:00
ft_tkt_0003246,ft_sal_001681,ft_evt_0002,Cortesía,0,true,2026-07-10 19:57:00
ft_tkt_0003247,ft_sal_001682,ft_evt_0002,Cortesía,0,true,2026-07-10 19:56:00
ft_tkt_0003248,ft_sal_001682,ft_evt_0002,Cortesía,0,true,2026-07-10 19:38:00
ft_tkt_0003249,ft_sal_001683,ft_evt_0002,Cortesía,0,true,2026-07-10 19:46:00
ft_tkt_0003250,ft_sal_001683,ft_evt_0002,Cortesía,0,false,
ft_tkt_0003251,ft_sal_001684,ft_evt_0002,Cortesía,0,false,
ft_tkt_0003252,ft_sal_001684,ft_evt_0002,Cortesía,0,false,
ft_tkt_0003253,ft_sal_001685,ft_evt_0002,Cortesía,0,true,2026-07-10 20:16:00
ft_tkt_0003254,ft_sal_001686,ft_evt_0002,Cortesía,0,true,2026-07-10 20:00:00
ft_tkt_0003255,ft_sal_001687,ft_evt_0002,Cortesía,0,false,
ft_tkt_0003256,ft_sal_001688,ft_evt_0002,Cortesía,0,false,
ft_tkt_0003257,ft_sal_001688,ft_evt_0002,Cortesía,0,true,2026-07-10 19:36:00
ft_tkt_0003258,ft_sal_001688,ft_evt_0002,Cortesía,0,true,2026-07-10 20:04:00
ft_tkt_0003259,ft_sal_001689,ft_evt_0002,Cortesía,0,true,2026-07-10 20:25:00
ft_tkt_0003260,ft_sal_001689,ft_evt_0002,Cortesía,0,true,2026-07-10 20:04:00
ft_tkt_0003261,ft_sal_001690,ft_evt_0002,Cortesía,0,true,2026-07-10 19:52:00
ft_tkt_0003262,ft_sal_001691,ft_evt_0002,Cortesía,0,true,2026-07-10 19:40:00
ft_tkt_0003263,ft_sal_001691,ft_evt_0002,Cortesía,0,false,
ft_tkt_0003264,ft_sal_001691,ft_evt_0002,Cortesía,0,false,
ft_tkt_0003265,ft_sal_001691,ft_evt_0002,Cortesía,0,false,
ft_tkt_0003266,ft_sal_001691,ft_evt_0002,Cortesía,0,false,
ft_tkt_0003267,ft_sal_001691,ft_evt_0002,Cortesía,0,false,
ft_tkt_0003268,ft_sal_001692,ft_evt_0002,Cortesía,0,true,2026-07-10 20:15:00
ft_tkt_0003269,ft_sal_001693,ft_evt_0002,Cortesía,0,true,2026-07-10 19:32:00
ft_tkt_0003270,ft_sal_001693,ft_evt_0002,Cortesía,0,false,
ft_tkt_0003271,ft_sal_001693,ft_evt_0002,Cortesía,0,false,
ft_tkt_0003272,ft_sal_001694,ft_evt_0002,Cortesía,0,false,
ft_tkt_0003273,ft_sal_001694,ft_evt_0002,Cortesía,0,false,
ft_tkt_0003274,ft_sal_001695,ft_evt_0002,Cortesía,0,true,2026-07-10 19:28:00
ft_tkt_0003275,ft_sal_001696,ft_evt_0002,Cortesía,0,true,2026-07-10 19:28:00
ft_tkt_0003276,ft_sal_001696,ft_evt_0002,Cortesía,0,true,2026-07-10 19:36:00
ft_tkt_0003277,ft_sal_001697,ft_evt_0002,Cortesía,0,false,
ft_tkt_0003278,ft_sal_001698,ft_evt_0002,Cortesía,0,false,
ft_tkt_0003279,ft_sal_001699,ft_evt_0002,Cortesía,0,false,
ft_tkt_0003280,ft_sal_001699,ft_evt_0002,Cortesía,0,true,2026-07-10 19:53:00
ft_tkt_0003281,ft_sal_001699,ft_evt_0002,Cortesía,0,true,2026-07-10 19:52:00
ft_tkt_0003282,ft_sal_001700,ft_evt_0002,Cortesía,0,false,
ft_tkt_0003283,ft_sal_001701,ft_evt_0002,Cortesía,0,false,
ft_tkt_0003284,ft_sal_001702,ft_evt_0002,Cortesía,0,true,2026-07-10 20:20:00
ft_tkt_0003285,ft_sal_001702,ft_evt_0002,Cortesía,0,true,2026-07-10 19:22:00
ft_tkt_0003286,ft_sal_001703,ft_evt_0002,Cortesía,0,false,
ft_tkt_0003287,ft_sal_001704,ft_evt_0002,Cortesía,0,false,
ft_tkt_0003288,ft_sal_001705,ft_evt_0002,Cortesía,0,false,
ft_tkt_0003289,ft_sal_001705,ft_evt_0002,Cortesía,0,true,2026-07-10 20:13:00
ft_tkt_0003290,ft_sal_001706,ft_evt_0002,Cortesía,0,true,2026-07-10 20:20:00
ft_tkt_0003291,ft_sal_001707,ft_evt_0002,Cortesía,0,false,
ft_tkt_0003292,ft_sal_001708,ft_evt_0002,Cortesía,0,true,2026-07-10 20:20:00
ft_tkt_0003293,ft_sal_001709,ft_evt_0002,Cortesía,0,false,
ft_tkt_0003294,ft_sal_001710,ft_evt_0002,Cortesía,0,false,
ft_tkt_0003295,ft_sal_001711,ft_evt_0002,Cortesía,0,true,2026-07-10 19:43:00
ft_tkt_0003296,ft_sal_001711,ft_evt_0002,Cortesía,0,false,
ft_tkt_0003297,ft_sal_001711,ft_evt_0002,Cortesía,0,true,2026-07-10 19:42:00
ft_tkt_0003298,ft_sal_001711,ft_evt_0002,Cortesía,0,true,2026-07-10 19:30:00
ft_tkt_0003299,ft_sal_001711,ft_evt_0002,Cortesía,0,false,
ft_tkt_0003300,ft_sal_001711,ft_evt_0002,Cortesía,0,true,2026-07-10 19:41:00
ft_tkt_0003301,ft_sal_001712,ft_evt_0002,Cortesía,0,false,
ft_tkt_0003302,ft_sal_001713,ft_evt_0002,Cortesía,0,false,
ft_tkt_0003303,ft_sal_001713,ft_evt_0002,Cortesía,0,true,2026-07-10 19:53:00
ft_tkt_0003304,ft_sal_001714,ft_evt_0002,Cortesía,0,true,2026-07-10 19:42:00
ft_tkt_0003305,ft_sal_001714,ft_evt_0002,Cortesía,0,false,
ft_tkt_0003306,ft_sal_001715,ft_evt_0002,Cortesía,0,true,2026-07-10 20:19:00
ft_tkt_0003307,ft_sal_001715,ft_evt_0002,Cortesía,0,true,2026-07-10 19:25:00
ft_tkt_0003308,ft_sal_001716,ft_evt_0002,Cortesía,0,false,
ft_tkt_0003309,ft_sal_001716,ft_evt_0002,Cortesía,0,false,
ft_tkt_0003310,ft_sal_001717,ft_evt_0002,Cortesía,0,false,
ft_tkt_0003311,ft_sal_001718,ft_evt_0002,Cortesía,0,false,
ft_tkt_0003312,ft_sal_001719,ft_evt_0002,Cortesía,0,false,
ft_tkt_0003313,ft_sal_001719,ft_evt_0002,Cortesía,0,false,
ft_tkt_0003314,ft_sal_001720,ft_evt_0002,Cortesía,0,true,2026-07-10 19:14:00
ft_tkt_0003315,ft_sal_001721,ft_evt_0002,Cortesía,0,false,
ft_tkt_0003316,ft_sal_001722,ft_evt_0002,Cortesía,0,false,
ft_tkt_0003317,ft_sal_001722,ft_evt_0002,Cortesía,0,false,
ft_tkt_0003318,ft_sal_001723,ft_evt_0002,Cortesía,0,true,2026-07-10 20:20:00
ft_tkt_0003319,ft_sal_001724,ft_evt_0002,Cortesía,0,false,
ft_tkt_0003320,ft_sal_001725,ft_evt_0002,Cortesía,0,true,2026-07-10 20:20:00
ft_tkt_0003321,ft_sal_001726,ft_evt_0002,Cortesía,0,false,
ft_tkt_0003322,ft_sal_001727,ft_evt_0002,Cortesía,0,false,
ft_tkt_0003323,ft_sal_001728,ft_evt_0002,Cortesía,0,false,
ft_tkt_0003324,ft_sal_001728,ft_evt_0002,Cortesía,0,true,2026-07-10 19:47:00
ft_tkt_0003325,ft_sal_001729,ft_evt_0002,Cortesía,0,false,
ft_tkt_0003326,ft_sal_001730,ft_evt_0002,Cortesía,0,false,
ft_tkt_0003327,ft_sal_001730,ft_evt_0002,Cortesía,0,false,
ft_tkt_0003328,ft_sal_001730,ft_evt_0002,Cortesía,0,false,
ft_tkt_0003329,ft_sal_001731,ft_evt_0002,Cortesía,0,true,2026-07-10 19:22:00
ft_tkt_0003330,ft_sal_001731,ft_evt_0002,Cortesía,0,true,2026-07-10 20:06:00
ft_tkt_0003331,ft_sal_001731,ft_evt_0002,Cortesía,0,false,
ft_tkt_0003332,ft_sal_001731,ft_evt_0002,Cortesía,0,true,2026-07-10 19:30:00
ft_tkt_0003333,ft_sal_001732,ft_evt_0002,Cortesía,0,true,2026-07-10 19:11:00
ft_tkt_0003334,ft_sal_001733,ft_evt_0002,Cortesía,0,true,2026-07-10 20:10:00
ft_tkt_0003335,ft_sal_001734,ft_evt_0002,Cortesía,0,true,2026-07-10 19:43:00
ft_tkt_0003336,ft_sal_001735,ft_evt_0002,Cortesía,0,true,2026-07-10 20:09:00
ft_tkt_0003337,ft_sal_001735,ft_evt_0002,Cortesía,0,false,
ft_tkt_0003338,ft_sal_001736,ft_evt_0002,Cortesía,0,false,
ft_tkt_0003339,ft_sal_001737,ft_evt_0002,Cortesía,0,false,
ft_tkt_0003340,ft_sal_001737,ft_evt_0002,Cortesía,0,false,
ft_tkt_0003341,ft_sal_001737,ft_evt_0002,Cortesía,0,true,2026-07-10 19:55:00
ft_tkt_0003342,ft_sal_001738,ft_evt_0002,Cortesía,0,false,
ft_tkt_0003343,ft_sal_001738,ft_evt_0002,Cortesía,0,false,
ft_tkt_0003344,ft_sal_001738,ft_evt_0002,Cortesía,0,false,
ft_tkt_0003345,ft_sal_001738,ft_evt_0002,Cortesía,0,false,
ft_tkt_0003346,ft_sal_001739,ft_evt_0002,Cortesía,0,false,
ft_tkt_0003347,ft_sal_001740,ft_evt_0002,Cortesía,0,false,
ft_tkt_0003348,ft_sal_001741,ft_evt_0002,Cortesía,0,true,2026-07-10 19:52:00
ft_tkt_0003349,ft_sal_001741,ft_evt_0002,Cortesía,0,false,
ft_tkt_0003350,ft_sal_001741,ft_evt_0002,Cortesía,0,true,2026-07-10 19:37:00
ft_tkt_0003351,ft_sal_001742,ft_evt_0002,Cortesía,0,true,2026-07-10 19:51:00
ft_tkt_0003352,ft_sal_001743,ft_evt_0049,General,62000,false,
ft_tkt_0003353,ft_sal_001744,ft_evt_0049,General,48000,true,2026-07-10 19:20:00
ft_tkt_0003354,ft_sal_001745,ft_evt_0049,General,44000,true,2026-07-10 19:26:00
ft_tkt_0003355,ft_sal_001746,ft_evt_0049,General,58000,true,2026-07-10 19:39:00
ft_tkt_0003356,ft_sal_001747,ft_evt_0049,General,53000,false,
ft_tkt_0003357,ft_sal_001747,ft_evt_0049,General,53000,false,
ft_tkt_0003358,ft_sal_001748,ft_evt_0049,VIP,137000,true,2026-07-10 19:24:00
ft_tkt_0003359,ft_sal_001748,ft_evt_0049,VIP,137000,true,2026-07-10 19:33:00
ft_tkt_0003360,ft_sal_001749,ft_evt_0049,General,44000,true,2026-07-10 20:00:00
ft_tkt_0003361,ft_sal_001749,ft_evt_0049,General,44000,true,2026-07-10 19:54:00
ft_tkt_0003362,ft_sal_001750,ft_evt_0049,Preferencial,100000,true,2026-07-10 20:17:00
ft_tkt_0003363,ft_sal_001750,ft_evt_0049,Preferencial,100000,true,2026-07-10 20:18:00
ft_tkt_0003364,ft_sal_001751,ft_evt_0049,Preferencial,103000,false,
ft_tkt_0003365,ft_sal_001752,ft_evt_0049,General,61000,true,2026-07-10 19:42:00
ft_tkt_0003366,ft_sal_001753,ft_evt_0049,General,60000,true,2026-07-10 19:53:00
ft_tkt_0003367,ft_sal_001754,ft_evt_0049,General,48000,true,2026-07-10 20:10:00
ft_tkt_0003368,ft_sal_001754,ft_evt_0049,General,48000,false,
ft_tkt_0003369,ft_sal_001755,ft_evt_0049,General,57000,true,2026-07-10 19:19:00
ft_tkt_0003370,ft_sal_001755,ft_evt_0049,General,57000,true,2026-07-10 19:29:00
ft_tkt_0003371,ft_sal_001756,ft_evt_0049,General,61000,true,2026-07-10 20:01:00
ft_tkt_0003372,ft_sal_001756,ft_evt_0049,General,61000,true,2026-07-10 19:17:00
ft_tkt_0003373,ft_sal_001757,ft_evt_0049,General,55000,true,2026-07-10 20:25:00
ft_tkt_0003374,ft_sal_001758,ft_evt_0049,General,59000,false,
ft_tkt_0003375,ft_sal_001759,ft_evt_0049,VIP,154000,true,2026-07-10 19:45:00
ft_tkt_0003376,ft_sal_001759,ft_evt_0049,VIP,154000,true,2026-07-10 19:46:00
ft_tkt_0003377,ft_sal_001759,ft_evt_0049,VIP,154000,true,2026-07-10 19:27:00
ft_tkt_0003378,ft_sal_001760,ft_evt_0049,General,65000,false,
ft_tkt_0003379,ft_sal_001760,ft_evt_0049,General,65000,true,2026-07-10 20:00:00
ft_tkt_0003380,ft_sal_001761,ft_evt_0049,General,57000,true,2026-07-10 20:06:00
ft_tkt_0003381,ft_sal_001761,ft_evt_0049,General,57000,true,2026-07-10 19:10:00
ft_tkt_0003382,ft_sal_001762,ft_evt_0049,VIP,139000,false,
ft_tkt_0003383,ft_sal_001762,ft_evt_0049,VIP,139000,false,
ft_tkt_0003384,ft_sal_001762,ft_evt_0049,VIP,139000,true,2026-07-10 20:10:00
ft_tkt_0003385,ft_sal_001763,ft_evt_0049,General,47000,false,
ft_tkt_0003386,ft_sal_001764,ft_evt_0049,General,48000,false,
ft_tkt_0003387,ft_sal_001765,ft_evt_0049,Cortesía,0,false,
ft_tkt_0003388,ft_sal_001766,ft_evt_0049,Preferencial,98000,false,
ft_tkt_0003389,ft_sal_001767,ft_evt_0049,VIP,141000,true,2026-07-10 19:29:00
ft_tkt_0003390,ft_sal_001768,ft_evt_0049,General,56000,false,
ft_tkt_0003391,ft_sal_001768,ft_evt_0049,General,56000,true,2026-07-10 20:08:00
ft_tkt_0003392,ft_sal_001768,ft_evt_0049,General,56000,true,2026-07-10 19:23:00
ft_tkt_0003393,ft_sal_001769,ft_evt_0049,VIP,130000,true,2026-07-10 20:09:00
ft_tkt_0003394,ft_sal_001769,ft_evt_0049,VIP,130000,false,
ft_tkt_0003395,ft_sal_001770,ft_evt_0049,General,44000,true,2026-07-10 19:41:00
ft_tkt_0003396,ft_sal_001770,ft_evt_0049,General,44000,true,2026-07-10 19:11:00
ft_tkt_0003397,ft_sal_001770,ft_evt_0049,General,44000,true,2026-07-10 20:16:00
ft_tkt_0003398,ft_sal_001771,ft_evt_0049,Preferencial,100000,false,
ft_tkt_0003399,ft_sal_001771,ft_evt_0049,Preferencial,100000,true,2026-07-10 19:57:00
ft_tkt_0003400,ft_sal_001772,ft_evt_0049,Preferencial,99000,true,2026-07-10 19:41:00
ft_tkt_0003401,ft_sal_001772,ft_evt_0049,Preferencial,99000,true,2026-07-10 20:24:00
ft_tkt_0003402,ft_sal_001773,ft_evt_0049,VIP,133000,true,2026-07-10 20:21:00
ft_tkt_0003403,ft_sal_001774,ft_evt_0049,General,47000,true,2026-07-10 19:42:00
ft_tkt_0003404,ft_sal_001775,ft_evt_0049,Preferencial,92000,true,2026-07-10 19:43:00
ft_tkt_0003405,ft_sal_001776,ft_evt_0049,Preferencial,95000,false,
ft_tkt_0003406,ft_sal_001777,ft_evt_0049,General,48000,false,
ft_tkt_0003407,ft_sal_001777,ft_evt_0049,General,48000,false,
ft_tkt_0003408,ft_sal_001778,ft_evt_0049,Cortesía,0,true,2026-07-10 19:43:00
ft_tkt_0003409,ft_sal_001779,ft_evt_0049,General,62000,false,
ft_tkt_0003410,ft_sal_001780,ft_evt_0049,VIP,145000,false,
ft_tkt_0003411,ft_sal_001781,ft_evt_0049,General,57000,false,
ft_tkt_0003412,ft_sal_001781,ft_evt_0049,General,57000,true,2026-07-10 19:26:00
ft_tkt_0003413,ft_sal_001782,ft_evt_0049,Cortesía,0,true,2026-07-10 19:35:00
ft_tkt_0003414,ft_sal_001782,ft_evt_0049,Cortesía,0,false,
ft_tkt_0003415,ft_sal_001783,ft_evt_0049,General,63000,true,2026-07-10 19:16:00
ft_tkt_0003416,ft_sal_001783,ft_evt_0049,General,63000,false,
ft_tkt_0003417,ft_sal_001783,ft_evt_0049,General,63000,true,2026-07-10 19:36:00
ft_tkt_0003418,ft_sal_001784,ft_evt_0049,Preferencial,86000,false,
ft_tkt_0003419,ft_sal_001785,ft_evt_0049,Cortesía,0,false,
ft_tkt_0003420,ft_sal_001786,ft_evt_0049,VIP,144000,false,
ft_tkt_0003421,ft_sal_001787,ft_evt_0049,Preferencial,92000,true,2026-07-10 19:41:00
ft_tkt_0003422,ft_sal_001787,ft_evt_0049,Preferencial,92000,false,
ft_tkt_0003423,ft_sal_001788,ft_evt_0049,General,48000,true,2026-07-10 19:42:00
ft_tkt_0003424,ft_sal_001789,ft_evt_0049,Preferencial,104000,true,2026-07-10 19:47:00
ft_tkt_0003425,ft_sal_001790,ft_evt_0049,Preferencial,87000,false,
ft_tkt_0003426,ft_sal_001791,ft_evt_0049,Cortesía,0,false,
ft_tkt_0003427,ft_sal_001791,ft_evt_0049,Cortesía,0,true,2026-07-10 19:31:00
ft_tkt_0003428,ft_sal_001791,ft_evt_0049,Cortesía,0,true,2026-07-10 19:55:00
ft_tkt_0003429,ft_sal_001791,ft_evt_0049,Cortesía,0,false,
ft_tkt_0003430,ft_sal_001792,ft_evt_0049,General,42000,true,2026-07-10 19:53:00
ft_tkt_0003431,ft_sal_001792,ft_evt_0049,General,42000,false,
ft_tkt_0003432,ft_sal_001793,ft_evt_0049,General,46000,true,2026-07-10 20:10:00
ft_tkt_0003433,ft_sal_001793,ft_evt_0049,General,46000,false,
ft_tkt_0003434,ft_sal_001794,ft_evt_0049,General,47000,false,
ft_tkt_0003435,ft_sal_001795,ft_evt_0049,Preferencial,99000,true,2026-07-10 19:46:00
ft_tkt_0003436,ft_sal_001795,ft_evt_0049,Preferencial,99000,true,2026-07-10 20:23:00
ft_tkt_0003437,ft_sal_001795,ft_evt_0049,Preferencial,99000,false,
ft_tkt_0003438,ft_sal_001795,ft_evt_0049,Preferencial,99000,false,
ft_tkt_0003439,ft_sal_001795,ft_evt_0049,Preferencial,99000,false,
ft_tkt_0003440,ft_sal_001795,ft_evt_0049,Preferencial,99000,false,
ft_tkt_0003441,ft_sal_001796,ft_evt_0049,General,55000,true,2026-07-10 19:18:00
ft_tkt_0003442,ft_sal_001796,ft_evt_0049,General,55000,true,2026-07-10 19:50:00
ft_tkt_0003443,ft_sal_001796,ft_evt_0049,General,55000,true,2026-07-10 19:27:00
ft_tkt_0003444,ft_sal_001796,ft_evt_0049,General,55000,false,
ft_tkt_0003445,ft_sal_001797,ft_evt_0049,General,63000,false,
ft_tkt_0003446,ft_sal_001797,ft_evt_0049,General,63000,true,2026-07-10 20:01:00
ft_tkt_0003447,ft_sal_001797,ft_evt_0049,General,63000,false,
ft_tkt_0003448,ft_sal_001797,ft_evt_0049,General,63000,false,
ft_tkt_0003449,ft_sal_001797,ft_evt_0049,General,63000,true,2026-07-10 20:15:00
ft_tkt_0003450,ft_sal_001797,ft_evt_0049,General,63000,false,
ft_tkt_0003451,ft_sal_001798,ft_evt_0049,General,62000,true,2026-07-10 19:39:00
ft_tkt_0003452,ft_sal_001798,ft_evt_0049,General,62000,false,
ft_tkt_0003453,ft_sal_001799,ft_evt_0049,General,42000,false,
ft_tkt_0003454,ft_sal_001799,ft_evt_0049,General,42000,false,
ft_tkt_0003455,ft_sal_001800,ft_evt_0049,General,65000,false,
ft_tkt_0003456,ft_sal_001800,ft_evt_0049,General,65000,false,
ft_tkt_0003457,ft_sal_001801,ft_evt_0049,General,66000,false,
ft_tkt_0003458,ft_sal_001801,ft_evt_0049,General,66000,true,2026-07-10 20:22:00
ft_tkt_0003459,ft_sal_001801,ft_evt_0049,General,66000,false,
ft_tkt_0003460,ft_sal_001801,ft_evt_0049,General,66000,true,2026-07-10 19:38:00
ft_tkt_0003461,ft_sal_001801,ft_evt_0049,General,66000,true,2026-07-10 19:29:00
ft_tkt_0003462,ft_sal_001801,ft_evt_0049,General,66000,false,
ft_tkt_0003463,ft_sal_001802,ft_evt_0049,General,43000,true,2026-07-10 20:07:00
ft_tkt_0003464,ft_sal_001803,ft_evt_0049,VIP,137000,true,2026-07-10 19:55:00
ft_tkt_0003465,ft_sal_001803,ft_evt_0049,VIP,137000,false,
ft_tkt_0003466,ft_sal_001804,ft_evt_0049,Preferencial,90000,true,2026-07-10 19:15:00
ft_tkt_0003467,ft_sal_001805,ft_evt_0049,General,56000,true,2026-07-10 19:42:00
ft_tkt_0003468,ft_sal_001805,ft_evt_0049,General,56000,false,
ft_tkt_0003469,ft_sal_001806,ft_evt_0049,VIP,135000,true,2026-07-10 19:45:00
ft_tkt_0003470,ft_sal_001807,ft_evt_0049,Preferencial,101000,true,2026-07-10 19:13:00
ft_tkt_0003471,ft_sal_001808,ft_evt_0049,Preferencial,90000,false,
ft_tkt_0003472,ft_sal_001808,ft_evt_0049,Preferencial,90000,false,
ft_tkt_0003473,ft_sal_001809,ft_evt_0049,General,57000,false,
ft_tkt_0003474,ft_sal_001809,ft_evt_0049,General,57000,true,2026-07-10 19:34:00
ft_tkt_0003475,ft_sal_001810,ft_evt_0049,General,44000,true,2026-07-10 19:19:00
ft_tkt_0003476,ft_sal_001810,ft_evt_0049,General,44000,true,2026-07-10 19:25:00
ft_tkt_0003477,ft_sal_001811,ft_evt_0049,Preferencial,95000,true,2026-07-10 19:30:00
ft_tkt_0003478,ft_sal_001812,ft_evt_0049,General,65000,false,
ft_tkt_0003479,ft_sal_001813,ft_evt_0049,General,61000,true,2026-07-10 19:25:00
ft_tkt_0003480,ft_sal_001814,ft_evt_0049,General,44000,false,
ft_tkt_0003481,ft_sal_001814,ft_evt_0049,General,44000,true,2026-07-10 20:09:00
ft_tkt_0003482,ft_sal_001814,ft_evt_0049,General,44000,false,
ft_tkt_0003483,ft_sal_001815,ft_evt_0049,VIP,126000,false,
ft_tkt_0003484,ft_sal_001816,ft_evt_0049,General,49000,true,2026-07-10 19:18:00
ft_tkt_0003485,ft_sal_001817,ft_evt_0049,General,47000,false,
ft_tkt_0003486,ft_sal_001818,ft_evt_0049,Preferencial,98000,true,2026-07-10 19:39:00
ft_tkt_0003487,ft_sal_001819,ft_evt_0049,VIP,130000,true,2026-07-10 19:15:00
ft_tkt_0003488,ft_sal_001820,ft_evt_0049,VIP,130000,true,2026-07-10 20:17:00
ft_tkt_0003489,ft_sal_001820,ft_evt_0049,VIP,130000,false,
ft_tkt_0003490,ft_sal_001821,ft_evt_0049,Preferencial,90000,true,2026-07-10 19:41:00
ft_tkt_0003491,ft_sal_001821,ft_evt_0049,Preferencial,90000,true,2026-07-10 19:19:00
ft_tkt_0003492,ft_sal_001822,ft_evt_0049,VIP,131000,true,2026-07-10 19:54:00
ft_tkt_0003493,ft_sal_001822,ft_evt_0049,VIP,131000,false,
ft_tkt_0003494,ft_sal_001823,ft_evt_0049,VIP,144000,true,2026-07-10 20:19:00
ft_tkt_0003495,ft_sal_001823,ft_evt_0049,VIP,144000,true,2026-07-10 19:18:00
ft_tkt_0003496,ft_sal_001823,ft_evt_0049,VIP,144000,false,
ft_tkt_0003497,ft_sal_001823,ft_evt_0049,VIP,144000,false,
ft_tkt_0003498,ft_sal_001823,ft_evt_0049,VIP,144000,false,
ft_tkt_0003499,ft_sal_001823,ft_evt_0049,VIP,144000,true,2026-07-10 20:20:00
ft_tkt_0003500,ft_sal_001824,ft_evt_0049,General,60000,true,2026-07-10 20:01:00
ft_tkt_0003501,ft_sal_001824,ft_evt_0049,General,60000,true,2026-07-10 19:29:00
ft_tkt_0003502,ft_sal_001824,ft_evt_0049,General,60000,true,2026-07-10 19:39:00
ft_tkt_0003503,ft_sal_001824,ft_evt_0049,General,60000,true,2026-07-10 19:20:00
ft_tkt_0003504,ft_sal_001825,ft_evt_0049,VIP,144000,true,2026-07-10 19:48:00
ft_tkt_0003505,ft_sal_001825,ft_evt_0049,VIP,144000,true,2026-07-10 19:16:00
ft_tkt_0003506,ft_sal_001826,ft_evt_0049,General,45000,true,2026-07-10 19:59:00
ft_tkt_0003507,ft_sal_001826,ft_evt_0049,General,45000,true,2026-07-10 19:12:00
ft_tkt_0003508,ft_sal_001827,ft_evt_0049,General,47000,true,2026-07-10 19:37:00
ft_tkt_0003509,ft_sal_001828,ft_evt_0049,General,61000,false,
ft_tkt_0003510,ft_sal_001828,ft_evt_0049,General,61000,true,2026-07-10 20:01:00
ft_tkt_0003511,ft_sal_001829,ft_evt_0049,General,55000,false,
ft_tkt_0003512,ft_sal_001830,ft_evt_0049,Preferencial,94000,true,2026-07-10 20:14:00
ft_tkt_0003513,ft_sal_001831,ft_evt_0049,Cortesía,0,false,
ft_tkt_0003514,ft_sal_001831,ft_evt_0049,Cortesía,0,true,2026-07-10 20:12:00
ft_tkt_0003515,ft_sal_001831,ft_evt_0049,Cortesía,0,false,
ft_tkt_0003516,ft_sal_001832,ft_evt_0049,General,61000,false,
ft_tkt_0003517,ft_sal_001833,ft_evt_0049,General,45000,false,
ft_tkt_0003518,ft_sal_001833,ft_evt_0049,General,45000,true,2026-07-10 19:20:00
ft_tkt_0003519,ft_sal_001834,ft_evt_0049,Cortesía,0,true,2026-07-10 20:12:00
ft_tkt_0003520,ft_sal_001834,ft_evt_0049,Cortesía,0,false,
ft_tkt_0003521,ft_sal_001834,ft_evt_0049,Cortesía,0,false,
ft_tkt_0003522,ft_sal_001835,ft_evt_0049,General,46000,true,2026-07-10 20:22:00
ft_tkt_0003523,ft_sal_001836,ft_evt_0049,General,59000,true,2026-07-10 19:39:00
ft_tkt_0003524,ft_sal_001836,ft_evt_0049,General,59000,false,
ft_tkt_0003525,ft_sal_001836,ft_evt_0049,General,59000,false,
ft_tkt_0003526,ft_sal_001836,ft_evt_0049,General,59000,true,2026-07-10 20:24:00
ft_tkt_0003527,ft_sal_001837,ft_evt_0049,Preferencial,97000,true,2026-07-10 20:13:00
ft_tkt_0003528,ft_sal_001838,ft_evt_0049,General,52000,false,
ft_tkt_0003529,ft_sal_001839,ft_evt_0049,Cortesía,0,false,
ft_tkt_0003530,ft_sal_001839,ft_evt_0049,Cortesía,0,false,
ft_tkt_0003531,ft_sal_001840,ft_evt_0049,Preferencial,92000,true,2026-07-10 19:47:00
ft_tkt_0003532,ft_sal_001840,ft_evt_0049,Preferencial,92000,false,
ft_tkt_0003533,ft_sal_001840,ft_evt_0049,Preferencial,92000,false,
ft_tkt_0003534,ft_sal_001841,ft_evt_0049,Preferencial,97000,true,2026-07-10 19:37:00
ft_tkt_0003535,ft_sal_001842,ft_evt_0049,General,61000,true,2026-07-10 19:51:00
ft_tkt_0003536,ft_sal_001843,ft_evt_0049,General,62000,false,
ft_tkt_0003537,ft_sal_001843,ft_evt_0049,General,62000,false,
ft_tkt_0003538,ft_sal_001843,ft_evt_0049,General,62000,false,
ft_tkt_0003539,ft_sal_001844,ft_evt_0049,General,58000,false,
ft_tkt_0003540,ft_sal_001845,ft_evt_0049,Preferencial,101000,true,2026-07-10 19:57:00
ft_tkt_0003541,ft_sal_001845,ft_evt_0049,Preferencial,101000,false,
ft_tkt_0003542,ft_sal_001846,ft_evt_0049,General,49000,false,
ft_tkt_0003543,ft_sal_001846,ft_evt_0049,General,49000,false,
ft_tkt_0003544,ft_sal_001847,ft_evt_0049,General,43000,true,2026-07-10 19:45:00
ft_tkt_0003545,ft_sal_001848,ft_evt_0049,General,43000,true,2026-07-10 20:23:00
ft_tkt_0003546,ft_sal_001849,ft_evt_0049,General,46000,false,
ft_tkt_0003547,ft_sal_001849,ft_evt_0049,General,46000,true,2026-07-10 19:55:00
ft_tkt_0003548,ft_sal_001849,ft_evt_0049,General,46000,false,
ft_tkt_0003549,ft_sal_001849,ft_evt_0049,General,46000,true,2026-07-10 19:53:00
ft_tkt_0003550,ft_sal_001849,ft_evt_0049,General,46000,false,
ft_tkt_0003551,ft_sal_001849,ft_evt_0049,General,46000,true,2026-07-10 20:07:00
ft_tkt_0003552,ft_sal_001850,ft_evt_0049,Preferencial,102000,true,2026-07-10 19:17:00
ft_tkt_0003553,ft_sal_001851,ft_evt_0049,Preferencial,97000,false,
ft_tkt_0003554,ft_sal_001851,ft_evt_0049,Preferencial,97000,false,
ft_tkt_0003555,ft_sal_001852,ft_evt_0049,VIP,137000,false,
ft_tkt_0003556,ft_sal_001853,ft_evt_0049,General,57000,true,2026-07-10 19:46:00
ft_tkt_0003557,ft_sal_001854,ft_evt_0049,General,42000,true,2026-07-10 19:49:00
ft_tkt_0003558,ft_sal_001854,ft_evt_0049,General,42000,false,
ft_tkt_0003559,ft_sal_001855,ft_evt_0049,VIP,133000,true,2026-07-10 20:06:00
ft_tkt_0003560,ft_sal_001855,ft_evt_0049,VIP,133000,true,2026-07-10 19:37:00
ft_tkt_0003561,ft_sal_001855,ft_evt_0049,VIP,133000,false,
ft_tkt_0003562,ft_sal_001856,ft_evt_0049,General,47000,false,
ft_tkt_0003563,ft_sal_001857,ft_evt_0049,General,63000,false,
ft_tkt_0003564,ft_sal_001858,ft_evt_0049,General,66000,false,
ft_tkt_0003565,ft_sal_001859,ft_evt_0049,VIP,143000,true,2026-07-10 20:00:00
ft_tkt_0003566,ft_sal_001860,ft_evt_0049,General,44000,true,2026-07-10 20:19:00
ft_tkt_0003567,ft_sal_001860,ft_evt_0049,General,44000,true,2026-07-10 20:18:00
ft_tkt_0003568,ft_sal_001860,ft_evt_0049,General,44000,true,2026-07-10 19:26:00
ft_tkt_0003569,ft_sal_001861,ft_evt_0049,General,59000,true,2026-07-10 20:16:00
ft_tkt_0003570,ft_sal_001862,ft_evt_0049,Preferencial,100000,true,2026-07-10 19:49:00
ft_tkt_0003571,ft_sal_001862,ft_evt_0049,Preferencial,100000,false,
ft_tkt_0003572,ft_sal_001862,ft_evt_0049,Preferencial,100000,true,2026-07-10 19:57:00
ft_tkt_0003573,ft_sal_001863,ft_evt_0049,General,59000,true,2026-07-10 19:37:00
ft_tkt_0003574,ft_sal_001863,ft_evt_0049,General,59000,true,2026-07-10 19:36:00
ft_tkt_0003575,ft_sal_001864,ft_evt_0049,Cortesía,0,false,
ft_tkt_0003576,ft_sal_001865,ft_evt_0049,General,43000,true,2026-07-10 19:10:00
ft_tkt_0003577,ft_sal_001865,ft_evt_0049,General,43000,true,2026-07-10 19:11:00
ft_tkt_0003578,ft_sal_001865,ft_evt_0049,General,43000,true,2026-07-10 20:11:00
ft_tkt_0003579,ft_sal_001866,ft_evt_0049,General,45000,false,
ft_tkt_0003580,ft_sal_001866,ft_evt_0049,General,45000,false,
ft_tkt_0003581,ft_sal_001867,ft_evt_0049,VIP,127000,true,2026-07-10 19:45:00
ft_tkt_0003582,ft_sal_001867,ft_evt_0049,VIP,127000,true,2026-07-10 20:01:00
ft_tkt_0003583,ft_sal_001868,ft_evt_0049,Preferencial,90000,false,
ft_tkt_0003584,ft_sal_001868,ft_evt_0049,Preferencial,90000,false,
ft_tkt_0003585,ft_sal_001868,ft_evt_0049,Preferencial,90000,false,
ft_tkt_0003586,ft_sal_001868,ft_evt_0049,Preferencial,90000,false,
ft_tkt_0003587,ft_sal_001869,ft_evt_0049,General,43000,true,2026-07-10 20:14:00
ft_tkt_0003588,ft_sal_001870,ft_evt_0049,General,54000,true,2026-07-10 19:58:00
ft_tkt_0003589,ft_sal_001870,ft_evt_0049,General,54000,true,2026-07-10 20:18:00
ft_tkt_0003590,ft_sal_001870,ft_evt_0049,General,54000,false,
ft_tkt_0003591,ft_sal_001870,ft_evt_0049,General,54000,true,2026-07-10 19:13:00
ft_tkt_0003592,ft_sal_001871,ft_evt_0049,General,60000,true,2026-07-10 20:08:00
ft_tkt_0003593,ft_sal_001872,ft_evt_0049,General,61000,true,2026-07-10 19:44:00
ft_tkt_0003594,ft_sal_001873,ft_evt_0049,General,56000,true,2026-07-10 20:22:00
ft_tkt_0003595,ft_sal_001873,ft_evt_0049,General,56000,true,2026-07-10 19:47:00
ft_tkt_0003596,ft_sal_001874,ft_evt_0049,General,46000,true,2026-07-10 19:51:00
ft_tkt_0003597,ft_sal_001875,ft_evt_0049,General,59000,false,
ft_tkt_0003598,ft_sal_001875,ft_evt_0049,General,59000,true,2026-07-10 20:12:00
ft_tkt_0003599,ft_sal_001876,ft_evt_0049,General,60000,false,
ft_tkt_0003600,ft_sal_001877,ft_evt_0049,General,64000,false,
ft_tkt_0003601,ft_sal_001878,ft_evt_0049,Preferencial,93000,false,
ft_tkt_0003602,ft_sal_001879,ft_evt_0049,VIP,135000,false,
ft_tkt_0003603,ft_sal_001880,ft_evt_0049,VIP,130000,false,
ft_tkt_0003604,ft_sal_001880,ft_evt_0049,VIP,130000,true,2026-07-10 19:56:00
ft_tkt_0003605,ft_sal_001881,ft_evt_0049,Preferencial,93000,true,2026-07-10 20:17:00
ft_tkt_0003606,ft_sal_001881,ft_evt_0049,Preferencial,93000,true,2026-07-10 20:08:00
ft_tkt_0003607,ft_sal_001882,ft_evt_0049,VIP,136000,false,
ft_tkt_0003608,ft_sal_001882,ft_evt_0049,VIP,136000,true,2026-07-10 20:13:00
ft_tkt_0003609,ft_sal_001883,ft_evt_0049,General,45000,false,
ft_tkt_0003610,ft_sal_001883,ft_evt_0049,General,45000,false,
ft_tkt_0003611,ft_sal_001884,ft_evt_0049,Cortesía,0,false,
ft_tkt_0003612,ft_sal_001885,ft_evt_0049,Preferencial,98000,true,2026-07-10 20:24:00
ft_tkt_0003613,ft_sal_001886,ft_evt_0049,Preferencial,92000,true,2026-07-10 20:22:00
ft_tkt_0003614,ft_sal_001886,ft_evt_0049,Preferencial,92000,true,2026-07-10 20:06:00
ft_tkt_0003615,ft_sal_001887,ft_evt_0049,General,45000,true,2026-07-10 20:17:00
ft_tkt_0003616,ft_sal_001888,ft_evt_0049,General,43000,false,
ft_tkt_0003617,ft_sal_001889,ft_evt_0049,General,45000,false,
ft_tkt_0003618,ft_sal_001890,ft_evt_0049,General,42000,false,
ft_tkt_0003619,ft_sal_001890,ft_evt_0049,General,42000,true,2026-07-10 19:23:00
ft_tkt_0003620,ft_sal_001890,ft_evt_0049,General,42000,false,
ft_tkt_0003621,ft_sal_001890,ft_evt_0049,General,42000,true,2026-07-10 19:10:00
ft_tkt_0003622,ft_sal_001891,ft_evt_0049,General,61000,true,2026-07-10 20:06:00
ft_tkt_0003623,ft_sal_001892,ft_evt_0049,General,67000,false,
ft_tkt_0003624,ft_sal_001892,ft_evt_0049,General,67000,false,
ft_tkt_0003625,ft_sal_001893,ft_evt_0049,VIP,148000,false,
ft_tkt_0003626,ft_sal_001894,ft_evt_0049,General,61000,true,2026-07-10 19:29:00
ft_tkt_0003627,ft_sal_001895,ft_evt_0049,General,46000,true,2026-07-10 19:55:00
ft_tkt_0003628,ft_sal_001896,ft_evt_0049,General,59000,false,
ft_tkt_0003629,ft_sal_001896,ft_evt_0049,General,59000,true,2026-07-10 20:16:00
ft_tkt_0003630,ft_sal_001896,ft_evt_0049,General,59000,false,
ft_tkt_0003631,ft_sal_001896,ft_evt_0049,General,59000,false,
ft_tkt_0003632,ft_sal_001896,ft_evt_0049,General,59000,true,2026-07-10 19:44:00
ft_tkt_0003633,ft_sal_001896,ft_evt_0049,General,59000,false,
ft_tkt_0003634,ft_sal_001897,ft_evt_0049,VIP,135000,true,2026-07-10 19:35:00
ft_tkt_0003635,ft_sal_001898,ft_evt_0049,Preferencial,90000,false,
ft_tkt_0003636,ft_sal_001899,ft_evt_0049,Preferencial,90000,true,2026-07-10 19:40:00
ft_tkt_0003637,ft_sal_001899,ft_evt_0049,Preferencial,90000,true,2026-07-10 19:34:00
ft_tkt_0003638,ft_sal_001900,ft_evt_0049,Preferencial,96000,true,2026-07-10 19:56:00
ft_tkt_0003639,ft_sal_001901,ft_evt_0049,General,48000,true,2026-07-10 19:44:00
ft_tkt_0003640,ft_sal_001901,ft_evt_0049,General,48000,true,2026-07-10 19:11:00
ft_tkt_0003641,ft_sal_001901,ft_evt_0049,General,48000,false,
ft_tkt_0003642,ft_sal_001901,ft_evt_0049,General,48000,false,
ft_tkt_0003643,ft_sal_001902,ft_evt_0049,Cortesía,0,true,2026-07-10 19:48:00
ft_tkt_0003644,ft_sal_001902,ft_evt_0049,Cortesía,0,false,
ft_tkt_0003645,ft_sal_001902,ft_evt_0049,Cortesía,0,true,2026-07-10 19:41:00
ft_tkt_0003646,ft_sal_001903,ft_evt_0049,General,61000,false,
ft_tkt_0003647,ft_sal_001904,ft_evt_0049,General,43000,true,2026-07-10 20:11:00
ft_tkt_0003648,ft_sal_001904,ft_evt_0049,General,43000,false,
ft_tkt_0003649,ft_sal_001905,ft_evt_0049,General,44000,false,
ft_tkt_0003650,ft_sal_001906,ft_evt_0049,General,43000,true,2026-07-10 19:39:00
ft_tkt_0003651,ft_sal_001906,ft_evt_0049,General,43000,false,
ft_tkt_0003652,ft_sal_001906,ft_evt_0049,General,43000,true,2026-07-10 20:23:00
ft_tkt_0003653,ft_sal_001907,ft_evt_0049,General,45000,true,2026-07-10 20:18:00
ft_tkt_0003654,ft_sal_001907,ft_evt_0049,General,45000,true,2026-07-10 19:41:00
ft_tkt_0003655,ft_sal_001908,ft_evt_0049,General,53000,false,
ft_tkt_0003656,ft_sal_001908,ft_evt_0049,General,53000,false,
ft_tkt_0003657,ft_sal_001908,ft_evt_0049,General,53000,true,2026-07-10 20:05:00
ft_tkt_0003658,ft_sal_001908,ft_evt_0049,General,53000,true,2026-07-10 19:11:00
ft_tkt_0003659,ft_sal_001909,ft_evt_0049,Preferencial,89000,true,2026-07-10 19:44:00
ft_tkt_0003660,ft_sal_001909,ft_evt_0049,Preferencial,89000,false,
ft_tkt_0003661,ft_sal_001909,ft_evt_0049,Preferencial,89000,true,2026-07-10 19:24:00
ft_tkt_0003662,ft_sal_001909,ft_evt_0049,Preferencial,89000,true,2026-07-10 19:18:00
ft_tkt_0003663,ft_sal_001909,ft_evt_0049,Preferencial,89000,true,2026-07-10 20:12:00
ft_tkt_0003664,ft_sal_001909,ft_evt_0049,Preferencial,89000,true,2026-07-10 20:23:00
ft_tkt_0003665,ft_sal_001910,ft_evt_0049,General,43000,false,
ft_tkt_0003666,ft_sal_001911,ft_evt_0049,General,59000,true,2026-07-10 19:13:00
ft_tkt_0003667,ft_sal_001911,ft_evt_0049,General,59000,true,2026-07-10 20:04:00
ft_tkt_0003668,ft_sal_001912,ft_evt_0049,General,46000,true,2026-07-10 20:21:00
ft_tkt_0003669,ft_sal_001913,ft_evt_0049,VIP,134000,true,2026-07-10 20:06:00
ft_tkt_0003670,ft_sal_001914,ft_evt_0049,Cortesía,0,false,
ft_tkt_0003671,ft_sal_001914,ft_evt_0049,Cortesía,0,false,
ft_tkt_0003672,ft_sal_001915,ft_evt_0049,General,43000,false,
ft_tkt_0003673,ft_sal_001915,ft_evt_0049,General,43000,true,2026-07-10 19:49:00
ft_tkt_0003674,ft_sal_001916,ft_evt_0049,Cortesía,0,true,2026-07-10 19:44:00
ft_tkt_0003675,ft_sal_001916,ft_evt_0049,Cortesía,0,true,2026-07-10 20:21:00
ft_tkt_0003676,ft_sal_001916,ft_evt_0049,Cortesía,0,true,2026-07-10 20:06:00
ft_tkt_0003677,ft_sal_001917,ft_evt_0049,Cortesía,0,true,2026-07-10 20:16:00
ft_tkt_0003678,ft_sal_001918,ft_evt_0049,Cortesía,0,false,
ft_tkt_0003679,ft_sal_001918,ft_evt_0049,Cortesía,0,true,2026-07-10 19:48:00
ft_tkt_0003680,ft_sal_001919,ft_evt_0049,Cortesía,0,true,2026-07-10 19:28:00
ft_tkt_0003681,ft_sal_001919,ft_evt_0049,Cortesía,0,false,
ft_tkt_0003682,ft_sal_001920,ft_evt_0049,General,44000,true,2026-07-10 20:16:00
ft_tkt_0003683,ft_sal_001921,ft_evt_0049,General,49000,true,2026-07-10 19:25:00
ft_tkt_0003684,ft_sal_001921,ft_evt_0049,General,49000,false,
ft_tkt_0003685,ft_sal_001922,ft_evt_0049,General,41000,false,
ft_tkt_0003686,ft_sal_001923,ft_evt_0049,General,58000,false,
ft_tkt_0003687,ft_sal_001924,ft_evt_0049,Cortesía,0,false,
ft_tkt_0003688,ft_sal_001925,ft_evt_0049,General,47000,false,
ft_tkt_0003689,ft_sal_001926,ft_evt_0049,General,64000,false,
ft_tkt_0003690,ft_sal_001927,ft_evt_0049,VIP,144000,true,2026-07-10 20:15:00
ft_tkt_0003691,ft_sal_001927,ft_evt_0049,VIP,144000,true,2026-07-10 19:54:00
ft_tkt_0003692,ft_sal_001928,ft_evt_0049,Preferencial,97000,true,2026-07-10 20:00:00
ft_tkt_0003693,ft_sal_001928,ft_evt_0049,Preferencial,97000,false,
ft_tkt_0003694,ft_sal_001928,ft_evt_0049,Preferencial,97000,true,2026-07-10 20:14:00
ft_tkt_0003695,ft_sal_001928,ft_evt_0049,Preferencial,97000,true,2026-07-10 19:58:00
ft_tkt_0003696,ft_sal_001928,ft_evt_0049,Preferencial,97000,true,2026-07-10 19:31:00
ft_tkt_0003697,ft_sal_001928,ft_evt_0049,Preferencial,97000,false,
ft_tkt_0003698,ft_sal_001929,ft_evt_0049,VIP,137000,false,
ft_tkt_0003699,ft_sal_001930,ft_evt_0049,VIP,139000,false,
ft_tkt_0003700,ft_sal_001930,ft_evt_0049,VIP,139000,false,
ft_tkt_0003701,ft_sal_001931,ft_evt_0049,General,61000,true,2026-07-10 19:54:00
ft_tkt_0003702,ft_sal_001932,ft_evt_0049,General,46000,true,2026-07-10 19:12:00
ft_tkt_0003703,ft_sal_001933,ft_evt_0049,General,43000,true,2026-07-10 19:37:00
ft_tkt_0003704,ft_sal_001933,ft_evt_0049,General,43000,false,
ft_tkt_0003705,ft_sal_001934,ft_evt_0049,General,64000,false,
ft_tkt_0003706,ft_sal_001934,ft_evt_0049,General,64000,false,
ft_tkt_0003707,ft_sal_001935,ft_evt_0049,Cortesía,0,true,2026-07-10 19:35:00
ft_tkt_0003708,ft_sal_001936,ft_evt_0049,VIP,139000,false,
ft_tkt_0003709,ft_sal_001936,ft_evt_0049,VIP,139000,true,2026-07-10 19:33:00
ft_tkt_0003710,ft_sal_001937,ft_evt_0049,VIP,147000,false,
ft_tkt_0003711,ft_sal_001938,ft_evt_0049,Preferencial,90000,true,2026-07-10 19:54:00
ft_tkt_0003712,ft_sal_001939,ft_evt_0049,General,64000,true,2026-07-10 20:16:00
ft_tkt_0003713,ft_sal_001940,ft_evt_0049,General,60000,false,
ft_tkt_0003714,ft_sal_001940,ft_evt_0049,General,60000,true,2026-07-10 19:18:00
ft_tkt_0003715,ft_sal_001941,ft_evt_0049,General,43000,true,2026-07-10 19:29:00
ft_tkt_0003716,ft_sal_001942,ft_evt_0049,General,45000,true,2026-07-10 20:15:00
ft_tkt_0003717,ft_sal_001943,ft_evt_0049,General,44000,true,2026-07-10 19:35:00
ft_tkt_0003718,ft_sal_001943,ft_evt_0049,General,44000,false,
ft_tkt_0003719,ft_sal_001944,ft_evt_0049,Cortesía,0,true,2026-07-10 20:16:00
ft_tkt_0003720,ft_sal_001945,ft_evt_0049,Preferencial,94000,true,2026-07-10 20:16:00
ft_tkt_0003721,ft_sal_001945,ft_evt_0049,Preferencial,94000,true,2026-07-10 19:14:00
ft_tkt_0003722,ft_sal_001945,ft_evt_0049,Preferencial,94000,true,2026-07-10 19:49:00
ft_tkt_0003723,ft_sal_001946,ft_evt_0049,General,46000,false,
ft_tkt_0003724,ft_sal_001946,ft_evt_0049,General,46000,false,
ft_tkt_0003725,ft_sal_001946,ft_evt_0049,General,46000,false,
ft_tkt_0003726,ft_sal_001946,ft_evt_0049,General,46000,true,2026-07-10 20:07:00
ft_tkt_0003727,ft_sal_001947,ft_evt_0049,Preferencial,91000,true,2026-07-10 19:57:00
ft_tkt_0003728,ft_sal_001948,ft_evt_0049,Preferencial,96000,true,2026-07-10 20:09:00
ft_tkt_0003729,ft_sal_001949,ft_evt_0049,General,59000,true,2026-07-10 19:47:00
ft_tkt_0003730,ft_sal_001949,ft_evt_0049,General,59000,true,2026-07-10 19:48:00
ft_tkt_0003731,ft_sal_001949,ft_evt_0049,General,59000,false,
ft_tkt_0003732,ft_sal_001949,ft_evt_0049,General,59000,false,
ft_tkt_0003733,ft_sal_001950,ft_evt_0049,General,45000,true,2026-07-10 20:01:00
ft_tkt_0003734,ft_sal_001950,ft_evt_0049,General,45000,false,
ft_tkt_0003735,ft_sal_001951,ft_evt_0049,General,43000,true,2026-07-10 19:22:00
ft_tkt_0003736,ft_sal_001951,ft_evt_0049,General,43000,true,2026-07-10 20:10:00
ft_tkt_0003737,ft_sal_001951,ft_evt_0049,General,43000,true,2026-07-10 20:03:00
ft_tkt_0003738,ft_sal_001952,ft_evt_0049,General,47000,true,2026-07-10 19:39:00
ft_tkt_0003739,ft_sal_001952,ft_evt_0049,General,47000,true,2026-07-10 19:33:00
ft_tkt_0003740,ft_sal_001952,ft_evt_0049,General,47000,true,2026-07-10 19:36:00
ft_tkt_0003741,ft_sal_001952,ft_evt_0049,General,47000,false,
ft_tkt_0003742,ft_sal_001953,ft_evt_0049,General,44000,false,
ft_tkt_0003743,ft_sal_001953,ft_evt_0049,General,44000,true,2026-07-10 19:34:00
ft_tkt_0003744,ft_sal_001953,ft_evt_0049,General,44000,true,2026-07-10 20:15:00
ft_tkt_0003745,ft_sal_001954,ft_evt_0049,Cortesía,0,false,
ft_tkt_0003746,ft_sal_001955,ft_evt_0049,General,50000,true,2026-07-10 20:13:00
ft_tkt_0003747,ft_sal_001955,ft_evt_0049,General,50000,true,2026-07-10 19:44:00
ft_tkt_0003748,ft_sal_001955,ft_evt_0049,General,50000,true,2026-07-10 19:41:00
ft_tkt_0003749,ft_sal_001955,ft_evt_0049,General,50000,true,2026-07-10 19:45:00
ft_tkt_0003750,ft_sal_001956,ft_evt_0049,General,62000,true,2026-07-10 19:49:00
ft_tkt_0003751,ft_sal_001957,ft_evt_0049,General,62000,false,
ft_tkt_0003752,ft_sal_001957,ft_evt_0049,General,62000,false,
ft_tkt_0003753,ft_sal_001957,ft_evt_0049,General,62000,false,
ft_tkt_0003754,ft_sal_001957,ft_evt_0049,General,62000,false,
ft_tkt_0003755,ft_sal_001958,ft_evt_0049,General,43000,true,2026-07-10 20:20:00
ft_tkt_0003756,ft_sal_001959,ft_evt_0049,General,44000,true,2026-07-10 20:25:00
ft_tkt_0003757,ft_sal_001960,ft_evt_0049,VIP,147000,false,
ft_tkt_0003758,ft_sal_001961,ft_evt_0049,General,61000,true,2026-07-10 19:37:00
ft_tkt_0003759,ft_sal_001961,ft_evt_0049,General,61000,false,
ft_tkt_0003760,ft_sal_001961,ft_evt_0049,General,61000,false,
ft_tkt_0003761,ft_sal_001961,ft_evt_0049,General,61000,true,2026-07-10 19:56:00
ft_tkt_0003762,ft_sal_001962,ft_evt_0049,Cortesía,0,false,
ft_tkt_0003763,ft_sal_001963,ft_evt_0049,General,46000,true,2026-07-10 19:32:00
ft_tkt_0003764,ft_sal_001963,ft_evt_0049,General,46000,true,2026-07-10 19:40:00
ft_tkt_0003765,ft_sal_001964,ft_evt_0049,Preferencial,96000,false,
ft_tkt_0003766,ft_sal_001964,ft_evt_0049,Preferencial,96000,true,2026-07-10 19:37:00
ft_tkt_0003767,ft_sal_001965,ft_evt_0049,General,46000,true,2026-07-10 19:56:00
ft_tkt_0003768,ft_sal_001965,ft_evt_0049,General,46000,true,2026-07-10 20:12:00
ft_tkt_0003769,ft_sal_001966,ft_evt_0049,VIP,145000,false,
ft_tkt_0003770,ft_sal_001967,ft_evt_0049,General,49000,true,2026-07-10 19:30:00
ft_tkt_0003771,ft_sal_001967,ft_evt_0049,General,49000,false,
ft_tkt_0003772,ft_sal_001967,ft_evt_0049,General,49000,true,2026-07-10 19:15:00
ft_tkt_0003773,ft_sal_001968,ft_evt_0049,General,46000,true,2026-07-10 20:14:00
ft_tkt_0003774,ft_sal_001969,ft_evt_0049,General,61000,false,
ft_tkt_0003775,ft_sal_001970,ft_evt_0049,Preferencial,93000,true,2026-07-10 20:05:00
ft_tkt_0003776,ft_sal_001971,ft_evt_0049,Preferencial,91000,true,2026-07-10 20:11:00
ft_tkt_0003777,ft_sal_001972,ft_evt_0049,VIP,132000,true,2026-07-10 19:54:00
ft_tkt_0003778,ft_sal_001973,ft_evt_0049,Preferencial,92000,false,
ft_tkt_0003779,ft_sal_001973,ft_evt_0049,Preferencial,92000,true,2026-07-10 20:21:00
ft_tkt_0003780,ft_sal_001974,ft_evt_0049,Preferencial,98000,true,2026-07-10 19:53:00
ft_tkt_0003781,ft_sal_001974,ft_evt_0049,Preferencial,98000,true,2026-07-10 19:24:00
ft_tkt_0003782,ft_sal_001975,ft_evt_0049,Cortesía,0,true,2026-07-10 19:52:00
ft_tkt_0003783,ft_sal_001976,ft_evt_0049,General,46000,true,2026-07-10 19:24:00
ft_tkt_0003784,ft_sal_001976,ft_evt_0049,General,46000,false,
ft_tkt_0003785,ft_sal_001976,ft_evt_0049,General,46000,true,2026-07-10 20:09:00
ft_tkt_0003786,ft_sal_001976,ft_evt_0049,General,46000,false,
ft_tkt_0003787,ft_sal_001977,ft_evt_0049,General,49000,false,
ft_tkt_0003788,ft_sal_001977,ft_evt_0049,General,49000,true,2026-07-10 19:56:00
ft_tkt_0003789,ft_sal_001978,ft_evt_0049,General,60000,false,
ft_tkt_0003790,ft_sal_001979,ft_evt_0049,Preferencial,94000,false,
ft_tkt_0003791,ft_sal_001979,ft_evt_0049,Preferencial,94000,false,
ft_tkt_0003792,ft_sal_001979,ft_evt_0049,Preferencial,94000,true,2026-07-10 19:21:00
ft_tkt_0003793,ft_sal_001979,ft_evt_0049,Preferencial,94000,false,
ft_tkt_0003794,ft_sal_001979,ft_evt_0049,Preferencial,94000,false,
ft_tkt_0003795,ft_sal_001979,ft_evt_0049,Preferencial,94000,false,
ft_tkt_0003796,ft_sal_001980,ft_evt_0049,General,42000,true,2026-07-10 20:11:00
ft_tkt_0003797,ft_sal_001981,ft_evt_0049,Preferencial,95000,true,2026-07-10 19:32:00
ft_tkt_0003798,ft_sal_001981,ft_evt_0049,Preferencial,95000,true,2026-07-10 19:46:00
ft_tkt_0003799,ft_sal_001981,ft_evt_0049,Preferencial,95000,true,2026-07-10 20:17:00
ft_tkt_0003800,ft_sal_001982,ft_evt_0049,VIP,140000,false,
ft_tkt_0003801,ft_sal_001983,ft_evt_0049,VIP,154000,true,2026-07-10 19:50:00
ft_tkt_0003802,ft_sal_001984,ft_evt_0049,VIP,153000,true,2026-07-10 19:18:00
ft_tkt_0003803,ft_sal_001984,ft_evt_0049,VIP,153000,false,
ft_tkt_0003804,ft_sal_001985,ft_evt_0049,General,56000,true,2026-07-10 19:30:00
ft_tkt_0003805,ft_sal_001985,ft_evt_0049,General,56000,false,
ft_tkt_0003806,ft_sal_001986,ft_evt_0049,General,47000,false,
ft_tkt_0003807,ft_sal_001986,ft_evt_0049,General,47000,false,
ft_tkt_0003808,ft_sal_001986,ft_evt_0049,General,47000,false,
ft_tkt_0003809,ft_sal_001986,ft_evt_0049,General,47000,true,2026-07-10 20:00:00
ft_tkt_0003810,ft_sal_001987,ft_evt_0049,Cortesía,0,false,
ft_tkt_0003811,ft_sal_001988,ft_evt_0049,Cortesía,0,false,
ft_tkt_0003812,ft_sal_001989,ft_evt_0049,Preferencial,95000,true,2026-07-10 19:53:00
ft_tkt_0003813,ft_sal_001990,ft_evt_0049,VIP,142000,true,2026-07-10 20:14:00
ft_tkt_0003814,ft_sal_001990,ft_evt_0049,VIP,142000,true,2026-07-10 19:41:00
ft_tkt_0003815,ft_sal_001990,ft_evt_0049,VIP,142000,true,2026-07-10 19:16:00
ft_tkt_0003816,ft_sal_001991,ft_evt_0049,General,42000,true,2026-07-10 19:59:00
ft_tkt_0003817,ft_sal_001992,ft_evt_0049,General,51000,true,2026-07-10 19:26:00
ft_tkt_0003818,ft_sal_001993,ft_evt_0049,Cortesía,0,false,
ft_tkt_0003819,ft_sal_001993,ft_evt_0049,Cortesía,0,false,
ft_tkt_0003820,ft_sal_001994,ft_evt_0049,VIP,137000,false,
ft_tkt_0003821,ft_sal_001995,ft_evt_0049,General,46000,true,2026-07-10 19:21:00
ft_tkt_0003822,ft_sal_001996,ft_evt_0049,Preferencial,94000,false,
ft_tkt_0003823,ft_sal_001997,ft_evt_0049,General,44000,false,
ft_tkt_0003824,ft_sal_001997,ft_evt_0049,General,44000,false,
ft_tkt_0003825,ft_sal_001998,ft_evt_0049,General,48000,true,2026-07-10 19:26:00
ft_tkt_0003826,ft_sal_001999,ft_evt_0049,Preferencial,98000,true,2026-07-10 19:12:00
ft_tkt_0003827,ft_sal_001999,ft_evt_0049,Preferencial,98000,false,
ft_tkt_0003828,ft_sal_002000,ft_evt_0049,General,63000,false,
ft_tkt_0003829,ft_sal_002000,ft_evt_0049,General,63000,false,
ft_tkt_0003830,ft_sal_002000,ft_evt_0049,General,63000,false,
ft_tkt_0003831,ft_sal_002001,ft_evt_0049,General,43000,true,2026-07-10 19:12:00
ft_tkt_0003832,ft_sal_002002,ft_evt_0049,General,45000,true,2026-07-10 19:58:00
ft_tkt_0003833,ft_sal_002003,ft_evt_0049,General,47000,false,
ft_tkt_0003834,ft_sal_002003,ft_evt_0049,General,47000,false,
ft_tkt_0003835,ft_sal_002004,ft_evt_0049,VIP,149000,true,2026-07-10 20:21:00
ft_tkt_0003836,ft_sal_002005,ft_evt_0049,General,61000,false,
ft_tkt_0003837,ft_sal_002006,ft_evt_0049,General,47000,true,2026-07-10 20:21:00
ft_tkt_0003838,ft_sal_002007,ft_evt_0049,VIP,137000,true,2026-07-10 19:40:00
ft_tkt_0003839,ft_sal_002007,ft_evt_0049,VIP,137000,true,2026-07-10 20:07:00
ft_tkt_0003840,ft_sal_002007,ft_evt_0049,VIP,137000,true,2026-07-10 19:52:00
ft_tkt_0003841,ft_sal_002008,ft_evt_0049,General,62000,true,2026-07-10 19:14:00
ft_tkt_0003842,ft_sal_002009,ft_evt_0049,VIP,145000,true,2026-07-10 20:07:00
ft_tkt_0003843,ft_sal_002009,ft_evt_0049,VIP,145000,false,
ft_tkt_0003844,ft_sal_002010,ft_evt_0049,General,57000,true,2026-07-10 20:01:00
ft_tkt_0003845,ft_sal_002010,ft_evt_0049,General,57000,true,2026-07-10 20:13:00
ft_tkt_0003846,ft_sal_002011,ft_evt_0049,Cortesía,0,true,2026-07-10 20:02:00
ft_tkt_0003847,ft_sal_002012,ft_evt_0049,General,59000,true,2026-07-10 19:10:00
ft_tkt_0003848,ft_sal_002012,ft_evt_0049,General,59000,true,2026-07-10 20:08:00
ft_tkt_0003849,ft_sal_002012,ft_evt_0049,General,59000,true,2026-07-10 20:00:00
ft_tkt_0003850,ft_sal_002012,ft_evt_0049,General,59000,true,2026-07-10 19:27:00
ft_tkt_0003851,ft_sal_002012,ft_evt_0049,General,59000,true,2026-07-10 19:35:00
ft_tkt_0003852,ft_sal_002012,ft_evt_0049,General,59000,true,2026-07-10 19:24:00
ft_tkt_0003853,ft_sal_002013,ft_evt_0049,General,46000,true,2026-07-10 19:27:00
ft_tkt_0003854,ft_sal_002014,ft_evt_0049,General,49000,false,
ft_tkt_0003855,ft_sal_002014,ft_evt_0049,General,49000,false,
ft_tkt_0003856,ft_sal_002015,ft_evt_0049,VIP,140000,false,
ft_tkt_0003857,ft_sal_002015,ft_evt_0049,VIP,140000,false,
ft_tkt_0003858,ft_sal_002016,ft_evt_0049,General,57000,true,2026-07-10 19:11:00
ft_tkt_0003859,ft_sal_002017,ft_evt_0049,General,58000,true,2026-07-10 19:17:00
ft_tkt_0003860,ft_sal_002018,ft_evt_0049,Preferencial,96000,true,2026-07-10 20:12:00
ft_tkt_0003861,ft_sal_002019,ft_evt_0049,General,60000,true,2026-07-10 19:18:00
ft_tkt_0003862,ft_sal_002020,ft_evt_0049,General,47000,false,
ft_tkt_0003863,ft_sal_002021,ft_evt_0049,Preferencial,101000,true,2026-07-10 19:32:00
ft_tkt_0003864,ft_sal_002022,ft_evt_0049,General,49000,true,2026-07-10 20:12:00
ft_tkt_0003865,ft_sal_002022,ft_evt_0049,General,49000,true,2026-07-10 19:28:00
ft_tkt_0003866,ft_sal_002022,ft_evt_0049,General,49000,true,2026-07-10 19:58:00
ft_tkt_0003867,ft_sal_002023,ft_evt_0049,Cortesía,0,true,2026-07-10 20:11:00
ft_tkt_0003868,ft_sal_002023,ft_evt_0049,Cortesía,0,false,
ft_tkt_0003869,ft_sal_002023,ft_evt_0049,Cortesía,0,false,
ft_tkt_0003870,ft_sal_002024,ft_evt_0049,General,59000,false,
ft_tkt_0003871,ft_sal_002024,ft_evt_0049,General,59000,false,
ft_tkt_0003872,ft_sal_002025,ft_evt_0049,General,46000,false,
ft_tkt_0003873,ft_sal_002025,ft_evt_0049,General,46000,true,2026-07-10 20:20:00
ft_tkt_0003874,ft_sal_002026,ft_evt_0049,General,63000,true,2026-07-10 20:07:00
ft_tkt_0003875,ft_sal_002027,ft_evt_0049,Preferencial,89000,false,
ft_tkt_0003876,ft_sal_002028,ft_evt_0049,Cortesía,0,false,
ft_tkt_0003877,ft_sal_002029,ft_evt_0049,General,47000,true,2026-07-10 20:10:00
ft_tkt_0003878,ft_sal_002029,ft_evt_0049,General,47000,true,2026-07-10 19:56:00
ft_tkt_0003879,ft_sal_002030,ft_evt_0049,General,57000,false,
ft_tkt_0003880,ft_sal_002031,ft_evt_0049,General,45000,false,
ft_tkt_0003881,ft_sal_002031,ft_evt_0049,General,45000,false,
ft_tkt_0003882,ft_sal_002031,ft_evt_0049,General,45000,true,2026-07-10 20:05:00
ft_tkt_0003883,ft_sal_002031,ft_evt_0049,General,45000,true,2026-07-10 20:01:00
ft_tkt_0003884,ft_sal_002032,ft_evt_0049,General,49000,false,
ft_tkt_0003885,ft_sal_002032,ft_evt_0049,General,49000,true,2026-07-10 20:08:00
ft_tkt_0003886,ft_sal_002032,ft_evt_0049,General,49000,false,
ft_tkt_0003887,ft_sal_002033,ft_evt_0049,General,42000,false,
ft_tkt_0003888,ft_sal_002034,ft_evt_0049,VIP,126000,true,2026-07-10 19:55:00
ft_tkt_0003889,ft_sal_002034,ft_evt_0049,VIP,126000,true,2026-07-10 20:04:00
ft_tkt_0003890,ft_sal_002034,ft_evt_0049,VIP,126000,true,2026-07-10 19:26:00
ft_tkt_0003891,ft_sal_002034,ft_evt_0049,VIP,126000,true,2026-07-10 19:59:00
ft_tkt_0003892,ft_sal_002035,ft_evt_0049,Cortesía,0,false,
ft_tkt_0003893,ft_sal_002035,ft_evt_0049,Cortesía,0,false,
ft_tkt_0003894,ft_sal_002035,ft_evt_0049,Cortesía,0,false,
ft_tkt_0003895,ft_sal_002035,ft_evt_0049,Cortesía,0,false,
ft_tkt_0003896,ft_sal_002035,ft_evt_0049,Cortesía,0,false,
ft_tkt_0003897,ft_sal_002035,ft_evt_0049,Cortesía,0,false,
ft_tkt_0003898,ft_sal_002036,ft_evt_0049,General,45000,true,2026-07-10 19:37:00
ft_tkt_0003899,ft_sal_002036,ft_evt_0049,General,45000,true,2026-07-10 19:28:00
ft_tkt_0003900,ft_sal_002036,ft_evt_0049,General,45000,true,2026-07-10 19:17:00
ft_tkt_0003901,ft_sal_002036,ft_evt_0049,General,45000,true,2026-07-10 19:27:00
ft_tkt_0003902,ft_sal_002037,ft_evt_0049,Preferencial,97000,false,
ft_tkt_0003903,ft_sal_002038,ft_evt_0049,General,44000,true,2026-07-10 19:33:00
ft_tkt_0003904,ft_sal_002038,ft_evt_0049,General,44000,true,2026-07-10 19:50:00
ft_tkt_0003905,ft_sal_002039,ft_evt_0049,VIP,140000,true,2026-07-10 19:20:00
ft_tkt_0003906,ft_sal_002040,ft_evt_0049,General,46000,false,
ft_tkt_0003907,ft_sal_002041,ft_evt_0049,General,58000,true,2026-07-10 20:01:00
ft_tkt_0003908,ft_sal_002042,ft_evt_0049,VIP,125000,false,
ft_tkt_0003909,ft_sal_002042,ft_evt_0049,VIP,125000,false,
ft_tkt_0003910,ft_sal_002043,ft_evt_0049,Cortesía,0,true,2026-07-10 20:01:00
ft_tkt_0003911,ft_sal_002043,ft_evt_0049,Cortesía,0,false,
ft_tkt_0003912,ft_sal_002043,ft_evt_0049,Cortesía,0,false,
ft_tkt_0003913,ft_sal_002044,ft_evt_0049,VIP,139000,false,
ft_tkt_0003914,ft_sal_002045,ft_evt_0049,General,44000,true,2026-07-10 19:34:00
ft_tkt_0003915,ft_sal_002046,ft_evt_0049,Preferencial,98000,false,
ft_tkt_0003916,ft_sal_002047,ft_evt_0049,Cortesía,0,true,2026-07-10 20:11:00
ft_tkt_0003917,ft_sal_002047,ft_evt_0049,Cortesía,0,false,
ft_tkt_0003918,ft_sal_002048,ft_evt_0049,General,60000,false,
ft_tkt_0003919,ft_sal_002048,ft_evt_0049,General,60000,false,
ft_tkt_0003920,ft_sal_002049,ft_evt_0049,VIP,144000,false,
ft_tkt_0003921,ft_sal_002049,ft_evt_0049,VIP,144000,true,2026-07-10 19:15:00
ft_tkt_0003922,ft_sal_002050,ft_evt_0049,General,58000,false,
ft_tkt_0003923,ft_sal_002050,ft_evt_0049,General,58000,true,2026-07-10 19:38:00
ft_tkt_0003924,ft_sal_002051,ft_evt_0049,Cortesía,0,false,
ft_tkt_0003925,ft_sal_002051,ft_evt_0049,Cortesía,0,true,2026-07-10 20:07:00
ft_tkt_0003926,ft_sal_002051,ft_evt_0049,Cortesía,0,true,2026-07-10 19:29:00
ft_tkt_0003927,ft_sal_002051,ft_evt_0049,Cortesía,0,true,2026-07-10 19:56:00
ft_tkt_0003928,ft_sal_002052,ft_evt_0045,Cortesía,0,false,
ft_tkt_0003929,ft_sal_002052,ft_evt_0045,Cortesía,0,false,
ft_tkt_0003930,ft_sal_002053,ft_evt_0045,Cortesía,0,true,2026-07-10 21:10:00
ft_tkt_0003931,ft_sal_002053,ft_evt_0045,Cortesía,0,true,2026-07-10 20:41:00
ft_tkt_0003932,ft_sal_002054,ft_evt_0045,Cortesía,0,false,
ft_tkt_0003933,ft_sal_002055,ft_evt_0045,Cortesía,0,false,
ft_tkt_0003934,ft_sal_002056,ft_evt_0045,Cortesía,0,false,
ft_tkt_0003935,ft_sal_002056,ft_evt_0045,Cortesía,0,false,
ft_tkt_0003936,ft_sal_002057,ft_evt_0045,Cortesía,0,true,2026-07-10 20:57:00
ft_tkt_0003937,ft_sal_002058,ft_evt_0045,Cortesía,0,false,
ft_tkt_0003938,ft_sal_002058,ft_evt_0045,Cortesía,0,true,2026-07-10 20:48:00
ft_tkt_0003939,ft_sal_002058,ft_evt_0045,Cortesía,0,false,
ft_tkt_0003940,ft_sal_002058,ft_evt_0045,Cortesía,0,false,
ft_tkt_0003941,ft_sal_002058,ft_evt_0045,Cortesía,0,false,
ft_tkt_0003942,ft_sal_002058,ft_evt_0045,Cortesía,0,false,
ft_tkt_0003943,ft_sal_002059,ft_evt_0045,Cortesía,0,false,
ft_tkt_0003944,ft_sal_002059,ft_evt_0045,Cortesía,0,false,
ft_tkt_0003945,ft_sal_002060,ft_evt_0045,Cortesía,0,false,
ft_tkt_0003946,ft_sal_002061,ft_evt_0045,Cortesía,0,false,
ft_tkt_0003947,ft_sal_002061,ft_evt_0045,Cortesía,0,false,
ft_tkt_0003948,ft_sal_002061,ft_evt_0045,Cortesía,0,false,
ft_tkt_0003949,ft_sal_002062,ft_evt_0045,Cortesía,0,false,
ft_tkt_0003950,ft_sal_002062,ft_evt_0045,Cortesía,0,false,
ft_tkt_0003951,ft_sal_002062,ft_evt_0045,Cortesía,0,false,
ft_tkt_0003952,ft_sal_002063,ft_evt_0045,Cortesía,0,true,2026-07-10 20:47:00
ft_tkt_0003953,ft_sal_002063,ft_evt_0045,Cortesía,0,false,
ft_tkt_0003954,ft_sal_002064,ft_evt_0045,Cortesía,0,false,
ft_tkt_0003955,ft_sal_002064,ft_evt_0045,Cortesía,0,false,
ft_tkt_0003956,ft_sal_002064,ft_evt_0045,Cortesía,0,false,
ft_tkt_0003957,ft_sal_002064,ft_evt_0045,Cortesía,0,false,
ft_tkt_0003958,ft_sal_002064,ft_evt_0045,Cortesía,0,false,
ft_tkt_0003959,ft_sal_002064,ft_evt_0045,Cortesía,0,false,
ft_tkt_0003960,ft_sal_002065,ft_evt_0045,Cortesía,0,false,
ft_tkt_0003961,ft_sal_002066,ft_evt_0045,Cortesía,0,false,
ft_tkt_0003962,ft_sal_002066,ft_evt_0045,Cortesía,0,false,
ft_tkt_0003963,ft_sal_002066,ft_evt_0045,Cortesía,0,false,
ft_tkt_0003964,ft_sal_002067,ft_evt_0045,Cortesía,0,false,
ft_tkt_0003965,ft_sal_002068,ft_evt_0045,Cortesía,0,false,
ft_tkt_0003966,ft_sal_002068,ft_evt_0045,Cortesía,0,true,2026-07-10 21:06:00
ft_tkt_0003967,ft_sal_002069,ft_evt_0045,Cortesía,0,false,
ft_tkt_0003968,ft_sal_002069,ft_evt_0045,Cortesía,0,false,
ft_tkt_0003969,ft_sal_002070,ft_evt_0045,Cortesía,0,false,
ft_tkt_0003970,ft_sal_002070,ft_evt_0045,Cortesía,0,false,
ft_tkt_0003971,ft_sal_002071,ft_evt_0045,Cortesía,0,true,2026-07-10 20:34:00
ft_tkt_0003972,ft_sal_002071,ft_evt_0045,Cortesía,0,false,
ft_tkt_0003973,ft_sal_002072,ft_evt_0045,Cortesía,0,false,
ft_tkt_0003974,ft_sal_002073,ft_evt_0045,Cortesía,0,false,
ft_tkt_0003975,ft_sal_002073,ft_evt_0045,Cortesía,0,true,2026-07-10 21:06:00
ft_tkt_0003976,ft_sal_002074,ft_evt_0045,Cortesía,0,true,2026-07-10 21:01:00
ft_tkt_0003977,ft_sal_002075,ft_evt_0045,Cortesía,0,true,2026-07-10 21:03:00
ft_tkt_0003978,ft_sal_002076,ft_evt_0045,Cortesía,0,false,
ft_tkt_0003979,ft_sal_002077,ft_evt_0045,Cortesía,0,false,
ft_tkt_0003980,ft_sal_002077,ft_evt_0045,Cortesía,0,false,
ft_tkt_0003981,ft_sal_002078,ft_evt_0045,Cortesía,0,false,
ft_tkt_0003982,ft_sal_002079,ft_evt_0045,Cortesía,0,false,
ft_tkt_0003983,ft_sal_002079,ft_evt_0045,Cortesía,0,false,
ft_tkt_0003984,ft_sal_002080,ft_evt_0045,Cortesía,0,false,
ft_tkt_0003985,ft_sal_002081,ft_evt_0045,Cortesía,0,false,
ft_tkt_0003986,ft_sal_002082,ft_evt_0045,Cortesía,0,false,
ft_tkt_0003987,ft_sal_002083,ft_evt_0045,Cortesía,0,false,
ft_tkt_0003988,ft_sal_002084,ft_evt_0045,Cortesía,0,true,2026-07-10 20:34:00
ft_tkt_0003989,ft_sal_002084,ft_evt_0045,Cortesía,0,false,
ft_tkt_0003990,ft_sal_002085,ft_evt_0045,Cortesía,0,false,
ft_tkt_0003991,ft_sal_002085,ft_evt_0045,Cortesía,0,false,
ft_tkt_0003992,ft_sal_002085,ft_evt_0045,Cortesía,0,false,
ft_tkt_0003993,ft_sal_002086,ft_evt_0045,Cortesía,0,false,
ft_tkt_0003994,ft_sal_002086,ft_evt_0045,Cortesía,0,false,
ft_tkt_0003995,ft_sal_002087,ft_evt_0045,Cortesía,0,false,
ft_tkt_0003996,ft_sal_002087,ft_evt_0045,Cortesía,0,false,
ft_tkt_0003997,ft_sal_002088,ft_evt_0045,Cortesía,0,false,
ft_tkt_0003998,ft_sal_002089,ft_evt_0045,Cortesía,0,true,2026-07-10 20:23:00
ft_tkt_0003999,ft_sal_002089,ft_evt_0045,Cortesía,0,false,
ft_tkt_0004000,ft_sal_002089,ft_evt_0045,Cortesía,0,false,
ft_tkt_0004001,ft_sal_002090,ft_evt_0045,Cortesía,0,true,2026-07-10 21:10:00
ft_tkt_0004002,ft_sal_002091,ft_evt_0045,Cortesía,0,false,
ft_tkt_0004003,ft_sal_002091,ft_evt_0045,Cortesía,0,true,2026-07-10 20:10:00
ft_tkt_0004004,ft_sal_002091,ft_evt_0045,Cortesía,0,true,2026-07-10 20:25:00
ft_tkt_0004005,ft_sal_002092,ft_evt_0045,Cortesía,0,false,
ft_tkt_0004006,ft_sal_002093,ft_evt_0045,Cortesía,0,false,
ft_tkt_0004007,ft_sal_002093,ft_evt_0045,Cortesía,0,true,2026-07-10 21:23:00
ft_tkt_0004008,ft_sal_002094,ft_evt_0045,Cortesía,0,true,2026-07-10 20:28:00
ft_tkt_0004009,ft_sal_002094,ft_evt_0045,Cortesía,0,false,
ft_tkt_0004010,ft_sal_002095,ft_evt_0045,Cortesía,0,false,
ft_tkt_0004011,ft_sal_002095,ft_evt_0045,Cortesía,0,false,
ft_tkt_0004012,ft_sal_002095,ft_evt_0045,Cortesía,0,false,
ft_tkt_0004013,ft_sal_002096,ft_evt_0045,Cortesía,0,false,
ft_tkt_0004014,ft_sal_002097,ft_evt_0045,Cortesía,0,false,
ft_tkt_0004015,ft_sal_002098,ft_evt_0045,Cortesía,0,true,2026-07-10 20:53:00
ft_tkt_0004016,ft_sal_002099,ft_evt_0045,Cortesía,0,false,
ft_tkt_0004017,ft_sal_002099,ft_evt_0045,Cortesía,0,false,
ft_tkt_0004018,ft_sal_002099,ft_evt_0045,Cortesía,0,false,
ft_tkt_0004019,ft_sal_002099,ft_evt_0045,Cortesía,0,false,
ft_tkt_0004020,ft_sal_002100,ft_evt_0045,Cortesía,0,true,2026-07-10 20:42:00
ft_tkt_0004021,ft_sal_002101,ft_evt_0045,Cortesía,0,false,
ft_tkt_0004022,ft_sal_002102,ft_evt_0045,Cortesía,0,false,
ft_tkt_0004023,ft_sal_002103,ft_evt_0045,Cortesía,0,true,2026-07-10 20:49:00
ft_tkt_0004024,ft_sal_002104,ft_evt_0045,Cortesía,0,false,
ft_tkt_0004025,ft_sal_002104,ft_evt_0045,Cortesía,0,false,
ft_tkt_0004026,ft_sal_002104,ft_evt_0045,Cortesía,0,false,
ft_tkt_0004027,ft_sal_002105,ft_evt_0045,Cortesía,0,false,
ft_tkt_0004028,ft_sal_002105,ft_evt_0045,Cortesía,0,false,
ft_tkt_0004029,ft_sal_002106,ft_evt_0045,Cortesía,0,true,2026-07-10 20:54:00
ft_tkt_0004030,ft_sal_002107,ft_evt_0045,Cortesía,0,false,
ft_tkt_0004031,ft_sal_002108,ft_evt_0045,Cortesía,0,false,
ft_tkt_0004032,ft_sal_002108,ft_evt_0045,Cortesía,0,true,2026-07-10 20:38:00
ft_tkt_0004033,ft_sal_002109,ft_evt_0045,Cortesía,0,false,
ft_tkt_0004034,ft_sal_002109,ft_evt_0045,Cortesía,0,false,
ft_tkt_0004035,ft_sal_002110,ft_evt_0045,Cortesía,0,true,2026-07-10 20:12:00
ft_tkt_0004036,ft_sal_002110,ft_evt_0045,Cortesía,0,false,
ft_tkt_0004037,ft_sal_002110,ft_evt_0045,Cortesía,0,true,2026-07-10 21:20:00
ft_tkt_0004038,ft_sal_002110,ft_evt_0045,Cortesía,0,false,
ft_tkt_0004039,ft_sal_002110,ft_evt_0045,Cortesía,0,true,2026-07-10 21:11:00
ft_tkt_0004040,ft_sal_002110,ft_evt_0045,Cortesía,0,false,
ft_tkt_0004041,ft_sal_002111,ft_evt_0045,Cortesía,0,false,
ft_tkt_0004042,ft_sal_002112,ft_evt_0045,Cortesía,0,false,
ft_tkt_0004043,ft_sal_002112,ft_evt_0045,Cortesía,0,false,
ft_tkt_0004044,ft_sal_002112,ft_evt_0045,Cortesía,0,false,
ft_tkt_0004045,ft_sal_002112,ft_evt_0045,Cortesía,0,false,
ft_tkt_0004046,ft_sal_002113,ft_evt_0045,Cortesía,0,false,
ft_tkt_0004047,ft_sal_002113,ft_evt_0045,Cortesía,0,false,
ft_tkt_0004048,ft_sal_002114,ft_evt_0045,Cortesía,0,true,2026-07-10 21:16:00
ft_tkt_0004049,ft_sal_002115,ft_evt_0045,Cortesía,0,false,
ft_tkt_0004050,ft_sal_002116,ft_evt_0045,Cortesía,0,false,
ft_tkt_0004051,ft_sal_002116,ft_evt_0045,Cortesía,0,false,
ft_tkt_0004052,ft_sal_002116,ft_evt_0045,Cortesía,0,false,
ft_tkt_0004053,ft_sal_002117,ft_evt_0045,Cortesía,0,false,
ft_tkt_0004054,ft_sal_002118,ft_evt_0045,Cortesía,0,false,
ft_tkt_0004055,ft_sal_002119,ft_evt_0045,Cortesía,0,false,
ft_tkt_0004056,ft_sal_002120,ft_evt_0045,Cortesía,0,true,2026-07-10 21:11:00
ft_tkt_0004057,ft_sal_002120,ft_evt_0045,Cortesía,0,true,2026-07-10 21:17:00
ft_tkt_0004058,ft_sal_002121,ft_evt_0045,Cortesía,0,false,
ft_tkt_0004059,ft_sal_002122,ft_evt_0045,Cortesía,0,false,
ft_tkt_0004060,ft_sal_002122,ft_evt_0045,Cortesía,0,false,
ft_tkt_0004061,ft_sal_002122,ft_evt_0045,Cortesía,0,false,
ft_tkt_0004062,ft_sal_002123,ft_evt_0045,Cortesía,0,false,
ft_tkt_0004063,ft_sal_002124,ft_evt_0045,Cortesía,0,true,2026-07-10 20:14:00
ft_tkt_0004064,ft_sal_002124,ft_evt_0045,Cortesía,0,false,
ft_tkt_0004065,ft_sal_002125,ft_evt_0045,Cortesía,0,false,
ft_tkt_0004066,ft_sal_002125,ft_evt_0045,Cortesía,0,true,2026-07-10 21:23:00
ft_tkt_0004067,ft_sal_002126,ft_evt_0045,Cortesía,0,false,
ft_tkt_0004068,ft_sal_002127,ft_evt_0045,Cortesía,0,false,
ft_tkt_0004069,ft_sal_002128,ft_evt_0045,Cortesía,0,false,
ft_tkt_0004070,ft_sal_002129,ft_evt_0045,Cortesía,0,false,
ft_tkt_0004071,ft_sal_002129,ft_evt_0045,Cortesía,0,false,
ft_tkt_0004072,ft_sal_002130,ft_evt_0045,Cortesía,0,false,
ft_tkt_0004073,ft_sal_002130,ft_evt_0045,Cortesía,0,false,
ft_tkt_0004074,ft_sal_002131,ft_evt_0045,Cortesía,0,false,
ft_tkt_0004075,ft_sal_002132,ft_evt_0045,Cortesía,0,false,
ft_tkt_0004076,ft_sal_002132,ft_evt_0045,Cortesía,0,false,
ft_tkt_0004077,ft_sal_002133,ft_evt_0045,Cortesía,0,true,2026-07-10 21:23:00
ft_tkt_0004078,ft_sal_002133,ft_evt_0045,Cortesía,0,false,
ft_tkt_0004079,ft_sal_002134,ft_evt_0045,Cortesía,0,false,
ft_tkt_0004080,ft_sal_002134,ft_evt_0045,Cortesía,0,false,
ft_tkt_0004081,ft_sal_002135,ft_evt_0045,Cortesía,0,false,
ft_tkt_0004082,ft_sal_002135,ft_evt_0045,Cortesía,0,false,
ft_tkt_0004083,ft_sal_002136,ft_evt_0045,Cortesía,0,false,
ft_tkt_0004084,ft_sal_002136,ft_evt_0045,Cortesía,0,false,
ft_tkt_0004085,ft_sal_002137,ft_evt_0045,Cortesía,0,false,
ft_tkt_0004086,ft_sal_002138,ft_evt_0045,Cortesía,0,true,2026-07-10 21:02:00
ft_tkt_0004087,ft_sal_002139,ft_evt_0045,Cortesía,0,false,
ft_tkt_0004088,ft_sal_002140,ft_evt_0045,Cortesía,0,false,
ft_tkt_0004089,ft_sal_002140,ft_evt_0045,Cortesía,0,true,2026-07-10 20:23:00
ft_tkt_0004090,ft_sal_002141,ft_evt_0045,Cortesía,0,false,
ft_tkt_0004091,ft_sal_002142,ft_evt_0045,Cortesía,0,false,
ft_tkt_0004092,ft_sal_002143,ft_evt_0045,Cortesía,0,false,
ft_tkt_0004093,ft_sal_002143,ft_evt_0045,Cortesía,0,false,
ft_tkt_0004094,ft_sal_002144,ft_evt_0045,Cortesía,0,false,
ft_tkt_0004095,ft_sal_002144,ft_evt_0045,Cortesía,0,true,2026-07-10 20:25:00
ft_tkt_0004096,ft_sal_002145,ft_evt_0045,Cortesía,0,false,
ft_tkt_0004097,ft_sal_002146,ft_evt_0037,Cortesía,0,false,
ft_tkt_0004098,ft_sal_002146,ft_evt_0037,Cortesía,0,true,2026-07-11 20:42:00
ft_tkt_0004099,ft_sal_002147,ft_evt_0037,Cortesía,0,false,
ft_tkt_0004100,ft_sal_002147,ft_evt_0037,Cortesía,0,false,
ft_tkt_0004101,ft_sal_002148,ft_evt_0037,Cortesía,0,false,
ft_tkt_0004102,ft_sal_002149,ft_evt_0037,Cortesía,0,false,
ft_tkt_0004103,ft_sal_002149,ft_evt_0037,Cortesía,0,true,2026-07-11 20:31:00
ft_tkt_0004104,ft_sal_002149,ft_evt_0037,Cortesía,0,true,2026-07-11 20:50:00
ft_tkt_0004105,ft_sal_002150,ft_evt_0037,Cortesía,0,false,
ft_tkt_0004106,ft_sal_002151,ft_evt_0037,Cortesía,0,false,
ft_tkt_0004107,ft_sal_002152,ft_evt_0037,Cortesía,0,false,
ft_tkt_0004108,ft_sal_002153,ft_evt_0037,Cortesía,0,false,
ft_tkt_0004109,ft_sal_002153,ft_evt_0037,Cortesía,0,false,
ft_tkt_0004110,ft_sal_002154,ft_evt_0037,Cortesía,0,true,2026-07-11 20:17:00
ft_tkt_0004111,ft_sal_002154,ft_evt_0037,Cortesía,0,true,2026-07-11 19:45:00
ft_tkt_0004112,ft_sal_002155,ft_evt_0037,Cortesía,0,true,2026-07-11 20:42:00
ft_tkt_0004113,ft_sal_002155,ft_evt_0037,Cortesía,0,false,
ft_tkt_0004114,ft_sal_002156,ft_evt_0037,Cortesía,0,false,
ft_tkt_0004115,ft_sal_002157,ft_evt_0037,Cortesía,0,true,2026-07-11 19:49:00
ft_tkt_0004116,ft_sal_002157,ft_evt_0037,Cortesía,0,true,2026-07-11 20:45:00
ft_tkt_0004117,ft_sal_002158,ft_evt_0037,Cortesía,0,false,
ft_tkt_0004118,ft_sal_002159,ft_evt_0037,Cortesía,0,false,
ft_tkt_0004119,ft_sal_002160,ft_evt_0037,Cortesía,0,false,
ft_tkt_0004120,ft_sal_002161,ft_evt_0037,Cortesía,0,false,
ft_tkt_0004121,ft_sal_002162,ft_evt_0037,Cortesía,0,true,2026-07-11 20:44:00
ft_tkt_0004122,ft_sal_002163,ft_evt_0037,Cortesía,0,true,2026-07-11 19:50:00
ft_tkt_0004123,ft_sal_002164,ft_evt_0037,Cortesía,0,true,2026-07-11 19:56:00
ft_tkt_0004124,ft_sal_002164,ft_evt_0037,Cortesía,0,false,
ft_tkt_0004125,ft_sal_002165,ft_evt_0037,Cortesía,0,false,
ft_tkt_0004126,ft_sal_002166,ft_evt_0037,Cortesía,0,true,2026-07-11 19:47:00
ft_tkt_0004127,ft_sal_002167,ft_evt_0037,Cortesía,0,true,2026-07-11 20:10:00
ft_tkt_0004128,ft_sal_002168,ft_evt_0037,Cortesía,0,true,2026-07-11 20:30:00
ft_tkt_0004129,ft_sal_002168,ft_evt_0037,Cortesía,0,true,2026-07-11 20:30:00
ft_tkt_0004130,ft_sal_002168,ft_evt_0037,Cortesía,0,true,2026-07-11 20:51:00
ft_tkt_0004131,ft_sal_002169,ft_evt_0037,Cortesía,0,true,2026-07-11 19:54:00
ft_tkt_0004132,ft_sal_002170,ft_evt_0037,Cortesía,0,false,
ft_tkt_0004133,ft_sal_002170,ft_evt_0037,Cortesía,0,false,
ft_tkt_0004134,ft_sal_002171,ft_evt_0037,Cortesía,0,false,
ft_tkt_0004135,ft_sal_002172,ft_evt_0037,Cortesía,0,true,2026-07-11 20:12:00
ft_tkt_0004136,ft_sal_002172,ft_evt_0037,Cortesía,0,false,
ft_tkt_0004137,ft_sal_002173,ft_evt_0037,Cortesía,0,false,
ft_tkt_0004138,ft_sal_002173,ft_evt_0037,Cortesía,0,false,
ft_tkt_0004139,ft_sal_002174,ft_evt_0037,Cortesía,0,false,
ft_tkt_0004140,ft_sal_002174,ft_evt_0037,Cortesía,0,false,
ft_tkt_0004141,ft_sal_002174,ft_evt_0037,Cortesía,0,false,
ft_tkt_0004142,ft_sal_002174,ft_evt_0037,Cortesía,0,true,2026-07-11 20:11:00
ft_tkt_0004143,ft_sal_002175,ft_evt_0037,Cortesía,0,true,2026-07-11 20:01:00
ft_tkt_0004144,ft_sal_002175,ft_evt_0037,Cortesía,0,false,
ft_tkt_0004145,ft_sal_002176,ft_evt_0037,Cortesía,0,false,
ft_tkt_0004146,ft_sal_002176,ft_evt_0037,Cortesía,0,false,
ft_tkt_0004147,ft_sal_002177,ft_evt_0037,Cortesía,0,false,
ft_tkt_0004148,ft_sal_002177,ft_evt_0037,Cortesía,0,false,
ft_tkt_0004149,ft_sal_002178,ft_evt_0037,Cortesía,0,false,
ft_tkt_0004150,ft_sal_002178,ft_evt_0037,Cortesía,0,true,2026-07-11 20:54:00
ft_tkt_0004151,ft_sal_002179,ft_evt_0037,Cortesía,0,false,
ft_tkt_0004152,ft_sal_002179,ft_evt_0037,Cortesía,0,false,
ft_tkt_0004153,ft_sal_002180,ft_evt_0037,Cortesía,0,false,
ft_tkt_0004154,ft_sal_002181,ft_evt_0037,Cortesía,0,true,2026-07-11 19:42:00
ft_tkt_0004155,ft_sal_002181,ft_evt_0037,Cortesía,0,false,
ft_tkt_0004156,ft_sal_002182,ft_evt_0037,Cortesía,0,true,2026-07-11 20:18:00
ft_tkt_0004157,ft_sal_002182,ft_evt_0037,Cortesía,0,true,2026-07-11 20:26:00
ft_tkt_0004158,ft_sal_002182,ft_evt_0037,Cortesía,0,false,
ft_tkt_0004159,ft_sal_002182,ft_evt_0037,Cortesía,0,true,2026-07-11 20:29:00
ft_tkt_0004160,ft_sal_002183,ft_evt_0037,Cortesía,0,true,2026-07-11 20:10:00
ft_tkt_0004161,ft_sal_002184,ft_evt_0037,Cortesía,0,false,
ft_tkt_0004162,ft_sal_002184,ft_evt_0037,Cortesía,0,false,
ft_tkt_0004163,ft_sal_002185,ft_evt_0037,Cortesía,0,false,
ft_tkt_0004164,ft_sal_002185,ft_evt_0037,Cortesía,0,false,
ft_tkt_0004165,ft_sal_002186,ft_evt_0037,Cortesía,0,true,2026-07-11 19:50:00
ft_tkt_0004166,ft_sal_002186,ft_evt_0037,Cortesía,0,true,2026-07-11 20:36:00
ft_tkt_0004167,ft_sal_002187,ft_evt_0037,Cortesía,0,false,
ft_tkt_0004168,ft_sal_002188,ft_evt_0037,Cortesía,0,false,
ft_tkt_0004169,ft_sal_002188,ft_evt_0037,Cortesía,0,true,2026-07-11 20:01:00
ft_tkt_0004170,ft_sal_002189,ft_evt_0037,Cortesía,0,false,
ft_tkt_0004171,ft_sal_002189,ft_evt_0037,Cortesía,0,true,2026-07-11 20:02:00
ft_tkt_0004172,ft_sal_002190,ft_evt_0037,Cortesía,0,false,
ft_tkt_0004173,ft_sal_002190,ft_evt_0037,Cortesía,0,true,2026-07-11 19:41:00
ft_tkt_0004174,ft_sal_002191,ft_evt_0037,Cortesía,0,false,
ft_tkt_0004175,ft_sal_002192,ft_evt_0037,Cortesía,0,true,2026-07-11 20:29:00
ft_tkt_0004176,ft_sal_002192,ft_evt_0037,Cortesía,0,false,
ft_tkt_0004177,ft_sal_002193,ft_evt_0037,Cortesía,0,true,2026-07-11 20:14:00
ft_tkt_0004178,ft_sal_002194,ft_evt_0037,Cortesía,0,true,2026-07-11 20:07:00
ft_tkt_0004179,ft_sal_002195,ft_evt_0037,Cortesía,0,false,
ft_tkt_0004180,ft_sal_002195,ft_evt_0037,Cortesía,0,true,2026-07-11 20:07:00
ft_tkt_0004181,ft_sal_002196,ft_evt_0037,Cortesía,0,true,2026-07-11 20:33:00
ft_tkt_0004182,ft_sal_002197,ft_evt_0037,Cortesía,0,false,
ft_tkt_0004183,ft_sal_002198,ft_evt_0037,Cortesía,0,false,
ft_tkt_0004184,ft_sal_002199,ft_evt_0037,Cortesía,0,true,2026-07-11 20:09:00
ft_tkt_0004185,ft_sal_002200,ft_evt_0037,Cortesía,0,false,
ft_tkt_0004186,ft_sal_002201,ft_evt_0037,Cortesía,0,false,
ft_tkt_0004187,ft_sal_002201,ft_evt_0037,Cortesía,0,true,2026-07-11 20:24:00
ft_tkt_0004188,ft_sal_002202,ft_evt_0037,Cortesía,0,false,
ft_tkt_0004189,ft_sal_002202,ft_evt_0037,Cortesía,0,false,
ft_tkt_0004190,ft_sal_002203,ft_evt_0037,Cortesía,0,false,
ft_tkt_0004191,ft_sal_002204,ft_evt_0037,Cortesía,0,true,2026-07-11 20:08:00
ft_tkt_0004192,ft_sal_002204,ft_evt_0037,Cortesía,0,false,
ft_tkt_0004193,ft_sal_002205,ft_evt_0037,Cortesía,0,true,2026-07-11 19:40:00
ft_tkt_0004194,ft_sal_002206,ft_evt_0037,Cortesía,0,true,2026-07-11 19:56:00
ft_tkt_0004195,ft_sal_002206,ft_evt_0037,Cortesía,0,false,
ft_tkt_0004196,ft_sal_002207,ft_evt_0037,Cortesía,0,false,
ft_tkt_0004197,ft_sal_002207,ft_evt_0037,Cortesía,0,false,
ft_tkt_0004198,ft_sal_002207,ft_evt_0037,Cortesía,0,true,2026-07-11 20:26:00
ft_tkt_0004199,ft_sal_002207,ft_evt_0037,Cortesía,0,true,2026-07-11 19:52:00
ft_tkt_0004200,ft_sal_002207,ft_evt_0037,Cortesía,0,false,
ft_tkt_0004201,ft_sal_002207,ft_evt_0037,Cortesía,0,true,2026-07-11 20:14:00
ft_tkt_0004202,ft_sal_002208,ft_evt_0037,Cortesía,0,false,
ft_tkt_0004203,ft_sal_002209,ft_evt_0037,Cortesía,0,false,
ft_tkt_0004204,ft_sal_002209,ft_evt_0037,Cortesía,0,false,
ft_tkt_0004205,ft_sal_002209,ft_evt_0037,Cortesía,0,false,
ft_tkt_0004206,ft_sal_002209,ft_evt_0037,Cortesía,0,false,
ft_tkt_0004207,ft_sal_002210,ft_evt_0037,Cortesía,0,true,2026-07-11 20:16:00
ft_tkt_0004208,ft_sal_002210,ft_evt_0037,Cortesía,0,false,
ft_tkt_0004209,ft_sal_002210,ft_evt_0037,Cortesía,0,false,
ft_tkt_0004210,ft_sal_002211,ft_evt_0037,Cortesía,0,false,
ft_tkt_0004211,ft_sal_002212,ft_evt_0037,Cortesía,0,true,2026-07-11 20:24:00
ft_tkt_0004212,ft_sal_002212,ft_evt_0037,Cortesía,0,true,2026-07-11 20:11:00
ft_tkt_0004213,ft_sal_002212,ft_evt_0037,Cortesía,0,true,2026-07-11 20:08:00
ft_tkt_0004214,ft_sal_002213,ft_evt_0037,Cortesía,0,false,
ft_tkt_0004215,ft_sal_002214,ft_evt_0037,Cortesía,0,true,2026-07-11 20:16:00
ft_tkt_0004216,ft_sal_002214,ft_evt_0037,Cortesía,0,false,
ft_tkt_0004217,ft_sal_002215,ft_evt_0037,Cortesía,0,false,
ft_tkt_0004218,ft_sal_002215,ft_evt_0037,Cortesía,0,false,
ft_tkt_0004219,ft_sal_002216,ft_evt_0037,Cortesía,0,true,2026-07-11 19:49:00
ft_tkt_0004220,ft_sal_002217,ft_evt_0037,Cortesía,0,true,2026-07-11 20:23:00
ft_tkt_0004221,ft_sal_002217,ft_evt_0037,Cortesía,0,false,
ft_tkt_0004222,ft_sal_002217,ft_evt_0037,Cortesía,0,false,
ft_tkt_0004223,ft_sal_002217,ft_evt_0037,Cortesía,0,false,
ft_tkt_0004224,ft_sal_002218,ft_evt_0037,Cortesía,0,false,
ft_tkt_0004225,ft_sal_002218,ft_evt_0037,Cortesía,0,false,
ft_tkt_0004226,ft_sal_002218,ft_evt_0037,Cortesía,0,true,2026-07-11 20:52:00
ft_tkt_0004227,ft_sal_002219,ft_evt_0037,Cortesía,0,false,
ft_tkt_0004228,ft_sal_002219,ft_evt_0037,Cortesía,0,false,
ft_tkt_0004229,ft_sal_002219,ft_evt_0037,Cortesía,0,false,
ft_tkt_0004230,ft_sal_002219,ft_evt_0037,Cortesía,0,false,
ft_tkt_0004231,ft_sal_002220,ft_evt_0037,Cortesía,0,false,
ft_tkt_0004232,ft_sal_002220,ft_evt_0037,Cortesía,0,false,
ft_tkt_0004233,ft_sal_002220,ft_evt_0037,Cortesía,0,false,
ft_tkt_0004234,ft_sal_002221,ft_evt_0037,Cortesía,0,false,
ft_tkt_0004235,ft_sal_002221,ft_evt_0037,Cortesía,0,false,
ft_tkt_0004236,ft_sal_002222,ft_evt_0037,Cortesía,0,false,
ft_tkt_0004237,ft_sal_002223,ft_evt_0037,Cortesía,0,true,2026-07-11 20:06:00
ft_tkt_0004238,ft_sal_002223,ft_evt_0037,Cortesía,0,true,2026-07-11 20:54:00
ft_tkt_0004239,ft_sal_002223,ft_evt_0037,Cortesía,0,false,
ft_tkt_0004240,ft_sal_002223,ft_evt_0037,Cortesía,0,true,2026-07-11 20:18:00
ft_tkt_0004241,ft_sal_002223,ft_evt_0037,Cortesía,0,true,2026-07-11 19:49:00
ft_tkt_0004242,ft_sal_002223,ft_evt_0037,Cortesía,0,false,
ft_tkt_0004243,ft_sal_002224,ft_evt_0037,Cortesía,0,false,
ft_tkt_0004244,ft_sal_002225,ft_evt_0037,Cortesía,0,true,2026-07-11 20:40:00
ft_tkt_0004245,ft_sal_002225,ft_evt_0037,Cortesía,0,true,2026-07-11 20:15:00
ft_tkt_0004246,ft_sal_002225,ft_evt_0037,Cortesía,0,true,2026-07-11 20:38:00
ft_tkt_0004247,ft_sal_002226,ft_evt_0037,Cortesía,0,false,
ft_tkt_0004248,ft_sal_002227,ft_evt_0037,Cortesía,0,false,
ft_tkt_0004249,ft_sal_002228,ft_evt_0037,Cortesía,0,true,2026-07-11 20:40:00
ft_tkt_0004250,ft_sal_002228,ft_evt_0037,Cortesía,0,true,2026-07-11 20:14:00
ft_tkt_0004251,ft_sal_002228,ft_evt_0037,Cortesía,0,false,
ft_tkt_0004252,ft_sal_002228,ft_evt_0037,Cortesía,0,true,2026-07-11 19:56:00
ft_tkt_0004253,ft_sal_002228,ft_evt_0037,Cortesía,0,false,
ft_tkt_0004254,ft_sal_002228,ft_evt_0037,Cortesía,0,false,
ft_tkt_0004255,ft_sal_002229,ft_evt_0037,Cortesía,0,false,
ft_tkt_0004256,ft_sal_002229,ft_evt_0037,Cortesía,0,false,
ft_tkt_0004257,ft_sal_002229,ft_evt_0037,Cortesía,0,false,
ft_tkt_0004258,ft_sal_002229,ft_evt_0037,Cortesía,0,false,
ft_tkt_0004259,ft_sal_002230,ft_evt_0037,Cortesía,0,true,2026-07-11 19:59:00
ft_tkt_0004260,ft_sal_002230,ft_evt_0037,Cortesía,0,false,
ft_tkt_0004261,ft_sal_002230,ft_evt_0037,Cortesía,0,true,2026-07-11 20:11:00
ft_tkt_0004262,ft_sal_002231,ft_evt_0037,Cortesía,0,false,
ft_tkt_0004263,ft_sal_002231,ft_evt_0037,Cortesía,0,false,
ft_tkt_0004264,ft_sal_002232,ft_evt_0037,Cortesía,0,true,2026-07-11 19:43:00
ft_tkt_0004265,ft_sal_002233,ft_evt_0037,Cortesía,0,false,
ft_tkt_0004266,ft_sal_002233,ft_evt_0037,Cortesía,0,false,
ft_tkt_0004267,ft_sal_002234,ft_evt_0037,Cortesía,0,true,2026-07-11 20:36:00
ft_tkt_0004268,ft_sal_002234,ft_evt_0037,Cortesía,0,true,2026-07-11 20:25:00
ft_tkt_0004269,ft_sal_002234,ft_evt_0037,Cortesía,0,false,
ft_tkt_0004270,ft_sal_002234,ft_evt_0037,Cortesía,0,false,
ft_tkt_0004271,ft_sal_002235,ft_evt_0037,Cortesía,0,false,
ft_tkt_0004272,ft_sal_002236,ft_evt_0037,Cortesía,0,true,2026-07-11 20:50:00
ft_tkt_0004273,ft_sal_002237,ft_evt_0037,Cortesía,0,false,
ft_tkt_0004274,ft_sal_002238,ft_evt_0037,Cortesía,0,false,
ft_tkt_0004275,ft_sal_002239,ft_evt_0037,Cortesía,0,false,
ft_tkt_0004276,ft_sal_002240,ft_evt_0037,Cortesía,0,true,2026-07-11 20:14:00
ft_tkt_0004277,ft_sal_002240,ft_evt_0037,Cortesía,0,false,
ft_tkt_0004278,ft_sal_002240,ft_evt_0037,Cortesía,0,true,2026-07-11 20:08:00
ft_tkt_0004279,ft_sal_002241,ft_evt_0037,Cortesía,0,true,2026-07-11 19:50:00
ft_tkt_0004280,ft_sal_002242,ft_evt_0037,Cortesía,0,false,
ft_tkt_0004281,ft_sal_002243,ft_evt_0037,Cortesía,0,false,
ft_tkt_0004282,ft_sal_002243,ft_evt_0037,Cortesía,0,false,
ft_tkt_0004283,ft_sal_002244,ft_evt_0037,Cortesía,0,true,2026-07-11 19:50:00
ft_tkt_0004284,ft_sal_002245,ft_evt_0037,Cortesía,0,true,2026-07-11 20:47:00
ft_tkt_0004285,ft_sal_002245,ft_evt_0037,Cortesía,0,true,2026-07-11 20:54:00
ft_tkt_0004286,ft_sal_002245,ft_evt_0037,Cortesía,0,false,
ft_tkt_0004287,ft_sal_002245,ft_evt_0037,Cortesía,0,false,
ft_tkt_0004288,ft_sal_002246,ft_evt_0037,Cortesía,0,false,
ft_tkt_0004289,ft_sal_002247,ft_evt_0037,Cortesía,0,true,2026-07-11 20:32:00
ft_tkt_0004290,ft_sal_002248,ft_evt_0037,Cortesía,0,false,
ft_tkt_0004291,ft_sal_002249,ft_evt_0037,Cortesía,0,true,2026-07-11 20:35:00
ft_tkt_0004292,ft_sal_002249,ft_evt_0037,Cortesía,0,false,
ft_tkt_0004293,ft_sal_002249,ft_evt_0037,Cortesía,0,false,
ft_tkt_0004294,ft_sal_002249,ft_evt_0037,Cortesía,0,false,
ft_tkt_0004295,ft_sal_002250,ft_evt_0037,Cortesía,0,true,2026-07-11 20:55:00
ft_tkt_0004296,ft_sal_002251,ft_evt_0037,Cortesía,0,true,2026-07-11 20:51:00
ft_tkt_0004297,ft_sal_002251,ft_evt_0037,Cortesía,0,false,
ft_tkt_0004298,ft_sal_002252,ft_evt_0037,Cortesía,0,true,2026-07-11 19:59:00
ft_tkt_0004299,ft_sal_002252,ft_evt_0037,Cortesía,0,false,
ft_tkt_0004300,ft_sal_002253,ft_evt_0037,Cortesía,0,true,2026-07-11 19:45:00
ft_tkt_0004301,ft_sal_002254,ft_evt_0037,Cortesía,0,false,
ft_tkt_0004302,ft_sal_002254,ft_evt_0037,Cortesía,0,false,
ft_tkt_0004303,ft_sal_002255,ft_evt_0037,Cortesía,0,true,2026-07-11 20:36:00
ft_tkt_0004304,ft_sal_002255,ft_evt_0037,Cortesía,0,true,2026-07-11 20:46:00
ft_tkt_0004305,ft_sal_002255,ft_evt_0037,Cortesía,0,false,
ft_tkt_0004306,ft_sal_002255,ft_evt_0037,Cortesía,0,true,2026-07-11 20:37:00
ft_tkt_0004307,ft_sal_002256,ft_evt_0037,Cortesía,0,true,2026-07-11 20:46:00
ft_tkt_0004308,ft_sal_002257,ft_evt_0037,Cortesía,0,true,2026-07-11 20:20:00
ft_tkt_0004309,ft_sal_002258,ft_evt_0037,Cortesía,0,false,
ft_tkt_0004310,ft_sal_002259,ft_evt_0037,Cortesía,0,false,
ft_tkt_0004311,ft_sal_002260,ft_evt_0037,Cortesía,0,false,
ft_tkt_0004312,ft_sal_002261,ft_evt_0037,Cortesía,0,true,2026-07-11 20:24:00
ft_tkt_0004313,ft_sal_002261,ft_evt_0037,Cortesía,0,false,
ft_tkt_0004314,ft_sal_002261,ft_evt_0037,Cortesía,0,true,2026-07-11 20:00:00
ft_tkt_0004315,ft_sal_002262,ft_evt_0037,Cortesía,0,false,
ft_tkt_0004316,ft_sal_002262,ft_evt_0037,Cortesía,0,true,2026-07-11 19:46:00
ft_tkt_0004317,ft_sal_002262,ft_evt_0037,Cortesía,0,false,
ft_tkt_0004318,ft_sal_002263,ft_evt_0037,Cortesía,0,false,
ft_tkt_0004319,ft_sal_002263,ft_evt_0037,Cortesía,0,false,
ft_tkt_0004320,ft_sal_002264,ft_evt_0037,Cortesía,0,true,2026-07-11 20:07:00
ft_tkt_0004321,ft_sal_002265,ft_evt_0037,Cortesía,0,false,
ft_tkt_0004322,ft_sal_002266,ft_evt_0037,Cortesía,0,false,
ft_tkt_0004323,ft_sal_002266,ft_evt_0037,Cortesía,0,false,
ft_tkt_0004324,ft_sal_002267,ft_evt_0037,Cortesía,0,true,2026-07-11 20:47:00
ft_tkt_0004325,ft_sal_002267,ft_evt_0037,Cortesía,0,true,2026-07-11 19:49:00
ft_tkt_0004326,ft_sal_002268,ft_evt_0037,Cortesía,0,false,
ft_tkt_0004327,ft_sal_002268,ft_evt_0037,Cortesía,0,false,
ft_tkt_0004328,ft_sal_002268,ft_evt_0037,Cortesía,0,false,
ft_tkt_0004329,ft_sal_002268,ft_evt_0037,Cortesía,0,false,
ft_tkt_0004330,ft_sal_002269,ft_evt_0037,Cortesía,0,true,2026-07-11 19:47:00
ft_tkt_0004331,ft_sal_002270,ft_evt_0047,General,43000,false,
ft_tkt_0004332,ft_sal_002270,ft_evt_0047,General,43000,true,2026-07-14 19:31:00
ft_tkt_0004333,ft_sal_002271,ft_evt_0047,General,51000,false,
ft_tkt_0004334,ft_sal_002271,ft_evt_0047,General,51000,false,
ft_tkt_0004335,ft_sal_002272,ft_evt_0047,VIP,125000,false,
ft_tkt_0004336,ft_sal_002272,ft_evt_0047,VIP,125000,false,
ft_tkt_0004337,ft_sal_002273,ft_evt_0047,VIP,134000,false,
ft_tkt_0004338,ft_sal_002274,ft_evt_0047,VIP,145000,false,
ft_tkt_0004339,ft_sal_002274,ft_evt_0047,VIP,145000,false,
ft_tkt_0004340,ft_sal_002275,ft_evt_0047,General,45000,false,
ft_tkt_0004341,ft_sal_002275,ft_evt_0047,General,45000,true,2026-07-14 19:54:00
ft_tkt_0004342,ft_sal_002276,ft_evt_0047,VIP,139000,false,
ft_tkt_0004343,ft_sal_002276,ft_evt_0047,VIP,139000,true,2026-07-14 19:02:00
ft_tkt_0004344,ft_sal_002276,ft_evt_0047,VIP,139000,false,
ft_tkt_0004345,ft_sal_002277,ft_evt_0047,VIP,131000,true,2026-07-14 18:50:00
ft_tkt_0004346,ft_sal_002277,ft_evt_0047,VIP,131000,true,2026-07-14 19:05:00
ft_tkt_0004347,ft_sal_002278,ft_evt_0047,Cortesía,0,false,
ft_tkt_0004348,ft_sal_002279,ft_evt_0047,General,61000,false,
ft_tkt_0004349,ft_sal_002280,ft_evt_0047,General,44000,true,2026-07-14 19:32:00
ft_tkt_0004350,ft_sal_002280,ft_evt_0047,General,44000,true,2026-07-14 18:48:00
ft_tkt_0004351,ft_sal_002280,ft_evt_0047,General,44000,true,2026-07-14 18:54:00
ft_tkt_0004352,ft_sal_002280,ft_evt_0047,General,44000,true,2026-07-14 19:36:00
ft_tkt_0004353,ft_sal_002280,ft_evt_0047,General,44000,true,2026-07-14 19:08:00
ft_tkt_0004354,ft_sal_002280,ft_evt_0047,General,44000,true,2026-07-14 18:54:00
ft_tkt_0004355,ft_sal_002281,ft_evt_0047,General,47000,false,
ft_tkt_0004356,ft_sal_002282,ft_evt_0047,VIP,135000,true,2026-07-14 19:40:00
ft_tkt_0004357,ft_sal_002283,ft_evt_0047,Preferencial,92000,true,2026-07-14 18:51:00
ft_tkt_0004358,ft_sal_002283,ft_evt_0047,Preferencial,92000,false,
ft_tkt_0004359,ft_sal_002283,ft_evt_0047,Preferencial,92000,false,
ft_tkt_0004360,ft_sal_002283,ft_evt_0047,Preferencial,92000,true,2026-07-14 19:23:00
ft_tkt_0004361,ft_sal_002283,ft_evt_0047,Preferencial,92000,true,2026-07-14 18:55:00
ft_tkt_0004362,ft_sal_002283,ft_evt_0047,Preferencial,92000,true,2026-07-14 18:49:00
ft_tkt_0004363,ft_sal_002284,ft_evt_0047,VIP,134000,false,
ft_tkt_0004364,ft_sal_002285,ft_evt_0047,General,43000,false,
ft_tkt_0004365,ft_sal_002286,ft_evt_0047,Preferencial,94000,true,2026-07-14 19:26:00
ft_tkt_0004366,ft_sal_002287,ft_evt_0047,General,58000,false,
ft_tkt_0004367,ft_sal_002287,ft_evt_0047,General,58000,true,2026-07-14 19:27:00
ft_tkt_0004368,ft_sal_002288,ft_evt_0047,Preferencial,90000,true,2026-07-14 19:50:00
ft_tkt_0004369,ft_sal_002288,ft_evt_0047,Preferencial,90000,false,
ft_tkt_0004370,ft_sal_002289,ft_evt_0047,Preferencial,100000,true,2026-07-14 19:25:00
ft_tkt_0004371,ft_sal_002289,ft_evt_0047,Preferencial,100000,false,
ft_tkt_0004372,ft_sal_002289,ft_evt_0047,Preferencial,100000,true,2026-07-14 19:12:00
ft_tkt_0004373,ft_sal_002290,ft_evt_0047,Preferencial,91000,true,2026-07-14 19:36:00
ft_tkt_0004374,ft_sal_002291,ft_evt_0047,General,59000,false,
ft_tkt_0004375,ft_sal_002291,ft_evt_0047,General,59000,true,2026-07-14 18:43:00
ft_tkt_0004376,ft_sal_002292,ft_evt_0047,Preferencial,93000,true,2026-07-14 19:27:00
ft_tkt_0004377,ft_sal_002293,ft_evt_0047,Preferencial,90000,true,2026-07-14 19:16:00
ft_tkt_0004378,ft_sal_002294,ft_evt_0047,General,45000,false,
ft_tkt_0004379,ft_sal_002294,ft_evt_0047,General,45000,false,
ft_tkt_0004380,ft_sal_002295,ft_evt_0047,General,63000,false,
ft_tkt_0004381,ft_sal_002296,ft_evt_0047,General,58000,false,
ft_tkt_0004382,ft_sal_002296,ft_evt_0047,General,58000,true,2026-07-14 19:30:00
ft_tkt_0004383,ft_sal_002296,ft_evt_0047,General,58000,true,2026-07-14 19:23:00
ft_tkt_0004384,ft_sal_002297,ft_evt_0047,General,61000,false,
ft_tkt_0004385,ft_sal_002297,ft_evt_0047,General,61000,true,2026-07-14 18:58:00
ft_tkt_0004386,ft_sal_002297,ft_evt_0047,General,61000,false,
ft_tkt_0004387,ft_sal_002298,ft_evt_0047,General,41000,true,2026-07-14 19:06:00
ft_tkt_0004388,ft_sal_002299,ft_evt_0047,General,60000,true,2026-07-14 19:01:00
ft_tkt_0004389,ft_sal_002299,ft_evt_0047,General,60000,true,2026-07-14 18:40:00
ft_tkt_0004390,ft_sal_002300,ft_evt_0047,Preferencial,98000,false,
ft_tkt_0004391,ft_sal_002300,ft_evt_0047,Preferencial,98000,true,2026-07-14 18:59:00
ft_tkt_0004392,ft_sal_002300,ft_evt_0047,Preferencial,98000,false,
ft_tkt_0004393,ft_sal_002300,ft_evt_0047,Preferencial,98000,false,
ft_tkt_0004394,ft_sal_002300,ft_evt_0047,Preferencial,98000,true,2026-07-14 19:21:00
ft_tkt_0004395,ft_sal_002300,ft_evt_0047,Preferencial,98000,true,2026-07-14 19:38:00
ft_tkt_0004396,ft_sal_002301,ft_evt_0047,Preferencial,100000,true,2026-07-14 19:49:00
ft_tkt_0004397,ft_sal_002301,ft_evt_0047,Preferencial,100000,true,2026-07-14 19:48:00
ft_tkt_0004398,ft_sal_002302,ft_evt_0047,VIP,146000,true,2026-07-14 18:42:00
ft_tkt_0004399,ft_sal_002303,ft_evt_0047,VIP,132000,false,
ft_tkt_0004400,ft_sal_002303,ft_evt_0047,VIP,132000,false,
ft_tkt_0004401,ft_sal_002303,ft_evt_0047,VIP,132000,true,2026-07-14 19:01:00
ft_tkt_0004402,ft_sal_002304,ft_evt_0047,General,59000,false,
ft_tkt_0004403,ft_sal_002305,ft_evt_0047,VIP,146000,false,
ft_tkt_0004404,ft_sal_002305,ft_evt_0047,VIP,146000,true,2026-07-14 18:55:00
ft_tkt_0004405,ft_sal_002306,ft_evt_0047,Cortesía,0,false,
ft_tkt_0004406,ft_sal_002306,ft_evt_0047,Cortesía,0,false,
ft_tkt_0004407,ft_sal_002306,ft_evt_0047,Cortesía,0,false,
ft_tkt_0004408,ft_sal_002307,ft_evt_0047,Preferencial,103000,false,
ft_tkt_0004409,ft_sal_002307,ft_evt_0047,Preferencial,103000,true,2026-07-14 19:43:00
ft_tkt_0004410,ft_sal_002307,ft_evt_0047,Preferencial,103000,true,2026-07-14 19:34:00
ft_tkt_0004411,ft_sal_002308,ft_evt_0047,Preferencial,97000,true,2026-07-14 19:42:00
ft_tkt_0004412,ft_sal_002308,ft_evt_0047,Preferencial,97000,true,2026-07-14 18:50:00
ft_tkt_0004413,ft_sal_002309,ft_evt_0047,Preferencial,94000,true,2026-07-14 19:13:00
ft_tkt_0004414,ft_sal_002309,ft_evt_0047,Preferencial,94000,true,2026-07-14 18:45:00
ft_tkt_0004415,ft_sal_002309,ft_evt_0047,Preferencial,94000,true,2026-07-14 18:53:00
ft_tkt_0004416,ft_sal_002310,ft_evt_0047,Cortesía,0,false,
ft_tkt_0004417,ft_sal_002310,ft_evt_0047,Cortesía,0,true,2026-07-14 18:52:00
ft_tkt_0004418,ft_sal_002310,ft_evt_0047,Cortesía,0,false,
ft_tkt_0004419,ft_sal_002311,ft_evt_0047,General,56000,false,
ft_tkt_0004420,ft_sal_002311,ft_evt_0047,General,56000,true,2026-07-14 19:45:00
ft_tkt_0004421,ft_sal_002312,ft_evt_0047,General,60000,true,2026-07-14 19:31:00
ft_tkt_0004422,ft_sal_002313,ft_evt_0047,General,43000,false,
ft_tkt_0004423,ft_sal_002313,ft_evt_0047,General,43000,true,2026-07-14 19:07:00
ft_tkt_0004424,ft_sal_002313,ft_evt_0047,General,43000,true,2026-07-14 18:51:00
ft_tkt_0004425,ft_sal_002313,ft_evt_0047,General,43000,false,
ft_tkt_0004426,ft_sal_002314,ft_evt_0047,Cortesía,0,false,
ft_tkt_0004427,ft_sal_002315,ft_evt_0047,Cortesía,0,false,
ft_tkt_0004428,ft_sal_002315,ft_evt_0047,Cortesía,0,true,2026-07-14 18:55:00
ft_tkt_0004429,ft_sal_002315,ft_evt_0047,Cortesía,0,false,
ft_tkt_0004430,ft_sal_002316,ft_evt_0047,Preferencial,105000,true,2026-07-14 19:01:00
ft_tkt_0004431,ft_sal_002316,ft_evt_0047,Preferencial,105000,false,
ft_tkt_0004432,ft_sal_002316,ft_evt_0047,Preferencial,105000,true,2026-07-14 18:40:00
ft_tkt_0004433,ft_sal_002316,ft_evt_0047,Preferencial,105000,false,
ft_tkt_0004434,ft_sal_002317,ft_evt_0047,VIP,143000,true,2026-07-14 19:49:00
ft_tkt_0004435,ft_sal_002317,ft_evt_0047,VIP,143000,true,2026-07-14 19:02:00
ft_tkt_0004436,ft_sal_002317,ft_evt_0047,VIP,143000,true,2026-07-14 18:53:00
ft_tkt_0004437,ft_sal_002318,ft_evt_0047,General,43000,true,2026-07-14 19:04:00
ft_tkt_0004438,ft_sal_002319,ft_evt_0047,General,61000,true,2026-07-14 19:27:00
ft_tkt_0004439,ft_sal_002319,ft_evt_0047,General,61000,true,2026-07-14 18:50:00
ft_tkt_0004440,ft_sal_002319,ft_evt_0047,General,61000,true,2026-07-14 19:33:00
ft_tkt_0004441,ft_sal_002320,ft_evt_0047,General,66000,true,2026-07-14 19:22:00
ft_tkt_0004442,ft_sal_002321,ft_evt_0047,General,43000,true,2026-07-14 19:27:00
ft_tkt_0004443,ft_sal_002321,ft_evt_0047,General,43000,true,2026-07-14 19:10:00
ft_tkt_0004444,ft_sal_002321,ft_evt_0047,General,43000,true,2026-07-14 19:36:00
ft_tkt_0004445,ft_sal_002322,ft_evt_0047,Preferencial,93000,true,2026-07-14 19:02:00
ft_tkt_0004446,ft_sal_002322,ft_evt_0047,Preferencial,93000,true,2026-07-14 19:51:00
ft_tkt_0004447,ft_sal_002323,ft_evt_0047,General,57000,false,
ft_tkt_0004448,ft_sal_002324,ft_evt_0047,Preferencial,97000,false,
ft_tkt_0004449,ft_sal_002324,ft_evt_0047,Preferencial,97000,true,2026-07-14 19:47:00
ft_tkt_0004450,ft_sal_002325,ft_evt_0047,Cortesía,0,true,2026-07-14 19:11:00
ft_tkt_0004451,ft_sal_002326,ft_evt_0047,General,58000,false,
ft_tkt_0004452,ft_sal_002327,ft_evt_0047,General,65000,true,2026-07-14 19:04:00
ft_tkt_0004453,ft_sal_002327,ft_evt_0047,General,65000,false,
ft_tkt_0004454,ft_sal_002328,ft_evt_0047,VIP,147000,false,
ft_tkt_0004455,ft_sal_002328,ft_evt_0047,VIP,147000,true,2026-07-14 18:50:00
ft_tkt_0004456,ft_sal_002329,ft_evt_0047,Preferencial,96000,true,2026-07-14 19:10:00
ft_tkt_0004457,ft_sal_002330,ft_evt_0047,General,62000,true,2026-07-14 18:41:00
ft_tkt_0004458,ft_sal_002331,ft_evt_0047,Preferencial,102000,true,2026-07-14 19:01:00
ft_tkt_0004459,ft_sal_002331,ft_evt_0047,Preferencial,102000,true,2026-07-14 19:25:00
ft_tkt_0004460,ft_sal_002331,ft_evt_0047,Preferencial,102000,false,
ft_tkt_0004461,ft_sal_002331,ft_evt_0047,Preferencial,102000,false,
ft_tkt_0004462,ft_sal_002331,ft_evt_0047,Preferencial,102000,true,2026-07-14 19:41:00
ft_tkt_0004463,ft_sal_002331,ft_evt_0047,Preferencial,102000,true,2026-07-14 19:04:00
ft_tkt_0004464,ft_sal_002332,ft_evt_0047,General,57000,true,2026-07-14 19:38:00
ft_tkt_0004465,ft_sal_002332,ft_evt_0047,General,57000,true,2026-07-14 19:11:00
ft_tkt_0004466,ft_sal_002332,ft_evt_0047,General,57000,true,2026-07-14 19:14:00
ft_tkt_0004467,ft_sal_002332,ft_evt_0047,General,57000,false,
ft_tkt_0004468,ft_sal_002333,ft_evt_0047,General,58000,false,
ft_tkt_0004469,ft_sal_002333,ft_evt_0047,General,58000,false,
ft_tkt_0004470,ft_sal_002333,ft_evt_0047,General,58000,false,
ft_tkt_0004471,ft_sal_002333,ft_evt_0047,General,58000,false,
ft_tkt_0004472,ft_sal_002333,ft_evt_0047,General,58000,true,2026-07-14 19:50:00
ft_tkt_0004473,ft_sal_002333,ft_evt_0047,General,58000,false,
ft_tkt_0004474,ft_sal_002334,ft_evt_0047,General,48000,true,2026-07-14 19:25:00
ft_tkt_0004475,ft_sal_002334,ft_evt_0047,General,48000,false,
ft_tkt_0004476,ft_sal_002334,ft_evt_0047,General,48000,false,
ft_tkt_0004477,ft_sal_002334,ft_evt_0047,General,48000,false,
ft_tkt_0004478,ft_sal_002335,ft_evt_0047,Preferencial,94000,true,2026-07-14 18:56:00
ft_tkt_0004479,ft_sal_002336,ft_evt_0047,General,45000,true,2026-07-14 19:18:00
ft_tkt_0004480,ft_sal_002337,ft_evt_0047,General,62000,true,2026-07-14 19:16:00
ft_tkt_0004481,ft_sal_002338,ft_evt_0047,General,57000,true,2026-07-14 19:00:00
ft_tkt_0004482,ft_sal_002339,ft_evt_0047,Preferencial,90000,false,
ft_tkt_0004483,ft_sal_002339,ft_evt_0047,Preferencial,90000,false,
ft_tkt_0004484,ft_sal_002340,ft_evt_0047,General,44000,true,2026-07-14 19:24:00
ft_tkt_0004485,ft_sal_002340,ft_evt_0047,General,44000,false,
ft_tkt_0004486,ft_sal_002340,ft_evt_0047,General,44000,false,
ft_tkt_0004487,ft_sal_002340,ft_evt_0047,General,44000,true,2026-07-14 19:00:00
ft_tkt_0004488,ft_sal_002341,ft_evt_0047,Cortesía,0,true,2026-07-14 19:04:00
ft_tkt_0004489,ft_sal_002341,ft_evt_0047,Cortesía,0,false,
ft_tkt_0004490,ft_sal_002341,ft_evt_0047,Cortesía,0,true,2026-07-14 19:36:00
ft_tkt_0004491,ft_sal_002341,ft_evt_0047,Cortesía,0,false,
ft_tkt_0004492,ft_sal_002342,ft_evt_0047,VIP,151000,true,2026-07-14 19:16:00
ft_tkt_0004493,ft_sal_002343,ft_evt_0047,General,44000,false,
ft_tkt_0004494,ft_sal_002343,ft_evt_0047,General,44000,false,
ft_tkt_0004495,ft_sal_002343,ft_evt_0047,General,44000,false,
ft_tkt_0004496,ft_sal_002343,ft_evt_0047,General,44000,false,
ft_tkt_0004497,ft_sal_002344,ft_evt_0047,General,41000,true,2026-07-14 19:22:00
ft_tkt_0004498,ft_sal_002345,ft_evt_0047,Preferencial,101000,true,2026-07-14 19:30:00
ft_tkt_0004499,ft_sal_002345,ft_evt_0047,Preferencial,101000,true,2026-07-14 18:56:00
ft_tkt_0004500,ft_sal_002346,ft_evt_0047,General,55000,true,2026-07-14 19:48:00
ft_tkt_0004501,ft_sal_002347,ft_evt_0047,VIP,139000,true,2026-07-14 19:26:00
ft_tkt_0004502,ft_sal_002348,ft_evt_0047,Cortesía,0,false,
ft_tkt_0004503,ft_sal_002348,ft_evt_0047,Cortesía,0,false,
ft_tkt_0004504,ft_sal_002349,ft_evt_0047,General,44000,true,2026-07-14 19:27:00
ft_tkt_0004505,ft_sal_002349,ft_evt_0047,General,44000,true,2026-07-14 19:45:00
ft_tkt_0004506,ft_sal_002350,ft_evt_0047,Preferencial,88000,true,2026-07-14 19:38:00
ft_tkt_0004507,ft_sal_002350,ft_evt_0047,Preferencial,88000,true,2026-07-14 18:45:00
ft_tkt_0004508,ft_sal_002351,ft_evt_0047,General,59000,true,2026-07-14 19:46:00
ft_tkt_0004509,ft_sal_002352,ft_evt_0047,VIP,146000,false,
ft_tkt_0004510,ft_sal_002352,ft_evt_0047,VIP,146000,true,2026-07-14 18:42:00
ft_tkt_0004511,ft_sal_002353,ft_evt_0047,General,64000,true,2026-07-14 19:39:00
ft_tkt_0004512,ft_sal_002354,ft_evt_0047,General,40000,false,
ft_tkt_0004513,ft_sal_002355,ft_evt_0047,General,44000,true,2026-07-14 19:09:00
ft_tkt_0004514,ft_sal_002355,ft_evt_0047,General,44000,true,2026-07-14 19:37:00
ft_tkt_0004515,ft_sal_002355,ft_evt_0047,General,44000,true,2026-07-14 19:50:00
ft_tkt_0004516,ft_sal_002356,ft_evt_0047,General,58000,true,2026-07-14 19:27:00
ft_tkt_0004517,ft_sal_002356,ft_evt_0047,General,58000,true,2026-07-14 19:51:00
ft_tkt_0004518,ft_sal_002357,ft_evt_0047,General,60000,true,2026-07-14 18:51:00
ft_tkt_0004519,ft_sal_002358,ft_evt_0047,General,45000,true,2026-07-14 19:14:00
ft_tkt_0004520,ft_sal_002358,ft_evt_0047,General,45000,true,2026-07-14 18:58:00
ft_tkt_0004521,ft_sal_002358,ft_evt_0047,General,45000,true,2026-07-14 19:54:00
ft_tkt_0004522,ft_sal_002358,ft_evt_0047,General,45000,true,2026-07-14 19:48:00
ft_tkt_0004523,ft_sal_002358,ft_evt_0047,General,45000,true,2026-07-14 19:28:00
ft_tkt_0004524,ft_sal_002358,ft_evt_0047,General,45000,true,2026-07-14 19:26:00
ft_tkt_0004525,ft_sal_002359,ft_evt_0047,General,50000,false,
ft_tkt_0004526,ft_sal_002360,ft_evt_0047,General,58000,false,
ft_tkt_0004527,ft_sal_002360,ft_evt_0047,General,58000,false,
ft_tkt_0004528,ft_sal_002361,ft_evt_0047,General,48000,false,
ft_tkt_0004529,ft_sal_002362,ft_evt_0047,General,46000,true,2026-07-14 18:59:00
ft_tkt_0004530,ft_sal_002363,ft_evt_0047,Preferencial,103000,true,2026-07-14 19:11:00
ft_tkt_0004531,ft_sal_002363,ft_evt_0047,Preferencial,103000,true,2026-07-14 19:02:00
ft_tkt_0004532,ft_sal_002364,ft_evt_0047,General,56000,false,
ft_tkt_0004533,ft_sal_002365,ft_evt_0047,Preferencial,100000,true,2026-07-14 19:36:00
ft_tkt_0004534,ft_sal_002365,ft_evt_0047,Preferencial,100000,true,2026-07-14 19:36:00
ft_tkt_0004535,ft_sal_002366,ft_evt_0047,Preferencial,93000,true,2026-07-14 18:54:00
ft_tkt_0004536,ft_sal_002366,ft_evt_0047,Preferencial,93000,true,2026-07-14 18:49:00
ft_tkt_0004537,ft_sal_002367,ft_evt_0047,General,47000,false,
ft_tkt_0004538,ft_sal_002367,ft_evt_0047,General,47000,true,2026-07-14 18:53:00
ft_tkt_0004539,ft_sal_002367,ft_evt_0047,General,47000,false,
ft_tkt_0004540,ft_sal_002367,ft_evt_0047,General,47000,true,2026-07-14 19:29:00
ft_tkt_0004541,ft_sal_002368,ft_evt_0047,General,46000,true,2026-07-14 18:55:00
ft_tkt_0004542,ft_sal_002369,ft_evt_0047,Preferencial,95000,true,2026-07-14 19:38:00
ft_tkt_0004543,ft_sal_002369,ft_evt_0047,Preferencial,95000,true,2026-07-14 19:37:00
ft_tkt_0004544,ft_sal_002370,ft_evt_0047,General,45000,false,
ft_tkt_0004545,ft_sal_002371,ft_evt_0047,General,45000,true,2026-07-14 19:12:00
ft_tkt_0004546,ft_sal_002372,ft_evt_0047,General,61000,false,
ft_tkt_0004547,ft_sal_002373,ft_evt_0047,General,54000,false,
ft_tkt_0004548,ft_sal_002374,ft_evt_0047,VIP,129000,false,
ft_tkt_0004549,ft_sal_002374,ft_evt_0047,VIP,129000,false,
ft_tkt_0004550,ft_sal_002375,ft_evt_0047,Preferencial,96000,true,2026-07-14 19:52:00
ft_tkt_0004551,ft_sal_002376,ft_evt_0047,VIP,127000,true,2026-07-14 19:26:00
ft_tkt_0004552,ft_sal_002377,ft_evt_0047,Preferencial,98000,false,
ft_tkt_0004553,ft_sal_002377,ft_evt_0047,Preferencial,98000,false,
ft_tkt_0004554,ft_sal_002377,ft_evt_0047,Preferencial,98000,false,
ft_tkt_0004555,ft_sal_002377,ft_evt_0047,Preferencial,98000,false,
ft_tkt_0004556,ft_sal_002378,ft_evt_0047,General,61000,true,2026-07-14 19:22:00
ft_tkt_0004557,ft_sal_002378,ft_evt_0047,General,61000,true,2026-07-14 19:19:00
ft_tkt_0004558,ft_sal_002379,ft_evt_0047,General,59000,true,2026-07-14 19:16:00
ft_tkt_0004559,ft_sal_002380,ft_evt_0047,General,40000,true,2026-07-14 19:33:00
ft_tkt_0004560,ft_sal_002381,ft_evt_0047,Preferencial,93000,false,
ft_tkt_0004561,ft_sal_002382,ft_evt_0047,General,64000,false,
ft_tkt_0004562,ft_sal_002383,ft_evt_0047,Cortesía,0,false,
ft_tkt_0004563,ft_sal_002384,ft_evt_0047,General,46000,true,2026-07-14 18:58:00
ft_tkt_0004564,ft_sal_002384,ft_evt_0047,General,46000,false,
ft_tkt_0004565,ft_sal_002384,ft_evt_0047,General,46000,false,
ft_tkt_0004566,ft_sal_002384,ft_evt_0047,General,46000,false,
ft_tkt_0004567,ft_sal_002385,ft_evt_0047,VIP,156000,true,2026-07-14 19:01:00
ft_tkt_0004568,ft_sal_002386,ft_evt_0047,General,61000,true,2026-07-14 18:42:00
ft_tkt_0004569,ft_sal_002386,ft_evt_0047,General,61000,false,
ft_tkt_0004570,ft_sal_002387,ft_evt_0047,General,41000,true,2026-07-14 19:38:00
ft_tkt_0004571,ft_sal_002388,ft_evt_0047,General,40000,false,
ft_tkt_0004572,ft_sal_002388,ft_evt_0047,General,40000,false,
ft_tkt_0004573,ft_sal_002389,ft_evt_0047,General,44000,true,2026-07-14 19:18:00
ft_tkt_0004574,ft_sal_002390,ft_evt_0047,General,67000,false,
ft_tkt_0004575,ft_sal_002390,ft_evt_0047,General,67000,false,
ft_tkt_0004576,ft_sal_002391,ft_evt_0047,Cortesía,0,true,2026-07-14 19:37:00
ft_tkt_0004577,ft_sal_002392,ft_evt_0047,Preferencial,88000,false,
ft_tkt_0004578,ft_sal_002392,ft_evt_0047,Preferencial,88000,true,2026-07-14 18:52:00
ft_tkt_0004579,ft_sal_002392,ft_evt_0047,Preferencial,88000,true,2026-07-14 19:51:00
ft_tkt_0004580,ft_sal_002393,ft_evt_0047,General,41000,false,
ft_tkt_0004581,ft_sal_002394,ft_evt_0047,General,61000,true,2026-07-14 19:46:00
ft_tkt_0004582,ft_sal_002394,ft_evt_0047,General,61000,false,
ft_tkt_0004583,ft_sal_002395,ft_evt_0047,Preferencial,102000,true,2026-07-14 19:43:00
ft_tkt_0004584,ft_sal_002396,ft_evt_0047,Preferencial,92000,true,2026-07-14 19:10:00
ft_tkt_0004585,ft_sal_002397,ft_evt_0047,Preferencial,99000,false,
ft_tkt_0004586,ft_sal_002398,ft_evt_0047,General,65000,false,
ft_tkt_0004587,ft_sal_002398,ft_evt_0047,General,65000,true,2026-07-14 19:32:00
ft_tkt_0004588,ft_sal_002398,ft_evt_0047,General,65000,false,
ft_tkt_0004589,ft_sal_002399,ft_evt_0047,Cortesía,0,false,
ft_tkt_0004590,ft_sal_002399,ft_evt_0047,Cortesía,0,true,2026-07-14 18:58:00
ft_tkt_0004591,ft_sal_002399,ft_evt_0047,Cortesía,0,true,2026-07-14 19:42:00
ft_tkt_0004592,ft_sal_002400,ft_evt_0047,General,62000,false,
ft_tkt_0004593,ft_sal_002401,ft_evt_0047,General,49000,true,2026-07-14 18:47:00
ft_tkt_0004594,ft_sal_002401,ft_evt_0047,General,49000,true,2026-07-14 19:17:00
ft_tkt_0004595,ft_sal_002401,ft_evt_0047,General,49000,false,
ft_tkt_0004596,ft_sal_002402,ft_evt_0047,Cortesía,0,true,2026-07-14 18:43:00
ft_tkt_0004597,ft_sal_002403,ft_evt_0047,VIP,132000,true,2026-07-14 18:45:00
ft_tkt_0004598,ft_sal_002404,ft_evt_0047,General,56000,true,2026-07-14 19:50:00
ft_tkt_0004599,ft_sal_002405,ft_evt_0047,VIP,142000,true,2026-07-14 19:24:00
ft_tkt_0004600,ft_sal_002405,ft_evt_0047,VIP,142000,true,2026-07-14 18:52:00
ft_tkt_0004601,ft_sal_002405,ft_evt_0047,VIP,142000,true,2026-07-14 19:26:00
ft_tkt_0004602,ft_sal_002406,ft_evt_0047,General,56000,true,2026-07-14 19:44:00
ft_tkt_0004603,ft_sal_002407,ft_evt_0047,General,63000,true,2026-07-14 18:43:00
ft_tkt_0004604,ft_sal_002407,ft_evt_0047,General,63000,true,2026-07-14 18:54:00
ft_tkt_0004605,ft_sal_002408,ft_evt_0047,General,59000,true,2026-07-14 19:43:00
ft_tkt_0004606,ft_sal_002409,ft_evt_0047,General,57000,false,
ft_tkt_0004607,ft_sal_002410,ft_evt_0047,General,58000,true,2026-07-14 19:12:00
ft_tkt_0004608,ft_sal_002410,ft_evt_0047,General,58000,true,2026-07-14 18:55:00
ft_tkt_0004609,ft_sal_002411,ft_evt_0047,Preferencial,89000,false,
ft_tkt_0004610,ft_sal_002411,ft_evt_0047,Preferencial,89000,true,2026-07-14 19:41:00
ft_tkt_0004611,ft_sal_002411,ft_evt_0047,Preferencial,89000,false,
ft_tkt_0004612,ft_sal_002411,ft_evt_0047,Preferencial,89000,true,2026-07-14 18:48:00
ft_tkt_0004613,ft_sal_002412,ft_evt_0047,VIP,145000,true,2026-07-14 19:20:00
ft_tkt_0004614,ft_sal_002412,ft_evt_0047,VIP,145000,true,2026-07-14 18:47:00
ft_tkt_0004615,ft_sal_002413,ft_evt_0047,General,46000,true,2026-07-14 19:46:00
ft_tkt_0004616,ft_sal_002414,ft_evt_0047,General,55000,false,
ft_tkt_0004617,ft_sal_002415,ft_evt_0047,Preferencial,101000,true,2026-07-14 18:42:00
ft_tkt_0004618,ft_sal_002415,ft_evt_0047,Preferencial,101000,false,
ft_tkt_0004619,ft_sal_002415,ft_evt_0047,Preferencial,101000,false,
ft_tkt_0004620,ft_sal_002416,ft_evt_0047,General,58000,false,
ft_tkt_0004621,ft_sal_002416,ft_evt_0047,General,58000,false,
ft_tkt_0004622,ft_sal_002417,ft_evt_0047,VIP,140000,true,2026-07-14 19:03:00
ft_tkt_0004623,ft_sal_002418,ft_evt_0047,General,60000,true,2026-07-14 19:54:00
ft_tkt_0004624,ft_sal_002419,ft_evt_0047,Preferencial,97000,false,
ft_tkt_0004625,ft_sal_002420,ft_evt_0047,Cortesía,0,true,2026-07-14 19:22:00
ft_tkt_0004626,ft_sal_002421,ft_evt_0047,Cortesía,0,true,2026-07-14 19:16:00
ft_tkt_0004627,ft_sal_002422,ft_evt_0011,Preferencial,98000,true,2026-07-14 19:34:00
ft_tkt_0004628,ft_sal_002422,ft_evt_0011,Preferencial,98000,true,2026-07-14 19:58:00
ft_tkt_0004629,ft_sal_002423,ft_evt_0011,General,65000,false,
ft_tkt_0004630,ft_sal_002424,ft_evt_0011,General,48000,true,2026-07-14 19:15:00
ft_tkt_0004631,ft_sal_002424,ft_evt_0011,General,48000,true,2026-07-14 20:18:00
ft_tkt_0004632,ft_sal_002425,ft_evt_0011,Cortesía,0,false,
ft_tkt_0004633,ft_sal_002426,ft_evt_0011,General,41000,true,2026-07-14 20:01:00
ft_tkt_0004634,ft_sal_002426,ft_evt_0011,General,41000,true,2026-07-14 19:34:00
ft_tkt_0004635,ft_sal_002427,ft_evt_0011,General,42000,true,2026-07-14 20:21:00
ft_tkt_0004636,ft_sal_002427,ft_evt_0011,General,42000,false,
ft_tkt_0004637,ft_sal_002428,ft_evt_0011,General,62000,true,2026-07-14 19:54:00
ft_tkt_0004638,ft_sal_002428,ft_evt_0011,General,62000,true,2026-07-14 20:17:00
ft_tkt_0004639,ft_sal_002429,ft_evt_0011,General,59000,true,2026-07-14 20:06:00
ft_tkt_0004640,ft_sal_002429,ft_evt_0011,General,59000,true,2026-07-14 19:41:00
ft_tkt_0004641,ft_sal_002429,ft_evt_0011,General,59000,false,
ft_tkt_0004642,ft_sal_002430,ft_evt_0011,General,59000,false,
ft_tkt_0004643,ft_sal_002431,ft_evt_0011,VIP,138000,false,
ft_tkt_0004644,ft_sal_002431,ft_evt_0011,VIP,138000,false,
ft_tkt_0004645,ft_sal_002432,ft_evt_0011,VIP,134000,true,2026-07-14 20:10:00
ft_tkt_0004646,ft_sal_002433,ft_evt_0011,General,59000,false,
ft_tkt_0004647,ft_sal_002434,ft_evt_0011,VIP,134000,false,
ft_tkt_0004648,ft_sal_002435,ft_evt_0011,VIP,146000,false,
ft_tkt_0004649,ft_sal_002435,ft_evt_0011,VIP,146000,true,2026-07-14 19:11:00
ft_tkt_0004650,ft_sal_002435,ft_evt_0011,VIP,146000,false,
ft_tkt_0004651,ft_sal_002435,ft_evt_0011,VIP,146000,false,
ft_tkt_0004652,ft_sal_002436,ft_evt_0011,VIP,148000,false,
ft_tkt_0004653,ft_sal_002437,ft_evt_0011,General,64000,true,2026-07-14 19:18:00
ft_tkt_0004654,ft_sal_002437,ft_evt_0011,General,64000,true,2026-07-14 20:03:00
ft_tkt_0004655,ft_sal_002437,ft_evt_0011,General,64000,true,2026-07-14 20:22:00
ft_tkt_0004656,ft_sal_002437,ft_evt_0011,General,64000,false,
ft_tkt_0004657,ft_sal_002438,ft_evt_0011,General,44000,true,2026-07-14 19:38:00
ft_tkt_0004658,ft_sal_002438,ft_evt_0011,General,44000,true,2026-07-14 20:21:00
ft_tkt_0004659,ft_sal_002438,ft_evt_0011,General,44000,true,2026-07-14 19:27:00
ft_tkt_0004660,ft_sal_002438,ft_evt_0011,General,44000,false,
ft_tkt_0004661,ft_sal_002439,ft_evt_0011,General,42000,false,
ft_tkt_0004662,ft_sal_002440,ft_evt_0011,Cortesía,0,false,
ft_tkt_0004663,ft_sal_002440,ft_evt_0011,Cortesía,0,false,
ft_tkt_0004664,ft_sal_002440,ft_evt_0011,Cortesía,0,false,
ft_tkt_0004665,ft_sal_002440,ft_evt_0011,Cortesía,0,false,
ft_tkt_0004666,ft_sal_002441,ft_evt_0011,VIP,146000,true,2026-07-14 20:02:00
ft_tkt_0004667,ft_sal_002442,ft_evt_0011,General,62000,true,2026-07-14 19:34:00
ft_tkt_0004668,ft_sal_002443,ft_evt_0011,General,43000,true,2026-07-14 20:22:00
ft_tkt_0004669,ft_sal_002444,ft_evt_0011,General,65000,true,2026-07-14 20:04:00
ft_tkt_0004670,ft_sal_002444,ft_evt_0011,General,65000,false,
ft_tkt_0004671,ft_sal_002445,ft_evt_0011,VIP,150000,false,
ft_tkt_0004672,ft_sal_002445,ft_evt_0011,VIP,150000,true,2026-07-14 19:46:00
ft_tkt_0004673,ft_sal_002446,ft_evt_0011,Preferencial,97000,true,2026-07-14 19:21:00
ft_tkt_0004674,ft_sal_002447,ft_evt_0011,General,58000,true,2026-07-14 20:00:00
ft_tkt_0004675,ft_sal_002448,ft_evt_0011,Preferencial,98000,true,2026-07-14 19:48:00
ft_tkt_0004676,ft_sal_002448,ft_evt_0011,Preferencial,98000,false,
ft_tkt_0004677,ft_sal_002449,ft_evt_0011,General,59000,true,2026-07-14 19:17:00
ft_tkt_0004678,ft_sal_002449,ft_evt_0011,General,59000,false,
ft_tkt_0004679,ft_sal_002449,ft_evt_0011,General,59000,false,
ft_tkt_0004680,ft_sal_002450,ft_evt_0011,General,60000,true,2026-07-14 19:47:00
ft_tkt_0004681,ft_sal_002450,ft_evt_0011,General,60000,true,2026-07-14 19:31:00
ft_tkt_0004682,ft_sal_002451,ft_evt_0011,General,57000,true,2026-07-14 20:14:00
ft_tkt_0004683,ft_sal_002452,ft_evt_0011,Preferencial,87000,false,
ft_tkt_0004684,ft_sal_002453,ft_evt_0011,General,45000,true,2026-07-14 19:39:00
ft_tkt_0004685,ft_sal_002453,ft_evt_0011,General,45000,true,2026-07-14 19:12:00
ft_tkt_0004686,ft_sal_002453,ft_evt_0011,General,45000,true,2026-07-14 19:58:00
ft_tkt_0004687,ft_sal_002454,ft_evt_0011,Cortesía,0,false,
ft_tkt_0004688,ft_sal_002455,ft_evt_0011,Preferencial,103000,true,2026-07-14 20:01:00
ft_tkt_0004689,ft_sal_002455,ft_evt_0011,Preferencial,103000,true,2026-07-14 19:57:00
ft_tkt_0004690,ft_sal_002456,ft_evt_0011,Preferencial,99000,false,
ft_tkt_0004691,ft_sal_002456,ft_evt_0011,Preferencial,99000,true,2026-07-14 20:14:00
ft_tkt_0004692,ft_sal_002457,ft_evt_0011,General,47000,false,
ft_tkt_0004693,ft_sal_002458,ft_evt_0011,General,45000,true,2026-07-14 20:18:00
ft_tkt_0004694,ft_sal_002458,ft_evt_0011,General,45000,true,2026-07-14 20:19:00
ft_tkt_0004695,ft_sal_002459,ft_evt_0011,General,65000,true,2026-07-14 19:43:00
ft_tkt_0004696,ft_sal_002460,ft_evt_0011,Preferencial,91000,false,
ft_tkt_0004697,ft_sal_002461,ft_evt_0011,Preferencial,92000,true,2026-07-14 20:25:00
ft_tkt_0004698,ft_sal_002461,ft_evt_0011,Preferencial,92000,false,
ft_tkt_0004699,ft_sal_002462,ft_evt_0011,VIP,134000,true,2026-07-14 19:58:00
ft_tkt_0004700,ft_sal_002463,ft_evt_0011,Cortesía,0,false,
ft_tkt_0004701,ft_sal_002463,ft_evt_0011,Cortesía,0,true,2026-07-14 20:02:00
ft_tkt_0004702,ft_sal_002464,ft_evt_0011,VIP,144000,false,
ft_tkt_0004703,ft_sal_002465,ft_evt_0011,Preferencial,95000,true,2026-07-14 19:54:00
ft_tkt_0004704,ft_sal_002465,ft_evt_0011,Preferencial,95000,true,2026-07-14 19:41:00
ft_tkt_0004705,ft_sal_002466,ft_evt_0011,General,68000,true,2026-07-14 20:18:00
ft_tkt_0004706,ft_sal_002466,ft_evt_0011,General,68000,false,
ft_tkt_0004707,ft_sal_002467,ft_evt_0011,General,41000,false,
ft_tkt_0004708,ft_sal_002467,ft_evt_0011,General,41000,false,
ft_tkt_0004709,ft_sal_002467,ft_evt_0011,General,41000,false,
ft_tkt_0004710,ft_sal_002467,ft_evt_0011,General,41000,false,
ft_tkt_0004711,ft_sal_002468,ft_evt_0011,General,57000,false,
ft_tkt_0004712,ft_sal_002469,ft_evt_0011,Preferencial,94000,false,
ft_tkt_0004713,ft_sal_002470,ft_evt_0011,Preferencial,95000,true,2026-07-14 19:55:00
ft_tkt_0004714,ft_sal_002471,ft_evt_0011,General,42000,true,2026-07-14 20:02:00
ft_tkt_0004715,ft_sal_002471,ft_evt_0011,General,42000,false,
ft_tkt_0004716,ft_sal_002472,ft_evt_0011,Preferencial,92000,true,2026-07-14 20:14:00
ft_tkt_0004717,ft_sal_002473,ft_evt_0011,General,58000,false,
ft_tkt_0004718,ft_sal_002474,ft_evt_0011,General,44000,true,2026-07-14 19:47:00
ft_tkt_0004719,ft_sal_002474,ft_evt_0011,General,44000,false,
ft_tkt_0004720,ft_sal_002475,ft_evt_0011,General,61000,false,
ft_tkt_0004721,ft_sal_002476,ft_evt_0011,General,39000,true,2026-07-14 19:45:00
ft_tkt_0004722,ft_sal_002476,ft_evt_0011,General,39000,false,
ft_tkt_0004723,ft_sal_002476,ft_evt_0011,General,39000,true,2026-07-14 20:22:00
ft_tkt_0004724,ft_sal_002476,ft_evt_0011,General,39000,true,2026-07-14 20:05:00
ft_tkt_0004725,ft_sal_002477,ft_evt_0011,General,66000,false,
ft_tkt_0004726,ft_sal_002477,ft_evt_0011,General,66000,true,2026-07-14 19:12:00
ft_tkt_0004727,ft_sal_002478,ft_evt_0011,General,63000,false,
ft_tkt_0004728,ft_sal_002479,ft_evt_0011,General,46000,true,2026-07-14 19:18:00
ft_tkt_0004729,ft_sal_002480,ft_evt_0011,Cortesía,0,false,
ft_tkt_0004730,ft_sal_002481,ft_evt_0011,General,61000,true,2026-07-14 19:46:00
ft_tkt_0004731,ft_sal_002482,ft_evt_0011,General,56000,true,2026-07-14 20:21:00
ft_tkt_0004732,ft_sal_002483,ft_evt_0011,General,62000,true,2026-07-14 20:21:00
ft_tkt_0004733,ft_sal_002483,ft_evt_0011,General,62000,false,
ft_tkt_0004734,ft_sal_002484,ft_evt_0011,VIP,145000,true,2026-07-14 20:21:00
ft_tkt_0004735,ft_sal_002484,ft_evt_0011,VIP,145000,true,2026-07-14 19:28:00
ft_tkt_0004736,ft_sal_002485,ft_evt_0011,VIP,138000,true,2026-07-14 20:25:00
ft_tkt_0004737,ft_sal_002485,ft_evt_0011,VIP,138000,false,
ft_tkt_0004738,ft_sal_002486,ft_evt_0011,VIP,141000,true,2026-07-14 19:50:00
ft_tkt_0004739,ft_sal_002487,ft_evt_0011,Preferencial,95000,true,2026-07-14 20:03:00
ft_tkt_0004740,ft_sal_002488,ft_evt_0011,Preferencial,94000,false,
ft_tkt_0004741,ft_sal_002488,ft_evt_0011,Preferencial,94000,true,2026-07-14 19:35:00
ft_tkt_0004742,ft_sal_002488,ft_evt_0011,Preferencial,94000,true,2026-07-14 19:53:00
ft_tkt_0004743,ft_sal_002489,ft_evt_0011,General,62000,false,
ft_tkt_0004744,ft_sal_002489,ft_evt_0011,General,62000,false,
ft_tkt_0004745,ft_sal_002489,ft_evt_0011,General,62000,false,
ft_tkt_0004746,ft_sal_002489,ft_evt_0011,General,62000,false,
ft_tkt_0004747,ft_sal_002490,ft_evt_0011,Preferencial,104000,false,
ft_tkt_0004748,ft_sal_002490,ft_evt_0011,Preferencial,104000,false,
ft_tkt_0004749,ft_sal_002490,ft_evt_0011,Preferencial,104000,true,2026-07-14 19:50:00
ft_tkt_0004750,ft_sal_002490,ft_evt_0011,Preferencial,104000,true,2026-07-14 19:22:00
ft_tkt_0004751,ft_sal_002490,ft_evt_0011,Preferencial,104000,true,2026-07-14 19:55:00
ft_tkt_0004752,ft_sal_002490,ft_evt_0011,Preferencial,104000,true,2026-07-14 20:18:00
ft_tkt_0004753,ft_sal_002491,ft_evt_0011,General,46000,false,
ft_tkt_0004754,ft_sal_002491,ft_evt_0011,General,46000,false,
ft_tkt_0004755,ft_sal_002492,ft_evt_0011,General,44000,true,2026-07-14 19:31:00
ft_tkt_0004756,ft_sal_002492,ft_evt_0011,General,44000,false,
ft_tkt_0004757,ft_sal_002493,ft_evt_0011,General,42000,false,
ft_tkt_0004758,ft_sal_002493,ft_evt_0011,General,42000,false,
ft_tkt_0004759,ft_sal_002494,ft_evt_0011,General,44000,true,2026-07-14 19:12:00
ft_tkt_0004760,ft_sal_002494,ft_evt_0011,General,44000,false,
ft_tkt_0004761,ft_sal_002494,ft_evt_0011,General,44000,false,
ft_tkt_0004762,ft_sal_002494,ft_evt_0011,General,44000,false,
ft_tkt_0004763,ft_sal_002494,ft_evt_0011,General,44000,true,2026-07-14 19:45:00
ft_tkt_0004764,ft_sal_002494,ft_evt_0011,General,44000,false,
ft_tkt_0004765,ft_sal_002495,ft_evt_0011,General,63000,true,2026-07-14 20:09:00
ft_tkt_0004766,ft_sal_002495,ft_evt_0011,General,63000,false,
ft_tkt_0004767,ft_sal_002496,ft_evt_0011,General,58000,true,2026-07-14 20:10:00
ft_tkt_0004768,ft_sal_002497,ft_evt_0011,VIP,145000,false,
ft_tkt_0004769,ft_sal_002498,ft_evt_0029,General,45000,true,2026-07-15 20:27:00
ft_tkt_0004770,ft_sal_002499,ft_evt_0029,General,45000,false,
ft_tkt_0004771,ft_sal_002500,ft_evt_0029,General,44000,true,2026-07-15 20:50:00
ft_tkt_0004772,ft_sal_002501,ft_evt_0029,VIP,138000,false,
ft_tkt_0004773,ft_sal_002502,ft_evt_0029,General,56000,false,
ft_tkt_0004774,ft_sal_002503,ft_evt_0029,Preferencial,96000,true,2026-07-15 20:45:00
ft_tkt_0004775,ft_sal_002504,ft_evt_0029,General,61000,true,2026-07-15 20:26:00
ft_tkt_0004776,ft_sal_002504,ft_evt_0029,General,61000,true,2026-07-15 20:46:00
ft_tkt_0004777,ft_sal_002505,ft_evt_0029,VIP,142000,false,
ft_tkt_0004778,ft_sal_002506,ft_evt_0029,General,58000,false,
ft_tkt_0004779,ft_sal_002506,ft_evt_0029,General,58000,false,
ft_tkt_0004780,ft_sal_002507,ft_evt_0029,General,46000,true,2026-07-15 19:54:00
ft_tkt_0004781,ft_sal_002507,ft_evt_0029,General,46000,false,
ft_tkt_0004782,ft_sal_002508,ft_evt_0029,General,57000,false,
ft_tkt_0004783,ft_sal_002508,ft_evt_0029,General,57000,true,2026-07-15 19:46:00
ft_tkt_0004784,ft_sal_002508,ft_evt_0029,General,57000,true,2026-07-15 20:02:00
ft_tkt_0004785,ft_sal_002509,ft_evt_0029,General,67000,true,2026-07-15 20:20:00
ft_tkt_0004786,ft_sal_002509,ft_evt_0029,General,67000,true,2026-07-15 20:39:00
ft_tkt_0004787,ft_sal_002509,ft_evt_0029,General,67000,true,2026-07-15 19:52:00
ft_tkt_0004788,ft_sal_002510,ft_evt_0029,General,41000,false,
ft_tkt_0004789,ft_sal_002510,ft_evt_0029,General,41000,false,
ft_tkt_0004790,ft_sal_002510,ft_evt_0029,General,41000,false,
ft_tkt_0004791,ft_sal_002511,ft_evt_0029,VIP,138000,false,
ft_tkt_0004792,ft_sal_002512,ft_evt_0029,Preferencial,98000,true,2026-07-15 19:42:00
ft_tkt_0004793,ft_sal_002512,ft_evt_0029,Preferencial,98000,true,2026-07-15 20:26:00
ft_tkt_0004794,ft_sal_002512,ft_evt_0029,Preferencial,98000,true,2026-07-15 20:42:00
ft_tkt_0004795,ft_sal_002513,ft_evt_0029,General,45000,true,2026-07-15 20:02:00
ft_tkt_0004796,ft_sal_002514,ft_evt_0029,Preferencial,86000,false,
ft_tkt_0004797,ft_sal_002514,ft_evt_0029,Preferencial,86000,true,2026-07-15 20:46:00
ft_tkt_0004798,ft_sal_002515,ft_evt_0029,Preferencial,100000,true,2026-07-15 20:25:00
ft_tkt_0004799,ft_sal_002516,ft_evt_0029,Cortesía,0,false,
ft_tkt_0004800,ft_sal_002516,ft_evt_0029,Cortesía,0,false,
ft_tkt_0004801,ft_sal_002517,ft_evt_0029,Preferencial,97000,false,
ft_tkt_0004802,ft_sal_002518,ft_evt_0029,General,42000,true,2026-07-15 19:57:00
ft_tkt_0004803,ft_sal_002519,ft_evt_0029,Preferencial,101000,true,2026-07-15 20:42:00
ft_tkt_0004804,ft_sal_002520,ft_evt_0029,Preferencial,91000,false,
ft_tkt_0004805,ft_sal_002520,ft_evt_0029,Preferencial,91000,false,
ft_tkt_0004806,ft_sal_002521,ft_evt_0029,General,48000,false,
ft_tkt_0004807,ft_sal_002521,ft_evt_0029,General,48000,false,
ft_tkt_0004808,ft_sal_002522,ft_evt_0029,General,43000,true,2026-07-15 20:05:00
ft_tkt_0004809,ft_sal_002523,ft_evt_0029,Preferencial,96000,true,2026-07-15 19:45:00
ft_tkt_0004810,ft_sal_002523,ft_evt_0029,Preferencial,96000,false,
ft_tkt_0004811,ft_sal_002524,ft_evt_0029,General,57000,true,2026-07-15 20:35:00
ft_tkt_0004812,ft_sal_002525,ft_evt_0029,Preferencial,87000,false,
ft_tkt_0004813,ft_sal_002526,ft_evt_0029,VIP,146000,false,
ft_tkt_0004814,ft_sal_002526,ft_evt_0029,VIP,146000,false,
ft_tkt_0004815,ft_sal_002527,ft_evt_0029,VIP,135000,true,2026-07-15 20:28:00
ft_tkt_0004816,ft_sal_002528,ft_evt_0029,Cortesía,0,false,
ft_tkt_0004817,ft_sal_002529,ft_evt_0029,General,42000,false,
ft_tkt_0004818,ft_sal_002529,ft_evt_0029,General,42000,true,2026-07-15 20:03:00
ft_tkt_0004819,ft_sal_002530,ft_evt_0029,Preferencial,100000,true,2026-07-15 20:41:00
ft_tkt_0004820,ft_sal_002530,ft_evt_0029,Preferencial,100000,true,2026-07-15 20:48:00
ft_tkt_0004821,ft_sal_002530,ft_evt_0029,Preferencial,100000,true,2026-07-15 20:41:00
ft_tkt_0004822,ft_sal_002530,ft_evt_0029,Preferencial,100000,false,
ft_tkt_0004823,ft_sal_002531,ft_evt_0029,Cortesía,0,false,
ft_tkt_0004824,ft_sal_002531,ft_evt_0029,Cortesía,0,true,2026-07-15 20:31:00
ft_tkt_0004825,ft_sal_002531,ft_evt_0029,Cortesía,0,false,
ft_tkt_0004826,ft_sal_002531,ft_evt_0029,Cortesía,0,false,
ft_tkt_0004827,ft_sal_002531,ft_evt_0029,Cortesía,0,true,2026-07-15 20:07:00
ft_tkt_0004828,ft_sal_002531,ft_evt_0029,Cortesía,0,false,
ft_tkt_0004829,ft_sal_002532,ft_evt_0029,General,45000,true,2026-07-15 20:20:00
ft_tkt_0004830,ft_sal_002533,ft_evt_0029,General,48000,true,2026-07-15 20:40:00
ft_tkt_0004831,ft_sal_002534,ft_evt_0029,General,65000,true,2026-07-15 20:13:00
ft_tkt_0004832,ft_sal_002535,ft_evt_0029,Cortesía,0,false,
ft_tkt_0004833,ft_sal_002536,ft_evt_0029,General,45000,true,2026-07-15 20:29:00
ft_tkt_0004834,ft_sal_002537,ft_evt_0029,VIP,127000,false,
ft_tkt_0004835,ft_sal_002537,ft_evt_0029,VIP,127000,false,
ft_tkt_0004836,ft_sal_002538,ft_evt_0029,General,44000,true,2026-07-15 20:34:00
ft_tkt_0004837,ft_sal_002538,ft_evt_0029,General,44000,false,
ft_tkt_0004838,ft_sal_002539,ft_evt_0029,General,45000,true,2026-07-15 20:55:00
ft_tkt_0004839,ft_sal_002540,ft_evt_0029,Preferencial,96000,true,2026-07-15 20:03:00
ft_tkt_0004840,ft_sal_002540,ft_evt_0029,Preferencial,96000,false,
ft_tkt_0004841,ft_sal_002541,ft_evt_0029,General,47000,false,
ft_tkt_0004842,ft_sal_002541,ft_evt_0029,General,47000,false,
ft_tkt_0004843,ft_sal_002541,ft_evt_0029,General,47000,false,
ft_tkt_0004844,ft_sal_002542,ft_evt_0029,Preferencial,92000,true,2026-07-15 20:47:00
ft_tkt_0004845,ft_sal_002543,ft_evt_0029,General,57000,true,2026-07-15 20:07:00
ft_tkt_0004846,ft_sal_002544,ft_evt_0029,VIP,138000,true,2026-07-15 19:40:00
ft_tkt_0004847,ft_sal_002545,ft_evt_0029,Preferencial,104000,true,2026-07-15 20:39:00
ft_tkt_0004848,ft_sal_002545,ft_evt_0029,Preferencial,104000,true,2026-07-15 20:49:00
ft_tkt_0004849,ft_sal_002546,ft_evt_0029,Cortesía,0,false,
ft_tkt_0004850,ft_sal_002547,ft_evt_0029,General,42000,false,
ft_tkt_0004851,ft_sal_002547,ft_evt_0029,General,42000,true,2026-07-15 20:40:00
ft_tkt_0004852,ft_sal_002547,ft_evt_0029,General,42000,true,2026-07-15 20:07:00
ft_tkt_0004853,ft_sal_002548,ft_evt_0029,General,48000,true,2026-07-15 20:02:00
ft_tkt_0004854,ft_sal_002549,ft_evt_0029,General,60000,true,2026-07-15 20:34:00
ft_tkt_0004855,ft_sal_002549,ft_evt_0029,General,60000,true,2026-07-15 19:56:00
ft_tkt_0004856,ft_sal_002549,ft_evt_0029,General,60000,true,2026-07-15 20:23:00
ft_tkt_0004857,ft_sal_002550,ft_evt_0029,Preferencial,93000,true,2026-07-15 20:30:00
ft_tkt_0004858,ft_sal_002550,ft_evt_0029,Preferencial,93000,true,2026-07-15 20:38:00
ft_tkt_0004859,ft_sal_002551,ft_evt_0029,Preferencial,100000,true,2026-07-15 19:54:00
ft_tkt_0004860,ft_sal_002552,ft_evt_0029,VIP,143000,false,
ft_tkt_0004861,ft_sal_002553,ft_evt_0029,General,64000,true,2026-07-15 20:38:00
ft_tkt_0004862,ft_sal_002553,ft_evt_0029,General,64000,true,2026-07-15 20:10:00
ft_tkt_0004863,ft_sal_002554,ft_evt_0029,General,63000,false,
ft_tkt_0004864,ft_sal_002555,ft_evt_0029,General,60000,true,2026-07-15 19:51:00
ft_tkt_0004865,ft_sal_002555,ft_evt_0029,General,60000,true,2026-07-15 20:47:00
ft_tkt_0004866,ft_sal_002556,ft_evt_0029,General,57000,false,
ft_tkt_0004867,ft_sal_002557,ft_evt_0029,General,47000,false,
ft_tkt_0004868,ft_sal_002558,ft_evt_0029,VIP,140000,true,2026-07-15 20:50:00
ft_tkt_0004869,ft_sal_002558,ft_evt_0029,VIP,140000,true,2026-07-15 20:50:00
ft_tkt_0004870,ft_sal_002559,ft_evt_0029,General,63000,true,2026-07-15 20:35:00
ft_tkt_0004871,ft_sal_002560,ft_evt_0029,Cortesía,0,false,
ft_tkt_0004872,ft_sal_002560,ft_evt_0029,Cortesía,0,false,
ft_tkt_0004873,ft_sal_002561,ft_evt_0029,Preferencial,94000,false,
ft_tkt_0004874,ft_sal_002562,ft_evt_0029,General,42000,true,2026-07-15 20:08:00
ft_tkt_0004875,ft_sal_002563,ft_evt_0029,General,60000,false,
ft_tkt_0004876,ft_sal_002563,ft_evt_0029,General,60000,false,
ft_tkt_0004877,ft_sal_002564,ft_evt_0029,Preferencial,93000,true,2026-07-15 20:54:00
ft_tkt_0004878,ft_sal_002565,ft_evt_0029,General,44000,true,2026-07-15 20:45:00
ft_tkt_0004879,ft_sal_002565,ft_evt_0029,General,44000,true,2026-07-15 20:42:00
ft_tkt_0004880,ft_sal_002566,ft_evt_0029,General,59000,true,2026-07-15 19:51:00
ft_tkt_0004881,ft_sal_002566,ft_evt_0029,General,59000,false,
ft_tkt_0004882,ft_sal_002567,ft_evt_0029,General,60000,true,2026-07-15 20:08:00
ft_tkt_0004883,ft_sal_002568,ft_evt_0029,General,40000,true,2026-07-15 20:01:00
ft_tkt_0004884,ft_sal_002568,ft_evt_0029,General,40000,true,2026-07-15 19:52:00
ft_tkt_0004885,ft_sal_002568,ft_evt_0029,General,40000,false,
ft_tkt_0004886,ft_sal_002569,ft_evt_0029,General,61000,true,2026-07-15 20:28:00
ft_tkt_0004887,ft_sal_002570,ft_evt_0029,General,57000,false,
ft_tkt_0004888,ft_sal_002571,ft_evt_0029,General,56000,true,2026-07-15 20:10:00
ft_tkt_0004889,ft_sal_002571,ft_evt_0029,General,56000,true,2026-07-15 19:54:00
ft_tkt_0004890,ft_sal_002572,ft_evt_0029,General,46000,true,2026-07-15 19:48:00
ft_tkt_0004891,ft_sal_002573,ft_evt_0029,General,62000,false,
ft_tkt_0004892,ft_sal_002574,ft_evt_0029,General,40000,false,
ft_tkt_0004893,ft_sal_002575,ft_evt_0029,General,42000,false,
ft_tkt_0004894,ft_sal_002575,ft_evt_0029,General,42000,true,2026-07-15 20:19:00
ft_tkt_0004895,ft_sal_002575,ft_evt_0029,General,42000,true,2026-07-15 20:09:00
ft_tkt_0004896,ft_sal_002576,ft_evt_0029,Preferencial,95000,true,2026-07-15 20:21:00
ft_tkt_0004897,ft_sal_002576,ft_evt_0029,Preferencial,95000,false,
ft_tkt_0004898,ft_sal_002576,ft_evt_0029,Preferencial,95000,false,
ft_tkt_0004899,ft_sal_002577,ft_evt_0029,Preferencial,92000,false,
ft_tkt_0004900,ft_sal_002577,ft_evt_0029,Preferencial,92000,false,
ft_tkt_0004901,ft_sal_002578,ft_evt_0029,General,43000,true,2026-07-15 19:44:00
ft_tkt_0004902,ft_sal_002579,ft_evt_0029,General,64000,true,2026-07-15 19:43:00
ft_tkt_0004903,ft_sal_002580,ft_evt_0029,General,43000,true,2026-07-15 20:03:00
ft_tkt_0004904,ft_sal_002581,ft_evt_0029,Preferencial,92000,true,2026-07-15 20:38:00
ft_tkt_0004905,ft_sal_002582,ft_evt_0029,General,44000,true,2026-07-15 20:24:00
ft_tkt_0004906,ft_sal_002582,ft_evt_0029,General,44000,false,
ft_tkt_0004907,ft_sal_002583,ft_evt_0029,Preferencial,95000,false,
ft_tkt_0004908,ft_sal_002584,ft_evt_0029,General,48000,false,
ft_tkt_0004909,ft_sal_002585,ft_evt_0029,Cortesía,0,false,
ft_tkt_0004910,ft_sal_002585,ft_evt_0029,Cortesía,0,false,
ft_tkt_0004911,ft_sal_002585,ft_evt_0029,Cortesía,0,false,
ft_tkt_0004912,ft_sal_002586,ft_evt_0029,Preferencial,90000,true,2026-07-15 20:38:00
ft_tkt_0004913,ft_sal_002586,ft_evt_0029,Preferencial,90000,true,2026-07-15 20:47:00
ft_tkt_0004914,ft_sal_002587,ft_evt_0029,Preferencial,100000,true,2026-07-15 20:07:00
ft_tkt_0004915,ft_sal_002587,ft_evt_0029,Preferencial,100000,true,2026-07-15 19:52:00
ft_tkt_0004916,ft_sal_002587,ft_evt_0029,Preferencial,100000,true,2026-07-15 19:57:00
ft_tkt_0004917,ft_sal_002588,ft_evt_0029,General,45000,true,2026-07-15 20:26:00
ft_tkt_0004918,ft_sal_002589,ft_evt_0029,Preferencial,96000,true,2026-07-15 19:56:00
ft_tkt_0004919,ft_sal_002590,ft_evt_0029,Preferencial,97000,true,2026-07-15 20:27:00
ft_tkt_0004920,ft_sal_002590,ft_evt_0029,Preferencial,97000,true,2026-07-15 20:05:00
ft_tkt_0004921,ft_sal_002591,ft_evt_0029,VIP,146000,true,2026-07-15 19:51:00
ft_tkt_0004922,ft_sal_002592,ft_evt_0029,General,44000,true,2026-07-15 20:13:00
ft_tkt_0004923,ft_sal_002593,ft_evt_0020,General,44000,false,
ft_tkt_0004924,ft_sal_002594,ft_evt_0020,General,65000,true,2026-07-16 20:19:00
ft_tkt_0004925,ft_sal_002595,ft_evt_0020,General,43000,true,2026-07-16 19:27:00
ft_tkt_0004926,ft_sal_002596,ft_evt_0020,Preferencial,98000,true,2026-07-16 19:37:00
ft_tkt_0004927,ft_sal_002596,ft_evt_0020,Preferencial,98000,false,
ft_tkt_0004928,ft_sal_002597,ft_evt_0020,VIP,152000,false,
ft_tkt_0004929,ft_sal_002598,ft_evt_0020,General,47000,false,
ft_tkt_0004930,ft_sal_002598,ft_evt_0020,General,47000,true,2026-07-16 20:24:00
ft_tkt_0004931,ft_sal_002599,ft_evt_0020,Cortesía,0,false,
ft_tkt_0004932,ft_sal_002600,ft_evt_0020,General,48000,false,
ft_tkt_0004933,ft_sal_002600,ft_evt_0020,General,48000,false,
ft_tkt_0004934,ft_sal_002601,ft_evt_0020,VIP,150000,false,
ft_tkt_0004935,ft_sal_002602,ft_evt_0020,General,62000,true,2026-07-16 19:23:00
ft_tkt_0004936,ft_sal_002603,ft_evt_0020,Cortesía,0,false,
ft_tkt_0004937,ft_sal_002603,ft_evt_0020,Cortesía,0,true,2026-07-16 20:06:00
ft_tkt_0004938,ft_sal_002603,ft_evt_0020,Cortesía,0,false,
ft_tkt_0004939,ft_sal_002603,ft_evt_0020,Cortesía,0,false,
ft_tkt_0004940,ft_sal_002604,ft_evt_0020,General,57000,false,
ft_tkt_0004941,ft_sal_002604,ft_evt_0020,General,57000,false,
ft_tkt_0004942,ft_sal_002605,ft_evt_0020,General,59000,false,
ft_tkt_0004943,ft_sal_002605,ft_evt_0020,General,59000,false,
ft_tkt_0004944,ft_sal_002606,ft_evt_0020,Cortesía,0,false,
ft_tkt_0004945,ft_sal_002607,ft_evt_0020,General,50000,true,2026-07-16 19:10:00
ft_tkt_0004946,ft_sal_002607,ft_evt_0020,General,50000,true,2026-07-16 19:44:00
ft_tkt_0004947,ft_sal_002608,ft_evt_0020,General,66000,false,
ft_tkt_0004948,ft_sal_002609,ft_evt_0020,General,42000,true,2026-07-16 19:53:00
ft_tkt_0004949,ft_sal_002610,ft_evt_0020,Preferencial,97000,false,
ft_tkt_0004950,ft_sal_002610,ft_evt_0020,Preferencial,97000,false,
ft_tkt_0004951,ft_sal_002611,ft_evt_0020,General,56000,false,
ft_tkt_0004952,ft_sal_002611,ft_evt_0020,General,56000,false,
ft_tkt_0004953,ft_sal_002611,ft_evt_0020,General,56000,false,
ft_tkt_0004954,ft_sal_002611,ft_evt_0020,General,56000,false,
ft_tkt_0004955,ft_sal_002612,ft_evt_0020,Cortesía,0,true,2026-07-16 20:16:00
ft_tkt_0004956,ft_sal_002613,ft_evt_0020,General,57000,false,
ft_tkt_0004957,ft_sal_002614,ft_evt_0020,General,62000,true,2026-07-16 20:23:00
ft_tkt_0004958,ft_sal_002614,ft_evt_0020,General,62000,true,2026-07-16 19:57:00
ft_tkt_0004959,ft_sal_002615,ft_evt_0020,Cortesía,0,false,
ft_tkt_0004960,ft_sal_002616,ft_evt_0020,General,42000,true,2026-07-16 20:18:00
ft_tkt_0004961,ft_sal_002617,ft_evt_0020,General,44000,true,2026-07-16 20:12:00
ft_tkt_0004962,ft_sal_002618,ft_evt_0020,General,42000,false,
ft_tkt_0004963,ft_sal_002618,ft_evt_0020,General,42000,false,
ft_tkt_0004964,ft_sal_002618,ft_evt_0020,General,42000,false,
ft_tkt_0004965,ft_sal_002618,ft_evt_0020,General,42000,true,2026-07-16 20:20:00
ft_tkt_0004966,ft_sal_002619,ft_evt_0020,General,55000,true,2026-07-16 20:18:00
ft_tkt_0004967,ft_sal_002619,ft_evt_0020,General,55000,true,2026-07-16 20:15:00
ft_tkt_0004968,ft_sal_002619,ft_evt_0020,General,55000,true,2026-07-16 19:47:00
ft_tkt_0004969,ft_sal_002619,ft_evt_0020,General,55000,true,2026-07-16 19:14:00
ft_tkt_0004970,ft_sal_002619,ft_evt_0020,General,55000,false,
ft_tkt_0004971,ft_sal_002619,ft_evt_0020,General,55000,false,
ft_tkt_0004972,ft_sal_002620,ft_evt_0020,Cortesía,0,true,2026-07-16 19:20:00
ft_tkt_0004973,ft_sal_002621,ft_evt_0020,General,48000,true,2026-07-16 20:00:00
ft_tkt_0004974,ft_sal_002621,ft_evt_0020,General,48000,true,2026-07-16 19:47:00
ft_tkt_0004975,ft_sal_002622,ft_evt_0020,General,42000,true,2026-07-16 19:59:00
ft_tkt_0004976,ft_sal_002622,ft_evt_0020,General,42000,false,
ft_tkt_0004977,ft_sal_002623,ft_evt_0020,VIP,130000,true,2026-07-16 19:45:00
ft_tkt_0004978,ft_sal_002623,ft_evt_0020,VIP,130000,true,2026-07-16 20:15:00
ft_tkt_0004979,ft_sal_002623,ft_evt_0020,VIP,130000,true,2026-07-16 19:33:00
ft_tkt_0004980,ft_sal_002623,ft_evt_0020,VIP,130000,false,
ft_tkt_0004981,ft_sal_002624,ft_evt_0020,Preferencial,100000,true,2026-07-16 19:33:00
ft_tkt_0004982,ft_sal_002624,ft_evt_0020,Preferencial,100000,false,
ft_tkt_0004983,ft_sal_002624,ft_evt_0020,Preferencial,100000,false,
ft_tkt_0004984,ft_sal_002625,ft_evt_0020,General,45000,true,2026-07-16 19:48:00
ft_tkt_0004985,ft_sal_002626,ft_evt_0020,General,65000,true,2026-07-16 19:20:00
ft_tkt_0004986,ft_sal_002626,ft_evt_0020,General,65000,false,
ft_tkt_0004987,ft_sal_002627,ft_evt_0020,General,46000,false,
ft_tkt_0004988,ft_sal_002627,ft_evt_0020,General,46000,false,
ft_tkt_0004989,ft_sal_002627,ft_evt_0020,General,46000,true,2026-07-16 19:27:00
ft_tkt_0004990,ft_sal_002627,ft_evt_0020,General,46000,false,
ft_tkt_0004991,ft_sal_002628,ft_evt_0020,Cortesía,0,true,2026-07-16 20:25:00
ft_tkt_0004992,ft_sal_002629,ft_evt_0020,General,47000,true,2026-07-16 20:02:00
ft_tkt_0004993,ft_sal_002630,ft_evt_0020,Preferencial,92000,true,2026-07-16 19:35:00
ft_tkt_0004994,ft_sal_002631,ft_evt_0020,Preferencial,91000,true,2026-07-16 20:04:00
ft_tkt_0004995,ft_sal_002631,ft_evt_0020,Preferencial,91000,true,2026-07-16 19:32:00
ft_tkt_0004996,ft_sal_002632,ft_evt_0020,General,59000,false,
ft_tkt_0004997,ft_sal_002632,ft_evt_0020,General,59000,false,
ft_tkt_0004998,ft_sal_002632,ft_evt_0020,General,59000,false,
ft_tkt_0004999,ft_sal_002632,ft_evt_0020,General,59000,true,2026-07-16 19:13:00
ft_tkt_0005000,ft_sal_002632,ft_evt_0020,General,59000,true,2026-07-16 20:01:00
ft_tkt_0005001,ft_sal_002632,ft_evt_0020,General,59000,false,
ft_tkt_0005002,ft_sal_002633,ft_evt_0020,General,61000,true,2026-07-16 20:10:00
ft_tkt_0005003,ft_sal_002633,ft_evt_0020,General,61000,true,2026-07-16 19:34:00
ft_tkt_0005004,ft_sal_002634,ft_evt_0020,General,61000,false,
ft_tkt_0005005,ft_sal_002634,ft_evt_0020,General,61000,false,
ft_tkt_0005006,ft_sal_002635,ft_evt_0020,General,64000,false,
ft_tkt_0005007,ft_sal_002636,ft_evt_0020,General,43000,false,
ft_tkt_0005008,ft_sal_002636,ft_evt_0020,General,43000,true,2026-07-16 20:12:00
ft_tkt_0005009,ft_sal_002636,ft_evt_0020,General,43000,false,
ft_tkt_0005010,ft_sal_002636,ft_evt_0020,General,43000,false,
ft_tkt_0005011,ft_sal_002636,ft_evt_0020,General,43000,false,
ft_tkt_0005012,ft_sal_002636,ft_evt_0020,General,43000,false,
ft_tkt_0005013,ft_sal_002637,ft_evt_0020,General,46000,false,
ft_tkt_0005014,ft_sal_002637,ft_evt_0020,General,46000,false,
ft_tkt_0005015,ft_sal_002638,ft_evt_0020,General,61000,false,
ft_tkt_0005016,ft_sal_002639,ft_evt_0020,General,63000,false,
ft_tkt_0005017,ft_sal_002639,ft_evt_0020,General,63000,true,2026-07-16 20:22:00
ft_tkt_0005018,ft_sal_002640,ft_evt_0020,General,63000,true,2026-07-16 19:57:00
ft_tkt_0005019,ft_sal_002641,ft_evt_0020,General,60000,false,
ft_tkt_0005020,ft_sal_002642,ft_evt_0020,General,62000,true,2026-07-16 20:01:00
ft_tkt_0005021,ft_sal_002642,ft_evt_0020,General,62000,false,
ft_tkt_0005022,ft_sal_002642,ft_evt_0020,General,62000,true,2026-07-16 19:46:00
ft_tkt_0005023,ft_sal_002642,ft_evt_0020,General,62000,true,2026-07-16 19:12:00
ft_tkt_0005024,ft_sal_002642,ft_evt_0020,General,62000,false,
ft_tkt_0005025,ft_sal_002642,ft_evt_0020,General,62000,true,2026-07-16 19:39:00
ft_tkt_0005026,ft_sal_002643,ft_evt_0020,General,48000,false,
ft_tkt_0005027,ft_sal_002643,ft_evt_0020,General,48000,false,
ft_tkt_0005028,ft_sal_002643,ft_evt_0020,General,48000,false,
ft_tkt_0005029,ft_sal_002644,ft_evt_0020,General,56000,false,
ft_tkt_0005030,ft_sal_002644,ft_evt_0020,General,56000,true,2026-07-16 20:11:00
ft_tkt_0005031,ft_sal_002645,ft_evt_0020,General,59000,false,
ft_tkt_0005032,ft_sal_002645,ft_evt_0020,General,59000,true,2026-07-16 19:51:00
ft_tkt_0005033,ft_sal_002646,ft_evt_0020,General,42000,true,2026-07-16 19:56:00
ft_tkt_0005034,ft_sal_002647,ft_evt_0020,General,61000,true,2026-07-16 20:00:00
ft_tkt_0005035,ft_sal_002647,ft_evt_0020,General,61000,false,
ft_tkt_0005036,ft_sal_002648,ft_evt_0020,General,45000,true,2026-07-16 19:34:00
ft_tkt_0005037,ft_sal_002648,ft_evt_0020,General,45000,true,2026-07-16 19:53:00
ft_tkt_0005038,ft_sal_002649,ft_evt_0020,VIP,141000,true,2026-07-16 19:29:00
ft_tkt_0005039,ft_sal_002649,ft_evt_0020,VIP,141000,false,
ft_tkt_0005040,ft_sal_002650,ft_evt_0020,General,67000,true,2026-07-16 20:11:00
ft_tkt_0005041,ft_sal_002650,ft_evt_0020,General,67000,false,
ft_tkt_0005042,ft_sal_002650,ft_evt_0020,General,67000,false,
ft_tkt_0005043,ft_sal_002651,ft_evt_0020,Preferencial,96000,true,2026-07-16 20:21:00
ft_tkt_0005044,ft_sal_002652,ft_evt_0020,General,55000,false,
ft_tkt_0005045,ft_sal_002653,ft_evt_0020,Cortesía,0,false,
ft_tkt_0005046,ft_sal_002653,ft_evt_0020,Cortesía,0,false,
ft_tkt_0005047,ft_sal_002654,ft_evt_0020,General,47000,false,
ft_tkt_0005048,ft_sal_002654,ft_evt_0020,General,47000,true,2026-07-16 20:11:00
ft_tkt_0005049,ft_sal_002655,ft_evt_0020,General,63000,false,
ft_tkt_0005050,ft_sal_002656,ft_evt_0020,General,47000,false,
ft_tkt_0005051,ft_sal_002657,ft_evt_0020,Preferencial,103000,true,2026-07-16 19:10:00
ft_tkt_0005052,ft_sal_002658,ft_evt_0020,Preferencial,102000,true,2026-07-16 20:15:00
ft_tkt_0005053,ft_sal_002658,ft_evt_0020,Preferencial,102000,true,2026-07-16 19:48:00
ft_tkt_0005054,ft_sal_002659,ft_evt_0020,General,46000,false,
ft_tkt_0005055,ft_sal_002659,ft_evt_0020,General,46000,false,
ft_tkt_0005056,ft_sal_002660,ft_evt_0020,Preferencial,92000,false,
ft_tkt_0005057,ft_sal_002661,ft_evt_0020,General,42000,true,2026-07-16 19:52:00
ft_tkt_0005058,ft_sal_002661,ft_evt_0020,General,42000,true,2026-07-16 20:24:00
ft_tkt_0005059,ft_sal_002662,ft_evt_0020,General,45000,true,2026-07-16 19:59:00
ft_tkt_0005060,ft_sal_002662,ft_evt_0020,General,45000,false,
ft_tkt_0005061,ft_sal_002663,ft_evt_0020,VIP,139000,true,2026-07-16 20:02:00
ft_tkt_0005062,ft_sal_002664,ft_evt_0020,Preferencial,87000,false,
ft_tkt_0005063,ft_sal_002664,ft_evt_0020,Preferencial,87000,true,2026-07-16 19:17:00
ft_tkt_0005064,ft_sal_002665,ft_evt_0020,General,46000,false,
ft_tkt_0005065,ft_sal_002666,ft_evt_0020,General,43000,false,
ft_tkt_0005066,ft_sal_002667,ft_evt_0020,Cortesía,0,true,2026-07-16 20:16:00
ft_tkt_0005067,ft_sal_002667,ft_evt_0020,Cortesía,0,false,
ft_tkt_0005068,ft_sal_002668,ft_evt_0020,General,46000,false,
ft_tkt_0005069,ft_sal_002668,ft_evt_0020,General,46000,true,2026-07-16 19:55:00
ft_tkt_0005070,ft_sal_002668,ft_evt_0020,General,46000,false,
ft_tkt_0005071,ft_sal_002668,ft_evt_0020,General,46000,true,2026-07-16 19:38:00
ft_tkt_0005072,ft_sal_002669,ft_evt_0020,General,64000,false,
ft_tkt_0005073,ft_sal_002670,ft_evt_0020,Preferencial,88000,true,2026-07-16 20:04:00
ft_tkt_0005074,ft_sal_002670,ft_evt_0020,Preferencial,88000,false,
ft_tkt_0005075,ft_sal_002670,ft_evt_0020,Preferencial,88000,true,2026-07-16 19:38:00
ft_tkt_0005076,ft_sal_002671,ft_evt_0020,General,60000,false,
ft_tkt_0005077,ft_sal_002671,ft_evt_0020,General,60000,false,
ft_tkt_0005078,ft_sal_002672,ft_evt_0020,Cortesía,0,false,
ft_tkt_0005079,ft_sal_002672,ft_evt_0020,Cortesía,0,false,
ft_tkt_0005080,ft_sal_002673,ft_evt_0020,General,64000,false,
ft_tkt_0005081,ft_sal_002674,ft_evt_0020,Cortesía,0,true,2026-07-16 19:19:00
ft_tkt_0005082,ft_sal_002674,ft_evt_0020,Cortesía,0,true,2026-07-16 19:16:00
ft_tkt_0005083,ft_sal_002675,ft_evt_0003,VIP,135000,true,2026-07-17 19:57:00
ft_tkt_0005084,ft_sal_002675,ft_evt_0003,VIP,135000,true,2026-07-17 20:43:00
ft_tkt_0005085,ft_sal_002676,ft_evt_0003,General,48000,true,2026-07-17 20:26:00
ft_tkt_0005086,ft_sal_002676,ft_evt_0003,General,48000,false,
ft_tkt_0005087,ft_sal_002676,ft_evt_0003,General,48000,false,
ft_tkt_0005088,ft_sal_002677,ft_evt_0003,General,57000,true,2026-07-17 20:28:00
ft_tkt_0005089,ft_sal_002677,ft_evt_0003,General,57000,true,2026-07-17 19:58:00
ft_tkt_0005090,ft_sal_002678,ft_evt_0003,General,60000,true,2026-07-17 20:08:00
ft_tkt_0005091,ft_sal_002679,ft_evt_0003,Preferencial,102000,true,2026-07-17 20:37:00
ft_tkt_0005092,ft_sal_002679,ft_evt_0003,Preferencial,102000,true,2026-07-17 20:43:00
ft_tkt_0005093,ft_sal_002680,ft_evt_0003,General,59000,true,2026-07-17 19:43:00
ft_tkt_0005094,ft_sal_002681,ft_evt_0003,General,59000,false,
ft_tkt_0005095,ft_sal_002682,ft_evt_0003,General,46000,true,2026-07-17 20:39:00
ft_tkt_0005096,ft_sal_002683,ft_evt_0003,VIP,130000,true,2026-07-17 20:55:00
ft_tkt_0005097,ft_sal_002683,ft_evt_0003,VIP,130000,true,2026-07-17 20:39:00
ft_tkt_0005098,ft_sal_002683,ft_evt_0003,VIP,130000,true,2026-07-17 20:35:00
ft_tkt_0005099,ft_sal_002683,ft_evt_0003,VIP,130000,true,2026-07-17 20:40:00
ft_tkt_0005100,ft_sal_002684,ft_evt_0003,General,44000,true,2026-07-17 20:11:00
ft_tkt_0005101,ft_sal_002684,ft_evt_0003,General,44000,false,
ft_tkt_0005102,ft_sal_002684,ft_evt_0003,General,44000,true,2026-07-17 20:49:00
ft_tkt_0005103,ft_sal_002685,ft_evt_0003,Preferencial,94000,true,2026-07-17 20:43:00
ft_tkt_0005104,ft_sal_002685,ft_evt_0003,Preferencial,94000,false,
ft_tkt_0005105,ft_sal_002686,ft_evt_0003,Preferencial,98000,true,2026-07-17 20:23:00
ft_tkt_0005106,ft_sal_002686,ft_evt_0003,Preferencial,98000,true,2026-07-17 20:18:00
ft_tkt_0005107,ft_sal_002687,ft_evt_0003,General,47000,false,
ft_tkt_0005108,ft_sal_002688,ft_evt_0003,Preferencial,99000,true,2026-07-17 20:27:00
ft_tkt_0005109,ft_sal_002689,ft_evt_0003,General,63000,false,
ft_tkt_0005110,ft_sal_002689,ft_evt_0003,General,63000,true,2026-07-17 19:41:00
ft_tkt_0005111,ft_sal_002689,ft_evt_0003,General,63000,false,
ft_tkt_0005112,ft_sal_002689,ft_evt_0003,General,63000,true,2026-07-17 20:30:00
ft_tkt_0005113,ft_sal_002690,ft_evt_0003,General,57000,true,2026-07-17 20:13:00
ft_tkt_0005114,ft_sal_002691,ft_evt_0003,VIP,146000,true,2026-07-17 20:47:00
ft_tkt_0005115,ft_sal_002691,ft_evt_0003,VIP,146000,true,2026-07-17 20:53:00
ft_tkt_0005116,ft_sal_002692,ft_evt_0003,VIP,146000,false,
ft_tkt_0005117,ft_sal_002692,ft_evt_0003,VIP,146000,true,2026-07-17 19:57:00
ft_tkt_0005118,ft_sal_002692,ft_evt_0003,VIP,146000,false,
ft_tkt_0005119,ft_sal_002692,ft_evt_0003,VIP,146000,false,
ft_tkt_0005120,ft_sal_002693,ft_evt_0003,Preferencial,94000,false,
ft_tkt_0005121,ft_sal_002693,ft_evt_0003,Preferencial,94000,true,2026-07-17 20:52:00
ft_tkt_0005122,ft_sal_002694,ft_evt_0003,Preferencial,94000,true,2026-07-17 20:37:00
ft_tkt_0005123,ft_sal_002694,ft_evt_0003,Preferencial,94000,true,2026-07-17 20:53:00
ft_tkt_0005124,ft_sal_002694,ft_evt_0003,Preferencial,94000,true,2026-07-17 20:45:00
ft_tkt_0005125,ft_sal_002694,ft_evt_0003,Preferencial,94000,true,2026-07-17 20:02:00
ft_tkt_0005126,ft_sal_002694,ft_evt_0003,Preferencial,94000,true,2026-07-17 20:55:00
ft_tkt_0005127,ft_sal_002694,ft_evt_0003,Preferencial,94000,true,2026-07-17 20:47:00
ft_tkt_0005128,ft_sal_002695,ft_evt_0003,General,59000,true,2026-07-17 20:38:00
ft_tkt_0005129,ft_sal_002696,ft_evt_0003,Preferencial,95000,true,2026-07-17 20:23:00
ft_tkt_0005130,ft_sal_002697,ft_evt_0003,General,41000,true,2026-07-17 20:54:00
ft_tkt_0005131,ft_sal_002697,ft_evt_0003,General,41000,true,2026-07-17 20:33:00
ft_tkt_0005132,ft_sal_002697,ft_evt_0003,General,41000,true,2026-07-17 20:31:00
ft_tkt_0005133,ft_sal_002698,ft_evt_0003,Cortesía,0,true,2026-07-17 20:22:00
ft_tkt_0005134,ft_sal_002698,ft_evt_0003,Cortesía,0,true,2026-07-17 20:24:00
ft_tkt_0005135,ft_sal_002699,ft_evt_0003,General,60000,true,2026-07-17 19:52:00
ft_tkt_0005136,ft_sal_002700,ft_evt_0003,General,45000,true,2026-07-17 20:15:00
ft_tkt_0005137,ft_sal_002700,ft_evt_0003,General,45000,true,2026-07-17 20:22:00
ft_tkt_0005138,ft_sal_002700,ft_evt_0003,General,45000,true,2026-07-17 20:22:00
ft_tkt_0005139,ft_sal_002701,ft_evt_0003,Preferencial,94000,true,2026-07-17 20:45:00
ft_tkt_0005140,ft_sal_002701,ft_evt_0003,Preferencial,94000,true,2026-07-17 19:42:00
ft_tkt_0005141,ft_sal_002702,ft_evt_0003,General,63000,false,
ft_tkt_0005142,ft_sal_002703,ft_evt_0003,Preferencial,91000,true,2026-07-17 20:09:00
ft_tkt_0005143,ft_sal_002704,ft_evt_0003,Preferencial,98000,true,2026-07-17 20:19:00
ft_tkt_0005144,ft_sal_002704,ft_evt_0003,Preferencial,98000,true,2026-07-17 20:35:00
ft_tkt_0005145,ft_sal_002704,ft_evt_0003,Preferencial,98000,true,2026-07-17 20:26:00
ft_tkt_0005146,ft_sal_002704,ft_evt_0003,Preferencial,98000,true,2026-07-17 20:55:00
ft_tkt_0005147,ft_sal_002704,ft_evt_0003,Preferencial,98000,true,2026-07-17 19:40:00
ft_tkt_0005148,ft_sal_002704,ft_evt_0003,Preferencial,98000,true,2026-07-17 19:58:00
ft_tkt_0005149,ft_sal_002705,ft_evt_0003,General,46000,true,2026-07-17 20:51:00
ft_tkt_0005150,ft_sal_002705,ft_evt_0003,General,46000,true,2026-07-17 20:10:00
ft_tkt_0005151,ft_sal_002706,ft_evt_0003,General,54000,true,2026-07-17 19:51:00
ft_tkt_0005152,ft_sal_002706,ft_evt_0003,General,54000,false,
ft_tkt_0005153,ft_sal_002706,ft_evt_0003,General,54000,false,
ft_tkt_0005154,ft_sal_002706,ft_evt_0003,General,54000,false,
ft_tkt_0005155,ft_sal_002707,ft_evt_0003,VIP,150000,false,
ft_tkt_0005156,ft_sal_002708,ft_evt_0003,General,60000,true,2026-07-17 20:18:00
ft_tkt_0005157,ft_sal_002709,ft_evt_0003,Cortesía,0,true,2026-07-17 19:51:00
ft_tkt_0005158,ft_sal_002709,ft_evt_0003,Cortesía,0,false,
ft_tkt_0005159,ft_sal_002710,ft_evt_0003,General,63000,false,
ft_tkt_0005160,ft_sal_002711,ft_evt_0003,General,45000,true,2026-07-17 19:52:00
ft_tkt_0005161,ft_sal_002711,ft_evt_0003,General,45000,true,2026-07-17 20:30:00
ft_tkt_0005162,ft_sal_002712,ft_evt_0003,Cortesía,0,true,2026-07-17 20:38:00
ft_tkt_0005163,ft_sal_002713,ft_evt_0003,Preferencial,94000,true,2026-07-17 20:13:00
ft_tkt_0005164,ft_sal_002713,ft_evt_0003,Preferencial,94000,true,2026-07-17 20:08:00
ft_tkt_0005165,ft_sal_002714,ft_evt_0003,VIP,139000,true,2026-07-17 20:42:00
ft_tkt_0005166,ft_sal_002714,ft_evt_0003,VIP,139000,false,
ft_tkt_0005167,ft_sal_002715,ft_evt_0003,General,44000,false,
ft_tkt_0005168,ft_sal_002716,ft_evt_0003,Preferencial,94000,true,2026-07-17 20:37:00
ft_tkt_0005169,ft_sal_002717,ft_evt_0003,General,44000,false,
ft_tkt_0005170,ft_sal_002718,ft_evt_0003,Preferencial,92000,false,
ft_tkt_0005171,ft_sal_002718,ft_evt_0003,Preferencial,92000,false,
ft_tkt_0005172,ft_sal_002718,ft_evt_0003,Preferencial,92000,true,2026-07-17 19:52:00
ft_tkt_0005173,ft_sal_002718,ft_evt_0003,Preferencial,92000,false,
ft_tkt_0005174,ft_sal_002718,ft_evt_0003,Preferencial,92000,true,2026-07-17 20:03:00
ft_tkt_0005175,ft_sal_002718,ft_evt_0003,Preferencial,92000,true,2026-07-17 19:41:00
ft_tkt_0005176,ft_sal_002719,ft_evt_0003,General,65000,true,2026-07-17 20:28:00
ft_tkt_0005177,ft_sal_002719,ft_evt_0003,General,65000,true,2026-07-17 20:04:00
ft_tkt_0005178,ft_sal_002719,ft_evt_0003,General,65000,true,2026-07-17 20:21:00
ft_tkt_0005179,ft_sal_002719,ft_evt_0003,General,65000,true,2026-07-17 20:24:00
ft_tkt_0005180,ft_sal_002720,ft_evt_0003,Preferencial,107000,false,
ft_tkt_0005181,ft_sal_002721,ft_evt_0003,Preferencial,84000,true,2026-07-17 20:13:00
ft_tkt_0005182,ft_sal_002721,ft_evt_0003,Preferencial,84000,true,2026-07-17 20:01:00
ft_tkt_0005183,ft_sal_002722,ft_evt_0003,General,61000,true,2026-07-17 19:50:00
ft_tkt_0005184,ft_sal_002722,ft_evt_0003,General,61000,true,2026-07-17 20:03:00
ft_tkt_0005185,ft_sal_002722,ft_evt_0003,General,61000,true,2026-07-17 20:51:00
ft_tkt_0005186,ft_sal_002723,ft_evt_0003,General,47000,true,2026-07-17 19:43:00
ft_tkt_0005187,ft_sal_002723,ft_evt_0003,General,47000,true,2026-07-17 20:35:00
ft_tkt_0005188,ft_sal_002724,ft_evt_0003,VIP,141000,true,2026-07-17 20:22:00
ft_tkt_0005189,ft_sal_002725,ft_evt_0003,General,48000,false,
ft_tkt_0005190,ft_sal_002726,ft_evt_0003,General,61000,true,2026-07-17 20:26:00
ft_tkt_0005191,ft_sal_002727,ft_evt_0003,Preferencial,89000,true,2026-07-17 20:23:00
ft_tkt_0005192,ft_sal_002727,ft_evt_0003,Preferencial,89000,true,2026-07-17 20:06:00
ft_tkt_0005193,ft_sal_002728,ft_evt_0003,Preferencial,89000,true,2026-07-17 20:49:00
ft_tkt_0005194,ft_sal_002728,ft_evt_0003,Preferencial,89000,true,2026-07-17 20:00:00
ft_tkt_0005195,ft_sal_002729,ft_evt_0003,General,50000,false,
ft_tkt_0005196,ft_sal_002730,ft_evt_0003,Cortesía,0,false,
ft_tkt_0005197,ft_sal_002731,ft_evt_0003,General,64000,false,
ft_tkt_0005198,ft_sal_002732,ft_evt_0003,General,46000,false,
ft_tkt_0005199,ft_sal_002733,ft_evt_0003,General,58000,true,2026-07-17 20:22:00
ft_tkt_0005200,ft_sal_002733,ft_evt_0003,General,58000,true,2026-07-17 20:48:00
ft_tkt_0005201,ft_sal_002734,ft_evt_0003,Cortesía,0,false,
ft_tkt_0005202,ft_sal_002734,ft_evt_0003,Cortesía,0,false,
ft_tkt_0005203,ft_sal_002735,ft_evt_0003,General,60000,true,2026-07-17 20:10:00
ft_tkt_0005204,ft_sal_002735,ft_evt_0003,General,60000,true,2026-07-17 20:51:00
ft_tkt_0005205,ft_sal_002736,ft_evt_0003,Preferencial,88000,false,
ft_tkt_0005206,ft_sal_002736,ft_evt_0003,Preferencial,88000,true,2026-07-17 20:03:00
ft_tkt_0005207,ft_sal_002737,ft_evt_0003,Preferencial,105000,true,2026-07-17 20:17:00
ft_tkt_0005208,ft_sal_002738,ft_evt_0003,General,41000,true,2026-07-17 20:53:00
ft_tkt_0005209,ft_sal_002738,ft_evt_0003,General,41000,true,2026-07-17 20:20:00
ft_tkt_0005210,ft_sal_002739,ft_evt_0003,General,61000,false,
ft_tkt_0005211,ft_sal_002739,ft_evt_0003,General,61000,true,2026-07-17 19:40:00
ft_tkt_0005212,ft_sal_002740,ft_evt_0003,VIP,153000,true,2026-07-17 20:45:00
ft_tkt_0005213,ft_sal_002741,ft_evt_0003,General,43000,false,
ft_tkt_0005214,ft_sal_002742,ft_evt_0003,Preferencial,101000,true,2026-07-17 20:39:00
ft_tkt_0005215,ft_sal_002742,ft_evt_0003,Preferencial,101000,true,2026-07-17 20:22:00
ft_tkt_0005216,ft_sal_002743,ft_evt_0003,Preferencial,93000,true,2026-07-17 20:11:00
ft_tkt_0005217,ft_sal_002744,ft_evt_0003,General,58000,false,
ft_tkt_0005218,ft_sal_002745,ft_evt_0003,General,47000,false,
ft_tkt_0005219,ft_sal_002745,ft_evt_0003,General,47000,true,2026-07-17 20:20:00
ft_tkt_0005220,ft_sal_002745,ft_evt_0003,General,47000,true,2026-07-17 20:25:00
ft_tkt_0005221,ft_sal_002745,ft_evt_0003,General,47000,true,2026-07-17 20:37:00
ft_tkt_0005222,ft_sal_002746,ft_evt_0003,VIP,132000,false,
ft_tkt_0005223,ft_sal_002746,ft_evt_0003,VIP,132000,false,
ft_tkt_0005224,ft_sal_002746,ft_evt_0003,VIP,132000,false,
ft_tkt_0005225,ft_sal_002747,ft_evt_0038,VIP,146000,false,
ft_tkt_0005226,ft_sal_002748,ft_evt_0038,General,44000,true,2026-07-18 19:25:00
ft_tkt_0005227,ft_sal_002749,ft_evt_0038,General,46000,false,
ft_tkt_0005228,ft_sal_002750,ft_evt_0038,VIP,134000,true,2026-07-18 20:21:00
ft_tkt_0005229,ft_sal_002750,ft_evt_0038,VIP,134000,false,
ft_tkt_0005230,ft_sal_002751,ft_evt_0038,General,42000,false,
ft_tkt_0005231,ft_sal_002752,ft_evt_0038,General,46000,false,
ft_tkt_0005232,ft_sal_002753,ft_evt_0038,General,64000,true,2026-07-18 19:49:00
ft_tkt_0005233,ft_sal_002754,ft_evt_0038,General,43000,false,
ft_tkt_0005234,ft_sal_002754,ft_evt_0038,General,43000,false,
ft_tkt_0005235,ft_sal_002754,ft_evt_0038,General,43000,false,
ft_tkt_0005236,ft_sal_002754,ft_evt_0038,General,43000,true,2026-07-18 19:51:00
ft_tkt_0005237,ft_sal_002755,ft_evt_0038,General,45000,true,2026-07-18 20:05:00
ft_tkt_0005238,ft_sal_002755,ft_evt_0038,General,45000,false,
ft_tkt_0005239,ft_sal_002756,ft_evt_0038,VIP,149000,true,2026-07-18 19:57:00
ft_tkt_0005240,ft_sal_002757,ft_evt_0038,General,48000,true,2026-07-18 20:18:00
ft_tkt_0005241,ft_sal_002757,ft_evt_0038,General,48000,false,
ft_tkt_0005242,ft_sal_002757,ft_evt_0038,General,48000,true,2026-07-18 19:49:00
ft_tkt_0005243,ft_sal_002758,ft_evt_0038,General,44000,false,
ft_tkt_0005244,ft_sal_002759,ft_evt_0038,Preferencial,98000,true,2026-07-18 19:21:00
ft_tkt_0005245,ft_sal_002759,ft_evt_0038,Preferencial,98000,false,
ft_tkt_0005246,ft_sal_002760,ft_evt_0038,Preferencial,84000,false,
ft_tkt_0005247,ft_sal_002760,ft_evt_0038,Preferencial,84000,true,2026-07-18 20:16:00
ft_tkt_0005248,ft_sal_002760,ft_evt_0038,Preferencial,84000,false,
ft_tkt_0005249,ft_sal_002761,ft_evt_0038,General,46000,false,
ft_tkt_0005250,ft_sal_002761,ft_evt_0038,General,46000,true,2026-07-18 20:13:00
ft_tkt_0005251,ft_sal_002761,ft_evt_0038,General,46000,false,
ft_tkt_0005252,ft_sal_002762,ft_evt_0038,VIP,131000,false,
ft_tkt_0005253,ft_sal_002762,ft_evt_0038,VIP,131000,true,2026-07-18 19:47:00
ft_tkt_0005254,ft_sal_002762,ft_evt_0038,VIP,131000,true,2026-07-18 19:34:00
ft_tkt_0005255,ft_sal_002762,ft_evt_0038,VIP,131000,false,
ft_tkt_0005256,ft_sal_002763,ft_evt_0038,Preferencial,94000,false,
ft_tkt_0005257,ft_sal_002764,ft_evt_0038,General,61000,true,2026-07-18 19:28:00
ft_tkt_0005258,ft_sal_002765,ft_evt_0038,Preferencial,100000,true,2026-07-18 20:01:00
ft_tkt_0005259,ft_sal_002766,ft_evt_0038,Preferencial,100000,true,2026-07-18 19:14:00
ft_tkt_0005260,ft_sal_002766,ft_evt_0038,Preferencial,100000,true,2026-07-18 19:45:00
ft_tkt_0005261,ft_sal_002767,ft_evt_0038,General,43000,true,2026-07-18 20:23:00
ft_tkt_0005262,ft_sal_002768,ft_evt_0038,Preferencial,90000,false,
ft_tkt_0005263,ft_sal_002768,ft_evt_0038,Preferencial,90000,true,2026-07-18 19:30:00
ft_tkt_0005264,ft_sal_002769,ft_evt_0038,Preferencial,101000,true,2026-07-18 19:48:00
ft_tkt_0005265,ft_sal_002770,ft_evt_0038,Preferencial,94000,false,
ft_tkt_0005266,ft_sal_002771,ft_evt_0038,General,45000,false,
ft_tkt_0005267,ft_sal_002772,ft_evt_0038,General,47000,true,2026-07-18 19:53:00
ft_tkt_0005268,ft_sal_002773,ft_evt_0038,Preferencial,100000,false,
ft_tkt_0005269,ft_sal_002774,ft_evt_0038,VIP,125000,false,
ft_tkt_0005270,ft_sal_002774,ft_evt_0038,VIP,125000,false,
ft_tkt_0005271,ft_sal_002775,ft_evt_0038,VIP,130000,true,2026-07-18 19:26:00
ft_tkt_0005272,ft_sal_002775,ft_evt_0038,VIP,130000,false,
ft_tkt_0005273,ft_sal_002776,ft_evt_0038,General,55000,true,2026-07-18 19:22:00
ft_tkt_0005274,ft_sal_002776,ft_evt_0038,General,55000,true,2026-07-18 19:32:00
ft_tkt_0005275,ft_sal_002777,ft_evt_0038,General,63000,true,2026-07-18 19:34:00
ft_tkt_0005276,ft_sal_002778,ft_evt_0038,General,40000,false,
ft_tkt_0005277,ft_sal_002778,ft_evt_0038,General,40000,true,2026-07-18 20:09:00
ft_tkt_0005278,ft_sal_002779,ft_evt_0038,General,42000,true,2026-07-18 20:06:00
ft_tkt_0005279,ft_sal_002779,ft_evt_0038,General,42000,true,2026-07-18 19:43:00
ft_tkt_0005280,ft_sal_002779,ft_evt_0038,General,42000,false,
ft_tkt_0005281,ft_sal_002780,ft_evt_0038,General,45000,true,2026-07-18 19:35:00
ft_tkt_0005282,ft_sal_002780,ft_evt_0038,General,45000,true,2026-07-18 19:24:00
ft_tkt_0005283,ft_sal_002781,ft_evt_0038,VIP,148000,true,2026-07-18 19:46:00
ft_tkt_0005284,ft_sal_002782,ft_evt_0038,VIP,151000,true,2026-07-18 20:01:00
ft_tkt_0005285,ft_sal_002782,ft_evt_0038,VIP,151000,true,2026-07-18 19:27:00
ft_tkt_0005286,ft_sal_002782,ft_evt_0038,VIP,151000,false,
ft_tkt_0005287,ft_sal_002783,ft_evt_0038,General,67000,true,2026-07-18 19:22:00
ft_tkt_0005288,ft_sal_002783,ft_evt_0038,General,67000,true,2026-07-18 19:52:00
ft_tkt_0005289,ft_sal_002783,ft_evt_0038,General,67000,true,2026-07-18 19:40:00
ft_tkt_0005290,ft_sal_002784,ft_evt_0038,General,57000,true,2026-07-18 19:31:00
ft_tkt_0005291,ft_sal_002784,ft_evt_0038,General,57000,false,
ft_tkt_0005292,ft_sal_002784,ft_evt_0038,General,57000,true,2026-07-18 19:25:00
ft_tkt_0005293,ft_sal_002784,ft_evt_0038,General,57000,false,
ft_tkt_0005294,ft_sal_002785,ft_evt_0038,General,46000,true,2026-07-18 19:43:00
ft_tkt_0005295,ft_sal_002786,ft_evt_0038,General,43000,false,
ft_tkt_0005296,ft_sal_002786,ft_evt_0038,General,43000,true,2026-07-18 19:55:00
ft_tkt_0005297,ft_sal_002787,ft_evt_0038,General,57000,true,2026-07-18 19:10:00
ft_tkt_0005298,ft_sal_002788,ft_evt_0038,General,57000,false,
ft_tkt_0005299,ft_sal_002788,ft_evt_0038,General,57000,false,
ft_tkt_0005300,ft_sal_002789,ft_evt_0038,General,45000,true,2026-07-18 19:30:00
ft_tkt_0005301,ft_sal_002790,ft_evt_0038,General,64000,true,2026-07-18 20:25:00
ft_tkt_0005302,ft_sal_002790,ft_evt_0038,General,64000,true,2026-07-18 19:31:00
ft_tkt_0005303,ft_sal_002791,ft_evt_0038,Preferencial,100000,true,2026-07-18 19:55:00
ft_tkt_0005304,ft_sal_002791,ft_evt_0038,Preferencial,100000,true,2026-07-18 20:20:00
ft_tkt_0005305,ft_sal_002792,ft_evt_0038,Preferencial,91000,true,2026-07-18 20:06:00
ft_tkt_0005306,ft_sal_002793,ft_evt_0038,Preferencial,94000,false,
ft_tkt_0005307,ft_sal_002794,ft_evt_0038,General,63000,true,2026-07-18 19:31:00
ft_tkt_0005308,ft_sal_002795,ft_evt_0038,General,47000,true,2026-07-18 20:25:00
ft_tkt_0005309,ft_sal_002795,ft_evt_0038,General,47000,false,
ft_tkt_0005310,ft_sal_002796,ft_evt_0038,General,43000,true,2026-07-18 19:19:00
ft_tkt_0005311,ft_sal_002796,ft_evt_0038,General,43000,true,2026-07-18 20:25:00
ft_tkt_0005312,ft_sal_002797,ft_evt_0038,General,47000,false,
ft_tkt_0005313,ft_sal_002797,ft_evt_0038,General,47000,true,2026-07-18 20:15:00
ft_tkt_0005314,ft_sal_002798,ft_evt_0038,General,44000,true,2026-07-18 19:47:00
ft_tkt_0005315,ft_sal_002798,ft_evt_0038,General,44000,true,2026-07-18 19:15:00
ft_tkt_0005316,ft_sal_002799,ft_evt_0038,Preferencial,98000,false,
ft_tkt_0005317,ft_sal_002800,ft_evt_0038,VIP,137000,false,
ft_tkt_0005318,ft_sal_002800,ft_evt_0038,VIP,137000,false,
ft_tkt_0005319,ft_sal_002801,ft_evt_0038,General,62000,true,2026-07-18 19:26:00
ft_tkt_0005320,ft_sal_002801,ft_evt_0038,General,62000,false,
ft_tkt_0005321,ft_sal_002802,ft_evt_0038,Preferencial,90000,false,
ft_tkt_0005322,ft_sal_002803,ft_evt_0038,General,45000,true,2026-07-18 19:43:00
ft_tkt_0005323,ft_sal_002804,ft_evt_0038,Preferencial,98000,false,
ft_tkt_0005324,ft_sal_002805,ft_evt_0038,General,49000,true,2026-07-18 19:20:00
ft_tkt_0005325,ft_sal_002806,ft_evt_0038,General,47000,true,2026-07-18 20:08:00
ft_tkt_0005326,ft_sal_002806,ft_evt_0038,General,47000,true,2026-07-18 19:27:00
ft_tkt_0005327,ft_sal_002806,ft_evt_0038,General,47000,true,2026-07-18 19:34:00
ft_tkt_0005328,ft_sal_002807,ft_evt_0038,Preferencial,94000,true,2026-07-18 19:34:00
ft_tkt_0005329,ft_sal_002808,ft_evt_0038,General,57000,true,2026-07-18 19:49:00
ft_tkt_0005330,ft_sal_002808,ft_evt_0038,General,57000,true,2026-07-18 19:37:00
ft_tkt_0005331,ft_sal_002809,ft_evt_0038,General,49000,true,2026-07-18 19:52:00
ft_tkt_0005332,ft_sal_002810,ft_evt_0038,General,59000,true,2026-07-18 20:21:00
ft_tkt_0005333,ft_sal_002810,ft_evt_0038,General,59000,false,
ft_tkt_0005334,ft_sal_002811,ft_evt_0038,General,46000,false,
ft_tkt_0005335,ft_sal_002812,ft_evt_0038,Preferencial,91000,false,
ft_tkt_0005336,ft_sal_002813,ft_evt_0038,Preferencial,92000,true,2026-07-18 20:20:00
ft_tkt_0005337,ft_sal_002813,ft_evt_0038,Preferencial,92000,false,
ft_tkt_0005338,ft_sal_002813,ft_evt_0038,Preferencial,92000,false,
ft_tkt_0005339,ft_sal_002813,ft_evt_0038,Preferencial,92000,false,
ft_tkt_0005340,ft_sal_002814,ft_evt_0038,General,57000,true,2026-07-18 19:31:00
ft_tkt_0005341,ft_sal_002815,ft_evt_0038,VIP,138000,false,
ft_tkt_0005342,ft_sal_002815,ft_evt_0038,VIP,138000,false,
ft_tkt_0005343,ft_sal_002816,ft_evt_0038,VIP,142000,true,2026-07-18 20:07:00
ft_tkt_0005344,ft_sal_002816,ft_evt_0038,VIP,142000,true,2026-07-18 20:12:00
ft_tkt_0005345,ft_sal_002816,ft_evt_0038,VIP,142000,true,2026-07-18 20:21:00
ft_tkt_0005346,ft_sal_002817,ft_evt_0038,VIP,132000,true,2026-07-18 19:56:00
ft_tkt_0005347,ft_sal_002817,ft_evt_0038,VIP,132000,false,
ft_tkt_0005348,ft_sal_002818,ft_evt_0038,General,45000,false,
ft_tkt_0005349,ft_sal_002819,ft_evt_0038,General,59000,true,2026-07-18 19:39:00
ft_tkt_0005350,ft_sal_002819,ft_evt_0038,General,59000,true,2026-07-18 19:19:00
ft_tkt_0005351,ft_sal_002820,ft_evt_0038,General,48000,true,2026-07-18 19:26:00
ft_tkt_0005352,ft_sal_002821,ft_evt_0038,General,59000,true,2026-07-18 19:36:00
ft_tkt_0005353,ft_sal_002822,ft_evt_0038,General,60000,true,2026-07-18 19:54:00
ft_tkt_0005354,ft_sal_002823,ft_evt_0038,Preferencial,105000,false,
ft_tkt_0005355,ft_sal_002824,ft_evt_0038,General,63000,false,
ft_tkt_0005356,ft_sal_002825,ft_evt_0038,Cortesía,0,true,2026-07-18 19:15:00
ft_tkt_0005357,ft_sal_002825,ft_evt_0038,Cortesía,0,false,
ft_tkt_0005358,ft_sal_002826,ft_evt_0038,Preferencial,88000,true,2026-07-18 20:14:00
ft_tkt_0005359,ft_sal_002826,ft_evt_0038,Preferencial,88000,false,
ft_tkt_0005360,ft_sal_002826,ft_evt_0038,Preferencial,88000,true,2026-07-18 19:17:00
ft_tkt_0005361,ft_sal_002826,ft_evt_0038,Preferencial,88000,false,
ft_tkt_0005362,ft_sal_002827,ft_evt_0038,General,60000,true,2026-07-18 20:01:00
ft_tkt_0005363,ft_sal_002827,ft_evt_0038,General,60000,true,2026-07-18 19:43:00
ft_tkt_0005364,ft_sal_002828,ft_evt_0038,General,45000,false,
ft_tkt_0005365,ft_sal_002829,ft_evt_0038,General,42000,true,2026-07-18 19:15:00
ft_tkt_0005366,ft_sal_002829,ft_evt_0038,General,42000,true,2026-07-18 19:28:00
ft_tkt_0005367,ft_sal_002830,ft_evt_0038,General,57000,false,
ft_tkt_0005368,ft_sal_002830,ft_evt_0038,General,57000,false,
ft_tkt_0005369,ft_sal_002831,ft_evt_0038,General,41000,true,2026-07-18 19:16:00
ft_tkt_0005370,ft_sal_002832,ft_evt_0038,Cortesía,0,false,
ft_tkt_0005371,ft_sal_002833,ft_evt_0038,General,50000,true,2026-07-18 20:05:00
ft_tkt_0005372,ft_sal_002833,ft_evt_0038,General,50000,true,2026-07-18 19:26:00
ft_tkt_0005373,ft_sal_002834,ft_evt_0038,Preferencial,91000,true,2026-07-18 19:44:00
ft_tkt_0005374,ft_sal_002834,ft_evt_0038,Preferencial,91000,true,2026-07-18 19:34:00
ft_tkt_0005375,ft_sal_002835,ft_evt_0038,Preferencial,103000,true,2026-07-18 20:19:00
ft_tkt_0005376,ft_sal_002836,ft_evt_0038,Preferencial,96000,true,2026-07-18 20:08:00
ft_tkt_0005377,ft_sal_002837,ft_evt_0038,General,58000,false,
ft_tkt_0005378,ft_sal_002838,ft_evt_0038,General,46000,true,2026-07-18 19:37:00
ft_tkt_0005379,ft_sal_002839,ft_evt_0038,General,41000,true,2026-07-18 19:36:00
ft_tkt_0005380,ft_sal_002839,ft_evt_0038,General,41000,false,
ft_tkt_0005381,ft_sal_002839,ft_evt_0038,General,41000,true,2026-07-18 20:10:00
ft_tkt_0005382,ft_sal_002840,ft_evt_0038,Preferencial,91000,true,2026-07-18 20:17:00
ft_tkt_0005383,ft_sal_002840,ft_evt_0038,Preferencial,91000,true,2026-07-18 19:56:00
ft_tkt_0005384,ft_sal_002841,ft_evt_0038,General,60000,true,2026-07-18 20:19:00
ft_tkt_0005385,ft_sal_002842,ft_evt_0038,General,59000,true,2026-07-18 20:15:00
ft_tkt_0005386,ft_sal_002843,ft_evt_0038,General,63000,false,
ft_tkt_0005387,ft_sal_002844,ft_evt_0038,Preferencial,101000,true,2026-07-18 19:59:00
ft_tkt_0005388,ft_sal_002845,ft_evt_0038,General,45000,true,2026-07-18 19:33:00
ft_tkt_0005389,ft_sal_002846,ft_evt_0038,General,63000,true,2026-07-18 20:22:00
ft_tkt_0005390,ft_sal_002847,ft_evt_0038,VIP,148000,true,2026-07-18 20:05:00
ft_tkt_0005391,ft_sal_002847,ft_evt_0038,VIP,148000,false,
ft_tkt_0005392,ft_sal_002848,ft_evt_0055,VIP,142000,false,
ft_tkt_0005393,ft_sal_002848,ft_evt_0055,VIP,142000,false,
ft_tkt_0005394,ft_sal_002848,ft_evt_0055,VIP,142000,false,
ft_tkt_0005395,ft_sal_002848,ft_evt_0055,VIP,142000,true,2026-07-20 18:47:00
ft_tkt_0005396,ft_sal_002848,ft_evt_0055,VIP,142000,true,2026-07-20 19:42:00
ft_tkt_0005397,ft_sal_002848,ft_evt_0055,VIP,142000,true,2026-07-20 19:33:00
ft_tkt_0005398,ft_sal_002849,ft_evt_0055,Preferencial,100000,false,
ft_tkt_0005399,ft_sal_002850,ft_evt_0055,General,59000,true,2026-07-20 19:05:00
ft_tkt_0005400,ft_sal_002850,ft_evt_0055,General,59000,true,2026-07-20 19:29:00
ft_tkt_0005401,ft_sal_002851,ft_evt_0055,General,61000,true,2026-07-20 18:58:00
ft_tkt_0005402,ft_sal_002851,ft_evt_0055,General,61000,true,2026-07-20 19:15:00
ft_tkt_0005403,ft_sal_002852,ft_evt_0055,General,46000,false,
ft_tkt_0005404,ft_sal_002853,ft_evt_0055,Cortesía,0,false,
ft_tkt_0005405,ft_sal_002854,ft_evt_0055,Cortesía,0,false,
ft_tkt_0005406,ft_sal_002855,ft_evt_0055,General,60000,false,
ft_tkt_0005407,ft_sal_002856,ft_evt_0055,General,45000,false,
ft_tkt_0005408,ft_sal_002856,ft_evt_0055,General,45000,false,
ft_tkt_0005409,ft_sal_002856,ft_evt_0055,General,45000,true,2026-07-20 19:11:00
ft_tkt_0005410,ft_sal_002857,ft_evt_0055,Preferencial,98000,false,
ft_tkt_0005411,ft_sal_002857,ft_evt_0055,Preferencial,98000,false,
ft_tkt_0005412,ft_sal_002857,ft_evt_0055,Preferencial,98000,false,
ft_tkt_0005413,ft_sal_002858,ft_evt_0055,Preferencial,91000,false,
ft_tkt_0005414,ft_sal_002859,ft_evt_0055,Cortesía,0,false,
ft_tkt_0005415,ft_sal_002859,ft_evt_0055,Cortesía,0,false,
ft_tkt_0005416,ft_sal_002859,ft_evt_0055,Cortesía,0,false,
ft_tkt_0005417,ft_sal_002859,ft_evt_0055,Cortesía,0,false,
ft_tkt_0005418,ft_sal_002859,ft_evt_0055,Cortesía,0,false,
ft_tkt_0005419,ft_sal_002859,ft_evt_0055,Cortesía,0,true,2026-07-20 19:32:00
ft_tkt_0005420,ft_sal_002860,ft_evt_0055,Preferencial,98000,false,
ft_tkt_0005421,ft_sal_002860,ft_evt_0055,Preferencial,98000,false,
ft_tkt_0005422,ft_sal_002861,ft_evt_0055,General,62000,false,
ft_tkt_0005423,ft_sal_002861,ft_evt_0055,General,62000,true,2026-07-20 19:13:00
ft_tkt_0005424,ft_sal_002862,ft_evt_0055,VIP,150000,true,2026-07-20 18:42:00
ft_tkt_0005425,ft_sal_002863,ft_evt_0055,General,59000,false,
ft_tkt_0005426,ft_sal_002864,ft_evt_0055,General,43000,true,2026-07-20 19:49:00
ft_tkt_0005427,ft_sal_002865,ft_evt_0055,General,45000,false,
ft_tkt_0005428,ft_sal_002865,ft_evt_0055,General,45000,true,2026-07-20 19:37:00
ft_tkt_0005429,ft_sal_002865,ft_evt_0055,General,45000,false,
ft_tkt_0005430,ft_sal_002866,ft_evt_0055,General,42000,false,
ft_tkt_0005431,ft_sal_002866,ft_evt_0055,General,42000,false,
ft_tkt_0005432,ft_sal_002867,ft_evt_0055,Cortesía,0,false,
ft_tkt_0005433,ft_sal_002868,ft_evt_0055,General,60000,false,
ft_tkt_0005434,ft_sal_002868,ft_evt_0055,General,60000,false,
ft_tkt_0005435,ft_sal_002869,ft_evt_0055,Preferencial,96000,true,2026-07-20 19:40:00
ft_tkt_0005436,ft_sal_002869,ft_evt_0055,Preferencial,96000,false,
ft_tkt_0005437,ft_sal_002870,ft_evt_0055,Preferencial,87000,false,
ft_tkt_0005438,ft_sal_002871,ft_evt_0055,General,59000,false,
ft_tkt_0005439,ft_sal_002872,ft_evt_0055,General,60000,true,2026-07-20 18:54:00
ft_tkt_0005440,ft_sal_002872,ft_evt_0055,General,60000,true,2026-07-20 19:42:00
ft_tkt_0005441,ft_sal_002873,ft_evt_0055,Preferencial,96000,false,
ft_tkt_0005442,ft_sal_002874,ft_evt_0055,General,58000,false,
ft_tkt_0005443,ft_sal_002875,ft_evt_0055,General,45000,false,
ft_tkt_0005444,ft_sal_002876,ft_evt_0055,General,45000,false,
ft_tkt_0005445,ft_sal_002876,ft_evt_0055,General,45000,false,
ft_tkt_0005446,ft_sal_002876,ft_evt_0055,General,45000,false,
ft_tkt_0005447,ft_sal_002876,ft_evt_0055,General,45000,true,2026-07-20 19:12:00
ft_tkt_0005448,ft_sal_002877,ft_evt_0055,VIP,138000,false,
ft_tkt_0005449,ft_sal_002877,ft_evt_0055,VIP,138000,false,
ft_tkt_0005450,ft_sal_002878,ft_evt_0055,General,43000,true,2026-07-20 19:05:00
ft_tkt_0005451,ft_sal_002879,ft_evt_0055,Preferencial,97000,true,2026-07-20 19:29:00
ft_tkt_0005452,ft_sal_002879,ft_evt_0055,Preferencial,97000,false,
ft_tkt_0005453,ft_sal_002879,ft_evt_0055,Preferencial,97000,true,2026-07-20 18:56:00
ft_tkt_0005454,ft_sal_002879,ft_evt_0055,Preferencial,97000,false,
ft_tkt_0005455,ft_sal_002880,ft_evt_0055,General,48000,true,2026-07-20 18:53:00
ft_tkt_0005456,ft_sal_002880,ft_evt_0055,General,48000,true,2026-07-20 18:50:00
ft_tkt_0005457,ft_sal_002881,ft_evt_0055,Preferencial,86000,true,2026-07-20 18:53:00
ft_tkt_0005458,ft_sal_002881,ft_evt_0055,Preferencial,86000,false,
ft_tkt_0005459,ft_sal_002881,ft_evt_0055,Preferencial,86000,false,
ft_tkt_0005460,ft_sal_002881,ft_evt_0055,Preferencial,86000,false,
ft_tkt_0005461,ft_sal_002881,ft_evt_0055,Preferencial,86000,false,
ft_tkt_0005462,ft_sal_002881,ft_evt_0055,Preferencial,86000,false,
ft_tkt_0005463,ft_sal_002882,ft_evt_0055,General,58000,true,2026-07-20 18:55:00
ft_tkt_0005464,ft_sal_002882,ft_evt_0055,General,58000,false,
ft_tkt_0005465,ft_sal_002882,ft_evt_0055,General,58000,false,
ft_tkt_0005466,ft_sal_002883,ft_evt_0055,General,64000,true,2026-07-20 19:19:00
ft_tkt_0005467,ft_sal_002884,ft_evt_0055,Preferencial,91000,false,
ft_tkt_0005468,ft_sal_002885,ft_evt_0055,General,41000,false,
ft_tkt_0005469,ft_sal_002885,ft_evt_0055,General,41000,false,
ft_tkt_0005470,ft_sal_002885,ft_evt_0055,General,41000,false,
ft_tkt_0005471,ft_sal_002886,ft_evt_0055,VIP,139000,true,2026-07-20 19:23:00
ft_tkt_0005472,ft_sal_002886,ft_evt_0055,VIP,139000,true,2026-07-20 19:48:00
ft_tkt_0005473,ft_sal_002887,ft_evt_0055,General,46000,false,
ft_tkt_0005474,ft_sal_002887,ft_evt_0055,General,46000,false,
ft_tkt_0005475,ft_sal_002887,ft_evt_0055,General,46000,false,
ft_tkt_0005476,ft_sal_002888,ft_evt_0055,VIP,140000,false,
ft_tkt_0005477,ft_sal_002888,ft_evt_0055,VIP,140000,false,
ft_tkt_0005478,ft_sal_002888,ft_evt_0055,VIP,140000,false,
ft_tkt_0005479,ft_sal_002888,ft_evt_0055,VIP,140000,true,2026-07-20 18:53:00
ft_tkt_0005480,ft_sal_002889,ft_evt_0055,Preferencial,96000,true,2026-07-20 19:23:00
ft_tkt_0005481,ft_sal_002889,ft_evt_0055,Preferencial,96000,false,
ft_tkt_0005482,ft_sal_002890,ft_evt_0055,Preferencial,102000,false,
ft_tkt_0005483,ft_sal_002890,ft_evt_0055,Preferencial,102000,false,
ft_tkt_0005484,ft_sal_002891,ft_evt_0055,General,48000,true,2026-07-20 19:08:00
ft_tkt_0005485,ft_sal_002892,ft_evt_0055,Preferencial,98000,true,2026-07-20 18:47:00
ft_tkt_0005486,ft_sal_002892,ft_evt_0055,Preferencial,98000,false,
ft_tkt_0005487,ft_sal_002893,ft_evt_0055,General,61000,false,
ft_tkt_0005488,ft_sal_002893,ft_evt_0055,General,61000,false,
ft_tkt_0005489,ft_sal_002894,ft_evt_0055,VIP,143000,true,2026-07-20 18:46:00
ft_tkt_0005490,ft_sal_002894,ft_evt_0055,VIP,143000,false,
ft_tkt_0005491,ft_sal_002894,ft_evt_0055,VIP,143000,false,
ft_tkt_0005492,ft_sal_002894,ft_evt_0055,VIP,143000,true,2026-07-20 19:13:00
ft_tkt_0005493,ft_sal_002895,ft_evt_0055,General,61000,false,
ft_tkt_0005494,ft_sal_002895,ft_evt_0055,General,61000,true,2026-07-20 18:41:00
ft_tkt_0005495,ft_sal_002896,ft_evt_0055,Preferencial,98000,false,
ft_tkt_0005496,ft_sal_002896,ft_evt_0055,Preferencial,98000,false,
ft_tkt_0005497,ft_sal_002897,ft_evt_0055,General,60000,true,2026-07-20 19:35:00
ft_tkt_0005498,ft_sal_002898,ft_evt_0055,General,64000,false,
ft_tkt_0005499,ft_sal_002899,ft_evt_0055,Preferencial,103000,true,2026-07-20 19:30:00
ft_tkt_0005500,ft_sal_002899,ft_evt_0055,Preferencial,103000,true,2026-07-20 19:25:00
ft_tkt_0005501,ft_sal_002900,ft_evt_0055,General,47000,true,2026-07-20 18:43:00
ft_tkt_0005502,ft_sal_002900,ft_evt_0055,General,47000,true,2026-07-20 18:59:00
ft_tkt_0005503,ft_sal_002901,ft_evt_0055,General,56000,true,2026-07-20 19:28:00
ft_tkt_0005504,ft_sal_002902,ft_evt_0055,Cortesía,0,false,
ft_tkt_0005505,ft_sal_002903,ft_evt_0055,VIP,132000,true,2026-07-20 19:39:00
ft_tkt_0005506,ft_sal_002904,ft_evt_0055,General,48000,true,2026-07-20 19:30:00
ft_tkt_0005507,ft_sal_002904,ft_evt_0055,General,48000,true,2026-07-20 19:00:00
ft_tkt_0005508,ft_sal_002905,ft_evt_0055,General,44000,true,2026-07-20 19:34:00
ft_tkt_0005509,ft_sal_002906,ft_evt_0055,General,46000,false,
ft_tkt_0005510,ft_sal_002906,ft_evt_0055,General,46000,false,
ft_tkt_0005511,ft_sal_002906,ft_evt_0055,General,46000,false,
ft_tkt_0005512,ft_sal_002906,ft_evt_0055,General,46000,true,2026-07-20 19:04:00
ft_tkt_0005513,ft_sal_002906,ft_evt_0055,General,46000,true,2026-07-20 18:49:00
ft_tkt_0005514,ft_sal_002906,ft_evt_0055,General,46000,true,2026-07-20 19:51:00
ft_tkt_0005515,ft_sal_002907,ft_evt_0055,General,56000,false,
ft_tkt_0005516,ft_sal_002907,ft_evt_0055,General,56000,false,
ft_tkt_0005517,ft_sal_002907,ft_evt_0055,General,56000,false,
ft_tkt_0005518,ft_sal_002907,ft_evt_0055,General,56000,false,
ft_tkt_0005519,ft_sal_002908,ft_evt_0055,General,66000,false,
ft_tkt_0005520,ft_sal_002908,ft_evt_0055,General,66000,false,
ft_tkt_0005521,ft_sal_002908,ft_evt_0055,General,66000,true,2026-07-20 18:57:00
ft_tkt_0005522,ft_sal_002909,ft_evt_0055,Preferencial,96000,true,2026-07-20 18:46:00
ft_tkt_0005523,ft_sal_002909,ft_evt_0055,Preferencial,96000,false,
ft_tkt_0005524,ft_sal_002910,ft_evt_0055,General,44000,false,
ft_tkt_0005525,ft_sal_002910,ft_evt_0055,General,44000,true,2026-07-20 19:45:00
ft_tkt_0005526,ft_sal_002910,ft_evt_0055,General,44000,true,2026-07-20 18:59:00
ft_tkt_0005527,ft_sal_002910,ft_evt_0055,General,44000,true,2026-07-20 19:04:00
ft_tkt_0005528,ft_sal_002911,ft_evt_0055,General,43000,true,2026-07-20 19:19:00
ft_tkt_0005529,ft_sal_002912,ft_evt_0055,Cortesía,0,false,
ft_tkt_0005530,ft_sal_002913,ft_evt_0055,General,61000,false,
ft_tkt_0005531,ft_sal_002913,ft_evt_0055,General,61000,false,
ft_tkt_0005532,ft_sal_002913,ft_evt_0055,General,61000,false,
ft_tkt_0005533,ft_sal_002913,ft_evt_0055,General,61000,true,2026-07-20 19:55:00
ft_tkt_0005534,ft_sal_002914,ft_evt_0055,Preferencial,96000,false,
ft_tkt_0005535,ft_sal_002914,ft_evt_0055,Preferencial,96000,false,
ft_tkt_0005536,ft_sal_002914,ft_evt_0055,Preferencial,96000,false,
ft_tkt_0005537,ft_sal_002914,ft_evt_0055,Preferencial,96000,true,2026-07-20 19:28:00
ft_tkt_0005538,ft_sal_002914,ft_evt_0055,Preferencial,96000,false,
ft_tkt_0005539,ft_sal_002914,ft_evt_0055,Preferencial,96000,false,
ft_tkt_0005540,ft_sal_002915,ft_evt_0055,Preferencial,98000,false,
ft_tkt_0005541,ft_sal_002916,ft_evt_0055,General,60000,false,
ft_tkt_0005542,ft_sal_002917,ft_evt_0055,General,42000,true,2026-07-20 19:13:00
ft_tkt_0005543,ft_sal_002917,ft_evt_0055,General,42000,false,
ft_tkt_0005544,ft_sal_002918,ft_evt_0055,General,43000,true,2026-07-20 19:41:00
ft_tkt_0005545,ft_sal_002918,ft_evt_0055,General,43000,true,2026-07-20 19:03:00
ft_tkt_0005546,ft_sal_002919,ft_evt_0055,General,44000,false,
ft_tkt_0005547,ft_sal_002920,ft_evt_0055,General,47000,true,2026-07-20 19:49:00
ft_tkt_0005548,ft_sal_002921,ft_evt_0055,General,43000,false,
ft_tkt_0005549,ft_sal_002921,ft_evt_0055,General,43000,false,
ft_tkt_0005550,ft_sal_002921,ft_evt_0055,General,43000,false,
ft_tkt_0005551,ft_sal_002922,ft_evt_0055,General,42000,true,2026-07-20 19:31:00
ft_tkt_0005552,ft_sal_002922,ft_evt_0055,General,42000,false,
ft_tkt_0005553,ft_sal_002923,ft_evt_0055,VIP,140000,true,2026-07-20 19:49:00
ft_tkt_0005554,ft_sal_002924,ft_evt_0055,General,42000,false,
ft_tkt_0005555,ft_sal_002924,ft_evt_0055,General,42000,false,
ft_tkt_0005556,ft_sal_002924,ft_evt_0055,General,42000,true,2026-07-20 19:23:00
ft_tkt_0005557,ft_sal_002924,ft_evt_0055,General,42000,false,
ft_tkt_0005558,ft_sal_002925,ft_evt_0055,General,45000,true,2026-07-20 19:46:00
ft_tkt_0005559,ft_sal_002925,ft_evt_0055,General,45000,false,
ft_tkt_0005560,ft_sal_002925,ft_evt_0055,General,45000,true,2026-07-20 19:32:00
ft_tkt_0005561,ft_sal_002926,ft_evt_0055,VIP,133000,true,2026-07-20 19:15:00
ft_tkt_0005562,ft_sal_002926,ft_evt_0055,VIP,133000,false,
ft_tkt_0005563,ft_sal_002926,ft_evt_0055,VIP,133000,false,
ft_tkt_0005564,ft_sal_002926,ft_evt_0055,VIP,133000,true,2026-07-20 19:46:00
ft_tkt_0005565,ft_sal_002926,ft_evt_0055,VIP,133000,true,2026-07-20 19:50:00
ft_tkt_0005566,ft_sal_002926,ft_evt_0055,VIP,133000,false,
ft_tkt_0005567,ft_sal_002927,ft_evt_0055,General,55000,true,2026-07-20 19:27:00
ft_tkt_0005568,ft_sal_002927,ft_evt_0055,General,55000,false,
ft_tkt_0005569,ft_sal_002928,ft_evt_0055,General,47000,true,2026-07-20 19:27:00
ft_tkt_0005570,ft_sal_002928,ft_evt_0055,General,47000,false,
ft_tkt_0005571,ft_sal_002928,ft_evt_0055,General,47000,false,
ft_tkt_0005572,ft_sal_002929,ft_evt_0055,General,65000,true,2026-07-20 19:35:00
ft_tkt_0005573,ft_sal_002930,ft_evt_0055,General,46000,false,
ft_tkt_0005574,ft_sal_002931,ft_evt_0055,General,44000,false,
ft_tkt_0005575,ft_sal_002932,ft_evt_0055,General,58000,true,2026-07-20 19:51:00
ft_tkt_0005576,ft_sal_002932,ft_evt_0055,General,58000,true,2026-07-20 19:34:00
ft_tkt_0005577,ft_sal_002932,ft_evt_0055,General,58000,true,2026-07-20 19:12:00
ft_tkt_0005578,ft_sal_002933,ft_evt_0055,General,43000,false,
ft_tkt_0005579,ft_sal_002934,ft_evt_0055,General,47000,false,
ft_tkt_0005580,ft_sal_002934,ft_evt_0055,General,47000,false,
ft_tkt_0005581,ft_sal_002935,ft_evt_0055,Preferencial,97000,true,2026-07-20 18:56:00
ft_tkt_0005582,ft_sal_002935,ft_evt_0055,Preferencial,97000,true,2026-07-20 19:24:00
ft_tkt_0005583,ft_sal_002936,ft_evt_0055,General,57000,true,2026-07-20 19:14:00
ft_tkt_0005584,ft_sal_002937,ft_evt_0055,General,68000,false,
ft_tkt_0005585,ft_sal_002938,ft_evt_0055,General,57000,false,
ft_tkt_0005586,ft_sal_002939,ft_evt_0055,General,43000,false,
ft_tkt_0005587,ft_sal_002939,ft_evt_0055,General,43000,true,2026-07-20 18:45:00
ft_tkt_0005588,ft_sal_002939,ft_evt_0055,General,43000,false,
ft_tkt_0005589,ft_sal_002940,ft_evt_0055,VIP,140000,false,
ft_tkt_0005590,ft_sal_002940,ft_evt_0055,VIP,140000,false,
ft_tkt_0005591,ft_sal_002941,ft_evt_0055,General,57000,false,
ft_tkt_0005592,ft_sal_002942,ft_evt_0055,General,62000,true,2026-07-20 19:01:00
ft_tkt_0005593,ft_sal_002943,ft_evt_0055,General,39000,false,
ft_tkt_0005594,ft_sal_002944,ft_evt_0055,General,43000,true,2026-07-20 19:23:00
ft_tkt_0005595,ft_sal_002944,ft_evt_0055,General,43000,true,2026-07-20 19:44:00
ft_tkt_0005596,ft_sal_002945,ft_evt_0055,General,44000,true,2026-07-20 19:53:00
ft_tkt_0005597,ft_sal_002946,ft_evt_0055,General,64000,true,2026-07-20 19:15:00
ft_tkt_0005598,ft_sal_002947,ft_evt_0055,Cortesía,0,false,
ft_tkt_0005599,ft_sal_002947,ft_evt_0055,Cortesía,0,false,
ft_tkt_0005600,ft_sal_002948,ft_evt_0055,Preferencial,92000,false,
ft_tkt_0005601,ft_sal_002948,ft_evt_0055,Preferencial,92000,true,2026-07-20 18:55:00
ft_tkt_0005602,ft_sal_002949,ft_evt_0055,General,62000,false,
ft_tkt_0005603,ft_sal_002949,ft_evt_0055,General,62000,false,
ft_tkt_0005604,ft_sal_002949,ft_evt_0055,General,62000,false,
ft_tkt_0005605,ft_sal_002949,ft_evt_0055,General,62000,true,2026-07-20 18:48:00
ft_tkt_0005606,ft_sal_002949,ft_evt_0055,General,62000,false,
ft_tkt_0005607,ft_sal_002949,ft_evt_0055,General,62000,false,
ft_tkt_0005608,ft_sal_002950,ft_evt_0055,General,45000,false,
ft_tkt_0005609,ft_sal_002950,ft_evt_0055,General,45000,false,
ft_tkt_0005610,ft_sal_002950,ft_evt_0055,General,45000,true,2026-07-20 19:41:00
ft_tkt_0005611,ft_sal_002950,ft_evt_0055,General,45000,false,
ft_tkt_0005612,ft_sal_002951,ft_evt_0055,VIP,138000,true,2026-07-20 19:33:00
ft_tkt_0005613,ft_sal_002951,ft_evt_0055,VIP,138000,true,2026-07-20 19:38:00
ft_tkt_0005614,ft_sal_002951,ft_evt_0055,VIP,138000,true,2026-07-20 19:21:00
ft_tkt_0005615,ft_sal_002951,ft_evt_0055,VIP,138000,true,2026-07-20 19:55:00
ft_tkt_0005616,ft_sal_002952,ft_evt_0055,General,44000,false,
ft_tkt_0005617,ft_sal_002952,ft_evt_0055,General,44000,true,2026-07-20 18:45:00
ft_tkt_0005618,ft_sal_002953,ft_evt_0055,Preferencial,91000,true,2026-07-20 19:29:00
ft_tkt_0005619,ft_sal_002954,ft_evt_0055,General,46000,true,2026-07-20 19:10:00
ft_tkt_0005620,ft_sal_002955,ft_evt_0055,General,60000,false,
ft_tkt_0005621,ft_sal_002956,ft_evt_0055,Cortesía,0,true,2026-07-20 18:58:00
ft_tkt_0005622,ft_sal_002957,ft_evt_0055,General,48000,false,
ft_tkt_0005623,ft_sal_002957,ft_evt_0055,General,48000,true,2026-07-20 18:46:00
ft_tkt_0005624,ft_sal_002958,ft_evt_0055,General,59000,true,2026-07-20 19:16:00
ft_tkt_0005625,ft_sal_002958,ft_evt_0055,General,59000,false,
ft_tkt_0005626,ft_sal_002958,ft_evt_0055,General,59000,true,2026-07-20 19:05:00
ft_tkt_0005627,ft_sal_002959,ft_evt_0055,General,46000,false,
ft_tkt_0005628,ft_sal_002959,ft_evt_0055,General,46000,false,
ft_tkt_0005629,ft_sal_002960,ft_evt_0055,General,43000,true,2026-07-20 18:40:00
ft_tkt_0005630,ft_sal_002960,ft_evt_0055,General,43000,false,
ft_tkt_0005631,ft_sal_002960,ft_evt_0055,General,43000,false,
ft_tkt_0005632,ft_sal_002960,ft_evt_0055,General,43000,true,2026-07-20 19:55:00
ft_tkt_0005633,ft_sal_002961,ft_evt_0055,General,43000,true,2026-07-20 18:58:00
ft_tkt_0005634,ft_sal_002962,ft_evt_0055,General,62000,true,2026-07-20 18:58:00
ft_tkt_0005635,ft_sal_002962,ft_evt_0055,General,62000,false,
ft_tkt_0005636,ft_sal_002962,ft_evt_0055,General,62000,false,
ft_tkt_0005637,ft_sal_002962,ft_evt_0055,General,62000,false,
ft_tkt_0005638,ft_sal_002962,ft_evt_0055,General,62000,false,
ft_tkt_0005639,ft_sal_002962,ft_evt_0055,General,62000,true,2026-07-20 19:48:00
ft_tkt_0005640,ft_sal_002963,ft_evt_0055,General,60000,true,2026-07-20 19:00:00
ft_tkt_0005641,ft_sal_002963,ft_evt_0055,General,60000,true,2026-07-20 19:17:00
ft_tkt_0005642,ft_sal_002964,ft_evt_0055,VIP,140000,false,
ft_tkt_0005643,ft_sal_002964,ft_evt_0055,VIP,140000,false,
ft_tkt_0005644,ft_sal_002965,ft_evt_0055,VIP,137000,true,2026-07-20 19:15:00
ft_tkt_0005645,ft_sal_002965,ft_evt_0055,VIP,137000,false,
ft_tkt_0005646,ft_sal_002965,ft_evt_0055,VIP,137000,true,2026-07-20 19:21:00
ft_tkt_0005647,ft_sal_002966,ft_evt_0055,General,47000,true,2026-07-20 19:20:00
ft_tkt_0005648,ft_sal_002967,ft_evt_0055,Preferencial,101000,true,2026-07-20 18:54:00
ft_tkt_0005649,ft_sal_002967,ft_evt_0055,Preferencial,101000,true,2026-07-20 18:58:00
ft_tkt_0005650,ft_sal_002968,ft_evt_0055,General,47000,false,
ft_tkt_0005651,ft_sal_002968,ft_evt_0055,General,47000,false,
ft_tkt_0005652,ft_sal_002969,ft_evt_0055,General,42000,false,
ft_tkt_0005653,ft_sal_002970,ft_evt_0055,General,59000,true,2026-07-20 19:04:00
ft_tkt_0005654,ft_sal_002970,ft_evt_0055,General,59000,true,2026-07-20 18:58:00
ft_tkt_0005655,ft_sal_002970,ft_evt_0055,General,59000,true,2026-07-20 19:35:00
ft_tkt_0005656,ft_sal_002970,ft_evt_0055,General,59000,true,2026-07-20 19:55:00
ft_tkt_0005657,ft_sal_002970,ft_evt_0055,General,59000,false,
ft_tkt_0005658,ft_sal_002970,ft_evt_0055,General,59000,true,2026-07-20 19:05:00
ft_tkt_0005659,ft_sal_002971,ft_evt_0055,General,47000,true,2026-07-20 19:01:00
ft_tkt_0005660,ft_sal_002972,ft_evt_0055,General,41000,true,2026-07-20 19:29:00
ft_tkt_0005661,ft_sal_002972,ft_evt_0055,General,41000,false,
ft_tkt_0005662,ft_sal_002972,ft_evt_0055,General,41000,true,2026-07-20 19:52:00
ft_tkt_0005663,ft_sal_002972,ft_evt_0055,General,41000,false,
ft_tkt_0005664,ft_sal_002972,ft_evt_0055,General,41000,false,
ft_tkt_0005665,ft_sal_002972,ft_evt_0055,General,41000,false,
ft_tkt_0005666,ft_sal_002973,ft_evt_0055,General,59000,false,
ft_tkt_0005667,ft_sal_002973,ft_evt_0055,General,59000,false,
ft_tkt_0005668,ft_sal_002973,ft_evt_0055,General,59000,true,2026-07-20 19:51:00
ft_tkt_0005669,ft_sal_002973,ft_evt_0055,General,59000,true,2026-07-20 18:43:00
ft_tkt_0005670,ft_sal_002974,ft_evt_0055,General,43000,false,
ft_tkt_0005671,ft_sal_002974,ft_evt_0055,General,43000,true,2026-07-20 19:52:00
ft_tkt_0005672,ft_sal_002974,ft_evt_0055,General,43000,false,
ft_tkt_0005673,ft_sal_002975,ft_evt_0055,General,47000,true,2026-07-20 19:30:00
ft_tkt_0005674,ft_sal_002975,ft_evt_0055,General,47000,true,2026-07-20 19:04:00
ft_tkt_0005675,ft_sal_002975,ft_evt_0055,General,47000,true,2026-07-20 19:11:00
ft_tkt_0005676,ft_sal_002976,ft_evt_0055,VIP,145000,false,
ft_tkt_0005677,ft_sal_002977,ft_evt_0055,Preferencial,96000,false,
ft_tkt_0005678,ft_sal_002977,ft_evt_0055,Preferencial,96000,false,
ft_tkt_0005679,ft_sal_002977,ft_evt_0055,Preferencial,96000,false,
ft_tkt_0005680,ft_sal_002977,ft_evt_0055,Preferencial,96000,true,2026-07-20 19:35:00
ft_tkt_0005681,ft_sal_002977,ft_evt_0055,Preferencial,96000,false,
ft_tkt_0005682,ft_sal_002977,ft_evt_0055,Preferencial,96000,true,2026-07-20 19:22:00
ft_tkt_0005683,ft_sal_002978,ft_evt_0055,General,46000,false,
ft_tkt_0005684,ft_sal_002979,ft_evt_0055,General,62000,false,
ft_tkt_0005685,ft_sal_002979,ft_evt_0055,General,62000,false,
ft_tkt_0005686,ft_sal_002979,ft_evt_0055,General,62000,true,2026-07-20 19:03:00
ft_tkt_0005687,ft_sal_002979,ft_evt_0055,General,62000,true,2026-07-20 19:05:00
ft_tkt_0005688,ft_sal_002980,ft_evt_0055,General,62000,false,
ft_tkt_0005689,ft_sal_002980,ft_evt_0055,General,62000,false,
ft_tkt_0005690,ft_sal_002981,ft_evt_0055,General,58000,false,
ft_tkt_0005691,ft_sal_002982,ft_evt_0055,Cortesía,0,false,
ft_tkt_0005692,ft_sal_002983,ft_evt_0055,General,49000,false,
ft_tkt_0005693,ft_sal_002984,ft_evt_0055,General,60000,false,
ft_tkt_0005694,ft_sal_002985,ft_evt_0055,General,42000,true,2026-07-20 18:59:00
ft_tkt_0005695,ft_sal_002985,ft_evt_0055,General,42000,true,2026-07-20 19:03:00
ft_tkt_0005696,ft_sal_002986,ft_evt_0055,General,61000,true,2026-07-20 19:52:00
ft_tkt_0005697,ft_sal_002987,ft_evt_0055,General,43000,true,2026-07-20 19:33:00
ft_tkt_0005698,ft_sal_002988,ft_evt_0055,General,43000,true,2026-07-20 19:05:00
ft_tkt_0005699,ft_sal_002989,ft_evt_0055,General,44000,true,2026-07-20 18:44:00
ft_tkt_0005700,ft_sal_002990,ft_evt_0055,Preferencial,95000,false,
ft_tkt_0005701,ft_sal_002990,ft_evt_0055,Preferencial,95000,false,
ft_tkt_0005702,ft_sal_002991,ft_evt_0055,General,42000,false,
ft_tkt_0005703,ft_sal_002992,ft_evt_0055,General,62000,true,2026-07-20 18:56:00
ft_tkt_0005704,ft_sal_002993,ft_evt_0055,General,61000,true,2026-07-20 19:38:00
ft_tkt_0005705,ft_sal_002994,ft_evt_0055,General,56000,false,
ft_tkt_0005706,ft_sal_002994,ft_evt_0055,General,56000,true,2026-07-20 19:44:00
ft_tkt_0005707,ft_sal_002994,ft_evt_0055,General,56000,false,
ft_tkt_0005708,ft_sal_002995,ft_evt_0055,General,47000,true,2026-07-20 19:46:00
ft_tkt_0005709,ft_sal_002995,ft_evt_0055,General,47000,true,2026-07-20 19:55:00
ft_tkt_0005710,ft_sal_002995,ft_evt_0055,General,47000,false,
ft_tkt_0005711,ft_sal_002995,ft_evt_0055,General,47000,false,
ft_tkt_0005712,ft_sal_002996,ft_evt_0055,Preferencial,98000,true,2026-07-20 18:45:00
ft_tkt_0005713,ft_sal_002997,ft_evt_0055,Cortesía,0,true,2026-07-20 19:22:00
ft_tkt_0005714,ft_sal_002997,ft_evt_0055,Cortesía,0,false,
ft_tkt_0005715,ft_sal_002998,ft_evt_0012,General,43000,true,2026-07-21 19:59:00
ft_tkt_0005716,ft_sal_002998,ft_evt_0012,General,43000,false,
ft_tkt_0005717,ft_sal_002999,ft_evt_0012,Preferencial,89000,false,
ft_tkt_0005718,ft_sal_003000,ft_evt_0012,Preferencial,98000,true,2026-07-21 20:51:00
ft_tkt_0005719,ft_sal_003000,ft_evt_0012,Preferencial,98000,true,2026-07-21 19:45:00
ft_tkt_0005720,ft_sal_003001,ft_evt_0012,General,64000,true,2026-07-21 20:47:00
ft_tkt_0005721,ft_sal_003001,ft_evt_0012,General,64000,true,2026-07-21 20:10:00
ft_tkt_0005722,ft_sal_003002,ft_evt_0012,General,58000,false,
ft_tkt_0005723,ft_sal_003003,ft_evt_0012,General,47000,true,2026-07-21 20:48:00
ft_tkt_0005724,ft_sal_003003,ft_evt_0012,General,47000,true,2026-07-21 20:52:00
ft_tkt_0005725,ft_sal_003004,ft_evt_0012,Preferencial,97000,false,
ft_tkt_0005726,ft_sal_003004,ft_evt_0012,Preferencial,97000,false,
ft_tkt_0005727,ft_sal_003005,ft_evt_0012,Preferencial,104000,true,2026-07-21 20:34:00
ft_tkt_0005728,ft_sal_003005,ft_evt_0012,Preferencial,104000,true,2026-07-21 20:13:00
ft_tkt_0005729,ft_sal_003006,ft_evt_0012,General,45000,true,2026-07-21 20:31:00
ft_tkt_0005730,ft_sal_003006,ft_evt_0012,General,45000,false,
ft_tkt_0005731,ft_sal_003007,ft_evt_0012,General,43000,false,
ft_tkt_0005732,ft_sal_003007,ft_evt_0012,General,43000,false,
ft_tkt_0005733,ft_sal_003008,ft_evt_0012,General,63000,false,
ft_tkt_0005734,ft_sal_003009,ft_evt_0012,General,44000,false,
ft_tkt_0005735,ft_sal_003010,ft_evt_0012,VIP,132000,false,
ft_tkt_0005736,ft_sal_003011,ft_evt_0012,VIP,148000,true,2026-07-21 19:48:00
ft_tkt_0005737,ft_sal_003011,ft_evt_0012,VIP,148000,true,2026-07-21 20:36:00
ft_tkt_0005738,ft_sal_003012,ft_evt_0012,General,57000,true,2026-07-21 19:56:00
ft_tkt_0005739,ft_sal_003012,ft_evt_0012,General,57000,true,2026-07-21 20:34:00
ft_tkt_0005740,ft_sal_003013,ft_evt_0012,Preferencial,100000,true,2026-07-21 20:08:00
ft_tkt_0005741,ft_sal_003013,ft_evt_0012,Preferencial,100000,true,2026-07-21 20:36:00
ft_tkt_0005742,ft_sal_003014,ft_evt_0012,General,46000,false,
ft_tkt_0005743,ft_sal_003014,ft_evt_0012,General,46000,true,2026-07-21 20:27:00
ft_tkt_0005744,ft_sal_003015,ft_evt_0012,General,42000,false,
ft_tkt_0005745,ft_sal_003016,ft_evt_0012,Preferencial,103000,true,2026-07-21 20:45:00
ft_tkt_0005746,ft_sal_003016,ft_evt_0012,Preferencial,103000,true,2026-07-21 20:31:00
ft_tkt_0005747,ft_sal_003016,ft_evt_0012,Preferencial,103000,false,
ft_tkt_0005748,ft_sal_003017,ft_evt_0012,Preferencial,94000,true,2026-07-21 20:32:00
ft_tkt_0005749,ft_sal_003017,ft_evt_0012,Preferencial,94000,false,
ft_tkt_0005750,ft_sal_003017,ft_evt_0012,Preferencial,94000,true,2026-07-21 20:44:00
ft_tkt_0005751,ft_sal_003017,ft_evt_0012,Preferencial,94000,true,2026-07-21 20:11:00
ft_tkt_0005752,ft_sal_003018,ft_evt_0012,Preferencial,103000,false,
ft_tkt_0005753,ft_sal_003019,ft_evt_0012,General,46000,false,
ft_tkt_0005754,ft_sal_003020,ft_evt_0012,Preferencial,101000,false,
ft_tkt_0005755,ft_sal_003020,ft_evt_0012,Preferencial,101000,true,2026-07-21 19:45:00
ft_tkt_0005756,ft_sal_003021,ft_evt_0012,General,49000,true,2026-07-21 20:51:00
ft_tkt_0005757,ft_sal_003021,ft_evt_0012,General,49000,false,
ft_tkt_0005758,ft_sal_003021,ft_evt_0012,General,49000,false,
ft_tkt_0005759,ft_sal_003022,ft_evt_0012,General,63000,false,
ft_tkt_0005760,ft_sal_003023,ft_evt_0012,General,59000,false,
ft_tkt_0005761,ft_sal_003023,ft_evt_0012,General,59000,false,
ft_tkt_0005762,ft_sal_003024,ft_evt_0012,General,45000,true,2026-07-21 20:17:00
ft_tkt_0005763,ft_sal_003024,ft_evt_0012,General,45000,true,2026-07-21 20:34:00
ft_tkt_0005764,ft_sal_003025,ft_evt_0012,General,48000,true,2026-07-21 20:27:00
ft_tkt_0005765,ft_sal_003026,ft_evt_0012,General,63000,false,
ft_tkt_0005766,ft_sal_003026,ft_evt_0012,General,63000,true,2026-07-21 20:10:00
ft_tkt_0005767,ft_sal_003027,ft_evt_0012,Preferencial,87000,false,
ft_tkt_0005768,ft_sal_003028,ft_evt_0012,General,48000,false,
ft_tkt_0005769,ft_sal_003029,ft_evt_0012,General,44000,true,2026-07-21 20:16:00
ft_tkt_0005770,ft_sal_003030,ft_evt_0012,General,43000,false,
ft_tkt_0005771,ft_sal_003030,ft_evt_0012,General,43000,true,2026-07-21 20:03:00
ft_tkt_0005772,ft_sal_003031,ft_evt_0012,Preferencial,107000,false,
ft_tkt_0005773,ft_sal_003031,ft_evt_0012,Preferencial,107000,false,
ft_tkt_0005774,ft_sal_003031,ft_evt_0012,Preferencial,107000,false,
ft_tkt_0005775,ft_sal_003031,ft_evt_0012,Preferencial,107000,true,2026-07-21 20:27:00
ft_tkt_0005776,ft_sal_003032,ft_evt_0012,General,46000,false,
ft_tkt_0005777,ft_sal_003032,ft_evt_0012,General,46000,true,2026-07-21 20:45:00
ft_tkt_0005778,ft_sal_003033,ft_evt_0012,Preferencial,94000,true,2026-07-21 19:52:00
ft_tkt_0005779,ft_sal_003034,ft_evt_0012,General,45000,true,2026-07-21 20:26:00
ft_tkt_0005780,ft_sal_003034,ft_evt_0012,General,45000,true,2026-07-21 19:40:00
ft_tkt_0005781,ft_sal_003034,ft_evt_0012,General,45000,false,
ft_tkt_0005782,ft_sal_003035,ft_evt_0012,Preferencial,91000,false,
ft_tkt_0005783,ft_sal_003035,ft_evt_0012,Preferencial,91000,false,
ft_tkt_0005784,ft_sal_003035,ft_evt_0012,Preferencial,91000,false,
ft_tkt_0005785,ft_sal_003035,ft_evt_0012,Preferencial,91000,false,
ft_tkt_0005786,ft_sal_003036,ft_evt_0012,General,65000,false,
ft_tkt_0005787,ft_sal_003036,ft_evt_0012,General,65000,false,
ft_tkt_0005788,ft_sal_003036,ft_evt_0012,General,65000,true,2026-07-21 20:13:00
ft_tkt_0005789,ft_sal_003036,ft_evt_0012,General,65000,true,2026-07-21 20:46:00
ft_tkt_0005790,ft_sal_003037,ft_evt_0012,General,45000,false,
ft_tkt_0005791,ft_sal_003038,ft_evt_0012,Preferencial,95000,true,2026-07-21 19:57:00
ft_tkt_0005792,ft_sal_003038,ft_evt_0012,Preferencial,95000,false,
ft_tkt_0005793,ft_sal_003038,ft_evt_0012,Preferencial,95000,false,
ft_tkt_0005794,ft_sal_003038,ft_evt_0012,Preferencial,95000,true,2026-07-21 19:51:00
ft_tkt_0005795,ft_sal_003039,ft_evt_0012,Cortesía,0,true,2026-07-21 20:24:00
ft_tkt_0005796,ft_sal_003040,ft_evt_0012,General,45000,true,2026-07-21 20:39:00
ft_tkt_0005797,ft_sal_003041,ft_evt_0012,General,65000,false,
ft_tkt_0005798,ft_sal_003041,ft_evt_0012,General,65000,false,
ft_tkt_0005799,ft_sal_003042,ft_evt_0012,General,42000,false,
ft_tkt_0005800,ft_sal_003042,ft_evt_0012,General,42000,true,2026-07-21 20:33:00
ft_tkt_0005801,ft_sal_003042,ft_evt_0012,General,42000,true,2026-07-21 20:12:00
ft_tkt_0005802,ft_sal_003043,ft_evt_0012,General,57000,true,2026-07-21 20:55:00
ft_tkt_0005803,ft_sal_003044,ft_evt_0012,General,44000,false,
ft_tkt_0005804,ft_sal_003044,ft_evt_0012,General,44000,true,2026-07-21 20:52:00
ft_tkt_0005805,ft_sal_003044,ft_evt_0012,General,44000,true,2026-07-21 20:30:00
ft_tkt_0005806,ft_sal_003045,ft_evt_0012,Preferencial,89000,false,
ft_tkt_0005807,ft_sal_003045,ft_evt_0012,Preferencial,89000,true,2026-07-21 20:42:00
ft_tkt_0005808,ft_sal_003046,ft_evt_0012,General,43000,false,
ft_tkt_0005809,ft_sal_003046,ft_evt_0012,General,43000,true,2026-07-21 20:33:00
ft_tkt_0005810,ft_sal_003047,ft_evt_0012,General,45000,true,2026-07-21 19:49:00
ft_tkt_0005811,ft_sal_003047,ft_evt_0012,General,45000,true,2026-07-21 19:53:00
ft_tkt_0005812,ft_sal_003047,ft_evt_0012,General,45000,true,2026-07-21 20:35:00
ft_tkt_0005813,ft_sal_003048,ft_evt_0012,General,62000,true,2026-07-21 20:12:00
ft_tkt_0005814,ft_sal_003049,ft_evt_0012,General,66000,false,
ft_tkt_0005815,ft_sal_003049,ft_evt_0012,General,66000,false,
ft_tkt_0005816,ft_sal_003050,ft_evt_0012,General,45000,true,2026-07-21 19:47:00
ft_tkt_0005817,ft_sal_003050,ft_evt_0012,General,45000,true,2026-07-21 20:08:00
ft_tkt_0005818,ft_sal_003050,ft_evt_0012,General,45000,false,
ft_tkt_0005819,ft_sal_003051,ft_evt_0012,General,58000,false,
ft_tkt_0005820,ft_sal_003051,ft_evt_0012,General,58000,false,
ft_tkt_0005821,ft_sal_003051,ft_evt_0012,General,58000,true,2026-07-21 20:27:00
ft_tkt_0005822,ft_sal_003052,ft_evt_0012,General,40000,false,
ft_tkt_0005823,ft_sal_003052,ft_evt_0012,General,40000,true,2026-07-21 20:13:00
ft_tkt_0005824,ft_sal_003053,ft_evt_0012,General,57000,true,2026-07-21 20:01:00
ft_tkt_0005825,ft_sal_003053,ft_evt_0012,General,57000,true,2026-07-21 20:43:00
ft_tkt_0005826,ft_sal_003053,ft_evt_0012,General,57000,false,
ft_tkt_0005827,ft_sal_003054,ft_evt_0012,Cortesía,0,false,
ft_tkt_0005828,ft_sal_003055,ft_evt_0012,General,61000,true,2026-07-21 20:21:00
ft_tkt_0005829,ft_sal_003055,ft_evt_0012,General,61000,false,
ft_tkt_0005830,ft_sal_003056,ft_evt_0012,Cortesía,0,false,
ft_tkt_0005831,ft_sal_003057,ft_evt_0012,General,45000,false,
ft_tkt_0005832,ft_sal_003057,ft_evt_0012,General,45000,false,
ft_tkt_0005833,ft_sal_003058,ft_evt_0012,VIP,154000,false,
ft_tkt_0005834,ft_sal_003058,ft_evt_0012,VIP,154000,true,2026-07-21 20:16:00
ft_tkt_0005835,ft_sal_003058,ft_evt_0012,VIP,154000,true,2026-07-21 20:04:00
ft_tkt_0005836,ft_sal_003059,ft_evt_0012,VIP,141000,false,
ft_tkt_0005837,ft_sal_003059,ft_evt_0012,VIP,141000,false,
ft_tkt_0005838,ft_sal_003059,ft_evt_0012,VIP,141000,true,2026-07-21 20:07:00
ft_tkt_0005839,ft_sal_003060,ft_evt_0012,General,57000,false,
ft_tkt_0005840,ft_sal_003061,ft_evt_0012,General,40000,false,
ft_tkt_0005841,ft_sal_003061,ft_evt_0012,General,40000,false,
ft_tkt_0005842,ft_sal_003061,ft_evt_0012,General,40000,true,2026-07-21 20:39:00
ft_tkt_0005843,ft_sal_003062,ft_evt_0012,Cortesía,0,false,
ft_tkt_0005844,ft_sal_003062,ft_evt_0012,Cortesía,0,false,
ft_tkt_0005845,ft_sal_003063,ft_evt_0012,Preferencial,85000,true,2026-07-21 20:15:00
ft_tkt_0005846,ft_sal_003063,ft_evt_0012,Preferencial,85000,true,2026-07-21 20:12:00
ft_tkt_0005847,ft_sal_003064,ft_evt_0012,General,46000,false,
ft_tkt_0005848,ft_sal_003065,ft_evt_0012,VIP,144000,false,
ft_tkt_0005849,ft_sal_003066,ft_evt_0012,General,44000,true,2026-07-21 20:23:00
ft_tkt_0005850,ft_sal_003066,ft_evt_0012,General,44000,true,2026-07-21 20:03:00
ft_tkt_0005851,ft_sal_003066,ft_evt_0012,General,44000,true,2026-07-21 19:48:00
ft_tkt_0005852,ft_sal_003066,ft_evt_0012,General,44000,true,2026-07-21 20:40:00
ft_tkt_0005853,ft_sal_003067,ft_evt_0012,General,64000,false,
ft_tkt_0005854,ft_sal_003067,ft_evt_0012,General,64000,true,2026-07-21 20:32:00
ft_tkt_0005855,ft_sal_003067,ft_evt_0012,General,64000,false,
ft_tkt_0005856,ft_sal_003067,ft_evt_0012,General,64000,false,
ft_tkt_0005857,ft_sal_003068,ft_evt_0012,General,43000,false,
ft_tkt_0005858,ft_sal_003068,ft_evt_0012,General,43000,false,
ft_tkt_0005859,ft_sal_003069,ft_evt_0012,General,46000,false,
ft_tkt_0005860,ft_sal_003070,ft_evt_0012,Cortesía,0,false,
ft_tkt_0005861,ft_sal_003071,ft_evt_0012,General,59000,true,2026-07-21 20:41:00
ft_tkt_0005862,ft_sal_003072,ft_evt_0012,General,58000,true,2026-07-21 20:46:00
ft_tkt_0005863,ft_sal_003072,ft_evt_0012,General,58000,false,
ft_tkt_0005864,ft_sal_003072,ft_evt_0012,General,58000,true,2026-07-21 19:55:00
ft_tkt_0005865,ft_sal_003073,ft_evt_0012,Cortesía,0,false,
ft_tkt_0005866,ft_sal_003074,ft_evt_0012,General,48000,false,
ft_tkt_0005867,ft_sal_003074,ft_evt_0012,General,48000,true,2026-07-21 19:50:00
ft_tkt_0005868,ft_sal_003075,ft_evt_0012,Cortesía,0,false,
ft_tkt_0005869,ft_sal_003076,ft_evt_0012,Preferencial,96000,false,
ft_tkt_0005870,ft_sal_003077,ft_evt_0012,General,61000,true,2026-07-21 19:40:00
ft_tkt_0005871,ft_sal_003078,ft_evt_0030,General,58000,false,
ft_tkt_0005872,ft_sal_003078,ft_evt_0030,General,58000,true,2026-07-22 19:41:00
ft_tkt_0005873,ft_sal_003079,ft_evt_0030,General,45000,false,
ft_tkt_0005874,ft_sal_003080,ft_evt_0030,General,44000,true,2026-07-22 19:17:00
ft_tkt_0005875,ft_sal_003080,ft_evt_0030,General,44000,true,2026-07-22 19:40:00
ft_tkt_0005876,ft_sal_003081,ft_evt_0030,General,46000,true,2026-07-22 20:23:00
ft_tkt_0005877,ft_sal_003081,ft_evt_0030,General,46000,false,
ft_tkt_0005878,ft_sal_003081,ft_evt_0030,General,46000,false,
ft_tkt_0005879,ft_sal_003082,ft_evt_0030,General,50000,true,2026-07-22 19:27:00
ft_tkt_0005880,ft_sal_003083,ft_evt_0030,Cortesía,0,false,
ft_tkt_0005881,ft_sal_003083,ft_evt_0030,Cortesía,0,false,
ft_tkt_0005882,ft_sal_003084,ft_evt_0030,General,45000,true,2026-07-22 19:43:00
ft_tkt_0005883,ft_sal_003084,ft_evt_0030,General,45000,true,2026-07-22 20:22:00
ft_tkt_0005884,ft_sal_003085,ft_evt_0030,General,45000,true,2026-07-22 19:42:00
ft_tkt_0005885,ft_sal_003086,ft_evt_0030,Cortesía,0,false,
ft_tkt_0005886,ft_sal_003087,ft_evt_0030,VIP,149000,true,2026-07-22 20:10:00
ft_tkt_0005887,ft_sal_003087,ft_evt_0030,VIP,149000,true,2026-07-22 19:49:00
ft_tkt_0005888,ft_sal_003088,ft_evt_0030,General,39000,false,
ft_tkt_0005889,ft_sal_003089,ft_evt_0030,General,45000,false,
ft_tkt_0005890,ft_sal_003090,ft_evt_0030,Cortesía,0,true,2026-07-22 20:22:00
ft_tkt_0005891,ft_sal_003090,ft_evt_0030,Cortesía,0,false,
ft_tkt_0005892,ft_sal_003091,ft_evt_0030,General,60000,true,2026-07-22 19:41:00
ft_tkt_0005893,ft_sal_003091,ft_evt_0030,General,60000,true,2026-07-22 19:10:00
ft_tkt_0005894,ft_sal_003091,ft_evt_0030,General,60000,true,2026-07-22 19:27:00
ft_tkt_0005895,ft_sal_003092,ft_evt_0030,General,40000,true,2026-07-22 20:13:00
ft_tkt_0005896,ft_sal_003093,ft_evt_0030,Preferencial,98000,true,2026-07-22 20:06:00
ft_tkt_0005897,ft_sal_003093,ft_evt_0030,Preferencial,98000,true,2026-07-22 19:22:00
ft_tkt_0005898,ft_sal_003094,ft_evt_0030,General,43000,false,
ft_tkt_0005899,ft_sal_003094,ft_evt_0030,General,43000,false,
ft_tkt_0005900,ft_sal_003094,ft_evt_0030,General,43000,true,2026-07-22 19:34:00
ft_tkt_0005901,ft_sal_003095,ft_evt_0030,General,45000,true,2026-07-22 19:36:00
ft_tkt_0005902,ft_sal_003095,ft_evt_0030,General,45000,true,2026-07-22 19:59:00
ft_tkt_0005903,ft_sal_003096,ft_evt_0030,General,44000,false,
ft_tkt_0005904,ft_sal_003097,ft_evt_0030,General,62000,false,
ft_tkt_0005905,ft_sal_003097,ft_evt_0030,General,62000,true,2026-07-22 20:02:00
ft_tkt_0005906,ft_sal_003098,ft_evt_0030,Preferencial,95000,true,2026-07-22 19:43:00
ft_tkt_0005907,ft_sal_003098,ft_evt_0030,Preferencial,95000,true,2026-07-22 19:25:00
ft_tkt_0005908,ft_sal_003098,ft_evt_0030,Preferencial,95000,false,
ft_tkt_0005909,ft_sal_003098,ft_evt_0030,Preferencial,95000,true,2026-07-22 20:11:00
ft_tkt_0005910,ft_sal_003099,ft_evt_0030,VIP,138000,false,
ft_tkt_0005911,ft_sal_003099,ft_evt_0030,VIP,138000,false,
ft_tkt_0005912,ft_sal_003099,ft_evt_0030,VIP,138000,false,
ft_tkt_0005913,ft_sal_003100,ft_evt_0030,General,47000,true,2026-07-22 19:49:00
ft_tkt_0005914,ft_sal_003100,ft_evt_0030,General,47000,true,2026-07-22 19:53:00
ft_tkt_0005915,ft_sal_003101,ft_evt_0030,General,46000,false,
ft_tkt_0005916,ft_sal_003102,ft_evt_0030,Preferencial,89000,true,2026-07-22 20:09:00
ft_tkt_0005917,ft_sal_003102,ft_evt_0030,Preferencial,89000,true,2026-07-22 19:37:00
ft_tkt_0005918,ft_sal_003102,ft_evt_0030,Preferencial,89000,false,
ft_tkt_0005919,ft_sal_003103,ft_evt_0030,Preferencial,96000,false,
ft_tkt_0005920,ft_sal_003103,ft_evt_0030,Preferencial,96000,false,
ft_tkt_0005921,ft_sal_003104,ft_evt_0030,Cortesía,0,true,2026-07-22 19:21:00
ft_tkt_0005922,ft_sal_003105,ft_evt_0030,General,46000,true,2026-07-22 20:12:00
ft_tkt_0005923,ft_sal_003106,ft_evt_0030,General,68000,true,2026-07-22 20:07:00
ft_tkt_0005924,ft_sal_003106,ft_evt_0030,General,68000,true,2026-07-22 19:25:00
ft_tkt_0005925,ft_sal_003106,ft_evt_0030,General,68000,true,2026-07-22 19:37:00
ft_tkt_0005926,ft_sal_003107,ft_evt_0030,General,67000,true,2026-07-22 19:14:00
ft_tkt_0005927,ft_sal_003108,ft_evt_0030,General,45000,false,
ft_tkt_0005928,ft_sal_003108,ft_evt_0030,General,45000,true,2026-07-22 20:20:00
ft_tkt_0005929,ft_sal_003109,ft_evt_0030,Preferencial,87000,true,2026-07-22 19:56:00
ft_tkt_0005930,ft_sal_003109,ft_evt_0030,Preferencial,87000,true,2026-07-22 20:01:00
ft_tkt_0005931,ft_sal_003109,ft_evt_0030,Preferencial,87000,true,2026-07-22 20:12:00
ft_tkt_0005932,ft_sal_003110,ft_evt_0030,Preferencial,95000,false,
ft_tkt_0005933,ft_sal_003110,ft_evt_0030,Preferencial,95000,true,2026-07-22 20:19:00
ft_tkt_0005934,ft_sal_003111,ft_evt_0030,Cortesía,0,false,
ft_tkt_0005935,ft_sal_003111,ft_evt_0030,Cortesía,0,true,2026-07-22 19:28:00
ft_tkt_0005936,ft_sal_003112,ft_evt_0030,VIP,127000,true,2026-07-22 19:50:00
ft_tkt_0005937,ft_sal_003112,ft_evt_0030,VIP,127000,true,2026-07-22 19:55:00
ft_tkt_0005938,ft_sal_003112,ft_evt_0030,VIP,127000,true,2026-07-22 20:10:00
ft_tkt_0005939,ft_sal_003113,ft_evt_0030,VIP,138000,true,2026-07-22 19:22:00
ft_tkt_0005940,ft_sal_003113,ft_evt_0030,VIP,138000,true,2026-07-22 20:03:00
ft_tkt_0005941,ft_sal_003113,ft_evt_0030,VIP,138000,true,2026-07-22 19:59:00
ft_tkt_0005942,ft_sal_003113,ft_evt_0030,VIP,138000,true,2026-07-22 19:18:00
ft_tkt_0005943,ft_sal_003113,ft_evt_0030,VIP,138000,true,2026-07-22 20:05:00
ft_tkt_0005944,ft_sal_003113,ft_evt_0030,VIP,138000,false,
ft_tkt_0005945,ft_sal_003114,ft_evt_0030,General,59000,false,
ft_tkt_0005946,ft_sal_003114,ft_evt_0030,General,59000,true,2026-07-22 20:08:00
ft_tkt_0005947,ft_sal_003115,ft_evt_0030,General,48000,false,
ft_tkt_0005948,ft_sal_003116,ft_evt_0030,VIP,138000,true,2026-07-22 20:13:00
ft_tkt_0005949,ft_sal_003117,ft_evt_0030,General,58000,true,2026-07-22 20:05:00
ft_tkt_0005950,ft_sal_003117,ft_evt_0030,General,58000,true,2026-07-22 19:18:00
ft_tkt_0005951,ft_sal_003117,ft_evt_0030,General,58000,true,2026-07-22 20:18:00
ft_tkt_0005952,ft_sal_003118,ft_evt_0030,General,47000,false,
ft_tkt_0005953,ft_sal_003119,ft_evt_0030,General,62000,true,2026-07-22 19:25:00
ft_tkt_0005954,ft_sal_003120,ft_evt_0030,General,40000,true,2026-07-22 19:30:00
ft_tkt_0005955,ft_sal_003121,ft_evt_0030,Preferencial,98000,true,2026-07-22 19:15:00
ft_tkt_0005956,ft_sal_003121,ft_evt_0030,Preferencial,98000,true,2026-07-22 19:24:00
ft_tkt_0005957,ft_sal_003122,ft_evt_0030,General,50000,false,
ft_tkt_0005958,ft_sal_003123,ft_evt_0030,VIP,134000,true,2026-07-22 20:19:00
ft_tkt_0005959,ft_sal_003124,ft_evt_0030,General,45000,true,2026-07-22 20:25:00
ft_tkt_0005960,ft_sal_003124,ft_evt_0030,General,45000,false,
ft_tkt_0005961,ft_sal_003124,ft_evt_0030,General,45000,false,
ft_tkt_0005962,ft_sal_003124,ft_evt_0030,General,45000,true,2026-07-22 19:44:00
ft_tkt_0005963,ft_sal_003125,ft_evt_0030,General,65000,true,2026-07-22 20:16:00
ft_tkt_0005964,ft_sal_003126,ft_evt_0030,VIP,133000,true,2026-07-22 19:42:00
ft_tkt_0005965,ft_sal_003127,ft_evt_0030,General,42000,true,2026-07-22 19:35:00
ft_tkt_0005966,ft_sal_003127,ft_evt_0030,General,42000,true,2026-07-22 19:51:00
ft_tkt_0005967,ft_sal_003128,ft_evt_0030,General,45000,false,
ft_tkt_0005968,ft_sal_003129,ft_evt_0030,General,57000,false,
ft_tkt_0005969,ft_sal_003129,ft_evt_0030,General,57000,true,2026-07-22 19:11:00
ft_tkt_0005970,ft_sal_003130,ft_evt_0030,Cortesía,0,false,
ft_tkt_0005971,ft_sal_003131,ft_evt_0030,General,60000,true,2026-07-22 20:07:00
ft_tkt_0005972,ft_sal_003131,ft_evt_0030,General,60000,true,2026-07-22 20:10:00
ft_tkt_0005973,ft_sal_003132,ft_evt_0030,General,41000,false,
ft_tkt_0005974,ft_sal_003132,ft_evt_0030,General,41000,true,2026-07-22 19:54:00
ft_tkt_0005975,ft_sal_003133,ft_evt_0030,General,44000,true,2026-07-22 19:26:00
ft_tkt_0005976,ft_sal_003134,ft_evt_0030,General,44000,true,2026-07-22 20:13:00
ft_tkt_0005977,ft_sal_003134,ft_evt_0030,General,44000,true,2026-07-22 20:05:00
ft_tkt_0005978,ft_sal_003135,ft_evt_0030,General,44000,true,2026-07-22 19:28:00
ft_tkt_0005979,ft_sal_003135,ft_evt_0030,General,44000,true,2026-07-22 19:16:00
ft_tkt_0005980,ft_sal_003135,ft_evt_0030,General,44000,true,2026-07-22 19:11:00
ft_tkt_0005981,ft_sal_003135,ft_evt_0030,General,44000,true,2026-07-22 19:29:00
ft_tkt_0005982,ft_sal_003135,ft_evt_0030,General,44000,true,2026-07-22 19:30:00
ft_tkt_0005983,ft_sal_003135,ft_evt_0030,General,44000,false,
ft_tkt_0005984,ft_sal_003136,ft_evt_0030,Cortesía,0,false,
ft_tkt_0005985,ft_sal_003137,ft_evt_0030,General,47000,true,2026-07-22 20:08:00
ft_tkt_0005986,ft_sal_003137,ft_evt_0030,General,47000,true,2026-07-22 20:17:00
ft_tkt_0005987,ft_sal_003138,ft_evt_0030,General,44000,true,2026-07-22 19:33:00
ft_tkt_0005988,ft_sal_003138,ft_evt_0030,General,44000,true,2026-07-22 19:40:00
ft_tkt_0005989,ft_sal_003139,ft_evt_0030,General,44000,true,2026-07-22 19:31:00
ft_tkt_0005990,ft_sal_003139,ft_evt_0030,General,44000,true,2026-07-22 19:22:00
ft_tkt_0005991,ft_sal_003139,ft_evt_0030,General,44000,true,2026-07-22 19:13:00
ft_tkt_0005992,ft_sal_003140,ft_evt_0030,General,46000,false,
ft_tkt_0005993,ft_sal_003140,ft_evt_0030,General,46000,false,
ft_tkt_0005994,ft_sal_003140,ft_evt_0030,General,46000,false,
ft_tkt_0005995,ft_sal_003141,ft_evt_0030,General,45000,false,
ft_tkt_0005996,ft_sal_003142,ft_evt_0030,General,42000,false,
ft_tkt_0005997,ft_sal_003143,ft_evt_0030,General,55000,true,2026-07-22 20:15:00
ft_tkt_0005998,ft_sal_003144,ft_evt_0030,Preferencial,93000,false,
ft_tkt_0005999,ft_sal_003144,ft_evt_0030,Preferencial,93000,false,
ft_tkt_0006000,ft_sal_003144,ft_evt_0030,Preferencial,93000,true,2026-07-22 19:10:00
ft_tkt_0006001,ft_sal_003144,ft_evt_0030,Preferencial,93000,false,
ft_tkt_0006002,ft_sal_003145,ft_evt_0030,General,46000,true,2026-07-22 19:33:00
ft_tkt_0006003,ft_sal_003146,ft_evt_0030,General,44000,true,2026-07-22 19:58:00
ft_tkt_0006004,ft_sal_003147,ft_evt_0030,General,57000,true,2026-07-22 19:39:00
ft_tkt_0006005,ft_sal_003148,ft_evt_0030,General,54000,false,
ft_tkt_0006006,ft_sal_003149,ft_evt_0030,General,60000,true,2026-07-22 20:10:00
ft_tkt_0006007,ft_sal_003149,ft_evt_0030,General,60000,false,
ft_tkt_0006008,ft_sal_003150,ft_evt_0030,Preferencial,90000,false,
ft_tkt_0006009,ft_sal_003150,ft_evt_0030,Preferencial,90000,false,
ft_tkt_0006010,ft_sal_003151,ft_evt_0030,General,56000,false,
ft_tkt_0006011,ft_sal_003152,ft_evt_0030,Preferencial,94000,true,2026-07-22 19:17:00
ft_tkt_0006012,ft_sal_003153,ft_evt_0030,General,57000,false,
ft_tkt_0006013,ft_sal_003153,ft_evt_0030,General,57000,false,
ft_tkt_0006014,ft_sal_003154,ft_evt_0030,General,46000,false,
ft_tkt_0006015,ft_sal_003154,ft_evt_0030,General,46000,false,
ft_tkt_0006016,ft_sal_003155,ft_evt_0030,Preferencial,103000,true,2026-07-22 19:57:00
ft_tkt_0006017,ft_sal_003156,ft_evt_0030,VIP,140000,true,2026-07-22 19:13:00
ft_tkt_0006018,ft_sal_003156,ft_evt_0030,VIP,140000,true,2026-07-22 19:12:00
ft_tkt_0006019,ft_sal_003157,ft_evt_0030,General,60000,true,2026-07-22 20:09:00
ft_tkt_0006020,ft_sal_003157,ft_evt_0030,General,60000,true,2026-07-22 19:33:00
ft_tkt_0006021,ft_sal_003158,ft_evt_0030,General,59000,true,2026-07-22 20:18:00
ft_tkt_0006022,ft_sal_003158,ft_evt_0030,General,59000,true,2026-07-22 19:48:00
ft_tkt_0006023,ft_sal_003159,ft_evt_0030,General,46000,true,2026-07-22 20:06:00
ft_tkt_0006024,ft_sal_003160,ft_evt_0030,Cortesía,0,true,2026-07-22 19:32:00
ft_tkt_0006025,ft_sal_003160,ft_evt_0030,Cortesía,0,false,
ft_tkt_0006026,ft_sal_003160,ft_evt_0030,Cortesía,0,true,2026-07-22 19:53:00
ft_tkt_0006027,ft_sal_003160,ft_evt_0030,Cortesía,0,false,
ft_tkt_0006028,ft_sal_003161,ft_evt_0030,General,57000,true,2026-07-22 19:24:00
ft_tkt_0006029,ft_sal_003161,ft_evt_0030,General,57000,true,2026-07-22 20:02:00
ft_tkt_0006030,ft_sal_003161,ft_evt_0030,General,57000,true,2026-07-22 20:02:00
ft_tkt_0006031,ft_sal_003162,ft_evt_0030,Preferencial,97000,false,
ft_tkt_0006032,ft_sal_003162,ft_evt_0030,Preferencial,97000,true,2026-07-22 19:18:00
ft_tkt_0006033,ft_sal_003163,ft_evt_0030,General,43000,true,2026-07-22 19:31:00
ft_tkt_0006034,ft_sal_003164,ft_evt_0030,Preferencial,94000,false,
ft_tkt_0006035,ft_sal_003165,ft_evt_0030,Preferencial,93000,true,2026-07-22 19:38:00
ft_tkt_0006036,ft_sal_003166,ft_evt_0030,General,46000,true,2026-07-22 19:25:00
ft_tkt_0006037,ft_sal_003166,ft_evt_0030,General,46000,true,2026-07-22 20:20:00
ft_tkt_0006038,ft_sal_003167,ft_evt_0030,General,64000,true,2026-07-22 19:37:00
ft_tkt_0006039,ft_sal_003168,ft_evt_0030,General,42000,false,
ft_tkt_0006040,ft_sal_003168,ft_evt_0030,General,42000,false,
ft_tkt_0006041,ft_sal_003168,ft_evt_0030,General,42000,true,2026-07-22 20:17:00
ft_tkt_0006042,ft_sal_003169,ft_evt_0030,Cortesía,0,false,
ft_tkt_0006043,ft_sal_003170,ft_evt_0030,Cortesía,0,false,
ft_tkt_0006044,ft_sal_003170,ft_evt_0030,Cortesía,0,true,2026-07-22 19:21:00
ft_tkt_0006045,ft_sal_003170,ft_evt_0030,Cortesía,0,true,2026-07-22 19:54:00
ft_tkt_0006046,ft_sal_003170,ft_evt_0030,Cortesía,0,false,
ft_tkt_0006047,ft_sal_003171,ft_evt_0030,General,44000,true,2026-07-22 19:37:00
ft_tkt_0006048,ft_sal_003171,ft_evt_0030,General,44000,true,2026-07-22 19:21:00
ft_tkt_0006049,ft_sal_003172,ft_evt_0030,Preferencial,91000,true,2026-07-22 19:25:00
ft_tkt_0006050,ft_sal_003172,ft_evt_0030,Preferencial,91000,true,2026-07-22 19:50:00
ft_tkt_0006051,ft_sal_003172,ft_evt_0030,Preferencial,91000,false,
ft_tkt_0006052,ft_sal_003173,ft_evt_0030,General,42000,false,
ft_tkt_0006053,ft_sal_003174,ft_evt_0030,Preferencial,87000,true,2026-07-22 19:58:00
ft_tkt_0006054,ft_sal_003175,ft_evt_0030,General,46000,true,2026-07-22 19:57:00
ft_tkt_0006055,ft_sal_003176,ft_evt_0030,VIP,134000,true,2026-07-22 19:22:00
ft_tkt_0006056,ft_sal_003176,ft_evt_0030,VIP,134000,true,2026-07-22 19:18:00
ft_tkt_0006057,ft_sal_003177,ft_evt_0030,Preferencial,92000,true,2026-07-22 19:29:00
ft_tkt_0006058,ft_sal_003177,ft_evt_0030,Preferencial,92000,true,2026-07-22 19:38:00
ft_tkt_0006059,ft_sal_003178,ft_evt_0030,General,44000,false,
ft_tkt_0006060,ft_sal_003178,ft_evt_0030,General,44000,true,2026-07-22 19:52:00
ft_tkt_0006061,ft_sal_003178,ft_evt_0030,General,44000,false,
ft_tkt_0006062,ft_sal_003178,ft_evt_0030,General,44000,false,
ft_tkt_0006063,ft_sal_003179,ft_evt_0030,General,43000,true,2026-07-22 20:20:00
ft_tkt_0006064,ft_sal_003179,ft_evt_0030,General,43000,true,2026-07-22 19:16:00
ft_tkt_0006065,ft_sal_003180,ft_evt_0030,Preferencial,90000,true,2026-07-22 20:18:00
ft_tkt_0006066,ft_sal_003180,ft_evt_0030,Preferencial,90000,true,2026-07-22 19:33:00
ft_tkt_0006067,ft_sal_003180,ft_evt_0030,Preferencial,90000,true,2026-07-22 20:18:00
ft_tkt_0006068,ft_sal_003180,ft_evt_0030,Preferencial,90000,true,2026-07-22 19:48:00
ft_tkt_0006069,ft_sal_003181,ft_evt_0030,Preferencial,103000,false,
ft_tkt_0006070,ft_sal_003182,ft_evt_0030,VIP,124000,true,2026-07-22 20:23:00
ft_tkt_0006071,ft_sal_003182,ft_evt_0030,VIP,124000,true,2026-07-22 20:11:00
ft_tkt_0006072,ft_sal_003183,ft_evt_0030,General,48000,true,2026-07-22 19:56:00
ft_tkt_0006073,ft_sal_003183,ft_evt_0030,General,48000,true,2026-07-22 19:16:00
ft_tkt_0006074,ft_sal_003183,ft_evt_0030,General,48000,false,
ft_tkt_0006075,ft_sal_003184,ft_evt_0030,General,41000,true,2026-07-22 19:43:00
ft_tkt_0006076,ft_sal_003184,ft_evt_0030,General,41000,false,
ft_tkt_0006077,ft_sal_003185,ft_evt_0030,Preferencial,99000,false,
ft_tkt_0006078,ft_sal_003185,ft_evt_0030,Preferencial,99000,false,
ft_tkt_0006079,ft_sal_003186,ft_evt_0030,VIP,141000,true,2026-07-22 20:12:00
ft_tkt_0006080,ft_sal_003186,ft_evt_0030,VIP,141000,true,2026-07-22 19:17:00
ft_tkt_0006081,ft_sal_003187,ft_evt_0030,General,62000,true,2026-07-22 20:07:00
ft_tkt_0006082,ft_sal_003188,ft_evt_0030,General,60000,false,
ft_tkt_0006083,ft_sal_003189,ft_evt_0030,General,61000,true,2026-07-22 19:52:00
ft_tkt_0006084,ft_sal_003189,ft_evt_0030,General,61000,false,
ft_tkt_0006085,ft_sal_003190,ft_evt_0021,General,62000,true,2026-07-23 20:14:00
ft_tkt_0006086,ft_sal_003190,ft_evt_0021,General,62000,false,
ft_tkt_0006087,ft_sal_003191,ft_evt_0021,General,45000,true,2026-07-23 20:11:00
ft_tkt_0006088,ft_sal_003191,ft_evt_0021,General,45000,true,2026-07-23 20:10:00
ft_tkt_0006089,ft_sal_003192,ft_evt_0021,VIP,145000,true,2026-07-23 19:30:00
ft_tkt_0006090,ft_sal_003192,ft_evt_0021,VIP,145000,true,2026-07-23 19:32:00
ft_tkt_0006091,ft_sal_003192,ft_evt_0021,VIP,145000,true,2026-07-23 19:14:00
ft_tkt_0006092,ft_sal_003192,ft_evt_0021,VIP,145000,false,
ft_tkt_0006093,ft_sal_003193,ft_evt_0021,General,45000,true,2026-07-23 20:20:00
ft_tkt_0006094,ft_sal_003193,ft_evt_0021,General,45000,true,2026-07-23 19:41:00
ft_tkt_0006095,ft_sal_003194,ft_evt_0021,VIP,129000,true,2026-07-23 20:21:00
ft_tkt_0006096,ft_sal_003194,ft_evt_0021,VIP,129000,true,2026-07-23 20:02:00
ft_tkt_0006097,ft_sal_003195,ft_evt_0021,Preferencial,92000,true,2026-07-23 19:43:00
ft_tkt_0006098,ft_sal_003195,ft_evt_0021,Preferencial,92000,true,2026-07-23 19:14:00
ft_tkt_0006099,ft_sal_003196,ft_evt_0021,General,44000,false,
ft_tkt_0006100,ft_sal_003196,ft_evt_0021,General,44000,true,2026-07-23 19:27:00
ft_tkt_0006101,ft_sal_003196,ft_evt_0021,General,44000,true,2026-07-23 19:12:00
ft_tkt_0006102,ft_sal_003197,ft_evt_0021,General,41000,true,2026-07-23 19:59:00
ft_tkt_0006103,ft_sal_003197,ft_evt_0021,General,41000,false,
ft_tkt_0006104,ft_sal_003197,ft_evt_0021,General,41000,false,
ft_tkt_0006105,ft_sal_003198,ft_evt_0021,General,42000,false,
ft_tkt_0006106,ft_sal_003199,ft_evt_0021,General,58000,false,
ft_tkt_0006107,ft_sal_003200,ft_evt_0021,General,45000,true,2026-07-23 19:49:00
ft_tkt_0006108,ft_sal_003200,ft_evt_0021,General,45000,true,2026-07-23 20:22:00
ft_tkt_0006109,ft_sal_003201,ft_evt_0021,General,53000,false,
ft_tkt_0006110,ft_sal_003201,ft_evt_0021,General,53000,true,2026-07-23 20:02:00
ft_tkt_0006111,ft_sal_003202,ft_evt_0021,Preferencial,95000,true,2026-07-23 19:32:00
ft_tkt_0006112,ft_sal_003203,ft_evt_0021,General,44000,true,2026-07-23 19:10:00
ft_tkt_0006113,ft_sal_003204,ft_evt_0021,Preferencial,91000,true,2026-07-23 20:19:00
ft_tkt_0006114,ft_sal_003205,ft_evt_0021,General,59000,true,2026-07-23 19:46:00
ft_tkt_0006115,ft_sal_003206,ft_evt_0021,Cortesía,0,true,2026-07-23 19:13:00
ft_tkt_0006116,ft_sal_003207,ft_evt_0021,Cortesía,0,true,2026-07-23 19:45:00
ft_tkt_0006117,ft_sal_003207,ft_evt_0021,Cortesía,0,true,2026-07-23 19:49:00
ft_tkt_0006118,ft_sal_003208,ft_evt_0021,General,46000,true,2026-07-23 19:37:00
ft_tkt_0006119,ft_sal_003209,ft_evt_0021,General,55000,true,2026-07-23 20:07:00
ft_tkt_0006120,ft_sal_003210,ft_evt_0021,General,60000,true,2026-07-23 20:11:00
ft_tkt_0006121,ft_sal_003211,ft_evt_0021,General,59000,false,
ft_tkt_0006122,ft_sal_003212,ft_evt_0021,General,47000,true,2026-07-23 19:16:00
ft_tkt_0006123,ft_sal_003213,ft_evt_0021,General,65000,true,2026-07-23 19:21:00
ft_tkt_0006124,ft_sal_003213,ft_evt_0021,General,65000,true,2026-07-23 19:28:00
ft_tkt_0006125,ft_sal_003213,ft_evt_0021,General,65000,true,2026-07-23 20:23:00
ft_tkt_0006126,ft_sal_003214,ft_evt_0021,General,62000,true,2026-07-23 20:15:00
ft_tkt_0006127,ft_sal_003215,ft_evt_0021,Cortesía,0,false,
ft_tkt_0006128,ft_sal_003215,ft_evt_0021,Cortesía,0,true,2026-07-23 20:16:00
ft_tkt_0006129,ft_sal_003216,ft_evt_0021,General,49000,false,
ft_tkt_0006130,ft_sal_003217,ft_evt_0021,General,41000,true,2026-07-23 20:13:00
ft_tkt_0006131,ft_sal_003217,ft_evt_0021,General,41000,true,2026-07-23 19:23:00
ft_tkt_0006132,ft_sal_003218,ft_evt_0021,General,45000,true,2026-07-23 19:34:00
ft_tkt_0006133,ft_sal_003218,ft_evt_0021,General,45000,true,2026-07-23 19:32:00
ft_tkt_0006134,ft_sal_003218,ft_evt_0021,General,45000,true,2026-07-23 19:14:00
ft_tkt_0006135,ft_sal_003218,ft_evt_0021,General,45000,true,2026-07-23 20:24:00
ft_tkt_0006136,ft_sal_003218,ft_evt_0021,General,45000,true,2026-07-23 19:49:00
ft_tkt_0006137,ft_sal_003218,ft_evt_0021,General,45000,true,2026-07-23 19:30:00
ft_tkt_0006138,ft_sal_003219,ft_evt_0021,VIP,137000,true,2026-07-23 20:03:00
ft_tkt_0006139,ft_sal_003220,ft_evt_0021,General,66000,true,2026-07-23 19:29:00
ft_tkt_0006140,ft_sal_003220,ft_evt_0021,General,66000,true,2026-07-23 20:15:00
ft_tkt_0006141,ft_sal_003220,ft_evt_0021,General,66000,true,2026-07-23 19:37:00
ft_tkt_0006142,ft_sal_003220,ft_evt_0021,General,66000,false,
ft_tkt_0006143,ft_sal_003221,ft_evt_0021,Cortesía,0,true,2026-07-23 20:22:00
ft_tkt_0006144,ft_sal_003221,ft_evt_0021,Cortesía,0,true,2026-07-23 19:20:00
ft_tkt_0006145,ft_sal_003222,ft_evt_0021,General,48000,false,
ft_tkt_0006146,ft_sal_003222,ft_evt_0021,General,48000,true,2026-07-23 19:26:00
ft_tkt_0006147,ft_sal_003223,ft_evt_0021,Preferencial,104000,false,
ft_tkt_0006148,ft_sal_003224,ft_evt_0021,Preferencial,97000,true,2026-07-23 20:14:00
ft_tkt_0006149,ft_sal_003225,ft_evt_0021,General,60000,false,
ft_tkt_0006150,ft_sal_003225,ft_evt_0021,General,60000,true,2026-07-23 20:25:00
ft_tkt_0006151,ft_sal_003226,ft_evt_0021,General,50000,true,2026-07-23 20:20:00
ft_tkt_0006152,ft_sal_003226,ft_evt_0021,General,50000,true,2026-07-23 20:23:00
ft_tkt_0006153,ft_sal_003227,ft_evt_0021,General,58000,true,2026-07-23 19:46:00
ft_tkt_0006154,ft_sal_003228,ft_evt_0021,General,46000,false,
ft_tkt_0006155,ft_sal_003229,ft_evt_0021,VIP,142000,true,2026-07-23 19:59:00
ft_tkt_0006156,ft_sal_003229,ft_evt_0021,VIP,142000,true,2026-07-23 19:57:00
ft_tkt_0006157,ft_sal_003230,ft_evt_0021,General,43000,true,2026-07-23 19:29:00
ft_tkt_0006158,ft_sal_003231,ft_evt_0021,Cortesía,0,true,2026-07-23 19:40:00
ft_tkt_0006159,ft_sal_003231,ft_evt_0021,Cortesía,0,false,
ft_tkt_0006160,ft_sal_003232,ft_evt_0021,Preferencial,101000,true,2026-07-23 20:00:00
ft_tkt_0006161,ft_sal_003232,ft_evt_0021,Preferencial,101000,true,2026-07-23 20:10:00
ft_tkt_0006162,ft_sal_003233,ft_evt_0021,General,49000,true,2026-07-23 20:15:00
ft_tkt_0006163,ft_sal_003233,ft_evt_0021,General,49000,false,
ft_tkt_0006164,ft_sal_003234,ft_evt_0021,VIP,139000,true,2026-07-23 20:23:00
ft_tkt_0006165,ft_sal_003235,ft_evt_0021,VIP,123000,true,2026-07-23 19:24:00
ft_tkt_0006166,ft_sal_003235,ft_evt_0021,VIP,123000,false,
ft_tkt_0006167,ft_sal_003236,ft_evt_0021,General,45000,false,
ft_tkt_0006168,ft_sal_003236,ft_evt_0021,General,45000,false,
ft_tkt_0006169,ft_sal_003236,ft_evt_0021,General,45000,true,2026-07-23 19:52:00
ft_tkt_0006170,ft_sal_003237,ft_evt_0021,General,45000,true,2026-07-23 19:45:00
ft_tkt_0006171,ft_sal_003238,ft_evt_0021,General,63000,false,
ft_tkt_0006172,ft_sal_003238,ft_evt_0021,General,63000,false,
ft_tkt_0006173,ft_sal_003239,ft_evt_0021,VIP,132000,true,2026-07-23 19:59:00
ft_tkt_0006174,ft_sal_003239,ft_evt_0021,VIP,132000,true,2026-07-23 20:15:00
ft_tkt_0006175,ft_sal_003240,ft_evt_0021,Preferencial,92000,true,2026-07-23 19:55:00
ft_tkt_0006176,ft_sal_003240,ft_evt_0021,Preferencial,92000,true,2026-07-23 20:05:00
ft_tkt_0006177,ft_sal_003241,ft_evt_0021,Cortesía,0,true,2026-07-23 20:23:00
ft_tkt_0006178,ft_sal_003241,ft_evt_0021,Cortesía,0,false,
ft_tkt_0006179,ft_sal_003241,ft_evt_0021,Cortesía,0,true,2026-07-23 20:15:00
ft_tkt_0006180,ft_sal_003241,ft_evt_0021,Cortesía,0,false,
ft_tkt_0006181,ft_sal_003242,ft_evt_0004,Cortesía,0,true,2026-07-24 20:33:00
ft_tkt_0006182,ft_sal_003243,ft_evt_0004,Cortesía,0,true,2026-07-24 20:55:00
ft_tkt_0006183,ft_sal_003243,ft_evt_0004,Cortesía,0,false,
ft_tkt_0006184,ft_sal_003244,ft_evt_0004,Cortesía,0,false,
ft_tkt_0006185,ft_sal_003245,ft_evt_0004,Cortesía,0,true,2026-07-24 19:48:00
ft_tkt_0006186,ft_sal_003246,ft_evt_0004,Cortesía,0,true,2026-07-24 20:13:00
ft_tkt_0006187,ft_sal_003246,ft_evt_0004,Cortesía,0,false,
ft_tkt_0006188,ft_sal_003247,ft_evt_0004,Cortesía,0,false,
ft_tkt_0006189,ft_sal_003247,ft_evt_0004,Cortesía,0,false,
ft_tkt_0006190,ft_sal_003247,ft_evt_0004,Cortesía,0,true,2026-07-24 20:40:00
ft_tkt_0006191,ft_sal_003247,ft_evt_0004,Cortesía,0,true,2026-07-24 20:26:00
ft_tkt_0006192,ft_sal_003248,ft_evt_0004,Cortesía,0,false,
ft_tkt_0006193,ft_sal_003248,ft_evt_0004,Cortesía,0,true,2026-07-24 20:02:00
ft_tkt_0006194,ft_sal_003249,ft_evt_0004,Cortesía,0,false,
ft_tkt_0006195,ft_sal_003250,ft_evt_0004,Cortesía,0,true,2026-07-24 20:25:00
ft_tkt_0006196,ft_sal_003251,ft_evt_0004,Cortesía,0,true,2026-07-24 20:17:00
ft_tkt_0006197,ft_sal_003252,ft_evt_0004,Cortesía,0,true,2026-07-24 20:26:00
ft_tkt_0006198,ft_sal_003253,ft_evt_0004,Cortesía,0,true,2026-07-24 20:39:00
ft_tkt_0006199,ft_sal_003254,ft_evt_0004,Cortesía,0,true,2026-07-24 20:14:00
ft_tkt_0006200,ft_sal_003255,ft_evt_0004,Cortesía,0,false,
ft_tkt_0006201,ft_sal_003256,ft_evt_0004,Cortesía,0,false,
ft_tkt_0006202,ft_sal_003257,ft_evt_0004,Cortesía,0,false,
ft_tkt_0006203,ft_sal_003257,ft_evt_0004,Cortesía,0,true,2026-07-24 20:38:00
ft_tkt_0006204,ft_sal_003258,ft_evt_0004,Cortesía,0,false,
ft_tkt_0006205,ft_sal_003259,ft_evt_0004,Cortesía,0,false,
ft_tkt_0006206,ft_sal_003259,ft_evt_0004,Cortesía,0,true,2026-07-24 19:47:00
ft_tkt_0006207,ft_sal_003260,ft_evt_0004,Cortesía,0,false,
ft_tkt_0006208,ft_sal_003260,ft_evt_0004,Cortesía,0,true,2026-07-24 19:58:00
ft_tkt_0006209,ft_sal_003260,ft_evt_0004,Cortesía,0,false,
ft_tkt_0006210,ft_sal_003261,ft_evt_0004,Cortesía,0,false,
ft_tkt_0006211,ft_sal_003262,ft_evt_0004,Cortesía,0,true,2026-07-24 20:14:00
ft_tkt_0006212,ft_sal_003263,ft_evt_0004,Cortesía,0,false,
ft_tkt_0006213,ft_sal_003263,ft_evt_0004,Cortesía,0,false,
ft_tkt_0006214,ft_sal_003264,ft_evt_0004,Cortesía,0,true,2026-07-24 20:09:00
ft_tkt_0006215,ft_sal_003264,ft_evt_0004,Cortesía,0,false,
ft_tkt_0006216,ft_sal_003265,ft_evt_0004,Cortesía,0,true,2026-07-24 20:06:00
ft_tkt_0006217,ft_sal_003265,ft_evt_0004,Cortesía,0,true,2026-07-24 19:52:00
ft_tkt_0006218,ft_sal_003265,ft_evt_0004,Cortesía,0,true,2026-07-24 20:05:00
ft_tkt_0006219,ft_sal_003266,ft_evt_0004,Cortesía,0,true,2026-07-24 20:10:00
ft_tkt_0006220,ft_sal_003266,ft_evt_0004,Cortesía,0,true,2026-07-24 20:47:00
ft_tkt_0006221,ft_sal_003266,ft_evt_0004,Cortesía,0,false,
ft_tkt_0006222,ft_sal_003267,ft_evt_0004,Cortesía,0,true,2026-07-24 20:28:00
ft_tkt_0006223,ft_sal_003268,ft_evt_0004,Cortesía,0,true,2026-07-24 19:52:00
ft_tkt_0006224,ft_sal_003268,ft_evt_0004,Cortesía,0,true,2026-07-24 19:48:00
ft_tkt_0006225,ft_sal_003269,ft_evt_0004,Cortesía,0,true,2026-07-24 20:08:00
ft_tkt_0006226,ft_sal_003270,ft_evt_0004,Cortesía,0,true,2026-07-24 20:32:00
ft_tkt_0006227,ft_sal_003270,ft_evt_0004,Cortesía,0,false,
ft_tkt_0006228,ft_sal_003270,ft_evt_0004,Cortesía,0,false,
ft_tkt_0006229,ft_sal_003270,ft_evt_0004,Cortesía,0,true,2026-07-24 19:48:00
ft_tkt_0006230,ft_sal_003271,ft_evt_0004,Cortesía,0,true,2026-07-24 20:25:00
ft_tkt_0006231,ft_sal_003272,ft_evt_0004,Cortesía,0,false,
ft_tkt_0006232,ft_sal_003272,ft_evt_0004,Cortesía,0,false,
ft_tkt_0006233,ft_sal_003273,ft_evt_0004,Cortesía,0,true,2026-07-24 20:14:00
ft_tkt_0006234,ft_sal_003274,ft_evt_0004,Cortesía,0,false,
ft_tkt_0006235,ft_sal_003275,ft_evt_0004,Cortesía,0,true,2026-07-24 20:02:00
ft_tkt_0006236,ft_sal_003276,ft_evt_0004,Cortesía,0,false,
ft_tkt_0006237,ft_sal_003276,ft_evt_0004,Cortesía,0,true,2026-07-24 20:27:00
ft_tkt_0006238,ft_sal_003276,ft_evt_0004,Cortesía,0,true,2026-07-24 20:17:00
ft_tkt_0006239,ft_sal_003276,ft_evt_0004,Cortesía,0,false,
ft_tkt_0006240,ft_sal_003276,ft_evt_0004,Cortesía,0,false,
ft_tkt_0006241,ft_sal_003276,ft_evt_0004,Cortesía,0,false,
ft_tkt_0006242,ft_sal_003277,ft_evt_0004,Cortesía,0,true,2026-07-24 19:52:00
ft_tkt_0006243,ft_sal_003278,ft_evt_0004,Cortesía,0,false,
ft_tkt_0006244,ft_sal_003279,ft_evt_0004,Cortesía,0,false,
ft_tkt_0006245,ft_sal_003279,ft_evt_0004,Cortesía,0,false,
ft_tkt_0006246,ft_sal_003280,ft_evt_0004,Cortesía,0,true,2026-07-24 20:22:00
ft_tkt_0006247,ft_sal_003280,ft_evt_0004,Cortesía,0,false,
ft_tkt_0006248,ft_sal_003280,ft_evt_0004,Cortesía,0,false,
ft_tkt_0006249,ft_sal_003280,ft_evt_0004,Cortesía,0,true,2026-07-24 20:42:00
ft_tkt_0006250,ft_sal_003281,ft_evt_0004,Cortesía,0,false,
ft_tkt_0006251,ft_sal_003282,ft_evt_0004,Cortesía,0,false,
ft_tkt_0006252,ft_sal_003282,ft_evt_0004,Cortesía,0,false,
ft_tkt_0006253,ft_sal_003283,ft_evt_0004,Cortesía,0,false,
ft_tkt_0006254,ft_sal_003284,ft_evt_0004,Cortesía,0,false,
ft_tkt_0006255,ft_sal_003284,ft_evt_0004,Cortesía,0,false,
ft_tkt_0006256,ft_sal_003285,ft_evt_0004,Cortesía,0,true,2026-07-24 19:40:00
ft_tkt_0006257,ft_sal_003286,ft_evt_0004,Cortesía,0,true,2026-07-24 20:18:00
ft_tkt_0006258,ft_sal_003287,ft_evt_0004,Cortesía,0,true,2026-07-24 19:42:00
ft_tkt_0006259,ft_sal_003287,ft_evt_0004,Cortesía,0,true,2026-07-24 20:44:00
ft_tkt_0006260,ft_sal_003287,ft_evt_0004,Cortesía,0,true,2026-07-24 20:16:00
ft_tkt_0006261,ft_sal_003287,ft_evt_0004,Cortesía,0,true,2026-07-24 20:48:00
ft_tkt_0006262,ft_sal_003288,ft_evt_0004,Cortesía,0,false,
ft_tkt_0006263,ft_sal_003289,ft_evt_0004,Cortesía,0,true,2026-07-24 20:51:00
ft_tkt_0006264,ft_sal_003289,ft_evt_0004,Cortesía,0,false,
ft_tkt_0006265,ft_sal_003290,ft_evt_0004,Cortesía,0,false,
ft_tkt_0006266,ft_sal_003291,ft_evt_0004,Cortesía,0,true,2026-07-24 19:51:00
ft_tkt_0006267,ft_sal_003292,ft_evt_0004,Cortesía,0,true,2026-07-24 20:48:00
ft_tkt_0006268,ft_sal_003293,ft_evt_0004,Cortesía,0,false,
ft_tkt_0006269,ft_sal_003293,ft_evt_0004,Cortesía,0,false,
ft_tkt_0006270,ft_sal_003294,ft_evt_0004,Cortesía,0,true,2026-07-24 20:32:00
ft_tkt_0006271,ft_sal_003295,ft_evt_0004,Cortesía,0,true,2026-07-24 19:47:00
ft_tkt_0006272,ft_sal_003295,ft_evt_0004,Cortesía,0,false,
ft_tkt_0006273,ft_sal_003296,ft_evt_0004,Cortesía,0,true,2026-07-24 20:20:00
ft_tkt_0006274,ft_sal_003297,ft_evt_0004,Cortesía,0,false,
ft_tkt_0006275,ft_sal_003297,ft_evt_0004,Cortesía,0,false,
ft_tkt_0006276,ft_sal_003298,ft_evt_0004,Cortesía,0,false,
ft_tkt_0006277,ft_sal_003298,ft_evt_0004,Cortesía,0,false,
ft_tkt_0006278,ft_sal_003299,ft_evt_0004,Cortesía,0,false,
ft_tkt_0006279,ft_sal_003299,ft_evt_0004,Cortesía,0,true,2026-07-24 20:17:00
ft_tkt_0006280,ft_sal_003300,ft_evt_0004,Cortesía,0,false,
ft_tkt_0006281,ft_sal_003300,ft_evt_0004,Cortesía,0,false,
ft_tkt_0006282,ft_sal_003300,ft_evt_0004,Cortesía,0,false,
ft_tkt_0006283,ft_sal_003301,ft_evt_0004,Cortesía,0,false,
ft_tkt_0006284,ft_sal_003302,ft_evt_0004,Cortesía,0,true,2026-07-24 19:59:00
ft_tkt_0006285,ft_sal_003302,ft_evt_0004,Cortesía,0,true,2026-07-24 20:12:00
ft_tkt_0006286,ft_sal_003302,ft_evt_0004,Cortesía,0,true,2026-07-24 20:14:00
ft_tkt_0006287,ft_sal_003302,ft_evt_0004,Cortesía,0,true,2026-07-24 19:57:00
ft_tkt_0006288,ft_sal_003303,ft_evt_0004,Cortesía,0,false,
ft_tkt_0006289,ft_sal_003304,ft_evt_0004,Cortesía,0,false,
ft_tkt_0006290,ft_sal_003304,ft_evt_0004,Cortesía,0,true,2026-07-24 20:20:00
ft_tkt_0006291,ft_sal_003305,ft_evt_0004,Cortesía,0,true,2026-07-24 19:54:00
ft_tkt_0006292,ft_sal_003305,ft_evt_0004,Cortesía,0,false,
ft_tkt_0006293,ft_sal_003306,ft_evt_0004,Cortesía,0,true,2026-07-24 20:07:00
ft_tkt_0006294,ft_sal_003307,ft_evt_0004,Cortesía,0,true,2026-07-24 20:20:00
ft_tkt_0006295,ft_sal_003308,ft_evt_0004,Cortesía,0,false,
ft_tkt_0006296,ft_sal_003308,ft_evt_0004,Cortesía,0,false,
ft_tkt_0006297,ft_sal_003309,ft_evt_0004,Cortesía,0,false,
ft_tkt_0006298,ft_sal_003310,ft_evt_0004,Cortesía,0,true,2026-07-24 20:32:00
ft_tkt_0006299,ft_sal_003311,ft_evt_0004,Cortesía,0,true,2026-07-24 20:17:00
ft_tkt_0006300,ft_sal_003312,ft_evt_0004,Cortesía,0,true,2026-07-24 19:52:00
ft_tkt_0006301,ft_sal_003313,ft_evt_0004,Cortesía,0,true,2026-07-24 20:19:00
ft_tkt_0006302,ft_sal_003313,ft_evt_0004,Cortesía,0,true,2026-07-24 20:30:00
ft_tkt_0006303,ft_sal_003313,ft_evt_0004,Cortesía,0,true,2026-07-24 20:53:00
ft_tkt_0006304,ft_sal_003314,ft_evt_0004,Cortesía,0,true,2026-07-24 20:33:00
ft_tkt_0006305,ft_sal_003315,ft_evt_0004,Cortesía,0,true,2026-07-24 20:13:00
ft_tkt_0006306,ft_sal_003316,ft_evt_0004,Cortesía,0,false,
ft_tkt_0006307,ft_sal_003316,ft_evt_0004,Cortesía,0,true,2026-07-24 19:41:00
ft_tkt_0006308,ft_sal_003316,ft_evt_0004,Cortesía,0,true,2026-07-24 20:32:00
ft_tkt_0006309,ft_sal_003316,ft_evt_0004,Cortesía,0,true,2026-07-24 20:35:00
ft_tkt_0006310,ft_sal_003317,ft_evt_0004,Cortesía,0,true,2026-07-24 20:29:00
ft_tkt_0006311,ft_sal_003317,ft_evt_0004,Cortesía,0,true,2026-07-24 20:26:00
ft_tkt_0006312,ft_sal_003318,ft_evt_0004,Cortesía,0,false,
ft_tkt_0006313,ft_sal_003318,ft_evt_0004,Cortesía,0,true,2026-07-24 20:17:00
ft_tkt_0006314,ft_sal_003318,ft_evt_0004,Cortesía,0,true,2026-07-24 20:12:00
ft_tkt_0006315,ft_sal_003318,ft_evt_0004,Cortesía,0,true,2026-07-24 20:11:00
ft_tkt_0006316,ft_sal_003318,ft_evt_0004,Cortesía,0,false,
ft_tkt_0006317,ft_sal_003318,ft_evt_0004,Cortesía,0,true,2026-07-24 19:56:00
ft_tkt_0006318,ft_sal_003319,ft_evt_0004,Cortesía,0,false,
ft_tkt_0006319,ft_sal_003320,ft_evt_0004,Cortesía,0,true,2026-07-24 20:20:00
ft_tkt_0006320,ft_sal_003320,ft_evt_0004,Cortesía,0,true,2026-07-24 20:14:00
ft_tkt_0006321,ft_sal_003321,ft_evt_0004,Cortesía,0,false,
ft_tkt_0006322,ft_sal_003322,ft_evt_0061,General,58000,true,2026-07-24 19:41:00
ft_tkt_0006323,ft_sal_003323,ft_evt_0061,General,58000,false,
ft_tkt_0006324,ft_sal_003323,ft_evt_0061,General,58000,false,
ft_tkt_0006325,ft_sal_003324,ft_evt_0061,General,58000,false,
ft_tkt_0006326,ft_sal_003324,ft_evt_0061,General,58000,false,
ft_tkt_0006327,ft_sal_003325,ft_evt_0061,Preferencial,97000,false,
ft_tkt_0006328,ft_sal_003326,ft_evt_0061,VIP,150000,false,
ft_tkt_0006329,ft_sal_003327,ft_evt_0061,General,44000,false,
ft_tkt_0006330,ft_sal_003328,ft_evt_0061,Preferencial,102000,false,
ft_tkt_0006331,ft_sal_003329,ft_evt_0061,Cortesía,0,false,
ft_tkt_0006332,ft_sal_003329,ft_evt_0061,Cortesía,0,true,2026-07-24 20:37:00
ft_tkt_0006333,ft_sal_003329,ft_evt_0061,Cortesía,0,false,
ft_tkt_0006334,ft_sal_003329,ft_evt_0061,Cortesía,0,true,2026-07-24 20:45:00
ft_tkt_0006335,ft_sal_003330,ft_evt_0061,General,61000,false,
ft_tkt_0006336,ft_sal_003331,ft_evt_0061,General,63000,true,2026-07-24 20:39:00
ft_tkt_0006337,ft_sal_003332,ft_evt_0061,Preferencial,98000,false,
ft_tkt_0006338,ft_sal_003332,ft_evt_0061,Preferencial,98000,false,
ft_tkt_0006339,ft_sal_003332,ft_evt_0061,Preferencial,98000,false,
ft_tkt_0006340,ft_sal_003333,ft_evt_0061,VIP,134000,false,
ft_tkt_0006341,ft_sal_003333,ft_evt_0061,VIP,134000,true,2026-07-24 20:16:00
ft_tkt_0006342,ft_sal_003334,ft_evt_0061,General,64000,false,
ft_tkt_0006343,ft_sal_003335,ft_evt_0061,General,58000,true,2026-07-24 20:46:00
ft_tkt_0006344,ft_sal_003335,ft_evt_0061,General,58000,false,
ft_tkt_0006345,ft_sal_003336,ft_evt_0061,General,41000,false,
ft_tkt_0006346,ft_sal_003336,ft_evt_0061,General,41000,false,
ft_tkt_0006347,ft_sal_003336,ft_evt_0061,General,41000,true,2026-07-24 19:59:00
ft_tkt_0006348,ft_sal_003336,ft_evt_0061,General,41000,true,2026-07-24 20:09:00
ft_tkt_0006349,ft_sal_003337,ft_evt_0061,Preferencial,95000,true,2026-07-24 19:44:00
ft_tkt_0006350,ft_sal_003337,ft_evt_0061,Preferencial,95000,false,
ft_tkt_0006351,ft_sal_003338,ft_evt_0061,General,47000,true,2026-07-24 19:56:00
ft_tkt_0006352,ft_sal_003338,ft_evt_0061,General,47000,true,2026-07-24 20:42:00
ft_tkt_0006353,ft_sal_003339,ft_evt_0061,Preferencial,101000,true,2026-07-24 20:44:00
ft_tkt_0006354,ft_sal_003339,ft_evt_0061,Preferencial,101000,true,2026-07-24 19:54:00
ft_tkt_0006355,ft_sal_003339,ft_evt_0061,Preferencial,101000,false,
ft_tkt_0006356,ft_sal_003339,ft_evt_0061,Preferencial,101000,true,2026-07-24 20:33:00
ft_tkt_0006357,ft_sal_003340,ft_evt_0061,Cortesía,0,true,2026-07-24 19:45:00
ft_tkt_0006358,ft_sal_003341,ft_evt_0061,General,43000,false,
ft_tkt_0006359,ft_sal_003341,ft_evt_0061,General,43000,false,
ft_tkt_0006360,ft_sal_003342,ft_evt_0061,VIP,140000,false,
ft_tkt_0006361,ft_sal_003343,ft_evt_0061,General,61000,false,
ft_tkt_0006362,ft_sal_003343,ft_evt_0061,General,61000,false,
ft_tkt_0006363,ft_sal_003344,ft_evt_0061,General,50000,false,
ft_tkt_0006364,ft_sal_003344,ft_evt_0061,General,50000,true,2026-07-24 19:52:00
ft_tkt_0006365,ft_sal_003344,ft_evt_0061,General,50000,false,
ft_tkt_0006366,ft_sal_003345,ft_evt_0061,General,45000,false,
ft_tkt_0006367,ft_sal_003345,ft_evt_0061,General,45000,true,2026-07-24 19:59:00
ft_tkt_0006368,ft_sal_003346,ft_evt_0061,General,42000,false,
ft_tkt_0006369,ft_sal_003346,ft_evt_0061,General,42000,false,
ft_tkt_0006370,ft_sal_003347,ft_evt_0061,Cortesía,0,false,
ft_tkt_0006371,ft_sal_003348,ft_evt_0061,Cortesía,0,true,2026-07-24 19:43:00
ft_tkt_0006372,ft_sal_003349,ft_evt_0061,General,60000,true,2026-07-24 19:57:00
ft_tkt_0006373,ft_sal_003349,ft_evt_0061,General,60000,true,2026-07-24 20:41:00
ft_tkt_0006374,ft_sal_003350,ft_evt_0061,General,49000,true,2026-07-24 20:01:00
ft_tkt_0006375,ft_sal_003350,ft_evt_0061,General,49000,true,2026-07-24 19:45:00
ft_tkt_0006376,ft_sal_003351,ft_evt_0061,General,58000,true,2026-07-24 19:58:00
ft_tkt_0006377,ft_sal_003351,ft_evt_0061,General,58000,false,
ft_tkt_0006378,ft_sal_003352,ft_evt_0061,General,44000,true,2026-07-24 19:47:00
ft_tkt_0006379,ft_sal_003353,ft_evt_0061,General,48000,true,2026-07-24 20:19:00
ft_tkt_0006380,ft_sal_003354,ft_evt_0061,Preferencial,100000,true,2026-07-24 20:46:00
ft_tkt_0006381,ft_sal_003354,ft_evt_0061,Preferencial,100000,false,
ft_tkt_0006382,ft_sal_003354,ft_evt_0061,Preferencial,100000,false,
ft_tkt_0006383,ft_sal_003354,ft_evt_0061,Preferencial,100000,false,
ft_tkt_0006384,ft_sal_003355,ft_evt_0061,Preferencial,91000,false,
ft_tkt_0006385,ft_sal_003355,ft_evt_0061,Preferencial,91000,true,2026-07-24 19:41:00
ft_tkt_0006386,ft_sal_003355,ft_evt_0061,Preferencial,91000,false,
ft_tkt_0006387,ft_sal_003355,ft_evt_0061,Preferencial,91000,true,2026-07-24 20:28:00
ft_tkt_0006388,ft_sal_003355,ft_evt_0061,Preferencial,91000,true,2026-07-24 20:25:00
ft_tkt_0006389,ft_sal_003355,ft_evt_0061,Preferencial,91000,false,
ft_tkt_0006390,ft_sal_003356,ft_evt_0061,General,55000,false,
ft_tkt_0006391,ft_sal_003356,ft_evt_0061,General,55000,true,2026-07-24 20:31:00
ft_tkt_0006392,ft_sal_003356,ft_evt_0061,General,55000,false,
ft_tkt_0006393,ft_sal_003357,ft_evt_0061,General,59000,true,2026-07-24 20:15:00
ft_tkt_0006394,ft_sal_003357,ft_evt_0061,General,59000,true,2026-07-24 20:43:00
ft_tkt_0006395,ft_sal_003357,ft_evt_0061,General,59000,true,2026-07-24 20:33:00
ft_tkt_0006396,ft_sal_003358,ft_evt_0061,Cortesía,0,false,
ft_tkt_0006397,ft_sal_003359,ft_evt_0061,General,59000,false,
ft_tkt_0006398,ft_sal_003360,ft_evt_0061,Preferencial,97000,true,2026-07-24 20:23:00
ft_tkt_0006399,ft_sal_003360,ft_evt_0061,Preferencial,97000,false,
ft_tkt_0006400,ft_sal_003360,ft_evt_0061,Preferencial,97000,true,2026-07-24 20:12:00
ft_tkt_0006401,ft_sal_003360,ft_evt_0061,Preferencial,97000,true,2026-07-24 20:17:00
ft_tkt_0006402,ft_sal_003361,ft_evt_0061,Preferencial,94000,true,2026-07-24 19:44:00
ft_tkt_0006403,ft_sal_003361,ft_evt_0061,Preferencial,94000,false,
ft_tkt_0006404,ft_sal_003362,ft_evt_0061,General,46000,true,2026-07-24 20:10:00
ft_tkt_0006405,ft_sal_003362,ft_evt_0061,General,46000,false,
ft_tkt_0006406,ft_sal_003362,ft_evt_0061,General,46000,false,
ft_tkt_0006407,ft_sal_003362,ft_evt_0061,General,46000,true,2026-07-24 19:50:00
ft_tkt_0006408,ft_sal_003363,ft_evt_0061,General,42000,false,
ft_tkt_0006409,ft_sal_003363,ft_evt_0061,General,42000,true,2026-07-24 20:37:00
ft_tkt_0006410,ft_sal_003364,ft_evt_0061,General,45000,false,
ft_tkt_0006411,ft_sal_003365,ft_evt_0061,VIP,140000,true,2026-07-24 20:36:00
ft_tkt_0006412,ft_sal_003365,ft_evt_0061,VIP,140000,true,2026-07-24 20:28:00
ft_tkt_0006413,ft_sal_003365,ft_evt_0061,VIP,140000,true,2026-07-24 20:09:00
ft_tkt_0006414,ft_sal_003366,ft_evt_0061,General,48000,true,2026-07-24 19:51:00
ft_tkt_0006415,ft_sal_003366,ft_evt_0061,General,48000,true,2026-07-24 19:54:00
ft_tkt_0006416,ft_sal_003366,ft_evt_0061,General,48000,false,
ft_tkt_0006417,ft_sal_003366,ft_evt_0061,General,48000,true,2026-07-24 20:27:00
ft_tkt_0006418,ft_sal_003367,ft_evt_0061,VIP,146000,false,
ft_tkt_0006419,ft_sal_003368,ft_evt_0061,General,41000,true,2026-07-24 20:26:00
ft_tkt_0006420,ft_sal_003368,ft_evt_0061,General,41000,false,
ft_tkt_0006421,ft_sal_003369,ft_evt_0061,VIP,142000,false,
ft_tkt_0006422,ft_sal_003370,ft_evt_0061,General,44000,true,2026-07-24 20:39:00
ft_tkt_0006423,ft_sal_003371,ft_evt_0061,General,54000,false,
ft_tkt_0006424,ft_sal_003371,ft_evt_0061,General,54000,true,2026-07-24 20:41:00
ft_tkt_0006425,ft_sal_003372,ft_evt_0061,General,44000,false,
ft_tkt_0006426,ft_sal_003372,ft_evt_0061,General,44000,false,
ft_tkt_0006427,ft_sal_003373,ft_evt_0061,VIP,142000,false,
ft_tkt_0006428,ft_sal_003373,ft_evt_0061,VIP,142000,false,
ft_tkt_0006429,ft_sal_003373,ft_evt_0061,VIP,142000,false,
ft_tkt_0006430,ft_sal_003373,ft_evt_0061,VIP,142000,false,
ft_tkt_0006431,ft_sal_003374,ft_evt_0061,General,48000,false,
ft_tkt_0006432,ft_sal_003374,ft_evt_0061,General,48000,false,
ft_tkt_0006433,ft_sal_003375,ft_evt_0061,General,40000,false,
ft_tkt_0006434,ft_sal_003376,ft_evt_0061,General,48000,false,
ft_tkt_0006435,ft_sal_003376,ft_evt_0061,General,48000,false,
ft_tkt_0006436,ft_sal_003376,ft_evt_0061,General,48000,false,
ft_tkt_0006437,ft_sal_003377,ft_evt_0061,General,55000,true,2026-07-24 20:28:00
ft_tkt_0006438,ft_sal_003378,ft_evt_0061,General,43000,true,2026-07-24 20:03:00
ft_tkt_0006439,ft_sal_003378,ft_evt_0061,General,43000,false,
ft_tkt_0006440,ft_sal_003379,ft_evt_0061,General,61000,true,2026-07-24 20:08:00
ft_tkt_0006441,ft_sal_003379,ft_evt_0061,General,61000,false,
ft_tkt_0006442,ft_sal_003380,ft_evt_0061,VIP,131000,true,2026-07-24 20:33:00
ft_tkt_0006443,ft_sal_003380,ft_evt_0061,VIP,131000,false,
ft_tkt_0006444,ft_sal_003381,ft_evt_0061,VIP,145000,false,
ft_tkt_0006445,ft_sal_003382,ft_evt_0061,Preferencial,91000,true,2026-07-24 20:37:00
ft_tkt_0006446,ft_sal_003382,ft_evt_0061,Preferencial,91000,false,
ft_tkt_0006447,ft_sal_003383,ft_evt_0061,General,45000,false,
ft_tkt_0006448,ft_sal_003383,ft_evt_0061,General,45000,false,
ft_tkt_0006449,ft_sal_003384,ft_evt_0061,General,56000,false,
ft_tkt_0006450,ft_sal_003385,ft_evt_0061,General,59000,true,2026-07-24 20:06:00
ft_tkt_0006451,ft_sal_003385,ft_evt_0061,General,59000,false,
ft_tkt_0006452,ft_sal_003386,ft_evt_0061,Preferencial,104000,true,2026-07-24 20:52:00
ft_tkt_0006453,ft_sal_003387,ft_evt_0061,Preferencial,90000,true,2026-07-24 20:25:00
ft_tkt_0006454,ft_sal_003388,ft_evt_0061,VIP,148000,false,
ft_tkt_0006455,ft_sal_003388,ft_evt_0061,VIP,148000,true,2026-07-24 20:16:00
ft_tkt_0006456,ft_sal_003389,ft_evt_0061,General,62000,true,2026-07-24 19:50:00
ft_tkt_0006457,ft_sal_003389,ft_evt_0061,General,62000,false,
ft_tkt_0006458,ft_sal_003390,ft_evt_0061,General,44000,true,2026-07-24 19:59:00
ft_tkt_0006459,ft_sal_003391,ft_evt_0061,General,59000,false,
ft_tkt_0006460,ft_sal_003392,ft_evt_0061,General,59000,true,2026-07-24 19:51:00
ft_tkt_0006461,ft_sal_003393,ft_evt_0061,Cortesía,0,false,
ft_tkt_0006462,ft_sal_003393,ft_evt_0061,Cortesía,0,true,2026-07-24 20:53:00
ft_tkt_0006463,ft_sal_003394,ft_evt_0061,General,44000,true,2026-07-24 20:22:00
ft_tkt_0006464,ft_sal_003394,ft_evt_0061,General,44000,false,
ft_tkt_0006465,ft_sal_003395,ft_evt_0061,General,60000,true,2026-07-24 20:10:00
ft_tkt_0006466,ft_sal_003396,ft_evt_0061,VIP,134000,true,2026-07-24 20:30:00
ft_tkt_0006467,ft_sal_003396,ft_evt_0061,VIP,134000,true,2026-07-24 19:43:00
ft_tkt_0006468,ft_sal_003397,ft_evt_0061,General,49000,true,2026-07-24 19:41:00
ft_tkt_0006469,ft_sal_003397,ft_evt_0061,General,49000,false,
ft_tkt_0006470,ft_sal_003398,ft_evt_0061,VIP,147000,false,
ft_tkt_0006471,ft_sal_003399,ft_evt_0061,General,62000,true,2026-07-24 20:32:00
ft_tkt_0006472,ft_sal_003399,ft_evt_0061,General,62000,false,
ft_tkt_0006473,ft_sal_003399,ft_evt_0061,General,62000,false,
ft_tkt_0006474,ft_sal_003400,ft_evt_0061,General,46000,true,2026-07-24 20:46:00
ft_tkt_0006475,ft_sal_003401,ft_evt_0061,General,66000,false,
ft_tkt_0006476,ft_sal_003402,ft_evt_0061,General,44000,false,
ft_tkt_0006477,ft_sal_003403,ft_evt_0061,General,44000,false,
ft_tkt_0006478,ft_sal_003403,ft_evt_0061,General,44000,true,2026-07-24 20:07:00
ft_tkt_0006479,ft_sal_003404,ft_evt_0061,General,62000,true,2026-07-24 20:30:00
ft_tkt_0006480,ft_sal_003404,ft_evt_0061,General,62000,true,2026-07-24 20:01:00
ft_tkt_0006481,ft_sal_003405,ft_evt_0061,General,46000,true,2026-07-24 20:38:00
ft_tkt_0006482,ft_sal_003406,ft_evt_0061,General,43000,false,
ft_tkt_0006483,ft_sal_003407,ft_evt_0061,General,59000,false,
ft_tkt_0006484,ft_sal_003408,ft_evt_0061,Cortesía,0,false,
ft_tkt_0006485,ft_sal_003409,ft_evt_0061,General,60000,false,
ft_tkt_0006486,ft_sal_003410,ft_evt_0061,Preferencial,95000,false,
ft_tkt_0006487,ft_sal_003410,ft_evt_0061,Preferencial,95000,false,
ft_tkt_0006488,ft_sal_003411,ft_evt_0061,General,46000,true,2026-07-24 20:52:00
ft_tkt_0006489,ft_sal_003411,ft_evt_0061,General,46000,false,
ft_tkt_0006490,ft_sal_003411,ft_evt_0061,General,46000,false,
ft_tkt_0006491,ft_sal_003411,ft_evt_0061,General,46000,true,2026-07-24 19:43:00
ft_tkt_0006492,ft_sal_003412,ft_evt_0061,General,44000,true,2026-07-24 20:24:00
ft_tkt_0006493,ft_sal_003412,ft_evt_0061,General,44000,false,
ft_tkt_0006494,ft_sal_003413,ft_evt_0061,Preferencial,90000,true,2026-07-24 20:37:00
ft_tkt_0006495,ft_sal_003413,ft_evt_0061,Preferencial,90000,false,
ft_tkt_0006496,ft_sal_003414,ft_evt_0061,General,47000,false,
ft_tkt_0006497,ft_sal_003414,ft_evt_0061,General,47000,true,2026-07-24 20:21:00
ft_tkt_0006498,ft_sal_003414,ft_evt_0061,General,47000,true,2026-07-24 20:13:00
ft_tkt_0006499,ft_sal_003415,ft_evt_0061,General,60000,true,2026-07-24 20:09:00
ft_tkt_0006500,ft_sal_003416,ft_evt_0061,General,45000,false,
ft_tkt_0006501,ft_sal_003416,ft_evt_0061,General,45000,true,2026-07-24 20:48:00
ft_tkt_0006502,ft_sal_003417,ft_evt_0061,General,42000,false,
ft_tkt_0006503,ft_sal_003417,ft_evt_0061,General,42000,false,
ft_tkt_0006504,ft_sal_003418,ft_evt_0061,General,42000,true,2026-07-24 19:49:00
ft_tkt_0006505,ft_sal_003418,ft_evt_0061,General,42000,false,
ft_tkt_0006506,ft_sal_003418,ft_evt_0061,General,42000,true,2026-07-24 19:58:00
ft_tkt_0006507,ft_sal_003419,ft_evt_0061,General,45000,false,
ft_tkt_0006508,ft_sal_003419,ft_evt_0061,General,45000,false,
ft_tkt_0006509,ft_sal_003419,ft_evt_0061,General,45000,true,2026-07-24 20:22:00
ft_tkt_0006510,ft_sal_003420,ft_evt_0061,General,58000,false,
ft_tkt_0006511,ft_sal_003421,ft_evt_0061,VIP,138000,true,2026-07-24 20:45:00
ft_tkt_0006512,ft_sal_003422,ft_evt_0061,General,66000,true,2026-07-24 20:43:00
ft_tkt_0006513,ft_sal_003422,ft_evt_0061,General,66000,true,2026-07-24 19:55:00
ft_tkt_0006514,ft_sal_003423,ft_evt_0061,General,42000,false,
ft_tkt_0006515,ft_sal_003423,ft_evt_0061,General,42000,true,2026-07-24 20:51:00
ft_tkt_0006516,ft_sal_003423,ft_evt_0061,General,42000,false,
ft_tkt_0006517,ft_sal_003423,ft_evt_0061,General,42000,true,2026-07-24 20:47:00
ft_tkt_0006518,ft_sal_003423,ft_evt_0061,General,42000,false,
ft_tkt_0006519,ft_sal_003423,ft_evt_0061,General,42000,false,
ft_tkt_0006520,ft_sal_003424,ft_evt_0061,VIP,134000,false,
ft_tkt_0006521,ft_sal_003425,ft_evt_0061,Preferencial,93000,true,2026-07-24 19:49:00
ft_tkt_0006522,ft_sal_003426,ft_evt_0061,General,48000,false,
ft_tkt_0006523,ft_sal_003426,ft_evt_0061,General,48000,false,
ft_tkt_0006524,ft_sal_003427,ft_evt_0061,General,44000,false,
ft_tkt_0006525,ft_sal_003427,ft_evt_0061,General,44000,true,2026-07-24 20:19:00
ft_tkt_0006526,ft_sal_003428,ft_evt_0061,Cortesía,0,false,
ft_tkt_0006527,ft_sal_003428,ft_evt_0061,Cortesía,0,false,
ft_tkt_0006528,ft_sal_003429,ft_evt_0061,Preferencial,94000,true,2026-07-24 20:40:00
ft_tkt_0006529,ft_sal_003429,ft_evt_0061,Preferencial,94000,true,2026-07-24 20:00:00
ft_tkt_0006530,ft_sal_003430,ft_evt_0061,General,47000,true,2026-07-24 20:30:00
ft_tkt_0006531,ft_sal_003431,ft_evt_0061,General,46000,false,
ft_tkt_0006532,ft_sal_003432,ft_evt_0061,Preferencial,89000,false,
ft_tkt_0006533,ft_sal_003433,ft_evt_0061,VIP,134000,false,
ft_tkt_0006534,ft_sal_003433,ft_evt_0061,VIP,134000,true,2026-07-24 20:06:00
ft_tkt_0006535,ft_sal_003434,ft_evt_0061,General,48000,true,2026-07-24 19:48:00
ft_tkt_0006536,ft_sal_003434,ft_evt_0061,General,48000,false,
ft_tkt_0006537,ft_sal_003434,ft_evt_0061,General,48000,false,
ft_tkt_0006538,ft_sal_003435,ft_evt_0061,Cortesía,0,true,2026-07-24 20:39:00
ft_tkt_0006539,ft_sal_003435,ft_evt_0061,Cortesía,0,true,2026-07-24 20:48:00
ft_tkt_0006540,ft_sal_003436,ft_evt_0061,General,62000,true,2026-07-24 20:41:00
ft_tkt_0006541,ft_sal_003437,ft_evt_0061,General,45000,false,
ft_tkt_0006542,ft_sal_003437,ft_evt_0061,General,45000,true,2026-07-24 20:09:00
ft_tkt_0006543,ft_sal_003438,ft_evt_0061,General,45000,true,2026-07-24 20:12:00
ft_tkt_0006544,ft_sal_003439,ft_evt_0061,VIP,138000,true,2026-07-24 20:33:00
ft_tkt_0006545,ft_sal_003440,ft_evt_0061,Preferencial,100000,false,
ft_tkt_0006546,ft_sal_003440,ft_evt_0061,Preferencial,100000,false,
ft_tkt_0006547,ft_sal_003441,ft_evt_0061,General,62000,false,
ft_tkt_0006548,ft_sal_003441,ft_evt_0061,General,62000,false,
ft_tkt_0006549,ft_sal_003442,ft_evt_0061,VIP,131000,false,
ft_tkt_0006550,ft_sal_003442,ft_evt_0061,VIP,131000,false,
ft_tkt_0006551,ft_sal_003443,ft_evt_0061,Preferencial,98000,true,2026-07-24 20:02:00
ft_tkt_0006552,ft_sal_003443,ft_evt_0061,Preferencial,98000,true,2026-07-24 20:02:00
ft_tkt_0006553,ft_sal_003444,ft_evt_0061,General,40000,false,
ft_tkt_0006554,ft_sal_003445,ft_evt_0061,Preferencial,94000,true,2026-07-24 20:14:00
ft_tkt_0006555,ft_sal_003445,ft_evt_0061,Preferencial,94000,true,2026-07-24 20:32:00
ft_tkt_0006556,ft_sal_003445,ft_evt_0061,Preferencial,94000,false,
ft_tkt_0006557,ft_sal_003446,ft_evt_0061,General,43000,false,
ft_tkt_0006558,ft_sal_003447,ft_evt_0061,Preferencial,102000,false,
ft_tkt_0006559,ft_sal_003448,ft_evt_0061,VIP,138000,false,
ft_tkt_0006560,ft_sal_003448,ft_evt_0061,VIP,138000,true,2026-07-24 19:45:00
ft_tkt_0006561,ft_sal_003448,ft_evt_0061,VIP,138000,false,
ft_tkt_0006562,ft_sal_003449,ft_evt_0061,Preferencial,93000,true,2026-07-24 20:47:00
ft_tkt_0006563,ft_sal_003449,ft_evt_0061,Preferencial,93000,false,
ft_tkt_0006564,ft_sal_003449,ft_evt_0061,Preferencial,93000,false,
ft_tkt_0006565,ft_sal_003449,ft_evt_0061,Preferencial,93000,false,
ft_tkt_0006566,ft_sal_003450,ft_evt_0061,General,45000,true,2026-07-24 20:02:00
ft_tkt_0006567,ft_sal_003450,ft_evt_0061,General,45000,true,2026-07-24 20:32:00
ft_tkt_0006568,ft_sal_003450,ft_evt_0061,General,45000,false,
ft_tkt_0006569,ft_sal_003450,ft_evt_0061,General,45000,false,
ft_tkt_0006570,ft_sal_003451,ft_evt_0061,General,45000,false,
ft_tkt_0006571,ft_sal_003452,ft_evt_0061,General,45000,true,2026-07-24 19:45:00
ft_tkt_0006572,ft_sal_003452,ft_evt_0061,General,45000,false,
ft_tkt_0006573,ft_sal_003453,ft_evt_0061,General,40000,true,2026-07-24 19:55:00
ft_tkt_0006574,ft_sal_003454,ft_evt_0061,General,56000,true,2026-07-24 19:42:00
ft_tkt_0006575,ft_sal_003454,ft_evt_0061,General,56000,true,2026-07-24 20:45:00
ft_tkt_0006576,ft_sal_003455,ft_evt_0061,Cortesía,0,false,
ft_tkt_0006577,ft_sal_003455,ft_evt_0061,Cortesía,0,false,
ft_tkt_0006578,ft_sal_003455,ft_evt_0061,Cortesía,0,false,
ft_tkt_0006579,ft_sal_003455,ft_evt_0061,Cortesía,0,false,
ft_tkt_0006580,ft_sal_003456,ft_evt_0061,General,62000,false,
ft_tkt_0006581,ft_sal_003456,ft_evt_0061,General,62000,true,2026-07-24 19:53:00
ft_tkt_0006582,ft_sal_003457,ft_evt_0061,General,46000,true,2026-07-24 20:51:00
ft_tkt_0006583,ft_sal_003457,ft_evt_0061,General,46000,false,
ft_tkt_0006584,ft_sal_003457,ft_evt_0061,General,46000,false,
ft_tkt_0006585,ft_sal_003458,ft_evt_0061,General,41000,true,2026-07-24 20:26:00
ft_tkt_0006586,ft_sal_003459,ft_evt_0061,General,46000,true,2026-07-24 19:57:00
ft_tkt_0006587,ft_sal_003459,ft_evt_0061,General,46000,true,2026-07-24 20:07:00
ft_tkt_0006588,ft_sal_003459,ft_evt_0061,General,46000,true,2026-07-24 20:15:00
ft_tkt_0006589,ft_sal_003460,ft_evt_0061,Preferencial,95000,false,
ft_tkt_0006590,ft_sal_003460,ft_evt_0061,Preferencial,95000,true,2026-07-24 20:02:00
ft_tkt_0006591,ft_sal_003460,ft_evt_0061,Preferencial,95000,false,
ft_tkt_0006592,ft_sal_003461,ft_evt_0061,General,42000,true,2026-07-24 20:39:00
ft_tkt_0006593,ft_sal_003462,ft_evt_0061,Cortesía,0,false,
ft_tkt_0006594,ft_sal_003462,ft_evt_0061,Cortesía,0,false,
ft_tkt_0006595,ft_sal_003462,ft_evt_0061,Cortesía,0,false,
ft_tkt_0006596,ft_sal_003463,ft_evt_0061,General,63000,true,2026-07-24 20:04:00
ft_tkt_0006597,ft_sal_003464,ft_evt_0061,General,66000,true,2026-07-24 19:50:00
ft_tkt_0006598,ft_sal_003465,ft_evt_0061,General,41000,false,
ft_tkt_0006599,ft_sal_003465,ft_evt_0061,General,41000,false,
ft_tkt_0006600,ft_sal_003465,ft_evt_0061,General,41000,false,
ft_tkt_0006601,ft_sal_003465,ft_evt_0061,General,41000,false,
ft_tkt_0006602,ft_sal_003466,ft_evt_0061,General,60000,true,2026-07-24 19:52:00
ft_tkt_0006603,ft_sal_003466,ft_evt_0061,General,60000,true,2026-07-24 20:39:00
ft_tkt_0006604,ft_sal_003467,ft_evt_0061,General,46000,true,2026-07-24 20:29:00
ft_tkt_0006605,ft_sal_003468,ft_evt_0061,General,46000,true,2026-07-24 20:47:00
ft_tkt_0006606,ft_sal_003468,ft_evt_0061,General,46000,true,2026-07-24 19:58:00
ft_tkt_0006607,ft_sal_003469,ft_evt_0061,Preferencial,100000,true,2026-07-24 20:41:00
ft_tkt_0006608,ft_sal_003469,ft_evt_0061,Preferencial,100000,true,2026-07-24 19:56:00
ft_tkt_0006609,ft_sal_003470,ft_evt_0061,Preferencial,98000,true,2026-07-24 20:14:00
ft_tkt_0006610,ft_sal_003471,ft_evt_0061,General,48000,false,
ft_tkt_0006611,ft_sal_003472,ft_evt_0061,VIP,139000,true,2026-07-24 20:17:00
ft_tkt_0006612,ft_sal_003473,ft_evt_0061,General,43000,true,2026-07-24 20:28:00
ft_tkt_0006613,ft_sal_003474,ft_evt_0061,General,45000,true,2026-07-24 20:08:00
ft_tkt_0006614,ft_sal_003475,ft_evt_0061,Cortesía,0,false,
ft_tkt_0006615,ft_sal_003475,ft_evt_0061,Cortesía,0,true,2026-07-24 20:30:00
ft_tkt_0006616,ft_sal_003476,ft_evt_0061,General,41000,true,2026-07-24 20:21:00
ft_tkt_0006617,ft_sal_003477,ft_evt_0061,Cortesía,0,false,
ft_tkt_0006618,ft_sal_003477,ft_evt_0061,Cortesía,0,false,
ft_tkt_0006619,ft_sal_003478,ft_evt_0061,General,43000,true,2026-07-24 20:28:00
ft_tkt_0006620,ft_sal_003479,ft_evt_0061,General,46000,true,2026-07-24 19:46:00
ft_tkt_0006621,ft_sal_003480,ft_evt_0061,General,46000,true,2026-07-24 20:53:00
ft_tkt_0006622,ft_sal_003481,ft_evt_0061,VIP,137000,false,
ft_tkt_0006623,ft_sal_003482,ft_evt_0061,General,46000,true,2026-07-24 20:31:00
ft_tkt_0006624,ft_sal_003482,ft_evt_0061,General,46000,true,2026-07-24 20:41:00
ft_tkt_0006625,ft_sal_003482,ft_evt_0061,General,46000,true,2026-07-24 19:53:00
ft_tkt_0006626,ft_sal_003483,ft_evt_0061,VIP,141000,false,
ft_tkt_0006627,ft_sal_003484,ft_evt_0061,General,57000,false,
ft_tkt_0006628,ft_sal_003485,ft_evt_0061,General,57000,false,
ft_tkt_0006629,ft_sal_003486,ft_evt_0061,General,49000,false,
ft_tkt_0006630,ft_sal_003487,ft_evt_0061,Preferencial,91000,false,
ft_tkt_0006631,ft_sal_003487,ft_evt_0061,Preferencial,91000,false,
ft_tkt_0006632,ft_sal_003488,ft_evt_0061,General,42000,true,2026-07-24 20:49:00
ft_tkt_0006633,ft_sal_003488,ft_evt_0061,General,42000,true,2026-07-24 20:50:00
ft_tkt_0006634,ft_sal_003489,ft_evt_0061,General,46000,true,2026-07-24 19:59:00
ft_tkt_0006635,ft_sal_003490,ft_evt_0061,Cortesía,0,true,2026-07-24 20:40:00
ft_tkt_0006636,ft_sal_003490,ft_evt_0061,Cortesía,0,false,
ft_tkt_0006637,ft_sal_003491,ft_evt_0061,VIP,140000,true,2026-07-24 19:45:00
ft_tkt_0006638,ft_sal_003491,ft_evt_0061,VIP,140000,false,
ft_tkt_0006639,ft_sal_003491,ft_evt_0061,VIP,140000,false,
ft_tkt_0006640,ft_sal_003491,ft_evt_0061,VIP,140000,true,2026-07-24 20:41:00
ft_tkt_0006641,ft_sal_003492,ft_evt_0061,General,58000,false,
ft_tkt_0006642,ft_sal_003493,ft_evt_0061,Preferencial,93000,false,
ft_tkt_0006643,ft_sal_003493,ft_evt_0061,Preferencial,93000,true,2026-07-24 20:40:00
ft_tkt_0006644,ft_sal_003494,ft_evt_0061,General,61000,false,
ft_tkt_0006645,ft_sal_003494,ft_evt_0061,General,61000,false,
ft_tkt_0006646,ft_sal_003494,ft_evt_0061,General,61000,true,2026-07-24 20:01:00
ft_tkt_0006647,ft_sal_003494,ft_evt_0061,General,61000,true,2026-07-24 20:48:00
ft_tkt_0006648,ft_sal_003495,ft_evt_0061,General,59000,true,2026-07-24 19:52:00
ft_tkt_0006649,ft_sal_003495,ft_evt_0061,General,59000,false,
ft_tkt_0006650,ft_sal_003496,ft_evt_0061,General,45000,false,
ft_tkt_0006651,ft_sal_003496,ft_evt_0061,General,45000,false,
ft_tkt_0006652,ft_sal_003496,ft_evt_0061,General,45000,true,2026-07-24 20:15:00
ft_tkt_0006653,ft_sal_003496,ft_evt_0061,General,45000,false,
ft_tkt_0006654,ft_sal_003497,ft_evt_0061,Cortesía,0,false,
ft_tkt_0006655,ft_sal_003497,ft_evt_0061,Cortesía,0,false,
ft_tkt_0006656,ft_sal_003497,ft_evt_0061,Cortesía,0,false,
ft_tkt_0006657,ft_sal_003498,ft_evt_0061,General,63000,true,2026-07-24 20:49:00
ft_tkt_0006658,ft_sal_003499,ft_evt_0061,Preferencial,90000,true,2026-07-24 20:12:00
ft_tkt_0006659,ft_sal_003499,ft_evt_0061,Preferencial,90000,false,
ft_tkt_0006660,ft_sal_003500,ft_evt_0061,General,64000,false,
ft_tkt_0006661,ft_sal_003500,ft_evt_0061,General,64000,true,2026-07-24 19:59:00
ft_tkt_0006662,ft_sal_003500,ft_evt_0061,General,64000,false,
ft_tkt_0006663,ft_sal_003500,ft_evt_0061,General,64000,false,
ft_tkt_0006664,ft_sal_003501,ft_evt_0061,VIP,137000,false,
ft_tkt_0006665,ft_sal_003501,ft_evt_0061,VIP,137000,false,
ft_tkt_0006666,ft_sal_003502,ft_evt_0061,Cortesía,0,true,2026-07-24 19:56:00
ft_tkt_0006667,ft_sal_003502,ft_evt_0061,Cortesía,0,false,
ft_tkt_0006668,ft_sal_003503,ft_evt_0061,General,40000,false,
ft_tkt_0006669,ft_sal_003504,ft_evt_0061,VIP,137000,true,2026-07-24 19:51:00
ft_tkt_0006670,ft_sal_003505,ft_evt_0061,VIP,140000,true,2026-07-24 20:30:00
ft_tkt_0006671,ft_sal_003506,ft_evt_0061,Preferencial,93000,false,
ft_tkt_0006672,ft_sal_003507,ft_evt_0061,General,47000,false,
ft_tkt_0006673,ft_sal_003508,ft_evt_0061,Cortesía,0,false,
ft_tkt_0006674,ft_sal_003509,ft_evt_0061,General,50000,false,
ft_tkt_0006675,ft_sal_003510,ft_evt_0061,General,60000,true,2026-07-24 20:30:00
ft_tkt_0006676,ft_sal_003511,ft_evt_0061,General,63000,false,
ft_tkt_0006677,ft_sal_003512,ft_evt_0061,General,46000,false,
ft_tkt_0006678,ft_sal_003512,ft_evt_0061,General,46000,true,2026-07-24 20:32:00
ft_tkt_0006679,ft_sal_003513,ft_evt_0061,Preferencial,102000,true,2026-07-24 19:49:00
ft_tkt_0006680,ft_sal_003514,ft_evt_0061,Preferencial,92000,false,
ft_tkt_0006681,ft_sal_003514,ft_evt_0061,Preferencial,92000,true,2026-07-24 20:15:00
ft_tkt_0006682,ft_sal_003515,ft_evt_0061,General,42000,false,
ft_tkt_0006683,ft_sal_003515,ft_evt_0061,General,42000,true,2026-07-24 20:28:00
ft_tkt_0006684,ft_sal_003516,ft_evt_0061,Preferencial,104000,true,2026-07-24 20:31:00
ft_tkt_0006685,ft_sal_003516,ft_evt_0061,Preferencial,104000,false,
ft_tkt_0006686,ft_sal_003516,ft_evt_0061,Preferencial,104000,false,
ft_tkt_0006687,ft_sal_003516,ft_evt_0061,Preferencial,104000,true,2026-07-24 20:33:00
ft_tkt_0006688,ft_sal_003516,ft_evt_0061,Preferencial,104000,false,
ft_tkt_0006689,ft_sal_003516,ft_evt_0061,Preferencial,104000,true,2026-07-24 20:42:00
ft_tkt_0006690,ft_sal_003517,ft_evt_0061,General,64000,false,
ft_tkt_0006691,ft_sal_003518,ft_evt_0061,Cortesía,0,false,
ft_tkt_0006692,ft_sal_003519,ft_evt_0061,General,44000,false,
ft_tkt_0006693,ft_sal_003520,ft_evt_0061,General,46000,false,
ft_tkt_0006694,ft_sal_003521,ft_evt_0061,General,46000,false,
ft_tkt_0006695,ft_sal_003521,ft_evt_0061,General,46000,false,
ft_tkt_0006696,ft_sal_003522,ft_evt_0061,General,46000,false,
ft_tkt_0006697,ft_sal_003523,ft_evt_0061,General,48000,false,
ft_tkt_0006698,ft_sal_003524,ft_evt_0061,General,42000,true,2026-07-24 20:42:00
ft_tkt_0006699,ft_sal_003524,ft_evt_0061,General,42000,false,
ft_tkt_0006700,ft_sal_003524,ft_evt_0061,General,42000,true,2026-07-24 20:47:00
ft_tkt_0006701,ft_sal_003525,ft_evt_0061,VIP,137000,false,
ft_tkt_0006702,ft_sal_003525,ft_evt_0061,VIP,137000,true,2026-07-24 20:26:00
ft_tkt_0006703,ft_sal_003525,ft_evt_0061,VIP,137000,true,2026-07-24 20:34:00
ft_tkt_0006704,ft_sal_003526,ft_evt_0061,Cortesía,0,false,
ft_tkt_0006705,ft_sal_003526,ft_evt_0061,Cortesía,0,false,
ft_tkt_0006706,ft_sal_003527,ft_evt_0061,General,61000,false,
ft_tkt_0006707,ft_sal_003527,ft_evt_0061,General,61000,false,
ft_tkt_0006708,ft_sal_003528,ft_evt_0061,Cortesía,0,false,
ft_tkt_0006709,ft_sal_003529,ft_evt_0061,General,58000,false,
ft_tkt_0006710,ft_sal_003530,ft_evt_0061,General,43000,true,2026-07-24 20:01:00
ft_tkt_0006711,ft_sal_003530,ft_evt_0061,General,43000,true,2026-07-24 19:43:00
ft_tkt_0006712,ft_sal_003530,ft_evt_0061,General,43000,false,
ft_tkt_0006713,ft_sal_003530,ft_evt_0061,General,43000,false,
ft_tkt_0006714,ft_sal_003530,ft_evt_0061,General,43000,true,2026-07-24 19:54:00
ft_tkt_0006715,ft_sal_003530,ft_evt_0061,General,43000,false,
ft_tkt_0006716,ft_sal_003531,ft_evt_0061,General,60000,false,
ft_tkt_0006717,ft_sal_003531,ft_evt_0061,General,60000,true,2026-07-24 20:00:00
ft_tkt_0006718,ft_sal_003532,ft_evt_0061,General,44000,false,
ft_tkt_0006719,ft_sal_003532,ft_evt_0061,General,44000,false,
ft_tkt_0006720,ft_sal_003533,ft_evt_0061,General,43000,true,2026-07-24 20:44:00
ft_tkt_0006721,ft_sal_003534,ft_evt_0061,General,47000,true,2026-07-24 20:03:00
ft_tkt_0006722,ft_sal_003534,ft_evt_0061,General,47000,false,
ft_tkt_0006723,ft_sal_003535,ft_evt_0061,General,44000,false,
ft_tkt_0006724,ft_sal_003536,ft_evt_0061,Preferencial,93000,true,2026-07-24 20:07:00
ft_tkt_0006725,ft_sal_003536,ft_evt_0061,Preferencial,93000,false,
ft_tkt_0006726,ft_sal_003537,ft_evt_0061,General,46000,false,
ft_tkt_0006727,ft_sal_003538,ft_evt_0061,VIP,139000,false,
ft_tkt_0006728,ft_sal_003538,ft_evt_0061,VIP,139000,true,2026-07-24 19:53:00
ft_tkt_0006729,ft_sal_003538,ft_evt_0061,VIP,139000,false,
ft_tkt_0006730,ft_sal_003539,ft_evt_0061,General,61000,false,
ft_tkt_0006731,ft_sal_003539,ft_evt_0061,General,61000,false,
ft_tkt_0006732,ft_sal_003539,ft_evt_0061,General,61000,true,2026-07-24 19:55:00
ft_tkt_0006733,ft_sal_003539,ft_evt_0061,General,61000,false,
ft_tkt_0006734,ft_sal_003539,ft_evt_0061,General,61000,true,2026-07-24 20:07:00
ft_tkt_0006735,ft_sal_003539,ft_evt_0061,General,61000,true,2026-07-24 20:02:00
ft_tkt_0006736,ft_sal_003540,ft_evt_0061,General,45000,false,
ft_tkt_0006737,ft_sal_003541,ft_evt_0061,General,47000,false,
ft_tkt_0006738,ft_sal_003541,ft_evt_0061,General,47000,false,
ft_tkt_0006739,ft_sal_003542,ft_evt_0061,General,43000,false,
ft_tkt_0006740,ft_sal_003542,ft_evt_0061,General,43000,true,2026-07-24 19:51:00
ft_tkt_0006741,ft_sal_003543,ft_evt_0061,General,45000,false,
ft_tkt_0006742,ft_sal_003544,ft_evt_0061,General,48000,false,
ft_tkt_0006743,ft_sal_003544,ft_evt_0061,General,48000,false,
ft_tkt_0006744,ft_sal_003544,ft_evt_0061,General,48000,false,
ft_tkt_0006745,ft_sal_003544,ft_evt_0061,General,48000,false,
ft_tkt_0006746,ft_sal_003545,ft_evt_0061,Cortesía,0,false,
ft_tkt_0006747,ft_sal_003545,ft_evt_0061,Cortesía,0,false,
ft_tkt_0006748,ft_sal_003546,ft_evt_0061,General,62000,true,2026-07-24 20:42:00
ft_tkt_0006749,ft_sal_003546,ft_evt_0061,General,62000,false,
ft_tkt_0006750,ft_sal_003547,ft_evt_0061,General,47000,false,
ft_tkt_0006751,ft_sal_003547,ft_evt_0061,General,47000,false,
ft_tkt_0006752,ft_sal_003548,ft_evt_0061,Preferencial,94000,false,
ft_tkt_0006753,ft_sal_003549,ft_evt_0061,General,63000,true,2026-07-24 19:58:00
ft_tkt_0006754,ft_sal_003549,ft_evt_0061,General,63000,false,
ft_tkt_0006755,ft_sal_003550,ft_evt_0061,Preferencial,98000,false,
ft_tkt_0006756,ft_sal_003550,ft_evt_0061,Preferencial,98000,false,
ft_tkt_0006757,ft_sal_003550,ft_evt_0061,Preferencial,98000,false,
ft_tkt_0006758,ft_sal_003550,ft_evt_0061,Preferencial,98000,false,
ft_tkt_0006759,ft_sal_003551,ft_evt_0061,General,64000,true,2026-07-24 20:13:00
ft_tkt_0006760,ft_sal_003552,ft_evt_0061,VIP,132000,true,2026-07-24 20:25:00
ft_tkt_0006761,ft_sal_003552,ft_evt_0061,VIP,132000,false,
ft_tkt_0006762,ft_sal_003552,ft_evt_0061,VIP,132000,true,2026-07-24 20:38:00
ft_tkt_0006763,ft_sal_003552,ft_evt_0061,VIP,132000,true,2026-07-24 20:00:00
ft_tkt_0006764,ft_sal_003553,ft_evt_0061,Preferencial,100000,true,2026-07-24 19:44:00
ft_tkt_0006765,ft_sal_003554,ft_evt_0061,Preferencial,97000,false,
ft_tkt_0006766,ft_sal_003554,ft_evt_0061,Preferencial,97000,false,
ft_tkt_0006767,ft_sal_003554,ft_evt_0061,Preferencial,97000,false,
ft_tkt_0006768,ft_sal_003554,ft_evt_0061,Preferencial,97000,false,
ft_tkt_0006769,ft_sal_003555,ft_evt_0061,Cortesía,0,true,2026-07-24 19:58:00
ft_tkt_0006770,ft_sal_003555,ft_evt_0061,Cortesía,0,false,
ft_tkt_0006771,ft_sal_003556,ft_evt_0061,VIP,138000,true,2026-07-24 20:44:00
ft_tkt_0006772,ft_sal_003556,ft_evt_0061,VIP,138000,false,
ft_tkt_0006773,ft_sal_003557,ft_evt_0061,General,56000,true,2026-07-24 19:42:00
ft_tkt_0006774,ft_sal_003558,ft_evt_0061,General,61000,true,2026-07-24 20:00:00
ft_tkt_0006775,ft_sal_003559,ft_evt_0061,General,58000,false,
ft_tkt_0006776,ft_sal_003559,ft_evt_0061,General,58000,true,2026-07-24 20:47:00
ft_tkt_0006777,ft_sal_003559,ft_evt_0061,General,58000,false,
ft_tkt_0006778,ft_sal_003560,ft_evt_0061,Preferencial,94000,false,
ft_tkt_0006779,ft_sal_003560,ft_evt_0061,Preferencial,94000,false,
ft_tkt_0006780,ft_sal_003560,ft_evt_0061,Preferencial,94000,false,
ft_tkt_0006781,ft_sal_003561,ft_evt_0061,VIP,146000,true,2026-07-24 19:56:00
ft_tkt_0006782,ft_sal_003561,ft_evt_0061,VIP,146000,true,2026-07-24 20:29:00
ft_tkt_0006783,ft_sal_003562,ft_evt_0061,General,45000,false,
ft_tkt_0006784,ft_sal_003562,ft_evt_0061,General,45000,false,
ft_tkt_0006785,ft_sal_003563,ft_evt_0061,Preferencial,104000,false,
ft_tkt_0006786,ft_sal_003563,ft_evt_0061,Preferencial,104000,false,
ft_tkt_0006787,ft_sal_003564,ft_evt_0061,General,41000,true,2026-07-24 20:19:00
ft_tkt_0006788,ft_sal_003565,ft_evt_0061,General,46000,false,
ft_tkt_0006789,ft_sal_003565,ft_evt_0061,General,46000,false,
ft_tkt_0006790,ft_sal_003566,ft_evt_0061,General,44000,false,
ft_tkt_0006791,ft_sal_003566,ft_evt_0061,General,44000,false,
ft_tkt_0006792,ft_sal_003566,ft_evt_0061,General,44000,true,2026-07-24 20:27:00
ft_tkt_0006793,ft_sal_003567,ft_evt_0061,General,47000,false,
ft_tkt_0006794,ft_sal_003567,ft_evt_0061,General,47000,false,
ft_tkt_0006795,ft_sal_003568,ft_evt_0061,Preferencial,91000,false,
ft_tkt_0006796,ft_sal_003568,ft_evt_0061,Preferencial,91000,false,
ft_tkt_0006797,ft_sal_003569,ft_evt_0061,General,48000,true,2026-07-24 19:45:00
ft_tkt_0006798,ft_sal_003570,ft_evt_0061,General,60000,false,
ft_tkt_0006799,ft_sal_003571,ft_evt_0061,VIP,138000,true,2026-07-24 20:16:00
ft_tkt_0006800,ft_sal_003572,ft_evt_0061,General,67000,true,2026-07-24 20:13:00
ft_tkt_0006801,ft_sal_003573,ft_evt_0061,VIP,139000,true,2026-07-24 19:58:00
ft_tkt_0006802,ft_sal_003573,ft_evt_0061,VIP,139000,true,2026-07-24 19:42:00
ft_tkt_0006803,ft_sal_003574,ft_evt_0061,General,59000,true,2026-07-24 20:12:00
ft_tkt_0006804,ft_sal_003575,ft_evt_0061,Preferencial,97000,true,2026-07-24 20:32:00
ft_tkt_0006805,ft_sal_003576,ft_evt_0061,Cortesía,0,true,2026-07-24 20:25:00
ft_tkt_0006806,ft_sal_003577,ft_evt_0061,VIP,142000,true,2026-07-24 20:03:00
ft_tkt_0006807,ft_sal_003578,ft_evt_0061,General,46000,true,2026-07-24 20:38:00
ft_tkt_0006808,ft_sal_003579,ft_evt_0061,General,41000,true,2026-07-24 20:13:00
ft_tkt_0006809,ft_sal_003579,ft_evt_0061,General,41000,false,
ft_tkt_0006810,ft_sal_003579,ft_evt_0061,General,41000,false,
ft_tkt_0006811,ft_sal_003579,ft_evt_0061,General,41000,true,2026-07-24 20:15:00
ft_tkt_0006812,ft_sal_003580,ft_evt_0061,Cortesía,0,false,
ft_tkt_0006813,ft_sal_003581,ft_evt_0061,General,46000,true,2026-07-24 19:49:00
ft_tkt_0006814,ft_sal_003582,ft_evt_0061,General,48000,false,
ft_tkt_0006815,ft_sal_003582,ft_evt_0061,General,48000,true,2026-07-24 20:08:00
ft_tkt_0006816,ft_sal_003583,ft_evt_0061,General,46000,false,
ft_tkt_0006817,ft_sal_003583,ft_evt_0061,General,46000,false,
ft_tkt_0006818,ft_sal_003584,ft_evt_0061,Cortesía,0,true,2026-07-24 20:07:00
ft_tkt_0006819,ft_sal_003584,ft_evt_0061,Cortesía,0,false,
ft_tkt_0006820,ft_sal_003584,ft_evt_0061,Cortesía,0,false,
ft_tkt_0006821,ft_sal_003585,ft_evt_0061,General,59000,true,2026-07-24 19:59:00
ft_tkt_0006822,ft_sal_003585,ft_evt_0061,General,59000,false,
ft_tkt_0006823,ft_sal_003586,ft_evt_0061,VIP,144000,false,
ft_tkt_0006824,ft_sal_003586,ft_evt_0061,VIP,144000,false,
ft_tkt_0006825,ft_sal_003587,ft_evt_0061,General,44000,true,2026-07-24 19:58:00
ft_tkt_0006826,ft_sal_003588,ft_evt_0061,VIP,140000,false,
ft_tkt_0006827,ft_sal_003589,ft_evt_0061,Cortesía,0,false,
ft_tkt_0006828,ft_sal_003590,ft_evt_0061,General,42000,false,
ft_tkt_0006829,ft_sal_003590,ft_evt_0061,General,42000,false,
ft_tkt_0006830,ft_sal_003590,ft_evt_0061,General,42000,true,2026-07-24 20:03:00
ft_tkt_0006831,ft_sal_003591,ft_evt_0061,General,42000,true,2026-07-24 20:07:00
ft_tkt_0006832,ft_sal_003591,ft_evt_0061,General,42000,false,
ft_tkt_0006833,ft_sal_003592,ft_evt_0061,VIP,140000,true,2026-07-24 20:45:00
ft_tkt_0006834,ft_sal_003592,ft_evt_0061,VIP,140000,false,
ft_tkt_0006835,ft_sal_003592,ft_evt_0061,VIP,140000,false,
ft_tkt_0006836,ft_sal_003592,ft_evt_0061,VIP,140000,false,
ft_tkt_0006837,ft_sal_003593,ft_evt_0061,General,44000,false,
ft_tkt_0006838,ft_sal_003593,ft_evt_0061,General,44000,false,
ft_tkt_0006839,ft_sal_003593,ft_evt_0061,General,44000,false,
ft_tkt_0006840,ft_sal_003593,ft_evt_0061,General,44000,false,
ft_tkt_0006841,ft_sal_003593,ft_evt_0061,General,44000,true,2026-07-24 20:24:00
ft_tkt_0006842,ft_sal_003593,ft_evt_0061,General,44000,false,
ft_tkt_0006843,ft_sal_003594,ft_evt_0061,Preferencial,96000,true,2026-07-24 20:49:00
ft_tkt_0006844,ft_sal_003595,ft_evt_0061,General,64000,true,2026-07-24 20:01:00
ft_tkt_0006845,ft_sal_003596,ft_evt_0061,General,64000,true,2026-07-24 20:36:00
ft_tkt_0006846,ft_sal_003596,ft_evt_0061,General,64000,true,2026-07-24 20:03:00
ft_tkt_0006847,ft_sal_003597,ft_evt_0061,General,65000,true,2026-07-24 19:54:00
ft_tkt_0006848,ft_sal_003597,ft_evt_0061,General,65000,false,
ft_tkt_0006849,ft_sal_003597,ft_evt_0061,General,65000,false,
ft_tkt_0006850,ft_sal_003597,ft_evt_0061,General,65000,false,
ft_tkt_0006851,ft_sal_003598,ft_evt_0061,Preferencial,96000,true,2026-07-24 19:48:00
ft_tkt_0006852,ft_sal_003599,ft_evt_0061,General,45000,true,2026-07-24 19:56:00
ft_tkt_0006853,ft_sal_003600,ft_evt_0061,VIP,135000,false,
ft_tkt_0006854,ft_sal_003600,ft_evt_0061,VIP,135000,true,2026-07-24 20:13:00
ft_tkt_0006855,ft_sal_003601,ft_evt_0061,General,59000,true,2026-07-24 20:27:00
ft_tkt_0006856,ft_sal_003601,ft_evt_0061,General,59000,false,
ft_tkt_0006857,ft_sal_003601,ft_evt_0061,General,59000,false,
ft_tkt_0006858,ft_sal_003602,ft_evt_0061,General,60000,false,
ft_tkt_0006859,ft_sal_003602,ft_evt_0061,General,60000,true,2026-07-24 20:48:00
ft_tkt_0006860,ft_sal_003603,ft_evt_0061,General,60000,false,
ft_tkt_0006861,ft_sal_003603,ft_evt_0061,General,60000,true,2026-07-24 20:48:00
ft_tkt_0006862,ft_sal_003603,ft_evt_0061,General,60000,false,
ft_tkt_0006863,ft_sal_003604,ft_evt_0061,General,59000,false,
ft_tkt_0006864,ft_sal_003604,ft_evt_0061,General,59000,true,2026-07-24 20:43:00
ft_tkt_0006865,ft_sal_003605,ft_evt_0061,General,62000,false,
ft_tkt_0006866,ft_sal_003606,ft_evt_0061,General,63000,false,
ft_tkt_0006867,ft_sal_003606,ft_evt_0061,General,63000,true,2026-07-24 20:48:00
ft_tkt_0006868,ft_sal_003607,ft_evt_0061,General,57000,true,2026-07-24 20:42:00
ft_tkt_0006869,ft_sal_003608,ft_evt_0061,General,44000,true,2026-07-24 20:02:00
ft_tkt_0006870,ft_sal_003609,ft_evt_0061,General,59000,false,
ft_tkt_0006871,ft_sal_003610,ft_evt_0061,General,59000,true,2026-07-24 20:44:00
ft_tkt_0006872,ft_sal_003610,ft_evt_0061,General,59000,true,2026-07-24 20:16:00
ft_tkt_0006873,ft_sal_003610,ft_evt_0061,General,59000,false,
ft_tkt_0006874,ft_sal_003610,ft_evt_0061,General,59000,false,
ft_tkt_0006875,ft_sal_003611,ft_evt_0061,Cortesía,0,false,
ft_tkt_0006876,ft_sal_003612,ft_evt_0061,General,58000,true,2026-07-24 19:41:00
ft_tkt_0006877,ft_sal_003613,ft_evt_0061,General,58000,false,
ft_tkt_0006878,ft_sal_003614,ft_evt_0061,VIP,133000,true,2026-07-24 19:41:00
ft_tkt_0006879,ft_sal_003615,ft_evt_0061,General,45000,true,2026-07-24 20:48:00
ft_tkt_0006880,ft_sal_003616,ft_evt_0061,Preferencial,94000,false,
ft_tkt_0006881,ft_sal_003617,ft_evt_0061,General,60000,true,2026-07-24 19:42:00
ft_tkt_0006882,ft_sal_003618,ft_evt_0061,General,43000,false,
ft_tkt_0006883,ft_sal_003619,ft_evt_0061,Cortesía,0,false,
ft_tkt_0006884,ft_sal_003619,ft_evt_0061,Cortesía,0,false,
ft_tkt_0006885,ft_sal_003620,ft_evt_0061,General,49000,true,2026-07-24 20:18:00
ft_tkt_0006886,ft_sal_003621,ft_evt_0061,VIP,145000,false,
ft_tkt_0006887,ft_sal_003622,ft_evt_0061,General,44000,true,2026-07-24 20:24:00
ft_tkt_0006888,ft_sal_003622,ft_evt_0061,General,44000,true,2026-07-24 20:46:00
ft_tkt_0006889,ft_sal_003622,ft_evt_0061,General,44000,false,
ft_tkt_0006890,ft_sal_003623,ft_evt_0061,Preferencial,90000,false,
ft_tkt_0006891,ft_sal_003624,ft_evt_0061,General,63000,false,
ft_tkt_0006892,ft_sal_003624,ft_evt_0061,General,63000,false,
ft_tkt_0006893,ft_sal_003625,ft_evt_0061,General,43000,true,2026-07-24 20:43:00
ft_tkt_0006894,ft_sal_003625,ft_evt_0061,General,43000,true,2026-07-24 20:54:00
ft_tkt_0006895,ft_sal_003625,ft_evt_0061,General,43000,false,
ft_tkt_0006896,ft_sal_003625,ft_evt_0061,General,43000,false,
ft_tkt_0006897,ft_sal_003625,ft_evt_0061,General,43000,false,
ft_tkt_0006898,ft_sal_003625,ft_evt_0061,General,43000,false,
ft_tkt_0006899,ft_sal_003626,ft_evt_0061,Preferencial,87000,true,2026-07-24 20:19:00
ft_tkt_0006900,ft_sal_003626,ft_evt_0061,Preferencial,87000,true,2026-07-24 20:39:00
ft_tkt_0006901,ft_sal_003626,ft_evt_0061,Preferencial,87000,false,
ft_tkt_0006902,ft_sal_003627,ft_evt_0061,General,46000,false,
ft_tkt_0006903,ft_sal_003628,ft_evt_0061,VIP,131000,true,2026-07-24 20:09:00
ft_tkt_0006904,ft_sal_003628,ft_evt_0061,VIP,131000,true,2026-07-24 20:28:00
ft_tkt_0006905,ft_sal_003629,ft_evt_0061,General,48000,false,
ft_tkt_0006906,ft_sal_003629,ft_evt_0061,General,48000,false,
ft_tkt_0006907,ft_sal_003630,ft_evt_0061,General,42000,false,
ft_tkt_0006908,ft_sal_003630,ft_evt_0061,General,42000,true,2026-07-24 19:45:00
ft_tkt_0006909,ft_sal_003630,ft_evt_0061,General,42000,true,2026-07-24 19:48:00
ft_tkt_0006910,ft_sal_003631,ft_evt_0061,Preferencial,101000,false,
ft_tkt_0006911,ft_sal_003631,ft_evt_0061,Preferencial,101000,false,
ft_tkt_0006912,ft_sal_003632,ft_evt_0061,General,43000,true,2026-07-24 19:48:00
ft_tkt_0006913,ft_sal_003633,ft_evt_0061,General,42000,false,
ft_tkt_0006914,ft_sal_003633,ft_evt_0061,General,42000,true,2026-07-24 20:49:00
ft_tkt_0006915,ft_sal_003634,ft_evt_0061,General,48000,false,
ft_tkt_0006916,ft_sal_003634,ft_evt_0061,General,48000,true,2026-07-24 20:53:00
ft_tkt_0006917,ft_sal_003635,ft_evt_0061,General,47000,true,2026-07-24 20:09:00
ft_tkt_0006918,ft_sal_003635,ft_evt_0061,General,47000,true,2026-07-24 20:47:00
ft_tkt_0006919,ft_sal_003636,ft_evt_0061,Preferencial,90000,false,
ft_tkt_0006920,ft_sal_003636,ft_evt_0061,Preferencial,90000,false,
ft_tkt_0006921,ft_sal_003637,ft_evt_0061,General,45000,true,2026-07-24 19:55:00
ft_tkt_0006922,ft_sal_003637,ft_evt_0061,General,45000,true,2026-07-24 20:16:00
ft_tkt_0006923,ft_sal_003638,ft_evt_0061,Cortesía,0,false,
ft_tkt_0006924,ft_sal_003638,ft_evt_0061,Cortesía,0,false,
ft_tkt_0006925,ft_sal_003639,ft_evt_0061,Preferencial,100000,true,2026-07-24 20:23:00
ft_tkt_0006926,ft_sal_003639,ft_evt_0061,Preferencial,100000,true,2026-07-24 20:37:00
ft_tkt_0006927,ft_sal_003640,ft_evt_0061,General,44000,false,
ft_tkt_0006928,ft_sal_003641,ft_evt_0061,VIP,137000,false,
ft_tkt_0006929,ft_sal_003641,ft_evt_0061,VIP,137000,false,
ft_tkt_0006930,ft_sal_003642,ft_evt_0061,Preferencial,88000,false,
ft_tkt_0006931,ft_sal_003642,ft_evt_0061,Preferencial,88000,false,
ft_tkt_0006932,ft_sal_003642,ft_evt_0061,Preferencial,88000,true,2026-07-24 20:30:00
ft_tkt_0006933,ft_sal_003642,ft_evt_0061,Preferencial,88000,false,
ft_tkt_0006934,ft_sal_003643,ft_evt_0061,VIP,142000,false,
ft_tkt_0006935,ft_sal_003643,ft_evt_0061,VIP,142000,true,2026-07-24 20:30:00
ft_tkt_0006936,ft_sal_003644,ft_evt_0061,General,48000,false,
ft_tkt_0006937,ft_sal_003645,ft_evt_0061,Preferencial,96000,false,
ft_tkt_0006938,ft_sal_003645,ft_evt_0061,Preferencial,96000,true,2026-07-24 19:51:00
ft_tkt_0006939,ft_sal_003646,ft_evt_0061,General,53000,true,2026-07-24 19:50:00
ft_tkt_0006940,ft_sal_003646,ft_evt_0061,General,53000,false,
ft_tkt_0006941,ft_sal_003647,ft_evt_0061,Preferencial,90000,false,
ft_tkt_0006942,ft_sal_003647,ft_evt_0061,Preferencial,90000,true,2026-07-24 20:24:00
ft_tkt_0006943,ft_sal_003647,ft_evt_0061,Preferencial,90000,true,2026-07-24 19:41:00
ft_tkt_0006944,ft_sal_003648,ft_evt_0061,General,45000,false,
ft_tkt_0006945,ft_sal_003649,ft_evt_0061,VIP,126000,true,2026-07-24 20:33:00
ft_tkt_0006946,ft_sal_003650,ft_evt_0061,Cortesía,0,true,2026-07-24 19:57:00
ft_tkt_0006947,ft_sal_003651,ft_evt_0061,General,44000,false,
ft_tkt_0006948,ft_sal_003652,ft_evt_0061,General,61000,false,
ft_tkt_0006949,ft_sal_003652,ft_evt_0061,General,61000,false,
ft_tkt_0006950,ft_sal_003653,ft_evt_0061,General,46000,true,2026-07-24 19:43:00
ft_tkt_0006951,ft_sal_003654,ft_evt_0061,VIP,136000,false,
ft_tkt_0006952,ft_sal_003655,ft_evt_0061,VIP,132000,false,
ft_tkt_0006953,ft_sal_003656,ft_evt_0061,General,63000,true,2026-07-24 20:42:00
ft_tkt_0006954,ft_sal_003656,ft_evt_0061,General,63000,true,2026-07-24 20:10:00
ft_tkt_0006955,ft_sal_003656,ft_evt_0061,General,63000,true,2026-07-24 20:27:00
ft_tkt_0006956,ft_sal_003657,ft_evt_0061,Cortesía,0,false,
ft_tkt_0006957,ft_sal_003658,ft_evt_0061,VIP,151000,true,2026-07-24 20:02:00
ft_tkt_0006958,ft_sal_003659,ft_evt_0061,General,42000,true,2026-07-24 20:22:00
ft_tkt_0006959,ft_sal_003659,ft_evt_0061,General,42000,true,2026-07-24 20:35:00
ft_tkt_0006960,ft_sal_003660,ft_evt_0061,Preferencial,96000,true,2026-07-24 20:29:00
ft_tkt_0006961,ft_sal_003661,ft_evt_0061,Preferencial,97000,true,2026-07-24 19:46:00
ft_tkt_0006962,ft_sal_003662,ft_evt_0061,Preferencial,100000,true,2026-07-24 20:31:00
ft_tkt_0006963,ft_sal_003662,ft_evt_0061,Preferencial,100000,true,2026-07-24 20:04:00
ft_tkt_0006964,ft_sal_003663,ft_evt_0061,General,48000,true,2026-07-24 20:33:00
ft_tkt_0006965,ft_sal_003663,ft_evt_0061,General,48000,false,
ft_tkt_0006966,ft_sal_003664,ft_evt_0061,General,41000,true,2026-07-24 20:36:00
ft_tkt_0006967,ft_sal_003665,ft_evt_0061,General,48000,true,2026-07-24 19:50:00
ft_tkt_0006968,ft_sal_003666,ft_evt_0061,General,46000,false,
ft_tkt_0006969,ft_sal_003666,ft_evt_0061,General,46000,false,
ft_tkt_0006970,ft_sal_003667,ft_evt_0061,Preferencial,88000,false,
ft_tkt_0006971,ft_sal_003667,ft_evt_0061,Preferencial,88000,true,2026-07-24 20:01:00
ft_tkt_0006972,ft_sal_003668,ft_evt_0061,General,63000,false,
ft_tkt_0006973,ft_sal_003669,ft_evt_0061,General,45000,true,2026-07-24 19:51:00
ft_tkt_0006974,ft_sal_003670,ft_evt_0061,General,44000,false,
ft_tkt_0006975,ft_sal_003670,ft_evt_0061,General,44000,true,2026-07-24 20:17:00
ft_tkt_0006976,ft_sal_003671,ft_evt_0061,General,58000,true,2026-07-24 20:37:00
ft_tkt_0006977,ft_sal_003671,ft_evt_0061,General,58000,true,2026-07-24 19:57:00
ft_tkt_0006978,ft_sal_003672,ft_evt_0061,General,49000,false,
ft_tkt_0006979,ft_sal_003672,ft_evt_0061,General,49000,false,
ft_tkt_0006980,ft_sal_003673,ft_evt_0061,General,49000,false,
ft_tkt_0006981,ft_sal_003674,ft_evt_0061,Cortesía,0,true,2026-07-24 20:55:00
ft_tkt_0006982,ft_sal_003675,ft_evt_0061,VIP,135000,true,2026-07-24 20:33:00
ft_tkt_0006983,ft_sal_003675,ft_evt_0061,VIP,135000,false,
ft_tkt_0006984,ft_sal_003676,ft_evt_0061,General,63000,true,2026-07-24 20:12:00
ft_tkt_0006985,ft_sal_003677,ft_evt_0061,Preferencial,87000,false,
ft_tkt_0006986,ft_sal_003677,ft_evt_0061,Preferencial,87000,false,
ft_tkt_0006987,ft_sal_003678,ft_evt_0061,VIP,148000,false,
ft_tkt_0006988,ft_sal_003678,ft_evt_0061,VIP,148000,true,2026-07-24 20:09:00
ft_tkt_0006989,ft_sal_003678,ft_evt_0061,VIP,148000,true,2026-07-24 19:53:00
ft_tkt_0006990,ft_sal_003678,ft_evt_0061,VIP,148000,true,2026-07-24 20:21:00
ft_tkt_0006991,ft_sal_003679,ft_evt_0061,General,43000,true,2026-07-24 20:12:00
ft_tkt_0006992,ft_sal_003680,ft_evt_0061,Cortesía,0,true,2026-07-24 20:04:00
ft_tkt_0006993,ft_sal_003681,ft_evt_0061,General,62000,true,2026-07-24 20:34:00
ft_tkt_0006994,ft_sal_003681,ft_evt_0061,General,62000,false,
ft_tkt_0006995,ft_sal_003682,ft_evt_0061,General,58000,false,
ft_tkt_0006996,ft_sal_003683,ft_evt_0061,General,42000,true,2026-07-24 20:39:00
ft_tkt_0006997,ft_sal_003683,ft_evt_0061,General,42000,true,2026-07-24 20:01:00
ft_tkt_0006998,ft_sal_003683,ft_evt_0061,General,42000,false,
ft_tkt_0006999,ft_sal_003684,ft_evt_0061,General,45000,true,2026-07-24 20:33:00
ft_tkt_0007000,ft_sal_003685,ft_evt_0061,General,46000,true,2026-07-24 20:11:00
ft_tkt_0007001,ft_sal_003686,ft_evt_0061,VIP,133000,false,
ft_tkt_0007002,ft_sal_003687,ft_evt_0061,Cortesía,0,false,
ft_tkt_0007003,ft_sal_003687,ft_evt_0061,Cortesía,0,true,2026-07-24 20:12:00
ft_tkt_0007004,ft_sal_003688,ft_evt_0061,Preferencial,95000,false,
ft_tkt_0007005,ft_sal_003689,ft_evt_0061,General,44000,false,
ft_tkt_0007006,ft_sal_003689,ft_evt_0061,General,44000,true,2026-07-24 19:46:00
ft_tkt_0007007,ft_sal_003690,ft_evt_0061,General,57000,false,
ft_tkt_0007008,ft_sal_003691,ft_evt_0061,General,58000,true,2026-07-24 20:54:00
ft_tkt_0007009,ft_sal_003691,ft_evt_0061,General,58000,true,2026-07-24 20:49:00
ft_tkt_0007010,ft_sal_003691,ft_evt_0061,General,58000,true,2026-07-24 20:47:00
ft_tkt_0007011,ft_sal_003691,ft_evt_0061,General,58000,false,
ft_tkt_0007012,ft_sal_003692,ft_evt_0061,General,42000,false,
ft_tkt_0007013,ft_sal_003692,ft_evt_0061,General,42000,false,
ft_tkt_0007014,ft_sal_003693,ft_evt_0061,VIP,137000,false,
ft_tkt_0007015,ft_sal_003694,ft_evt_0061,VIP,131000,false,
ft_tkt_0007016,ft_sal_003694,ft_evt_0061,VIP,131000,true,2026-07-24 20:08:00
ft_tkt_0007017,ft_sal_003695,ft_evt_0061,General,44000,false,
ft_tkt_0007018,ft_sal_003696,ft_evt_0061,General,46000,false,
ft_tkt_0007019,ft_sal_003696,ft_evt_0061,General,46000,false,
ft_tkt_0007020,ft_sal_003697,ft_evt_0061,Cortesía,0,false,
ft_tkt_0007021,ft_sal_003698,ft_evt_0061,Cortesía,0,false,
ft_tkt_0007022,ft_sal_003699,ft_evt_0061,VIP,148000,false,
ft_tkt_0007023,ft_sal_003700,ft_evt_0061,Cortesía,0,false,
ft_tkt_0007024,ft_sal_003701,ft_evt_0061,General,44000,false,
ft_tkt_0007025,ft_sal_003701,ft_evt_0061,General,44000,false,
ft_tkt_0007026,ft_sal_003702,ft_evt_0061,General,41000,true,2026-07-24 19:51:00
ft_tkt_0007027,ft_sal_003703,ft_evt_0061,Preferencial,93000,true,2026-07-24 20:12:00
ft_tkt_0007028,ft_sal_003703,ft_evt_0061,Preferencial,93000,true,2026-07-24 20:46:00
ft_tkt_0007029,ft_sal_003704,ft_evt_0061,General,63000,false,
ft_tkt_0007030,ft_sal_003704,ft_evt_0061,General,63000,false,
ft_tkt_0007031,ft_sal_003705,ft_evt_0061,General,48000,false,
ft_tkt_0007032,ft_sal_003705,ft_evt_0061,General,48000,false,
ft_tkt_0007033,ft_sal_003706,ft_evt_0061,General,55000,true,2026-07-24 20:12:00
ft_tkt_0007034,ft_sal_003706,ft_evt_0061,General,55000,true,2026-07-24 20:46:00
ft_tkt_0007035,ft_sal_003707,ft_evt_0061,General,43000,false,
ft_tkt_0007036,ft_sal_003708,ft_evt_0061,General,49000,true,2026-07-24 20:30:00
ft_tkt_0007037,ft_sal_003708,ft_evt_0061,General,49000,true,2026-07-24 20:46:00
ft_tkt_0007038,ft_sal_003708,ft_evt_0061,General,49000,false,
ft_tkt_0007039,ft_sal_003709,ft_evt_0061,Preferencial,92000,true,2026-07-24 20:08:00
ft_tkt_0007040,ft_sal_003709,ft_evt_0061,Preferencial,92000,false,
ft_tkt_0007041,ft_sal_003710,ft_evt_0061,Preferencial,94000,false,
ft_tkt_0007042,ft_sal_003710,ft_evt_0061,Preferencial,94000,true,2026-07-24 20:45:00
ft_tkt_0007043,ft_sal_003711,ft_evt_0061,Preferencial,91000,false,
ft_tkt_0007044,ft_sal_003711,ft_evt_0061,Preferencial,91000,true,2026-07-24 20:37:00
ft_tkt_0007045,ft_sal_003712,ft_evt_0061,General,63000,true,2026-07-24 20:33:00
ft_tkt_0007046,ft_sal_003712,ft_evt_0061,General,63000,false,
ft_tkt_0007047,ft_sal_003713,ft_evt_0061,General,57000,true,2026-07-24 20:10:00
ft_tkt_0007048,ft_sal_003713,ft_evt_0061,General,57000,false,
ft_tkt_0007049,ft_sal_003714,ft_evt_0061,VIP,136000,true,2026-07-24 20:34:00
ft_tkt_0007050,ft_sal_003714,ft_evt_0061,VIP,136000,false,
ft_tkt_0007051,ft_sal_003715,ft_evt_0061,Preferencial,102000,true,2026-07-24 20:48:00
ft_tkt_0007052,ft_sal_003716,ft_evt_0061,General,56000,true,2026-07-24 20:12:00
ft_tkt_0007053,ft_sal_003717,ft_evt_0061,Preferencial,92000,false,
ft_tkt_0007054,ft_sal_003717,ft_evt_0061,Preferencial,92000,false,
ft_tkt_0007055,ft_sal_003718,ft_evt_0061,General,60000,true,2026-07-24 20:06:00
ft_tkt_0007056,ft_sal_003719,ft_evt_0039,VIP,152000,false,
ft_tkt_0007057,ft_sal_003720,ft_evt_0039,General,43000,true,2026-07-25 19:15:00
ft_tkt_0007058,ft_sal_003720,ft_evt_0039,General,43000,true,2026-07-25 19:45:00
ft_tkt_0007059,ft_sal_003721,ft_evt_0039,VIP,144000,true,2026-07-25 20:24:00
ft_tkt_0007060,ft_sal_003722,ft_evt_0039,Preferencial,84000,true,2026-07-25 19:11:00
ft_tkt_0007061,ft_sal_003722,ft_evt_0039,Preferencial,84000,false,
ft_tkt_0007062,ft_sal_003723,ft_evt_0039,General,48000,false,
ft_tkt_0007063,ft_sal_003723,ft_evt_0039,General,48000,true,2026-07-25 19:59:00
ft_tkt_0007064,ft_sal_003724,ft_evt_0039,Cortesía,0,true,2026-07-25 19:12:00
ft_tkt_0007065,ft_sal_003724,ft_evt_0039,Cortesía,0,true,2026-07-25 19:26:00
ft_tkt_0007066,ft_sal_003725,ft_evt_0039,Preferencial,86000,false,
ft_tkt_0007067,ft_sal_003726,ft_evt_0039,General,66000,true,2026-07-25 19:42:00
ft_tkt_0007068,ft_sal_003726,ft_evt_0039,General,66000,false,
ft_tkt_0007069,ft_sal_003726,ft_evt_0039,General,66000,true,2026-07-25 19:46:00
ft_tkt_0007070,ft_sal_003726,ft_evt_0039,General,66000,true,2026-07-25 20:05:00
ft_tkt_0007071,ft_sal_003726,ft_evt_0039,General,66000,false,
ft_tkt_0007072,ft_sal_003726,ft_evt_0039,General,66000,true,2026-07-25 19:28:00
ft_tkt_0007073,ft_sal_003727,ft_evt_0039,General,61000,true,2026-07-25 19:26:00
ft_tkt_0007074,ft_sal_003728,ft_evt_0039,General,47000,false,
ft_tkt_0007075,ft_sal_003729,ft_evt_0039,Preferencial,94000,true,2026-07-25 19:42:00
ft_tkt_0007076,ft_sal_003730,ft_evt_0039,Preferencial,87000,false,
ft_tkt_0007077,ft_sal_003730,ft_evt_0039,Preferencial,87000,true,2026-07-25 19:40:00
ft_tkt_0007078,ft_sal_003731,ft_evt_0039,Preferencial,88000,true,2026-07-25 20:12:00
ft_tkt_0007079,ft_sal_003732,ft_evt_0039,Preferencial,102000,true,2026-07-25 19:39:00
ft_tkt_0007080,ft_sal_003732,ft_evt_0039,Preferencial,102000,true,2026-07-25 20:22:00
ft_tkt_0007081,ft_sal_003732,ft_evt_0039,Preferencial,102000,true,2026-07-25 20:18:00
ft_tkt_0007082,ft_sal_003733,ft_evt_0039,General,43000,true,2026-07-25 19:40:00
ft_tkt_0007083,ft_sal_003734,ft_evt_0039,Preferencial,97000,false,
ft_tkt_0007084,ft_sal_003735,ft_evt_0039,Preferencial,97000,false,
ft_tkt_0007085,ft_sal_003736,ft_evt_0039,VIP,138000,true,2026-07-25 20:10:00
ft_tkt_0007086,ft_sal_003736,ft_evt_0039,VIP,138000,true,2026-07-25 19:38:00
ft_tkt_0007087,ft_sal_003737,ft_evt_0039,Preferencial,92000,false,
ft_tkt_0007088,ft_sal_003738,ft_evt_0039,General,60000,true,2026-07-25 19:35:00
ft_tkt_0007089,ft_sal_003738,ft_evt_0039,General,60000,false,
ft_tkt_0007090,ft_sal_003739,ft_evt_0039,General,46000,true,2026-07-25 20:09:00
ft_tkt_0007091,ft_sal_003739,ft_evt_0039,General,46000,true,2026-07-25 19:10:00
ft_tkt_0007092,ft_sal_003739,ft_evt_0039,General,46000,true,2026-07-25 19:49:00
ft_tkt_0007093,ft_sal_003739,ft_evt_0039,General,46000,false,
ft_tkt_0007094,ft_sal_003740,ft_evt_0039,General,45000,false,
ft_tkt_0007095,ft_sal_003740,ft_evt_0039,General,45000,false,
ft_tkt_0007096,ft_sal_003740,ft_evt_0039,General,45000,false,
ft_tkt_0007097,ft_sal_003740,ft_evt_0039,General,45000,false,
ft_tkt_0007098,ft_sal_003741,ft_evt_0039,Preferencial,83000,true,2026-07-25 19:45:00
ft_tkt_0007099,ft_sal_003742,ft_evt_0039,General,62000,true,2026-07-25 20:08:00
ft_tkt_0007100,ft_sal_003742,ft_evt_0039,General,62000,true,2026-07-25 20:12:00
ft_tkt_0007101,ft_sal_003743,ft_evt_0039,General,58000,true,2026-07-25 19:28:00
ft_tkt_0007102,ft_sal_003743,ft_evt_0039,General,58000,true,2026-07-25 19:34:00
ft_tkt_0007103,ft_sal_003743,ft_evt_0039,General,58000,true,2026-07-25 20:19:00
ft_tkt_0007104,ft_sal_003743,ft_evt_0039,General,58000,true,2026-07-25 19:10:00
ft_tkt_0007105,ft_sal_003743,ft_evt_0039,General,58000,false,
ft_tkt_0007106,ft_sal_003743,ft_evt_0039,General,58000,true,2026-07-25 19:40:00
ft_tkt_0007107,ft_sal_003744,ft_evt_0039,General,64000,true,2026-07-25 19:41:00
ft_tkt_0007108,ft_sal_003745,ft_evt_0039,Preferencial,100000,true,2026-07-25 20:04:00
ft_tkt_0007109,ft_sal_003746,ft_evt_0039,General,58000,true,2026-07-25 20:03:00
ft_tkt_0007110,ft_sal_003747,ft_evt_0039,Preferencial,98000,true,2026-07-25 19:19:00
ft_tkt_0007111,ft_sal_003748,ft_evt_0039,General,58000,true,2026-07-25 19:29:00
ft_tkt_0007112,ft_sal_003749,ft_evt_0039,General,44000,true,2026-07-25 19:38:00
ft_tkt_0007113,ft_sal_003749,ft_evt_0039,General,44000,true,2026-07-25 19:15:00
ft_tkt_0007114,ft_sal_003749,ft_evt_0039,General,44000,true,2026-07-25 19:31:00
ft_tkt_0007115,ft_sal_003750,ft_evt_0039,General,48000,true,2026-07-25 19:59:00
ft_tkt_0007116,ft_sal_003751,ft_evt_0039,General,64000,true,2026-07-25 20:13:00
ft_tkt_0007117,ft_sal_003751,ft_evt_0039,General,64000,true,2026-07-25 20:23:00
ft_tkt_0007118,ft_sal_003752,ft_evt_0039,General,45000,true,2026-07-25 19:35:00
ft_tkt_0007119,ft_sal_003753,ft_evt_0039,VIP,135000,true,2026-07-25 19:55:00
ft_tkt_0007120,ft_sal_003753,ft_evt_0039,VIP,135000,true,2026-07-25 19:13:00
ft_tkt_0007121,ft_sal_003754,ft_evt_0039,General,47000,false,
ft_tkt_0007122,ft_sal_003754,ft_evt_0039,General,47000,true,2026-07-25 20:17:00
ft_tkt_0007123,ft_sal_003755,ft_evt_0039,Preferencial,89000,false,
ft_tkt_0007124,ft_sal_003756,ft_evt_0039,General,45000,true,2026-07-25 19:39:00
ft_tkt_0007125,ft_sal_003757,ft_evt_0039,General,63000,true,2026-07-25 20:24:00
ft_tkt_0007126,ft_sal_003757,ft_evt_0039,General,63000,false,
ft_tkt_0007127,ft_sal_003758,ft_evt_0039,General,43000,true,2026-07-25 19:42:00
ft_tkt_0007128,ft_sal_003759,ft_evt_0039,Preferencial,92000,true,2026-07-25 19:31:00
ft_tkt_0007129,ft_sal_003759,ft_evt_0039,Preferencial,92000,true,2026-07-25 19:11:00
ft_tkt_0007130,ft_sal_003760,ft_evt_0039,General,63000,true,2026-07-25 19:55:00
ft_tkt_0007131,ft_sal_003761,ft_evt_0039,Preferencial,92000,true,2026-07-25 19:21:00
ft_tkt_0007132,ft_sal_003762,ft_evt_0039,General,58000,true,2026-07-25 19:56:00
ft_tkt_0007133,ft_sal_003762,ft_evt_0039,General,58000,true,2026-07-25 20:05:00
ft_tkt_0007134,ft_sal_003763,ft_evt_0039,General,60000,true,2026-07-25 19:20:00
ft_tkt_0007135,ft_sal_003764,ft_evt_0039,VIP,141000,false,
ft_tkt_0007136,ft_sal_003764,ft_evt_0039,VIP,141000,true,2026-07-25 20:24:00
ft_tkt_0007137,ft_sal_003764,ft_evt_0039,VIP,141000,true,2026-07-25 20:09:00
ft_tkt_0007138,ft_sal_003765,ft_evt_0039,General,56000,false,
ft_tkt_0007139,ft_sal_003765,ft_evt_0039,General,56000,false,
ft_tkt_0007140,ft_sal_003765,ft_evt_0039,General,56000,true,2026-07-25 19:31:00
ft_tkt_0007141,ft_sal_003766,ft_evt_0039,General,42000,true,2026-07-25 19:25:00
ft_tkt_0007142,ft_sal_003766,ft_evt_0039,General,42000,false,
ft_tkt_0007143,ft_sal_003766,ft_evt_0039,General,42000,false,
ft_tkt_0007144,ft_sal_003766,ft_evt_0039,General,42000,false,
ft_tkt_0007145,ft_sal_003767,ft_evt_0039,General,45000,true,2026-07-25 19:42:00
ft_tkt_0007146,ft_sal_003768,ft_evt_0039,General,60000,false,
ft_tkt_0007147,ft_sal_003769,ft_evt_0039,Preferencial,100000,true,2026-07-25 20:01:00
ft_tkt_0007148,ft_sal_003769,ft_evt_0039,Preferencial,100000,false,
ft_tkt_0007149,ft_sal_003770,ft_evt_0039,Preferencial,93000,false,
ft_tkt_0007150,ft_sal_003771,ft_evt_0039,Cortesía,0,true,2026-07-25 20:01:00
ft_tkt_0007151,ft_sal_003772,ft_evt_0039,General,43000,true,2026-07-25 20:12:00
ft_tkt_0007152,ft_sal_003772,ft_evt_0039,General,43000,true,2026-07-25 20:11:00
ft_tkt_0007153,ft_sal_003772,ft_evt_0039,General,43000,false,
ft_tkt_0007154,ft_sal_003773,ft_evt_0039,Preferencial,90000,false,
ft_tkt_0007155,ft_sal_003773,ft_evt_0039,Preferencial,90000,false,
ft_tkt_0007156,ft_sal_003773,ft_evt_0039,Preferencial,90000,true,2026-07-25 19:16:00
ft_tkt_0007157,ft_sal_003774,ft_evt_0039,General,64000,true,2026-07-25 19:56:00
ft_tkt_0007158,ft_sal_003775,ft_evt_0039,Preferencial,95000,true,2026-07-25 19:36:00
ft_tkt_0007159,ft_sal_003776,ft_evt_0039,Cortesía,0,false,
ft_tkt_0007160,ft_sal_003777,ft_evt_0057,General,47000,true,2026-07-26 19:17:00
ft_tkt_0007161,ft_sal_003778,ft_evt_0057,General,61000,true,2026-07-26 20:07:00
ft_tkt_0007162,ft_sal_003778,ft_evt_0057,General,61000,true,2026-07-26 19:35:00
ft_tkt_0007163,ft_sal_003779,ft_evt_0057,Preferencial,90000,false,
ft_tkt_0007164,ft_sal_003780,ft_evt_0057,General,66000,true,2026-07-26 19:39:00
ft_tkt_0007165,ft_sal_003780,ft_evt_0057,General,66000,false,
ft_tkt_0007166,ft_sal_003780,ft_evt_0057,General,66000,false,
ft_tkt_0007167,ft_sal_003780,ft_evt_0057,General,66000,true,2026-07-26 20:14:00
ft_tkt_0007168,ft_sal_003781,ft_evt_0057,General,46000,true,2026-07-26 20:19:00
ft_tkt_0007169,ft_sal_003782,ft_evt_0057,Preferencial,93000,false,
ft_tkt_0007170,ft_sal_003782,ft_evt_0057,Preferencial,93000,false,
ft_tkt_0007171,ft_sal_003783,ft_evt_0057,Preferencial,103000,true,2026-07-26 20:19:00
ft_tkt_0007172,ft_sal_003783,ft_evt_0057,Preferencial,103000,true,2026-07-26 20:12:00
ft_tkt_0007173,ft_sal_003783,ft_evt_0057,Preferencial,103000,true,2026-07-26 20:09:00
ft_tkt_0007174,ft_sal_003783,ft_evt_0057,Preferencial,103000,true,2026-07-26 19:23:00
ft_tkt_0007175,ft_sal_003783,ft_evt_0057,Preferencial,103000,false,
ft_tkt_0007176,ft_sal_003783,ft_evt_0057,Preferencial,103000,false,
ft_tkt_0007177,ft_sal_003784,ft_evt_0057,Cortesía,0,false,
ft_tkt_0007178,ft_sal_003785,ft_evt_0057,VIP,138000,true,2026-07-26 20:10:00
ft_tkt_0007179,ft_sal_003785,ft_evt_0057,VIP,138000,true,2026-07-26 19:18:00
ft_tkt_0007180,ft_sal_003785,ft_evt_0057,VIP,138000,true,2026-07-26 19:46:00
ft_tkt_0007181,ft_sal_003785,ft_evt_0057,VIP,138000,true,2026-07-26 19:27:00
ft_tkt_0007182,ft_sal_003786,ft_evt_0057,Preferencial,96000,true,2026-07-26 20:04:00
ft_tkt_0007183,ft_sal_003786,ft_evt_0057,Preferencial,96000,true,2026-07-26 19:46:00
ft_tkt_0007184,ft_sal_003786,ft_evt_0057,Preferencial,96000,false,
ft_tkt_0007185,ft_sal_003787,ft_evt_0057,VIP,140000,false,
ft_tkt_0007186,ft_sal_003788,ft_evt_0057,General,48000,false,
ft_tkt_0007187,ft_sal_003789,ft_evt_0057,General,49000,false,
ft_tkt_0007188,ft_sal_003790,ft_evt_0057,General,60000,true,2026-07-26 19:38:00
ft_tkt_0007189,ft_sal_003790,ft_evt_0057,General,60000,true,2026-07-26 19:59:00
ft_tkt_0007190,ft_sal_003791,ft_evt_0057,General,43000,true,2026-07-26 19:48:00
ft_tkt_0007191,ft_sal_003791,ft_evt_0057,General,43000,true,2026-07-26 20:09:00
ft_tkt_0007192,ft_sal_003792,ft_evt_0057,General,44000,false,
ft_tkt_0007193,ft_sal_003793,ft_evt_0057,General,42000,true,2026-07-26 19:29:00
ft_tkt_0007194,ft_sal_003794,ft_evt_0057,VIP,134000,false,
ft_tkt_0007195,ft_sal_003794,ft_evt_0057,VIP,134000,false,
ft_tkt_0007196,ft_sal_003794,ft_evt_0057,VIP,134000,false,
ft_tkt_0007197,ft_sal_003795,ft_evt_0057,General,59000,true,2026-07-26 20:24:00
ft_tkt_0007198,ft_sal_003795,ft_evt_0057,General,59000,true,2026-07-26 19:42:00
ft_tkt_0007199,ft_sal_003796,ft_evt_0057,Preferencial,87000,true,2026-07-26 20:19:00
ft_tkt_0007200,ft_sal_003796,ft_evt_0057,Preferencial,87000,false,
ft_tkt_0007201,ft_sal_003797,ft_evt_0057,General,48000,false,
ft_tkt_0007202,ft_sal_003798,ft_evt_0057,General,42000,false,
ft_tkt_0007203,ft_sal_003799,ft_evt_0057,General,46000,true,2026-07-26 19:30:00
ft_tkt_0007204,ft_sal_003800,ft_evt_0057,General,46000,true,2026-07-26 20:04:00
ft_tkt_0007205,ft_sal_003801,ft_evt_0057,Preferencial,94000,false,
ft_tkt_0007206,ft_sal_003802,ft_evt_0057,Cortesía,0,false,
ft_tkt_0007207,ft_sal_003802,ft_evt_0057,Cortesía,0,false,
ft_tkt_0007208,ft_sal_003803,ft_evt_0057,General,62000,true,2026-07-26 20:15:00
ft_tkt_0007209,ft_sal_003804,ft_evt_0057,General,61000,true,2026-07-26 19:50:00
ft_tkt_0007210,ft_sal_003804,ft_evt_0057,General,61000,true,2026-07-26 19:47:00
ft_tkt_0007211,ft_sal_003805,ft_evt_0057,General,55000,false,
ft_tkt_0007212,ft_sal_003805,ft_evt_0057,General,55000,true,2026-07-26 20:25:00
ft_tkt_0007213,ft_sal_003806,ft_evt_0057,VIP,132000,true,2026-07-26 19:52:00
ft_tkt_0007214,ft_sal_003806,ft_evt_0057,VIP,132000,true,2026-07-26 19:53:00
ft_tkt_0007215,ft_sal_003807,ft_evt_0057,Preferencial,102000,false,
ft_tkt_0007216,ft_sal_003808,ft_evt_0057,Preferencial,91000,true,2026-07-26 20:18:00
ft_tkt_0007217,ft_sal_003808,ft_evt_0057,Preferencial,91000,true,2026-07-26 20:22:00
ft_tkt_0007218,ft_sal_003809,ft_evt_0057,General,62000,false,
ft_tkt_0007219,ft_sal_003809,ft_evt_0057,General,62000,false,
ft_tkt_0007220,ft_sal_003809,ft_evt_0057,General,62000,false,
ft_tkt_0007221,ft_sal_003810,ft_evt_0057,General,65000,false,
ft_tkt_0007222,ft_sal_003811,ft_evt_0057,General,44000,false,
ft_tkt_0007223,ft_sal_003812,ft_evt_0057,VIP,146000,true,2026-07-26 20:02:00
ft_tkt_0007224,ft_sal_003813,ft_evt_0057,VIP,139000,true,2026-07-26 20:06:00
ft_tkt_0007225,ft_sal_003814,ft_evt_0057,Cortesía,0,false,
ft_tkt_0007226,ft_sal_003814,ft_evt_0057,Cortesía,0,false,
ft_tkt_0007227,ft_sal_003814,ft_evt_0057,Cortesía,0,false,
ft_tkt_0007228,ft_sal_003814,ft_evt_0057,Cortesía,0,false,
ft_tkt_0007229,ft_sal_003815,ft_evt_0057,Cortesía,0,true,2026-07-26 20:14:00
ft_tkt_0007230,ft_sal_003816,ft_evt_0057,Preferencial,103000,false,
ft_tkt_0007231,ft_sal_003817,ft_evt_0057,Preferencial,95000,true,2026-07-26 20:23:00
ft_tkt_0007232,ft_sal_003818,ft_evt_0057,General,64000,true,2026-07-26 19:22:00
ft_tkt_0007233,ft_sal_003819,ft_evt_0057,Preferencial,95000,false,
ft_tkt_0007234,ft_sal_003820,ft_evt_0057,Preferencial,95000,true,2026-07-26 19:48:00
ft_tkt_0007235,ft_sal_003821,ft_evt_0057,General,63000,true,2026-07-26 20:05:00
ft_tkt_0007236,ft_sal_003822,ft_evt_0057,Preferencial,94000,true,2026-07-26 19:58:00
ft_tkt_0007237,ft_sal_003823,ft_evt_0057,General,44000,true,2026-07-26 19:52:00
ft_tkt_0007238,ft_sal_003824,ft_evt_0057,Preferencial,88000,true,2026-07-26 19:15:00
ft_tkt_0007239,ft_sal_003825,ft_evt_0057,Preferencial,91000,false,
ft_tkt_0007240,ft_sal_003826,ft_evt_0057,General,60000,true,2026-07-26 19:17:00
ft_tkt_0007241,ft_sal_003826,ft_evt_0057,General,60000,true,2026-07-26 19:15:00
ft_tkt_0007242,ft_sal_003826,ft_evt_0057,General,60000,false,
ft_tkt_0007243,ft_sal_003827,ft_evt_0057,General,47000,true,2026-07-26 20:08:00
ft_tkt_0007244,ft_sal_003827,ft_evt_0057,General,47000,true,2026-07-26 19:27:00
ft_tkt_0007245,ft_sal_003828,ft_evt_0057,Preferencial,104000,false,
ft_tkt_0007246,ft_sal_003829,ft_evt_0057,Cortesía,0,true,2026-07-26 19:39:00
ft_tkt_0007247,ft_sal_003829,ft_evt_0057,Cortesía,0,false,
ft_tkt_0007248,ft_sal_003830,ft_evt_0057,General,45000,true,2026-07-26 20:19:00
ft_tkt_0007249,ft_sal_003830,ft_evt_0057,General,45000,false,
ft_tkt_0007250,ft_sal_003831,ft_evt_0057,General,43000,false,
ft_tkt_0007251,ft_sal_003832,ft_evt_0057,VIP,139000,false,
ft_tkt_0007252,ft_sal_003833,ft_evt_0057,General,61000,false,
ft_tkt_0007253,ft_sal_003834,ft_evt_0057,VIP,139000,false,
ft_tkt_0007254,ft_sal_003835,ft_evt_0057,Preferencial,95000,false,
ft_tkt_0007255,ft_sal_003835,ft_evt_0057,Preferencial,95000,false,
ft_tkt_0007256,ft_sal_003835,ft_evt_0057,Preferencial,95000,false,
ft_tkt_0007257,ft_sal_003835,ft_evt_0057,Preferencial,95000,true,2026-07-26 20:24:00
ft_tkt_0007258,ft_sal_003836,ft_evt_0057,Preferencial,99000,false,
ft_tkt_0007259,ft_sal_003836,ft_evt_0057,Preferencial,99000,false,
ft_tkt_0007260,ft_sal_003837,ft_evt_0057,Cortesía,0,false,
ft_tkt_0007261,ft_sal_003838,ft_evt_0057,General,63000,false,
ft_tkt_0007262,ft_sal_003839,ft_evt_0057,General,58000,false,
ft_tkt_0007263,ft_sal_003839,ft_evt_0057,General,58000,false,
ft_tkt_0007264,ft_sal_003840,ft_evt_0057,Cortesía,0,false,
ft_tkt_0007265,ft_sal_003840,ft_evt_0057,Cortesía,0,false,
ft_tkt_0007266,ft_sal_003841,ft_evt_0057,VIP,144000,true,2026-07-26 20:12:00
ft_tkt_0007267,ft_sal_003841,ft_evt_0057,VIP,144000,false,
ft_tkt_0007268,ft_sal_003842,ft_evt_0057,General,42000,false,
ft_tkt_0007269,ft_sal_003843,ft_evt_0057,General,43000,false,
ft_tkt_0007270,ft_sal_003844,ft_evt_0057,General,57000,true,2026-07-26 20:09:00
ft_tkt_0007271,ft_sal_003845,ft_evt_0057,Preferencial,93000,true,2026-07-26 20:07:00
ft_tkt_0007272,ft_sal_003846,ft_evt_0057,General,60000,false,
ft_tkt_0007273,ft_sal_003847,ft_evt_0057,General,48000,true,2026-07-26 19:39:00
ft_tkt_0007274,ft_sal_003847,ft_evt_0057,General,48000,false,
ft_tkt_0007275,ft_sal_003848,ft_evt_0057,General,47000,true,2026-07-26 20:06:00
ft_tkt_0007276,ft_sal_003848,ft_evt_0057,General,47000,false,
ft_tkt_0007277,ft_sal_003849,ft_evt_0057,General,58000,false,
ft_tkt_0007278,ft_sal_003850,ft_evt_0057,Preferencial,89000,true,2026-07-26 19:36:00
ft_tkt_0007279,ft_sal_003850,ft_evt_0057,Preferencial,89000,false,
ft_tkt_0007280,ft_sal_003850,ft_evt_0057,Preferencial,89000,false,
ft_tkt_0007281,ft_sal_003850,ft_evt_0057,Preferencial,89000,false,
ft_tkt_0007282,ft_sal_003850,ft_evt_0057,Preferencial,89000,true,2026-07-26 19:56:00
ft_tkt_0007283,ft_sal_003850,ft_evt_0057,Preferencial,89000,false,
ft_tkt_0007284,ft_sal_003851,ft_evt_0057,General,62000,true,2026-07-26 19:49:00
ft_tkt_0007285,ft_sal_003851,ft_evt_0057,General,62000,true,2026-07-26 20:25:00
ft_tkt_0007286,ft_sal_003851,ft_evt_0057,General,62000,true,2026-07-26 20:13:00
ft_tkt_0007287,ft_sal_003851,ft_evt_0057,General,62000,true,2026-07-26 19:24:00
ft_tkt_0007288,ft_sal_003851,ft_evt_0057,General,62000,true,2026-07-26 20:06:00
ft_tkt_0007289,ft_sal_003851,ft_evt_0057,General,62000,true,2026-07-26 19:10:00
ft_tkt_0007290,ft_sal_003852,ft_evt_0057,General,50000,false,
ft_tkt_0007291,ft_sal_003852,ft_evt_0057,General,50000,false,
ft_tkt_0007292,ft_sal_003853,ft_evt_0057,Preferencial,88000,true,2026-07-26 20:07:00
ft_tkt_0007293,ft_sal_003853,ft_evt_0057,Preferencial,88000,false,
ft_tkt_0007294,ft_sal_003854,ft_evt_0057,General,47000,true,2026-07-26 19:31:00
ft_tkt_0007295,ft_sal_003854,ft_evt_0057,General,47000,false,
ft_tkt_0007296,ft_sal_003855,ft_evt_0057,VIP,146000,true,2026-07-26 19:39:00
ft_tkt_0007297,ft_sal_003856,ft_evt_0057,Cortesía,0,false,
ft_tkt_0007298,ft_sal_003856,ft_evt_0057,Cortesía,0,false,
ft_tkt_0007299,ft_sal_003857,ft_evt_0057,Preferencial,94000,true,2026-07-26 19:55:00
ft_tkt_0007300,ft_sal_003857,ft_evt_0057,Preferencial,94000,true,2026-07-26 19:29:00
ft_tkt_0007301,ft_sal_003858,ft_evt_0057,Cortesía,0,true,2026-07-26 20:07:00
ft_tkt_0007302,ft_sal_003859,ft_evt_0057,Preferencial,100000,false,
ft_tkt_0007303,ft_sal_003860,ft_evt_0057,VIP,137000,false,
ft_tkt_0007304,ft_sal_003860,ft_evt_0057,VIP,137000,false,
ft_tkt_0007305,ft_sal_003860,ft_evt_0057,VIP,137000,false,
ft_tkt_0007306,ft_sal_003861,ft_evt_0057,Cortesía,0,false,
ft_tkt_0007307,ft_sal_003861,ft_evt_0057,Cortesía,0,false,
ft_tkt_0007308,ft_sal_003862,ft_evt_0057,VIP,130000,false,
ft_tkt_0007309,ft_sal_003862,ft_evt_0057,VIP,130000,true,2026-07-26 19:38:00
ft_tkt_0007310,ft_sal_003863,ft_evt_0057,Cortesía,0,true,2026-07-26 20:15:00
ft_tkt_0007311,ft_sal_003864,ft_evt_0057,VIP,144000,false,
ft_tkt_0007312,ft_sal_003865,ft_evt_0057,General,63000,false,
ft_tkt_0007313,ft_sal_003866,ft_evt_0057,General,45000,true,2026-07-26 19:45:00
ft_tkt_0007314,ft_sal_003866,ft_evt_0057,General,45000,false,
ft_tkt_0007315,ft_sal_003867,ft_evt_0057,Preferencial,91000,false,
ft_tkt_0007316,ft_sal_003868,ft_evt_0057,Preferencial,91000,false,
ft_tkt_0007317,ft_sal_003868,ft_evt_0057,Preferencial,91000,true,2026-07-26 20:16:00
ft_tkt_0007318,ft_sal_003868,ft_evt_0057,Preferencial,91000,false,
ft_tkt_0007319,ft_sal_003869,ft_evt_0057,General,45000,true,2026-07-26 20:20:00
ft_tkt_0007320,ft_sal_003870,ft_evt_0057,General,60000,false,
ft_tkt_0007321,ft_sal_003871,ft_evt_0057,Preferencial,88000,false,
ft_tkt_0007322,ft_sal_003871,ft_evt_0057,Preferencial,88000,false,
ft_tkt_0007323,ft_sal_003871,ft_evt_0057,Preferencial,88000,true,2026-07-26 20:02:00
ft_tkt_0007324,ft_sal_003872,ft_evt_0057,Preferencial,90000,true,2026-07-26 20:13:00
ft_tkt_0007325,ft_sal_003873,ft_evt_0057,General,49000,false,
ft_tkt_0007326,ft_sal_003874,ft_evt_0057,General,43000,false,
ft_tkt_0007327,ft_sal_003874,ft_evt_0057,General,43000,false,
ft_tkt_0007328,ft_sal_003874,ft_evt_0057,General,43000,false,
ft_tkt_0007329,ft_sal_003875,ft_evt_0057,General,44000,false,
ft_tkt_0007330,ft_sal_003876,ft_evt_0057,General,61000,true,2026-07-26 19:11:00
ft_tkt_0007331,ft_sal_003876,ft_evt_0057,General,61000,false,
ft_tkt_0007332,ft_sal_003877,ft_evt_0057,VIP,133000,true,2026-07-26 19:18:00
ft_tkt_0007333,ft_sal_003877,ft_evt_0057,VIP,133000,false,
ft_tkt_0007334,ft_sal_003878,ft_evt_0057,VIP,134000,true,2026-07-26 19:44:00
ft_tkt_0007335,ft_sal_003878,ft_evt_0057,VIP,134000,true,2026-07-26 19:53:00
ft_tkt_0007336,ft_sal_003878,ft_evt_0057,VIP,134000,true,2026-07-26 19:19:00
ft_tkt_0007337,ft_sal_003878,ft_evt_0057,VIP,134000,true,2026-07-26 20:12:00
ft_tkt_0007338,ft_sal_003879,ft_evt_0057,General,60000,false,
ft_tkt_0007339,ft_sal_003879,ft_evt_0057,General,60000,true,2026-07-26 20:17:00
ft_tkt_0007340,ft_sal_003880,ft_evt_0057,Preferencial,98000,false,
ft_tkt_0007341,ft_sal_003881,ft_evt_0057,General,43000,true,2026-07-26 19:17:00
ft_tkt_0007342,ft_sal_003882,ft_evt_0057,VIP,141000,true,2026-07-26 19:13:00
ft_tkt_0007343,ft_sal_003882,ft_evt_0057,VIP,141000,false,
ft_tkt_0007344,ft_sal_003882,ft_evt_0057,VIP,141000,false,
ft_tkt_0007345,ft_sal_003882,ft_evt_0057,VIP,141000,true,2026-07-26 19:50:00
ft_tkt_0007346,ft_sal_003883,ft_evt_0057,General,61000,false,
ft_tkt_0007347,ft_sal_003884,ft_evt_0057,Preferencial,94000,true,2026-07-26 19:13:00
ft_tkt_0007348,ft_sal_003885,ft_evt_0057,General,50000,false,
ft_tkt_0007349,ft_sal_003885,ft_evt_0057,General,50000,false,
ft_tkt_0007350,ft_sal_003886,ft_evt_0057,General,47000,false,
ft_tkt_0007351,ft_sal_003887,ft_evt_0057,Preferencial,102000,true,2026-07-26 19:13:00
ft_tkt_0007352,ft_sal_003887,ft_evt_0057,Preferencial,102000,false,
ft_tkt_0007353,ft_sal_003887,ft_evt_0057,Preferencial,102000,true,2026-07-26 19:57:00
ft_tkt_0007354,ft_sal_003887,ft_evt_0057,Preferencial,102000,false,
ft_tkt_0007355,ft_sal_003887,ft_evt_0057,Preferencial,102000,false,
ft_tkt_0007356,ft_sal_003887,ft_evt_0057,Preferencial,102000,true,2026-07-26 19:24:00
ft_tkt_0007357,ft_sal_003888,ft_evt_0057,General,43000,true,2026-07-26 19:55:00
ft_tkt_0007358,ft_sal_003888,ft_evt_0057,General,43000,false,
ft_tkt_0007359,ft_sal_003889,ft_evt_0057,General,45000,false,
ft_tkt_0007360,ft_sal_003890,ft_evt_0057,General,48000,false,
ft_tkt_0007361,ft_sal_003891,ft_evt_0057,General,59000,false,
ft_tkt_0007362,ft_sal_003892,ft_evt_0057,General,44000,true,2026-07-26 20:10:00
ft_tkt_0007363,ft_sal_003893,ft_evt_0057,Preferencial,91000,true,2026-07-26 19:15:00
ft_tkt_0007364,ft_sal_003894,ft_evt_0057,Preferencial,93000,true,2026-07-26 19:28:00
ft_tkt_0007365,ft_sal_003894,ft_evt_0057,Preferencial,93000,false,
ft_tkt_0007366,ft_sal_003894,ft_evt_0057,Preferencial,93000,true,2026-07-26 20:17:00
ft_tkt_0007367,ft_sal_003895,ft_evt_0057,General,64000,false,
ft_tkt_0007368,ft_sal_003895,ft_evt_0057,General,64000,true,2026-07-26 20:24:00
ft_tkt_0007369,ft_sal_003895,ft_evt_0057,General,64000,true,2026-07-26 19:52:00
ft_tkt_0007370,ft_sal_003896,ft_evt_0057,General,42000,true,2026-07-26 19:48:00
ft_tkt_0007371,ft_sal_003897,ft_evt_0057,General,44000,false,
ft_tkt_0007372,ft_sal_003897,ft_evt_0057,General,44000,false,
ft_tkt_0007373,ft_sal_003898,ft_evt_0057,VIP,141000,true,2026-07-26 20:10:00
ft_tkt_0007374,ft_sal_003899,ft_evt_0057,General,45000,false,
ft_tkt_0007375,ft_sal_003900,ft_evt_0057,Preferencial,95000,false,
ft_tkt_0007376,ft_sal_003900,ft_evt_0057,Preferencial,95000,false,
ft_tkt_0007377,ft_sal_003901,ft_evt_0057,General,42000,false,
ft_tkt_0007378,ft_sal_003901,ft_evt_0057,General,42000,false,
ft_tkt_0007379,ft_sal_003902,ft_evt_0057,General,57000,true,2026-07-26 20:19:00
ft_tkt_0007380,ft_sal_003903,ft_evt_0057,General,44000,false,
ft_tkt_0007381,ft_sal_003904,ft_evt_0057,General,57000,true,2026-07-26 19:10:00
ft_tkt_0007382,ft_sal_003905,ft_evt_0057,Preferencial,94000,false,
ft_tkt_0007383,ft_sal_003906,ft_evt_0057,General,59000,true,2026-07-26 19:55:00
ft_tkt_0007384,ft_sal_003906,ft_evt_0057,General,59000,true,2026-07-26 19:29:00
ft_tkt_0007385,ft_sal_003907,ft_evt_0013,General,61000,false,
ft_tkt_0007386,ft_sal_003908,ft_evt_0013,General,46000,true,2026-07-28 19:42:00
ft_tkt_0007387,ft_sal_003909,ft_evt_0013,Preferencial,95000,true,2026-07-28 20:09:00
ft_tkt_0007388,ft_sal_003910,ft_evt_0013,General,44000,true,2026-07-28 19:21:00
ft_tkt_0007389,ft_sal_003911,ft_evt_0013,General,48000,false,
ft_tkt_0007390,ft_sal_003911,ft_evt_0013,General,48000,false,
ft_tkt_0007391,ft_sal_003911,ft_evt_0013,General,48000,true,2026-07-28 19:26:00
ft_tkt_0007392,ft_sal_003911,ft_evt_0013,General,48000,false,
ft_tkt_0007393,ft_sal_003912,ft_evt_0013,General,47000,true,2026-07-28 20:02:00
ft_tkt_0007394,ft_sal_003912,ft_evt_0013,General,47000,true,2026-07-28 19:44:00
ft_tkt_0007395,ft_sal_003913,ft_evt_0013,General,41000,false,
ft_tkt_0007396,ft_sal_003914,ft_evt_0013,General,61000,true,2026-07-28 19:47:00
ft_tkt_0007397,ft_sal_003915,ft_evt_0013,General,45000,true,2026-07-28 19:12:00
ft_tkt_0007398,ft_sal_003915,ft_evt_0013,General,45000,true,2026-07-28 19:29:00
ft_tkt_0007399,ft_sal_003916,ft_evt_0013,General,64000,true,2026-07-28 19:11:00
ft_tkt_0007400,ft_sal_003916,ft_evt_0013,General,64000,true,2026-07-28 19:45:00
ft_tkt_0007401,ft_sal_003916,ft_evt_0013,General,64000,true,2026-07-28 19:28:00
ft_tkt_0007402,ft_sal_003916,ft_evt_0013,General,64000,true,2026-07-28 19:36:00
ft_tkt_0007403,ft_sal_003917,ft_evt_0013,General,63000,true,2026-07-28 20:08:00
ft_tkt_0007404,ft_sal_003918,ft_evt_0013,Preferencial,98000,true,2026-07-28 19:16:00
ft_tkt_0007405,ft_sal_003918,ft_evt_0013,Preferencial,98000,true,2026-07-28 20:10:00
ft_tkt_0007406,ft_sal_003919,ft_evt_0013,General,47000,true,2026-07-28 19:45:00
ft_tkt_0007407,ft_sal_003919,ft_evt_0013,General,47000,false,
ft_tkt_0007408,ft_sal_003920,ft_evt_0013,VIP,141000,true,2026-07-28 20:07:00
ft_tkt_0007409,ft_sal_003920,ft_evt_0013,VIP,141000,false,
ft_tkt_0007410,ft_sal_003920,ft_evt_0013,VIP,141000,true,2026-07-28 19:51:00
ft_tkt_0007411,ft_sal_003920,ft_evt_0013,VIP,141000,false,
ft_tkt_0007412,ft_sal_003920,ft_evt_0013,VIP,141000,true,2026-07-28 20:02:00
ft_tkt_0007413,ft_sal_003920,ft_evt_0013,VIP,141000,false,
ft_tkt_0007414,ft_sal_003921,ft_evt_0013,General,43000,true,2026-07-28 19:33:00
ft_tkt_0007415,ft_sal_003922,ft_evt_0013,Preferencial,87000,false,
ft_tkt_0007416,ft_sal_003922,ft_evt_0013,Preferencial,87000,false,
ft_tkt_0007417,ft_sal_003922,ft_evt_0013,Preferencial,87000,false,
ft_tkt_0007418,ft_sal_003923,ft_evt_0013,General,48000,true,2026-07-28 19:22:00
ft_tkt_0007419,ft_sal_003923,ft_evt_0013,General,48000,false,
ft_tkt_0007420,ft_sal_003923,ft_evt_0013,General,48000,false,
ft_tkt_0007421,ft_sal_003923,ft_evt_0013,General,48000,true,2026-07-28 19:21:00
ft_tkt_0007422,ft_sal_003924,ft_evt_0013,VIP,141000,false,
ft_tkt_0007423,ft_sal_003924,ft_evt_0013,VIP,141000,true,2026-07-28 19:57:00
ft_tkt_0007424,ft_sal_003924,ft_evt_0013,VIP,141000,false,
ft_tkt_0007425,ft_sal_003924,ft_evt_0013,VIP,141000,true,2026-07-28 20:06:00
ft_tkt_0007426,ft_sal_003925,ft_evt_0013,General,49000,false,
ft_tkt_0007427,ft_sal_003925,ft_evt_0013,General,49000,true,2026-07-28 19:35:00
ft_tkt_0007428,ft_sal_003926,ft_evt_0013,General,66000,true,2026-07-28 20:16:00
ft_tkt_0007429,ft_sal_003927,ft_evt_0013,General,56000,false,
ft_tkt_0007430,ft_sal_003928,ft_evt_0013,Cortesía,0,false,
ft_tkt_0007431,ft_sal_003929,ft_evt_0013,Preferencial,95000,true,2026-07-28 19:18:00
ft_tkt_0007432,ft_sal_003929,ft_evt_0013,Preferencial,95000,true,2026-07-28 19:15:00
ft_tkt_0007433,ft_sal_003930,ft_evt_0013,Preferencial,96000,false,
ft_tkt_0007434,ft_sal_003931,ft_evt_0013,Preferencial,109000,true,2026-07-28 19:30:00
ft_tkt_0007435,ft_sal_003932,ft_evt_0013,General,46000,false,
ft_tkt_0007436,ft_sal_003932,ft_evt_0013,General,46000,false,
ft_tkt_0007437,ft_sal_003933,ft_evt_0013,General,45000,true,2026-07-28 19:17:00
ft_tkt_0007438,ft_sal_003933,ft_evt_0013,General,45000,true,2026-07-28 19:31:00
ft_tkt_0007439,ft_sal_003934,ft_evt_0013,General,45000,true,2026-07-28 19:53:00
ft_tkt_0007440,ft_sal_003935,ft_evt_0013,Cortesía,0,false,
ft_tkt_0007441,ft_sal_003935,ft_evt_0013,Cortesía,0,false,
ft_tkt_0007442,ft_sal_003935,ft_evt_0013,Cortesía,0,false,
ft_tkt_0007443,ft_sal_003936,ft_evt_0013,Preferencial,96000,true,2026-07-28 20:24:00
ft_tkt_0007444,ft_sal_003936,ft_evt_0013,Preferencial,96000,true,2026-07-28 19:36:00
ft_tkt_0007445,ft_sal_003937,ft_evt_0013,General,42000,true,2026-07-28 20:16:00
ft_tkt_0007446,ft_sal_003937,ft_evt_0013,General,42000,true,2026-07-28 19:27:00
ft_tkt_0007447,ft_sal_003938,ft_evt_0013,Preferencial,98000,false,
ft_tkt_0007448,ft_sal_003939,ft_evt_0013,Preferencial,93000,true,2026-07-28 20:25:00
ft_tkt_0007449,ft_sal_003939,ft_evt_0013,Preferencial,93000,true,2026-07-28 19:45:00
ft_tkt_0007450,ft_sal_003940,ft_evt_0013,Cortesía,0,false,
ft_tkt_0007451,ft_sal_003940,ft_evt_0013,Cortesía,0,true,2026-07-28 19:10:00
ft_tkt_0007452,ft_sal_003941,ft_evt_0031,Preferencial,99000,true,2026-07-29 20:52:00
ft_tkt_0007453,ft_sal_003941,ft_evt_0031,Preferencial,99000,false,
ft_tkt_0007454,ft_sal_003942,ft_evt_0031,General,46000,false,
ft_tkt_0007455,ft_sal_003942,ft_evt_0031,General,46000,true,2026-07-29 20:21:00
ft_tkt_0007456,ft_sal_003942,ft_evt_0031,General,46000,true,2026-07-29 19:41:00
ft_tkt_0007457,ft_sal_003942,ft_evt_0031,General,46000,true,2026-07-29 19:57:00
ft_tkt_0007458,ft_sal_003942,ft_evt_0031,General,46000,false,
ft_tkt_0007459,ft_sal_003942,ft_evt_0031,General,46000,true,2026-07-29 20:13:00
ft_tkt_0007460,ft_sal_003943,ft_evt_0031,General,57000,false,
ft_tkt_0007461,ft_sal_003943,ft_evt_0031,General,57000,true,2026-07-29 20:51:00
ft_tkt_0007462,ft_sal_003944,ft_evt_0031,Cortesía,0,false,
ft_tkt_0007463,ft_sal_003945,ft_evt_0031,Preferencial,83000,true,2026-07-29 20:29:00
ft_tkt_0007464,ft_sal_003946,ft_evt_0031,General,48000,true,2026-07-29 20:27:00
ft_tkt_0007465,ft_sal_003947,ft_evt_0031,General,61000,true,2026-07-29 20:07:00
ft_tkt_0007466,ft_sal_003947,ft_evt_0031,General,61000,true,2026-07-29 20:36:00
ft_tkt_0007467,ft_sal_003947,ft_evt_0031,General,61000,true,2026-07-29 19:56:00
ft_tkt_0007468,ft_sal_003948,ft_evt_0031,General,62000,true,2026-07-29 20:21:00
ft_tkt_0007469,ft_sal_003948,ft_evt_0031,General,62000,true,2026-07-29 20:45:00
ft_tkt_0007470,ft_sal_003949,ft_evt_0031,General,64000,true,2026-07-29 20:08:00
ft_tkt_0007471,ft_sal_003950,ft_evt_0031,General,60000,true,2026-07-29 20:21:00
ft_tkt_0007472,ft_sal_003950,ft_evt_0031,General,60000,true,2026-07-29 20:36:00
ft_tkt_0007473,ft_sal_003951,ft_evt_0031,Cortesía,0,false,
ft_tkt_0007474,ft_sal_003951,ft_evt_0031,Cortesía,0,false,
ft_tkt_0007475,ft_sal_003952,ft_evt_0031,General,45000,false,
ft_tkt_0007476,ft_sal_003952,ft_evt_0031,General,45000,false,
ft_tkt_0007477,ft_sal_003953,ft_evt_0031,Preferencial,92000,true,2026-07-29 20:10:00
ft_tkt_0007478,ft_sal_003954,ft_evt_0031,General,47000,true,2026-07-29 20:55:00
ft_tkt_0007479,ft_sal_003954,ft_evt_0031,General,47000,true,2026-07-29 20:11:00
ft_tkt_0007480,ft_sal_003955,ft_evt_0031,VIP,142000,true,2026-07-29 20:26:00
ft_tkt_0007481,ft_sal_003956,ft_evt_0031,General,49000,true,2026-07-29 20:41:00
ft_tkt_0007482,ft_sal_003957,ft_evt_0031,Preferencial,96000,false,
ft_tkt_0007483,ft_sal_003958,ft_evt_0031,Preferencial,89000,true,2026-07-29 20:29:00
ft_tkt_0007484,ft_sal_003959,ft_evt_0031,Preferencial,88000,false,
ft_tkt_0007485,ft_sal_003959,ft_evt_0031,Preferencial,88000,true,2026-07-29 20:32:00
ft_tkt_0007486,ft_sal_003960,ft_evt_0031,General,43000,true,2026-07-29 20:23:00
ft_tkt_0007487,ft_sal_003960,ft_evt_0031,General,43000,true,2026-07-29 20:28:00
ft_tkt_0007488,ft_sal_003961,ft_evt_0031,General,56000,true,2026-07-29 20:28:00
ft_tkt_0007489,ft_sal_003961,ft_evt_0031,General,56000,true,2026-07-29 19:41:00
ft_tkt_0007490,ft_sal_003962,ft_evt_0031,VIP,149000,true,2026-07-29 19:56:00
ft_tkt_0007491,ft_sal_003962,ft_evt_0031,VIP,149000,true,2026-07-29 20:49:00
ft_tkt_0007492,ft_sal_003963,ft_evt_0031,VIP,144000,true,2026-07-29 20:45:00
ft_tkt_0007493,ft_sal_003963,ft_evt_0031,VIP,144000,true,2026-07-29 20:31:00
ft_tkt_0007494,ft_sal_003964,ft_evt_0031,VIP,133000,false,
ft_tkt_0007495,ft_sal_003965,ft_evt_0031,General,46000,false,
ft_tkt_0007496,ft_sal_003965,ft_evt_0031,General,46000,false,
ft_tkt_0007497,ft_sal_003965,ft_evt_0031,General,46000,false,
ft_tkt_0007498,ft_sal_003965,ft_evt_0031,General,46000,false,
ft_tkt_0007499,ft_sal_003966,ft_evt_0031,General,65000,false,
ft_tkt_0007500,ft_sal_003967,ft_evt_0031,General,63000,false,
ft_tkt_0007501,ft_sal_003968,ft_evt_0031,General,60000,true,2026-07-29 20:37:00
ft_tkt_0007502,ft_sal_003968,ft_evt_0031,General,60000,true,2026-07-29 19:41:00
ft_tkt_0007503,ft_sal_003968,ft_evt_0031,General,60000,false,
ft_tkt_0007504,ft_sal_003969,ft_evt_0031,General,64000,true,2026-07-29 19:55:00
ft_tkt_0007505,ft_sal_003970,ft_evt_0031,Preferencial,98000,true,2026-07-29 20:31:00
ft_tkt_0007506,ft_sal_003971,ft_evt_0031,Preferencial,91000,true,2026-07-29 19:52:00
ft_tkt_0007507,ft_sal_003971,ft_evt_0031,Preferencial,91000,false,
ft_tkt_0007508,ft_sal_003972,ft_evt_0031,Preferencial,92000,false,
ft_tkt_0007509,ft_sal_003973,ft_evt_0031,General,58000,false,
ft_tkt_0007510,ft_sal_003973,ft_evt_0031,General,58000,true,2026-07-29 20:17:00
ft_tkt_0007511,ft_sal_003973,ft_evt_0031,General,58000,true,2026-07-29 20:46:00
ft_tkt_0007512,ft_sal_003973,ft_evt_0031,General,58000,true,2026-07-29 20:47:00
ft_tkt_0007513,ft_sal_003974,ft_evt_0031,VIP,139000,true,2026-07-29 20:12:00
ft_tkt_0007514,ft_sal_003975,ft_evt_0031,General,65000,true,2026-07-29 19:54:00
ft_tkt_0007515,ft_sal_003975,ft_evt_0031,General,65000,false,
ft_tkt_0007516,ft_sal_003975,ft_evt_0031,General,65000,true,2026-07-29 19:54:00
ft_tkt_0007517,ft_sal_003976,ft_evt_0031,General,58000,true,2026-07-29 20:46:00
ft_tkt_0007518,ft_sal_003976,ft_evt_0031,General,58000,true,2026-07-29 19:44:00
ft_tkt_0007519,ft_sal_003977,ft_evt_0031,General,48000,true,2026-07-29 20:02:00
ft_tkt_0007520,ft_sal_003978,ft_evt_0031,General,59000,true,2026-07-29 19:42:00
ft_tkt_0007521,ft_sal_003978,ft_evt_0031,General,59000,true,2026-07-29 20:10:00
ft_tkt_0007522,ft_sal_003979,ft_evt_0031,General,46000,true,2026-07-29 20:45:00
ft_tkt_0007523,ft_sal_003979,ft_evt_0031,General,46000,true,2026-07-29 20:30:00
ft_tkt_0007524,ft_sal_003979,ft_evt_0031,General,46000,true,2026-07-29 20:14:00
ft_tkt_0007525,ft_sal_003979,ft_evt_0031,General,46000,false,
ft_tkt_0007526,ft_sal_003979,ft_evt_0031,General,46000,true,2026-07-29 20:36:00
ft_tkt_0007527,ft_sal_003979,ft_evt_0031,General,46000,false,
ft_tkt_0007528,ft_sal_003980,ft_evt_0031,General,47000,true,2026-07-29 20:29:00
ft_tkt_0007529,ft_sal_003980,ft_evt_0031,General,47000,false,
ft_tkt_0007530,ft_sal_003980,ft_evt_0031,General,47000,false,
ft_tkt_0007531,ft_sal_003981,ft_evt_0031,General,46000,false,
ft_tkt_0007532,ft_sal_003981,ft_evt_0031,General,46000,true,2026-07-29 20:29:00
ft_tkt_0007533,ft_sal_003982,ft_evt_0031,Cortesía,0,false,
ft_tkt_0007534,ft_sal_003982,ft_evt_0031,Cortesía,0,false,
ft_tkt_0007535,ft_sal_003983,ft_evt_0031,General,45000,true,2026-07-29 19:44:00
ft_tkt_0007536,ft_sal_003983,ft_evt_0031,General,45000,true,2026-07-29 19:53:00
ft_tkt_0007537,ft_sal_003983,ft_evt_0031,General,45000,true,2026-07-29 20:19:00
ft_tkt_0007538,ft_sal_003984,ft_evt_0031,General,44000,false,
ft_tkt_0007539,ft_sal_003984,ft_evt_0031,General,44000,true,2026-07-29 20:39:00
ft_tkt_0007540,ft_sal_003985,ft_evt_0031,VIP,134000,true,2026-07-29 19:54:00
ft_tkt_0007541,ft_sal_003986,ft_evt_0031,General,42000,false,
ft_tkt_0007542,ft_sal_003987,ft_evt_0031,General,48000,false,
ft_tkt_0007543,ft_sal_003988,ft_evt_0031,General,44000,true,2026-07-29 20:40:00
ft_tkt_0007544,ft_sal_003989,ft_evt_0031,General,47000,false,
ft_tkt_0007545,ft_sal_003990,ft_evt_0031,General,61000,false,
ft_tkt_0007546,ft_sal_003991,ft_evt_0031,General,62000,true,2026-07-29 20:27:00
ft_tkt_0007547,ft_sal_003992,ft_evt_0031,General,61000,false,
ft_tkt_0007548,ft_sal_003993,ft_evt_0031,Preferencial,100000,true,2026-07-29 20:15:00
ft_tkt_0007549,ft_sal_003993,ft_evt_0031,Preferencial,100000,true,2026-07-29 20:00:00
ft_tkt_0007550,ft_sal_003993,ft_evt_0031,Preferencial,100000,true,2026-07-29 19:44:00
ft_tkt_0007551,ft_sal_003993,ft_evt_0031,Preferencial,100000,true,2026-07-29 20:53:00
ft_tkt_0007552,ft_sal_003994,ft_evt_0031,Cortesía,0,true,2026-07-29 19:57:00
ft_tkt_0007553,ft_sal_003994,ft_evt_0031,Cortesía,0,false,
ft_tkt_0007554,ft_sal_003995,ft_evt_0031,General,47000,true,2026-07-29 20:07:00
ft_tkt_0007555,ft_sal_003996,ft_evt_0031,General,43000,true,2026-07-29 20:09:00
ft_tkt_0007556,ft_sal_003997,ft_evt_0031,Preferencial,101000,false,
ft_tkt_0007557,ft_sal_003998,ft_evt_0031,General,63000,true,2026-07-29 20:09:00
ft_tkt_0007558,ft_sal_003999,ft_evt_0031,General,44000,false,
ft_tkt_0007559,ft_sal_004000,ft_evt_0031,General,57000,true,2026-07-29 20:34:00
ft_tkt_0007560,ft_sal_004000,ft_evt_0031,General,57000,false,
ft_tkt_0007561,ft_sal_004000,ft_evt_0031,General,57000,true,2026-07-29 20:41:00
ft_tkt_0007562,ft_sal_004001,ft_evt_0031,Preferencial,98000,true,2026-07-29 20:40:00
ft_tkt_0007563,ft_sal_004001,ft_evt_0031,Preferencial,98000,true,2026-07-29 19:54:00
ft_tkt_0007564,ft_sal_004002,ft_evt_0031,General,61000,true,2026-07-29 20:33:00
ft_tkt_0007565,ft_sal_004003,ft_evt_0031,General,64000,false,
ft_tkt_0007566,ft_sal_004003,ft_evt_0031,General,64000,false,
ft_tkt_0007567,ft_sal_004004,ft_evt_0022,General,45000,false,
ft_tkt_0007568,ft_sal_004004,ft_evt_0022,General,45000,false,
ft_tkt_0007569,ft_sal_004005,ft_evt_0022,General,41000,true,2026-07-30 19:46:00
ft_tkt_0007570,ft_sal_004005,ft_evt_0022,General,41000,true,2026-07-30 19:14:00
ft_tkt_0007571,ft_sal_004006,ft_evt_0022,General,44000,false,
ft_tkt_0007572,ft_sal_004006,ft_evt_0022,General,44000,false,
ft_tkt_0007573,ft_sal_004007,ft_evt_0022,Preferencial,93000,true,2026-07-30 20:18:00
ft_tkt_0007574,ft_sal_004008,ft_evt_0022,Preferencial,93000,true,2026-07-30 20:08:00
ft_tkt_0007575,ft_sal_004009,ft_evt_0022,VIP,148000,true,2026-07-30 19:31:00
ft_tkt_0007576,ft_sal_004010,ft_evt_0022,General,55000,true,2026-07-30 19:56:00
ft_tkt_0007577,ft_sal_004010,ft_evt_0022,General,55000,true,2026-07-30 19:26:00
ft_tkt_0007578,ft_sal_004010,ft_evt_0022,General,55000,true,2026-07-30 19:16:00
ft_tkt_0007579,ft_sal_004010,ft_evt_0022,General,55000,true,2026-07-30 19:53:00
ft_tkt_0007580,ft_sal_004011,ft_evt_0022,General,62000,false,
ft_tkt_0007581,ft_sal_004011,ft_evt_0022,General,62000,true,2026-07-30 20:08:00
ft_tkt_0007582,ft_sal_004011,ft_evt_0022,General,62000,true,2026-07-30 19:32:00
ft_tkt_0007583,ft_sal_004011,ft_evt_0022,General,62000,false,
ft_tkt_0007584,ft_sal_004012,ft_evt_0022,Preferencial,93000,true,2026-07-30 19:36:00
ft_tkt_0007585,ft_sal_004013,ft_evt_0022,VIP,149000,true,2026-07-30 19:33:00
ft_tkt_0007586,ft_sal_004013,ft_evt_0022,VIP,149000,false,
ft_tkt_0007587,ft_sal_004014,ft_evt_0022,General,60000,true,2026-07-30 19:10:00
ft_tkt_0007588,ft_sal_004015,ft_evt_0022,VIP,151000,true,2026-07-30 19:39:00
ft_tkt_0007589,ft_sal_004015,ft_evt_0022,VIP,151000,true,2026-07-30 19:51:00
ft_tkt_0007590,ft_sal_004015,ft_evt_0022,VIP,151000,false,
ft_tkt_0007591,ft_sal_004015,ft_evt_0022,VIP,151000,true,2026-07-30 19:56:00
ft_tkt_0007592,ft_sal_004016,ft_evt_0022,Cortesía,0,false,
ft_tkt_0007593,ft_sal_004017,ft_evt_0022,General,62000,true,2026-07-30 19:25:00
ft_tkt_0007594,ft_sal_004018,ft_evt_0022,General,41000,true,2026-07-30 19:43:00
ft_tkt_0007595,ft_sal_004019,ft_evt_0022,General,54000,true,2026-07-30 19:18:00
ft_tkt_0007596,ft_sal_004019,ft_evt_0022,General,54000,true,2026-07-30 19:19:00
ft_tkt_0007597,ft_sal_004020,ft_evt_0022,General,46000,false,
ft_tkt_0007598,ft_sal_004020,ft_evt_0022,General,46000,false,
ft_tkt_0007599,ft_sal_004021,ft_evt_0022,General,46000,true,2026-07-30 19:31:00
ft_tkt_0007600,ft_sal_004022,ft_evt_0022,Preferencial,90000,true,2026-07-30 19:25:00
ft_tkt_0007601,ft_sal_004023,ft_evt_0022,VIP,133000,true,2026-07-30 19:32:00
ft_tkt_0007602,ft_sal_004023,ft_evt_0022,VIP,133000,true,2026-07-30 19:41:00
ft_tkt_0007603,ft_sal_004023,ft_evt_0022,VIP,133000,true,2026-07-30 19:10:00
ft_tkt_0007604,ft_sal_004023,ft_evt_0022,VIP,133000,true,2026-07-30 20:19:00
ft_tkt_0007605,ft_sal_004024,ft_evt_0022,Preferencial,93000,true,2026-07-30 20:22:00
ft_tkt_0007606,ft_sal_004024,ft_evt_0022,Preferencial,93000,true,2026-07-30 19:33:00
ft_tkt_0007607,ft_sal_004024,ft_evt_0022,Preferencial,93000,true,2026-07-30 20:19:00
ft_tkt_0007608,ft_sal_004024,ft_evt_0022,Preferencial,93000,false,
ft_tkt_0007609,ft_sal_004025,ft_evt_0022,Preferencial,93000,true,2026-07-30 19:42:00
ft_tkt_0007610,ft_sal_004026,ft_evt_0022,Cortesía,0,true,2026-07-30 19:17:00
ft_tkt_0007611,ft_sal_004027,ft_evt_0022,General,62000,false,
ft_tkt_0007612,ft_sal_004028,ft_evt_0022,General,44000,false,
ft_tkt_0007613,ft_sal_004028,ft_evt_0022,General,44000,false,
ft_tkt_0007614,ft_sal_004028,ft_evt_0022,General,44000,true,2026-07-30 19:56:00
ft_tkt_0007615,ft_sal_004029,ft_evt_0022,General,45000,true,2026-07-30 19:36:00
ft_tkt_0007616,ft_sal_004029,ft_evt_0022,General,45000,true,2026-07-30 19:54:00
ft_tkt_0007617,ft_sal_004030,ft_evt_0022,General,61000,false,
ft_tkt_0007618,ft_sal_004030,ft_evt_0022,General,61000,false,
ft_tkt_0007619,ft_sal_004031,ft_evt_0022,General,61000,true,2026-07-30 19:29:00
ft_tkt_0007620,ft_sal_004031,ft_evt_0022,General,61000,true,2026-07-30 19:41:00
ft_tkt_0007621,ft_sal_004032,ft_evt_0022,General,59000,false,
ft_tkt_0007622,ft_sal_004033,ft_evt_0022,Preferencial,96000,true,2026-07-30 19:53:00
ft_tkt_0007623,ft_sal_004034,ft_evt_0022,Preferencial,91000,false,
ft_tkt_0007624,ft_sal_004035,ft_evt_0022,Cortesía,0,false,
ft_tkt_0007625,ft_sal_004035,ft_evt_0022,Cortesía,0,true,2026-07-30 19:19:00
ft_tkt_0007626,ft_sal_004036,ft_evt_0022,General,47000,true,2026-07-30 20:05:00
ft_tkt_0007627,ft_sal_004037,ft_evt_0022,Cortesía,0,true,2026-07-30 20:18:00
ft_tkt_0007628,ft_sal_004037,ft_evt_0022,Cortesía,0,true,2026-07-30 19:28:00
ft_tkt_0007629,ft_sal_004038,ft_evt_0022,General,61000,false,
ft_tkt_0007630,ft_sal_004039,ft_evt_0022,General,45000,false,
ft_tkt_0007631,ft_sal_004039,ft_evt_0022,General,45000,true,2026-07-30 20:13:00
ft_tkt_0007632,ft_sal_004040,ft_evt_0022,General,45000,false,
ft_tkt_0007633,ft_sal_004041,ft_evt_0022,VIP,142000,true,2026-07-30 19:18:00
ft_tkt_0007634,ft_sal_004041,ft_evt_0022,VIP,142000,true,2026-07-30 20:05:00
ft_tkt_0007635,ft_sal_004042,ft_evt_0022,General,62000,true,2026-07-30 20:16:00
ft_tkt_0007636,ft_sal_004042,ft_evt_0022,General,62000,false,
ft_tkt_0007637,ft_sal_004043,ft_evt_0022,VIP,143000,true,2026-07-30 19:58:00
ft_tkt_0007638,ft_sal_004043,ft_evt_0022,VIP,143000,true,2026-07-30 19:16:00
ft_tkt_0007639,ft_sal_004043,ft_evt_0022,VIP,143000,true,2026-07-30 19:25:00
ft_tkt_0007640,ft_sal_004043,ft_evt_0022,VIP,143000,true,2026-07-30 19:12:00
ft_tkt_0007641,ft_sal_004043,ft_evt_0022,VIP,143000,true,2026-07-30 19:36:00
ft_tkt_0007642,ft_sal_004043,ft_evt_0022,VIP,143000,true,2026-07-30 20:05:00
ft_tkt_0007643,ft_sal_004044,ft_evt_0022,Preferencial,95000,true,2026-07-30 20:00:00
ft_tkt_0007644,ft_sal_004044,ft_evt_0022,Preferencial,95000,true,2026-07-30 19:13:00
ft_tkt_0007645,ft_sal_004044,ft_evt_0022,Preferencial,95000,true,2026-07-30 19:55:00
ft_tkt_0007646,ft_sal_004045,ft_evt_0022,General,44000,false,
ft_tkt_0007647,ft_sal_004046,ft_evt_0022,General,45000,true,2026-07-30 20:04:00
ft_tkt_0007648,ft_sal_004047,ft_evt_0022,Preferencial,92000,false,
ft_tkt_0007649,ft_sal_004047,ft_evt_0022,Preferencial,92000,false,
ft_tkt_0007650,ft_sal_004048,ft_evt_0022,General,45000,true,2026-07-30 19:42:00
ft_tkt_0007651,ft_sal_004049,ft_evt_0022,VIP,142000,false,
ft_tkt_0007652,ft_sal_004049,ft_evt_0022,VIP,142000,false,
ft_tkt_0007653,ft_sal_004049,ft_evt_0022,VIP,142000,true,2026-07-30 19:25:00
ft_tkt_0007654,ft_sal_004050,ft_evt_0022,General,45000,true,2026-07-30 19:18:00
ft_tkt_0007655,ft_sal_004051,ft_evt_0022,General,59000,true,2026-07-30 20:09:00
ft_tkt_0007656,ft_sal_004052,ft_evt_0022,VIP,155000,true,2026-07-30 19:53:00
ft_tkt_0007657,ft_sal_004052,ft_evt_0022,VIP,155000,true,2026-07-30 20:19:00
ft_tkt_0007658,ft_sal_004052,ft_evt_0022,VIP,155000,true,2026-07-30 19:49:00
ft_tkt_0007659,ft_sal_004053,ft_evt_0022,General,43000,true,2026-07-30 20:20:00
ft_tkt_0007660,ft_sal_004053,ft_evt_0022,General,43000,true,2026-07-30 19:38:00
ft_tkt_0007661,ft_sal_004054,ft_evt_0022,General,47000,true,2026-07-30 20:09:00
ft_tkt_0007662,ft_sal_004054,ft_evt_0022,General,47000,true,2026-07-30 20:08:00
ft_tkt_0007663,ft_sal_004055,ft_evt_0022,General,47000,true,2026-07-30 20:08:00
ft_tkt_0007664,ft_sal_004056,ft_evt_0022,General,45000,false,
ft_tkt_0007665,ft_sal_004057,ft_evt_0022,General,47000,false,
ft_tkt_0007666,ft_sal_004058,ft_evt_0022,General,42000,true,2026-07-30 20:25:00
ft_tkt_0007667,ft_sal_004058,ft_evt_0022,General,42000,true,2026-07-30 19:30:00
ft_tkt_0007668,ft_sal_004059,ft_evt_0022,Cortesía,0,false,
ft_tkt_0007669,ft_sal_004060,ft_evt_0022,Cortesía,0,true,2026-07-30 19:53:00
ft_tkt_0007670,ft_sal_004061,ft_evt_0022,General,41000,false,
ft_tkt_0007671,ft_sal_004061,ft_evt_0022,General,41000,true,2026-07-30 20:10:00
ft_tkt_0007672,ft_sal_004061,ft_evt_0022,General,41000,true,2026-07-30 19:25:00
ft_tkt_0007673,ft_sal_004062,ft_evt_0022,General,43000,false,
ft_tkt_0007674,ft_sal_004063,ft_evt_0022,General,62000,true,2026-07-30 19:13:00
ft_tkt_0007675,ft_sal_004064,ft_evt_0022,Preferencial,94000,true,2026-07-30 19:15:00
ft_tkt_0007676,ft_sal_004065,ft_evt_0022,Preferencial,102000,true,2026-07-30 19:15:00
ft_tkt_0007677,ft_sal_004065,ft_evt_0022,Preferencial,102000,false,
ft_tkt_0007678,ft_sal_004066,ft_evt_0022,General,59000,false,
ft_tkt_0007679,ft_sal_004067,ft_evt_0022,VIP,144000,true,2026-07-30 20:16:00
ft_tkt_0007680,ft_sal_004068,ft_evt_0022,General,63000,false,
ft_tkt_0007681,ft_sal_004068,ft_evt_0022,General,63000,false,
ft_tkt_0007682,ft_sal_004068,ft_evt_0022,General,63000,true,2026-07-30 19:37:00
ft_tkt_0007683,ft_sal_004069,ft_evt_0022,General,49000,false,
ft_tkt_0007684,ft_sal_004069,ft_evt_0022,General,49000,false,
ft_tkt_0007685,ft_sal_004070,ft_evt_0022,General,43000,true,2026-07-30 19:11:00
ft_tkt_0007686,ft_sal_004071,ft_evt_0022,Preferencial,94000,false,
ft_tkt_0007687,ft_sal_004071,ft_evt_0022,Preferencial,94000,true,2026-07-30 19:41:00
ft_tkt_0007688,ft_sal_004072,ft_evt_0022,Preferencial,99000,true,2026-07-30 19:21:00
ft_tkt_0007689,ft_sal_004072,ft_evt_0022,Preferencial,99000,true,2026-07-30 19:59:00
ft_tkt_0007690,ft_sal_004073,ft_evt_0022,VIP,137000,true,2026-07-30 19:57:00
ft_tkt_0007691,ft_sal_004073,ft_evt_0022,VIP,137000,false,
ft_tkt_0007692,ft_sal_004074,ft_evt_0022,Preferencial,92000,true,2026-07-30 20:16:00
ft_tkt_0007693,ft_sal_004075,ft_evt_0022,General,45000,false,
ft_tkt_0007694,ft_sal_004075,ft_evt_0022,General,45000,false,
ft_tkt_0007695,ft_sal_004076,ft_evt_0022,VIP,144000,true,2026-07-30 19:45:00
ft_tkt_0007696,ft_sal_004076,ft_evt_0022,VIP,144000,true,2026-07-30 20:01:00
ft_tkt_0007697,ft_sal_004077,ft_evt_0022,VIP,134000,false,
ft_tkt_0007698,ft_sal_004078,ft_evt_0022,General,59000,true,2026-07-30 19:45:00
ft_tkt_0007699,ft_sal_004079,ft_evt_0022,General,53000,true,2026-07-30 19:18:00
ft_tkt_0007700,ft_sal_004080,ft_evt_0022,Preferencial,96000,false,
ft_tkt_0007701,ft_sal_004080,ft_evt_0022,Preferencial,96000,false,
ft_tkt_0007702,ft_sal_004080,ft_evt_0022,Preferencial,96000,true,2026-07-30 19:24:00
ft_tkt_0007703,ft_sal_004080,ft_evt_0022,Preferencial,96000,false,
ft_tkt_0007704,ft_sal_004080,ft_evt_0022,Preferencial,96000,false,
ft_tkt_0007705,ft_sal_004080,ft_evt_0022,Preferencial,96000,true,2026-07-30 19:37:00
ft_tkt_0007706,ft_sal_004081,ft_evt_0022,Cortesía,0,true,2026-07-30 19:38:00
ft_tkt_0007707,ft_sal_004082,ft_evt_0022,General,45000,false,
ft_tkt_0007708,ft_sal_004083,ft_evt_0022,General,54000,true,2026-07-30 19:20:00
ft_tkt_0007709,ft_sal_004083,ft_evt_0022,General,54000,true,2026-07-30 19:50:00
ft_tkt_0007710,ft_sal_004084,ft_evt_0022,Preferencial,104000,true,2026-07-30 19:50:00
ft_tkt_0007711,ft_sal_004084,ft_evt_0022,Preferencial,104000,true,2026-07-30 20:21:00
ft_tkt_0007712,ft_sal_004085,ft_evt_0022,Preferencial,92000,true,2026-07-30 19:32:00
ft_tkt_0007713,ft_sal_004085,ft_evt_0022,Preferencial,92000,false,
ft_tkt_0007714,ft_sal_004086,ft_evt_0022,Preferencial,99000,true,2026-07-30 19:45:00
ft_tkt_0007715,ft_sal_004086,ft_evt_0022,Preferencial,99000,true,2026-07-30 19:46:00
ft_tkt_0007716,ft_sal_004086,ft_evt_0022,Preferencial,99000,false,
ft_tkt_0007717,ft_sal_004086,ft_evt_0022,Preferencial,99000,true,2026-07-30 19:16:00
ft_tkt_0007718,ft_sal_004087,ft_evt_0022,General,42000,false,
ft_tkt_0007719,ft_sal_004087,ft_evt_0022,General,42000,true,2026-07-30 20:21:00
ft_tkt_0007720,ft_sal_004087,ft_evt_0022,General,42000,true,2026-07-30 19:32:00
ft_tkt_0007721,ft_sal_004088,ft_evt_0022,Preferencial,90000,true,2026-07-30 20:01:00
ft_tkt_0007722,ft_sal_004088,ft_evt_0022,Preferencial,90000,true,2026-07-30 19:26:00
ft_tkt_0007723,ft_sal_004089,ft_evt_0022,General,44000,false,
ft_tkt_0007724,ft_sal_004090,ft_evt_0022,General,62000,false,
ft_tkt_0007725,ft_sal_004091,ft_evt_0022,Preferencial,99000,false,
ft_tkt_0007726,ft_sal_004091,ft_evt_0022,Preferencial,99000,false,
ft_tkt_0007727,ft_sal_004091,ft_evt_0022,Preferencial,99000,true,2026-07-30 20:03:00
ft_tkt_0007728,ft_sal_004092,ft_evt_0005,General,46000,true,2026-07-31 19:27:00
ft_tkt_0007729,ft_sal_004092,ft_evt_0005,General,46000,true,2026-07-31 20:06:00
ft_tkt_0007730,ft_sal_004092,ft_evt_0005,General,46000,true,2026-07-31 20:07:00
ft_tkt_0007731,ft_sal_004092,ft_evt_0005,General,46000,true,2026-07-31 19:34:00
ft_tkt_0007732,ft_sal_004092,ft_evt_0005,General,46000,true,2026-07-31 19:40:00
ft_tkt_0007733,ft_sal_004092,ft_evt_0005,General,46000,true,2026-07-31 19:59:00
ft_tkt_0007734,ft_sal_004093,ft_evt_0005,General,44000,true,2026-07-31 20:05:00
ft_tkt_0007735,ft_sal_004093,ft_evt_0005,General,44000,true,2026-07-31 20:25:00
ft_tkt_0007736,ft_sal_004094,ft_evt_0005,Preferencial,91000,true,2026-07-31 19:27:00
ft_tkt_0007737,ft_sal_004094,ft_evt_0005,Preferencial,91000,true,2026-07-31 19:55:00
ft_tkt_0007738,ft_sal_004094,ft_evt_0005,Preferencial,91000,true,2026-07-31 19:43:00
ft_tkt_0007739,ft_sal_004094,ft_evt_0005,Preferencial,91000,true,2026-07-31 19:17:00
ft_tkt_0007740,ft_sal_004095,ft_evt_0005,General,45000,true,2026-07-31 20:08:00
ft_tkt_0007741,ft_sal_004095,ft_evt_0005,General,45000,true,2026-07-31 20:00:00
ft_tkt_0007742,ft_sal_004096,ft_evt_0005,General,62000,true,2026-07-31 19:13:00
ft_tkt_0007743,ft_sal_004097,ft_evt_0005,Cortesía,0,false,
ft_tkt_0007744,ft_sal_004098,ft_evt_0005,Cortesía,0,true,2026-07-31 19:33:00
ft_tkt_0007745,ft_sal_004098,ft_evt_0005,Cortesía,0,false,
ft_tkt_0007746,ft_sal_004099,ft_evt_0005,General,63000,false,
ft_tkt_0007747,ft_sal_004100,ft_evt_0005,Preferencial,95000,false,
ft_tkt_0007748,ft_sal_004100,ft_evt_0005,Preferencial,95000,true,2026-07-31 20:08:00
ft_tkt_0007749,ft_sal_004100,ft_evt_0005,Preferencial,95000,false,
ft_tkt_0007750,ft_sal_004100,ft_evt_0005,Preferencial,95000,false,
ft_tkt_0007751,ft_sal_004100,ft_evt_0005,Preferencial,95000,true,2026-07-31 19:47:00
ft_tkt_0007752,ft_sal_004100,ft_evt_0005,Preferencial,95000,true,2026-07-31 19:46:00
ft_tkt_0007753,ft_sal_004101,ft_evt_0005,VIP,134000,true,2026-07-31 20:19:00
ft_tkt_0007754,ft_sal_004101,ft_evt_0005,VIP,134000,true,2026-07-31 20:08:00
ft_tkt_0007755,ft_sal_004102,ft_evt_0005,General,49000,true,2026-07-31 20:21:00
ft_tkt_0007756,ft_sal_004103,ft_evt_0005,General,50000,true,2026-07-31 19:31:00
ft_tkt_0007757,ft_sal_004104,ft_evt_0005,General,46000,true,2026-07-31 19:44:00
ft_tkt_0007758,ft_sal_004104,ft_evt_0005,General,46000,false,
ft_tkt_0007759,ft_sal_004104,ft_evt_0005,General,46000,true,2026-07-31 20:15:00
ft_tkt_0007760,ft_sal_004104,ft_evt_0005,General,46000,false,
ft_tkt_0007761,ft_sal_004105,ft_evt_0005,Preferencial,102000,true,2026-07-31 19:58:00
ft_tkt_0007762,ft_sal_004105,ft_evt_0005,Preferencial,102000,false,
ft_tkt_0007763,ft_sal_004105,ft_evt_0005,Preferencial,102000,true,2026-07-31 20:17:00
ft_tkt_0007764,ft_sal_004105,ft_evt_0005,Preferencial,102000,true,2026-07-31 20:05:00
ft_tkt_0007765,ft_sal_004105,ft_evt_0005,Preferencial,102000,true,2026-07-31 20:18:00
ft_tkt_0007766,ft_sal_004105,ft_evt_0005,Preferencial,102000,true,2026-07-31 19:58:00
ft_tkt_0007767,ft_sal_004106,ft_evt_0005,General,44000,true,2026-07-31 19:14:00
ft_tkt_0007768,ft_sal_004106,ft_evt_0005,General,44000,true,2026-07-31 19:55:00
ft_tkt_0007769,ft_sal_004106,ft_evt_0005,General,44000,true,2026-07-31 19:34:00
ft_tkt_0007770,ft_sal_004107,ft_evt_0005,General,56000,false,
ft_tkt_0007771,ft_sal_004107,ft_evt_0005,General,56000,false,
ft_tkt_0007772,ft_sal_004108,ft_evt_0005,Cortesía,0,false,
ft_tkt_0007773,ft_sal_004109,ft_evt_0005,General,58000,true,2026-07-31 20:03:00
ft_tkt_0007774,ft_sal_004110,ft_evt_0005,General,49000,true,2026-07-31 20:17:00
ft_tkt_0007775,ft_sal_004111,ft_evt_0005,VIP,139000,true,2026-07-31 20:16:00
ft_tkt_0007776,ft_sal_004112,ft_evt_0005,Preferencial,97000,true,2026-07-31 19:24:00
ft_tkt_0007777,ft_sal_004113,ft_evt_0005,General,45000,true,2026-07-31 20:11:00
ft_tkt_0007778,ft_sal_004113,ft_evt_0005,General,45000,true,2026-07-31 19:52:00
ft_tkt_0007779,ft_sal_004114,ft_evt_0005,General,62000,true,2026-07-31 20:03:00
ft_tkt_0007780,ft_sal_004115,ft_evt_0005,General,57000,false,
ft_tkt_0007781,ft_sal_004116,ft_evt_0005,General,41000,true,2026-07-31 19:11:00
ft_tkt_0007782,ft_sal_004117,ft_evt_0005,Cortesía,0,false,
ft_tkt_0007783,ft_sal_004118,ft_evt_0005,General,43000,true,2026-07-31 20:14:00
ft_tkt_0007784,ft_sal_004119,ft_evt_0005,General,40000,true,2026-07-31 19:21:00
ft_tkt_0007785,ft_sal_004120,ft_evt_0005,General,64000,true,2026-07-31 19:26:00
ft_tkt_0007786,ft_sal_004120,ft_evt_0005,General,64000,true,2026-07-31 19:11:00
ft_tkt_0007787,ft_sal_004121,ft_evt_0005,General,64000,true,2026-07-31 19:35:00
ft_tkt_0007788,ft_sal_004122,ft_evt_0005,General,46000,true,2026-07-31 19:19:00
ft_tkt_0007789,ft_sal_004123,ft_evt_0005,General,61000,true,2026-07-31 20:06:00
ft_tkt_0007790,ft_sal_004124,ft_evt_0005,General,43000,true,2026-07-31 19:41:00
ft_tkt_0007791,ft_sal_004125,ft_evt_0005,General,57000,true,2026-07-31 19:46:00
ft_tkt_0007792,ft_sal_004126,ft_evt_0005,VIP,149000,true,2026-07-31 19:54:00
ft_tkt_0007793,ft_sal_004126,ft_evt_0005,VIP,149000,true,2026-07-31 19:55:00
ft_tkt_0007794,ft_sal_004127,ft_evt_0005,General,44000,true,2026-07-31 19:57:00
ft_tkt_0007795,ft_sal_004127,ft_evt_0005,General,44000,true,2026-07-31 19:29:00
ft_tkt_0007796,ft_sal_004128,ft_evt_0005,General,46000,true,2026-07-31 19:31:00
ft_tkt_0007797,ft_sal_004128,ft_evt_0005,General,46000,false,
ft_tkt_0007798,ft_sal_004128,ft_evt_0005,General,46000,true,2026-07-31 19:30:00
ft_tkt_0007799,ft_sal_004129,ft_evt_0005,VIP,157000,false,
ft_tkt_0007800,ft_sal_004129,ft_evt_0005,VIP,157000,false,
ft_tkt_0007801,ft_sal_004130,ft_evt_0005,Preferencial,97000,false,
ft_tkt_0007802,ft_sal_004130,ft_evt_0005,Preferencial,97000,false,
ft_tkt_0007803,ft_sal_004130,ft_evt_0005,Preferencial,97000,false,
ft_tkt_0007804,ft_sal_004130,ft_evt_0005,Preferencial,97000,false,
ft_tkt_0007805,ft_sal_004130,ft_evt_0005,Preferencial,97000,true,2026-07-31 19:38:00
ft_tkt_0007806,ft_sal_004130,ft_evt_0005,Preferencial,97000,true,2026-07-31 19:23:00
ft_tkt_0007807,ft_sal_004131,ft_evt_0005,General,59000,true,2026-07-31 20:04:00
ft_tkt_0007808,ft_sal_004131,ft_evt_0005,General,59000,false,
ft_tkt_0007809,ft_sal_004132,ft_evt_0005,Preferencial,93000,true,2026-07-31 19:34:00
ft_tkt_0007810,ft_sal_004133,ft_evt_0005,General,46000,true,2026-07-31 19:29:00
ft_tkt_0007811,ft_sal_004134,ft_evt_0005,General,43000,true,2026-07-31 20:11:00
ft_tkt_0007812,ft_sal_004134,ft_evt_0005,General,43000,true,2026-07-31 19:16:00
ft_tkt_0007813,ft_sal_004135,ft_evt_0005,General,45000,true,2026-07-31 19:14:00
ft_tkt_0007814,ft_sal_004136,ft_evt_0005,General,65000,true,2026-07-31 19:18:00
ft_tkt_0007815,ft_sal_004136,ft_evt_0005,General,65000,true,2026-07-31 19:33:00
ft_tkt_0007816,ft_sal_004136,ft_evt_0005,General,65000,true,2026-07-31 19:55:00
ft_tkt_0007817,ft_sal_004136,ft_evt_0005,General,65000,true,2026-07-31 20:09:00
ft_tkt_0007818,ft_sal_004136,ft_evt_0005,General,65000,true,2026-07-31 19:18:00
ft_tkt_0007819,ft_sal_004136,ft_evt_0005,General,65000,true,2026-07-31 19:59:00
ft_tkt_0007820,ft_sal_004137,ft_evt_0005,Preferencial,83000,true,2026-07-31 19:51:00
ft_tkt_0007821,ft_sal_004138,ft_evt_0005,Cortesía,0,false,
ft_tkt_0007822,ft_sal_004139,ft_evt_0005,Preferencial,94000,true,2026-07-31 20:25:00
ft_tkt_0007823,ft_sal_004140,ft_evt_0005,Preferencial,98000,true,2026-07-31 19:12:00
ft_tkt_0007824,ft_sal_004140,ft_evt_0005,Preferencial,98000,false,
ft_tkt_0007825,ft_sal_004141,ft_evt_0005,Preferencial,95000,true,2026-07-31 19:30:00
ft_tkt_0007826,ft_sal_004142,ft_evt_0005,VIP,139000,true,2026-07-31 19:51:00
ft_tkt_0007827,ft_sal_004143,ft_evt_0005,Preferencial,94000,false,
ft_tkt_0007828,ft_sal_004144,ft_evt_0005,General,47000,true,2026-07-31 19:50:00
ft_tkt_0007829,ft_sal_004144,ft_evt_0005,General,47000,true,2026-07-31 20:04:00
ft_tkt_0007830,ft_sal_004144,ft_evt_0005,General,47000,false,
ft_tkt_0007831,ft_sal_004145,ft_evt_0005,General,60000,true,2026-07-31 19:33:00
ft_tkt_0007832,ft_sal_004146,ft_evt_0005,General,45000,true,2026-07-31 20:18:00
ft_tkt_0007833,ft_sal_004147,ft_evt_0005,Cortesía,0,false,
ft_tkt_0007834,ft_sal_004148,ft_evt_0005,General,47000,true,2026-07-31 19:36:00
ft_tkt_0007835,ft_sal_004148,ft_evt_0005,General,47000,true,2026-07-31 19:22:00
ft_tkt_0007836,ft_sal_004148,ft_evt_0005,General,47000,true,2026-07-31 19:14:00
ft_tkt_0007837,ft_sal_004149,ft_evt_0005,General,44000,true,2026-07-31 20:12:00
ft_tkt_0007838,ft_sal_004150,ft_evt_0005,General,57000,false,
ft_tkt_0007839,ft_sal_004151,ft_evt_0005,General,43000,true,2026-07-31 19:42:00
ft_tkt_0007840,ft_sal_004152,ft_evt_0005,General,50000,true,2026-07-31 20:21:00
ft_tkt_0007841,ft_sal_004153,ft_evt_0005,VIP,153000,false,
ft_tkt_0007842,ft_sal_004154,ft_evt_0005,General,45000,true,2026-07-31 19:39:00
ft_tkt_0007843,ft_sal_004155,ft_evt_0005,General,64000,true,2026-07-31 19:45:00
ft_tkt_0007844,ft_sal_004156,ft_evt_0005,General,44000,true,2026-07-31 19:39:00
ft_tkt_0007845,ft_sal_004157,ft_evt_0005,General,45000,true,2026-07-31 20:22:00
ft_tkt_0007846,ft_sal_004157,ft_evt_0005,General,45000,true,2026-07-31 20:13:00
ft_tkt_0007847,ft_sal_004158,ft_evt_0005,VIP,143000,true,2026-07-31 20:13:00
ft_tkt_0007848,ft_sal_004159,ft_evt_0005,General,58000,true,2026-07-31 19:27:00
ft_tkt_0007849,ft_sal_004160,ft_evt_0005,Preferencial,99000,true,2026-07-31 19:26:00
ft_tkt_0007850,ft_sal_004161,ft_evt_0005,General,59000,true,2026-07-31 20:21:00
ft_tkt_0007851,ft_sal_004162,ft_evt_0005,Preferencial,92000,false,
ft_tkt_0007852,ft_sal_004163,ft_evt_0005,Preferencial,92000,true,2026-07-31 20:15:00
ft_tkt_0007853,ft_sal_004164,ft_evt_0005,General,43000,false,
ft_tkt_0007854,ft_sal_004164,ft_evt_0005,General,43000,true,2026-07-31 20:23:00
ft_tkt_0007855,ft_sal_004165,ft_evt_0005,General,47000,false,
ft_tkt_0007856,ft_sal_004166,ft_evt_0005,General,45000,true,2026-07-31 19:53:00
ft_tkt_0007857,ft_sal_004166,ft_evt_0005,General,45000,true,2026-07-31 20:06:00
ft_tkt_0007858,ft_sal_004167,ft_evt_0005,VIP,139000,true,2026-07-31 20:12:00
ft_tkt_0007859,ft_sal_004167,ft_evt_0005,VIP,139000,false,
ft_tkt_0007860,ft_sal_004168,ft_evt_0005,General,59000,true,2026-07-31 19:31:00
ft_tkt_0007861,ft_sal_004168,ft_evt_0005,General,59000,true,2026-07-31 19:42:00
ft_tkt_0007862,ft_sal_004169,ft_evt_0005,General,48000,true,2026-07-31 19:14:00
ft_tkt_0007863,ft_sal_004170,ft_evt_0005,General,44000,true,2026-07-31 20:05:00
ft_tkt_0007864,ft_sal_004171,ft_evt_0005,General,43000,true,2026-07-31 20:10:00
ft_tkt_0007865,ft_sal_004172,ft_evt_0005,Preferencial,104000,false,
ft_tkt_0007866,ft_sal_004172,ft_evt_0005,Preferencial,104000,true,2026-07-31 19:10:00
ft_tkt_0007867,ft_sal_004173,ft_evt_0005,General,65000,true,2026-07-31 20:07:00
ft_tkt_0007868,ft_sal_004174,ft_evt_0005,General,62000,false,
ft_tkt_0007869,ft_sal_004175,ft_evt_0005,VIP,153000,false,
ft_tkt_0007870,ft_sal_004175,ft_evt_0005,VIP,153000,true,2026-07-31 19:14:00
ft_tkt_0007871,ft_sal_004176,ft_evt_0005,VIP,143000,false,
ft_tkt_0007872,ft_sal_004176,ft_evt_0005,VIP,143000,false,
ft_tkt_0007873,ft_sal_004176,ft_evt_0005,VIP,143000,true,2026-07-31 19:15:00
ft_tkt_0007874,ft_sal_004177,ft_evt_0005,Preferencial,91000,true,2026-07-31 19:15:00
ft_tkt_0007875,ft_sal_004177,ft_evt_0005,Preferencial,91000,false,
ft_tkt_0007876,ft_sal_004178,ft_evt_0005,VIP,154000,false,
ft_tkt_0007877,ft_sal_004179,ft_evt_0005,Preferencial,86000,false,
ft_tkt_0007878,ft_sal_004180,ft_evt_0005,General,46000,true,2026-07-31 20:16:00
ft_tkt_0007879,ft_sal_004181,ft_evt_0005,Preferencial,95000,true,2026-07-31 19:11:00
ft_tkt_0007880,ft_sal_004181,ft_evt_0005,Preferencial,95000,true,2026-07-31 19:22:00
ft_tkt_0007881,ft_sal_004181,ft_evt_0005,Preferencial,95000,false,
ft_tkt_0007882,ft_sal_004181,ft_evt_0005,Preferencial,95000,true,2026-07-31 19:52:00
ft_tkt_0007883,ft_sal_004182,ft_evt_0005,General,64000,true,2026-07-31 19:25:00
ft_tkt_0007884,ft_sal_004182,ft_evt_0005,General,64000,true,2026-07-31 19:28:00
ft_tkt_0007885,ft_sal_004183,ft_evt_0005,General,47000,true,2026-07-31 19:13:00
ft_tkt_0007886,ft_sal_004183,ft_evt_0005,General,47000,true,2026-07-31 20:16:00
ft_tkt_0007887,ft_sal_004184,ft_evt_0005,Cortesía,0,true,2026-07-31 19:41:00
ft_tkt_0007888,ft_sal_004185,ft_evt_0005,General,60000,true,2026-07-31 20:11:00
ft_tkt_0007889,ft_sal_004185,ft_evt_0005,General,60000,true,2026-07-31 19:30:00
ft_tkt_0007890,ft_sal_004186,ft_evt_0005,Cortesía,0,false,
ft_tkt_0007891,ft_sal_004186,ft_evt_0005,Cortesía,0,false,
ft_tkt_0007892,ft_sal_004186,ft_evt_0005,Cortesía,0,true,2026-07-31 20:18:00
ft_tkt_0007893,ft_sal_004187,ft_evt_0005,General,54000,true,2026-07-31 19:40:00
ft_tkt_0007894,ft_sal_004188,ft_evt_0005,General,64000,true,2026-07-31 19:15:00
ft_tkt_0007895,ft_sal_004188,ft_evt_0005,General,64000,true,2026-07-31 19:46:00
ft_tkt_0007896,ft_sal_004188,ft_evt_0005,General,64000,true,2026-07-31 20:09:00
ft_tkt_0007897,ft_sal_004189,ft_evt_0005,VIP,139000,false,
ft_tkt_0007898,ft_sal_004189,ft_evt_0005,VIP,139000,true,2026-07-31 20:02:00
ft_tkt_0007899,ft_sal_004190,ft_evt_0005,General,46000,true,2026-07-31 20:00:00
ft_tkt_0007900,ft_sal_004190,ft_evt_0005,General,46000,true,2026-07-31 19:29:00
ft_tkt_0007901,ft_sal_004191,ft_evt_0005,General,63000,true,2026-07-31 19:31:00
ft_tkt_0007902,ft_sal_004191,ft_evt_0005,General,63000,false,
ft_tkt_0007903,ft_sal_004191,ft_evt_0005,General,63000,false,
ft_tkt_0007904,ft_sal_004191,ft_evt_0005,General,63000,false,
ft_tkt_0007905,ft_sal_004192,ft_evt_0005,Cortesía,0,false,
ft_tkt_0007906,ft_sal_004192,ft_evt_0005,Cortesía,0,false,
ft_tkt_0007907,ft_sal_004193,ft_evt_0005,General,44000,true,2026-07-31 19:37:00
ft_tkt_0007908,ft_sal_004193,ft_evt_0005,General,44000,true,2026-07-31 19:27:00
ft_tkt_0007909,ft_sal_004193,ft_evt_0005,General,44000,true,2026-07-31 19:58:00
ft_tkt_0007910,ft_sal_004194,ft_evt_0005,Cortesía,0,true,2026-07-31 19:42:00
ft_tkt_0007911,ft_sal_004194,ft_evt_0005,Cortesía,0,false,
ft_tkt_0007912,ft_sal_004195,ft_evt_0005,General,55000,true,2026-07-31 20:16:00
ft_tkt_0007913,ft_sal_004196,ft_evt_0005,Preferencial,95000,true,2026-07-31 19:46:00
ft_tkt_0007914,ft_sal_004197,ft_evt_0005,General,63000,true,2026-07-31 19:21:00
ft_tkt_0007915,ft_sal_004198,ft_evt_0005,VIP,144000,true,2026-07-31 20:23:00
ft_tkt_0007916,ft_sal_004199,ft_evt_0005,General,66000,true,2026-07-31 19:41:00
ft_tkt_0007917,ft_sal_004199,ft_evt_0005,General,66000,true,2026-07-31 19:21:00
ft_tkt_0007918,ft_sal_004200,ft_evt_0005,General,41000,false,
ft_tkt_0007919,ft_sal_004201,ft_evt_0005,General,45000,true,2026-07-31 20:05:00
ft_tkt_0007920,ft_sal_004201,ft_evt_0005,General,45000,true,2026-07-31 19:43:00
ft_tkt_0007921,ft_sal_004202,ft_evt_0005,General,46000,true,2026-07-31 19:33:00
ft_tkt_0007922,ft_sal_004203,ft_evt_0005,General,57000,false,
ft_tkt_0007923,ft_sal_004203,ft_evt_0005,General,57000,true,2026-07-31 19:33:00
ft_tkt_0007924,ft_sal_004203,ft_evt_0005,General,57000,false,
ft_tkt_0007925,ft_sal_004203,ft_evt_0005,General,57000,true,2026-07-31 19:38:00
ft_tkt_0007926,ft_sal_004203,ft_evt_0005,General,57000,true,2026-07-31 19:10:00
ft_tkt_0007927,ft_sal_004203,ft_evt_0005,General,57000,true,2026-07-31 20:18:00
ft_tkt_0007928,ft_sal_004204,ft_evt_0005,General,57000,true,2026-07-31 19:38:00
ft_tkt_0007929,ft_sal_004204,ft_evt_0005,General,57000,false,
ft_tkt_0007930,ft_sal_004205,ft_evt_0005,General,46000,true,2026-07-31 20:21:00
ft_tkt_0007931,ft_sal_004205,ft_evt_0005,General,46000,true,2026-07-31 19:11:00
ft_tkt_0007932,ft_sal_004206,ft_evt_0005,General,56000,true,2026-07-31 20:21:00
ft_tkt_0007933,ft_sal_004207,ft_evt_0005,General,45000,false,
ft_tkt_0007934,ft_sal_004208,ft_evt_0005,General,61000,true,2026-07-31 20:23:00
ft_tkt_0007935,ft_sal_004209,ft_evt_0005,General,41000,false,
ft_tkt_0007936,ft_sal_004209,ft_evt_0005,General,41000,true,2026-07-31 20:17:00
ft_tkt_0007937,ft_sal_004210,ft_evt_0005,Preferencial,99000,true,2026-07-31 19:47:00
ft_tkt_0007938,ft_sal_004211,ft_evt_0005,General,54000,true,2026-07-31 19:38:00
ft_tkt_0007939,ft_sal_004211,ft_evt_0005,General,54000,true,2026-07-31 19:36:00
ft_tkt_0007940,ft_sal_004212,ft_evt_0005,Cortesía,0,true,2026-07-31 19:17:00
ft_tkt_0007941,ft_sal_004212,ft_evt_0005,Cortesía,0,true,2026-07-31 19:12:00
ft_tkt_0007942,ft_sal_004213,ft_evt_0005,VIP,139000,true,2026-07-31 20:17:00
ft_tkt_0007943,ft_sal_004214,ft_evt_0005,VIP,140000,true,2026-07-31 20:17:00
ft_tkt_0007944,ft_sal_004215,ft_evt_0005,General,55000,true,2026-07-31 19:26:00
ft_tkt_0007945,ft_sal_004216,ft_evt_0040,General,43000,,
ft_tkt_0007946,ft_sal_004217,ft_evt_0040,General,42000,,
ft_tkt_0007947,ft_sal_004218,ft_evt_0040,Preferencial,93000,,
ft_tkt_0007948,ft_sal_004218,ft_evt_0040,Preferencial,93000,,
ft_tkt_0007949,ft_sal_004218,ft_evt_0040,Preferencial,93000,,
ft_tkt_0007950,ft_sal_004219,ft_evt_0040,General,59000,,
ft_tkt_0007951,ft_sal_004219,ft_evt_0040,General,59000,,
ft_tkt_0007952,ft_sal_004219,ft_evt_0040,General,59000,,
ft_tkt_0007953,ft_sal_004219,ft_evt_0040,General,59000,,
ft_tkt_0007954,ft_sal_004220,ft_evt_0040,Preferencial,93000,,
ft_tkt_0007955,ft_sal_004221,ft_evt_0040,General,56000,,
ft_tkt_0007956,ft_sal_004222,ft_evt_0040,VIP,144000,,
ft_tkt_0007957,ft_sal_004222,ft_evt_0040,VIP,144000,,
ft_tkt_0007958,ft_sal_004223,ft_evt_0040,General,57000,,
ft_tkt_0007959,ft_sal_004224,ft_evt_0040,General,59000,,
ft_tkt_0007960,ft_sal_004225,ft_evt_0040,General,58000,,
ft_tkt_0007961,ft_sal_004226,ft_evt_0040,General,57000,,
ft_tkt_0007962,ft_sal_004226,ft_evt_0040,General,57000,,
ft_tkt_0007963,ft_sal_004227,ft_evt_0040,Preferencial,98000,,
ft_tkt_0007964,ft_sal_004228,ft_evt_0040,Preferencial,95000,,
ft_tkt_0007965,ft_sal_004228,ft_evt_0040,Preferencial,95000,,
ft_tkt_0007966,ft_sal_004228,ft_evt_0040,Preferencial,95000,,
ft_tkt_0007967,ft_sal_004228,ft_evt_0040,Preferencial,95000,,
ft_tkt_0007968,ft_sal_004229,ft_evt_0040,General,46000,,
ft_tkt_0007969,ft_sal_004229,ft_evt_0040,General,46000,,
ft_tkt_0007970,ft_sal_004230,ft_evt_0040,VIP,139000,,
ft_tkt_0007971,ft_sal_004230,ft_evt_0040,VIP,139000,,
ft_tkt_0007972,ft_sal_004231,ft_evt_0040,General,55000,,
ft_tkt_0007973,ft_sal_004232,ft_evt_0040,General,59000,,
ft_tkt_0007974,ft_sal_004232,ft_evt_0040,General,59000,,
ft_tkt_0007975,ft_sal_004233,ft_evt_0040,Cortesía,0,,
ft_tkt_0007976,ft_sal_004233,ft_evt_0040,Cortesía,0,,
ft_tkt_0007977,ft_sal_004233,ft_evt_0040,Cortesía,0,,
ft_tkt_0007978,ft_sal_004233,ft_evt_0040,Cortesía,0,,
ft_tkt_0007979,ft_sal_004234,ft_evt_0040,General,47000,,
ft_tkt_0007980,ft_sal_004234,ft_evt_0040,General,47000,,
ft_tkt_0007981,ft_sal_004235,ft_evt_0040,General,64000,,
ft_tkt_0007982,ft_sal_004236,ft_evt_0040,Preferencial,99000,,
ft_tkt_0007983,ft_sal_004236,ft_evt_0040,Preferencial,99000,,
ft_tkt_0007984,ft_sal_004236,ft_evt_0040,Preferencial,99000,,
ft_tkt_0007985,ft_sal_004236,ft_evt_0040,Preferencial,99000,,
ft_tkt_0007986,ft_sal_004237,ft_evt_0040,VIP,136000,,
ft_tkt_0007987,ft_sal_004237,ft_evt_0040,VIP,136000,,
ft_tkt_0007988,ft_sal_004237,ft_evt_0040,VIP,136000,,
ft_tkt_0007989,ft_sal_004237,ft_evt_0040,VIP,136000,,
ft_tkt_0007990,ft_sal_004238,ft_evt_0040,Preferencial,84000,,
ft_tkt_0007991,ft_sal_004239,ft_evt_0040,General,56000,,
ft_tkt_0007992,ft_sal_004239,ft_evt_0040,General,56000,,
ft_tkt_0007993,ft_sal_004240,ft_evt_0040,Cortesía,0,,
ft_tkt_0007994,ft_sal_004241,ft_evt_0040,General,43000,,
ft_tkt_0007995,ft_sal_004241,ft_evt_0040,General,43000,,
ft_tkt_0007996,ft_sal_004241,ft_evt_0040,General,43000,,
ft_tkt_0007997,ft_sal_004242,ft_evt_0040,General,64000,,
ft_tkt_0007998,ft_sal_004243,ft_evt_0040,General,58000,,
ft_tkt_0007999,ft_sal_004243,ft_evt_0040,General,58000,,
ft_tkt_0008000,ft_sal_004243,ft_evt_0040,General,58000,,
ft_tkt_0008001,ft_sal_004243,ft_evt_0040,General,58000,,
ft_tkt_0008002,ft_sal_004244,ft_evt_0040,Preferencial,98000,,
ft_tkt_0008003,ft_sal_004245,ft_evt_0040,VIP,129000,,
ft_tkt_0008004,ft_sal_004246,ft_evt_0040,General,41000,,
ft_tkt_0008005,ft_sal_004247,ft_evt_0040,VIP,145000,,
ft_tkt_0008006,ft_sal_004248,ft_evt_0040,General,47000,,
ft_tkt_0008007,ft_sal_004249,ft_evt_0040,General,56000,,
ft_tkt_0008008,ft_sal_004250,ft_evt_0040,General,43000,,
ft_tkt_0008009,ft_sal_004250,ft_evt_0040,General,43000,,
ft_tkt_0008010,ft_sal_004251,ft_evt_0040,General,45000,,
ft_tkt_0008011,ft_sal_004252,ft_evt_0040,General,59000,,
ft_tkt_0008012,ft_sal_004253,ft_evt_0040,Preferencial,98000,,
ft_tkt_0008013,ft_sal_004254,ft_evt_0040,General,44000,,
ft_tkt_0008014,ft_sal_004255,ft_evt_0040,General,64000,,
ft_tkt_0008015,ft_sal_004255,ft_evt_0040,General,64000,,
ft_tkt_0008016,ft_sal_004256,ft_evt_0040,General,64000,,
ft_tkt_0008017,ft_sal_004256,ft_evt_0040,General,64000,,
ft_tkt_0008018,ft_sal_004257,ft_evt_0040,VIP,141000,,
ft_tkt_0008019,ft_sal_004258,ft_evt_0040,General,49000,,
ft_tkt_0008020,ft_sal_004258,ft_evt_0040,General,49000,,
ft_tkt_0008021,ft_sal_004259,ft_evt_0040,General,66000,,
ft_tkt_0008022,ft_sal_004259,ft_evt_0040,General,66000,,
ft_tkt_0008023,ft_sal_004260,ft_evt_0040,General,59000,,
ft_tkt_0008024,ft_sal_004261,ft_evt_0040,VIP,124000,,
ft_tkt_0008025,ft_sal_004262,ft_evt_0040,General,56000,,
ft_tkt_0008026,ft_sal_004263,ft_evt_0040,Preferencial,96000,,
ft_tkt_0008027,ft_sal_004264,ft_evt_0040,VIP,147000,,
ft_tkt_0008028,ft_sal_004265,ft_evt_0040,General,41000,,
ft_tkt_0008029,ft_sal_004266,ft_evt_0040,General,59000,,
ft_tkt_0008030,ft_sal_004267,ft_evt_0040,Cortesía,0,,
ft_tkt_0008031,ft_sal_004267,ft_evt_0040,Cortesía,0,,
ft_tkt_0008032,ft_sal_004268,ft_evt_0040,Preferencial,100000,,
ft_tkt_0008033,ft_sal_004269,ft_evt_0040,General,45000,,
ft_tkt_0008034,ft_sal_004270,ft_evt_0040,VIP,141000,,
ft_tkt_0008035,ft_sal_004271,ft_evt_0040,General,60000,,
ft_tkt_0008036,ft_sal_004271,ft_evt_0040,General,60000,,
ft_tkt_0008037,ft_sal_004271,ft_evt_0040,General,60000,,
ft_tkt_0008038,ft_sal_004272,ft_evt_0040,General,66000,,
ft_tkt_0008039,ft_sal_004273,ft_evt_0040,General,43000,,
ft_tkt_0008040,ft_sal_004273,ft_evt_0040,General,43000,,
ft_tkt_0008041,ft_sal_004274,ft_evt_0040,General,47000,,
ft_tkt_0008042,ft_sal_004275,ft_evt_0040,General,49000,,
ft_tkt_0008043,ft_sal_004275,ft_evt_0040,General,49000,,
ft_tkt_0008044,ft_sal_004276,ft_evt_0040,General,43000,,
ft_tkt_0008045,ft_sal_004276,ft_evt_0040,General,43000,,
ft_tkt_0008046,ft_sal_004277,ft_evt_0040,Cortesía,0,,
ft_tkt_0008047,ft_sal_004278,ft_evt_0040,Cortesía,0,,
ft_tkt_0008048,ft_sal_004279,ft_evt_0040,General,45000,,
ft_tkt_0008049,ft_sal_004280,ft_evt_0040,General,46000,,
ft_tkt_0008050,ft_sal_004281,ft_evt_0040,General,43000,,
ft_tkt_0008051,ft_sal_004282,ft_evt_0040,General,43000,,
ft_tkt_0008052,ft_sal_004282,ft_evt_0040,General,43000,,
ft_tkt_0008053,ft_sal_004282,ft_evt_0040,General,43000,,
ft_tkt_0008054,ft_sal_004283,ft_evt_0040,Cortesía,0,,
ft_tkt_0008055,ft_sal_004284,ft_evt_0040,General,44000,,
ft_tkt_0008056,ft_sal_004284,ft_evt_0040,General,44000,,
ft_tkt_0008057,ft_sal_004284,ft_evt_0040,General,44000,,
ft_tkt_0008058,ft_sal_004284,ft_evt_0040,General,44000,,
ft_tkt_0008059,ft_sal_004285,ft_evt_0040,General,45000,,
ft_tkt_0008060,ft_sal_004285,ft_evt_0040,General,45000,,
ft_tkt_0008061,ft_sal_004286,ft_evt_0040,Preferencial,102000,,
ft_tkt_0008062,ft_sal_004287,ft_evt_0040,General,44000,,
ft_tkt_0008063,ft_sal_004288,ft_evt_0040,Preferencial,105000,,
ft_tkt_0008064,ft_sal_004289,ft_evt_0040,Cortesía,0,,
ft_tkt_0008065,ft_sal_004290,ft_evt_0040,Preferencial,97000,,
ft_tkt_0008066,ft_sal_004291,ft_evt_0040,General,60000,,
ft_tkt_0008067,ft_sal_004291,ft_evt_0040,General,60000,,
ft_tkt_0008068,ft_sal_004292,ft_evt_0040,General,47000,,
ft_tkt_0008069,ft_sal_004293,ft_evt_0040,General,49000,,
ft_tkt_0008070,ft_sal_004294,ft_evt_0040,General,62000,,
ft_tkt_0008071,ft_sal_004295,ft_evt_0040,Preferencial,89000,,
ft_tkt_0008072,ft_sal_004295,ft_evt_0040,Preferencial,89000,,
ft_tkt_0008073,ft_sal_004295,ft_evt_0040,Preferencial,89000,,
ft_tkt_0008074,ft_sal_004296,ft_evt_0040,Cortesía,0,,
ft_tkt_0008075,ft_sal_004296,ft_evt_0040,Cortesía,0,,
ft_tkt_0008076,ft_sal_004296,ft_evt_0040,Cortesía,0,,
ft_tkt_0008077,ft_sal_004296,ft_evt_0040,Cortesía,0,,
ft_tkt_0008078,ft_sal_004297,ft_evt_0040,General,43000,,
ft_tkt_0008079,ft_sal_004298,ft_evt_0040,General,62000,,
ft_tkt_0008080,ft_sal_004299,ft_evt_0040,General,42000,,
ft_tkt_0008081,ft_sal_004300,ft_evt_0040,General,43000,,
ft_tkt_0008082,ft_sal_004300,ft_evt_0040,General,43000,,
ft_tkt_0008083,ft_sal_004301,ft_evt_0040,General,45000,,
ft_tkt_0008084,ft_sal_004301,ft_evt_0040,General,45000,,
ft_tkt_0008085,ft_sal_004302,ft_evt_0040,General,45000,,
ft_tkt_0008086,ft_sal_004303,ft_evt_0040,General,59000,,
ft_tkt_0008087,ft_sal_004304,ft_evt_0040,General,45000,,
ft_tkt_0008088,ft_sal_004305,ft_evt_0040,Preferencial,99000,,
ft_tkt_0008089,ft_sal_004305,ft_evt_0040,Preferencial,99000,,
ft_tkt_0008090,ft_sal_004306,ft_evt_0040,General,58000,,
ft_tkt_0008091,ft_sal_004307,ft_evt_0040,General,44000,,
ft_tkt_0008092,ft_sal_004307,ft_evt_0040,General,44000,,
ft_tkt_0008093,ft_sal_004307,ft_evt_0040,General,44000,,
ft_tkt_0008094,ft_sal_004308,ft_evt_0040,Preferencial,95000,,
ft_tkt_0008095,ft_sal_004309,ft_evt_0040,General,64000,,
ft_tkt_0008096,ft_sal_004309,ft_evt_0040,General,64000,,
ft_tkt_0008097,ft_sal_004310,ft_evt_0040,Cortesía,0,,
ft_tkt_0008098,ft_sal_004311,ft_evt_0040,Preferencial,99000,,
ft_tkt_0008099,ft_sal_004311,ft_evt_0040,Preferencial,99000,,
ft_tkt_0008100,ft_sal_004311,ft_evt_0040,Preferencial,99000,,
ft_tkt_0008101,ft_sal_004311,ft_evt_0040,Preferencial,99000,,
ft_tkt_0008102,ft_sal_004312,ft_evt_0040,General,58000,,
ft_tkt_0008103,ft_sal_004313,ft_evt_0040,General,61000,,
ft_tkt_0008104,ft_sal_004314,ft_evt_0040,General,43000,,
ft_tkt_0008105,ft_sal_004314,ft_evt_0040,General,43000,,
ft_tkt_0008106,ft_sal_004315,ft_evt_0040,Preferencial,100000,,
ft_tkt_0008107,ft_sal_004316,ft_evt_0056,Cortesía,0,,
ft_tkt_0008108,ft_sal_004317,ft_evt_0056,Cortesía,0,,
ft_tkt_0008109,ft_sal_004318,ft_evt_0056,Cortesía,0,,
ft_tkt_0008110,ft_sal_004319,ft_evt_0056,Cortesía,0,,
ft_tkt_0008111,ft_sal_004320,ft_evt_0056,Cortesía,0,,
ft_tkt_0008112,ft_sal_004320,ft_evt_0056,Cortesía,0,,
ft_tkt_0008113,ft_sal_004321,ft_evt_0056,Cortesía,0,,
ft_tkt_0008114,ft_sal_004322,ft_evt_0056,Cortesía,0,,
ft_tkt_0008115,ft_sal_004323,ft_evt_0056,Cortesía,0,,
ft_tkt_0008116,ft_sal_004323,ft_evt_0056,Cortesía,0,,
ft_tkt_0008117,ft_sal_004324,ft_evt_0056,Cortesía,0,,
ft_tkt_0008118,ft_sal_004324,ft_evt_0056,Cortesía,0,,
ft_tkt_0008119,ft_sal_004325,ft_evt_0056,Cortesía,0,,
ft_tkt_0008120,ft_sal_004326,ft_evt_0056,Cortesía,0,,
ft_tkt_0008121,ft_sal_004326,ft_evt_0056,Cortesía,0,,
ft_tkt_0008122,ft_sal_004327,ft_evt_0056,Cortesía,0,,
ft_tkt_0008123,ft_sal_004328,ft_evt_0056,Cortesía,0,,
ft_tkt_0008124,ft_sal_004329,ft_evt_0056,Cortesía,0,,
ft_tkt_0008125,ft_sal_004330,ft_evt_0056,Cortesía,0,,
ft_tkt_0008126,ft_sal_004331,ft_evt_0056,Cortesía,0,,
ft_tkt_0008127,ft_sal_004331,ft_evt_0056,Cortesía,0,,
ft_tkt_0008128,ft_sal_004332,ft_evt_0056,Cortesía,0,,
ft_tkt_0008129,ft_sal_004333,ft_evt_0056,Cortesía,0,,
ft_tkt_0008130,ft_sal_004334,ft_evt_0056,Cortesía,0,,
ft_tkt_0008131,ft_sal_004334,ft_evt_0056,Cortesía,0,,
ft_tkt_0008132,ft_sal_004334,ft_evt_0056,Cortesía,0,,
ft_tkt_0008133,ft_sal_004335,ft_evt_0056,Cortesía,0,,
ft_tkt_0008134,ft_sal_004335,ft_evt_0056,Cortesía,0,,
ft_tkt_0008135,ft_sal_004335,ft_evt_0056,Cortesía,0,,
ft_tkt_0008136,ft_sal_004335,ft_evt_0056,Cortesía,0,,
ft_tkt_0008137,ft_sal_004336,ft_evt_0056,Cortesía,0,,
ft_tkt_0008138,ft_sal_004336,ft_evt_0056,Cortesía,0,,
ft_tkt_0008139,ft_sal_004337,ft_evt_0056,Cortesía,0,,
ft_tkt_0008140,ft_sal_004337,ft_evt_0056,Cortesía,0,,
ft_tkt_0008141,ft_sal_004337,ft_evt_0056,Cortesía,0,,
ft_tkt_0008142,ft_sal_004338,ft_evt_0056,Cortesía,0,,
ft_tkt_0008143,ft_sal_004339,ft_evt_0056,Cortesía,0,,
ft_tkt_0008144,ft_sal_004339,ft_evt_0056,Cortesía,0,,
ft_tkt_0008145,ft_sal_004340,ft_evt_0056,Cortesía,0,,
ft_tkt_0008146,ft_sal_004340,ft_evt_0056,Cortesía,0,,
ft_tkt_0008147,ft_sal_004340,ft_evt_0056,Cortesía,0,,
ft_tkt_0008148,ft_sal_004340,ft_evt_0056,Cortesía,0,,
ft_tkt_0008149,ft_sal_004341,ft_evt_0056,Cortesía,0,,
ft_tkt_0008150,ft_sal_004341,ft_evt_0056,Cortesía,0,,
ft_tkt_0008151,ft_sal_004342,ft_evt_0056,Cortesía,0,,
ft_tkt_0008152,ft_sal_004343,ft_evt_0056,Cortesía,0,,
ft_tkt_0008153,ft_sal_004343,ft_evt_0056,Cortesía,0,,
ft_tkt_0008154,ft_sal_004344,ft_evt_0056,Cortesía,0,,
ft_tkt_0008155,ft_sal_004344,ft_evt_0056,Cortesía,0,,
ft_tkt_0008156,ft_sal_004344,ft_evt_0056,Cortesía,0,,
ft_tkt_0008157,ft_sal_004345,ft_evt_0056,Cortesía,0,,
ft_tkt_0008158,ft_sal_004345,ft_evt_0056,Cortesía,0,,
ft_tkt_0008159,ft_sal_004346,ft_evt_0056,Cortesía,0,,
ft_tkt_0008160,ft_sal_004347,ft_evt_0056,Cortesía,0,,
ft_tkt_0008161,ft_sal_004348,ft_evt_0056,Cortesía,0,,
ft_tkt_0008162,ft_sal_004348,ft_evt_0056,Cortesía,0,,
ft_tkt_0008163,ft_sal_004349,ft_evt_0056,Cortesía,0,,
ft_tkt_0008164,ft_sal_004349,ft_evt_0056,Cortesía,0,,
ft_tkt_0008165,ft_sal_004350,ft_evt_0056,Cortesía,0,,
ft_tkt_0008166,ft_sal_004350,ft_evt_0056,Cortesía,0,,
ft_tkt_0008167,ft_sal_004351,ft_evt_0056,Cortesía,0,,
ft_tkt_0008168,ft_sal_004351,ft_evt_0056,Cortesía,0,,
ft_tkt_0008169,ft_sal_004352,ft_evt_0056,Cortesía,0,,
ft_tkt_0008170,ft_sal_004353,ft_evt_0056,Cortesía,0,,
ft_tkt_0008171,ft_sal_004354,ft_evt_0056,Cortesía,0,,
ft_tkt_0008172,ft_sal_004354,ft_evt_0056,Cortesía,0,,
ft_tkt_0008173,ft_sal_004355,ft_evt_0056,Cortesía,0,,
ft_tkt_0008174,ft_sal_004356,ft_evt_0056,Cortesía,0,,
ft_tkt_0008175,ft_sal_004357,ft_evt_0056,Cortesía,0,,
ft_tkt_0008176,ft_sal_004357,ft_evt_0056,Cortesía,0,,
ft_tkt_0008177,ft_sal_004357,ft_evt_0056,Cortesía,0,,
ft_tkt_0008178,ft_sal_004357,ft_evt_0056,Cortesía,0,,
ft_tkt_0008179,ft_sal_004358,ft_evt_0056,Cortesía,0,,
ft_tkt_0008180,ft_sal_004359,ft_evt_0056,Cortesía,0,,
ft_tkt_0008181,ft_sal_004360,ft_evt_0056,Cortesía,0,,
ft_tkt_0008182,ft_sal_004361,ft_evt_0056,Cortesía,0,,
ft_tkt_0008183,ft_sal_004362,ft_evt_0056,Cortesía,0,,
ft_tkt_0008184,ft_sal_004362,ft_evt_0056,Cortesía,0,,
ft_tkt_0008185,ft_sal_004362,ft_evt_0056,Cortesía,0,,
ft_tkt_0008186,ft_sal_004363,ft_evt_0056,Cortesía,0,,
ft_tkt_0008187,ft_sal_004363,ft_evt_0056,Cortesía,0,,
ft_tkt_0008188,ft_sal_004363,ft_evt_0056,Cortesía,0,,
ft_tkt_0008189,ft_sal_004364,ft_evt_0056,Cortesía,0,,
ft_tkt_0008190,ft_sal_004365,ft_evt_0056,Cortesía,0,,
ft_tkt_0008191,ft_sal_004365,ft_evt_0056,Cortesía,0,,
ft_tkt_0008192,ft_sal_004365,ft_evt_0056,Cortesía,0,,
ft_tkt_0008193,ft_sal_004365,ft_evt_0056,Cortesía,0,,
ft_tkt_0008194,ft_sal_004366,ft_evt_0056,Cortesía,0,,
ft_tkt_0008195,ft_sal_004366,ft_evt_0056,Cortesía,0,,
ft_tkt_0008196,ft_sal_004366,ft_evt_0056,Cortesía,0,,
ft_tkt_0008197,ft_sal_004366,ft_evt_0056,Cortesía,0,,
ft_tkt_0008198,ft_sal_004366,ft_evt_0056,Cortesía,0,,
ft_tkt_0008199,ft_sal_004366,ft_evt_0056,Cortesía,0,,
ft_tkt_0008200,ft_sal_004367,ft_evt_0056,Cortesía,0,,
ft_tkt_0008201,ft_sal_004368,ft_evt_0056,Cortesía,0,,
ft_tkt_0008202,ft_sal_004369,ft_evt_0056,Cortesía,0,,
ft_tkt_0008203,ft_sal_004370,ft_evt_0056,Cortesía,0,,
ft_tkt_0008204,ft_sal_004371,ft_evt_0056,Cortesía,0,,
ft_tkt_0008205,ft_sal_004371,ft_evt_0056,Cortesía,0,,
ft_tkt_0008206,ft_sal_004372,ft_evt_0056,Cortesía,0,,
ft_tkt_0008207,ft_sal_004373,ft_evt_0056,Cortesía,0,,
ft_tkt_0008208,ft_sal_004373,ft_evt_0056,Cortesía,0,,
ft_tkt_0008209,ft_sal_004374,ft_evt_0056,Cortesía,0,,
ft_tkt_0008210,ft_sal_004375,ft_evt_0056,Cortesía,0,,
ft_tkt_0008211,ft_sal_004375,ft_evt_0056,Cortesía,0,,
ft_tkt_0008212,ft_sal_004376,ft_evt_0056,Cortesía,0,,
ft_tkt_0008213,ft_sal_004377,ft_evt_0056,Cortesía,0,,
ft_tkt_0008214,ft_sal_004378,ft_evt_0056,Cortesía,0,,
ft_tkt_0008215,ft_sal_004378,ft_evt_0056,Cortesía,0,,
ft_tkt_0008216,ft_sal_004379,ft_evt_0056,Cortesía,0,,
ft_tkt_0008217,ft_sal_004379,ft_evt_0056,Cortesía,0,,
ft_tkt_0008218,ft_sal_004380,ft_evt_0056,Cortesía,0,,
ft_tkt_0008219,ft_sal_004380,ft_evt_0056,Cortesía,0,,
ft_tkt_0008220,ft_sal_004380,ft_evt_0056,Cortesía,0,,
ft_tkt_0008221,ft_sal_004380,ft_evt_0056,Cortesía,0,,
ft_tkt_0008222,ft_sal_004381,ft_evt_0056,Cortesía,0,,
ft_tkt_0008223,ft_sal_004381,ft_evt_0056,Cortesía,0,,
ft_tkt_0008224,ft_sal_004381,ft_evt_0056,Cortesía,0,,
ft_tkt_0008225,ft_sal_004381,ft_evt_0056,Cortesía,0,,
ft_tkt_0008226,ft_sal_004382,ft_evt_0056,Cortesía,0,,
ft_tkt_0008227,ft_sal_004382,ft_evt_0056,Cortesía,0,,
ft_tkt_0008228,ft_sal_004382,ft_evt_0056,Cortesía,0,,
ft_tkt_0008229,ft_sal_004383,ft_evt_0056,Cortesía,0,,
ft_tkt_0008230,ft_sal_004384,ft_evt_0056,Cortesía,0,,
ft_tkt_0008231,ft_sal_004385,ft_evt_0056,Cortesía,0,,
ft_tkt_0008232,ft_sal_004385,ft_evt_0056,Cortesía,0,,
ft_tkt_0008233,ft_sal_004386,ft_evt_0056,Cortesía,0,,
ft_tkt_0008234,ft_sal_004386,ft_evt_0056,Cortesía,0,,
ft_tkt_0008235,ft_sal_004387,ft_evt_0056,Cortesía,0,,
ft_tkt_0008236,ft_sal_004388,ft_evt_0056,Cortesía,0,,
ft_tkt_0008237,ft_sal_004388,ft_evt_0056,Cortesía,0,,
ft_tkt_0008238,ft_sal_004389,ft_evt_0056,Cortesía,0,,
ft_tkt_0008239,ft_sal_004389,ft_evt_0056,Cortesía,0,,
ft_tkt_0008240,ft_sal_004390,ft_evt_0056,Cortesía,0,,
ft_tkt_0008241,ft_sal_004391,ft_evt_0056,Cortesía,0,,
ft_tkt_0008242,ft_sal_004392,ft_evt_0056,Cortesía,0,,
ft_tkt_0008243,ft_sal_004392,ft_evt_0056,Cortesía,0,,
ft_tkt_0008244,ft_sal_004393,ft_evt_0056,Cortesía,0,,
ft_tkt_0008245,ft_sal_004393,ft_evt_0056,Cortesía,0,,
ft_tkt_0008246,ft_sal_004393,ft_evt_0056,Cortesía,0,,
ft_tkt_0008247,ft_sal_004393,ft_evt_0056,Cortesía,0,,
ft_tkt_0008248,ft_sal_004394,ft_evt_0056,Cortesía,0,,
ft_tkt_0008249,ft_sal_004394,ft_evt_0056,Cortesía,0,,
ft_tkt_0008250,ft_sal_004394,ft_evt_0056,Cortesía,0,,
ft_tkt_0008251,ft_sal_004395,ft_evt_0056,Cortesía,0,,
ft_tkt_0008252,ft_sal_004395,ft_evt_0056,Cortesía,0,,
ft_tkt_0008253,ft_sal_004395,ft_evt_0056,Cortesía,0,,
ft_tkt_0008254,ft_sal_004396,ft_evt_0056,Cortesía,0,,
ft_tkt_0008255,ft_sal_004397,ft_evt_0056,Cortesía,0,,
ft_tkt_0008256,ft_sal_004397,ft_evt_0056,Cortesía,0,,
ft_tkt_0008257,ft_sal_004398,ft_evt_0056,Cortesía,0,,
ft_tkt_0008258,ft_sal_004398,ft_evt_0056,Cortesía,0,,
ft_tkt_0008259,ft_sal_004399,ft_evt_0056,Cortesía,0,,
ft_tkt_0008260,ft_sal_004400,ft_evt_0056,Cortesía,0,,
ft_tkt_0008261,ft_sal_004401,ft_evt_0056,Cortesía,0,,
ft_tkt_0008262,ft_sal_004401,ft_evt_0056,Cortesía,0,,
ft_tkt_0008263,ft_sal_004401,ft_evt_0056,Cortesía,0,,
ft_tkt_0008264,ft_sal_004402,ft_evt_0056,Cortesía,0,,
ft_tkt_0008265,ft_sal_004403,ft_evt_0056,Cortesía,0,,
ft_tkt_0008266,ft_sal_004404,ft_evt_0056,Cortesía,0,,
ft_tkt_0008267,ft_sal_004404,ft_evt_0056,Cortesía,0,,
ft_tkt_0008268,ft_sal_004405,ft_evt_0056,Cortesía,0,,
ft_tkt_0008269,ft_sal_004405,ft_evt_0056,Cortesía,0,,
ft_tkt_0008270,ft_sal_004405,ft_evt_0056,Cortesía,0,,
ft_tkt_0008271,ft_sal_004405,ft_evt_0056,Cortesía,0,,
ft_tkt_0008272,ft_sal_004406,ft_evt_0056,Cortesía,0,,
ft_tkt_0008273,ft_sal_004407,ft_evt_0056,Cortesía,0,,
ft_tkt_0008274,ft_sal_004407,ft_evt_0056,Cortesía,0,,
ft_tkt_0008275,ft_sal_004407,ft_evt_0056,Cortesía,0,,
ft_tkt_0008276,ft_sal_004407,ft_evt_0056,Cortesía,0,,
ft_tkt_0008277,ft_sal_004407,ft_evt_0056,Cortesía,0,,
ft_tkt_0008278,ft_sal_004407,ft_evt_0056,Cortesía,0,,
ft_tkt_0008279,ft_sal_004408,ft_evt_0056,Cortesía,0,,
ft_tkt_0008280,ft_sal_004408,ft_evt_0056,Cortesía,0,,
ft_tkt_0008281,ft_sal_004408,ft_evt_0056,Cortesía,0,,
ft_tkt_0008282,ft_sal_004408,ft_evt_0056,Cortesía,0,,
ft_tkt_0008283,ft_sal_004409,ft_evt_0056,Cortesía,0,,
ft_tkt_0008284,ft_sal_004410,ft_evt_0056,Cortesía,0,,
ft_tkt_0008285,ft_sal_004410,ft_evt_0056,Cortesía,0,,
ft_tkt_0008286,ft_sal_004410,ft_evt_0056,Cortesía,0,,
ft_tkt_0008287,ft_sal_004410,ft_evt_0056,Cortesía,0,,
ft_tkt_0008288,ft_sal_004411,ft_evt_0056,Cortesía,0,,
ft_tkt_0008289,ft_sal_004411,ft_evt_0056,Cortesía,0,,
ft_tkt_0008290,ft_sal_004411,ft_evt_0056,Cortesía,0,,
ft_tkt_0008291,ft_sal_004411,ft_evt_0056,Cortesía,0,,
ft_tkt_0008292,ft_sal_004412,ft_evt_0056,Cortesía,0,,
ft_tkt_0008293,ft_sal_004413,ft_evt_0056,Cortesía,0,,
ft_tkt_0008294,ft_sal_004413,ft_evt_0056,Cortesía,0,,
ft_tkt_0008295,ft_sal_004414,ft_evt_0056,Cortesía,0,,
ft_tkt_0008296,ft_sal_004414,ft_evt_0056,Cortesía,0,,
ft_tkt_0008297,ft_sal_004414,ft_evt_0056,Cortesía,0,,
ft_tkt_0008298,ft_sal_004415,ft_evt_0056,Cortesía,0,,
ft_tkt_0008299,ft_sal_004415,ft_evt_0056,Cortesía,0,,
ft_tkt_0008300,ft_sal_004416,ft_evt_0056,Cortesía,0,,
ft_tkt_0008301,ft_sal_004417,ft_evt_0056,Cortesía,0,,
ft_tkt_0008302,ft_sal_004417,ft_evt_0056,Cortesía,0,,
ft_tkt_0008303,ft_sal_004417,ft_evt_0056,Cortesía,0,,
ft_tkt_0008304,ft_sal_004418,ft_evt_0056,Cortesía,0,,
ft_tkt_0008305,ft_sal_004418,ft_evt_0056,Cortesía,0,,
ft_tkt_0008306,ft_sal_004419,ft_evt_0056,Cortesía,0,,
ft_tkt_0008307,ft_sal_004419,ft_evt_0056,Cortesía,0,,
ft_tkt_0008308,ft_sal_004419,ft_evt_0056,Cortesía,0,,
ft_tkt_0008309,ft_sal_004419,ft_evt_0056,Cortesía,0,,
ft_tkt_0008310,ft_sal_004419,ft_evt_0056,Cortesía,0,,
ft_tkt_0008311,ft_sal_004419,ft_evt_0056,Cortesía,0,,
ft_tkt_0008312,ft_sal_004420,ft_evt_0056,Cortesía,0,,
ft_tkt_0008313,ft_sal_004420,ft_evt_0056,Cortesía,0,,
ft_tkt_0008314,ft_sal_004420,ft_evt_0056,Cortesía,0,,
ft_tkt_0008315,ft_sal_004420,ft_evt_0056,Cortesía,0,,
ft_tkt_0008316,ft_sal_004420,ft_evt_0056,Cortesía,0,,
ft_tkt_0008317,ft_sal_004420,ft_evt_0056,Cortesía,0,,
ft_tkt_0008318,ft_sal_004421,ft_evt_0056,Cortesía,0,,
ft_tkt_0008319,ft_sal_004421,ft_evt_0056,Cortesía,0,,
ft_tkt_0008320,ft_sal_004422,ft_evt_0056,Cortesía,0,,
ft_tkt_0008321,ft_sal_004423,ft_evt_0056,Cortesía,0,,
ft_tkt_0008322,ft_sal_004424,ft_evt_0056,Cortesía,0,,
ft_tkt_0008323,ft_sal_004425,ft_evt_0056,Cortesía,0,,
ft_tkt_0008324,ft_sal_004426,ft_evt_0056,Cortesía,0,,
ft_tkt_0008325,ft_sal_004426,ft_evt_0056,Cortesía,0,,
ft_tkt_0008326,ft_sal_004426,ft_evt_0056,Cortesía,0,,
ft_tkt_0008327,ft_sal_004427,ft_evt_0056,Cortesía,0,,
ft_tkt_0008328,ft_sal_004427,ft_evt_0056,Cortesía,0,,
ft_tkt_0008329,ft_sal_004427,ft_evt_0056,Cortesía,0,,
ft_tkt_0008330,ft_sal_004428,ft_evt_0056,Cortesía,0,,
ft_tkt_0008331,ft_sal_004428,ft_evt_0056,Cortesía,0,,
ft_tkt_0008332,ft_sal_004429,ft_evt_0056,Cortesía,0,,
ft_tkt_0008333,ft_sal_004429,ft_evt_0056,Cortesía,0,,
ft_tkt_0008334,ft_sal_004430,ft_evt_0056,Cortesía,0,,
ft_tkt_0008335,ft_sal_004431,ft_evt_0056,Cortesía,0,,
ft_tkt_0008336,ft_sal_004431,ft_evt_0056,Cortesía,0,,
ft_tkt_0008337,ft_sal_004432,ft_evt_0056,Cortesía,0,,
ft_tkt_0008338,ft_sal_004433,ft_evt_0056,Cortesía,0,,
ft_tkt_0008339,ft_sal_004434,ft_evt_0056,Cortesía,0,,
ft_tkt_0008340,ft_sal_004434,ft_evt_0056,Cortesía,0,,
ft_tkt_0008341,ft_sal_004434,ft_evt_0056,Cortesía,0,,
ft_tkt_0008342,ft_sal_004435,ft_evt_0056,Cortesía,0,,
ft_tkt_0008343,ft_sal_004435,ft_evt_0056,Cortesía,0,,
ft_tkt_0008344,ft_sal_004435,ft_evt_0056,Cortesía,0,,
ft_tkt_0008345,ft_sal_004435,ft_evt_0056,Cortesía,0,,
ft_tkt_0008346,ft_sal_004435,ft_evt_0056,Cortesía,0,,
ft_tkt_0008347,ft_sal_004435,ft_evt_0056,Cortesía,0,,
ft_tkt_0008348,ft_sal_004436,ft_evt_0056,Cortesía,0,,
ft_tkt_0008349,ft_sal_004437,ft_evt_0056,Cortesía,0,,
ft_tkt_0008350,ft_sal_004437,ft_evt_0056,Cortesía,0,,
ft_tkt_0008351,ft_sal_004437,ft_evt_0056,Cortesía,0,,
ft_tkt_0008352,ft_sal_004437,ft_evt_0056,Cortesía,0,,
ft_tkt_0008353,ft_sal_004437,ft_evt_0056,Cortesía,0,,
ft_tkt_0008354,ft_sal_004437,ft_evt_0056,Cortesía,0,,
ft_tkt_0008355,ft_sal_004438,ft_evt_0056,Cortesía,0,,
ft_tkt_0008356,ft_sal_004439,ft_evt_0056,Cortesía,0,,
ft_tkt_0008357,ft_sal_004439,ft_evt_0056,Cortesía,0,,
ft_tkt_0008358,ft_sal_004440,ft_evt_0056,Cortesía,0,,
ft_tkt_0008359,ft_sal_004440,ft_evt_0056,Cortesía,0,,
ft_tkt_0008360,ft_sal_004441,ft_evt_0056,Cortesía,0,,
ft_tkt_0008361,ft_sal_004441,ft_evt_0056,Cortesía,0,,
ft_tkt_0008362,ft_sal_004442,ft_evt_0056,Cortesía,0,,
ft_tkt_0008363,ft_sal_004442,ft_evt_0056,Cortesía,0,,
ft_tkt_0008364,ft_sal_004442,ft_evt_0056,Cortesía,0,,
ft_tkt_0008365,ft_sal_004443,ft_evt_0056,Cortesía,0,,
ft_tkt_0008366,ft_sal_004443,ft_evt_0056,Cortesía,0,,
ft_tkt_0008367,ft_sal_004443,ft_evt_0056,Cortesía,0,,
ft_tkt_0008368,ft_sal_004444,ft_evt_0056,Cortesía,0,,
ft_tkt_0008369,ft_sal_004444,ft_evt_0056,Cortesía,0,,
ft_tkt_0008370,ft_sal_004444,ft_evt_0056,Cortesía,0,,
ft_tkt_0008371,ft_sal_004445,ft_evt_0056,Cortesía,0,,
ft_tkt_0008372,ft_sal_004446,ft_evt_0056,Cortesía,0,,
ft_tkt_0008373,ft_sal_004447,ft_evt_0056,Cortesía,0,,
ft_tkt_0008374,ft_sal_004447,ft_evt_0056,Cortesía,0,,
ft_tkt_0008375,ft_sal_004448,ft_evt_0056,Cortesía,0,,
ft_tkt_0008376,ft_sal_004449,ft_evt_0056,Cortesía,0,,
ft_tkt_0008377,ft_sal_004450,ft_evt_0056,Cortesía,0,,
ft_tkt_0008378,ft_sal_004451,ft_evt_0056,Cortesía,0,,
ft_tkt_0008379,ft_sal_004451,ft_evt_0056,Cortesía,0,,
ft_tkt_0008380,ft_sal_004452,ft_evt_0056,Cortesía,0,,
ft_tkt_0008381,ft_sal_004453,ft_evt_0056,Cortesía,0,,
ft_tkt_0008382,ft_sal_004453,ft_evt_0056,Cortesía,0,,
ft_tkt_0008383,ft_sal_004454,ft_evt_0056,Cortesía,0,,
ft_tkt_0008384,ft_sal_004454,ft_evt_0056,Cortesía,0,,
ft_tkt_0008385,ft_sal_004455,ft_evt_0056,Cortesía,0,,
ft_tkt_0008386,ft_sal_004456,ft_evt_0056,Cortesía,0,,
ft_tkt_0008387,ft_sal_004456,ft_evt_0056,Cortesía,0,,
ft_tkt_0008388,ft_sal_004456,ft_evt_0056,Cortesía,0,,
ft_tkt_0008389,ft_sal_004456,ft_evt_0056,Cortesía,0,,
ft_tkt_0008390,ft_sal_004456,ft_evt_0056,Cortesía,0,,
ft_tkt_0008391,ft_sal_004456,ft_evt_0056,Cortesía,0,,
ft_tkt_0008392,ft_sal_004457,ft_evt_0056,Cortesía,0,,
ft_tkt_0008393,ft_sal_004458,ft_evt_0056,Cortesía,0,,
ft_tkt_0008394,ft_sal_004459,ft_evt_0056,Cortesía,0,,
ft_tkt_0008395,ft_sal_004460,ft_evt_0056,Cortesía,0,,
ft_tkt_0008396,ft_sal_004461,ft_evt_0056,Cortesía,0,,
ft_tkt_0008397,ft_sal_004461,ft_evt_0056,Cortesía,0,,
ft_tkt_0008398,ft_sal_004461,ft_evt_0056,Cortesía,0,,
ft_tkt_0008399,ft_sal_004462,ft_evt_0056,Cortesía,0,,
ft_tkt_0008400,ft_sal_004463,ft_evt_0056,Cortesía,0,,
ft_tkt_0008401,ft_sal_004464,ft_evt_0056,Cortesía,0,,
ft_tkt_0008402,ft_sal_004464,ft_evt_0056,Cortesía,0,,
ft_tkt_0008403,ft_sal_004465,ft_evt_0056,Cortesía,0,,
ft_tkt_0008404,ft_sal_004465,ft_evt_0056,Cortesía,0,,
ft_tkt_0008405,ft_sal_004465,ft_evt_0056,Cortesía,0,,
ft_tkt_0008406,ft_sal_004465,ft_evt_0056,Cortesía,0,,
ft_tkt_0008407,ft_sal_004466,ft_evt_0056,Cortesía,0,,
ft_tkt_0008408,ft_sal_004466,ft_evt_0056,Cortesía,0,,
ft_tkt_0008409,ft_sal_004466,ft_evt_0056,Cortesía,0,,
ft_tkt_0008410,ft_sal_004466,ft_evt_0056,Cortesía,0,,
ft_tkt_0008411,ft_sal_004467,ft_evt_0056,Cortesía,0,,
ft_tkt_0008412,ft_sal_004468,ft_evt_0056,Cortesía,0,,
ft_tkt_0008413,ft_sal_004468,ft_evt_0056,Cortesía,0,,
ft_tkt_0008414,ft_sal_004468,ft_evt_0056,Cortesía,0,,
ft_tkt_0008415,ft_sal_004468,ft_evt_0056,Cortesía,0,,
ft_tkt_0008416,ft_sal_004468,ft_evt_0056,Cortesía,0,,
ft_tkt_0008417,ft_sal_004468,ft_evt_0056,Cortesía,0,,
ft_tkt_0008418,ft_sal_004469,ft_evt_0056,Cortesía,0,,
ft_tkt_0008419,ft_sal_004470,ft_evt_0056,Cortesía,0,,
ft_tkt_0008420,ft_sal_004470,ft_evt_0056,Cortesía,0,,
ft_tkt_0008421,ft_sal_004470,ft_evt_0056,Cortesía,0,,
ft_tkt_0008422,ft_sal_004470,ft_evt_0056,Cortesía,0,,
ft_tkt_0008423,ft_sal_004470,ft_evt_0056,Cortesía,0,,
ft_tkt_0008424,ft_sal_004470,ft_evt_0056,Cortesía,0,,
ft_tkt_0008425,ft_sal_004471,ft_evt_0056,Cortesía,0,,
ft_tkt_0008426,ft_sal_004471,ft_evt_0056,Cortesía,0,,
ft_tkt_0008427,ft_sal_004472,ft_evt_0056,Cortesía,0,,
ft_tkt_0008428,ft_sal_004473,ft_evt_0056,Cortesía,0,,
ft_tkt_0008429,ft_sal_004473,ft_evt_0056,Cortesía,0,,
ft_tkt_0008430,ft_sal_004474,ft_evt_0056,Cortesía,0,,
ft_tkt_0008431,ft_sal_004475,ft_evt_0056,Cortesía,0,,
ft_tkt_0008432,ft_sal_004475,ft_evt_0056,Cortesía,0,,
ft_tkt_0008433,ft_sal_004476,ft_evt_0056,Cortesía,0,,
ft_tkt_0008434,ft_sal_004476,ft_evt_0056,Cortesía,0,,
ft_tkt_0008435,ft_sal_004477,ft_evt_0056,Cortesía,0,,
ft_tkt_0008436,ft_sal_004477,ft_evt_0056,Cortesía,0,,
ft_tkt_0008437,ft_sal_004477,ft_evt_0056,Cortesía,0,,
ft_tkt_0008438,ft_sal_004478,ft_evt_0056,Cortesía,0,,
ft_tkt_0008439,ft_sal_004478,ft_evt_0056,Cortesía,0,,
ft_tkt_0008440,ft_sal_004479,ft_evt_0056,Cortesía,0,,
ft_tkt_0008441,ft_sal_004479,ft_evt_0056,Cortesía,0,,
ft_tkt_0008442,ft_sal_004480,ft_evt_0056,Cortesía,0,,
ft_tkt_0008443,ft_sal_004481,ft_evt_0056,Cortesía,0,,
ft_tkt_0008444,ft_sal_004481,ft_evt_0056,Cortesía,0,,
ft_tkt_0008445,ft_sal_004482,ft_evt_0056,Cortesía,0,,
ft_tkt_0008446,ft_sal_004482,ft_evt_0056,Cortesía,0,,
ft_tkt_0008447,ft_sal_004483,ft_evt_0056,Cortesía,0,,
ft_tkt_0008448,ft_sal_004484,ft_evt_0056,Cortesía,0,,
ft_tkt_0008449,ft_sal_004484,ft_evt_0056,Cortesía,0,,
ft_tkt_0008450,ft_sal_004485,ft_evt_0056,Cortesía,0,,
ft_tkt_0008451,ft_sal_004485,ft_evt_0056,Cortesía,0,,
ft_tkt_0008452,ft_sal_004486,ft_evt_0056,Cortesía,0,,
ft_tkt_0008453,ft_sal_004487,ft_evt_0056,Cortesía,0,,
ft_tkt_0008454,ft_sal_004488,ft_evt_0056,Cortesía,0,,
ft_tkt_0008455,ft_sal_004488,ft_evt_0056,Cortesía,0,,
ft_tkt_0008456,ft_sal_004489,ft_evt_0056,Cortesía,0,,
ft_tkt_0008457,ft_sal_004490,ft_evt_0056,Cortesía,0,,
ft_tkt_0008458,ft_sal_004491,ft_evt_0056,Cortesía,0,,
ft_tkt_0008459,ft_sal_004491,ft_evt_0056,Cortesía,0,,
ft_tkt_0008460,ft_sal_004492,ft_evt_0056,Cortesía,0,,
ft_tkt_0008461,ft_sal_004492,ft_evt_0056,Cortesía,0,,
ft_tkt_0008462,ft_sal_004493,ft_evt_0056,Cortesía,0,,
ft_tkt_0008463,ft_sal_004493,ft_evt_0056,Cortesía,0,,
ft_tkt_0008464,ft_sal_004493,ft_evt_0056,Cortesía,0,,
ft_tkt_0008465,ft_sal_004493,ft_evt_0056,Cortesía,0,,
ft_tkt_0008466,ft_sal_004493,ft_evt_0056,Cortesía,0,,
ft_tkt_0008467,ft_sal_004493,ft_evt_0056,Cortesía,0,,
ft_tkt_0008468,ft_sal_004494,ft_evt_0056,Cortesía,0,,
ft_tkt_0008469,ft_sal_004495,ft_evt_0056,Cortesía,0,,
ft_tkt_0008470,ft_sal_004495,ft_evt_0056,Cortesía,0,,
ft_tkt_0008471,ft_sal_004495,ft_evt_0056,Cortesía,0,,
ft_tkt_0008472,ft_sal_004495,ft_evt_0056,Cortesía,0,,
ft_tkt_0008473,ft_sal_004495,ft_evt_0056,Cortesía,0,,
ft_tkt_0008474,ft_sal_004495,ft_evt_0056,Cortesía,0,,
ft_tkt_0008475,ft_sal_004496,ft_evt_0056,Cortesía,0,,
ft_tkt_0008476,ft_sal_004496,ft_evt_0056,Cortesía,0,,
ft_tkt_0008477,ft_sal_004496,ft_evt_0056,Cortesía,0,,
ft_tkt_0008478,ft_sal_004497,ft_evt_0056,Cortesía,0,,
ft_tkt_0008479,ft_sal_004497,ft_evt_0056,Cortesía,0,,
ft_tkt_0008480,ft_sal_004497,ft_evt_0056,Cortesía,0,,
ft_tkt_0008481,ft_sal_004497,ft_evt_0056,Cortesía,0,,
ft_tkt_0008482,ft_sal_004497,ft_evt_0056,Cortesía,0,,
ft_tkt_0008483,ft_sal_004497,ft_evt_0056,Cortesía,0,,
ft_tkt_0008484,ft_sal_004498,ft_evt_0056,Cortesía,0,,
ft_tkt_0008485,ft_sal_004499,ft_evt_0056,Cortesía,0,,
ft_tkt_0008486,ft_sal_004500,ft_evt_0056,Cortesía,0,,
ft_tkt_0008487,ft_sal_004501,ft_evt_0056,Cortesía,0,,
ft_tkt_0008488,ft_sal_004501,ft_evt_0056,Cortesía,0,,
ft_tkt_0008489,ft_sal_004501,ft_evt_0056,Cortesía,0,,
ft_tkt_0008490,ft_sal_004502,ft_evt_0056,Cortesía,0,,
ft_tkt_0008491,ft_sal_004503,ft_evt_0056,Cortesía,0,,
ft_tkt_0008492,ft_sal_004503,ft_evt_0056,Cortesía,0,,
ft_tkt_0008493,ft_sal_004504,ft_evt_0056,Cortesía,0,,
ft_tkt_0008494,ft_sal_004504,ft_evt_0056,Cortesía,0,,
ft_tkt_0008495,ft_sal_004505,ft_evt_0056,Cortesía,0,,
ft_tkt_0008496,ft_sal_004505,ft_evt_0056,Cortesía,0,,
ft_tkt_0008497,ft_sal_004505,ft_evt_0056,Cortesía,0,,
ft_tkt_0008498,ft_sal_004506,ft_evt_0056,Cortesía,0,,
ft_tkt_0008499,ft_sal_004506,ft_evt_0056,Cortesía,0,,
ft_tkt_0008500,ft_sal_004507,ft_evt_0056,Cortesía,0,,
ft_tkt_0008501,ft_sal_004508,ft_evt_0056,Cortesía,0,,
ft_tkt_0008502,ft_sal_004508,ft_evt_0056,Cortesía,0,,
ft_tkt_0008503,ft_sal_004508,ft_evt_0056,Cortesía,0,,
ft_tkt_0008504,ft_sal_004509,ft_evt_0056,Cortesía,0,,
ft_tkt_0008505,ft_sal_004509,ft_evt_0056,Cortesía,0,,
ft_tkt_0008506,ft_sal_004509,ft_evt_0056,Cortesía,0,,
ft_tkt_0008507,ft_sal_004510,ft_evt_0056,Cortesía,0,,
ft_tkt_0008508,ft_sal_004511,ft_evt_0056,Cortesía,0,,
ft_tkt_0008509,ft_sal_004512,ft_evt_0056,Cortesía,0,,
ft_tkt_0008510,ft_sal_004512,ft_evt_0056,Cortesía,0,,
ft_tkt_0008511,ft_sal_004513,ft_evt_0056,Cortesía,0,,
ft_tkt_0008512,ft_sal_004513,ft_evt_0056,Cortesía,0,,
ft_tkt_0008513,ft_sal_004513,ft_evt_0056,Cortesía,0,,
ft_tkt_0008514,ft_sal_004513,ft_evt_0056,Cortesía,0,,
ft_tkt_0008515,ft_sal_004513,ft_evt_0056,Cortesía,0,,
ft_tkt_0008516,ft_sal_004513,ft_evt_0056,Cortesía,0,,
ft_tkt_0008517,ft_sal_004514,ft_evt_0056,Cortesía,0,,
ft_tkt_0008518,ft_sal_004515,ft_evt_0056,Cortesía,0,,
ft_tkt_0008519,ft_sal_004516,ft_evt_0056,Cortesía,0,,
ft_tkt_0008520,ft_sal_004516,ft_evt_0056,Cortesía,0,,
ft_tkt_0008521,ft_sal_004516,ft_evt_0056,Cortesía,0,,
ft_tkt_0008522,ft_sal_004517,ft_evt_0056,Cortesía,0,,
ft_tkt_0008523,ft_sal_004517,ft_evt_0056,Cortesía,0,,
ft_tkt_0008524,ft_sal_004517,ft_evt_0056,Cortesía,0,,
ft_tkt_0008525,ft_sal_004517,ft_evt_0056,Cortesía,0,,
ft_tkt_0008526,ft_sal_004518,ft_evt_0056,Cortesía,0,,
ft_tkt_0008527,ft_sal_004518,ft_evt_0056,Cortesía,0,,
ft_tkt_0008528,ft_sal_004519,ft_evt_0056,Cortesía,0,,
ft_tkt_0008529,ft_sal_004520,ft_evt_0056,Cortesía,0,,
ft_tkt_0008530,ft_sal_004520,ft_evt_0056,Cortesía,0,,
ft_tkt_0008531,ft_sal_004520,ft_evt_0056,Cortesía,0,,
ft_tkt_0008532,ft_sal_004520,ft_evt_0056,Cortesía,0,,
ft_tkt_0008533,ft_sal_004521,ft_evt_0056,Cortesía,0,,
ft_tkt_0008534,ft_sal_004522,ft_evt_0056,Cortesía,0,,
ft_tkt_0008535,ft_sal_004523,ft_evt_0056,Cortesía,0,,
ft_tkt_0008536,ft_sal_004523,ft_evt_0056,Cortesía,0,,
ft_tkt_0008537,ft_sal_004523,ft_evt_0056,Cortesía,0,,
ft_tkt_0008538,ft_sal_004523,ft_evt_0056,Cortesía,0,,
ft_tkt_0008539,ft_sal_004524,ft_evt_0056,Cortesía,0,,
ft_tkt_0008540,ft_sal_004524,ft_evt_0056,Cortesía,0,,
ft_tkt_0008541,ft_sal_004525,ft_evt_0056,Cortesía,0,,
ft_tkt_0008542,ft_sal_004525,ft_evt_0056,Cortesía,0,,
ft_tkt_0008543,ft_sal_004525,ft_evt_0056,Cortesía,0,,
ft_tkt_0008544,ft_sal_004525,ft_evt_0056,Cortesía,0,,
ft_tkt_0008545,ft_sal_004525,ft_evt_0056,Cortesía,0,,
ft_tkt_0008546,ft_sal_004525,ft_evt_0056,Cortesía,0,,
ft_tkt_0008547,ft_sal_004526,ft_evt_0056,Cortesía,0,,
ft_tkt_0008548,ft_sal_004526,ft_evt_0056,Cortesía,0,,
ft_tkt_0008549,ft_sal_004526,ft_evt_0056,Cortesía,0,,
ft_tkt_0008550,ft_sal_004526,ft_evt_0056,Cortesía,0,,
ft_tkt_0008551,ft_sal_004526,ft_evt_0056,Cortesía,0,,
ft_tkt_0008552,ft_sal_004526,ft_evt_0056,Cortesía,0,,
ft_tkt_0008553,ft_sal_004527,ft_evt_0056,Cortesía,0,,
ft_tkt_0008554,ft_sal_004527,ft_evt_0056,Cortesía,0,,
ft_tkt_0008555,ft_sal_004528,ft_evt_0056,Cortesía,0,,
ft_tkt_0008556,ft_sal_004529,ft_evt_0056,Cortesía,0,,
ft_tkt_0008557,ft_sal_004529,ft_evt_0056,Cortesía,0,,
ft_tkt_0008558,ft_sal_004529,ft_evt_0056,Cortesía,0,,
ft_tkt_0008559,ft_sal_004530,ft_evt_0056,Cortesía,0,,
ft_tkt_0008560,ft_sal_004530,ft_evt_0056,Cortesía,0,,
ft_tkt_0008561,ft_sal_004530,ft_evt_0056,Cortesía,0,,
ft_tkt_0008562,ft_sal_004530,ft_evt_0056,Cortesía,0,,
ft_tkt_0008563,ft_sal_004531,ft_evt_0056,Cortesía,0,,
ft_tkt_0008564,ft_sal_004531,ft_evt_0056,Cortesía,0,,
ft_tkt_0008565,ft_sal_004532,ft_evt_0056,Cortesía,0,,
ft_tkt_0008566,ft_sal_004533,ft_evt_0056,Cortesía,0,,
ft_tkt_0008567,ft_sal_004533,ft_evt_0056,Cortesía,0,,
ft_tkt_0008568,ft_sal_004534,ft_evt_0056,Cortesía,0,,
ft_tkt_0008569,ft_sal_004535,ft_evt_0056,Cortesía,0,,
ft_tkt_0008570,ft_sal_004535,ft_evt_0056,Cortesía,0,,
ft_tkt_0008571,ft_sal_004536,ft_evt_0056,Cortesía,0,,
ft_tkt_0008572,ft_sal_004537,ft_evt_0056,Cortesía,0,,
ft_tkt_0008573,ft_sal_004537,ft_evt_0056,Cortesía,0,,
ft_tkt_0008574,ft_sal_004538,ft_evt_0056,Cortesía,0,,
ft_tkt_0008575,ft_sal_004539,ft_evt_0056,Cortesía,0,,
ft_tkt_0008576,ft_sal_004540,ft_evt_0056,Cortesía,0,,
ft_tkt_0008577,ft_sal_004541,ft_evt_0056,Cortesía,0,,
ft_tkt_0008578,ft_sal_004542,ft_evt_0056,Cortesía,0,,
ft_tkt_0008579,ft_sal_004542,ft_evt_0056,Cortesía,0,,
ft_tkt_0008580,ft_sal_004543,ft_evt_0056,Cortesía,0,,
ft_tkt_0008581,ft_sal_004543,ft_evt_0056,Cortesía,0,,
ft_tkt_0008582,ft_sal_004543,ft_evt_0056,Cortesía,0,,
ft_tkt_0008583,ft_sal_004544,ft_evt_0056,Cortesía,0,,
ft_tkt_0008584,ft_sal_004545,ft_evt_0056,Cortesía,0,,
ft_tkt_0008585,ft_sal_004546,ft_evt_0056,Cortesía,0,,
ft_tkt_0008586,ft_sal_004547,ft_evt_0056,Cortesía,0,,
ft_tkt_0008587,ft_sal_004547,ft_evt_0056,Cortesía,0,,
ft_tkt_0008588,ft_sal_004548,ft_evt_0056,Cortesía,0,,
ft_tkt_0008589,ft_sal_004548,ft_evt_0056,Cortesía,0,,
ft_tkt_0008590,ft_sal_004549,ft_evt_0056,Cortesía,0,,
ft_tkt_0008591,ft_sal_004550,ft_evt_0056,Cortesía,0,,
ft_tkt_0008592,ft_sal_004551,ft_evt_0056,Cortesía,0,,
ft_tkt_0008593,ft_sal_004551,ft_evt_0056,Cortesía,0,,
ft_tkt_0008594,ft_sal_004551,ft_evt_0056,Cortesía,0,,
ft_tkt_0008595,ft_sal_004552,ft_evt_0056,Cortesía,0,,
ft_tkt_0008596,ft_sal_004552,ft_evt_0056,Cortesía,0,,
ft_tkt_0008597,ft_sal_004553,ft_evt_0056,Cortesía,0,,
ft_tkt_0008598,ft_sal_004554,ft_evt_0056,Cortesía,0,,
ft_tkt_0008599,ft_sal_004554,ft_evt_0056,Cortesía,0,,
ft_tkt_0008600,ft_sal_004555,ft_evt_0056,Cortesía,0,,
ft_tkt_0008601,ft_sal_004556,ft_evt_0056,Cortesía,0,,
ft_tkt_0008602,ft_sal_004557,ft_evt_0056,Cortesía,0,,
ft_tkt_0008603,ft_sal_004558,ft_evt_0056,Cortesía,0,,
ft_tkt_0008604,ft_sal_004559,ft_evt_0056,Cortesía,0,,
ft_tkt_0008605,ft_sal_004560,ft_evt_0056,Cortesía,0,,
ft_tkt_0008606,ft_sal_004561,ft_evt_0056,Cortesía,0,,
ft_tkt_0008607,ft_sal_004561,ft_evt_0056,Cortesía,0,,
ft_tkt_0008608,ft_sal_004561,ft_evt_0056,Cortesía,0,,
ft_tkt_0008609,ft_sal_004562,ft_evt_0056,Cortesía,0,,
ft_tkt_0008610,ft_sal_004563,ft_evt_0056,Cortesía,0,,
ft_tkt_0008611,ft_sal_004564,ft_evt_0056,Cortesía,0,,
ft_tkt_0008612,ft_sal_004564,ft_evt_0056,Cortesía,0,,
ft_tkt_0008613,ft_sal_004564,ft_evt_0056,Cortesía,0,,
ft_tkt_0008614,ft_sal_004564,ft_evt_0056,Cortesía,0,,
ft_tkt_0008615,ft_sal_004565,ft_evt_0056,Cortesía,0,,
ft_tkt_0008616,ft_sal_004566,ft_evt_0056,Cortesía,0,,
ft_tkt_0008617,ft_sal_004566,ft_evt_0056,Cortesía,0,,
ft_tkt_0008618,ft_sal_004566,ft_evt_0056,Cortesía,0,,
ft_tkt_0008619,ft_sal_004567,ft_evt_0056,Cortesía,0,,
ft_tkt_0008620,ft_sal_004567,ft_evt_0056,Cortesía,0,,
ft_tkt_0008621,ft_sal_004567,ft_evt_0056,Cortesía,0,,
ft_tkt_0008622,ft_sal_004568,ft_evt_0056,Cortesía,0,,
ft_tkt_0008623,ft_sal_004568,ft_evt_0056,Cortesía,0,,
ft_tkt_0008624,ft_sal_004569,ft_evt_0056,Cortesía,0,,
ft_tkt_0008625,ft_sal_004569,ft_evt_0056,Cortesía,0,,
ft_tkt_0008626,ft_sal_004569,ft_evt_0056,Cortesía,0,,
ft_tkt_0008627,ft_sal_004570,ft_evt_0056,Cortesía,0,,
ft_tkt_0008628,ft_sal_004571,ft_evt_0056,Cortesía,0,,
ft_tkt_0008629,ft_sal_004572,ft_evt_0056,Cortesía,0,,
ft_tkt_0008630,ft_sal_004572,ft_evt_0056,Cortesía,0,,
ft_tkt_0008631,ft_sal_004572,ft_evt_0056,Cortesía,0,,
ft_tkt_0008632,ft_sal_004573,ft_evt_0056,Cortesía,0,,
ft_tkt_0008633,ft_sal_004573,ft_evt_0056,Cortesía,0,,
ft_tkt_0008634,ft_sal_004573,ft_evt_0056,Cortesía,0,,
ft_tkt_0008635,ft_sal_004573,ft_evt_0056,Cortesía,0,,
ft_tkt_0008636,ft_sal_004574,ft_evt_0056,Cortesía,0,,
ft_tkt_0008637,ft_sal_004574,ft_evt_0056,Cortesía,0,,
ft_tkt_0008638,ft_sal_004575,ft_evt_0056,Cortesía,0,,
ft_tkt_0008639,ft_sal_004576,ft_evt_0056,Cortesía,0,,
ft_tkt_0008640,ft_sal_004576,ft_evt_0056,Cortesía,0,,
ft_tkt_0008641,ft_sal_004577,ft_evt_0056,Cortesía,0,,
ft_tkt_0008642,ft_sal_004577,ft_evt_0056,Cortesía,0,,
ft_tkt_0008643,ft_sal_004577,ft_evt_0056,Cortesía,0,,
ft_tkt_0008644,ft_sal_004578,ft_evt_0056,Cortesía,0,,
ft_tkt_0008645,ft_sal_004578,ft_evt_0056,Cortesía,0,,
ft_tkt_0008646,ft_sal_004579,ft_evt_0056,Cortesía,0,,
ft_tkt_0008647,ft_sal_004580,ft_evt_0056,Cortesía,0,,
ft_tkt_0008648,ft_sal_004581,ft_evt_0056,Cortesía,0,,
ft_tkt_0008649,ft_sal_004581,ft_evt_0056,Cortesía,0,,
ft_tkt_0008650,ft_sal_004582,ft_evt_0056,Cortesía,0,,
ft_tkt_0008651,ft_sal_004583,ft_evt_0056,Cortesía,0,,
ft_tkt_0008652,ft_sal_004583,ft_evt_0056,Cortesía,0,,
ft_tkt_0008653,ft_sal_004584,ft_evt_0056,Cortesía,0,,
ft_tkt_0008654,ft_sal_004585,ft_evt_0056,Cortesía,0,,
ft_tkt_0008655,ft_sal_004586,ft_evt_0056,Cortesía,0,,
ft_tkt_0008656,ft_sal_004587,ft_evt_0056,Cortesía,0,,
ft_tkt_0008657,ft_sal_004588,ft_evt_0056,Cortesía,0,,
ft_tkt_0008658,ft_sal_004589,ft_evt_0056,Cortesía,0,,
ft_tkt_0008659,ft_sal_004590,ft_evt_0056,Cortesía,0,,
ft_tkt_0008660,ft_sal_004591,ft_evt_0056,Cortesía,0,,
ft_tkt_0008661,ft_sal_004592,ft_evt_0056,Cortesía,0,,
ft_tkt_0008662,ft_sal_004592,ft_evt_0056,Cortesía,0,,
ft_tkt_0008663,ft_sal_004593,ft_evt_0056,Cortesía,0,,
ft_tkt_0008664,ft_sal_004594,ft_evt_0056,Cortesía,0,,
ft_tkt_0008665,ft_sal_004594,ft_evt_0056,Cortesía,0,,
ft_tkt_0008666,ft_sal_004595,ft_evt_0056,Cortesía,0,,
ft_tkt_0008667,ft_sal_004595,ft_evt_0056,Cortesía,0,,
ft_tkt_0008668,ft_sal_004596,ft_evt_0056,Cortesía,0,,
ft_tkt_0008669,ft_sal_004596,ft_evt_0056,Cortesía,0,,
ft_tkt_0008670,ft_sal_004596,ft_evt_0056,Cortesía,0,,
ft_tkt_0008671,ft_sal_004596,ft_evt_0056,Cortesía,0,,
ft_tkt_0008672,ft_sal_004597,ft_evt_0056,Cortesía,0,,
ft_tkt_0008673,ft_sal_004597,ft_evt_0056,Cortesía,0,,
ft_tkt_0008674,ft_sal_004597,ft_evt_0056,Cortesía,0,,
ft_tkt_0008675,ft_sal_004597,ft_evt_0056,Cortesía,0,,
ft_tkt_0008676,ft_sal_004598,ft_evt_0056,Cortesía,0,,
ft_tkt_0008677,ft_sal_004598,ft_evt_0056,Cortesía,0,,
ft_tkt_0008678,ft_sal_004598,ft_evt_0056,Cortesía,0,,
ft_tkt_0008679,ft_sal_004598,ft_evt_0056,Cortesía,0,,
ft_tkt_0008680,ft_sal_004599,ft_evt_0056,Cortesía,0,,
ft_tkt_0008681,ft_sal_004599,ft_evt_0056,Cortesía,0,,
ft_tkt_0008682,ft_sal_004600,ft_evt_0056,Cortesía,0,,
ft_tkt_0008683,ft_sal_004601,ft_evt_0056,Cortesía,0,,
ft_tkt_0008684,ft_sal_004601,ft_evt_0056,Cortesía,0,,
ft_tkt_0008685,ft_sal_004602,ft_evt_0056,Cortesía,0,,
ft_tkt_0008686,ft_sal_004602,ft_evt_0056,Cortesía,0,,
ft_tkt_0008687,ft_sal_004602,ft_evt_0056,Cortesía,0,,
ft_tkt_0008688,ft_sal_004602,ft_evt_0056,Cortesía,0,,
ft_tkt_0008689,ft_sal_004603,ft_evt_0056,Cortesía,0,,
ft_tkt_0008690,ft_sal_004603,ft_evt_0056,Cortesía,0,,
ft_tkt_0008691,ft_sal_004604,ft_evt_0056,Cortesía,0,,
ft_tkt_0008692,ft_sal_004604,ft_evt_0056,Cortesía,0,,
ft_tkt_0008693,ft_sal_004605,ft_evt_0056,Cortesía,0,,
ft_tkt_0008694,ft_sal_004605,ft_evt_0056,Cortesía,0,,
ft_tkt_0008695,ft_sal_004606,ft_evt_0056,Cortesía,0,,
ft_tkt_0008696,ft_sal_004606,ft_evt_0056,Cortesía,0,,
ft_tkt_0008697,ft_sal_004607,ft_evt_0056,Cortesía,0,,
ft_tkt_0008698,ft_sal_004607,ft_evt_0056,Cortesía,0,,
ft_tkt_0008699,ft_sal_004608,ft_evt_0056,Cortesía,0,,
ft_tkt_0008700,ft_sal_004608,ft_evt_0056,Cortesía,0,,
ft_tkt_0008701,ft_sal_004608,ft_evt_0056,Cortesía,0,,
ft_tkt_0008702,ft_sal_004608,ft_evt_0056,Cortesía,0,,
ft_tkt_0008703,ft_sal_004609,ft_evt_0056,Cortesía,0,,
ft_tkt_0008704,ft_sal_004610,ft_evt_0056,Cortesía,0,,
ft_tkt_0008705,ft_sal_004610,ft_evt_0056,Cortesía,0,,
ft_tkt_0008706,ft_sal_004610,ft_evt_0056,Cortesía,0,,
ft_tkt_0008707,ft_sal_004611,ft_evt_0056,Cortesía,0,,
ft_tkt_0008708,ft_sal_004612,ft_evt_0056,Cortesía,0,,
ft_tkt_0008709,ft_sal_004613,ft_evt_0056,Cortesía,0,,
ft_tkt_0008710,ft_sal_004613,ft_evt_0056,Cortesía,0,,
ft_tkt_0008711,ft_sal_004614,ft_evt_0056,Cortesía,0,,
ft_tkt_0008712,ft_sal_004614,ft_evt_0056,Cortesía,0,,
ft_tkt_0008713,ft_sal_004614,ft_evt_0056,Cortesía,0,,
ft_tkt_0008714,ft_sal_004615,ft_evt_0056,Cortesía,0,,
ft_tkt_0008715,ft_sal_004616,ft_evt_0056,Cortesía,0,,
ft_tkt_0008716,ft_sal_004616,ft_evt_0056,Cortesía,0,,
ft_tkt_0008717,ft_sal_004616,ft_evt_0056,Cortesía,0,,
ft_tkt_0008718,ft_sal_004617,ft_evt_0056,Cortesía,0,,
ft_tkt_0008719,ft_sal_004617,ft_evt_0056,Cortesía,0,,
ft_tkt_0008720,ft_sal_004618,ft_evt_0056,Cortesía,0,,
ft_tkt_0008721,ft_sal_004619,ft_evt_0056,Cortesía,0,,
ft_tkt_0008722,ft_sal_004620,ft_evt_0056,Cortesía,0,,
ft_tkt_0008723,ft_sal_004621,ft_evt_0056,Cortesía,0,,
ft_tkt_0008724,ft_sal_004621,ft_evt_0056,Cortesía,0,,
ft_tkt_0008725,ft_sal_004622,ft_evt_0056,Cortesía,0,,
ft_tkt_0008726,ft_sal_004623,ft_evt_0056,Cortesía,0,,
ft_tkt_0008727,ft_sal_004624,ft_evt_0014,Preferencial,101000,,
ft_tkt_0008728,ft_sal_004624,ft_evt_0014,Preferencial,101000,,
ft_tkt_0008729,ft_sal_004625,ft_evt_0014,Preferencial,93000,,
ft_tkt_0008730,ft_sal_004626,ft_evt_0014,General,43000,,
ft_tkt_0008731,ft_sal_004627,ft_evt_0014,VIP,138000,,
ft_tkt_0008732,ft_sal_004627,ft_evt_0014,VIP,138000,,
ft_tkt_0008733,ft_sal_004628,ft_evt_0014,General,55000,,
ft_tkt_0008734,ft_sal_004628,ft_evt_0014,General,55000,,
ft_tkt_0008735,ft_sal_004629,ft_evt_0014,VIP,139000,,
ft_tkt_0008736,ft_sal_004629,ft_evt_0014,VIP,139000,,
ft_tkt_0008737,ft_sal_004629,ft_evt_0014,VIP,139000,,
ft_tkt_0008738,ft_sal_004630,ft_evt_0014,General,60000,,
ft_tkt_0008739,ft_sal_004631,ft_evt_0014,Preferencial,92000,,
ft_tkt_0008740,ft_sal_004632,ft_evt_0014,General,41000,,
ft_tkt_0008741,ft_sal_004633,ft_evt_0014,General,61000,,
ft_tkt_0008742,ft_sal_004633,ft_evt_0014,General,61000,,
ft_tkt_0008743,ft_sal_004634,ft_evt_0014,Preferencial,96000,,
ft_tkt_0008744,ft_sal_004634,ft_evt_0014,Preferencial,96000,,
ft_tkt_0008745,ft_sal_004635,ft_evt_0014,VIP,144000,,
ft_tkt_0008746,ft_sal_004636,ft_evt_0014,Cortesía,0,,
ft_tkt_0008747,ft_sal_004637,ft_evt_0014,General,50000,,
ft_tkt_0008748,ft_sal_004637,ft_evt_0014,General,50000,,
ft_tkt_0008749,ft_sal_004638,ft_evt_0014,Preferencial,92000,,
ft_tkt_0008750,ft_sal_004639,ft_evt_0014,General,62000,,
ft_tkt_0008751,ft_sal_004639,ft_evt_0014,General,62000,,
ft_tkt_0008752,ft_sal_004639,ft_evt_0014,General,62000,,
ft_tkt_0008753,ft_sal_004639,ft_evt_0014,General,62000,,
ft_tkt_0008754,ft_sal_004640,ft_evt_0014,Preferencial,98000,,
ft_tkt_0008755,ft_sal_004641,ft_evt_0014,General,57000,,
ft_tkt_0008756,ft_sal_004642,ft_evt_0014,General,43000,,
ft_tkt_0008757,ft_sal_004642,ft_evt_0014,General,43000,,
ft_tkt_0008758,ft_sal_004643,ft_evt_0014,General,44000,,
ft_tkt_0008759,ft_sal_004643,ft_evt_0014,General,44000,,
ft_tkt_0008760,ft_sal_004643,ft_evt_0014,General,44000,,
ft_tkt_0008761,ft_sal_004643,ft_evt_0014,General,44000,,
ft_tkt_0008762,ft_sal_004644,ft_evt_0014,General,43000,,
ft_tkt_0008763,ft_sal_004645,ft_evt_0014,General,63000,,
ft_tkt_0008764,ft_sal_004646,ft_evt_0014,VIP,147000,,
ft_tkt_0008765,ft_sal_004647,ft_evt_0014,VIP,134000,,
ft_tkt_0008766,ft_sal_004648,ft_evt_0014,VIP,153000,,
ft_tkt_0008767,ft_sal_004649,ft_evt_0014,Cortesía,0,,
ft_tkt_0008768,ft_sal_004649,ft_evt_0014,Cortesía,0,,
ft_tkt_0008769,ft_sal_004650,ft_evt_0014,Cortesía,0,,
ft_tkt_0008770,ft_sal_004650,ft_evt_0014,Cortesía,0,,
ft_tkt_0008771,ft_sal_004651,ft_evt_0014,General,44000,,
ft_tkt_0008772,ft_sal_004652,ft_evt_0014,Preferencial,94000,,
ft_tkt_0008773,ft_sal_004652,ft_evt_0014,Preferencial,94000,,
ft_tkt_0008774,ft_sal_004652,ft_evt_0014,Preferencial,94000,,
ft_tkt_0008775,ft_sal_004652,ft_evt_0014,Preferencial,94000,,
ft_tkt_0008776,ft_sal_004652,ft_evt_0014,Preferencial,94000,,
ft_tkt_0008777,ft_sal_004652,ft_evt_0014,Preferencial,94000,,
ft_tkt_0008778,ft_sal_004653,ft_evt_0014,VIP,140000,,
ft_tkt_0008779,ft_sal_004653,ft_evt_0014,VIP,140000,,
ft_tkt_0008780,ft_sal_004653,ft_evt_0014,VIP,140000,,
ft_tkt_0008781,ft_sal_004653,ft_evt_0014,VIP,140000,,
ft_tkt_0008782,ft_sal_004653,ft_evt_0014,VIP,140000,,
ft_tkt_0008783,ft_sal_004653,ft_evt_0014,VIP,140000,,
ft_tkt_0008784,ft_sal_004654,ft_evt_0014,General,44000,,
ft_tkt_0008785,ft_sal_004655,ft_evt_0014,General,47000,,
ft_tkt_0008786,ft_sal_004656,ft_evt_0014,General,42000,,
ft_tkt_0008787,ft_sal_004656,ft_evt_0014,General,42000,,
ft_tkt_0008788,ft_sal_004657,ft_evt_0014,Preferencial,99000,,
ft_tkt_0008789,ft_sal_004658,ft_evt_0014,General,65000,,
ft_tkt_0008790,ft_sal_004659,ft_evt_0014,VIP,134000,,
ft_tkt_0008791,ft_sal_004660,ft_evt_0014,General,41000,,
ft_tkt_0008792,ft_sal_004661,ft_evt_0014,Preferencial,85000,,
ft_tkt_0008793,ft_sal_004661,ft_evt_0014,Preferencial,85000,,
ft_tkt_0008794,ft_sal_004662,ft_evt_0014,General,42000,,
ft_tkt_0008795,ft_sal_004662,ft_evt_0014,General,42000,,
ft_tkt_0008796,ft_sal_004663,ft_evt_0014,General,61000,,
ft_tkt_0008797,ft_sal_004663,ft_evt_0014,General,61000,,
ft_tkt_0008798,ft_sal_004664,ft_evt_0014,Preferencial,99000,,
ft_tkt_0008799,ft_sal_004665,ft_evt_0014,General,62000,,
ft_tkt_0008800,ft_sal_004666,ft_evt_0014,Preferencial,94000,,
ft_tkt_0008801,ft_sal_004666,ft_evt_0014,Preferencial,94000,,
ft_tkt_0008802,ft_sal_004666,ft_evt_0014,Preferencial,94000,,
ft_tkt_0008803,ft_sal_004667,ft_evt_0014,General,65000,,
ft_tkt_0008804,ft_sal_004668,ft_evt_0014,General,63000,,
ft_tkt_0008805,ft_sal_004669,ft_evt_0014,Preferencial,83000,,
ft_tkt_0008806,ft_sal_004670,ft_evt_0014,General,41000,,
ft_tkt_0008807,ft_sal_004671,ft_evt_0014,VIP,127000,,
ft_tkt_0008808,ft_sal_004672,ft_evt_0014,General,58000,,
ft_tkt_0008809,ft_sal_004673,ft_evt_0014,General,41000,,
ft_tkt_0008810,ft_sal_004673,ft_evt_0014,General,41000,,
ft_tkt_0008811,ft_sal_004673,ft_evt_0014,General,41000,,
ft_tkt_0008812,ft_sal_004674,ft_evt_0014,General,62000,,
ft_tkt_0008813,ft_sal_004674,ft_evt_0014,General,62000,,
ft_tkt_0008814,ft_sal_004674,ft_evt_0014,General,62000,,
ft_tkt_0008815,ft_sal_004675,ft_evt_0014,General,45000,,
ft_tkt_0008816,ft_sal_004676,ft_evt_0014,General,61000,,
ft_tkt_0008817,ft_sal_004677,ft_evt_0014,Preferencial,88000,,
ft_tkt_0008818,ft_sal_004678,ft_evt_0014,Cortesía,0,,
ft_tkt_0008819,ft_sal_004679,ft_evt_0014,Preferencial,89000,,
ft_tkt_0008820,ft_sal_004680,ft_evt_0032,VIP,129000,,
ft_tkt_0008821,ft_sal_004681,ft_evt_0032,General,44000,,
ft_tkt_0008822,ft_sal_004681,ft_evt_0032,General,44000,,
ft_tkt_0008823,ft_sal_004682,ft_evt_0032,General,46000,,
ft_tkt_0008824,ft_sal_004683,ft_evt_0032,General,42000,,
ft_tkt_0008825,ft_sal_004683,ft_evt_0032,General,42000,,
ft_tkt_0008826,ft_sal_004683,ft_evt_0032,General,42000,,
ft_tkt_0008827,ft_sal_004683,ft_evt_0032,General,42000,,
ft_tkt_0008828,ft_sal_004683,ft_evt_0032,General,42000,,
ft_tkt_0008829,ft_sal_004683,ft_evt_0032,General,42000,,
ft_tkt_0008830,ft_sal_004684,ft_evt_0032,General,43000,,
ft_tkt_0008831,ft_sal_004685,ft_evt_0032,Preferencial,89000,,
ft_tkt_0008832,ft_sal_004685,ft_evt_0032,Preferencial,89000,,
ft_tkt_0008833,ft_sal_004686,ft_evt_0032,General,63000,,
ft_tkt_0008834,ft_sal_004686,ft_evt_0032,General,63000,,
ft_tkt_0008835,ft_sal_004687,ft_evt_0032,Preferencial,102000,,
ft_tkt_0008836,ft_sal_004687,ft_evt_0032,Preferencial,102000,,
ft_tkt_0008837,ft_sal_004688,ft_evt_0032,General,43000,,
ft_tkt_0008838,ft_sal_004689,ft_evt_0032,General,45000,,
ft_tkt_0008839,ft_sal_004690,ft_evt_0032,General,63000,,
ft_tkt_0008840,ft_sal_004691,ft_evt_0032,Cortesía,0,,
ft_tkt_0008841,ft_sal_004692,ft_evt_0032,General,45000,,
ft_tkt_0008842,ft_sal_004693,ft_evt_0032,General,64000,,
ft_tkt_0008843,ft_sal_004693,ft_evt_0032,General,64000,,
ft_tkt_0008844,ft_sal_004693,ft_evt_0032,General,64000,,
ft_tkt_0008845,ft_sal_004694,ft_evt_0032,Preferencial,100000,,
ft_tkt_0008846,ft_sal_004695,ft_evt_0032,Cortesía,0,,
ft_tkt_0008847,ft_sal_004695,ft_evt_0032,Cortesía,0,,
ft_tkt_0008848,ft_sal_004696,ft_evt_0032,Preferencial,96000,,
ft_tkt_0008849,ft_sal_004697,ft_evt_0032,General,44000,,
ft_tkt_0008850,ft_sal_004697,ft_evt_0032,General,44000,,
ft_tkt_0008851,ft_sal_004698,ft_evt_0032,General,50000,,
ft_tkt_0008852,ft_sal_004699,ft_evt_0032,General,61000,,
ft_tkt_0008853,ft_sal_004700,ft_evt_0032,Preferencial,96000,,
ft_tkt_0008854,ft_sal_004700,ft_evt_0032,Preferencial,96000,,
ft_tkt_0008855,ft_sal_004701,ft_evt_0032,Preferencial,98000,,
ft_tkt_0008856,ft_sal_004702,ft_evt_0032,VIP,150000,,
ft_tkt_0008857,ft_sal_004703,ft_evt_0032,General,62000,,
ft_tkt_0008858,ft_sal_004703,ft_evt_0032,General,62000,,
ft_tkt_0008859,ft_sal_004704,ft_evt_0032,General,59000,,
ft_tkt_0008860,ft_sal_004704,ft_evt_0032,General,59000,,
ft_tkt_0008861,ft_sal_004704,ft_evt_0032,General,59000,,
ft_tkt_0008862,ft_sal_004705,ft_evt_0032,General,46000,,
ft_tkt_0008863,ft_sal_004706,ft_evt_0032,VIP,137000,,
ft_tkt_0008864,ft_sal_004706,ft_evt_0032,VIP,137000,,
ft_tkt_0008865,ft_sal_004706,ft_evt_0032,VIP,137000,,
ft_tkt_0008866,ft_sal_004706,ft_evt_0032,VIP,137000,,
ft_tkt_0008867,ft_sal_004707,ft_evt_0032,General,48000,,
ft_tkt_0008868,ft_sal_004708,ft_evt_0032,General,44000,,
ft_tkt_0008869,ft_sal_004709,ft_evt_0032,General,60000,,
ft_tkt_0008870,ft_sal_004710,ft_evt_0032,General,42000,,
ft_tkt_0008871,ft_sal_004711,ft_evt_0032,General,43000,,
ft_tkt_0008872,ft_sal_004712,ft_evt_0032,General,45000,,
ft_tkt_0008873,ft_sal_004712,ft_evt_0032,General,45000,,
ft_tkt_0008874,ft_sal_004713,ft_evt_0032,General,47000,,
ft_tkt_0008875,ft_sal_004714,ft_evt_0032,General,46000,,
ft_tkt_0008876,ft_sal_004714,ft_evt_0032,General,46000,,
ft_tkt_0008877,ft_sal_004714,ft_evt_0032,General,46000,,
ft_tkt_0008878,ft_sal_004714,ft_evt_0032,General,46000,,
ft_tkt_0008879,ft_sal_004715,ft_evt_0032,Preferencial,93000,,
ft_tkt_0008880,ft_sal_004715,ft_evt_0032,Preferencial,93000,,
ft_tkt_0008881,ft_sal_004716,ft_evt_0032,General,61000,,
ft_tkt_0008882,ft_sal_004717,ft_evt_0032,General,59000,,
ft_tkt_0008883,ft_sal_004717,ft_evt_0032,General,59000,,
ft_tkt_0008884,ft_sal_004718,ft_evt_0032,General,44000,,
ft_tkt_0008885,ft_sal_004718,ft_evt_0032,General,44000,,
ft_tkt_0008886,ft_sal_004718,ft_evt_0032,General,44000,,
ft_tkt_0008887,ft_sal_004719,ft_evt_0032,General,41000,,
ft_tkt_0008888,ft_sal_004720,ft_evt_0032,General,41000,,
ft_tkt_0008889,ft_sal_004720,ft_evt_0032,General,41000,,
ft_tkt_0008890,ft_sal_004721,ft_evt_0032,Preferencial,99000,,
ft_tkt_0008891,ft_sal_004721,ft_evt_0032,Preferencial,99000,,
ft_tkt_0008892,ft_sal_004722,ft_evt_0032,General,48000,,
ft_tkt_0008893,ft_sal_004722,ft_evt_0032,General,48000,,
ft_tkt_0008894,ft_sal_004723,ft_evt_0032,General,57000,,
ft_tkt_0008895,ft_sal_004723,ft_evt_0032,General,57000,,
ft_tkt_0008896,ft_sal_004724,ft_evt_0032,General,46000,,
ft_tkt_0008897,ft_sal_004724,ft_evt_0032,General,46000,,
ft_tkt_0008898,ft_sal_004725,ft_evt_0032,General,49000,,
ft_tkt_0008899,ft_sal_004726,ft_evt_0032,General,43000,,
ft_tkt_0008900,ft_sal_004727,ft_evt_0032,General,44000,,
ft_tkt_0008901,ft_sal_004727,ft_evt_0032,General,44000,,
ft_tkt_0008902,ft_sal_004727,ft_evt_0032,General,44000,,
ft_tkt_0008903,ft_sal_004727,ft_evt_0032,General,44000,,
ft_tkt_0008904,ft_sal_004728,ft_evt_0032,General,55000,,
ft_tkt_0008905,ft_sal_004728,ft_evt_0032,General,55000,,
ft_tkt_0008906,ft_sal_004729,ft_evt_0032,Cortesía,0,,
ft_tkt_0008907,ft_sal_004730,ft_evt_0032,Preferencial,82000,,
ft_tkt_0008908,ft_sal_004730,ft_evt_0032,Preferencial,82000,,
ft_tkt_0008909,ft_sal_004730,ft_evt_0032,Preferencial,82000,,
ft_tkt_0008910,ft_sal_004731,ft_evt_0032,General,61000,,
ft_tkt_0008911,ft_sal_004732,ft_evt_0032,General,45000,,
ft_tkt_0008912,ft_sal_004733,ft_evt_0032,General,66000,,
ft_tkt_0008913,ft_sal_004734,ft_evt_0032,General,46000,,
ft_tkt_0008914,ft_sal_004735,ft_evt_0032,Preferencial,99000,,
ft_tkt_0008915,ft_sal_004735,ft_evt_0032,Preferencial,99000,,
ft_tkt_0008916,ft_sal_004736,ft_evt_0032,Preferencial,95000,,
ft_tkt_0008917,ft_sal_004737,ft_evt_0032,Cortesía,0,,
ft_tkt_0008918,ft_sal_004737,ft_evt_0032,Cortesía,0,,
ft_tkt_0008919,ft_sal_004738,ft_evt_0032,General,43000,,
ft_tkt_0008920,ft_sal_004738,ft_evt_0032,General,43000,,
ft_tkt_0008921,ft_sal_004739,ft_evt_0032,General,64000,,
ft_tkt_0008922,ft_sal_004739,ft_evt_0032,General,64000,,
ft_tkt_0008923,ft_sal_004740,ft_evt_0032,VIP,140000,,
ft_tkt_0008924,ft_sal_004741,ft_evt_0032,General,46000,,
ft_tkt_0008925,ft_sal_004741,ft_evt_0032,General,46000,,
ft_tkt_0008926,ft_sal_004742,ft_evt_0032,General,63000,,
ft_tkt_0008927,ft_sal_004743,ft_evt_0032,VIP,139000,,
ft_tkt_0008928,ft_sal_004743,ft_evt_0032,VIP,139000,,
ft_tkt_0008929,ft_sal_004744,ft_evt_0032,VIP,136000,,
ft_tkt_0008930,ft_sal_004744,ft_evt_0032,VIP,136000,,
ft_tkt_0008931,ft_sal_004745,ft_evt_0032,VIP,132000,,
ft_tkt_0008932,ft_sal_004746,ft_evt_0032,Preferencial,97000,,
ft_tkt_0008933,ft_sal_004746,ft_evt_0032,Preferencial,97000,,
ft_tkt_0008934,ft_sal_004747,ft_evt_0032,VIP,141000,,
ft_tkt_0008935,ft_sal_004747,ft_evt_0032,VIP,141000,,
ft_tkt_0008936,ft_sal_004748,ft_evt_0032,General,61000,,
ft_tkt_0008937,ft_sal_004749,ft_evt_0032,General,46000,,
ft_tkt_0008938,ft_sal_004750,ft_evt_0032,Preferencial,96000,,
ft_tkt_0008939,ft_sal_004751,ft_evt_0032,General,41000,,
ft_tkt_0008940,ft_sal_004752,ft_evt_0032,General,59000,,
ft_tkt_0008941,ft_sal_004753,ft_evt_0032,General,45000,,
ft_tkt_0008942,ft_sal_004753,ft_evt_0032,General,45000,,
ft_tkt_0008943,ft_sal_004753,ft_evt_0032,General,45000,,
ft_tkt_0008944,ft_sal_004753,ft_evt_0032,General,45000,,
ft_tkt_0008945,ft_sal_004753,ft_evt_0032,General,45000,,
ft_tkt_0008946,ft_sal_004753,ft_evt_0032,General,45000,,
ft_tkt_0008947,ft_sal_004754,ft_evt_0032,General,63000,,
ft_tkt_0008948,ft_sal_004755,ft_evt_0032,General,45000,,
ft_tkt_0008949,ft_sal_004755,ft_evt_0032,General,45000,,
ft_tkt_0008950,ft_sal_004756,ft_evt_0032,General,60000,,
ft_tkt_0008951,ft_sal_004757,ft_evt_0032,General,56000,,
ft_tkt_0008952,ft_sal_004758,ft_evt_0032,General,57000,,
ft_tkt_0008953,ft_sal_004758,ft_evt_0032,General,57000,,
ft_tkt_0008954,ft_sal_004759,ft_evt_0032,Cortesía,0,,
ft_tkt_0008955,ft_sal_004760,ft_evt_0032,General,59000,,
ft_tkt_0008956,ft_sal_004760,ft_evt_0032,General,59000,,
ft_tkt_0008957,ft_sal_004760,ft_evt_0032,General,59000,,
ft_tkt_0008958,ft_sal_004761,ft_evt_0032,Preferencial,90000,,
ft_tkt_0008959,ft_sal_004762,ft_evt_0052,VIP,137000,,
ft_tkt_0008960,ft_sal_004763,ft_evt_0052,General,56000,,
ft_tkt_0008961,ft_sal_004764,ft_evt_0052,Cortesía,0,,
ft_tkt_0008962,ft_sal_004764,ft_evt_0052,Cortesía,0,,
ft_tkt_0008963,ft_sal_004765,ft_evt_0052,General,44000,,
ft_tkt_0008964,ft_sal_004765,ft_evt_0052,General,44000,,
ft_tkt_0008965,ft_sal_004766,ft_evt_0052,General,60000,,
ft_tkt_0008966,ft_sal_004766,ft_evt_0052,General,60000,,
ft_tkt_0008967,ft_sal_004767,ft_evt_0052,General,59000,,
ft_tkt_0008968,ft_sal_004767,ft_evt_0052,General,59000,,
ft_tkt_0008969,ft_sal_004768,ft_evt_0052,Preferencial,95000,,
ft_tkt_0008970,ft_sal_004769,ft_evt_0052,General,57000,,
ft_tkt_0008971,ft_sal_004769,ft_evt_0052,General,57000,,
ft_tkt_0008972,ft_sal_004770,ft_evt_0052,Preferencial,100000,,
ft_tkt_0008973,ft_sal_004771,ft_evt_0052,General,59000,,
ft_tkt_0008974,ft_sal_004771,ft_evt_0052,General,59000,,
ft_tkt_0008975,ft_sal_004772,ft_evt_0052,General,46000,,
ft_tkt_0008976,ft_sal_004773,ft_evt_0052,General,61000,,
ft_tkt_0008977,ft_sal_004774,ft_evt_0052,General,58000,,
ft_tkt_0008978,ft_sal_004775,ft_evt_0052,Preferencial,93000,,
ft_tkt_0008979,ft_sal_004775,ft_evt_0052,Preferencial,93000,,
ft_tkt_0008980,ft_sal_004776,ft_evt_0052,Preferencial,86000,,
ft_tkt_0008981,ft_sal_004777,ft_evt_0052,General,47000,,
ft_tkt_0008982,ft_sal_004778,ft_evt_0052,General,61000,,
ft_tkt_0008983,ft_sal_004779,ft_evt_0052,General,62000,,
ft_tkt_0008984,ft_sal_004779,ft_evt_0052,General,62000,,
ft_tkt_0008985,ft_sal_004779,ft_evt_0052,General,62000,,
ft_tkt_0008986,ft_sal_004780,ft_evt_0052,General,44000,,
ft_tkt_0008987,ft_sal_004781,ft_evt_0052,Preferencial,107000,,
ft_tkt_0008988,ft_sal_004781,ft_evt_0052,Preferencial,107000,,
ft_tkt_0008989,ft_sal_004782,ft_evt_0052,Cortesía,0,,
ft_tkt_0008990,ft_sal_004782,ft_evt_0052,Cortesía,0,,
ft_tkt_0008991,ft_sal_004783,ft_evt_0052,General,46000,,
ft_tkt_0008992,ft_sal_004783,ft_evt_0052,General,46000,,
ft_tkt_0008993,ft_sal_004784,ft_evt_0052,VIP,141000,,
ft_tkt_0008994,ft_sal_004784,ft_evt_0052,VIP,141000,,
ft_tkt_0008995,ft_sal_004784,ft_evt_0052,VIP,141000,,
ft_tkt_0008996,ft_sal_004785,ft_evt_0052,Cortesía,0,,
ft_tkt_0008997,ft_sal_004785,ft_evt_0052,Cortesía,0,,
ft_tkt_0008998,ft_sal_004786,ft_evt_0052,General,45000,,
ft_tkt_0008999,ft_sal_004787,ft_evt_0052,General,46000,,
ft_tkt_0009000,ft_sal_004787,ft_evt_0052,General,46000,,
ft_tkt_0009001,ft_sal_004788,ft_evt_0052,General,43000,,
ft_tkt_0009002,ft_sal_004788,ft_evt_0052,General,43000,,
ft_tkt_0009003,ft_sal_004788,ft_evt_0052,General,43000,,
ft_tkt_0009004,ft_sal_004789,ft_evt_0052,General,42000,,
ft_tkt_0009005,ft_sal_004789,ft_evt_0052,General,42000,,
ft_tkt_0009006,ft_sal_004789,ft_evt_0052,General,42000,,
ft_tkt_0009007,ft_sal_004790,ft_evt_0052,General,59000,,
ft_tkt_0009008,ft_sal_004790,ft_evt_0052,General,59000,,
ft_tkt_0009009,ft_sal_004790,ft_evt_0052,General,59000,,
ft_tkt_0009010,ft_sal_004791,ft_evt_0052,Preferencial,98000,,
ft_tkt_0009011,ft_sal_004792,ft_evt_0052,Cortesía,0,,
ft_tkt_0009012,ft_sal_004792,ft_evt_0052,Cortesía,0,,
ft_tkt_0009013,ft_sal_004793,ft_evt_0052,General,43000,,
ft_tkt_0009014,ft_sal_004793,ft_evt_0052,General,43000,,
ft_tkt_0009015,ft_sal_004794,ft_evt_0052,General,64000,,
ft_tkt_0009016,ft_sal_004795,ft_evt_0052,Preferencial,90000,,
ft_tkt_0009017,ft_sal_004796,ft_evt_0052,General,64000,,
ft_tkt_0009018,ft_sal_004797,ft_evt_0052,Preferencial,101000,,
ft_tkt_0009019,ft_sal_004798,ft_evt_0052,General,62000,,
ft_tkt_0009020,ft_sal_004799,ft_evt_0052,General,61000,,
ft_tkt_0009021,ft_sal_004799,ft_evt_0052,General,61000,,
ft_tkt_0009022,ft_sal_004799,ft_evt_0052,General,61000,,
ft_tkt_0009023,ft_sal_004800,ft_evt_0052,Preferencial,100000,,
ft_tkt_0009024,ft_sal_004801,ft_evt_0052,General,46000,,
ft_tkt_0009025,ft_sal_004801,ft_evt_0052,General,46000,,
ft_tkt_0009026,ft_sal_004802,ft_evt_0052,Preferencial,96000,,
ft_tkt_0009027,ft_sal_004802,ft_evt_0052,Preferencial,96000,,
ft_tkt_0009028,ft_sal_004802,ft_evt_0052,Preferencial,96000,,
ft_tkt_0009029,ft_sal_004802,ft_evt_0052,Preferencial,96000,,
ft_tkt_0009030,ft_sal_004803,ft_evt_0052,Preferencial,103000,,
ft_tkt_0009031,ft_sal_004804,ft_evt_0052,General,58000,,
ft_tkt_0009032,ft_sal_004805,ft_evt_0052,Preferencial,90000,,
ft_tkt_0009033,ft_sal_004805,ft_evt_0052,Preferencial,90000,,
ft_tkt_0009034,ft_sal_004806,ft_evt_0052,General,42000,,
ft_tkt_0009035,ft_sal_004806,ft_evt_0052,General,42000,,
ft_tkt_0009036,ft_sal_004807,ft_evt_0052,General,62000,,
ft_tkt_0009037,ft_sal_004807,ft_evt_0052,General,62000,,
ft_tkt_0009038,ft_sal_004808,ft_evt_0052,Cortesía,0,,
ft_tkt_0009039,ft_sal_004808,ft_evt_0052,Cortesía,0,,
ft_tkt_0009040,ft_sal_004809,ft_evt_0052,General,55000,,
ft_tkt_0009041,ft_sal_004810,ft_evt_0052,General,63000,,
ft_tkt_0009042,ft_sal_004811,ft_evt_0052,General,43000,,
ft_tkt_0009043,ft_sal_004811,ft_evt_0052,General,43000,,
ft_tkt_0009044,ft_sal_004812,ft_evt_0052,General,45000,,
ft_tkt_0009045,ft_sal_004812,ft_evt_0052,General,45000,,
ft_tkt_0009046,ft_sal_004813,ft_evt_0052,Cortesía,0,,
ft_tkt_0009047,ft_sal_004813,ft_evt_0052,Cortesía,0,,
ft_tkt_0009048,ft_sal_004814,ft_evt_0052,General,45000,,
ft_tkt_0009049,ft_sal_004815,ft_evt_0052,General,43000,,
ft_tkt_0009050,ft_sal_004816,ft_evt_0052,Preferencial,98000,,
ft_tkt_0009051,ft_sal_004816,ft_evt_0052,Preferencial,98000,,
ft_tkt_0009052,ft_sal_004817,ft_evt_0052,Preferencial,85000,,
ft_tkt_0009053,ft_sal_004817,ft_evt_0052,Preferencial,85000,,
ft_tkt_0009054,ft_sal_004817,ft_evt_0052,Preferencial,85000,,
ft_tkt_0009055,ft_sal_004818,ft_evt_0052,General,45000,,
ft_tkt_0009056,ft_sal_004819,ft_evt_0052,Cortesía,0,,
ft_tkt_0009057,ft_sal_004820,ft_evt_0052,General,61000,,
ft_tkt_0009058,ft_sal_004820,ft_evt_0052,General,61000,,
ft_tkt_0009059,ft_sal_004821,ft_evt_0052,General,47000,,
ft_tkt_0009060,ft_sal_004821,ft_evt_0052,General,47000,,
ft_tkt_0009061,ft_sal_004822,ft_evt_0052,General,63000,,
ft_tkt_0009062,ft_sal_004822,ft_evt_0052,General,63000,,
ft_tkt_0009063,ft_sal_004823,ft_evt_0052,General,46000,,
ft_tkt_0009064,ft_sal_004824,ft_evt_0052,General,58000,,
ft_tkt_0009065,ft_sal_004824,ft_evt_0052,General,58000,,
ft_tkt_0009066,ft_sal_004825,ft_evt_0052,General,46000,,
ft_tkt_0009067,ft_sal_004825,ft_evt_0052,General,46000,,
ft_tkt_0009068,ft_sal_004826,ft_evt_0052,General,61000,,
ft_tkt_0009069,ft_sal_004827,ft_evt_0052,General,61000,,
ft_tkt_0009070,ft_sal_004827,ft_evt_0052,General,61000,,
ft_tkt_0009071,ft_sal_004828,ft_evt_0052,Preferencial,103000,,
ft_tkt_0009072,ft_sal_004829,ft_evt_0052,VIP,139000,,
ft_tkt_0009073,ft_sal_004830,ft_evt_0052,General,57000,,
ft_tkt_0009074,ft_sal_004830,ft_evt_0052,General,57000,,
ft_tkt_0009075,ft_sal_004831,ft_evt_0052,VIP,137000,,
ft_tkt_0009076,ft_sal_004832,ft_evt_0052,VIP,127000,,
ft_tkt_0009077,ft_sal_004832,ft_evt_0052,VIP,127000,,
ft_tkt_0009078,ft_sal_004833,ft_evt_0052,General,55000,,
ft_tkt_0009079,ft_sal_004833,ft_evt_0052,General,55000,,
ft_tkt_0009080,ft_sal_004834,ft_evt_0052,General,59000,,
ft_tkt_0009081,ft_sal_004834,ft_evt_0052,General,59000,,
ft_tkt_0009082,ft_sal_004835,ft_evt_0052,General,49000,,
ft_tkt_0009083,ft_sal_004836,ft_evt_0052,VIP,149000,,
ft_tkt_0009084,ft_sal_004836,ft_evt_0052,VIP,149000,,
ft_tkt_0009085,ft_sal_004837,ft_evt_0052,General,49000,,
ft_tkt_0009086,ft_sal_004838,ft_evt_0052,General,50000,,
ft_tkt_0009087,ft_sal_004838,ft_evt_0052,General,50000,,
ft_tkt_0009088,ft_sal_004839,ft_evt_0052,General,67000,,
ft_tkt_0009089,ft_sal_004839,ft_evt_0052,General,67000,,
ft_tkt_0009090,ft_sal_004840,ft_evt_0052,General,61000,,
ft_tkt_0009091,ft_sal_004840,ft_evt_0052,General,61000,,
ft_tkt_0009092,ft_sal_004841,ft_evt_0052,General,46000,,
ft_tkt_0009093,ft_sal_004841,ft_evt_0052,General,46000,,
ft_tkt_0009094,ft_sal_004842,ft_evt_0052,Preferencial,97000,,
ft_tkt_0009095,ft_sal_004842,ft_evt_0052,Preferencial,97000,,
ft_tkt_0009096,ft_sal_004842,ft_evt_0052,Preferencial,97000,,
ft_tkt_0009097,ft_sal_004843,ft_evt_0052,General,65000,,
ft_tkt_0009098,ft_sal_004843,ft_evt_0052,General,65000,,
ft_tkt_0009099,ft_sal_004843,ft_evt_0052,General,65000,,
ft_tkt_0009100,ft_sal_004844,ft_evt_0052,Preferencial,89000,,
ft_tkt_0009101,ft_sal_004845,ft_evt_0052,General,47000,,
ft_tkt_0009102,ft_sal_004845,ft_evt_0052,General,47000,,
ft_tkt_0009103,ft_sal_004845,ft_evt_0052,General,47000,,
ft_tkt_0009104,ft_sal_004845,ft_evt_0052,General,47000,,
ft_tkt_0009105,ft_sal_004846,ft_evt_0052,Preferencial,92000,,
ft_tkt_0009106,ft_sal_004847,ft_evt_0052,Cortesía,0,,
ft_tkt_0009107,ft_sal_004847,ft_evt_0052,Cortesía,0,,
ft_tkt_0009108,ft_sal_004848,ft_evt_0052,General,47000,,
ft_tkt_0009109,ft_sal_004849,ft_evt_0052,Preferencial,90000,,
ft_tkt_0009110,ft_sal_004849,ft_evt_0052,Preferencial,90000,,
ft_tkt_0009111,ft_sal_004850,ft_evt_0052,VIP,130000,,
ft_tkt_0009112,ft_sal_004851,ft_evt_0052,General,58000,,
ft_tkt_0009113,ft_sal_004851,ft_evt_0052,General,58000,,
ft_tkt_0009114,ft_sal_004851,ft_evt_0052,General,58000,,
ft_tkt_0009115,ft_sal_004851,ft_evt_0052,General,58000,,
ft_tkt_0009116,ft_sal_004852,ft_evt_0052,Preferencial,88000,,
ft_tkt_0009117,ft_sal_004852,ft_evt_0052,Preferencial,88000,,
ft_tkt_0009118,ft_sal_004853,ft_evt_0052,General,45000,,
ft_tkt_0009119,ft_sal_004853,ft_evt_0052,General,45000,,
ft_tkt_0009120,ft_sal_004854,ft_evt_0052,General,47000,,
ft_tkt_0009121,ft_sal_004854,ft_evt_0052,General,47000,,
ft_tkt_0009122,ft_sal_004854,ft_evt_0052,General,47000,,
ft_tkt_0009123,ft_sal_004854,ft_evt_0052,General,47000,,
ft_tkt_0009124,ft_sal_004854,ft_evt_0052,General,47000,,
ft_tkt_0009125,ft_sal_004854,ft_evt_0052,General,47000,,
ft_tkt_0009126,ft_sal_004855,ft_evt_0052,General,44000,,
ft_tkt_0009127,ft_sal_004855,ft_evt_0052,General,44000,,
ft_tkt_0009128,ft_sal_004855,ft_evt_0052,General,44000,,
ft_tkt_0009129,ft_sal_004855,ft_evt_0052,General,44000,,
ft_tkt_0009130,ft_sal_004856,ft_evt_0052,General,45000,,
ft_tkt_0009131,ft_sal_004856,ft_evt_0052,General,45000,,
ft_tkt_0009132,ft_sal_004856,ft_evt_0052,General,45000,,
ft_tkt_0009133,ft_sal_004856,ft_evt_0052,General,45000,,
ft_tkt_0009134,ft_sal_004857,ft_evt_0052,General,60000,,
ft_tkt_0009135,ft_sal_004857,ft_evt_0052,General,60000,,
ft_tkt_0009136,ft_sal_004858,ft_evt_0052,General,48000,,
ft_tkt_0009137,ft_sal_004858,ft_evt_0052,General,48000,,
ft_tkt_0009138,ft_sal_004858,ft_evt_0052,General,48000,,
ft_tkt_0009139,ft_sal_004859,ft_evt_0052,General,46000,,
ft_tkt_0009140,ft_sal_004859,ft_evt_0052,General,46000,,
ft_tkt_0009141,ft_sal_004860,ft_evt_0052,Preferencial,91000,,
ft_tkt_0009142,ft_sal_004861,ft_evt_0052,Preferencial,90000,,
ft_tkt_0009143,ft_sal_004861,ft_evt_0052,Preferencial,90000,,
ft_tkt_0009144,ft_sal_004861,ft_evt_0052,Preferencial,90000,,
ft_tkt_0009145,ft_sal_004862,ft_evt_0052,General,62000,,
ft_tkt_0009146,ft_sal_004862,ft_evt_0052,General,62000,,
ft_tkt_0009147,ft_sal_004862,ft_evt_0052,General,62000,,
ft_tkt_0009148,ft_sal_004862,ft_evt_0052,General,62000,,
ft_tkt_0009149,ft_sal_004863,ft_evt_0052,General,61000,,
ft_tkt_0009150,ft_sal_004864,ft_evt_0052,General,46000,,
ft_tkt_0009151,ft_sal_004864,ft_evt_0052,General,46000,,
ft_tkt_0009152,ft_sal_004865,ft_evt_0052,Cortesía,0,,
ft_tkt_0009153,ft_sal_004866,ft_evt_0052,General,43000,,
ft_tkt_0009154,ft_sal_004867,ft_evt_0052,General,43000,,
ft_tkt_0009155,ft_sal_004867,ft_evt_0052,General,43000,,
ft_tkt_0009156,ft_sal_004868,ft_evt_0052,Preferencial,89000,,
ft_tkt_0009157,ft_sal_004869,ft_evt_0052,Preferencial,92000,,
ft_tkt_0009158,ft_sal_004869,ft_evt_0052,Preferencial,92000,,
ft_tkt_0009159,ft_sal_004869,ft_evt_0052,Preferencial,92000,,
ft_tkt_0009160,ft_sal_004870,ft_evt_0052,VIP,137000,,
ft_tkt_0009161,ft_sal_004870,ft_evt_0052,VIP,137000,,
ft_tkt_0009162,ft_sal_004871,ft_evt_0052,General,41000,,
ft_tkt_0009163,ft_sal_004872,ft_evt_0052,Preferencial,96000,,
ft_tkt_0009164,ft_sal_004873,ft_evt_0052,General,57000,,
ft_tkt_0009165,ft_sal_004873,ft_evt_0052,General,57000,,
ft_tkt_0009166,ft_sal_004873,ft_evt_0052,General,57000,,
ft_tkt_0009167,ft_sal_004873,ft_evt_0052,General,57000,,
ft_tkt_0009168,ft_sal_004874,ft_evt_0052,General,41000,,
ft_tkt_0009169,ft_sal_004875,ft_evt_0052,VIP,128000,,
ft_tkt_0009170,ft_sal_004876,ft_evt_0052,VIP,141000,,
ft_tkt_0009171,ft_sal_004877,ft_evt_0052,General,41000,,
ft_tkt_0009172,ft_sal_004878,ft_evt_0052,General,45000,,
ft_tkt_0009173,ft_sal_004878,ft_evt_0052,General,45000,,
ft_tkt_0009174,ft_sal_004878,ft_evt_0052,General,45000,,
ft_tkt_0009175,ft_sal_004879,ft_evt_0052,General,47000,,
ft_tkt_0009176,ft_sal_004880,ft_evt_0052,Preferencial,96000,,
ft_tkt_0009177,ft_sal_004880,ft_evt_0052,Preferencial,96000,,
ft_tkt_0009178,ft_sal_004881,ft_evt_0052,General,62000,,
ft_tkt_0009179,ft_sal_004882,ft_evt_0052,General,61000,,
ft_tkt_0009180,ft_sal_004883,ft_evt_0052,Preferencial,94000,,
ft_tkt_0009181,ft_sal_004884,ft_evt_0052,General,45000,,
ft_tkt_0009182,ft_sal_004884,ft_evt_0052,General,45000,,
ft_tkt_0009183,ft_sal_004884,ft_evt_0052,General,45000,,
ft_tkt_0009184,ft_sal_004885,ft_evt_0052,General,42000,,
ft_tkt_0009185,ft_sal_004885,ft_evt_0052,General,42000,,
ft_tkt_0009186,ft_sal_004886,ft_evt_0052,VIP,148000,,
ft_tkt_0009187,ft_sal_004887,ft_evt_0052,Preferencial,90000,,
ft_tkt_0009188,ft_sal_004887,ft_evt_0052,Preferencial,90000,,
ft_tkt_0009189,ft_sal_004888,ft_evt_0052,Preferencial,99000,,
ft_tkt_0009190,ft_sal_004888,ft_evt_0052,Preferencial,99000,,
ft_tkt_0009191,ft_sal_004889,ft_evt_0052,General,41000,,
ft_tkt_0009192,ft_sal_004889,ft_evt_0052,General,41000,,
ft_tkt_0009193,ft_sal_004890,ft_evt_0052,General,50000,,
ft_tkt_0009194,ft_sal_004890,ft_evt_0052,General,50000,,
ft_tkt_0009195,ft_sal_004890,ft_evt_0052,General,50000,,
ft_tkt_0009196,ft_sal_004890,ft_evt_0052,General,50000,,
ft_tkt_0009197,ft_sal_004890,ft_evt_0052,General,50000,,
ft_tkt_0009198,ft_sal_004890,ft_evt_0052,General,50000,,
ft_tkt_0009199,ft_sal_004891,ft_evt_0052,General,46000,,
ft_tkt_0009200,ft_sal_004891,ft_evt_0052,General,46000,,
ft_tkt_0009201,ft_sal_004891,ft_evt_0052,General,46000,,
ft_tkt_0009202,ft_sal_004892,ft_evt_0052,General,61000,,
ft_tkt_0009203,ft_sal_004893,ft_evt_0052,Preferencial,88000,,
ft_tkt_0009204,ft_sal_004893,ft_evt_0052,Preferencial,88000,,
ft_tkt_0009205,ft_sal_004894,ft_evt_0052,General,45000,,
ft_tkt_0009206,ft_sal_004894,ft_evt_0052,General,45000,,
ft_tkt_0009207,ft_sal_004894,ft_evt_0052,General,45000,,
ft_tkt_0009208,ft_sal_004895,ft_evt_0052,General,47000,,
ft_tkt_0009209,ft_sal_004896,ft_evt_0052,General,58000,,
ft_tkt_0009210,ft_sal_004896,ft_evt_0052,General,58000,,
ft_tkt_0009211,ft_sal_004896,ft_evt_0052,General,58000,,
ft_tkt_0009212,ft_sal_004896,ft_evt_0052,General,58000,,
ft_tkt_0009213,ft_sal_004897,ft_evt_0052,General,61000,,
ft_tkt_0009214,ft_sal_004897,ft_evt_0052,General,61000,,
ft_tkt_0009215,ft_sal_004897,ft_evt_0052,General,61000,,
ft_tkt_0009216,ft_sal_004897,ft_evt_0052,General,61000,,
ft_tkt_0009217,ft_sal_004897,ft_evt_0052,General,61000,,
ft_tkt_0009218,ft_sal_004897,ft_evt_0052,General,61000,,
ft_tkt_0009219,ft_sal_004898,ft_evt_0052,Cortesía,0,,
ft_tkt_0009220,ft_sal_004899,ft_evt_0052,VIP,131000,,
ft_tkt_0009221,ft_sal_004900,ft_evt_0052,General,45000,,
ft_tkt_0009222,ft_sal_004901,ft_evt_0052,Preferencial,91000,,
ft_tkt_0009223,ft_sal_004902,ft_evt_0052,General,59000,,
ft_tkt_0009224,ft_sal_004903,ft_evt_0052,Preferencial,97000,,
ft_tkt_0009225,ft_sal_004904,ft_evt_0052,General,46000,,
ft_tkt_0009226,ft_sal_004905,ft_evt_0052,Preferencial,105000,,
ft_tkt_0009227,ft_sal_004905,ft_evt_0052,Preferencial,105000,,
ft_tkt_0009228,ft_sal_004905,ft_evt_0052,Preferencial,105000,,
ft_tkt_0009229,ft_sal_004906,ft_evt_0052,General,49000,,
ft_tkt_0009230,ft_sal_004907,ft_evt_0052,General,64000,,
ft_tkt_0009231,ft_sal_004907,ft_evt_0052,General,64000,,
ft_tkt_0009232,ft_sal_004908,ft_evt_0052,Cortesía,0,,
ft_tkt_0009233,ft_sal_004909,ft_evt_0052,Preferencial,99000,,
ft_tkt_0009234,ft_sal_004909,ft_evt_0052,Preferencial,99000,,
ft_tkt_0009235,ft_sal_004910,ft_evt_0052,Preferencial,97000,,
ft_tkt_0009236,ft_sal_004911,ft_evt_0052,VIP,140000,,
ft_tkt_0009237,ft_sal_004911,ft_evt_0052,VIP,140000,,
ft_tkt_0009238,ft_sal_004912,ft_evt_0052,General,43000,,
ft_tkt_0009239,ft_sal_004912,ft_evt_0052,General,43000,,
ft_tkt_0009240,ft_sal_004913,ft_evt_0052,Preferencial,100000,,
ft_tkt_0009241,ft_sal_004914,ft_evt_0052,Preferencial,96000,,
ft_tkt_0009242,ft_sal_004914,ft_evt_0052,Preferencial,96000,,
ft_tkt_0009243,ft_sal_004915,ft_evt_0052,General,47000,,
ft_tkt_0009244,ft_sal_004916,ft_evt_0052,Cortesía,0,,
ft_tkt_0009245,ft_sal_004916,ft_evt_0052,Cortesía,0,,
ft_tkt_0009246,ft_sal_004916,ft_evt_0052,Cortesía,0,,
ft_tkt_0009247,ft_sal_004916,ft_evt_0052,Cortesía,0,,
ft_tkt_0009248,ft_sal_004917,ft_evt_0052,General,44000,,
ft_tkt_0009249,ft_sal_004917,ft_evt_0052,General,44000,,
ft_tkt_0009250,ft_sal_004918,ft_evt_0052,VIP,137000,,
ft_tkt_0009251,ft_sal_004919,ft_evt_0052,VIP,139000,,
ft_tkt_0009252,ft_sal_004920,ft_evt_0052,VIP,130000,,
ft_tkt_0009253,ft_sal_004921,ft_evt_0052,General,41000,,
ft_tkt_0009254,ft_sal_004921,ft_evt_0052,General,41000,,
ft_tkt_0009255,ft_sal_004922,ft_evt_0052,General,57000,,
ft_tkt_0009256,ft_sal_004922,ft_evt_0052,General,57000,,
ft_tkt_0009257,ft_sal_004923,ft_evt_0052,General,49000,,
ft_tkt_0009258,ft_sal_004924,ft_evt_0052,VIP,146000,,
ft_tkt_0009259,ft_sal_004924,ft_evt_0052,VIP,146000,,
ft_tkt_0009260,ft_sal_004925,ft_evt_0052,General,41000,,
ft_tkt_0009261,ft_sal_004925,ft_evt_0052,General,41000,,
ft_tkt_0009262,ft_sal_004926,ft_evt_0052,General,66000,,
ft_tkt_0009263,ft_sal_004927,ft_evt_0052,VIP,142000,,
ft_tkt_0009264,ft_sal_004927,ft_evt_0052,VIP,142000,,
ft_tkt_0009265,ft_sal_004928,ft_evt_0052,General,59000,,
ft_tkt_0009266,ft_sal_004929,ft_evt_0052,General,60000,,
ft_tkt_0009267,ft_sal_004929,ft_evt_0052,General,60000,,
ft_tkt_0009268,ft_sal_004929,ft_evt_0052,General,60000,,
ft_tkt_0009269,ft_sal_004929,ft_evt_0052,General,60000,,
ft_tkt_0009270,ft_sal_004930,ft_evt_0052,General,48000,,
ft_tkt_0009271,ft_sal_004930,ft_evt_0052,General,48000,,
ft_tkt_0009272,ft_sal_004930,ft_evt_0052,General,48000,,
ft_tkt_0009273,ft_sal_004931,ft_evt_0052,General,61000,,
ft_tkt_0009274,ft_sal_004931,ft_evt_0052,General,61000,,
ft_tkt_0009275,ft_sal_004932,ft_evt_0052,Cortesía,0,,
ft_tkt_0009276,ft_sal_004933,ft_evt_0052,General,60000,,
ft_tkt_0009277,ft_sal_004934,ft_evt_0052,General,46000,,
ft_tkt_0009278,ft_sal_004935,ft_evt_0052,General,60000,,
ft_tkt_0009279,ft_sal_004936,ft_evt_0052,General,49000,,
ft_tkt_0009280,ft_sal_004936,ft_evt_0052,General,49000,,
ft_tkt_0009281,ft_sal_004937,ft_evt_0052,Preferencial,93000,,
ft_tkt_0009282,ft_sal_004938,ft_evt_0052,VIP,150000,,
ft_tkt_0009283,ft_sal_004938,ft_evt_0052,VIP,150000,,
ft_tkt_0009284,ft_sal_004939,ft_evt_0052,General,44000,,
ft_tkt_0009285,ft_sal_004939,ft_evt_0052,General,44000,,
ft_tkt_0009286,ft_sal_004940,ft_evt_0052,General,42000,,
ft_tkt_0009287,ft_sal_004941,ft_evt_0052,General,58000,,
ft_tkt_0009288,ft_sal_004942,ft_evt_0052,VIP,150000,,
ft_tkt_0009289,ft_sal_004942,ft_evt_0052,VIP,150000,,
ft_tkt_0009290,ft_sal_004943,ft_evt_0052,Preferencial,99000,,
ft_tkt_0009291,ft_sal_004943,ft_evt_0052,Preferencial,99000,,
ft_tkt_0009292,ft_sal_004944,ft_evt_0052,Preferencial,92000,,
ft_tkt_0009293,ft_sal_004944,ft_evt_0052,Preferencial,92000,,
ft_tkt_0009294,ft_sal_004944,ft_evt_0052,Preferencial,92000,,
ft_tkt_0009295,ft_sal_004944,ft_evt_0052,Preferencial,92000,,
ft_tkt_0009296,ft_sal_004945,ft_evt_0052,General,60000,,
ft_tkt_0009297,ft_sal_004946,ft_evt_0052,General,43000,,
ft_tkt_0009298,ft_sal_004946,ft_evt_0052,General,43000,,
ft_tkt_0009299,ft_sal_004947,ft_evt_0052,General,56000,,
ft_tkt_0009300,ft_sal_004947,ft_evt_0052,General,56000,,
ft_tkt_0009301,ft_sal_004948,ft_evt_0052,General,47000,,
ft_tkt_0009302,ft_sal_004949,ft_evt_0052,General,59000,,
ft_tkt_0009303,ft_sal_004949,ft_evt_0052,General,59000,,
ft_tkt_0009304,ft_sal_004950,ft_evt_0052,General,57000,,
ft_tkt_0009305,ft_sal_004950,ft_evt_0052,General,57000,,
ft_tkt_0009306,ft_sal_004951,ft_evt_0052,Preferencial,96000,,
ft_tkt_0009307,ft_sal_004951,ft_evt_0052,Preferencial,96000,,
ft_tkt_0009308,ft_sal_004952,ft_evt_0052,VIP,148000,,
ft_tkt_0009309,ft_sal_004953,ft_evt_0052,General,60000,,
ft_tkt_0009310,ft_sal_004954,ft_evt_0052,General,59000,,
ft_tkt_0009311,ft_sal_004955,ft_evt_0052,General,41000,,
ft_tkt_0009312,ft_sal_004955,ft_evt_0052,General,41000,,
ft_tkt_0009313,ft_sal_004956,ft_evt_0052,General,60000,,
ft_tkt_0009314,ft_sal_004956,ft_evt_0052,General,60000,,
ft_tkt_0009315,ft_sal_004957,ft_evt_0052,VIP,148000,,
ft_tkt_0009316,ft_sal_004958,ft_evt_0052,General,53000,,
ft_tkt_0009317,ft_sal_004959,ft_evt_0052,VIP,145000,,
ft_tkt_0009318,ft_sal_004959,ft_evt_0052,VIP,145000,,
ft_tkt_0009319,ft_sal_004959,ft_evt_0052,VIP,145000,,
ft_tkt_0009320,ft_sal_004959,ft_evt_0052,VIP,145000,,
ft_tkt_0009321,ft_sal_004960,ft_evt_0052,General,59000,,
ft_tkt_0009322,ft_sal_004960,ft_evt_0052,General,59000,,
ft_tkt_0009323,ft_sal_004961,ft_evt_0052,Cortesía,0,,
ft_tkt_0009324,ft_sal_004962,ft_evt_0052,Preferencial,97000,,
ft_tkt_0009325,ft_sal_004963,ft_evt_0052,General,50000,,
ft_tkt_0009326,ft_sal_004964,ft_evt_0052,Cortesía,0,,
ft_tkt_0009327,ft_sal_004964,ft_evt_0052,Cortesía,0,,
ft_tkt_0009328,ft_sal_004965,ft_evt_0052,VIP,129000,,
ft_tkt_0009329,ft_sal_004966,ft_evt_0052,Preferencial,93000,,
ft_tkt_0009330,ft_sal_004967,ft_evt_0052,General,44000,,
ft_tkt_0009331,ft_sal_004968,ft_evt_0052,General,49000,,
ft_tkt_0009332,ft_sal_004968,ft_evt_0052,General,49000,,
ft_tkt_0009333,ft_sal_004969,ft_evt_0052,Preferencial,95000,,
ft_tkt_0009334,ft_sal_004969,ft_evt_0052,Preferencial,95000,,
ft_tkt_0009335,ft_sal_004969,ft_evt_0052,Preferencial,95000,,
ft_tkt_0009336,ft_sal_004969,ft_evt_0052,Preferencial,95000,,
ft_tkt_0009337,ft_sal_004970,ft_evt_0052,General,57000,,
ft_tkt_0009338,ft_sal_004970,ft_evt_0052,General,57000,,
ft_tkt_0009339,ft_sal_004970,ft_evt_0052,General,57000,,
ft_tkt_0009340,ft_sal_004971,ft_evt_0052,VIP,135000,,
ft_tkt_0009341,ft_sal_004972,ft_evt_0052,Preferencial,95000,,
ft_tkt_0009342,ft_sal_004973,ft_evt_0052,Preferencial,89000,,
ft_tkt_0009343,ft_sal_004973,ft_evt_0052,Preferencial,89000,,
ft_tkt_0009344,ft_sal_004973,ft_evt_0052,Preferencial,89000,,
ft_tkt_0009345,ft_sal_004973,ft_evt_0052,Preferencial,89000,,
ft_tkt_0009346,ft_sal_004973,ft_evt_0052,Preferencial,89000,,
ft_tkt_0009347,ft_sal_004973,ft_evt_0052,Preferencial,89000,,
ft_tkt_0009348,ft_sal_004974,ft_evt_0052,Preferencial,93000,,
ft_tkt_0009349,ft_sal_004974,ft_evt_0052,Preferencial,93000,,
ft_tkt_0009350,ft_sal_004974,ft_evt_0052,Preferencial,93000,,
ft_tkt_0009351,ft_sal_004974,ft_evt_0052,Preferencial,93000,,
ft_tkt_0009352,ft_sal_004975,ft_evt_0052,Preferencial,99000,,
ft_tkt_0009353,ft_sal_004975,ft_evt_0052,Preferencial,99000,,
ft_tkt_0009354,ft_sal_004976,ft_evt_0052,General,55000,,
ft_tkt_0009355,ft_sal_004977,ft_evt_0052,Preferencial,92000,,
ft_tkt_0009356,ft_sal_004977,ft_evt_0052,Preferencial,92000,,
ft_tkt_0009357,ft_sal_004977,ft_evt_0052,Preferencial,92000,,
ft_tkt_0009358,ft_sal_004977,ft_evt_0052,Preferencial,92000,,
ft_tkt_0009359,ft_sal_004978,ft_evt_0052,General,45000,,
ft_tkt_0009360,ft_sal_004979,ft_evt_0052,Preferencial,93000,,
ft_tkt_0009361,ft_sal_004980,ft_evt_0052,General,43000,,
ft_tkt_0009362,ft_sal_004980,ft_evt_0052,General,43000,,
ft_tkt_0009363,ft_sal_004980,ft_evt_0052,General,43000,,
ft_tkt_0009364,ft_sal_004980,ft_evt_0052,General,43000,,
ft_tkt_0009365,ft_sal_004981,ft_evt_0052,General,62000,,
ft_tkt_0009366,ft_sal_004982,ft_evt_0052,General,44000,,
ft_tkt_0009367,ft_sal_004982,ft_evt_0052,General,44000,,
ft_tkt_0009368,ft_sal_004983,ft_evt_0052,General,47000,,
ft_tkt_0009369,ft_sal_004983,ft_evt_0052,General,47000,,
ft_tkt_0009370,ft_sal_004983,ft_evt_0052,General,47000,,
ft_tkt_0009371,ft_sal_004983,ft_evt_0052,General,47000,,
ft_tkt_0009372,ft_sal_004984,ft_evt_0052,Preferencial,95000,,
ft_tkt_0009373,ft_sal_004985,ft_evt_0052,General,43000,,
ft_tkt_0009374,ft_sal_004985,ft_evt_0052,General,43000,,
ft_tkt_0009375,ft_sal_004986,ft_evt_0052,Preferencial,93000,,
ft_tkt_0009376,ft_sal_004986,ft_evt_0052,Preferencial,93000,,
ft_tkt_0009377,ft_sal_004986,ft_evt_0052,Preferencial,93000,,
ft_tkt_0009378,ft_sal_004986,ft_evt_0052,Preferencial,93000,,
ft_tkt_0009379,ft_sal_004987,ft_evt_0052,VIP,138000,,
ft_tkt_0009380,ft_sal_004987,ft_evt_0052,VIP,138000,,
ft_tkt_0009381,ft_sal_004987,ft_evt_0052,VIP,138000,,
ft_tkt_0009382,ft_sal_004987,ft_evt_0052,VIP,138000,,
ft_tkt_0009383,ft_sal_004988,ft_evt_0052,VIP,142000,,
ft_tkt_0009384,ft_sal_004988,ft_evt_0052,VIP,142000,,
ft_tkt_0009385,ft_sal_004989,ft_evt_0052,Cortesía,0,,
ft_tkt_0009386,ft_sal_004989,ft_evt_0052,Cortesía,0,,
ft_tkt_0009387,ft_sal_004990,ft_evt_0052,General,47000,,
ft_tkt_0009388,ft_sal_004991,ft_evt_0052,General,39000,,
ft_tkt_0009389,ft_sal_004992,ft_evt_0052,General,45000,,
ft_tkt_0009390,ft_sal_004993,ft_evt_0052,General,61000,,
ft_tkt_0009391,ft_sal_004993,ft_evt_0052,General,61000,,
ft_tkt_0009392,ft_sal_004993,ft_evt_0052,General,61000,,
ft_tkt_0009393,ft_sal_004994,ft_evt_0052,Cortesía,0,,
ft_tkt_0009394,ft_sal_004994,ft_evt_0052,Cortesía,0,,
ft_tkt_0009395,ft_sal_004994,ft_evt_0052,Cortesía,0,,
ft_tkt_0009396,ft_sal_004994,ft_evt_0052,Cortesía,0,,
ft_tkt_0009397,ft_sal_004994,ft_evt_0052,Cortesía,0,,
ft_tkt_0009398,ft_sal_004994,ft_evt_0052,Cortesía,0,,
ft_tkt_0009399,ft_sal_004995,ft_evt_0052,Preferencial,87000,,
ft_tkt_0009400,ft_sal_004996,ft_evt_0052,General,41000,,
ft_tkt_0009401,ft_sal_004996,ft_evt_0052,General,41000,,
ft_tkt_0009402,ft_sal_004997,ft_evt_0052,General,47000,,
ft_tkt_0009403,ft_sal_004998,ft_evt_0052,VIP,142000,,
ft_tkt_0009404,ft_sal_004999,ft_evt_0052,General,46000,,
ft_tkt_0009405,ft_sal_004999,ft_evt_0052,General,46000,,
ft_tkt_0009406,ft_sal_005000,ft_evt_0052,VIP,137000,,
ft_tkt_0009407,ft_sal_005001,ft_evt_0052,Preferencial,94000,,
ft_tkt_0009408,ft_sal_005002,ft_evt_0052,VIP,138000,,
ft_tkt_0009409,ft_sal_005003,ft_evt_0052,General,46000,,
ft_tkt_0009410,ft_sal_005004,ft_evt_0052,Preferencial,91000,,
ft_tkt_0009411,ft_sal_005004,ft_evt_0052,Preferencial,91000,,
ft_tkt_0009412,ft_sal_005005,ft_evt_0052,Preferencial,93000,,
ft_tkt_0009413,ft_sal_005006,ft_evt_0052,General,59000,,
ft_tkt_0009414,ft_sal_005006,ft_evt_0052,General,59000,,
ft_tkt_0009415,ft_sal_005007,ft_evt_0052,General,43000,,
ft_tkt_0009416,ft_sal_005008,ft_evt_0052,VIP,142000,,
ft_tkt_0009417,ft_sal_005008,ft_evt_0052,VIP,142000,,
ft_tkt_0009418,ft_sal_005009,ft_evt_0052,General,43000,,
ft_tkt_0009419,ft_sal_005009,ft_evt_0052,General,43000,,
ft_tkt_0009420,ft_sal_005009,ft_evt_0052,General,43000,,
ft_tkt_0009421,ft_sal_005009,ft_evt_0052,General,43000,,
ft_tkt_0009422,ft_sal_005010,ft_evt_0052,Preferencial,93000,,
ft_tkt_0009423,ft_sal_005010,ft_evt_0052,Preferencial,93000,,
ft_tkt_0009424,ft_sal_005011,ft_evt_0052,General,68000,,
ft_tkt_0009425,ft_sal_005012,ft_evt_0052,VIP,147000,,
ft_tkt_0009426,ft_sal_005013,ft_evt_0052,General,45000,,
ft_tkt_0009427,ft_sal_005013,ft_evt_0052,General,45000,,
ft_tkt_0009428,ft_sal_005014,ft_evt_0052,General,41000,,
ft_tkt_0009429,ft_sal_005015,ft_evt_0052,General,59000,,
ft_tkt_0009430,ft_sal_005015,ft_evt_0052,General,59000,,
ft_tkt_0009431,ft_sal_005016,ft_evt_0052,General,47000,,
ft_tkt_0009432,ft_sal_005016,ft_evt_0052,General,47000,,
ft_tkt_0009433,ft_sal_005017,ft_evt_0052,VIP,134000,,
ft_tkt_0009434,ft_sal_005017,ft_evt_0052,VIP,134000,,
ft_tkt_0009435,ft_sal_005018,ft_evt_0052,General,48000,,
ft_tkt_0009436,ft_sal_005019,ft_evt_0052,General,54000,,
ft_tkt_0009437,ft_sal_005020,ft_evt_0052,General,45000,,
ft_tkt_0009438,ft_sal_005020,ft_evt_0052,General,45000,,
ft_tkt_0009439,ft_sal_005021,ft_evt_0052,General,65000,,
ft_tkt_0009440,ft_sal_005022,ft_evt_0052,General,56000,,
ft_tkt_0009441,ft_sal_005023,ft_evt_0052,General,42000,,
ft_tkt_0009442,ft_sal_005023,ft_evt_0052,General,42000,,
ft_tkt_0009443,ft_sal_005024,ft_evt_0052,General,46000,,
ft_tkt_0009444,ft_sal_005024,ft_evt_0052,General,46000,,
ft_tkt_0009445,ft_sal_005024,ft_evt_0052,General,46000,,
ft_tkt_0009446,ft_sal_005025,ft_evt_0052,General,54000,,
ft_tkt_0009447,ft_sal_005025,ft_evt_0052,General,54000,,
ft_tkt_0009448,ft_sal_005026,ft_evt_0052,General,47000,,
ft_tkt_0009449,ft_sal_005026,ft_evt_0052,General,47000,,
ft_tkt_0009450,ft_sal_005027,ft_evt_0052,VIP,141000,,
ft_tkt_0009451,ft_sal_005027,ft_evt_0052,VIP,141000,,
ft_tkt_0009452,ft_sal_005028,ft_evt_0052,General,55000,,
ft_tkt_0009453,ft_sal_005028,ft_evt_0052,General,55000,,
ft_tkt_0009454,ft_sal_005029,ft_evt_0052,General,57000,,
ft_tkt_0009455,ft_sal_005029,ft_evt_0052,General,57000,,
ft_tkt_0009456,ft_sal_005029,ft_evt_0052,General,57000,,
ft_tkt_0009457,ft_sal_005030,ft_evt_0052,Cortesía,0,,
ft_tkt_0009458,ft_sal_005030,ft_evt_0052,Cortesía,0,,
ft_tkt_0009459,ft_sal_005031,ft_evt_0052,General,46000,,
ft_tkt_0009460,ft_sal_005032,ft_evt_0052,General,46000,,
ft_tkt_0009461,ft_sal_005033,ft_evt_0052,General,46000,,
ft_tkt_0009462,ft_sal_005033,ft_evt_0052,General,46000,,
ft_tkt_0009463,ft_sal_005033,ft_evt_0052,General,46000,,
ft_tkt_0009464,ft_sal_005034,ft_evt_0052,General,47000,,
ft_tkt_0009465,ft_sal_005035,ft_evt_0052,General,60000,,
ft_tkt_0009466,ft_sal_005036,ft_evt_0052,General,43000,,
ft_tkt_0009467,ft_sal_005037,ft_evt_0052,General,64000,,
ft_tkt_0009468,ft_sal_005037,ft_evt_0052,General,64000,,
ft_tkt_0009469,ft_sal_005038,ft_evt_0052,Preferencial,102000,,
ft_tkt_0009470,ft_sal_005038,ft_evt_0052,Preferencial,102000,,
ft_tkt_0009471,ft_sal_005039,ft_evt_0052,General,59000,,
ft_tkt_0009472,ft_sal_005039,ft_evt_0052,General,59000,,
ft_tkt_0009473,ft_sal_005040,ft_evt_0052,General,49000,,
ft_tkt_0009474,ft_sal_005040,ft_evt_0052,General,49000,,
ft_tkt_0009475,ft_sal_005040,ft_evt_0052,General,49000,,
ft_tkt_0009476,ft_sal_005040,ft_evt_0052,General,49000,,
ft_tkt_0009477,ft_sal_005041,ft_evt_0052,General,56000,,
ft_tkt_0009478,ft_sal_005042,ft_evt_0052,Preferencial,90000,,
ft_tkt_0009479,ft_sal_005042,ft_evt_0052,Preferencial,90000,,
ft_tkt_0009480,ft_sal_005043,ft_evt_0052,Cortesía,0,,
ft_tkt_0009481,ft_sal_005044,ft_evt_0052,General,45000,,
ft_tkt_0009482,ft_sal_005045,ft_evt_0052,VIP,132000,,
ft_tkt_0009483,ft_sal_005045,ft_evt_0052,VIP,132000,,
ft_tkt_0009484,ft_sal_005045,ft_evt_0052,VIP,132000,,
ft_tkt_0009485,ft_sal_005046,ft_evt_0052,Preferencial,88000,,
ft_tkt_0009486,ft_sal_005046,ft_evt_0052,Preferencial,88000,,
ft_tkt_0009487,ft_sal_005046,ft_evt_0052,Preferencial,88000,,
ft_tkt_0009488,ft_sal_005046,ft_evt_0052,Preferencial,88000,,
ft_tkt_0009489,ft_sal_005047,ft_evt_0052,General,43000,,
ft_tkt_0009490,ft_sal_005047,ft_evt_0052,General,43000,,
ft_tkt_0009491,ft_sal_005048,ft_evt_0052,General,43000,,
ft_tkt_0009492,ft_sal_005048,ft_evt_0052,General,43000,,
ft_tkt_0009493,ft_sal_005048,ft_evt_0052,General,43000,,
ft_tkt_0009494,ft_sal_005049,ft_evt_0052,General,61000,,
ft_tkt_0009495,ft_sal_005049,ft_evt_0052,General,61000,,
ft_tkt_0009496,ft_sal_005050,ft_evt_0052,General,48000,,
ft_tkt_0009497,ft_sal_005050,ft_evt_0052,General,48000,,
ft_tkt_0009498,ft_sal_005051,ft_evt_0052,General,48000,,
ft_tkt_0009499,ft_sal_005052,ft_evt_0052,General,58000,,
ft_tkt_0009500,ft_sal_005052,ft_evt_0052,General,58000,,
ft_tkt_0009501,ft_sal_005053,ft_evt_0052,Preferencial,93000,,
ft_tkt_0009502,ft_sal_005054,ft_evt_0052,VIP,133000,,
ft_tkt_0009503,ft_sal_005055,ft_evt_0052,Preferencial,94000,,
ft_tkt_0009504,ft_sal_005056,ft_evt_0052,General,43000,,
ft_tkt_0009505,ft_sal_005057,ft_evt_0052,Preferencial,104000,,
ft_tkt_0009506,ft_sal_005058,ft_evt_0052,General,63000,,
ft_tkt_0009507,ft_sal_005058,ft_evt_0052,General,63000,,
ft_tkt_0009508,ft_sal_005059,ft_evt_0052,General,52000,,
ft_tkt_0009509,ft_sal_005060,ft_evt_0052,General,46000,,
ft_tkt_0009510,ft_sal_005061,ft_evt_0052,General,50000,,
ft_tkt_0009511,ft_sal_005061,ft_evt_0052,General,50000,,
ft_tkt_0009512,ft_sal_005061,ft_evt_0052,General,50000,,
ft_tkt_0009513,ft_sal_005061,ft_evt_0052,General,50000,,
ft_tkt_0009514,ft_sal_005061,ft_evt_0052,General,50000,,
ft_tkt_0009515,ft_sal_005061,ft_evt_0052,General,50000,,
ft_tkt_0009516,ft_sal_005062,ft_evt_0052,General,47000,,
ft_tkt_0009517,ft_sal_005062,ft_evt_0052,General,47000,,
ft_tkt_0009518,ft_sal_005062,ft_evt_0052,General,47000,,
ft_tkt_0009519,ft_sal_005062,ft_evt_0052,General,47000,,
ft_tkt_0009520,ft_sal_005062,ft_evt_0052,General,47000,,
ft_tkt_0009521,ft_sal_005062,ft_evt_0052,General,47000,,
ft_tkt_0009522,ft_sal_005063,ft_evt_0052,General,42000,,
ft_tkt_0009523,ft_sal_005064,ft_evt_0052,Cortesía,0,,
ft_tkt_0009524,ft_sal_005065,ft_evt_0052,General,61000,,
ft_tkt_0009525,ft_sal_005065,ft_evt_0052,General,61000,,
ft_tkt_0009526,ft_sal_005066,ft_evt_0052,General,43000,,
ft_tkt_0009527,ft_sal_005066,ft_evt_0052,General,43000,,
ft_tkt_0009528,ft_sal_005067,ft_evt_0052,General,47000,,
ft_tkt_0009529,ft_sal_005067,ft_evt_0052,General,47000,,
ft_tkt_0009530,ft_sal_005068,ft_evt_0052,General,48000,,
ft_tkt_0009531,ft_sal_005069,ft_evt_0052,General,61000,,
ft_tkt_0009532,ft_sal_005070,ft_evt_0052,General,46000,,
ft_tkt_0009533,ft_sal_005071,ft_evt_0052,VIP,137000,,
ft_tkt_0009534,ft_sal_005071,ft_evt_0052,VIP,137000,,
ft_tkt_0009535,ft_sal_005071,ft_evt_0052,VIP,137000,,
ft_tkt_0009536,ft_sal_005072,ft_evt_0052,General,61000,,
ft_tkt_0009537,ft_sal_005072,ft_evt_0052,General,61000,,
ft_tkt_0009538,ft_sal_005072,ft_evt_0052,General,61000,,
ft_tkt_0009539,ft_sal_005072,ft_evt_0052,General,61000,,
ft_tkt_0009540,ft_sal_005073,ft_evt_0052,Cortesía,0,,
ft_tkt_0009541,ft_sal_005073,ft_evt_0052,Cortesía,0,,
ft_tkt_0009542,ft_sal_005074,ft_evt_0052,Cortesía,0,,
ft_tkt_0009543,ft_sal_005074,ft_evt_0052,Cortesía,0,,
ft_tkt_0009544,ft_sal_005075,ft_evt_0052,General,60000,,
ft_tkt_0009545,ft_sal_005076,ft_evt_0052,General,59000,,
ft_tkt_0009546,ft_sal_005076,ft_evt_0052,General,59000,,
ft_tkt_0009547,ft_sal_005076,ft_evt_0052,General,59000,,
ft_tkt_0009548,ft_sal_005076,ft_evt_0052,General,59000,,
ft_tkt_0009549,ft_sal_005077,ft_evt_0052,General,56000,,
ft_tkt_0009550,ft_sal_005078,ft_evt_0052,General,47000,,
ft_tkt_0009551,ft_sal_005079,ft_evt_0052,Preferencial,102000,,
ft_tkt_0009552,ft_sal_005079,ft_evt_0052,Preferencial,102000,,
ft_tkt_0009553,ft_sal_005079,ft_evt_0052,Preferencial,102000,,
ft_tkt_0009554,ft_sal_005080,ft_evt_0052,Preferencial,91000,,
ft_tkt_0009555,ft_sal_005080,ft_evt_0052,Preferencial,91000,,
ft_tkt_0009556,ft_sal_005080,ft_evt_0052,Preferencial,91000,,
ft_tkt_0009557,ft_sal_005081,ft_evt_0052,General,57000,,
ft_tkt_0009558,ft_sal_005082,ft_evt_0052,Preferencial,90000,,
ft_tkt_0009559,ft_sal_005083,ft_evt_0052,Preferencial,94000,,
ft_tkt_0009560,ft_sal_005083,ft_evt_0052,Preferencial,94000,,
ft_tkt_0009561,ft_sal_005084,ft_evt_0052,General,61000,,
ft_tkt_0009562,ft_sal_005085,ft_evt_0052,General,46000,,
ft_tkt_0009563,ft_sal_005085,ft_evt_0052,General,46000,,
ft_tkt_0009564,ft_sal_005086,ft_evt_0052,VIP,136000,,
ft_tkt_0009565,ft_sal_005087,ft_evt_0052,General,59000,,
ft_tkt_0009566,ft_sal_005088,ft_evt_0052,VIP,140000,,
ft_tkt_0009567,ft_sal_005089,ft_evt_0052,General,64000,,
ft_tkt_0009568,ft_sal_005090,ft_evt_0052,Cortesía,0,,
ft_tkt_0009569,ft_sal_005091,ft_evt_0052,Preferencial,95000,,
ft_tkt_0009570,ft_sal_005092,ft_evt_0052,General,47000,,
ft_tkt_0009571,ft_sal_005092,ft_evt_0052,General,47000,,
ft_tkt_0009572,ft_sal_005093,ft_evt_0052,General,61000,,
ft_tkt_0009573,ft_sal_005094,ft_evt_0052,General,48000,,
ft_tkt_0009574,ft_sal_005095,ft_evt_0052,General,57000,,
ft_tkt_0009575,ft_sal_005096,ft_evt_0052,VIP,146000,,
ft_tkt_0009576,ft_sal_005097,ft_evt_0052,Preferencial,93000,,
ft_tkt_0009577,ft_sal_005097,ft_evt_0052,Preferencial,93000,,
ft_tkt_0009578,ft_sal_005098,ft_evt_0052,General,45000,,
ft_tkt_0009579,ft_sal_005098,ft_evt_0052,General,45000,,
ft_tkt_0009580,ft_sal_005099,ft_evt_0052,Cortesía,0,,
ft_tkt_0009581,ft_sal_005100,ft_evt_0052,General,55000,,
ft_tkt_0009582,ft_sal_005100,ft_evt_0052,General,55000,,
ft_tkt_0009583,ft_sal_005100,ft_evt_0052,General,55000,,
ft_tkt_0009584,ft_sal_005101,ft_evt_0052,General,51000,,
ft_tkt_0009585,ft_sal_005102,ft_evt_0052,Preferencial,99000,,
ft_tkt_0009586,ft_sal_005103,ft_evt_0052,VIP,147000,,
ft_tkt_0009587,ft_sal_005104,ft_evt_0052,General,46000,,
ft_tkt_0009588,ft_sal_005104,ft_evt_0052,General,46000,,
ft_tkt_0009589,ft_sal_005105,ft_evt_0052,General,45000,,
ft_tkt_0009590,ft_sal_005105,ft_evt_0052,General,45000,,
ft_tkt_0009591,ft_sal_005106,ft_evt_0052,General,57000,,
ft_tkt_0009592,ft_sal_005106,ft_evt_0052,General,57000,,
ft_tkt_0009593,ft_sal_005107,ft_evt_0052,General,46000,,
ft_tkt_0009594,ft_sal_005107,ft_evt_0052,General,46000,,
ft_tkt_0009595,ft_sal_005108,ft_evt_0052,General,58000,,
ft_tkt_0009596,ft_sal_005108,ft_evt_0052,General,58000,,
ft_tkt_0009597,ft_sal_005109,ft_evt_0052,General,53000,,
ft_tkt_0009598,ft_sal_005109,ft_evt_0052,General,53000,,
ft_tkt_0009599,ft_sal_005110,ft_evt_0052,Preferencial,90000,,
ft_tkt_0009600,ft_sal_005111,ft_evt_0052,VIP,153000,,
ft_tkt_0009601,ft_sal_005111,ft_evt_0052,VIP,153000,,
ft_tkt_0009602,ft_sal_005111,ft_evt_0052,VIP,153000,,
ft_tkt_0009603,ft_sal_005111,ft_evt_0052,VIP,153000,,
ft_tkt_0009604,ft_sal_005112,ft_evt_0052,General,60000,,
ft_tkt_0009605,ft_sal_005113,ft_evt_0052,VIP,135000,,
ft_tkt_0009606,ft_sal_005113,ft_evt_0052,VIP,135000,,
ft_tkt_0009607,ft_sal_005114,ft_evt_0052,VIP,140000,,
ft_tkt_0009608,ft_sal_005114,ft_evt_0052,VIP,140000,,
ft_tkt_0009609,ft_sal_005115,ft_evt_0052,Preferencial,99000,,
ft_tkt_0009610,ft_sal_005115,ft_evt_0052,Preferencial,99000,,
ft_tkt_0009611,ft_sal_005116,ft_evt_0052,Preferencial,100000,,
ft_tkt_0009612,ft_sal_005117,ft_evt_0052,General,43000,,
ft_tkt_0009613,ft_sal_005117,ft_evt_0052,General,43000,,
ft_tkt_0009614,ft_sal_005117,ft_evt_0052,General,43000,,
ft_tkt_0009615,ft_sal_005118,ft_evt_0052,Preferencial,90000,,
ft_tkt_0009616,ft_sal_005119,ft_evt_0052,General,45000,,
ft_tkt_0009617,ft_sal_005120,ft_evt_0052,General,53000,,
ft_tkt_0009618,ft_sal_005121,ft_evt_0052,General,47000,,
ft_tkt_0009619,ft_sal_005122,ft_evt_0052,General,60000,,
ft_tkt_0009620,ft_sal_005122,ft_evt_0052,General,60000,,
ft_tkt_0009621,ft_sal_005123,ft_evt_0052,General,60000,,
ft_tkt_0009622,ft_sal_005124,ft_evt_0052,Preferencial,100000,,
ft_tkt_0009623,ft_sal_005125,ft_evt_0052,General,45000,,
ft_tkt_0009624,ft_sal_005126,ft_evt_0052,General,46000,,
ft_tkt_0009625,ft_sal_005127,ft_evt_0052,Preferencial,92000,,
ft_tkt_0009626,ft_sal_005127,ft_evt_0052,Preferencial,92000,,
ft_tkt_0009627,ft_sal_005128,ft_evt_0052,General,61000,,
ft_tkt_0009628,ft_sal_005129,ft_evt_0052,General,60000,,
ft_tkt_0009629,ft_sal_005129,ft_evt_0052,General,60000,,
ft_tkt_0009630,ft_sal_005130,ft_evt_0052,General,63000,,
ft_tkt_0009631,ft_sal_005130,ft_evt_0052,General,63000,,
ft_tkt_0009632,ft_sal_005130,ft_evt_0052,General,63000,,
ft_tkt_0009633,ft_sal_005131,ft_evt_0052,General,44000,,
ft_tkt_0009634,ft_sal_005131,ft_evt_0052,General,44000,,
ft_tkt_0009635,ft_sal_005132,ft_evt_0052,General,43000,,
ft_tkt_0009636,ft_sal_005133,ft_evt_0052,General,44000,,
ft_tkt_0009637,ft_sal_005133,ft_evt_0052,General,44000,,
ft_tkt_0009638,ft_sal_005133,ft_evt_0052,General,44000,,
ft_tkt_0009639,ft_sal_005134,ft_evt_0052,Preferencial,101000,,
ft_tkt_0009640,ft_sal_005135,ft_evt_0052,General,44000,,
ft_tkt_0009641,ft_sal_005135,ft_evt_0052,General,44000,,
ft_tkt_0009642,ft_sal_005135,ft_evt_0052,General,44000,,
ft_tkt_0009643,ft_sal_005136,ft_evt_0052,VIP,127000,,
ft_tkt_0009644,ft_sal_005136,ft_evt_0052,VIP,127000,,
ft_tkt_0009645,ft_sal_005137,ft_evt_0052,General,57000,,
ft_tkt_0009646,ft_sal_005138,ft_evt_0052,VIP,145000,,
ft_tkt_0009647,ft_sal_005139,ft_evt_0052,Preferencial,96000,,
ft_tkt_0009648,ft_sal_005140,ft_evt_0052,VIP,148000,,
ft_tkt_0009649,ft_sal_005141,ft_evt_0052,Preferencial,97000,,
ft_tkt_0009650,ft_sal_005141,ft_evt_0052,Preferencial,97000,,
ft_tkt_0009651,ft_sal_005142,ft_evt_0052,Preferencial,94000,,
ft_tkt_0009652,ft_sal_005142,ft_evt_0052,Preferencial,94000,,
ft_tkt_0009653,ft_sal_005143,ft_evt_0052,Preferencial,95000,,
ft_tkt_0009654,ft_sal_005144,ft_evt_0052,VIP,147000,,
ft_tkt_0009655,ft_sal_005144,ft_evt_0052,VIP,147000,,
ft_tkt_0009656,ft_sal_005145,ft_evt_0052,General,61000,,
ft_tkt_0009657,ft_sal_005145,ft_evt_0052,General,61000,,
ft_tkt_0009658,ft_sal_005145,ft_evt_0052,General,61000,,
ft_tkt_0009659,ft_sal_005146,ft_evt_0052,Preferencial,97000,,
ft_tkt_0009660,ft_sal_005147,ft_evt_0052,General,40000,,
ft_tkt_0009661,ft_sal_005147,ft_evt_0052,General,40000,,
ft_tkt_0009662,ft_sal_005148,ft_evt_0052,General,58000,,
ft_tkt_0009663,ft_sal_005149,ft_evt_0052,Cortesía,0,,
ft_tkt_0009664,ft_sal_005149,ft_evt_0052,Cortesía,0,,
ft_tkt_0009665,ft_sal_005149,ft_evt_0052,Cortesía,0,,
ft_tkt_0009666,ft_sal_005150,ft_evt_0052,Preferencial,103000,,
ft_tkt_0009667,ft_sal_005151,ft_evt_0052,Cortesía,0,,
ft_tkt_0009668,ft_sal_005151,ft_evt_0052,Cortesía,0,,
ft_tkt_0009669,ft_sal_005151,ft_evt_0052,Cortesía,0,,
ft_tkt_0009670,ft_sal_005152,ft_evt_0052,General,65000,,
ft_tkt_0009671,ft_sal_005153,ft_evt_0052,General,62000,,
ft_tkt_0009672,ft_sal_005153,ft_evt_0052,General,62000,,
ft_tkt_0009673,ft_sal_005154,ft_evt_0052,General,47000,,
ft_tkt_0009674,ft_sal_005155,ft_evt_0052,General,45000,,
ft_tkt_0009675,ft_sal_005155,ft_evt_0052,General,45000,,
ft_tkt_0009676,ft_sal_005155,ft_evt_0052,General,45000,,
ft_tkt_0009677,ft_sal_005155,ft_evt_0052,General,45000,,
ft_tkt_0009678,ft_sal_005156,ft_evt_0052,General,50000,,
ft_tkt_0009679,ft_sal_005156,ft_evt_0052,General,50000,,
ft_tkt_0009680,ft_sal_005157,ft_evt_0052,Preferencial,101000,,
ft_tkt_0009681,ft_sal_005158,ft_evt_0052,VIP,144000,,
ft_tkt_0009682,ft_sal_005159,ft_evt_0052,General,49000,,
ft_tkt_0009683,ft_sal_005160,ft_evt_0052,General,55000,,
ft_tkt_0009684,ft_sal_005160,ft_evt_0052,General,55000,,
ft_tkt_0009685,ft_sal_005161,ft_evt_0052,VIP,130000,,
ft_tkt_0009686,ft_sal_005162,ft_evt_0052,Preferencial,92000,,
ft_tkt_0009687,ft_sal_005163,ft_evt_0052,General,64000,,
ft_tkt_0009688,ft_sal_005163,ft_evt_0052,General,64000,,
ft_tkt_0009689,ft_sal_005164,ft_evt_0052,General,56000,,
ft_tkt_0009690,ft_sal_005164,ft_evt_0052,General,56000,,
ft_tkt_0009691,ft_sal_005165,ft_evt_0052,General,46000,,
ft_tkt_0009692,ft_sal_005165,ft_evt_0052,General,46000,,
ft_tkt_0009693,ft_sal_005165,ft_evt_0052,General,46000,,
ft_tkt_0009694,ft_sal_005166,ft_evt_0052,General,55000,,
ft_tkt_0009695,ft_sal_005166,ft_evt_0052,General,55000,,
ft_tkt_0009696,ft_sal_005167,ft_evt_0052,General,63000,,
ft_tkt_0009697,ft_sal_005168,ft_evt_0052,General,48000,,
ft_tkt_0009698,ft_sal_005168,ft_evt_0052,General,48000,,
ft_tkt_0009699,ft_sal_005169,ft_evt_0052,Preferencial,92000,,
ft_tkt_0009700,ft_sal_005170,ft_evt_0052,General,56000,,
ft_tkt_0009701,ft_sal_005170,ft_evt_0052,General,56000,,
ft_tkt_0009702,ft_sal_005171,ft_evt_0052,General,49000,,
ft_tkt_0009703,ft_sal_005172,ft_evt_0052,General,45000,,
ft_tkt_0009704,ft_sal_005172,ft_evt_0052,General,45000,,
ft_tkt_0009705,ft_sal_005172,ft_evt_0052,General,45000,,
ft_tkt_0009706,ft_sal_005173,ft_evt_0052,General,65000,,
ft_tkt_0009707,ft_sal_005173,ft_evt_0052,General,65000,,
ft_tkt_0009708,ft_sal_005173,ft_evt_0052,General,65000,,
ft_tkt_0009709,ft_sal_005173,ft_evt_0052,General,65000,,
ft_tkt_0009710,ft_sal_005174,ft_evt_0052,General,48000,,
ft_tkt_0009711,ft_sal_005174,ft_evt_0052,General,48000,,
ft_tkt_0009712,ft_sal_005174,ft_evt_0052,General,48000,,
ft_tkt_0009713,ft_sal_005174,ft_evt_0052,General,48000,,
ft_tkt_0009714,ft_sal_005175,ft_evt_0052,General,62000,,
ft_tkt_0009715,ft_sal_005175,ft_evt_0052,General,62000,,
ft_tkt_0009716,ft_sal_005175,ft_evt_0052,General,62000,,
ft_tkt_0009717,ft_sal_005175,ft_evt_0052,General,62000,,
ft_tkt_0009718,ft_sal_005175,ft_evt_0052,General,62000,,
ft_tkt_0009719,ft_sal_005175,ft_evt_0052,General,62000,,
ft_tkt_0009720,ft_sal_005176,ft_evt_0052,General,58000,,
ft_tkt_0009721,ft_sal_005176,ft_evt_0052,General,58000,,
ft_tkt_0009722,ft_sal_005177,ft_evt_0052,General,60000,,
ft_tkt_0009723,ft_sal_005177,ft_evt_0052,General,60000,,
ft_tkt_0009724,ft_sal_005178,ft_evt_0052,General,46000,,
ft_tkt_0009725,ft_sal_005179,ft_evt_0052,General,45000,,
ft_tkt_0009726,ft_sal_005179,ft_evt_0052,General,45000,,
ft_tkt_0009727,ft_sal_005179,ft_evt_0052,General,45000,,
ft_tkt_0009728,ft_sal_005179,ft_evt_0052,General,45000,,
ft_tkt_0009729,ft_sal_005180,ft_evt_0052,Preferencial,89000,,
ft_tkt_0009730,ft_sal_005181,ft_evt_0052,General,44000,,
ft_tkt_0009731,ft_sal_005182,ft_evt_0052,Cortesía,0,,
ft_tkt_0009732,ft_sal_005183,ft_evt_0052,General,61000,,
ft_tkt_0009733,ft_sal_005183,ft_evt_0052,General,61000,,
ft_tkt_0009734,ft_sal_005184,ft_evt_0052,Preferencial,102000,,
ft_tkt_0009735,ft_sal_005185,ft_evt_0052,General,60000,,
ft_tkt_0009736,ft_sal_005186,ft_evt_0052,General,49000,,
ft_tkt_0009737,ft_sal_005186,ft_evt_0052,General,49000,,
ft_tkt_0009738,ft_sal_005186,ft_evt_0052,General,49000,,
ft_tkt_0009739,ft_sal_005187,ft_evt_0052,VIP,140000,,
ft_tkt_0009740,ft_sal_005188,ft_evt_0052,Preferencial,95000,,
ft_tkt_0009741,ft_sal_005189,ft_evt_0052,General,61000,,
ft_tkt_0009742,ft_sal_005189,ft_evt_0052,General,61000,,
ft_tkt_0009743,ft_sal_005189,ft_evt_0052,General,61000,,
ft_tkt_0009744,ft_sal_005190,ft_evt_0060,General,67000,,
ft_tkt_0009745,ft_sal_005191,ft_evt_0060,General,58000,,
ft_tkt_0009746,ft_sal_005191,ft_evt_0060,General,58000,,
ft_tkt_0009747,ft_sal_005192,ft_evt_0060,Cortesía,0,,
ft_tkt_0009748,ft_sal_005193,ft_evt_0060,General,44000,,
ft_tkt_0009749,ft_sal_005194,ft_evt_0060,General,56000,,
ft_tkt_0009750,ft_sal_005195,ft_evt_0060,General,41000,,
ft_tkt_0009751,ft_sal_005196,ft_evt_0060,VIP,156000,,
ft_tkt_0009752,ft_sal_005197,ft_evt_0060,General,43000,,
ft_tkt_0009753,ft_sal_005198,ft_evt_0060,General,62000,,
ft_tkt_0009754,ft_sal_005198,ft_evt_0060,General,62000,,
ft_tkt_0009755,ft_sal_005199,ft_evt_0060,General,42000,,
ft_tkt_0009756,ft_sal_005200,ft_evt_0060,General,45000,,
ft_tkt_0009757,ft_sal_005200,ft_evt_0060,General,45000,,
ft_tkt_0009758,ft_sal_005201,ft_evt_0060,Preferencial,101000,,
ft_tkt_0009759,ft_sal_005201,ft_evt_0060,Preferencial,101000,,
ft_tkt_0009760,ft_sal_005202,ft_evt_0060,General,62000,,
ft_tkt_0009761,ft_sal_005202,ft_evt_0060,General,62000,,
ft_tkt_0009762,ft_sal_005203,ft_evt_0060,General,63000,,
ft_tkt_0009763,ft_sal_005203,ft_evt_0060,General,63000,,
ft_tkt_0009764,ft_sal_005204,ft_evt_0060,VIP,130000,,
ft_tkt_0009765,ft_sal_005205,ft_evt_0060,General,60000,,
ft_tkt_0009766,ft_sal_005205,ft_evt_0060,General,60000,,
ft_tkt_0009767,ft_sal_005206,ft_evt_0060,General,46000,,
ft_tkt_0009768,ft_sal_005207,ft_evt_0060,VIP,134000,,
ft_tkt_0009769,ft_sal_005207,ft_evt_0060,VIP,134000,,
ft_tkt_0009770,ft_sal_005208,ft_evt_0060,Preferencial,93000,,
ft_tkt_0009771,ft_sal_005208,ft_evt_0060,Preferencial,93000,,
ft_tkt_0009772,ft_sal_005208,ft_evt_0060,Preferencial,93000,,
ft_tkt_0009773,ft_sal_005208,ft_evt_0060,Preferencial,93000,,
ft_tkt_0009774,ft_sal_005208,ft_evt_0060,Preferencial,93000,,
ft_tkt_0009775,ft_sal_005208,ft_evt_0060,Preferencial,93000,,
ft_tkt_0009776,ft_sal_005209,ft_evt_0060,VIP,134000,,
ft_tkt_0009777,ft_sal_005209,ft_evt_0060,VIP,134000,,
ft_tkt_0009778,ft_sal_005209,ft_evt_0060,VIP,134000,,
ft_tkt_0009779,ft_sal_005210,ft_evt_0060,General,47000,,
ft_tkt_0009780,ft_sal_005210,ft_evt_0060,General,47000,,
ft_tkt_0009781,ft_sal_005210,ft_evt_0060,General,47000,,
ft_tkt_0009782,ft_sal_005210,ft_evt_0060,General,47000,,
ft_tkt_0009783,ft_sal_005211,ft_evt_0060,VIP,157000,,
ft_tkt_0009784,ft_sal_005211,ft_evt_0060,VIP,157000,,
ft_tkt_0009785,ft_sal_005211,ft_evt_0060,VIP,157000,,
ft_tkt_0009786,ft_sal_005211,ft_evt_0060,VIP,157000,,
ft_tkt_0009787,ft_sal_005212,ft_evt_0060,General,57000,,
ft_tkt_0009788,ft_sal_005212,ft_evt_0060,General,57000,,
ft_tkt_0009789,ft_sal_005213,ft_evt_0060,General,60000,,
ft_tkt_0009790,ft_sal_005213,ft_evt_0060,General,60000,,
ft_tkt_0009791,ft_sal_005214,ft_evt_0060,General,59000,,
ft_tkt_0009792,ft_sal_005215,ft_evt_0060,General,45000,,
ft_tkt_0009793,ft_sal_005216,ft_evt_0060,VIP,143000,,
ft_tkt_0009794,ft_sal_005217,ft_evt_0060,Preferencial,96000,,
ft_tkt_0009795,ft_sal_005217,ft_evt_0060,Preferencial,96000,,
ft_tkt_0009796,ft_sal_005218,ft_evt_0060,General,47000,,
ft_tkt_0009797,ft_sal_005219,ft_evt_0060,Cortesía,0,,
ft_tkt_0009798,ft_sal_005219,ft_evt_0060,Cortesía,0,,
ft_tkt_0009799,ft_sal_005219,ft_evt_0060,Cortesía,0,,
ft_tkt_0009800,ft_sal_005220,ft_evt_0060,General,47000,,
ft_tkt_0009801,ft_sal_005220,ft_evt_0060,General,47000,,
ft_tkt_0009802,ft_sal_005220,ft_evt_0060,General,47000,,
ft_tkt_0009803,ft_sal_005220,ft_evt_0060,General,47000,,
ft_tkt_0009804,ft_sal_005221,ft_evt_0060,General,46000,,
ft_tkt_0009805,ft_sal_005222,ft_evt_0060,General,47000,,
ft_tkt_0009806,ft_sal_005222,ft_evt_0060,General,47000,,
ft_tkt_0009807,ft_sal_005223,ft_evt_0060,General,41000,,
ft_tkt_0009808,ft_sal_005223,ft_evt_0060,General,41000,,
ft_tkt_0009809,ft_sal_005223,ft_evt_0060,General,41000,,
ft_tkt_0009810,ft_sal_005223,ft_evt_0060,General,41000,,
ft_tkt_0009811,ft_sal_005224,ft_evt_0060,Preferencial,96000,,
ft_tkt_0009812,ft_sal_005224,ft_evt_0060,Preferencial,96000,,
ft_tkt_0009813,ft_sal_005225,ft_evt_0060,Cortesía,0,,
ft_tkt_0009814,ft_sal_005226,ft_evt_0060,General,42000,,
ft_tkt_0009815,ft_sal_005226,ft_evt_0060,General,42000,,
ft_tkt_0009816,ft_sal_005226,ft_evt_0060,General,42000,,
ft_tkt_0009817,ft_sal_005226,ft_evt_0060,General,42000,,
ft_tkt_0009818,ft_sal_005227,ft_evt_0060,General,44000,,
ft_tkt_0009819,ft_sal_005227,ft_evt_0060,General,44000,,
ft_tkt_0009820,ft_sal_005227,ft_evt_0060,General,44000,,
ft_tkt_0009821,ft_sal_005228,ft_evt_0060,General,43000,,
ft_tkt_0009822,ft_sal_005228,ft_evt_0060,General,43000,,
ft_tkt_0009823,ft_sal_005229,ft_evt_0060,General,62000,,
ft_tkt_0009824,ft_sal_005229,ft_evt_0060,General,62000,,
ft_tkt_0009825,ft_sal_005230,ft_evt_0060,Preferencial,91000,,
ft_tkt_0009826,ft_sal_005231,ft_evt_0060,General,49000,,
ft_tkt_0009827,ft_sal_005231,ft_evt_0060,General,49000,,
ft_tkt_0009828,ft_sal_005232,ft_evt_0060,VIP,129000,,
ft_tkt_0009829,ft_sal_005232,ft_evt_0060,VIP,129000,,
ft_tkt_0009830,ft_sal_005232,ft_evt_0060,VIP,129000,,
ft_tkt_0009831,ft_sal_005233,ft_evt_0060,General,44000,,
ft_tkt_0009832,ft_sal_005234,ft_evt_0060,General,47000,,
ft_tkt_0009833,ft_sal_005234,ft_evt_0060,General,47000,,
ft_tkt_0009834,ft_sal_005234,ft_evt_0060,General,47000,,
ft_tkt_0009835,ft_sal_005235,ft_evt_0060,General,58000,,
ft_tkt_0009836,ft_sal_005236,ft_evt_0060,General,45000,,
ft_tkt_0009837,ft_sal_005237,ft_evt_0060,VIP,138000,,
ft_tkt_0009838,ft_sal_005238,ft_evt_0060,General,43000,,
ft_tkt_0009839,ft_sal_005239,ft_evt_0060,Preferencial,100000,,
ft_tkt_0009840,ft_sal_005240,ft_evt_0060,VIP,132000,,
ft_tkt_0009841,ft_sal_005240,ft_evt_0060,VIP,132000,,
ft_tkt_0009842,ft_sal_005241,ft_evt_0060,VIP,131000,,
ft_tkt_0009843,ft_sal_005242,ft_evt_0060,General,60000,,
ft_tkt_0009844,ft_sal_005243,ft_evt_0060,Preferencial,89000,,
ft_tkt_0009845,ft_sal_005243,ft_evt_0060,Preferencial,89000,,
ft_tkt_0009846,ft_sal_005243,ft_evt_0060,Preferencial,89000,,
ft_tkt_0009847,ft_sal_005243,ft_evt_0060,Preferencial,89000,,
ft_tkt_0009848,ft_sal_005243,ft_evt_0060,Preferencial,89000,,
ft_tkt_0009849,ft_sal_005243,ft_evt_0060,Preferencial,89000,,
ft_tkt_0009850,ft_sal_005244,ft_evt_0060,Preferencial,96000,,
ft_tkt_0009851,ft_sal_005244,ft_evt_0060,Preferencial,96000,,
ft_tkt_0009852,ft_sal_005245,ft_evt_0060,General,65000,,
ft_tkt_0009853,ft_sal_005246,ft_evt_0060,General,59000,,
ft_tkt_0009854,ft_sal_005246,ft_evt_0060,General,59000,,
ft_tkt_0009855,ft_sal_005247,ft_evt_0060,General,49000,,
ft_tkt_0009856,ft_sal_005248,ft_evt_0060,VIP,144000,,
ft_tkt_0009857,ft_sal_005249,ft_evt_0060,Preferencial,92000,,
ft_tkt_0009858,ft_sal_005249,ft_evt_0060,Preferencial,92000,,
ft_tkt_0009859,ft_sal_005250,ft_evt_0060,Cortesía,0,,
ft_tkt_0009860,ft_sal_005250,ft_evt_0060,Cortesía,0,,
ft_tkt_0009861,ft_sal_005250,ft_evt_0060,Cortesía,0,,
ft_tkt_0009862,ft_sal_005250,ft_evt_0060,Cortesía,0,,
ft_tkt_0009863,ft_sal_005251,ft_evt_0060,Preferencial,89000,,
ft_tkt_0009864,ft_sal_005251,ft_evt_0060,Preferencial,89000,,
ft_tkt_0009865,ft_sal_005252,ft_evt_0060,General,44000,,
ft_tkt_0009866,ft_sal_005253,ft_evt_0060,General,43000,,
ft_tkt_0009867,ft_sal_005253,ft_evt_0060,General,43000,,
ft_tkt_0009868,ft_sal_005253,ft_evt_0060,General,43000,,
ft_tkt_0009869,ft_sal_005253,ft_evt_0060,General,43000,,
ft_tkt_0009870,ft_sal_005253,ft_evt_0060,General,43000,,
ft_tkt_0009871,ft_sal_005253,ft_evt_0060,General,43000,,
ft_tkt_0009872,ft_sal_005254,ft_evt_0060,General,43000,,
ft_tkt_0009873,ft_sal_005255,ft_evt_0060,General,44000,,
ft_tkt_0009874,ft_sal_005256,ft_evt_0060,General,43000,,
ft_tkt_0009875,ft_sal_005256,ft_evt_0060,General,43000,,
ft_tkt_0009876,ft_sal_005256,ft_evt_0060,General,43000,,
ft_tkt_0009877,ft_sal_005256,ft_evt_0060,General,43000,,
ft_tkt_0009878,ft_sal_005256,ft_evt_0060,General,43000,,
ft_tkt_0009879,ft_sal_005256,ft_evt_0060,General,43000,,
ft_tkt_0009880,ft_sal_005257,ft_evt_0060,General,44000,,
ft_tkt_0009881,ft_sal_005257,ft_evt_0060,General,44000,,
ft_tkt_0009882,ft_sal_005257,ft_evt_0060,General,44000,,
ft_tkt_0009883,ft_sal_005257,ft_evt_0060,General,44000,,
ft_tkt_0009884,ft_sal_005258,ft_evt_0060,Cortesía,0,,
ft_tkt_0009885,ft_sal_005259,ft_evt_0060,General,49000,,
ft_tkt_0009886,ft_sal_005260,ft_evt_0060,VIP,150000,,
ft_tkt_0009887,ft_sal_005261,ft_evt_0060,Preferencial,91000,,
ft_tkt_0009888,ft_sal_005261,ft_evt_0060,Preferencial,91000,,
ft_tkt_0009889,ft_sal_005262,ft_evt_0060,General,45000,,
ft_tkt_0009890,ft_sal_005262,ft_evt_0060,General,45000,,
ft_tkt_0009891,ft_sal_005263,ft_evt_0060,General,43000,,
ft_tkt_0009892,ft_sal_005263,ft_evt_0060,General,43000,,
ft_tkt_0009893,ft_sal_005264,ft_evt_0060,General,43000,,
ft_tkt_0009894,ft_sal_005264,ft_evt_0060,General,43000,,
ft_tkt_0009895,ft_sal_005264,ft_evt_0060,General,43000,,
ft_tkt_0009896,ft_sal_005264,ft_evt_0060,General,43000,,
ft_tkt_0009897,ft_sal_005265,ft_evt_0060,General,45000,,
ft_tkt_0009898,ft_sal_005266,ft_evt_0060,General,65000,,
ft_tkt_0009899,ft_sal_005267,ft_evt_0060,General,48000,,
ft_tkt_0009900,ft_sal_005267,ft_evt_0060,General,48000,,
ft_tkt_0009901,ft_sal_005267,ft_evt_0060,General,48000,,
ft_tkt_0009902,ft_sal_005267,ft_evt_0060,General,48000,,
ft_tkt_0009903,ft_sal_005267,ft_evt_0060,General,48000,,
ft_tkt_0009904,ft_sal_005267,ft_evt_0060,General,48000,,
ft_tkt_0009905,ft_sal_005268,ft_evt_0060,Preferencial,91000,,
ft_tkt_0009906,ft_sal_005269,ft_evt_0060,General,46000,,
ft_tkt_0009907,ft_sal_005269,ft_evt_0060,General,46000,,
ft_tkt_0009908,ft_sal_005270,ft_evt_0060,General,44000,,
ft_tkt_0009909,ft_sal_005271,ft_evt_0060,General,45000,,
ft_tkt_0009910,ft_sal_005271,ft_evt_0060,General,45000,,
ft_tkt_0009911,ft_sal_005272,ft_evt_0060,General,62000,,
ft_tkt_0009912,ft_sal_005273,ft_evt_0060,General,47000,,
ft_tkt_0009913,ft_sal_005273,ft_evt_0060,General,47000,,
ft_tkt_0009914,ft_sal_005273,ft_evt_0060,General,47000,,
ft_tkt_0009915,ft_sal_005273,ft_evt_0060,General,47000,,
ft_tkt_0009916,ft_sal_005273,ft_evt_0060,General,47000,,
ft_tkt_0009917,ft_sal_005273,ft_evt_0060,General,47000,,
ft_tkt_0009918,ft_sal_005274,ft_evt_0060,General,56000,,
ft_tkt_0009919,ft_sal_005275,ft_evt_0060,Preferencial,99000,,
ft_tkt_0009920,ft_sal_005276,ft_evt_0060,General,64000,,
ft_tkt_0009921,ft_sal_005276,ft_evt_0060,General,64000,,
ft_tkt_0009922,ft_sal_005277,ft_evt_0060,General,59000,,
ft_tkt_0009923,ft_sal_005277,ft_evt_0060,General,59000,,
ft_tkt_0009924,ft_sal_005278,ft_evt_0060,General,62000,,
ft_tkt_0009925,ft_sal_005278,ft_evt_0060,General,62000,,
ft_tkt_0009926,ft_sal_005279,ft_evt_0060,General,49000,,
ft_tkt_0009927,ft_sal_005280,ft_evt_0060,VIP,145000,,
ft_tkt_0009928,ft_sal_005281,ft_evt_0060,General,56000,,
ft_tkt_0009929,ft_sal_005282,ft_evt_0060,Preferencial,87000,,
ft_tkt_0009930,ft_sal_005282,ft_evt_0060,Preferencial,87000,,
ft_tkt_0009931,ft_sal_005283,ft_evt_0060,Cortesía,0,,
ft_tkt_0009932,ft_sal_005283,ft_evt_0060,Cortesía,0,,
ft_tkt_0009933,ft_sal_005284,ft_evt_0060,Cortesía,0,,
ft_tkt_0009934,ft_sal_005285,ft_evt_0060,General,44000,,
ft_tkt_0009935,ft_sal_005285,ft_evt_0060,General,44000,,
ft_tkt_0009936,ft_sal_005286,ft_evt_0060,General,46000,,
ft_tkt_0009937,ft_sal_005286,ft_evt_0060,General,46000,,
ft_tkt_0009938,ft_sal_005287,ft_evt_0060,Cortesía,0,,
ft_tkt_0009939,ft_sal_005287,ft_evt_0060,Cortesía,0,,
ft_tkt_0009940,ft_sal_005288,ft_evt_0060,General,47000,,
ft_tkt_0009941,ft_sal_005288,ft_evt_0060,General,47000,,
ft_tkt_0009942,ft_sal_005289,ft_evt_0060,Cortesía,0,,
ft_tkt_0009943,ft_sal_005290,ft_evt_0060,General,47000,,
ft_tkt_0009944,ft_sal_005290,ft_evt_0060,General,47000,,
ft_tkt_0009945,ft_sal_005291,ft_evt_0060,General,42000,,
ft_tkt_0009946,ft_sal_005292,ft_evt_0060,Preferencial,94000,,
ft_tkt_0009947,ft_sal_005293,ft_evt_0060,General,46000,,
ft_tkt_0009948,ft_sal_005294,ft_evt_0060,General,42000,,
ft_tkt_0009949,ft_sal_005295,ft_evt_0060,General,60000,,
ft_tkt_0009950,ft_sal_005295,ft_evt_0060,General,60000,,
ft_tkt_0009951,ft_sal_005296,ft_evt_0060,General,60000,,
ft_tkt_0009952,ft_sal_005296,ft_evt_0060,General,60000,,
ft_tkt_0009953,ft_sal_005296,ft_evt_0060,General,60000,,
ft_tkt_0009954,ft_sal_005297,ft_evt_0060,General,49000,,
ft_tkt_0009955,ft_sal_005297,ft_evt_0060,General,49000,,
ft_tkt_0009956,ft_sal_005298,ft_evt_0060,Preferencial,94000,,
ft_tkt_0009957,ft_sal_005298,ft_evt_0060,Preferencial,94000,,
ft_tkt_0009958,ft_sal_005299,ft_evt_0060,General,45000,,
ft_tkt_0009959,ft_sal_005300,ft_evt_0060,Cortesía,0,,
ft_tkt_0009960,ft_sal_005300,ft_evt_0060,Cortesía,0,,
ft_tkt_0009961,ft_sal_005300,ft_evt_0060,Cortesía,0,,
ft_tkt_0009962,ft_sal_005300,ft_evt_0060,Cortesía,0,,
ft_tkt_0009963,ft_sal_005301,ft_evt_0060,General,42000,,
ft_tkt_0009964,ft_sal_005301,ft_evt_0060,General,42000,,
ft_tkt_0009965,ft_sal_005302,ft_evt_0060,Preferencial,96000,,
ft_tkt_0009966,ft_sal_005302,ft_evt_0060,Preferencial,96000,,
ft_tkt_0009967,ft_sal_005303,ft_evt_0060,Cortesía,0,,
ft_tkt_0009968,ft_sal_005304,ft_evt_0060,Preferencial,93000,,
ft_tkt_0009969,ft_sal_005304,ft_evt_0060,Preferencial,93000,,
ft_tkt_0009970,ft_sal_005305,ft_evt_0060,General,55000,,
ft_tkt_0009971,ft_sal_005305,ft_evt_0060,General,55000,,
ft_tkt_0009972,ft_sal_005305,ft_evt_0060,General,55000,,
ft_tkt_0009973,ft_sal_005305,ft_evt_0060,General,55000,,
ft_tkt_0009974,ft_sal_005306,ft_evt_0060,VIP,145000,,
ft_tkt_0009975,ft_sal_005306,ft_evt_0060,VIP,145000,,
ft_tkt_0009976,ft_sal_005307,ft_evt_0060,General,44000,,
ft_tkt_0009977,ft_sal_005307,ft_evt_0060,General,44000,,
ft_tkt_0009978,ft_sal_005308,ft_evt_0060,General,47000,,
ft_tkt_0009979,ft_sal_005308,ft_evt_0060,General,47000,,
ft_tkt_0009980,ft_sal_005308,ft_evt_0060,General,47000,,
ft_tkt_0009981,ft_sal_005308,ft_evt_0060,General,47000,,
ft_tkt_0009982,ft_sal_005309,ft_evt_0060,General,46000,,
ft_tkt_0009983,ft_sal_005309,ft_evt_0060,General,46000,,
ft_tkt_0009984,ft_sal_005310,ft_evt_0060,General,57000,,
ft_tkt_0009985,ft_sal_005311,ft_evt_0060,General,42000,,
ft_tkt_0009986,ft_sal_005312,ft_evt_0060,Cortesía,0,,
ft_tkt_0009987,ft_sal_005313,ft_evt_0060,Preferencial,91000,,
ft_tkt_0009988,ft_sal_005314,ft_evt_0060,Preferencial,96000,,
ft_tkt_0009989,ft_sal_005314,ft_evt_0060,Preferencial,96000,,
ft_tkt_0009990,ft_sal_005315,ft_evt_0060,General,60000,,
ft_tkt_0009991,ft_sal_005316,ft_evt_0060,General,44000,,
ft_tkt_0009992,ft_sal_005316,ft_evt_0060,General,44000,,
ft_tkt_0009993,ft_sal_005317,ft_evt_0060,General,60000,,
ft_tkt_0009994,ft_sal_005318,ft_evt_0060,General,43000,,
ft_tkt_0009995,ft_sal_005318,ft_evt_0060,General,43000,,
ft_tkt_0009996,ft_sal_005319,ft_evt_0060,Cortesía,0,,
ft_tkt_0009997,ft_sal_005319,ft_evt_0060,Cortesía,0,,
ft_tkt_0009998,ft_sal_005319,ft_evt_0060,Cortesía,0,,
ft_tkt_0009999,ft_sal_005320,ft_evt_0060,General,46000,,
ft_tkt_0010000,ft_sal_005321,ft_evt_0060,General,60000,,
ft_tkt_0010001,ft_sal_005322,ft_evt_0060,Preferencial,101000,,
ft_tkt_0010002,ft_sal_005322,ft_evt_0060,Preferencial,101000,,
ft_tkt_0010003,ft_sal_005323,ft_evt_0060,General,56000,,
ft_tkt_0010004,ft_sal_005324,ft_evt_0060,General,57000,,
ft_tkt_0010005,ft_sal_005324,ft_evt_0060,General,57000,,
ft_tkt_0010006,ft_sal_005324,ft_evt_0060,General,57000,,
ft_tkt_0010007,ft_sal_005324,ft_evt_0060,General,57000,,
ft_tkt_0010008,ft_sal_005325,ft_evt_0060,General,57000,,
ft_tkt_0010009,ft_sal_005326,ft_evt_0060,General,47000,,
ft_tkt_0010010,ft_sal_005327,ft_evt_0060,General,44000,,
ft_tkt_0010011,ft_sal_005328,ft_evt_0060,VIP,128000,,
ft_tkt_0010012,ft_sal_005329,ft_evt_0060,General,44000,,
ft_tkt_0010013,ft_sal_005329,ft_evt_0060,General,44000,,
ft_tkt_0010014,ft_sal_005330,ft_evt_0060,Preferencial,93000,,
ft_tkt_0010015,ft_sal_005330,ft_evt_0060,Preferencial,93000,,
ft_tkt_0010016,ft_sal_005330,ft_evt_0060,Preferencial,93000,,
ft_tkt_0010017,ft_sal_005330,ft_evt_0060,Preferencial,93000,,
ft_tkt_0010018,ft_sal_005330,ft_evt_0060,Preferencial,93000,,
ft_tkt_0010019,ft_sal_005330,ft_evt_0060,Preferencial,93000,,
ft_tkt_0010020,ft_sal_005331,ft_evt_0060,General,47000,,
ft_tkt_0010021,ft_sal_005331,ft_evt_0060,General,47000,,
ft_tkt_0010022,ft_sal_005332,ft_evt_0060,Cortesía,0,,
ft_tkt_0010023,ft_sal_005332,ft_evt_0060,Cortesía,0,,
ft_tkt_0010024,ft_sal_005333,ft_evt_0060,Cortesía,0,,
ft_tkt_0010025,ft_sal_005333,ft_evt_0060,Cortesía,0,,
ft_tkt_0010026,ft_sal_005333,ft_evt_0060,Cortesía,0,,
ft_tkt_0010027,ft_sal_005334,ft_evt_0060,General,59000,,
ft_tkt_0010028,ft_sal_005334,ft_evt_0060,General,59000,,
ft_tkt_0010029,ft_sal_005335,ft_evt_0060,General,63000,,
ft_tkt_0010030,ft_sal_005336,ft_evt_0060,General,61000,,
ft_tkt_0010031,ft_sal_005337,ft_evt_0060,Preferencial,88000,,
ft_tkt_0010032,ft_sal_005337,ft_evt_0060,Preferencial,88000,,
ft_tkt_0010033,ft_sal_005338,ft_evt_0060,Preferencial,100000,,
ft_tkt_0010034,ft_sal_005338,ft_evt_0060,Preferencial,100000,,
ft_tkt_0010035,ft_sal_005339,ft_evt_0060,General,47000,,
ft_tkt_0010036,ft_sal_005340,ft_evt_0060,General,44000,,
ft_tkt_0010037,ft_sal_005340,ft_evt_0060,General,44000,,
ft_tkt_0010038,ft_sal_005340,ft_evt_0060,General,44000,,
ft_tkt_0010039,ft_sal_005341,ft_evt_0060,General,60000,,
ft_tkt_0010040,ft_sal_005341,ft_evt_0060,General,60000,,
ft_tkt_0010041,ft_sal_005342,ft_evt_0060,Preferencial,101000,,
ft_tkt_0010042,ft_sal_005343,ft_evt_0060,Preferencial,97000,,
ft_tkt_0010043,ft_sal_005343,ft_evt_0060,Preferencial,97000,,
ft_tkt_0010044,ft_sal_005343,ft_evt_0060,Preferencial,97000,,
ft_tkt_0010045,ft_sal_005344,ft_evt_0060,Preferencial,97000,,
ft_tkt_0010046,ft_sal_005345,ft_evt_0060,Cortesía,0,,
ft_tkt_0010047,ft_sal_005346,ft_evt_0060,General,47000,,
ft_tkt_0010048,ft_sal_005346,ft_evt_0060,General,47000,,
ft_tkt_0010049,ft_sal_005347,ft_evt_0060,Cortesía,0,,
ft_tkt_0010050,ft_sal_005347,ft_evt_0060,Cortesía,0,,
ft_tkt_0010051,ft_sal_005348,ft_evt_0060,Cortesía,0,,
ft_tkt_0010052,ft_sal_005349,ft_evt_0060,General,44000,,
ft_tkt_0010053,ft_sal_005350,ft_evt_0060,General,42000,,
ft_tkt_0010054,ft_sal_005350,ft_evt_0060,General,42000,,
ft_tkt_0010055,ft_sal_005350,ft_evt_0060,General,42000,,
ft_tkt_0010056,ft_sal_005351,ft_evt_0060,General,62000,,
ft_tkt_0010057,ft_sal_005352,ft_evt_0060,Preferencial,99000,,
ft_tkt_0010058,ft_sal_005353,ft_evt_0060,General,45000,,
ft_tkt_0010059,ft_sal_005354,ft_evt_0060,General,45000,,
ft_tkt_0010060,ft_sal_005354,ft_evt_0060,General,45000,,
ft_tkt_0010061,ft_sal_005354,ft_evt_0060,General,45000,,
ft_tkt_0010062,ft_sal_005354,ft_evt_0060,General,45000,,
ft_tkt_0010063,ft_sal_005355,ft_evt_0060,General,59000,,
ft_tkt_0010064,ft_sal_005356,ft_evt_0060,Preferencial,102000,,
ft_tkt_0010065,ft_sal_005356,ft_evt_0060,Preferencial,102000,,
ft_tkt_0010066,ft_sal_005357,ft_evt_0060,General,60000,,
ft_tkt_0010067,ft_sal_005358,ft_evt_0060,General,61000,,
ft_tkt_0010068,ft_sal_005359,ft_evt_0060,VIP,129000,,
ft_tkt_0010069,ft_sal_005359,ft_evt_0060,VIP,129000,,
ft_tkt_0010070,ft_sal_005359,ft_evt_0060,VIP,129000,,
ft_tkt_0010071,ft_sal_005359,ft_evt_0060,VIP,129000,,
ft_tkt_0010072,ft_sal_005359,ft_evt_0060,VIP,129000,,
ft_tkt_0010073,ft_sal_005359,ft_evt_0060,VIP,129000,,
ft_tkt_0010074,ft_sal_005360,ft_evt_0060,Preferencial,100000,,
ft_tkt_0010075,ft_sal_005361,ft_evt_0060,General,63000,,
ft_tkt_0010076,ft_sal_005362,ft_evt_0060,General,60000,,
ft_tkt_0010077,ft_sal_005363,ft_evt_0060,Cortesía,0,,
ft_tkt_0010078,ft_sal_005364,ft_evt_0060,General,44000,,
ft_tkt_0010079,ft_sal_005364,ft_evt_0060,General,44000,,
ft_tkt_0010080,ft_sal_005365,ft_evt_0060,VIP,144000,,
ft_tkt_0010081,ft_sal_005365,ft_evt_0060,VIP,144000,,
ft_tkt_0010082,ft_sal_005366,ft_evt_0060,General,41000,,
ft_tkt_0010083,ft_sal_005367,ft_evt_0060,VIP,131000,,
ft_tkt_0010084,ft_sal_005368,ft_evt_0060,General,64000,,
ft_tkt_0010085,ft_sal_005369,ft_evt_0060,General,63000,,
ft_tkt_0010086,ft_sal_005369,ft_evt_0060,General,63000,,
ft_tkt_0010087,ft_sal_005370,ft_evt_0060,Cortesía,0,,
ft_tkt_0010088,ft_sal_005370,ft_evt_0060,Cortesía,0,,
ft_tkt_0010089,ft_sal_005371,ft_evt_0060,General,47000,,
ft_tkt_0010090,ft_sal_005371,ft_evt_0060,General,47000,,
ft_tkt_0010091,ft_sal_005371,ft_evt_0060,General,47000,,
ft_tkt_0010092,ft_sal_005371,ft_evt_0060,General,47000,,
ft_tkt_0010093,ft_sal_005372,ft_evt_0060,VIP,135000,,
ft_tkt_0010094,ft_sal_005372,ft_evt_0060,VIP,135000,,
ft_tkt_0010095,ft_sal_005373,ft_evt_0060,General,46000,,
ft_tkt_0010096,ft_sal_005373,ft_evt_0060,General,46000,,
ft_tkt_0010097,ft_sal_005374,ft_evt_0060,Preferencial,95000,,
ft_tkt_0010098,ft_sal_005374,ft_evt_0060,Preferencial,95000,,
ft_tkt_0010099,ft_sal_005375,ft_evt_0060,General,41000,,
ft_tkt_0010100,ft_sal_005376,ft_evt_0060,General,46000,,
ft_tkt_0010101,ft_sal_005376,ft_evt_0060,General,46000,,
ft_tkt_0010102,ft_sal_005376,ft_evt_0060,General,46000,,
ft_tkt_0010103,ft_sal_005377,ft_evt_0060,General,45000,,
ft_tkt_0010104,ft_sal_005377,ft_evt_0060,General,45000,,
ft_tkt_0010105,ft_sal_005377,ft_evt_0060,General,45000,,
ft_tkt_0010106,ft_sal_005378,ft_evt_0060,General,46000,,
ft_tkt_0010107,ft_sal_005378,ft_evt_0060,General,46000,,
ft_tkt_0010108,ft_sal_005378,ft_evt_0060,General,46000,,
ft_tkt_0010109,ft_sal_005378,ft_evt_0060,General,46000,,
ft_tkt_0010110,ft_sal_005378,ft_evt_0060,General,46000,,
ft_tkt_0010111,ft_sal_005378,ft_evt_0060,General,46000,,
ft_tkt_0010112,ft_sal_005379,ft_evt_0060,General,64000,,
ft_tkt_0010113,ft_sal_005380,ft_evt_0060,Preferencial,101000,,
ft_tkt_0010114,ft_sal_005381,ft_evt_0060,General,49000,,
ft_tkt_0010115,ft_sal_005382,ft_evt_0060,VIP,150000,,
ft_tkt_0010116,ft_sal_005383,ft_evt_0060,General,58000,,
ft_tkt_0010117,ft_sal_005383,ft_evt_0060,General,58000,,
ft_tkt_0010118,ft_sal_005384,ft_evt_0060,General,61000,,
ft_tkt_0010119,ft_sal_005385,ft_evt_0060,Preferencial,102000,,
ft_tkt_0010120,ft_sal_005386,ft_evt_0060,General,63000,,
ft_tkt_0010121,ft_sal_005386,ft_evt_0060,General,63000,,
ft_tkt_0010122,ft_sal_005387,ft_evt_0060,General,43000,,
ft_tkt_0010123,ft_sal_005388,ft_evt_0060,Preferencial,100000,,
ft_tkt_0010124,ft_sal_005389,ft_evt_0060,Preferencial,88000,,
ft_tkt_0010125,ft_sal_005390,ft_evt_0060,Preferencial,87000,,
ft_tkt_0010126,ft_sal_005390,ft_evt_0060,Preferencial,87000,,
ft_tkt_0010127,ft_sal_005390,ft_evt_0060,Preferencial,87000,,
ft_tkt_0010128,ft_sal_005391,ft_evt_0060,General,60000,,
ft_tkt_0010129,ft_sal_005392,ft_evt_0060,General,43000,,
ft_tkt_0010130,ft_sal_005392,ft_evt_0060,General,43000,,
ft_tkt_0010131,ft_sal_005392,ft_evt_0060,General,43000,,
ft_tkt_0010132,ft_sal_005393,ft_evt_0060,Cortesía,0,,
ft_tkt_0010133,ft_sal_005393,ft_evt_0060,Cortesía,0,,
ft_tkt_0010134,ft_sal_005394,ft_evt_0060,General,50000,,
ft_tkt_0010135,ft_sal_005394,ft_evt_0060,General,50000,,
ft_tkt_0010136,ft_sal_005395,ft_evt_0060,General,58000,,
ft_tkt_0010137,ft_sal_005396,ft_evt_0060,General,61000,,
ft_tkt_0010138,ft_sal_005397,ft_evt_0060,Preferencial,91000,,
ft_tkt_0010139,ft_sal_005398,ft_evt_0060,General,57000,,
ft_tkt_0010140,ft_sal_005399,ft_evt_0060,General,63000,,
ft_tkt_0010141,ft_sal_005399,ft_evt_0060,General,63000,,
ft_tkt_0010142,ft_sal_005400,ft_evt_0060,VIP,129000,,
ft_tkt_0010143,ft_sal_005400,ft_evt_0060,VIP,129000,,
ft_tkt_0010144,ft_sal_005401,ft_evt_0060,General,46000,,
ft_tkt_0010145,ft_sal_005402,ft_evt_0060,General,46000,,
ft_tkt_0010146,ft_sal_005402,ft_evt_0060,General,46000,,
ft_tkt_0010147,ft_sal_005402,ft_evt_0060,General,46000,,
ft_tkt_0010148,ft_sal_005402,ft_evt_0060,General,46000,,
ft_tkt_0010149,ft_sal_005403,ft_evt_0060,General,43000,,
ft_tkt_0010150,ft_sal_005404,ft_evt_0060,Preferencial,91000,,
ft_tkt_0010151,ft_sal_005404,ft_evt_0060,Preferencial,91000,,
ft_tkt_0010152,ft_sal_005405,ft_evt_0060,General,44000,,
ft_tkt_0010153,ft_sal_005405,ft_evt_0060,General,44000,,
ft_tkt_0010154,ft_sal_005405,ft_evt_0060,General,44000,,
ft_tkt_0010155,ft_sal_005405,ft_evt_0060,General,44000,,
ft_tkt_0010156,ft_sal_005405,ft_evt_0060,General,44000,,
ft_tkt_0010157,ft_sal_005405,ft_evt_0060,General,44000,,
ft_tkt_0010158,ft_sal_005406,ft_evt_0060,General,42000,,
ft_tkt_0010159,ft_sal_005406,ft_evt_0060,General,42000,,
ft_tkt_0010160,ft_sal_005407,ft_evt_0060,General,52000,,
ft_tkt_0010161,ft_sal_005407,ft_evt_0060,General,52000,,
ft_tkt_0010162,ft_sal_005407,ft_evt_0060,General,52000,,
ft_tkt_0010163,ft_sal_005407,ft_evt_0060,General,52000,,
ft_tkt_0010164,ft_sal_005407,ft_evt_0060,General,52000,,
ft_tkt_0010165,ft_sal_005407,ft_evt_0060,General,52000,,
ft_tkt_0010166,ft_sal_005408,ft_evt_0060,VIP,145000,,
ft_tkt_0010167,ft_sal_005408,ft_evt_0060,VIP,145000,,
ft_tkt_0010168,ft_sal_005409,ft_evt_0060,General,47000,,
ft_tkt_0010169,ft_sal_005409,ft_evt_0060,General,47000,,
ft_tkt_0010170,ft_sal_005409,ft_evt_0060,General,47000,,
ft_tkt_0010171,ft_sal_005409,ft_evt_0060,General,47000,,
ft_tkt_0010172,ft_sal_005410,ft_evt_0060,VIP,143000,,
ft_tkt_0010173,ft_sal_005411,ft_evt_0060,General,43000,,
ft_tkt_0010174,ft_sal_005411,ft_evt_0060,General,43000,,
ft_tkt_0010175,ft_sal_005412,ft_evt_0060,Cortesía,0,,
ft_tkt_0010176,ft_sal_005412,ft_evt_0060,Cortesía,0,,
ft_tkt_0010177,ft_sal_005412,ft_evt_0060,Cortesía,0,,
ft_tkt_0010178,ft_sal_005413,ft_evt_0060,VIP,139000,,
ft_tkt_0010179,ft_sal_005414,ft_evt_0060,Preferencial,94000,,
ft_tkt_0010180,ft_sal_005415,ft_evt_0060,General,61000,,
ft_tkt_0010181,ft_sal_005416,ft_evt_0060,VIP,140000,,
ft_tkt_0010182,ft_sal_005417,ft_evt_0060,Cortesía,0,,
ft_tkt_0010183,ft_sal_005418,ft_evt_0060,Cortesía,0,,
ft_tkt_0010184,ft_sal_005418,ft_evt_0060,Cortesía,0,,
ft_tkt_0010185,ft_sal_005418,ft_evt_0060,Cortesía,0,,
ft_tkt_0010186,ft_sal_005419,ft_evt_0060,Preferencial,89000,,
ft_tkt_0010187,ft_sal_005420,ft_evt_0060,Cortesía,0,,
ft_tkt_0010188,ft_sal_005420,ft_evt_0060,Cortesía,0,,
ft_tkt_0010189,ft_sal_005421,ft_evt_0060,General,47000,,
ft_tkt_0010190,ft_sal_005422,ft_evt_0060,Cortesía,0,,
ft_tkt_0010191,ft_sal_005423,ft_evt_0060,Preferencial,88000,,
ft_tkt_0010192,ft_sal_005424,ft_evt_0060,Preferencial,98000,,
ft_tkt_0010193,ft_sal_005424,ft_evt_0060,Preferencial,98000,,
ft_tkt_0010194,ft_sal_005425,ft_evt_0060,VIP,134000,,
ft_tkt_0010195,ft_sal_005426,ft_evt_0060,General,61000,,
ft_tkt_0010196,ft_sal_005426,ft_evt_0060,General,61000,,
ft_tkt_0010197,ft_sal_005427,ft_evt_0060,Preferencial,99000,,
ft_tkt_0010198,ft_sal_005427,ft_evt_0060,Preferencial,99000,,
ft_tkt_0010199,ft_sal_005427,ft_evt_0060,Preferencial,99000,,
ft_tkt_0010200,ft_sal_005428,ft_evt_0060,Preferencial,99000,,
ft_tkt_0010201,ft_sal_005429,ft_evt_0060,Preferencial,89000,,
ft_tkt_0010202,ft_sal_005429,ft_evt_0060,Preferencial,89000,,
ft_tkt_0010203,ft_sal_005430,ft_evt_0060,General,44000,,
ft_tkt_0010204,ft_sal_005430,ft_evt_0060,General,44000,,
ft_tkt_0010205,ft_sal_005431,ft_evt_0060,General,55000,,
ft_tkt_0010206,ft_sal_005431,ft_evt_0060,General,55000,,
ft_tkt_0010207,ft_sal_005432,ft_evt_0060,General,47000,,
ft_tkt_0010208,ft_sal_005432,ft_evt_0060,General,47000,,
ft_tkt_0010209,ft_sal_005433,ft_evt_0060,VIP,130000,,
ft_tkt_0010210,ft_sal_005434,ft_evt_0060,Preferencial,85000,,
ft_tkt_0010211,ft_sal_005434,ft_evt_0060,Preferencial,85000,,
ft_tkt_0010212,ft_sal_005435,ft_evt_0060,General,47000,,
ft_tkt_0010213,ft_sal_005436,ft_evt_0060,VIP,141000,,
ft_tkt_0010214,ft_sal_005437,ft_evt_0060,Preferencial,90000,,
ft_tkt_0010215,ft_sal_005438,ft_evt_0060,General,61000,,
ft_tkt_0010216,ft_sal_005438,ft_evt_0060,General,61000,,
ft_tkt_0010217,ft_sal_005439,ft_evt_0060,Preferencial,91000,,
ft_tkt_0010218,ft_sal_005440,ft_evt_0060,General,44000,,
ft_tkt_0010219,ft_sal_005440,ft_evt_0060,General,44000,,
ft_tkt_0010220,ft_sal_005440,ft_evt_0060,General,44000,,
ft_tkt_0010221,ft_sal_005440,ft_evt_0060,General,44000,,
ft_tkt_0010222,ft_sal_005440,ft_evt_0060,General,44000,,
ft_tkt_0010223,ft_sal_005440,ft_evt_0060,General,44000,,
ft_tkt_0010224,ft_sal_005441,ft_evt_0060,VIP,140000,,
ft_tkt_0010225,ft_sal_005441,ft_evt_0060,VIP,140000,,
ft_tkt_0010226,ft_sal_005442,ft_evt_0060,Preferencial,95000,,
ft_tkt_0010227,ft_sal_005442,ft_evt_0060,Preferencial,95000,,
ft_tkt_0010228,ft_sal_005443,ft_evt_0023,Cortesía,0,,
ft_tkt_0010229,ft_sal_005444,ft_evt_0023,Cortesía,0,,
ft_tkt_0010230,ft_sal_005444,ft_evt_0023,Cortesía,0,,
ft_tkt_0010231,ft_sal_005445,ft_evt_0023,Cortesía,0,,
ft_tkt_0010232,ft_sal_005445,ft_evt_0023,Cortesía,0,,
ft_tkt_0010233,ft_sal_005446,ft_evt_0023,Cortesía,0,,
ft_tkt_0010234,ft_sal_005446,ft_evt_0023,Cortesía,0,,
ft_tkt_0010235,ft_sal_005447,ft_evt_0023,Cortesía,0,,
ft_tkt_0010236,ft_sal_005447,ft_evt_0023,Cortesía,0,,
ft_tkt_0010237,ft_sal_005448,ft_evt_0023,Cortesía,0,,
ft_tkt_0010238,ft_sal_005448,ft_evt_0023,Cortesía,0,,
ft_tkt_0010239,ft_sal_005449,ft_evt_0023,Cortesía,0,,
ft_tkt_0010240,ft_sal_005450,ft_evt_0023,Cortesía,0,,
ft_tkt_0010241,ft_sal_005450,ft_evt_0023,Cortesía,0,,
ft_tkt_0010242,ft_sal_005450,ft_evt_0023,Cortesía,0,,
ft_tkt_0010243,ft_sal_005450,ft_evt_0023,Cortesía,0,,
ft_tkt_0010244,ft_sal_005450,ft_evt_0023,Cortesía,0,,
ft_tkt_0010245,ft_sal_005450,ft_evt_0023,Cortesía,0,,
ft_tkt_0010246,ft_sal_005451,ft_evt_0023,Cortesía,0,,
ft_tkt_0010247,ft_sal_005451,ft_evt_0023,Cortesía,0,,
ft_tkt_0010248,ft_sal_005451,ft_evt_0023,Cortesía,0,,
ft_tkt_0010249,ft_sal_005452,ft_evt_0023,Cortesía,0,,
ft_tkt_0010250,ft_sal_005453,ft_evt_0023,Cortesía,0,,
ft_tkt_0010251,ft_sal_005454,ft_evt_0023,Cortesía,0,,
ft_tkt_0010252,ft_sal_005454,ft_evt_0023,Cortesía,0,,
ft_tkt_0010253,ft_sal_005455,ft_evt_0023,Cortesía,0,,
ft_tkt_0010254,ft_sal_005455,ft_evt_0023,Cortesía,0,,
ft_tkt_0010255,ft_sal_005456,ft_evt_0023,Cortesía,0,,
ft_tkt_0010256,ft_sal_005456,ft_evt_0023,Cortesía,0,,
ft_tkt_0010257,ft_sal_005457,ft_evt_0023,Cortesía,0,,
ft_tkt_0010258,ft_sal_005457,ft_evt_0023,Cortesía,0,,
ft_tkt_0010259,ft_sal_005457,ft_evt_0023,Cortesía,0,,
ft_tkt_0010260,ft_sal_005458,ft_evt_0023,Cortesía,0,,
ft_tkt_0010261,ft_sal_005458,ft_evt_0023,Cortesía,0,,
ft_tkt_0010262,ft_sal_005458,ft_evt_0023,Cortesía,0,,
ft_tkt_0010263,ft_sal_005459,ft_evt_0023,Cortesía,0,,
ft_tkt_0010264,ft_sal_005459,ft_evt_0023,Cortesía,0,,
ft_tkt_0010265,ft_sal_005460,ft_evt_0023,Cortesía,0,,
ft_tkt_0010266,ft_sal_005461,ft_evt_0023,Cortesía,0,,
ft_tkt_0010267,ft_sal_005462,ft_evt_0023,Cortesía,0,,
ft_tkt_0010268,ft_sal_005462,ft_evt_0023,Cortesía,0,,
ft_tkt_0010269,ft_sal_005463,ft_evt_0023,Cortesía,0,,
ft_tkt_0010270,ft_sal_005463,ft_evt_0023,Cortesía,0,,
ft_tkt_0010271,ft_sal_005464,ft_evt_0023,Cortesía,0,,
ft_tkt_0010272,ft_sal_005465,ft_evt_0023,Cortesía,0,,
ft_tkt_0010273,ft_sal_005466,ft_evt_0023,Cortesía,0,,
ft_tkt_0010274,ft_sal_005467,ft_evt_0023,Cortesía,0,,
ft_tkt_0010275,ft_sal_005468,ft_evt_0023,Cortesía,0,,
ft_tkt_0010276,ft_sal_005468,ft_evt_0023,Cortesía,0,,
ft_tkt_0010277,ft_sal_005468,ft_evt_0023,Cortesía,0,,
ft_tkt_0010278,ft_sal_005469,ft_evt_0023,Cortesía,0,,
ft_tkt_0010279,ft_sal_005469,ft_evt_0023,Cortesía,0,,
ft_tkt_0010280,ft_sal_005470,ft_evt_0023,Cortesía,0,,
ft_tkt_0010281,ft_sal_005471,ft_evt_0023,Cortesía,0,,
ft_tkt_0010282,ft_sal_005471,ft_evt_0023,Cortesía,0,,
ft_tkt_0010283,ft_sal_005472,ft_evt_0023,Cortesía,0,,
ft_tkt_0010284,ft_sal_005472,ft_evt_0023,Cortesía,0,,
ft_tkt_0010285,ft_sal_005473,ft_evt_0023,Cortesía,0,,
ft_tkt_0010286,ft_sal_005473,ft_evt_0023,Cortesía,0,,
ft_tkt_0010287,ft_sal_005473,ft_evt_0023,Cortesía,0,,
ft_tkt_0010288,ft_sal_005473,ft_evt_0023,Cortesía,0,,
ft_tkt_0010289,ft_sal_005474,ft_evt_0023,Cortesía,0,,
ft_tkt_0010290,ft_sal_005474,ft_evt_0023,Cortesía,0,,
ft_tkt_0010291,ft_sal_005474,ft_evt_0023,Cortesía,0,,
ft_tkt_0010292,ft_sal_005474,ft_evt_0023,Cortesía,0,,
ft_tkt_0010293,ft_sal_005474,ft_evt_0023,Cortesía,0,,
ft_tkt_0010294,ft_sal_005474,ft_evt_0023,Cortesía,0,,
ft_tkt_0010295,ft_sal_005475,ft_evt_0023,Cortesía,0,,
ft_tkt_0010296,ft_sal_005475,ft_evt_0023,Cortesía,0,,
ft_tkt_0010297,ft_sal_005476,ft_evt_0023,Cortesía,0,,
ft_tkt_0010298,ft_sal_005476,ft_evt_0023,Cortesía,0,,
ft_tkt_0010299,ft_sal_005476,ft_evt_0023,Cortesía,0,,
ft_tkt_0010300,ft_sal_005477,ft_evt_0023,Cortesía,0,,
ft_tkt_0010301,ft_sal_005477,ft_evt_0023,Cortesía,0,,
ft_tkt_0010302,ft_sal_005478,ft_evt_0023,Cortesía,0,,
ft_tkt_0010303,ft_sal_005479,ft_evt_0023,Cortesía,0,,
ft_tkt_0010304,ft_sal_005479,ft_evt_0023,Cortesía,0,,
ft_tkt_0010305,ft_sal_005479,ft_evt_0023,Cortesía,0,,
ft_tkt_0010306,ft_sal_005479,ft_evt_0023,Cortesía,0,,
ft_tkt_0010307,ft_sal_005480,ft_evt_0023,Cortesía,0,,
ft_tkt_0010308,ft_sal_005481,ft_evt_0023,Cortesía,0,,
ft_tkt_0010309,ft_sal_005482,ft_evt_0023,Cortesía,0,,
ft_tkt_0010310,ft_sal_005483,ft_evt_0023,Cortesía,0,,
ft_tkt_0010311,ft_sal_005484,ft_evt_0023,Cortesía,0,,
ft_tkt_0010312,ft_sal_005485,ft_evt_0023,Cortesía,0,,
ft_tkt_0010313,ft_sal_005485,ft_evt_0023,Cortesía,0,,
ft_tkt_0010314,ft_sal_005486,ft_evt_0023,Cortesía,0,,
ft_tkt_0010315,ft_sal_005487,ft_evt_0023,Cortesía,0,,
ft_tkt_0010316,ft_sal_005488,ft_evt_0023,Cortesía,0,,
ft_tkt_0010317,ft_sal_005488,ft_evt_0023,Cortesía,0,,
ft_tkt_0010318,ft_sal_005489,ft_evt_0023,Cortesía,0,,
ft_tkt_0010319,ft_sal_005490,ft_evt_0023,Cortesía,0,,
ft_tkt_0010320,ft_sal_005491,ft_evt_0023,Cortesía,0,,
ft_tkt_0010321,ft_sal_005492,ft_evt_0023,Cortesía,0,,
ft_tkt_0010322,ft_sal_005493,ft_evt_0023,Cortesía,0,,
ft_tkt_0010323,ft_sal_005494,ft_evt_0023,Cortesía,0,,
ft_tkt_0010324,ft_sal_005494,ft_evt_0023,Cortesía,0,,
ft_tkt_0010325,ft_sal_005494,ft_evt_0023,Cortesía,0,,
ft_tkt_0010326,ft_sal_005495,ft_evt_0023,Cortesía,0,,
ft_tkt_0010327,ft_sal_005495,ft_evt_0023,Cortesía,0,,
ft_tkt_0010328,ft_sal_005495,ft_evt_0023,Cortesía,0,,
ft_tkt_0010329,ft_sal_005496,ft_evt_0023,Cortesía,0,,
ft_tkt_0010330,ft_sal_005496,ft_evt_0023,Cortesía,0,,
ft_tkt_0010331,ft_sal_005496,ft_evt_0023,Cortesía,0,,
ft_tkt_0010332,ft_sal_005496,ft_evt_0023,Cortesía,0,,
ft_tkt_0010333,ft_sal_005497,ft_evt_0023,Cortesía,0,,
ft_tkt_0010334,ft_sal_005498,ft_evt_0023,Cortesía,0,,
ft_tkt_0010335,ft_sal_005499,ft_evt_0023,Cortesía,0,,
ft_tkt_0010336,ft_sal_005499,ft_evt_0023,Cortesía,0,,
ft_tkt_0010337,ft_sal_005499,ft_evt_0023,Cortesía,0,,
ft_tkt_0010338,ft_sal_005499,ft_evt_0023,Cortesía,0,,
ft_tkt_0010339,ft_sal_005500,ft_evt_0023,Cortesía,0,,
ft_tkt_0010340,ft_sal_005500,ft_evt_0023,Cortesía,0,,
ft_tkt_0010341,ft_sal_005501,ft_evt_0023,Cortesía,0,,
ft_tkt_0010342,ft_sal_005502,ft_evt_0023,Cortesía,0,,
ft_tkt_0010343,ft_sal_005502,ft_evt_0023,Cortesía,0,,
ft_tkt_0010344,ft_sal_005502,ft_evt_0023,Cortesía,0,,
ft_tkt_0010345,ft_sal_005502,ft_evt_0023,Cortesía,0,,
ft_tkt_0010346,ft_sal_005502,ft_evt_0023,Cortesía,0,,
ft_tkt_0010347,ft_sal_005502,ft_evt_0023,Cortesía,0,,
ft_tkt_0010348,ft_sal_005503,ft_evt_0023,Cortesía,0,,
ft_tkt_0010349,ft_sal_005503,ft_evt_0023,Cortesía,0,,
ft_tkt_0010350,ft_sal_005504,ft_evt_0023,Cortesía,0,,
ft_tkt_0010351,ft_sal_005504,ft_evt_0023,Cortesía,0,,
ft_tkt_0010352,ft_sal_005504,ft_evt_0023,Cortesía,0,,
ft_tkt_0010353,ft_sal_005505,ft_evt_0050,General,47000,,
ft_tkt_0010354,ft_sal_005506,ft_evt_0050,General,44000,,
ft_tkt_0010355,ft_sal_005506,ft_evt_0050,General,44000,,
ft_tkt_0010356,ft_sal_005506,ft_evt_0050,General,44000,,
ft_tkt_0010357,ft_sal_005507,ft_evt_0050,General,55000,,
ft_tkt_0010358,ft_sal_005507,ft_evt_0050,General,55000,,
ft_tkt_0010359,ft_sal_005508,ft_evt_0050,General,44000,,
ft_tkt_0010360,ft_sal_005508,ft_evt_0050,General,44000,,
ft_tkt_0010361,ft_sal_005508,ft_evt_0050,General,44000,,
ft_tkt_0010362,ft_sal_005509,ft_evt_0050,General,63000,,
ft_tkt_0010363,ft_sal_005510,ft_evt_0050,General,60000,,
ft_tkt_0010364,ft_sal_005511,ft_evt_0050,General,58000,,
ft_tkt_0010365,ft_sal_005512,ft_evt_0050,General,61000,,
ft_tkt_0010366,ft_sal_005513,ft_evt_0050,General,63000,,
ft_tkt_0010367,ft_sal_005513,ft_evt_0050,General,63000,,
ft_tkt_0010368,ft_sal_005514,ft_evt_0050,Preferencial,95000,,
ft_tkt_0010369,ft_sal_005515,ft_evt_0050,General,47000,,
ft_tkt_0010370,ft_sal_005515,ft_evt_0050,General,47000,,
ft_tkt_0010371,ft_sal_005516,ft_evt_0050,General,43000,,
ft_tkt_0010372,ft_sal_005516,ft_evt_0050,General,43000,,
ft_tkt_0010373,ft_sal_005517,ft_evt_0050,General,46000,,
ft_tkt_0010374,ft_sal_005517,ft_evt_0050,General,46000,,
ft_tkt_0010375,ft_sal_005517,ft_evt_0050,General,46000,,
ft_tkt_0010376,ft_sal_005517,ft_evt_0050,General,46000,,
ft_tkt_0010377,ft_sal_005517,ft_evt_0050,General,46000,,
ft_tkt_0010378,ft_sal_005517,ft_evt_0050,General,46000,,
ft_tkt_0010379,ft_sal_005518,ft_evt_0050,General,64000,,
ft_tkt_0010380,ft_sal_005518,ft_evt_0050,General,64000,,
ft_tkt_0010381,ft_sal_005519,ft_evt_0050,Preferencial,93000,,
ft_tkt_0010382,ft_sal_005519,ft_evt_0050,Preferencial,93000,,
ft_tkt_0010383,ft_sal_005519,ft_evt_0050,Preferencial,93000,,
ft_tkt_0010384,ft_sal_005519,ft_evt_0050,Preferencial,93000,,
ft_tkt_0010385,ft_sal_005520,ft_evt_0050,General,47000,,
ft_tkt_0010386,ft_sal_005521,ft_evt_0050,Preferencial,97000,,
ft_tkt_0010387,ft_sal_005521,ft_evt_0050,Preferencial,97000,,
ft_tkt_0010388,ft_sal_005521,ft_evt_0050,Preferencial,97000,,
ft_tkt_0010389,ft_sal_005521,ft_evt_0050,Preferencial,97000,,
ft_tkt_0010390,ft_sal_005522,ft_evt_0050,General,61000,,
ft_tkt_0010391,ft_sal_005522,ft_evt_0050,General,61000,,
ft_tkt_0010392,ft_sal_005523,ft_evt_0050,Preferencial,96000,,
ft_tkt_0010393,ft_sal_005524,ft_evt_0050,General,64000,,
ft_tkt_0010394,ft_sal_005525,ft_evt_0050,VIP,150000,,
ft_tkt_0010395,ft_sal_005525,ft_evt_0050,VIP,150000,,
ft_tkt_0010396,ft_sal_005525,ft_evt_0050,VIP,150000,,
ft_tkt_0010397,ft_sal_005526,ft_evt_0050,General,61000,,
ft_tkt_0010398,ft_sal_005526,ft_evt_0050,General,61000,,
ft_tkt_0010399,ft_sal_005527,ft_evt_0050,General,44000,,
ft_tkt_0010400,ft_sal_005528,ft_evt_0050,Cortesía,0,,
ft_tkt_0010401,ft_sal_005528,ft_evt_0050,Cortesía,0,,
ft_tkt_0010402,ft_sal_005528,ft_evt_0050,Cortesía,0,,
ft_tkt_0010403,ft_sal_005528,ft_evt_0050,Cortesía,0,,
ft_tkt_0010404,ft_sal_005529,ft_evt_0050,VIP,146000,,
ft_tkt_0010405,ft_sal_005530,ft_evt_0050,Preferencial,101000,,
ft_tkt_0010406,ft_sal_005530,ft_evt_0050,Preferencial,101000,,
ft_tkt_0010407,ft_sal_005530,ft_evt_0050,Preferencial,101000,,
ft_tkt_0010408,ft_sal_005531,ft_evt_0050,General,42000,,
ft_tkt_0010409,ft_sal_005531,ft_evt_0050,General,42000,,
ft_tkt_0010410,ft_sal_005532,ft_evt_0050,General,49000,,
ft_tkt_0010411,ft_sal_005533,ft_evt_0050,General,41000,,
ft_tkt_0010412,ft_sal_005533,ft_evt_0050,General,41000,,
ft_tkt_0010413,ft_sal_005533,ft_evt_0050,General,41000,,
ft_tkt_0010414,ft_sal_005534,ft_evt_0050,General,43000,,
ft_tkt_0010415,ft_sal_005534,ft_evt_0050,General,43000,,
ft_tkt_0010416,ft_sal_005535,ft_evt_0050,General,61000,,
ft_tkt_0010417,ft_sal_005535,ft_evt_0050,General,61000,,
ft_tkt_0010418,ft_sal_005535,ft_evt_0050,General,61000,,
ft_tkt_0010419,ft_sal_005536,ft_evt_0050,VIP,141000,,
ft_tkt_0010420,ft_sal_005537,ft_evt_0050,Preferencial,96000,,
ft_tkt_0010421,ft_sal_005537,ft_evt_0050,Preferencial,96000,,
ft_tkt_0010422,ft_sal_005538,ft_evt_0050,General,62000,,
ft_tkt_0010423,ft_sal_005539,ft_evt_0050,VIP,139000,,
ft_tkt_0010424,ft_sal_005539,ft_evt_0050,VIP,139000,,
ft_tkt_0010425,ft_sal_005539,ft_evt_0050,VIP,139000,,
ft_tkt_0010426,ft_sal_005540,ft_evt_0050,General,58000,,
ft_tkt_0010427,ft_sal_005540,ft_evt_0050,General,58000,,
ft_tkt_0010428,ft_sal_005541,ft_evt_0050,Cortesía,0,,
ft_tkt_0010429,ft_sal_005542,ft_evt_0050,General,59000,,
ft_tkt_0010430,ft_sal_005542,ft_evt_0050,General,59000,,
ft_tkt_0010431,ft_sal_005543,ft_evt_0050,General,59000,,
ft_tkt_0010432,ft_sal_005543,ft_evt_0050,General,59000,,
ft_tkt_0010433,ft_sal_005544,ft_evt_0050,General,44000,,
ft_tkt_0010434,ft_sal_005544,ft_evt_0050,General,44000,,
ft_tkt_0010435,ft_sal_005545,ft_evt_0050,Preferencial,90000,,
ft_tkt_0010436,ft_sal_005546,ft_evt_0050,General,47000,,
ft_tkt_0010437,ft_sal_005546,ft_evt_0050,General,47000,,
ft_tkt_0010438,ft_sal_005547,ft_evt_0050,General,41000,,
ft_tkt_0010439,ft_sal_005548,ft_evt_0050,General,45000,,
ft_tkt_0010440,ft_sal_005548,ft_evt_0050,General,45000,,
ft_tkt_0010441,ft_sal_005549,ft_evt_0050,VIP,139000,,
ft_tkt_0010442,ft_sal_005549,ft_evt_0050,VIP,139000,,
ft_tkt_0010443,ft_sal_005550,ft_evt_0050,Preferencial,97000,,
ft_tkt_0010444,ft_sal_005551,ft_evt_0050,Preferencial,95000,,
ft_tkt_0010445,ft_sal_005552,ft_evt_0050,General,44000,,
ft_tkt_0010446,ft_sal_005553,ft_evt_0050,Cortesía,0,,
ft_tkt_0010447,ft_sal_005554,ft_evt_0050,General,61000,,
ft_tkt_0010448,ft_sal_005555,ft_evt_0050,General,63000,,
ft_tkt_0010449,ft_sal_005556,ft_evt_0050,VIP,136000,,
ft_tkt_0010450,ft_sal_005557,ft_evt_0050,Cortesía,0,,
ft_tkt_0010451,ft_sal_005557,ft_evt_0050,Cortesía,0,,
ft_tkt_0010452,ft_sal_005558,ft_evt_0050,Preferencial,105000,,
ft_tkt_0010453,ft_sal_005559,ft_evt_0050,General,56000,,
ft_tkt_0010454,ft_sal_005559,ft_evt_0050,General,56000,,
ft_tkt_0010455,ft_sal_005560,ft_evt_0050,General,44000,,
ft_tkt_0010456,ft_sal_005561,ft_evt_0050,General,46000,,
ft_tkt_0010457,ft_sal_005561,ft_evt_0050,General,46000,,
ft_tkt_0010458,ft_sal_005562,ft_evt_0050,General,56000,,
ft_tkt_0010459,ft_sal_005563,ft_evt_0050,VIP,139000,,
ft_tkt_0010460,ft_sal_005563,ft_evt_0050,VIP,139000,,
ft_tkt_0010461,ft_sal_005563,ft_evt_0050,VIP,139000,,
ft_tkt_0010462,ft_sal_005564,ft_evt_0050,General,55000,,
ft_tkt_0010463,ft_sal_005565,ft_evt_0050,General,61000,,
ft_tkt_0010464,ft_sal_005565,ft_evt_0050,General,61000,,
ft_tkt_0010465,ft_sal_005565,ft_evt_0050,General,61000,,
ft_tkt_0010466,ft_sal_005566,ft_evt_0050,General,62000,,
ft_tkt_0010467,ft_sal_005566,ft_evt_0050,General,62000,,
ft_tkt_0010468,ft_sal_005567,ft_evt_0050,General,49000,,
ft_tkt_0010469,ft_sal_005567,ft_evt_0050,General,49000,,
ft_tkt_0010470,ft_sal_005567,ft_evt_0050,General,49000,,
ft_tkt_0010471,ft_sal_005568,ft_evt_0050,Preferencial,92000,,
ft_tkt_0010472,ft_sal_005568,ft_evt_0050,Preferencial,92000,,
ft_tkt_0010473,ft_sal_005569,ft_evt_0050,Preferencial,95000,,
ft_tkt_0010474,ft_sal_005570,ft_evt_0050,VIP,144000,,
ft_tkt_0010475,ft_sal_005570,ft_evt_0050,VIP,144000,,
ft_tkt_0010476,ft_sal_005570,ft_evt_0050,VIP,144000,,
ft_tkt_0010477,ft_sal_005571,ft_evt_0050,Cortesía,0,,
ft_tkt_0010478,ft_sal_005572,ft_evt_0050,General,57000,,
ft_tkt_0010479,ft_sal_005572,ft_evt_0050,General,57000,,
ft_tkt_0010480,ft_sal_005573,ft_evt_0050,General,45000,,
ft_tkt_0010481,ft_sal_005574,ft_evt_0050,General,65000,,
ft_tkt_0010482,ft_sal_005575,ft_evt_0050,Preferencial,100000,,
ft_tkt_0010483,ft_sal_005575,ft_evt_0050,Preferencial,100000,,
ft_tkt_0010484,ft_sal_005575,ft_evt_0050,Preferencial,100000,,
ft_tkt_0010485,ft_sal_005575,ft_evt_0050,Preferencial,100000,,
ft_tkt_0010486,ft_sal_005575,ft_evt_0050,Preferencial,100000,,
ft_tkt_0010487,ft_sal_005575,ft_evt_0050,Preferencial,100000,,
ft_tkt_0010488,ft_sal_005576,ft_evt_0050,Cortesía,0,,
ft_tkt_0010489,ft_sal_005577,ft_evt_0050,VIP,140000,,
ft_tkt_0010490,ft_sal_005578,ft_evt_0050,General,62000,,
ft_tkt_0010491,ft_sal_005579,ft_evt_0050,Preferencial,96000,,
ft_tkt_0010492,ft_sal_005579,ft_evt_0050,Preferencial,96000,,
ft_tkt_0010493,ft_sal_005580,ft_evt_0050,General,67000,,
ft_tkt_0010494,ft_sal_005580,ft_evt_0050,General,67000,,
ft_tkt_0010495,ft_sal_005581,ft_evt_0050,Preferencial,92000,,
ft_tkt_0010496,ft_sal_005582,ft_evt_0050,Cortesía,0,,
ft_tkt_0010497,ft_sal_005583,ft_evt_0050,General,48000,,
ft_tkt_0010498,ft_sal_005584,ft_evt_0050,General,63000,,
ft_tkt_0010499,ft_sal_005585,ft_evt_0050,Preferencial,90000,,
ft_tkt_0010500,ft_sal_005586,ft_evt_0050,General,57000,,
ft_tkt_0010501,ft_sal_005586,ft_evt_0050,General,57000,,
ft_tkt_0010502,ft_sal_005586,ft_evt_0050,General,57000,,
ft_tkt_0010503,ft_sal_005586,ft_evt_0050,General,57000,,
ft_tkt_0010504,ft_sal_005586,ft_evt_0050,General,57000,,
ft_tkt_0010505,ft_sal_005586,ft_evt_0050,General,57000,,
ft_tkt_0010506,ft_sal_005587,ft_evt_0050,Preferencial,97000,,
ft_tkt_0010507,ft_sal_005587,ft_evt_0050,Preferencial,97000,,
ft_tkt_0010508,ft_sal_005588,ft_evt_0050,Preferencial,88000,,
ft_tkt_0010509,ft_sal_005588,ft_evt_0050,Preferencial,88000,,
ft_tkt_0010510,ft_sal_005589,ft_evt_0050,VIP,157000,,
ft_tkt_0010511,ft_sal_005590,ft_evt_0050,General,49000,,
ft_tkt_0010512,ft_sal_005590,ft_evt_0050,General,49000,,
ft_tkt_0010513,ft_sal_005591,ft_evt_0050,Cortesía,0,,
ft_tkt_0010514,ft_sal_005591,ft_evt_0050,Cortesía,0,,
ft_tkt_0010515,ft_sal_005592,ft_evt_0050,VIP,137000,,
ft_tkt_0010516,ft_sal_005592,ft_evt_0050,VIP,137000,,
ft_tkt_0010517,ft_sal_005593,ft_evt_0050,Preferencial,98000,,
ft_tkt_0010518,ft_sal_005594,ft_evt_0050,General,42000,,
ft_tkt_0010519,ft_sal_005594,ft_evt_0050,General,42000,,
ft_tkt_0010520,ft_sal_005595,ft_evt_0050,General,48000,,
ft_tkt_0010521,ft_sal_005595,ft_evt_0050,General,48000,,
ft_tkt_0010522,ft_sal_005596,ft_evt_0050,Preferencial,98000,,
ft_tkt_0010523,ft_sal_005597,ft_evt_0050,General,44000,,
ft_tkt_0010524,ft_sal_005597,ft_evt_0050,General,44000,,
ft_tkt_0010525,ft_sal_005598,ft_evt_0050,General,61000,,
ft_tkt_0010526,ft_sal_005598,ft_evt_0050,General,61000,,
ft_tkt_0010527,ft_sal_005599,ft_evt_0050,General,60000,,
ft_tkt_0010528,ft_sal_005600,ft_evt_0050,General,60000,,
ft_tkt_0010529,ft_sal_005600,ft_evt_0050,General,60000,,
ft_tkt_0010530,ft_sal_005601,ft_evt_0050,VIP,140000,,
ft_tkt_0010531,ft_sal_005601,ft_evt_0050,VIP,140000,,
ft_tkt_0010532,ft_sal_005602,ft_evt_0050,Cortesía,0,,
ft_tkt_0010533,ft_sal_005603,ft_evt_0050,General,54000,,
ft_tkt_0010534,ft_sal_005603,ft_evt_0050,General,54000,,
ft_tkt_0010535,ft_sal_005603,ft_evt_0050,General,54000,,
ft_tkt_0010536,ft_sal_005603,ft_evt_0050,General,54000,,
ft_tkt_0010537,ft_sal_005604,ft_evt_0050,General,62000,,
ft_tkt_0010538,ft_sal_005605,ft_evt_0050,General,44000,,
ft_tkt_0010539,ft_sal_005606,ft_evt_0050,General,42000,,
ft_tkt_0010540,ft_sal_005607,ft_evt_0050,VIP,134000,,
ft_tkt_0010541,ft_sal_005607,ft_evt_0050,VIP,134000,,
ft_tkt_0010542,ft_sal_005608,ft_evt_0050,General,67000,,
ft_tkt_0010543,ft_sal_005609,ft_evt_0050,General,44000,,
ft_tkt_0010544,ft_sal_005610,ft_evt_0050,Preferencial,90000,,
ft_tkt_0010545,ft_sal_005611,ft_evt_0050,General,48000,,
ft_tkt_0010546,ft_sal_005612,ft_evt_0050,General,56000,,
ft_tkt_0010547,ft_sal_005613,ft_evt_0050,Cortesía,0,,
ft_tkt_0010548,ft_sal_005613,ft_evt_0050,Cortesía,0,,
ft_tkt_0010549,ft_sal_005614,ft_evt_0050,General,43000,,
ft_tkt_0010550,ft_sal_005615,ft_evt_0050,Cortesía,0,,
ft_tkt_0010551,ft_sal_005616,ft_evt_0050,General,63000,,
ft_tkt_0010552,ft_sal_005617,ft_evt_0050,General,42000,,
ft_tkt_0010553,ft_sal_005617,ft_evt_0050,General,42000,,
ft_tkt_0010554,ft_sal_005617,ft_evt_0050,General,42000,,
ft_tkt_0010555,ft_sal_005618,ft_evt_0050,Preferencial,102000,,
ft_tkt_0010556,ft_sal_005619,ft_evt_0050,Preferencial,93000,,
ft_tkt_0010557,ft_sal_005620,ft_evt_0050,General,46000,,
ft_tkt_0010558,ft_sal_005621,ft_evt_0050,General,41000,,
ft_tkt_0010559,ft_sal_005621,ft_evt_0050,General,41000,,
ft_tkt_0010560,ft_sal_005622,ft_evt_0050,General,48000,,
ft_tkt_0010561,ft_sal_005622,ft_evt_0050,General,48000,,
ft_tkt_0010562,ft_sal_005622,ft_evt_0050,General,48000,,
ft_tkt_0010563,ft_sal_005622,ft_evt_0050,General,48000,,
ft_tkt_0010564,ft_sal_005622,ft_evt_0050,General,48000,,
ft_tkt_0010565,ft_sal_005622,ft_evt_0050,General,48000,,
ft_tkt_0010566,ft_sal_005623,ft_evt_0050,General,56000,,
ft_tkt_0010567,ft_sal_005624,ft_evt_0050,General,44000,,
ft_tkt_0010568,ft_sal_005624,ft_evt_0050,General,44000,,
ft_tkt_0010569,ft_sal_005625,ft_evt_0050,Preferencial,93000,,
ft_tkt_0010570,ft_sal_005626,ft_evt_0050,Preferencial,92000,,
ft_tkt_0010571,ft_sal_005626,ft_evt_0050,Preferencial,92000,,
ft_tkt_0010572,ft_sal_005626,ft_evt_0050,Preferencial,92000,,
ft_tkt_0010573,ft_sal_005626,ft_evt_0050,Preferencial,92000,,
ft_tkt_0010574,ft_sal_005627,ft_evt_0050,Preferencial,97000,,
ft_tkt_0010575,ft_sal_005628,ft_evt_0050,General,62000,,
ft_tkt_0010576,ft_sal_005629,ft_evt_0050,General,46000,,
ft_tkt_0010577,ft_sal_005630,ft_evt_0050,General,61000,,
ft_tkt_0010578,ft_sal_005631,ft_evt_0050,General,65000,,
ft_tkt_0010579,ft_sal_005631,ft_evt_0050,General,65000,,
ft_tkt_0010580,ft_sal_005632,ft_evt_0050,Cortesía,0,,
ft_tkt_0010581,ft_sal_005632,ft_evt_0050,Cortesía,0,,
ft_tkt_0010582,ft_sal_005632,ft_evt_0050,Cortesía,0,,
ft_tkt_0010583,ft_sal_005632,ft_evt_0050,Cortesía,0,,
ft_tkt_0010584,ft_sal_005632,ft_evt_0050,Cortesía,0,,
ft_tkt_0010585,ft_sal_005632,ft_evt_0050,Cortesía,0,,
ft_tkt_0010586,ft_sal_005633,ft_evt_0050,Preferencial,100000,,
ft_tkt_0010587,ft_sal_005633,ft_evt_0050,Preferencial,100000,,
ft_tkt_0010588,ft_sal_005634,ft_evt_0050,General,65000,,
ft_tkt_0010589,ft_sal_005634,ft_evt_0050,General,65000,,
ft_tkt_0010590,ft_sal_005635,ft_evt_0050,General,63000,,
ft_tkt_0010591,ft_sal_005635,ft_evt_0050,General,63000,,
ft_tkt_0010592,ft_sal_005635,ft_evt_0050,General,63000,,
ft_tkt_0010593,ft_sal_005635,ft_evt_0050,General,63000,,
ft_tkt_0010594,ft_sal_005636,ft_evt_0050,General,59000,,
ft_tkt_0010595,ft_sal_005636,ft_evt_0050,General,59000,,
ft_tkt_0010596,ft_sal_005636,ft_evt_0050,General,59000,,
ft_tkt_0010597,ft_sal_005637,ft_evt_0050,Cortesía,0,,
ft_tkt_0010598,ft_sal_005638,ft_evt_0050,General,40000,,
ft_tkt_0010599,ft_sal_005638,ft_evt_0050,General,40000,,
ft_tkt_0010600,ft_sal_005638,ft_evt_0050,General,40000,,
ft_tkt_0010601,ft_sal_005638,ft_evt_0050,General,40000,,
ft_tkt_0010602,ft_sal_005639,ft_evt_0050,Preferencial,94000,,
ft_tkt_0010603,ft_sal_005640,ft_evt_0050,General,46000,,
ft_tkt_0010604,ft_sal_005640,ft_evt_0050,General,46000,,
ft_tkt_0010605,ft_sal_005641,ft_evt_0050,General,46000,,
ft_tkt_0010606,ft_sal_005641,ft_evt_0050,General,46000,,
ft_tkt_0010607,ft_sal_005642,ft_evt_0050,Preferencial,89000,,
ft_tkt_0010608,ft_sal_005642,ft_evt_0050,Preferencial,89000,,
ft_tkt_0010609,ft_sal_005643,ft_evt_0050,Preferencial,98000,,
ft_tkt_0010610,ft_sal_005643,ft_evt_0050,Preferencial,98000,,
ft_tkt_0010611,ft_sal_005644,ft_evt_0050,General,42000,,
ft_tkt_0010612,ft_sal_005644,ft_evt_0050,General,42000,,
ft_tkt_0010613,ft_sal_005645,ft_evt_0050,Preferencial,103000,,
ft_tkt_0010614,ft_sal_005646,ft_evt_0050,General,45000,,
ft_tkt_0010615,ft_sal_005647,ft_evt_0050,VIP,130000,,
ft_tkt_0010616,ft_sal_005647,ft_evt_0050,VIP,130000,,
ft_tkt_0010617,ft_sal_005648,ft_evt_0050,General,63000,,
ft_tkt_0010618,ft_sal_005648,ft_evt_0050,General,63000,,
ft_tkt_0010619,ft_sal_005649,ft_evt_0050,General,48000,,
ft_tkt_0010620,ft_sal_005649,ft_evt_0050,General,48000,,
ft_tkt_0010621,ft_sal_005650,ft_evt_0050,Preferencial,92000,,
ft_tkt_0010622,ft_sal_005651,ft_evt_0050,General,44000,,
ft_tkt_0010623,ft_sal_005651,ft_evt_0050,General,44000,,
ft_tkt_0010624,ft_sal_005651,ft_evt_0050,General,44000,,
ft_tkt_0010625,ft_sal_005651,ft_evt_0050,General,44000,,
ft_tkt_0010626,ft_sal_005652,ft_evt_0050,General,58000,,
ft_tkt_0010627,ft_sal_005653,ft_evt_0050,Preferencial,90000,,
ft_tkt_0010628,ft_sal_005654,ft_evt_0050,General,46000,,
ft_tkt_0010629,ft_sal_005654,ft_evt_0050,General,46000,,
ft_tkt_0010630,ft_sal_005655,ft_evt_0050,General,66000,,
ft_tkt_0010631,ft_sal_005655,ft_evt_0050,General,66000,,
ft_tkt_0010632,ft_sal_005655,ft_evt_0050,General,66000,,
ft_tkt_0010633,ft_sal_005655,ft_evt_0050,General,66000,,
ft_tkt_0010634,ft_sal_005656,ft_evt_0050,VIP,145000,,
ft_tkt_0010635,ft_sal_005656,ft_evt_0050,VIP,145000,,
ft_tkt_0010636,ft_sal_005656,ft_evt_0050,VIP,145000,,
ft_tkt_0010637,ft_sal_005656,ft_evt_0050,VIP,145000,,
ft_tkt_0010638,ft_sal_005657,ft_evt_0050,General,44000,,
ft_tkt_0010639,ft_sal_005658,ft_evt_0050,General,46000,,
ft_tkt_0010640,ft_sal_005659,ft_evt_0050,General,64000,,
ft_tkt_0010641,ft_sal_005659,ft_evt_0050,General,64000,,
ft_tkt_0010642,ft_sal_005660,ft_evt_0050,VIP,131000,,
ft_tkt_0010643,ft_sal_005661,ft_evt_0050,General,43000,,
ft_tkt_0010644,ft_sal_005661,ft_evt_0050,General,43000,,
ft_tkt_0010645,ft_sal_005662,ft_evt_0050,VIP,141000,,
ft_tkt_0010646,ft_sal_005662,ft_evt_0050,VIP,141000,,
ft_tkt_0010647,ft_sal_005663,ft_evt_0050,General,54000,,
ft_tkt_0010648,ft_sal_005663,ft_evt_0050,General,54000,,
ft_tkt_0010649,ft_sal_005664,ft_evt_0050,General,45000,,
ft_tkt_0010650,ft_sal_005664,ft_evt_0050,General,45000,,
ft_tkt_0010651,ft_sal_005665,ft_evt_0050,General,63000,,
ft_tkt_0010652,ft_sal_005666,ft_evt_0050,Preferencial,96000,,
ft_tkt_0010653,ft_sal_005666,ft_evt_0050,Preferencial,96000,,
ft_tkt_0010654,ft_sal_005667,ft_evt_0050,Cortesía,0,,
ft_tkt_0010655,ft_sal_005667,ft_evt_0050,Cortesía,0,,
ft_tkt_0010656,ft_sal_005668,ft_evt_0050,General,45000,,
ft_tkt_0010657,ft_sal_005668,ft_evt_0050,General,45000,,
ft_tkt_0010658,ft_sal_005668,ft_evt_0050,General,45000,,
ft_tkt_0010659,ft_sal_005669,ft_evt_0050,General,47000,,
ft_tkt_0010660,ft_sal_005669,ft_evt_0050,General,47000,,
ft_tkt_0010661,ft_sal_005670,ft_evt_0050,General,41000,,
ft_tkt_0010662,ft_sal_005671,ft_evt_0050,Preferencial,91000,,
ft_tkt_0010663,ft_sal_005671,ft_evt_0050,Preferencial,91000,,
ft_tkt_0010664,ft_sal_005672,ft_evt_0050,General,64000,,
ft_tkt_0010665,ft_sal_005672,ft_evt_0050,General,64000,,
ft_tkt_0010666,ft_sal_005672,ft_evt_0050,General,64000,,
ft_tkt_0010667,ft_sal_005672,ft_evt_0050,General,64000,,
ft_tkt_0010668,ft_sal_005672,ft_evt_0050,General,64000,,
ft_tkt_0010669,ft_sal_005672,ft_evt_0050,General,64000,,
ft_tkt_0010670,ft_sal_005673,ft_evt_0050,VIP,131000,,
ft_tkt_0010671,ft_sal_005674,ft_evt_0050,General,60000,,
ft_tkt_0010672,ft_sal_005674,ft_evt_0050,General,60000,,
ft_tkt_0010673,ft_sal_005675,ft_evt_0050,VIP,141000,,
ft_tkt_0010674,ft_sal_005675,ft_evt_0050,VIP,141000,,
ft_tkt_0010675,ft_sal_005675,ft_evt_0050,VIP,141000,,
ft_tkt_0010676,ft_sal_005676,ft_evt_0050,General,59000,,
ft_tkt_0010677,ft_sal_005677,ft_evt_0050,General,47000,,
ft_tkt_0010678,ft_sal_005678,ft_evt_0050,VIP,141000,,
ft_tkt_0010679,ft_sal_005678,ft_evt_0050,VIP,141000,,
ft_tkt_0010680,ft_sal_005679,ft_evt_0050,General,48000,,
ft_tkt_0010681,ft_sal_005679,ft_evt_0050,General,48000,,
ft_tkt_0010682,ft_sal_005680,ft_evt_0050,General,57000,,
ft_tkt_0010683,ft_sal_005681,ft_evt_0050,General,57000,,
ft_tkt_0010684,ft_sal_005681,ft_evt_0050,General,57000,,
ft_tkt_0010685,ft_sal_005681,ft_evt_0050,General,57000,,
ft_tkt_0010686,ft_sal_005682,ft_evt_0050,General,65000,,
ft_tkt_0010687,ft_sal_005683,ft_evt_0050,Preferencial,106000,,
ft_tkt_0010688,ft_sal_005683,ft_evt_0050,Preferencial,106000,,
ft_tkt_0010689,ft_sal_005684,ft_evt_0050,General,46000,,
ft_tkt_0010690,ft_sal_005685,ft_evt_0050,General,44000,,
ft_tkt_0010691,ft_sal_005685,ft_evt_0050,General,44000,,
ft_tkt_0010692,ft_sal_005686,ft_evt_0050,General,64000,,
ft_tkt_0010693,ft_sal_005687,ft_evt_0050,General,51000,,
ft_tkt_0010694,ft_sal_005688,ft_evt_0050,General,47000,,
ft_tkt_0010695,ft_sal_005689,ft_evt_0050,General,48000,,
ft_tkt_0010696,ft_sal_005690,ft_evt_0050,Preferencial,104000,,
ft_tkt_0010697,ft_sal_005690,ft_evt_0050,Preferencial,104000,,
ft_tkt_0010698,ft_sal_005691,ft_evt_0050,General,47000,,
ft_tkt_0010699,ft_sal_005692,ft_evt_0050,General,58000,,
ft_tkt_0010700,ft_sal_005692,ft_evt_0050,General,58000,,
ft_tkt_0010701,ft_sal_005693,ft_evt_0050,Preferencial,95000,,
ft_tkt_0010702,ft_sal_005694,ft_evt_0050,Cortesía,0,,
ft_tkt_0010703,ft_sal_005695,ft_evt_0050,Cortesía,0,,
ft_tkt_0010704,ft_sal_005696,ft_evt_0050,Cortesía,0,,
ft_tkt_0010705,ft_sal_005697,ft_evt_0050,General,56000,,
ft_tkt_0010706,ft_sal_005697,ft_evt_0050,General,56000,,
ft_tkt_0010707,ft_sal_005698,ft_evt_0050,General,54000,,
ft_tkt_0010708,ft_sal_005698,ft_evt_0050,General,54000,,
ft_tkt_0010709,ft_sal_005699,ft_evt_0050,General,45000,,
ft_tkt_0010710,ft_sal_005699,ft_evt_0050,General,45000,,
ft_tkt_0010711,ft_sal_005700,ft_evt_0050,General,40000,,
ft_tkt_0010712,ft_sal_005701,ft_evt_0050,General,54000,,
ft_tkt_0010713,ft_sal_005701,ft_evt_0050,General,54000,,
ft_tkt_0010714,ft_sal_005701,ft_evt_0050,General,54000,,
ft_tkt_0010715,ft_sal_005701,ft_evt_0050,General,54000,,
ft_tkt_0010716,ft_sal_005701,ft_evt_0050,General,54000,,
ft_tkt_0010717,ft_sal_005701,ft_evt_0050,General,54000,,
ft_tkt_0010718,ft_sal_005702,ft_evt_0050,General,46000,,
ft_tkt_0010719,ft_sal_005702,ft_evt_0050,General,46000,,
ft_tkt_0010720,ft_sal_005703,ft_evt_0050,General,48000,,
ft_tkt_0010721,ft_sal_005703,ft_evt_0050,General,48000,,
ft_tkt_0010722,ft_sal_005704,ft_evt_0050,VIP,141000,,
ft_tkt_0010723,ft_sal_005705,ft_evt_0050,General,43000,,
ft_tkt_0010724,ft_sal_005706,ft_evt_0050,Preferencial,98000,,
ft_tkt_0010725,ft_sal_005707,ft_evt_0050,General,56000,,
ft_tkt_0010726,ft_sal_005707,ft_evt_0050,General,56000,,
ft_tkt_0010727,ft_sal_005707,ft_evt_0050,General,56000,,
ft_tkt_0010728,ft_sal_005707,ft_evt_0050,General,56000,,
ft_tkt_0010729,ft_sal_005708,ft_evt_0050,VIP,132000,,
ft_tkt_0010730,ft_sal_005708,ft_evt_0050,VIP,132000,,
ft_tkt_0010731,ft_sal_005709,ft_evt_0050,VIP,145000,,
ft_tkt_0010732,ft_sal_005709,ft_evt_0050,VIP,145000,,
ft_tkt_0010733,ft_sal_005710,ft_evt_0050,General,44000,,
ft_tkt_0010734,ft_sal_005711,ft_evt_0050,General,45000,,
ft_tkt_0010735,ft_sal_005711,ft_evt_0050,General,45000,,
ft_tkt_0010736,ft_sal_005712,ft_evt_0050,VIP,146000,,
ft_tkt_0010737,ft_sal_005712,ft_evt_0050,VIP,146000,,
ft_tkt_0010738,ft_sal_005713,ft_evt_0050,General,47000,,
ft_tkt_0010739,ft_sal_005713,ft_evt_0050,General,47000,,
ft_tkt_0010740,ft_sal_005713,ft_evt_0050,General,47000,,
ft_tkt_0010741,ft_sal_005713,ft_evt_0050,General,47000,,
ft_tkt_0010742,ft_sal_005714,ft_evt_0050,General,43000,,
ft_tkt_0010743,ft_sal_005714,ft_evt_0050,General,43000,,
ft_tkt_0010744,ft_sal_005715,ft_evt_0050,VIP,133000,,
ft_tkt_0010745,ft_sal_005716,ft_evt_0050,General,41000,,
ft_tkt_0010746,ft_sal_005716,ft_evt_0050,General,41000,,
ft_tkt_0010747,ft_sal_005716,ft_evt_0050,General,41000,,
ft_tkt_0010748,ft_sal_005717,ft_evt_0050,Preferencial,99000,,
ft_tkt_0010749,ft_sal_005717,ft_evt_0050,Preferencial,99000,,
ft_tkt_0010750,ft_sal_005718,ft_evt_0050,General,64000,,
ft_tkt_0010751,ft_sal_005719,ft_evt_0050,General,46000,,
ft_tkt_0010752,ft_sal_005719,ft_evt_0050,General,46000,,
ft_tkt_0010753,ft_sal_005720,ft_evt_0050,General,54000,,
ft_tkt_0010754,ft_sal_005721,ft_evt_0050,General,43000,,
ft_tkt_0010755,ft_sal_005721,ft_evt_0050,General,43000,,
ft_tkt_0010756,ft_sal_005722,ft_evt_0050,VIP,146000,,
ft_tkt_0010757,ft_sal_005723,ft_evt_0050,General,44000,,
ft_tkt_0010758,ft_sal_005723,ft_evt_0050,General,44000,,
ft_tkt_0010759,ft_sal_005724,ft_evt_0050,General,57000,,
ft_tkt_0010760,ft_sal_005724,ft_evt_0050,General,57000,,
ft_tkt_0010761,ft_sal_005725,ft_evt_0050,General,63000,,
ft_tkt_0010762,ft_sal_005726,ft_evt_0050,VIP,124000,,
ft_tkt_0010763,ft_sal_005727,ft_evt_0050,General,59000,,
ft_tkt_0010764,ft_sal_005727,ft_evt_0050,General,59000,,
ft_tkt_0010765,ft_sal_005727,ft_evt_0050,General,59000,,
ft_tkt_0010766,ft_sal_005727,ft_evt_0050,General,59000,,
ft_tkt_0010767,ft_sal_005728,ft_evt_0050,General,44000,,
ft_tkt_0010768,ft_sal_005728,ft_evt_0050,General,44000,,
ft_tkt_0010769,ft_sal_005729,ft_evt_0050,General,42000,,
ft_tkt_0010770,ft_sal_005729,ft_evt_0050,General,42000,,
ft_tkt_0010771,ft_sal_005729,ft_evt_0050,General,42000,,
ft_tkt_0010772,ft_sal_005730,ft_evt_0050,General,47000,,
ft_tkt_0010773,ft_sal_005730,ft_evt_0050,General,47000,,
ft_tkt_0010774,ft_sal_005730,ft_evt_0050,General,47000,,
ft_tkt_0010775,ft_sal_005731,ft_evt_0050,General,40000,,
ft_tkt_0010776,ft_sal_005732,ft_evt_0050,Preferencial,85000,,
ft_tkt_0010777,ft_sal_005733,ft_evt_0050,General,47000,,
ft_tkt_0010778,ft_sal_005733,ft_evt_0050,General,47000,,
ft_tkt_0010779,ft_sal_005734,ft_evt_0050,General,48000,,
ft_tkt_0010780,ft_sal_005735,ft_evt_0050,General,59000,,
ft_tkt_0010781,ft_sal_005735,ft_evt_0050,General,59000,,
ft_tkt_0010782,ft_sal_005735,ft_evt_0050,General,59000,,
ft_tkt_0010783,ft_sal_005736,ft_evt_0050,General,62000,,
ft_tkt_0010784,ft_sal_005737,ft_evt_0050,Preferencial,86000,,
ft_tkt_0010785,ft_sal_005737,ft_evt_0050,Preferencial,86000,,
ft_tkt_0010786,ft_sal_005738,ft_evt_0050,General,48000,,
ft_tkt_0010787,ft_sal_005738,ft_evt_0050,General,48000,,
ft_tkt_0010788,ft_sal_005738,ft_evt_0050,General,48000,,
ft_tkt_0010789,ft_sal_005738,ft_evt_0050,General,48000,,
ft_tkt_0010790,ft_sal_005739,ft_evt_0050,VIP,146000,,
ft_tkt_0010791,ft_sal_005740,ft_evt_0050,VIP,143000,,
ft_tkt_0010792,ft_sal_005740,ft_evt_0050,VIP,143000,,
ft_tkt_0010793,ft_sal_005741,ft_evt_0050,Preferencial,94000,,
ft_tkt_0010794,ft_sal_005741,ft_evt_0050,Preferencial,94000,,
ft_tkt_0010795,ft_sal_005741,ft_evt_0050,Preferencial,94000,,
ft_tkt_0010796,ft_sal_005741,ft_evt_0050,Preferencial,94000,,
ft_tkt_0010797,ft_sal_005742,ft_evt_0050,VIP,138000,,
ft_tkt_0010798,ft_sal_005742,ft_evt_0050,VIP,138000,,
ft_tkt_0010799,ft_sal_005743,ft_evt_0050,Preferencial,95000,,
ft_tkt_0010800,ft_sal_005743,ft_evt_0050,Preferencial,95000,,
ft_tkt_0010801,ft_sal_005743,ft_evt_0050,Preferencial,95000,,
ft_tkt_0010802,ft_sal_005743,ft_evt_0050,Preferencial,95000,,
ft_tkt_0010803,ft_sal_005743,ft_evt_0050,Preferencial,95000,,
ft_tkt_0010804,ft_sal_005743,ft_evt_0050,Preferencial,95000,,
ft_tkt_0010805,ft_sal_005744,ft_evt_0050,General,44000,,
ft_tkt_0010806,ft_sal_005744,ft_evt_0050,General,44000,,
ft_tkt_0010807,ft_sal_005745,ft_evt_0050,General,49000,,
ft_tkt_0010808,ft_sal_005746,ft_evt_0050,Preferencial,91000,,
ft_tkt_0010809,ft_sal_005746,ft_evt_0050,Preferencial,91000,,
ft_tkt_0010810,ft_sal_005746,ft_evt_0050,Preferencial,91000,,
ft_tkt_0010811,ft_sal_005747,ft_evt_0050,General,45000,,
ft_tkt_0010812,ft_sal_005748,ft_evt_0050,General,44000,,
ft_tkt_0010813,ft_sal_005749,ft_evt_0050,General,41000,,
ft_tkt_0010814,ft_sal_005750,ft_evt_0050,Preferencial,99000,,
ft_tkt_0010815,ft_sal_005750,ft_evt_0050,Preferencial,99000,,
ft_tkt_0010816,ft_sal_005750,ft_evt_0050,Preferencial,99000,,
ft_tkt_0010817,ft_sal_005751,ft_evt_0050,General,44000,,
ft_tkt_0010818,ft_sal_005751,ft_evt_0050,General,44000,,
ft_tkt_0010819,ft_sal_005752,ft_evt_0050,VIP,133000,,
ft_tkt_0010820,ft_sal_005752,ft_evt_0050,VIP,133000,,
ft_tkt_0010821,ft_sal_005753,ft_evt_0050,Preferencial,99000,,
ft_tkt_0010822,ft_sal_005754,ft_evt_0050,General,43000,,
ft_tkt_0010823,ft_sal_005755,ft_evt_0050,General,61000,,
ft_tkt_0010824,ft_sal_005756,ft_evt_0050,VIP,142000,,
ft_tkt_0010825,ft_sal_005757,ft_evt_0050,Preferencial,103000,,
ft_tkt_0010826,ft_sal_005758,ft_evt_0050,General,46000,,
ft_tkt_0010827,ft_sal_005758,ft_evt_0050,General,46000,,
ft_tkt_0010828,ft_sal_005759,ft_evt_0050,General,42000,,
ft_tkt_0010829,ft_sal_005760,ft_evt_0050,General,42000,,
ft_tkt_0010830,ft_sal_005760,ft_evt_0050,General,42000,,
ft_tkt_0010831,ft_sal_005761,ft_evt_0050,General,56000,,
ft_tkt_0010832,ft_sal_005762,ft_evt_0050,General,44000,,
ft_tkt_0010833,ft_sal_005762,ft_evt_0050,General,44000,,
ft_tkt_0010834,ft_sal_005763,ft_evt_0050,VIP,143000,,
ft_tkt_0010835,ft_sal_005763,ft_evt_0050,VIP,143000,,
ft_tkt_0010836,ft_sal_005764,ft_evt_0050,General,52000,,
ft_tkt_0010837,ft_sal_005765,ft_evt_0050,General,44000,,
ft_tkt_0010838,ft_sal_005765,ft_evt_0050,General,44000,,
ft_tkt_0010839,ft_sal_005765,ft_evt_0050,General,44000,,
ft_tkt_0010840,ft_sal_005765,ft_evt_0050,General,44000,,
ft_tkt_0010841,ft_sal_005765,ft_evt_0050,General,44000,,
ft_tkt_0010842,ft_sal_005765,ft_evt_0050,General,44000,,
ft_tkt_0010843,ft_sal_005766,ft_evt_0050,Cortesía,0,,
ft_tkt_0010844,ft_sal_005767,ft_evt_0050,General,47000,,
ft_tkt_0010845,ft_sal_005767,ft_evt_0050,General,47000,,
ft_tkt_0010846,ft_sal_005767,ft_evt_0050,General,47000,,
ft_tkt_0010847,ft_sal_005767,ft_evt_0050,General,47000,,
ft_tkt_0010848,ft_sal_005768,ft_evt_0050,General,66000,,
ft_tkt_0010849,ft_sal_005769,ft_evt_0050,General,61000,,
ft_tkt_0010850,ft_sal_005770,ft_evt_0050,Preferencial,100000,,
ft_tkt_0010851,ft_sal_005770,ft_evt_0050,Preferencial,100000,,
ft_tkt_0010852,ft_sal_005771,ft_evt_0050,General,45000,,
ft_tkt_0010853,ft_sal_005771,ft_evt_0050,General,45000,,
ft_tkt_0010854,ft_sal_005772,ft_evt_0050,Preferencial,91000,,
ft_tkt_0010855,ft_sal_005772,ft_evt_0050,Preferencial,91000,,
ft_tkt_0010856,ft_sal_005772,ft_evt_0050,Preferencial,91000,,
ft_tkt_0010857,ft_sal_005773,ft_evt_0050,General,45000,,
ft_tkt_0010858,ft_sal_005773,ft_evt_0050,General,45000,,
ft_tkt_0010859,ft_sal_005774,ft_evt_0050,General,62000,,
ft_tkt_0010860,ft_sal_005775,ft_evt_0050,General,62000,,
ft_tkt_0010861,ft_sal_005775,ft_evt_0050,General,62000,,
ft_tkt_0010862,ft_sal_005775,ft_evt_0050,General,62000,,
ft_tkt_0010863,ft_sal_005775,ft_evt_0050,General,62000,,
ft_tkt_0010864,ft_sal_005776,ft_evt_0050,VIP,142000,,
ft_tkt_0010865,ft_sal_005777,ft_evt_0050,General,57000,,
ft_tkt_0010866,ft_sal_005777,ft_evt_0050,General,57000,,
ft_tkt_0010867,ft_sal_005777,ft_evt_0050,General,57000,,
ft_tkt_0010868,ft_sal_005777,ft_evt_0050,General,57000,,
ft_tkt_0010869,ft_sal_005777,ft_evt_0050,General,57000,,
ft_tkt_0010870,ft_sal_005777,ft_evt_0050,General,57000,,
ft_tkt_0010871,ft_sal_005778,ft_evt_0050,Preferencial,85000,,
ft_tkt_0010872,ft_sal_005778,ft_evt_0050,Preferencial,85000,,
ft_tkt_0010873,ft_sal_005778,ft_evt_0050,Preferencial,85000,,
ft_tkt_0010874,ft_sal_005778,ft_evt_0050,Preferencial,85000,,
ft_tkt_0010875,ft_sal_005778,ft_evt_0050,Preferencial,85000,,
ft_tkt_0010876,ft_sal_005778,ft_evt_0050,Preferencial,85000,,
ft_tkt_0010877,ft_sal_005779,ft_evt_0050,General,44000,,
ft_tkt_0010878,ft_sal_005779,ft_evt_0050,General,44000,,
ft_tkt_0010879,ft_sal_005779,ft_evt_0050,General,44000,,
ft_tkt_0010880,ft_sal_005779,ft_evt_0050,General,44000,,
ft_tkt_0010881,ft_sal_005780,ft_evt_0050,Cortesía,0,,
ft_tkt_0010882,ft_sal_005781,ft_evt_0050,General,60000,,
ft_tkt_0010883,ft_sal_005781,ft_evt_0050,General,60000,,
ft_tkt_0010884,ft_sal_005782,ft_evt_0050,VIP,135000,,
ft_tkt_0010885,ft_sal_005783,ft_evt_0050,VIP,135000,,
ft_tkt_0010886,ft_sal_005783,ft_evt_0050,VIP,135000,,
ft_tkt_0010887,ft_sal_005784,ft_evt_0050,General,44000,,
ft_tkt_0010888,ft_sal_005784,ft_evt_0050,General,44000,,
ft_tkt_0010889,ft_sal_005785,ft_evt_0050,General,55000,,
ft_tkt_0010890,ft_sal_005786,ft_evt_0050,General,46000,,
ft_tkt_0010891,ft_sal_005786,ft_evt_0050,General,46000,,
ft_tkt_0010892,ft_sal_005787,ft_evt_0050,VIP,133000,,
ft_tkt_0010893,ft_sal_005788,ft_evt_0050,General,45000,,
ft_tkt_0010894,ft_sal_005788,ft_evt_0050,General,45000,,
ft_tkt_0010895,ft_sal_005789,ft_evt_0050,General,62000,,
ft_tkt_0010896,ft_sal_005789,ft_evt_0050,General,62000,,
ft_tkt_0010897,ft_sal_005790,ft_evt_0050,VIP,160000,,
ft_tkt_0010898,ft_sal_005790,ft_evt_0050,VIP,160000,,
ft_tkt_0010899,ft_sal_005791,ft_evt_0050,Preferencial,95000,,
ft_tkt_0010900,ft_sal_005791,ft_evt_0050,Preferencial,95000,,
ft_tkt_0010901,ft_sal_005792,ft_evt_0050,General,60000,,
ft_tkt_0010902,ft_sal_005792,ft_evt_0050,General,60000,,
ft_tkt_0010903,ft_sal_005793,ft_evt_0050,VIP,151000,,
ft_tkt_0010904,ft_sal_005794,ft_evt_0050,Preferencial,95000,,
ft_tkt_0010905,ft_sal_005794,ft_evt_0050,Preferencial,95000,,
ft_tkt_0010906,ft_sal_005795,ft_evt_0050,General,46000,,
ft_tkt_0010907,ft_sal_005795,ft_evt_0050,General,46000,,
ft_tkt_0010908,ft_sal_005795,ft_evt_0050,General,46000,,
ft_tkt_0010909,ft_sal_005795,ft_evt_0050,General,46000,,
ft_tkt_0010910,ft_sal_005796,ft_evt_0050,General,40000,,
ft_tkt_0010911,ft_sal_005797,ft_evt_0050,General,46000,,
ft_tkt_0010912,ft_sal_005797,ft_evt_0050,General,46000,,
ft_tkt_0010913,ft_sal_005798,ft_evt_0050,General,45000,,
ft_tkt_0010914,ft_sal_005799,ft_evt_0050,General,58000,,
ft_tkt_0010915,ft_sal_005799,ft_evt_0050,General,58000,,
ft_tkt_0010916,ft_sal_005799,ft_evt_0050,General,58000,,
ft_tkt_0010917,ft_sal_005799,ft_evt_0050,General,58000,,
ft_tkt_0010918,ft_sal_005800,ft_evt_0050,Preferencial,95000,,
ft_tkt_0010919,ft_sal_005801,ft_evt_0050,General,56000,,
ft_tkt_0010920,ft_sal_005802,ft_evt_0050,Preferencial,96000,,
ft_tkt_0010921,ft_sal_005803,ft_evt_0050,Cortesía,0,,
ft_tkt_0010922,ft_sal_005804,ft_evt_0050,Preferencial,98000,,
ft_tkt_0010923,ft_sal_005804,ft_evt_0050,Preferencial,98000,,
ft_tkt_0010924,ft_sal_005804,ft_evt_0050,Preferencial,98000,,
ft_tkt_0010925,ft_sal_005804,ft_evt_0050,Preferencial,98000,,
ft_tkt_0010926,ft_sal_005805,ft_evt_0050,General,57000,,
ft_tkt_0010927,ft_sal_005805,ft_evt_0050,General,57000,,
ft_tkt_0010928,ft_sal_005806,ft_evt_0050,General,48000,,
ft_tkt_0010929,ft_sal_005806,ft_evt_0050,General,48000,,
ft_tkt_0010930,ft_sal_005807,ft_evt_0050,General,48000,,
ft_tkt_0010931,ft_sal_005807,ft_evt_0050,General,48000,,
ft_tkt_0010932,ft_sal_005807,ft_evt_0050,General,48000,,
ft_tkt_0010933,ft_sal_005808,ft_evt_0050,General,62000,,
ft_tkt_0010934,ft_sal_005808,ft_evt_0050,General,62000,,
ft_tkt_0010935,ft_sal_005809,ft_evt_0050,VIP,138000,,
ft_tkt_0010936,ft_sal_005810,ft_evt_0050,Preferencial,100000,,
ft_tkt_0010937,ft_sal_005811,ft_evt_0050,General,45000,,
ft_tkt_0010938,ft_sal_005812,ft_evt_0050,General,46000,,
ft_tkt_0010939,ft_sal_005812,ft_evt_0050,General,46000,,
ft_tkt_0010940,ft_sal_005813,ft_evt_0050,General,44000,,
ft_tkt_0010941,ft_sal_005813,ft_evt_0050,General,44000,,
ft_tkt_0010942,ft_sal_005814,ft_evt_0050,VIP,150000,,
ft_tkt_0010943,ft_sal_005815,ft_evt_0050,General,46000,,
ft_tkt_0010944,ft_sal_005815,ft_evt_0050,General,46000,,
ft_tkt_0010945,ft_sal_005816,ft_evt_0050,Preferencial,97000,,
ft_tkt_0010946,ft_sal_005816,ft_evt_0050,Preferencial,97000,,
ft_tkt_0010947,ft_sal_005817,ft_evt_0050,General,61000,,
ft_tkt_0010948,ft_sal_005818,ft_evt_0050,Preferencial,95000,,
ft_tkt_0010949,ft_sal_005819,ft_evt_0050,General,60000,,
ft_tkt_0010950,ft_sal_005820,ft_evt_0050,VIP,134000,,
ft_tkt_0010951,ft_sal_005820,ft_evt_0050,VIP,134000,,
ft_tkt_0010952,ft_sal_005820,ft_evt_0050,VIP,134000,,
ft_tkt_0010953,ft_sal_005820,ft_evt_0050,VIP,134000,,
ft_tkt_0010954,ft_sal_005821,ft_evt_0050,General,45000,,
ft_tkt_0010955,ft_sal_005821,ft_evt_0050,General,45000,,
ft_tkt_0010956,ft_sal_005822,ft_evt_0050,VIP,143000,,
ft_tkt_0010957,ft_sal_005823,ft_evt_0050,General,62000,,
ft_tkt_0010958,ft_sal_005823,ft_evt_0050,General,62000,,
ft_tkt_0010959,ft_sal_005824,ft_evt_0050,Preferencial,87000,,
ft_tkt_0010960,ft_sal_005824,ft_evt_0050,Preferencial,87000,,
ft_tkt_0010961,ft_sal_005825,ft_evt_0050,General,55000,,
ft_tkt_0010962,ft_sal_005826,ft_evt_0050,General,44000,,
ft_tkt_0010963,ft_sal_005827,ft_evt_0050,General,43000,,
ft_tkt_0010964,ft_sal_005828,ft_evt_0050,Preferencial,96000,,
ft_tkt_0010965,ft_sal_005829,ft_evt_0050,General,60000,,
ft_tkt_0010966,ft_sal_005829,ft_evt_0050,General,60000,,
ft_tkt_0010967,ft_sal_005829,ft_evt_0050,General,60000,,
ft_tkt_0010968,ft_sal_005830,ft_evt_0050,General,60000,,
ft_tkt_0010969,ft_sal_005831,ft_evt_0050,Cortesía,0,,
ft_tkt_0010970,ft_sal_005832,ft_evt_0050,Preferencial,98000,,
ft_tkt_0010971,ft_sal_005833,ft_evt_0050,General,58000,,
ft_tkt_0010972,ft_sal_005833,ft_evt_0050,General,58000,,
ft_tkt_0010973,ft_sal_005834,ft_evt_0050,General,59000,,
ft_tkt_0010974,ft_sal_005835,ft_evt_0050,General,42000,,
ft_tkt_0010975,ft_sal_005835,ft_evt_0050,General,42000,,
ft_tkt_0010976,ft_sal_005836,ft_evt_0050,General,46000,,
ft_tkt_0010977,ft_sal_005836,ft_evt_0050,General,46000,,
ft_tkt_0010978,ft_sal_005837,ft_evt_0050,General,56000,,
ft_tkt_0010979,ft_sal_005838,ft_evt_0050,VIP,131000,,
ft_tkt_0010980,ft_sal_005838,ft_evt_0050,VIP,131000,,
ft_tkt_0010981,ft_sal_005839,ft_evt_0050,General,39000,,
ft_tkt_0010982,ft_sal_005840,ft_evt_0050,General,47000,,
ft_tkt_0010983,ft_sal_005841,ft_evt_0050,General,45000,,
ft_tkt_0010984,ft_sal_005842,ft_evt_0050,General,57000,,
ft_tkt_0010985,ft_sal_005843,ft_evt_0050,General,58000,,
ft_tkt_0010986,ft_sal_005843,ft_evt_0050,General,58000,,
ft_tkt_0010987,ft_sal_005844,ft_evt_0006,Preferencial,93000,,
ft_tkt_0010988,ft_sal_005844,ft_evt_0006,Preferencial,93000,,
ft_tkt_0010989,ft_sal_005845,ft_evt_0006,General,58000,,
ft_tkt_0010990,ft_sal_005846,ft_evt_0006,General,59000,,
ft_tkt_0010991,ft_sal_005846,ft_evt_0006,General,59000,,
ft_tkt_0010992,ft_sal_005847,ft_evt_0006,General,43000,,
ft_tkt_0010993,ft_sal_005847,ft_evt_0006,General,43000,,
ft_tkt_0010994,ft_sal_005847,ft_evt_0006,General,43000,,
ft_tkt_0010995,ft_sal_005848,ft_evt_0006,General,45000,,
ft_tkt_0010996,ft_sal_005849,ft_evt_0006,Preferencial,94000,,
ft_tkt_0010997,ft_sal_005849,ft_evt_0006,Preferencial,94000,,
ft_tkt_0010998,ft_sal_005849,ft_evt_0006,Preferencial,94000,,
ft_tkt_0010999,ft_sal_005849,ft_evt_0006,Preferencial,94000,,
ft_tkt_0011000,ft_sal_005850,ft_evt_0006,VIP,143000,,
ft_tkt_0011001,ft_sal_005851,ft_evt_0006,VIP,143000,,
ft_tkt_0011002,ft_sal_005852,ft_evt_0006,General,61000,,
ft_tkt_0011003,ft_sal_005852,ft_evt_0006,General,61000,,
ft_tkt_0011004,ft_sal_005852,ft_evt_0006,General,61000,,
ft_tkt_0011005,ft_sal_005853,ft_evt_0006,Preferencial,91000,,
ft_tkt_0011006,ft_sal_005853,ft_evt_0006,Preferencial,91000,,
ft_tkt_0011007,ft_sal_005854,ft_evt_0006,General,63000,,
ft_tkt_0011008,ft_sal_005854,ft_evt_0006,General,63000,,
ft_tkt_0011009,ft_sal_005854,ft_evt_0006,General,63000,,
ft_tkt_0011010,ft_sal_005855,ft_evt_0006,General,46000,,
ft_tkt_0011011,ft_sal_005856,ft_evt_0006,VIP,141000,,
ft_tkt_0011012,ft_sal_005856,ft_evt_0006,VIP,141000,,
ft_tkt_0011013,ft_sal_005857,ft_evt_0006,VIP,140000,,
ft_tkt_0011014,ft_sal_005857,ft_evt_0006,VIP,140000,,
ft_tkt_0011015,ft_sal_005857,ft_evt_0006,VIP,140000,,
ft_tkt_0011016,ft_sal_005858,ft_evt_0006,Preferencial,97000,,
ft_tkt_0011017,ft_sal_005859,ft_evt_0006,VIP,145000,,
ft_tkt_0011018,ft_sal_005859,ft_evt_0006,VIP,145000,,
ft_tkt_0011019,ft_sal_005860,ft_evt_0006,VIP,157000,,
ft_tkt_0011020,ft_sal_005860,ft_evt_0006,VIP,157000,,
ft_tkt_0011021,ft_sal_005861,ft_evt_0006,General,43000,,
ft_tkt_0011022,ft_sal_005861,ft_evt_0006,General,43000,,
ft_tkt_0011023,ft_sal_005862,ft_evt_0006,General,46000,,
ft_tkt_0011024,ft_sal_005863,ft_evt_0006,VIP,128000,,
ft_tkt_0011025,ft_sal_005863,ft_evt_0006,VIP,128000,,
ft_tkt_0011026,ft_sal_005864,ft_evt_0006,General,47000,,
ft_tkt_0011027,ft_sal_005865,ft_evt_0006,Cortesía,0,,
ft_tkt_0011028,ft_sal_005866,ft_evt_0006,General,62000,,
ft_tkt_0011029,ft_sal_005867,ft_evt_0006,Preferencial,98000,,
ft_tkt_0011030,ft_sal_005868,ft_evt_0006,General,40000,,
ft_tkt_0011031,ft_sal_005869,ft_evt_0006,General,44000,,
ft_tkt_0011032,ft_sal_005870,ft_evt_0006,General,45000,,
ft_tkt_0011033,ft_sal_005871,ft_evt_0006,General,57000,,
ft_tkt_0011034,ft_sal_005872,ft_evt_0006,General,61000,,
ft_tkt_0011035,ft_sal_005873,ft_evt_0006,General,62000,,
ft_tkt_0011036,ft_sal_005874,ft_evt_0006,General,55000,,
ft_tkt_0011037,ft_sal_005874,ft_evt_0006,General,55000,,
ft_tkt_0011038,ft_sal_005875,ft_evt_0006,VIP,150000,,
ft_tkt_0011039,ft_sal_005876,ft_evt_0006,General,66000,,
ft_tkt_0011040,ft_sal_005876,ft_evt_0006,General,66000,,
ft_tkt_0011041,ft_sal_005877,ft_evt_0006,General,49000,,
ft_tkt_0011042,ft_sal_005877,ft_evt_0006,General,49000,,
ft_tkt_0011043,ft_sal_005878,ft_evt_0006,General,60000,,
ft_tkt_0011044,ft_sal_005879,ft_evt_0006,General,58000,,
ft_tkt_0011045,ft_sal_005880,ft_evt_0006,General,64000,,
ft_tkt_0011046,ft_sal_005880,ft_evt_0006,General,64000,,
ft_tkt_0011047,ft_sal_005881,ft_evt_0006,Preferencial,94000,,
ft_tkt_0011048,ft_sal_005881,ft_evt_0006,Preferencial,94000,,
ft_tkt_0011049,ft_sal_005881,ft_evt_0006,Preferencial,94000,,
ft_tkt_0011050,ft_sal_005881,ft_evt_0006,Preferencial,94000,,
ft_tkt_0011051,ft_sal_005882,ft_evt_0006,Preferencial,89000,,
ft_tkt_0011052,ft_sal_005882,ft_evt_0006,Preferencial,89000,,
ft_tkt_0011053,ft_sal_005883,ft_evt_0006,Preferencial,100000,,
ft_tkt_0011054,ft_sal_005883,ft_evt_0006,Preferencial,100000,,
ft_tkt_0011055,ft_sal_005884,ft_evt_0006,VIP,151000,,
ft_tkt_0011056,ft_sal_005885,ft_evt_0006,General,42000,,
ft_tkt_0011057,ft_sal_005886,ft_evt_0006,Preferencial,98000,,
ft_tkt_0011058,ft_sal_005886,ft_evt_0006,Preferencial,98000,,
ft_tkt_0011059,ft_sal_005886,ft_evt_0006,Preferencial,98000,,
ft_tkt_0011060,ft_sal_005886,ft_evt_0006,Preferencial,98000,,
ft_tkt_0011061,ft_sal_005887,ft_evt_0006,General,59000,,
ft_tkt_0011062,ft_sal_005888,ft_evt_0006,Preferencial,97000,,
ft_tkt_0011063,ft_sal_005889,ft_evt_0006,General,45000,,
ft_tkt_0011064,ft_sal_005890,ft_evt_0006,General,65000,,
ft_tkt_0011065,ft_sal_005891,ft_evt_0006,General,46000,,
ft_tkt_0011066,ft_sal_005891,ft_evt_0006,General,46000,,
ft_tkt_0011067,ft_sal_005891,ft_evt_0006,General,46000,,
ft_tkt_0011068,ft_sal_005891,ft_evt_0006,General,46000,,
ft_tkt_0011069,ft_sal_005892,ft_evt_0006,Cortesía,0,,
ft_tkt_0011070,ft_sal_005893,ft_evt_0006,VIP,139000,,
ft_tkt_0011071,ft_sal_005893,ft_evt_0006,VIP,139000,,
ft_tkt_0011072,ft_sal_005894,ft_evt_0006,General,45000,,
ft_tkt_0011073,ft_sal_005894,ft_evt_0006,General,45000,,
ft_tkt_0011074,ft_sal_005895,ft_evt_0006,Cortesía,0,,
ft_tkt_0011075,ft_sal_005895,ft_evt_0006,Cortesía,0,,
ft_tkt_0011076,ft_sal_005896,ft_evt_0006,Preferencial,90000,,
ft_tkt_0011077,ft_sal_005897,ft_evt_0006,VIP,150000,,
ft_tkt_0011078,ft_sal_005898,ft_evt_0006,Preferencial,92000,,
ft_tkt_0011079,ft_sal_005898,ft_evt_0006,Preferencial,92000,,
ft_tkt_0011080,ft_sal_005899,ft_evt_0006,Cortesía,0,,
ft_tkt_0011081,ft_sal_005899,ft_evt_0006,Cortesía,0,,
ft_tkt_0011082,ft_sal_005900,ft_evt_0006,General,44000,,
ft_tkt_0011083,ft_sal_005900,ft_evt_0006,General,44000,,
ft_tkt_0011084,ft_sal_005900,ft_evt_0006,General,44000,,
ft_tkt_0011085,ft_sal_005901,ft_evt_0006,Cortesía,0,,
ft_tkt_0011086,ft_sal_005902,ft_evt_0006,General,61000,,
ft_tkt_0011087,ft_sal_005902,ft_evt_0006,General,61000,,
ft_tkt_0011088,ft_sal_005902,ft_evt_0006,General,61000,,
ft_tkt_0011089,ft_sal_005902,ft_evt_0006,General,61000,,
ft_tkt_0011090,ft_sal_005902,ft_evt_0006,General,61000,,
ft_tkt_0011091,ft_sal_005902,ft_evt_0006,General,61000,,
ft_tkt_0011092,ft_sal_005903,ft_evt_0006,VIP,145000,,
ft_tkt_0011093,ft_sal_005903,ft_evt_0006,VIP,145000,,
ft_tkt_0011094,ft_sal_005904,ft_evt_0006,General,57000,,
ft_tkt_0011095,ft_sal_005905,ft_evt_0006,VIP,143000,,
ft_tkt_0011096,ft_sal_005905,ft_evt_0006,VIP,143000,,
ft_tkt_0011097,ft_sal_005906,ft_evt_0006,Cortesía,0,,
ft_tkt_0011098,ft_sal_005907,ft_evt_0006,VIP,144000,,
ft_tkt_0011099,ft_sal_005908,ft_evt_0006,Cortesía,0,,
ft_tkt_0011100,ft_sal_005908,ft_evt_0006,Cortesía,0,,
ft_tkt_0011101,ft_sal_005909,ft_evt_0006,Preferencial,104000,,
ft_tkt_0011102,ft_sal_005909,ft_evt_0006,Preferencial,104000,,
ft_tkt_0011103,ft_sal_005910,ft_evt_0006,General,44000,,
ft_tkt_0011104,ft_sal_005910,ft_evt_0006,General,44000,,
ft_tkt_0011105,ft_sal_005911,ft_evt_0006,General,41000,,
ft_tkt_0011106,ft_sal_005911,ft_evt_0006,General,41000,,
ft_tkt_0011107,ft_sal_005911,ft_evt_0006,General,41000,,
ft_tkt_0011108,ft_sal_005912,ft_evt_0006,Cortesía,0,,
ft_tkt_0011109,ft_sal_005912,ft_evt_0006,Cortesía,0,,
ft_tkt_0011110,ft_sal_005912,ft_evt_0006,Cortesía,0,,
ft_tkt_0011111,ft_sal_005912,ft_evt_0006,Cortesía,0,,
ft_tkt_0011112,ft_sal_005913,ft_evt_0006,General,42000,,
ft_tkt_0011113,ft_sal_005914,ft_evt_0006,General,47000,,
ft_tkt_0011114,ft_sal_005914,ft_evt_0006,General,47000,,
ft_tkt_0011115,ft_sal_005915,ft_evt_0006,General,49000,,
ft_tkt_0011116,ft_sal_005915,ft_evt_0006,General,49000,,
ft_tkt_0011117,ft_sal_005916,ft_evt_0006,General,65000,,
ft_tkt_0011118,ft_sal_005916,ft_evt_0006,General,65000,,
ft_tkt_0011119,ft_sal_005917,ft_evt_0006,Preferencial,98000,,
ft_tkt_0011120,ft_sal_005918,ft_evt_0006,General,45000,,
ft_tkt_0011121,ft_sal_005919,ft_evt_0054,General,45000,,
ft_tkt_0011122,ft_sal_005920,ft_evt_0054,VIP,140000,,
ft_tkt_0011123,ft_sal_005921,ft_evt_0054,VIP,138000,,
ft_tkt_0011124,ft_sal_005921,ft_evt_0054,VIP,138000,,
ft_tkt_0011125,ft_sal_005921,ft_evt_0054,VIP,138000,,
ft_tkt_0011126,ft_sal_005921,ft_evt_0054,VIP,138000,,
ft_tkt_0011127,ft_sal_005922,ft_evt_0054,General,47000,,
ft_tkt_0011128,ft_sal_005922,ft_evt_0054,General,47000,,
ft_tkt_0011129,ft_sal_005922,ft_evt_0054,General,47000,,
ft_tkt_0011130,ft_sal_005923,ft_evt_0054,VIP,146000,,
ft_tkt_0011131,ft_sal_005924,ft_evt_0054,General,47000,,
ft_tkt_0011132,ft_sal_005925,ft_evt_0054,General,42000,,
ft_tkt_0011133,ft_sal_005926,ft_evt_0054,Preferencial,97000,,
ft_tkt_0011134,ft_sal_005926,ft_evt_0054,Preferencial,97000,,
ft_tkt_0011135,ft_sal_005926,ft_evt_0054,Preferencial,97000,,
ft_tkt_0011136,ft_sal_005926,ft_evt_0054,Preferencial,97000,,
ft_tkt_0011137,ft_sal_005927,ft_evt_0054,General,41000,,
ft_tkt_0011138,ft_sal_005927,ft_evt_0054,General,41000,,
ft_tkt_0011139,ft_sal_005928,ft_evt_0054,Preferencial,95000,,
ft_tkt_0011140,ft_sal_005929,ft_evt_0054,General,48000,,
ft_tkt_0011141,ft_sal_005929,ft_evt_0054,General,48000,,
ft_tkt_0011142,ft_sal_005930,ft_evt_0054,General,60000,,
ft_tkt_0011143,ft_sal_005930,ft_evt_0054,General,60000,,
ft_tkt_0011144,ft_sal_005931,ft_evt_0054,General,59000,,
ft_tkt_0011145,ft_sal_005932,ft_evt_0054,VIP,143000,,
ft_tkt_0011146,ft_sal_005933,ft_evt_0054,General,45000,,
ft_tkt_0011147,ft_sal_005933,ft_evt_0054,General,45000,,
ft_tkt_0011148,ft_sal_005933,ft_evt_0054,General,45000,,
ft_tkt_0011149,ft_sal_005933,ft_evt_0054,General,45000,,
ft_tkt_0011150,ft_sal_005934,ft_evt_0054,Preferencial,89000,,
ft_tkt_0011151,ft_sal_005934,ft_evt_0054,Preferencial,89000,,
ft_tkt_0011152,ft_sal_005935,ft_evt_0054,VIP,130000,,
ft_tkt_0011153,ft_sal_005936,ft_evt_0054,General,45000,,
ft_tkt_0011154,ft_sal_005937,ft_evt_0054,General,45000,,
ft_tkt_0011155,ft_sal_005937,ft_evt_0054,General,45000,,
ft_tkt_0011156,ft_sal_005937,ft_evt_0054,General,45000,,
ft_tkt_0011157,ft_sal_005938,ft_evt_0054,General,62000,,
ft_tkt_0011158,ft_sal_005938,ft_evt_0054,General,62000,,
ft_tkt_0011159,ft_sal_005938,ft_evt_0054,General,62000,,
ft_tkt_0011160,ft_sal_005938,ft_evt_0054,General,62000,,
ft_tkt_0011161,ft_sal_005939,ft_evt_0054,Cortesía,0,,
ft_tkt_0011162,ft_sal_005940,ft_evt_0054,General,43000,,
ft_tkt_0011163,ft_sal_005940,ft_evt_0054,General,43000,,
ft_tkt_0011164,ft_sal_005940,ft_evt_0054,General,43000,,
ft_tkt_0011165,ft_sal_005940,ft_evt_0054,General,43000,,
ft_tkt_0011166,ft_sal_005941,ft_evt_0054,Preferencial,90000,,
ft_tkt_0011167,ft_sal_005942,ft_evt_0054,General,61000,,
ft_tkt_0011168,ft_sal_005942,ft_evt_0054,General,61000,,
ft_tkt_0011169,ft_sal_005943,ft_evt_0054,VIP,147000,,
ft_tkt_0011170,ft_sal_005943,ft_evt_0054,VIP,147000,,
ft_tkt_0011171,ft_sal_005944,ft_evt_0054,Preferencial,94000,,
ft_tkt_0011172,ft_sal_005945,ft_evt_0054,General,43000,,
ft_tkt_0011173,ft_sal_005946,ft_evt_0054,VIP,142000,,
ft_tkt_0011174,ft_sal_005946,ft_evt_0054,VIP,142000,,
ft_tkt_0011175,ft_sal_005947,ft_evt_0054,General,50000,,
ft_tkt_0011176,ft_sal_005948,ft_evt_0054,General,57000,,
ft_tkt_0011177,ft_sal_005949,ft_evt_0054,General,44000,,
ft_tkt_0011178,ft_sal_005949,ft_evt_0054,General,44000,,
ft_tkt_0011179,ft_sal_005950,ft_evt_0054,General,61000,,
ft_tkt_0011180,ft_sal_005950,ft_evt_0054,General,61000,,
ft_tkt_0011181,ft_sal_005951,ft_evt_0054,Preferencial,91000,,
ft_tkt_0011182,ft_sal_005952,ft_evt_0054,General,57000,,
ft_tkt_0011183,ft_sal_005953,ft_evt_0054,General,45000,,
ft_tkt_0011184,ft_sal_005953,ft_evt_0054,General,45000,,
ft_tkt_0011185,ft_sal_005953,ft_evt_0054,General,45000,,
ft_tkt_0011186,ft_sal_005954,ft_evt_0054,General,44000,,
ft_tkt_0011187,ft_sal_005954,ft_evt_0054,General,44000,,
ft_tkt_0011188,ft_sal_005954,ft_evt_0054,General,44000,,
ft_tkt_0011189,ft_sal_005954,ft_evt_0054,General,44000,,
ft_tkt_0011190,ft_sal_005955,ft_evt_0054,VIP,144000,,
ft_tkt_0011191,ft_sal_005956,ft_evt_0054,VIP,139000,,
ft_tkt_0011192,ft_sal_005957,ft_evt_0054,Preferencial,100000,,
ft_tkt_0011193,ft_sal_005957,ft_evt_0054,Preferencial,100000,,
ft_tkt_0011194,ft_sal_005957,ft_evt_0054,Preferencial,100000,,
ft_tkt_0011195,ft_sal_005957,ft_evt_0054,Preferencial,100000,,
ft_tkt_0011196,ft_sal_005957,ft_evt_0054,Preferencial,100000,,
ft_tkt_0011197,ft_sal_005957,ft_evt_0054,Preferencial,100000,,
ft_tkt_0011198,ft_sal_005958,ft_evt_0054,General,44000,,
ft_tkt_0011199,ft_sal_005958,ft_evt_0054,General,44000,,
ft_tkt_0011200,ft_sal_005959,ft_evt_0054,General,54000,,
ft_tkt_0011201,ft_sal_005960,ft_evt_0054,Cortesía,0,,
ft_tkt_0011202,ft_sal_005961,ft_evt_0054,General,44000,,
ft_tkt_0011203,ft_sal_005961,ft_evt_0054,General,44000,,
ft_tkt_0011204,ft_sal_005962,ft_evt_0054,Preferencial,98000,,
ft_tkt_0011205,ft_sal_005963,ft_evt_0054,General,44000,,
ft_tkt_0011206,ft_sal_005964,ft_evt_0054,Preferencial,89000,,
ft_tkt_0011207,ft_sal_005965,ft_evt_0054,Preferencial,97000,,
ft_tkt_0011208,ft_sal_005965,ft_evt_0054,Preferencial,97000,,
ft_tkt_0011209,ft_sal_005965,ft_evt_0054,Preferencial,97000,,
ft_tkt_0011210,ft_sal_005966,ft_evt_0054,General,45000,,
ft_tkt_0011211,ft_sal_005967,ft_evt_0054,VIP,130000,,
ft_tkt_0011212,ft_sal_005968,ft_evt_0054,General,59000,,
ft_tkt_0011213,ft_sal_005969,ft_evt_0054,VIP,134000,,
ft_tkt_0011214,ft_sal_005970,ft_evt_0054,VIP,128000,,
ft_tkt_0011215,ft_sal_005970,ft_evt_0054,VIP,128000,,
ft_tkt_0011216,ft_sal_005970,ft_evt_0054,VIP,128000,,
ft_tkt_0011217,ft_sal_005971,ft_evt_0054,General,44000,,
ft_tkt_0011218,ft_sal_005972,ft_evt_0054,Cortesía,0,,
ft_tkt_0011219,ft_sal_005973,ft_evt_0054,Preferencial,104000,,
ft_tkt_0011220,ft_sal_005974,ft_evt_0054,General,58000,,
ft_tkt_0011221,ft_sal_005975,ft_evt_0054,General,59000,,
ft_tkt_0011222,ft_sal_005976,ft_evt_0054,General,45000,,
ft_tkt_0011223,ft_sal_005976,ft_evt_0054,General,45000,,
ft_tkt_0011224,ft_sal_005977,ft_evt_0054,Preferencial,88000,,
ft_tkt_0011225,ft_sal_005977,ft_evt_0054,Preferencial,88000,,
ft_tkt_0011226,ft_sal_005978,ft_evt_0054,General,58000,,
ft_tkt_0011227,ft_sal_005979,ft_evt_0054,General,62000,,
ft_tkt_0011228,ft_sal_005980,ft_evt_0054,Preferencial,98000,,
ft_tkt_0011229,ft_sal_005980,ft_evt_0054,Preferencial,98000,,
ft_tkt_0011230,ft_sal_005980,ft_evt_0054,Preferencial,98000,,
ft_tkt_0011231,ft_sal_005980,ft_evt_0054,Preferencial,98000,,
ft_tkt_0011232,ft_sal_005981,ft_evt_0054,General,43000,,
ft_tkt_0011233,ft_sal_005981,ft_evt_0054,General,43000,,
ft_tkt_0011234,ft_sal_005982,ft_evt_0054,General,50000,,
ft_tkt_0011235,ft_sal_005983,ft_evt_0054,General,42000,,
ft_tkt_0011236,ft_sal_005983,ft_evt_0054,General,42000,,
ft_tkt_0011237,ft_sal_005983,ft_evt_0054,General,42000,,
ft_tkt_0011238,ft_sal_005983,ft_evt_0054,General,42000,,
ft_tkt_0011239,ft_sal_005983,ft_evt_0054,General,42000,,
ft_tkt_0011240,ft_sal_005983,ft_evt_0054,General,42000,,
ft_tkt_0011241,ft_sal_005984,ft_evt_0054,General,45000,,
ft_tkt_0011242,ft_sal_005984,ft_evt_0054,General,45000,,
ft_tkt_0011243,ft_sal_005985,ft_evt_0054,Preferencial,99000,,
ft_tkt_0011244,ft_sal_005986,ft_evt_0054,General,47000,,
ft_tkt_0011245,ft_sal_005987,ft_evt_0054,Preferencial,97000,,
ft_tkt_0011246,ft_sal_005988,ft_evt_0054,General,44000,,
ft_tkt_0011247,ft_sal_005988,ft_evt_0054,General,44000,,
ft_tkt_0011248,ft_sal_005988,ft_evt_0054,General,44000,,
ft_tkt_0011249,ft_sal_005988,ft_evt_0054,General,44000,,
ft_tkt_0011250,ft_sal_005989,ft_evt_0054,Cortesía,0,,
ft_tkt_0011251,ft_sal_005989,ft_evt_0054,Cortesía,0,,
ft_tkt_0011252,ft_sal_005990,ft_evt_0054,General,44000,,
ft_tkt_0011253,ft_sal_005990,ft_evt_0054,General,44000,,
ft_tkt_0011254,ft_sal_005991,ft_evt_0054,Cortesía,0,,
ft_tkt_0011255,ft_sal_005991,ft_evt_0054,Cortesía,0,,
ft_tkt_0011256,ft_sal_005991,ft_evt_0054,Cortesía,0,,
ft_tkt_0011257,ft_sal_005991,ft_evt_0054,Cortesía,0,,
ft_tkt_0011258,ft_sal_005991,ft_evt_0054,Cortesía,0,,
ft_tkt_0011259,ft_sal_005991,ft_evt_0054,Cortesía,0,,
ft_tkt_0011260,ft_sal_005992,ft_evt_0054,Cortesía,0,,
ft_tkt_0011261,ft_sal_005993,ft_evt_0054,General,61000,,
ft_tkt_0011262,ft_sal_005994,ft_evt_0054,General,45000,,
ft_tkt_0011263,ft_sal_005995,ft_evt_0054,Preferencial,98000,,
ft_tkt_0011264,ft_sal_005996,ft_evt_0054,General,61000,,
ft_tkt_0011265,ft_sal_005996,ft_evt_0054,General,61000,,
ft_tkt_0011266,ft_sal_005997,ft_evt_0054,General,59000,,
ft_tkt_0011267,ft_sal_005997,ft_evt_0054,General,59000,,
ft_tkt_0011268,ft_sal_005998,ft_evt_0054,General,43000,,
ft_tkt_0011269,ft_sal_005999,ft_evt_0054,General,46000,,
ft_tkt_0011270,ft_sal_005999,ft_evt_0054,General,46000,,
ft_tkt_0011271,ft_sal_006000,ft_evt_0054,General,47000,,
ft_tkt_0011272,ft_sal_006000,ft_evt_0054,General,47000,,
ft_tkt_0011273,ft_sal_006001,ft_evt_0054,Preferencial,98000,,
ft_tkt_0011274,ft_sal_006001,ft_evt_0054,Preferencial,98000,,
ft_tkt_0011275,ft_sal_006002,ft_evt_0054,General,62000,,
ft_tkt_0011276,ft_sal_006002,ft_evt_0054,General,62000,,
ft_tkt_0011277,ft_sal_006002,ft_evt_0054,General,62000,,
ft_tkt_0011278,ft_sal_006002,ft_evt_0054,General,62000,,
ft_tkt_0011279,ft_sal_006003,ft_evt_0054,Preferencial,91000,,
ft_tkt_0011280,ft_sal_006003,ft_evt_0054,Preferencial,91000,,
ft_tkt_0011281,ft_sal_006003,ft_evt_0054,Preferencial,91000,,
ft_tkt_0011282,ft_sal_006003,ft_evt_0054,Preferencial,91000,,
ft_tkt_0011283,ft_sal_006004,ft_evt_0054,Preferencial,100000,,
ft_tkt_0011284,ft_sal_006005,ft_evt_0054,VIP,144000,,
ft_tkt_0011285,ft_sal_006005,ft_evt_0054,VIP,144000,,
ft_tkt_0011286,ft_sal_006005,ft_evt_0054,VIP,144000,,
ft_tkt_0011287,ft_sal_006006,ft_evt_0041,General,62000,,
ft_tkt_0011288,ft_sal_006007,ft_evt_0041,Preferencial,95000,,
ft_tkt_0011289,ft_sal_006007,ft_evt_0041,Preferencial,95000,,
ft_tkt_0011290,ft_sal_006007,ft_evt_0041,Preferencial,95000,,
ft_tkt_0011291,ft_sal_006008,ft_evt_0041,General,59000,,
ft_tkt_0011292,ft_sal_006008,ft_evt_0041,General,59000,,
ft_tkt_0011293,ft_sal_006009,ft_evt_0041,General,46000,,
ft_tkt_0011294,ft_sal_006010,ft_evt_0041,Preferencial,101000,,
ft_tkt_0011295,ft_sal_006010,ft_evt_0041,Preferencial,101000,,
ft_tkt_0011296,ft_sal_006011,ft_evt_0041,General,59000,,
ft_tkt_0011297,ft_sal_006012,ft_evt_0041,General,55000,,
ft_tkt_0011298,ft_sal_006012,ft_evt_0041,General,55000,,
ft_tkt_0011299,ft_sal_006012,ft_evt_0041,General,55000,,
ft_tkt_0011300,ft_sal_006013,ft_evt_0041,General,48000,,
ft_tkt_0011301,ft_sal_006013,ft_evt_0041,General,48000,,
ft_tkt_0011302,ft_sal_006014,ft_evt_0041,Cortesía,0,,
ft_tkt_0011303,ft_sal_006015,ft_evt_0041,General,40000,,
ft_tkt_0011304,ft_sal_006016,ft_evt_0041,General,60000,,
ft_tkt_0011305,ft_sal_006017,ft_evt_0041,Preferencial,95000,,
ft_tkt_0011306,ft_sal_006018,ft_evt_0041,General,41000,,
ft_tkt_0011307,ft_sal_006018,ft_evt_0041,General,41000,,
ft_tkt_0011308,ft_sal_006019,ft_evt_0041,General,61000,,
ft_tkt_0011309,ft_sal_006020,ft_evt_0041,General,59000,,
ft_tkt_0011310,ft_sal_006021,ft_evt_0041,Preferencial,96000,,
ft_tkt_0011311,ft_sal_006021,ft_evt_0041,Preferencial,96000,,
ft_tkt_0011312,ft_sal_006022,ft_evt_0041,General,45000,,
ft_tkt_0011313,ft_sal_006022,ft_evt_0041,General,45000,,
ft_tkt_0011314,ft_sal_006023,ft_evt_0041,Preferencial,91000,,
ft_tkt_0011315,ft_sal_006024,ft_evt_0041,General,59000,,
ft_tkt_0011316,ft_sal_006024,ft_evt_0041,General,59000,,
ft_tkt_0011317,ft_sal_006025,ft_evt_0041,Preferencial,98000,,
ft_tkt_0011318,ft_sal_006025,ft_evt_0041,Preferencial,98000,,
ft_tkt_0011319,ft_sal_006025,ft_evt_0041,Preferencial,98000,,
ft_tkt_0011320,ft_sal_006025,ft_evt_0041,Preferencial,98000,,
ft_tkt_0011321,ft_sal_006026,ft_evt_0041,Preferencial,96000,,
ft_tkt_0011322,ft_sal_006027,ft_evt_0041,Preferencial,91000,,
ft_tkt_0011323,ft_sal_006027,ft_evt_0041,Preferencial,91000,,
ft_tkt_0011324,ft_sal_006028,ft_evt_0041,General,60000,,
ft_tkt_0011325,ft_sal_006028,ft_evt_0041,General,60000,,
ft_tkt_0011326,ft_sal_006029,ft_evt_0041,Cortesía,0,,
ft_tkt_0011327,ft_sal_006030,ft_evt_0041,General,65000,,
ft_tkt_0011328,ft_sal_006030,ft_evt_0041,General,65000,,
ft_tkt_0011329,ft_sal_006030,ft_evt_0041,General,65000,,
ft_tkt_0011330,ft_sal_006030,ft_evt_0041,General,65000,,
ft_tkt_0011331,ft_sal_006031,ft_evt_0041,General,47000,,
ft_tkt_0011332,ft_sal_006032,ft_evt_0041,General,47000,,
ft_tkt_0011333,ft_sal_006032,ft_evt_0041,General,47000,,
ft_tkt_0011334,ft_sal_006033,ft_evt_0041,General,54000,,
ft_tkt_0011335,ft_sal_006033,ft_evt_0041,General,54000,,
ft_tkt_0011336,ft_sal_006034,ft_evt_0041,Cortesía,0,,
ft_tkt_0011337,ft_sal_006034,ft_evt_0041,Cortesía,0,,
ft_tkt_0011338,ft_sal_006035,ft_evt_0041,Cortesía,0,,
ft_tkt_0011339,ft_sal_006036,ft_evt_0041,General,56000,,
ft_tkt_0011340,ft_sal_006037,ft_evt_0041,General,46000,,
ft_tkt_0011341,ft_sal_006037,ft_evt_0041,General,46000,,
ft_tkt_0011342,ft_sal_006038,ft_evt_0041,General,44000,,
ft_tkt_0011343,ft_sal_006038,ft_evt_0041,General,44000,,
ft_tkt_0011344,ft_sal_006039,ft_evt_0041,General,48000,,
ft_tkt_0011345,ft_sal_006040,ft_evt_0041,General,59000,,
ft_tkt_0011346,ft_sal_006040,ft_evt_0041,General,59000,,
ft_tkt_0011347,ft_sal_006040,ft_evt_0041,General,59000,,
ft_tkt_0011348,ft_sal_006040,ft_evt_0041,General,59000,,
ft_tkt_0011349,ft_sal_006041,ft_evt_0041,General,60000,,
ft_tkt_0011350,ft_sal_006041,ft_evt_0041,General,60000,,
ft_tkt_0011351,ft_sal_006042,ft_evt_0041,Preferencial,97000,,
ft_tkt_0011352,ft_sal_006043,ft_evt_0041,VIP,143000,,
ft_tkt_0011353,ft_sal_006044,ft_evt_0041,General,45000,,
ft_tkt_0011354,ft_sal_006045,ft_evt_0041,General,43000,,
ft_tkt_0011355,ft_sal_006045,ft_evt_0041,General,43000,,
ft_tkt_0011356,ft_sal_006045,ft_evt_0041,General,43000,,
ft_tkt_0011357,ft_sal_006045,ft_evt_0041,General,43000,,
ft_tkt_0011358,ft_sal_006046,ft_evt_0041,General,50000,,
ft_tkt_0011359,ft_sal_006047,ft_evt_0041,General,44000,,
ft_tkt_0011360,ft_sal_006048,ft_evt_0041,General,45000,,
ft_tkt_0011361,ft_sal_006048,ft_evt_0041,General,45000,,
ft_tkt_0011362,ft_sal_006048,ft_evt_0041,General,45000,,
ft_tkt_0011363,ft_sal_006049,ft_evt_0041,General,46000,,
ft_tkt_0011364,ft_sal_006050,ft_evt_0041,Preferencial,89000,,
ft_tkt_0011365,ft_sal_006050,ft_evt_0041,Preferencial,89000,,
ft_tkt_0011366,ft_sal_006051,ft_evt_0041,Preferencial,90000,,
ft_tkt_0011367,ft_sal_006052,ft_evt_0041,General,45000,,
ft_tkt_0011368,ft_sal_006053,ft_evt_0041,General,45000,,
ft_tkt_0011369,ft_sal_006054,ft_evt_0041,General,46000,,
ft_tkt_0011370,ft_sal_006054,ft_evt_0041,General,46000,,
ft_tkt_0011371,ft_sal_006055,ft_evt_0041,VIP,136000,,
ft_tkt_0011372,ft_sal_006055,ft_evt_0041,VIP,136000,,
ft_tkt_0011373,ft_sal_006056,ft_evt_0041,General,48000,,
ft_tkt_0011374,ft_sal_006057,ft_evt_0041,General,44000,,
ft_tkt_0011375,ft_sal_006057,ft_evt_0041,General,44000,,
ft_tkt_0011376,ft_sal_006058,ft_evt_0041,General,48000,,
ft_tkt_0011377,ft_sal_006059,ft_evt_0041,General,46000,,
ft_tkt_0011378,ft_sal_006060,ft_evt_0041,General,42000,,
ft_tkt_0011379,ft_sal_006060,ft_evt_0041,General,42000,,
ft_tkt_0011380,ft_sal_006060,ft_evt_0041,General,42000,,
ft_tkt_0011381,ft_sal_006060,ft_evt_0041,General,42000,,
ft_tkt_0011382,ft_sal_006061,ft_evt_0041,Preferencial,89000,,
ft_tkt_0011383,ft_sal_006062,ft_evt_0041,Preferencial,96000,,
ft_tkt_0011384,ft_sal_006063,ft_evt_0041,VIP,133000,,
ft_tkt_0011385,ft_sal_006063,ft_evt_0041,VIP,133000,,
ft_tkt_0011386,ft_sal_006064,ft_evt_0041,Cortesía,0,,
ft_tkt_0011387,ft_sal_006064,ft_evt_0041,Cortesía,0,,
ft_tkt_0011388,ft_sal_006065,ft_evt_0041,General,63000,,
ft_tkt_0011389,ft_sal_006066,ft_evt_0041,Preferencial,89000,,
ft_tkt_0011390,ft_sal_006067,ft_evt_0041,VIP,130000,,
ft_tkt_0011391,ft_sal_006067,ft_evt_0041,VIP,130000,,
ft_tkt_0011392,ft_sal_006068,ft_evt_0041,General,62000,,
ft_tkt_0011393,ft_sal_006069,ft_evt_0041,General,49000,,
ft_tkt_0011394,ft_sal_006069,ft_evt_0041,General,49000,,
ft_tkt_0011395,ft_sal_006069,ft_evt_0041,General,49000,,
ft_tkt_0011396,ft_sal_006069,ft_evt_0041,General,49000,,
ft_tkt_0011397,ft_sal_006070,ft_evt_0041,General,47000,,
ft_tkt_0011398,ft_sal_006070,ft_evt_0041,General,47000,,
ft_tkt_0011399,ft_sal_006071,ft_evt_0041,General,47000,,
ft_tkt_0011400,ft_sal_006072,ft_evt_0041,General,57000,,
ft_tkt_0011401,ft_sal_006072,ft_evt_0041,General,57000,,
ft_tkt_0011402,ft_sal_006073,ft_evt_0041,General,42000,,
ft_tkt_0011403,ft_sal_006073,ft_evt_0041,General,42000,,
ft_tkt_0011404,ft_sal_006074,ft_evt_0041,Preferencial,102000,,
ft_tkt_0011405,ft_sal_006075,ft_evt_0041,General,50000,,
ft_tkt_0011406,ft_sal_006075,ft_evt_0041,General,50000,,
ft_tkt_0011407,ft_sal_006076,ft_evt_0041,General,66000,,
ft_tkt_0011408,ft_sal_006076,ft_evt_0041,General,66000,,
ft_tkt_0011409,ft_sal_006076,ft_evt_0041,General,66000,,
ft_tkt_0011410,ft_sal_006077,ft_evt_0041,General,41000,,
ft_tkt_0011411,ft_sal_006077,ft_evt_0041,General,41000,,
ft_tkt_0011412,ft_sal_006078,ft_evt_0041,General,46000,,
ft_tkt_0011413,ft_sal_006078,ft_evt_0041,General,46000,,
ft_tkt_0011414,ft_sal_006078,ft_evt_0041,General,46000,,
ft_tkt_0011415,ft_sal_006079,ft_evt_0046,General,48000,,
ft_tkt_0011416,ft_sal_006079,ft_evt_0046,General,48000,,
ft_tkt_0011417,ft_sal_006079,ft_evt_0046,General,48000,,
ft_tkt_0011418,ft_sal_006079,ft_evt_0046,General,48000,,
ft_tkt_0011419,ft_sal_006080,ft_evt_0046,General,59000,,
ft_tkt_0011420,ft_sal_006080,ft_evt_0046,General,59000,,
ft_tkt_0011421,ft_sal_006081,ft_evt_0046,Cortesía,0,,
ft_tkt_0011422,ft_sal_006082,ft_evt_0046,VIP,141000,,
ft_tkt_0011423,ft_sal_006082,ft_evt_0046,VIP,141000,,
ft_tkt_0011424,ft_sal_006083,ft_evt_0046,Preferencial,103000,,
ft_tkt_0011425,ft_sal_006084,ft_evt_0046,General,44000,,
ft_tkt_0011426,ft_sal_006084,ft_evt_0046,General,44000,,
ft_tkt_0011427,ft_sal_006085,ft_evt_0046,General,62000,,
ft_tkt_0011428,ft_sal_006085,ft_evt_0046,General,62000,,
ft_tkt_0011429,ft_sal_006085,ft_evt_0046,General,62000,,
ft_tkt_0011430,ft_sal_006085,ft_evt_0046,General,62000,,
ft_tkt_0011431,ft_sal_006086,ft_evt_0046,General,58000,,
ft_tkt_0011432,ft_sal_006087,ft_evt_0046,General,45000,,
ft_tkt_0011433,ft_sal_006087,ft_evt_0046,General,45000,,
ft_tkt_0011434,ft_sal_006088,ft_evt_0046,General,44000,,
ft_tkt_0011435,ft_sal_006089,ft_evt_0046,VIP,143000,,
ft_tkt_0011436,ft_sal_006089,ft_evt_0046,VIP,143000,,
ft_tkt_0011437,ft_sal_006090,ft_evt_0046,VIP,146000,,
ft_tkt_0011438,ft_sal_006090,ft_evt_0046,VIP,146000,,
ft_tkt_0011439,ft_sal_006091,ft_evt_0046,General,43000,,
ft_tkt_0011440,ft_sal_006092,ft_evt_0046,Preferencial,100000,,
ft_tkt_0011441,ft_sal_006092,ft_evt_0046,Preferencial,100000,,
ft_tkt_0011442,ft_sal_006093,ft_evt_0046,VIP,141000,,
ft_tkt_0011443,ft_sal_006094,ft_evt_0046,Cortesía,0,,
ft_tkt_0011444,ft_sal_006094,ft_evt_0046,Cortesía,0,,
ft_tkt_0011445,ft_sal_006094,ft_evt_0046,Cortesía,0,,
ft_tkt_0011446,ft_sal_006094,ft_evt_0046,Cortesía,0,,
ft_tkt_0011447,ft_sal_006094,ft_evt_0046,Cortesía,0,,
ft_tkt_0011448,ft_sal_006094,ft_evt_0046,Cortesía,0,,
ft_tkt_0011449,ft_sal_006095,ft_evt_0046,General,45000,,
ft_tkt_0011450,ft_sal_006095,ft_evt_0046,General,45000,,
ft_tkt_0011451,ft_sal_006096,ft_evt_0046,General,46000,,
ft_tkt_0011452,ft_sal_006097,ft_evt_0046,VIP,134000,,
ft_tkt_0011453,ft_sal_006098,ft_evt_0046,General,50000,,
ft_tkt_0011454,ft_sal_006098,ft_evt_0046,General,50000,,
ft_tkt_0011455,ft_sal_006099,ft_evt_0046,Preferencial,102000,,
ft_tkt_0011456,ft_sal_006100,ft_evt_0046,General,41000,,
ft_tkt_0011457,ft_sal_006100,ft_evt_0046,General,41000,,
ft_tkt_0011458,ft_sal_006101,ft_evt_0046,General,47000,,
ft_tkt_0011459,ft_sal_006101,ft_evt_0046,General,47000,,
ft_tkt_0011460,ft_sal_006101,ft_evt_0046,General,47000,,
ft_tkt_0011461,ft_sal_006101,ft_evt_0046,General,47000,,
ft_tkt_0011462,ft_sal_006101,ft_evt_0046,General,47000,,
ft_tkt_0011463,ft_sal_006101,ft_evt_0046,General,47000,,
ft_tkt_0011464,ft_sal_006102,ft_evt_0046,General,46000,,
ft_tkt_0011465,ft_sal_006102,ft_evt_0046,General,46000,,
ft_tkt_0011466,ft_sal_006103,ft_evt_0046,Cortesía,0,,
ft_tkt_0011467,ft_sal_006104,ft_evt_0046,General,48000,,
ft_tkt_0011468,ft_sal_006105,ft_evt_0046,General,48000,,
ft_tkt_0011469,ft_sal_006106,ft_evt_0046,Preferencial,106000,,
ft_tkt_0011470,ft_sal_006106,ft_evt_0046,Preferencial,106000,,
ft_tkt_0011471,ft_sal_006107,ft_evt_0046,General,46000,,
ft_tkt_0011472,ft_sal_006107,ft_evt_0046,General,46000,,
ft_tkt_0011473,ft_sal_006108,ft_evt_0046,General,43000,,
ft_tkt_0011474,ft_sal_006109,ft_evt_0046,VIP,131000,,
ft_tkt_0011475,ft_sal_006110,ft_evt_0046,Preferencial,94000,,
ft_tkt_0011476,ft_sal_006111,ft_evt_0046,General,56000,,
ft_tkt_0011477,ft_sal_006111,ft_evt_0046,General,56000,,
ft_tkt_0011478,ft_sal_006111,ft_evt_0046,General,56000,,
ft_tkt_0011479,ft_sal_006111,ft_evt_0046,General,56000,,
ft_tkt_0011480,ft_sal_006112,ft_evt_0046,VIP,152000,,
ft_tkt_0011481,ft_sal_006113,ft_evt_0046,Preferencial,97000,,
ft_tkt_0011482,ft_sal_006113,ft_evt_0046,Preferencial,97000,,
ft_tkt_0011483,ft_sal_006114,ft_evt_0046,General,44000,,
ft_tkt_0011484,ft_sal_006114,ft_evt_0046,General,44000,,
ft_tkt_0011485,ft_sal_006115,ft_evt_0046,Preferencial,93000,,
ft_tkt_0011486,ft_sal_006115,ft_evt_0046,Preferencial,93000,,
ft_tkt_0011487,ft_sal_006116,ft_evt_0046,Cortesía,0,,
ft_tkt_0011488,ft_sal_006117,ft_evt_0046,Preferencial,90000,,
ft_tkt_0011489,ft_sal_006117,ft_evt_0046,Preferencial,90000,,
ft_tkt_0011490,ft_sal_006118,ft_evt_0046,Preferencial,105000,,
ft_tkt_0011491,ft_sal_006119,ft_evt_0046,General,59000,,
ft_tkt_0011492,ft_sal_006119,ft_evt_0046,General,59000,,
ft_tkt_0011493,ft_sal_006120,ft_evt_0046,General,45000,,
ft_tkt_0011494,ft_sal_006120,ft_evt_0046,General,45000,,
ft_tkt_0011495,ft_sal_006121,ft_evt_0046,General,45000,,
ft_tkt_0011496,ft_sal_006122,ft_evt_0046,VIP,135000,,
ft_tkt_0011497,ft_sal_006122,ft_evt_0046,VIP,135000,,
ft_tkt_0011498,ft_sal_006123,ft_evt_0046,General,63000,,
ft_tkt_0011499,ft_sal_006123,ft_evt_0046,General,63000,,
ft_tkt_0011500,ft_sal_006123,ft_evt_0046,General,63000,,
ft_tkt_0011501,ft_sal_006124,ft_evt_0046,Cortesía,0,,
ft_tkt_0011502,ft_sal_006125,ft_evt_0046,Cortesía,0,,
ft_tkt_0011503,ft_sal_006126,ft_evt_0046,Preferencial,103000,,
ft_tkt_0011504,ft_sal_006127,ft_evt_0046,General,61000,,
ft_tkt_0011505,ft_sal_006128,ft_evt_0046,General,44000,,
ft_tkt_0011506,ft_sal_006128,ft_evt_0046,General,44000,,
ft_tkt_0011507,ft_sal_006129,ft_evt_0046,General,59000,,
ft_tkt_0011508,ft_sal_006129,ft_evt_0046,General,59000,,
ft_tkt_0011509,ft_sal_006130,ft_evt_0046,General,59000,,
ft_tkt_0011510,ft_sal_006131,ft_evt_0046,General,45000,,
ft_tkt_0011511,ft_sal_006132,ft_evt_0046,General,44000,,
ft_tkt_0011512,ft_sal_006132,ft_evt_0046,General,44000,,
ft_tkt_0011513,ft_sal_006133,ft_evt_0046,General,44000,,
ft_tkt_0011514,ft_sal_006134,ft_evt_0046,Preferencial,99000,,
ft_tkt_0011515,ft_sal_006134,ft_evt_0046,Preferencial,99000,,
ft_tkt_0011516,ft_sal_006135,ft_evt_0046,General,45000,,
ft_tkt_0011517,ft_sal_006135,ft_evt_0046,General,45000,,
ft_tkt_0011518,ft_sal_006136,ft_evt_0046,VIP,142000,,
ft_tkt_0011519,ft_sal_006137,ft_evt_0046,Preferencial,95000,,
ft_tkt_0011520,ft_sal_006138,ft_evt_0046,Cortesía,0,,
ft_tkt_0011521,ft_sal_006139,ft_evt_0046,General,61000,,
ft_tkt_0011522,ft_sal_006139,ft_evt_0046,General,61000,,
ft_tkt_0011523,ft_sal_006140,ft_evt_0046,General,44000,,
ft_tkt_0011524,ft_sal_006140,ft_evt_0046,General,44000,,
ft_tkt_0011525,ft_sal_006141,ft_evt_0046,General,46000,,
ft_tkt_0011526,ft_sal_006142,ft_evt_0046,Preferencial,94000,,
ft_tkt_0011527,ft_sal_006143,ft_evt_0046,Cortesía,0,,
ft_tkt_0011528,ft_sal_006143,ft_evt_0046,Cortesía,0,,
ft_tkt_0011529,ft_sal_006144,ft_evt_0046,VIP,142000,,
ft_tkt_0011530,ft_sal_006144,ft_evt_0046,VIP,142000,,
ft_tkt_0011531,ft_sal_006144,ft_evt_0046,VIP,142000,,
ft_tkt_0011532,ft_sal_006144,ft_evt_0046,VIP,142000,,
ft_tkt_0011533,ft_sal_006145,ft_evt_0046,General,56000,,
ft_tkt_0011534,ft_sal_006145,ft_evt_0046,General,56000,,
ft_tkt_0011535,ft_sal_006146,ft_evt_0046,General,45000,,
ft_tkt_0011536,ft_sal_006146,ft_evt_0046,General,45000,,
ft_tkt_0011537,ft_sal_006146,ft_evt_0046,General,45000,,
ft_tkt_0011538,ft_sal_006147,ft_evt_0046,General,47000,,
ft_tkt_0011539,ft_sal_006147,ft_evt_0046,General,47000,,
ft_tkt_0011540,ft_sal_006148,ft_evt_0046,Cortesía,0,,
ft_tkt_0011541,ft_sal_006149,ft_evt_0046,General,44000,,
ft_tkt_0011542,ft_sal_006150,ft_evt_0046,General,60000,,
ft_tkt_0011543,ft_sal_006151,ft_evt_0046,General,41000,,
ft_tkt_0011544,ft_sal_006152,ft_evt_0046,Preferencial,102000,,
ft_tkt_0011545,ft_sal_006152,ft_evt_0046,Preferencial,102000,,
ft_tkt_0011546,ft_sal_006153,ft_evt_0046,General,64000,,
ft_tkt_0011547,ft_sal_006154,ft_evt_0046,Preferencial,83000,,
ft_tkt_0011548,ft_sal_006154,ft_evt_0046,Preferencial,83000,,
ft_tkt_0011549,ft_sal_006154,ft_evt_0046,Preferencial,83000,,
ft_tkt_0011550,ft_sal_006154,ft_evt_0046,Preferencial,83000,,
ft_tkt_0011551,ft_sal_006155,ft_evt_0046,General,43000,,
ft_tkt_0011552,ft_sal_006156,ft_evt_0046,VIP,146000,,
ft_tkt_0011553,ft_sal_006156,ft_evt_0046,VIP,146000,,
ft_tkt_0011554,ft_sal_006156,ft_evt_0046,VIP,146000,,
ft_tkt_0011555,ft_sal_006157,ft_evt_0046,General,43000,,
ft_tkt_0011556,ft_sal_006158,ft_evt_0046,General,42000,,
ft_tkt_0011557,ft_sal_006159,ft_evt_0046,General,42000,,
ft_tkt_0011558,ft_sal_006160,ft_evt_0046,VIP,142000,,
ft_tkt_0011559,ft_sal_006160,ft_evt_0046,VIP,142000,,
ft_tkt_0011560,ft_sal_006160,ft_evt_0046,VIP,142000,,
ft_tkt_0011561,ft_sal_006161,ft_evt_0046,Preferencial,97000,,
ft_tkt_0011562,ft_sal_006161,ft_evt_0046,Preferencial,97000,,
ft_tkt_0011563,ft_sal_006162,ft_evt_0046,Preferencial,90000,,
ft_tkt_0011564,ft_sal_006163,ft_evt_0046,General,46000,,
ft_tkt_0011565,ft_sal_006164,ft_evt_0046,General,61000,,
ft_tkt_0011566,ft_sal_006164,ft_evt_0046,General,61000,,
ft_tkt_0011567,ft_sal_006164,ft_evt_0046,General,61000,,
ft_tkt_0011568,ft_sal_006165,ft_evt_0046,General,49000,,
ft_tkt_0011569,ft_sal_006166,ft_evt_0046,VIP,135000,,
ft_tkt_0011570,ft_sal_006167,ft_evt_0046,General,45000,,
ft_tkt_0011571,ft_sal_006167,ft_evt_0046,General,45000,,
ft_tkt_0011572,ft_sal_006167,ft_evt_0046,General,45000,,
ft_tkt_0011573,ft_sal_006167,ft_evt_0046,General,45000,,
ft_tkt_0011574,ft_sal_006167,ft_evt_0046,General,45000,,
ft_tkt_0011575,ft_sal_006167,ft_evt_0046,General,45000,,
ft_tkt_0011576,ft_sal_006168,ft_evt_0046,General,44000,,
ft_tkt_0011577,ft_sal_006168,ft_evt_0046,General,44000,,
ft_tkt_0011578,ft_sal_006169,ft_evt_0046,VIP,134000,,
ft_tkt_0011579,ft_sal_006169,ft_evt_0046,VIP,134000,,
ft_tkt_0011580,ft_sal_006170,ft_evt_0046,General,44000,,
ft_tkt_0011581,ft_sal_006171,ft_evt_0046,VIP,129000,,
ft_tkt_0011582,ft_sal_006171,ft_evt_0046,VIP,129000,,
ft_tkt_0011583,ft_sal_006171,ft_evt_0046,VIP,129000,,
ft_tkt_0011584,ft_sal_006172,ft_evt_0046,General,41000,,
ft_tkt_0011585,ft_sal_006172,ft_evt_0046,General,41000,,
ft_tkt_0011586,ft_sal_006172,ft_evt_0046,General,41000,,
ft_tkt_0011587,ft_sal_006172,ft_evt_0046,General,41000,,
ft_tkt_0011588,ft_sal_006173,ft_evt_0046,General,60000,,
ft_tkt_0011589,ft_sal_006173,ft_evt_0046,General,60000,,
ft_tkt_0011590,ft_sal_006173,ft_evt_0046,General,60000,,
ft_tkt_0011591,ft_sal_006174,ft_evt_0046,General,62000,,
ft_tkt_0011592,ft_sal_006174,ft_evt_0046,General,62000,,
ft_tkt_0011593,ft_sal_006174,ft_evt_0046,General,62000,,
ft_tkt_0011594,ft_sal_006175,ft_evt_0046,General,61000,,
ft_tkt_0011595,ft_sal_006176,ft_evt_0046,Preferencial,99000,,
ft_tkt_0011596,ft_sal_006176,ft_evt_0046,Preferencial,99000,,
ft_tkt_0011597,ft_sal_006177,ft_evt_0046,General,49000,,
ft_tkt_0011598,ft_sal_006177,ft_evt_0046,General,49000,,
ft_tkt_0011599,ft_sal_006177,ft_evt_0046,General,49000,,
ft_tkt_0011600,ft_sal_006177,ft_evt_0046,General,49000,,
ft_tkt_0011601,ft_sal_006178,ft_evt_0046,General,47000,,
ft_tkt_0011602,ft_sal_006178,ft_evt_0046,General,47000,,
ft_tkt_0011603,ft_sal_006178,ft_evt_0046,General,47000,,
ft_tkt_0011604,ft_sal_006179,ft_evt_0046,General,59000,,
ft_tkt_0011605,ft_sal_006180,ft_evt_0046,General,61000,,
ft_tkt_0011606,ft_sal_006180,ft_evt_0046,General,61000,,
ft_tkt_0011607,ft_sal_006180,ft_evt_0046,General,61000,,
ft_tkt_0011608,ft_sal_006180,ft_evt_0046,General,61000,,
ft_tkt_0011609,ft_sal_006181,ft_evt_0046,General,46000,,
ft_tkt_0011610,ft_sal_006181,ft_evt_0046,General,46000,,
ft_tkt_0011611,ft_sal_006181,ft_evt_0046,General,46000,,
ft_tkt_0011612,ft_sal_006182,ft_evt_0046,Cortesía,0,,
ft_tkt_0011613,ft_sal_006183,ft_evt_0046,General,47000,,
ft_tkt_0011614,ft_sal_006184,ft_evt_0046,Cortesía,0,,
ft_tkt_0011615,ft_sal_006184,ft_evt_0046,Cortesía,0,,
ft_tkt_0011616,ft_sal_006185,ft_evt_0046,General,61000,,
ft_tkt_0011617,ft_sal_006186,ft_evt_0046,Preferencial,90000,,
ft_tkt_0011618,ft_sal_006186,ft_evt_0046,Preferencial,90000,,
ft_tkt_0011619,ft_sal_006186,ft_evt_0046,Preferencial,90000,,
ft_tkt_0011620,ft_sal_006187,ft_evt_0046,General,45000,,
ft_tkt_0011621,ft_sal_006188,ft_evt_0046,General,60000,,
ft_tkt_0011622,ft_sal_006188,ft_evt_0046,General,60000,,
ft_tkt_0011623,ft_sal_006189,ft_evt_0046,Preferencial,100000,,
ft_tkt_0011624,ft_sal_006189,ft_evt_0046,Preferencial,100000,,
ft_tkt_0011625,ft_sal_006189,ft_evt_0046,Preferencial,100000,,
ft_tkt_0011626,ft_sal_006189,ft_evt_0046,Preferencial,100000,,
ft_tkt_0011627,ft_sal_006190,ft_evt_0046,VIP,123000,,
ft_tkt_0011628,ft_sal_006191,ft_evt_0046,General,43000,,
ft_tkt_0011629,ft_sal_006191,ft_evt_0046,General,43000,,
ft_tkt_0011630,ft_sal_006192,ft_evt_0046,General,44000,,
ft_tkt_0011631,ft_sal_006193,ft_evt_0046,General,57000,,
ft_tkt_0011632,ft_sal_006194,ft_evt_0046,General,47000,,
ft_tkt_0011633,ft_sal_006194,ft_evt_0046,General,47000,,
ft_tkt_0011634,ft_sal_006194,ft_evt_0046,General,47000,,
ft_tkt_0011635,ft_sal_006194,ft_evt_0046,General,47000,,
ft_tkt_0011636,ft_sal_006195,ft_evt_0046,General,43000,,
ft_tkt_0011637,ft_sal_006196,ft_evt_0046,VIP,141000,,
ft_tkt_0011638,ft_sal_006197,ft_evt_0046,General,46000,,
ft_tkt_0011639,ft_sal_006197,ft_evt_0046,General,46000,,
ft_tkt_0011640,ft_sal_006197,ft_evt_0046,General,46000,,
ft_tkt_0011641,ft_sal_006197,ft_evt_0046,General,46000,,
ft_tkt_0011642,ft_sal_006198,ft_evt_0046,VIP,146000,,
ft_tkt_0011643,ft_sal_006198,ft_evt_0046,VIP,146000,,
ft_tkt_0011644,ft_sal_006198,ft_evt_0046,VIP,146000,,
ft_tkt_0011645,ft_sal_006198,ft_evt_0046,VIP,146000,,
ft_tkt_0011646,ft_sal_006199,ft_evt_0046,General,45000,,
ft_tkt_0011647,ft_sal_006199,ft_evt_0046,General,45000,,
ft_tkt_0011648,ft_sal_006199,ft_evt_0046,General,45000,,
ft_tkt_0011649,ft_sal_006199,ft_evt_0046,General,45000,,
ft_tkt_0011650,ft_sal_006199,ft_evt_0046,General,45000,,
ft_tkt_0011651,ft_sal_006199,ft_evt_0046,General,45000,,
ft_tkt_0011652,ft_sal_006200,ft_evt_0046,General,56000,,
ft_tkt_0011653,ft_sal_006200,ft_evt_0046,General,56000,,
ft_tkt_0011654,ft_sal_006200,ft_evt_0046,General,56000,,
ft_tkt_0011655,ft_sal_006200,ft_evt_0046,General,56000,,
ft_tkt_0011656,ft_sal_006200,ft_evt_0046,General,56000,,
ft_tkt_0011657,ft_sal_006200,ft_evt_0046,General,56000,,
ft_tkt_0011658,ft_sal_006201,ft_evt_0046,General,48000,,
ft_tkt_0011659,ft_sal_006201,ft_evt_0046,General,48000,,
ft_tkt_0011660,ft_sal_006202,ft_evt_0046,General,56000,,
ft_tkt_0011661,ft_sal_006202,ft_evt_0046,General,56000,,
ft_tkt_0011662,ft_sal_006202,ft_evt_0046,General,56000,,
ft_tkt_0011663,ft_sal_006203,ft_evt_0046,General,59000,,
ft_tkt_0011664,ft_sal_006204,ft_evt_0046,General,57000,,
ft_tkt_0011665,ft_sal_006205,ft_evt_0046,Preferencial,93000,,
ft_tkt_0011666,ft_sal_006205,ft_evt_0046,Preferencial,93000,,
ft_tkt_0011667,ft_sal_006206,ft_evt_0046,Preferencial,99000,,
ft_tkt_0011668,ft_sal_006206,ft_evt_0046,Preferencial,99000,,
ft_tkt_0011669,ft_sal_006207,ft_evt_0046,General,44000,,
ft_tkt_0011670,ft_sal_006207,ft_evt_0046,General,44000,,
ft_tkt_0011671,ft_sal_006208,ft_evt_0046,General,63000,,
ft_tkt_0011672,ft_sal_006209,ft_evt_0046,General,57000,,
ft_tkt_0011673,ft_sal_006210,ft_evt_0046,General,44000,,
ft_tkt_0011674,ft_sal_006210,ft_evt_0046,General,44000,,
ft_tkt_0011675,ft_sal_006210,ft_evt_0046,General,44000,,
ft_tkt_0011676,ft_sal_006211,ft_evt_0046,VIP,140000,,
ft_tkt_0011677,ft_sal_006212,ft_evt_0046,General,43000,,
ft_tkt_0011678,ft_sal_006212,ft_evt_0046,General,43000,,
ft_tkt_0011679,ft_sal_006213,ft_evt_0046,General,62000,,
ft_tkt_0011680,ft_sal_006213,ft_evt_0046,General,62000,,
ft_tkt_0011681,ft_sal_006213,ft_evt_0046,General,62000,,
ft_tkt_0011682,ft_sal_006213,ft_evt_0046,General,62000,,
ft_tkt_0011683,ft_sal_006214,ft_evt_0046,General,42000,,
ft_tkt_0011684,ft_sal_006215,ft_evt_0046,General,41000,,
ft_tkt_0011685,ft_sal_006215,ft_evt_0046,General,41000,,
ft_tkt_0011686,ft_sal_006215,ft_evt_0046,General,41000,,
ft_tkt_0011687,ft_sal_006215,ft_evt_0046,General,41000,,
ft_tkt_0011688,ft_sal_006216,ft_evt_0046,Cortesía,0,,
ft_tkt_0011689,ft_sal_006217,ft_evt_0046,General,45000,,
ft_tkt_0011690,ft_sal_006218,ft_evt_0046,General,48000,,
ft_tkt_0011691,ft_sal_006219,ft_evt_0046,General,45000,,
ft_tkt_0011692,ft_sal_006219,ft_evt_0046,General,45000,,
ft_tkt_0011693,ft_sal_006219,ft_evt_0046,General,45000,,
ft_tkt_0011694,ft_sal_006220,ft_evt_0046,Cortesía,0,,
ft_tkt_0011695,ft_sal_006221,ft_evt_0046,General,61000,,
ft_tkt_0011696,ft_sal_006221,ft_evt_0046,General,61000,,
ft_tkt_0011697,ft_sal_006222,ft_evt_0046,Preferencial,105000,,
ft_tkt_0011698,ft_sal_006222,ft_evt_0046,Preferencial,105000,,
ft_tkt_0011699,ft_sal_006223,ft_evt_0046,General,59000,,
ft_tkt_0011700,ft_sal_006224,ft_evt_0046,General,45000,,
ft_tkt_0011701,ft_sal_006225,ft_evt_0046,General,63000,,
ft_tkt_0011702,ft_sal_006226,ft_evt_0046,Preferencial,91000,,
ft_tkt_0011703,ft_sal_006227,ft_evt_0046,General,40000,,
ft_tkt_0011704,ft_sal_006227,ft_evt_0046,General,40000,,
ft_tkt_0011705,ft_sal_006228,ft_evt_0046,General,46000,,
ft_tkt_0011706,ft_sal_006228,ft_evt_0046,General,46000,,
ft_tkt_0011707,ft_sal_006228,ft_evt_0046,General,46000,,
ft_tkt_0011708,ft_sal_006228,ft_evt_0046,General,46000,,
ft_tkt_0011709,ft_sal_006229,ft_evt_0046,General,61000,,
ft_tkt_0011710,ft_sal_006230,ft_evt_0046,General,45000,,
ft_tkt_0011711,ft_sal_006230,ft_evt_0046,General,45000,,
ft_tkt_0011712,ft_sal_006230,ft_evt_0046,General,45000,,
ft_tkt_0011713,ft_sal_006231,ft_evt_0046,VIP,148000,,
ft_tkt_0011714,ft_sal_006232,ft_evt_0046,VIP,130000,,
ft_tkt_0011715,ft_sal_006232,ft_evt_0046,VIP,130000,,
ft_tkt_0011716,ft_sal_006233,ft_evt_0046,Cortesía,0,,
ft_tkt_0011717,ft_sal_006234,ft_evt_0046,General,44000,,
ft_tkt_0011718,ft_sal_006234,ft_evt_0046,General,44000,,
ft_tkt_0011719,ft_sal_006234,ft_evt_0046,General,44000,,
ft_tkt_0011720,ft_sal_006234,ft_evt_0046,General,44000,,
ft_tkt_0011721,ft_sal_006234,ft_evt_0046,General,44000,,
ft_tkt_0011722,ft_sal_006234,ft_evt_0046,General,44000,,
ft_tkt_0011723,ft_sal_006235,ft_evt_0046,Preferencial,102000,,
ft_tkt_0011724,ft_sal_006235,ft_evt_0046,Preferencial,102000,,
ft_tkt_0011725,ft_sal_006236,ft_evt_0046,General,55000,,
ft_tkt_0011726,ft_sal_006236,ft_evt_0046,General,55000,,
ft_tkt_0011727,ft_sal_006237,ft_evt_0046,Preferencial,94000,,
ft_tkt_0011728,ft_sal_006237,ft_evt_0046,Preferencial,94000,,
ft_tkt_0011729,ft_sal_006238,ft_evt_0046,General,63000,,
ft_tkt_0011730,ft_sal_006238,ft_evt_0046,General,63000,,
ft_tkt_0011731,ft_sal_006238,ft_evt_0046,General,63000,,
ft_tkt_0011732,ft_sal_006239,ft_evt_0046,Preferencial,93000,,
ft_tkt_0011733,ft_sal_006239,ft_evt_0046,Preferencial,93000,,
ft_tkt_0011734,ft_sal_006240,ft_evt_0046,General,42000,,
ft_tkt_0011735,ft_sal_006240,ft_evt_0046,General,42000,,
ft_tkt_0011736,ft_sal_006241,ft_evt_0046,General,40000,,
ft_tkt_0011737,ft_sal_006242,ft_evt_0046,General,46000,,
ft_tkt_0011738,ft_sal_006242,ft_evt_0046,General,46000,,
ft_tkt_0011739,ft_sal_006243,ft_evt_0046,General,49000,,
ft_tkt_0011740,ft_sal_006244,ft_evt_0046,Preferencial,100000,,
ft_tkt_0011741,ft_sal_006244,ft_evt_0046,Preferencial,100000,,
ft_tkt_0011742,ft_sal_006245,ft_evt_0046,General,63000,,
ft_tkt_0011743,ft_sal_006245,ft_evt_0046,General,63000,,
ft_tkt_0011744,ft_sal_006246,ft_evt_0046,General,58000,,
ft_tkt_0011745,ft_sal_006247,ft_evt_0046,General,47000,,
ft_tkt_0011746,ft_sal_006247,ft_evt_0046,General,47000,,
ft_tkt_0011747,ft_sal_006247,ft_evt_0046,General,47000,,
ft_tkt_0011748,ft_sal_006248,ft_evt_0046,General,45000,,
ft_tkt_0011749,ft_sal_006249,ft_evt_0046,General,61000,,
ft_tkt_0011750,ft_sal_006249,ft_evt_0046,General,61000,,
ft_tkt_0011751,ft_sal_006250,ft_evt_0046,General,47000,,
ft_tkt_0011752,ft_sal_006250,ft_evt_0046,General,47000,,
ft_tkt_0011753,ft_sal_006250,ft_evt_0046,General,47000,,
ft_tkt_0011754,ft_sal_006251,ft_evt_0046,General,46000,,
ft_tkt_0011755,ft_sal_006252,ft_evt_0046,General,47000,,
ft_tkt_0011756,ft_sal_006252,ft_evt_0046,General,47000,,
ft_tkt_0011757,ft_sal_006253,ft_evt_0046,General,45000,,
ft_tkt_0011758,ft_sal_006254,ft_evt_0046,General,46000,,
ft_tkt_0011759,ft_sal_006254,ft_evt_0046,General,46000,,
ft_tkt_0011760,ft_sal_006254,ft_evt_0046,General,46000,,
ft_tkt_0011761,ft_sal_006254,ft_evt_0046,General,46000,,
ft_tkt_0011762,ft_sal_006255,ft_evt_0046,Preferencial,101000,,
ft_tkt_0011763,ft_sal_006256,ft_evt_0046,General,46000,,
ft_tkt_0011764,ft_sal_006256,ft_evt_0046,General,46000,,
ft_tkt_0011765,ft_sal_006257,ft_evt_0046,General,63000,,
ft_tkt_0011766,ft_sal_006258,ft_evt_0046,Preferencial,88000,,
ft_tkt_0011767,ft_sal_006258,ft_evt_0046,Preferencial,88000,,
ft_tkt_0011768,ft_sal_006259,ft_evt_0046,VIP,150000,,
ft_tkt_0011769,ft_sal_006259,ft_evt_0046,VIP,150000,,
ft_tkt_0011770,ft_sal_006259,ft_evt_0046,VIP,150000,,
ft_tkt_0011771,ft_sal_006259,ft_evt_0046,VIP,150000,,
ft_tkt_0011772,ft_sal_006259,ft_evt_0046,VIP,150000,,
ft_tkt_0011773,ft_sal_006259,ft_evt_0046,VIP,150000,,
ft_tkt_0011774,ft_sal_006260,ft_evt_0046,General,60000,,
ft_tkt_0011775,ft_sal_006261,ft_evt_0046,General,59000,,
ft_tkt_0011776,ft_sal_006262,ft_evt_0046,General,44000,,
ft_tkt_0011777,ft_sal_006262,ft_evt_0046,General,44000,,
ft_tkt_0011778,ft_sal_006263,ft_evt_0046,General,57000,,
ft_tkt_0011779,ft_sal_006263,ft_evt_0046,General,57000,,
ft_tkt_0011780,ft_sal_006263,ft_evt_0046,General,57000,,
ft_tkt_0011781,ft_sal_006264,ft_evt_0046,Preferencial,87000,,
ft_tkt_0011782,ft_sal_006264,ft_evt_0046,Preferencial,87000,,
ft_tkt_0011783,ft_sal_006265,ft_evt_0046,General,45000,,
ft_tkt_0011784,ft_sal_006265,ft_evt_0046,General,45000,,
ft_tkt_0011785,ft_sal_006265,ft_evt_0046,General,45000,,
ft_tkt_0011786,ft_sal_006266,ft_evt_0046,General,43000,,
ft_tkt_0011787,ft_sal_006266,ft_evt_0046,General,43000,,
ft_tkt_0011788,ft_sal_006266,ft_evt_0046,General,43000,,
ft_tkt_0011789,ft_sal_006267,ft_evt_0046,General,61000,,
ft_tkt_0011790,ft_sal_006267,ft_evt_0046,General,61000,,
ft_tkt_0011791,ft_sal_006268,ft_evt_0046,General,48000,,
ft_tkt_0011792,ft_sal_006269,ft_evt_0046,Preferencial,89000,,
ft_tkt_0011793,ft_sal_006270,ft_evt_0046,General,60000,,
ft_tkt_0011794,ft_sal_006271,ft_evt_0046,General,43000,,
ft_tkt_0011795,ft_sal_006272,ft_evt_0046,Preferencial,94000,,
ft_tkt_0011796,ft_sal_006273,ft_evt_0046,General,62000,,
ft_tkt_0011797,ft_sal_006274,ft_evt_0046,General,42000,,
ft_tkt_0011798,ft_sal_006274,ft_evt_0046,General,42000,,
ft_tkt_0011799,ft_sal_006275,ft_evt_0046,General,44000,,
ft_tkt_0011800,ft_sal_006276,ft_evt_0046,Cortesía,0,,
ft_tkt_0011801,ft_sal_006277,ft_evt_0046,General,56000,,
ft_tkt_0011802,ft_sal_006278,ft_evt_0015,Cortesía,0,,
ft_tkt_0011803,ft_sal_006279,ft_evt_0015,Cortesía,0,,
ft_tkt_0011804,ft_sal_006280,ft_evt_0015,Cortesía,0,,
ft_tkt_0011805,ft_sal_006281,ft_evt_0015,Cortesía,0,,
ft_tkt_0011806,ft_sal_006281,ft_evt_0015,Cortesía,0,,
ft_tkt_0011807,ft_sal_006281,ft_evt_0015,Cortesía,0,,
ft_tkt_0011808,ft_sal_006282,ft_evt_0015,Cortesía,0,,
ft_tkt_0011809,ft_sal_006283,ft_evt_0015,Cortesía,0,,
ft_tkt_0011810,ft_sal_006284,ft_evt_0015,Cortesía,0,,
ft_tkt_0011811,ft_sal_006284,ft_evt_0015,Cortesía,0,,
ft_tkt_0011812,ft_sal_006285,ft_evt_0015,Cortesía,0,,
ft_tkt_0011813,ft_sal_006285,ft_evt_0015,Cortesía,0,,
ft_tkt_0011814,ft_sal_006286,ft_evt_0015,Cortesía,0,,
ft_tkt_0011815,ft_sal_006286,ft_evt_0015,Cortesía,0,,
ft_tkt_0011816,ft_sal_006287,ft_evt_0015,Cortesía,0,,
ft_tkt_0011817,ft_sal_006288,ft_evt_0015,Cortesía,0,,
ft_tkt_0011818,ft_sal_006288,ft_evt_0015,Cortesía,0,,
ft_tkt_0011819,ft_sal_006289,ft_evt_0015,Cortesía,0,,
ft_tkt_0011820,ft_sal_006289,ft_evt_0015,Cortesía,0,,
ft_tkt_0011821,ft_sal_006290,ft_evt_0015,Cortesía,0,,
ft_tkt_0011822,ft_sal_006290,ft_evt_0015,Cortesía,0,,
ft_tkt_0011823,ft_sal_006290,ft_evt_0015,Cortesía,0,,
ft_tkt_0011824,ft_sal_006290,ft_evt_0015,Cortesía,0,,
ft_tkt_0011825,ft_sal_006290,ft_evt_0015,Cortesía,0,,
ft_tkt_0011826,ft_sal_006290,ft_evt_0015,Cortesía,0,,
ft_tkt_0011827,ft_sal_006291,ft_evt_0015,Cortesía,0,,
ft_tkt_0011828,ft_sal_006292,ft_evt_0015,Cortesía,0,,
ft_tkt_0011829,ft_sal_006292,ft_evt_0015,Cortesía,0,,
ft_tkt_0011830,ft_sal_006292,ft_evt_0015,Cortesía,0,,
ft_tkt_0011831,ft_sal_006293,ft_evt_0015,Cortesía,0,,
ft_tkt_0011832,ft_sal_006293,ft_evt_0015,Cortesía,0,,
ft_tkt_0011833,ft_sal_006294,ft_evt_0015,Cortesía,0,,
ft_tkt_0011834,ft_sal_006294,ft_evt_0015,Cortesía,0,,
ft_tkt_0011835,ft_sal_006294,ft_evt_0015,Cortesía,0,,
ft_tkt_0011836,ft_sal_006295,ft_evt_0015,Cortesía,0,,
ft_tkt_0011837,ft_sal_006296,ft_evt_0015,Cortesía,0,,
ft_tkt_0011838,ft_sal_006296,ft_evt_0015,Cortesía,0,,
ft_tkt_0011839,ft_sal_006296,ft_evt_0015,Cortesía,0,,
ft_tkt_0011840,ft_sal_006296,ft_evt_0015,Cortesía,0,,
ft_tkt_0011841,ft_sal_006297,ft_evt_0015,Cortesía,0,,
ft_tkt_0011842,ft_sal_006297,ft_evt_0015,Cortesía,0,,
ft_tkt_0011843,ft_sal_006298,ft_evt_0015,Cortesía,0,,
ft_tkt_0011844,ft_sal_006298,ft_evt_0015,Cortesía,0,,
ft_tkt_0011845,ft_sal_006298,ft_evt_0015,Cortesía,0,,
ft_tkt_0011846,ft_sal_006298,ft_evt_0015,Cortesía,0,,
ft_tkt_0011847,ft_sal_006298,ft_evt_0015,Cortesía,0,,
ft_tkt_0011848,ft_sal_006298,ft_evt_0015,Cortesía,0,,
ft_tkt_0011849,ft_sal_006299,ft_evt_0015,Cortesía,0,,
ft_tkt_0011850,ft_sal_006300,ft_evt_0015,Cortesía,0,,
ft_tkt_0011851,ft_sal_006300,ft_evt_0015,Cortesía,0,,
ft_tkt_0011852,ft_sal_006301,ft_evt_0015,Cortesía,0,,
ft_tkt_0011853,ft_sal_006301,ft_evt_0015,Cortesía,0,,
ft_tkt_0011854,ft_sal_006302,ft_evt_0015,Cortesía,0,,
ft_tkt_0011855,ft_sal_006303,ft_evt_0015,Cortesía,0,,
ft_tkt_0011856,ft_sal_006303,ft_evt_0015,Cortesía,0,,
ft_tkt_0011857,ft_sal_006304,ft_evt_0015,Cortesía,0,,
ft_tkt_0011858,ft_sal_006305,ft_evt_0015,Cortesía,0,,
ft_tkt_0011859,ft_sal_006305,ft_evt_0015,Cortesía,0,,
ft_tkt_0011860,ft_sal_006305,ft_evt_0015,Cortesía,0,,
ft_tkt_0011861,ft_sal_006306,ft_evt_0015,Cortesía,0,,
ft_tkt_0011862,ft_sal_006307,ft_evt_0015,Cortesía,0,,
ft_tkt_0011863,ft_sal_006308,ft_evt_0015,Cortesía,0,,
ft_tkt_0011864,ft_sal_006309,ft_evt_0015,Cortesía,0,,
ft_tkt_0011865,ft_sal_006310,ft_evt_0015,Cortesía,0,,
ft_tkt_0011866,ft_sal_006311,ft_evt_0015,Cortesía,0,,
ft_tkt_0011867,ft_sal_006311,ft_evt_0015,Cortesía,0,,
ft_tkt_0011868,ft_sal_006312,ft_evt_0015,Cortesía,0,,
ft_tkt_0011869,ft_sal_006312,ft_evt_0015,Cortesía,0,,
ft_tkt_0011870,ft_sal_006313,ft_evt_0015,Cortesía,0,,
ft_tkt_0011871,ft_sal_006314,ft_evt_0015,Cortesía,0,,
ft_tkt_0011872,ft_sal_006315,ft_evt_0015,Cortesía,0,,
ft_tkt_0011873,ft_sal_006315,ft_evt_0015,Cortesía,0,,
ft_tkt_0011874,ft_sal_006316,ft_evt_0015,Cortesía,0,,
ft_tkt_0011875,ft_sal_006317,ft_evt_0015,Cortesía,0,,
ft_tkt_0011876,ft_sal_006318,ft_evt_0015,Cortesía,0,,
ft_tkt_0011877,ft_sal_006319,ft_evt_0015,Cortesía,0,,
ft_tkt_0011878,ft_sal_006319,ft_evt_0015,Cortesía,0,,
ft_tkt_0011879,ft_sal_006319,ft_evt_0015,Cortesía,0,,
ft_tkt_0011880,ft_sal_006320,ft_evt_0015,Cortesía,0,,
ft_tkt_0011881,ft_sal_006320,ft_evt_0015,Cortesía,0,,
ft_tkt_0011882,ft_sal_006321,ft_evt_0015,Cortesía,0,,
ft_tkt_0011883,ft_sal_006322,ft_evt_0015,Cortesía,0,,
ft_tkt_0011884,ft_sal_006322,ft_evt_0015,Cortesía,0,,
ft_tkt_0011885,ft_sal_006323,ft_evt_0015,Cortesía,0,,
ft_tkt_0011886,ft_sal_006324,ft_evt_0015,Cortesía,0,,
ft_tkt_0011887,ft_sal_006324,ft_evt_0015,Cortesía,0,,
ft_tkt_0011888,ft_sal_006325,ft_evt_0015,Cortesía,0,,
ft_tkt_0011889,ft_sal_006326,ft_evt_0015,Cortesía,0,,
ft_tkt_0011890,ft_sal_006326,ft_evt_0015,Cortesía,0,,
ft_tkt_0011891,ft_sal_006327,ft_evt_0015,Cortesía,0,,
ft_tkt_0011892,ft_sal_006328,ft_evt_0015,Cortesía,0,,
ft_tkt_0011893,ft_sal_006328,ft_evt_0015,Cortesía,0,,
ft_tkt_0011894,ft_sal_006328,ft_evt_0015,Cortesía,0,,
ft_tkt_0011895,ft_sal_006329,ft_evt_0015,Cortesía,0,,
ft_tkt_0011896,ft_sal_006330,ft_evt_0015,Cortesía,0,,
ft_tkt_0011897,ft_sal_006331,ft_evt_0015,Cortesía,0,,
ft_tkt_0011898,ft_sal_006332,ft_evt_0015,Cortesía,0,,
ft_tkt_0011899,ft_sal_006332,ft_evt_0015,Cortesía,0,,
ft_tkt_0011900,ft_sal_006333,ft_evt_0015,Cortesía,0,,
ft_tkt_0011901,ft_sal_006334,ft_evt_0015,Cortesía,0,,
ft_tkt_0011902,ft_sal_006334,ft_evt_0015,Cortesía,0,,
ft_tkt_0011903,ft_sal_006335,ft_evt_0015,Cortesía,0,,
ft_tkt_0011904,ft_sal_006335,ft_evt_0015,Cortesía,0,,
ft_tkt_0011905,ft_sal_006336,ft_evt_0015,Cortesía,0,,
ft_tkt_0011906,ft_sal_006337,ft_evt_0015,Cortesía,0,,
ft_tkt_0011907,ft_sal_006337,ft_evt_0015,Cortesía,0,,
ft_tkt_0011908,ft_sal_006337,ft_evt_0015,Cortesía,0,,
ft_tkt_0011909,ft_sal_006337,ft_evt_0015,Cortesía,0,,
ft_tkt_0011910,ft_sal_006338,ft_evt_0015,Cortesía,0,,
ft_tkt_0011911,ft_sal_006338,ft_evt_0015,Cortesía,0,,
ft_tkt_0011912,ft_sal_006339,ft_evt_0015,Cortesía,0,,
ft_tkt_0011913,ft_sal_006339,ft_evt_0015,Cortesía,0,,
ft_tkt_0011914,ft_sal_006339,ft_evt_0015,Cortesía,0,,
ft_tkt_0011915,ft_sal_006339,ft_evt_0015,Cortesía,0,,
ft_tkt_0011916,ft_sal_006339,ft_evt_0015,Cortesía,0,,
ft_tkt_0011917,ft_sal_006340,ft_evt_0033,General,61000,,
ft_tkt_0011918,ft_sal_006341,ft_evt_0033,VIP,129000,,
ft_tkt_0011919,ft_sal_006341,ft_evt_0033,VIP,129000,,
ft_tkt_0011920,ft_sal_006342,ft_evt_0033,Cortesía,0,,
ft_tkt_0011921,ft_sal_006342,ft_evt_0033,Cortesía,0,,
ft_tkt_0011922,ft_sal_006342,ft_evt_0033,Cortesía,0,,
ft_tkt_0011923,ft_sal_006343,ft_evt_0033,General,48000,,
ft_tkt_0011924,ft_sal_006344,ft_evt_0033,General,44000,,
ft_tkt_0011925,ft_sal_006345,ft_evt_0033,General,45000,,
ft_tkt_0011926,ft_sal_006345,ft_evt_0033,General,45000,,
ft_tkt_0011927,ft_sal_006346,ft_evt_0033,Cortesía,0,,
ft_tkt_0011928,ft_sal_006347,ft_evt_0033,General,46000,,
ft_tkt_0011929,ft_sal_006348,ft_evt_0033,General,62000,,
ft_tkt_0011930,ft_sal_006348,ft_evt_0033,General,62000,,
ft_tkt_0011931,ft_sal_006349,ft_evt_0033,General,63000,,
ft_tkt_0011932,ft_sal_006349,ft_evt_0033,General,63000,,
ft_tkt_0011933,ft_sal_006350,ft_evt_0033,Cortesía,0,,
ft_tkt_0011934,ft_sal_006351,ft_evt_0033,General,46000,,
ft_tkt_0011935,ft_sal_006351,ft_evt_0033,General,46000,,
ft_tkt_0011936,ft_sal_006352,ft_evt_0033,Preferencial,96000,,
ft_tkt_0011937,ft_sal_006352,ft_evt_0033,Preferencial,96000,,
ft_tkt_0011938,ft_sal_006353,ft_evt_0033,General,44000,,
ft_tkt_0011939,ft_sal_006353,ft_evt_0033,General,44000,,
ft_tkt_0011940,ft_sal_006354,ft_evt_0033,General,42000,,
ft_tkt_0011941,ft_sal_006355,ft_evt_0033,General,43000,,
ft_tkt_0011942,ft_sal_006355,ft_evt_0033,General,43000,,
ft_tkt_0011943,ft_sal_006355,ft_evt_0033,General,43000,,
ft_tkt_0011944,ft_sal_006355,ft_evt_0033,General,43000,,
ft_tkt_0011945,ft_sal_006356,ft_evt_0033,General,46000,,
ft_tkt_0011946,ft_sal_006357,ft_evt_0033,Preferencial,90000,,
ft_tkt_0011947,ft_sal_006357,ft_evt_0033,Preferencial,90000,,
ft_tkt_0011948,ft_sal_006358,ft_evt_0033,General,45000,,
ft_tkt_0011949,ft_sal_006359,ft_evt_0033,Preferencial,99000,,
ft_tkt_0011950,ft_sal_006360,ft_evt_0033,General,57000,,
ft_tkt_0011951,ft_sal_006361,ft_evt_0033,Preferencial,104000,,
ft_tkt_0011952,ft_sal_006361,ft_evt_0033,Preferencial,104000,,
ft_tkt_0011953,ft_sal_006362,ft_evt_0033,General,59000,,
ft_tkt_0011954,ft_sal_006362,ft_evt_0033,General,59000,,
ft_tkt_0011955,ft_sal_006363,ft_evt_0033,VIP,137000,,
ft_tkt_0011956,ft_sal_006364,ft_evt_0033,General,40000,,
ft_tkt_0011957,ft_sal_006365,ft_evt_0033,Cortesía,0,,
ft_tkt_0011958,ft_sal_006366,ft_evt_0033,General,66000,,
ft_tkt_0011959,ft_sal_006366,ft_evt_0033,General,66000,,
ft_tkt_0011960,ft_sal_006366,ft_evt_0033,General,66000,,
ft_tkt_0011961,ft_sal_006367,ft_evt_0033,Cortesía,0,,
ft_tkt_0011962,ft_sal_006368,ft_evt_0033,Preferencial,101000,,
ft_tkt_0011963,ft_sal_006368,ft_evt_0033,Preferencial,101000,,
ft_tkt_0011964,ft_sal_006368,ft_evt_0033,Preferencial,101000,,
ft_tkt_0011965,ft_sal_006369,ft_evt_0033,General,61000,,
ft_tkt_0011966,ft_sal_006370,ft_evt_0033,General,47000,,
ft_tkt_0011967,ft_sal_006371,ft_evt_0033,General,60000,,
ft_tkt_0011968,ft_sal_006372,ft_evt_0033,Preferencial,94000,,
ft_tkt_0011969,ft_sal_006373,ft_evt_0033,General,45000,,
ft_tkt_0011970,ft_sal_006374,ft_evt_0033,General,59000,,
ft_tkt_0011971,ft_sal_006375,ft_evt_0033,Preferencial,97000,,
ft_tkt_0011972,ft_sal_006376,ft_evt_0033,General,44000,,
ft_tkt_0011973,ft_sal_006377,ft_evt_0033,General,43000,,
ft_tkt_0011974,ft_sal_006378,ft_evt_0033,General,45000,,
ft_tkt_0011975,ft_sal_006378,ft_evt_0033,General,45000,,
ft_tkt_0011976,ft_sal_006379,ft_evt_0033,Preferencial,96000,,
ft_tkt_0011977,ft_sal_006380,ft_evt_0033,General,64000,,
ft_tkt_0011978,ft_sal_006381,ft_evt_0033,General,54000,,
ft_tkt_0011979,ft_sal_006381,ft_evt_0033,General,54000,,
ft_tkt_0011980,ft_sal_006381,ft_evt_0033,General,54000,,
ft_tkt_0011981,ft_sal_006382,ft_evt_0033,General,46000,,
ft_tkt_0011982,ft_sal_006382,ft_evt_0033,General,46000,,
ft_tkt_0011983,ft_sal_006383,ft_evt_0033,General,45000,,
ft_tkt_0011984,ft_sal_006383,ft_evt_0033,General,45000,,
ft_tkt_0011985,ft_sal_006384,ft_evt_0033,General,48000,,
ft_tkt_0011986,ft_sal_006385,ft_evt_0033,Cortesía,0,,
ft_tkt_0011987,ft_sal_006385,ft_evt_0033,Cortesía,0,,
ft_tkt_0011988,ft_sal_006385,ft_evt_0033,Cortesía,0,,
ft_tkt_0011989,ft_sal_006386,ft_evt_0033,General,68000,,
ft_tkt_0011990,ft_sal_006386,ft_evt_0033,General,68000,,
ft_tkt_0011991,ft_sal_006386,ft_evt_0033,General,68000,,
ft_tkt_0011992,ft_sal_006386,ft_evt_0033,General,68000,,
ft_tkt_0011993,ft_sal_006387,ft_evt_0033,General,62000,,
ft_tkt_0011994,ft_sal_006388,ft_evt_0033,General,45000,,
ft_tkt_0011995,ft_sal_006388,ft_evt_0033,General,45000,,
ft_tkt_0011996,ft_sal_006388,ft_evt_0033,General,45000,,
ft_tkt_0011997,ft_sal_006389,ft_evt_0033,Preferencial,89000,,
ft_tkt_0011998,ft_sal_006389,ft_evt_0033,Preferencial,89000,,
ft_tkt_0011999,ft_sal_006390,ft_evt_0033,General,42000,,
ft_tkt_0012000,ft_sal_006391,ft_evt_0033,General,57000,,
ft_tkt_0012001,ft_sal_006391,ft_evt_0033,General,57000,,
ft_tkt_0012002,ft_sal_006391,ft_evt_0033,General,57000,,
ft_tkt_0012003,ft_sal_006392,ft_evt_0033,General,45000,,
ft_tkt_0012004,ft_sal_006393,ft_evt_0033,General,62000,,
ft_tkt_0012005,ft_sal_006393,ft_evt_0033,General,62000,,
ft_tkt_0012006,ft_sal_006394,ft_evt_0033,General,56000,,
ft_tkt_0012007,ft_sal_006395,ft_evt_0033,General,43000,,
ft_tkt_0012008,ft_sal_006395,ft_evt_0033,General,43000,,
ft_tkt_0012009,ft_sal_006396,ft_evt_0033,General,57000,,
ft_tkt_0012010,ft_sal_006397,ft_evt_0033,VIP,144000,,
ft_tkt_0012011,ft_sal_006398,ft_evt_0033,Preferencial,94000,,
ft_tkt_0012012,ft_sal_006399,ft_evt_0033,Preferencial,98000,,
ft_tkt_0012013,ft_sal_006400,ft_evt_0033,General,46000,,
ft_tkt_0012014,ft_sal_006400,ft_evt_0033,General,46000,,
ft_tkt_0012015,ft_sal_006401,ft_evt_0033,Preferencial,90000,,
ft_tkt_0012016,ft_sal_006401,ft_evt_0033,Preferencial,90000,,
ft_tkt_0012017,ft_sal_006402,ft_evt_0033,General,44000,,
ft_tkt_0012018,ft_sal_006402,ft_evt_0033,General,44000,,
ft_tkt_0012019,ft_sal_006402,ft_evt_0033,General,44000,,
ft_tkt_0012020,ft_sal_006403,ft_evt_0033,General,41000,,
ft_tkt_0012021,ft_sal_006403,ft_evt_0033,General,41000,,
ft_tkt_0012022,ft_sal_006404,ft_evt_0033,Preferencial,89000,,
ft_tkt_0012023,ft_sal_006404,ft_evt_0033,Preferencial,89000,,
ft_tkt_0012024,ft_sal_006404,ft_evt_0033,Preferencial,89000,,
ft_tkt_0012025,ft_sal_006404,ft_evt_0033,Preferencial,89000,,
ft_tkt_0012026,ft_sal_006404,ft_evt_0033,Preferencial,89000,,
ft_tkt_0012027,ft_sal_006404,ft_evt_0033,Preferencial,89000,,
ft_tkt_0012028,ft_sal_006405,ft_evt_0033,General,59000,,
ft_tkt_0012029,ft_sal_006405,ft_evt_0033,General,59000,,
ft_tkt_0012030,ft_sal_006406,ft_evt_0033,General,61000,,
ft_tkt_0012031,ft_sal_006407,ft_evt_0033,General,58000,,
ft_tkt_0012032,ft_sal_006408,ft_evt_0033,VIP,126000,,
ft_tkt_0012033,ft_sal_006408,ft_evt_0033,VIP,126000,,
ft_tkt_0012034,ft_sal_006409,ft_evt_0033,Cortesía,0,,
ft_tkt_0012035,ft_sal_006409,ft_evt_0033,Cortesía,0,,
ft_tkt_0012036,ft_sal_006410,ft_evt_0033,General,60000,,
ft_tkt_0012037,ft_sal_006411,ft_evt_0033,General,45000,,
ft_tkt_0012038,ft_sal_006411,ft_evt_0033,General,45000,,
ft_tkt_0012039,ft_sal_006412,ft_evt_0033,Cortesía,0,,
ft_tkt_0012040,ft_sal_006413,ft_evt_0033,General,42000,,
ft_tkt_0012041,ft_sal_006413,ft_evt_0033,General,42000,,
ft_tkt_0012042,ft_sal_006413,ft_evt_0033,General,42000,,
ft_tkt_0012043,ft_sal_006413,ft_evt_0033,General,42000,,
ft_tkt_0012044,ft_sal_006414,ft_evt_0033,Cortesía,0,,
ft_tkt_0012045,ft_sal_006414,ft_evt_0033,Cortesía,0,,
ft_tkt_0012046,ft_sal_006415,ft_evt_0033,General,59000,,
ft_tkt_0012047,ft_sal_006415,ft_evt_0033,General,59000,,
ft_tkt_0012048,ft_sal_006416,ft_evt_0033,General,48000,,
ft_tkt_0012049,ft_sal_006416,ft_evt_0033,General,48000,,
ft_tkt_0012050,ft_sal_006416,ft_evt_0033,General,48000,,
ft_tkt_0012051,ft_sal_006417,ft_evt_0033,General,42000,,
ft_tkt_0012052,ft_sal_006418,ft_evt_0033,General,63000,,
ft_tkt_0012053,ft_sal_006419,ft_evt_0033,General,45000,,
ft_tkt_0012054,ft_sal_006420,ft_evt_0033,General,44000,,
ft_tkt_0012055,ft_sal_006420,ft_evt_0033,General,44000,,
ft_tkt_0012056,ft_sal_006420,ft_evt_0033,General,44000,,
ft_tkt_0012057,ft_sal_006420,ft_evt_0033,General,44000,,
ft_tkt_0012058,ft_sal_006421,ft_evt_0033,Preferencial,97000,,
ft_tkt_0012059,ft_sal_006421,ft_evt_0033,Preferencial,97000,,
ft_tkt_0012060,ft_sal_006421,ft_evt_0033,Preferencial,97000,,
ft_tkt_0012061,ft_sal_006422,ft_evt_0033,Preferencial,99000,,
ft_tkt_0012062,ft_sal_006423,ft_evt_0033,General,61000,,
ft_tkt_0012063,ft_sal_006424,ft_evt_0033,Preferencial,99000,,
ft_tkt_0012064,ft_sal_006425,ft_evt_0033,General,44000,,
ft_tkt_0012065,ft_sal_006426,ft_evt_0033,VIP,149000,,
ft_tkt_0012066,ft_sal_006426,ft_evt_0033,VIP,149000,,
ft_tkt_0012067,ft_sal_006427,ft_evt_0033,Preferencial,95000,,
ft_tkt_0012068,ft_sal_006428,ft_evt_0024,General,48000,,
ft_tkt_0012069,ft_sal_006428,ft_evt_0024,General,48000,,
ft_tkt_0012070,ft_sal_006428,ft_evt_0024,General,48000,,
ft_tkt_0012071,ft_sal_006428,ft_evt_0024,General,48000,,
ft_tkt_0012072,ft_sal_006429,ft_evt_0024,VIP,152000,,
ft_tkt_0012073,ft_sal_006430,ft_evt_0024,General,55000,,
ft_tkt_0012074,ft_sal_006430,ft_evt_0024,General,55000,,
ft_tkt_0012075,ft_sal_006430,ft_evt_0024,General,55000,,
ft_tkt_0012076,ft_sal_006430,ft_evt_0024,General,55000,,
ft_tkt_0012077,ft_sal_006431,ft_evt_0024,General,54000,,
ft_tkt_0012078,ft_sal_006431,ft_evt_0024,General,54000,,
ft_tkt_0012079,ft_sal_006432,ft_evt_0024,VIP,149000,,
ft_tkt_0012080,ft_sal_006432,ft_evt_0024,VIP,149000,,
ft_tkt_0012081,ft_sal_006433,ft_evt_0024,VIP,146000,,
ft_tkt_0012082,ft_sal_006433,ft_evt_0024,VIP,146000,,
ft_tkt_0012083,ft_sal_006433,ft_evt_0024,VIP,146000,,
ft_tkt_0012084,ft_sal_006434,ft_evt_0024,General,43000,,
ft_tkt_0012085,ft_sal_006434,ft_evt_0024,General,43000,,
ft_tkt_0012086,ft_sal_006434,ft_evt_0024,General,43000,,
ft_tkt_0012087,ft_sal_006435,ft_evt_0024,VIP,145000,,
ft_tkt_0012088,ft_sal_006435,ft_evt_0024,VIP,145000,,
ft_tkt_0012089,ft_sal_006436,ft_evt_0024,General,60000,,
ft_tkt_0012090,ft_sal_006437,ft_evt_0024,General,61000,,
ft_tkt_0012091,ft_sal_006438,ft_evt_0024,Cortesía,0,,
ft_tkt_0012092,ft_sal_006438,ft_evt_0024,Cortesía,0,,
ft_tkt_0012093,ft_sal_006438,ft_evt_0024,Cortesía,0,,
ft_tkt_0012094,ft_sal_006439,ft_evt_0024,General,46000,,
ft_tkt_0012095,ft_sal_006439,ft_evt_0024,General,46000,,
ft_tkt_0012096,ft_sal_006440,ft_evt_0024,General,45000,,
ft_tkt_0012097,ft_sal_006441,ft_evt_0024,Preferencial,99000,,
ft_tkt_0012098,ft_sal_006442,ft_evt_0024,General,48000,,
ft_tkt_0012099,ft_sal_006443,ft_evt_0024,General,46000,,
ft_tkt_0012100,ft_sal_006443,ft_evt_0024,General,46000,,
ft_tkt_0012101,ft_sal_006444,ft_evt_0024,General,64000,,
ft_tkt_0012102,ft_sal_006445,ft_evt_0024,General,45000,,
ft_tkt_0012103,ft_sal_006446,ft_evt_0024,Preferencial,94000,,
ft_tkt_0012104,ft_sal_006446,ft_evt_0024,Preferencial,94000,,
ft_tkt_0012105,ft_sal_006447,ft_evt_0024,General,62000,,
ft_tkt_0012106,ft_sal_006448,ft_evt_0024,Cortesía,0,,
ft_tkt_0012107,ft_sal_006448,ft_evt_0024,Cortesía,0,,
ft_tkt_0012108,ft_sal_006448,ft_evt_0024,Cortesía,0,,
ft_tkt_0012109,ft_sal_006448,ft_evt_0024,Cortesía,0,,
ft_tkt_0012110,ft_sal_006449,ft_evt_0024,Preferencial,99000,,
ft_tkt_0012111,ft_sal_006449,ft_evt_0024,Preferencial,99000,,
ft_tkt_0012112,ft_sal_006449,ft_evt_0024,Preferencial,99000,,
ft_tkt_0012113,ft_sal_006450,ft_evt_0024,General,47000,,
ft_tkt_0012114,ft_sal_006451,ft_evt_0024,General,42000,,
ft_tkt_0012115,ft_sal_006451,ft_evt_0024,General,42000,,
ft_tkt_0012116,ft_sal_006452,ft_evt_0024,General,43000,,
ft_tkt_0012117,ft_sal_006452,ft_evt_0024,General,43000,,
ft_tkt_0012118,ft_sal_006452,ft_evt_0024,General,43000,,
ft_tkt_0012119,ft_sal_006453,ft_evt_0024,General,44000,,
ft_tkt_0012120,ft_sal_006453,ft_evt_0024,General,44000,,
ft_tkt_0012121,ft_sal_006454,ft_evt_0024,Preferencial,96000,,
ft_tkt_0012122,ft_sal_006455,ft_evt_0024,General,61000,,
ft_tkt_0012123,ft_sal_006455,ft_evt_0024,General,61000,,
ft_tkt_0012124,ft_sal_006455,ft_evt_0024,General,61000,,
ft_tkt_0012125,ft_sal_006456,ft_evt_0024,General,62000,,
ft_tkt_0012126,ft_sal_006456,ft_evt_0024,General,62000,,
ft_tkt_0012127,ft_sal_006457,ft_evt_0024,General,48000,,
ft_tkt_0012128,ft_sal_006458,ft_evt_0024,General,44000,,
ft_tkt_0012129,ft_sal_006459,ft_evt_0007,General,40000,,
ft_tkt_0012130,ft_sal_006460,ft_evt_0007,General,41000,,
ft_tkt_0012131,ft_sal_006461,ft_evt_0007,Preferencial,97000,,
ft_tkt_0012132,ft_sal_006461,ft_evt_0007,Preferencial,97000,,
ft_tkt_0012133,ft_sal_006462,ft_evt_0007,Preferencial,88000,,
ft_tkt_0012134,ft_sal_006462,ft_evt_0007,Preferencial,88000,,
ft_tkt_0012135,ft_sal_006463,ft_evt_0007,Preferencial,92000,,
ft_tkt_0012136,ft_sal_006464,ft_evt_0007,Preferencial,93000,,
ft_tkt_0012137,ft_sal_006465,ft_evt_0007,General,65000,,
ft_tkt_0012138,ft_sal_006466,ft_evt_0007,General,48000,,
ft_tkt_0012139,ft_sal_006467,ft_evt_0007,General,59000,,
ft_tkt_0012140,ft_sal_006467,ft_evt_0007,General,59000,,
ft_tkt_0012141,ft_sal_006467,ft_evt_0007,General,59000,,
ft_tkt_0012142,ft_sal_006467,ft_evt_0007,General,59000,,
ft_tkt_0012143,ft_sal_006467,ft_evt_0007,General,59000,,
ft_tkt_0012144,ft_sal_006467,ft_evt_0007,General,59000,,
ft_tkt_0012145,ft_sal_006468,ft_evt_0007,VIP,137000,,
ft_tkt_0012146,ft_sal_006468,ft_evt_0007,VIP,137000,,
ft_tkt_0012147,ft_sal_006469,ft_evt_0007,Cortesía,0,,
ft_tkt_0012148,ft_sal_006470,ft_evt_0007,Preferencial,97000,,
ft_tkt_0012149,ft_sal_006471,ft_evt_0007,General,45000,,
ft_tkt_0012150,ft_sal_006471,ft_evt_0007,General,45000,,
ft_tkt_0012151,ft_sal_006471,ft_evt_0007,General,45000,,
ft_tkt_0012152,ft_sal_006472,ft_evt_0007,General,49000,,
ft_tkt_0012153,ft_sal_006472,ft_evt_0007,General,49000,,
ft_tkt_0012154,ft_sal_006473,ft_evt_0007,General,46000,,
ft_tkt_0012155,ft_sal_006474,ft_evt_0007,Preferencial,106000,,
ft_tkt_0012156,ft_sal_006474,ft_evt_0007,Preferencial,106000,,
ft_tkt_0012157,ft_sal_006474,ft_evt_0007,Preferencial,106000,,
ft_tkt_0012158,ft_sal_006474,ft_evt_0007,Preferencial,106000,,
ft_tkt_0012159,ft_sal_006475,ft_evt_0007,General,44000,,
ft_tkt_0012160,ft_sal_006475,ft_evt_0007,General,44000,,
ft_tkt_0012161,ft_sal_006476,ft_evt_0007,General,64000,,
ft_tkt_0012162,ft_sal_006476,ft_evt_0007,General,64000,,
ft_tkt_0012163,ft_sal_006477,ft_evt_0007,Preferencial,91000,,
ft_tkt_0012164,ft_sal_006477,ft_evt_0007,Preferencial,91000,,
ft_tkt_0012165,ft_sal_006477,ft_evt_0007,Preferencial,91000,,
ft_tkt_0012166,ft_sal_006477,ft_evt_0007,Preferencial,91000,,
ft_tkt_0012167,ft_sal_006478,ft_evt_0007,Preferencial,94000,,
ft_tkt_0012168,ft_sal_006478,ft_evt_0007,Preferencial,94000,,
ft_tkt_0012169,ft_sal_006479,ft_evt_0007,Preferencial,91000,,
ft_tkt_0012170,ft_sal_006479,ft_evt_0007,Preferencial,91000,,
ft_tkt_0012171,ft_sal_006480,ft_evt_0007,General,44000,,
ft_tkt_0012172,ft_sal_006480,ft_evt_0007,General,44000,,
ft_tkt_0012173,ft_sal_006480,ft_evt_0007,General,44000,,
ft_tkt_0012174,ft_sal_006480,ft_evt_0007,General,44000,,
ft_tkt_0012175,ft_sal_006481,ft_evt_0007,General,44000,,
ft_tkt_0012176,ft_sal_006482,ft_evt_0007,Preferencial,87000,,
ft_tkt_0012177,ft_sal_006482,ft_evt_0007,Preferencial,87000,,
ft_tkt_0012178,ft_sal_006482,ft_evt_0007,Preferencial,87000,,
ft_tkt_0012179,ft_sal_006482,ft_evt_0007,Preferencial,87000,,
ft_tkt_0012180,ft_sal_006483,ft_evt_0007,Preferencial,95000,,
ft_tkt_0012181,ft_sal_006484,ft_evt_0007,Preferencial,90000,,
ft_tkt_0012182,ft_sal_006484,ft_evt_0007,Preferencial,90000,,
ft_tkt_0012183,ft_sal_006485,ft_evt_0007,General,48000,,
ft_tkt_0012184,ft_sal_006485,ft_evt_0007,General,48000,,
ft_tkt_0012185,ft_sal_006485,ft_evt_0007,General,48000,,
ft_tkt_0012186,ft_sal_006485,ft_evt_0007,General,48000,,
ft_tkt_0012187,ft_sal_006486,ft_evt_0007,General,60000,,
ft_tkt_0012188,ft_sal_006487,ft_evt_0007,Preferencial,94000,,
ft_tkt_0012189,ft_sal_006488,ft_evt_0007,General,61000,,
ft_tkt_0012190,ft_sal_006489,ft_evt_0007,Preferencial,90000,,
ft_tkt_0012191,ft_sal_006490,ft_evt_0007,Cortesía,0,,
ft_tkt_0012192,ft_sal_006491,ft_evt_0007,General,59000,,
ft_tkt_0012193,ft_sal_006492,ft_evt_0007,General,48000,,
ft_tkt_0012194,ft_sal_006492,ft_evt_0007,General,48000,,
ft_tkt_0012195,ft_sal_006492,ft_evt_0007,General,48000,,
ft_tkt_0012196,ft_sal_006493,ft_evt_0007,VIP,150000,,
ft_tkt_0012197,ft_sal_006493,ft_evt_0007,VIP,150000,,
ft_tkt_0012198,ft_sal_006494,ft_evt_0007,General,59000,,
ft_tkt_0012199,ft_sal_006495,ft_evt_0007,General,48000,,
ft_tkt_0012200,ft_sal_006496,ft_evt_0007,General,42000,,
ft_tkt_0012201,ft_sal_006497,ft_evt_0007,Preferencial,98000,,
ft_tkt_0012202,ft_sal_006497,ft_evt_0007,Preferencial,98000,,
ft_tkt_0012203,ft_sal_006498,ft_evt_0007,General,66000,,
ft_tkt_0012204,ft_sal_006498,ft_evt_0007,General,66000,,
ft_tkt_0012205,ft_sal_006499,ft_evt_0007,General,64000,,
ft_tkt_0012206,ft_sal_006499,ft_evt_0007,General,64000,,
ft_tkt_0012207,ft_sal_006500,ft_evt_0007,General,46000,,
ft_tkt_0012208,ft_sal_006501,ft_evt_0007,Preferencial,95000,,
ft_tkt_0012209,ft_sal_006501,ft_evt_0007,Preferencial,95000,,
ft_tkt_0012210,ft_sal_006501,ft_evt_0007,Preferencial,95000,,
ft_tkt_0012211,ft_sal_006501,ft_evt_0007,Preferencial,95000,,
ft_tkt_0012212,ft_sal_006502,ft_evt_0007,General,44000,,
ft_tkt_0012213,ft_sal_006502,ft_evt_0007,General,44000,,
ft_tkt_0012214,ft_sal_006503,ft_evt_0007,Cortesía,0,,
ft_tkt_0012215,ft_sal_006503,ft_evt_0007,Cortesía,0,,
ft_tkt_0012216,ft_sal_006503,ft_evt_0007,Cortesía,0,,
ft_tkt_0012217,ft_sal_006504,ft_evt_0007,Cortesía,0,,
ft_tkt_0012218,ft_sal_006505,ft_evt_0007,General,45000,,
ft_tkt_0012219,ft_sal_006505,ft_evt_0007,General,45000,,
ft_tkt_0012220,ft_sal_006505,ft_evt_0007,General,45000,,
ft_tkt_0012221,ft_sal_006505,ft_evt_0007,General,45000,,
ft_tkt_0012222,ft_sal_006506,ft_evt_0007,VIP,143000,,
ft_tkt_0012223,ft_sal_006506,ft_evt_0007,VIP,143000,,
ft_tkt_0012224,ft_sal_006506,ft_evt_0007,VIP,143000,,
ft_tkt_0012225,ft_sal_006506,ft_evt_0007,VIP,143000,,
ft_tkt_0012226,ft_sal_006507,ft_evt_0007,General,50000,,
ft_tkt_0012227,ft_sal_006508,ft_evt_0007,General,45000,,
ft_tkt_0012228,ft_sal_006509,ft_evt_0007,General,45000,,
ft_tkt_0012229,ft_sal_006509,ft_evt_0007,General,45000,,
ft_tkt_0012230,ft_sal_006509,ft_evt_0007,General,45000,,
ft_tkt_0012231,ft_sal_006509,ft_evt_0007,General,45000,,
ft_tkt_0012232,ft_sal_006510,ft_evt_0007,General,42000,,
ft_tkt_0012233,ft_sal_006511,ft_evt_0007,Cortesía,0,,
ft_tkt_0012234,ft_sal_006511,ft_evt_0007,Cortesía,0,,
ft_tkt_0012235,ft_sal_006512,ft_evt_0007,General,59000,,
ft_tkt_0012236,ft_sal_006513,ft_evt_0007,Preferencial,98000,,
ft_tkt_0012237,ft_sal_006514,ft_evt_0007,General,64000,,
ft_tkt_0012238,ft_sal_006514,ft_evt_0007,General,64000,,
ft_tkt_0012239,ft_sal_006515,ft_evt_0007,General,55000,,
ft_tkt_0012240,ft_sal_006516,ft_evt_0007,General,61000,,
ft_tkt_0012241,ft_sal_006516,ft_evt_0007,General,61000,,
ft_tkt_0012242,ft_sal_006517,ft_evt_0007,VIP,135000,,
ft_tkt_0012243,ft_sal_006518,ft_evt_0007,General,47000,,
ft_tkt_0012244,ft_sal_006518,ft_evt_0007,General,47000,,
ft_tkt_0012245,ft_sal_006519,ft_evt_0007,Cortesía,0,,
ft_tkt_0012246,ft_sal_006519,ft_evt_0007,Cortesía,0,,
ft_tkt_0012247,ft_sal_006519,ft_evt_0007,Cortesía,0,,
ft_tkt_0012248,ft_sal_006520,ft_evt_0007,General,64000,,
ft_tkt_0012249,ft_sal_006521,ft_evt_0007,VIP,147000,,
ft_tkt_0012250,ft_sal_006522,ft_evt_0042,General,42000,,
ft_tkt_0012251,ft_sal_006523,ft_evt_0042,VIP,135000,,
ft_tkt_0012252,ft_sal_006523,ft_evt_0042,VIP,135000,,
ft_tkt_0012253,ft_sal_006524,ft_evt_0042,Preferencial,95000,,
ft_tkt_0012254,ft_sal_006524,ft_evt_0042,Preferencial,95000,,
ft_tkt_0012255,ft_sal_006525,ft_evt_0042,General,45000,,
ft_tkt_0012256,ft_sal_006525,ft_evt_0042,General,45000,,
ft_tkt_0012257,ft_sal_006526,ft_evt_0042,General,48000,,
ft_tkt_0012258,ft_sal_006526,ft_evt_0042,General,48000,,
ft_tkt_0012259,ft_sal_006527,ft_evt_0042,General,56000,,
ft_tkt_0012260,ft_sal_006527,ft_evt_0042,General,56000,,
ft_tkt_0012261,ft_sal_006527,ft_evt_0042,General,56000,,
ft_tkt_0012262,ft_sal_006528,ft_evt_0042,General,64000,,
ft_tkt_0012263,ft_sal_006529,ft_evt_0042,VIP,147000,,
ft_tkt_0012264,ft_sal_006529,ft_evt_0042,VIP,147000,,
ft_tkt_0012265,ft_sal_006529,ft_evt_0042,VIP,147000,,
ft_tkt_0012266,ft_sal_006529,ft_evt_0042,VIP,147000,,
ft_tkt_0012267,ft_sal_006530,ft_evt_0042,General,45000,,
ft_tkt_0012268,ft_sal_006530,ft_evt_0042,General,45000,,
ft_tkt_0012269,ft_sal_006530,ft_evt_0042,General,45000,,
ft_tkt_0012270,ft_sal_006531,ft_evt_0042,Preferencial,91000,,
ft_tkt_0012271,ft_sal_006532,ft_evt_0042,VIP,133000,,
ft_tkt_0012272,ft_sal_006533,ft_evt_0042,General,65000,,
ft_tkt_0012273,ft_sal_006533,ft_evt_0042,General,65000,,
ft_tkt_0012274,ft_sal_006534,ft_evt_0042,Preferencial,97000,,
ft_tkt_0012275,ft_sal_006534,ft_evt_0042,Preferencial,97000,,
ft_tkt_0012276,ft_sal_006535,ft_evt_0042,General,45000,,
ft_tkt_0012277,ft_sal_006535,ft_evt_0042,General,45000,,
ft_tkt_0012278,ft_sal_006535,ft_evt_0042,General,45000,,
ft_tkt_0012279,ft_sal_006536,ft_evt_0042,Cortesía,0,,
ft_tkt_0012280,ft_sal_006536,ft_evt_0042,Cortesía,0,,
ft_tkt_0012281,ft_sal_006536,ft_evt_0042,Cortesía,0,,
ft_tkt_0012282,ft_sal_006537,ft_evt_0042,VIP,130000,,
ft_tkt_0012283,ft_sal_006537,ft_evt_0042,VIP,130000,,
ft_tkt_0012284,ft_sal_006538,ft_evt_0042,General,59000,,
ft_tkt_0012285,ft_sal_006539,ft_evt_0042,General,47000,,
ft_tkt_0012286,ft_sal_006539,ft_evt_0042,General,47000,,
ft_tkt_0012287,ft_sal_006540,ft_evt_0042,General,49000,,
ft_tkt_0012288,ft_sal_006540,ft_evt_0042,General,49000,,
ft_tkt_0012289,ft_sal_006540,ft_evt_0042,General,49000,,
ft_tkt_0012290,ft_sal_006541,ft_evt_0042,General,44000,,
ft_tkt_0012291,ft_sal_006542,ft_evt_0042,Preferencial,105000,,
ft_tkt_0012292,ft_sal_006542,ft_evt_0042,Preferencial,105000,,
ft_tkt_0012293,ft_sal_006543,ft_evt_0042,General,60000,,
ft_tkt_0012294,ft_sal_006544,ft_evt_0042,VIP,138000,,
ft_tkt_0012295,ft_sal_006544,ft_evt_0042,VIP,138000,,
ft_tkt_0012296,ft_sal_006545,ft_evt_0042,General,46000,,
ft_tkt_0012297,ft_sal_006545,ft_evt_0042,General,46000,,
ft_tkt_0012298,ft_sal_006546,ft_evt_0042,VIP,137000,,
ft_tkt_0012299,ft_sal_006546,ft_evt_0042,VIP,137000,,
ft_tkt_0012300,ft_sal_006547,ft_evt_0042,General,58000,,
ft_tkt_0012301,ft_sal_006548,ft_evt_0042,General,45000,,
ft_tkt_0012302,ft_sal_006548,ft_evt_0042,General,45000,,
ft_tkt_0012303,ft_sal_006549,ft_evt_0042,Preferencial,96000,,
ft_tkt_0012304,ft_sal_006549,ft_evt_0042,Preferencial,96000,,
ft_tkt_0012305,ft_sal_006550,ft_evt_0042,General,43000,,
ft_tkt_0012306,ft_sal_006551,ft_evt_0042,VIP,146000,,
ft_tkt_0012307,ft_sal_006551,ft_evt_0042,VIP,146000,,
ft_tkt_0012308,ft_sal_006552,ft_evt_0042,General,44000,,
ft_tkt_0012309,ft_sal_006553,ft_evt_0042,General,47000,,
ft_tkt_0012310,ft_sal_006553,ft_evt_0042,General,47000,,
ft_tkt_0012311,ft_sal_006554,ft_evt_0042,Preferencial,95000,,
ft_tkt_0012312,ft_sal_006555,ft_evt_0042,Preferencial,102000,,
ft_tkt_0012313,ft_sal_006556,ft_evt_0042,General,45000,,
ft_tkt_0012314,ft_sal_006556,ft_evt_0042,General,45000,,
ft_tkt_0012315,ft_sal_006557,ft_evt_0042,General,48000,,
ft_tkt_0012316,ft_sal_006557,ft_evt_0042,General,48000,,
ft_tkt_0012317,ft_sal_006558,ft_evt_0042,General,41000,,
ft_tkt_0012318,ft_sal_006558,ft_evt_0042,General,41000,,
ft_tkt_0012319,ft_sal_006559,ft_evt_0042,Preferencial,104000,,
ft_tkt_0012320,ft_sal_006559,ft_evt_0042,Preferencial,104000,,
ft_tkt_0012321,ft_sal_006560,ft_evt_0042,General,53000,,
ft_tkt_0012322,ft_sal_006560,ft_evt_0042,General,53000,,
ft_tkt_0012323,ft_sal_006561,ft_evt_0042,General,41000,,
ft_tkt_0012324,ft_sal_006562,ft_evt_0042,Cortesía,0,,
ft_tkt_0012325,ft_sal_006562,ft_evt_0042,Cortesía,0,,
ft_tkt_0012326,ft_sal_006563,ft_evt_0042,Preferencial,94000,,
ft_tkt_0012327,ft_sal_006564,ft_evt_0042,Preferencial,91000,,
ft_tkt_0012328,ft_sal_006565,ft_evt_0042,General,59000,,
ft_tkt_0012329,ft_sal_006566,ft_evt_0042,Preferencial,99000,,
ft_tkt_0012330,ft_sal_006567,ft_evt_0042,Preferencial,106000,,
ft_tkt_0012331,ft_sal_006568,ft_evt_0042,Preferencial,97000,,
ft_tkt_0012332,ft_sal_006568,ft_evt_0042,Preferencial,97000,,
ft_tkt_0012333,ft_sal_006569,ft_evt_0042,General,43000,,
ft_tkt_0012334,ft_sal_006569,ft_evt_0042,General,43000,,
ft_tkt_0012335,ft_sal_006569,ft_evt_0042,General,43000,,
ft_tkt_0012336,ft_sal_006570,ft_evt_0042,Preferencial,95000,,
ft_tkt_0012337,ft_sal_006571,ft_evt_0042,General,47000,,
ft_tkt_0012338,ft_sal_006572,ft_evt_0042,General,60000,,
ft_tkt_0012339,ft_sal_006572,ft_evt_0042,General,60000,,
ft_tkt_0012340,ft_sal_006573,ft_evt_0042,General,44000,,
ft_tkt_0012341,ft_sal_006573,ft_evt_0042,General,44000,,
ft_tkt_0012342,ft_sal_006574,ft_evt_0042,General,63000,,
ft_tkt_0012343,ft_sal_006574,ft_evt_0042,General,63000,,
ft_tkt_0012344,ft_sal_006575,ft_evt_0042,General,41000,,
ft_tkt_0012345,ft_sal_006575,ft_evt_0042,General,41000,,
ft_tkt_0012346,ft_sal_006576,ft_evt_0042,General,63000,,
ft_tkt_0012347,ft_sal_006576,ft_evt_0042,General,63000,,
ft_tkt_0012348,ft_sal_006577,ft_evt_0042,General,40000,,
ft_tkt_0012349,ft_sal_006578,ft_evt_0042,General,46000,,
ft_tkt_0012350,ft_sal_006579,ft_evt_0042,VIP,139000,,
ft_tkt_0012351,ft_sal_006580,ft_evt_0042,VIP,128000,,
ft_tkt_0012352,ft_sal_006580,ft_evt_0042,VIP,128000,,
ft_tkt_0012353,ft_sal_006580,ft_evt_0042,VIP,128000,,
ft_tkt_0012354,ft_sal_006580,ft_evt_0042,VIP,128000,,
ft_tkt_0012355,ft_sal_006581,ft_evt_0042,General,44000,,
ft_tkt_0012356,ft_sal_006581,ft_evt_0042,General,44000,,
ft_tkt_0012357,ft_sal_006582,ft_evt_0042,General,43000,,
ft_tkt_0012358,ft_sal_006582,ft_evt_0042,General,43000,,
ft_tkt_0012359,ft_sal_006582,ft_evt_0042,General,43000,,
ft_tkt_0012360,ft_sal_006583,ft_evt_0042,Preferencial,94000,,
ft_tkt_0012361,ft_sal_006583,ft_evt_0042,Preferencial,94000,,
ft_tkt_0012362,ft_sal_006583,ft_evt_0042,Preferencial,94000,,
ft_tkt_0012363,ft_sal_006584,ft_evt_0042,VIP,139000,,
ft_tkt_0012364,ft_sal_006585,ft_evt_0042,VIP,140000,,
ft_tkt_0012365,ft_sal_006585,ft_evt_0042,VIP,140000,,
ft_tkt_0012366,ft_sal_006586,ft_evt_0042,General,57000,,
ft_tkt_0012367,ft_sal_006587,ft_evt_0042,General,44000,,
ft_tkt_0012368,ft_sal_006588,ft_evt_0042,General,59000,,
ft_tkt_0012369,ft_sal_006588,ft_evt_0042,General,59000,,
ft_tkt_0012370,ft_sal_006588,ft_evt_0042,General,59000,,
ft_tkt_0012371,ft_sal_006588,ft_evt_0042,General,59000,,
ft_tkt_0012372,ft_sal_006589,ft_evt_0042,General,43000,,
ft_tkt_0012373,ft_sal_006590,ft_evt_0042,Cortesía,0,,
ft_tkt_0012374,ft_sal_006590,ft_evt_0042,Cortesía,0,,
ft_tkt_0012375,ft_sal_006591,ft_evt_0042,Preferencial,94000,,
ft_tkt_0012376,ft_sal_006591,ft_evt_0042,Preferencial,94000,,
ft_tkt_0012377,ft_sal_006592,ft_evt_0042,Preferencial,96000,,
ft_tkt_0012378,ft_sal_006592,ft_evt_0042,Preferencial,96000,,
ft_tkt_0012379,ft_sal_006593,ft_evt_0042,Cortesía,0,,
ft_tkt_0012380,ft_sal_006594,ft_evt_0042,Preferencial,93000,,
ft_tkt_0012381,ft_sal_006595,ft_evt_0042,General,44000,,
ft_tkt_0012382,ft_sal_006595,ft_evt_0042,General,44000,,
ft_tkt_0012383,ft_sal_006595,ft_evt_0042,General,44000,,
ft_tkt_0012384,ft_sal_006596,ft_evt_0016,General,57000,,
ft_tkt_0012385,ft_sal_006597,ft_evt_0016,General,46000,,
ft_tkt_0012386,ft_sal_006598,ft_evt_0016,General,45000,,
ft_tkt_0012387,ft_sal_006599,ft_evt_0016,General,47000,,
ft_tkt_0012388,ft_sal_006600,ft_evt_0016,General,42000,,
ft_tkt_0012389,ft_sal_006601,ft_evt_0016,General,42000,,
ft_tkt_0012390,ft_sal_006602,ft_evt_0016,General,59000,,
ft_tkt_0012391,ft_sal_006603,ft_evt_0016,Preferencial,94000,,
ft_tkt_0012392,ft_sal_006604,ft_evt_0016,General,42000,,
ft_tkt_0012393,ft_sal_006604,ft_evt_0016,General,42000,,
ft_tkt_0012394,ft_sal_006605,ft_evt_0016,Preferencial,103000,,
ft_tkt_0012395,ft_sal_006605,ft_evt_0016,Preferencial,103000,,
ft_tkt_0012396,ft_sal_006606,ft_evt_0016,VIP,137000,,
ft_tkt_0012397,ft_sal_006606,ft_evt_0016,VIP,137000,,
ft_tkt_0012398,ft_sal_006607,ft_evt_0016,General,44000,,
ft_tkt_0012399,ft_sal_006607,ft_evt_0016,General,44000,,
ft_tkt_0012400,ft_sal_006608,ft_evt_0016,General,61000,,
ft_tkt_0012401,ft_sal_006609,ft_evt_0016,VIP,134000,,
ft_tkt_0012402,ft_sal_006609,ft_evt_0016,VIP,134000,,
ft_tkt_0012403,ft_sal_006609,ft_evt_0016,VIP,134000,,
ft_tkt_0012404,ft_sal_006609,ft_evt_0016,VIP,134000,,
ft_tkt_0012405,ft_sal_006609,ft_evt_0016,VIP,134000,,
ft_tkt_0012406,ft_sal_006609,ft_evt_0016,VIP,134000,,
ft_tkt_0012407,ft_sal_006610,ft_evt_0016,Preferencial,91000,,
ft_tkt_0012408,ft_sal_006610,ft_evt_0016,Preferencial,91000,,
ft_tkt_0012409,ft_sal_006610,ft_evt_0016,Preferencial,91000,,
ft_tkt_0012410,ft_sal_006611,ft_evt_0016,Preferencial,90000,,
ft_tkt_0012411,ft_sal_006612,ft_evt_0016,General,44000,,
ft_tkt_0012412,ft_sal_006613,ft_evt_0016,General,58000,,
ft_tkt_0012413,ft_sal_006613,ft_evt_0016,General,58000,,
ft_tkt_0012414,ft_sal_006614,ft_evt_0016,General,63000,,
ft_tkt_0012415,ft_sal_006614,ft_evt_0016,General,63000,,
ft_tkt_0012416,ft_sal_006615,ft_evt_0016,General,60000,,
ft_tkt_0012417,ft_sal_006616,ft_evt_0016,VIP,144000,,
ft_tkt_0012418,ft_sal_006617,ft_evt_0016,Preferencial,98000,,
ft_tkt_0012419,ft_sal_006618,ft_evt_0016,VIP,146000,,
ft_tkt_0012420,ft_sal_006618,ft_evt_0016,VIP,146000,,
ft_tkt_0012421,ft_sal_006618,ft_evt_0016,VIP,146000,,
ft_tkt_0012422,ft_sal_006618,ft_evt_0016,VIP,146000,,
ft_tkt_0012423,ft_sal_006619,ft_evt_0016,Cortesía,0,,
ft_tkt_0012424,ft_sal_006619,ft_evt_0016,Cortesía,0,,
ft_tkt_0012425,ft_sal_006619,ft_evt_0016,Cortesía,0,,
ft_tkt_0012426,ft_sal_006620,ft_evt_0016,Cortesía,0,,
ft_tkt_0012427,ft_sal_006620,ft_evt_0016,Cortesía,0,,
ft_tkt_0012428,ft_sal_006621,ft_evt_0016,General,60000,,
ft_tkt_0012429,ft_sal_006622,ft_evt_0016,Preferencial,91000,,
ft_tkt_0012430,ft_sal_006622,ft_evt_0016,Preferencial,91000,,
ft_tkt_0012431,ft_sal_006623,ft_evt_0016,General,65000,,
ft_tkt_0012432,ft_sal_006623,ft_evt_0016,General,65000,,
ft_tkt_0012433,ft_sal_006624,ft_evt_0016,Cortesía,0,,
ft_tkt_0012434,ft_sal_006624,ft_evt_0016,Cortesía,0,,
ft_tkt_0012435,ft_sal_006624,ft_evt_0016,Cortesía,0,,
ft_tkt_0012436,ft_sal_006624,ft_evt_0016,Cortesía,0,,
ft_tkt_0012437,ft_sal_006625,ft_evt_0016,General,48000,,
ft_tkt_0012438,ft_sal_006626,ft_evt_0016,Preferencial,89000,,
ft_tkt_0012439,ft_sal_006626,ft_evt_0016,Preferencial,89000,,
ft_tkt_0012440,ft_sal_006627,ft_evt_0016,General,48000,,
ft_tkt_0012441,ft_sal_006628,ft_evt_0016,Preferencial,95000,,
ft_tkt_0012442,ft_sal_006628,ft_evt_0016,Preferencial,95000,,
ft_tkt_0012443,ft_sal_006628,ft_evt_0016,Preferencial,95000,,
ft_tkt_0012444,ft_sal_006629,ft_evt_0016,General,58000,,
ft_tkt_0012445,ft_sal_006630,ft_evt_0016,Preferencial,101000,,
ft_tkt_0012446,ft_sal_006631,ft_evt_0016,General,46000,,
ft_tkt_0012447,ft_sal_006631,ft_evt_0016,General,46000,,
ft_tkt_0012448,ft_sal_006632,ft_evt_0016,General,65000,,
ft_tkt_0012449,ft_sal_006632,ft_evt_0016,General,65000,,
ft_tkt_0012450,ft_sal_006632,ft_evt_0016,General,65000,,
ft_tkt_0012451,ft_sal_006632,ft_evt_0016,General,65000,,
ft_tkt_0012452,ft_sal_006633,ft_evt_0016,Preferencial,91000,,
ft_tkt_0012453,ft_sal_006633,ft_evt_0016,Preferencial,91000,,
ft_tkt_0012454,ft_sal_006634,ft_evt_0016,General,46000,,
ft_tkt_0012455,ft_sal_006635,ft_evt_0016,General,41000,,
ft_tkt_0012456,ft_sal_006635,ft_evt_0016,General,41000,,
ft_tkt_0012457,ft_sal_006635,ft_evt_0016,General,41000,,
ft_tkt_0012458,ft_sal_006635,ft_evt_0016,General,41000,,
ft_tkt_0012459,ft_sal_006636,ft_evt_0016,General,61000,,
ft_tkt_0012460,ft_sal_006636,ft_evt_0016,General,61000,,
ft_tkt_0012461,ft_sal_006636,ft_evt_0016,General,61000,,
ft_tkt_0012462,ft_sal_006637,ft_evt_0016,General,48000,,
ft_tkt_0012463,ft_sal_006638,ft_evt_0016,Cortesía,0,,
ft_tkt_0012464,ft_sal_006638,ft_evt_0016,Cortesía,0,,
ft_tkt_0012465,ft_sal_006639,ft_evt_0016,General,41000,,
ft_tkt_0012466,ft_sal_006640,ft_evt_0016,General,40000,,
ft_tkt_0012467,ft_sal_006640,ft_evt_0016,General,40000,,
ft_tkt_0012468,ft_sal_006641,ft_evt_0016,General,56000,,
ft_tkt_0012469,ft_sal_006642,ft_evt_0016,Cortesía,0,,
ft_tkt_0012470,ft_sal_006643,ft_evt_0034,General,53000,,
ft_tkt_0012471,ft_sal_006643,ft_evt_0034,General,53000,,
ft_tkt_0012472,ft_sal_006644,ft_evt_0034,General,58000,,
ft_tkt_0012473,ft_sal_006644,ft_evt_0034,General,58000,,
ft_tkt_0012474,ft_sal_006645,ft_evt_0034,VIP,145000,,
ft_tkt_0012475,ft_sal_006645,ft_evt_0034,VIP,145000,,
ft_tkt_0012476,ft_sal_006646,ft_evt_0034,General,45000,,
ft_tkt_0012477,ft_sal_006646,ft_evt_0034,General,45000,,
ft_tkt_0012478,ft_sal_006647,ft_evt_0034,General,63000,,
ft_tkt_0012479,ft_sal_006647,ft_evt_0034,General,63000,,
ft_tkt_0012480,ft_sal_006647,ft_evt_0034,General,63000,,
ft_tkt_0012481,ft_sal_006647,ft_evt_0034,General,63000,,
ft_tkt_0012482,ft_sal_006647,ft_evt_0034,General,63000,,
ft_tkt_0012483,ft_sal_006647,ft_evt_0034,General,63000,,
ft_tkt_0012484,ft_sal_006648,ft_evt_0034,General,44000,,
ft_tkt_0012485,ft_sal_006649,ft_evt_0034,VIP,129000,,
ft_tkt_0012486,ft_sal_006649,ft_evt_0034,VIP,129000,,
ft_tkt_0012487,ft_sal_006650,ft_evt_0034,VIP,133000,,
ft_tkt_0012488,ft_sal_006650,ft_evt_0034,VIP,133000,,
ft_tkt_0012489,ft_sal_006651,ft_evt_0034,General,60000,,
ft_tkt_0012490,ft_sal_006651,ft_evt_0034,General,60000,,
ft_tkt_0012491,ft_sal_006651,ft_evt_0034,General,60000,,
ft_tkt_0012492,ft_sal_006652,ft_evt_0034,Preferencial,96000,,
ft_tkt_0012493,ft_sal_006652,ft_evt_0034,Preferencial,96000,,
ft_tkt_0012494,ft_sal_006653,ft_evt_0034,VIP,133000,,
ft_tkt_0012495,ft_sal_006654,ft_evt_0034,Preferencial,92000,,
ft_tkt_0012496,ft_sal_006655,ft_evt_0034,General,43000,,
ft_tkt_0012497,ft_sal_006656,ft_evt_0034,Preferencial,94000,,
ft_tkt_0012498,ft_sal_006656,ft_evt_0034,Preferencial,94000,,
ft_tkt_0012499,ft_sal_006656,ft_evt_0034,Preferencial,94000,,
ft_tkt_0012500,ft_sal_006656,ft_evt_0034,Preferencial,94000,,
ft_tkt_0012501,ft_sal_006657,ft_evt_0034,General,59000,,
ft_tkt_0012502,ft_sal_006657,ft_evt_0034,General,59000,,
ft_tkt_0012503,ft_sal_006657,ft_evt_0034,General,59000,,
ft_tkt_0012504,ft_sal_006657,ft_evt_0034,General,59000,,
ft_tkt_0012505,ft_sal_006657,ft_evt_0034,General,59000,,
ft_tkt_0012506,ft_sal_006657,ft_evt_0034,General,59000,,
ft_tkt_0012507,ft_sal_006658,ft_evt_0034,General,46000,,
ft_tkt_0012508,ft_sal_006659,ft_evt_0034,General,42000,,
ft_tkt_0012509,ft_sal_006660,ft_evt_0034,General,58000,,
ft_tkt_0012510,ft_sal_006661,ft_evt_0034,Preferencial,105000,,
ft_tkt_0012511,ft_sal_006662,ft_evt_0034,General,60000,,
ft_tkt_0012512,ft_sal_006662,ft_evt_0034,General,60000,,
ft_tkt_0012513,ft_sal_006663,ft_evt_0034,General,42000,,
ft_tkt_0012514,ft_sal_006664,ft_evt_0034,VIP,140000,,
ft_tkt_0012515,ft_sal_006665,ft_evt_0034,Preferencial,95000,,
ft_tkt_0012516,ft_sal_006666,ft_evt_0034,Preferencial,90000,,
ft_tkt_0012517,ft_sal_006667,ft_evt_0034,VIP,144000,,
ft_tkt_0012518,ft_sal_006668,ft_evt_0034,General,61000,,
ft_tkt_0012519,ft_sal_006669,ft_evt_0034,Cortesía,0,,
ft_tkt_0012520,ft_sal_006669,ft_evt_0034,Cortesía,0,,
ft_tkt_0012521,ft_sal_006669,ft_evt_0034,Cortesía,0,,
ft_tkt_0012522,ft_sal_006670,ft_evt_0034,General,42000,,
ft_tkt_0012523,ft_sal_006671,ft_evt_0034,Preferencial,98000,,
ft_tkt_0012524,ft_sal_006671,ft_evt_0034,Preferencial,98000,,
ft_tkt_0012525,ft_sal_006672,ft_evt_0034,General,47000,,
ft_tkt_0012526,ft_sal_006673,ft_evt_0034,VIP,134000,,
ft_tkt_0012527,ft_sal_006674,ft_evt_0034,VIP,131000,,
ft_tkt_0012528,ft_sal_006675,ft_evt_0062,General,48000,,
ft_tkt_0012529,ft_sal_006676,ft_evt_0062,General,60000,,
ft_tkt_0012530,ft_sal_006676,ft_evt_0062,General,60000,,
ft_tkt_0012531,ft_sal_006677,ft_evt_0062,General,43000,,
ft_tkt_0012532,ft_sal_006677,ft_evt_0062,General,43000,,
ft_tkt_0012533,ft_sal_006677,ft_evt_0062,General,43000,,
ft_tkt_0012534,ft_sal_006677,ft_evt_0062,General,43000,,
ft_tkt_0012535,ft_sal_006678,ft_evt_0062,VIP,128000,,
ft_tkt_0012536,ft_sal_006679,ft_evt_0062,Cortesía,0,,
ft_tkt_0012537,ft_sal_006679,ft_evt_0062,Cortesía,0,,
ft_tkt_0012538,ft_sal_006680,ft_evt_0062,VIP,146000,,
ft_tkt_0012539,ft_sal_006680,ft_evt_0062,VIP,146000,,
ft_tkt_0012540,ft_sal_006681,ft_evt_0062,General,61000,,
ft_tkt_0012541,ft_sal_006682,ft_evt_0062,Preferencial,95000,,
ft_tkt_0012542,ft_sal_006682,ft_evt_0062,Preferencial,95000,,
ft_tkt_0012543,ft_sal_006683,ft_evt_0062,General,46000,,
ft_tkt_0012544,ft_sal_006683,ft_evt_0062,General,46000,,
ft_tkt_0012545,ft_sal_006683,ft_evt_0062,General,46000,,
ft_tkt_0012546,ft_sal_006683,ft_evt_0062,General,46000,,
ft_tkt_0012547,ft_sal_006684,ft_evt_0062,Preferencial,104000,,
ft_tkt_0012548,ft_sal_006685,ft_evt_0062,General,45000,,
ft_tkt_0012549,ft_sal_006685,ft_evt_0062,General,45000,,
ft_tkt_0012550,ft_sal_006685,ft_evt_0062,General,45000,,
ft_tkt_0012551,ft_sal_006686,ft_evt_0062,General,43000,,
ft_tkt_0012552,ft_sal_006686,ft_evt_0062,General,43000,,
ft_tkt_0012553,ft_sal_006687,ft_evt_0062,General,45000,,
ft_tkt_0012554,ft_sal_006687,ft_evt_0062,General,45000,,
ft_tkt_0012555,ft_sal_006687,ft_evt_0062,General,45000,,
ft_tkt_0012556,ft_sal_006688,ft_evt_0062,Preferencial,102000,,
ft_tkt_0012557,ft_sal_006689,ft_evt_0062,General,47000,,
ft_tkt_0012558,ft_sal_006690,ft_evt_0062,General,45000,,
ft_tkt_0012559,ft_sal_006691,ft_evt_0062,VIP,152000,,
ft_tkt_0012560,ft_sal_006691,ft_evt_0062,VIP,152000,,
ft_tkt_0012561,ft_sal_006691,ft_evt_0062,VIP,152000,,
ft_tkt_0012562,ft_sal_006692,ft_evt_0062,General,47000,,
ft_tkt_0012563,ft_sal_006693,ft_evt_0062,Cortesía,0,,
ft_tkt_0012564,ft_sal_006694,ft_evt_0062,VIP,138000,,
ft_tkt_0012565,ft_sal_006694,ft_evt_0062,VIP,138000,,
ft_tkt_0012566,ft_sal_006694,ft_evt_0062,VIP,138000,,
ft_tkt_0012567,ft_sal_006694,ft_evt_0062,VIP,138000,,
ft_tkt_0012568,ft_sal_006695,ft_evt_0062,Preferencial,101000,,
ft_tkt_0012569,ft_sal_006695,ft_evt_0062,Preferencial,101000,,
ft_tkt_0012570,ft_sal_006696,ft_evt_0062,General,59000,,
ft_tkt_0012571,ft_sal_006697,ft_evt_0062,General,43000,,
ft_tkt_0012572,ft_sal_006698,ft_evt_0062,General,44000,,
ft_tkt_0012573,ft_sal_006699,ft_evt_0062,Preferencial,92000,,
ft_tkt_0012574,ft_sal_006699,ft_evt_0062,Preferencial,92000,,
ft_tkt_0012575,ft_sal_006700,ft_evt_0062,General,62000,,
ft_tkt_0012576,ft_sal_006701,ft_evt_0062,General,46000,,
ft_tkt_0012577,ft_sal_006701,ft_evt_0062,General,46000,,
ft_tkt_0012578,ft_sal_006702,ft_evt_0062,Cortesía,0,,
ft_tkt_0012579,ft_sal_006702,ft_evt_0062,Cortesía,0,,
ft_tkt_0012580,ft_sal_006703,ft_evt_0062,VIP,146000,,
ft_tkt_0012581,ft_sal_006703,ft_evt_0062,VIP,146000,,
ft_tkt_0012582,ft_sal_006704,ft_evt_0062,General,49000,,
ft_tkt_0012583,ft_sal_006704,ft_evt_0062,General,49000,,
ft_tkt_0012584,ft_sal_006704,ft_evt_0062,General,49000,,
ft_tkt_0012585,ft_sal_006705,ft_evt_0062,General,42000,,
ft_tkt_0012586,ft_sal_006706,ft_evt_0062,Preferencial,98000,,
ft_tkt_0012587,ft_sal_006707,ft_evt_0062,Preferencial,104000,,
ft_tkt_0012588,ft_sal_006707,ft_evt_0062,Preferencial,104000,,
ft_tkt_0012589,ft_sal_006708,ft_evt_0062,General,62000,,
ft_tkt_0012590,ft_sal_006708,ft_evt_0062,General,62000,,
ft_tkt_0012591,ft_sal_006708,ft_evt_0062,General,62000,,
ft_tkt_0012592,ft_sal_006709,ft_evt_0062,General,45000,,
ft_tkt_0012593,ft_sal_006709,ft_evt_0062,General,45000,,
ft_tkt_0012594,ft_sal_006710,ft_evt_0062,General,42000,,
ft_tkt_0012595,ft_sal_006710,ft_evt_0062,General,42000,,
ft_tkt_0012596,ft_sal_006710,ft_evt_0062,General,42000,,
ft_tkt_0012597,ft_sal_006711,ft_evt_0062,Preferencial,96000,,
ft_tkt_0012598,ft_sal_006711,ft_evt_0062,Preferencial,96000,,
ft_tkt_0012599,ft_sal_006711,ft_evt_0062,Preferencial,96000,,
ft_tkt_0012600,ft_sal_006712,ft_evt_0062,Preferencial,93000,,
ft_tkt_0012601,ft_sal_006712,ft_evt_0062,Preferencial,93000,,
ft_tkt_0012602,ft_sal_006713,ft_evt_0062,General,49000,,
ft_tkt_0012603,ft_sal_006714,ft_evt_0062,General,42000,,
ft_tkt_0012604,ft_sal_006715,ft_evt_0062,Cortesía,0,,
ft_tkt_0012605,ft_sal_006716,ft_evt_0062,General,48000,,
ft_tkt_0012606,ft_sal_006717,ft_evt_0062,General,55000,,
ft_tkt_0012607,ft_sal_006717,ft_evt_0062,General,55000,,
ft_tkt_0012608,ft_sal_006718,ft_evt_0062,General,45000,,
ft_tkt_0012609,ft_sal_006718,ft_evt_0062,General,45000,,
ft_tkt_0012610,ft_sal_006718,ft_evt_0062,General,45000,,
ft_tkt_0012611,ft_sal_006718,ft_evt_0062,General,45000,,
ft_tkt_0012612,ft_sal_006719,ft_evt_0062,VIP,131000,,
ft_tkt_0012613,ft_sal_006719,ft_evt_0062,VIP,131000,,
ft_tkt_0012614,ft_sal_006720,ft_evt_0062,General,63000,,
ft_tkt_0012615,ft_sal_006720,ft_evt_0062,General,63000,,
ft_tkt_0012616,ft_sal_006720,ft_evt_0062,General,63000,,
ft_tkt_0012617,ft_sal_006720,ft_evt_0062,General,63000,,
ft_tkt_0012618,ft_sal_006721,ft_evt_0062,General,56000,,
ft_tkt_0012619,ft_sal_006721,ft_evt_0062,General,56000,,
ft_tkt_0012620,ft_sal_006722,ft_evt_0062,General,49000,,
ft_tkt_0012621,ft_sal_006722,ft_evt_0062,General,49000,,
ft_tkt_0012622,ft_sal_006723,ft_evt_0062,General,48000,,
ft_tkt_0012623,ft_sal_006724,ft_evt_0062,General,57000,,
ft_tkt_0012624,ft_sal_006724,ft_evt_0062,General,57000,,
ft_tkt_0012625,ft_sal_006724,ft_evt_0062,General,57000,,
ft_tkt_0012626,ft_sal_006724,ft_evt_0062,General,57000,,
ft_tkt_0012627,ft_sal_006724,ft_evt_0062,General,57000,,
ft_tkt_0012628,ft_sal_006724,ft_evt_0062,General,57000,,
ft_tkt_0012629,ft_sal_006725,ft_evt_0062,General,40000,,
ft_tkt_0012630,ft_sal_006726,ft_evt_0062,Preferencial,99000,,
ft_tkt_0012631,ft_sal_006727,ft_evt_0062,General,61000,,
ft_tkt_0012632,ft_sal_006727,ft_evt_0062,General,61000,,
ft_tkt_0012633,ft_sal_006727,ft_evt_0062,General,61000,,
ft_tkt_0012634,ft_sal_006727,ft_evt_0062,General,61000,,
ft_tkt_0012635,ft_sal_006728,ft_evt_0062,General,59000,,
ft_tkt_0012636,ft_sal_006729,ft_evt_0062,General,59000,,
ft_tkt_0012637,ft_sal_006730,ft_evt_0062,General,62000,,
ft_tkt_0012638,ft_sal_006730,ft_evt_0062,General,62000,,
ft_tkt_0012639,ft_sal_006731,ft_evt_0062,General,47000,,
ft_tkt_0012640,ft_sal_006732,ft_evt_0062,General,42000,,
ft_tkt_0012641,ft_sal_006732,ft_evt_0062,General,42000,,
ft_tkt_0012642,ft_sal_006733,ft_evt_0062,General,44000,,
ft_tkt_0012643,ft_sal_006734,ft_evt_0062,Preferencial,100000,,
ft_tkt_0012644,ft_sal_006734,ft_evt_0062,Preferencial,100000,,
ft_tkt_0012645,ft_sal_006735,ft_evt_0062,General,44000,,
ft_tkt_0012646,ft_sal_006735,ft_evt_0062,General,44000,,
ft_tkt_0012647,ft_sal_006736,ft_evt_0062,Preferencial,101000,,
ft_tkt_0012648,ft_sal_006736,ft_evt_0062,Preferencial,101000,,
ft_tkt_0012649,ft_sal_006737,ft_evt_0062,General,44000,,
ft_tkt_0012650,ft_sal_006738,ft_evt_0062,Preferencial,93000,,
ft_tkt_0012651,ft_sal_006739,ft_evt_0062,Cortesía,0,,
ft_tkt_0012652,ft_sal_006740,ft_evt_0062,General,62000,,
ft_tkt_0012653,ft_sal_006741,ft_evt_0062,Preferencial,93000,,
ft_tkt_0012654,ft_sal_006742,ft_evt_0025,General,46000,,
ft_tkt_0012655,ft_sal_006743,ft_evt_0025,General,59000,,
ft_tkt_0012656,ft_sal_006743,ft_evt_0025,General,59000,,
ft_tkt_0012657,ft_sal_006744,ft_evt_0025,Preferencial,87000,,
ft_tkt_0012658,ft_sal_006745,ft_evt_0025,Preferencial,98000,,
ft_tkt_0012659,ft_sal_006746,ft_evt_0025,VIP,138000,,
ft_tkt_0012660,ft_sal_006746,ft_evt_0025,VIP,138000,,
ft_tkt_0012661,ft_sal_006747,ft_evt_0025,General,42000,,
ft_tkt_0012662,ft_sal_006747,ft_evt_0025,General,42000,,
ft_tkt_0012663,ft_sal_006747,ft_evt_0025,General,42000,,
ft_tkt_0012664,ft_sal_006748,ft_evt_0025,General,49000,,
ft_tkt_0012665,ft_sal_006749,ft_evt_0025,General,47000,,
ft_tkt_0012666,ft_sal_006750,ft_evt_0025,General,44000,,
ft_tkt_0012667,ft_sal_006751,ft_evt_0025,Cortesía,0,,
ft_tkt_0012668,ft_sal_006751,ft_evt_0025,Cortesía,0,,
ft_tkt_0012669,ft_sal_006752,ft_evt_0025,General,42000,,
ft_tkt_0012670,ft_sal_006753,ft_evt_0025,General,49000,,
ft_tkt_0012671,ft_sal_006753,ft_evt_0025,General,49000,,
ft_tkt_0012672,ft_sal_006753,ft_evt_0025,General,49000,,
ft_tkt_0012673,ft_sal_006754,ft_evt_0025,General,42000,,
ft_tkt_0012674,ft_sal_006754,ft_evt_0025,General,42000,,
ft_tkt_0012675,ft_sal_006754,ft_evt_0025,General,42000,,
ft_tkt_0012676,ft_sal_006754,ft_evt_0025,General,42000,,
ft_tkt_0012677,ft_sal_006755,ft_evt_0025,General,49000,,
ft_tkt_0012678,ft_sal_006756,ft_evt_0025,Cortesía,0,,
ft_tkt_0012679,ft_sal_006757,ft_evt_0025,Preferencial,96000,,
ft_tkt_0012680,ft_sal_006757,ft_evt_0025,Preferencial,96000,,
ft_tkt_0012681,ft_sal_006758,ft_evt_0025,General,57000,,
ft_tkt_0012682,ft_sal_006758,ft_evt_0025,General,57000,,
ft_tkt_0012683,ft_sal_006759,ft_evt_0025,General,45000,,
ft_tkt_0012684,ft_sal_006759,ft_evt_0025,General,45000,,
ft_tkt_0012685,ft_sal_006759,ft_evt_0025,General,45000,,
ft_tkt_0012686,ft_sal_006759,ft_evt_0025,General,45000,,
ft_tkt_0012687,ft_sal_006759,ft_evt_0025,General,45000,,
ft_tkt_0012688,ft_sal_006759,ft_evt_0025,General,45000,,
ft_tkt_0012689,ft_sal_006760,ft_evt_0025,General,59000,,
ft_tkt_0012690,ft_sal_006761,ft_evt_0025,VIP,134000,,
ft_tkt_0012691,ft_sal_006761,ft_evt_0025,VIP,134000,,
ft_tkt_0012692,ft_sal_006762,ft_evt_0025,General,54000,,
ft_tkt_0012693,ft_sal_006762,ft_evt_0025,General,54000,,
ft_tkt_0012694,ft_sal_006763,ft_evt_0025,Preferencial,93000,,
ft_tkt_0012695,ft_sal_006763,ft_evt_0025,Preferencial,93000,,
ft_tkt_0012696,ft_sal_006764,ft_evt_0025,General,43000,,
ft_tkt_0012697,ft_sal_006764,ft_evt_0025,General,43000,,
ft_tkt_0012698,ft_sal_006765,ft_evt_0025,Preferencial,94000,,
ft_tkt_0012699,ft_sal_006765,ft_evt_0025,Preferencial,94000,,
ft_tkt_0012700,ft_sal_006766,ft_evt_0025,General,45000,,
ft_tkt_0012701,ft_sal_006766,ft_evt_0025,General,45000,,
ft_tkt_0012702,ft_sal_006767,ft_evt_0025,Cortesía,0,,
ft_tkt_0012703,ft_sal_006767,ft_evt_0025,Cortesía,0,,
ft_tkt_0012704,ft_sal_006767,ft_evt_0025,Cortesía,0,,
ft_tkt_0012705,ft_sal_006768,ft_evt_0025,General,65000,,
ft_tkt_0012706,ft_sal_006769,ft_evt_0025,General,44000,,
ft_tkt_0012707,ft_sal_006770,ft_evt_0008,Cortesía,0,,
ft_tkt_0012708,ft_sal_006770,ft_evt_0008,Cortesía,0,,
ft_tkt_0012709,ft_sal_006771,ft_evt_0008,General,46000,,
ft_tkt_0012710,ft_sal_006771,ft_evt_0008,General,46000,,
ft_tkt_0012711,ft_sal_006772,ft_evt_0008,Preferencial,84000,,
ft_tkt_0012712,ft_sal_006773,ft_evt_0008,General,46000,,
ft_tkt_0012713,ft_sal_006774,ft_evt_0008,General,45000,,
ft_tkt_0012714,ft_sal_006775,ft_evt_0008,Preferencial,99000,,
ft_tkt_0012715,ft_sal_006775,ft_evt_0008,Preferencial,99000,,
ft_tkt_0012716,ft_sal_006775,ft_evt_0008,Preferencial,99000,,
ft_tkt_0012717,ft_sal_006776,ft_evt_0008,General,42000,,
ft_tkt_0012718,ft_sal_006776,ft_evt_0008,General,42000,,
ft_tkt_0012719,ft_sal_006777,ft_evt_0008,Preferencial,97000,,
ft_tkt_0012720,ft_sal_006778,ft_evt_0008,Preferencial,102000,,
ft_tkt_0012721,ft_sal_006778,ft_evt_0008,Preferencial,102000,,
ft_tkt_0012722,ft_sal_006779,ft_evt_0008,VIP,142000,,
ft_tkt_0012723,ft_sal_006779,ft_evt_0008,VIP,142000,,
ft_tkt_0012724,ft_sal_006780,ft_evt_0008,Cortesía,0,,
ft_tkt_0012725,ft_sal_006781,ft_evt_0008,General,56000,,
ft_tkt_0012726,ft_sal_006781,ft_evt_0008,General,56000,,
ft_tkt_0012727,ft_sal_006782,ft_evt_0008,Preferencial,90000,,
ft_tkt_0012728,ft_sal_006782,ft_evt_0008,Preferencial,90000,,
ft_tkt_0012729,ft_sal_006782,ft_evt_0008,Preferencial,90000,,
ft_tkt_0012730,ft_sal_006782,ft_evt_0008,Preferencial,90000,,
ft_tkt_0012731,ft_sal_006783,ft_evt_0008,Preferencial,92000,,
ft_tkt_0012732,ft_sal_006784,ft_evt_0008,Preferencial,93000,,
ft_tkt_0012733,ft_sal_006785,ft_evt_0008,Preferencial,98000,,
ft_tkt_0012734,ft_sal_006785,ft_evt_0008,Preferencial,98000,,
ft_tkt_0012735,ft_sal_006786,ft_evt_0008,Preferencial,92000,,
ft_tkt_0012736,ft_sal_006787,ft_evt_0008,Preferencial,92000,,
ft_tkt_0012737,ft_sal_006787,ft_evt_0008,Preferencial,92000,,
ft_tkt_0012738,ft_sal_006788,ft_evt_0008,Cortesía,0,,
ft_tkt_0012739,ft_sal_006789,ft_evt_0008,General,44000,,
ft_tkt_0012740,ft_sal_006789,ft_evt_0008,General,44000,,
ft_tkt_0012741,ft_sal_006789,ft_evt_0008,General,44000,,
ft_tkt_0012742,ft_sal_006789,ft_evt_0008,General,44000,,
ft_tkt_0012743,ft_sal_006790,ft_evt_0008,General,48000,,
ft_tkt_0012744,ft_sal_006791,ft_evt_0008,Preferencial,97000,,
ft_tkt_0012745,ft_sal_006792,ft_evt_0008,General,41000,,
ft_tkt_0012746,ft_sal_006792,ft_evt_0008,General,41000,,
ft_tkt_0012747,ft_sal_006793,ft_evt_0008,VIP,139000,,
ft_tkt_0012748,ft_sal_006794,ft_evt_0008,General,45000,,
ft_tkt_0012749,ft_sal_006795,ft_evt_0008,General,56000,,
ft_tkt_0012750,ft_sal_006796,ft_evt_0008,VIP,136000,,
ft_tkt_0012751,ft_sal_006796,ft_evt_0008,VIP,136000,,
ft_tkt_0012752,ft_sal_006796,ft_evt_0008,VIP,136000,,
ft_tkt_0012753,ft_sal_006796,ft_evt_0008,VIP,136000,,
ft_tkt_0012754,ft_sal_006796,ft_evt_0008,VIP,136000,,
ft_tkt_0012755,ft_sal_006796,ft_evt_0008,VIP,136000,,
ft_tkt_0012756,ft_sal_006797,ft_evt_0008,General,44000,,
ft_tkt_0012757,ft_sal_006798,ft_evt_0008,General,47000,,
ft_tkt_0012758,ft_sal_006799,ft_evt_0008,Cortesía,0,,
ft_tkt_0012759,ft_sal_006800,ft_evt_0008,VIP,140000,,
ft_tkt_0012760,ft_sal_006801,ft_evt_0008,General,57000,,
ft_tkt_0012761,ft_sal_006802,ft_evt_0008,General,47000,,
ft_tkt_0012762,ft_sal_006802,ft_evt_0008,General,47000,,
ft_tkt_0012763,ft_sal_006802,ft_evt_0008,General,47000,,
ft_tkt_0012764,ft_sal_006803,ft_evt_0008,General,59000,,
ft_tkt_0012765,ft_sal_006804,ft_evt_0008,General,48000,,
ft_tkt_0012766,ft_sal_006804,ft_evt_0008,General,48000,,
ft_tkt_0012767,ft_sal_006805,ft_evt_0043,General,59000,,
ft_tkt_0012768,ft_sal_006806,ft_evt_0043,Preferencial,90000,,
ft_tkt_0012769,ft_sal_006806,ft_evt_0043,Preferencial,90000,,
ft_tkt_0012770,ft_sal_006807,ft_evt_0043,Preferencial,94000,,
ft_tkt_0012771,ft_sal_006808,ft_evt_0043,VIP,137000,,
ft_tkt_0012772,ft_sal_006808,ft_evt_0043,VIP,137000,,
ft_tkt_0012773,ft_sal_006808,ft_evt_0043,VIP,137000,,
ft_tkt_0012774,ft_sal_006809,ft_evt_0043,General,59000,,
ft_tkt_0012775,ft_sal_006809,ft_evt_0043,General,59000,,
ft_tkt_0012776,ft_sal_006810,ft_evt_0043,General,43000,,
ft_tkt_0012777,ft_sal_006810,ft_evt_0043,General,43000,,
ft_tkt_0012778,ft_sal_006810,ft_evt_0043,General,43000,,
ft_tkt_0012779,ft_sal_006811,ft_evt_0043,VIP,127000,,
ft_tkt_0012780,ft_sal_006811,ft_evt_0043,VIP,127000,,
ft_tkt_0012781,ft_sal_006811,ft_evt_0043,VIP,127000,,
ft_tkt_0012782,ft_sal_006812,ft_evt_0043,General,43000,,
ft_tkt_0012783,ft_sal_006812,ft_evt_0043,General,43000,,
ft_tkt_0012784,ft_sal_006813,ft_evt_0043,General,46000,,
ft_tkt_0012785,ft_sal_006814,ft_evt_0043,VIP,136000,,
ft_tkt_0012786,ft_sal_006815,ft_evt_0043,Cortesía,0,,
ft_tkt_0012787,ft_sal_006815,ft_evt_0043,Cortesía,0,,
ft_tkt_0012788,ft_sal_006816,ft_evt_0043,General,40000,,
ft_tkt_0012789,ft_sal_006817,ft_evt_0043,General,55000,,
ft_tkt_0012790,ft_sal_006817,ft_evt_0043,General,55000,,
ft_tkt_0012791,ft_sal_006818,ft_evt_0043,VIP,136000,,
ft_tkt_0012792,ft_sal_006818,ft_evt_0043,VIP,136000,,
ft_tkt_0012793,ft_sal_006819,ft_evt_0043,Preferencial,93000,,
ft_tkt_0012794,ft_sal_006819,ft_evt_0043,Preferencial,93000,,
ft_tkt_0012795,ft_sal_006820,ft_evt_0043,Preferencial,101000,,
ft_tkt_0012796,ft_sal_006820,ft_evt_0043,Preferencial,101000,,
ft_tkt_0012797,ft_sal_006821,ft_evt_0043,General,45000,,
ft_tkt_0012798,ft_sal_006821,ft_evt_0043,General,45000,,
ft_tkt_0012799,ft_sal_006822,ft_evt_0043,VIP,131000,,
ft_tkt_0012800,ft_sal_006823,ft_evt_0043,General,44000,,
ft_tkt_0012801,ft_sal_006824,ft_evt_0043,General,63000,,
ft_tkt_0012802,ft_sal_006825,ft_evt_0043,General,48000,,
ft_tkt_0012803,ft_sal_006825,ft_evt_0043,General,48000,,
ft_tkt_0012804,ft_sal_006825,ft_evt_0043,General,48000,,
ft_tkt_0012805,ft_sal_006826,ft_evt_0043,General,65000,,
ft_tkt_0012806,ft_sal_006827,ft_evt_0043,Cortesía,0,,
ft_tkt_0012807,ft_sal_006827,ft_evt_0043,Cortesía,0,,
ft_tkt_0012808,ft_sal_006827,ft_evt_0043,Cortesía,0,,
ft_tkt_0012809,ft_sal_006828,ft_evt_0043,VIP,137000,,
ft_tkt_0012810,ft_sal_006829,ft_evt_0043,General,49000,,
ft_tkt_0012811,ft_sal_006830,ft_evt_0043,Cortesía,0,,
ft_tkt_0012812,ft_sal_006831,ft_evt_0043,Preferencial,97000,,
ft_tkt_0012813,ft_sal_006831,ft_evt_0043,Preferencial,97000,,
ft_tkt_0012814,ft_sal_006832,ft_evt_0043,General,49000,,
ft_tkt_0012815,ft_sal_006832,ft_evt_0043,General,49000,,
ft_tkt_0012816,ft_sal_006833,ft_evt_0043,General,43000,,
ft_tkt_0012817,ft_sal_006834,ft_evt_0043,General,62000,,
ft_tkt_0012818,ft_sal_006834,ft_evt_0043,General,62000,,
ft_tkt_0012819,ft_sal_006835,ft_evt_0043,General,45000,,
ft_tkt_0012820,ft_sal_006836,ft_evt_0043,General,45000,,
ft_tkt_0012821,ft_sal_006837,ft_evt_0043,Preferencial,106000,,
ft_tkt_0012822,ft_sal_006838,ft_evt_0043,VIP,135000,,
ft_tkt_0012823,ft_sal_006838,ft_evt_0043,VIP,135000,,
ft_tkt_0012824,ft_sal_006838,ft_evt_0043,VIP,135000,,
ft_tkt_0012825,ft_sal_006839,ft_evt_0043,General,43000,,
ft_tkt_0012826,ft_sal_006840,ft_evt_0043,General,57000,,
ft_tkt_0012827,ft_sal_006841,ft_evt_0043,VIP,127000,,
ft_tkt_0012828,ft_sal_006841,ft_evt_0043,VIP,127000,,
ft_tkt_0012829,ft_sal_006842,ft_evt_0043,VIP,144000,,
ft_tkt_0012830,ft_sal_006842,ft_evt_0043,VIP,144000,,
ft_tkt_0012831,ft_sal_006842,ft_evt_0043,VIP,144000,,
ft_tkt_0012832,ft_sal_006843,ft_evt_0043,Preferencial,92000,,
ft_tkt_0012833,ft_sal_006843,ft_evt_0043,Preferencial,92000,,
ft_tkt_0012834,ft_sal_006844,ft_evt_0043,Preferencial,97000,,
ft_tkt_0012835,ft_sal_006844,ft_evt_0043,Preferencial,97000,,
ft_tkt_0012836,ft_sal_006845,ft_evt_0043,Preferencial,88000,,
ft_tkt_0012837,ft_sal_006845,ft_evt_0043,Preferencial,88000,,
ft_tkt_0012838,ft_sal_006846,ft_evt_0043,General,58000,,
ft_tkt_0012839,ft_sal_006847,ft_evt_0017,General,63000,,
ft_tkt_0012840,ft_sal_006848,ft_evt_0017,General,46000,,
ft_tkt_0012841,ft_sal_006848,ft_evt_0017,General,46000,,
ft_tkt_0012842,ft_sal_006848,ft_evt_0017,General,46000,,
ft_tkt_0012843,ft_sal_006848,ft_evt_0017,General,46000,,
ft_tkt_0012844,ft_sal_006848,ft_evt_0017,General,46000,,
ft_tkt_0012845,ft_sal_006848,ft_evt_0017,General,46000,,
ft_tkt_0012846,ft_sal_006849,ft_evt_0017,General,63000,,
ft_tkt_0012847,ft_sal_006849,ft_evt_0017,General,63000,,
ft_tkt_0012848,ft_sal_006849,ft_evt_0017,General,63000,,
ft_tkt_0012849,ft_sal_006849,ft_evt_0017,General,63000,,
ft_tkt_0012850,ft_sal_006849,ft_evt_0017,General,63000,,
ft_tkt_0012851,ft_sal_006849,ft_evt_0017,General,63000,,
ft_tkt_0012852,ft_sal_006850,ft_evt_0017,General,44000,,
ft_tkt_0012853,ft_sal_006850,ft_evt_0017,General,44000,,
ft_tkt_0012854,ft_sal_006850,ft_evt_0017,General,44000,,
ft_tkt_0012855,ft_sal_006850,ft_evt_0017,General,44000,,
ft_tkt_0012856,ft_sal_006851,ft_evt_0017,VIP,131000,,
ft_tkt_0012857,ft_sal_006851,ft_evt_0017,VIP,131000,,
ft_tkt_0012858,ft_sal_006851,ft_evt_0017,VIP,131000,,
ft_tkt_0012859,ft_sal_006852,ft_evt_0017,Preferencial,96000,,
ft_tkt_0012860,ft_sal_006853,ft_evt_0017,Preferencial,89000,,
ft_tkt_0012861,ft_sal_006854,ft_evt_0017,General,67000,,
ft_tkt_0012862,ft_sal_006855,ft_evt_0017,General,59000,,
ft_tkt_0012863,ft_sal_006855,ft_evt_0017,General,59000,,
ft_tkt_0012864,ft_sal_006856,ft_evt_0017,General,60000,,
ft_tkt_0012865,ft_sal_006857,ft_evt_0017,General,60000,,
ft_tkt_0012866,ft_sal_006857,ft_evt_0017,General,60000,,
ft_tkt_0012867,ft_sal_006857,ft_evt_0017,General,60000,,
ft_tkt_0012868,ft_sal_006858,ft_evt_0017,General,60000,,
ft_tkt_0012869,ft_sal_006858,ft_evt_0017,General,60000,,
ft_tkt_0012870,ft_sal_006858,ft_evt_0017,General,60000,,
ft_tkt_0012871,ft_sal_006859,ft_evt_0017,General,61000,,
ft_tkt_0012872,ft_sal_006860,ft_evt_0017,VIP,139000,,
ft_tkt_0012873,ft_sal_006861,ft_evt_0017,General,61000,,
ft_tkt_0012874,ft_sal_006861,ft_evt_0017,General,61000,,
ft_tkt_0012875,ft_sal_006862,ft_evt_0017,Cortesía,0,,
ft_tkt_0012876,ft_sal_006863,ft_evt_0017,General,48000,,
ft_tkt_0012877,ft_sal_006864,ft_evt_0017,VIP,153000,,
ft_tkt_0012878,ft_sal_006865,ft_evt_0017,General,56000,,
ft_tkt_0012879,ft_sal_006865,ft_evt_0017,General,56000,,
ft_tkt_0012880,ft_sal_006866,ft_evt_0017,General,46000,,
ft_tkt_0012881,ft_sal_006867,ft_evt_0017,General,60000,,
ft_tkt_0012882,ft_sal_006868,ft_evt_0017,VIP,143000,,
ft_tkt_0012883,ft_sal_006868,ft_evt_0017,VIP,143000,,
ft_tkt_0012884,ft_sal_006869,ft_evt_0017,General,45000,,
ft_tkt_0012885,ft_sal_006869,ft_evt_0017,General,45000,,
ft_tkt_0012886,ft_sal_006869,ft_evt_0017,General,45000,,
ft_tkt_0012887,ft_sal_006869,ft_evt_0017,General,45000,,
ft_tkt_0012888,ft_sal_006870,ft_evt_0017,General,56000,,
ft_tkt_0012889,ft_sal_006870,ft_evt_0017,General,56000,,
ft_tkt_0012890,ft_sal_006871,ft_evt_0017,General,46000,,
ft_tkt_0012891,ft_sal_006871,ft_evt_0017,General,46000,,
ft_tkt_0012892,ft_sal_006872,ft_evt_0017,Preferencial,93000,,
ft_tkt_0012893,ft_sal_006872,ft_evt_0017,Preferencial,93000,,
ft_tkt_0012894,ft_sal_006873,ft_evt_0017,General,44000,,
ft_tkt_0012895,ft_sal_006873,ft_evt_0017,General,44000,,
ft_tkt_0012896,ft_sal_006874,ft_evt_0017,Preferencial,100000,,
ft_tkt_0012897,ft_sal_006874,ft_evt_0017,Preferencial,100000,,
ft_tkt_0012898,ft_sal_006875,ft_evt_0017,General,46000,,
ft_tkt_0012899,ft_sal_006876,ft_evt_0017,Preferencial,90000,,
ft_tkt_0012900,ft_sal_006877,ft_evt_0017,Preferencial,101000,,
ft_tkt_0012901,ft_sal_006877,ft_evt_0017,Preferencial,101000,,
ft_tkt_0012902,ft_sal_006877,ft_evt_0017,Preferencial,101000,,
ft_tkt_0012903,ft_sal_006877,ft_evt_0017,Preferencial,101000,,
ft_tkt_0012904,ft_sal_006878,ft_evt_0017,General,42000,,
ft_tkt_0012905,ft_sal_006879,ft_evt_0017,Preferencial,99000,,
ft_tkt_0012906,ft_sal_006880,ft_evt_0017,Preferencial,93000,,
ft_tkt_0012907,ft_sal_006880,ft_evt_0017,Preferencial,93000,,
ft_tkt_0012908,ft_sal_006880,ft_evt_0017,Preferencial,93000,,
ft_tkt_0012909,ft_sal_006881,ft_evt_0017,Preferencial,93000,,
ft_tkt_0012910,ft_sal_006881,ft_evt_0017,Preferencial,93000,,
ft_tkt_0012911,ft_sal_006881,ft_evt_0017,Preferencial,93000,,
ft_tkt_0012912,ft_sal_006881,ft_evt_0017,Preferencial,93000,,
ft_tkt_0012913,ft_sal_006882,ft_evt_0017,General,58000,,
ft_tkt_0012914,ft_sal_006882,ft_evt_0017,General,58000,,
ft_tkt_0012915,ft_sal_006883,ft_evt_0017,VIP,144000,,
ft_tkt_0012916,ft_sal_006883,ft_evt_0017,VIP,144000,,
ft_tkt_0012917,ft_sal_006883,ft_evt_0017,VIP,144000,,
ft_tkt_0012918,ft_sal_006883,ft_evt_0017,VIP,144000,,
ft_tkt_0012919,ft_sal_006884,ft_evt_0035,Cortesía,0,,
ft_tkt_0012920,ft_sal_006885,ft_evt_0035,General,41000,,
ft_tkt_0012921,ft_sal_006886,ft_evt_0035,General,40000,,
ft_tkt_0012922,ft_sal_006887,ft_evt_0035,General,45000,,
ft_tkt_0012923,ft_sal_006887,ft_evt_0035,General,45000,,
ft_tkt_0012924,ft_sal_006888,ft_evt_0035,General,59000,,
ft_tkt_0012925,ft_sal_006889,ft_evt_0035,Preferencial,93000,,
ft_tkt_0012926,ft_sal_006889,ft_evt_0035,Preferencial,93000,,
ft_tkt_0012927,ft_sal_006890,ft_evt_0035,General,47000,,
ft_tkt_0012928,ft_sal_006890,ft_evt_0035,General,47000,,
ft_tkt_0012929,ft_sal_006891,ft_evt_0035,General,47000,,
ft_tkt_0012930,ft_sal_006891,ft_evt_0035,General,47000,,
ft_tkt_0012931,ft_sal_006892,ft_evt_0035,General,48000,,
ft_tkt_0012932,ft_sal_006893,ft_evt_0035,General,62000,,
ft_tkt_0012933,ft_sal_006894,ft_evt_0035,General,58000,,
ft_tkt_0012934,ft_sal_006894,ft_evt_0035,General,58000,,
ft_tkt_0012935,ft_sal_006895,ft_evt_0035,General,57000,,
ft_tkt_0012936,ft_sal_006896,ft_evt_0035,General,43000,,
ft_tkt_0012937,ft_sal_006897,ft_evt_0035,General,40000,,
ft_tkt_0012938,ft_sal_006897,ft_evt_0035,General,40000,,
ft_tkt_0012939,ft_sal_006897,ft_evt_0035,General,40000,,
ft_tkt_0012940,ft_sal_006898,ft_evt_0035,General,49000,,
ft_tkt_0012941,ft_sal_006898,ft_evt_0035,General,49000,,
ft_tkt_0012942,ft_sal_006899,ft_evt_0035,General,55000,,
ft_tkt_0012943,ft_sal_006900,ft_evt_0035,Preferencial,91000,,
ft_tkt_0012944,ft_sal_006900,ft_evt_0035,Preferencial,91000,,
ft_tkt_0012945,ft_sal_006901,ft_evt_0035,VIP,129000,,
ft_tkt_0012946,ft_sal_006901,ft_evt_0035,VIP,129000,,
ft_tkt_0012947,ft_sal_006902,ft_evt_0035,Preferencial,91000,,
ft_tkt_0012948,ft_sal_006902,ft_evt_0035,Preferencial,91000,,
ft_tkt_0012949,ft_sal_006902,ft_evt_0035,Preferencial,91000,,
ft_tkt_0012950,ft_sal_006902,ft_evt_0035,Preferencial,91000,,
ft_tkt_0012951,ft_sal_006903,ft_evt_0026,Preferencial,99000,,
ft_tkt_0012952,ft_sal_006904,ft_evt_0026,General,63000,,
ft_tkt_0012953,ft_sal_006905,ft_evt_0026,Preferencial,92000,,
ft_tkt_0012954,ft_sal_006906,ft_evt_0026,Preferencial,96000,,
ft_tkt_0012955,ft_sal_006907,ft_evt_0026,General,62000,,
ft_tkt_0012956,ft_sal_006907,ft_evt_0026,General,62000,,
ft_tkt_0012957,ft_sal_006907,ft_evt_0026,General,62000,,
ft_tkt_0012958,ft_sal_006908,ft_evt_0026,General,47000,,
ft_tkt_0012959,ft_sal_006909,ft_evt_0026,Preferencial,90000,,
ft_tkt_0012960,ft_sal_006910,ft_evt_0026,Preferencial,84000,,
ft_tkt_0012961,ft_sal_006911,ft_evt_0026,General,45000,,
ft_tkt_0012962,ft_sal_006911,ft_evt_0026,General,45000,,
ft_tkt_0012963,ft_sal_006911,ft_evt_0026,General,45000,,
ft_tkt_0012964,ft_sal_006912,ft_evt_0026,General,65000,,
ft_tkt_0012965,ft_sal_006912,ft_evt_0026,General,65000,,
ft_tkt_0012966,ft_sal_006913,ft_evt_0026,Preferencial,89000,,
ft_tkt_0012967,ft_sal_006913,ft_evt_0026,Preferencial,89000,,
ft_tkt_0012968,ft_sal_006913,ft_evt_0026,Preferencial,89000,,
ft_tkt_0012969,ft_sal_006913,ft_evt_0026,Preferencial,89000,,
ft_tkt_0012970,ft_sal_006914,ft_evt_0026,Preferencial,92000,,
ft_tkt_0012971,ft_sal_006914,ft_evt_0026,Preferencial,92000,,
ft_tkt_0012972,ft_sal_006915,ft_evt_0026,General,46000,,
ft_tkt_0012973,ft_sal_006916,ft_evt_0026,General,59000,,
ft_tkt_0012974,ft_sal_006917,ft_evt_0026,General,48000,,
ft_tkt_0012975,ft_sal_006917,ft_evt_0026,General,48000,,
ft_tkt_0012976,ft_sal_006918,ft_evt_0026,General,60000,,
ft_tkt_0012977,ft_sal_006919,ft_evt_0026,Preferencial,93000,,
ft_tkt_0012978,ft_sal_006920,ft_evt_0026,VIP,141000,,
ft_tkt_0012979,ft_sal_006920,ft_evt_0026,VIP,141000,,
ft_tkt_0012980,ft_sal_006920,ft_evt_0026,VIP,141000,,
ft_tkt_0012981,ft_sal_006920,ft_evt_0026,VIP,141000,,
ft_tkt_0012982,ft_sal_006920,ft_evt_0026,VIP,141000,,
ft_tkt_0012983,ft_sal_006920,ft_evt_0026,VIP,141000,,
ft_tkt_0012984,ft_sal_006921,ft_evt_0026,General,63000,,
ft_tkt_0012985,ft_sal_006921,ft_evt_0026,General,63000,,
ft_tkt_0012986,ft_sal_006922,ft_evt_0026,General,60000,,
ft_tkt_0012987,ft_sal_006922,ft_evt_0026,General,60000,,
ft_tkt_0012988,ft_sal_006922,ft_evt_0026,General,60000,,
ft_tkt_0012989,ft_sal_006923,ft_evt_0026,Cortesía,0,,
ft_tkt_0012990,ft_sal_006924,ft_evt_0026,General,44000,,
ft_tkt_0012991,ft_sal_006925,ft_evt_0026,General,62000,,
ft_tkt_0012992,ft_sal_006925,ft_evt_0026,General,62000,,
ft_tkt_0012993,ft_sal_006925,ft_evt_0026,General,62000,,
ft_tkt_0012994,ft_sal_006926,ft_evt_0026,Preferencial,96000,,
ft_tkt_0012995,ft_sal_006926,ft_evt_0026,Preferencial,96000,,
ft_tkt_0012996,ft_sal_006927,ft_evt_0026,Preferencial,94000,,
ft_tkt_0012997,ft_sal_006928,ft_evt_0048,Cortesía,0,,
ft_tkt_0012998,ft_sal_006929,ft_evt_0048,General,48000,,
ft_tkt_0012999,ft_sal_006930,ft_evt_0048,General,42000,,
ft_tkt_0013000,ft_sal_006930,ft_evt_0048,General,42000,,
ft_tkt_0013001,ft_sal_006931,ft_evt_0048,General,44000,,
ft_tkt_0013002,ft_sal_006932,ft_evt_0048,Preferencial,88000,,
ft_tkt_0013003,ft_sal_006932,ft_evt_0048,Preferencial,88000,,
ft_tkt_0013004,ft_sal_006932,ft_evt_0048,Preferencial,88000,,
ft_tkt_0013005,ft_sal_006933,ft_evt_0048,General,64000,,
ft_tkt_0013006,ft_sal_006933,ft_evt_0048,General,64000,,
ft_tkt_0013007,ft_sal_006934,ft_evt_0048,General,64000,,
ft_tkt_0013008,ft_sal_006935,ft_evt_0048,Preferencial,94000,,
ft_tkt_0013009,ft_sal_006936,ft_evt_0048,General,43000,,
ft_tkt_0013010,ft_sal_006936,ft_evt_0048,General,43000,,
ft_tkt_0013011,ft_sal_006936,ft_evt_0048,General,43000,,
ft_tkt_0013012,ft_sal_006936,ft_evt_0048,General,43000,,
ft_tkt_0013013,ft_sal_006936,ft_evt_0048,General,43000,,
ft_tkt_0013014,ft_sal_006936,ft_evt_0048,General,43000,,
ft_tkt_0013015,ft_sal_006937,ft_evt_0048,General,44000,,
ft_tkt_0013016,ft_sal_006937,ft_evt_0048,General,44000,,
ft_tkt_0013017,ft_sal_006938,ft_evt_0048,Preferencial,98000,,
ft_tkt_0013018,ft_sal_006938,ft_evt_0048,Preferencial,98000,,
ft_tkt_0013019,ft_sal_006938,ft_evt_0048,Preferencial,98000,,
ft_tkt_0013020,ft_sal_006939,ft_evt_0048,Preferencial,100000,,
ft_tkt_0013021,ft_sal_006940,ft_evt_0048,General,58000,,
ft_tkt_0013022,ft_sal_006940,ft_evt_0048,General,58000,,
ft_tkt_0013023,ft_sal_006941,ft_evt_0048,VIP,139000,,
ft_tkt_0013024,ft_sal_006941,ft_evt_0048,VIP,139000,,
ft_tkt_0013025,ft_sal_006941,ft_evt_0048,VIP,139000,,
ft_tkt_0013026,ft_sal_006942,ft_evt_0048,General,58000,,
ft_tkt_0013027,ft_sal_006942,ft_evt_0048,General,58000,,
ft_tkt_0013028,ft_sal_006943,ft_evt_0048,Cortesía,0,,
ft_tkt_0013029,ft_sal_006943,ft_evt_0048,Cortesía,0,,
ft_tkt_0013030,ft_sal_006944,ft_evt_0048,General,45000,,
ft_tkt_0013031,ft_sal_006944,ft_evt_0048,General,45000,,
ft_tkt_0013032,ft_sal_006944,ft_evt_0048,General,45000,,
ft_tkt_0013033,ft_sal_006944,ft_evt_0048,General,45000,,
ft_tkt_0013034,ft_sal_006944,ft_evt_0048,General,45000,,
ft_tkt_0013035,ft_sal_006944,ft_evt_0048,General,45000,,
ft_tkt_0013036,ft_sal_006945,ft_evt_0048,Preferencial,93000,,
ft_tkt_0013037,ft_sal_006945,ft_evt_0048,Preferencial,93000,,
ft_tkt_0013038,ft_sal_006946,ft_evt_0048,VIP,137000,,
ft_tkt_0013039,ft_sal_006947,ft_evt_0048,Preferencial,96000,,
ft_tkt_0013040,ft_sal_006948,ft_evt_0048,VIP,142000,,
ft_tkt_0013041,ft_sal_006949,ft_evt_0048,General,45000,,
ft_tkt_0013042,ft_sal_006949,ft_evt_0048,General,45000,,
ft_tkt_0013043,ft_sal_006950,ft_evt_0048,Preferencial,95000,,
ft_tkt_0013044,ft_sal_006950,ft_evt_0048,Preferencial,95000,,
ft_tkt_0013045,ft_sal_006951,ft_evt_0048,General,43000,,
ft_tkt_0013046,ft_sal_006952,ft_evt_0048,General,60000,,
ft_tkt_0013047,ft_sal_006953,ft_evt_0048,General,56000,,
ft_tkt_0013048,ft_sal_006954,ft_evt_0048,VIP,145000,,
ft_tkt_0013049,ft_sal_006955,ft_evt_0048,General,47000,,
ft_tkt_0013050,ft_sal_006956,ft_evt_0048,General,41000,,
ft_tkt_0013051,ft_sal_006957,ft_evt_0048,General,61000,,
ft_tkt_0013052,ft_sal_006958,ft_evt_0048,General,56000,,
ft_tkt_0013053,ft_sal_006959,ft_evt_0048,General,45000,,
ft_tkt_0013054,ft_sal_006959,ft_evt_0048,General,45000,,
ft_tkt_0013055,ft_sal_006960,ft_evt_0048,Preferencial,92000,,
ft_tkt_0013056,ft_sal_006960,ft_evt_0048,Preferencial,92000,,
ft_tkt_0013057,ft_sal_006961,ft_evt_0048,Cortesía,0,,
ft_tkt_0013058,ft_sal_006962,ft_evt_0048,VIP,135000,,
ft_tkt_0013059,ft_sal_006962,ft_evt_0048,VIP,135000,,
ft_tkt_0013060,ft_sal_006963,ft_evt_0048,General,55000,,
ft_tkt_0013061,ft_sal_006963,ft_evt_0048,General,55000,,
ft_tkt_0013062,ft_sal_006964,ft_evt_0048,Preferencial,101000,,
ft_tkt_0013063,ft_sal_006965,ft_evt_0048,General,43000,,
ft_tkt_0013064,ft_sal_006965,ft_evt_0048,General,43000,,
ft_tkt_0013065,ft_sal_006966,ft_evt_0048,Cortesía,0,,
ft_tkt_0013066,ft_sal_006967,ft_evt_0048,General,55000,,
ft_tkt_0013067,ft_sal_006968,ft_evt_0048,Preferencial,93000,,
ft_tkt_0013068,ft_sal_006969,ft_evt_0009,Preferencial,85000,,
ft_tkt_0013069,ft_sal_006969,ft_evt_0009,Preferencial,85000,,
ft_tkt_0013070,ft_sal_006970,ft_evt_0009,General,47000,,
ft_tkt_0013071,ft_sal_006970,ft_evt_0009,General,47000,,
ft_tkt_0013072,ft_sal_006970,ft_evt_0009,General,47000,,
ft_tkt_0013073,ft_sal_006970,ft_evt_0009,General,47000,,
ft_tkt_0013074,ft_sal_006971,ft_evt_0009,General,54000,,
ft_tkt_0013075,ft_sal_006972,ft_evt_0009,VIP,143000,,
ft_tkt_0013076,ft_sal_006972,ft_evt_0009,VIP,143000,,
ft_tkt_0013077,ft_sal_006973,ft_evt_0009,Preferencial,90000,,
ft_tkt_0013078,ft_sal_006973,ft_evt_0009,Preferencial,90000,,
ft_tkt_0013079,ft_sal_006974,ft_evt_0009,Preferencial,87000,,
ft_tkt_0013080,ft_sal_006975,ft_evt_0009,General,51000,,
ft_tkt_0013081,ft_sal_006976,ft_evt_0009,VIP,143000,,
ft_tkt_0013082,ft_sal_006976,ft_evt_0009,VIP,143000,,
ft_tkt_0013083,ft_sal_006976,ft_evt_0009,VIP,143000,,
ft_tkt_0013084,ft_sal_006977,ft_evt_0009,General,61000,,
ft_tkt_0013085,ft_sal_006977,ft_evt_0009,General,61000,,
ft_tkt_0013086,ft_sal_006977,ft_evt_0009,General,61000,,
ft_tkt_0013087,ft_sal_006978,ft_evt_0009,VIP,131000,,
ft_tkt_0013088,ft_sal_006979,ft_evt_0009,VIP,138000,,
ft_tkt_0013089,ft_sal_006979,ft_evt_0009,VIP,138000,,
ft_tkt_0013090,ft_sal_006980,ft_evt_0009,Preferencial,94000,,
ft_tkt_0013091,ft_sal_006981,ft_evt_0009,VIP,138000,,
ft_tkt_0013092,ft_sal_006981,ft_evt_0009,VIP,138000,,
ft_tkt_0013093,ft_sal_006982,ft_evt_0009,General,46000,,
ft_tkt_0013094,ft_sal_006982,ft_evt_0009,General,46000,,
ft_tkt_0013095,ft_sal_006983,ft_evt_0009,General,61000,,
ft_tkt_0013096,ft_sal_006984,ft_evt_0009,VIP,144000,,
ft_tkt_0013097,ft_sal_006984,ft_evt_0009,VIP,144000,,
ft_tkt_0013098,ft_sal_006984,ft_evt_0009,VIP,144000,,
ft_tkt_0013099,ft_sal_006984,ft_evt_0009,VIP,144000,,
ft_tkt_0013100,ft_sal_006985,ft_evt_0009,General,54000,,
ft_tkt_0013101,ft_sal_006985,ft_evt_0009,General,54000,,
ft_tkt_0013102,ft_sal_006986,ft_evt_0009,Preferencial,90000,,
ft_tkt_0013103,ft_sal_006986,ft_evt_0009,Preferencial,90000,,
ft_tkt_0013104,ft_sal_006987,ft_evt_0009,General,43000,,
ft_tkt_0013105,ft_sal_006987,ft_evt_0009,General,43000,,
ft_tkt_0013106,ft_sal_006987,ft_evt_0009,General,43000,,
ft_tkt_0013107,ft_sal_006988,ft_evt_0009,General,57000,,
ft_tkt_0013108,ft_sal_006988,ft_evt_0009,General,57000,,
ft_tkt_0013109,ft_sal_006989,ft_evt_0009,General,45000,,
ft_tkt_0013110,ft_sal_006989,ft_evt_0009,General,45000,,
ft_tkt_0013111,ft_sal_006990,ft_evt_0044,General,61000,,
ft_tkt_0013112,ft_sal_006990,ft_evt_0044,General,61000,,
ft_tkt_0013113,ft_sal_006990,ft_evt_0044,General,61000,,
ft_tkt_0013114,ft_sal_006990,ft_evt_0044,General,61000,,
ft_tkt_0013115,ft_sal_006991,ft_evt_0044,Preferencial,92000,,
ft_tkt_0013116,ft_sal_006991,ft_evt_0044,Preferencial,92000,,
ft_tkt_0013117,ft_sal_006991,ft_evt_0044,Preferencial,92000,,
ft_tkt_0013118,ft_sal_006992,ft_evt_0044,General,46000,,
ft_tkt_0013119,ft_sal_006993,ft_evt_0044,Preferencial,90000,,
ft_tkt_0013120,ft_sal_006994,ft_evt_0044,Preferencial,92000,,
ft_tkt_0013121,ft_sal_006994,ft_evt_0044,Preferencial,92000,,
ft_tkt_0013122,ft_sal_006994,ft_evt_0044,Preferencial,92000,,
ft_tkt_0013123,ft_sal_006994,ft_evt_0044,Preferencial,92000,,
ft_tkt_0013124,ft_sal_006995,ft_evt_0044,General,45000,,
ft_tkt_0013125,ft_sal_006996,ft_evt_0044,Preferencial,94000,,
ft_tkt_0013126,ft_sal_006997,ft_evt_0044,General,47000,,
ft_tkt_0013127,ft_sal_006998,ft_evt_0044,VIP,133000,,
ft_tkt_0013128,ft_sal_006998,ft_evt_0044,VIP,133000,,
ft_tkt_0013129,ft_sal_006998,ft_evt_0044,VIP,133000,,
ft_tkt_0013130,ft_sal_006999,ft_evt_0044,Preferencial,95000,,
ft_tkt_0013131,ft_sal_007000,ft_evt_0044,Preferencial,87000,,
ft_tkt_0013132,ft_sal_007000,ft_evt_0044,Preferencial,87000,,
ft_tkt_0013133,ft_sal_007001,ft_evt_0044,General,63000,,
ft_tkt_0013134,ft_sal_007002,ft_evt_0044,General,45000,,
ft_tkt_0013135,ft_sal_007002,ft_evt_0044,General,45000,,
ft_tkt_0013136,ft_sal_007003,ft_evt_0044,General,58000,,
ft_tkt_0013137,ft_sal_007004,ft_evt_0044,General,60000,,
ft_tkt_0013138,ft_sal_007004,ft_evt_0044,General,60000,,
ft_tkt_0013139,ft_sal_007005,ft_evt_0044,Preferencial,92000,,
ft_tkt_0013140,ft_sal_007005,ft_evt_0044,Preferencial,92000,,
ft_tkt_0013141,ft_sal_007006,ft_evt_0044,General,49000,,
ft_tkt_0013142,ft_sal_007006,ft_evt_0044,General,49000,,
ft_tkt_0013143,ft_sal_007007,ft_evt_0044,General,60000,,
ft_tkt_0013144,ft_sal_007008,ft_evt_0044,General,47000,,
ft_tkt_0013145,ft_sal_007008,ft_evt_0044,General,47000,,
ft_tkt_0013146,ft_sal_007009,ft_evt_0058,Preferencial,96000,,
ft_tkt_0013147,ft_sal_007009,ft_evt_0058,Preferencial,96000,,
ft_tkt_0013148,ft_sal_007010,ft_evt_0058,General,42000,,
ft_tkt_0013149,ft_sal_007011,ft_evt_0058,VIP,136000,,
ft_tkt_0013150,ft_sal_007011,ft_evt_0058,VIP,136000,,
ft_tkt_0013151,ft_sal_007012,ft_evt_0058,Preferencial,92000,,
ft_tkt_0013152,ft_sal_007012,ft_evt_0058,Preferencial,92000,,
ft_tkt_0013153,ft_sal_007013,ft_evt_0058,General,47000,,
ft_tkt_0013154,ft_sal_007014,ft_evt_0058,Preferencial,95000,,
ft_tkt_0013155,ft_sal_007014,ft_evt_0058,Preferencial,95000,,
ft_tkt_0013156,ft_sal_007014,ft_evt_0058,Preferencial,95000,,
ft_tkt_0013157,ft_sal_007015,ft_evt_0058,General,49000,,
ft_tkt_0013158,ft_sal_007015,ft_evt_0058,General,49000,,
ft_tkt_0013159,ft_sal_007015,ft_evt_0058,General,49000,,
ft_tkt_0013160,ft_sal_007016,ft_evt_0058,General,63000,,
ft_tkt_0013161,ft_sal_007016,ft_evt_0058,General,63000,,
ft_tkt_0013162,ft_sal_007017,ft_evt_0058,General,61000,,
ft_tkt_0013163,ft_sal_007018,ft_evt_0058,General,44000,,
ft_tkt_0013164,ft_sal_007018,ft_evt_0058,General,44000,,
ft_tkt_0013165,ft_sal_007019,ft_evt_0058,VIP,146000,,
ft_tkt_0013166,ft_sal_007019,ft_evt_0058,VIP,146000,,
ft_tkt_0013167,ft_sal_007020,ft_evt_0058,General,64000,,
ft_tkt_0013168,ft_sal_007020,ft_evt_0058,General,64000,,
ft_tkt_0013169,ft_sal_007020,ft_evt_0058,General,64000,,
ft_tkt_0013170,ft_sal_007021,ft_evt_0058,VIP,150000,,
ft_tkt_0013171,ft_sal_007021,ft_evt_0058,VIP,150000,,
ft_tkt_0013172,ft_sal_007022,ft_evt_0058,General,47000,,
ft_tkt_0013173,ft_sal_007022,ft_evt_0058,General,47000,,
ft_tkt_0013174,ft_sal_007023,ft_evt_0058,General,47000,,
ft_tkt_0013175,ft_sal_007023,ft_evt_0058,General,47000,,
ft_tkt_0013176,ft_sal_007023,ft_evt_0058,General,47000,,
ft_tkt_0013177,ft_sal_007023,ft_evt_0058,General,47000,,
ft_tkt_0013178,ft_sal_007024,ft_evt_0058,Preferencial,97000,,
ft_tkt_0013179,ft_sal_007025,ft_evt_0058,VIP,143000,,
ft_tkt_0013180,ft_sal_007025,ft_evt_0058,VIP,143000,,
ft_tkt_0013181,ft_sal_007026,ft_evt_0058,Cortesía,0,,
ft_tkt_0013182,ft_sal_007027,ft_evt_0058,Cortesía,0,,
ft_tkt_0013183,ft_sal_007027,ft_evt_0058,Cortesía,0,,
ft_tkt_0013184,ft_sal_007028,ft_evt_0058,General,44000,,
ft_tkt_0013185,ft_sal_007028,ft_evt_0058,General,44000,,
ft_tkt_0013186,ft_sal_007029,ft_evt_0058,General,46000,,
ft_tkt_0013187,ft_sal_007030,ft_evt_0058,General,47000,,
ft_tkt_0013188,ft_sal_007030,ft_evt_0058,General,47000,,
ft_tkt_0013189,ft_sal_007031,ft_evt_0058,General,57000,,
ft_tkt_0013190,ft_sal_007032,ft_evt_0058,VIP,139000,,
ft_tkt_0013191,ft_sal_007032,ft_evt_0058,VIP,139000,,
ft_tkt_0013192,ft_sal_007032,ft_evt_0058,VIP,139000,,
ft_tkt_0013193,ft_sal_007033,ft_evt_0058,General,47000,,
ft_tkt_0013194,ft_sal_007033,ft_evt_0058,General,47000,,
ft_tkt_0013195,ft_sal_007034,ft_evt_0058,Cortesía,0,,
ft_tkt_0013196,ft_sal_007034,ft_evt_0058,Cortesía,0,,
ft_tkt_0013197,ft_sal_007034,ft_evt_0058,Cortesía,0,,
ft_tkt_0013198,ft_sal_007035,ft_evt_0058,General,63000,,
ft_tkt_0013199,ft_sal_007036,ft_evt_0058,General,64000,,
ft_tkt_0013200,ft_sal_007037,ft_evt_0058,General,58000,,
ft_tkt_0013201,ft_sal_007037,ft_evt_0058,General,58000,,
ft_tkt_0013202,ft_sal_007037,ft_evt_0058,General,58000,,
ft_tkt_0013203,ft_sal_007038,ft_evt_0058,Preferencial,101000,,
ft_tkt_0013204,ft_sal_007039,ft_evt_0058,Preferencial,89000,,
ft_tkt_0013205,ft_sal_007040,ft_evt_0058,Preferencial,98000,,
ft_tkt_0013206,ft_sal_007041,ft_evt_0058,General,47000,,
ft_tkt_0013207,ft_sal_007042,ft_evt_0058,Preferencial,99000,,
ft_tkt_0013208,ft_sal_007042,ft_evt_0058,Preferencial,99000,,
ft_tkt_0013209,ft_sal_007043,ft_evt_0058,General,48000,,
ft_tkt_0013210,ft_sal_007044,ft_evt_0058,General,44000,,
ft_tkt_0013211,ft_sal_007044,ft_evt_0058,General,44000,,
ft_tkt_0013212,ft_sal_007044,ft_evt_0058,General,44000,,
ft_tkt_0013213,ft_sal_007045,ft_evt_0058,General,44000,,
ft_tkt_0013214,ft_sal_007046,ft_evt_0058,General,47000,,
ft_tkt_0013215,ft_sal_007047,ft_evt_0058,Preferencial,91000,,
ft_tkt_0013216,ft_sal_007047,ft_evt_0058,Preferencial,91000,,
ft_tkt_0013217,ft_sal_007047,ft_evt_0058,Preferencial,91000,,
ft_tkt_0013218,ft_sal_007048,ft_evt_0058,General,56000,,
ft_tkt_0013219,ft_sal_007049,ft_evt_0058,Preferencial,101000,,
ft_tkt_0013220,ft_sal_007049,ft_evt_0058,Preferencial,101000,,
ft_tkt_0013221,ft_sal_007049,ft_evt_0058,Preferencial,101000,,
ft_tkt_0013222,ft_sal_007049,ft_evt_0058,Preferencial,101000,,
ft_tkt_0013223,ft_sal_007050,ft_evt_0058,General,66000,,
ft_tkt_0013224,ft_sal_007050,ft_evt_0058,General,66000,,
ft_tkt_0013225,ft_sal_007051,ft_evt_0058,General,44000,,
ft_tkt_0013226,ft_sal_007051,ft_evt_0058,General,44000,,
ft_tkt_0013227,ft_sal_007051,ft_evt_0058,General,44000,,
ft_tkt_0013228,ft_sal_007052,ft_evt_0058,General,48000,,
ft_tkt_0013229,ft_sal_007052,ft_evt_0058,General,48000,,
ft_tkt_0013230,ft_sal_007053,ft_evt_0058,General,60000,,
ft_tkt_0013231,ft_sal_007053,ft_evt_0058,General,60000,,
ft_tkt_0013232,ft_sal_007053,ft_evt_0058,General,60000,,
ft_tkt_0013233,ft_sal_007053,ft_evt_0058,General,60000,,
ft_tkt_0013234,ft_sal_007053,ft_evt_0058,General,60000,,
ft_tkt_0013235,ft_sal_007053,ft_evt_0058,General,60000,,
ft_tkt_0013236,ft_sal_007054,ft_evt_0058,General,42000,,
ft_tkt_0013237,ft_sal_007054,ft_evt_0058,General,42000,,
ft_tkt_0013238,ft_sal_007055,ft_evt_0058,General,43000,,
ft_tkt_0013239,ft_sal_007055,ft_evt_0058,General,43000,,
ft_tkt_0013240,ft_sal_007056,ft_evt_0058,General,62000,,
ft_tkt_0013241,ft_sal_007056,ft_evt_0058,General,62000,,
ft_tkt_0013242,ft_sal_007057,ft_evt_0058,Preferencial,94000,,
ft_tkt_0013243,ft_sal_007057,ft_evt_0058,Preferencial,94000,,
ft_tkt_0013244,ft_sal_007058,ft_evt_0058,General,61000,,
ft_tkt_0013245,ft_sal_007059,ft_evt_0058,General,59000,,
ft_tkt_0013246,ft_sal_007060,ft_evt_0058,General,50000,,
ft_tkt_0013247,ft_sal_007061,ft_evt_0058,VIP,146000,,
ft_tkt_0013248,ft_sal_007061,ft_evt_0058,VIP,146000,,
ft_tkt_0013249,ft_sal_007062,ft_evt_0058,Cortesía,0,,
ft_tkt_0013250,ft_sal_007063,ft_evt_0058,General,61000,,
ft_tkt_0013251,ft_sal_007064,ft_evt_0058,Preferencial,95000,,
ft_tkt_0013252,ft_sal_007064,ft_evt_0058,Preferencial,95000,,
ft_tkt_0013253,ft_sal_007065,ft_evt_0058,General,58000,,
ft_tkt_0013254,ft_sal_007066,ft_evt_0058,General,43000,,
ft_tkt_0013255,ft_sal_007066,ft_evt_0058,General,43000,,
ft_tkt_0013256,ft_sal_007066,ft_evt_0058,General,43000,,
ft_tkt_0013257,ft_sal_007066,ft_evt_0058,General,43000,,
ft_tkt_0013258,ft_sal_007066,ft_evt_0058,General,43000,,
ft_tkt_0013259,ft_sal_007066,ft_evt_0058,General,43000,,
ft_tkt_0013260,ft_sal_007067,ft_evt_0058,Preferencial,98000,,
ft_tkt_0013261,ft_sal_007067,ft_evt_0058,Preferencial,98000,,
ft_tkt_0013262,ft_sal_007068,ft_evt_0058,General,44000,,
ft_tkt_0013263,ft_sal_007068,ft_evt_0058,General,44000,,
ft_tkt_0013264,ft_sal_007069,ft_evt_0058,General,46000,,
ft_tkt_0013265,ft_sal_007070,ft_evt_0058,General,43000,,
ft_tkt_0013266,ft_sal_007071,ft_evt_0058,General,46000,,
ft_tkt_0013267,ft_sal_007072,ft_evt_0058,General,59000,,
ft_tkt_0013268,ft_sal_007072,ft_evt_0058,General,59000,,
ft_tkt_0013269,ft_sal_007073,ft_evt_0058,General,57000,,
ft_tkt_0013270,ft_sal_007073,ft_evt_0058,General,57000,,
ft_tkt_0013271,ft_sal_007074,ft_evt_0058,General,45000,,
ft_tkt_0013272,ft_sal_007074,ft_evt_0058,General,45000,,
ft_tkt_0013273,ft_sal_007074,ft_evt_0058,General,45000,,
ft_tkt_0013274,ft_sal_007075,ft_evt_0058,VIP,138000,,
ft_tkt_0013275,ft_sal_007075,ft_evt_0058,VIP,138000,,
ft_tkt_0013276,ft_sal_007076,ft_evt_0058,Preferencial,90000,,
ft_tkt_0013277,ft_sal_007076,ft_evt_0058,Preferencial,90000,,
ft_tkt_0013278,ft_sal_007077,ft_evt_0058,VIP,141000,,
ft_tkt_0013279,ft_sal_007077,ft_evt_0058,VIP,141000,,
ft_tkt_0013280,ft_sal_007078,ft_evt_0058,General,45000,,
ft_tkt_0013281,ft_sal_007079,ft_evt_0058,General,45000,,
ft_tkt_0013282,ft_sal_007079,ft_evt_0058,General,45000,,
ft_tkt_0013283,ft_sal_007080,ft_evt_0058,Preferencial,97000,,
ft_tkt_0013284,ft_sal_007081,ft_evt_0058,General,44000,,
ft_tkt_0013285,ft_sal_007081,ft_evt_0058,General,44000,,
ft_tkt_0013286,ft_sal_007082,ft_evt_0058,General,54000,,
ft_tkt_0013287,ft_sal_007083,ft_evt_0058,VIP,144000,,
ft_tkt_0013288,ft_sal_007084,ft_evt_0058,General,63000,,
ft_tkt_0013289,ft_sal_007084,ft_evt_0058,General,63000,,
ft_tkt_0013290,ft_sal_007085,ft_evt_0058,Cortesía,0,,
ft_tkt_0013291,ft_sal_007086,ft_evt_0058,Preferencial,91000,,
ft_tkt_0013292,ft_sal_007087,ft_evt_0058,General,45000,,
ft_tkt_0013293,ft_sal_007087,ft_evt_0058,General,45000,,
ft_tkt_0013294,ft_sal_007087,ft_evt_0058,General,45000,,
ft_tkt_0013295,ft_sal_007087,ft_evt_0058,General,45000,,
ft_tkt_0013296,ft_sal_007088,ft_evt_0058,VIP,141000,,
ft_tkt_0013297,ft_sal_007089,ft_evt_0058,General,59000,,
ft_tkt_0013298,ft_sal_007089,ft_evt_0058,General,59000,,
ft_tkt_0013299,ft_sal_007089,ft_evt_0058,General,59000,,
ft_tkt_0013300,ft_sal_007090,ft_evt_0058,General,68000,,
ft_tkt_0013301,ft_sal_007091,ft_evt_0058,General,44000,,
ft_tkt_0013302,ft_sal_007091,ft_evt_0058,General,44000,,
