ticket_id,sale_id,event_id,ticket_type,p_ticket_type_baseline,p_logistic_regression,p_catboost,p_xgboost
ft_tkt_0006723,ft_sal_003557,ft_evt_0040,GENERAL,0.9361195153053811,0.9539412639140443,0.9442237450738467,0.9214804768562317
ft_tkt_0006724,ft_sal_003558,ft_evt_0040,GENERAL,0.9361195153053811,0.9423695126042629,0.9348908391509442,0.9089897274971008
ft_tkt_0006725,ft_sal_003558,ft_evt_0040,GENERAL,0.9361195153053811,0.9423695126042629,0.9348908391509442,0.9089897274971008
ft_tkt_0006726,ft_sal_003558,ft_evt_0040,GENERAL,0.9361195153053811,0.9423695126042629,0.9348908391509442,0.9089897274971008
ft_tkt_0006727,ft_sal_003558,ft_evt_0040,GENERAL,0.9361195153053811,0.9423695126042629,0.9348908391509442,0.9089897274971008
ft_tkt_0006728,ft_sal_003559,ft_evt_0040,GENERAL,0.9361195153053811,0.9120474295967934,0.9356437285533569,0.9051631093025208
ft_tkt_0006729,ft_sal_003560,ft_evt_0040,PREFERENCIAL,0.9331061337242351,0.966289282462551,0.950208965999882,0.953879714012146
ft_tkt_0006730,ft_sal_003560,ft_evt_0040,PREFERENCIAL,0.9331061337242351,0.966289282462551,0.950208965999882,0.953879714012146
ft_tkt_0006731,ft_sal_003561,ft_evt_0040,PREFERENCIAL,0.9331061337242351,0.9617139215408356,0.9516432220368595,0.9655157923698425
ft_tkt_0006732,ft_sal_003562,ft_evt_0040,VIP,0.937698148842865,0.9758673002889346,0.9499931792080577,0.9656768441200256
ft_tkt_0006733,ft_sal_003563,ft_evt_0040,PREFERENCIAL,0.9331061337242351,0.9676203540708418,0.9522499647532867,0.9628177881240845
ft_tkt_0006734,ft_sal_003563,ft_evt_0040,PREFERENCIAL,0.9331061337242351,0.9676203540708418,0.9522499647532867,0.9628177881240845
ft_tkt_0006735,ft_sal_003564,ft_evt_0040,VIP,0.937698148842865,0.972830618056519,0.9459832425518008,0.9542315006256104
ft_tkt_0006736,ft_sal_003565,ft_evt_0040,GENERAL,0.9361195153053811,0.9618237267985751,0.9723408841661269,0.9681880474090576
ft_tkt_0006737,ft_sal_003566,ft_evt_0040,GENERAL,0.9361195153053811,0.9336047511174276,0.9125586618694093,0.8777929544448853
ft_tkt_0006738,ft_sal_003567,ft_evt_0040,CORTESÍA,0.3910763515334876,0.38975126746003225,0.4482698392976075,0.3957836627960205
ft_tkt_0006739,ft_sal_003567,ft_evt_0040,CORTESÍA,0.3910763515334876,0.38975126746003225,0.4482698392976075,0.3957836627960205
ft_tkt_0006740,ft_sal_003567,ft_evt_0040,CORTESÍA,0.3910763515334876,0.38975126746003225,0.4482698392976075,0.3957836627960205
ft_tkt_0006741,ft_sal_003568,ft_evt_0040,GENERAL,0.9361195153053811,0.9637142647730302,0.9474573541033768,0.9525646567344666
ft_tkt_0006742,ft_sal_003568,ft_evt_0040,GENERAL,0.9361195153053811,0.9637142647730302,0.9474573541033768,0.9525646567344666
ft_tkt_0006743,ft_sal_003569,ft_evt_0040,VIP,0.937698148842865,0.9665624105226562,0.9447796245854491,0.960786759853363
ft_tkt_0006744,ft_sal_003569,ft_evt_0040,VIP,0.937698148842865,0.9665624105226562,0.9447796245854491,0.960786759853363
ft_tkt_0006745,ft_sal_003570,ft_evt_0040,CORTESÍA,0.3910763515334876,0.4182665362832149,0.49908425012522134,0.4399462044239044
ft_tkt_0006746,ft_sal_003571,ft_evt_0040,CORTESÍA,0.3910763515334876,0.44474144343716127,0.5170393776613157,0.4840630888938904
ft_tkt_0006747,ft_sal_003572,ft_evt_0040,GENERAL,0.9361195153053811,0.9644512899674818,0.9516818299195174,0.951222836971283
ft_tkt_0006748,ft_sal_003572,ft_evt_0040,GENERAL,0.9361195153053811,0.9644512899674818,0.9516818299195174,0.951222836971283
ft_tkt_0006749,ft_sal_003573,ft_evt_0040,VIP,0.937698148842865,0.9706747455249015,0.9509127017178395,0.9566069841384888
ft_tkt_0006750,ft_sal_003574,ft_evt_0040,CORTESÍA,0.3910763515334876,0.3469864860109844,0.4497001847366244,0.4875611662864685
ft_tkt_0006751,ft_sal_003575,ft_evt_0040,VIP,0.937698148842865,0.9426781249413767,0.9378152470035374,0.9521569013595581
ft_tkt_0006752,ft_sal_003575,ft_evt_0040,VIP,0.937698148842865,0.9426781249413767,0.9378152470035374,0.9521569013595581
ft_tkt_0006753,ft_sal_003575,ft_evt_0040,VIP,0.937698148842865,0.9426781249413767,0.9378152470035374,0.9521569013595581
ft_tkt_0006754,ft_sal_003575,ft_evt_0040,VIP,0.937698148842865,0.9426781249413767,0.9378152470035374,0.9521569013595581
ft_tkt_0006755,ft_sal_003576,ft_evt_0040,CORTESÍA,0.3910763515334876,0.42510303297662966,0.5060179107369639,0.4942920207977295
ft_tkt_0006756,ft_sal_003577,ft_evt_0040,CORTESÍA,0.3910763515334876,0.4335089812722674,0.5079821353142558,0.4841039776802063
ft_tkt_0006757,ft_sal_003578,ft_evt_0040,GENERAL,0.9361195153053811,0.933300026540545,0.9302787633598034,0.9331803321838379
ft_tkt_0006758,ft_sal_003578,ft_evt_0040,GENERAL,0.9361195153053811,0.933300026540545,0.9302787633598034,0.9331803321838379
ft_tkt_0006759,ft_sal_003578,ft_evt_0040,GENERAL,0.9361195153053811,0.933300026540545,0.9302787633598034,0.9331803321838379
ft_tkt_0006760,ft_sal_003579,ft_evt_0040,VIP,0.937698148842865,0.9631697486173703,0.9449404634895966,0.961181640625
ft_tkt_0006761,ft_sal_003579,ft_evt_0040,VIP,0.937698148842865,0.9631697486173703,0.9449404634895966,0.961181640625
ft_tkt_0006762,ft_sal_003579,ft_evt_0040,VIP,0.937698148842865,0.9631697486173703,0.9449404634895966,0.961181640625
ft_tkt_0006763,ft_sal_003580,ft_evt_0040,VIP,0.937698148842865,0.9691247615687727,0.9535384433494468,0.9671317934989929
ft_tkt_0006764,ft_sal_003580,ft_evt_0040,VIP,0.937698148842865,0.9691247615687727,0.9535384433494468,0.9671317934989929
ft_tkt_0006765,ft_sal_003580,ft_evt_0040,VIP,0.937698148842865,0.9691247615687727,0.9535384433494468,0.9671317934989929
ft_tkt_0006766,ft_sal_003580,ft_evt_0040,VIP,0.937698148842865,0.9691247615687727,0.9535384433494468,0.9671317934989929
ft_tkt_0006767,ft_sal_003580,ft_evt_0040,VIP,0.937698148842865,0.9691247615687727,0.9535384433494468,0.9671317934989929
ft_tkt_0006768,ft_sal_003580,ft_evt_0040,VIP,0.937698148842865,0.9691247615687727,0.9535384433494468,0.9671317934989929
ft_tkt_0006769,ft_sal_003581,ft_evt_0040,CORTESÍA,0.3910763515334876,0.44546485425476123,0.5214414834557286,0.4840630888938904
ft_tkt_0006770,ft_sal_003582,ft_evt_0040,VIP,0.937698148842865,0.9825039711385507,0.9539492268022491,0.9648987650871277
ft_tkt_0006771,ft_sal_003582,ft_evt_0040,VIP,0.937698148842865,0.9825039711385507,0.9539492268022491,0.9648987650871277
ft_tkt_0006772,ft_sal_003583,ft_evt_0040,GENERAL,0.9361195153053811,0.9701874451359196,0.9502616342843994,0.9433088898658752
ft_tkt_0006773,ft_sal_003583,ft_evt_0040,GENERAL,0.9361195153053811,0.9701874451359196,0.9502616342843994,0.9433088898658752
ft_tkt_0006774,ft_sal_003584,ft_evt_0040,CORTESÍA,0.3910763515334876,0.43155766849071664,0.5079929570336864,0.49334490299224854
ft_tkt_0006775,ft_sal_003585,ft_evt_0040,GENERAL,0.9361195153053811,0.9587795389886773,0.9523610561301212,0.9479912519454956
ft_tkt_0006776,ft_sal_003586,ft_evt_0040,CORTESÍA,0.3910763515334876,0.437119354633368,0.4052196915703404,0.3659764528274536
ft_tkt_0006777,ft_sal_003587,ft_evt_0040,VIP,0.937698148842865,0.973640602925896,0.9495618025758527,0.9701693654060364
ft_tkt_0006778,ft_sal_003587,ft_evt_0040,VIP,0.937698148842865,0.973640602925896,0.9495618025758527,0.9701693654060364
ft_tkt_0006779,ft_sal_003587,ft_evt_0040,VIP,0.937698148842865,0.973640602925896,0.9495618025758527,0.9701693654060364
ft_tkt_0006780,ft_sal_003588,ft_evt_0040,CORTESÍA,0.3910763515334876,0.43155403130617326,0.4228678503840879,0.4030342102050781
ft_tkt_0006781,ft_sal_003588,ft_evt_0040,CORTESÍA,0.3910763515334876,0.43155403130617326,0.4228678503840879,0.4030342102050781
ft_tkt_0006782,ft_sal_003588,ft_evt_0040,CORTESÍA,0.3910763515334876,0.43155403130617326,0.4228678503840879,0.4030342102050781
ft_tkt_0006783,ft_sal_003589,ft_evt_0040,CORTESÍA,0.3910763515334876,0.3735064182307427,0.41491109787515035,0.30581772327423096
ft_tkt_0006784,ft_sal_003590,ft_evt_0040,PREFERENCIAL,0.9331061337242351,0.9378730970086719,0.9365961851315119,0.9063548445701599
ft_tkt_0006785,ft_sal_003591,ft_evt_0040,GENERAL,0.9361195153053811,0.948867934899397,0.9473241219463251,0.9546088576316833
ft_tkt_0006786,ft_sal_003591,ft_evt_0040,GENERAL,0.9361195153053811,0.948867934899397,0.9473241219463251,0.9546088576316833
ft_tkt_0006787,ft_sal_003591,ft_evt_0040,GENERAL,0.9361195153053811,0.948867934899397,0.9473241219463251,0.9546088576316833
ft_tkt_0006788,ft_sal_003592,ft_evt_0040,GENERAL,0.9361195153053811,0.9599677912005297,0.953031447414804,0.947310745716095
ft_tkt_0006789,ft_sal_003593,ft_evt_0040,CORTESÍA,0.3910763515334876,0.4251158031705521,0.5321330407348694,0.46792173385620117
ft_tkt_0006790,ft_sal_003594,ft_evt_0040,VIP,0.937698148842865,0.9704512371069677,0.9513853795874248,0.9646545648574829
ft_tkt_0006791,ft_sal_003594,ft_evt_0040,VIP,0.937698148842865,0.9704512371069677,0.9513853795874248,0.9646545648574829
ft_tkt_0006792,ft_sal_003594,ft_evt_0040,VIP,0.937698148842865,0.9704512371069677,0.9513853795874248,0.9646545648574829
ft_tkt_0006793,ft_sal_003594,ft_evt_0040,VIP,0.937698148842865,0.9704512371069677,0.9513853795874248,0.9646545648574829
ft_tkt_0006794,ft_sal_003595,ft_evt_0040,CORTESÍA,0.3910763515334876,0.4500995782640694,0.45667885714270307,0.4246973991394043
ft_tkt_0006795,ft_sal_003595,ft_evt_0040,CORTESÍA,0.3910763515334876,0.4500995782640694,0.45667885714270307,0.4246973991394043
ft_tkt_0006796,ft_sal_003596,ft_evt_0040,PREFERENCIAL,0.9331061337242351,0.9694626997274276,0.9402242042302312,0.9419310092926025
ft_tkt_0006797,ft_sal_003596,ft_evt_0040,PREFERENCIAL,0.9331061337242351,0.9694626997274276,0.9402242042302312,0.9419310092926025
ft_tkt_0006798,ft_sal_003597,ft_evt_0040,GENERAL,0.9361195153053811,0.9802766986485273,0.9550759460821735,0.9523880481719971
ft_tkt_0006799,ft_sal_003598,ft_evt_0040,PREFERENCIAL,0.9331061337242351,0.9583460115894593,0.9504343114519567,0.9492807388305664
ft_tkt_0006800,ft_sal_003598,ft_evt_0040,PREFERENCIAL,0.9331061337242351,0.9583460115894593,0.9504343114519567,0.9492807388305664
ft_tkt_0006801,ft_sal_003599,ft_evt_0040,VIP,0.937698148842865,0.9661324792923803,0.9442789803046405,0.9407802224159241
ft_tkt_0006802,ft_sal_003599,ft_evt_0040,VIP,0.937698148842865,0.9661324792923803,0.9442789803046405,0.9407802224159241
ft_tkt_0006803,ft_sal_003600,ft_evt_0040,CORTESÍA,0.3910763515334876,0.4557667905097767,0.5669454491704026,0.585232675075531
ft_tkt_0006804,ft_sal_003600,ft_evt_0040,CORTESÍA,0.3910763515334876,0.4557667905097767,0.5669454491704026,0.585232675075531
ft_tkt_0006805,ft_sal_003601,ft_evt_0040,GENERAL,0.9361195153053811,0.9716651408282033,0.9367781664248008,0.9484235644340515
ft_tkt_0006806,ft_sal_003601,ft_evt_0040,GENERAL,0.9361195153053811,0.9716651408282033,0.9367781664248008,0.9484235644340515
ft_tkt_0006807,ft_sal_003602,ft_evt_0040,PREFERENCIAL,0.9331061337242351,0.9612209772090882,0.9498079630405502,0.9528335928916931
ft_tkt_0006808,ft_sal_003603,ft_evt_0040,PREFERENCIAL,0.9331061337242351,0.9622181048438776,0.9516432220368595,0.9592729806900024
ft_tkt_0006809,ft_sal_003604,ft_evt_0040,GENERAL,0.9361195153053811,0.9272439450328492,0.9383829081923508,0.9155586957931519
ft_tkt_0006810,ft_sal_003605,ft_evt_0040,GENERAL,0.9361195153053811,0.9476031072595246,0.9320486287160735,0.9376229643821716
ft_tkt_0006811,ft_sal_003605,ft_evt_0040,GENERAL,0.9361195153053811,0.9476031072595246,0.9320486287160735,0.9376229643821716
ft_tkt_0006812,ft_sal_003606,ft_evt_0040,VIP,0.937698148842865,0.9722067146277624,0.9519294557800702,0.9599040150642395
ft_tkt_0006813,ft_sal_003607,ft_evt_0040,GENERAL,0.9361195153053811,0.9538294547040019,0.9356642472376139,0.9336216449737549
ft_tkt_0006814,ft_sal_003607,ft_evt_0040,GENERAL,0.9361195153053811,0.9538294547040019,0.9356642472376139,0.9336216449737549
ft_tkt_0006815,ft_sal_003607,ft_evt_0040,GENERAL,0.9361195153053811,0.9538294547040019,0.9356642472376139,0.9336216449737549
ft_tkt_0006816,ft_sal_003608,ft_evt_0040,GENERAL,0.9361195153053811,0.901352977779661,0.9309392732009704,0.8838108777999878
ft_tkt_0006817,ft_sal_003609,ft_evt_0040,GENERAL,0.9361195153053811,0.9555311252501184,0.9476709918055832,0.9249752759933472
ft_tkt_0006818,ft_sal_003610,ft_evt_0040,GENERAL,0.9361195153053811,0.9472141788007443,0.9375507657473013,0.9345308542251587
ft_tkt_0006819,ft_sal_003610,ft_evt_0040,GENERAL,0.9361195153053811,0.9472141788007443,0.9375507657473013,0.9345308542251587
ft_tkt_0006820,ft_sal_003611,ft_evt_0040,GENERAL,0.9361195153053811,0.9622902556140833,0.9470249967765024,0.9474071264266968
ft_tkt_0006821,ft_sal_003611,ft_evt_0040,GENERAL,0.9361195153053811,0.9622902556140833,0.9470249967765024,0.9474071264266968
ft_tkt_0006822,ft_sal_003611,ft_evt_0040,GENERAL,0.9361195153053811,0.9622902556140833,0.9470249967765024,0.9474071264266968
ft_tkt_0006823,ft_sal_003612,ft_evt_0040,CORTESÍA,0.3910763515334876,0.37136866599166757,0.3631858203043514,0.30310192704200745
ft_tkt_0006824,ft_sal_003613,ft_evt_0040,VIP,0.937698148842865,0.9704047634646815,0.944874254669802,0.9507870674133301
ft_tkt_0006825,ft_sal_003613,ft_evt_0040,VIP,0.937698148842865,0.9704047634646815,0.944874254669802,0.9507870674133301
ft_tkt_0006826,ft_sal_003614,ft_evt_0040,VIP,0.937698148842865,0.9584772654958427,0.9421603637754355,0.9289986491203308
ft_tkt_0006827,ft_sal_003614,ft_evt_0040,VIP,0.937698148842865,0.9584772654958427,0.9421603637754355,0.9289986491203308
ft_tkt_0006828,ft_sal_003615,ft_evt_0040,VIP,0.937698148842865,0.953458390456901,0.944351014373706,0.9583523869514465
ft_tkt_0006829,ft_sal_003615,ft_evt_0040,VIP,0.937698148842865,0.953458390456901,0.944351014373706,0.9583523869514465
ft_tkt_0006830,ft_sal_003615,ft_evt_0040,VIP,0.937698148842865,0.953458390456901,0.944351014373706,0.9583523869514465
ft_tkt_0006831,ft_sal_003615,ft_evt_0040,VIP,0.937698148842865,0.953458390456901,0.944351014373706,0.9583523869514465
ft_tkt_0006832,ft_sal_003616,ft_evt_0040,PREFERENCIAL,0.9331061337242351,0.9617365433596955,0.9512272112893959,0.9609091281890869
ft_tkt_0006833,ft_sal_003617,ft_evt_0040,CORTESÍA,0.3910763515334876,0.3393987839446984,0.5425801662948369,0.48532766103744507
ft_tkt_0006834,ft_sal_003618,ft_evt_0040,GENERAL,0.9361195153053811,0.9539976676663261,0.9427536706855286,0.920300304889679
ft_tkt_0006835,ft_sal_003619,ft_evt_0040,GENERAL,0.9361195153053811,0.9595895677306321,0.9447774965920053,0.9326730966567993
ft_tkt_0006836,ft_sal_003619,ft_evt_0040,GENERAL,0.9361195153053811,0.9595895677306321,0.9447774965920053,0.9326730966567993
ft_tkt_0006837,ft_sal_003620,ft_evt_0040,GENERAL,0.9361195153053811,0.9591399786459863,0.9340708540350616,0.9348899722099304
ft_tkt_0006838,ft_sal_003621,ft_evt_0040,CORTESÍA,0.3910763515334876,0.45898883003658186,0.502069977343521,0.46323901414871216
ft_tkt_0006839,ft_sal_003621,ft_evt_0040,CORTESÍA,0.3910763515334876,0.45898883003658186,0.502069977343521,0.46323901414871216
ft_tkt_0006840,ft_sal_003621,ft_evt_0040,CORTESÍA,0.3910763515334876,0.45898883003658186,0.502069977343521,0.46323901414871216
ft_tkt_0006841,ft_sal_003622,ft_evt_0058,CORTESÍA,0.3910763515334876,0.3936882142144074,0.4473775702953993,0.42092910408973694
ft_tkt_0006842,ft_sal_003622,ft_evt_0058,CORTESÍA,0.3910763515334876,0.3936882142144074,0.4473775702953993,0.42092910408973694
ft_tkt_0006843,ft_sal_003623,ft_evt_0058,CORTESÍA,0.3910763515334876,0.4286319474452987,0.49721264182534053,0.5639798641204834
ft_tkt_0006844,ft_sal_003623,ft_evt_0058,CORTESÍA,0.3910763515334876,0.4286319474452987,0.49721264182534053,0.5639798641204834
ft_tkt_0006845,ft_sal_003623,ft_evt_0058,CORTESÍA,0.3910763515334876,0.4286319474452987,0.49721264182534053,0.5639798641204834
ft_tkt_0006846,ft_sal_003623,ft_evt_0058,CORTESÍA,0.3910763515334876,0.4286319474452987,0.49721264182534053,0.5639798641204834
ft_tkt_0006847,ft_sal_003624,ft_evt_0058,CORTESÍA,0.3910763515334876,0.38300448604466225,0.44771397854335504,0.4096716046333313
ft_tkt_0006848,ft_sal_003624,ft_evt_0058,CORTESÍA,0.3910763515334876,0.38300448604466225,0.44771397854335504,0.4096716046333313
ft_tkt_0006849,ft_sal_003625,ft_evt_0058,CORTESÍA,0.3910763515334876,0.30594318065872494,0.32487995551834525,0.16948670148849487
ft_tkt_0006850,ft_sal_003626,ft_evt_0058,CORTESÍA,0.3910763515334876,0.4276332273202163,0.45969221652968256,0.4227389097213745
ft_tkt_0006851,ft_sal_003627,ft_evt_0058,CORTESÍA,0.3910763515334876,0.45609251915594173,0.5043377528044701,0.49533140659332275
ft_tkt_0006852,ft_sal_003627,ft_evt_0058,CORTESÍA,0.3910763515334876,0.45609251915594173,0.5043377528044701,0.49533140659332275
ft_tkt_0006853,ft_sal_003627,ft_evt_0058,CORTESÍA,0.3910763515334876,0.45609251915594173,0.5043377528044701,0.49533140659332275
ft_tkt_0006854,ft_sal_003628,ft_evt_0058,CORTESÍA,0.3910763515334876,0.36146845131839334,0.3827916125336896,0.24609428644180298
ft_tkt_0006855,ft_sal_003629,ft_evt_0058,CORTESÍA,0.3910763515334876,0.4828369689010115,0.5107560633842748,0.47673141956329346
ft_tkt_0006856,ft_sal_003629,ft_evt_0058,CORTESÍA,0.3910763515334876,0.4828369689010115,0.5107560633842748,0.47673141956329346
ft_tkt_0006857,ft_sal_003629,ft_evt_0058,CORTESÍA,0.3910763515334876,0.4828369689010115,0.5107560633842748,0.47673141956329346
ft_tkt_0006858,ft_sal_003629,ft_evt_0058,CORTESÍA,0.3910763515334876,0.4828369689010115,0.5107560633842748,0.47673141956329346
ft_tkt_0006859,ft_sal_003630,ft_evt_0058,CORTESÍA,0.3910763515334876,0.38788869403177184,0.44407277654891986,0.46971479058265686
ft_tkt_0006860,ft_sal_003630,ft_evt_0058,CORTESÍA,0.3910763515334876,0.38788869403177184,0.44407277654891986,0.46971479058265686
ft_tkt_0006861,ft_sal_003631,ft_evt_0058,CORTESÍA,0.3910763515334876,0.3971672010209943,0.45038561040489755,0.48602044582366943
ft_tkt_0006862,ft_sal_003631,ft_evt_0058,CORTESÍA,0.3910763515334876,0.3971672010209943,0.45038561040489755,0.48602044582366943
ft_tkt_0006863,ft_sal_003632,ft_evt_0058,CORTESÍA,0.3910763515334876,0.4758009428841556,0.5062134006915235,0.5356017351150513
ft_tkt_0006864,ft_sal_003632,ft_evt_0058,CORTESÍA,0.3910763515334876,0.4758009428841556,0.5062134006915235,0.5356017351150513
ft_tkt_0006865,ft_sal_003633,ft_evt_0058,CORTESÍA,0.3910763515334876,0.443260680868019,0.5046263741757461,0.4756251275539398
ft_tkt_0006866,ft_sal_003633,ft_evt_0058,CORTESÍA,0.3910763515334876,0.443260680868019,0.5046263741757461,0.4756251275539398
ft_tkt_0006867,ft_sal_003633,ft_evt_0058,CORTESÍA,0.3910763515334876,0.443260680868019,0.5046263741757461,0.4756251275539398
ft_tkt_0006868,ft_sal_003633,ft_evt_0058,CORTESÍA,0.3910763515334876,0.443260680868019,0.5046263741757461,0.4756251275539398
ft_tkt_0006869,ft_sal_003633,ft_evt_0058,CORTESÍA,0.3910763515334876,0.443260680868019,0.5046263741757461,0.4756251275539398
ft_tkt_0006870,ft_sal_003633,ft_evt_0058,CORTESÍA,0.3910763515334876,0.443260680868019,0.5046263741757461,0.4756251275539398
ft_tkt_0006871,ft_sal_003634,ft_evt_0058,CORTESÍA,0.3910763515334876,0.36177933602187096,0.38690198968007844,0.33891579508781433
ft_tkt_0006872,ft_sal_003634,ft_evt_0058,CORTESÍA,0.3910763515334876,0.36177933602187096,0.38690198968007844,0.33891579508781433
ft_tkt_0006873,ft_sal_003635,ft_evt_0058,CORTESÍA,0.3910763515334876,0.38465254271912747,0.4346086034641818,0.44869232177734375
ft_tkt_0006874,ft_sal_003635,ft_evt_0058,CORTESÍA,0.3910763515334876,0.38465254271912747,0.4346086034641818,0.44869232177734375
ft_tkt_0006875,ft_sal_003635,ft_evt_0058,CORTESÍA,0.3910763515334876,0.38465254271912747,0.4346086034641818,0.44869232177734375
ft_tkt_0006876,ft_sal_003636,ft_evt_0058,CORTESÍA,0.3910763515334876,0.389783465173075,0.4340887204709316,0.35203689336776733
ft_tkt_0006877,ft_sal_003636,ft_evt_0058,CORTESÍA,0.3910763515334876,0.389783465173075,0.4340887204709316,0.35203689336776733
ft_tkt_0006878,ft_sal_003637,ft_evt_0058,CORTESÍA,0.3910763515334876,0.49111339262762377,0.5280187196152059,0.6499682068824768
ft_tkt_0006879,ft_sal_003637,ft_evt_0058,CORTESÍA,0.3910763515334876,0.49111339262762377,0.5280187196152059,0.6499682068824768
ft_tkt_0006880,ft_sal_003638,ft_evt_0058,CORTESÍA,0.3910763515334876,0.4167330500597924,0.4452826539825656,0.40085655450820923
ft_tkt_0006881,ft_sal_003638,ft_evt_0058,CORTESÍA,0.3910763515334876,0.4167330500597924,0.4452826539825656,0.40085655450820923
ft_tkt_0006882,ft_sal_003639,ft_evt_0058,CORTESÍA,0.3910763515334876,0.5242852616425583,0.505791690793412,0.4811837375164032
ft_tkt_0006883,ft_sal_003640,ft_evt_0058,CORTESÍA,0.3910763515334876,0.7223524204263684,0.5141267466919617,0.545477032661438
ft_tkt_0006884,ft_sal_003641,ft_evt_0058,CORTESÍA,0.3910763515334876,0.43136376475565735,0.5022822027981675,0.5245009660720825
ft_tkt_0006885,ft_sal_003642,ft_evt_0058,CORTESÍA,0.3910763515334876,0.20014891015852151,0.3556112525228232,0.19995741546154022
ft_tkt_0006886,ft_sal_003643,ft_evt_0058,CORTESÍA,0.3910763515334876,0.4705857578649808,0.50037623704599,0.5066756010055542
ft_tkt_0006887,ft_sal_003643,ft_evt_0058,CORTESÍA,0.3910763515334876,0.4705857578649808,0.50037623704599,0.5066756010055542
ft_tkt_0006888,ft_sal_003644,ft_evt_0058,CORTESÍA,0.3910763515334876,0.4970169416811137,0.5232796491522713,0.5062718391418457
ft_tkt_0006889,ft_sal_003644,ft_evt_0058,CORTESÍA,0.3910763515334876,0.4970169416811137,0.5232796491522713,0.5062718391418457
ft_tkt_0006890,ft_sal_003645,ft_evt_0058,CORTESÍA,0.3910763515334876,0.4824514935883466,0.5094484188888629,0.49323248863220215
ft_tkt_0006891,ft_sal_003645,ft_evt_0058,CORTESÍA,0.3910763515334876,0.4824514935883466,0.5094484188888629,0.49323248863220215
ft_tkt_0006892,ft_sal_003645,ft_evt_0058,CORTESÍA,0.3910763515334876,0.4824514935883466,0.5094484188888629,0.49323248863220215
ft_tkt_0006893,ft_sal_003646,ft_evt_0058,CORTESÍA,0.3910763515334876,0.49764455577632427,0.5232796491522713,0.5062718391418457
ft_tkt_0006894,ft_sal_003646,ft_evt_0058,CORTESÍA,0.3910763515334876,0.49764455577632427,0.5232796491522713,0.5062718391418457
ft_tkt_0006895,ft_sal_003647,ft_evt_0058,CORTESÍA,0.3910763515334876,0.4169645264699506,0.4713482339696937,0.4998471736907959
ft_tkt_0006896,ft_sal_003647,ft_evt_0058,CORTESÍA,0.3910763515334876,0.4169645264699506,0.4713482339696937,0.4998471736907959
ft_tkt_0006897,ft_sal_003647,ft_evt_0058,CORTESÍA,0.3910763515334876,0.4169645264699506,0.4713482339696937,0.4998471736907959
ft_tkt_0006898,ft_sal_003648,ft_evt_0058,CORTESÍA,0.3910763515334876,0.32203584372650684,0.4229362824521756,0.38609930872917175
ft_tkt_0006899,ft_sal_003649,ft_evt_0058,CORTESÍA,0.3910763515334876,0.40305915352055316,0.44692559810159643,0.39677783846855164
ft_tkt_0006900,ft_sal_003649,ft_evt_0058,CORTESÍA,0.3910763515334876,0.40305915352055316,0.44692559810159643,0.39677783846855164
ft_tkt_0006901,ft_sal_003650,ft_evt_0058,CORTESÍA,0.3910763515334876,0.3446650027006568,0.4324330920149167,0.36200615763664246
ft_tkt_0006902,ft_sal_003650,ft_evt_0058,CORTESÍA,0.3910763515334876,0.3446650027006568,0.4324330920149167,0.36200615763664246
ft_tkt_0006903,ft_sal_003651,ft_evt_0058,CORTESÍA,0.3910763515334876,0.27179957561555873,0.33682132948695587,0.27731451392173767
ft_tkt_0006904,ft_sal_003652,ft_evt_0058,CORTESÍA,0.3910763515334876,0.24383436105863088,0.30148572539462437,0.40655678510665894
ft_tkt_0006905,ft_sal_003652,ft_evt_0058,CORTESÍA,0.3910763515334876,0.24383436105863088,0.30148572539462437,0.40655678510665894
ft_tkt_0006906,ft_sal_003653,ft_evt_0058,CORTESÍA,0.3910763515334876,0.38233315153257413,0.42725309576062825,0.3050404489040375
ft_tkt_0006907,ft_sal_003654,ft_evt_0058,CORTESÍA,0.3910763515334876,0.4462628705971058,0.4413008779425536,0.3764614760875702
ft_tkt_0006908,ft_sal_003654,ft_evt_0058,CORTESÍA,0.3910763515334876,0.4462628705971058,0.4413008779425536,0.3764614760875702
ft_tkt_0006909,ft_sal_003654,ft_evt_0058,CORTESÍA,0.3910763515334876,0.4462628705971058,0.4413008779425536,0.3764614760875702
ft_tkt_0006910,ft_sal_003654,ft_evt_0058,CORTESÍA,0.3910763515334876,0.4462628705971058,0.4413008779425536,0.3764614760875702
ft_tkt_0006911,ft_sal_003654,ft_evt_0058,CORTESÍA,0.3910763515334876,0.4462628705971058,0.4413008779425536,0.3764614760875702
ft_tkt_0006912,ft_sal_003654,ft_evt_0058,CORTESÍA,0.3910763515334876,0.4462628705971058,0.4413008779425536,0.3764614760875702
ft_tkt_0006913,ft_sal_003655,ft_evt_0058,CORTESÍA,0.3910763515334876,0.3406876682328926,0.4174326231094826,0.3238335847854614
ft_tkt_0006914,ft_sal_003655,ft_evt_0058,CORTESÍA,0.3910763515334876,0.3406876682328926,0.4174326231094826,0.3238335847854614
ft_tkt_0006915,ft_sal_003655,ft_evt_0058,CORTESÍA,0.3910763515334876,0.3406876682328926,0.4174326231094826,0.3238335847854614
ft_tkt_0006916,ft_sal_003655,ft_evt_0058,CORTESÍA,0.3910763515334876,0.3406876682328926,0.4174326231094826,0.3238335847854614
ft_tkt_0006917,ft_sal_003656,ft_evt_0058,CORTESÍA,0.3910763515334876,0.49554368941101745,0.4608768382571145,0.47672751545906067
ft_tkt_0006918,ft_sal_003656,ft_evt_0058,CORTESÍA,0.3910763515334876,0.49554368941101745,0.4608768382571145,0.47672751545906067
ft_tkt_0006919,ft_sal_003657,ft_evt_0058,CORTESÍA,0.3910763515334876,0.35731514820658705,0.42895182012957683,0.3789864778518677
ft_tkt_0006920,ft_sal_003657,ft_evt_0058,CORTESÍA,0.3910763515334876,0.35731514820658705,0.42895182012957683,0.3789864778518677
ft_tkt_0006921,ft_sal_003657,ft_evt_0058,CORTESÍA,0.3910763515334876,0.35731514820658705,0.42895182012957683,0.3789864778518677
ft_tkt_0006922,ft_sal_003658,ft_evt_0058,CORTESÍA,0.3910763515334876,0.42789148882824807,0.4492173484133884,0.4771422743797302
ft_tkt_0006923,ft_sal_003658,ft_evt_0058,CORTESÍA,0.3910763515334876,0.42789148882824807,0.4492173484133884,0.4771422743797302
ft_tkt_0006924,ft_sal_003659,ft_evt_0058,CORTESÍA,0.3910763515334876,0.47482882418115624,0.5292630578313765,0.6019371151924133
ft_tkt_0006925,ft_sal_003659,ft_evt_0058,CORTESÍA,0.3910763515334876,0.47482882418115624,0.5292630578313765,0.6019371151924133
ft_tkt_0006926,ft_sal_003660,ft_evt_0058,CORTESÍA,0.3910763515334876,0.43444540500316464,0.5022822027981675,0.4789436459541321
ft_tkt_0006927,ft_sal_003661,ft_evt_0058,CORTESÍA,0.3910763515334876,0.4069950987382061,0.45325265734874803,0.4676487147808075
ft_tkt_0006928,ft_sal_003661,ft_evt_0058,CORTESÍA,0.3910763515334876,0.4069950987382061,0.45325265734874803,0.4676487147808075
ft_tkt_0006929,ft_sal_003661,ft_evt_0058,CORTESÍA,0.3910763515334876,0.4069950987382061,0.45325265734874803,0.4676487147808075
ft_tkt_0006930,ft_sal_003662,ft_evt_0058,CORTESÍA,0.3910763515334876,0.28638048854130327,0.4285245654585091,0.3222571015357971
ft_tkt_0006931,ft_sal_003663,ft_evt_0058,CORTESÍA,0.3910763515334876,0.3716428536971548,0.42217960974951224,0.3498717248439789
ft_tkt_0006932,ft_sal_003664,ft_evt_0058,CORTESÍA,0.3910763515334876,0.5089115190307678,0.45827739768221765,0.43772849440574646
ft_tkt_0006933,ft_sal_003664,ft_evt_0058,CORTESÍA,0.3910763515334876,0.5089115190307678,0.45827739768221765,0.43772849440574646
ft_tkt_0006934,ft_sal_003664,ft_evt_0058,CORTESÍA,0.3910763515334876,0.5089115190307678,0.45827739768221765,0.43772849440574646
ft_tkt_0006935,ft_sal_003665,ft_evt_0058,CORTESÍA,0.3910763515334876,0.4079241161794118,0.42388932785895445,0.38125690817832947
ft_tkt_0006936,ft_sal_003666,ft_evt_0058,CORTESÍA,0.3910763515334876,0.3348673616238158,0.39683218281980337,0.3556179106235504
ft_tkt_0006937,ft_sal_003666,ft_evt_0058,CORTESÍA,0.3910763515334876,0.3348673616238158,0.39683218281980337,0.3556179106235504
ft_tkt_0006938,ft_sal_003667,ft_evt_0058,CORTESÍA,0.3910763515334876,0.32947394214616554,0.38294604471820876,0.330697625875473
ft_tkt_0006939,ft_sal_003668,ft_evt_0058,CORTESÍA,0.3910763515334876,0.48530534152149984,0.5092513951470943,0.49676981568336487
ft_tkt_0006940,ft_sal_003668,ft_evt_0058,CORTESÍA,0.3910763515334876,0.48530534152149984,0.5092513951470943,0.49676981568336487
ft_tkt_0006941,ft_sal_003669,ft_evt_0058,CORTESÍA,0.3910763515334876,0.29220601563053034,0.3498298832091512,0.2546115219593048
ft_tkt_0006942,ft_sal_003670,ft_evt_0058,CORTESÍA,0.3910763515334876,0.3093735821239161,0.3702268543005843,0.27856987714767456
ft_tkt_0006943,ft_sal_003671,ft_evt_0058,CORTESÍA,0.3910763515334876,0.48977754994243744,0.3949083909201055,0.4121438264846802
ft_tkt_0006944,ft_sal_003672,ft_evt_0058,CORTESÍA,0.3910763515334876,0.3523402733361483,0.42779873520619216,0.42030707001686096
ft_tkt_0006945,ft_sal_003672,ft_evt_0058,CORTESÍA,0.3910763515334876,0.3523402733361483,0.42779873520619216,0.42030707001686096
ft_tkt_0006946,ft_sal_003673,ft_evt_0058,CORTESÍA,0.3910763515334876,0.45840925434487284,0.5072034189995066,0.48920392990112305
ft_tkt_0006947,ft_sal_003673,ft_evt_0058,CORTESÍA,0.3910763515334876,0.45840925434487284,0.5072034189995066,0.48920392990112305
ft_tkt_0006948,ft_sal_003674,ft_evt_0058,CORTESÍA,0.3910763515334876,0.43331486788808976,0.5022822027981675,0.5473319292068481
ft_tkt_0006949,ft_sal_003675,ft_evt_0058,CORTESÍA,0.3910763515334876,0.4331093904511675,0.5022822027981675,0.5415420532226562
ft_tkt_0006950,ft_sal_003676,ft_evt_0058,CORTESÍA,0.3910763515334876,0.35380843620935154,0.39660539656030236,0.36352401971817017
ft_tkt_0006951,ft_sal_003676,ft_evt_0058,CORTESÍA,0.3910763515334876,0.35380843620935154,0.39660539656030236,0.36352401971817017
ft_tkt_0006952,ft_sal_003677,ft_evt_0058,CORTESÍA,0.3910763515334876,0.3024491993162399,0.3747752788112749,0.31462499499320984
ft_tkt_0006953,ft_sal_003678,ft_evt_0058,CORTESÍA,0.3910763515334876,0.465240559996517,0.49751020189725337,0.5147061944007874
ft_tkt_0006954,ft_sal_003678,ft_evt_0058,CORTESÍA,0.3910763515334876,0.465240559996517,0.49751020189725337,0.5147061944007874
ft_tkt_0006955,ft_sal_003678,ft_evt_0058,CORTESÍA,0.3910763515334876,0.465240559996517,0.49751020189725337,0.5147061944007874
ft_tkt_0006956,ft_sal_003679,ft_evt_0058,CORTESÍA,0.3910763515334876,0.27254046503200413,0.39576963329670684,0.3417260944843292
ft_tkt_0006957,ft_sal_003679,ft_evt_0058,CORTESÍA,0.3910763515334876,0.27254046503200413,0.39576963329670684,0.3417260944843292
ft_tkt_0006958,ft_sal_003680,ft_evt_0058,CORTESÍA,0.3910763515334876,0.3618578843959911,0.41960736143629745,0.37289565801620483
ft_tkt_0006959,ft_sal_003680,ft_evt_0058,CORTESÍA,0.3910763515334876,0.3618578843959911,0.41960736143629745,0.37289565801620483
ft_tkt_0006960,ft_sal_003680,ft_evt_0058,CORTESÍA,0.3910763515334876,0.3618578843959911,0.41960736143629745,0.37289565801620483
ft_tkt_0006961,ft_sal_003680,ft_evt_0058,CORTESÍA,0.3910763515334876,0.3618578843959911,0.41960736143629745,0.37289565801620483
ft_tkt_0006962,ft_sal_003681,ft_evt_0058,CORTESÍA,0.3910763515334876,0.34588428832021384,0.44257317098876076,0.3797954320907593
ft_tkt_0006963,ft_sal_003681,ft_evt_0058,CORTESÍA,0.3910763515334876,0.34588428832021384,0.44257317098876076,0.3797954320907593
ft_tkt_0006964,ft_sal_003681,ft_evt_0058,CORTESÍA,0.3910763515334876,0.34588428832021384,0.44257317098876076,0.3797954320907593
ft_tkt_0006965,ft_sal_003682,ft_evt_0058,CORTESÍA,0.3910763515334876,0.48960706007365085,0.5216909942474091,0.577995240688324
ft_tkt_0006966,ft_sal_003682,ft_evt_0058,CORTESÍA,0.3910763515334876,0.48960706007365085,0.5216909942474091,0.577995240688324
ft_tkt_0006967,ft_sal_003682,ft_evt_0058,CORTESÍA,0.3910763515334876,0.48960706007365085,0.5216909942474091,0.577995240688324
ft_tkt_0006968,ft_sal_003683,ft_evt_0058,CORTESÍA,0.3910763515334876,0.4114589631250833,0.4599383443171912,0.44924432039260864
ft_tkt_0006969,ft_sal_003683,ft_evt_0058,CORTESÍA,0.3910763515334876,0.4114589631250833,0.4599383443171912,0.44924432039260864
ft_tkt_0006970,ft_sal_003683,ft_evt_0058,CORTESÍA,0.3910763515334876,0.4114589631250833,0.4599383443171912,0.44924432039260864
ft_tkt_0006971,ft_sal_003684,ft_evt_0058,CORTESÍA,0.3910763515334876,0.3796406007193788,0.37307784025707436,0.27618566155433655
ft_tkt_0006972,ft_sal_003685,ft_evt_0058,CORTESÍA,0.3910763515334876,0.6115596350462106,0.5127689957181267,0.44782155752182007
ft_tkt_0006973,ft_sal_003686,ft_evt_0058,CORTESÍA,0.3910763515334876,0.40885629910789073,0.43058926643068784,0.37242746353149414
ft_tkt_0006974,ft_sal_003686,ft_evt_0058,CORTESÍA,0.3910763515334876,0.40885629910789073,0.43058926643068784,0.37242746353149414
ft_tkt_0006975,ft_sal_003687,ft_evt_0058,CORTESÍA,0.3910763515334876,0.47528713318156424,0.5288424288092298,0.5706753134727478
ft_tkt_0006976,ft_sal_003687,ft_evt_0058,CORTESÍA,0.3910763515334876,0.47528713318156424,0.5288424288092298,0.5706753134727478
ft_tkt_0006977,ft_sal_003688,ft_evt_0058,CORTESÍA,0.3910763515334876,0.410216201622988,0.44550865256139993,0.44804415106773376
ft_tkt_0006978,ft_sal_003688,ft_evt_0058,CORTESÍA,0.3910763515334876,0.410216201622988,0.44550865256139993,0.44804415106773376
ft_tkt_0006979,ft_sal_003688,ft_evt_0058,CORTESÍA,0.3910763515334876,0.410216201622988,0.44550865256139993,0.44804415106773376
ft_tkt_0006980,ft_sal_003689,ft_evt_0058,CORTESÍA,0.3910763515334876,0.3519617807542723,0.41136006545476717,0.3082713484764099
ft_tkt_0006981,ft_sal_003690,ft_evt_0058,CORTESÍA,0.3910763515334876,0.2957800440237345,0.4250266031245902,0.3400629162788391
ft_tkt_0006982,ft_sal_003691,ft_evt_0058,CORTESÍA,0.3910763515334876,0.37700988012839076,0.3979606675741051,0.35301315784454346
ft_tkt_0006983,ft_sal_003691,ft_evt_0058,CORTESÍA,0.3910763515334876,0.37700988012839076,0.3979606675741051,0.35301315784454346
ft_tkt_0006984,ft_sal_003692,ft_evt_0058,CORTESÍA,0.3910763515334876,0.41660402256323664,0.3972514720065971,0.3326418101787567
ft_tkt_0006985,ft_sal_003693,ft_evt_0058,CORTESÍA,0.3910763515334876,0.42711928696562484,0.42356723719025846,0.44884374737739563
ft_tkt_0006986,ft_sal_003693,ft_evt_0058,CORTESÍA,0.3910763515334876,0.42711928696562484,0.42356723719025846,0.44884374737739563
ft_tkt_0006987,ft_sal_003694,ft_evt_0058,CORTESÍA,0.3910763515334876,0.48530534152149984,0.5092513951470943,0.49676981568336487
ft_tkt_0006988,ft_sal_003694,ft_evt_0058,CORTESÍA,0.3910763515334876,0.48530534152149984,0.5092513951470943,0.49676981568336487
ft_tkt_0006989,ft_sal_003695,ft_evt_0058,CORTESÍA,0.3910763515334876,0.47997694992756523,0.5062134006915235,0.5094304084777832
ft_tkt_0006990,ft_sal_003695,ft_evt_0058,CORTESÍA,0.3910763515334876,0.47997694992756523,0.5062134006915235,0.5094304084777832
ft_tkt_0006991,ft_sal_003696,ft_evt_0058,CORTESÍA,0.3910763515334876,0.513495569744612,0.4610806718445375,0.43446388840675354
ft_tkt_0006992,ft_sal_003697,ft_evt_0058,CORTESÍA,0.3910763515334876,0.3052816330829269,0.38019935876131594,0.3079328238964081
ft_tkt_0006993,ft_sal_003698,ft_evt_0058,CORTESÍA,0.3910763515334876,0.4625673133871063,0.5140613441786744,0.5252270102500916
ft_tkt_0006994,ft_sal_003698,ft_evt_0058,CORTESÍA,0.3910763515334876,0.4625673133871063,0.5140613441786744,0.5252270102500916
ft_tkt_0006995,ft_sal_003699,ft_evt_0058,CORTESÍA,0.3910763515334876,0.43547375693201223,0.5022822027981675,0.4882911145687103
ft_tkt_0006996,ft_sal_003700,ft_evt_0058,CORTESÍA,0.3910763515334876,0.4414488858594261,0.5083833119627944,0.4891151189804077
ft_tkt_0006997,ft_sal_003701,ft_evt_0058,CORTESÍA,0.3910763515334876,0.40225183126108677,0.45361872901821604,0.44386568665504456
ft_tkt_0006998,ft_sal_003701,ft_evt_0058,CORTESÍA,0.3910763515334876,0.40225183126108677,0.45361872901821604,0.44386568665504456
ft_tkt_0006999,ft_sal_003702,ft_evt_0058,CORTESÍA,0.3910763515334876,0.46419971448397246,0.49751020189725337,0.5147061944007874
ft_tkt_0007000,ft_sal_003702,ft_evt_0058,CORTESÍA,0.3910763515334876,0.46419971448397246,0.49751020189725337,0.5147061944007874
ft_tkt_0007001,ft_sal_003702,ft_evt_0058,CORTESÍA,0.3910763515334876,0.46419971448397246,0.49751020189725337,0.5147061944007874
ft_tkt_0007002,ft_sal_003703,ft_evt_0058,CORTESÍA,0.3910763515334876,0.47594485563566113,0.501692842371011,0.4784064292907715
ft_tkt_0007003,ft_sal_003703,ft_evt_0058,CORTESÍA,0.3910763515334876,0.47594485563566113,0.501692842371011,0.4784064292907715
ft_tkt_0007004,ft_sal_003703,ft_evt_0058,CORTESÍA,0.3910763515334876,0.47594485563566113,0.501692842371011,0.4784064292907715
ft_tkt_0007005,ft_sal_003703,ft_evt_0058,CORTESÍA,0.3910763515334876,0.47594485563566113,0.501692842371011,0.4784064292907715
ft_tkt_0007006,ft_sal_003704,ft_evt_0058,CORTESÍA,0.3910763515334876,0.32535019449967906,0.40245446696335097,0.31390252709388733
ft_tkt_0007007,ft_sal_003705,ft_evt_0058,CORTESÍA,0.3910763515334876,0.4306454699348392,0.5022822027981675,0.5166738033294678
ft_tkt_0007008,ft_sal_003706,ft_evt_0058,CORTESÍA,0.3910763515334876,0.408024211192412,0.3961907421209771,0.31388115882873535
ft_tkt_0007009,ft_sal_003707,ft_evt_0058,CORTESÍA,0.3910763515334876,0.6010142876532645,0.473634461448151,0.3707520365715027
ft_tkt_0007010,ft_sal_003708,ft_evt_0058,CORTESÍA,0.3910763515334876,0.4232836897708006,0.4398302772581018,0.4505573809146881
ft_tkt_0007011,ft_sal_003708,ft_evt_0058,CORTESÍA,0.3910763515334876,0.4232836897708006,0.4398302772581018,0.4505573809146881
ft_tkt_0007012,ft_sal_003709,ft_evt_0058,CORTESÍA,0.3910763515334876,0.4117080870890406,0.4595210776562608,0.38017547130584717
ft_tkt_0007013,ft_sal_003709,ft_evt_0058,CORTESÍA,0.3910763515334876,0.4117080870890406,0.4595210776562608,0.38017547130584717
ft_tkt_0007014,ft_sal_003710,ft_evt_0058,CORTESÍA,0.3910763515334876,0.5994607140001991,0.5423745629019664,0.6095120310783386
ft_tkt_0007015,ft_sal_003710,ft_evt_0058,CORTESÍA,0.3910763515334876,0.5994607140001991,0.5423745629019664,0.6095120310783386
ft_tkt_0007016,ft_sal_003711,ft_evt_0058,CORTESÍA,0.3910763515334876,0.36681536073308196,0.38065973911974255,0.2985624074935913
ft_tkt_0007017,ft_sal_003711,ft_evt_0058,CORTESÍA,0.3910763515334876,0.36681536073308196,0.38065973911974255,0.2985624074935913
ft_tkt_0007018,ft_sal_003712,ft_evt_0058,CORTESÍA,0.3910763515334876,0.42838988572541764,0.4972013126699108,0.49164360761642456
ft_tkt_0007019,ft_sal_003713,ft_evt_0058,CORTESÍA,0.3910763515334876,0.4695434539811802,0.50037623704599,0.5182400941848755
ft_tkt_0007020,ft_sal_003713,ft_evt_0058,CORTESÍA,0.3910763515334876,0.4695434539811802,0.50037623704599,0.5182400941848755
ft_tkt_0007021,ft_sal_003714,ft_evt_0058,CORTESÍA,0.3910763515334876,0.4680846778080039,0.50037623704599,0.5182400941848755
ft_tkt_0007022,ft_sal_003714,ft_evt_0058,CORTESÍA,0.3910763515334876,0.4680846778080039,0.50037623704599,0.5182400941848755
ft_tkt_0007023,ft_sal_003715,ft_evt_0058,CORTESÍA,0.3910763515334876,0.29447897972456083,0.3870953502916147,0.2685912847518921
ft_tkt_0007024,ft_sal_003715,ft_evt_0058,CORTESÍA,0.3910763515334876,0.29447897972456083,0.3870953502916147,0.2685912847518921
ft_tkt_0007025,ft_sal_003715,ft_evt_0058,CORTESÍA,0.3910763515334876,0.29447897972456083,0.3870953502916147,0.2685912847518921
ft_tkt_0007026,ft_sal_003715,ft_evt_0058,CORTESÍA,0.3910763515334876,0.29447897972456083,0.3870953502916147,0.2685912847518921
ft_tkt_0007027,ft_sal_003716,ft_evt_0058,CORTESÍA,0.3910763515334876,0.43928342501592643,0.5021003848290571,0.48930490016937256
ft_tkt_0007028,ft_sal_003717,ft_evt_0058,CORTESÍA,0.3910763515334876,0.41872763916448635,0.45040989141784366,0.4672270119190216
ft_tkt_0007029,ft_sal_003717,ft_evt_0058,CORTESÍA,0.3910763515334876,0.41872763916448635,0.45040989141784366,0.4672270119190216
ft_tkt_0007030,ft_sal_003718,ft_evt_0058,CORTESÍA,0.3910763515334876,0.34533649573060893,0.4389895049454657,0.41296204924583435
ft_tkt_0007031,ft_sal_003718,ft_evt_0058,CORTESÍA,0.3910763515334876,0.34533649573060893,0.4389895049454657,0.41296204924583435
ft_tkt_0007032,ft_sal_003718,ft_evt_0058,CORTESÍA,0.3910763515334876,0.34533649573060893,0.4389895049454657,0.41296204924583435
ft_tkt_0007033,ft_sal_003718,ft_evt_0058,CORTESÍA,0.3910763515334876,0.34533649573060893,0.4389895049454657,0.41296204924583435
ft_tkt_0007034,ft_sal_003719,ft_evt_0058,CORTESÍA,0.3910763515334876,0.43691438283281364,0.5022822027981675,0.49580147862434387
ft_tkt_0007035,ft_sal_003720,ft_evt_0058,CORTESÍA,0.3910763515334876,0.30251998851547746,0.41928013416573257,0.35916218161582947
ft_tkt_0007036,ft_sal_003721,ft_evt_0058,CORTESÍA,0.3910763515334876,0.3179169589065872,0.4114295705927697,0.3097875714302063
ft_tkt_0007037,ft_sal_003721,ft_evt_0058,CORTESÍA,0.3910763515334876,0.3179169589065872,0.4114295705927697,0.3097875714302063
ft_tkt_0007038,ft_sal_003721,ft_evt_0058,CORTESÍA,0.3910763515334876,0.3179169589065872,0.4114295705927697,0.3097875714302063
ft_tkt_0007039,ft_sal_003721,ft_evt_0058,CORTESÍA,0.3910763515334876,0.3179169589065872,0.4114295705927697,0.3097875714302063
ft_tkt_0007040,ft_sal_003722,ft_evt_0058,CORTESÍA,0.3910763515334876,0.2459450697853299,0.3892684980076865,0.3127802610397339
ft_tkt_0007041,ft_sal_003723,ft_evt_0058,CORTESÍA,0.3910763515334876,0.5045675613131443,0.4580476386196888,0.46402785181999207
ft_tkt_0007042,ft_sal_003724,ft_evt_0058,CORTESÍA,0.3910763515334876,0.5265806200093895,0.501631939226941,0.4731896221637726
ft_tkt_0007043,ft_sal_003725,ft_evt_0058,CORTESÍA,0.3910763515334876,0.6197688981069132,0.4947797696981639,0.556101381778717
ft_tkt_0007044,ft_sal_003726,ft_evt_0058,CORTESÍA,0.3910763515334876,0.5570241527601199,0.5053841933742779,0.5015297532081604
ft_tkt_0007045,ft_sal_003726,ft_evt_0058,CORTESÍA,0.3910763515334876,0.5570241527601199,0.5053841933742779,0.5015297532081604
ft_tkt_0007046,ft_sal_003726,ft_evt_0058,CORTESÍA,0.3910763515334876,0.5570241527601199,0.5053841933742779,0.5015297532081604
ft_tkt_0007047,ft_sal_003726,ft_evt_0058,CORTESÍA,0.3910763515334876,0.5570241527601199,0.5053841933742779,0.5015297532081604
ft_tkt_0007048,ft_sal_003727,ft_evt_0058,CORTESÍA,0.3910763515334876,0.25771663283989044,0.3208947161483391,0.1928977370262146
ft_tkt_0007049,ft_sal_003728,ft_evt_0058,CORTESÍA,0.3910763515334876,0.43660558698820595,0.5022822027981675,0.49922430515289307
ft_tkt_0007050,ft_sal_003729,ft_evt_0058,CORTESÍA,0.3910763515334876,0.44644065570575975,0.4422198666931898,0.4013335406780243
ft_tkt_0007051,ft_sal_003729,ft_evt_0058,CORTESÍA,0.3910763515334876,0.44644065570575975,0.4422198666931898,0.4013335406780243
ft_tkt_0007052,ft_sal_003729,ft_evt_0058,CORTESÍA,0.3910763515334876,0.44644065570575975,0.4422198666931898,0.4013335406780243
ft_tkt_0007053,ft_sal_003730,ft_evt_0058,CORTESÍA,0.3910763515334876,0.36072672772469483,0.3822927396931111,0.336627334356308
ft_tkt_0007054,ft_sal_003731,ft_evt_0058,CORTESÍA,0.3910763515334876,0.5304231314783828,0.49501798782199186,0.4678209722042084
ft_tkt_0007055,ft_sal_003731,ft_evt_0058,CORTESÍA,0.3910763515334876,0.5304231314783828,0.49501798782199186,0.4678209722042084
ft_tkt_0007056,ft_sal_003732,ft_evt_0058,CORTESÍA,0.3910763515334876,0.5865967855238404,0.5137152296698757,0.5744608640670776
ft_tkt_0007057,ft_sal_003733,ft_evt_0058,CORTESÍA,0.3910763515334876,0.422480077970125,0.4037535449194476,0.27201423048973083
ft_tkt_0007058,ft_sal_003734,ft_evt_0058,CORTESÍA,0.3910763515334876,0.4905697753064004,0.4607222074318942,0.4105316698551178
ft_tkt_0007059,ft_sal_003734,ft_evt_0058,CORTESÍA,0.3910763515334876,0.4905697753064004,0.4607222074318942,0.4105316698551178
ft_tkt_0007060,ft_sal_003734,ft_evt_0058,CORTESÍA,0.3910763515334876,0.4905697753064004,0.4607222074318942,0.4105316698551178
ft_tkt_0007061,ft_sal_003735,ft_evt_0058,CORTESÍA,0.3910763515334876,0.33096163687498087,0.38919235770172206,0.2378663271665573
ft_tkt_0007062,ft_sal_003735,ft_evt_0058,CORTESÍA,0.3910763515334876,0.33096163687498087,0.38919235770172206,0.2378663271665573
ft_tkt_0007063,ft_sal_003736,ft_evt_0058,CORTESÍA,0.3910763515334876,0.2731126834861337,0.35129429937304535,0.2561788260936737
ft_tkt_0007064,ft_sal_003737,ft_evt_0058,CORTESÍA,0.3910763515334876,0.44641164548419987,0.356589942445286,0.2846129536628723
ft_tkt_0007065,ft_sal_003738,ft_evt_0058,CORTESÍA,0.3910763515334876,0.39222152497621293,0.43676369557167766,0.43229392170906067
ft_tkt_0007066,ft_sal_003738,ft_evt_0058,CORTESÍA,0.3910763515334876,0.39222152497621293,0.43676369557167766,0.43229392170906067
ft_tkt_0007067,ft_sal_003739,ft_evt_0058,CORTESÍA,0.3910763515334876,0.3934370834039601,0.4538591490531128,0.41436058282852173
ft_tkt_0007068,ft_sal_003739,ft_evt_0058,CORTESÍA,0.3910763515334876,0.3934370834039601,0.4538591490531128,0.41436058282852173
ft_tkt_0007069,ft_sal_003739,ft_evt_0058,CORTESÍA,0.3910763515334876,0.3934370834039601,0.4538591490531128,0.41436058282852173
ft_tkt_0007070,ft_sal_003740,ft_evt_0058,CORTESÍA,0.3910763515334876,0.4323903991659727,0.5022822027981675,0.5215097069740295
ft_tkt_0007071,ft_sal_003741,ft_evt_0058,CORTESÍA,0.3910763515334876,0.4163660020116446,0.46376190275609014,0.40694737434387207
ft_tkt_0007072,ft_sal_003741,ft_evt_0058,CORTESÍA,0.3910763515334876,0.4163660020116446,0.46376190275609014,0.40694737434387207
ft_tkt_0007073,ft_sal_003742,ft_evt_0014,CORTESÍA,0.3910763515334876,0.219088306302949,0.28205103756884986,0.254263311624527
ft_tkt_0007074,ft_sal_003742,ft_evt_0014,CORTESÍA,0.3910763515334876,0.219088306302949,0.28205103756884986,0.254263311624527
ft_tkt_0007075,ft_sal_003743,ft_evt_0014,CORTESÍA,0.3910763515334876,0.195774514744311,0.31844885255122823,0.2199859917163849
ft_tkt_0007076,ft_sal_003744,ft_evt_0014,GENERAL,0.9361195153053811,0.90081159505554,0.9228263329956384,0.9465949535369873
ft_tkt_0007077,ft_sal_003744,ft_evt_0014,GENERAL,0.9361195153053811,0.90081159505554,0.9228263329956384,0.9465949535369873
ft_tkt_0007078,ft_sal_003745,ft_evt_0014,GENERAL,0.9361195153053811,0.8806696400088114,0.9225265907901955,0.9304291605949402
ft_tkt_0007079,ft_sal_003746,ft_evt_0014,CORTESÍA,0.3910763515334876,0.20153996999263563,0.21169827287894855,0.12298012524843216
ft_tkt_0007080,ft_sal_003747,ft_evt_0014,CORTESÍA,0.3910763515334876,0.26580947034358493,0.3469041247446293,0.3239589333534241
ft_tkt_0007081,ft_sal_003748,ft_evt_0014,CORTESÍA,0.3910763515334876,0.26908852329455857,0.34236263870844125,0.32743439078330994
ft_tkt_0007082,ft_sal_003749,ft_evt_0014,GENERAL,0.9361195153053811,0.8853308154950978,0.9227014693861034,0.9387971758842468
ft_tkt_0007083,ft_sal_003750,ft_evt_0014,CORTESÍA,0.3910763515334876,0.24046557863249665,0.3272152257930572,0.33667412400245667
ft_tkt_0007084,ft_sal_003750,ft_evt_0014,CORTESÍA,0.3910763515334876,0.24046557863249665,0.3272152257930572,0.33667412400245667
ft_tkt_0007085,ft_sal_003750,ft_evt_0014,CORTESÍA,0.3910763515334876,0.24046557863249665,0.3272152257930572,0.33667412400245667
ft_tkt_0007086,ft_sal_003750,ft_evt_0014,CORTESÍA,0.3910763515334876,0.24046557863249665,0.3272152257930572,0.33667412400245667
ft_tkt_0007087,ft_sal_003751,ft_evt_0014,PREFERENCIAL,0.9331061337242351,0.8681939090044859,0.8968071845211102,0.8775191903114319
ft_tkt_0007088,ft_sal_003751,ft_evt_0014,PREFERENCIAL,0.9331061337242351,0.8681939090044859,0.8968071845211102,0.8775191903114319
ft_tkt_0007089,ft_sal_003752,ft_evt_0014,CORTESÍA,0.3910763515334876,0.13915163774591788,0.31014278235685117,0.24107930064201355
ft_tkt_0007090,ft_sal_003753,ft_evt_0014,GENERAL,0.9361195153053811,0.8973267687212962,0.9027579453034542,0.9275521039962769
ft_tkt_0007091,ft_sal_003753,ft_evt_0014,GENERAL,0.9361195153053811,0.8973267687212962,0.9027579453034542,0.9275521039962769
ft_tkt_0007092,ft_sal_003754,ft_evt_0014,CORTESÍA,0.3910763515334876,0.18874346859590763,0.288401130287421,0.2399885356426239
ft_tkt_0007093,ft_sal_003754,ft_evt_0014,CORTESÍA,0.3910763515334876,0.18874346859590763,0.288401130287421,0.2399885356426239
ft_tkt_0007094,ft_sal_003755,ft_evt_0014,CORTESÍA,0.3910763515334876,0.29460881273768297,0.3600110674975326,0.34330177307128906
ft_tkt_0007095,ft_sal_003755,ft_evt_0014,CORTESÍA,0.3910763515334876,0.29460881273768297,0.3600110674975326,0.34330177307128906
ft_tkt_0007096,ft_sal_003755,ft_evt_0014,CORTESÍA,0.3910763515334876,0.29460881273768297,0.3600110674975326,0.34330177307128906
ft_tkt_0007097,ft_sal_003756,ft_evt_0014,CORTESÍA,0.3910763515334876,0.29378409053578725,0.31425665038568623,0.2923164665699005
ft_tkt_0007098,ft_sal_003756,ft_evt_0014,CORTESÍA,0.3910763515334876,0.29378409053578725,0.31425665038568623,0.2923164665699005
ft_tkt_0007099,ft_sal_003757,ft_evt_0014,GENERAL,0.9361195153053811,0.8582808764923074,0.9093199312494881,0.9381080269813538
ft_tkt_0007100,ft_sal_003758,ft_evt_0014,GENERAL,0.9361195153053811,0.9077902951653214,0.9184584747403752,0.9092664122581482
ft_tkt_0007101,ft_sal_003759,ft_evt_0014,GENERAL,0.9361195153053811,0.816636609791956,0.8809144297634468,0.8480992317199707
ft_tkt_0007102,ft_sal_003759,ft_evt_0014,GENERAL,0.9361195153053811,0.816636609791956,0.8809144297634468,0.8480992317199707
ft_tkt_0007103,ft_sal_003759,ft_evt_0014,GENERAL,0.9361195153053811,0.816636609791956,0.8809144297634468,0.8480992317199707
ft_tkt_0007104,ft_sal_003760,ft_evt_0014,GENERAL,0.9361195153053811,0.8738921270433595,0.8907947529844199,0.8989255428314209
ft_tkt_0007105,ft_sal_003760,ft_evt_0014,GENERAL,0.9361195153053811,0.8738921270433595,0.8907947529844199,0.8989255428314209
ft_tkt_0007106,ft_sal_003761,ft_evt_0014,GENERAL,0.9361195153053811,0.8103257277932604,0.9081818717714601,0.9093252420425415
ft_tkt_0007107,ft_sal_003762,ft_evt_0014,GENERAL,0.9361195153053811,0.9024927141553133,0.9164017879897242,0.9140165448188782
ft_tkt_0007108,ft_sal_003762,ft_evt_0014,GENERAL,0.9361195153053811,0.9024927141553133,0.9164017879897242,0.9140165448188782
ft_tkt_0007109,ft_sal_003763,ft_evt_0014,GENERAL,0.9361195153053811,0.8154220715551872,0.8973978599432795,0.8897725343704224
ft_tkt_0007110,ft_sal_003764,ft_evt_0014,CORTESÍA,0.3910763515334876,0.26580947034358493,0.3469041247446293,0.3239589333534241
ft_tkt_0007111,ft_sal_003765,ft_evt_0014,GENERAL,0.9361195153053811,0.8104841425489164,0.8953526036083448,0.9008262157440186
ft_tkt_0007112,ft_sal_003766,ft_evt_0014,GENERAL,0.9361195153053811,0.8915387434432668,0.9160819896175064,0.9160125255584717
ft_tkt_0007113,ft_sal_003767,ft_evt_0014,CORTESÍA,0.3910763515334876,0.334178739000834,0.3661772482570488,0.35309553146362305
ft_tkt_0007114,ft_sal_003768,ft_evt_0014,GENERAL,0.9361195153053811,0.7811424168819586,0.8938031629241099,0.8121569752693176
ft_tkt_0007115,ft_sal_003769,ft_evt_0014,CORTESÍA,0.3910763515334876,0.3210913112179165,0.3931122274618264,0.37317708134651184
ft_tkt_0007116,ft_sal_003770,ft_evt_0014,PREFERENCIAL,0.9331061337242351,0.9147555630973159,0.9179649508129673,0.8848574757575989
ft_tkt_0007117,ft_sal_003771,ft_evt_0014,VIP,0.937698148842865,0.8883309546639633,0.9228803914399474,0.917284369468689
ft_tkt_0007118,ft_sal_003771,ft_evt_0014,VIP,0.937698148842865,0.8883309546639633,0.9228803914399474,0.917284369468689
ft_tkt_0007119,ft_sal_003772,ft_evt_0014,GENERAL,0.9361195153053811,0.8920107537376618,0.9189096995065358,0.9171379804611206
ft_tkt_0007120,ft_sal_003772,ft_evt_0014,GENERAL,0.9361195153053811,0.8920107537376618,0.9189096995065358,0.9171379804611206
ft_tkt_0007121,ft_sal_003773,ft_evt_0014,GENERAL,0.9361195153053811,0.8861802899330987,0.9227014693861034,0.9290551543235779
ft_tkt_0007122,ft_sal_003774,ft_evt_0014,GENERAL,0.9361195153053811,0.7959229829658272,0.8800168700228058,0.8838295936584473
ft_tkt_0007123,ft_sal_003774,ft_evt_0014,GENERAL,0.9361195153053811,0.7959229829658272,0.8800168700228058,0.8838295936584473
ft_tkt_0007124,ft_sal_003774,ft_evt_0014,GENERAL,0.9361195153053811,0.7959229829658272,0.8800168700228058,0.8838295936584473
ft_tkt_0007125,ft_sal_003774,ft_evt_0014,GENERAL,0.9361195153053811,0.7959229829658272,0.8800168700228058,0.8838295936584473
ft_tkt_0007126,ft_sal_003775,ft_evt_0014,PREFERENCIAL,0.9331061337242351,0.907831164124058,0.923919259759674,0.9116465449333191
ft_tkt_0007127,ft_sal_003776,ft_evt_0014,CORTESÍA,0.3910763515334876,0.16370272794865703,0.21307995033898833,0.21937236189842224
ft_tkt_0007128,ft_sal_003776,ft_evt_0014,CORTESÍA,0.3910763515334876,0.16370272794865703,0.21307995033898833,0.21937236189842224
ft_tkt_0007129,ft_sal_003777,ft_evt_0014,GENERAL,0.9361195153053811,0.8247818642873457,0.8371676558095216,0.8608585000038147
ft_tkt_0007130,ft_sal_003778,ft_evt_0014,CORTESÍA,0.3910763515334876,0.17433064475037224,0.3030647183170503,0.2838800251483917
ft_tkt_0007131,ft_sal_003779,ft_evt_0014,GENERAL,0.9361195153053811,0.902316895144243,0.9167732850876299,0.9179632663726807
ft_tkt_0007132,ft_sal_003779,ft_evt_0014,GENERAL,0.9361195153053811,0.902316895144243,0.9167732850876299,0.9179632663726807
ft_tkt_0007133,ft_sal_003779,ft_evt_0014,GENERAL,0.9361195153053811,0.902316895144243,0.9167732850876299,0.9179632663726807
ft_tkt_0007134,ft_sal_003780,ft_evt_0014,CORTESÍA,0.3910763515334876,0.24104576096946304,0.35765550667125745,0.3496427536010742
ft_tkt_0007135,ft_sal_003781,ft_evt_0014,GENERAL,0.9361195153053811,0.8769820260194038,0.8850947014830911,0.8950267434120178
ft_tkt_0007136,ft_sal_003781,ft_evt_0014,GENERAL,0.9361195153053811,0.8769820260194038,0.8850947014830911,0.8950267434120178
ft_tkt_0007137,ft_sal_003781,ft_evt_0014,GENERAL,0.9361195153053811,0.8769820260194038,0.8850947014830911,0.8950267434120178
ft_tkt_0007138,ft_sal_003781,ft_evt_0014,GENERAL,0.9361195153053811,0.8769820260194038,0.8850947014830911,0.8950267434120178
ft_tkt_0007139,ft_sal_003782,ft_evt_0014,VIP,0.937698148842865,0.8852000529587059,0.9229265374290782,0.9030678272247314
ft_tkt_0007140,ft_sal_003783,ft_evt_0014,CORTESÍA,0.3910763515334876,0.26810212816920803,0.3469041247446293,0.3252565562725067
ft_tkt_0007141,ft_sal_003784,ft_evt_0014,GENERAL,0.9361195153053811,0.9249876085530473,0.9206816265272462,0.9141556024551392
ft_tkt_0007142,ft_sal_003784,ft_evt_0014,GENERAL,0.9361195153053811,0.9249876085530473,0.9206816265272462,0.9141556024551392
ft_tkt_0007143,ft_sal_003785,ft_evt_0014,CORTESÍA,0.3910763515334876,0.20704647715516372,0.27406194296862707,0.19713284075260162
ft_tkt_0007144,ft_sal_003785,ft_evt_0014,CORTESÍA,0.3910763515334876,0.20704647715516372,0.27406194296862707,0.19713284075260162
ft_tkt_0007145,ft_sal_003785,ft_evt_0014,CORTESÍA,0.3910763515334876,0.20704647715516372,0.27406194296862707,0.19713284075260162
ft_tkt_0007146,ft_sal_003786,ft_evt_0014,GENERAL,0.9361195153053811,0.8853746850474872,0.9197291173519568,0.9256349802017212
ft_tkt_0007147,ft_sal_003787,ft_evt_0014,CORTESÍA,0.3910763515334876,0.2998800957437815,0.35971451547842564,0.3505461812019348
ft_tkt_0007148,ft_sal_003787,ft_evt_0014,CORTESÍA,0.3910763515334876,0.2998800957437815,0.35971451547842564,0.3505461812019348
ft_tkt_0007149,ft_sal_003788,ft_evt_0014,GENERAL,0.9361195153053811,0.8774404319114807,0.9180763706376234,0.9183211922645569
ft_tkt_0007150,ft_sal_003789,ft_evt_0014,GENERAL,0.9361195153053811,0.849340401116671,0.9127483148854556,0.9082623720169067
ft_tkt_0007151,ft_sal_003790,ft_evt_0014,GENERAL,0.9361195153053811,0.8394450929228214,0.9030823727164492,0.8821531534194946
ft_tkt_0007152,ft_sal_003790,ft_evt_0014,GENERAL,0.9361195153053811,0.8394450929228214,0.9030823727164492,0.8821531534194946
ft_tkt_0007153,ft_sal_003791,ft_evt_0014,VIP,0.937698148842865,0.8446214720569267,0.9020531497052621,0.8824836611747742
ft_tkt_0007154,ft_sal_003791,ft_evt_0014,VIP,0.937698148842865,0.8446214720569267,0.9020531497052621,0.8824836611747742
ft_tkt_0007155,ft_sal_003791,ft_evt_0014,VIP,0.937698148842865,0.8446214720569265,0.9020531497052621,0.8824836611747742
ft_tkt_0007156,ft_sal_003792,ft_evt_0014,GENERAL,0.9361195153053811,0.80787552250012,0.8847092897353532,0.8570032119750977
ft_tkt_0007157,ft_sal_003793,ft_evt_0014,GENERAL,0.9361195153053811,0.9236147492307084,0.9206061335667048,0.9126116037368774
ft_tkt_0007158,ft_sal_003793,ft_evt_0014,GENERAL,0.9361195153053811,0.9236147492307084,0.9206061335667048,0.9126116037368774
ft_tkt_0007159,ft_sal_003794,ft_evt_0014,GENERAL,0.9361195153053811,0.8697662011924251,0.8958225759928492,0.9138615131378174
ft_tkt_0007160,ft_sal_003794,ft_evt_0014,GENERAL,0.9361195153053811,0.8697662011924251,0.8958225759928492,0.9138615131378174
ft_tkt_0007161,ft_sal_003795,ft_evt_0014,CORTESÍA,0.3910763515334876,0.26296129602832513,0.36291508599324385,0.33932623267173767
ft_tkt_0007162,ft_sal_003796,ft_evt_0014,PREFERENCIAL,0.9331061337242351,0.8662349454548759,0.9170289111174071,0.9045634865760803
ft_tkt_0007163,ft_sal_003797,ft_evt_0014,CORTESÍA,0.3910763515334876,0.2554892919241379,0.3917008097360842,0.3841315507888794
ft_tkt_0007164,ft_sal_003798,ft_evt_0014,CORTESÍA,0.3910763515334876,0.2182556650030218,0.29483940422982013,0.21919214725494385
ft_tkt_0007165,ft_sal_003798,ft_evt_0014,CORTESÍA,0.3910763515334876,0.2182556650030218,0.29483940422982013,0.21919214725494385
ft_tkt_0007166,ft_sal_003798,ft_evt_0014,CORTESÍA,0.3910763515334876,0.2182556650030218,0.29483940422982013,0.21919214725494385
ft_tkt_0007167,ft_sal_003799,ft_evt_0014,GENERAL,0.9361195153053811,0.8360108042874697,0.8888247201602593,0.8287368416786194
ft_tkt_0007168,ft_sal_003799,ft_evt_0014,GENERAL,0.9361195153053811,0.8360108042874697,0.8888247201602593,0.8287368416786194
ft_tkt_0007169,ft_sal_003799,ft_evt_0014,GENERAL,0.9361195153053811,0.8360108042874697,0.8888247201602593,0.8287368416786194
ft_tkt_0007170,ft_sal_003800,ft_evt_0014,CORTESÍA,0.3910763515334876,0.32824702398923816,0.395050920893461,0.36649638414382935
ft_tkt_0007171,ft_sal_003801,ft_evt_0014,PREFERENCIAL,0.9331061337242351,0.8809679273370109,0.9169015228772074,0.884311854839325
ft_tkt_0007172,ft_sal_003802,ft_evt_0014,CORTESÍA,0.3910763515334876,0.26483074001324336,0.3469041247446293,0.3346613645553589
ft_tkt_0007173,ft_sal_003803,ft_evt_0014,CORTESÍA,0.3910763515334876,0.16670716927660345,0.2513715073466313,0.22679342329502106
ft_tkt_0007174,ft_sal_003803,ft_evt_0014,CORTESÍA,0.3910763515334876,0.16670716927660345,0.2513715073466313,0.22679342329502106
ft_tkt_0007175,ft_sal_003804,ft_evt_0014,CORTESÍA,0.3910763515334876,0.3823670946114566,0.3426907314869462,0.31804928183555603
ft_tkt_0007176,ft_sal_003804,ft_evt_0014,CORTESÍA,0.3910763515334876,0.3823670946114566,0.3426907314869462,0.31804928183555603
ft_tkt_0007177,ft_sal_003804,ft_evt_0014,CORTESÍA,0.3910763515334876,0.3823670946114566,0.3426907314869462,0.31804928183555603
ft_tkt_0007178,ft_sal_003805,ft_evt_0014,CORTESÍA,0.3910763515334876,0.27623903351376405,0.38289395276855726,0.39986035227775574
ft_tkt_0007179,ft_sal_003805,ft_evt_0014,CORTESÍA,0.3910763515334876,0.27623903351376405,0.38289395276855726,0.39986035227775574
ft_tkt_0007180,ft_sal_003805,ft_evt_0014,CORTESÍA,0.3910763515334876,0.27623903351376405,0.38289395276855726,0.39986035227775574
ft_tkt_0007181,ft_sal_003805,ft_evt_0014,CORTESÍA,0.3910763515334876,0.27623903351376405,0.38289395276855726,0.39986035227775574
ft_tkt_0007182,ft_sal_003806,ft_evt_0014,PREFERENCIAL,0.9331061337242351,0.8709809737912813,0.8804829278955567,0.8288741707801819
ft_tkt_0007183,ft_sal_003807,ft_evt_0014,CORTESÍA,0.3910763515334876,0.21621204214102208,0.2645030669099785,0.2040390819311142
ft_tkt_0007184,ft_sal_003807,ft_evt_0014,CORTESÍA,0.3910763515334876,0.21621204214102208,0.2645030669099785,0.2040390819311142
ft_tkt_0007185,ft_sal_003808,ft_evt_0014,CORTESÍA,0.3910763515334876,0.253821499679291,0.3917008097360842,0.4557604193687439
ft_tkt_0007186,ft_sal_003809,ft_evt_0014,VIP,0.937698148842865,0.8819277400681059,0.9059292691305405,0.8940185308456421
ft_tkt_0007187,ft_sal_003809,ft_evt_0014,VIP,0.937698148842865,0.8819277400681059,0.9059292691305405,0.8940185308456421
ft_tkt_0007188,ft_sal_003810,ft_evt_0014,CORTESÍA,0.3910763515334876,0.28898854411347064,0.3802673285679976,0.3970291316509247
ft_tkt_0007189,ft_sal_003810,ft_evt_0014,CORTESÍA,0.3910763515334876,0.28898854411347064,0.3802673285679976,0.3970291316509247
ft_tkt_0007190,ft_sal_003810,ft_evt_0014,CORTESÍA,0.3910763515334876,0.28898854411347064,0.3802673285679976,0.3970291316509247
ft_tkt_0007191,ft_sal_003811,ft_evt_0014,VIP,0.937698148842865,0.8806302052047011,0.9098177687445801,0.8611822128295898
ft_tkt_0007192,ft_sal_003812,ft_evt_0014,VIP,0.937698148842865,0.7988740720001688,0.9041694818412692,0.8656004071235657
ft_tkt_0007193,ft_sal_003813,ft_evt_0032,PREFERENCIAL,0.9331061337242351,0.9331050397858915,0.9296584013076493,0.9412591457366943
ft_tkt_0007194,ft_sal_003813,ft_evt_0032,PREFERENCIAL,0.9331061337242351,0.9331050397858915,0.9296584013076493,0.9412591457366943
ft_tkt_0007195,ft_sal_003814,ft_evt_0032,PREFERENCIAL,0.9331061337242351,0.9525574720462022,0.9238764981306915,0.9442678093910217
ft_tkt_0007196,ft_sal_003814,ft_evt_0032,PREFERENCIAL,0.9331061337242351,0.9525574720462022,0.9238764981306915,0.9442678093910217
ft_tkt_0007197,ft_sal_003815,ft_evt_0032,CORTESÍA,0.3910763515334876,0.35967879135242325,0.4043487773312027,0.3575893044471741
ft_tkt_0007198,ft_sal_003815,ft_evt_0032,CORTESÍA,0.3910763515334876,0.35967879135242325,0.4043487773312027,0.3575893044471741
ft_tkt_0007199,ft_sal_003815,ft_evt_0032,CORTESÍA,0.3910763515334876,0.35967879135242325,0.4043487773312027,0.3575893044471741
ft_tkt_0007200,ft_sal_003816,ft_evt_0032,GENERAL,0.9361195153053811,0.9601371969660849,0.9431716334179752,0.9515089988708496
ft_tkt_0007201,ft_sal_003816,ft_evt_0032,GENERAL,0.9361195153053811,0.9601371969660849,0.9431716334179752,0.9515089988708496
ft_tkt_0007202,ft_sal_003817,ft_evt_0032,PREFERENCIAL,0.9331061337242351,0.9660595408006737,0.9414288647172839,0.9429866075515747
ft_tkt_0007203,ft_sal_003818,ft_evt_0032,GENERAL,0.9361195153053811,0.9573876947442622,0.9399169797354429,0.9419708251953125
ft_tkt_0007204,ft_sal_003818,ft_evt_0032,GENERAL,0.9361195153053811,0.9573876947442622,0.9399169797354429,0.9419708251953125
ft_tkt_0007205,ft_sal_003819,ft_evt_0032,GENERAL,0.9361195153053811,0.937755315683936,0.9327674692174291,0.9520835280418396
ft_tkt_0007206,ft_sal_003820,ft_evt_0032,GENERAL,0.9361195153053811,0.9332815396043681,0.9244128554588016,0.8943942785263062
ft_tkt_0007207,ft_sal_003820,ft_evt_0032,GENERAL,0.9361195153053811,0.9332815396043681,0.9244128554588016,0.8943942785263062
ft_tkt_0007208,ft_sal_003820,ft_evt_0032,GENERAL,0.9361195153053811,0.9332815396043681,0.9244128554588016,0.8943942785263062
ft_tkt_0007209,ft_sal_003820,ft_evt_0032,GENERAL,0.9361195153053811,0.9332815396043681,0.9244128554588016,0.8943942785263062
ft_tkt_0007210,ft_sal_003820,ft_evt_0032,GENERAL,0.9361195153053811,0.9332815396043681,0.9244128554588016,0.8943942785263062
ft_tkt_0007211,ft_sal_003820,ft_evt_0032,GENERAL,0.9361195153053811,0.9332815396043681,0.9244128554588016,0.8943942785263062
ft_tkt_0007212,ft_sal_003821,ft_evt_0032,CORTESÍA,0.3910763515334876,0.3832200584230791,0.34767654662172076,0.23350583016872406
ft_tkt_0007213,ft_sal_003821,ft_evt_0032,CORTESÍA,0.3910763515334876,0.3832200584230791,0.34767654662172076,0.23350583016872406
ft_tkt_0007214,ft_sal_003821,ft_evt_0032,CORTESÍA,0.3910763515334876,0.3832200584230791,0.34767654662172076,0.23350583016872406
ft_tkt_0007215,ft_sal_003822,ft_evt_0032,GENERAL,0.9361195153053811,0.954357996965602,0.9393479636208517,0.9375911355018616
ft_tkt_0007216,ft_sal_003822,ft_evt_0032,GENERAL,0.9361195153053811,0.954357996965602,0.9393479636208517,0.9375911355018616
ft_tkt_0007217,ft_sal_003822,ft_evt_0032,GENERAL,0.9361195153053811,0.954357996965602,0.9393479636208517,0.9375911355018616
ft_tkt_0007218,ft_sal_003822,ft_evt_0032,GENERAL,0.9361195153053811,0.954357996965602,0.9393479636208517,0.9375911355018616
ft_tkt_0007219,ft_sal_003823,ft_evt_0032,CORTESÍA,0.3910763515334876,0.3914834898525133,0.38359229537388745,0.3406987190246582
ft_tkt_0007220,ft_sal_003823,ft_evt_0032,CORTESÍA,0.3910763515334876,0.3914834898525133,0.38359229537388745,0.3406987190246582
ft_tkt_0007221,ft_sal_003823,ft_evt_0032,CORTESÍA,0.3910763515334876,0.3914834898525133,0.38359229537388745,0.3406987190246582
ft_tkt_0007222,ft_sal_003823,ft_evt_0032,CORTESÍA,0.3910763515334876,0.3914834898525133,0.38359229537388745,0.3406987190246582
ft_tkt_0007223,ft_sal_003824,ft_evt_0032,GENERAL,0.9361195153053811,0.9665740311893308,0.941873038036028,0.9526510834693909
ft_tkt_0007224,ft_sal_003825,ft_evt_0032,CORTESÍA,0.3910763515334876,0.35798594048965854,0.30847878288617797,0.21658870577812195
ft_tkt_0007225,ft_sal_003826,ft_evt_0032,GENERAL,0.9361195153053811,0.9520645807050261,0.9407624862383368,0.9540104269981384
ft_tkt_0007226,ft_sal_003827,ft_evt_0032,CORTESÍA,0.3910763515334876,0.3798107987752129,0.3854532846946359,0.3767029345035553
ft_tkt_0007227,ft_sal_003827,ft_evt_0032,CORTESÍA,0.3910763515334876,0.3798107987752129,0.3854532846946359,0.3767029345035553
ft_tkt_0007228,ft_sal_003827,ft_evt_0032,CORTESÍA,0.3910763515334876,0.3798107987752129,0.3854532846946359,0.3767029345035553
ft_tkt_0007229,ft_sal_003828,ft_evt_0032,GENERAL,0.9361195153053811,0.9279433027007244,0.9262662606022741,0.9124769568443298
ft_tkt_0007230,ft_sal_003829,ft_evt_0032,GENERAL,0.9361195153053811,0.9582331575194495,0.9347337685267733,0.9542005658149719
ft_tkt_0007231,ft_sal_003829,ft_evt_0032,GENERAL,0.9361195153053811,0.9582331575194495,0.9347337685267733,0.9542005658149719
ft_tkt_0007232,ft_sal_003830,ft_evt_0032,PREFERENCIAL,0.9331061337242351,0.9517735836246193,0.9415185558759324,0.9530713558197021
ft_tkt_0007233,ft_sal_003831,ft_evt_0032,CORTESÍA,0.3910763515334876,0.5344455720382953,0.3722763658772186,0.3483044505119324
ft_tkt_0007234,ft_sal_003832,ft_evt_0032,PREFERENCIAL,0.9331061337242351,0.9515631938669193,0.9317709621624531,0.9386869668960571
ft_tkt_0007235,ft_sal_003832,ft_evt_0032,PREFERENCIAL,0.9331061337242351,0.9515631938669193,0.9317709621624531,0.9386869668960571
ft_tkt_0007236,ft_sal_003833,ft_evt_0032,CORTESÍA,0.3910763515334876,0.43494602487975537,0.4332688899173003,0.3743928074836731
ft_tkt_0007237,ft_sal_003834,ft_evt_0032,VIP,0.937698148842865,0.9635418662095538,0.9420349448944231,0.960992157459259
ft_tkt_0007238,ft_sal_003834,ft_evt_0032,VIP,0.937698148842865,0.9635418662095538,0.9420349448944231,0.960992157459259
ft_tkt_0007239,ft_sal_003835,ft_evt_0032,GENERAL,0.9361195153053811,0.9517478166140682,0.9269252498899705,0.9250233769416809
ft_tkt_0007240,ft_sal_003835,ft_evt_0032,GENERAL,0.9361195153053811,0.9517478166140682,0.9269252498899705,0.9250233769416809
ft_tkt_0007241,ft_sal_003836,ft_evt_0032,GENERAL,0.9361195153053811,0.9513570189290537,0.9269735276758547,0.9313890933990479
ft_tkt_0007242,ft_sal_003837,ft_evt_0032,VIP,0.937698148842865,0.9571165595536663,0.9403515749135407,0.9400593042373657
ft_tkt_0007243,ft_sal_003838,ft_evt_0032,GENERAL,0.9361195153053811,0.9547498241049743,0.9446032567846511,0.9580960273742676
ft_tkt_0007244,ft_sal_003839,ft_evt_0032,VIP,0.937698148842865,0.9494474623365111,0.933276074686967,0.9255651235580444
ft_tkt_0007245,ft_sal_003839,ft_evt_0032,VIP,0.937698148842865,0.9494474623365111,0.933276074686967,0.9255651235580444
ft_tkt_0007246,ft_sal_003840,ft_evt_0032,GENERAL,0.9361195153053811,0.9406745797812324,0.9247418203085324,0.9400861859321594
ft_tkt_0007247,ft_sal_003840,ft_evt_0032,GENERAL,0.9361195153053811,0.9406745797812324,0.9247418203085324,0.9400861859321594
ft_tkt_0007248,ft_sal_003841,ft_evt_0032,VIP,0.937698148842865,0.946974283566406,0.9284715660223468,0.9370667934417725
ft_tkt_0007249,ft_sal_003841,ft_evt_0032,VIP,0.937698148842865,0.946974283566406,0.9284715660223468,0.9370667934417725
ft_tkt_0007250,ft_sal_003842,ft_evt_0032,CORTESÍA,0.3910763515334876,0.47708018278960157,0.38952327869363385,0.4155504107475281
ft_tkt_0007251,ft_sal_003842,ft_evt_0032,CORTESÍA,0.3910763515334876,0.47708018278960157,0.38952327869363385,0.4155504107475281
ft_tkt_0007252,ft_sal_003843,ft_evt_0032,GENERAL,0.9361195153053811,0.9504547716822178,0.939919233370004,0.9342081546783447
ft_tkt_0007253,ft_sal_003844,ft_evt_0032,PREFERENCIAL,0.9331061337242351,0.9534828535311983,0.9425723614781881,0.9485613703727722
ft_tkt_0007254,ft_sal_003845,ft_evt_0032,VIP,0.937698148842865,0.9613197937726405,0.9452924620437888,0.9547970294952393
ft_tkt_0007255,ft_sal_003846,ft_evt_0032,GENERAL,0.9361195153053811,0.9566601432887505,0.9406839743141778,0.9558828473091125
ft_tkt_0007256,ft_sal_003846,ft_evt_0032,GENERAL,0.9361195153053811,0.9566601432887505,0.9406839743141778,0.9558828473091125
ft_tkt_0007257,ft_sal_003846,ft_evt_0032,GENERAL,0.9361195153053811,0.9566601432887505,0.9406839743141778,0.9558828473091125
ft_tkt_0007258,ft_sal_003846,ft_evt_0032,GENERAL,0.9361195153053811,0.9566601432887505,0.9406839743141778,0.9558828473091125
ft_tkt_0007259,ft_sal_003847,ft_evt_0032,CORTESÍA,0.3910763515334876,0.3608906410422395,0.3564042630763854,0.30871403217315674
ft_tkt_0007260,ft_sal_003847,ft_evt_0032,CORTESÍA,0.3910763515334876,0.3608906410422395,0.3564042630763854,0.30871403217315674
ft_tkt_0007261,ft_sal_003847,ft_evt_0032,CORTESÍA,0.3910763515334876,0.3608906410422395,0.3564042630763854,0.30871403217315674
ft_tkt_0007262,ft_sal_003848,ft_evt_0032,CORTESÍA,0.3910763515334876,0.5333920522949562,0.46581651165950283,0.5340483784675598
ft_tkt_0007263,ft_sal_003848,ft_evt_0032,CORTESÍA,0.3910763515334876,0.5333920522949562,0.46581651165950283,0.5340483784675598
ft_tkt_0007264,ft_sal_003848,ft_evt_0032,CORTESÍA,0.3910763515334876,0.5333920522949562,0.46581651165950283,0.5340483784675598
ft_tkt_0007265,ft_sal_003849,ft_evt_0032,PREFERENCIAL,0.9331061337242351,0.9533435874563359,0.9423988497580276,0.9475488066673279
ft_tkt_0007266,ft_sal_003850,ft_evt_0032,PREFERENCIAL,0.9331061337242351,0.9689617609353234,0.9386236321849798,0.9468904733657837
ft_tkt_0007267,ft_sal_003850,ft_evt_0032,PREFERENCIAL,0.9331061337242351,0.9689617609353234,0.9386236321849798,0.9468904733657837
ft_tkt_0007268,ft_sal_003851,ft_evt_0032,CORTESÍA,0.3910763515334876,0.30702192664508987,0.32537531637817396,0.2570280432701111
ft_tkt_0007269,ft_sal_003851,ft_evt_0032,CORTESÍA,0.3910763515334876,0.30702192664508987,0.32537531637817396,0.2570280432701111
ft_tkt_0007270,ft_sal_003852,ft_evt_0032,PREFERENCIAL,0.9331061337242351,0.934675319405438,0.932896103574042,0.9335474371910095
ft_tkt_0007271,ft_sal_003852,ft_evt_0032,PREFERENCIAL,0.9331061337242351,0.934675319405438,0.932896103574042,0.9335474371910095
ft_tkt_0007272,ft_sal_003853,ft_evt_0032,CORTESÍA,0.3910763515334876,0.5630738938241733,0.5486504240384088,0.7105281352996826
ft_tkt_0007273,ft_sal_003853,ft_evt_0032,CORTESÍA,0.3910763515334876,0.5630738938241733,0.5486504240384088,0.7105281352996826
ft_tkt_0007274,ft_sal_003854,ft_evt_0032,GENERAL,0.9361195153053811,0.9353972684701766,0.9255066794797014,0.9490973949432373
ft_tkt_0007275,ft_sal_003854,ft_evt_0032,GENERAL,0.9361195153053811,0.9353972684701766,0.9255066794797014,0.9490973949432373
ft_tkt_0007276,ft_sal_003854,ft_evt_0032,GENERAL,0.9361195153053811,0.9353972684701766,0.9255066794797014,0.9490973949432373
ft_tkt_0007277,ft_sal_003855,ft_evt_0032,CORTESÍA,0.3910763515334876,0.5425785184130579,0.4266773834819582,0.45124712586402893
ft_tkt_0007278,ft_sal_003855,ft_evt_0032,CORTESÍA,0.3910763515334876,0.5425785184130579,0.4266773834819582,0.45124712586402893
ft_tkt_0007279,ft_sal_003856,ft_evt_0032,PREFERENCIAL,0.9331061337242351,0.9601846658484785,0.9438329747490124,0.9499093890190125
ft_tkt_0007280,ft_sal_003856,ft_evt_0032,PREFERENCIAL,0.9331061337242351,0.9601846658484785,0.9438329747490124,0.9499093890190125
ft_tkt_0007281,ft_sal_003857,ft_evt_0032,GENERAL,0.9361195153053811,0.9568230660708742,0.9397933993196944,0.9433549046516418
ft_tkt_0007282,ft_sal_003857,ft_evt_0032,GENERAL,0.9361195153053811,0.9568230660708742,0.9397933993196944,0.9433549046516418
ft_tkt_0007283,ft_sal_003858,ft_evt_0032,GENERAL,0.9361195153053811,0.945223762480685,0.9297834915779831,0.9205048680305481
ft_tkt_0007284,ft_sal_003858,ft_evt_0032,GENERAL,0.9361195153053811,0.945223762480685,0.9297834915779831,0.9205048680305481
ft_tkt_0007285,ft_sal_003858,ft_evt_0032,GENERAL,0.9361195153053811,0.945223762480685,0.9297834915779831,0.9205048680305481
ft_tkt_0007286,ft_sal_003859,ft_evt_0032,GENERAL,0.9361195153053811,0.9603192455831318,0.9431716334179752,0.9545082449913025
ft_tkt_0007287,ft_sal_003859,ft_evt_0032,GENERAL,0.9361195153053811,0.9603192455831318,0.9431716334179752,0.9545082449913025
ft_tkt_0007288,ft_sal_003860,ft_evt_0032,PREFERENCIAL,0.9331061337242351,0.9271287306378926,0.9331917352977072,0.9395483732223511
ft_tkt_0007289,ft_sal_003860,ft_evt_0032,PREFERENCIAL,0.9331061337242351,0.9271287306378926,0.9331917352977072,0.9395483732223511
ft_tkt_0007290,ft_sal_003860,ft_evt_0032,PREFERENCIAL,0.9331061337242351,0.9271287306378926,0.9331917352977072,0.9395483732223511
ft_tkt_0007291,ft_sal_003860,ft_evt_0032,PREFERENCIAL,0.9331061337242351,0.9271287306378926,0.9331917352977072,0.9395483732223511
ft_tkt_0007292,ft_sal_003860,ft_evt_0032,PREFERENCIAL,0.9331061337242351,0.9271287306378926,0.9331917352977072,0.9395483732223511
ft_tkt_0007293,ft_sal_003860,ft_evt_0032,PREFERENCIAL,0.9331061337242351,0.9271287306378926,0.9331917352977072,0.9395483732223511
ft_tkt_0007294,ft_sal_003861,ft_evt_0032,CORTESÍA,0.3910763515334876,0.3410958042410192,0.3278294886699444,0.23567990958690643
ft_tkt_0007295,ft_sal_003861,ft_evt_0032,CORTESÍA,0.3910763515334876,0.3410958042410192,0.3278294886699444,0.23567990958690643
ft_tkt_0007296,ft_sal_003862,ft_evt_0032,GENERAL,0.9361195153053811,0.9723529667703429,0.9340527168717899,0.9564634561538696
ft_tkt_0007297,ft_sal_003863,ft_evt_0032,PREFERENCIAL,0.9331061337242351,0.933607804730797,0.9281529727007819,0.9389368295669556
ft_tkt_0007298,ft_sal_003864,ft_evt_0032,VIP,0.937698148842865,0.955451343731392,0.9329560956333424,0.9575352072715759
ft_tkt_0007299,ft_sal_003865,ft_evt_0032,CORTESÍA,0.3910763515334876,0.6410077004167006,0.5481428250799574,0.6130487322807312
ft_tkt_0007300,ft_sal_003866,ft_evt_0032,GENERAL,0.9361195153053811,0.9375175273202954,0.9282023824613497,0.9354143738746643
ft_tkt_0007301,ft_sal_003866,ft_evt_0032,GENERAL,0.9361195153053811,0.9375175273202954,0.9282023824613497,0.9354143738746643
ft_tkt_0007302,ft_sal_003866,ft_evt_0032,GENERAL,0.9361195153053811,0.9375175273202954,0.9282023824613497,0.9354143738746643
ft_tkt_0007303,ft_sal_003867,ft_evt_0032,GENERAL,0.9361195153053811,0.9568569380133646,0.939504246638417,0.9448786377906799
ft_tkt_0007304,ft_sal_003867,ft_evt_0032,GENERAL,0.9361195153053811,0.9568569380133646,0.939504246638417,0.9448786377906799
ft_tkt_0007305,ft_sal_003868,ft_evt_0032,CORTESÍA,0.3910763515334876,0.49051879370930573,0.44576938568986163,0.4393114447593689
ft_tkt_0007306,ft_sal_003868,ft_evt_0032,CORTESÍA,0.3910763515334876,0.49051879370930573,0.44576938568986163,0.4393114447593689
ft_tkt_0007307,ft_sal_003869,ft_evt_0032,GENERAL,0.9361195153053811,0.9466028231139699,0.9224937938096803,0.9327570796012878
ft_tkt_0007308,ft_sal_003869,ft_evt_0032,GENERAL,0.9361195153053811,0.9466028231139699,0.9224937938096803,0.9327570796012878
ft_tkt_0007309,ft_sal_003870,ft_evt_0032,CORTESÍA,0.3910763515334876,0.4181886594637126,0.42456552676407183,0.40585291385650635
ft_tkt_0007310,ft_sal_003870,ft_evt_0032,CORTESÍA,0.3910763515334876,0.4181886594637126,0.42456552676407183,0.40585291385650635
ft_tkt_0007311,ft_sal_003871,ft_evt_0032,CORTESÍA,0.3910763515334876,0.491249514149597,0.4883371210079695,0.605522096157074
ft_tkt_0007312,ft_sal_003871,ft_evt_0032,CORTESÍA,0.3910763515334876,0.491249514149597,0.4883371210079695,0.605522096157074
ft_tkt_0007313,ft_sal_003872,ft_evt_0032,PREFERENCIAL,0.9331061337242351,0.9579549245458256,0.941399535076483,0.9298112988471985
ft_tkt_0007314,ft_sal_003872,ft_evt_0032,PREFERENCIAL,0.9331061337242351,0.9579549245458256,0.941399535076483,0.9298112988471985
ft_tkt_0007315,ft_sal_003873,ft_evt_0032,GENERAL,0.9361195153053811,0.9412984500114767,0.9214984387350866,0.9157150387763977
ft_tkt_0007316,ft_sal_003874,ft_evt_0032,CORTESÍA,0.3910763515334876,0.44112586780841945,0.4431010366924173,0.48157748579978943
ft_tkt_0007317,ft_sal_003875,ft_evt_0032,GENERAL,0.9361195153053811,0.9397690538810604,0.9282489093064854,0.929857075214386
ft_tkt_0007318,ft_sal_003875,ft_evt_0032,GENERAL,0.9361195153053811,0.9397690538810604,0.9282489093064854,0.929857075214386
ft_tkt_0007319,ft_sal_003875,ft_evt_0032,GENERAL,0.9361195153053811,0.9397690538810604,0.9282489093064854,0.929857075214386
ft_tkt_0007320,ft_sal_003875,ft_evt_0032,GENERAL,0.9361195153053811,0.9397690538810604,0.9282489093064854,0.929857075214386
ft_tkt_0007321,ft_sal_003876,ft_evt_0032,GENERAL,0.9361195153053811,0.9519020474992329,0.9398028467686166,0.9406470656394958
ft_tkt_0007322,ft_sal_003877,ft_evt_0032,CORTESÍA,0.3910763515334876,0.49522504272327317,0.4543201909182732,0.4449709355831146
ft_tkt_0007323,ft_sal_003877,ft_evt_0032,CORTESÍA,0.3910763515334876,0.49522504272327317,0.4543201909182732,0.4449709355831146
ft_tkt_0007324,ft_sal_003878,ft_evt_0032,CORTESÍA,0.3910763515334876,0.3676616113836518,0.38213697559521803,0.3405931293964386
ft_tkt_0007325,ft_sal_003878,ft_evt_0032,CORTESÍA,0.3910763515334876,0.3676616113836518,0.38213697559521803,0.3405931293964386
ft_tkt_0007326,ft_sal_003878,ft_evt_0032,CORTESÍA,0.3910763515334876,0.3676616113836518,0.38213697559521803,0.3405931293964386
ft_tkt_0007327,ft_sal_003878,ft_evt_0032,CORTESÍA,0.3910763515334876,0.3676616113836518,0.38213697559521803,0.3405931293964386
ft_tkt_0007328,ft_sal_003878,ft_evt_0032,CORTESÍA,0.3910763515334876,0.3676616113836518,0.38213697559521803,0.3405931293964386
ft_tkt_0007329,ft_sal_003878,ft_evt_0032,CORTESÍA,0.3910763515334876,0.3676616113836518,0.38213697559521803,0.3405931293964386
ft_tkt_0007330,ft_sal_003879,ft_evt_0032,GENERAL,0.9361195153053811,0.9553561025375806,0.9377883411803473,0.9323067665100098
ft_tkt_0007331,ft_sal_003879,ft_evt_0032,GENERAL,0.9361195153053811,0.9553561025375806,0.9377883411803473,0.9323067665100098
ft_tkt_0007332,ft_sal_003880,ft_evt_0032,GENERAL,0.9361195153053811,0.9171025365358062,0.9159078555529454,0.9260890483856201
ft_tkt_0007333,ft_sal_003880,ft_evt_0032,GENERAL,0.9361195153053811,0.9171025365358062,0.9159078555529454,0.9260890483856201
ft_tkt_0007334,ft_sal_003881,ft_evt_0032,CORTESÍA,0.3910763515334876,0.49135536090717474,0.44936736886420814,0.44286173582077026
ft_tkt_0007335,ft_sal_003881,ft_evt_0032,CORTESÍA,0.3910763515334876,0.49135536090717474,0.44936736886420814,0.44286173582077026
ft_tkt_0007336,ft_sal_003882,ft_evt_0032,GENERAL,0.9361195153053811,0.8949334379261934,0.9217689900319019,0.9098399877548218
ft_tkt_0007337,ft_sal_003883,ft_evt_0032,CORTESÍA,0.3910763515334876,0.39013948294415507,0.41252831553677216,0.3309432864189148
ft_tkt_0007338,ft_sal_003883,ft_evt_0032,CORTESÍA,0.3910763515334876,0.39013948294415507,0.41252831553677216,0.3309432864189148
ft_tkt_0007339,ft_sal_003883,ft_evt_0032,CORTESÍA,0.3910763515334876,0.39013948294415507,0.41252831553677216,0.3309432864189148
ft_tkt_0007340,ft_sal_003884,ft_evt_0032,PREFERENCIAL,0.9331061337242351,0.9289575699797554,0.9313930643784574,0.9227695465087891
ft_tkt_0007341,ft_sal_003884,ft_evt_0032,PREFERENCIAL,0.9331061337242351,0.9289575699797554,0.9313930643784574,0.9227695465087891
ft_tkt_0007342,ft_sal_003885,ft_evt_0032,GENERAL,0.9361195153053811,0.9815407932310537,0.9522091467904967,0.9707581996917725
ft_tkt_0007343,ft_sal_003886,ft_evt_0032,GENERAL,0.9361195153053811,0.9369293711277511,0.9276225992587311,0.938010573387146
ft_tkt_0007344,ft_sal_003887,ft_evt_0032,VIP,0.937698148842865,0.9612737950375175,0.9406704449777453,0.9463319182395935
ft_tkt_0007345,ft_sal_003887,ft_evt_0032,VIP,0.937698148842865,0.9612737950375175,0.9406704449777453,0.9463319182395935
ft_tkt_0007346,ft_sal_003888,ft_evt_0032,PREFERENCIAL,0.9331061337242351,0.952290709114684,0.94182664141211,0.9548435211181641
ft_tkt_0007347,ft_sal_003889,ft_evt_0032,GENERAL,0.9361195153053811,0.9309904262549129,0.9344327704221997,0.9448106288909912
ft_tkt_0007348,ft_sal_003890,ft_evt_0032,GENERAL,0.9361195153053811,0.9689643746852863,0.9534390368355691,0.9597956538200378
ft_tkt_0007349,ft_sal_003891,ft_evt_0032,PREFERENCIAL,0.9331061337242351,0.955782552278694,0.9393329847673699,0.9450117945671082
ft_tkt_0007350,ft_sal_003891,ft_evt_0032,PREFERENCIAL,0.9331061337242351,0.955782552278694,0.9393329847673699,0.9450117945671082
ft_tkt_0007351,ft_sal_003892,ft_evt_0032,GENERAL,0.9361195153053811,0.9576150311343968,0.9394841026634856,0.9375743269920349
ft_tkt_0007352,ft_sal_003892,ft_evt_0032,GENERAL,0.9361195153053811,0.9576150311343968,0.9394841026634856,0.9375743269920349
ft_tkt_0007353,ft_sal_003893,ft_evt_0032,GENERAL,0.9361195153053811,0.9589770594667266,0.9422278861939919,0.9472016096115112
ft_tkt_0007354,ft_sal_003893,ft_evt_0032,GENERAL,0.9361195153053811,0.9589770594667266,0.9422278861939919,0.9472016096115112
ft_tkt_0007355,ft_sal_003893,ft_evt_0032,GENERAL,0.9361195153053811,0.9589770594667266,0.9422278861939919,0.9472016096115112
ft_tkt_0007356,ft_sal_003894,ft_evt_0032,CORTESÍA,0.3910763515334876,0.4962849389861094,0.4228844221134022,0.4079737663269043
ft_tkt_0007357,ft_sal_003895,ft_evt_0032,VIP,0.937698148842865,0.928965696527556,0.9272081889420999,0.9214072823524475
ft_tkt_0007358,ft_sal_003896,ft_evt_0032,GENERAL,0.9361195153053811,0.9592980001286054,0.9566079326305236,0.9497584700584412
ft_tkt_0007359,ft_sal_003897,ft_evt_0032,GENERAL,0.9361195153053811,0.94921672341191,0.952620913064973,0.9430230855941772
ft_tkt_0007360,ft_sal_003898,ft_evt_0032,GENERAL,0.9361195153053811,0.9599424772649003,0.9431739540948759,0.95164954662323
ft_tkt_0007361,ft_sal_003898,ft_evt_0032,GENERAL,0.9361195153053811,0.9599424772649003,0.9431739540948759,0.95164954662323
ft_tkt_0007362,ft_sal_003899,ft_evt_0032,PREFERENCIAL,0.9331061337242351,0.9573052366647542,0.9545119579418634,0.9614710211753845
ft_tkt_0007363,ft_sal_003900,ft_evt_0032,GENERAL,0.9361195153053811,0.9609750799713455,0.9491980160189408,0.945202112197876
ft_tkt_0007364,ft_sal_003901,ft_evt_0032,GENERAL,0.9361195153053811,0.9576829115527636,0.9396559243521209,0.9375743269920349
ft_tkt_0007365,ft_sal_003901,ft_evt_0032,GENERAL,0.9361195153053811,0.9576829115527636,0.9396559243521209,0.9375743269920349
ft_tkt_0007366,ft_sal_003902,ft_evt_0032,GENERAL,0.9361195153053811,0.9382933986082346,0.9504533631979687,0.9695806503295898
ft_tkt_0007367,ft_sal_003902,ft_evt_0032,GENERAL,0.9361195153053811,0.9382933986082346,0.9504533631979687,0.9695806503295898
ft_tkt_0007368,ft_sal_003903,ft_evt_0032,PREFERENCIAL,0.9331061337242351,0.9624563312442516,0.9503626643682015,0.9663553237915039
ft_tkt_0007369,ft_sal_003903,ft_evt_0032,PREFERENCIAL,0.9331061337242351,0.9624563312442516,0.9503626643682015,0.9663553237915039
ft_tkt_0007370,ft_sal_003904,ft_evt_0032,PREFERENCIAL,0.9331061337242351,0.9590275646348505,0.9421227455227054,0.9509109258651733
ft_tkt_0007371,ft_sal_003904,ft_evt_0032,PREFERENCIAL,0.9331061337242351,0.9590275646348505,0.9421227455227054,0.9509109258651733
ft_tkt_0007372,ft_sal_003905,ft_evt_0032,CORTESÍA,0.3910763515334876,0.401695157981014,0.4083050647680787,0.3673006594181061
ft_tkt_0007373,ft_sal_003905,ft_evt_0032,CORTESÍA,0.3910763515334876,0.401695157981014,0.4083050647680787,0.3673006594181061
ft_tkt_0007374,ft_sal_003905,ft_evt_0032,CORTESÍA,0.3910763515334876,0.401695157981014,0.4083050647680787,0.3673006594181061
ft_tkt_0007375,ft_sal_003905,ft_evt_0032,CORTESÍA,0.3910763515334876,0.401695157981014,0.4083050647680787,0.3673006594181061
ft_tkt_0007376,ft_sal_003906,ft_evt_0032,GENERAL,0.9361195153053811,0.9517386591552688,0.9417756185049514,0.9416460990905762
ft_tkt_0007377,ft_sal_003907,ft_evt_0032,GENERAL,0.9361195153053811,0.9545184686202851,0.9382852945380602,0.9432792663574219
ft_tkt_0007378,ft_sal_003907,ft_evt_0032,GENERAL,0.9361195153053811,0.9545184686202851,0.9382852945380602,0.9432792663574219
ft_tkt_0007379,ft_sal_003908,ft_evt_0032,PREFERENCIAL,0.9331061337242351,0.9534092831985735,0.9425723614781881,0.9473006725311279
ft_tkt_0007380,ft_sal_003909,ft_evt_0032,GENERAL,0.9361195153053811,0.9688213736837601,0.9288707121217986,0.9561725854873657
ft_tkt_0007381,ft_sal_003909,ft_evt_0032,GENERAL,0.9361195153053811,0.9688213736837601,0.9288707121217986,0.9561725854873657
ft_tkt_0007382,ft_sal_003910,ft_evt_0032,CORTESÍA,0.3910763515334876,0.42216368489871625,0.42534498760746875,0.41344699263572693
ft_tkt_0007383,ft_sal_003910,ft_evt_0032,CORTESÍA,0.3910763515334876,0.42216368489871625,0.42534498760746875,0.41344699263572693
ft_tkt_0007384,ft_sal_003910,ft_evt_0032,CORTESÍA,0.3910763515334876,0.42216368489871625,0.42534498760746875,0.41344699263572693
ft_tkt_0007385,ft_sal_003911,ft_evt_0032,GENERAL,0.9361195153053811,0.96791906212996,0.9446243165328891,0.9582555890083313
ft_tkt_0007386,ft_sal_003912,ft_evt_0032,GENERAL,0.9361195153053811,0.9457533322199273,0.9344027422505505,0.937163233757019
ft_tkt_0007387,ft_sal_003912,ft_evt_0032,GENERAL,0.9361195153053811,0.9457533322199273,0.9344027422505505,0.937163233757019
ft_tkt_0007388,ft_sal_003913,ft_evt_0032,CORTESÍA,0.3910763515334876,0.5716813099042889,0.44198907886043876,0.4654853343963623
ft_tkt_0007389,ft_sal_003913,ft_evt_0032,CORTESÍA,0.3910763515334876,0.5716813099042889,0.44198907886043876,0.4654853343963623
ft_tkt_0007390,ft_sal_003914,ft_evt_0032,GENERAL,0.9361195153053811,0.9533187137074232,0.9428746733200304,0.9546961784362793
ft_tkt_0007391,ft_sal_003915,ft_evt_0032,GENERAL,0.9361195153053811,0.9527488049202939,0.9419617196605392,0.9555965662002563
ft_tkt_0007392,ft_sal_003916,ft_evt_0032,CORTESÍA,0.3910763515334876,0.3923314223055567,0.36894809974910003,0.35356807708740234
ft_tkt_0007393,ft_sal_003916,ft_evt_0032,CORTESÍA,0.3910763515334876,0.3923314223055567,0.36894809974910003,0.35356807708740234
ft_tkt_0007394,ft_sal_003917,ft_evt_0023,CORTESÍA,0.3910763515334876,0.4434795197450456,0.3811709021880294,0.28934744000434875
ft_tkt_0007395,ft_sal_003918,ft_evt_0023,PREFERENCIAL,0.9331061337242351,0.9666071983432971,0.944923159661445,0.9712230563163757
ft_tkt_0007396,ft_sal_003919,ft_evt_0023,VIP,0.937698148842865,0.9785921775687877,0.9462177586744835,0.9747705459594727
ft_tkt_0007397,ft_sal_003919,ft_evt_0023,VIP,0.937698148842865,0.9785921775687877,0.9462177586744835,0.9747705459594727
ft_tkt_0007398,ft_sal_003920,ft_evt_0023,CORTESÍA,0.3910763515334876,0.5516844027004719,0.5414669710566378,0.5789622068405151
ft_tkt_0007399,ft_sal_003920,ft_evt_0023,CORTESÍA,0.3910763515334876,0.5516844027004719,0.5414669710566378,0.5789622068405151
ft_tkt_0007400,ft_sal_003921,ft_evt_0023,GENERAL,0.9361195153053811,0.9623962173466741,0.9382816250902999,0.9715316295623779
ft_tkt_0007401,ft_sal_003922,ft_evt_0023,PREFERENCIAL,0.9331061337242351,0.9734499796981686,0.950722285929229,0.9725349545478821
ft_tkt_0007402,ft_sal_003922,ft_evt_0023,PREFERENCIAL,0.9331061337242351,0.9734499796981686,0.950722285929229,0.9725349545478821
ft_tkt_0007403,ft_sal_003923,ft_evt_0023,PREFERENCIAL,0.9331061337242351,0.9607133416070617,0.9366774004130034,0.9629864692687988
ft_tkt_0007404,ft_sal_003923,ft_evt_0023,PREFERENCIAL,0.9331061337242351,0.9607133416070617,0.9366774004130034,0.9629864692687988
ft_tkt_0007405,ft_sal_003923,ft_evt_0023,PREFERENCIAL,0.9331061337242351,0.9607133416070617,0.9366774004130034,0.9629864692687988
ft_tkt_0007406,ft_sal_003923,ft_evt_0023,PREFERENCIAL,0.9331061337242351,0.9607133416070617,0.9366774004130034,0.9629864692687988
ft_tkt_0007407,ft_sal_003924,ft_evt_0023,GENERAL,0.9361195153053811,0.8918755798235186,0.8961008199409126,0.8893541693687439
ft_tkt_0007408,ft_sal_003924,ft_evt_0023,GENERAL,0.9361195153053811,0.8918755798235186,0.8961008199409126,0.8893541693687439
ft_tkt_0007409,ft_sal_003924,ft_evt_0023,GENERAL,0.9361195153053811,0.8918755798235186,0.8961008199409126,0.8893541693687439
ft_tkt_0007410,ft_sal_003924,ft_evt_0023,GENERAL,0.9361195153053811,0.8918755798235186,0.8961008199409126,0.8893541693687439
ft_tkt_0007411,ft_sal_003925,ft_evt_0023,GENERAL,0.9361195153053811,0.9694666021311319,0.9510064888619063,0.9543991088867188
ft_tkt_0007412,ft_sal_003925,ft_evt_0023,GENERAL,0.9361195153053811,0.9694666021311319,0.9510064888619063,0.9543991088867188
ft_tkt_0007413,ft_sal_003925,ft_evt_0023,GENERAL,0.9361195153053811,0.9694666021311319,0.9510064888619063,0.9543991088867188
ft_tkt_0007414,ft_sal_003925,ft_evt_0023,GENERAL,0.9361195153053811,0.9694666021311319,0.9510064888619063,0.9543991088867188
ft_tkt_0007415,ft_sal_003926,ft_evt_0023,GENERAL,0.9361195153053811,0.9774155491917851,0.9429789094549307,0.9513142108917236
ft_tkt_0007416,ft_sal_003926,ft_evt_0023,GENERAL,0.9361195153053811,0.9774155491917851,0.9429789094549307,0.9513142108917236
ft_tkt_0007417,ft_sal_003927,ft_evt_0023,VIP,0.937698148842865,0.970274010041604,0.9392590793437804,0.9606620073318481
ft_tkt_0007418,ft_sal_003928,ft_evt_0023,CORTESÍA,0.3910763515334876,0.486474681897225,0.41500312695592495,0.5058454275131226
ft_tkt_0007419,ft_sal_003928,ft_evt_0023,CORTESÍA,0.3910763515334876,0.486474681897225,0.41500312695592495,0.5058454275131226
ft_tkt_0007420,ft_sal_003929,ft_evt_0023,GENERAL,0.9361195153053811,0.9835075489895121,0.9628884701814346,0.9776420593261719
ft_tkt_0007421,ft_sal_003930,ft_evt_0023,VIP,0.937698148842865,0.972447277411907,0.9375216089094031,0.9559828639030457
ft_tkt_0007422,ft_sal_003930,ft_evt_0023,VIP,0.937698148842865,0.972447277411907,0.9375216089094031,0.9559828639030457
ft_tkt_0007423,ft_sal_003931,ft_evt_0023,GENERAL,0.9361195153053811,0.9675319870539263,0.9616831232952506,0.9631677865982056
ft_tkt_0007424,ft_sal_003931,ft_evt_0023,GENERAL,0.9361195153053811,0.9675319870539263,0.9616831232952506,0.9631677865982056
ft_tkt_0007425,ft_sal_003931,ft_evt_0023,GENERAL,0.9361195153053811,0.9675319870539263,0.9616831232952506,0.9631677865982056
ft_tkt_0007426,ft_sal_003932,ft_evt_0023,GENERAL,0.9361195153053811,0.9547203391146706,0.9374577941080021,0.9571552276611328
ft_tkt_0007427,ft_sal_003932,ft_evt_0023,GENERAL,0.9361195153053811,0.9547203391146706,0.9374577941080021,0.9571552276611328
ft_tkt_0007428,ft_sal_003932,ft_evt_0023,GENERAL,0.9361195153053811,0.9547203391146706,0.9374577941080021,0.9571552276611328
ft_tkt_0007429,ft_sal_003933,ft_evt_0023,CORTESÍA,0.3910763515334876,0.4903171007497426,0.4198195547323681,0.40539059042930603
ft_tkt_0007430,ft_sal_003933,ft_evt_0023,CORTESÍA,0.3910763515334876,0.4903171007497426,0.4198195547323681,0.40539059042930603
ft_tkt_0007431,ft_sal_003934,ft_evt_0023,GENERAL,0.9361195153053811,0.9694115794469362,0.9347336330504643,0.9219527840614319
ft_tkt_0007432,ft_sal_003935,ft_evt_0023,VIP,0.937698148842865,0.9733213197722308,0.9474925810006413,0.9735723733901978
ft_tkt_0007433,ft_sal_003935,ft_evt_0023,VIP,0.937698148842865,0.9733213197722308,0.9474925810006413,0.9735723733901978
ft_tkt_0007434,ft_sal_003935,ft_evt_0023,VIP,0.937698148842865,0.9733213197722308,0.9474925810006413,0.9735723733901978
ft_tkt_0007435,ft_sal_003935,ft_evt_0023,VIP,0.937698148842865,0.9733213197722308,0.9474925810006413,0.9735723733901978
ft_tkt_0007436,ft_sal_003935,ft_evt_0023,VIP,0.937698148842865,0.9733213197722308,0.9474925810006413,0.9735723733901978
ft_tkt_0007437,ft_sal_003935,ft_evt_0023,VIP,0.937698148842865,0.9733213197722308,0.9474925810006413,0.9735723733901978
ft_tkt_0007438,ft_sal_003936,ft_evt_0023,CORTESÍA,0.3910763515334876,0.37569575085069135,0.39400447317480014,0.4435262084007263
ft_tkt_0007439,ft_sal_003936,ft_evt_0023,CORTESÍA,0.3910763515334876,0.37569575085069135,0.39400447317480014,0.4435262084007263
ft_tkt_0007440,ft_sal_003937,ft_evt_0023,PREFERENCIAL,0.9331061337242351,0.9694993838274298,0.9448766341440472,0.9686149954795837
ft_tkt_0007441,ft_sal_003937,ft_evt_0023,PREFERENCIAL,0.9331061337242351,0.9694993838274298,0.9448766341440472,0.9686149954795837
ft_tkt_0007442,ft_sal_003937,ft_evt_0023,PREFERENCIAL,0.9331061337242351,0.9694993838274298,0.9448766341440472,0.9686149954795837
ft_tkt_0007443,ft_sal_003938,ft_evt_0023,VIP,0.937698148842865,0.9716429528500674,0.9364082356237852,0.961725115776062
ft_tkt_0007444,ft_sal_003938,ft_evt_0023,VIP,0.937698148842865,0.9716429528500674,0.9364082356237852,0.961725115776062
ft_tkt_0007445,ft_sal_003939,ft_evt_0023,CORTESÍA,0.3910763515334876,0.41258184189291425,0.3982319471259666,0.41149836778640747
ft_tkt_0007446,ft_sal_003940,ft_evt_0023,VIP,0.937698148842865,0.9702796085477325,0.9347148228809683,0.9476155042648315
ft_tkt_0007447,ft_sal_003941,ft_evt_0023,GENERAL,0.9361195153053811,0.956664456745216,0.9347353684265767,0.9485293030738831
ft_tkt_0007448,ft_sal_003941,ft_evt_0023,GENERAL,0.9361195153053811,0.956664456745216,0.9347353684265767,0.9485293030738831
ft_tkt_0007449,ft_sal_003941,ft_evt_0023,GENERAL,0.9361195153053811,0.956664456745216,0.9347353684265767,0.9485293030738831
ft_tkt_0007450,ft_sal_003942,ft_evt_0023,GENERAL,0.9361195153053811,0.9483934220281274,0.9339783983922567,0.9369003772735596
ft_tkt_0007451,ft_sal_003942,ft_evt_0023,GENERAL,0.9361195153053811,0.9483934220281274,0.9339783983922567,0.9369003772735596
ft_tkt_0007452,ft_sal_003942,ft_evt_0023,GENERAL,0.9361195153053811,0.9483934220281274,0.9339783983922567,0.9369003772735596
ft_tkt_0007453,ft_sal_003942,ft_evt_0023,GENERAL,0.9361195153053811,0.9483934220281274,0.9339783983922567,0.9369003772735596
ft_tkt_0007454,ft_sal_003942,ft_evt_0023,GENERAL,0.9361195153053811,0.9483934220281274,0.9339783983922567,0.9369003772735596
ft_tkt_0007455,ft_sal_003942,ft_evt_0023,GENERAL,0.9361195153053811,0.9483934220281274,0.9339783983922567,0.9369003772735596
ft_tkt_0007456,ft_sal_003943,ft_evt_0023,GENERAL,0.9361195153053811,0.9612161698015357,0.9424089816135002,0.9501249194145203
ft_tkt_0007457,ft_sal_003944,ft_evt_0023,VIP,0.937698148842865,0.9605069098772288,0.9429947984135406,0.9669023752212524
ft_tkt_0007458,ft_sal_003944,ft_evt_0023,VIP,0.937698148842865,0.9605069098772288,0.9429947984135406,0.9669023752212524
ft_tkt_0007459,ft_sal_003944,ft_evt_0023,VIP,0.937698148842865,0.9605069098772288,0.9429947984135406,0.9669023752212524
ft_tkt_0007460,ft_sal_003944,ft_evt_0023,VIP,0.937698148842865,0.9605069098772288,0.9429947984135406,0.9669023752212524
ft_tkt_0007461,ft_sal_003944,ft_evt_0023,VIP,0.937698148842865,0.9605069098772288,0.9429947984135406,0.9669023752212524
ft_tkt_0007462,ft_sal_003944,ft_evt_0023,VIP,0.937698148842865,0.9605069098772288,0.9429947984135406,0.9669023752212524
ft_tkt_0007463,ft_sal_003945,ft_evt_0023,GENERAL,0.9361195153053811,0.9468433110220317,0.9263972009214767,0.9330582618713379
ft_tkt_0007464,ft_sal_003945,ft_evt_0023,GENERAL,0.9361195153053811,0.9468433110220317,0.9263972009214767,0.9330582618713379
ft_tkt_0007465,ft_sal_003946,ft_evt_0023,GENERAL,0.9361195153053811,0.9634497843197538,0.9464391485350291,0.9443736672401428
ft_tkt_0007466,ft_sal_003946,ft_evt_0023,GENERAL,0.9361195153053811,0.9634497843197538,0.9464391485350291,0.9443736672401428
ft_tkt_0007467,ft_sal_003946,ft_evt_0023,GENERAL,0.9361195153053811,0.9634497843197538,0.9464391485350291,0.9443736672401428
ft_tkt_0007468,ft_sal_003946,ft_evt_0023,GENERAL,0.9361195153053811,0.9634497843197538,0.9464391485350291,0.9443736672401428
ft_tkt_0007469,ft_sal_003947,ft_evt_0023,GENERAL,0.9361195153053811,0.9490060191166434,0.9330296802969991,0.9348413348197937
ft_tkt_0007470,ft_sal_003947,ft_evt_0023,GENERAL,0.9361195153053811,0.9490060191166434,0.9330296802969991,0.9348413348197937
ft_tkt_0007471,ft_sal_003947,ft_evt_0023,GENERAL,0.9361195153053811,0.9490060191166434,0.9330296802969991,0.9348413348197937
ft_tkt_0007472,ft_sal_003947,ft_evt_0023,GENERAL,0.9361195153053811,0.9490060191166434,0.9330296802969991,0.9348413348197937
ft_tkt_0007473,ft_sal_003947,ft_evt_0023,GENERAL,0.9361195153053811,0.9490060191166434,0.9330296802969991,0.9348413348197937
ft_tkt_0007474,ft_sal_003947,ft_evt_0023,GENERAL,0.9361195153053811,0.9490060191166434,0.9330296802969991,0.9348413348197937
ft_tkt_0007475,ft_sal_003948,ft_evt_0023,PREFERENCIAL,0.9331061337242351,0.9606846612249074,0.9378193721258445,0.9580555558204651
ft_tkt_0007476,ft_sal_003949,ft_evt_0023,GENERAL,0.9361195153053811,0.9369128481814067,0.9395611738809972,0.9578303098678589
ft_tkt_0007477,ft_sal_003950,ft_evt_0023,CORTESÍA,0.3910763515334876,0.5319906971953136,0.4716681240499765,0.5042604804039001
ft_tkt_0007478,ft_sal_003950,ft_evt_0023,CORTESÍA,0.3910763515334876,0.5319906971953136,0.4716681240499765,0.5042604804039001
ft_tkt_0007479,ft_sal_003950,ft_evt_0023,CORTESÍA,0.3910763515334876,0.5319906971953136,0.4716681240499765,0.5042604804039001
ft_tkt_0007480,ft_sal_003950,ft_evt_0023,CORTESÍA,0.3910763515334876,0.5319906971953136,0.4716681240499765,0.5042604804039001
ft_tkt_0007481,ft_sal_003951,ft_evt_0023,GENERAL,0.9361195153053811,0.9599590899505688,0.9357852694277098,0.935621976852417
ft_tkt_0007482,ft_sal_003951,ft_evt_0023,GENERAL,0.9361195153053811,0.9599590899505688,0.9357852694277098,0.935621976852417
ft_tkt_0007483,ft_sal_003952,ft_evt_0023,GENERAL,0.9361195153053811,0.9649216008369532,0.9468067435072921,0.9617750644683838
ft_tkt_0007484,ft_sal_003953,ft_evt_0023,PREFERENCIAL,0.9331061337242351,0.9455688020700427,0.9269139297157893,0.9594375491142273
ft_tkt_0007485,ft_sal_003953,ft_evt_0023,PREFERENCIAL,0.9331061337242351,0.9455688020700427,0.9269139297157893,0.9594375491142273
ft_tkt_0007486,ft_sal_003954,ft_evt_0023,PREFERENCIAL,0.9331061337242351,0.9594079103661457,0.9488993514138391,0.9677222967147827
ft_tkt_0007487,ft_sal_003955,ft_evt_0023,VIP,0.937698148842865,0.9613796495475608,0.9407038291084214,0.9615038633346558
ft_tkt_0007488,ft_sal_003956,ft_evt_0023,GENERAL,0.9361195153053811,0.9877126130291509,0.9608678376205787,0.969315767288208
ft_tkt_0007489,ft_sal_003957,ft_evt_0023,GENERAL,0.9361195153053811,0.9639423250427065,0.944828711602288,0.9493598341941833
ft_tkt_0007490,ft_sal_003958,ft_evt_0023,CORTESÍA,0.3910763515334876,0.4330401021341255,0.33745743247541793,0.2640710771083832
ft_tkt_0007491,ft_sal_003959,ft_evt_0023,GENERAL,0.9361195153053811,0.9433178488605758,0.9334981604600544,0.9317039847373962
ft_tkt_0007492,ft_sal_003959,ft_evt_0023,GENERAL,0.9361195153053811,0.9433178488605758,0.9334981604600544,0.9317039847373962
ft_tkt_0007493,ft_sal_003960,ft_evt_0023,GENERAL,0.9361195153053811,0.9548638601818492,0.9280003642283887,0.8908395171165466
ft_tkt_0007494,ft_sal_003960,ft_evt_0023,GENERAL,0.9361195153053811,0.9548638601818492,0.9280003642283887,0.8908395171165466
ft_tkt_0007495,ft_sal_003961,ft_evt_0023,CORTESÍA,0.3910763515334876,0.5369483933472058,0.4664426685555095,0.5343855023384094
ft_tkt_0007496,ft_sal_003961,ft_evt_0023,CORTESÍA,0.3910763515334876,0.5369483933472058,0.4664426685555095,0.5343855023384094
ft_tkt_0007497,ft_sal_003962,ft_evt_0023,GENERAL,0.9361195153053811,0.977056397489803,0.9401735682260448,0.9525138139724731
ft_tkt_0007498,ft_sal_003962,ft_evt_0023,GENERAL,0.9361195153053811,0.977056397489803,0.9401735682260448,0.9525138139724731
ft_tkt_0007499,ft_sal_003963,ft_evt_0023,GENERAL,0.9361195153053811,0.9772389218959294,0.9434873595795199,0.9501874446868896
ft_tkt_0007500,ft_sal_003963,ft_evt_0023,GENERAL,0.9361195153053811,0.9772389218959294,0.9434873595795199,0.9501874446868896
ft_tkt_0007501,ft_sal_003964,ft_evt_0023,PREFERENCIAL,0.9331061337242351,0.9919967297629334,0.9620812482440285,0.9784957766532898
ft_tkt_0007502,ft_sal_003965,ft_evt_0023,VIP,0.937698148842865,0.9704337248281651,0.9397865705633298,0.9554578065872192
ft_tkt_0007503,ft_sal_003966,ft_evt_0023,VIP,0.937698148842865,0.957970135664602,0.9369296051366586,0.9530070424079895
ft_tkt_0007504,ft_sal_003966,ft_evt_0023,VIP,0.937698148842865,0.957970135664602,0.9369296051366586,0.9530070424079895
ft_tkt_0007505,ft_sal_003966,ft_evt_0023,VIP,0.937698148842865,0.957970135664602,0.9369296051366586,0.9530070424079895
ft_tkt_0007506,ft_sal_003966,ft_evt_0023,VIP,0.937698148842865,0.957970135664602,0.9369296051366586,0.9530070424079895
ft_tkt_0007507,ft_sal_003967,ft_evt_0023,GENERAL,0.9361195153053811,0.9647350231500803,0.9376411407218663,0.9360848069190979
ft_tkt_0007508,ft_sal_003968,ft_evt_0023,CORTESÍA,0.3910763515334876,0.40088230992143636,0.40031427919207374,0.3239579498767853
ft_tkt_0007509,ft_sal_003969,ft_evt_0023,VIP,0.937698148842865,0.9759401313679849,0.9504265790201146,0.9727871417999268
ft_tkt_0007510,ft_sal_003970,ft_evt_0023,VIP,0.937698148842865,0.9638772207376691,0.9474543452952477,0.9715355634689331
ft_tkt_0007511,ft_sal_003971,ft_evt_0023,GENERAL,0.9361195153053811,0.9682532949852267,0.9457137952381276,0.9659347534179688
ft_tkt_0007512,ft_sal_003971,ft_evt_0023,GENERAL,0.9361195153053811,0.9682532949852267,0.9457137952381276,0.9659347534179688
ft_tkt_0007513,ft_sal_003971,ft_evt_0023,GENERAL,0.9361195153053811,0.9682532949852267,0.9457137952381276,0.9659347534179688
ft_tkt_0007514,ft_sal_003972,ft_evt_0023,CORTESÍA,0.3910763515334876,0.4012071297638514,0.39235855494793886,0.39748287200927734
ft_tkt_0007515,ft_sal_003973,ft_evt_0023,CORTESÍA,0.3910763515334876,0.43864075547727127,0.32195244360724135,0.5160599946975708
ft_tkt_0007516,ft_sal_003974,ft_evt_0023,GENERAL,0.9361195153053811,0.9614676096920056,0.9406107609408385,0.9355970621109009
ft_tkt_0007517,ft_sal_003975,ft_evt_0023,VIP,0.937698148842865,0.9681490602895704,0.9591401813560063,0.9821960926055908
ft_tkt_0007518,ft_sal_003975,ft_evt_0023,VIP,0.937698148842865,0.9681490602895704,0.9591401813560063,0.9821960926055908
ft_tkt_0007519,ft_sal_003976,ft_evt_0023,PREFERENCIAL,0.9331061337242351,0.8843274441260067,0.934275335176675,0.9473862648010254
ft_tkt_0007520,ft_sal_003977,ft_evt_0023,GENERAL,0.9361195153053811,0.9456953435211097,0.9579151240092758,0.9723759889602661
ft_tkt_0007521,ft_sal_003977,ft_evt_0023,GENERAL,0.9361195153053811,0.9456953435211097,0.9579151240092758,0.9723759889602661
ft_tkt_0007522,ft_sal_003978,ft_evt_0023,CORTESÍA,0.3910763515334876,0.42217251631075753,0.37386824287566817,0.40102434158325195
ft_tkt_0007523,ft_sal_003978,ft_evt_0023,CORTESÍA,0.3910763515334876,0.42217251631075753,0.37386824287566817,0.40102434158325195
ft_tkt_0007524,ft_sal_003979,ft_evt_0023,VIP,0.937698148842865,0.9703874502694274,0.9514664071580946,0.9733651876449585
ft_tkt_0007525,ft_sal_003980,ft_evt_0023,GENERAL,0.9361195153053811,0.9497238862720172,0.9349718456599564,0.9304988384246826
ft_tkt_0007526,ft_sal_003980,ft_evt_0023,GENERAL,0.9361195153053811,0.9497238862720172,0.9349718456599564,0.9304988384246826
ft_tkt_0007527,ft_sal_003980,ft_evt_0023,GENERAL,0.9361195153053811,0.9497238862720172,0.9349718456599564,0.9304988384246826
ft_tkt_0007528,ft_sal_003980,ft_evt_0023,GENERAL,0.9361195153053811,0.9497238862720172,0.9349718456599564,0.9304988384246826
ft_tkt_0007529,ft_sal_003980,ft_evt_0023,GENERAL,0.9361195153053811,0.9497238862720172,0.9349718456599564,0.9304988384246826
ft_tkt_0007530,ft_sal_003980,ft_evt_0023,GENERAL,0.9361195153053811,0.9497238862720172,0.9349718456599564,0.9304988384246826
ft_tkt_0007531,ft_sal_003981,ft_evt_0023,CORTESÍA,0.3910763515334876,0.4971826370848121,0.4694256590015325,0.5476676821708679
ft_tkt_0007532,ft_sal_003982,ft_evt_0023,PREFERENCIAL,0.9331061337242351,0.9658705593608173,0.9441096166851358,0.9620293378829956
ft_tkt_0007533,ft_sal_003983,ft_evt_0023,CORTESÍA,0.3910763515334876,0.6055807269742308,0.5378775537738315,0.5504779815673828
ft_tkt_0007534,ft_sal_003984,ft_evt_0023,CORTESÍA,0.3910763515334876,0.4520332541978225,0.4141600673421069,0.4508746564388275
ft_tkt_0007535,ft_sal_003984,ft_evt_0023,CORTESÍA,0.3910763515334876,0.4520332541978225,0.4141600673421069,0.4508746564388275
ft_tkt_0007536,ft_sal_003985,ft_evt_0023,GENERAL,0.9361195153053811,0.9622599561232593,0.9319705446326384,0.9304242134094238
ft_tkt_0007537,ft_sal_003985,ft_evt_0023,GENERAL,0.9361195153053811,0.9622599561232593,0.9319705446326384,0.9304242134094238
ft_tkt_0007538,ft_sal_003986,ft_evt_0023,VIP,0.937698148842865,0.9685405236355007,0.9419286026482421,0.9568103551864624
ft_tkt_0007539,ft_sal_003986,ft_evt_0023,VIP,0.937698148842865,0.9685405236355007,0.9419286026482421,0.9568103551864624
ft_tkt_0007540,ft_sal_003987,ft_evt_0023,GENERAL,0.9361195153053811,0.9850464512263923,0.9607582243806594,0.9712346196174622
ft_tkt_0007541,ft_sal_003988,ft_evt_0023,PREFERENCIAL,0.9331061337242351,0.9614554453872785,0.93737664586149,0.9682849645614624
ft_tkt_0007542,ft_sal_003988,ft_evt_0023,PREFERENCIAL,0.9331061337242351,0.9614554453872785,0.93737664586149,0.9682849645614624
ft_tkt_0007543,ft_sal_003988,ft_evt_0023,PREFERENCIAL,0.9331061337242351,0.9614554453872785,0.93737664586149,0.9682849645614624
ft_tkt_0007544,ft_sal_003989,ft_evt_0023,GENERAL,0.9361195153053811,0.9769884221450709,0.9505186402825224,0.975864827632904
ft_tkt_0007545,ft_sal_003989,ft_evt_0023,GENERAL,0.9361195153053811,0.9769884221450709,0.9505186402825224,0.975864827632904
ft_tkt_0007546,ft_sal_003990,ft_evt_0023,GENERAL,0.9361195153053811,0.9831813841168436,0.9432883146614575,0.9704373478889465
ft_tkt_0007547,ft_sal_003991,ft_evt_0023,GENERAL,0.9361195153053811,0.9390370228283675,0.9386788333489506,0.9429572224617004
ft_tkt_0007548,ft_sal_003992,ft_evt_0023,GENERAL,0.9361195153053811,0.9738136268188128,0.9408469693394471,0.9613469839096069
ft_tkt_0007549,ft_sal_003992,ft_evt_0023,GENERAL,0.9361195153053811,0.9738136268188128,0.9408469693394471,0.9613469839096069
ft_tkt_0007550,ft_sal_003993,ft_evt_0023,GENERAL,0.9361195153053811,0.9649466363093706,0.9453204724567529,0.9665685892105103
ft_tkt_0007551,ft_sal_003994,ft_evt_0023,GENERAL,0.9361195153053811,0.9551687874992711,0.9380917399408296,0.939007580280304
ft_tkt_0007552,ft_sal_003994,ft_evt_0023,GENERAL,0.9361195153053811,0.9551687874992711,0.9380917399408296,0.939007580280304
ft_tkt_0007553,ft_sal_003994,ft_evt_0023,GENERAL,0.9361195153053811,0.9551687874992711,0.9380917399408296,0.939007580280304
ft_tkt_0007554,ft_sal_003994,ft_evt_0023,GENERAL,0.9361195153053811,0.9551687874992711,0.9380917399408296,0.939007580280304
ft_tkt_0007555,ft_sal_003995,ft_evt_0023,GENERAL,0.9361195153053811,0.9601723703841231,0.9251741541750454,0.9438528418540955
ft_tkt_0007556,ft_sal_003995,ft_evt_0023,GENERAL,0.9361195153053811,0.9601723703841231,0.9251741541750454,0.9438528418540955
ft_tkt_0007557,ft_sal_003996,ft_evt_0023,PREFERENCIAL,0.9331061337242351,0.964402134330123,0.9599315440855536,0.9802414178848267
ft_tkt_0007558,ft_sal_003996,ft_evt_0023,PREFERENCIAL,0.9331061337242351,0.964402134330123,0.9599315440855536,0.9802414178848267
ft_tkt_0007559,ft_sal_003997,ft_evt_0023,PREFERENCIAL,0.9331061337242351,0.9672467776743676,0.9363642022198347,0.9578840136528015
ft_tkt_0007560,ft_sal_003997,ft_evt_0023,PREFERENCIAL,0.9331061337242351,0.9672467776743676,0.9363642022198347,0.9578840136528015
ft_tkt_0007561,ft_sal_003998,ft_evt_0023,GENERAL,0.9361195153053811,0.9549980890401231,0.9290349387771397,0.9356542229652405
ft_tkt_0007562,ft_sal_003998,ft_evt_0023,GENERAL,0.9361195153053811,0.9549980890401231,0.9290349387771397,0.9356542229652405
ft_tkt_0007563,ft_sal_003999,ft_evt_0023,VIP,0.937698148842865,0.9718752803619713,0.940344053493515,0.9692267179489136
ft_tkt_0007564,ft_sal_003999,ft_evt_0023,VIP,0.937698148842865,0.9718752803619713,0.940344053493515,0.9692267179489136
ft_tkt_0007565,ft_sal_004000,ft_evt_0023,GENERAL,0.9361195153053811,0.9635335407288923,0.9448170150120196,0.966049313545227
ft_tkt_0007566,ft_sal_004001,ft_evt_0023,GENERAL,0.9361195153053811,0.9616832062705725,0.9359309189544264,0.9354574680328369
ft_tkt_0007567,ft_sal_004002,ft_evt_0023,CORTESÍA,0.3910763515334876,0.38538669575732554,0.30163170383393556,0.42854538559913635
ft_tkt_0007568,ft_sal_004003,ft_evt_0023,GENERAL,0.9361195153053811,0.9568722868136239,0.9331982383410335,0.9280611276626587
ft_tkt_0007569,ft_sal_004004,ft_evt_0023,PREFERENCIAL,0.9331061337242351,0.9468057660738874,0.9373065294480678,0.9485986828804016
ft_tkt_0007570,ft_sal_004004,ft_evt_0023,PREFERENCIAL,0.9331061337242351,0.9468057660738874,0.9373065294480678,0.9485986828804016
ft_tkt_0007571,ft_sal_004005,ft_evt_0023,GENERAL,0.9361195153053811,0.9654179717402693,0.9549263358096355,0.9624550342559814
ft_tkt_0007572,ft_sal_004005,ft_evt_0023,GENERAL,0.9361195153053811,0.9654179717402693,0.9549263358096355,0.9624550342559814
ft_tkt_0007573,ft_sal_004006,ft_evt_0023,PREFERENCIAL,0.9331061337242351,0.9702373178301432,0.9487083190556918,0.9713534116744995
ft_tkt_0007574,ft_sal_004006,ft_evt_0023,PREFERENCIAL,0.9331061337242351,0.9702373178301432,0.9487083190556918,0.9713534116744995
ft_tkt_0007575,ft_sal_004006,ft_evt_0023,PREFERENCIAL,0.9331061337242351,0.9702373178301432,0.9487083190556918,0.9713534116744995
ft_tkt_0007576,ft_sal_004006,ft_evt_0023,PREFERENCIAL,0.9331061337242351,0.9702373178301432,0.9487083190556918,0.9713534116744995
ft_tkt_0007577,ft_sal_004007,ft_evt_0023,CORTESÍA,0.3910763515334876,0.5146261528891416,0.4478655374320876,0.48397716879844666
ft_tkt_0007578,ft_sal_004007,ft_evt_0023,CORTESÍA,0.3910763515334876,0.5146261528891416,0.4478655374320876,0.48397716879844666
ft_tkt_0007579,ft_sal_004008,ft_evt_0023,PREFERENCIAL,0.9331061337242351,0.9698114463161607,0.9622439217723809,0.9814785718917847
ft_tkt_0007580,ft_sal_004008,ft_evt_0023,PREFERENCIAL,0.9331061337242351,0.9698114463161607,0.9622439217723809,0.9814785718917847
ft_tkt_0007581,ft_sal_004009,ft_evt_0023,CORTESÍA,0.3910763515334876,0.5411070898304382,0.47010556250772567,0.5476389527320862
ft_tkt_0007582,ft_sal_004009,ft_evt_0023,CORTESÍA,0.3910763515334876,0.5411070898304382,0.47010556250772567,0.5476389527320862
ft_tkt_0007583,ft_sal_004010,ft_evt_0023,CORTESÍA,0.3910763515334876,0.5974818377060603,0.43395837031673146,0.47969165444374084
ft_tkt_0007584,ft_sal_004011,ft_evt_0023,GENERAL,0.9361195153053811,0.9723377803974378,0.9576504262863578,0.9523927569389343
ft_tkt_0007585,ft_sal_004011,ft_evt_0023,GENERAL,0.9361195153053811,0.9723377803974378,0.9576504262863578,0.9523927569389343
ft_tkt_0007586,ft_sal_004012,ft_evt_0056,GENERAL,0.9361195153053811,0.9325876949279317,0.9391339122079317,0.9516742825508118
ft_tkt_0007587,ft_sal_004012,ft_evt_0056,GENERAL,0.9361195153053811,0.9325876949279317,0.9391339122079317,0.9516742825508118
ft_tkt_0007588,ft_sal_004013,ft_evt_0056,GENERAL,0.9361195153053811,0.9175595124358813,0.9288346162876399,0.9376111030578613
ft_tkt_0007589,ft_sal_004014,ft_evt_0056,PREFERENCIAL,0.9331061337242351,0.9377657430501097,0.9457616862085413,0.9536362886428833
ft_tkt_0007590,ft_sal_004015,ft_evt_0056,GENERAL,0.9361195153053811,0.9302981448951203,0.9367270727401683,0.9488483667373657
ft_tkt_0007591,ft_sal_004015,ft_evt_0056,GENERAL,0.9361195153053811,0.9302981448951203,0.9367270727401683,0.9488483667373657
ft_tkt_0007592,ft_sal_004016,ft_evt_0056,PREFERENCIAL,0.9331061337242351,0.807666127788679,0.8697231574205675,0.9316098093986511
ft_tkt_0007593,ft_sal_004016,ft_evt_0056,PREFERENCIAL,0.9331061337242351,0.807666127788679,0.8697231574205675,0.9316098093986511
ft_tkt_0007594,ft_sal_004016,ft_evt_0056,PREFERENCIAL,0.9331061337242351,0.807666127788679,0.8697231574205675,0.9316098093986511
ft_tkt_0007595,ft_sal_004016,ft_evt_0056,PREFERENCIAL,0.9331061337242351,0.807666127788679,0.8697231574205675,0.9316098093986511
ft_tkt_0007596,ft_sal_004016,ft_evt_0056,PREFERENCIAL,0.9331061337242351,0.807666127788679,0.8697231574205675,0.9316098093986511
ft_tkt_0007597,ft_sal_004016,ft_evt_0056,PREFERENCIAL,0.9331061337242351,0.807666127788679,0.8697231574205675,0.9316098093986511
ft_tkt_0007598,ft_sal_004017,ft_evt_0056,VIP,0.937698148842865,0.9161703313795506,0.9189654893367932,0.9476081132888794
ft_tkt_0007599,ft_sal_004017,ft_evt_0056,VIP,0.937698148842865,0.9161703313795506,0.9189654893367932,0.9476081132888794
ft_tkt_0007600,ft_sal_004018,ft_evt_0056,GENERAL,0.9361195153053811,0.9560768960741294,0.953654465738575,0.9450464844703674
ft_tkt_0007601,ft_sal_004018,ft_evt_0056,GENERAL,0.9361195153053811,0.9560768960741294,0.953654465738575,0.9450464844703674
ft_tkt_0007602,ft_sal_004019,ft_evt_0056,GENERAL,0.9361195153053811,0.9326200188964247,0.9373410807978965,0.9412062764167786
ft_tkt_0007603,ft_sal_004019,ft_evt_0056,GENERAL,0.9361195153053811,0.9326200188964247,0.9373410807978965,0.9412062764167786
ft_tkt_0007604,ft_sal_004020,ft_evt_0056,GENERAL,0.9361195153053811,0.9005515515314471,0.9301876205452551,0.9130176305770874
ft_tkt_0007605,ft_sal_004021,ft_evt_0056,GENERAL,0.9361195153053811,0.8769570411553287,0.9143591973807682,0.9061219692230225
ft_tkt_0007606,ft_sal_004021,ft_evt_0056,GENERAL,0.9361195153053811,0.8769570411553287,0.9143591973807682,0.9061219692230225
ft_tkt_0007607,ft_sal_004021,ft_evt_0056,GENERAL,0.9361195153053811,0.8769570411553287,0.9143591973807682,0.9061219692230225
ft_tkt_0007608,ft_sal_004021,ft_evt_0056,GENERAL,0.9361195153053811,0.8769570411553287,0.9143591973807682,0.9061219692230225
ft_tkt_0007609,ft_sal_004022,ft_evt_0056,GENERAL,0.9361195153053811,0.9385526069108276,0.9353630689733091,0.9148222208023071
ft_tkt_0007610,ft_sal_004023,ft_evt_0056,GENERAL,0.9361195153053811,0.9181241123707815,0.9251649155967469,0.9373504519462585
ft_tkt_0007611,ft_sal_004023,ft_evt_0056,GENERAL,0.9361195153053811,0.9181241123707815,0.9251649155967469,0.9373504519462585
ft_tkt_0007612,ft_sal_004024,ft_evt_0056,GENERAL,0.9361195153053811,0.9183728177320473,0.9358827335197397,0.9404503107070923
ft_tkt_0007613,ft_sal_004025,ft_evt_0056,GENERAL,0.9361195153053811,0.892308138857859,0.9264254199986707,0.9457466006278992
ft_tkt_0007614,ft_sal_004025,ft_evt_0056,GENERAL,0.9361195153053811,0.892308138857859,0.9264254199986707,0.9457466006278992
ft_tkt_0007615,ft_sal_004026,ft_evt_0056,GENERAL,0.9361195153053811,0.9423759251247453,0.9286601689670662,0.9133968353271484
ft_tkt_0007616,ft_sal_004027,ft_evt_0056,GENERAL,0.9361195153053811,0.9445921146374036,0.9341302987601797,0.9455493092536926
ft_tkt_0007617,ft_sal_004028,ft_evt_0056,PREFERENCIAL,0.9331061337242351,0.9435630245014587,0.9531159121830465,0.9701762795448303
ft_tkt_0007618,ft_sal_004028,ft_evt_0056,PREFERENCIAL,0.9331061337242351,0.9435630245014587,0.9531159121830465,0.9701762795448303
ft_tkt_0007619,ft_sal_004028,ft_evt_0056,PREFERENCIAL,0.9331061337242351,0.9435630245014587,0.9531159121830465,0.9701762795448303
ft_tkt_0007620,ft_sal_004029,ft_evt_0056,GENERAL,0.9361195153053811,0.8996170541838195,0.9242386146000942,0.9098302125930786
ft_tkt_0007621,ft_sal_004029,ft_evt_0056,GENERAL,0.9361195153053811,0.8996170541838195,0.9242386146000942,0.9098302125930786
ft_tkt_0007622,ft_sal_004029,ft_evt_0056,GENERAL,0.9361195153053811,0.8996170541838195,0.9242386146000942,0.9098302125930786
ft_tkt_0007623,ft_sal_004029,ft_evt_0056,GENERAL,0.9361195153053811,0.8996170541838195,0.9242386146000942,0.9098302125930786
ft_tkt_0007624,ft_sal_004030,ft_evt_0056,PREFERENCIAL,0.9331061337242351,0.8815055478558992,0.9304678298994694,0.9518283605575562
ft_tkt_0007625,ft_sal_004031,ft_evt_0056,GENERAL,0.9361195153053811,0.933238798470878,0.953742840987106,0.9672260880470276
ft_tkt_0007626,ft_sal_004032,ft_evt_0056,PREFERENCIAL,0.9331061337242351,0.9226865831530228,0.9372239313613562,0.9381280541419983
ft_tkt_0007627,ft_sal_004033,ft_evt_0056,PREFERENCIAL,0.9331061337242351,0.9409291137479602,0.9399297429759481,0.9565834999084473
ft_tkt_0007628,ft_sal_004033,ft_evt_0056,PREFERENCIAL,0.9331061337242351,0.9409291137479602,0.9399297429759481,0.9565834999084473
ft_tkt_0007629,ft_sal_004034,ft_evt_0056,GENERAL,0.9361195153053811,0.886985892145397,0.9059694003822586,0.8707895874977112
ft_tkt_0007630,ft_sal_004034,ft_evt_0056,GENERAL,0.9361195153053811,0.886985892145397,0.9059694003822586,0.8707895874977112
ft_tkt_0007631,ft_sal_004034,ft_evt_0056,GENERAL,0.9361195153053811,0.886985892145397,0.9059694003822586,0.8707895874977112
ft_tkt_0007632,ft_sal_004034,ft_evt_0056,GENERAL,0.9361195153053811,0.886985892145397,0.9059694003822586,0.8707895874977112
ft_tkt_0007633,ft_sal_004035,ft_evt_0056,GENERAL,0.9361195153053811,0.8957564354308724,0.9231726171172943,0.9135891199111938
ft_tkt_0007634,ft_sal_004035,ft_evt_0056,GENERAL,0.9361195153053811,0.8957564354308724,0.9231726171172943,0.9135891199111938
ft_tkt_0007635,ft_sal_004036,ft_evt_0056,GENERAL,0.9361195153053811,0.8976398297439678,0.9300771470870954,0.895854115486145
ft_tkt_0007636,ft_sal_004037,ft_evt_0056,PREFERENCIAL,0.9331061337242351,0.9538999433858649,0.9534939805772281,0.966892659664154
ft_tkt_0007637,ft_sal_004038,ft_evt_0056,PREFERENCIAL,0.9331061337242351,0.9169569750422472,0.9286069297909082,0.9579426646232605
ft_tkt_0007638,ft_sal_004038,ft_evt_0056,PREFERENCIAL,0.9331061337242351,0.9169569750422472,0.9286069297909082,0.9579426646232605
ft_tkt_0007639,ft_sal_004038,ft_evt_0056,PREFERENCIAL,0.9331061337242351,0.9169569750422472,0.9286069297909082,0.9579426646232605
ft_tkt_0007640,ft_sal_004039,ft_evt_0056,GENERAL,0.9361195153053811,0.9128204218189763,0.8940514552384012,0.9111953973770142
ft_tkt_0007641,ft_sal_004040,ft_evt_0056,GENERAL,0.9361195153053811,0.9335497931413933,0.9127554384522628,0.8883022665977478
ft_tkt_0007642,ft_sal_004040,ft_evt_0056,GENERAL,0.9361195153053811,0.9335497931413933,0.9127554384522628,0.8883022665977478
ft_tkt_0007643,ft_sal_004040,ft_evt_0056,GENERAL,0.9361195153053811,0.9335497931413933,0.9127554384522628,0.8883022665977478
ft_tkt_0007644,ft_sal_004040,ft_evt_0056,GENERAL,0.9361195153053811,0.9335497931413933,0.9127554384522628,0.8883022665977478
ft_tkt_0007645,ft_sal_004041,ft_evt_0056,GENERAL,0.9361195153053811,0.9441822869868851,0.9385786145195161,0.9385771155357361
ft_tkt_0007646,ft_sal_004042,ft_evt_0056,GENERAL,0.9361195153053811,0.9238945547398042,0.9252070824845475,0.9478139877319336
ft_tkt_0007647,ft_sal_004042,ft_evt_0056,GENERAL,0.9361195153053811,0.9238945547398042,0.9252070824845475,0.9478139877319336
ft_tkt_0007648,ft_sal_004043,ft_evt_0056,VIP,0.937698148842865,0.9332552428266909,0.9275746313046661,0.9252775311470032
ft_tkt_0007649,ft_sal_004044,ft_evt_0056,GENERAL,0.9361195153053811,0.932655584925567,0.9249845714393287,0.9109208583831787
ft_tkt_0007650,ft_sal_004044,ft_evt_0056,GENERAL,0.9361195153053811,0.932655584925567,0.9249845714393287,0.9109208583831787
ft_tkt_0007651,ft_sal_004044,ft_evt_0056,GENERAL,0.9361195153053811,0.932655584925567,0.9249845714393287,0.9109208583831787
ft_tkt_0007652,ft_sal_004044,ft_evt_0056,GENERAL,0.9361195153053811,0.932655584925567,0.9249845714393287,0.9109208583831787
ft_tkt_0007653,ft_sal_004045,ft_evt_0056,PREFERENCIAL,0.9331061337242351,0.960582322861863,0.9307717414516957,0.9407828450202942
ft_tkt_0007654,ft_sal_004045,ft_evt_0056,PREFERENCIAL,0.9331061337242351,0.960582322861863,0.9307717414516957,0.9407828450202942
ft_tkt_0007655,ft_sal_004046,ft_evt_0056,GENERAL,0.9361195153053811,0.9367374520835746,0.9537789210786973,0.9458833336830139
ft_tkt_0007656,ft_sal_004047,ft_evt_0056,GENERAL,0.9361195153053811,0.9009652986205985,0.9331670192824464,0.9166424870491028
ft_tkt_0007657,ft_sal_004048,ft_evt_0056,GENERAL,0.9361195153053811,0.9262345558403025,0.9552586802739464,0.9531644582748413
ft_tkt_0007658,ft_sal_004049,ft_evt_0056,GENERAL,0.9361195153053811,0.912359051402444,0.9467136194288692,0.9533153772354126
ft_tkt_0007659,ft_sal_004049,ft_evt_0056,GENERAL,0.9361195153053811,0.912359051402444,0.9467136194288692,0.9533153772354126
ft_tkt_0007660,ft_sal_004050,ft_evt_0056,GENERAL,0.9361195153053811,0.8309487030494548,0.924434812108224,0.9088336229324341
ft_tkt_0007661,ft_sal_004051,ft_evt_0056,GENERAL,0.9361195153053811,0.931729316967393,0.9131682575319479,0.9449665546417236
ft_tkt_0007662,ft_sal_004051,ft_evt_0056,GENERAL,0.9361195153053811,0.931729316967393,0.9131682575319479,0.9449665546417236
ft_tkt_0007663,ft_sal_004052,ft_evt_0056,GENERAL,0.9361195153053811,0.9146898998285736,0.9368931032204787,0.9118223786354065
ft_tkt_0007664,ft_sal_004053,ft_evt_0056,VIP,0.937698148842865,0.9318084985804792,0.9524449604147007,0.9681421518325806
ft_tkt_0007665,ft_sal_004053,ft_evt_0056,VIP,0.937698148842865,0.9318084985804792,0.9524449604147007,0.9681421518325806
ft_tkt_0007666,ft_sal_004053,ft_evt_0056,VIP,0.937698148842865,0.9318084985804792,0.9524449604147007,0.9681421518325806
ft_tkt_0007667,ft_sal_004053,ft_evt_0056,VIP,0.937698148842865,0.9318084985804792,0.9524449604147007,0.9681421518325806
ft_tkt_0007668,ft_sal_004054,ft_evt_0056,VIP,0.937698148842865,0.9587394029335536,0.9544094944124563,0.9654558300971985
ft_tkt_0007669,ft_sal_004055,ft_evt_0056,GENERAL,0.9361195153053811,0.8524248093973608,0.9222339287742647,0.9118812680244446
ft_tkt_0007670,ft_sal_004056,ft_evt_0056,GENERAL,0.9361195153053811,0.9459953357735067,0.9352287562692251,0.9336783289909363
ft_tkt_0007671,ft_sal_004056,ft_evt_0056,GENERAL,0.9361195153053811,0.9459953357735067,0.9352287562692251,0.9336783289909363
ft_tkt_0007672,ft_sal_004056,ft_evt_0056,GENERAL,0.9361195153053811,0.9459953357735067,0.9352287562692251,0.9336783289909363
ft_tkt_0007673,ft_sal_004057,ft_evt_0056,GENERAL,0.9361195153053811,0.8719478097494808,0.9256657264310396,0.9121809005737305
ft_tkt_0007674,ft_sal_004057,ft_evt_0056,GENERAL,0.9361195153053811,0.8719478097494808,0.9256657264310396,0.9121809005737305
ft_tkt_0007675,ft_sal_004058,ft_evt_0056,GENERAL,0.9361195153053811,0.9613908202843732,0.9499358986495997,0.9508497714996338
ft_tkt_0007676,ft_sal_004059,ft_evt_0056,GENERAL,0.9361195153053811,0.9147827158343911,0.9250699818107011,0.927024245262146
ft_tkt_0007677,ft_sal_004060,ft_evt_0056,GENERAL,0.9361195153053811,0.9301521141876157,0.9354557277136477,0.9290156364440918
ft_tkt_0007678,ft_sal_004060,ft_evt_0056,GENERAL,0.9361195153053811,0.9301521141876157,0.9354557277136477,0.9290156364440918
ft_tkt_0007679,ft_sal_004061,ft_evt_0056,GENERAL,0.9361195153053811,0.9159068302045308,0.9251388581984223,0.9373641610145569
ft_tkt_0007680,ft_sal_004061,ft_evt_0056,GENERAL,0.9361195153053811,0.9159068302045308,0.9251388581984223,0.9373641610145569
ft_tkt_0007681,ft_sal_004061,ft_evt_0056,GENERAL,0.9361195153053811,0.9159068302045308,0.9251388581984223,0.9373641610145569
ft_tkt_0007682,ft_sal_004062,ft_evt_0056,GENERAL,0.9361195153053811,0.9152243485806516,0.9250730135686828,0.937946617603302
ft_tkt_0007683,ft_sal_004063,ft_evt_0056,VIP,0.937698148842865,0.9401992362137399,0.9356845800427374,0.937172532081604
ft_tkt_0007684,ft_sal_004064,ft_evt_0056,VIP,0.937698148842865,0.9313284724240636,0.9313755560151148,0.964117169380188
ft_tkt_0007685,ft_sal_004064,ft_evt_0056,VIP,0.937698148842865,0.9313284724240636,0.9313755560151148,0.964117169380188
ft_tkt_0007686,ft_sal_004064,ft_evt_0056,VIP,0.937698148842865,0.9313284724240636,0.9313755560151148,0.964117169380188
ft_tkt_0007687,ft_sal_004064,ft_evt_0056,VIP,0.937698148842865,0.9313284724240636,0.9313755560151148,0.964117169380188
ft_tkt_0007688,ft_sal_004065,ft_evt_0056,VIP,0.937698148842865,0.9298023880102094,0.9255943922774734,0.9429956078529358
ft_tkt_0007689,ft_sal_004066,ft_evt_0056,GENERAL,0.9361195153053811,0.8854509214254277,0.9357644975661465,0.9365528225898743
ft_tkt_0007690,ft_sal_004067,ft_evt_0056,VIP,0.937698148842865,0.9508982705860344,0.9375435684377869,0.965272068977356
ft_tkt_0007691,ft_sal_004067,ft_evt_0056,VIP,0.937698148842865,0.9508982705860344,0.9375435684377869,0.965272068977356
ft_tkt_0007692,ft_sal_004068,ft_evt_0056,GENERAL,0.9361195153053811,0.9184418419982282,0.930874399425704,0.9400557279586792
ft_tkt_0007693,ft_sal_004069,ft_evt_0056,GENERAL,0.9361195153053811,0.9111819293574897,0.9189368852777566,0.929544985294342
ft_tkt_0007694,ft_sal_004069,ft_evt_0056,GENERAL,0.9361195153053811,0.9111819293574897,0.9189368852777566,0.929544985294342
ft_tkt_0007695,ft_sal_004070,ft_evt_0056,GENERAL,0.9361195153053811,0.9205501210736715,0.9514826875372456,0.9300925731658936
ft_tkt_0007696,ft_sal_004071,ft_evt_0056,GENERAL,0.9361195153053811,0.9289029024512994,0.9367701957767545,0.9570192694664001
ft_tkt_0007697,ft_sal_004071,ft_evt_0056,GENERAL,0.9361195153053811,0.9289029024512994,0.9367701957767545,0.9570192694664001
ft_tkt_0007698,ft_sal_004072,ft_evt_0056,GENERAL,0.9361195153053811,0.8917304973571324,0.922912474012123,0.8980565667152405
ft_tkt_0007699,ft_sal_004072,ft_evt_0056,GENERAL,0.9361195153053811,0.8917304973571324,0.922912474012123,0.8980565667152405
ft_tkt_0007700,ft_sal_004073,ft_evt_0056,PREFERENCIAL,0.9331061337242351,0.9409139595250916,0.9399297429759481,0.9477981328964233
ft_tkt_0007701,ft_sal_004073,ft_evt_0056,PREFERENCIAL,0.9331061337242351,0.9409139595250916,0.9399297429759481,0.9477981328964233
ft_tkt_0007702,ft_sal_004074,ft_evt_0056,VIP,0.937698148842865,0.963089498819639,0.9506163010103823,0.9606155753135681
ft_tkt_0007703,ft_sal_004075,ft_evt_0056,VIP,0.937698148842865,0.9458991441359031,0.938779253868279,0.953183114528656
ft_tkt_0007704,ft_sal_004076,ft_evt_0056,PREFERENCIAL,0.9331061337242351,0.9194885655105878,0.9505853156710131,0.9551507830619812
ft_tkt_0007705,ft_sal_004077,ft_evt_0056,GENERAL,0.9361195153053811,0.9319692747136904,0.9515848830939924,0.917901873588562
ft_tkt_0007706,ft_sal_004078,ft_evt_0056,GENERAL,0.9361195153053811,0.9553445620149043,0.9496179311673983,0.9681606888771057
ft_tkt_0007707,ft_sal_004078,ft_evt_0056,GENERAL,0.9361195153053811,0.9553445620149043,0.9496179311673983,0.9681606888771057
ft_tkt_0007708,ft_sal_004079,ft_evt_0056,GENERAL,0.9361195153053811,0.9213689893476716,0.9373320815212082,0.9465807676315308
ft_tkt_0007709,ft_sal_004080,ft_evt_0056,GENERAL,0.9361195153053811,0.8909617532221658,0.9197024044411273,0.911724865436554
ft_tkt_0007710,ft_sal_004080,ft_evt_0056,GENERAL,0.9361195153053811,0.8909617532221658,0.9197024044411273,0.911724865436554
ft_tkt_0007711,ft_sal_004080,ft_evt_0056,GENERAL,0.9361195153053811,0.8909617532221658,0.9197024044411273,0.911724865436554
ft_tkt_0007712,ft_sal_004080,ft_evt_0056,GENERAL,0.9361195153053811,0.8909617532221658,0.9197024044411273,0.911724865436554
ft_tkt_0007713,ft_sal_004080,ft_evt_0056,GENERAL,0.9361195153053811,0.8909617532221658,0.9197024044411273,0.911724865436554
ft_tkt_0007714,ft_sal_004080,ft_evt_0056,GENERAL,0.9361195153053811,0.8909617532221658,0.9197024044411273,0.911724865436554
ft_tkt_0007715,ft_sal_004081,ft_evt_0056,GENERAL,0.9361195153053811,0.9368880330594473,0.9471914690022882,0.9682058095932007
ft_tkt_0007716,ft_sal_004081,ft_evt_0056,GENERAL,0.9361195153053811,0.9368880330594473,0.9471914690022882,0.9682058095932007
ft_tkt_0007717,ft_sal_004082,ft_evt_0056,GENERAL,0.9361195153053811,0.8827249285170422,0.9245783958110835,0.9085718989372253
ft_tkt_0007718,ft_sal_004082,ft_evt_0056,GENERAL,0.9361195153053811,0.8827249285170422,0.9245783958110835,0.9085718989372253
ft_tkt_0007719,ft_sal_004082,ft_evt_0056,GENERAL,0.9361195153053811,0.8827249285170422,0.9245783958110835,0.9085718989372253
ft_tkt_0007720,ft_sal_004082,ft_evt_0056,GENERAL,0.9361195153053811,0.8827249285170422,0.9245783958110835,0.9085718989372253
ft_tkt_0007721,ft_sal_004082,ft_evt_0056,GENERAL,0.9361195153053811,0.8827249285170422,0.9245783958110835,0.9085718989372253
ft_tkt_0007722,ft_sal_004082,ft_evt_0056,GENERAL,0.9361195153053811,0.8827249285170422,0.9245783958110835,0.9085718989372253
ft_tkt_0007723,ft_sal_004083,ft_evt_0056,GENERAL,0.9361195153053811,0.9378177911619909,0.9254766118687321,0.9398468732833862
ft_tkt_0007724,ft_sal_004083,ft_evt_0056,GENERAL,0.9361195153053811,0.9378177911619909,0.9254766118687321,0.9398468732833862
ft_tkt_0007725,ft_sal_004084,ft_evt_0056,GENERAL,0.9361195153053811,0.9599901947209846,0.9544508947913548,0.9566271305084229
ft_tkt_0007726,ft_sal_004085,ft_evt_0056,GENERAL,0.9361195153053811,0.9287763686270049,0.9328189873736088,0.9468527436256409
ft_tkt_0007727,ft_sal_004086,ft_evt_0056,GENERAL,0.9361195153053811,0.9339512117947218,0.9527016108391073,0.9565490484237671
ft_tkt_0007728,ft_sal_004087,ft_evt_0056,PREFERENCIAL,0.9331061337242351,0.9568061176994885,0.95060127940236,0.9640305042266846
ft_tkt_0007729,ft_sal_004088,ft_evt_0056,VIP,0.937698148842865,0.9239378513271439,0.9249348108533582,0.9443200826644897
ft_tkt_0007730,ft_sal_004088,ft_evt_0056,VIP,0.937698148842865,0.9239378513271439,0.9249348108533582,0.9443200826644897
ft_tkt_0007731,ft_sal_004089,ft_evt_0056,PREFERENCIAL,0.9331061337242351,0.9222187390011117,0.9272582507582351,0.9518556594848633
ft_tkt_0007732,ft_sal_004089,ft_evt_0056,PREFERENCIAL,0.9331061337242351,0.9222187390011117,0.9272582507582351,0.9518556594848633
ft_tkt_0007733,ft_sal_004090,ft_evt_0056,GENERAL,0.9361195153053811,0.9465778723171179,0.8720919258051472,0.9052616357803345
ft_tkt_0007734,ft_sal_004091,ft_evt_0056,PREFERENCIAL,0.9331061337242351,0.907583409570145,0.9273429606195017,0.9508944153785706
ft_tkt_0007735,ft_sal_004091,ft_evt_0056,PREFERENCIAL,0.9331061337242351,0.907583409570145,0.9273429606195017,0.9508944153785706
ft_tkt_0007736,ft_sal_004092,ft_evt_0056,GENERAL,0.9361195153053811,0.9414589176205069,0.9349033058175903,0.9384900331497192
ft_tkt_0007737,ft_sal_004093,ft_evt_0056,GENERAL,0.9361195153053811,0.9075577770597494,0.9204117203676596,0.9317864775657654
ft_tkt_0007738,ft_sal_004093,ft_evt_0056,GENERAL,0.9361195153053811,0.9075577770597494,0.9204117203676596,0.9317864775657654
ft_tkt_0007739,ft_sal_004093,ft_evt_0056,GENERAL,0.9361195153053811,0.9075577770597494,0.9204117203676596,0.9317864775657654
ft_tkt_0007740,ft_sal_004094,ft_evt_0056,GENERAL,0.9361195153053811,0.926237734684749,0.9483484593104476,0.9332157969474792
ft_tkt_0007741,ft_sal_004095,ft_evt_0056,PREFERENCIAL,0.9331061337242351,0.9321886987608164,0.9393750298099451,0.9496712684631348
ft_tkt_0007742,ft_sal_004096,ft_evt_0056,GENERAL,0.9361195153053811,0.9028062555127149,0.9178511175328752,0.9323182702064514
ft_tkt_0007743,ft_sal_004096,ft_evt_0056,GENERAL,0.9361195153053811,0.9028062555127149,0.9178511175328752,0.9323182702064514
ft_tkt_0007744,ft_sal_004096,ft_evt_0056,GENERAL,0.9361195153053811,0.9028062555127149,0.9178511175328752,0.9323182702064514
ft_tkt_0007745,ft_sal_004097,ft_evt_0056,GENERAL,0.9361195153053811,0.9068013530501539,0.9254251703708223,0.9055861830711365
ft_tkt_0007746,ft_sal_004097,ft_evt_0056,GENERAL,0.9361195153053811,0.9068013530501539,0.9254251703708223,0.9055861830711365
ft_tkt_0007747,ft_sal_004098,ft_evt_0056,PREFERENCIAL,0.9331061337242351,0.8205525211321071,0.8608934153345333,0.8830232620239258
ft_tkt_0007748,ft_sal_004098,ft_evt_0056,PREFERENCIAL,0.9331061337242351,0.8205525211321071,0.8608934153345333,0.8830232620239258
ft_tkt_0007749,ft_sal_004099,ft_evt_0056,GENERAL,0.9361195153053811,0.8988641497331864,0.9312374096622182,0.9314068555831909
ft_tkt_0007750,ft_sal_004100,ft_evt_0056,GENERAL,0.9361195153053811,0.9163435628344299,0.9330726969975328,0.9383463263511658
ft_tkt_0007751,ft_sal_004101,ft_evt_0056,GENERAL,0.9361195153053811,0.8975155187778362,0.9330954561925281,0.9321531057357788
ft_tkt_0007752,ft_sal_004102,ft_evt_0056,GENERAL,0.9361195153053811,0.9171397518717992,0.9351629528673133,0.9142327904701233
ft_tkt_0007753,ft_sal_004103,ft_evt_0056,GENERAL,0.9361195153053811,0.8894865446455728,0.9154786901548141,0.9174737930297852
ft_tkt_0007754,ft_sal_004103,ft_evt_0056,GENERAL,0.9361195153053811,0.8894865446455728,0.9154786901548141,0.9174737930297852
ft_tkt_0007755,ft_sal_004103,ft_evt_0056,GENERAL,0.9361195153053811,0.8894865446455728,0.9154786901548141,0.9174737930297852
ft_tkt_0007756,ft_sal_004104,ft_evt_0056,PREFERENCIAL,0.9331061337242351,0.9280864926537864,0.9370891914648771,0.9454735517501831
ft_tkt_0007757,ft_sal_004105,ft_evt_0056,GENERAL,0.9361195153053811,0.9176227923716718,0.9290552901584852,0.9376111030578613
ft_tkt_0007758,ft_sal_004106,ft_evt_0056,GENERAL,0.9361195153053811,0.8565550720378063,0.9155279582805119,0.8964911699295044
ft_tkt_0007759,ft_sal_004107,ft_evt_0056,PREFERENCIAL,0.9331061337242351,0.9346331532881494,0.9360636499924371,0.9386084079742432
ft_tkt_0007760,ft_sal_004107,ft_evt_0056,PREFERENCIAL,0.9331061337242351,0.9346331532881494,0.9360636499924371,0.9386084079742432
ft_tkt_0007761,ft_sal_004108,ft_evt_0056,GENERAL,0.9361195153053811,0.9446635928220091,0.9526956474210965,0.9602886438369751
ft_tkt_0007762,ft_sal_004109,ft_evt_0056,GENERAL,0.9361195153053811,0.9050211227192761,0.9232454229653821,0.9430332779884338
ft_tkt_0007763,ft_sal_004110,ft_evt_0056,PREFERENCIAL,0.9331061337242351,0.93763852307684,0.9537619151331099,0.9673047661781311
ft_tkt_0007764,ft_sal_004110,ft_evt_0056,PREFERENCIAL,0.9331061337242351,0.93763852307684,0.9537619151331099,0.9673047661781311
ft_tkt_0007765,ft_sal_004111,ft_evt_0056,GENERAL,0.9361195153053811,0.9328962970571291,0.9482607494599502,0.963355541229248
ft_tkt_0007766,ft_sal_004111,ft_evt_0056,GENERAL,0.9361195153053811,0.9328962970571291,0.9482607494599502,0.963355541229248
ft_tkt_0007767,ft_sal_004111,ft_evt_0056,GENERAL,0.9361195153053811,0.9328962970571291,0.9482607494599502,0.963355541229248
ft_tkt_0007768,ft_sal_004112,ft_evt_0056,GENERAL,0.9361195153053811,0.9125450059484341,0.9360198809406479,0.9121367335319519
ft_tkt_0007769,ft_sal_004113,ft_evt_0056,GENERAL,0.9361195153053811,0.8860843372977562,0.9216948294737272,0.9289056658744812
ft_tkt_0007770,ft_sal_004113,ft_evt_0056,GENERAL,0.9361195153053811,0.8860843372977562,0.9216948294737272,0.9289056658744812
ft_tkt_0007771,ft_sal_004114,ft_evt_0056,PREFERENCIAL,0.9331061337242351,0.9572616651405781,0.9407175278296644,0.9595951437950134
ft_tkt_0007772,ft_sal_004114,ft_evt_0056,PREFERENCIAL,0.9331061337242351,0.9572616651405781,0.9407175278296644,0.9595951437950134
ft_tkt_0007773,ft_sal_004115,ft_evt_0056,GENERAL,0.9361195153053811,0.8847359305724217,0.9271622099517086,0.9354904294013977
ft_tkt_0007774,ft_sal_004115,ft_evt_0056,GENERAL,0.9361195153053811,0.8847359305724217,0.9271622099517086,0.9354904294013977
ft_tkt_0007775,ft_sal_004116,ft_evt_0056,PREFERENCIAL,0.9331061337242351,0.9266388369951688,0.9304273699143683,0.9461336135864258
ft_tkt_0007776,ft_sal_004117,ft_evt_0056,GENERAL,0.9361195153053811,0.9180554322006161,0.9351629528673133,0.9128171801567078
ft_tkt_0007777,ft_sal_004118,ft_evt_0056,GENERAL,0.9361195153053811,0.939117151805397,0.923117070233527,0.9386308789253235
ft_tkt_0007778,ft_sal_004118,ft_evt_0056,GENERAL,0.9361195153053811,0.939117151805397,0.923117070233527,0.9386308789253235
ft_tkt_0007779,ft_sal_004119,ft_evt_0056,GENERAL,0.9361195153053811,0.8569093901082959,0.9196556448775289,0.944252073764801
ft_tkt_0007780,ft_sal_004119,ft_evt_0056,GENERAL,0.9361195153053811,0.8569093901082959,0.9196556448775289,0.944252073764801
ft_tkt_0007781,ft_sal_004119,ft_evt_0056,GENERAL,0.9361195153053811,0.8569093901082959,0.9196556448775289,0.944252073764801
ft_tkt_0007782,ft_sal_004119,ft_evt_0056,GENERAL,0.9361195153053811,0.8569093901082959,0.9196556448775289,0.944252073764801
ft_tkt_0007783,ft_sal_004119,ft_evt_0056,GENERAL,0.9361195153053811,0.8569093901082959,0.9196556448775289,0.944252073764801
ft_tkt_0007784,ft_sal_004119,ft_evt_0056,GENERAL,0.9361195153053811,0.8569093901082959,0.9196556448775289,0.944252073764801
ft_tkt_0007785,ft_sal_004120,ft_evt_0056,PREFERENCIAL,0.9331061337242351,0.9321376765780205,0.9394417537980346,0.9524509310722351
ft_tkt_0007786,ft_sal_004121,ft_evt_0056,GENERAL,0.9361195153053811,0.9185388960387781,0.9413869893006449,0.9454813003540039
ft_tkt_0007787,ft_sal_004121,ft_evt_0056,GENERAL,0.9361195153053811,0.9185388960387781,0.9413869893006449,0.9454813003540039
ft_tkt_0007788,ft_sal_004122,ft_evt_0056,GENERAL,0.9361195153053811,0.9287617768119087,0.9407888638749271,0.9545050859451294
ft_tkt_0007789,ft_sal_004123,ft_evt_0056,GENERAL,0.9361195153053811,0.9846924808156942,0.9479445745217652,0.9505478739738464
ft_tkt_0007790,ft_sal_004124,ft_evt_0056,GENERAL,0.9361195153053811,0.9306963977231566,0.9378327665224654,0.9468972086906433
ft_tkt_0007791,ft_sal_004124,ft_evt_0056,GENERAL,0.9361195153053811,0.9306963977231566,0.9378327665224654,0.9468972086906433
ft_tkt_0007792,ft_sal_004124,ft_evt_0056,GENERAL,0.9361195153053811,0.9306963977231566,0.9378327665224654,0.9468972086906433
ft_tkt_0007793,ft_sal_004125,ft_evt_0056,GENERAL,0.9361195153053811,0.9021034504760468,0.953368835510166,0.9612659215927124
ft_tkt_0007794,ft_sal_004125,ft_evt_0056,GENERAL,0.9361195153053811,0.9021034504760468,0.953368835510166,0.9612659215927124
ft_tkt_0007795,ft_sal_004126,ft_evt_0056,GENERAL,0.9361195153053811,0.8955909616532706,0.9179394486362064,0.9026742577552795
ft_tkt_0007796,ft_sal_004126,ft_evt_0056,GENERAL,0.9361195153053811,0.8955909616532706,0.9179394486362064,0.9026742577552795
ft_tkt_0007797,ft_sal_004127,ft_evt_0056,GENERAL,0.9361195153053811,0.8400590471870159,0.9254647688818898,0.9229516386985779
ft_tkt_0007798,ft_sal_004128,ft_evt_0056,GENERAL,0.9361195153053811,0.9089679458922613,0.925666027464558,0.8915232419967651
ft_tkt_0007799,ft_sal_004128,ft_evt_0056,GENERAL,0.9361195153053811,0.9089679458922613,0.925666027464558,0.8915232419967651
ft_tkt_0007800,ft_sal_004128,ft_evt_0056,GENERAL,0.9361195153053811,0.9089679458922613,0.925666027464558,0.8915232419967651
ft_tkt_0007801,ft_sal_004128,ft_evt_0056,GENERAL,0.9361195153053811,0.9089679458922613,0.925666027464558,0.8915232419967651
ft_tkt_0007802,ft_sal_004129,ft_evt_0056,PREFERENCIAL,0.9331061337242351,0.9405629990046489,0.9399297429759481,0.9584857821464539
ft_tkt_0007803,ft_sal_004129,ft_evt_0056,PREFERENCIAL,0.9331061337242351,0.9405629990046489,0.9399297429759481,0.9584857821464539
ft_tkt_0007804,ft_sal_004130,ft_evt_0056,GENERAL,0.9361195153053811,0.8284637158143604,0.9202821699743394,0.9172954559326172
ft_tkt_0007805,ft_sal_004131,ft_evt_0056,CORTESÍA,0.3910763515334876,0.20348800031687614,0.33040857597287143,0.22439134120941162
ft_tkt_0007806,ft_sal_004132,ft_evt_0056,GENERAL,0.9361195153053811,0.9263636735549144,0.9292853443171295,0.9397046566009521
ft_tkt_0007807,ft_sal_004132,ft_evt_0056,GENERAL,0.9361195153053811,0.9263636735549144,0.9292853443171295,0.9397046566009521
ft_tkt_0007808,ft_sal_004133,ft_evt_0056,CORTESÍA,0.3910763515334876,0.372586529593508,0.42858292278611754,0.45503219962120056
ft_tkt_0007809,ft_sal_004134,ft_evt_0056,GENERAL,0.9361195153053811,0.9286218811283702,0.9518582024406939,0.955114483833313
ft_tkt_0007810,ft_sal_004134,ft_evt_0056,GENERAL,0.9361195153053811,0.9286218811283702,0.9518582024406939,0.955114483833313
ft_tkt_0007811,ft_sal_004135,ft_evt_0056,GENERAL,0.9361195153053811,0.9414635529268837,0.9503478104647549,0.9395726323127747
ft_tkt_0007812,ft_sal_004136,ft_evt_0056,GENERAL,0.9361195153053811,0.9068683028671755,0.9204096737266597,0.9217866659164429
ft_tkt_0007813,ft_sal_004136,ft_evt_0056,GENERAL,0.9361195153053811,0.9068683028671755,0.9204096737266597,0.9217866659164429
ft_tkt_0007814,ft_sal_004137,ft_evt_0056,GENERAL,0.9361195153053811,0.9324376808938014,0.938105772063164,0.9523200988769531
ft_tkt_0007815,ft_sal_004137,ft_evt_0056,GENERAL,0.9361195153053811,0.9324376808938014,0.938105772063164,0.9523200988769531
ft_tkt_0007816,ft_sal_004138,ft_evt_0056,GENERAL,0.9361195153053811,0.8941319354460903,0.9159405607785188,0.8947999477386475
ft_tkt_0007817,ft_sal_004138,ft_evt_0056,GENERAL,0.9361195153053811,0.8941319354460903,0.9159405607785188,0.8947999477386475
ft_tkt_0007818,ft_sal_004139,ft_evt_0056,GENERAL,0.9361195153053811,0.9535810494902495,0.9318194791392436,0.9132954478263855
ft_tkt_0007819,ft_sal_004140,ft_evt_0056,GENERAL,0.9361195153053811,0.9033099728705278,0.9204001230906389,0.9385668039321899
ft_tkt_0007820,ft_sal_004140,ft_evt_0056,GENERAL,0.9361195153053811,0.9033099728705278,0.9204001230906389,0.9385668039321899
ft_tkt_0007821,ft_sal_004141,ft_evt_0056,GENERAL,0.9361195153053811,0.9339999671233871,0.9485957349101148,0.9279866814613342
ft_tkt_0007822,ft_sal_004142,ft_evt_0056,VIP,0.937698148842865,0.9609785898128465,0.9398826267954896,0.9499796032905579
ft_tkt_0007823,ft_sal_004143,ft_evt_0056,GENERAL,0.9361195153053811,0.9233585081881389,0.9347851741698341,0.9272275567054749
ft_tkt_0007824,ft_sal_004143,ft_evt_0056,GENERAL,0.9361195153053811,0.9233585081881389,0.9347851741698341,0.9272275567054749
ft_tkt_0007825,ft_sal_004143,ft_evt_0056,GENERAL,0.9361195153053811,0.9233585081881389,0.9347851741698341,0.9272275567054749
ft_tkt_0007826,ft_sal_004143,ft_evt_0056,GENERAL,0.9361195153053811,0.9233585081881389,0.9347851741698341,0.9272275567054749
ft_tkt_0007827,ft_sal_004144,ft_evt_0056,PREFERENCIAL,0.9331061337242351,0.9512353347894643,0.9405694990618519,0.964672327041626
ft_tkt_0007828,ft_sal_004144,ft_evt_0056,PREFERENCIAL,0.9331061337242351,0.9512353347894643,0.9405694990618519,0.964672327041626
ft_tkt_0007829,ft_sal_004144,ft_evt_0056,PREFERENCIAL,0.9331061337242351,0.9512353347894643,0.9405694990618519,0.964672327041626
ft_tkt_0007830,ft_sal_004144,ft_evt_0056,PREFERENCIAL,0.9331061337242351,0.9512353347894643,0.9405694990618519,0.964672327041626
ft_tkt_0007831,ft_sal_004144,ft_evt_0056,PREFERENCIAL,0.9331061337242351,0.9512353347894643,0.9405694990618519,0.964672327041626
ft_tkt_0007832,ft_sal_004144,ft_evt_0056,PREFERENCIAL,0.9331061337242351,0.9512353347894643,0.9405694990618519,0.964672327041626
ft_tkt_0007833,ft_sal_004145,ft_evt_0056,GENERAL,0.9361195153053811,0.9180941561538907,0.935980949570866,0.944517970085144
ft_tkt_0007834,ft_sal_004146,ft_evt_0056,GENERAL,0.9361195153053811,0.9105438961304826,0.9371244040393142,0.9363148808479309
ft_tkt_0007835,ft_sal_004147,ft_evt_0056,GENERAL,0.9361195153053811,0.937630049326062,0.948863025058043,0.9607161283493042
ft_tkt_0007836,ft_sal_004147,ft_evt_0056,GENERAL,0.9361195153053811,0.937630049326062,0.948863025058043,0.9607161283493042
ft_tkt_0007837,ft_sal_004148,ft_evt_0056,GENERAL,0.9361195153053811,0.9107475546980999,0.9470052463885803,0.9373785257339478
ft_tkt_0007838,ft_sal_004149,ft_evt_0056,PREFERENCIAL,0.9331061337242351,0.924342483639525,0.9353701902281981,0.9391773343086243
ft_tkt_0007839,ft_sal_004150,ft_evt_0056,PREFERENCIAL,0.9331061337242351,0.9246945399481783,0.9353461991876633,0.9308468103408813
ft_tkt_0007840,ft_sal_004151,ft_evt_0056,PREFERENCIAL,0.9331061337242351,0.9506974480710245,0.940235531415608,0.9552768468856812
ft_tkt_0007841,ft_sal_004152,ft_evt_0056,GENERAL,0.9361195153053811,0.888166790640683,0.9417974223468917,0.9636746644973755
ft_tkt_0007842,ft_sal_004152,ft_evt_0056,GENERAL,0.9361195153053811,0.888166790640683,0.9417974223468917,0.9636746644973755
ft_tkt_0007843,ft_sal_004152,ft_evt_0056,GENERAL,0.9361195153053811,0.888166790640683,0.9417974223468917,0.9636746644973755
ft_tkt_0007844,ft_sal_004153,ft_evt_0056,GENERAL,0.9361195153053811,0.8239685232851373,0.9235087607453717,0.9245297908782959
ft_tkt_0007845,ft_sal_004154,ft_evt_0056,GENERAL,0.9361195153053811,0.9141775053503959,0.9418601096771296,0.9591304659843445
ft_tkt_0007846,ft_sal_004154,ft_evt_0056,GENERAL,0.9361195153053811,0.9141775053503959,0.9418601096771296,0.9591304659843445
ft_tkt_0007847,ft_sal_004154,ft_evt_0056,GENERAL,0.9361195153053811,0.9141775053503959,0.9418601096771296,0.9591304659843445
ft_tkt_0007848,ft_sal_004154,ft_evt_0056,GENERAL,0.9361195153053811,0.9141775053503959,0.9418601096771296,0.9591304659843445
ft_tkt_0007849,ft_sal_004155,ft_evt_0056,GENERAL,0.9361195153053811,0.9045695178300649,0.9235752316110125,0.9190365076065063
ft_tkt_0007850,ft_sal_004155,ft_evt_0056,GENERAL,0.9361195153053811,0.9045695178300649,0.9235752316110125,0.9190365076065063
ft_tkt_0007851,ft_sal_004155,ft_evt_0056,GENERAL,0.9361195153053811,0.9045695178300649,0.9235752316110125,0.9190365076065063
ft_tkt_0007852,ft_sal_004155,ft_evt_0056,GENERAL,0.9361195153053811,0.9045695178300649,0.9235752316110125,0.9190365076065063
ft_tkt_0007853,ft_sal_004156,ft_evt_0056,GENERAL,0.9361195153053811,0.9124146271029944,0.9347935608532426,0.9443987011909485
ft_tkt_0007854,ft_sal_004156,ft_evt_0056,GENERAL,0.9361195153053811,0.9124146271029944,0.9347935608532426,0.9443987011909485
ft_tkt_0007855,ft_sal_004157,ft_evt_0056,PREFERENCIAL,0.9331061337242351,0.9261393188541521,0.9367577011631868,0.9446382522583008
ft_tkt_0007856,ft_sal_004158,ft_evt_0056,GENERAL,0.9361195153053811,0.9179289577189729,0.9216082373102122,0.9448962807655334
ft_tkt_0007857,ft_sal_004158,ft_evt_0056,GENERAL,0.9361195153053811,0.9179289577189729,0.9216082373102122,0.9448962807655334
ft_tkt_0007858,ft_sal_004158,ft_evt_0056,GENERAL,0.9361195153053811,0.9179289577189729,0.9216082373102122,0.9448962807655334
ft_tkt_0007859,ft_sal_004159,ft_evt_0056,PREFERENCIAL,0.9331061337242351,0.9294131759467453,0.9377713649532767,0.9426784515380859
ft_tkt_0007860,ft_sal_004159,ft_evt_0056,PREFERENCIAL,0.9331061337242351,0.9294131759467453,0.9377713649532767,0.9426784515380859
ft_tkt_0007861,ft_sal_004160,ft_evt_0056,VIP,0.937698148842865,0.9201194030948597,0.933637348450117,0.9455666542053223
ft_tkt_0007862,ft_sal_004161,ft_evt_0056,GENERAL,0.9361195153053811,0.9146643299464128,0.9336943145759494,0.91243976354599
ft_tkt_0007863,ft_sal_004162,ft_evt_0056,GENERAL,0.9361195153053811,0.9149973652728893,0.9221206310945523,0.879883348941803
ft_tkt_0007864,ft_sal_004163,ft_evt_0056,PREFERENCIAL,0.9331061337242351,0.9405254182566641,0.9398635222435768,0.9410123229026794
ft_tkt_0007865,ft_sal_004163,ft_evt_0056,PREFERENCIAL,0.9331061337242351,0.9405254182566641,0.9398635222435768,0.9410123229026794
ft_tkt_0007866,ft_sal_004164,ft_evt_0056,GENERAL,0.9361195153053811,0.9423232032419784,0.9375843230221699,0.9383354187011719
ft_tkt_0007867,ft_sal_004165,ft_evt_0056,PREFERENCIAL,0.9331061337242351,0.8661927421121236,0.9277346470190051,0.9385672211647034
ft_tkt_0007868,ft_sal_004166,ft_evt_0056,GENERAL,0.9361195153053811,0.919532576898486,0.919338771452792,0.940345287322998
ft_tkt_0007869,ft_sal_004167,ft_evt_0056,PREFERENCIAL,0.9331061337242351,0.8297273437202355,0.8736984930829724,0.9285366535186768
ft_tkt_0007870,ft_sal_004167,ft_evt_0056,PREFERENCIAL,0.9331061337242351,0.8297273437202355,0.8736984930829724,0.9285366535186768
ft_tkt_0007871,ft_sal_004167,ft_evt_0056,PREFERENCIAL,0.9331061337242351,0.8297273437202355,0.8736984930829724,0.9285366535186768
ft_tkt_0007872,ft_sal_004167,ft_evt_0056,PREFERENCIAL,0.9331061337242351,0.8297273437202355,0.8736984930829724,0.9285366535186768
ft_tkt_0007873,ft_sal_004168,ft_evt_0056,PREFERENCIAL,0.9331061337242351,0.9015740007837549,0.9263507259352474,0.944145143032074
ft_tkt_0007874,ft_sal_004168,ft_evt_0056,PREFERENCIAL,0.9331061337242351,0.9015740007837549,0.9263507259352474,0.944145143032074
ft_tkt_0007875,ft_sal_004169,ft_evt_0056,GENERAL,0.9361195153053811,0.933461529414618,0.9241834044363637,0.9055514931678772
ft_tkt_0007876,ft_sal_004169,ft_evt_0056,GENERAL,0.9361195153053811,0.933461529414618,0.9241834044363637,0.9055514931678772
ft_tkt_0007877,ft_sal_004169,ft_evt_0056,GENERAL,0.9361195153053811,0.933461529414618,0.9241834044363637,0.9055514931678772
ft_tkt_0007878,ft_sal_004170,ft_evt_0056,GENERAL,0.9361195153053811,0.9631938940832884,0.9475020359881174,0.9303504228591919
ft_tkt_0007879,ft_sal_004171,ft_evt_0056,GENERAL,0.9361195153053811,0.8871981467805191,0.9127449530504494,0.9229009747505188
ft_tkt_0007880,ft_sal_004171,ft_evt_0056,GENERAL,0.9361195153053811,0.8871981467805191,0.9127449530504494,0.9229009747505188
ft_tkt_0007881,ft_sal_004171,ft_evt_0056,GENERAL,0.9361195153053811,0.8871981467805191,0.9127449530504494,0.9229009747505188
ft_tkt_0007882,ft_sal_004171,ft_evt_0056,GENERAL,0.9361195153053811,0.8871981467805191,0.9127449530504494,0.9229009747505188
ft_tkt_0007883,ft_sal_004172,ft_evt_0056,GENERAL,0.9361195153053811,0.9436058640082238,0.9375843230221699,0.9347911477088928
ft_tkt_0007884,ft_sal_004173,ft_evt_0056,GENERAL,0.9361195153053811,0.9323057635628079,0.938105772063164,0.9523200988769531
ft_tkt_0007885,ft_sal_004173,ft_evt_0056,GENERAL,0.9361195153053811,0.9323057635628079,0.938105772063164,0.9523200988769531
ft_tkt_0007886,ft_sal_004174,ft_evt_0056,GENERAL,0.9361195153053811,0.9050570741563716,0.9191569372881393,0.9007302522659302
ft_tkt_0007887,ft_sal_004174,ft_evt_0056,GENERAL,0.9361195153053811,0.9050570741563716,0.9191569372881393,0.9007302522659302
ft_tkt_0007888,ft_sal_004175,ft_evt_0056,GENERAL,0.9361195153053811,0.9528524347956923,0.9397589060812694,0.9431600570678711
ft_tkt_0007889,ft_sal_004175,ft_evt_0056,GENERAL,0.9361195153053811,0.9528524347956923,0.9397589060812694,0.9431600570678711
ft_tkt_0007890,ft_sal_004176,ft_evt_0056,PREFERENCIAL,0.9331061337242351,0.9401016510554879,0.9398635222435768,0.9559515714645386
ft_tkt_0007891,ft_sal_004176,ft_evt_0056,PREFERENCIAL,0.9331061337242351,0.9401016510554879,0.9398635222435768,0.9559515714645386
ft_tkt_0007892,ft_sal_004177,ft_evt_0056,PREFERENCIAL,0.9331061337242351,0.9244700087650807,0.9250123533166172,0.9218159317970276
ft_tkt_0007893,ft_sal_004177,ft_evt_0056,PREFERENCIAL,0.9331061337242351,0.9244700087650807,0.9250123533166172,0.9218159317970276
ft_tkt_0007894,ft_sal_004177,ft_evt_0056,PREFERENCIAL,0.9331061337242351,0.9244700087650807,0.9250123533166172,0.9218159317970276
ft_tkt_0007895,ft_sal_004178,ft_evt_0056,GENERAL,0.9361195153053811,0.9424852061878413,0.9271989074933626,0.9440469741821289
ft_tkt_0007896,ft_sal_004178,ft_evt_0056,GENERAL,0.9361195153053811,0.9424852061878413,0.9271989074933626,0.9440469741821289
ft_tkt_0007897,ft_sal_004179,ft_evt_0056,GENERAL,0.9361195153053811,0.9226382037302506,0.9193548138486771,0.9477272629737854
ft_tkt_0007898,ft_sal_004179,ft_evt_0056,GENERAL,0.9361195153053811,0.9226382037302506,0.9193548138486771,0.9477272629737854
ft_tkt_0007899,ft_sal_004179,ft_evt_0056,GENERAL,0.9361195153053811,0.9226382037302506,0.9193548138486771,0.9477272629737854
ft_tkt_0007900,ft_sal_004180,ft_evt_0056,GENERAL,0.9361195153053811,0.9344720338064341,0.9399343402901732,0.9398409724235535
ft_tkt_0007901,ft_sal_004181,ft_evt_0056,GENERAL,0.9361195153053811,0.957012285763843,0.9503174986175519,0.9438678026199341
ft_tkt_0007902,ft_sal_004181,ft_evt_0056,GENERAL,0.9361195153053811,0.957012285763843,0.9503174986175519,0.9438678026199341
ft_tkt_0007903,ft_sal_004182,ft_evt_0056,VIP,0.937698148842865,0.946504804014445,0.9362991121625811,0.9514352679252625
ft_tkt_0007904,ft_sal_004182,ft_evt_0056,VIP,0.937698148842865,0.946504804014445,0.9362991121625811,0.9514352679252625
ft_tkt_0007905,ft_sal_004183,ft_evt_0056,GENERAL,0.9361195153053811,0.9061713525344686,0.932813737203522,0.9435486793518066
ft_tkt_0007906,ft_sal_004183,ft_evt_0056,GENERAL,0.9361195153053811,0.9061713525344686,0.932813737203522,0.9435486793518066
ft_tkt_0007907,ft_sal_004184,ft_evt_0056,VIP,0.937698148842865,0.9598337515583105,0.95360708635599,0.9734224081039429
ft_tkt_0007908,ft_sal_004185,ft_evt_0056,GENERAL,0.9361195153053811,0.9289768524230132,0.9498482056209534,0.964923620223999
ft_tkt_0007909,ft_sal_004185,ft_evt_0056,GENERAL,0.9361195153053811,0.9289768524230132,0.9498482056209534,0.964923620223999
ft_tkt_0007910,ft_sal_004186,ft_evt_0056,GENERAL,0.9361195153053811,0.9231505568752253,0.9252003872946785,0.9239422082901001
ft_tkt_0007911,ft_sal_004186,ft_evt_0056,GENERAL,0.9361195153053811,0.9231505568752253,0.9252003872946785,0.9239422082901001
ft_tkt_0007912,ft_sal_004186,ft_evt_0056,GENERAL,0.9361195153053811,0.9231505568752253,0.9252003872946785,0.9239422082901001
ft_tkt_0007913,ft_sal_004186,ft_evt_0056,GENERAL,0.9361195153053811,0.9231505568752253,0.9252003872946785,0.9239422082901001
ft_tkt_0007914,ft_sal_004187,ft_evt_0056,GENERAL,0.9361195153053811,0.897816395744957,0.922214103125533,0.9116526246070862
ft_tkt_0007915,ft_sal_004187,ft_evt_0056,GENERAL,0.9361195153053811,0.897816395744957,0.922214103125533,0.9116526246070862
ft_tkt_0007916,ft_sal_004187,ft_evt_0056,GENERAL,0.9361195153053811,0.897816395744957,0.922214103125533,0.9116526246070862
ft_tkt_0007917,ft_sal_004187,ft_evt_0056,GENERAL,0.9361195153053811,0.897816395744957,0.922214103125533,0.9116526246070862
ft_tkt_0007918,ft_sal_004188,ft_evt_0056,VIP,0.937698148842865,0.9583820356984584,0.9384491684208015,0.9542715549468994
ft_tkt_0007919,ft_sal_004189,ft_evt_0056,GENERAL,0.9361195153053811,0.9273876163747221,0.9346650932670286,0.9249734282493591
ft_tkt_0007920,ft_sal_004189,ft_evt_0056,GENERAL,0.9361195153053811,0.9273876163747221,0.9346650932670286,0.9249734282493591
ft_tkt_0007921,ft_sal_004190,ft_evt_0056,GENERAL,0.9361195153053811,0.9499900662924684,0.9495040806600821,0.9332864284515381
ft_tkt_0007922,ft_sal_004191,ft_evt_0056,VIP,0.937698148842865,0.945423961855509,0.9378109124491387,0.9514416456222534
ft_tkt_0007923,ft_sal_004192,ft_evt_0056,PREFERENCIAL,0.9331061337242351,0.9345830574028847,0.9392399282964425,0.9572214484214783
ft_tkt_0007924,ft_sal_004192,ft_evt_0056,PREFERENCIAL,0.9331061337242351,0.9345830574028847,0.9392399282964425,0.9572214484214783
ft_tkt_0007925,ft_sal_004192,ft_evt_0056,PREFERENCIAL,0.9331061337242351,0.9345830574028847,0.9392399282964425,0.9572214484214783
ft_tkt_0007926,ft_sal_004192,ft_evt_0056,PREFERENCIAL,0.9331061337242351,0.9345830574028847,0.9392399282964425,0.9572214484214783
ft_tkt_0007927,ft_sal_004193,ft_evt_0056,VIP,0.937698148842865,0.9539988355985226,0.9331985998386068,0.9494073390960693
ft_tkt_0007928,ft_sal_004194,ft_evt_0056,GENERAL,0.9361195153053811,0.8888632491900362,0.9247131457487523,0.9364689588546753
ft_tkt_0007929,ft_sal_004195,ft_evt_0056,GENERAL,0.9361195153053811,0.8936305676319477,0.8716456808004412,0.9088926911354065
ft_tkt_0007930,ft_sal_004196,ft_evt_0056,GENERAL,0.9361195153053811,0.9496190185540986,0.9361174776953686,0.9190230369567871
ft_tkt_0007931,ft_sal_004196,ft_evt_0056,GENERAL,0.9361195153053811,0.9496190185540986,0.9361174776953686,0.9190230369567871
ft_tkt_0007932,ft_sal_004197,ft_evt_0056,GENERAL,0.9361195153053811,0.9217866695035439,0.9376599081381805,0.9385086297988892
ft_tkt_0007933,ft_sal_004198,ft_evt_0056,GENERAL,0.9361195153053811,0.9107891063244821,0.9467988006197285,0.9504439830780029
ft_tkt_0007934,ft_sal_004198,ft_evt_0056,GENERAL,0.9361195153053811,0.9107891063244821,0.9467988006197285,0.9504439830780029
ft_tkt_0007935,ft_sal_004198,ft_evt_0056,GENERAL,0.9361195153053811,0.9107891063244821,0.9467988006197285,0.9504439830780029
ft_tkt_0007936,ft_sal_004199,ft_evt_0056,GENERAL,0.9361195153053811,0.8802773272311091,0.9181652216553821,0.866860032081604
ft_tkt_0007937,ft_sal_004200,ft_evt_0056,GENERAL,0.9361195153053811,0.9002089221282503,0.9263082392510961,0.9238279461860657
ft_tkt_0007938,ft_sal_004201,ft_evt_0056,PREFERENCIAL,0.9331061337242351,0.9464537440412083,0.9363441433449856,0.9402247071266174
ft_tkt_0007939,ft_sal_004202,ft_evt_0056,GENERAL,0.9361195153053811,0.9475200987651804,0.9299978873918541,0.9387470483779907
ft_tkt_0007940,ft_sal_004203,ft_evt_0056,PREFERENCIAL,0.9331061337242351,0.8774312873123564,0.9254310953893278,0.9371662735939026
ft_tkt_0007941,ft_sal_004204,ft_evt_0056,PREFERENCIAL,0.9331061337242351,0.8843306346487807,0.9220591260601434,0.9122123122215271
ft_tkt_0007942,ft_sal_004205,ft_evt_0056,GENERAL,0.9361195153053811,0.9625845567622483,0.9387780021212441,0.9505164623260498
ft_tkt_0007943,ft_sal_004206,ft_evt_0056,GENERAL,0.9361195153053811,0.9108781383912411,0.9222367106208186,0.9132894277572632
ft_tkt_0007944,ft_sal_004206,ft_evt_0056,GENERAL,0.9361195153053811,0.9108781383912411,0.9222367106208186,0.9132894277572632
ft_tkt_0007945,ft_sal_004207,ft_evt_0056,VIP,0.937698148842865,0.9521448739898652,0.9301612633433747,0.9572062492370605
ft_tkt_0007946,ft_sal_004207,ft_evt_0056,VIP,0.937698148842865,0.9521448739898652,0.9301612633433747,0.9572062492370605
ft_tkt_0007947,ft_sal_004208,ft_evt_0056,GENERAL,0.9361195153053811,0.9243193393763073,0.9262801281550975,0.9397608637809753
ft_tkt_0007948,ft_sal_004208,ft_evt_0056,GENERAL,0.9361195153053811,0.9243193393763073,0.9262801281550975,0.9397608637809753
ft_tkt_0007949,ft_sal_004209,ft_evt_0056,GENERAL,0.9361195153053811,0.9100258152486875,0.9227401858058812,0.9398629665374756
ft_tkt_0007950,ft_sal_004209,ft_evt_0056,GENERAL,0.9361195153053811,0.9100258152486875,0.9227401858058812,0.9398629665374756
ft_tkt_0007951,ft_sal_004210,ft_evt_0056,GENERAL,0.9361195153053811,0.9266688504515797,0.9345097786430805,0.9249703884124756
ft_tkt_0007952,ft_sal_004210,ft_evt_0056,GENERAL,0.9361195153053811,0.9266688504515797,0.9345097786430805,0.9249703884124756
ft_tkt_0007953,ft_sal_004211,ft_evt_0056,PREFERENCIAL,0.9331061337242351,0.9344179457614346,0.9395791499511121,0.956939160823822
ft_tkt_0007954,ft_sal_004211,ft_evt_0056,PREFERENCIAL,0.9331061337242351,0.9344179457614346,0.9395791499511121,0.956939160823822
ft_tkt_0007955,ft_sal_004211,ft_evt_0056,PREFERENCIAL,0.9331061337242351,0.9344179457614346,0.9395791499511121,0.956939160823822
ft_tkt_0007956,ft_sal_004211,ft_evt_0056,PREFERENCIAL,0.9331061337242351,0.9344179457614346,0.9395791499511121,0.956939160823822
ft_tkt_0007957,ft_sal_004212,ft_evt_0056,GENERAL,0.9361195153053811,0.9173978934276981,0.935980949570866,0.9435549974441528
ft_tkt_0007958,ft_sal_004213,ft_evt_0056,GENERAL,0.9361195153053811,0.9184963756972349,0.9353461991876633,0.9069575071334839
ft_tkt_0007959,ft_sal_004214,ft_evt_0056,GENERAL,0.9361195153053811,0.8612449729677476,0.9202579131380724,0.9327429533004761
ft_tkt_0007960,ft_sal_004214,ft_evt_0056,GENERAL,0.9361195153053811,0.8612449729677476,0.9202579131380724,0.9327429533004761
ft_tkt_0007961,ft_sal_004214,ft_evt_0056,GENERAL,0.9361195153053811,0.8612449729677476,0.9202579131380724,0.9327429533004761
ft_tkt_0007962,ft_sal_004214,ft_evt_0056,GENERAL,0.9361195153053811,0.8612449729677476,0.9202579131380724,0.9327429533004761
ft_tkt_0007963,ft_sal_004215,ft_evt_0056,GENERAL,0.9361195153053811,0.9248420568022296,0.9288511848591358,0.9346256256103516
ft_tkt_0007964,ft_sal_004216,ft_evt_0006,CORTESÍA,0.3910763515334876,0.5361592175250212,0.3999654282352651,0.48460009694099426
ft_tkt_0007965,ft_sal_004216,ft_evt_0006,CORTESÍA,0.3910763515334876,0.5361592175250212,0.3999654282352651,0.48460009694099426
ft_tkt_0007966,ft_sal_004216,ft_evt_0006,CORTESÍA,0.3910763515334876,0.5361592175250212,0.3999654282352651,0.48460009694099426
ft_tkt_0007967,ft_sal_004217,ft_evt_0006,CORTESÍA,0.3910763515334876,0.48499327205194936,0.3393090015802378,0.3804023265838623
ft_tkt_0007968,ft_sal_004217,ft_evt_0006,CORTESÍA,0.3910763515334876,0.48499327205194936,0.3393090015802378,0.3804023265838623
ft_tkt_0007969,ft_sal_004218,ft_evt_0006,CORTESÍA,0.3910763515334876,0.5104332994980292,0.4042611436245079,0.4606993794441223
ft_tkt_0007970,ft_sal_004218,ft_evt_0006,CORTESÍA,0.3910763515334876,0.5104332994980292,0.4042611436245079,0.4606993794441223
ft_tkt_0007971,ft_sal_004218,ft_evt_0006,CORTESÍA,0.3910763515334876,0.5104332994980292,0.4042611436245079,0.4606993794441223
ft_tkt_0007972,ft_sal_004219,ft_evt_0006,CORTESÍA,0.3910763515334876,0.5894403812740107,0.4518567581885962,0.5103014707565308
ft_tkt_0007973,ft_sal_004219,ft_evt_0006,CORTESÍA,0.3910763515334876,0.5894403812740107,0.4518567581885962,0.5103014707565308
ft_tkt_0007974,ft_sal_004220,ft_evt_0006,CORTESÍA,0.3910763515334876,0.49799008021209135,0.40778564991794775,0.4248473644256592
ft_tkt_0007975,ft_sal_004220,ft_evt_0006,CORTESÍA,0.3910763515334876,0.49799008021209135,0.40778564991794775,0.4248473644256592
ft_tkt_0007976,ft_sal_004221,ft_evt_0006,CORTESÍA,0.3910763515334876,0.5378500478689707,0.45124943470226786,0.48919716477394104
ft_tkt_0007977,ft_sal_004222,ft_evt_0006,CORTESÍA,0.3910763515334876,0.3938554500926279,0.3261925601194977,0.24890455603599548
ft_tkt_0007978,ft_sal_004223,ft_evt_0006,CORTESÍA,0.3910763515334876,0.48771392984118755,0.3674809830157859,0.4009718596935272
ft_tkt_0007979,ft_sal_004224,ft_evt_0006,CORTESÍA,0.3910763515334876,0.4313722703350507,0.35364853384530437,0.36171409487724304
ft_tkt_0007980,ft_sal_004225,ft_evt_0006,CORTESÍA,0.3910763515334876,0.5293996636868725,0.33362966711789177,0.3930305242538452
ft_tkt_0007981,ft_sal_004226,ft_evt_0006,CORTESÍA,0.3910763515334876,0.290648881592414,0.3211356460531559,0.337680459022522
ft_tkt_0007982,ft_sal_004227,ft_evt_0006,CORTESÍA,0.3910763515334876,0.49088765992489464,0.3755536403014345,0.44225630164146423
ft_tkt_0007983,ft_sal_004227,ft_evt_0006,CORTESÍA,0.3910763515334876,0.49088765992489464,0.3755536403014345,0.44225630164146423
ft_tkt_0007984,ft_sal_004228,ft_evt_0006,CORTESÍA,0.3910763515334876,0.5646478884363259,0.3926089022236566,0.46189960837364197
ft_tkt_0007985,ft_sal_004229,ft_evt_0006,CORTESÍA,0.3910763515334876,0.5614391848881023,0.4314954182303744,0.48641273379325867
ft_tkt_0007986,ft_sal_004229,ft_evt_0006,CORTESÍA,0.3910763515334876,0.5614391848881023,0.4314954182303744,0.48641273379325867
ft_tkt_0007987,ft_sal_004230,ft_evt_0006,CORTESÍA,0.3910763515334876,0.5653183399263009,0.4569670062104668,0.5068272948265076
ft_tkt_0007988,ft_sal_004230,ft_evt_0006,CORTESÍA,0.3910763515334876,0.5653183399263009,0.4569670062104668,0.5068272948265076
ft_tkt_0007989,ft_sal_004230,ft_evt_0006,CORTESÍA,0.3910763515334876,0.5653183399263009,0.4569670062104668,0.5068272948265076
ft_tkt_0007990,ft_sal_004231,ft_evt_0006,CORTESÍA,0.3910763515334876,0.5603508018980521,0.3985181841619574,0.43221738934516907
ft_tkt_0007991,ft_sal_004232,ft_evt_0006,CORTESÍA,0.3910763515334876,0.5375380153764513,0.4525088471257391,0.48559921979904175
ft_tkt_0007992,ft_sal_004233,ft_evt_0006,CORTESÍA,0.3910763515334876,0.5630260081202637,0.35700800334545535,0.26531895995140076
ft_tkt_0007993,ft_sal_004234,ft_evt_0006,CORTESÍA,0.3910763515334876,0.46418950386519414,0.3771939915102091,0.40218549966812134
ft_tkt_0007994,ft_sal_004235,ft_evt_0006,CORTESÍA,0.3910763515334876,0.3736911359261352,0.3387313444257686,0.3096999228000641
ft_tkt_0007995,ft_sal_004235,ft_evt_0006,CORTESÍA,0.3910763515334876,0.3736911359261352,0.3387313444257686,0.3096999228000641
ft_tkt_0007996,ft_sal_004235,ft_evt_0006,CORTESÍA,0.3910763515334876,0.3736911359261352,0.3387313444257686,0.3096999228000641
ft_tkt_0007997,ft_sal_004235,ft_evt_0006,CORTESÍA,0.3910763515334876,0.3736911359261352,0.3387313444257686,0.3096999228000641
ft_tkt_0007998,ft_sal_004236,ft_evt_0006,CORTESÍA,0.3910763515334876,0.44540428672194166,0.39602069826814756,0.3996511697769165
ft_tkt_0007999,ft_sal_004237,ft_evt_0006,CORTESÍA,0.3910763515334876,0.46892120995917486,0.33209558373560827,0.43882516026496887
ft_tkt_0008000,ft_sal_004238,ft_evt_0006,CORTESÍA,0.3910763515334876,0.5848446672623894,0.4507402976656095,0.5067647695541382
ft_tkt_0008001,ft_sal_004238,ft_evt_0006,CORTESÍA,0.3910763515334876,0.5848446672623894,0.4507402976656095,0.5067647695541382
ft_tkt_0008002,ft_sal_004238,ft_evt_0006,CORTESÍA,0.3910763515334876,0.5848446672623894,0.4507402976656095,0.5067647695541382
ft_tkt_0008003,ft_sal_004239,ft_evt_0006,CORTESÍA,0.3910763515334876,0.5452256306619022,0.45102168945758,0.49355441331863403
ft_tkt_0008004,ft_sal_004240,ft_evt_0006,CORTESÍA,0.3910763515334876,0.5875151172325125,0.44893320825736294,0.5005688071250916
ft_tkt_0008005,ft_sal_004240,ft_evt_0006,CORTESÍA,0.3910763515334876,0.5875151172325125,0.44893320825736294,0.5005688071250916
ft_tkt_0008006,ft_sal_004241,ft_evt_0006,CORTESÍA,0.3910763515334876,0.587413713633562,0.44893320825736294,0.5005688071250916
ft_tkt_0008007,ft_sal_004241,ft_evt_0006,CORTESÍA,0.3910763515334876,0.587413713633562,0.44893320825736294,0.5005688071250916
ft_tkt_0008008,ft_sal_004242,ft_evt_0006,CORTESÍA,0.3910763515334876,0.5146959769530275,0.4241093154702299,0.4297912120819092
ft_tkt_0008009,ft_sal_004243,ft_evt_0006,CORTESÍA,0.3910763515334876,0.4578082183493485,0.355910790644824,0.3952238857746124
ft_tkt_0008010,ft_sal_004243,ft_evt_0006,CORTESÍA,0.3910763515334876,0.4578082183493485,0.355910790644824,0.3952238857746124
ft_tkt_0008011,ft_sal_004243,ft_evt_0006,CORTESÍA,0.3910763515334876,0.4578082183493485,0.355910790644824,0.3952238857746124
ft_tkt_0008012,ft_sal_004244,ft_evt_0006,CORTESÍA,0.3910763515334876,0.6479293722180388,0.45859743538757397,0.48327136039733887
ft_tkt_0008013,ft_sal_004244,ft_evt_0006,CORTESÍA,0.3910763515334876,0.6479293722180388,0.45859743538757397,0.48327136039733887
ft_tkt_0008014,ft_sal_004244,ft_evt_0006,CORTESÍA,0.3910763515334876,0.6479293722180388,0.45859743538757397,0.48327136039733887
ft_tkt_0008015,ft_sal_004244,ft_evt_0006,CORTESÍA,0.3910763515334876,0.6479293722180388,0.45859743538757397,0.48327136039733887
ft_tkt_0008016,ft_sal_004244,ft_evt_0006,CORTESÍA,0.3910763515334876,0.6479293722180388,0.45859743538757397,0.48327136039733887
ft_tkt_0008017,ft_sal_004244,ft_evt_0006,CORTESÍA,0.3910763515334876,0.6479293722180388,0.45859743538757397,0.48327136039733887
ft_tkt_0008018,ft_sal_004245,ft_evt_0006,CORTESÍA,0.3910763515334876,0.4358158668686949,0.34544860894719154,0.35457298159599304
ft_tkt_0008019,ft_sal_004245,ft_evt_0006,CORTESÍA,0.3910763515334876,0.4358158668686949,0.34544860894719154,0.35457298159599304
ft_tkt_0008020,ft_sal_004245,ft_evt_0006,CORTESÍA,0.3910763515334876,0.4358158668686949,0.34544860894719154,0.35457298159599304
ft_tkt_0008021,ft_sal_004246,ft_evt_0006,CORTESÍA,0.3910763515334876,0.6159696313182583,0.4582191616169387,0.5124462246894836
ft_tkt_0008022,ft_sal_004247,ft_evt_0006,CORTESÍA,0.3910763515334876,0.629631576792005,0.44646883886335875,0.4731813371181488
ft_tkt_0008023,ft_sal_004248,ft_evt_0006,CORTESÍA,0.3910763515334876,0.4990260361200113,0.4034737911777783,0.4193819761276245
ft_tkt_0008024,ft_sal_004248,ft_evt_0006,CORTESÍA,0.3910763515334876,0.4990260361200113,0.4034737911777783,0.4193819761276245
ft_tkt_0008025,ft_sal_004248,ft_evt_0006,CORTESÍA,0.3910763515334876,0.4990260361200113,0.4034737911777783,0.4193819761276245
ft_tkt_0008026,ft_sal_004248,ft_evt_0006,CORTESÍA,0.3910763515334876,0.4990260361200113,0.4034737911777783,0.4193819761276245
ft_tkt_0008027,ft_sal_004249,ft_evt_0006,CORTESÍA,0.3910763515334876,0.4283418263719647,0.36864400211278375,0.32866179943084717
ft_tkt_0008028,ft_sal_004250,ft_evt_0006,CORTESÍA,0.3910763515334876,0.48836577607161163,0.37503374065051825,0.366363525390625
ft_tkt_0008029,ft_sal_004251,ft_evt_0006,CORTESÍA,0.3910763515334876,0.5281214159315258,0.3711870554281374,0.4989098310470581
ft_tkt_0008030,ft_sal_004252,ft_evt_0006,CORTESÍA,0.3910763515334876,0.5814565920728813,0.44742828720459893,0.49173709750175476
ft_tkt_0008031,ft_sal_004252,ft_evt_0006,CORTESÍA,0.3910763515334876,0.5814565920728813,0.44742828720459893,0.49173709750175476
ft_tkt_0008032,ft_sal_004252,ft_evt_0006,CORTESÍA,0.3910763515334876,0.5814565920728813,0.44742828720459893,0.49173709750175476
ft_tkt_0008033,ft_sal_004252,ft_evt_0006,CORTESÍA,0.3910763515334876,0.5814565920728813,0.44742828720459893,0.49173709750175476
ft_tkt_0008034,ft_sal_004253,ft_evt_0006,CORTESÍA,0.3910763515334876,0.5802432176437409,0.40229420961608664,0.378785103559494
ft_tkt_0008035,ft_sal_004254,ft_evt_0006,CORTESÍA,0.3910763515334876,0.5355911742434594,0.37820332412001534,0.44517070055007935
ft_tkt_0008036,ft_sal_004254,ft_evt_0006,CORTESÍA,0.3910763515334876,0.5355911742434594,0.37820332412001534,0.44517070055007935
ft_tkt_0008037,ft_sal_004255,ft_evt_0006,CORTESÍA,0.3910763515334876,0.6894849648226239,0.41195507948946974,0.45806148648262024
ft_tkt_0008038,ft_sal_004256,ft_evt_0006,CORTESÍA,0.3910763515334876,0.5549775664166244,0.4316206700255486,0.48534151911735535
ft_tkt_0008039,ft_sal_004256,ft_evt_0006,CORTESÍA,0.3910763515334876,0.5549775664166244,0.4316206700255486,0.48534151911735535
ft_tkt_0008040,ft_sal_004256,ft_evt_0006,CORTESÍA,0.3910763515334876,0.5549775664166244,0.4316206700255486,0.48534151911735535
ft_tkt_0008041,ft_sal_004256,ft_evt_0006,CORTESÍA,0.3910763515334876,0.5549775664166244,0.4316206700255486,0.48534151911735535
ft_tkt_0008042,ft_sal_004257,ft_evt_0006,CORTESÍA,0.3910763515334876,0.40531593685721173,0.3704252865521733,0.36964550614356995
ft_tkt_0008043,ft_sal_004258,ft_evt_0006,CORTESÍA,0.3910763515334876,0.6148802940354067,0.4582191616169387,0.4948282837867737
ft_tkt_0008044,ft_sal_004259,ft_evt_0006,CORTESÍA,0.3910763515334876,0.568460384250478,0.38675740037938955,0.4413466155529022
ft_tkt_0008045,ft_sal_004259,ft_evt_0006,CORTESÍA,0.3910763515334876,0.568460384250478,0.38675740037938955,0.4413466155529022
ft_tkt_0008046,ft_sal_004259,ft_evt_0006,CORTESÍA,0.3910763515334876,0.568460384250478,0.38675740037938955,0.4413466155529022
ft_tkt_0008047,ft_sal_004260,ft_evt_0006,CORTESÍA,0.3910763515334876,0.6333354898851267,0.3927923289306901,0.31103768944740295
ft_tkt_0008048,ft_sal_004261,ft_evt_0006,CORTESÍA,0.3910763515334876,0.5120042364801756,0.36882120990195355,0.46190547943115234
ft_tkt_0008049,ft_sal_004261,ft_evt_0006,CORTESÍA,0.3910763515334876,0.5120042364801756,0.36882120990195355,0.46190547943115234
ft_tkt_0008050,ft_sal_004261,ft_evt_0006,CORTESÍA,0.3910763515334876,0.5120042364801756,0.36882120990195355,0.46190547943115234
ft_tkt_0008051,ft_sal_004262,ft_evt_0006,CORTESÍA,0.3910763515334876,0.7913941516944994,0.4439922515485812,0.4548863470554352
ft_tkt_0008052,ft_sal_004263,ft_evt_0006,CORTESÍA,0.3910763515334876,0.4950714378000941,0.3542129024325721,0.41016486287117004
ft_tkt_0008053,ft_sal_004263,ft_evt_0006,CORTESÍA,0.3910763515334876,0.4950714378000941,0.3542129024325721,0.41016486287117004
ft_tkt_0008054,ft_sal_004264,ft_evt_0006,CORTESÍA,0.3910763515334876,0.4353175752004426,0.3300173864143143,0.4342231750488281
ft_tkt_0008055,ft_sal_004265,ft_evt_0006,CORTESÍA,0.3910763515334876,0.30244780419952033,0.28388571046307925,0.41685056686401367
ft_tkt_0008056,ft_sal_004265,ft_evt_0006,CORTESÍA,0.3910763515334876,0.30244780419952033,0.28388571046307925,0.41685056686401367
ft_tkt_0008057,ft_sal_004265,ft_evt_0006,CORTESÍA,0.3910763515334876,0.30244780419952033,0.28388571046307925,0.41685056686401367
ft_tkt_0008058,ft_sal_004266,ft_evt_0006,CORTESÍA,0.3910763515334876,0.5329582873196307,0.46001630026260304,0.4807068705558777
ft_tkt_0008059,ft_sal_004267,ft_evt_0006,CORTESÍA,0.3910763515334876,0.5056506696698055,0.3900180226095229,0.4964323043823242
ft_tkt_0008060,ft_sal_004267,ft_evt_0006,CORTESÍA,0.3910763515334876,0.5056506696698055,0.3900180226095229,0.4964323043823242
ft_tkt_0008061,ft_sal_004268,ft_evt_0006,CORTESÍA,0.3910763515334876,0.4567349060861385,0.32171010104042785,0.30568355321884155
ft_tkt_0008062,ft_sal_004268,ft_evt_0006,CORTESÍA,0.3910763515334876,0.4567349060861385,0.32171010104042785,0.30568355321884155
ft_tkt_0008063,ft_sal_004269,ft_evt_0006,CORTESÍA,0.3910763515334876,0.5300409704355038,0.46001630026260304,0.5230966806411743
ft_tkt_0008064,ft_sal_004270,ft_evt_0006,CORTESÍA,0.3910763515334876,0.5653502667759686,0.4573839069683951,0.5142876505851746
ft_tkt_0008065,ft_sal_004270,ft_evt_0006,CORTESÍA,0.3910763515334876,0.5653502667759686,0.4573839069683951,0.5142876505851746
ft_tkt_0008066,ft_sal_004271,ft_evt_0006,CORTESÍA,0.3910763515334876,0.6029807705336258,0.4245626393973229,0.4165986180305481
ft_tkt_0008067,ft_sal_004272,ft_evt_0006,CORTESÍA,0.3910763515334876,0.7403733668378581,0.45946484722120595,0.4455001652240753
ft_tkt_0008068,ft_sal_004273,ft_evt_0006,CORTESÍA,0.3910763515334876,0.5458970863250392,0.3573896580128967,0.464652419090271
ft_tkt_0008069,ft_sal_004273,ft_evt_0006,CORTESÍA,0.3910763515334876,0.5458970863250392,0.3573896580128967,0.464652419090271
ft_tkt_0008070,ft_sal_004274,ft_evt_0006,CORTESÍA,0.3910763515334876,0.6642826310422327,0.4513924165181691,0.49168047308921814
ft_tkt_0008071,ft_sal_004274,ft_evt_0006,CORTESÍA,0.3910763515334876,0.6642826310422327,0.4513924165181691,0.49168047308921814
ft_tkt_0008072,ft_sal_004275,ft_evt_0006,CORTESÍA,0.3910763515334876,0.5740421346642879,0.37118693277279763,0.38912153244018555
ft_tkt_0008073,ft_sal_004275,ft_evt_0006,CORTESÍA,0.3910763515334876,0.5740421346642879,0.37118693277279763,0.38912153244018555
ft_tkt_0008074,ft_sal_004275,ft_evt_0006,CORTESÍA,0.3910763515334876,0.5740421346642879,0.37118693277279763,0.38912153244018555
ft_tkt_0008075,ft_sal_004275,ft_evt_0006,CORTESÍA,0.3910763515334876,0.5740421346642879,0.37118693277279763,0.38912153244018555
ft_tkt_0008076,ft_sal_004276,ft_evt_0006,CORTESÍA,0.3910763515334876,0.5720211951834471,0.46043298451246284,0.5307935476303101
ft_tkt_0008077,ft_sal_004276,ft_evt_0006,CORTESÍA,0.3910763515334876,0.5720211951834471,0.46043298451246284,0.5307935476303101
ft_tkt_0008078,ft_sal_004277,ft_evt_0006,CORTESÍA,0.3910763515334876,0.49744821252375093,0.38084070405870823,0.4187999367713928
ft_tkt_0008079,ft_sal_004277,ft_evt_0006,CORTESÍA,0.3910763515334876,0.49744821252375093,0.38084070405870823,0.4187999367713928
ft_tkt_0008080,ft_sal_004277,ft_evt_0006,CORTESÍA,0.3910763515334876,0.49744821252375093,0.38084070405870823,0.4187999367713928
ft_tkt_0008081,ft_sal_004277,ft_evt_0006,CORTESÍA,0.3910763515334876,0.49744821252375093,0.38084070405870823,0.4187999367713928
ft_tkt_0008082,ft_sal_004278,ft_evt_0006,CORTESÍA,0.3910763515334876,0.5816168017995222,0.3648482505766859,0.374071329832077
ft_tkt_0008083,ft_sal_004278,ft_evt_0006,CORTESÍA,0.3910763515334876,0.5816168017995222,0.3648482505766859,0.374071329832077
ft_tkt_0008084,ft_sal_004278,ft_evt_0006,CORTESÍA,0.3910763515334876,0.5816168017995222,0.3648482505766859,0.374071329832077
ft_tkt_0008085,ft_sal_004278,ft_evt_0006,CORTESÍA,0.3910763515334876,0.5816168017995222,0.3648482505766859,0.374071329832077
ft_tkt_0008086,ft_sal_004279,ft_evt_0052,CORTESÍA,0.3910763515334876,0.14065009606500936,0.31616974564310224,0.21597088873386383
ft_tkt_0008087,ft_sal_004280,ft_evt_0052,VIP,0.937698148842865,0.9006611065374817,0.9516958079943254,0.9570607542991638
ft_tkt_0008088,ft_sal_004280,ft_evt_0052,VIP,0.937698148842865,0.9006611065374817,0.9516958079943254,0.9570607542991638
ft_tkt_0008089,ft_sal_004280,ft_evt_0052,VIP,0.937698148842865,0.9006611065374817,0.9516958079943254,0.9570607542991638
ft_tkt_0008090,ft_sal_004281,ft_evt_0052,GENERAL,0.9361195153053811,0.8657565714284902,0.9174184938322152,0.9279434680938721
ft_tkt_0008091,ft_sal_004281,ft_evt_0052,GENERAL,0.9361195153053811,0.8657565714284902,0.9174184938322152,0.9279434680938721
ft_tkt_0008092,ft_sal_004282,ft_evt_0052,PREFERENCIAL,0.9331061337242351,0.9001913051482915,0.9305919645724074,0.9190881848335266
ft_tkt_0008093,ft_sal_004282,ft_evt_0052,PREFERENCIAL,0.9331061337242351,0.9001913051482915,0.9305919645724074,0.9190881848335266
ft_tkt_0008094,ft_sal_004282,ft_evt_0052,PREFERENCIAL,0.9331061337242351,0.9001913051482915,0.9305919645724074,0.9190881848335266
ft_tkt_0008095,ft_sal_004282,ft_evt_0052,PREFERENCIAL,0.9331061337242351,0.9001913051482915,0.9305919645724074,0.9190881848335266
ft_tkt_0008096,ft_sal_004283,ft_evt_0052,CORTESÍA,0.3910763515334876,0.30170079639438785,0.3740940212463638,0.36553624272346497
ft_tkt_0008097,ft_sal_004284,ft_evt_0052,GENERAL,0.9361195153053811,0.8576973060713987,0.9176755576361747,0.8964453339576721
ft_tkt_0008098,ft_sal_004285,ft_evt_0052,GENERAL,0.9361195153053811,0.9075374587812788,0.9306146204624574,0.936174750328064
ft_tkt_0008099,ft_sal_004285,ft_evt_0052,GENERAL,0.9361195153053811,0.9075374587812788,0.9306146204624574,0.936174750328064
ft_tkt_0008100,ft_sal_004286,ft_evt_0052,GENERAL,0.9361195153053811,0.8950631204788906,0.9308153060303184,0.9319625496864319
ft_tkt_0008101,ft_sal_004287,ft_evt_0052,CORTESÍA,0.3910763515334876,0.28745616061420903,0.39403241733648947,0.3531574010848999
ft_tkt_0008102,ft_sal_004287,ft_evt_0052,CORTESÍA,0.3910763515334876,0.28745616061420903,0.39403241733648947,0.3531574010848999
ft_tkt_0008103,ft_sal_004288,ft_evt_0052,CORTESÍA,0.3910763515334876,0.2664332525452779,0.36615959286927136,0.3587431311607361
ft_tkt_0008104,ft_sal_004288,ft_evt_0052,CORTESÍA,0.3910763515334876,0.2664332525452779,0.36615959286927136,0.3587431311607361
ft_tkt_0008105,ft_sal_004289,ft_evt_0052,CORTESÍA,0.3910763515334876,0.2852065520175179,0.3977888354892561,0.35399696230888367
ft_tkt_0008106,ft_sal_004289,ft_evt_0052,CORTESÍA,0.3910763515334876,0.2852065520175179,0.3977888354892561,0.35399696230888367
ft_tkt_0008107,ft_sal_004289,ft_evt_0052,CORTESÍA,0.3910763515334876,0.2852065520175179,0.3977888354892561,0.35399696230888367
ft_tkt_0008108,ft_sal_004290,ft_evt_0052,GENERAL,0.9361195153053811,0.9057733758295005,0.928571968512749,0.9388605356216431
ft_tkt_0008109,ft_sal_004290,ft_evt_0052,GENERAL,0.9361195153053811,0.9057733758295005,0.928571968512749,0.9388605356216431
ft_tkt_0008110,ft_sal_004291,ft_evt_0052,GENERAL,0.9361195153053811,0.8630513771709837,0.9195276600135438,0.898917555809021
ft_tkt_0008111,ft_sal_004291,ft_evt_0052,GENERAL,0.9361195153053811,0.8630513771709837,0.9195276600135438,0.898917555809021
ft_tkt_0008112,ft_sal_004291,ft_evt_0052,GENERAL,0.9361195153053811,0.8630513771709837,0.9195276600135438,0.898917555809021
ft_tkt_0008113,ft_sal_004292,ft_evt_0052,CORTESÍA,0.3910763515334876,0.1793882437706243,0.3057396394741129,0.23748691380023956
ft_tkt_0008114,ft_sal_004293,ft_evt_0052,CORTESÍA,0.3910763515334876,0.18790312219541028,0.3248070526138568,0.29128408432006836
ft_tkt_0008115,ft_sal_004293,ft_evt_0052,CORTESÍA,0.3910763515334876,0.18790312219541028,0.3248070526138568,0.29128408432006836
ft_tkt_0008116,ft_sal_004293,ft_evt_0052,CORTESÍA,0.3910763515334876,0.18790312219541028,0.3248070526138568,0.29128408432006836
ft_tkt_0008117,ft_sal_004294,ft_evt_0052,GENERAL,0.9361195153053811,0.8526327506844633,0.917199089253493,0.8912835121154785
ft_tkt_0008118,ft_sal_004294,ft_evt_0052,GENERAL,0.9361195153053811,0.8526327506844633,0.917199089253493,0.8912835121154785
ft_tkt_0008119,ft_sal_004294,ft_evt_0052,GENERAL,0.9361195153053811,0.8526327506844633,0.917199089253493,0.8912835121154785
ft_tkt_0008120,ft_sal_004295,ft_evt_0052,GENERAL,0.9361195153053811,0.8750080478920924,0.9257339758580895,0.9247831702232361
ft_tkt_0008121,ft_sal_004296,ft_evt_0052,GENERAL,0.9361195153053811,0.8392807083114515,0.9224580693455192,0.9283362627029419
ft_tkt_0008122,ft_sal_004297,ft_evt_0052,CORTESÍA,0.3910763515334876,0.24511345617174982,0.38415767758892594,0.3571668267250061
ft_tkt_0008123,ft_sal_004298,ft_evt_0052,GENERAL,0.9361195153053811,0.894885751658444,0.9308153060303184,0.9308561086654663
ft_tkt_0008124,ft_sal_004299,ft_evt_0052,CORTESÍA,0.3910763515334876,0.12780525429510464,0.3809231471197668,0.24028588831424713
ft_tkt_0008125,ft_sal_004300,ft_evt_0052,GENERAL,0.9361195153053811,0.8922191705661814,0.9381623010332155,0.9459679126739502
ft_tkt_0008126,ft_sal_004301,ft_evt_0052,PREFERENCIAL,0.9331061337242351,0.8345155579306359,0.9159925632840147,0.9260746240615845
ft_tkt_0008127,ft_sal_004302,ft_evt_0052,GENERAL,0.9361195153053811,0.8057824367777133,0.9081446163465334,0.9114384651184082
ft_tkt_0008128,ft_sal_004302,ft_evt_0052,GENERAL,0.9361195153053811,0.8057824367777133,0.9081446163465334,0.9114384651184082
ft_tkt_0008129,ft_sal_004303,ft_evt_0052,PREFERENCIAL,0.9331061337242351,0.8940065626227951,0.9295213753054062,0.9190126657485962
ft_tkt_0008130,ft_sal_004304,ft_evt_0052,CORTESÍA,0.3910763515334876,0.18639341588903705,0.34141563414787646,0.2807216942310333
ft_tkt_0008131,ft_sal_004305,ft_evt_0052,VIP,0.937698148842865,0.8985141155034865,0.929982169317469,0.9330856800079346
ft_tkt_0008132,ft_sal_004305,ft_evt_0052,VIP,0.937698148842865,0.8985141155034865,0.929982169317469,0.9330856800079346
ft_tkt_0008133,ft_sal_004305,ft_evt_0052,VIP,0.937698148842865,0.8985141155034865,0.929982169317469,0.9330856800079346
ft_tkt_0008134,ft_sal_004305,ft_evt_0052,VIP,0.937698148842865,0.8985141155034865,0.929982169317469,0.9330856800079346
ft_tkt_0008135,ft_sal_004305,ft_evt_0052,VIP,0.937698148842865,0.8985141155034865,0.929982169317469,0.9330856800079346
ft_tkt_0008136,ft_sal_004305,ft_evt_0052,VIP,0.937698148842865,0.8985141155034865,0.929982169317469,0.9330856800079346
ft_tkt_0008137,ft_sal_004306,ft_evt_0052,GENERAL,0.9361195153053811,0.849704203318392,0.9294724996482637,0.9415662884712219
ft_tkt_0008138,ft_sal_004307,ft_evt_0052,CORTESÍA,0.3910763515334876,0.3191867423329722,0.34519203419062333,0.3044640123844147
ft_tkt_0008139,ft_sal_004308,ft_evt_0052,PREFERENCIAL,0.9331061337242351,0.9017505311977556,0.9303193261343047,0.9404222965240479
ft_tkt_0008140,ft_sal_004309,ft_evt_0052,CORTESÍA,0.3910763515334876,0.16581129598389996,0.3144908774614532,0.24653147161006927
ft_tkt_0008141,ft_sal_004310,ft_evt_0052,CORTESÍA,0.3910763515334876,0.13052824434033092,0.3317096367820489,0.2690403461456299
ft_tkt_0008142,ft_sal_004311,ft_evt_0052,CORTESÍA,0.3910763515334876,0.19473448376092384,0.33778379416694637,0.2543458938598633
ft_tkt_0008143,ft_sal_004311,ft_evt_0052,CORTESÍA,0.3910763515334876,0.19473448376092384,0.33778379416694637,0.2543458938598633
ft_tkt_0008144,ft_sal_004311,ft_evt_0052,CORTESÍA,0.3910763515334876,0.19473448376092384,0.33778379416694637,0.2543458938598633
ft_tkt_0008145,ft_sal_004311,ft_evt_0052,CORTESÍA,0.3910763515334876,0.19473448376092384,0.33778379416694637,0.2543458938598633
ft_tkt_0008146,ft_sal_004312,ft_evt_0052,PREFERENCIAL,0.9331061337242351,0.9055810560798074,0.9294385459171625,0.9098606705665588
ft_tkt_0008147,ft_sal_004312,ft_evt_0052,PREFERENCIAL,0.9331061337242351,0.9055810560798074,0.9294385459171625,0.9098606705665588
ft_tkt_0008148,ft_sal_004313,ft_evt_0052,GENERAL,0.9361195153053811,0.9065675769957814,0.9314323405149668,0.9304898381233215
ft_tkt_0008149,ft_sal_004313,ft_evt_0052,GENERAL,0.9361195153053811,0.9065675769957814,0.9314323405149668,0.9304898381233215
ft_tkt_0008150,ft_sal_004313,ft_evt_0052,GENERAL,0.9361195153053811,0.9065675769957814,0.9314323405149668,0.9304898381233215
ft_tkt_0008151,ft_sal_004314,ft_evt_0052,GENERAL,0.9361195153053811,0.870414179062244,0.922615442729467,0.9231394529342651
ft_tkt_0008152,ft_sal_004314,ft_evt_0052,GENERAL,0.9361195153053811,0.870414179062244,0.922615442729467,0.9231394529342651
ft_tkt_0008153,ft_sal_004315,ft_evt_0052,GENERAL,0.9361195153053811,0.8465849535221687,0.91486067292532,0.8612630367279053
ft_tkt_0008154,ft_sal_004315,ft_evt_0052,GENERAL,0.9361195153053811,0.8465849535221687,0.91486067292532,0.8612630367279053
ft_tkt_0008155,ft_sal_004315,ft_evt_0052,GENERAL,0.9361195153053811,0.8465849535221687,0.91486067292532,0.8612630367279053
ft_tkt_0008156,ft_sal_004315,ft_evt_0052,GENERAL,0.9361195153053811,0.8465849535221687,0.91486067292532,0.8612630367279053
ft_tkt_0008157,ft_sal_004315,ft_evt_0052,GENERAL,0.9361195153053811,0.8465849535221687,0.91486067292532,0.8612630367279053
ft_tkt_0008158,ft_sal_004315,ft_evt_0052,GENERAL,0.9361195153053811,0.8465849535221687,0.91486067292532,0.8612630367279053
ft_tkt_0008159,ft_sal_004316,ft_evt_0052,GENERAL,0.9361195153053811,0.8318695622605545,0.9246087346503542,0.9249500632286072
ft_tkt_0008160,ft_sal_004317,ft_evt_0052,GENERAL,0.9361195153053811,0.8770442195089112,0.9439289644972333,0.9508000016212463
ft_tkt_0008161,ft_sal_004317,ft_evt_0052,GENERAL,0.9361195153053811,0.8770442195089112,0.9439289644972333,0.9508000016212463
ft_tkt_0008162,ft_sal_004318,ft_evt_0052,GENERAL,0.9361195153053811,0.7582593239434148,0.866791906059535,0.8612892627716064
ft_tkt_0008163,ft_sal_004318,ft_evt_0052,GENERAL,0.9361195153053811,0.7582593239434148,0.866791906059535,0.8612892627716064
ft_tkt_0008164,ft_sal_004319,ft_evt_0052,GENERAL,0.9361195153053811,0.8735620057347551,0.9298553573449679,0.8912658095359802
ft_tkt_0008165,ft_sal_004320,ft_evt_0052,CORTESÍA,0.3910763515334876,0.32192578425727947,0.34685843342645667,0.31809478998184204
ft_tkt_0008166,ft_sal_004321,ft_evt_0052,CORTESÍA,0.3910763515334876,0.27547321393959245,0.3847077408618555,0.33915042877197266
ft_tkt_0008167,ft_sal_004321,ft_evt_0052,CORTESÍA,0.3910763515334876,0.27547321393959245,0.3847077408618555,0.33915042877197266
ft_tkt_0008168,ft_sal_004321,ft_evt_0052,CORTESÍA,0.3910763515334876,0.27547321393959245,0.3847077408618555,0.33915042877197266
ft_tkt_0008169,ft_sal_004321,ft_evt_0052,CORTESÍA,0.3910763515334876,0.27547321393959245,0.3847077408618555,0.33915042877197266
ft_tkt_0008170,ft_sal_004322,ft_evt_0052,GENERAL,0.9361195153053811,0.8801581387397397,0.9177338984347748,0.9276456832885742
ft_tkt_0008171,ft_sal_004322,ft_evt_0052,GENERAL,0.9361195153053811,0.8801581387397397,0.9177338984347748,0.9276456832885742
ft_tkt_0008172,ft_sal_004323,ft_evt_0052,GENERAL,0.9361195153053811,0.8335873957344291,0.9232321427827815,0.9132807850837708
ft_tkt_0008173,ft_sal_004324,ft_evt_0052,GENERAL,0.9361195153053811,0.9086188387468283,0.9350437986461845,0.9409744143486023
ft_tkt_0008174,ft_sal_004325,ft_evt_0052,GENERAL,0.9361195153053811,0.8501905472579077,0.9235408628045845,0.9018616080284119
ft_tkt_0008175,ft_sal_004325,ft_evt_0052,GENERAL,0.9361195153053811,0.8501905472579077,0.9235408628045845,0.9018616080284119
ft_tkt_0008176,ft_sal_004326,ft_evt_0052,CORTESÍA,0.3910763515334876,0.27544156614730403,0.38480365058371424,0.38654986023902893
ft_tkt_0008177,ft_sal_004326,ft_evt_0052,CORTESÍA,0.3910763515334876,0.27544156614730403,0.38480365058371424,0.38654986023902893
ft_tkt_0008178,ft_sal_004327,ft_evt_0052,CORTESÍA,0.3910763515334876,0.23488226308685958,0.34724685973594377,0.29025352001190186
ft_tkt_0008179,ft_sal_004327,ft_evt_0052,CORTESÍA,0.3910763515334876,0.23488226308685958,0.34724685973594377,0.29025352001190186
ft_tkt_0008180,ft_sal_004327,ft_evt_0052,CORTESÍA,0.3910763515334876,0.23488226308685958,0.34724685973594377,0.29025352001190186
ft_tkt_0008181,ft_sal_004328,ft_evt_0052,CORTESÍA,0.3910763515334876,0.3166236984186031,0.38748436979495526,0.3561643660068512
ft_tkt_0008182,ft_sal_004329,ft_evt_0052,PREFERENCIAL,0.9331061337242351,0.8720646020615178,0.9147745935338486,0.8749616146087646
ft_tkt_0008183,ft_sal_004329,ft_evt_0052,PREFERENCIAL,0.9331061337242351,0.8720646020615178,0.9147745935338486,0.8749616146087646
ft_tkt_0008184,ft_sal_004330,ft_evt_0052,VIP,0.937698148842865,0.9198049508337148,0.9312527285319007,0.9202133417129517
ft_tkt_0008185,ft_sal_004330,ft_evt_0052,VIP,0.937698148842865,0.9198049508337148,0.9312527285319007,0.9202133417129517
ft_tkt_0008186,ft_sal_004331,ft_evt_0052,VIP,0.937698148842865,0.8588090711726678,0.921603311007858,0.9126343131065369
ft_tkt_0008187,ft_sal_004331,ft_evt_0052,VIP,0.937698148842865,0.8588090711726678,0.921603311007858,0.9126343131065369
ft_tkt_0008188,ft_sal_004331,ft_evt_0052,VIP,0.937698148842865,0.8588090711726678,0.921603311007858,0.9126343131065369
ft_tkt_0008189,ft_sal_004332,ft_evt_0052,CORTESÍA,0.3910763515334876,0.23291687321949275,0.3409177927640883,0.36822834610939026
ft_tkt_0008190,ft_sal_004332,ft_evt_0052,CORTESÍA,0.3910763515334876,0.23291687321949275,0.3409177927640883,0.36822834610939026
ft_tkt_0008191,ft_sal_004333,ft_evt_0052,CORTESÍA,0.3910763515334876,0.2266626361157405,0.3680862822418599,0.3245247006416321
ft_tkt_0008192,ft_sal_004333,ft_evt_0052,CORTESÍA,0.3910763515334876,0.2266626361157405,0.3680862822418599,0.3245247006416321
ft_tkt_0008193,ft_sal_004334,ft_evt_0052,CORTESÍA,0.3910763515334876,0.20884774349247323,0.34108795274976833,0.27517443895339966
ft_tkt_0008194,ft_sal_004335,ft_evt_0052,CORTESÍA,0.3910763515334876,0.24726808166578507,0.3503240760495631,0.32829058170318604
ft_tkt_0008195,ft_sal_004335,ft_evt_0052,CORTESÍA,0.3910763515334876,0.24726808166578507,0.3503240760495631,0.32829058170318604
ft_tkt_0008196,ft_sal_004336,ft_evt_0052,CORTESÍA,0.3910763515334876,0.22597977639931835,0.35275306172755466,0.3488684892654419
ft_tkt_0008197,ft_sal_004336,ft_evt_0052,CORTESÍA,0.3910763515334876,0.22597977639931835,0.35275306172755466,0.3488684892654419
ft_tkt_0008198,ft_sal_004336,ft_evt_0052,CORTESÍA,0.3910763515334876,0.22597977639931835,0.35275306172755466,0.3488684892654419
ft_tkt_0008199,ft_sal_004337,ft_evt_0052,CORTESÍA,0.3910763515334876,0.2722511504908496,0.4676519477358998,0.46296069025993347
ft_tkt_0008200,ft_sal_004338,ft_evt_0052,VIP,0.937698148842865,0.8523392489878981,0.921097190786779,0.9156206846237183
ft_tkt_0008201,ft_sal_004338,ft_evt_0052,VIP,0.937698148842865,0.8523392489878981,0.921097190786779,0.9156206846237183
ft_tkt_0008202,ft_sal_004338,ft_evt_0052,VIP,0.937698148842865,0.8523392489878981,0.921097190786779,0.9156206846237183
ft_tkt_0008203,ft_sal_004339,ft_evt_0052,CORTESÍA,0.3910763515334876,0.2539671585089257,0.400264890216916,0.3560384511947632
ft_tkt_0008204,ft_sal_004340,ft_evt_0052,GENERAL,0.9361195153053811,0.8714449661492923,0.9187798022819715,0.9308985471725464
ft_tkt_0008205,ft_sal_004340,ft_evt_0052,GENERAL,0.9361195153053811,0.8714449661492923,0.9187798022819715,0.9308985471725464
ft_tkt_0008206,ft_sal_004341,ft_evt_0052,PREFERENCIAL,0.9331061337242351,0.8834082670643696,0.9257136741202677,0.9243531823158264
ft_tkt_0008207,ft_sal_004342,ft_evt_0052,CORTESÍA,0.3910763515334876,0.25387078070219943,0.43729172327126714,0.45683324337005615
ft_tkt_0008208,ft_sal_004342,ft_evt_0052,CORTESÍA,0.3910763515334876,0.25387078070219943,0.43729172327126714,0.45683324337005615
ft_tkt_0008209,ft_sal_004343,ft_evt_0052,GENERAL,0.9361195153053811,0.8889535790727218,0.9182692081585343,0.9330986142158508
ft_tkt_0008210,ft_sal_004344,ft_evt_0052,CORTESÍA,0.3910763515334876,0.2224674326002522,0.34604823607212754,0.27812960743904114
ft_tkt_0008211,ft_sal_004345,ft_evt_0052,CORTESÍA,0.3910763515334876,0.1468794740539661,0.30045113233935167,0.16967104375362396
ft_tkt_0008212,ft_sal_004346,ft_evt_0052,GENERAL,0.9361195153053811,0.8720374153258532,0.918970795202308,0.9200382828712463
ft_tkt_0008213,ft_sal_004346,ft_evt_0052,GENERAL,0.9361195153053811,0.8720374153258532,0.918970795202308,0.9200382828712463
ft_tkt_0008214,ft_sal_004346,ft_evt_0052,GENERAL,0.9361195153053811,0.8720374153258532,0.918970795202308,0.9200382828712463
ft_tkt_0008215,ft_sal_004347,ft_evt_0052,PREFERENCIAL,0.9331061337242351,0.8989637358410052,0.9185300393359473,0.901585578918457
ft_tkt_0008216,ft_sal_004348,ft_evt_0052,GENERAL,0.9361195153053811,0.8777659196395398,0.9204109267230708,0.9390173554420471
ft_tkt_0008217,ft_sal_004348,ft_evt_0052,GENERAL,0.9361195153053811,0.8777659196395398,0.9204109267230708,0.9390173554420471
ft_tkt_0008218,ft_sal_004348,ft_evt_0052,GENERAL,0.9361195153053811,0.8777659196395398,0.9204109267230708,0.9390173554420471
ft_tkt_0008219,ft_sal_004348,ft_evt_0052,GENERAL,0.9361195153053811,0.8777659196395398,0.9204109267230708,0.9390173554420471
ft_tkt_0008220,ft_sal_004349,ft_evt_0052,GENERAL,0.9361195153053811,0.9179899086765761,0.9265050666127574,0.9341481328010559
ft_tkt_0008221,ft_sal_004350,ft_evt_0052,CORTESÍA,0.3910763515334876,0.20939886815460199,0.3880530590087719,0.30655330419540405
ft_tkt_0008222,ft_sal_004351,ft_evt_0052,GENERAL,0.9361195153053811,0.9333882628011937,0.9313599191731525,0.931945264339447
ft_tkt_0008223,ft_sal_004351,ft_evt_0052,GENERAL,0.9361195153053811,0.9333882628011937,0.9313599191731525,0.931945264339447
ft_tkt_0008224,ft_sal_004352,ft_evt_0052,GENERAL,0.9361195153053811,0.9065765727515998,0.950909793895688,0.9650160074234009
ft_tkt_0008225,ft_sal_004352,ft_evt_0052,GENERAL,0.9361195153053811,0.9065765727515998,0.950909793895688,0.9650160074234009
ft_tkt_0008226,ft_sal_004353,ft_evt_0052,CORTESÍA,0.3910763515334876,0.17336075416933788,0.3066432274961186,0.2817617952823639
ft_tkt_0008227,ft_sal_004354,ft_evt_0052,VIP,0.937698148842865,0.9054962586081033,0.9289763416968232,0.9389091730117798
ft_tkt_0008228,ft_sal_004355,ft_evt_0052,GENERAL,0.9361195153053811,0.9198926418170075,0.9296358493135779,0.9385591745376587
ft_tkt_0008229,ft_sal_004356,ft_evt_0052,CORTESÍA,0.3910763515334876,0.20181114899350283,0.3578021820823586,0.27510866522789
ft_tkt_0008230,ft_sal_004356,ft_evt_0052,CORTESÍA,0.3910763515334876,0.20181114899350283,0.3578021820823586,0.27510866522789
ft_tkt_0008231,ft_sal_004356,ft_evt_0052,CORTESÍA,0.3910763515334876,0.20181114899350283,0.3578021820823586,0.27510866522789
ft_tkt_0008232,ft_sal_004356,ft_evt_0052,CORTESÍA,0.3910763515334876,0.20181114899350283,0.3578021820823586,0.27510866522789
ft_tkt_0008233,ft_sal_004356,ft_evt_0052,CORTESÍA,0.3910763515334876,0.20181114899350283,0.3578021820823586,0.27510866522789
ft_tkt_0008234,ft_sal_004356,ft_evt_0052,CORTESÍA,0.3910763515334876,0.20181114899350283,0.3578021820823586,0.27510866522789
ft_tkt_0008235,ft_sal_004357,ft_evt_0052,PREFERENCIAL,0.9331061337242351,0.8863259029036359,0.926781944105805,0.9240188598632812
ft_tkt_0008236,ft_sal_004358,ft_evt_0052,GENERAL,0.9361195153053811,0.733477295320346,0.8734569292262488,0.8728814125061035
ft_tkt_0008237,ft_sal_004359,ft_evt_0052,CORTESÍA,0.3910763515334876,0.22342921845609137,0.36914255288556985,0.32143038511276245
ft_tkt_0008238,ft_sal_004359,ft_evt_0052,CORTESÍA,0.3910763515334876,0.22342921845609137,0.36914255288556985,0.32143038511276245
ft_tkt_0008239,ft_sal_004359,ft_evt_0052,CORTESÍA,0.3910763515334876,0.22342921845609137,0.36914255288556985,0.32143038511276245
ft_tkt_0008240,ft_sal_004360,ft_evt_0052,CORTESÍA,0.3910763515334876,0.1713898630165317,0.3022857770991571,0.24144823849201202
ft_tkt_0008241,ft_sal_004361,ft_evt_0052,GENERAL,0.9361195153053811,0.8883240571402679,0.9295821138894589,0.9154018759727478
ft_tkt_0008242,ft_sal_004362,ft_evt_0052,CORTESÍA,0.3910763515334876,0.2477973486428293,0.35872885246233227,0.29814764857292175
ft_tkt_0008243,ft_sal_004362,ft_evt_0052,CORTESÍA,0.3910763515334876,0.2477973486428293,0.35872885246233227,0.29814764857292175
ft_tkt_0008244,ft_sal_004363,ft_evt_0052,GENERAL,0.9361195153053811,0.8058719564976705,0.9247496637155689,0.9212421178817749
ft_tkt_0008245,ft_sal_004364,ft_evt_0052,GENERAL,0.9361195153053811,0.8267604050442631,0.9087575431092132,0.8958461880683899
ft_tkt_0008246,ft_sal_004365,ft_evt_0052,GENERAL,0.9361195153053811,0.9040463796788182,0.9185895758454236,0.8954846262931824
ft_tkt_0008247,ft_sal_004365,ft_evt_0052,GENERAL,0.9361195153053811,0.9040463796788182,0.9185895758454236,0.8954846262931824
ft_tkt_0008248,ft_sal_004366,ft_evt_0052,VIP,0.937698148842865,0.9050187372080951,0.9289763416968232,0.9345196485519409
ft_tkt_0008249,ft_sal_004367,ft_evt_0052,GENERAL,0.9361195153053811,0.8966923526160746,0.9279311683838873,0.9110480546951294
ft_tkt_0008250,ft_sal_004367,ft_evt_0052,GENERAL,0.9361195153053811,0.8966923526160746,0.9279311683838873,0.9110480546951294
ft_tkt_0008251,ft_sal_004367,ft_evt_0052,GENERAL,0.9361195153053811,0.8966923526160746,0.9279311683838873,0.9110480546951294
ft_tkt_0008252,ft_sal_004367,ft_evt_0052,GENERAL,0.9361195153053811,0.8966923526160746,0.9279311683838873,0.9110480546951294
ft_tkt_0008253,ft_sal_004368,ft_evt_0052,PREFERENCIAL,0.9331061337242351,0.9090990984520047,0.9542169941916513,0.9359341263771057
ft_tkt_0008254,ft_sal_004368,ft_evt_0052,PREFERENCIAL,0.9331061337242351,0.9090990984520047,0.9542169941916513,0.9359341263771057
ft_tkt_0008255,ft_sal_004369,ft_evt_0052,GENERAL,0.9361195153053811,0.8201177743478397,0.9133325473666749,0.8822753429412842
ft_tkt_0008256,ft_sal_004370,ft_evt_0052,CORTESÍA,0.3910763515334876,0.22315105319514775,0.332883932434853,0.21835939586162567
ft_tkt_0008257,ft_sal_004370,ft_evt_0052,CORTESÍA,0.3910763515334876,0.22315105319514775,0.332883932434853,0.21835939586162567
ft_tkt_0008258,ft_sal_004371,ft_evt_0052,GENERAL,0.9361195153053811,0.89794554395049,0.9286408893602738,0.9064226150512695
ft_tkt_0008259,ft_sal_004371,ft_evt_0052,GENERAL,0.9361195153053811,0.89794554395049,0.9286408893602738,0.9064226150512695
ft_tkt_0008260,ft_sal_004371,ft_evt_0052,GENERAL,0.9361195153053811,0.89794554395049,0.9286408893602738,0.9064226150512695
ft_tkt_0008261,ft_sal_004371,ft_evt_0052,GENERAL,0.9361195153053811,0.89794554395049,0.9286408893602738,0.9064226150512695
ft_tkt_0008262,ft_sal_004372,ft_evt_0052,CORTESÍA,0.3910763515334876,0.20561955981924068,0.3230143053250798,0.2441067099571228
ft_tkt_0008263,ft_sal_004372,ft_evt_0052,CORTESÍA,0.3910763515334876,0.20561955981924068,0.3230143053250798,0.2441067099571228
ft_tkt_0008264,ft_sal_004373,ft_evt_0052,CORTESÍA,0.3910763515334876,0.2237512769823227,0.3405544653984762,0.3011600375175476
ft_tkt_0008265,ft_sal_004374,ft_evt_0052,PREFERENCIAL,0.9331061337242351,0.8541581720098232,0.9332840249372563,0.936901330947876
ft_tkt_0008266,ft_sal_004375,ft_evt_0052,CORTESÍA,0.3910763515334876,0.25183262454382604,0.3933808583926274,0.3519623577594757
ft_tkt_0008267,ft_sal_004376,ft_evt_0052,PREFERENCIAL,0.9331061337242351,0.9301241552809463,0.9432311233158758,0.9594281911849976
ft_tkt_0008268,ft_sal_004376,ft_evt_0052,PREFERENCIAL,0.9331061337242351,0.9301241552809463,0.9432311233158758,0.9594281911849976
ft_tkt_0008269,ft_sal_004377,ft_evt_0052,GENERAL,0.9361195153053811,0.9222097866842824,0.9317925198197099,0.9305339455604553
ft_tkt_0008270,ft_sal_004378,ft_evt_0052,CORTESÍA,0.3910763515334876,0.1959589880902644,0.34035960761553513,0.25007107853889465
ft_tkt_0008271,ft_sal_004378,ft_evt_0052,CORTESÍA,0.3910763515334876,0.1959589880902644,0.34035960761553513,0.25007107853889465
ft_tkt_0008272,ft_sal_004378,ft_evt_0052,CORTESÍA,0.3910763515334876,0.1959589880902644,0.34035960761553513,0.25007107853889465
ft_tkt_0008273,ft_sal_004378,ft_evt_0052,CORTESÍA,0.3910763515334876,0.1959589880902644,0.34035960761553513,0.25007107853889465
ft_tkt_0008274,ft_sal_004379,ft_evt_0052,GENERAL,0.9361195153053811,0.8834708936266508,0.9212841386649234,0.9217458367347717
ft_tkt_0008275,ft_sal_004379,ft_evt_0052,GENERAL,0.9361195153053811,0.8834708936266508,0.9212841386649234,0.9217458367347717
ft_tkt_0008276,ft_sal_004380,ft_evt_0052,PREFERENCIAL,0.9331061337242351,0.8425352039181448,0.9137285056077471,0.8836424946784973
ft_tkt_0008277,ft_sal_004380,ft_evt_0052,PREFERENCIAL,0.9331061337242351,0.8425352039181448,0.9137285056077471,0.8836424946784973
ft_tkt_0008278,ft_sal_004380,ft_evt_0052,PREFERENCIAL,0.9331061337242351,0.8425352039181448,0.9137285056077471,0.8836424946784973
ft_tkt_0008279,ft_sal_004381,ft_evt_0052,VIP,0.937698148842865,0.9037370381177549,0.926061645526512,0.9344449639320374
ft_tkt_0008280,ft_sal_004381,ft_evt_0052,VIP,0.937698148842865,0.9037370381177549,0.926061645526512,0.9344449639320374
ft_tkt_0008281,ft_sal_004382,ft_evt_0052,GENERAL,0.9361195153053811,0.9552698829077737,0.9520848735420993,0.9543867111206055
ft_tkt_0008282,ft_sal_004383,ft_evt_0052,GENERAL,0.9361195153053811,0.8305115739447337,0.9307256934782606,0.9207340478897095
ft_tkt_0008283,ft_sal_004384,ft_evt_0052,GENERAL,0.9361195153053811,0.9012441824763706,0.9268040772990785,0.9290693402290344
ft_tkt_0008284,ft_sal_004384,ft_evt_0052,GENERAL,0.9361195153053811,0.9012441824763706,0.9268040772990785,0.9290693402290344
ft_tkt_0008285,ft_sal_004385,ft_evt_0052,GENERAL,0.9361195153053811,0.8241513526637861,0.8878097135525519,0.8814839124679565
ft_tkt_0008286,ft_sal_004385,ft_evt_0052,GENERAL,0.9361195153053811,0.8241513526637861,0.8878097135525519,0.8814839124679565
ft_tkt_0008287,ft_sal_004385,ft_evt_0052,GENERAL,0.9361195153053811,0.8241513526637861,0.8878097135525519,0.8814839124679565
ft_tkt_0008288,ft_sal_004386,ft_evt_0052,PREFERENCIAL,0.9331061337242351,0.8960109281485903,0.9309521888733113,0.9200156331062317
ft_tkt_0008289,ft_sal_004387,ft_evt_0052,GENERAL,0.9361195153053811,0.8944495310721455,0.9314396674187507,0.9320660829544067
ft_tkt_0008290,ft_sal_004388,ft_evt_0052,PREFERENCIAL,0.9331061337242351,0.8953891648101492,0.9244241931700696,0.9022588133811951
ft_tkt_0008291,ft_sal_004388,ft_evt_0052,PREFERENCIAL,0.9331061337242351,0.8953891648101492,0.9244241931700696,0.9022588133811951
ft_tkt_0008292,ft_sal_004389,ft_evt_0052,GENERAL,0.9361195153053811,0.8587893622352468,0.9205649368073677,0.9309726357460022
ft_tkt_0008293,ft_sal_004390,ft_evt_0052,CORTESÍA,0.3910763515334876,0.11051962887807859,0.28978411241846525,0.18256151676177979
ft_tkt_0008294,ft_sal_004391,ft_evt_0052,PREFERENCIAL,0.9331061337242351,0.9149176837223285,0.9420288398442136,0.9447323083877563
ft_tkt_0008295,ft_sal_004391,ft_evt_0052,PREFERENCIAL,0.9331061337242351,0.9149176837223285,0.9420288398442136,0.9447323083877563
ft_tkt_0008296,ft_sal_004392,ft_evt_0052,CORTESÍA,0.3910763515334876,0.1959674794189597,0.35933844426773276,0.3233780860900879
ft_tkt_0008297,ft_sal_004393,ft_evt_0052,GENERAL,0.9361195153053811,0.8439347860889727,0.8826835694383433,0.862052321434021
ft_tkt_0008298,ft_sal_004394,ft_evt_0052,PREFERENCIAL,0.9331061337242351,0.8759784665023496,0.9195666983215747,0.9042825698852539
ft_tkt_0008299,ft_sal_004394,ft_evt_0052,PREFERENCIAL,0.9331061337242351,0.8759784665023496,0.9195666983215747,0.9042825698852539
ft_tkt_0008300,ft_sal_004395,ft_evt_0052,CORTESÍA,0.3910763515334876,0.22239227393275446,0.34630670193140606,0.34723716974258423
ft_tkt_0008301,ft_sal_004396,ft_evt_0052,GENERAL,0.9361195153053811,0.8692834817344038,0.9189015218355902,0.9325452446937561
ft_tkt_0008302,ft_sal_004396,ft_evt_0052,GENERAL,0.9361195153053811,0.8692834817344038,0.9189015218355902,0.9325452446937561
ft_tkt_0008303,ft_sal_004397,ft_evt_0052,GENERAL,0.9361195153053811,0.891510181540932,0.9297597495978929,0.9403926134109497
ft_tkt_0008304,ft_sal_004398,ft_evt_0052,GENERAL,0.9361195153053811,0.9328381898160458,0.9306266006410921,0.9296629428863525
ft_tkt_0008305,ft_sal_004398,ft_evt_0052,GENERAL,0.9361195153053811,0.9328381898160458,0.9306266006410921,0.9296629428863525
ft_tkt_0008306,ft_sal_004399,ft_evt_0052,GENERAL,0.9361195153053811,0.9071079223068763,0.9187614631843787,0.903039813041687
ft_tkt_0008307,ft_sal_004400,ft_evt_0052,GENERAL,0.9361195153053811,0.9090079025699566,0.9304541751258528,0.9330793023109436
ft_tkt_0008308,ft_sal_004400,ft_evt_0052,GENERAL,0.9361195153053811,0.9090079025699566,0.9304541751258528,0.9330793023109436
ft_tkt_0008309,ft_sal_004401,ft_evt_0052,GENERAL,0.9361195153053811,0.8752447433220104,0.9186438026725106,0.9265546798706055
ft_tkt_0008310,ft_sal_004401,ft_evt_0052,GENERAL,0.9361195153053811,0.8752447433220104,0.9186438026725106,0.9265546798706055
ft_tkt_0008311,ft_sal_004401,ft_evt_0052,GENERAL,0.9361195153053811,0.8752447433220104,0.9186438026725106,0.9265546798706055
ft_tkt_0008312,ft_sal_004402,ft_evt_0052,GENERAL,0.9361195153053811,0.8795957450914925,0.9196093286208794,0.9127580523490906
ft_tkt_0008313,ft_sal_004402,ft_evt_0052,GENERAL,0.9361195153053811,0.8795957450914925,0.9196093286208794,0.9127580523490906
ft_tkt_0008314,ft_sal_004403,ft_evt_0052,CORTESÍA,0.3910763515334876,0.19141156574798476,0.31694402675285144,0.2639578580856323
ft_tkt_0008315,ft_sal_004404,ft_evt_0052,GENERAL,0.9361195153053811,0.8798791431684604,0.9500936342449554,0.9493371844291687
ft_tkt_0008316,ft_sal_004404,ft_evt_0052,GENERAL,0.9361195153053811,0.8798791431684604,0.9500936342449554,0.9493371844291687
ft_tkt_0008317,ft_sal_004405,ft_evt_0052,CORTESÍA,0.3910763515334876,0.23386212816520446,0.3406611268850205,0.2530425786972046
ft_tkt_0008318,ft_sal_004406,ft_evt_0052,PREFERENCIAL,0.9331061337242351,0.86726650664515,0.9255765581745639,0.8999074697494507
ft_tkt_0008319,ft_sal_004406,ft_evt_0052,PREFERENCIAL,0.9331061337242351,0.86726650664515,0.9255765581745639,0.8999074697494507
ft_tkt_0008320,ft_sal_004407,ft_evt_0052,CORTESÍA,0.3910763515334876,0.24210658324216108,0.38415767758892594,0.3802444636821747
ft_tkt_0008321,ft_sal_004408,ft_evt_0052,CORTESÍA,0.3910763515334876,0.24994527972378458,0.3933911907268899,0.3533216714859009
ft_tkt_0008322,ft_sal_004409,ft_evt_0052,CORTESÍA,0.3910763515334876,0.2482235193990547,0.3886192494356142,0.351347416639328
ft_tkt_0008323,ft_sal_004410,ft_evt_0052,CORTESÍA,0.3910763515334876,0.1890939455183883,0.3152205599656791,0.2548910975456238
ft_tkt_0008324,ft_sal_004410,ft_evt_0052,CORTESÍA,0.3910763515334876,0.1890939455183883,0.3152205599656791,0.2548910975456238
ft_tkt_0008325,ft_sal_004410,ft_evt_0052,CORTESÍA,0.3910763515334876,0.1890939455183883,0.3152205599656791,0.2548910975456238
ft_tkt_0008326,ft_sal_004410,ft_evt_0052,CORTESÍA,0.3910763515334876,0.1890939455183883,0.3152205599656791,0.2548910975456238
ft_tkt_0008327,ft_sal_004411,ft_evt_0052,GENERAL,0.9361195153053811,0.9139438702878899,0.9201262717571331,0.917672336101532
ft_tkt_0008328,ft_sal_004412,ft_evt_0052,GENERAL,0.9361195153053811,0.8379497411896436,0.9116360961743765,0.9182282090187073
ft_tkt_0008329,ft_sal_004412,ft_evt_0052,GENERAL,0.9361195153053811,0.8379497411896436,0.9116360961743765,0.9182282090187073
ft_tkt_0008330,ft_sal_004413,ft_evt_0052,CORTESÍA,0.3910763515334876,0.25807035797952205,0.3634887018548765,0.3122742772102356
ft_tkt_0008331,ft_sal_004413,ft_evt_0052,CORTESÍA,0.3910763515334876,0.25807035797952205,0.3634887018548765,0.3122742772102356
ft_tkt_0008332,ft_sal_004413,ft_evt_0052,CORTESÍA,0.3910763515334876,0.25807035797952205,0.3634887018548765,0.3122742772102356
ft_tkt_0008333,ft_sal_004414,ft_evt_0052,CORTESÍA,0.3910763515334876,0.2506519273354906,0.3933808583926274,0.3519623577594757
ft_tkt_0008334,ft_sal_004415,ft_evt_0052,PREFERENCIAL,0.9331061337242351,0.9044555288257696,0.9311616824899186,0.9282732009887695
ft_tkt_0008335,ft_sal_004415,ft_evt_0052,PREFERENCIAL,0.9331061337242351,0.9044555288257696,0.9311616824899186,0.9282732009887695
ft_tkt_0008336,ft_sal_004415,ft_evt_0052,PREFERENCIAL,0.9331061337242351,0.9044555288257696,0.9311616824899186,0.9282732009887695
ft_tkt_0008337,ft_sal_004416,ft_evt_0052,CORTESÍA,0.3910763515334876,0.16463260564057652,0.31572500230964085,0.3197486698627472
ft_tkt_0008338,ft_sal_004417,ft_evt_0052,CORTESÍA,0.3910763515334876,0.19828524595704608,0.36598616231901077,0.3272903561592102
ft_tkt_0008339,ft_sal_004418,ft_evt_0052,GENERAL,0.9361195153053811,0.8876403502193209,0.9269301553843425,0.9164058566093445
ft_tkt_0008340,ft_sal_004419,ft_evt_0052,CORTESÍA,0.3910763515334876,0.2674977299683887,0.3736523498573518,0.35636112093925476
ft_tkt_0008341,ft_sal_004419,ft_evt_0052,CORTESÍA,0.3910763515334876,0.2674977299683887,0.3736523498573518,0.35636112093925476
ft_tkt_0008342,ft_sal_004420,ft_evt_0052,GENERAL,0.9361195153053811,0.933672184448357,0.9296987598712719,0.941053032875061
ft_tkt_0008343,ft_sal_004421,ft_evt_0052,CORTESÍA,0.3910763515334876,0.15064832514064083,0.305606803323695,0.1512790024280548
ft_tkt_0008344,ft_sal_004422,ft_evt_0052,PREFERENCIAL,0.9331061337242351,0.892560058062744,0.9290824333381922,0.924648106098175
ft_tkt_0008345,ft_sal_004423,ft_evt_0052,GENERAL,0.9361195153053811,0.8644229138773479,0.9225191654368021,0.9041367769241333
ft_tkt_0008346,ft_sal_004423,ft_evt_0052,GENERAL,0.9361195153053811,0.8644229138773479,0.9225191654368021,0.9041367769241333
ft_tkt_0008347,ft_sal_004423,ft_evt_0052,GENERAL,0.9361195153053811,0.8644229138773479,0.9225191654368021,0.9041367769241333
ft_tkt_0008348,ft_sal_004424,ft_evt_0052,CORTESÍA,0.3910763515334876,0.22671982739560187,0.3661892950876286,0.3052869737148285
ft_tkt_0008349,ft_sal_004424,ft_evt_0052,CORTESÍA,0.3910763515334876,0.22671982739560187,0.3661892950876286,0.3052869737148285
ft_tkt_0008350,ft_sal_004425,ft_evt_0052,GENERAL,0.9361195153053811,0.8921117640865489,0.9260120312139242,0.9321922659873962
ft_tkt_0008351,ft_sal_004425,ft_evt_0052,GENERAL,0.9361195153053811,0.8921117640865489,0.9260120312139242,0.9321922659873962
ft_tkt_0008352,ft_sal_004425,ft_evt_0052,GENERAL,0.9361195153053811,0.8921117640865489,0.9260120312139242,0.9321922659873962
ft_tkt_0008353,ft_sal_004426,ft_evt_0052,PREFERENCIAL,0.9331061337242351,0.8427403585444837,0.9463718915467175,0.9364537000656128
ft_tkt_0008354,ft_sal_004427,ft_evt_0052,GENERAL,0.9361195153053811,0.8279424354572853,0.9201597856605019,0.9384476542472839
ft_tkt_0008355,ft_sal_004428,ft_evt_0052,VIP,0.937698148842865,0.8934141733349364,0.9161739166688827,0.8940867781639099
ft_tkt_0008356,ft_sal_004429,ft_evt_0052,CORTESÍA,0.3910763515334876,0.19119172186849764,0.3289271917705929,0.25831082463264465
ft_tkt_0008357,ft_sal_004429,ft_evt_0052,CORTESÍA,0.3910763515334876,0.19119172186849764,0.3289271917705929,0.25831082463264465
ft_tkt_0008358,ft_sal_004429,ft_evt_0052,CORTESÍA,0.3910763515334876,0.19119172186849764,0.3289271917705929,0.25831082463264465
ft_tkt_0008359,ft_sal_004429,ft_evt_0052,CORTESÍA,0.3910763515334876,0.19119172186849764,0.3289271917705929,0.25831082463264465
ft_tkt_0008360,ft_sal_004430,ft_evt_0052,CORTESÍA,0.3910763515334876,0.18976524653258312,0.3228238899162863,0.23515929281711578
ft_tkt_0008361,ft_sal_004431,ft_evt_0052,GENERAL,0.9361195153053811,0.8919537780255401,0.9305078787298344,0.9243791699409485
ft_tkt_0008362,ft_sal_004432,ft_evt_0052,CORTESÍA,0.3910763515334876,0.22366965289616958,0.3667489215657633,0.3258312940597534
ft_tkt_0008363,ft_sal_004432,ft_evt_0052,CORTESÍA,0.3910763515334876,0.22366965289616958,0.3667489215657633,0.3258312940597534
ft_tkt_0008364,ft_sal_004433,ft_evt_0052,PREFERENCIAL,0.9331061337242351,0.9098744666598849,0.9325797187919153,0.929085373878479
ft_tkt_0008365,ft_sal_004433,ft_evt_0052,PREFERENCIAL,0.9331061337242351,0.9098744666598849,0.9325797187919153,0.929085373878479
ft_tkt_0008366,ft_sal_004434,ft_evt_0052,CORTESÍA,0.3910763515334876,0.2142369575191027,0.3298464117643382,0.25868168473243713
ft_tkt_0008367,ft_sal_004435,ft_evt_0052,CORTESÍA,0.3910763515334876,0.25388788990976047,0.400264890216916,0.3560384511947632
ft_tkt_0008368,ft_sal_004436,ft_evt_0052,CORTESÍA,0.3910763515334876,0.1947505370642916,0.32715917882646006,0.25780245661735535
ft_tkt_0008369,ft_sal_004437,ft_evt_0052,PREFERENCIAL,0.9331061337242351,0.9078456466259142,0.9227427933310635,0.9257609844207764
ft_tkt_0008370,ft_sal_004437,ft_evt_0052,PREFERENCIAL,0.9331061337242351,0.9078456466259142,0.9227427933310635,0.9257609844207764
ft_tkt_0008371,ft_sal_004438,ft_evt_0052,GENERAL,0.9361195153053811,0.9233436365368928,0.9517569414023581,0.9351610541343689
ft_tkt_0008372,ft_sal_004439,ft_evt_0052,PREFERENCIAL,0.9331061337242351,0.9079694337054127,0.9308701991633365,0.924602746963501
ft_tkt_0008373,ft_sal_004439,ft_evt_0052,PREFERENCIAL,0.9331061337242351,0.9079694337054127,0.9308701991633365,0.924602746963501
ft_tkt_0008374,ft_sal_004440,ft_evt_0052,CORTESÍA,0.3910763515334876,0.2532190045503434,0.36827499905304517,0.3376648426055908
ft_tkt_0008375,ft_sal_004440,ft_evt_0052,CORTESÍA,0.3910763515334876,0.2532190045503434,0.36827499905304517,0.3376648426055908
ft_tkt_0008376,ft_sal_004440,ft_evt_0052,CORTESÍA,0.3910763515334876,0.2532190045503434,0.36827499905304517,0.3376648426055908
ft_tkt_0008377,ft_sal_004440,ft_evt_0052,CORTESÍA,0.3910763515334876,0.2532190045503434,0.36827499905304517,0.3376648426055908
ft_tkt_0008378,ft_sal_004440,ft_evt_0052,CORTESÍA,0.3910763515334876,0.2532190045503434,0.36827499905304517,0.3376648426055908
ft_tkt_0008379,ft_sal_004440,ft_evt_0052,CORTESÍA,0.3910763515334876,0.2532190045503434,0.36827499905304517,0.3376648426055908
ft_tkt_0008380,ft_sal_004441,ft_evt_0052,VIP,0.937698148842865,0.8527806434895467,0.920683380955699,0.9269797801971436
ft_tkt_0008381,ft_sal_004442,ft_evt_0052,CORTESÍA,0.3910763515334876,0.22159133808741696,0.32733064363483055,0.2875927686691284
ft_tkt_0008382,ft_sal_004442,ft_evt_0052,CORTESÍA,0.3910763515334876,0.22159133808741696,0.32733064363483055,0.2875927686691284
ft_tkt_0008383,ft_sal_004443,ft_evt_0052,GENERAL,0.9361195153053811,0.8728419001210669,0.9196794253367602,0.9086914658546448
ft_tkt_0008384,ft_sal_004444,ft_evt_0052,GENERAL,0.9361195153053811,0.8989761837324871,0.9295308336740947,0.932976245880127
ft_tkt_0008385,ft_sal_004444,ft_evt_0052,GENERAL,0.9361195153053811,0.8989761837324871,0.9295308336740947,0.932976245880127
ft_tkt_0008386,ft_sal_004444,ft_evt_0052,GENERAL,0.9361195153053811,0.8989761837324871,0.9295308336740947,0.932976245880127
ft_tkt_0008387,ft_sal_004444,ft_evt_0052,GENERAL,0.9361195153053811,0.8989761837324871,0.9295308336740947,0.932976245880127
ft_tkt_0008388,ft_sal_004445,ft_evt_0052,CORTESÍA,0.3910763515334876,0.1275041092882937,0.3320594195159268,0.30139613151550293
ft_tkt_0008389,ft_sal_004446,ft_evt_0052,CORTESÍA,0.3910763515334876,0.12888781486944825,0.32753880372853555,0.2724710702896118
ft_tkt_0008390,ft_sal_004447,ft_evt_0052,GENERAL,0.9361195153053811,0.9091179709111529,0.9306791335103365,0.9238138198852539
ft_tkt_0008391,ft_sal_004447,ft_evt_0052,GENERAL,0.9361195153053811,0.9091179709111529,0.9306791335103365,0.9238138198852539
ft_tkt_0008392,ft_sal_004448,ft_evt_0052,GENERAL,0.9361195153053811,0.8290621838371378,0.9143464018049909,0.9029114246368408
ft_tkt_0008393,ft_sal_004448,ft_evt_0052,GENERAL,0.9361195153053811,0.8290621838371378,0.9143464018049909,0.9029114246368408
ft_tkt_0008394,ft_sal_004449,ft_evt_0052,GENERAL,0.9361195153053811,0.8791824042814319,0.9162890736655656,0.9233137965202332
ft_tkt_0008395,ft_sal_004449,ft_evt_0052,GENERAL,0.9361195153053811,0.8791824042814319,0.9162890736655656,0.9233137965202332
ft_tkt_0008396,ft_sal_004450,ft_evt_0052,GENERAL,0.9361195153053811,0.8563333040848521,0.9151900322958364,0.9185994863510132
ft_tkt_0008397,ft_sal_004450,ft_evt_0052,GENERAL,0.9361195153053811,0.8563333040848521,0.9151900322958364,0.9185994863510132
ft_tkt_0008398,ft_sal_004451,ft_evt_0052,GENERAL,0.9361195153053811,0.8942704315599926,0.9319201317564096,0.9245675802230835
ft_tkt_0008399,ft_sal_004452,ft_evt_0052,GENERAL,0.9361195153053811,0.8027417725013481,0.9090327216000322,0.9317348003387451
ft_tkt_0008400,ft_sal_004452,ft_evt_0052,GENERAL,0.9361195153053811,0.8027417725013481,0.9090327216000322,0.9317348003387451
ft_tkt_0008401,ft_sal_004453,ft_evt_0052,GENERAL,0.9361195153053811,0.7470820343550135,0.919354561556681,0.8923353552818298
ft_tkt_0008402,ft_sal_004454,ft_evt_0052,GENERAL,0.9361195153053811,0.9042647459891854,0.9294436981286037,0.9418378472328186
ft_tkt_0008403,ft_sal_004454,ft_evt_0052,GENERAL,0.9361195153053811,0.9042647459891854,0.9294436981286037,0.9418378472328186
ft_tkt_0008404,ft_sal_004455,ft_evt_0052,CORTESÍA,0.3910763515334876,0.3060385401408781,0.3768237611666863,0.33088982105255127
ft_tkt_0008405,ft_sal_004456,ft_evt_0052,CORTESÍA,0.3910763515334876,0.143163595070303,0.3502195832857147,0.27752885222435
ft_tkt_0008406,ft_sal_004457,ft_evt_0052,GENERAL,0.9361195153053811,0.805108931284782,0.9049320349691914,0.8937740325927734
ft_tkt_0008407,ft_sal_004457,ft_evt_0052,GENERAL,0.9361195153053811,0.805108931284782,0.9049320349691914,0.8937740325927734
ft_tkt_0008408,ft_sal_004457,ft_evt_0052,GENERAL,0.9361195153053811,0.805108931284782,0.9049320349691914,0.8937740325927734
ft_tkt_0008409,ft_sal_004457,ft_evt_0052,GENERAL,0.9361195153053811,0.805108931284782,0.9049320349691914,0.8937740325927734
ft_tkt_0008410,ft_sal_004457,ft_evt_0052,GENERAL,0.9361195153053811,0.805108931284782,0.9049320349691914,0.8937740325927734
ft_tkt_0008411,ft_sal_004457,ft_evt_0052,GENERAL,0.9361195153053811,0.805108931284782,0.9049320349691914,0.8937740325927734
ft_tkt_0008412,ft_sal_004458,ft_evt_0052,GENERAL,0.9361195153053811,0.8835246700459318,0.915844019835447,0.9259754419326782
ft_tkt_0008413,ft_sal_004459,ft_evt_0052,GENERAL,0.9361195153053811,0.9255829455236941,0.9491530970464837,0.9489951133728027
ft_tkt_0008414,ft_sal_004459,ft_evt_0052,GENERAL,0.9361195153053811,0.9255829455236941,0.9491530970464837,0.9489951133728027
ft_tkt_0008415,ft_sal_004460,ft_evt_0052,CORTESÍA,0.3910763515334876,0.15400614532938575,0.30478433883252787,0.23348931968212128
ft_tkt_0008416,ft_sal_004461,ft_evt_0052,GENERAL,0.9361195153053811,0.8943933740757217,0.9306226024329625,0.9381788372993469
ft_tkt_0008417,ft_sal_004462,ft_evt_0052,CORTESÍA,0.3910763515334876,0.22512611470422034,0.35271442134143294,0.2882172167301178
ft_tkt_0008418,ft_sal_004462,ft_evt_0052,CORTESÍA,0.3910763515334876,0.22512611470422034,0.35271442134143294,0.2882172167301178
ft_tkt_0008419,ft_sal_004462,ft_evt_0052,CORTESÍA,0.3910763515334876,0.22512611470422034,0.35271442134143294,0.2882172167301178
ft_tkt_0008420,ft_sal_004462,ft_evt_0052,CORTESÍA,0.3910763515334876,0.22512611470422034,0.35271442134143294,0.2882172167301178
ft_tkt_0008421,ft_sal_004463,ft_evt_0052,PREFERENCIAL,0.9331061337242351,0.932516030566194,0.9299893923228155,0.9287127256393433
ft_tkt_0008422,ft_sal_004463,ft_evt_0052,PREFERENCIAL,0.9331061337242351,0.932516030566194,0.9299893923228155,0.9287127256393433
ft_tkt_0008423,ft_sal_004464,ft_evt_0052,PREFERENCIAL,0.9331061337242351,0.8576622552179075,0.9187650552106622,0.9283847808837891
ft_tkt_0008424,ft_sal_004464,ft_evt_0052,PREFERENCIAL,0.9331061337242351,0.8576622552179075,0.9187650552106622,0.9283847808837891
ft_tkt_0008425,ft_sal_004464,ft_evt_0052,PREFERENCIAL,0.9331061337242351,0.8576622552179075,0.9187650552106622,0.9283847808837891
ft_tkt_0008426,ft_sal_004465,ft_evt_0052,GENERAL,0.9361195153053811,0.9012814171756098,0.9268040772990785,0.9290693402290344
ft_tkt_0008427,ft_sal_004465,ft_evt_0052,GENERAL,0.9361195153053811,0.9012814171756098,0.9268040772990785,0.9290693402290344
ft_tkt_0008428,ft_sal_004466,ft_evt_0052,GENERAL,0.9361195153053811,0.8917231429277905,0.9292182999421422,0.9333107471466064
ft_tkt_0008429,ft_sal_004467,ft_evt_0052,GENERAL,0.9361195153053811,0.859064598713343,0.9157093332594014,0.9080148339271545
ft_tkt_0008430,ft_sal_004468,ft_evt_0052,CORTESÍA,0.3910763515334876,0.1816052292626507,0.32234118509422044,0.3070230484008789
ft_tkt_0008431,ft_sal_004469,ft_evt_0052,GENERAL,0.9361195153053811,0.8872920700997813,0.9194887835587585,0.9138652086257935
ft_tkt_0008432,ft_sal_004470,ft_evt_0052,CORTESÍA,0.3910763515334876,0.28293538466754636,0.38959020798997673,0.3525415062904358
ft_tkt_0008433,ft_sal_004470,ft_evt_0052,CORTESÍA,0.3910763515334876,0.28293538466754636,0.38959020798997673,0.3525415062904358
ft_tkt_0008434,ft_sal_004471,ft_evt_0052,GENERAL,0.9361195153053811,0.8770577042199377,0.911804551653552,0.9107393622398376
ft_tkt_0008435,ft_sal_004471,ft_evt_0052,GENERAL,0.9361195153053811,0.8770577042199377,0.911804551653552,0.9107393622398376
ft_tkt_0008436,ft_sal_004472,ft_evt_0052,CORTESÍA,0.3910763515334876,0.2890872694274808,0.40092031549202606,0.3572397530078888
ft_tkt_0008437,ft_sal_004472,ft_evt_0052,CORTESÍA,0.3910763515334876,0.2890872694274808,0.40092031549202606,0.3572397530078888
ft_tkt_0008438,ft_sal_004473,ft_evt_0052,GENERAL,0.9361195153053811,0.916881594205981,0.9277288965680915,0.9252949357032776
ft_tkt_0008439,ft_sal_004474,ft_evt_0052,GENERAL,0.9361195153053811,0.8558638197685298,0.9135716788364546,0.8957287073135376
ft_tkt_0008440,ft_sal_004474,ft_evt_0052,GENERAL,0.9361195153053811,0.8558638197685298,0.9135716788364546,0.8957287073135376
ft_tkt_0008441,ft_sal_004474,ft_evt_0052,GENERAL,0.9361195153053811,0.8558638197685298,0.9135716788364546,0.8957287073135376
ft_tkt_0008442,ft_sal_004475,ft_evt_0052,GENERAL,0.9361195153053811,0.870744971433432,0.9303926423980591,0.9274334907531738
ft_tkt_0008443,ft_sal_004476,ft_evt_0052,GENERAL,0.9361195153053811,0.8898598756941607,0.9288732601611646,0.932363748550415
ft_tkt_0008444,ft_sal_004477,ft_evt_0052,CORTESÍA,0.3910763515334876,0.2402278348018706,0.3635579912052129,0.2313474416732788
ft_tkt_0008445,ft_sal_004478,ft_evt_0052,VIP,0.937698148842865,0.8565436416642176,0.9330038457170629,0.9311332106590271
ft_tkt_0008446,ft_sal_004479,ft_evt_0052,CORTESÍA,0.3910763515334876,0.38691751722610723,0.41846387803228624,0.3322962820529938
ft_tkt_0008447,ft_sal_004480,ft_evt_0052,VIP,0.937698148842865,0.9114417066256812,0.9393671932451161,0.9364111423492432
ft_tkt_0008448,ft_sal_004481,ft_evt_0052,GENERAL,0.9361195153053811,0.8856302197684572,0.926781944105805,0.927734911441803
ft_tkt_0008449,ft_sal_004482,ft_evt_0052,GENERAL,0.9361195153053811,0.8527235009601627,0.9177619179548353,0.9096547961235046
ft_tkt_0008450,ft_sal_004482,ft_evt_0052,GENERAL,0.9361195153053811,0.8527235009601627,0.9177619179548353,0.9096547961235046
ft_tkt_0008451,ft_sal_004483,ft_evt_0052,GENERAL,0.9361195153053811,0.8865340955572812,0.9255791132297536,0.9449151754379272
ft_tkt_0008452,ft_sal_004484,ft_evt_0052,VIP,0.937698148842865,0.9041053278432157,0.9290824333381922,0.9322851896286011
ft_tkt_0008453,ft_sal_004485,ft_evt_0052,PREFERENCIAL,0.9331061337242351,0.8797158542992088,0.9257853217120988,0.9167383909225464
ft_tkt_0008454,ft_sal_004485,ft_evt_0052,PREFERENCIAL,0.9331061337242351,0.8797158542992088,0.9257853217120988,0.9167383909225464
ft_tkt_0008455,ft_sal_004486,ft_evt_0052,CORTESÍA,0.3910763515334876,0.2861723293438092,0.39403241733648947,0.3531574010848999
ft_tkt_0008456,ft_sal_004486,ft_evt_0052,CORTESÍA,0.3910763515334876,0.2861723293438092,0.39403241733648947,0.3531574010848999
ft_tkt_0008457,ft_sal_004487,ft_evt_0052,PREFERENCIAL,0.9331061337242351,0.8577979252671145,0.9141286890831839,0.9023470282554626
ft_tkt_0008458,ft_sal_004487,ft_evt_0052,PREFERENCIAL,0.9331061337242351,0.8577979252671145,0.9141286890831839,0.9023470282554626
ft_tkt_0008459,ft_sal_004487,ft_evt_0052,PREFERENCIAL,0.9331061337242351,0.8577979252671145,0.9141286890831839,0.9023470282554626
ft_tkt_0008460,ft_sal_004487,ft_evt_0052,PREFERENCIAL,0.9331061337242351,0.8577979252671145,0.9141286890831839,0.9023470282554626
ft_tkt_0008461,ft_sal_004488,ft_evt_0052,CORTESÍA,0.3910763515334876,0.27394924529151676,0.2783966339193873,0.3400588929653168
ft_tkt_0008462,ft_sal_004489,ft_evt_0052,GENERAL,0.9361195153053811,0.8823677130183885,0.9262352061975371,0.9226731061935425
ft_tkt_0008463,ft_sal_004490,ft_evt_0052,GENERAL,0.9361195153053811,0.864919623179838,0.9306158022857238,0.9474508166313171
ft_tkt_0008464,ft_sal_004491,ft_evt_0052,CORTESÍA,0.3910763515334876,0.22591209174481178,0.35201336389781296,0.29608461260795593
ft_tkt_0008465,ft_sal_004492,ft_evt_0052,GENERAL,0.9361195153053811,0.8158150394367221,0.9022114078035346,0.8894340395927429
ft_tkt_0008466,ft_sal_004493,ft_evt_0052,GENERAL,0.9361195153053811,0.7640915704679321,0.9152765290021078,0.8912193179130554
ft_tkt_0008467,ft_sal_004494,ft_evt_0052,PREFERENCIAL,0.9331061337242351,0.8469466099090677,0.9273523009272031,0.9320268630981445
ft_tkt_0008468,ft_sal_004495,ft_evt_0052,VIP,0.937698148842865,0.8782769480277859,0.9202724916075341,0.9088957905769348
ft_tkt_0008469,ft_sal_004495,ft_evt_0052,VIP,0.937698148842865,0.8782769480277859,0.9202724916075341,0.9088957905769348
ft_tkt_0008470,ft_sal_004495,ft_evt_0052,VIP,0.937698148842865,0.8782769480277859,0.9202724916075341,0.9088957905769348
ft_tkt_0008471,ft_sal_004496,ft_evt_0052,GENERAL,0.9361195153053811,0.8941964975328242,0.9258292718113388,0.9163678288459778
ft_tkt_0008472,ft_sal_004496,ft_evt_0052,GENERAL,0.9361195153053811,0.8941964975328242,0.9258292718113388,0.9163678288459778
ft_tkt_0008473,ft_sal_004496,ft_evt_0052,GENERAL,0.9361195153053811,0.8941964975328242,0.9258292718113388,0.9163678288459778
ft_tkt_0008474,ft_sal_004496,ft_evt_0052,GENERAL,0.9361195153053811,0.8941964975328242,0.9258292718113388,0.9163678288459778
ft_tkt_0008475,ft_sal_004497,ft_evt_0052,PREFERENCIAL,0.9331061337242351,0.9063785668546562,0.9317644130744513,0.9355770945549011
ft_tkt_0008476,ft_sal_004497,ft_evt_0052,PREFERENCIAL,0.9331061337242351,0.9063785668546562,0.9317644130744513,0.9355770945549011
ft_tkt_0008477,ft_sal_004497,ft_evt_0052,PREFERENCIAL,0.9331061337242351,0.9063785668546562,0.9317644130744513,0.9355770945549011
ft_tkt_0008478,ft_sal_004498,ft_evt_0052,PREFERENCIAL,0.9331061337242351,0.9068277600169201,0.9287035362791062,0.9259246587753296
ft_tkt_0008479,ft_sal_004498,ft_evt_0052,PREFERENCIAL,0.9331061337242351,0.9068277600169201,0.9287035362791062,0.9259246587753296
ft_tkt_0008480,ft_sal_004499,ft_evt_0052,CORTESÍA,0.3910763515334876,0.20345820190540015,0.3423397762639664,0.33301591873168945
ft_tkt_0008481,ft_sal_004500,ft_evt_0052,VIP,0.937698148842865,0.905474515264596,0.9242997036297534,0.8897301554679871
ft_tkt_0008482,ft_sal_004500,ft_evt_0052,VIP,0.937698148842865,0.905474515264596,0.9242997036297534,0.8897301554679871
ft_tkt_0008483,ft_sal_004500,ft_evt_0052,VIP,0.937698148842865,0.905474515264596,0.9242997036297534,0.8897301554679871
ft_tkt_0008484,ft_sal_004500,ft_evt_0052,VIP,0.937698148842865,0.905474515264596,0.9242997036297534,0.8897301554679871
ft_tkt_0008485,ft_sal_004501,ft_evt_0052,GENERAL,0.9361195153053811,0.9345447760573881,0.9317346893904656,0.9355829358100891
ft_tkt_0008486,ft_sal_004501,ft_evt_0052,GENERAL,0.9361195153053811,0.9345447760573881,0.9317346893904656,0.9355829358100891
ft_tkt_0008487,ft_sal_004502,ft_evt_0052,GENERAL,0.9361195153053811,0.8019323011036014,0.9037947406618412,0.7851377725601196
ft_tkt_0008488,ft_sal_004503,ft_evt_0052,GENERAL,0.9361195153053811,0.8236086614637514,0.9179930909367063,0.8926600813865662
ft_tkt_0008489,ft_sal_004504,ft_evt_0052,GENERAL,0.9361195153053811,0.9020137953279257,0.930031792374127,0.9336059093475342
ft_tkt_0008490,ft_sal_004504,ft_evt_0052,GENERAL,0.9361195153053811,0.9020137953279257,0.930031792374127,0.9336059093475342
ft_tkt_0008491,ft_sal_004504,ft_evt_0052,GENERAL,0.9361195153053811,0.9020137953279257,0.930031792374127,0.9336059093475342
ft_tkt_0008492,ft_sal_004504,ft_evt_0052,GENERAL,0.9361195153053811,0.9020137953279257,0.930031792374127,0.9336059093475342
ft_tkt_0008493,ft_sal_004505,ft_evt_0052,CORTESÍA,0.3910763515334876,0.23088715924413616,0.3079609517967885,0.22446805238723755
ft_tkt_0008494,ft_sal_004506,ft_evt_0052,GENERAL,0.9361195153053811,0.8947780646206143,0.9305907565927758,0.9306789636611938
ft_tkt_0008495,ft_sal_004507,ft_evt_0052,CORTESÍA,0.3910763515334876,0.3015416241319117,0.48680803134711237,0.54981529712677
ft_tkt_0008496,ft_sal_004507,ft_evt_0052,CORTESÍA,0.3910763515334876,0.3015416241319117,0.48680803134711237,0.54981529712677
ft_tkt_0008497,ft_sal_004508,ft_evt_0052,GENERAL,0.9361195153053811,0.8501474623285956,0.9211894222117708,0.9118165969848633
ft_tkt_0008498,ft_sal_004509,ft_evt_0052,CORTESÍA,0.3910763515334876,0.2381065332709698,0.3632138861268754,0.29490581154823303
ft_tkt_0008499,ft_sal_004509,ft_evt_0052,CORTESÍA,0.3910763515334876,0.2381065332709698,0.3632138861268754,0.29490581154823303
ft_tkt_0008500,ft_sal_004509,ft_evt_0052,CORTESÍA,0.3910763515334876,0.2381065332709698,0.3632138861268754,0.29490581154823303
ft_tkt_0008501,ft_sal_004510,ft_evt_0052,CORTESÍA,0.3910763515334876,0.23458710973252805,0.37353277897252296,0.3306898772716522
ft_tkt_0008502,ft_sal_004511,ft_evt_0052,CORTESÍA,0.3910763515334876,0.284551085379552,0.39404275566780445,0.3545188009738922
ft_tkt_0008503,ft_sal_004511,ft_evt_0052,CORTESÍA,0.3910763515334876,0.284551085379552,0.39404275566780445,0.3545188009738922
ft_tkt_0008504,ft_sal_004512,ft_evt_0052,VIP,0.937698148842865,0.8715951309266502,0.936357428105348,0.9350307583808899
ft_tkt_0008505,ft_sal_004513,ft_evt_0052,PREFERENCIAL,0.9331061337242351,0.8960491039812144,0.9309521888733113,0.9218758940696716
ft_tkt_0008506,ft_sal_004514,ft_evt_0052,GENERAL,0.9361195153053811,0.9072046419223373,0.9292246318943841,0.9313584566116333
ft_tkt_0008507,ft_sal_004514,ft_evt_0052,GENERAL,0.9361195153053811,0.9072046419223373,0.9292246318943841,0.9313584566116333
ft_tkt_0008508,ft_sal_004515,ft_evt_0052,CORTESÍA,0.3910763515334876,0.23981074903899113,0.37475331316572696,0.3072476089000702
ft_tkt_0008509,ft_sal_004516,ft_evt_0052,GENERAL,0.9361195153053811,0.9476656932453386,0.9535441145719633,0.9497818350791931
ft_tkt_0008510,ft_sal_004517,ft_evt_0052,GENERAL,0.9361195153053811,0.9195142848922776,0.9296358493135779,0.9273338317871094
ft_tkt_0008511,ft_sal_004518,ft_evt_0052,GENERAL,0.9361195153053811,0.9162632145790073,0.9291089085794364,0.9058129787445068
ft_tkt_0008512,ft_sal_004519,ft_evt_0052,GENERAL,0.9361195153053811,0.8901500300334902,0.9287119632459371,0.9433099031448364
ft_tkt_0008513,ft_sal_004520,ft_evt_0052,CORTESÍA,0.3910763515334876,0.28839981805713605,0.3967021404372223,0.3572397530078888
ft_tkt_0008514,ft_sal_004520,ft_evt_0052,CORTESÍA,0.3910763515334876,0.28839981805713605,0.3967021404372223,0.3572397530078888
ft_tkt_0008515,ft_sal_004521,ft_evt_0052,GENERAL,0.9361195153053811,0.8326931049179208,0.9211563702106524,0.8650369048118591
ft_tkt_0008516,ft_sal_004521,ft_evt_0052,GENERAL,0.9361195153053811,0.8326931049179208,0.9211563702106524,0.8650369048118591
ft_tkt_0008517,ft_sal_004521,ft_evt_0052,GENERAL,0.9361195153053811,0.8326931049179208,0.9211563702106524,0.8650369048118591
ft_tkt_0008518,ft_sal_004522,ft_evt_0052,GENERAL,0.9361195153053811,0.8655843471830004,0.9242065063879025,0.9124540686607361
ft_tkt_0008519,ft_sal_004523,ft_evt_0052,GENERAL,0.9361195153053811,0.8769136452358344,0.9154284962118063,0.8975690603256226
ft_tkt_0008520,ft_sal_004523,ft_evt_0052,GENERAL,0.9361195153053811,0.8769136452358344,0.9154284962118063,0.8975690603256226
ft_tkt_0008521,ft_sal_004524,ft_evt_0052,CORTESÍA,0.3910763515334876,0.2424906727806179,0.38415767758892594,0.37742292881011963
ft_tkt_0008522,ft_sal_004525,ft_evt_0060,CORTESÍA,0.3910763515334876,0.16522441568856985,0.3559670596450798,0.3982512056827545
ft_tkt_0008523,ft_sal_004525,ft_evt_0060,CORTESÍA,0.3910763515334876,0.16522441568856985,0.3559670596450798,0.3982512056827545
ft_tkt_0008524,ft_sal_004526,ft_evt_0060,CORTESÍA,0.3910763515334876,0.1326366327422821,0.3597054297632232,0.4038275480270386
ft_tkt_0008525,ft_sal_004527,ft_evt_0060,CORTESÍA,0.3910763515334876,0.23675647229107127,0.3740509673291694,0.36926358938217163
ft_tkt_0008526,ft_sal_004528,ft_evt_0060,CORTESÍA,0.3910763515334876,0.2161678803607216,0.40628704183489656,0.44869673252105713
ft_tkt_0008527,ft_sal_004528,ft_evt_0060,CORTESÍA,0.3910763515334876,0.2161678803607216,0.40628704183489656,0.44869673252105713
ft_tkt_0008528,ft_sal_004529,ft_evt_0060,CORTESÍA,0.3910763515334876,0.17087060250743177,0.3145866142680169,0.3223174810409546
ft_tkt_0008529,ft_sal_004529,ft_evt_0060,CORTESÍA,0.3910763515334876,0.17087060250743177,0.3145866142680169,0.3223174810409546
ft_tkt_0008530,ft_sal_004529,ft_evt_0060,CORTESÍA,0.3910763515334876,0.17087060250743177,0.3145866142680169,0.3223174810409546
ft_tkt_0008531,ft_sal_004530,ft_evt_0060,CORTESÍA,0.3910763515334876,0.24796802029888362,0.47902960306212583,0.5878499150276184
ft_tkt_0008532,ft_sal_004530,ft_evt_0060,CORTESÍA,0.3910763515334876,0.24796802029888362,0.47902960306212583,0.5878499150276184
ft_tkt_0008533,ft_sal_004531,ft_evt_0060,CORTESÍA,0.3910763515334876,0.19251807703713011,0.3171710082292144,0.3196132481098175
ft_tkt_0008534,ft_sal_004532,ft_evt_0060,CORTESÍA,0.3910763515334876,0.20707005478318186,0.35584381409508153,0.40487074851989746
ft_tkt_0008535,ft_sal_004533,ft_evt_0060,CORTESÍA,0.3910763515334876,0.23381862972110407,0.37800086929398674,0.37372443079948425
ft_tkt_0008536,ft_sal_004534,ft_evt_0060,CORTESÍA,0.3910763515334876,0.1955382671226619,0.4139505236238273,0.42725393176078796
ft_tkt_0008537,ft_sal_004535,ft_evt_0060,CORTESÍA,0.3910763515334876,0.229349690301907,0.42121590001243053,0.4450127184391022
ft_tkt_0008538,ft_sal_004535,ft_evt_0060,CORTESÍA,0.3910763515334876,0.229349690301907,0.42121590001243053,0.4450127184391022
ft_tkt_0008539,ft_sal_004536,ft_evt_0060,CORTESÍA,0.3910763515334876,0.22585967239660265,0.3672418776886561,0.31946584582328796
ft_tkt_0008540,ft_sal_004537,ft_evt_0060,CORTESÍA,0.3910763515334876,0.12555354270046185,0.3149577580628589,0.2901279330253601
ft_tkt_0008541,ft_sal_004538,ft_evt_0060,CORTESÍA,0.3910763515334876,0.1402583833636322,0.311423766996718,0.29810553789138794
ft_tkt_0008542,ft_sal_004539,ft_evt_0060,CORTESÍA,0.3910763515334876,0.16000209834885934,0.3034157546871485,0.23968160152435303
ft_tkt_0008543,ft_sal_004540,ft_evt_0060,CORTESÍA,0.3910763515334876,0.2691246189711639,0.42074482586786155,0.4179113209247589
ft_tkt_0008544,ft_sal_004541,ft_evt_0060,CORTESÍA,0.3910763515334876,0.4185958650648348,0.4210075320017086,0.49507054686546326
ft_tkt_0008545,ft_sal_004542,ft_evt_0060,CORTESÍA,0.3910763515334876,0.21980552379646354,0.41500320326047796,0.4623839259147644
ft_tkt_0008546,ft_sal_004542,ft_evt_0060,CORTESÍA,0.3910763515334876,0.21980552379646354,0.41500320326047796,0.4623839259147644
ft_tkt_0008547,ft_sal_004543,ft_evt_0060,CORTESÍA,0.3910763515334876,0.16796088211940036,0.37941565722011833,0.4860873520374298
ft_tkt_0008548,ft_sal_004543,ft_evt_0060,CORTESÍA,0.3910763515334876,0.16796088211940036,0.37941565722011833,0.4860873520374298
ft_tkt_0008549,ft_sal_004544,ft_evt_0060,CORTESÍA,0.3910763515334876,0.36747288928083366,0.41948685043470124,0.5065772533416748
ft_tkt_0008550,ft_sal_004545,ft_evt_0060,CORTESÍA,0.3910763515334876,0.20233914010244392,0.41597817591969666,0.4227141737937927
ft_tkt_0008551,ft_sal_004546,ft_evt_0060,CORTESÍA,0.3910763515334876,0.1759490049951493,0.3513578426702745,0.34559449553489685
ft_tkt_0008552,ft_sal_004546,ft_evt_0060,CORTESÍA,0.3910763515334876,0.1759490049951493,0.3513578426702745,0.34559449553489685
ft_tkt_0008553,ft_sal_004546,ft_evt_0060,CORTESÍA,0.3910763515334876,0.1759490049951493,0.3513578426702745,0.34559449553489685
ft_tkt_0008554,ft_sal_004546,ft_evt_0060,CORTESÍA,0.3910763515334876,0.1759490049951493,0.3513578426702745,0.34559449553489685
ft_tkt_0008555,ft_sal_004547,ft_evt_0060,CORTESÍA,0.3910763515334876,0.23098075962726436,0.42121590001243053,0.4462086856365204
ft_tkt_0008556,ft_sal_004547,ft_evt_0060,CORTESÍA,0.3910763515334876,0.23098075962726436,0.42121590001243053,0.4462086856365204
ft_tkt_0008557,ft_sal_004548,ft_evt_0060,CORTESÍA,0.3910763515334876,0.15550401088247393,0.3309491544810398,0.3231858015060425
ft_tkt_0008558,ft_sal_004548,ft_evt_0060,CORTESÍA,0.3910763515334876,0.15550401088247393,0.3309491544810398,0.3231858015060425
ft_tkt_0008559,ft_sal_004549,ft_evt_0060,CORTESÍA,0.3910763515334876,0.15804564393555073,0.323969230701173,0.2900809645652771
ft_tkt_0008560,ft_sal_004549,ft_evt_0060,CORTESÍA,0.3910763515334876,0.15804564393555073,0.323969230701173,0.2900809645652771
ft_tkt_0008561,ft_sal_004550,ft_evt_0060,CORTESÍA,0.3910763515334876,0.2693715966494892,0.42074482586786155,0.4179113209247589
ft_tkt_0008562,ft_sal_004551,ft_evt_0060,CORTESÍA,0.3910763515334876,0.2590598800653774,0.4292301543044489,0.4756435751914978
ft_tkt_0008563,ft_sal_004552,ft_evt_0060,CORTESÍA,0.3910763515334876,0.16400521344969404,0.33745632504207457,0.35841578245162964
ft_tkt_0008564,ft_sal_004552,ft_evt_0060,CORTESÍA,0.3910763515334876,0.16400521344969404,0.33745632504207457,0.35841578245162964
ft_tkt_0008565,ft_sal_004553,ft_evt_0060,CORTESÍA,0.3910763515334876,0.1011516451289569,0.27021730675749556,0.21662113070487976
ft_tkt_0008566,ft_sal_004554,ft_evt_0060,CORTESÍA,0.3910763515334876,0.20594199075394412,0.41732713737582233,0.4283231496810913
ft_tkt_0008567,ft_sal_004555,ft_evt_0060,CORTESÍA,0.3910763515334876,0.2301923108202234,0.41361121279339885,0.42118293046951294
ft_tkt_0008568,ft_sal_004555,ft_evt_0060,CORTESÍA,0.3910763515334876,0.2301923108202234,0.41361121279339885,0.42118293046951294
ft_tkt_0008569,ft_sal_004555,ft_evt_0060,CORTESÍA,0.3910763515334876,0.2301923108202234,0.41361121279339885,0.42118293046951294
ft_tkt_0008570,ft_sal_004555,ft_evt_0060,CORTESÍA,0.3910763515334876,0.2301923108202234,0.41361121279339885,0.42118293046951294
ft_tkt_0008571,ft_sal_004556,ft_evt_0060,CORTESÍA,0.3910763515334876,0.17912442080237267,0.33881296198204397,0.33690357208251953
ft_tkt_0008572,ft_sal_004557,ft_evt_0060,CORTESÍA,0.3910763515334876,0.22721203309460083,0.42121590001243053,0.4839651584625244
ft_tkt_0008573,ft_sal_004557,ft_evt_0060,CORTESÍA,0.3910763515334876,0.22721203309460083,0.42121590001243053,0.4839651584625244
ft_tkt_0008574,ft_sal_004558,ft_evt_0060,CORTESÍA,0.3910763515334876,0.270976056571235,0.43408267455687366,0.4594830870628357
ft_tkt_0008575,ft_sal_004559,ft_evt_0060,CORTESÍA,0.3910763515334876,0.21062241698338072,0.36841202864696737,0.34497547149658203
ft_tkt_0008576,ft_sal_004559,ft_evt_0060,CORTESÍA,0.3910763515334876,0.21062241698338072,0.36841202864696737,0.34497547149658203
ft_tkt_0008577,ft_sal_004560,ft_evt_0060,CORTESÍA,0.3910763515334876,0.1347271547779041,0.3161461910150649,0.271574467420578
ft_tkt_0008578,ft_sal_004561,ft_evt_0060,CORTESÍA,0.3910763515334876,0.19383264066506994,0.4132165745554438,0.4356014132499695
ft_tkt_0008579,ft_sal_004562,ft_evt_0060,CORTESÍA,0.3910763515334876,0.13469003001331886,0.2877399251177251,0.20684975385665894
ft_tkt_0008580,ft_sal_004563,ft_evt_0060,CORTESÍA,0.3910763515334876,0.20410577640664476,0.35198128972813547,0.34247124195098877
ft_tkt_0008581,ft_sal_004564,ft_evt_0060,CORTESÍA,0.3910763515334876,0.3066377811843483,0.4230740894305953,0.4289073646068573
ft_tkt_0008582,ft_sal_004564,ft_evt_0060,CORTESÍA,0.3910763515334876,0.3066377811843483,0.4230740894305953,0.4289073646068573
ft_tkt_0008583,ft_sal_004565,ft_evt_0060,CORTESÍA,0.3910763515334876,0.153684784347101,0.3364289499728363,0.34597015380859375
ft_tkt_0008584,ft_sal_004565,ft_evt_0060,CORTESÍA,0.3910763515334876,0.153684784347101,0.3364289499728363,0.34597015380859375
ft_tkt_0008585,ft_sal_004565,ft_evt_0060,CORTESÍA,0.3910763515334876,0.153684784347101,0.3364289499728363,0.34597015380859375
ft_tkt_0008586,ft_sal_004566,ft_evt_0060,CORTESÍA,0.3910763515334876,0.11691700551404277,0.2893605768379479,0.18172773718833923
ft_tkt_0008587,ft_sal_004567,ft_evt_0060,CORTESÍA,0.3910763515334876,0.221676852892835,0.41553405856733544,0.45943203568458557
ft_tkt_0008588,ft_sal_004567,ft_evt_0060,CORTESÍA,0.3910763515334876,0.221676852892835,0.41553405856733544,0.45943203568458557
ft_tkt_0008589,ft_sal_004568,ft_evt_0060,CORTESÍA,0.3910763515334876,0.18942527554035524,0.4106106550052018,0.4533291757106781
ft_tkt_0008590,ft_sal_004569,ft_evt_0060,CORTESÍA,0.3910763515334876,0.17738838728612144,0.30487689304205395,0.3345884084701538
ft_tkt_0008591,ft_sal_004570,ft_evt_0060,CORTESÍA,0.3910763515334876,0.26763153640026616,0.3846558422170116,0.4007883667945862
ft_tkt_0008592,ft_sal_004571,ft_evt_0060,CORTESÍA,0.3910763515334876,0.11586525862783405,0.3552798771665993,0.31879082322120667
ft_tkt_0008593,ft_sal_004572,ft_evt_0060,CORTESÍA,0.3910763515334876,0.20032073687095714,0.41888943884546254,0.43844130635261536
ft_tkt_0008594,ft_sal_004573,ft_evt_0060,CORTESÍA,0.3910763515334876,0.26283469223619255,0.4223106485962824,0.4276978373527527
ft_tkt_0008595,ft_sal_004574,ft_evt_0060,CORTESÍA,0.3910763515334876,0.22677151957268774,0.42121590001243053,0.4839651584625244
ft_tkt_0008596,ft_sal_004574,ft_evt_0060,CORTESÍA,0.3910763515334876,0.22677151957268774,0.42121590001243053,0.4839651584625244
ft_tkt_0008597,ft_sal_004575,ft_evt_0060,CORTESÍA,0.3910763515334876,0.08872714227502235,0.2590311132413268,0.17244397103786469
ft_tkt_0008598,ft_sal_004576,ft_evt_0060,CORTESÍA,0.3910763515334876,0.2330451541018251,0.4168617441691886,0.4359036386013031
ft_tkt_0008599,ft_sal_004576,ft_evt_0060,CORTESÍA,0.3910763515334876,0.2330451541018251,0.4168617441691886,0.4359036386013031
ft_tkt_0008600,ft_sal_004576,ft_evt_0060,CORTESÍA,0.3910763515334876,0.2330451541018251,0.4168617441691886,0.4359036386013031
ft_tkt_0008601,ft_sal_004577,ft_evt_0060,CORTESÍA,0.3910763515334876,0.17884136860269345,0.3137615853795867,0.315661758184433
ft_tkt_0008602,ft_sal_004577,ft_evt_0060,CORTESÍA,0.3910763515334876,0.17884136860269345,0.3137615853795867,0.315661758184433
ft_tkt_0008603,ft_sal_004578,ft_evt_0060,CORTESÍA,0.3910763515334876,0.18024892901367043,0.35497647427627926,0.3800930082798004
ft_tkt_0008604,ft_sal_004578,ft_evt_0060,CORTESÍA,0.3910763515334876,0.18024892901367043,0.35497647427627926,0.3800930082798004
ft_tkt_0008605,ft_sal_004579,ft_evt_0060,CORTESÍA,0.3910763515334876,0.158266887820511,0.34968212140618876,0.3497895896434784
ft_tkt_0008606,ft_sal_004579,ft_evt_0060,CORTESÍA,0.3910763515334876,0.158266887820511,0.34968212140618876,0.3497895896434784
ft_tkt_0008607,ft_sal_004579,ft_evt_0060,CORTESÍA,0.3910763515334876,0.158266887820511,0.34968212140618876,0.3497895896434784
ft_tkt_0008608,ft_sal_004579,ft_evt_0060,CORTESÍA,0.3910763515334876,0.158266887820511,0.34968212140618876,0.3497895896434784
ft_tkt_0008609,ft_sal_004580,ft_evt_0060,CORTESÍA,0.3910763515334876,0.15249398633945463,0.3496656799003328,0.3804572820663452
ft_tkt_0008610,ft_sal_004581,ft_evt_0060,CORTESÍA,0.3910763515334876,0.20177476322410712,0.36352877883555257,0.34591999650001526
ft_tkt_0008611,ft_sal_004582,ft_evt_0060,CORTESÍA,0.3910763515334876,0.2479688822152513,0.4314331009119564,0.4744552671909332
ft_tkt_0008612,ft_sal_004582,ft_evt_0060,CORTESÍA,0.3910763515334876,0.2479688822152513,0.4314331009119564,0.4744552671909332
ft_tkt_0008613,ft_sal_004582,ft_evt_0060,CORTESÍA,0.3910763515334876,0.2479688822152513,0.4314331009119564,0.4744552671909332
ft_tkt_0008614,ft_sal_004582,ft_evt_0060,CORTESÍA,0.3910763515334876,0.2479688822152513,0.4314331009119564,0.4744552671909332
ft_tkt_0008615,ft_sal_004583,ft_evt_0060,CORTESÍA,0.3910763515334876,0.16046456849989635,0.3585020719926193,0.31314346194267273
ft_tkt_0008616,ft_sal_004584,ft_evt_0060,CORTESÍA,0.3910763515334876,0.23386584081540518,0.2875613484762318,0.3424762487411499
ft_tkt_0008617,ft_sal_004585,ft_evt_0060,CORTESÍA,0.3910763515334876,0.23155276438382874,0.42252297984510484,0.43736836314201355
ft_tkt_0008618,ft_sal_004585,ft_evt_0060,CORTESÍA,0.3910763515334876,0.23155276438382874,0.42252297984510484,0.43736836314201355
ft_tkt_0008619,ft_sal_004585,ft_evt_0060,CORTESÍA,0.3910763515334876,0.23155276438382874,0.42252297984510484,0.43736836314201355
ft_tkt_0008620,ft_sal_004586,ft_evt_0060,CORTESÍA,0.3910763515334876,0.19797943232750154,0.36657941889820095,0.41072508692741394
ft_tkt_0008621,ft_sal_004586,ft_evt_0060,CORTESÍA,0.3910763515334876,0.19797943232750154,0.36657941889820095,0.41072508692741394
ft_tkt_0008622,ft_sal_004587,ft_evt_0060,CORTESÍA,0.3910763515334876,0.21769603196477164,0.3671733211905252,0.425331175327301
ft_tkt_0008623,ft_sal_004587,ft_evt_0060,CORTESÍA,0.3910763515334876,0.21769603196477164,0.3671733211905252,0.425331175327301
ft_tkt_0008624,ft_sal_004588,ft_evt_0060,CORTESÍA,0.3910763515334876,0.16855509365157745,0.35061594428788134,0.39305922389030457
ft_tkt_0008625,ft_sal_004588,ft_evt_0060,CORTESÍA,0.3910763515334876,0.16855509365157745,0.35061594428788134,0.39305922389030457
ft_tkt_0008626,ft_sal_004589,ft_evt_0060,CORTESÍA,0.3910763515334876,0.17138907751669666,0.37224688410106493,0.43490925431251526
ft_tkt_0008627,ft_sal_004589,ft_evt_0060,CORTESÍA,0.3910763515334876,0.17138907751669666,0.37224688410106493,0.43490925431251526
ft_tkt_0008628,ft_sal_004589,ft_evt_0060,CORTESÍA,0.3910763515334876,0.17138907751669666,0.37224688410106493,0.43490925431251526
ft_tkt_0008629,ft_sal_004589,ft_evt_0060,CORTESÍA,0.3910763515334876,0.17138907751669666,0.37224688410106493,0.43490925431251526
ft_tkt_0008630,ft_sal_004589,ft_evt_0060,CORTESÍA,0.3910763515334876,0.17138907751669666,0.37224688410106493,0.43490925431251526
ft_tkt_0008631,ft_sal_004589,ft_evt_0060,CORTESÍA,0.3910763515334876,0.17138907751669666,0.37224688410106493,0.43490925431251526
ft_tkt_0008632,ft_sal_004590,ft_evt_0060,CORTESÍA,0.3910763515334876,0.11096730213198354,0.2973471000664911,0.2655509114265442
ft_tkt_0008633,ft_sal_004591,ft_evt_0060,CORTESÍA,0.3910763515334876,0.24930024234808568,0.4699758587466128,0.5389646887779236
ft_tkt_0008634,ft_sal_004591,ft_evt_0060,CORTESÍA,0.3910763515334876,0.24930024234808568,0.4699758587466128,0.5389646887779236
ft_tkt_0008635,ft_sal_004592,ft_evt_0060,CORTESÍA,0.3910763515334876,0.17384468435805664,0.36012496687732604,0.3921634554862976
ft_tkt_0008636,ft_sal_004592,ft_evt_0060,CORTESÍA,0.3910763515334876,0.17384468435805664,0.36012496687732604,0.3921634554862976
ft_tkt_0008637,ft_sal_004593,ft_evt_0060,CORTESÍA,0.3910763515334876,0.2597964167665746,0.43511801508419623,0.5401952266693115
ft_tkt_0008638,ft_sal_004593,ft_evt_0060,CORTESÍA,0.3910763515334876,0.2597964167665746,0.43511801508419623,0.5401952266693115
ft_tkt_0008639,ft_sal_004594,ft_evt_0060,CORTESÍA,0.3910763515334876,0.2675578032891633,0.36795061901196513,0.4501740038394928
ft_tkt_0008640,ft_sal_004594,ft_evt_0060,CORTESÍA,0.3910763515334876,0.2675578032891633,0.36795061901196513,0.4501740038394928
ft_tkt_0008641,ft_sal_004595,ft_evt_0060,CORTESÍA,0.3910763515334876,0.1614278207598078,0.3486323921959014,0.3896629810333252
ft_tkt_0008642,ft_sal_004595,ft_evt_0060,CORTESÍA,0.3910763515334876,0.1614278207598078,0.3486323921959014,0.3896629810333252
ft_tkt_0008643,ft_sal_004595,ft_evt_0060,CORTESÍA,0.3910763515334876,0.1614278207598078,0.3486323921959014,0.3896629810333252
ft_tkt_0008644,ft_sal_004596,ft_evt_0060,CORTESÍA,0.3910763515334876,0.1655759052561519,0.3526479997530891,0.3478858172893524
ft_tkt_0008645,ft_sal_004596,ft_evt_0060,CORTESÍA,0.3910763515334876,0.1655759052561519,0.3526479997530891,0.3478858172893524
ft_tkt_0008646,ft_sal_004596,ft_evt_0060,CORTESÍA,0.3910763515334876,0.1655759052561519,0.3526479997530891,0.3478858172893524
ft_tkt_0008647,ft_sal_004596,ft_evt_0060,CORTESÍA,0.3910763515334876,0.1655759052561519,0.3526479997530891,0.3478858172893524
ft_tkt_0008648,ft_sal_004597,ft_evt_0060,CORTESÍA,0.3910763515334876,0.1876248786600738,0.3598443404711208,0.3660098612308502
ft_tkt_0008649,ft_sal_004597,ft_evt_0060,CORTESÍA,0.3910763515334876,0.1876248786600738,0.3598443404711208,0.3660098612308502
ft_tkt_0008650,ft_sal_004597,ft_evt_0060,CORTESÍA,0.3910763515334876,0.1876248786600738,0.3598443404711208,0.3660098612308502
ft_tkt_0008651,ft_sal_004598,ft_evt_0060,CORTESÍA,0.3910763515334876,0.2689600460295179,0.42074482586786155,0.4179113209247589
ft_tkt_0008652,ft_sal_004599,ft_evt_0060,CORTESÍA,0.3910763515334876,0.1993739043912315,0.3554278765221679,0.4155617654323578
ft_tkt_0008653,ft_sal_004599,ft_evt_0060,CORTESÍA,0.3910763515334876,0.1993739043912315,0.3554278765221679,0.4155617654323578
ft_tkt_0008654,ft_sal_004600,ft_evt_0060,CORTESÍA,0.3910763515334876,0.16635713309345387,0.35032934678738686,0.30019521713256836
ft_tkt_0008655,ft_sal_004601,ft_evt_0060,CORTESÍA,0.3910763515334876,0.21939255420169532,0.3823020722689022,0.4130266010761261
ft_tkt_0008656,ft_sal_004601,ft_evt_0060,CORTESÍA,0.3910763515334876,0.21939255420169532,0.3823020722689022,0.4130266010761261
ft_tkt_0008657,ft_sal_004601,ft_evt_0060,CORTESÍA,0.3910763515334876,0.21939255420169532,0.3823020722689022,0.4130266010761261
ft_tkt_0008658,ft_sal_004602,ft_evt_0060,CORTESÍA,0.3910763515334876,0.20177373753614683,0.33388890117563824,0.27635878324508667
ft_tkt_0008659,ft_sal_004603,ft_evt_0060,CORTESÍA,0.3910763515334876,0.2061473397270391,0.41732713737582233,0.4283231496810913
ft_tkt_0008660,ft_sal_004604,ft_evt_0060,CORTESÍA,0.3910763515334876,0.15262863388320394,0.34045313705896213,0.2828824520111084
ft_tkt_0008661,ft_sal_004605,ft_evt_0060,CORTESÍA,0.3910763515334876,0.18083844133996368,0.368721188838202,0.3535504639148712
ft_tkt_0008662,ft_sal_004605,ft_evt_0060,CORTESÍA,0.3910763515334876,0.18083844133996368,0.368721188838202,0.3535504639148712
ft_tkt_0008663,ft_sal_004605,ft_evt_0060,CORTESÍA,0.3910763515334876,0.18083844133996368,0.368721188838202,0.3535504639148712
ft_tkt_0008664,ft_sal_004606,ft_evt_0060,CORTESÍA,0.3910763515334876,0.16479554558841567,0.3486592454311097,0.4012843668460846
ft_tkt_0008665,ft_sal_004606,ft_evt_0060,CORTESÍA,0.3910763515334876,0.16479554558841567,0.3486592454311097,0.4012843668460846
ft_tkt_0008666,ft_sal_004607,ft_evt_0060,CORTESÍA,0.3910763515334876,0.23125508975177367,0.42252297984510484,0.43736836314201355
ft_tkt_0008667,ft_sal_004607,ft_evt_0060,CORTESÍA,0.3910763515334876,0.23125508975177367,0.42252297984510484,0.43736836314201355
ft_tkt_0008668,ft_sal_004607,ft_evt_0060,CORTESÍA,0.3910763515334876,0.23125508975177367,0.42252297984510484,0.43736836314201355
ft_tkt_0008669,ft_sal_004608,ft_evt_0060,CORTESÍA,0.3910763515334876,0.20200168874656255,0.41597817591969666,0.425671249628067
ft_tkt_0008670,ft_sal_004609,ft_evt_0060,CORTESÍA,0.3910763515334876,0.3327488186503694,0.4490011043640122,0.5122257471084595
ft_tkt_0008671,ft_sal_004610,ft_evt_0060,CORTESÍA,0.3910763515334876,0.17823207181546635,0.34549541243106574,0.3955574631690979
ft_tkt_0008672,ft_sal_004610,ft_evt_0060,CORTESÍA,0.3910763515334876,0.17823207181546635,0.34549541243106574,0.3955574631690979
ft_tkt_0008673,ft_sal_004611,ft_evt_0060,CORTESÍA,0.3910763515334876,0.20021458393772218,0.44712899609732004,0.5000953078269958
ft_tkt_0008674,ft_sal_004611,ft_evt_0060,CORTESÍA,0.3910763515334876,0.20021458393772218,0.44712899609732004,0.5000953078269958
ft_tkt_0008675,ft_sal_004612,ft_evt_0060,CORTESÍA,0.3910763515334876,0.22004847759130375,0.39175648177284494,0.4528873562812805
ft_tkt_0008676,ft_sal_004613,ft_evt_0060,CORTESÍA,0.3910763515334876,0.2109950867523971,0.3813827656112478,0.4497154951095581
ft_tkt_0008677,ft_sal_004613,ft_evt_0060,CORTESÍA,0.3910763515334876,0.2109950867523971,0.3813827656112478,0.4497154951095581
ft_tkt_0008678,ft_sal_004613,ft_evt_0060,CORTESÍA,0.3910763515334876,0.2109950867523971,0.3813827656112478,0.4497154951095581
ft_tkt_0008679,ft_sal_004614,ft_evt_0060,CORTESÍA,0.3910763515334876,0.23112944004026936,0.42121590001243053,0.43671825528144836
ft_tkt_0008680,ft_sal_004614,ft_evt_0060,CORTESÍA,0.3910763515334876,0.23112944004026936,0.42121590001243053,0.43671825528144836
ft_tkt_0008681,ft_sal_004615,ft_evt_0060,CORTESÍA,0.3910763515334876,0.22443078648165932,0.3810406352458347,0.3567889630794525
ft_tkt_0008682,ft_sal_004616,ft_evt_0060,CORTESÍA,0.3910763515334876,0.8590132817149206,0.4354142724132375,0.4461899399757385
ft_tkt_0008683,ft_sal_004617,ft_evt_0060,CORTESÍA,0.3910763515334876,0.23362128485577996,0.4533379369674177,0.4825174808502197
ft_tkt_0008684,ft_sal_004618,ft_evt_0060,CORTESÍA,0.3910763515334876,0.23411709865261598,0.42532267554726416,0.4408535957336426
ft_tkt_0008685,ft_sal_004618,ft_evt_0060,CORTESÍA,0.3910763515334876,0.23411709865261598,0.42532267554726416,0.4408535957336426
ft_tkt_0008686,ft_sal_004619,ft_evt_0060,CORTESÍA,0.3910763515334876,0.12232480704512892,0.3063558690884885,0.21574820578098297
ft_tkt_0008687,ft_sal_004620,ft_evt_0060,CORTESÍA,0.3910763515334876,0.18063892168159384,0.3668228290282811,0.37159430980682373
ft_tkt_0008688,ft_sal_004620,ft_evt_0060,CORTESÍA,0.3910763515334876,0.18063892168159384,0.3668228290282811,0.37159430980682373
ft_tkt_0008689,ft_sal_004620,ft_evt_0060,CORTESÍA,0.3910763515334876,0.18063892168159384,0.3668228290282811,0.37159430980682373
ft_tkt_0008690,ft_sal_004621,ft_evt_0060,CORTESÍA,0.3910763515334876,0.13467326655563056,0.33567946779738,0.3177002966403961
ft_tkt_0008691,ft_sal_004621,ft_evt_0060,CORTESÍA,0.3910763515334876,0.13467326655563056,0.33567946779738,0.3177002966403961
ft_tkt_0008692,ft_sal_004622,ft_evt_0060,CORTESÍA,0.3910763515334876,0.28313073592497107,0.35470676135878143,0.40662527084350586
ft_tkt_0008693,ft_sal_004623,ft_evt_0060,CORTESÍA,0.3910763515334876,0.24443089323220157,0.3445196295870141,0.31042391061782837
ft_tkt_0008694,ft_sal_004624,ft_evt_0060,CORTESÍA,0.3910763515334876,0.2021755999465653,0.3516024052229458,0.3643750846385956
ft_tkt_0008695,ft_sal_004625,ft_evt_0060,CORTESÍA,0.3910763515334876,0.19051986845113975,0.4149163430451216,0.4522455036640167
ft_tkt_0008696,ft_sal_004626,ft_evt_0060,CORTESÍA,0.3910763515334876,0.23005401479471163,0.452800158209941,0.5512508749961853
ft_tkt_0008697,ft_sal_004626,ft_evt_0060,CORTESÍA,0.3910763515334876,0.23005401479471163,0.452800158209941,0.5512508749961853
ft_tkt_0008698,ft_sal_004627,ft_evt_0060,CORTESÍA,0.3910763515334876,0.23130638166735115,0.41361121279339885,0.42118293046951294
ft_tkt_0008699,ft_sal_004627,ft_evt_0060,CORTESÍA,0.3910763515334876,0.23130638166735115,0.41361121279339885,0.42118293046951294
ft_tkt_0008700,ft_sal_004627,ft_evt_0060,CORTESÍA,0.3910763515334876,0.23130638166735115,0.41361121279339885,0.42118293046951294
ft_tkt_0008701,ft_sal_004627,ft_evt_0060,CORTESÍA,0.3910763515334876,0.23130638166735115,0.41361121279339885,0.42118293046951294
ft_tkt_0008702,ft_sal_004628,ft_evt_0060,CORTESÍA,0.3910763515334876,0.1861022385332463,0.3521491520244373,0.36109787225723267
ft_tkt_0008703,ft_sal_004629,ft_evt_0060,CORTESÍA,0.3910763515334876,0.19527512517075613,0.4139505236238273,0.4242570102214813
ft_tkt_0008704,ft_sal_004630,ft_evt_0060,CORTESÍA,0.3910763515334876,0.15952003458670608,0.35342423663489025,0.38716405630111694
ft_tkt_0008705,ft_sal_004630,ft_evt_0060,CORTESÍA,0.3910763515334876,0.15952003458670608,0.35342423663489025,0.38716405630111694
ft_tkt_0008706,ft_sal_004631,ft_evt_0060,CORTESÍA,0.3910763515334876,0.1163962649445764,0.296012842517581,0.20809908211231232
ft_tkt_0008707,ft_sal_004632,ft_evt_0060,CORTESÍA,0.3910763515334876,0.21064518832510967,0.38072554744847376,0.37535762786865234
ft_tkt_0008708,ft_sal_004633,ft_evt_0060,CORTESÍA,0.3910763515334876,0.12487546680375208,0.30584678960013467,0.2879350781440735
ft_tkt_0008709,ft_sal_004634,ft_evt_0060,CORTESÍA,0.3910763515334876,0.19668421060011712,0.33440127022594096,0.31748726963996887
ft_tkt_0008710,ft_sal_004635,ft_evt_0060,CORTESÍA,0.3910763515334876,0.21730048215380307,0.47212488008342485,0.46443116664886475
ft_tkt_0008711,ft_sal_004636,ft_evt_0060,CORTESÍA,0.3910763515334876,0.1190807248516543,0.34716755762553153,0.28040143847465515
ft_tkt_0008712,ft_sal_004637,ft_evt_0060,CORTESÍA,0.3910763515334876,0.18640454725237177,0.3486132245626263,0.34044352173805237
ft_tkt_0008713,ft_sal_004638,ft_evt_0060,CORTESÍA,0.3910763515334876,0.18351544908637907,0.3447918327569704,0.38125672936439514
ft_tkt_0008714,ft_sal_004639,ft_evt_0060,CORTESÍA,0.3910763515334876,0.23637537351615462,0.41965118771753446,0.43938636779785156
ft_tkt_0008715,ft_sal_004639,ft_evt_0060,CORTESÍA,0.3910763515334876,0.23637537351615462,0.41965118771753446,0.43938636779785156
ft_tkt_0008716,ft_sal_004640,ft_evt_0060,CORTESÍA,0.3910763515334876,0.1993839936739489,0.41888943884546254,0.4289776384830475
ft_tkt_0008717,ft_sal_004641,ft_evt_0060,CORTESÍA,0.3910763515334876,0.1588902051987731,0.3394615036321097,0.3573959171772003
ft_tkt_0008718,ft_sal_004641,ft_evt_0060,CORTESÍA,0.3910763515334876,0.1588902051987731,0.3394615036321097,0.3573959171772003
ft_tkt_0008719,ft_sal_004642,ft_evt_0060,CORTESÍA,0.3910763515334876,0.19480801933711092,0.4419777365970071,0.46746140718460083
ft_tkt_0008720,ft_sal_004642,ft_evt_0060,CORTESÍA,0.3910763515334876,0.19480801933711092,0.4419777365970071,0.46746140718460083
ft_tkt_0008721,ft_sal_004642,ft_evt_0060,CORTESÍA,0.3910763515334876,0.19480801933711092,0.4419777365970071,0.46746140718460083
ft_tkt_0008722,ft_sal_004643,ft_evt_0060,CORTESÍA,0.3910763515334876,0.10714727018648396,0.29407964318348473,0.25386789441108704
ft_tkt_0008723,ft_sal_004644,ft_evt_0060,CORTESÍA,0.3910763515334876,0.16644028688165985,0.35758915220756987,0.3933446407318115
ft_tkt_0008724,ft_sal_004644,ft_evt_0060,CORTESÍA,0.3910763515334876,0.16644028688165985,0.35758915220756987,0.3933446407318115
ft_tkt_0008725,ft_sal_004644,ft_evt_0060,CORTESÍA,0.3910763515334876,0.16644028688165985,0.35758915220756987,0.3933446407318115
ft_tkt_0008726,ft_sal_004644,ft_evt_0060,CORTESÍA,0.3910763515334876,0.16644028688165985,0.35758915220756987,0.3933446407318115
ft_tkt_0008727,ft_sal_004645,ft_evt_0060,CORTESÍA,0.3910763515334876,0.2965494064551389,0.37745217410854864,0.4216850697994232
ft_tkt_0008728,ft_sal_004646,ft_evt_0060,CORTESÍA,0.3910763515334876,0.21978324349696785,0.41275251814528324,0.4535403549671173
ft_tkt_0008729,ft_sal_004646,ft_evt_0060,CORTESÍA,0.3910763515334876,0.21978324349696785,0.41275251814528324,0.4535403549671173
ft_tkt_0008730,ft_sal_004646,ft_evt_0060,CORTESÍA,0.3910763515334876,0.21978324349696785,0.41275251814528324,0.4535403549671173
ft_tkt_0008731,ft_sal_004647,ft_evt_0060,CORTESÍA,0.3910763515334876,0.1256240882115945,0.30062281279318204,0.20688322186470032
ft_tkt_0008732,ft_sal_004648,ft_evt_0060,CORTESÍA,0.3910763515334876,0.14596261402282734,0.30788808122354727,0.27686020731925964
ft_tkt_0008733,ft_sal_004649,ft_evt_0060,CORTESÍA,0.3910763515334876,0.24836770905073724,0.39009572833909556,0.37302693724632263
ft_tkt_0008734,ft_sal_004650,ft_evt_0060,CORTESÍA,0.3910763515334876,0.09360337867246936,0.33962759584794355,0.3476409316062927
ft_tkt_0008735,ft_sal_004650,ft_evt_0060,CORTESÍA,0.3910763515334876,0.09360337867246936,0.33962759584794355,0.3476409316062927
ft_tkt_0008736,ft_sal_004650,ft_evt_0060,CORTESÍA,0.3910763515334876,0.09360337867246936,0.33962759584794355,0.3476409316062927
ft_tkt_0008737,ft_sal_004650,ft_evt_0060,CORTESÍA,0.3910763515334876,0.09360337867246936,0.33962759584794355,0.3476409316062927
ft_tkt_0008738,ft_sal_004651,ft_evt_0060,CORTESÍA,0.3910763515334876,0.15871927760569732,0.36530641618123544,0.34652242064476013
ft_tkt_0008739,ft_sal_004652,ft_evt_0060,CORTESÍA,0.3910763515334876,0.21348608709793204,0.3851257612980139,0.4588148891925812
ft_tkt_0008740,ft_sal_004652,ft_evt_0060,CORTESÍA,0.3910763515334876,0.21348608709793204,0.3851257612980139,0.4588148891925812
ft_tkt_0008741,ft_sal_004652,ft_evt_0060,CORTESÍA,0.3910763515334876,0.21348608709793204,0.3851257612980139,0.4588148891925812
ft_tkt_0008742,ft_sal_004653,ft_evt_0060,CORTESÍA,0.3910763515334876,0.22406836952575648,0.41553405856733544,0.4455878436565399
ft_tkt_0008743,ft_sal_004653,ft_evt_0060,CORTESÍA,0.3910763515334876,0.22406836952575648,0.41553405856733544,0.4455878436565399
ft_tkt_0008744,ft_sal_004654,ft_evt_0060,CORTESÍA,0.3910763515334876,0.24809809992717174,0.4392312262122675,0.5867557525634766
ft_tkt_0008745,ft_sal_004654,ft_evt_0060,CORTESÍA,0.3910763515334876,0.24809809992717174,0.4392312262122675,0.5867557525634766
ft_tkt_0008746,ft_sal_004655,ft_evt_0060,CORTESÍA,0.3910763515334876,0.16053411662834066,0.3501919942983836,0.3988092839717865
ft_tkt_0008747,ft_sal_004655,ft_evt_0060,CORTESÍA,0.3910763515334876,0.16053411662834066,0.3501919942983836,0.3988092839717865
ft_tkt_0008748,ft_sal_004655,ft_evt_0060,CORTESÍA,0.3910763515334876,0.16053411662834066,0.3501919942983836,0.3988092839717865
ft_tkt_0008749,ft_sal_004655,ft_evt_0060,CORTESÍA,0.3910763515334876,0.16053411662834066,0.3501919942983836,0.3988092839717865
ft_tkt_0008750,ft_sal_004655,ft_evt_0060,CORTESÍA,0.3910763515334876,0.16053411662834066,0.3501919942983836,0.3988092839717865
ft_tkt_0008751,ft_sal_004655,ft_evt_0060,CORTESÍA,0.3910763515334876,0.16053411662834066,0.3501919942983836,0.3988092839717865
ft_tkt_0008752,ft_sal_004656,ft_evt_0060,CORTESÍA,0.3910763515334876,0.20362529234989232,0.4229901088115054,0.42978179454803467
ft_tkt_0008753,ft_sal_004657,ft_evt_0060,CORTESÍA,0.3910763515334876,0.17894249895035472,0.3606571597962661,0.3807300925254822
ft_tkt_0008754,ft_sal_004657,ft_evt_0060,CORTESÍA,0.3910763515334876,0.17894249895035472,0.3606571597962661,0.3807300925254822
ft_tkt_0008755,ft_sal_004658,ft_evt_0060,CORTESÍA,0.3910763515334876,0.09176386176644899,0.265425226945589,0.3976499140262604
ft_tkt_0008756,ft_sal_004658,ft_evt_0060,CORTESÍA,0.3910763515334876,0.09176386176644899,0.265425226945589,0.3976499140262604
ft_tkt_0008757,ft_sal_004658,ft_evt_0060,CORTESÍA,0.3910763515334876,0.09176386176644899,0.265425226945589,0.3976499140262604
ft_tkt_0008758,ft_sal_004658,ft_evt_0060,CORTESÍA,0.3910763515334876,0.09176386176644899,0.265425226945589,0.3976499140262604
ft_tkt_0008759,ft_sal_004659,ft_evt_0060,CORTESÍA,0.3910763515334876,0.17637908253229537,0.35637332777634717,0.39647871255874634
ft_tkt_0008760,ft_sal_004659,ft_evt_0060,CORTESÍA,0.3910763515334876,0.17637908253229537,0.35637332777634717,0.39647871255874634
ft_tkt_0008761,ft_sal_004659,ft_evt_0060,CORTESÍA,0.3910763515334876,0.17637908253229537,0.35637332777634717,0.39647871255874634
ft_tkt_0008762,ft_sal_004660,ft_evt_0060,CORTESÍA,0.3910763515334876,0.21195460455976145,0.4516102862861666,0.5338255763053894
ft_tkt_0008763,ft_sal_004660,ft_evt_0060,CORTESÍA,0.3910763515334876,0.21195460455976145,0.4516102862861666,0.5338255763053894
ft_tkt_0008764,ft_sal_004660,ft_evt_0060,CORTESÍA,0.3910763515334876,0.21195460455976145,0.4516102862861666,0.5338255763053894
ft_tkt_0008765,ft_sal_004660,ft_evt_0060,CORTESÍA,0.3910763515334876,0.21195460455976145,0.4516102862861666,0.5338255763053894
ft_tkt_0008766,ft_sal_004661,ft_evt_0060,CORTESÍA,0.3910763515334876,0.18958468519047772,0.31850250307560274,0.3454592823982239
ft_tkt_0008767,ft_sal_004662,ft_evt_0060,CORTESÍA,0.3910763515334876,0.23660202624662505,0.41965118771753446,0.43938636779785156
ft_tkt_0008768,ft_sal_004662,ft_evt_0060,CORTESÍA,0.3910763515334876,0.23660202624662505,0.41965118771753446,0.43938636779785156
ft_tkt_0008769,ft_sal_004663,ft_evt_0060,CORTESÍA,0.3910763515334876,0.22741258450466115,0.4424053784381105,0.37153828144073486
ft_tkt_0008770,ft_sal_004664,ft_evt_0060,CORTESÍA,0.3910763515334876,0.22238200180698348,0.3689960458355353,0.35704201459884644
ft_tkt_0008771,ft_sal_004665,ft_evt_0060,CORTESÍA,0.3910763515334876,0.20004999047307329,0.3531683722729787,0.3397839665412903
ft_tkt_0008772,ft_sal_004666,ft_evt_0060,CORTESÍA,0.3910763515334876,0.21283934444500838,0.39175648177284494,0.4558599889278412
ft_tkt_0008773,ft_sal_004667,ft_evt_0060,CORTESÍA,0.3910763515334876,0.15020403375618616,0.3505348138255508,0.30987706780433655
ft_tkt_0008774,ft_sal_004667,ft_evt_0060,CORTESÍA,0.3910763515334876,0.15020403375618616,0.3505348138255508,0.30987706780433655
ft_tkt_0008775,ft_sal_004668,ft_evt_0060,CORTESÍA,0.3910763515334876,0.1520439323578193,0.3176724641908085,0.3891560137271881
ft_tkt_0008776,ft_sal_004668,ft_evt_0060,CORTESÍA,0.3910763515334876,0.1520439323578193,0.3176724641908085,0.3891560137271881
ft_tkt_0008777,ft_sal_004669,ft_evt_0060,CORTESÍA,0.3910763515334876,0.16837512139597083,0.3539084650464389,0.3360736072063446
ft_tkt_0008778,ft_sal_004670,ft_evt_0060,CORTESÍA,0.3910763515334876,0.23523469598296998,0.33736318408412697,0.30256426334381104
ft_tkt_0008779,ft_sal_004671,ft_evt_0060,CORTESÍA,0.3910763515334876,0.09607173240822703,0.2627882682086765,0.17898663878440857
ft_tkt_0008780,ft_sal_004672,ft_evt_0060,CORTESÍA,0.3910763515334876,0.17217195608544028,0.33139402432006565,0.43129613995552063
ft_tkt_0008781,ft_sal_004672,ft_evt_0060,CORTESÍA,0.3910763515334876,0.17217195608544028,0.33139402432006565,0.43129613995552063
ft_tkt_0008782,ft_sal_004673,ft_evt_0060,CORTESÍA,0.3910763515334876,0.21475883363498635,0.3277676487660299,0.3325956463813782
ft_tkt_0008783,ft_sal_004673,ft_evt_0060,CORTESÍA,0.3910763515334876,0.21475883363498635,0.3277676487660299,0.3325956463813782
ft_tkt_0008784,ft_sal_004673,ft_evt_0060,CORTESÍA,0.3910763515334876,0.21475883363498635,0.3277676487660299,0.3325956463813782
ft_tkt_0008785,ft_sal_004674,ft_evt_0060,CORTESÍA,0.3910763515334876,0.23254524383273584,0.41830010705387294,0.43728283047676086
ft_tkt_0008786,ft_sal_004674,ft_evt_0060,CORTESÍA,0.3910763515334876,0.23254524383273584,0.41830010705387294,0.43728283047676086
ft_tkt_0008787,ft_sal_004675,ft_evt_0060,CORTESÍA,0.3910763515334876,0.20423664249498186,0.4173376659626151,0.42978179454803467
ft_tkt_0008788,ft_sal_004676,ft_evt_0060,CORTESÍA,0.3910763515334876,0.21112736460344067,0.3291070380863076,0.31904923915863037
ft_tkt_0008789,ft_sal_004676,ft_evt_0060,CORTESÍA,0.3910763515334876,0.21112736460344067,0.3291070380863076,0.31904923915863037
ft_tkt_0008790,ft_sal_004677,ft_evt_0060,CORTESÍA,0.3910763515334876,0.17233399666148622,0.2933919822374253,0.28949880599975586
ft_tkt_0008791,ft_sal_004678,ft_evt_0060,CORTESÍA,0.3910763515334876,0.16089986713083443,0.3386216506494164,0.3084445297718048
ft_tkt_0008792,ft_sal_004678,ft_evt_0060,CORTESÍA,0.3910763515334876,0.16089986713083443,0.3386216506494164,0.3084445297718048
ft_tkt_0008793,ft_sal_004678,ft_evt_0060,CORTESÍA,0.3910763515334876,0.16089986713083443,0.3386216506494164,0.3084445297718048
ft_tkt_0008794,ft_sal_004679,ft_evt_0060,CORTESÍA,0.3910763515334876,0.1364246887951924,0.32455349726873883,0.37220045924186707
ft_tkt_0008795,ft_sal_004680,ft_evt_0060,CORTESÍA,0.3910763515334876,0.19601448048498218,0.34202239484939023,0.41397997736930847
ft_tkt_0008796,ft_sal_004680,ft_evt_0060,CORTESÍA,0.3910763515334876,0.19601448048498218,0.34202239484939023,0.41397997736930847
ft_tkt_0008797,ft_sal_004681,ft_evt_0060,CORTESÍA,0.3910763515334876,0.22826771574665375,0.3178669315804752,0.3273296356201172
ft_tkt_0008798,ft_sal_004681,ft_evt_0060,CORTESÍA,0.3910763515334876,0.22826771574665375,0.3178669315804752,0.3273296356201172
ft_tkt_0008799,ft_sal_004682,ft_evt_0060,CORTESÍA,0.3910763515334876,0.20588032809871945,0.3095064263043517,0.32087457180023193
ft_tkt_0008800,ft_sal_004683,ft_evt_0060,CORTESÍA,0.3910763515334876,0.2843581476574404,0.44016390830241087,0.5136749148368835
ft_tkt_0008801,ft_sal_004683,ft_evt_0060,CORTESÍA,0.3910763515334876,0.2843581476574404,0.44016390830241087,0.5136749148368835
ft_tkt_0008802,ft_sal_004684,ft_evt_0060,CORTESÍA,0.3910763515334876,0.22262385230705525,0.4617471601561327,0.46403616666793823
ft_tkt_0008803,ft_sal_004685,ft_evt_0060,CORTESÍA,0.3910763515334876,0.2930900210805198,0.41873436386278995,0.4176104664802551
ft_tkt_0008804,ft_sal_004685,ft_evt_0060,CORTESÍA,0.3910763515334876,0.2930900210805198,0.41873436386278995,0.4176104664802551
ft_tkt_0008805,ft_sal_004685,ft_evt_0060,CORTESÍA,0.3910763515334876,0.2930900210805198,0.41873436386278995,0.4176104664802551
ft_tkt_0008806,ft_sal_004685,ft_evt_0060,CORTESÍA,0.3910763515334876,0.2930900210805198,0.41873436386278995,0.4176104664802551
ft_tkt_0008807,ft_sal_004685,ft_evt_0060,CORTESÍA,0.3910763515334876,0.2930900210805198,0.41873436386278995,0.4176104664802551
ft_tkt_0008808,ft_sal_004685,ft_evt_0060,CORTESÍA,0.3910763515334876,0.2930900210805198,0.41873436386278995,0.4176104664802551
ft_tkt_0008809,ft_sal_004686,ft_evt_0060,CORTESÍA,0.3910763515334876,0.13375209188371123,0.31240279016736006,0.2600426971912384
ft_tkt_0008810,ft_sal_004687,ft_evt_0060,CORTESÍA,0.3910763515334876,0.3019658809211416,0.4663357357561164,0.4699430763721466
ft_tkt_0008811,ft_sal_004688,ft_evt_0060,CORTESÍA,0.3910763515334876,0.11164418220755931,0.28992800095120624,0.20269335806369781
ft_tkt_0008812,ft_sal_004689,ft_evt_0060,CORTESÍA,0.3910763515334876,0.15983867760868145,0.36573362615121296,0.36351579427719116
ft_tkt_0008813,ft_sal_004689,ft_evt_0060,CORTESÍA,0.3910763515334876,0.15983867760868145,0.36573362615121296,0.36351579427719116
ft_tkt_0008814,ft_sal_004689,ft_evt_0060,CORTESÍA,0.3910763515334876,0.15983867760868145,0.36573362615121296,0.36351579427719116
ft_tkt_0008815,ft_sal_004689,ft_evt_0060,CORTESÍA,0.3910763515334876,0.15983867760868145,0.36573362615121296,0.36351579427719116
ft_tkt_0008816,ft_sal_004689,ft_evt_0060,CORTESÍA,0.3910763515334876,0.15983867760868145,0.36573362615121296,0.36351579427719116
ft_tkt_0008817,ft_sal_004689,ft_evt_0060,CORTESÍA,0.3910763515334876,0.15983867760868145,0.36573362615121296,0.36351579427719116
ft_tkt_0008818,ft_sal_004690,ft_evt_0060,CORTESÍA,0.3910763515334876,0.16699302352680362,0.35602143521814544,0.34519389271736145
ft_tkt_0008819,ft_sal_004690,ft_evt_0060,CORTESÍA,0.3910763515334876,0.16699302352680362,0.35602143521814544,0.34519389271736145
ft_tkt_0008820,ft_sal_004690,ft_evt_0060,CORTESÍA,0.3910763515334876,0.16699302352680362,0.35602143521814544,0.34519389271736145
ft_tkt_0008821,ft_sal_004690,ft_evt_0060,CORTESÍA,0.3910763515334876,0.16699302352680362,0.35602143521814544,0.34519389271736145
ft_tkt_0008822,ft_sal_004691,ft_evt_0060,CORTESÍA,0.3910763515334876,0.18771924112878938,0.36723444244356107,0.39329633116722107
ft_tkt_0008823,ft_sal_004691,ft_evt_0060,CORTESÍA,0.3910763515334876,0.18771924112878938,0.36723444244356107,0.39329633116722107
ft_tkt_0008824,ft_sal_004691,ft_evt_0060,CORTESÍA,0.3910763515334876,0.18771924112878938,0.36723444244356107,0.39329633116722107
ft_tkt_0008825,ft_sal_004692,ft_evt_0060,CORTESÍA,0.3910763515334876,0.3825478720259208,0.4132202526016381,0.39882346987724304
ft_tkt_0008826,ft_sal_004693,ft_evt_0060,CORTESÍA,0.3910763515334876,0.19110131361755311,0.4126865894064229,0.44342896342277527
ft_tkt_0008827,ft_sal_004694,ft_evt_0060,CORTESÍA,0.3910763515334876,0.15300716126993152,0.3165841646309107,0.3815271258354187
ft_tkt_0008828,ft_sal_004695,ft_evt_0060,CORTESÍA,0.3910763515334876,0.23038670554949198,0.42121590001243053,0.4580042362213135
ft_tkt_0008829,ft_sal_004695,ft_evt_0060,CORTESÍA,0.3910763515334876,0.23038670554949198,0.42121590001243053,0.4580042362213135
ft_tkt_0008830,ft_sal_004696,ft_evt_0060,CORTESÍA,0.3910763515334876,0.21376735745482373,0.3678960379468634,0.3628849685192108
ft_tkt_0008831,ft_sal_004696,ft_evt_0060,CORTESÍA,0.3910763515334876,0.21376735745482373,0.3678960379468634,0.3628849685192108
ft_tkt_0008832,ft_sal_004696,ft_evt_0060,CORTESÍA,0.3910763515334876,0.21376735745482373,0.3678960379468634,0.3628849685192108
ft_tkt_0008833,ft_sal_004696,ft_evt_0060,CORTESÍA,0.3910763515334876,0.21376735745482373,0.3678960379468634,0.3628849685192108
ft_tkt_0008834,ft_sal_004696,ft_evt_0060,CORTESÍA,0.3910763515334876,0.21376735745482373,0.3678960379468634,0.3628849685192108
ft_tkt_0008835,ft_sal_004696,ft_evt_0060,CORTESÍA,0.3910763515334876,0.21376735745482373,0.3678960379468634,0.3628849685192108
ft_tkt_0008836,ft_sal_004697,ft_evt_0060,CORTESÍA,0.3910763515334876,0.22134342781519742,0.4151695152409348,0.45765411853790283
ft_tkt_0008837,ft_sal_004697,ft_evt_0060,CORTESÍA,0.3910763515334876,0.22134342781519742,0.4151695152409348,0.45765411853790283
ft_tkt_0008838,ft_sal_004697,ft_evt_0060,CORTESÍA,0.3910763515334876,0.22134342781519742,0.4151695152409348,0.45765411853790283
ft_tkt_0008839,ft_sal_004697,ft_evt_0060,CORTESÍA,0.3910763515334876,0.22134342781519742,0.4151695152409348,0.45765411853790283
ft_tkt_0008840,ft_sal_004698,ft_evt_0060,CORTESÍA,0.3910763515334876,0.18660108675088594,0.3726502375808351,0.40377020835876465
ft_tkt_0008841,ft_sal_004698,ft_evt_0060,CORTESÍA,0.3910763515334876,0.18660108675088594,0.3726502375808351,0.40377020835876465
ft_tkt_0008842,ft_sal_004698,ft_evt_0060,CORTESÍA,0.3910763515334876,0.18660108675088594,0.3726502375808351,0.40377020835876465
ft_tkt_0008843,ft_sal_004699,ft_evt_0060,CORTESÍA,0.3910763515334876,0.28320478324168546,0.4167845830166616,0.5324785113334656
ft_tkt_0008844,ft_sal_004700,ft_evt_0060,CORTESÍA,0.3910763515334876,0.15517933839440198,0.35182330290277364,0.33168816566467285
ft_tkt_0008845,ft_sal_004700,ft_evt_0060,CORTESÍA,0.3910763515334876,0.15517933839440198,0.35182330290277364,0.33168816566467285
ft_tkt_0008846,ft_sal_004701,ft_evt_0060,CORTESÍA,0.3910763515334876,0.12404312953688794,0.32269256050362977,0.33565160632133484
ft_tkt_0008847,ft_sal_004702,ft_evt_0060,CORTESÍA,0.3910763515334876,0.18543739683453195,0.32379269006004663,0.39794018864631653
ft_tkt_0008848,ft_sal_004702,ft_evt_0060,CORTESÍA,0.3910763515334876,0.18543739683453195,0.32379269006004663,0.39794018864631653
ft_tkt_0008849,ft_sal_004703,ft_evt_0060,CORTESÍA,0.3910763515334876,0.20519034126230448,0.41732713737582233,0.4283231496810913
ft_tkt_0008850,ft_sal_004704,ft_evt_0060,CORTESÍA,0.3910763515334876,0.15024974406132208,0.3620891442549502,0.34553390741348267
ft_tkt_0008851,ft_sal_004705,ft_evt_0060,CORTESÍA,0.3910763515334876,0.154644892455442,0.3378591250094546,0.34036022424697876
ft_tkt_0008852,ft_sal_004705,ft_evt_0060,CORTESÍA,0.3910763515334876,0.154644892455442,0.3378591250094546,0.34036022424697876
ft_tkt_0008853,ft_sal_004705,ft_evt_0060,CORTESÍA,0.3910763515334876,0.154644892455442,0.3378591250094546,0.34036022424697876
ft_tkt_0008854,ft_sal_004705,ft_evt_0060,CORTESÍA,0.3910763515334876,0.154644892455442,0.3378591250094546,0.34036022424697876
ft_tkt_0008855,ft_sal_004706,ft_evt_0060,CORTESÍA,0.3910763515334876,0.29612743731976227,0.4218437214128011,0.44393959641456604
ft_tkt_0008856,ft_sal_004706,ft_evt_0060,CORTESÍA,0.3910763515334876,0.29612743731976227,0.4218437214128011,0.44393959641456604
ft_tkt_0008857,ft_sal_004706,ft_evt_0060,CORTESÍA,0.3910763515334876,0.29612743731976227,0.4218437214128011,0.44393959641456604
ft_tkt_0008858,ft_sal_004707,ft_evt_0060,CORTESÍA,0.3910763515334876,0.21122936291184588,0.38287180672423604,0.38925692439079285
ft_tkt_0008859,ft_sal_004708,ft_evt_0060,CORTESÍA,0.3910763515334876,0.20519034126230448,0.41732713737582233,0.4283231496810913
ft_tkt_0008860,ft_sal_004709,ft_evt_0060,CORTESÍA,0.3910763515334876,0.21606800092729067,0.3439666058679495,0.3991447389125824
ft_tkt_0008861,ft_sal_004709,ft_evt_0060,CORTESÍA,0.3910763515334876,0.21606800092729067,0.3439666058679495,0.3991447389125824
ft_tkt_0008862,ft_sal_004710,ft_evt_0060,CORTESÍA,0.3910763515334876,0.12044107233065444,0.2784937006746828,0.20618116855621338
ft_tkt_0008863,ft_sal_004711,ft_evt_0060,CORTESÍA,0.3910763515334876,0.18053214464697104,0.4039854829440232,0.41789689660072327
ft_tkt_0008864,ft_sal_004712,ft_evt_0060,CORTESÍA,0.3910763515334876,0.15809507553596155,0.30888872442382503,0.3300428092479706
ft_tkt_0008865,ft_sal_004713,ft_evt_0060,CORTESÍA,0.3910763515334876,0.2034218118943284,0.4198477645920841,0.42978179454803467
ft_tkt_0008866,ft_sal_004714,ft_evt_0060,CORTESÍA,0.3910763515334876,0.188547065486865,0.41910943068680745,0.45326900482177734
ft_tkt_0008867,ft_sal_004714,ft_evt_0060,CORTESÍA,0.3910763515334876,0.188547065486865,0.41910943068680745,0.45326900482177734
ft_tkt_0008868,ft_sal_004715,ft_evt_0060,CORTESÍA,0.3910763515334876,0.19712275331894025,0.41888943884546254,0.46626758575439453
ft_tkt_0008869,ft_sal_004716,ft_evt_0060,CORTESÍA,0.3910763515334876,0.23531964341724784,0.41965118771753446,0.43938636779785156
ft_tkt_0008870,ft_sal_004716,ft_evt_0060,CORTESÍA,0.3910763515334876,0.23531964341724784,0.41965118771753446,0.43938636779785156
ft_tkt_0008871,ft_sal_004717,ft_evt_0060,CORTESÍA,0.3910763515334876,0.12551190666968656,0.2627998954206822,0.23594120144844055
ft_tkt_0008872,ft_sal_004718,ft_evt_0060,CORTESÍA,0.3910763515334876,0.18011144696509968,0.3563381109674399,0.39849475026130676
ft_tkt_0008873,ft_sal_004718,ft_evt_0060,CORTESÍA,0.3910763515334876,0.18011144696509968,0.3563381109674399,0.39849475026130676
ft_tkt_0008874,ft_sal_004718,ft_evt_0060,CORTESÍA,0.3910763515334876,0.18011144696509968,0.3563381109674399,0.39849475026130676
ft_tkt_0008875,ft_sal_004719,ft_evt_0060,CORTESÍA,0.3910763515334876,0.1448690030181047,0.30004302817106926,0.33327457308769226
ft_tkt_0008876,ft_sal_004719,ft_evt_0060,CORTESÍA,0.3910763515334876,0.1448690030181047,0.30004302817106926,0.33327457308769226
ft_tkt_0008877,ft_sal_004720,ft_evt_0060,CORTESÍA,0.3910763515334876,0.1432291702524257,0.30043228352217216,0.2690715789794922
ft_tkt_0008878,ft_sal_004721,ft_evt_0060,CORTESÍA,0.3910763515334876,0.2060788737787365,0.41732713737582233,0.4283231496810913
ft_tkt_0008879,ft_sal_004722,ft_evt_0060,CORTESÍA,0.3910763515334876,0.15998097791709123,0.30676105992362435,0.3019693195819855
ft_tkt_0008880,ft_sal_004722,ft_evt_0060,CORTESÍA,0.3910763515334876,0.15998097791709123,0.30676105992362435,0.3019693195819855
ft_tkt_0008881,ft_sal_004722,ft_evt_0060,CORTESÍA,0.3910763515334876,0.15998097791709123,0.30676105992362435,0.3019693195819855
ft_tkt_0008882,ft_sal_004722,ft_evt_0060,CORTESÍA,0.3910763515334876,0.15998097791709123,0.30676105992362435,0.3019693195819855
ft_tkt_0008883,ft_sal_004723,ft_evt_0060,CORTESÍA,0.3910763515334876,0.18158686091419915,0.4039854829440232,0.41789689660072327
ft_tkt_0008884,ft_sal_004724,ft_evt_0060,CORTESÍA,0.3910763515334876,0.13840931221479386,0.304560648776937,0.2854796350002289
ft_tkt_0008885,ft_sal_004724,ft_evt_0060,CORTESÍA,0.3910763515334876,0.13840931221479386,0.304560648776937,0.2854796350002289
ft_tkt_0008886,ft_sal_004724,ft_evt_0060,CORTESÍA,0.3910763515334876,0.13840931221479386,0.304560648776937,0.2854796350002289
ft_tkt_0008887,ft_sal_004725,ft_evt_0060,CORTESÍA,0.3910763515334876,0.16233083257942563,0.3488383980172092,0.39236897230148315
ft_tkt_0008888,ft_sal_004725,ft_evt_0060,CORTESÍA,0.3910763515334876,0.16233083257942563,0.3488383980172092,0.39236897230148315
ft_tkt_0008889,ft_sal_004726,ft_evt_0060,CORTESÍA,0.3910763515334876,0.2282265467842043,0.37100042690652146,0.33386144042015076
ft_tkt_0008890,ft_sal_004727,ft_evt_0060,CORTESÍA,0.3910763515334876,0.24427163683149408,0.422563539612006,0.4571674168109894
ft_tkt_0008891,ft_sal_004728,ft_evt_0060,CORTESÍA,0.3910763515334876,0.20193424861346146,0.41597817591969666,0.425671249628067
ft_tkt_0008892,ft_sal_004729,ft_evt_0060,CORTESÍA,0.3910763515334876,0.1507023160848416,0.34557344550320584,0.3554527461528778
ft_tkt_0008893,ft_sal_004729,ft_evt_0060,CORTESÍA,0.3910763515334876,0.1507023160848416,0.34557344550320584,0.3554527461528778
ft_tkt_0008894,ft_sal_004729,ft_evt_0060,CORTESÍA,0.3910763515334876,0.1507023160848415,0.34557344550320584,0.3554527461528778
ft_tkt_0008895,ft_sal_004730,ft_evt_0060,CORTESÍA,0.3910763515334876,0.1291113389866577,0.3084353864323265,0.3322916030883789
ft_tkt_0008896,ft_sal_004731,ft_evt_0060,CORTESÍA,0.3910763515334876,0.2291917938368198,0.3554828453424476,0.3835654556751251
ft_tkt_0008897,ft_sal_004731,ft_evt_0060,CORTESÍA,0.3910763515334876,0.2291917938368198,0.3554828453424476,0.3835654556751251
ft_tkt_0008898,ft_sal_004732,ft_evt_0060,CORTESÍA,0.3910763515334876,0.09135225684063047,0.270930609805756,0.37000471353530884
ft_tkt_0008899,ft_sal_004732,ft_evt_0060,CORTESÍA,0.3910763515334876,0.09135225684063047,0.270930609805756,0.37000471353530884
ft_tkt_0008900,ft_sal_004732,ft_evt_0060,CORTESÍA,0.3910763515334876,0.09135225684063047,0.270930609805756,0.37000471353530884
ft_tkt_0008901,ft_sal_004733,ft_evt_0060,CORTESÍA,0.3910763515334876,0.20247423823380511,0.41597817591969666,0.42623230814933777
ft_tkt_0008902,ft_sal_004734,ft_evt_0060,CORTESÍA,0.3910763515334876,0.12363516606446207,0.31391537089797195,0.35683345794677734
ft_tkt_0008903,ft_sal_004734,ft_evt_0060,CORTESÍA,0.3910763515334876,0.12363516606446207,0.31391537089797195,0.35683345794677734
ft_tkt_0008904,ft_sal_004735,ft_evt_0060,CORTESÍA,0.3910763515334876,0.14886605469189512,0.3613904445397014,0.34650593996047974
ft_tkt_0008905,ft_sal_004736,ft_evt_0060,CORTESÍA,0.3910763515334876,0.19745407095009693,0.41888943884546254,0.46626758575439453
ft_tkt_0008906,ft_sal_004737,ft_evt_0060,CORTESÍA,0.3910763515334876,0.3217234635491947,0.4176695400747483,0.448609858751297
ft_tkt_0008907,ft_sal_004738,ft_evt_0060,CORTESÍA,0.3910763515334876,0.20573679332191175,0.41732713737582233,0.4283231496810913
ft_tkt_0008908,ft_sal_004739,ft_evt_0060,CORTESÍA,0.3910763515334876,0.2356963151876847,0.41965118771753446,0.43938636779785156
ft_tkt_0008909,ft_sal_004739,ft_evt_0060,CORTESÍA,0.3910763515334876,0.2356963151876847,0.41965118771753446,0.43938636779785156
ft_tkt_0008910,ft_sal_004740,ft_evt_0060,CORTESÍA,0.3910763515334876,0.18836293052089012,0.35106481948168033,0.4161190390586853
ft_tkt_0008911,ft_sal_004740,ft_evt_0060,CORTESÍA,0.3910763515334876,0.18836293052089012,0.35106481948168033,0.4161190390586853
ft_tkt_0008912,ft_sal_004741,ft_evt_0060,CORTESÍA,0.3910763515334876,0.19081081736182018,0.3145692910049191,0.3194376826286316
ft_tkt_0008913,ft_sal_004741,ft_evt_0060,CORTESÍA,0.3910763515334876,0.19081081736182018,0.3145692910049191,0.3194376826286316
ft_tkt_0008914,ft_sal_004742,ft_evt_0060,CORTESÍA,0.3910763515334876,0.18771651568656195,0.3693843888186687,0.3817170560359955
ft_tkt_0008915,ft_sal_004742,ft_evt_0060,CORTESÍA,0.3910763515334876,0.18771651568656195,0.3693843888186687,0.3817170560359955
ft_tkt_0008916,ft_sal_004742,ft_evt_0060,CORTESÍA,0.3910763515334876,0.18771651568656195,0.3693843888186687,0.3817170560359955
ft_tkt_0008917,ft_sal_004743,ft_evt_0060,CORTESÍA,0.3910763515334876,0.4424319257671243,0.4698311514446172,0.4578447639942169
ft_tkt_0008918,ft_sal_004744,ft_evt_0060,CORTESÍA,0.3910763515334876,0.19102832804838077,0.3559555289099849,0.3083880841732025
ft_tkt_0008919,ft_sal_004745,ft_evt_0060,CORTESÍA,0.3910763515334876,0.33228409418453736,0.3840302046760383,0.3795246481895447
ft_tkt_0008920,ft_sal_004746,ft_evt_0060,CORTESÍA,0.3910763515334876,0.23328557155154733,0.35843490531139366,0.38739171624183655
ft_tkt_0008921,ft_sal_004746,ft_evt_0060,CORTESÍA,0.3910763515334876,0.23328557155154733,0.35843490531139366,0.38739171624183655
ft_tkt_0008922,ft_sal_004747,ft_evt_0060,CORTESÍA,0.3910763515334876,0.16157844778262812,0.2905301183387601,0.3259202539920807
ft_tkt_0008923,ft_sal_004747,ft_evt_0060,CORTESÍA,0.3910763515334876,0.16157844778262812,0.2905301183387601,0.3259202539920807
ft_tkt_0008924,ft_sal_004748,ft_evt_0060,CORTESÍA,0.3910763515334876,0.19844488064651863,0.36913068876108013,0.410983145236969
ft_tkt_0008925,ft_sal_004748,ft_evt_0060,CORTESÍA,0.3910763515334876,0.19844488064651863,0.36913068876108013,0.410983145236969
ft_tkt_0008926,ft_sal_004749,ft_evt_0060,CORTESÍA,0.3910763515334876,0.15391624819764876,0.4150797186448744,0.46929097175598145
ft_tkt_0008927,ft_sal_004749,ft_evt_0060,CORTESÍA,0.3910763515334876,0.15391624819764876,0.4150797186448744,0.46929097175598145
ft_tkt_0008928,ft_sal_004749,ft_evt_0060,CORTESÍA,0.3910763515334876,0.15391624819764876,0.4150797186448744,0.46929097175598145
ft_tkt_0008929,ft_sal_004750,ft_evt_0060,CORTESÍA,0.3910763515334876,0.20281227918309272,0.41951771297114376,0.42623230814933777
ft_tkt_0008930,ft_sal_004751,ft_evt_0060,CORTESÍA,0.3910763515334876,0.23629985562639527,0.41965118771753446,0.43938636779785156
ft_tkt_0008931,ft_sal_004751,ft_evt_0060,CORTESÍA,0.3910763515334876,0.23629985562639527,0.41965118771753446,0.43938636779785156
ft_tkt_0008932,ft_sal_004752,ft_evt_0060,CORTESÍA,0.3910763515334876,0.20213661866406193,0.41597817591969666,0.425671249628067
ft_tkt_0008933,ft_sal_004753,ft_evt_0060,CORTESÍA,0.3910763515334876,0.17156543335036675,0.34805861946120176,0.39760175347328186
ft_tkt_0008934,ft_sal_004753,ft_evt_0060,CORTESÍA,0.3910763515334876,0.17156543335036675,0.34805861946120176,0.39760175347328186
ft_tkt_0008935,ft_sal_004754,ft_evt_0060,CORTESÍA,0.3910763515334876,0.2163943360042852,0.4161191646125248,0.563991904258728
ft_tkt_0008936,ft_sal_004754,ft_evt_0060,CORTESÍA,0.3910763515334876,0.2163943360042852,0.4161191646125248,0.563991904258728
ft_tkt_0008937,ft_sal_004755,ft_evt_0060,CORTESÍA,0.3910763515334876,0.19712275331894025,0.41888943884546254,0.46626758575439453
ft_tkt_0008938,ft_sal_004756,ft_evt_0060,CORTESÍA,0.3910763515334876,0.13085698802154563,0.3534291967426597,0.3182215988636017
ft_tkt_0008939,ft_sal_004757,ft_evt_0060,CORTESÍA,0.3910763515334876,0.13382081733445078,0.36177211309867435,0.27732425928115845
ft_tkt_0008940,ft_sal_004758,ft_evt_0060,CORTESÍA,0.3910763515334876,0.14985474107546748,0.33853428094256793,0.4081744849681854
ft_tkt_0008941,ft_sal_004758,ft_evt_0060,CORTESÍA,0.3910763515334876,0.14985474107546748,0.33853428094256793,0.4081744849681854
ft_tkt_0008942,ft_sal_004758,ft_evt_0060,CORTESÍA,0.3910763515334876,0.14985474107546748,0.33853428094256793,0.4081744849681854
ft_tkt_0008943,ft_sal_004758,ft_evt_0060,CORTESÍA,0.3910763515334876,0.14985474107546748,0.33853428094256793,0.4081744849681854
ft_tkt_0008944,ft_sal_004759,ft_evt_0060,CORTESÍA,0.3910763515334876,0.26276220803466266,0.3936067955361119,0.4262499213218689
ft_tkt_0008945,ft_sal_004760,ft_evt_0060,CORTESÍA,0.3910763515334876,0.20287993719572328,0.41951771297114376,0.42623230814933777
ft_tkt_0008946,ft_sal_004761,ft_evt_0060,CORTESÍA,0.3910763515334876,0.1969358005971756,0.3363089814709065,0.41462913155555725
ft_tkt_0008947,ft_sal_004761,ft_evt_0060,CORTESÍA,0.3910763515334876,0.1969358005971756,0.3363089814709065,0.41462913155555725
ft_tkt_0008948,ft_sal_004762,ft_evt_0060,CORTESÍA,0.3910763515334876,0.2273590048213454,0.42121590001243053,0.48097124695777893
ft_tkt_0008949,ft_sal_004762,ft_evt_0060,CORTESÍA,0.3910763515334876,0.2273590048213454,0.42121590001243053,0.48097124695777893
ft_tkt_0008950,ft_sal_004763,ft_evt_0060,CORTESÍA,0.3910763515334876,0.2156280534664496,0.31888085122827653,0.31807294487953186
ft_tkt_0008951,ft_sal_004763,ft_evt_0060,CORTESÍA,0.3910763515334876,0.2156280534664496,0.31888085122827653,0.31807294487953186
ft_tkt_0008952,ft_sal_004763,ft_evt_0060,CORTESÍA,0.3910763515334876,0.2156280534664496,0.31888085122827653,0.31807294487953186
ft_tkt_0008953,ft_sal_004763,ft_evt_0060,CORTESÍA,0.3910763515334876,0.2156280534664496,0.31888085122827653,0.31807294487953186
ft_tkt_0008954,ft_sal_004764,ft_evt_0060,CORTESÍA,0.3910763515334876,0.1580670884053148,0.30588211497788975,0.3196046054363251
ft_tkt_0008955,ft_sal_004764,ft_evt_0060,CORTESÍA,0.3910763515334876,0.1580670884053148,0.30588211497788975,0.3196046054363251
ft_tkt_0008956,ft_sal_004765,ft_evt_0060,CORTESÍA,0.3910763515334876,0.15258073038982667,0.3348685746965237,0.26447799801826477
ft_tkt_0008957,ft_sal_004766,ft_evt_0060,CORTESÍA,0.3910763515334876,0.22059585210599122,0.41500320326047796,0.45943203568458557
ft_tkt_0008958,ft_sal_004766,ft_evt_0060,CORTESÍA,0.3910763515334876,0.22059585210599122,0.41500320326047796,0.45943203568458557
ft_tkt_0008959,ft_sal_004767,ft_evt_0060,CORTESÍA,0.3910763515334876,0.1086276429011277,0.2961765330632656,0.20399227738380432
ft_tkt_0008960,ft_sal_004768,ft_evt_0060,CORTESÍA,0.3910763515334876,0.20566842839948402,0.41732713737582233,0.4283231496810913
ft_tkt_0008961,ft_sal_004769,ft_evt_0060,CORTESÍA,0.3910763515334876,0.13443689195972955,0.3261548933620381,0.3860883414745331
ft_tkt_0008962,ft_sal_004769,ft_evt_0060,CORTESÍA,0.3910763515334876,0.13443689195972955,0.3261548933620381,0.3860883414745331
ft_tkt_0008963,ft_sal_004769,ft_evt_0060,CORTESÍA,0.3910763515334876,0.13443689195972955,0.3261548933620381,0.3860883414745331
ft_tkt_0008964,ft_sal_004769,ft_evt_0060,CORTESÍA,0.3910763515334876,0.13443689195972955,0.3261548933620381,0.3860883414745331
ft_tkt_0008965,ft_sal_004769,ft_evt_0060,CORTESÍA,0.3910763515334876,0.13443689195972955,0.3261548933620381,0.3860883414745331
ft_tkt_0008966,ft_sal_004769,ft_evt_0060,CORTESÍA,0.3910763515334876,0.13443689195972955,0.3261548933620381,0.3860883414745331
ft_tkt_0008967,ft_sal_004770,ft_evt_0060,CORTESÍA,0.3910763515334876,0.269701122057709,0.42074482586786155,0.4179113209247589
ft_tkt_0008968,ft_sal_004771,ft_evt_0060,CORTESÍA,0.3910763515334876,0.1817228783110348,0.3018964700608326,0.24046653509140015
ft_tkt_0008969,ft_sal_004772,ft_evt_0060,CORTESÍA,0.3910763515334876,0.22657927631002792,0.4122657641313803,0.4185428321361542
ft_tkt_0008970,ft_sal_004772,ft_evt_0060,CORTESÍA,0.3910763515334876,0.22657927631002792,0.4122657641313803,0.4185428321361542
ft_tkt_0008971,ft_sal_004772,ft_evt_0060,CORTESÍA,0.3910763515334876,0.22657927631002792,0.4122657641313803,0.4185428321361542
ft_tkt_0008972,ft_sal_004772,ft_evt_0060,CORTESÍA,0.3910763515334876,0.22657927631002792,0.4122657641313803,0.4185428321361542
ft_tkt_0008973,ft_sal_004773,ft_evt_0060,CORTESÍA,0.3910763515334876,0.23292015190787094,0.45946773450318595,0.5541531443595886
ft_tkt_0008974,ft_sal_004773,ft_evt_0060,CORTESÍA,0.3910763515334876,0.23292015190787094,0.45946773450318595,0.5541531443595886
ft_tkt_0008975,ft_sal_004774,ft_evt_0060,CORTESÍA,0.3910763515334876,0.21378434016571912,0.351251007301543,0.386530339717865
ft_tkt_0008976,ft_sal_004775,ft_evt_0060,CORTESÍA,0.3910763515334876,0.2021713209107817,0.3470840721035687,0.34309661388397217
ft_tkt_0008977,ft_sal_004776,ft_evt_0060,CORTESÍA,0.3910763515334876,0.21785700125606858,0.41688146201780674,0.4712981879711151
ft_tkt_0008978,ft_sal_004776,ft_evt_0060,CORTESÍA,0.3910763515334876,0.21785700125606858,0.41688146201780674,0.4712981879711151
ft_tkt_0008979,ft_sal_004776,ft_evt_0060,CORTESÍA,0.3910763515334876,0.21785700125606858,0.41688146201780674,0.4712981879711151
ft_tkt_0008980,ft_sal_004776,ft_evt_0060,CORTESÍA,0.3910763515334876,0.21785700125606858,0.41688146201780674,0.4712981879711151
ft_tkt_0008981,ft_sal_004776,ft_evt_0060,CORTESÍA,0.3910763515334876,0.21785700125606858,0.41688146201780674,0.4712981879711151
ft_tkt_0008982,ft_sal_004776,ft_evt_0060,CORTESÍA,0.3910763515334876,0.21785700125606858,0.41688146201780674,0.4712981879711151
ft_tkt_0008983,ft_sal_004777,ft_evt_0060,CORTESÍA,0.3910763515334876,0.14320606159756386,0.2926757188608325,0.219679057598114
ft_tkt_0008984,ft_sal_004778,ft_evt_0060,CORTESÍA,0.3910763515334876,0.38953699519313345,0.4005118422001741,0.4947940707206726
ft_tkt_0008985,ft_sal_004779,ft_evt_0060,CORTESÍA,0.3910763515334876,0.0857562644575871,0.26449192026434853,0.21965961158275604
ft_tkt_0008986,ft_sal_004780,ft_evt_0060,CORTESÍA,0.3910763515334876,0.1561104383735607,0.343430009180266,0.372311532497406
ft_tkt_0008987,ft_sal_004780,ft_evt_0060,CORTESÍA,0.3910763515334876,0.1561104383735607,0.343430009180266,0.372311532497406
ft_tkt_0008988,ft_sal_004781,ft_evt_0060,CORTESÍA,0.3910763515334876,0.2690423245483398,0.42074482586786155,0.4179113209247589
ft_tkt_0008989,ft_sal_004782,ft_evt_0060,CORTESÍA,0.3910763515334876,0.22099985726711596,0.36502925687260196,0.42179057002067566
ft_tkt_0008990,ft_sal_004782,ft_evt_0060,CORTESÍA,0.3910763515334876,0.22099985726711596,0.36502925687260196,0.42179057002067566
ft_tkt_0008991,ft_sal_004783,ft_evt_0060,CORTESÍA,0.3910763515334876,0.22161322014254617,0.3707959161704613,0.3625265657901764
ft_tkt_0008992,ft_sal_004784,ft_evt_0060,CORTESÍA,0.3910763515334876,0.18733643184818946,0.34682577191705816,0.40694084763526917
ft_tkt_0008993,ft_sal_004784,ft_evt_0060,CORTESÍA,0.3910763515334876,0.18733643184818946,0.34682577191705816,0.40694084763526917
ft_tkt_0008994,ft_sal_004784,ft_evt_0060,CORTESÍA,0.3910763515334876,0.18733643184818946,0.34682577191705816,0.40694084763526917
ft_tkt_0008995,ft_sal_004784,ft_evt_0060,CORTESÍA,0.3910763515334876,0.18733643184818946,0.34682577191705816,0.40694084763526917
ft_tkt_0008996,ft_sal_004785,ft_evt_0060,CORTESÍA,0.3910763515334876,0.22820071243306347,0.36640452705074306,0.4240272045135498
ft_tkt_0008997,ft_sal_004785,ft_evt_0060,CORTESÍA,0.3910763515334876,0.22820071243306347,0.36640452705074306,0.4240272045135498
ft_tkt_0008998,ft_sal_004786,ft_evt_0060,CORTESÍA,0.3910763515334876,0.15301718032538125,0.36153769298736793,0.326717734336853
ft_tkt_0008999,ft_sal_004786,ft_evt_0060,CORTESÍA,0.3910763515334876,0.15301718032538125,0.36153769298736793,0.326717734336853
ft_tkt_0009000,ft_sal_004787,ft_evt_0060,CORTESÍA,0.3910763515334876,0.19817064136201878,0.433339424245117,0.46422234177589417
ft_tkt_0009001,ft_sal_004788,ft_evt_0060,CORTESÍA,0.3910763515334876,0.19712275331894025,0.41888943884546254,0.46626758575439453
ft_tkt_0009002,ft_sal_004789,ft_evt_0060,CORTESÍA,0.3910763515334876,0.19273194590126413,0.3556595682783836,0.41664281487464905
ft_tkt_0009003,ft_sal_004789,ft_evt_0060,CORTESÍA,0.3910763515334876,0.19273194590126413,0.3556595682783836,0.41664281487464905
ft_tkt_0009004,ft_sal_004790,ft_evt_0060,CORTESÍA,0.3910763515334876,0.07797826511930145,0.2912755209196635,0.22292748093605042
ft_tkt_0009005,ft_sal_004791,ft_evt_0060,CORTESÍA,0.3910763515334876,0.2910346407082604,0.4189476208992648,0.4350757300853729
ft_tkt_0009006,ft_sal_004791,ft_evt_0060,CORTESÍA,0.3910763515334876,0.2910346407082604,0.4189476208992648,0.4350757300853729
ft_tkt_0009007,ft_sal_004792,ft_evt_0060,CORTESÍA,0.3910763515334876,0.24784962424199575,0.41152776823333936,0.4212650954723358
ft_tkt_0009008,ft_sal_004793,ft_evt_0060,CORTESÍA,0.3910763515334876,0.5122880921826586,0.4354142724132375,0.46954798698425293
ft_tkt_0009009,ft_sal_004794,ft_evt_0060,CORTESÍA,0.3910763515334876,0.19747099592198175,0.43903192713052763,0.4614246189594269
ft_tkt_0009010,ft_sal_004795,ft_evt_0060,CORTESÍA,0.3910763515334876,0.2856052215109171,0.43853316605095444,0.5513246059417725
ft_tkt_0009011,ft_sal_004795,ft_evt_0060,CORTESÍA,0.3910763515334876,0.2856052215109171,0.43853316605095444,0.5513246059417725
ft_tkt_0009012,ft_sal_004796,ft_evt_0060,CORTESÍA,0.3910763515334876,0.22431238253471586,0.30277364418903,0.3581880033016205
ft_tkt_0009013,ft_sal_004797,ft_evt_0060,CORTESÍA,0.3910763515334876,0.1993839936739489,0.41888943884546254,0.4289776384830475
ft_tkt_0009014,ft_sal_004798,ft_evt_0060,CORTESÍA,0.3910763515334876,0.22119923145810272,0.4151695152409348,0.4485727846622467
ft_tkt_0009015,ft_sal_004798,ft_evt_0060,CORTESÍA,0.3910763515334876,0.22119923145810272,0.4151695152409348,0.4485727846622467
ft_tkt_0009016,ft_sal_004798,ft_evt_0060,CORTESÍA,0.3910763515334876,0.22119923145810272,0.4151695152409348,0.4485727846622467
ft_tkt_0009017,ft_sal_004798,ft_evt_0060,CORTESÍA,0.3910763515334876,0.22119923145810272,0.4151695152409348,0.4485727846622467
ft_tkt_0009018,ft_sal_004799,ft_evt_0060,CORTESÍA,0.3910763515334876,0.22239962228938992,0.41553405856733544,0.45704981684684753
ft_tkt_0009019,ft_sal_004799,ft_evt_0060,CORTESÍA,0.3910763515334876,0.22239962228938992,0.41553405856733544,0.45704981684684753
ft_tkt_0009020,ft_sal_004800,ft_evt_0060,CORTESÍA,0.3910763515334876,0.5778783480078606,0.464624541621402,0.5149692296981812
ft_tkt_0009021,ft_sal_004801,ft_evt_0060,CORTESÍA,0.3910763515334876,0.19638572207412364,0.36205628346986624,0.415975958108902
ft_tkt_0009022,ft_sal_004801,ft_evt_0060,CORTESÍA,0.3910763515334876,0.19638572207412364,0.36205628346986624,0.415975958108902
ft_tkt_0009023,ft_sal_004802,ft_evt_0060,CORTESÍA,0.3910763515334876,0.1521747734097346,0.3555677676203288,0.3195929229259491
ft_tkt_0009024,ft_sal_004802,ft_evt_0060,CORTESÍA,0.3910763515334876,0.1521747734097346,0.3555677676203288,0.3195929229259491
ft_tkt_0009025,ft_sal_004802,ft_evt_0060,CORTESÍA,0.3910763515334876,0.1521747734097346,0.3555677676203288,0.3195929229259491
ft_tkt_0009026,ft_sal_004802,ft_evt_0060,CORTESÍA,0.3910763515334876,0.1521747734097346,0.3555677676203288,0.3195929229259491
ft_tkt_0009027,ft_sal_004802,ft_evt_0060,CORTESÍA,0.3910763515334876,0.1521747734097346,0.3555677676203288,0.3195929229259491
ft_tkt_0009028,ft_sal_004802,ft_evt_0060,CORTESÍA,0.3910763515334876,0.1521747734097346,0.3555677676203288,0.3195929229259491
ft_tkt_0009029,ft_sal_004803,ft_evt_0060,CORTESÍA,0.3910763515334876,0.22217802050459165,0.4180760458509289,0.4996664226055145
ft_tkt_0009030,ft_sal_004803,ft_evt_0060,CORTESÍA,0.3910763515334876,0.22217802050459165,0.4180760458509289,0.4996664226055145
ft_tkt_0009031,ft_sal_004804,ft_evt_0060,CORTESÍA,0.3910763515334876,0.23946885539464807,0.45922442908026834,0.5370663404464722
ft_tkt_0009032,ft_sal_004804,ft_evt_0060,CORTESÍA,0.3910763515334876,0.23946885539464807,0.45922442908026834,0.5370663404464722
ft_tkt_0009033,ft_sal_004805,ft_evt_0060,CORTESÍA,0.3910763515334876,0.2923313522046774,0.419684468766035,0.4350757300853729
ft_tkt_0009034,ft_sal_004805,ft_evt_0060,CORTESÍA,0.3910763515334876,0.2923313522046774,0.419684468766035,0.4350757300853729
ft_tkt_0009035,ft_sal_004806,ft_evt_0060,CORTESÍA,0.3910763515334876,0.20546343301210998,0.41732713737582233,0.4283231496810913
ft_tkt_0009036,ft_sal_004807,ft_evt_0060,CORTESÍA,0.3910763515334876,0.18521848718494052,0.36057925625009923,0.4328279495239258
ft_tkt_0009037,ft_sal_004807,ft_evt_0060,CORTESÍA,0.3910763515334876,0.18521848718494052,0.36057925625009923,0.4328279495239258
ft_tkt_0009038,ft_sal_004808,ft_evt_0060,CORTESÍA,0.3910763515334876,0.3268192569774011,0.44723112784712515,0.37186598777770996
ft_tkt_0009039,ft_sal_004809,ft_evt_0060,CORTESÍA,0.3910763515334876,0.2298300989937111,0.39161048597856346,0.4010074734687805
ft_tkt_0009040,ft_sal_004810,ft_evt_0060,CORTESÍA,0.3910763515334876,0.11748327827341208,0.35259550206063117,0.31037330627441406
ft_tkt_0009041,ft_sal_004811,ft_evt_0060,CORTESÍA,0.3910763515334876,0.22426147424403264,0.3777524520555626,0.42247095704078674
ft_tkt_0009042,ft_sal_004811,ft_evt_0060,CORTESÍA,0.3910763515334876,0.22426147424403264,0.3777524520555626,0.42247095704078674
ft_tkt_0009043,ft_sal_004812,ft_evt_0060,CORTESÍA,0.3910763515334876,0.18916842636170694,0.4106106550052018,0.4505152404308319
ft_tkt_0009044,ft_sal_004813,ft_evt_0060,CORTESÍA,0.3910763515334876,0.27940808477676154,0.40690825544569414,0.43468865752220154
ft_tkt_0009045,ft_sal_004813,ft_evt_0060,CORTESÍA,0.3910763515334876,0.27940808477676154,0.40690825544569414,0.43468865752220154
ft_tkt_0009046,ft_sal_004813,ft_evt_0060,CORTESÍA,0.3910763515334876,0.27940808477676154,0.40690825544569414,0.43468865752220154
ft_tkt_0009047,ft_sal_004814,ft_evt_0060,CORTESÍA,0.3910763515334876,0.1464078558313984,0.31317372708857794,0.3729667365550995
ft_tkt_0009048,ft_sal_004814,ft_evt_0060,CORTESÍA,0.3910763515334876,0.1464078558313984,0.31317372708857794,0.3729667365550995
ft_tkt_0009049,ft_sal_004815,ft_evt_0060,CORTESÍA,0.3910763515334876,0.19585778954395938,0.36146243202631556,0.4194788634777069
ft_tkt_0009050,ft_sal_004815,ft_evt_0060,CORTESÍA,0.3910763515334876,0.19585778954395938,0.36146243202631556,0.4194788634777069
ft_tkt_0009051,ft_sal_004816,ft_evt_0060,CORTESÍA,0.3910763515334876,0.19707686040894917,0.2953918333709205,0.29011255502700806
ft_tkt_0009052,ft_sal_004817,ft_evt_0060,CORTESÍA,0.3910763515334876,0.1784817572264311,0.4330155315142024,0.4122006893157959
ft_tkt_0009053,ft_sal_004818,ft_evt_0060,CORTESÍA,0.3910763515334876,0.23094733257650307,0.34809715363786053,0.3612818121910095
ft_tkt_0009054,ft_sal_004818,ft_evt_0060,CORTESÍA,0.3910763515334876,0.23094733257650307,0.34809715363786053,0.3612818121910095
ft_tkt_0009055,ft_sal_004818,ft_evt_0060,CORTESÍA,0.3910763515334876,0.23094733257650307,0.34809715363786053,0.3612818121910095
ft_tkt_0009056,ft_sal_004818,ft_evt_0060,CORTESÍA,0.3910763515334876,0.23094733257650307,0.34809715363786053,0.3612818121910095
ft_tkt_0009057,ft_sal_004819,ft_evt_0060,CORTESÍA,0.3910763515334876,0.20621582333553515,0.41732713737582233,0.4283231496810913
ft_tkt_0009058,ft_sal_004820,ft_evt_0060,CORTESÍA,0.3910763515334876,0.10209286758903771,0.282608026292602,0.2415917068719864
ft_tkt_0009059,ft_sal_004821,ft_evt_0060,CORTESÍA,0.3910763515334876,0.21656682020812498,0.36195651206529594,0.3715471923351288
ft_tkt_0009060,ft_sal_004822,ft_evt_0060,CORTESÍA,0.3910763515334876,0.129294761336365,0.29238330064529466,0.3493172824382782
ft_tkt_0009061,ft_sal_004823,ft_evt_0060,CORTESÍA,0.3910763515334876,0.24025720156580702,0.3865950658579706,0.39574962854385376
ft_tkt_0009062,ft_sal_004824,ft_evt_0060,CORTESÍA,0.3910763515334876,0.16348716136532854,0.37483362772181694,0.41489699482917786
ft_tkt_0009063,ft_sal_004824,ft_evt_0060,CORTESÍA,0.3910763515334876,0.16348716136532854,0.37483362772181694,0.41489699482917786
ft_tkt_0009064,ft_sal_004825,ft_evt_0060,CORTESÍA,0.3910763515334876,0.2179455675188327,0.41292380868805373,0.4720837473869324
ft_tkt_0009065,ft_sal_004825,ft_evt_0060,CORTESÍA,0.3910763515334876,0.2179455675188327,0.41292380868805373,0.4720837473869324
ft_tkt_0009066,ft_sal_004826,ft_evt_0060,CORTESÍA,0.3910763515334876,0.21968721038471448,0.401304179930854,0.4217891991138458
ft_tkt_0009067,ft_sal_004827,ft_evt_0060,CORTESÍA,0.3910763515334876,0.12178874298281417,0.3053434526968917,0.23800423741340637
ft_tkt_0009068,ft_sal_004828,ft_evt_0060,CORTESÍA,0.3910763515334876,0.15320864502499787,0.31604346310365455,0.3545958995819092
ft_tkt_0009069,ft_sal_004828,ft_evt_0060,CORTESÍA,0.3910763515334876,0.15320864502499787,0.31604346310365455,0.3545958995819092
ft_tkt_0009070,ft_sal_004829,ft_evt_0060,CORTESÍA,0.3910763515334876,0.2309064440727502,0.42121590001243053,0.4462086856365204
ft_tkt_0009071,ft_sal_004829,ft_evt_0060,CORTESÍA,0.3910763515334876,0.2309064440727502,0.42121590001243053,0.4462086856365204
ft_tkt_0009072,ft_sal_004830,ft_evt_0060,CORTESÍA,0.3910763515334876,0.19538760181337866,0.36205628346986624,0.4263002276420593
ft_tkt_0009073,ft_sal_004830,ft_evt_0060,CORTESÍA,0.3910763515334876,0.19538760181337866,0.36205628346986624,0.4263002276420593
ft_tkt_0009074,ft_sal_004831,ft_evt_0060,CORTESÍA,0.3910763515334876,0.2060788737787365,0.41732713737582233,0.4283231496810913
ft_tkt_0009075,ft_sal_004832,ft_evt_0060,CORTESÍA,0.3910763515334876,0.17010631056387224,0.36005085198306347,0.3759123682975769
ft_tkt_0009076,ft_sal_004832,ft_evt_0060,CORTESÍA,0.3910763515334876,0.17010631056387224,0.36005085198306347,0.3759123682975769
ft_tkt_0009077,ft_sal_004832,ft_evt_0060,CORTESÍA,0.3910763515334876,0.17010631056387224,0.36005085198306347,0.3759123682975769
ft_tkt_0009078,ft_sal_004833,ft_evt_0060,CORTESÍA,0.3910763515334876,0.17100342002765595,0.34221466812947626,0.34157702326774597
ft_tkt_0009079,ft_sal_004833,ft_evt_0060,CORTESÍA,0.3910763515334876,0.17100342002765595,0.34221466812947626,0.34157702326774597
ft_tkt_0009080,ft_sal_004833,ft_evt_0060,CORTESÍA,0.3910763515334876,0.17100342002765595,0.34221466812947626,0.34157702326774597
ft_tkt_0009081,ft_sal_004834,ft_evt_0060,CORTESÍA,0.3910763515334876,0.23105509102206695,0.42121590001243053,0.4462086856365204
ft_tkt_0009082,ft_sal_004834,ft_evt_0060,CORTESÍA,0.3910763515334876,0.23105509102206695,0.42121590001243053,0.4462086856365204
ft_tkt_0009083,ft_sal_004835,ft_evt_0060,CORTESÍA,0.3910763515334876,0.20233914010244392,0.41597817591969666,0.4227141737937927
ft_tkt_0009084,ft_sal_004836,ft_evt_0060,CORTESÍA,0.3910763515334876,0.1268230810412818,0.31039999545382985,0.23623652756214142
ft_tkt_0009085,ft_sal_004836,ft_evt_0060,CORTESÍA,0.3910763515334876,0.1268230810412818,0.31039999545382985,0.23623652756214142
ft_tkt_0009086,ft_sal_004837,ft_evt_0060,CORTESÍA,0.3910763515334876,0.2955458472034508,0.42998595964630215,0.4489244222640991
ft_tkt_0009087,ft_sal_004838,ft_evt_0060,CORTESÍA,0.3910763515334876,0.19091628389141088,0.3539777736997994,0.3910815715789795
ft_tkt_0009088,ft_sal_004839,ft_evt_0060,CORTESÍA,0.3910763515334876,0.18266231758287058,0.3713936615948145,0.3567913770675659
ft_tkt_0009089,ft_sal_004839,ft_evt_0060,CORTESÍA,0.3910763515334876,0.18266231758287058,0.3713936615948145,0.3567913770675659
ft_tkt_0009090,ft_sal_004840,ft_evt_0060,CORTESÍA,0.3910763515334876,0.15285947328207067,0.34816132605874867,0.35724523663520813
ft_tkt_0009091,ft_sal_004840,ft_evt_0060,CORTESÍA,0.3910763515334876,0.15285947328207067,0.34816132605874867,0.35724523663520813
ft_tkt_0009092,ft_sal_004841,ft_evt_0060,CORTESÍA,0.3910763515334876,0.21714968516794053,0.33484569795242414,0.2602171301841736
ft_tkt_0009093,ft_sal_004842,ft_evt_0060,CORTESÍA,0.3910763515334876,0.22312828937311593,0.34093866874077794,0.3819442391395569
ft_tkt_0009094,ft_sal_004843,ft_evt_0060,CORTESÍA,0.3910763515334876,0.20291611571590043,0.38374005547950485,0.3450492322444916
ft_tkt_0009095,ft_sal_004844,ft_evt_0060,CORTESÍA,0.3910763515334876,0.1460200454184985,0.25175489897914316,0.22078418731689453
ft_tkt_0009096,ft_sal_004845,ft_evt_0060,CORTESÍA,0.3910763515334876,0.4199466824823988,0.44301875836076815,0.5111376643180847
ft_tkt_0009097,ft_sal_004846,ft_evt_0060,CORTESÍA,0.3910763515334876,0.16762170153600378,0.3390631878385989,0.3648031949996948
ft_tkt_0009098,ft_sal_004846,ft_evt_0060,CORTESÍA,0.3910763515334876,0.16762170153600378,0.3390631878385989,0.3648031949996948
ft_tkt_0009099,ft_sal_004846,ft_evt_0060,CORTESÍA,0.3910763515334876,0.16762170153600378,0.3390631878385989,0.3648031949996948
ft_tkt_0009100,ft_sal_004847,ft_evt_0060,CORTESÍA,0.3910763515334876,0.2365511694991987,0.3721277873168297,0.3794729709625244
ft_tkt_0009101,ft_sal_004847,ft_evt_0060,CORTESÍA,0.3910763515334876,0.2365511694991987,0.3721277873168297,0.3794729709625244
ft_tkt_0009102,ft_sal_004847,ft_evt_0060,CORTESÍA,0.3910763515334876,0.2365511694991987,0.3721277873168297,0.3794729709625244
ft_tkt_0009103,ft_sal_004847,ft_evt_0060,CORTESÍA,0.3910763515334876,0.2365511694991987,0.3721277873168297,0.3794729709625244
ft_tkt_0009104,ft_sal_004848,ft_evt_0060,CORTESÍA,0.3910763515334876,0.21063303411917764,0.3534206552439108,0.36119309067726135
ft_tkt_0009105,ft_sal_004849,ft_evt_0060,CORTESÍA,0.3910763515334876,0.1712069399431737,0.3014971077483996,0.3772754371166229
ft_tkt_0009106,ft_sal_004849,ft_evt_0060,CORTESÍA,0.3910763515334876,0.1712069399431737,0.3014971077483996,0.3772754371166229
ft_tkt_0009107,ft_sal_004850,ft_evt_0060,CORTESÍA,0.3910763515334876,0.2034218118943284,0.4198477645920841,0.42978179454803467
ft_tkt_0009108,ft_sal_004851,ft_evt_0060,CORTESÍA,0.3910763515334876,0.20193424861346146,0.41597817591969666,0.425671249628067
ft_tkt_0009109,ft_sal_004852,ft_evt_0060,CORTESÍA,0.3910763515334876,0.17659623070283087,0.3577670254087761,0.3810228705406189
ft_tkt_0009110,ft_sal_004852,ft_evt_0060,CORTESÍA,0.3910763515334876,0.17659623070283087,0.3577670254087761,0.3810228705406189
ft_tkt_0009111,ft_sal_004852,ft_evt_0060,CORTESÍA,0.3910763515334876,0.17659623070283087,0.3577670254087761,0.3810228705406189
ft_tkt_0009112,ft_sal_004852,ft_evt_0060,CORTESÍA,0.3910763515334876,0.17659623070283087,0.3577670254087761,0.3810228705406189
ft_tkt_0009113,ft_sal_004853,ft_evt_0060,CORTESÍA,0.3910763515334876,0.15252395612608916,0.3239506315572637,0.2301788330078125
ft_tkt_0009114,ft_sal_004854,ft_evt_0060,CORTESÍA,0.3910763515334876,0.2308334632825007,0.46524594807184816,0.5556237697601318
ft_tkt_0009115,ft_sal_004854,ft_evt_0060,CORTESÍA,0.3910763515334876,0.2308334632825007,0.46524594807184816,0.5556237697601318
ft_tkt_0009116,ft_sal_004855,ft_evt_0060,CORTESÍA,0.3910763515334876,0.16988043555272267,0.3473951572610018,0.3223322331905365
ft_tkt_0009117,ft_sal_004855,ft_evt_0060,CORTESÍA,0.3910763515334876,0.16988043555272267,0.3473951572610018,0.3223322331905365
ft_tkt_0009118,ft_sal_004856,ft_evt_0060,CORTESÍA,0.3910763515334876,0.1214630256320587,0.27576241645527466,0.23148928582668304
ft_tkt_0009119,ft_sal_004857,ft_evt_0060,CORTESÍA,0.3910763515334876,0.17935392139863077,0.3707157032629226,0.4350261688232422
ft_tkt_0009120,ft_sal_004857,ft_evt_0060,CORTESÍA,0.3910763515334876,0.17935392139863077,0.3707157032629226,0.4350261688232422
ft_tkt_0009121,ft_sal_004857,ft_evt_0060,CORTESÍA,0.3910763515334876,0.17935392139863077,0.3707157032629226,0.4350261688232422
ft_tkt_0009122,ft_sal_004858,ft_evt_0060,CORTESÍA,0.3910763515334876,0.06885974106397784,0.25831612116997305,0.2176176756620407
ft_tkt_0009123,ft_sal_004859,ft_evt_0060,CORTESÍA,0.3910763515334876,0.1084207332575428,0.26774599203197963,0.23042342066764832
ft_tkt_0009124,ft_sal_004859,ft_evt_0060,CORTESÍA,0.3910763515334876,0.1084207332575428,0.26774599203197963,0.23042342066764832
ft_tkt_0009125,ft_sal_004859,ft_evt_0060,CORTESÍA,0.3910763515334876,0.1084207332575428,0.26774599203197963,0.23042342066764832
ft_tkt_0009126,ft_sal_004860,ft_evt_0060,CORTESÍA,0.3910763515334876,0.1766592456715337,0.3598725839453556,0.3821009695529938
ft_tkt_0009127,ft_sal_004860,ft_evt_0060,CORTESÍA,0.3910763515334876,0.1766592456715337,0.3598725839453556,0.3821009695529938
ft_tkt_0009128,ft_sal_004860,ft_evt_0060,CORTESÍA,0.3910763515334876,0.1766592456715337,0.3598725839453556,0.3821009695529938
ft_tkt_0009129,ft_sal_004860,ft_evt_0060,CORTESÍA,0.3910763515334876,0.1766592456715337,0.3598725839453556,0.3821009695529938
ft_tkt_0009130,ft_sal_004861,ft_evt_0060,CORTESÍA,0.3910763515334876,0.20566842839948402,0.41732713737582233,0.4283231496810913
ft_tkt_0009131,ft_sal_004862,ft_evt_0060,CORTESÍA,0.3910763515334876,0.2048493559802132,0.41732713737582233,0.4283231496810913
ft_tkt_0009132,ft_sal_004863,ft_evt_0060,CORTESÍA,0.3910763515334876,0.2657636288869582,0.41939276867628644,0.41583430767059326
ft_tkt_0009133,ft_sal_004864,ft_evt_0060,CORTESÍA,0.3910763515334876,0.21433817415444045,0.3441876607233489,0.39620861411094666
ft_tkt_0009134,ft_sal_004864,ft_evt_0060,CORTESÍA,0.3910763515334876,0.21433817415444045,0.3441876607233489,0.39620861411094666
ft_tkt_0009135,ft_sal_004865,ft_evt_0060,CORTESÍA,0.3910763515334876,0.17207261090431228,0.3508462066586829,0.35078829526901245
ft_tkt_0009136,ft_sal_004865,ft_evt_0060,CORTESÍA,0.3910763515334876,0.17207261090431228,0.3508462066586829,0.35078829526901245
ft_tkt_0009137,ft_sal_004866,ft_evt_0060,CORTESÍA,0.3910763515334876,0.16377458394240227,0.33730573783840156,0.28073030710220337
ft_tkt_0009138,ft_sal_004867,ft_evt_0060,CORTESÍA,0.3910763515334876,0.21373503915541664,0.36472411593577375,0.3066987693309784
ft_tkt_0009139,ft_sal_004868,ft_evt_0060,CORTESÍA,0.3910763515334876,0.23254524383273584,0.41830010705387294,0.43728283047676086
ft_tkt_0009140,ft_sal_004868,ft_evt_0060,CORTESÍA,0.3910763515334876,0.23254524383273584,0.41830010705387294,0.43728283047676086
ft_tkt_0009141,ft_sal_004869,ft_evt_0060,CORTESÍA,0.3910763515334876,0.23009008110955692,0.42121590001243053,0.45427531003952026
ft_tkt_0009142,ft_sal_004869,ft_evt_0060,CORTESÍA,0.3910763515334876,0.23009008110955692,0.42121590001243053,0.45427531003952026
ft_tkt_0009143,ft_sal_004870,ft_evt_0060,CORTESÍA,0.3910763515334876,0.13253367694774518,0.3476143812609802,0.3190942108631134
ft_tkt_0009144,ft_sal_004871,ft_evt_0060,CORTESÍA,0.3910763515334876,0.20362529234989232,0.4229901088115054,0.42978179454803467
ft_tkt_0009145,ft_sal_004872,ft_evt_0041,CORTESÍA,0.3910763515334876,0.4037730069810148,0.47390033931355,0.5007982850074768
ft_tkt_0009146,ft_sal_004873,ft_evt_0041,GENERAL,0.9361195153053811,0.9590640081171584,0.9567995952031091,0.9185833930969238
ft_tkt_0009147,ft_sal_004874,ft_evt_0041,GENERAL,0.9361195153053811,0.9055687490088244,0.9332806775202755,0.933599591255188
ft_tkt_0009148,ft_sal_004874,ft_evt_0041,GENERAL,0.9361195153053811,0.9055687490088244,0.9332806775202755,0.933599591255188
ft_tkt_0009149,ft_sal_004874,ft_evt_0041,GENERAL,0.9361195153053811,0.9055687490088244,0.9332806775202755,0.933599591255188
ft_tkt_0009150,ft_sal_004874,ft_evt_0041,GENERAL,0.9361195153053811,0.9055687490088244,0.9332806775202755,0.933599591255188
ft_tkt_0009151,ft_sal_004874,ft_evt_0041,GENERAL,0.9361195153053811,0.9055687490088244,0.9332806775202755,0.933599591255188
ft_tkt_0009152,ft_sal_004874,ft_evt_0041,GENERAL,0.9361195153053811,0.9055687490088244,0.9332806775202755,0.933599591255188
ft_tkt_0009153,ft_sal_004875,ft_evt_0041,GENERAL,0.9361195153053811,0.9406879582300053,0.9604813926487168,0.9425615072250366
ft_tkt_0009154,ft_sal_004876,ft_evt_0041,GENERAL,0.9361195153053811,0.9464377216998441,0.9489074570561884,0.9521558284759521
ft_tkt_0009155,ft_sal_004877,ft_evt_0041,GENERAL,0.9361195153053811,0.9127758867616098,0.9411820997530829,0.9467923045158386
ft_tkt_0009156,ft_sal_004878,ft_evt_0041,GENERAL,0.9361195153053811,0.9523158321298334,0.9479474414484403,0.945382833480835
ft_tkt_0009157,ft_sal_004878,ft_evt_0041,GENERAL,0.9361195153053811,0.9523158321298334,0.9479474414484403,0.945382833480835
ft_tkt_0009158,ft_sal_004878,ft_evt_0041,GENERAL,0.9361195153053811,0.9523158321298334,0.9479474414484403,0.945382833480835
ft_tkt_0009159,ft_sal_004879,ft_evt_0041,GENERAL,0.9361195153053811,0.9257102205965206,0.941384804160629,0.932280957698822
ft_tkt_0009160,ft_sal_004880,ft_evt_0041,GENERAL,0.9361195153053811,0.9580107684439685,0.9452289926824123,0.9448675513267517
ft_tkt_0009161,ft_sal_004881,ft_evt_0041,CORTESÍA,0.3910763515334876,0.34713377922750405,0.4067382297581404,0.3981000781059265
ft_tkt_0009162,ft_sal_004881,ft_evt_0041,CORTESÍA,0.3910763515334876,0.34713377922750405,0.4067382297581404,0.3981000781059265
ft_tkt_0009163,ft_sal_004881,ft_evt_0041,CORTESÍA,0.3910763515334876,0.34713377922750405,0.4067382297581404,0.3981000781059265
ft_tkt_0009164,ft_sal_004882,ft_evt_0041,GENERAL,0.9361195153053811,0.9515789887016746,0.939737536151954,0.9411347508430481
ft_tkt_0009165,ft_sal_004882,ft_evt_0041,GENERAL,0.9361195153053811,0.9515789887016746,0.939737536151954,0.9411347508430481
ft_tkt_0009166,ft_sal_004883,ft_evt_0041,GENERAL,0.9361195153053811,0.9348734200522141,0.9423230809681598,0.9407761096954346
ft_tkt_0009167,ft_sal_004883,ft_evt_0041,GENERAL,0.9361195153053811,0.9348734200522141,0.9423230809681598,0.9407761096954346
ft_tkt_0009168,ft_sal_004884,ft_evt_0041,GENERAL,0.9361195153053811,0.9241085654684736,0.9309457214788414,0.9450306296348572
ft_tkt_0009169,ft_sal_004885,ft_evt_0041,VIP,0.937698148842865,0.9605879329872158,0.9493268876164549,0.9496591687202454
ft_tkt_0009170,ft_sal_004885,ft_evt_0041,VIP,0.937698148842865,0.9605879329872158,0.9493268876164549,0.9496591687202454
ft_tkt_0009171,ft_sal_004886,ft_evt_0041,GENERAL,0.9361195153053811,0.9536914513970903,0.9488049357980115,0.9570798873901367
ft_tkt_0009172,ft_sal_004886,ft_evt_0041,GENERAL,0.9361195153053811,0.9536914513970903,0.9488049357980115,0.9570798873901367
ft_tkt_0009173,ft_sal_004887,ft_evt_0041,CORTESÍA,0.3910763515334876,0.4195598865973929,0.431049369511945,0.4091493785381317
ft_tkt_0009174,ft_sal_004887,ft_evt_0041,CORTESÍA,0.3910763515334876,0.4195598865973929,0.431049369511945,0.4091493785381317
ft_tkt_0009175,ft_sal_004888,ft_evt_0041,CORTESÍA,0.3910763515334876,0.3382124468654475,0.3942920900580511,0.3301528990268707
ft_tkt_0009176,ft_sal_004888,ft_evt_0041,CORTESÍA,0.3910763515334876,0.3382124468654475,0.3942920900580511,0.3301528990268707
ft_tkt_0009177,ft_sal_004889,ft_evt_0041,GENERAL,0.9361195153053811,0.9319607927483938,0.9321398058590721,0.8859988451004028
ft_tkt_0009178,ft_sal_004889,ft_evt_0041,GENERAL,0.9361195153053811,0.9319607927483938,0.9321398058590721,0.8859988451004028
ft_tkt_0009179,ft_sal_004889,ft_evt_0041,GENERAL,0.9361195153053811,0.9319607927483938,0.9321398058590721,0.8859988451004028
ft_tkt_0009180,ft_sal_004890,ft_evt_0041,PREFERENCIAL,0.9331061337242351,0.9472347996631946,0.9491787183076967,0.9505985379219055
ft_tkt_0009181,ft_sal_004891,ft_evt_0041,GENERAL,0.9361195153053811,0.9535585822687799,0.9484325801479504,0.9443257451057434
ft_tkt_0009182,ft_sal_004891,ft_evt_0041,GENERAL,0.9361195153053811,0.9535585822687799,0.9484325801479504,0.9443257451057434
ft_tkt_0009183,ft_sal_004892,ft_evt_0041,GENERAL,0.9361195153053811,0.9195502445065596,0.9290984680059347,0.8873522877693176
ft_tkt_0009184,ft_sal_004892,ft_evt_0041,GENERAL,0.9361195153053811,0.9195502445065596,0.9290984680059347,0.8873522877693176
ft_tkt_0009185,ft_sal_004892,ft_evt_0041,GENERAL,0.9361195153053811,0.9195502445065596,0.9290984680059347,0.8873522877693176
ft_tkt_0009186,ft_sal_004893,ft_evt_0041,CORTESÍA,0.3910763515334876,0.37535859981062286,0.40118051585952996,0.4761978089809418
ft_tkt_0009187,ft_sal_004893,ft_evt_0041,CORTESÍA,0.3910763515334876,0.37535859981062286,0.40118051585952996,0.4761978089809418
ft_tkt_0009188,ft_sal_004893,ft_evt_0041,CORTESÍA,0.3910763515334876,0.37535859981062286,0.40118051585952996,0.4761978089809418
ft_tkt_0009189,ft_sal_004894,ft_evt_0041,CORTESÍA,0.3910763515334876,0.5262294656280135,0.3639761613537422,0.4168442189693451
ft_tkt_0009190,ft_sal_004895,ft_evt_0041,CORTESÍA,0.3910763515334876,0.3160000550472926,0.37194951445980146,0.37120920419692993
ft_tkt_0009191,ft_sal_004895,ft_evt_0041,CORTESÍA,0.3910763515334876,0.3160000550472926,0.37194951445980146,0.37120920419692993
ft_tkt_0009192,ft_sal_004896,ft_evt_0041,VIP,0.937698148842865,0.9607242223287668,0.9493268876164549,0.954139232635498
ft_tkt_0009193,ft_sal_004896,ft_evt_0041,VIP,0.937698148842865,0.9607242223287668,0.9493268876164549,0.954139232635498
ft_tkt_0009194,ft_sal_004897,ft_evt_0041,GENERAL,0.9361195153053811,0.9369645901891185,0.9444485772887975,0.9418233633041382
ft_tkt_0009195,ft_sal_004897,ft_evt_0041,GENERAL,0.9361195153053811,0.9369645901891185,0.9444485772887975,0.9418233633041382
ft_tkt_0009196,ft_sal_004898,ft_evt_0041,GENERAL,0.9361195153053811,0.9190973010528836,0.9474631656395573,0.9336704611778259
ft_tkt_0009197,ft_sal_004898,ft_evt_0041,GENERAL,0.9361195153053811,0.9190973010528836,0.9474631656395573,0.9336704611778259
ft_tkt_0009198,ft_sal_004899,ft_evt_0041,GENERAL,0.9361195153053811,0.9647179515233024,0.9451254037000021,0.9461642503738403
ft_tkt_0009199,ft_sal_004899,ft_evt_0041,GENERAL,0.9361195153053811,0.9647179515233024,0.9451254037000021,0.9461642503738403
ft_tkt_0009200,ft_sal_004900,ft_evt_0041,GENERAL,0.9361195153053811,0.9053777914064739,0.9250284129794738,0.931749701499939
ft_tkt_0009201,ft_sal_004900,ft_evt_0041,GENERAL,0.9361195153053811,0.9053777914064739,0.9250284129794738,0.931749701499939
ft_tkt_0009202,ft_sal_004901,ft_evt_0041,GENERAL,0.9361195153053811,0.9398761314120836,0.9421119862906355,0.915948212146759
ft_tkt_0009203,ft_sal_004902,ft_evt_0041,CORTESÍA,0.3910763515334876,0.3119141002422002,0.47513757112799665,0.4285203814506531
ft_tkt_0009204,ft_sal_004902,ft_evt_0041,CORTESÍA,0.3910763515334876,0.3119141002422002,0.47513757112799665,0.4285203814506531
ft_tkt_0009205,ft_sal_004903,ft_evt_0041,GENERAL,0.9361195153053811,0.9238199758817531,0.9429528972956613,0.9412484765052795
ft_tkt_0009206,ft_sal_004904,ft_evt_0041,CORTESÍA,0.3910763515334876,0.36536606066283067,0.49633947100437154,0.48626843094825745
ft_tkt_0009207,ft_sal_004904,ft_evt_0041,CORTESÍA,0.3910763515334876,0.36536606066283067,0.49633947100437154,0.48626843094825745
ft_tkt_0009208,ft_sal_004905,ft_evt_0041,GENERAL,0.9361195153053811,0.9443953463949865,0.9351095638146739,0.9423586130142212
ft_tkt_0009209,ft_sal_004905,ft_evt_0041,GENERAL,0.9361195153053811,0.9443953463949865,0.9351095638146739,0.9423586130142212
ft_tkt_0009210,ft_sal_004906,ft_evt_0041,GENERAL,0.9361195153053811,0.9509629059747665,0.9462761181973788,0.9502045512199402
ft_tkt_0009211,ft_sal_004906,ft_evt_0041,GENERAL,0.9361195153053811,0.9509629059747665,0.9462761181973788,0.9502045512199402
ft_tkt_0009212,ft_sal_004907,ft_evt_0041,VIP,0.937698148842865,0.9618957322895677,0.9414833922069011,0.9329211711883545
ft_tkt_0009213,ft_sal_004907,ft_evt_0041,VIP,0.937698148842865,0.9618957322895677,0.9414833922069011,0.9329211711883545
ft_tkt_0009214,ft_sal_004908,ft_evt_0041,GENERAL,0.9361195153053811,0.9494671919681598,0.9459493169903497,0.9495422840118408
ft_tkt_0009215,ft_sal_004908,ft_evt_0041,GENERAL,0.9361195153053811,0.9494671919681598,0.9459493169903497,0.9495422840118408
ft_tkt_0009216,ft_sal_004908,ft_evt_0041,GENERAL,0.9361195153053811,0.9494671919681598,0.9459493169903497,0.9495422840118408
ft_tkt_0009217,ft_sal_004909,ft_evt_0041,GENERAL,0.9361195153053811,0.9177496298324481,0.9252529040073424,0.9135705828666687
ft_tkt_0009218,ft_sal_004910,ft_evt_0041,GENERAL,0.9361195153053811,0.906610893997621,0.9226428600523593,0.9152283668518066
ft_tkt_0009219,ft_sal_004910,ft_evt_0041,GENERAL,0.9361195153053811,0.906610893997621,0.9226428600523593,0.9152283668518066
ft_tkt_0009220,ft_sal_004911,ft_evt_0041,CORTESÍA,0.3910763515334876,0.3498850680763749,0.3443652057855275,0.2969050705432892
ft_tkt_0009221,ft_sal_004912,ft_evt_0041,GENERAL,0.9361195153053811,0.9425174973063096,0.9368628700643911,0.9402937889099121
ft_tkt_0009222,ft_sal_004912,ft_evt_0041,GENERAL,0.9361195153053811,0.9425174973063096,0.9368628700643911,0.9402937889099121
ft_tkt_0009223,ft_sal_004913,ft_evt_0041,PREFERENCIAL,0.9331061337242351,0.9543483447500485,0.9494042362465802,0.9544094204902649
ft_tkt_0009224,ft_sal_004913,ft_evt_0041,PREFERENCIAL,0.9331061337242351,0.9543483447500485,0.9494042362465802,0.9544094204902649
ft_tkt_0009225,ft_sal_004914,ft_evt_0041,GENERAL,0.9361195153053811,0.9303687158367296,0.9241608815570317,0.9322397112846375
ft_tkt_0009226,ft_sal_004914,ft_evt_0041,GENERAL,0.9361195153053811,0.9303687158367296,0.9241608815570317,0.9322397112846375
ft_tkt_0009227,ft_sal_004915,ft_evt_0041,GENERAL,0.9361195153053811,0.9713293594746781,0.9564326792207827,0.9197045564651489
ft_tkt_0009228,ft_sal_004916,ft_evt_0041,CORTESÍA,0.3910763515334876,0.5588817433367772,0.5189085944033943,0.4713246524333954
ft_tkt_0009229,ft_sal_004917,ft_evt_0041,PREFERENCIAL,0.9331061337242351,0.9646428766920142,0.9411390912266441,0.9381064772605896
ft_tkt_0009230,ft_sal_004918,ft_evt_0041,CORTESÍA,0.3910763515334876,0.3013193148366062,0.3751585362557124,0.2405279576778412
ft_tkt_0009231,ft_sal_004919,ft_evt_0041,VIP,0.937698148842865,0.963361428405832,0.9363773661282321,0.9341291785240173
ft_tkt_0009232,ft_sal_004919,ft_evt_0041,VIP,0.937698148842865,0.963361428405832,0.9363773661282321,0.9341291785240173
ft_tkt_0009233,ft_sal_004920,ft_evt_0041,GENERAL,0.9361195153053811,0.9258141803328626,0.9574354690966514,0.9486909508705139
ft_tkt_0009234,ft_sal_004921,ft_evt_0041,GENERAL,0.9361195153053811,0.9533553431396417,0.9481378782429581,0.9479678273200989
ft_tkt_0009235,ft_sal_004921,ft_evt_0041,GENERAL,0.9361195153053811,0.9533553431396417,0.9481378782429581,0.9479678273200989
ft_tkt_0009236,ft_sal_004922,ft_evt_0041,PREFERENCIAL,0.9331061337242351,0.9374905451320058,0.9317621130909961,0.9011631608009338
ft_tkt_0009237,ft_sal_004922,ft_evt_0041,PREFERENCIAL,0.9331061337242351,0.9374905451320058,0.9317621130909961,0.9011631608009338
ft_tkt_0009238,ft_sal_004923,ft_evt_0041,CORTESÍA,0.3910763515334876,0.2565415111100588,0.3404675304928383,0.2840798497200012
ft_tkt_0009239,ft_sal_004924,ft_evt_0015,VIP,0.937698148842865,0.8649539208975915,0.9130776815386652,0.8981359004974365
ft_tkt_0009240,ft_sal_004924,ft_evt_0015,VIP,0.937698148842865,0.8649539208975915,0.9130776815386652,0.8981359004974365
ft_tkt_0009241,ft_sal_004924,ft_evt_0015,VIP,0.937698148842865,0.8649539208975915,0.9130776815386652,0.8981359004974365
ft_tkt_0009242,ft_sal_004925,ft_evt_0015,CORTESÍA,0.3910763515334876,0.1276781275390932,0.28267936149950634,0.24137245118618011
ft_tkt_0009243,ft_sal_004926,ft_evt_0015,GENERAL,0.9361195153053811,0.8773215754077502,0.923541768134467,0.9248402118682861
ft_tkt_0009244,ft_sal_004927,ft_evt_0015,CORTESÍA,0.3910763515334876,0.1479531231525918,0.2724088393358826,0.14607232809066772
ft_tkt_0009245,ft_sal_004928,ft_evt_0015,VIP,0.937698148842865,0.9159926190725254,0.9207603657164531,0.907176673412323
ft_tkt_0009246,ft_sal_004928,ft_evt_0015,VIP,0.937698148842865,0.9159926190725254,0.9207603657164531,0.907176673412323
ft_tkt_0009247,ft_sal_004929,ft_evt_0015,GENERAL,0.9361195153053811,0.8953581098158563,0.9089700529790055,0.9335377812385559
ft_tkt_0009248,ft_sal_004930,ft_evt_0015,GENERAL,0.9361195153053811,0.8233126255914367,0.9253676398720537,0.860479474067688
ft_tkt_0009249,ft_sal_004931,ft_evt_0015,CORTESÍA,0.3910763515334876,0.1429199017261538,0.3128779387946301,0.2937428653240204
ft_tkt_0009250,ft_sal_004932,ft_evt_0015,CORTESÍA,0.3910763515334876,0.2202648199664852,0.37373093994589757,0.40720078349113464
ft_tkt_0009251,ft_sal_004933,ft_evt_0015,CORTESÍA,0.3910763515334876,0.22105633266715527,0.37373093994589757,0.3936702013015747
ft_tkt_0009252,ft_sal_004934,ft_evt_0015,GENERAL,0.9361195153053811,0.7742880273413495,0.8903221977586598,0.8263965845108032
ft_tkt_0009253,ft_sal_004934,ft_evt_0015,GENERAL,0.9361195153053811,0.7742880273413495,0.8903221977586598,0.8263965845108032
ft_tkt_0009254,ft_sal_004935,ft_evt_0015,CORTESÍA,0.3910763515334876,0.19945201808660146,0.3013861930960371,0.3688673675060272
ft_tkt_0009255,ft_sal_004935,ft_evt_0015,CORTESÍA,0.3910763515334876,0.19945201808660146,0.3013861930960371,0.3688673675060272
ft_tkt_0009256,ft_sal_004936,ft_evt_0015,CORTESÍA,0.3910763515334876,0.16580252116610006,0.31126826532364976,0.31169357895851135
ft_tkt_0009257,ft_sal_004936,ft_evt_0015,CORTESÍA,0.3910763515334876,0.16580252116610006,0.31126826532364976,0.31169357895851135
ft_tkt_0009258,ft_sal_004937,ft_evt_0015,GENERAL,0.9361195153053811,0.8939020903532546,0.9154150949930501,0.9349749088287354
ft_tkt_0009259,ft_sal_004937,ft_evt_0015,GENERAL,0.9361195153053811,0.8939020903532546,0.9154150949930501,0.9349749088287354
ft_tkt_0009260,ft_sal_004938,ft_evt_0015,CORTESÍA,0.3910763515334876,0.18771067986108944,0.31928167398491625,0.35777342319488525
ft_tkt_0009261,ft_sal_004939,ft_evt_0015,GENERAL,0.9361195153053811,0.8770795431979751,0.9101002493340495,0.894127368927002
ft_tkt_0009262,ft_sal_004939,ft_evt_0015,GENERAL,0.9361195153053811,0.8770795431979751,0.9101002493340495,0.894127368927002
ft_tkt_0009263,ft_sal_004939,ft_evt_0015,GENERAL,0.9361195153053811,0.8770795431979751,0.9101002493340495,0.894127368927002
ft_tkt_0009264,ft_sal_004939,ft_evt_0015,GENERAL,0.9361195153053811,0.8770795431979751,0.9101002493340495,0.894127368927002
ft_tkt_0009265,ft_sal_004940,ft_evt_0015,VIP,0.937698148842865,0.8987689584552627,0.9360229656254788,0.9144302010536194
ft_tkt_0009266,ft_sal_004941,ft_evt_0015,GENERAL,0.9361195153053811,0.8242923902372462,0.8861661722579562,0.8136560916900635
ft_tkt_0009267,ft_sal_004942,ft_evt_0015,PREFERENCIAL,0.9331061337242351,0.8728308214367939,0.9141076857999728,0.8929346203804016
ft_tkt_0009268,ft_sal_004942,ft_evt_0015,PREFERENCIAL,0.9331061337242351,0.8728308214367939,0.9141076857999728,0.8929346203804016
ft_tkt_0009269,ft_sal_004943,ft_evt_0015,GENERAL,0.9361195153053811,0.8823243849803517,0.9126786894252548,0.8710886240005493
ft_tkt_0009270,ft_sal_004944,ft_evt_0015,GENERAL,0.9361195153053811,0.8147504922338766,0.9158706095987073,0.9073777198791504
ft_tkt_0009271,ft_sal_004945,ft_evt_0015,PREFERENCIAL,0.9331061337242351,0.9113321579317354,0.919414498802384,0.9234862327575684
ft_tkt_0009272,ft_sal_004945,ft_evt_0015,PREFERENCIAL,0.9331061337242351,0.9113321579317354,0.919414498802384,0.9234862327575684
ft_tkt_0009273,ft_sal_004946,ft_evt_0015,CORTESÍA,0.3910763515334876,0.2517483908884825,0.3734693441971422,0.417024701833725
ft_tkt_0009274,ft_sal_004946,ft_evt_0015,CORTESÍA,0.3910763515334876,0.2517483908884825,0.3734693441971422,0.417024701833725
ft_tkt_0009275,ft_sal_004947,ft_evt_0015,GENERAL,0.9361195153053811,0.8322935946730495,0.9096376885417543,0.9164033532142639
ft_tkt_0009276,ft_sal_004947,ft_evt_0015,GENERAL,0.9361195153053811,0.8322935946730495,0.9096376885417543,0.9164033532142639
ft_tkt_0009277,ft_sal_004948,ft_evt_0015,GENERAL,0.9361195153053811,0.8697758613464586,0.9144748384764061,0.9051764607429504
ft_tkt_0009278,ft_sal_004949,ft_evt_0015,CORTESÍA,0.3910763515334876,0.20162583539108386,0.30642998848565617,0.36309847235679626
ft_tkt_0009279,ft_sal_004949,ft_evt_0015,CORTESÍA,0.3910763515334876,0.20162583539108386,0.30642998848565617,0.36309847235679626
ft_tkt_0009280,ft_sal_004950,ft_evt_0015,PREFERENCIAL,0.9331061337242351,0.8590935455798135,0.9180179086357116,0.9100216031074524
ft_tkt_0009281,ft_sal_004950,ft_evt_0015,PREFERENCIAL,0.9331061337242351,0.8590935455798135,0.9180179086357116,0.9100216031074524
ft_tkt_0009282,ft_sal_004951,ft_evt_0015,CORTESÍA,0.3910763515334876,0.24825587391000403,0.3188730193926142,0.2924611270427704
ft_tkt_0009283,ft_sal_004951,ft_evt_0015,CORTESÍA,0.3910763515334876,0.24825587391000403,0.3188730193926142,0.2924611270427704
ft_tkt_0009284,ft_sal_004951,ft_evt_0015,CORTESÍA,0.3910763515334876,0.24825587391000403,0.3188730193926142,0.2924611270427704
ft_tkt_0009285,ft_sal_004952,ft_evt_0015,GENERAL,0.9361195153053811,0.8893345356547914,0.9139836547517146,0.9225883483886719
ft_tkt_0009286,ft_sal_004952,ft_evt_0015,GENERAL,0.9361195153053811,0.8893345356547914,0.9139836547517146,0.9225883483886719
ft_tkt_0009287,ft_sal_004953,ft_evt_0015,CORTESÍA,0.3910763515334876,0.18077199054894724,0.3496718731852131,0.34636130928993225
ft_tkt_0009288,ft_sal_004954,ft_evt_0015,CORTESÍA,0.3910763515334876,0.2163992983172205,0.31634872110826673,0.3098062574863434
ft_tkt_0009289,ft_sal_004954,ft_evt_0015,CORTESÍA,0.3910763515334876,0.2163992983172205,0.31634872110826673,0.3098062574863434
ft_tkt_0009290,ft_sal_004955,ft_evt_0015,VIP,0.937698148842865,0.8406231606247043,0.910131431805451,0.8909993171691895
ft_tkt_0009291,ft_sal_004956,ft_evt_0015,GENERAL,0.9361195153053811,0.847696772030521,0.9134181866863023,0.926743745803833
ft_tkt_0009292,ft_sal_004956,ft_evt_0015,GENERAL,0.9361195153053811,0.847696772030521,0.9134181866863023,0.926743745803833
ft_tkt_0009293,ft_sal_004957,ft_evt_0015,PREFERENCIAL,0.9331061337242351,0.8036570168234359,0.9051868943380982,0.9094853401184082
ft_tkt_0009294,ft_sal_004957,ft_evt_0015,PREFERENCIAL,0.9331061337242351,0.8036570168234359,0.9051868943380982,0.9094853401184082
ft_tkt_0009295,ft_sal_004958,ft_evt_0015,CORTESÍA,0.3910763515334876,0.1354608768279914,0.28790910328551567,0.2392684668302536
ft_tkt_0009296,ft_sal_004958,ft_evt_0015,CORTESÍA,0.3910763515334876,0.1354608768279914,0.28790910328551567,0.2392684668302536
ft_tkt_0009297,ft_sal_004958,ft_evt_0015,CORTESÍA,0.3910763515334876,0.1354608768279914,0.28790910328551567,0.2392684668302536
ft_tkt_0009298,ft_sal_004958,ft_evt_0015,CORTESÍA,0.3910763515334876,0.1354608768279914,0.28790910328551567,0.2392684668302536
ft_tkt_0009299,ft_sal_004959,ft_evt_0015,GENERAL,0.9361195153053811,0.8133187535164997,0.9120654314533784,0.9050431847572327
ft_tkt_0009300,ft_sal_004959,ft_evt_0015,GENERAL,0.9361195153053811,0.8133187535164997,0.9120654314533784,0.9050431847572327
ft_tkt_0009301,ft_sal_004960,ft_evt_0015,GENERAL,0.9361195153053811,0.8506144511130025,0.9132838851526526,0.8936408758163452
ft_tkt_0009302,ft_sal_004960,ft_evt_0015,GENERAL,0.9361195153053811,0.8506144511130025,0.9132838851526526,0.8936408758163452
ft_tkt_0009303,ft_sal_004960,ft_evt_0015,GENERAL,0.9361195153053811,0.8506144511130025,0.9132838851526526,0.8936408758163452
ft_tkt_0009304,ft_sal_004961,ft_evt_0015,VIP,0.937698148842865,0.8906233911274144,0.9085426545539058,0.8937721848487854
ft_tkt_0009305,ft_sal_004961,ft_evt_0015,VIP,0.937698148842865,0.8906233911274144,0.9085426545539058,0.8937721848487854
ft_tkt_0009306,ft_sal_004961,ft_evt_0015,VIP,0.937698148842865,0.8906233911274144,0.9085426545539058,0.8937721848487854
ft_tkt_0009307,ft_sal_004961,ft_evt_0015,VIP,0.937698148842865,0.8906233911274144,0.9085426545539058,0.8937721848487854
ft_tkt_0009308,ft_sal_004961,ft_evt_0015,VIP,0.937698148842865,0.8906233911274144,0.9085426545539058,0.8937721848487854
ft_tkt_0009309,ft_sal_004961,ft_evt_0015,VIP,0.937698148842865,0.8906233911274144,0.9085426545539058,0.8937721848487854
ft_tkt_0009310,ft_sal_004962,ft_evt_0015,GENERAL,0.9361195153053811,0.9210489530051615,0.9257645487550269,0.923481822013855
ft_tkt_0009311,ft_sal_004962,ft_evt_0015,GENERAL,0.9361195153053811,0.9210489530051615,0.9257645487550269,0.923481822013855
ft_tkt_0009312,ft_sal_004962,ft_evt_0015,GENERAL,0.9361195153053811,0.9210489530051615,0.9257645487550269,0.923481822013855
ft_tkt_0009313,ft_sal_004963,ft_evt_0015,PREFERENCIAL,0.9331061337242351,0.8917164108471051,0.9224638655495601,0.900665819644928
ft_tkt_0009314,ft_sal_004963,ft_evt_0015,PREFERENCIAL,0.9331061337242351,0.8917164108471051,0.9224638655495601,0.900665819644928
ft_tkt_0009315,ft_sal_004964,ft_evt_0015,PREFERENCIAL,0.9331061337242351,0.9103232564705952,0.946566655555177,0.9114848971366882
ft_tkt_0009316,ft_sal_004965,ft_evt_0015,VIP,0.937698148842865,0.8666696896088006,0.9075496441535561,0.8561930656433105
ft_tkt_0009317,ft_sal_004966,ft_evt_0015,CORTESÍA,0.3910763515334876,0.2269649812028438,0.33131416268848324,0.3027714490890503
ft_tkt_0009318,ft_sal_004966,ft_evt_0015,CORTESÍA,0.3910763515334876,0.2269649812028438,0.33131416268848324,0.3027714490890503
ft_tkt_0009319,ft_sal_004967,ft_evt_0015,CORTESÍA,0.3910763515334876,0.13601657444755746,0.31412421979646976,0.35677361488342285
ft_tkt_0009320,ft_sal_004968,ft_evt_0015,GENERAL,0.9361195153053811,0.9103348576743544,0.9394790491321462,0.8792210817337036
ft_tkt_0009321,ft_sal_004969,ft_evt_0015,CORTESÍA,0.3910763515334876,0.14337281652516695,0.3465850477993236,0.3714509606361389
ft_tkt_0009322,ft_sal_004970,ft_evt_0015,PREFERENCIAL,0.9331061337242351,0.8956648881544242,0.9259728229561816,0.9229622483253479
ft_tkt_0009323,ft_sal_004970,ft_evt_0015,PREFERENCIAL,0.9331061337242351,0.8956648881544242,0.9259728229561816,0.9229622483253479
ft_tkt_0009324,ft_sal_004971,ft_evt_0015,VIP,0.937698148842865,0.8975530740532297,0.9190503718563806,0.9159994125366211
ft_tkt_0009325,ft_sal_004971,ft_evt_0015,VIP,0.937698148842865,0.8975530740532297,0.9190503718563806,0.9159994125366211
ft_tkt_0009326,ft_sal_004972,ft_evt_0015,CORTESÍA,0.3910763515334876,0.19222270750154605,0.27220928810191475,0.2599591314792633
ft_tkt_0009327,ft_sal_004972,ft_evt_0015,CORTESÍA,0.3910763515334876,0.19222270750154605,0.27220928810191475,0.2599591314792633
ft_tkt_0009328,ft_sal_004973,ft_evt_0015,GENERAL,0.9361195153053811,0.8579494447132181,0.9105611578128799,0.8381611108779907
ft_tkt_0009329,ft_sal_004973,ft_evt_0015,GENERAL,0.9361195153053811,0.8579494447132181,0.9105611578128799,0.8381611108779907
ft_tkt_0009330,ft_sal_004974,ft_evt_0015,CORTESÍA,0.3910763515334876,0.172272813014983,0.2871851359624829,0.3096286952495575
ft_tkt_0009331,ft_sal_004974,ft_evt_0015,CORTESÍA,0.3910763515334876,0.172272813014983,0.2871851359624829,0.3096286952495575
ft_tkt_0009332,ft_sal_004975,ft_evt_0015,CORTESÍA,0.3910763515334876,0.15469214552964294,0.29407056757750144,0.3132971227169037
ft_tkt_0009333,ft_sal_004975,ft_evt_0015,CORTESÍA,0.3910763515334876,0.15469214552964294,0.29407056757750144,0.3132971227169037
ft_tkt_0009334,ft_sal_004976,ft_evt_0015,GENERAL,0.9361195153053811,0.7471152689924847,0.9221706311387838,0.8733389973640442
ft_tkt_0009335,ft_sal_004977,ft_evt_0015,CORTESÍA,0.3910763515334876,0.25269539145461395,0.3734693441971422,0.4316389262676239
ft_tkt_0009336,ft_sal_004977,ft_evt_0015,CORTESÍA,0.3910763515334876,0.25269539145461395,0.3734693441971422,0.4316389262676239
ft_tkt_0009337,ft_sal_004978,ft_evt_0015,GENERAL,0.9361195153053811,0.9118671602004054,0.9329859537010686,0.9300990700721741
ft_tkt_0009338,ft_sal_004979,ft_evt_0015,CORTESÍA,0.3910763515334876,0.1688396018407307,0.28509568954979614,0.24695727229118347
ft_tkt_0009339,ft_sal_004979,ft_evt_0015,CORTESÍA,0.3910763515334876,0.1688396018407307,0.28509568954979614,0.24695727229118347
ft_tkt_0009340,ft_sal_004979,ft_evt_0015,CORTESÍA,0.3910763515334876,0.1688396018407307,0.28509568954979614,0.24695727229118347
ft_tkt_0009341,ft_sal_004979,ft_evt_0015,CORTESÍA,0.3910763515334876,0.1688396018407307,0.28509568954979614,0.24695727229118347
ft_tkt_0009342,ft_sal_004980,ft_evt_0015,CORTESÍA,0.3910763515334876,0.16810510698565834,0.28976711394714205,0.21446561813354492
ft_tkt_0009343,ft_sal_004980,ft_evt_0015,CORTESÍA,0.3910763515334876,0.16810510698565834,0.28976711394714205,0.21446561813354492
ft_tkt_0009344,ft_sal_004981,ft_evt_0015,GENERAL,0.9361195153053811,0.8463449485126657,0.9061019603050151,0.9067577123641968
ft_tkt_0009345,ft_sal_004982,ft_evt_0015,CORTESÍA,0.3910763515334876,0.1976017622494349,0.3405213398495874,0.3646683692932129
ft_tkt_0009346,ft_sal_004982,ft_evt_0015,CORTESÍA,0.3910763515334876,0.1976017622494349,0.3405213398495874,0.3646683692932129
ft_tkt_0009347,ft_sal_004983,ft_evt_0015,CORTESÍA,0.3910763515334876,0.14469536011178177,0.2852759122603487,0.21478454768657684
ft_tkt_0009348,ft_sal_004983,ft_evt_0015,CORTESÍA,0.3910763515334876,0.14469536011178177,0.2852759122603487,0.21478454768657684
ft_tkt_0009349,ft_sal_004984,ft_evt_0015,PREFERENCIAL,0.9331061337242351,0.8379477770816374,0.9111451483361457,0.8951327800750732
ft_tkt_0009350,ft_sal_004984,ft_evt_0015,PREFERENCIAL,0.9331061337242351,0.8379477770816374,0.9111451483361457,0.8951327800750732
ft_tkt_0009351,ft_sal_004984,ft_evt_0015,PREFERENCIAL,0.9331061337242351,0.8379477770816374,0.9111451483361457,0.8951327800750732
ft_tkt_0009352,ft_sal_004985,ft_evt_0015,GENERAL,0.9361195153053811,0.9230090880588863,0.9253969377912818,0.9291068315505981
ft_tkt_0009353,ft_sal_004985,ft_evt_0015,GENERAL,0.9361195153053811,0.9230090880588863,0.9253969377912818,0.9291068315505981
ft_tkt_0009354,ft_sal_004986,ft_evt_0033,CORTESÍA,0.3910763515334876,0.35029468120479645,0.4723208766802068,0.5142281651496887
ft_tkt_0009355,ft_sal_004986,ft_evt_0033,CORTESÍA,0.3910763515334876,0.35029468120479645,0.4723208766802068,0.5142281651496887
ft_tkt_0009356,ft_sal_004986,ft_evt_0033,CORTESÍA,0.3910763515334876,0.35029468120479645,0.4723208766802068,0.5142281651496887
ft_tkt_0009357,ft_sal_004987,ft_evt_0033,CORTESÍA,0.3910763515334876,0.31723958217427034,0.4726041487153402,0.4810678958892822
ft_tkt_0009358,ft_sal_004988,ft_evt_0033,GENERAL,0.9361195153053811,0.8936115622419112,0.9324911186715601,0.91569584608078
ft_tkt_0009359,ft_sal_004988,ft_evt_0033,GENERAL,0.9361195153053811,0.8936115622419112,0.9324911186715601,0.91569584608078
ft_tkt_0009360,ft_sal_004989,ft_evt_0033,PREFERENCIAL,0.9331061337242351,0.9383772383070053,0.9494210532243716,0.9543696641921997
ft_tkt_0009361,ft_sal_004989,ft_evt_0033,PREFERENCIAL,0.9331061337242351,0.9383772383070053,0.9494210532243716,0.9543696641921997
ft_tkt_0009362,ft_sal_004990,ft_evt_0033,GENERAL,0.9361195153053811,0.9348289526423825,0.9486391170100104,0.9515092968940735
ft_tkt_0009363,ft_sal_004990,ft_evt_0033,GENERAL,0.9361195153053811,0.9348289526423825,0.9486391170100104,0.9515092968940735
ft_tkt_0009364,ft_sal_004991,ft_evt_0033,CORTESÍA,0.3910763515334876,0.25318421668361907,0.37650610982228366,0.3407399654388428
ft_tkt_0009365,ft_sal_004992,ft_evt_0033,PREFERENCIAL,0.9331061337242351,0.90900311192908,0.9354919291814331,0.9575813412666321
ft_tkt_0009366,ft_sal_004993,ft_evt_0033,GENERAL,0.9361195153053811,0.8993380349889168,0.9466332147951005,0.9531667232513428
ft_tkt_0009367,ft_sal_004994,ft_evt_0033,GENERAL,0.9361195153053811,0.9179130117914346,0.9458443471441969,0.9455140233039856
ft_tkt_0009368,ft_sal_004995,ft_evt_0033,PREFERENCIAL,0.9331061337242351,0.8988451045736736,0.9374709824918172,0.9522826075553894
ft_tkt_0009369,ft_sal_004996,ft_evt_0033,GENERAL,0.9361195153053811,0.9256367156588545,0.950649961338172,0.9464375376701355
ft_tkt_0009370,ft_sal_004997,ft_evt_0033,GENERAL,0.9361195153053811,0.946445259478797,0.9499872173520421,0.943202793598175
ft_tkt_0009371,ft_sal_004998,ft_evt_0033,GENERAL,0.9361195153053811,0.8955370860973038,0.9365803051047178,0.9320551156997681
ft_tkt_0009372,ft_sal_004998,ft_evt_0033,GENERAL,0.9361195153053811,0.8955370860973038,0.9365803051047178,0.9320551156997681
ft_tkt_0009373,ft_sal_004999,ft_evt_0033,CORTESÍA,0.3910763515334876,0.3094077854666752,0.46982705945456976,0.44728535413742065
ft_tkt_0009374,ft_sal_005000,ft_evt_0033,GENERAL,0.9361195153053811,0.9352798107321407,0.951777090208282,0.964634358882904
ft_tkt_0009375,ft_sal_005000,ft_evt_0033,GENERAL,0.9361195153053811,0.9352798107321407,0.951777090208282,0.964634358882904
ft_tkt_0009376,ft_sal_005000,ft_evt_0033,GENERAL,0.9361195153053811,0.9352798107321407,0.951777090208282,0.964634358882904
ft_tkt_0009377,ft_sal_005001,ft_evt_0033,GENERAL,0.9361195153053811,0.9364543016567869,0.9369147313427048,0.9004942178726196
ft_tkt_0009378,ft_sal_005001,ft_evt_0033,GENERAL,0.9361195153053811,0.9364543016567869,0.9369147313427048,0.9004942178726196
ft_tkt_0009379,ft_sal_005001,ft_evt_0033,GENERAL,0.9361195153053811,0.9364543016567869,0.9369147313427048,0.9004942178726196
ft_tkt_0009380,ft_sal_005002,ft_evt_0033,CORTESÍA,0.3910763515334876,0.2573713055432005,0.40162849296827335,0.47390085458755493
ft_tkt_0009381,ft_sal_005002,ft_evt_0033,CORTESÍA,0.3910763515334876,0.2573713055432005,0.40162849296827335,0.47390085458755493
ft_tkt_0009382,ft_sal_005003,ft_evt_0033,GENERAL,0.9361195153053811,0.9368140917021202,0.9516086498301332,0.9698559641838074
ft_tkt_0009383,ft_sal_005003,ft_evt_0033,GENERAL,0.9361195153053811,0.9368140917021202,0.9516086498301332,0.9698559641838074
ft_tkt_0009384,ft_sal_005004,ft_evt_0033,PREFERENCIAL,0.9331061337242351,0.9277021052162598,0.9407097643128844,0.9469746351242065
ft_tkt_0009385,ft_sal_005004,ft_evt_0033,PREFERENCIAL,0.9331061337242351,0.9277021052162598,0.9407097643128844,0.9469746351242065
ft_tkt_0009386,ft_sal_005005,ft_evt_0033,CORTESÍA,0.3910763515334876,0.32422234095784924,0.47467389610741567,0.4678393304347992
ft_tkt_0009387,ft_sal_005005,ft_evt_0033,CORTESÍA,0.3910763515334876,0.32422234095784924,0.47467389610741567,0.4678393304347992
ft_tkt_0009388,ft_sal_005006,ft_evt_0033,GENERAL,0.9361195153053811,0.9401340951477221,0.9385027361797216,0.9648234248161316
ft_tkt_0009389,ft_sal_005007,ft_evt_0033,CORTESÍA,0.3910763515334876,0.20465457829296255,0.36631300029405583,0.3524412512779236
ft_tkt_0009390,ft_sal_005007,ft_evt_0033,CORTESÍA,0.3910763515334876,0.20465457829296255,0.36631300029405583,0.3524412512779236
ft_tkt_0009391,ft_sal_005007,ft_evt_0033,CORTESÍA,0.3910763515334876,0.20465457829296255,0.36631300029405583,0.3524412512779236
ft_tkt_0009392,ft_sal_005008,ft_evt_0033,CORTESÍA,0.3910763515334876,0.45515127034011255,0.4294203730780126,0.4640500247478485
ft_tkt_0009393,ft_sal_005008,ft_evt_0033,CORTESÍA,0.3910763515334876,0.45515127034011255,0.4294203730780126,0.4640500247478485
ft_tkt_0009394,ft_sal_005009,ft_evt_0033,GENERAL,0.9361195153053811,0.9230915456400139,0.9468656155703741,0.9265291690826416
ft_tkt_0009395,ft_sal_005010,ft_evt_0033,GENERAL,0.9361195153053811,0.9478519275281523,0.9513721295832194,0.9566188454627991
ft_tkt_0009396,ft_sal_005011,ft_evt_0033,GENERAL,0.9361195153053811,0.9255214280006486,0.950649961338172,0.9445701241493225
ft_tkt_0009397,ft_sal_005012,ft_evt_0033,GENERAL,0.9361195153053811,0.9492048400179001,0.949302238951899,0.9560620784759521
ft_tkt_0009398,ft_sal_005012,ft_evt_0033,GENERAL,0.9361195153053811,0.9492048400179001,0.949302238951899,0.9560620784759521
ft_tkt_0009399,ft_sal_005012,ft_evt_0033,GENERAL,0.9361195153053811,0.9492048400179001,0.949302238951899,0.9560620784759521
ft_tkt_0009400,ft_sal_005012,ft_evt_0033,GENERAL,0.9361195153053811,0.9492048400179001,0.949302238951899,0.9560620784759521
ft_tkt_0009401,ft_sal_005012,ft_evt_0033,GENERAL,0.9361195153053811,0.9492048400179001,0.949302238951899,0.9560620784759521
ft_tkt_0009402,ft_sal_005012,ft_evt_0033,GENERAL,0.9361195153053811,0.9492048400179001,0.949302238951899,0.9560620784759521
ft_tkt_0009403,ft_sal_005013,ft_evt_0033,GENERAL,0.9361195153053811,0.8736656478769895,0.9322669552149756,0.9366986751556396
ft_tkt_0009404,ft_sal_005014,ft_evt_0033,PREFERENCIAL,0.9331061337242351,0.9396857866922168,0.9519542261795203,0.9615334272384644
ft_tkt_0009405,ft_sal_005014,ft_evt_0033,PREFERENCIAL,0.9331061337242351,0.9396857866922168,0.9519542261795203,0.9615334272384644
ft_tkt_0009406,ft_sal_005015,ft_evt_0033,VIP,0.937698148842865,0.9512406309956872,0.9521368507937699,0.9695751667022705
ft_tkt_0009407,ft_sal_005015,ft_evt_0033,VIP,0.937698148842865,0.9512406309956872,0.9521368507937699,0.9695751667022705
ft_tkt_0009408,ft_sal_005016,ft_evt_0033,GENERAL,0.9361195153053811,0.9139920777019812,0.9473362838822701,0.9587372541427612
ft_tkt_0009409,ft_sal_005016,ft_evt_0033,GENERAL,0.9361195153053811,0.9139920777019812,0.9473362838822701,0.9587372541427612
ft_tkt_0009410,ft_sal_005017,ft_evt_0033,GENERAL,0.9361195153053811,0.9355524915874539,0.94014309444496,0.9165171980857849
ft_tkt_0009411,ft_sal_005018,ft_evt_0033,GENERAL,0.9361195153053811,0.9140754846064832,0.9202127030381597,0.9212618470191956
ft_tkt_0009412,ft_sal_005019,ft_evt_0033,GENERAL,0.9361195153053811,0.9015837114936928,0.9474906281893691,0.948883593082428
ft_tkt_0009413,ft_sal_005020,ft_evt_0033,CORTESÍA,0.3910763515334876,0.3180558084386276,0.4726041487153402,0.4901216924190521
ft_tkt_0009414,ft_sal_005021,ft_evt_0033,GENERAL,0.9361195153053811,0.946532181390589,0.9513721295832194,0.9530626535415649
ft_tkt_0009415,ft_sal_005022,ft_evt_0033,GENERAL,0.9361195153053811,0.9270117325671593,0.9517058422624218,0.9655161499977112
ft_tkt_0009416,ft_sal_005023,ft_evt_0033,GENERAL,0.9361195153053811,0.9247959674430546,0.9505311956031268,0.9582666754722595
ft_tkt_0009417,ft_sal_005024,ft_evt_0033,GENERAL,0.9361195153053811,0.9479139386716487,0.9513721295832194,0.9580983519554138
ft_tkt_0009418,ft_sal_005025,ft_evt_0033,VIP,0.937698148842865,0.9184580154803996,0.9425319253556322,0.9280316233634949
ft_tkt_0009419,ft_sal_005025,ft_evt_0033,VIP,0.937698148842865,0.9184580154803996,0.9425319253556322,0.9280316233634949
ft_tkt_0009420,ft_sal_005025,ft_evt_0033,VIP,0.937698148842865,0.9184580154803996,0.9425319253556322,0.9280316233634949
ft_tkt_0009421,ft_sal_005025,ft_evt_0033,VIP,0.937698148842865,0.9184580154803996,0.9425319253556322,0.9280316233634949
ft_tkt_0009422,ft_sal_005026,ft_evt_0033,GENERAL,0.9361195153053811,0.9363079771744816,0.9513733058628562,0.9511700868606567
ft_tkt_0009423,ft_sal_005026,ft_evt_0033,GENERAL,0.9361195153053811,0.9363079771744816,0.9513733058628562,0.9511700868606567
ft_tkt_0009424,ft_sal_005027,ft_evt_0033,GENERAL,0.9361195153053811,0.9253189854579161,0.9503299379061971,0.9442587494850159
ft_tkt_0009425,ft_sal_005028,ft_evt_0033,GENERAL,0.9361195153053811,0.9294451660085492,0.9474777463315264,0.9372696876525879
ft_tkt_0009426,ft_sal_005028,ft_evt_0033,GENERAL,0.9361195153053811,0.9294451660085492,0.9474777463315264,0.9372696876525879
ft_tkt_0009427,ft_sal_005028,ft_evt_0033,GENERAL,0.9361195153053811,0.9294451660085492,0.9474777463315264,0.9372696876525879
ft_tkt_0009428,ft_sal_005028,ft_evt_0033,GENERAL,0.9361195153053811,0.9294451660085492,0.9474777463315264,0.9372696876525879
ft_tkt_0009429,ft_sal_005029,ft_evt_0033,GENERAL,0.9361195153053811,0.9001748763297457,0.9376419026617959,0.9410032033920288
ft_tkt_0009430,ft_sal_005029,ft_evt_0033,GENERAL,0.9361195153053811,0.9001748763297457,0.9376419026617959,0.9410032033920288
ft_tkt_0009431,ft_sal_005029,ft_evt_0033,GENERAL,0.9361195153053811,0.9001748763297457,0.9376419026617959,0.9410032033920288
ft_tkt_0009432,ft_sal_005029,ft_evt_0033,GENERAL,0.9361195153053811,0.9001748763297457,0.9376419026617959,0.9410032033920288
ft_tkt_0009433,ft_sal_005029,ft_evt_0033,GENERAL,0.9361195153053811,0.9001748763297457,0.9376419026617959,0.9410032033920288
ft_tkt_0009434,ft_sal_005029,ft_evt_0033,GENERAL,0.9361195153053811,0.9001748763297457,0.9376419026617959,0.9410032033920288
ft_tkt_0009435,ft_sal_005030,ft_evt_0033,VIP,0.937698148842865,0.9268673451818298,0.9344097078079278,0.9350717067718506
ft_tkt_0009436,ft_sal_005031,ft_evt_0033,PREFERENCIAL,0.9331061337242351,0.9379386025188219,0.9520338860986546,0.9674422740936279
ft_tkt_0009437,ft_sal_005031,ft_evt_0033,PREFERENCIAL,0.9331061337242351,0.9379386025188219,0.9520338860986546,0.9674422740936279
ft_tkt_0009438,ft_sal_005031,ft_evt_0033,PREFERENCIAL,0.9331061337242351,0.9379386025188219,0.9520338860986546,0.9674422740936279
ft_tkt_0009439,ft_sal_005032,ft_evt_0033,VIP,0.937698148842865,0.9412164492598059,0.9500316603845552,0.9507072567939758
ft_tkt_0009440,ft_sal_005033,ft_evt_0033,CORTESÍA,0.3910763515334876,0.28111092153649875,0.4410228954812314,0.35082706809043884
ft_tkt_0009441,ft_sal_005034,ft_evt_0033,PREFERENCIAL,0.9331061337242351,0.8596569875168112,0.9068432830503192,0.940485954284668
ft_tkt_0009442,ft_sal_005035,ft_evt_0024,CORTESÍA,0.3910763515334876,0.4466985255096318,0.4804108652089806,0.5318189859390259
ft_tkt_0009443,ft_sal_005035,ft_evt_0024,CORTESÍA,0.3910763515334876,0.4466985255096318,0.4804108652089806,0.5318189859390259
ft_tkt_0009444,ft_sal_005035,ft_evt_0024,CORTESÍA,0.3910763515334876,0.4466985255096318,0.4804108652089806,0.5318189859390259
ft_tkt_0009445,ft_sal_005035,ft_evt_0024,CORTESÍA,0.3910763515334876,0.4466985255096318,0.4804108652089806,0.5318189859390259
ft_tkt_0009446,ft_sal_005035,ft_evt_0024,CORTESÍA,0.3910763515334876,0.4466985255096318,0.4804108652089806,0.5318189859390259
ft_tkt_0009447,ft_sal_005035,ft_evt_0024,CORTESÍA,0.3910763515334876,0.4466985255096318,0.4804108652089806,0.5318189859390259
ft_tkt_0009448,ft_sal_005036,ft_evt_0024,GENERAL,0.9361195153053811,0.9543103760666993,0.9490749181814357,0.9398849010467529
ft_tkt_0009449,ft_sal_005036,ft_evt_0024,GENERAL,0.9361195153053811,0.9543103760666993,0.9490749181814357,0.9398849010467529
ft_tkt_0009450,ft_sal_005036,ft_evt_0024,GENERAL,0.9361195153053811,0.9543103760666993,0.9490749181814357,0.9398849010467529
ft_tkt_0009451,ft_sal_005036,ft_evt_0024,GENERAL,0.9361195153053811,0.9543103760666993,0.9490749181814357,0.9398849010467529
ft_tkt_0009452,ft_sal_005037,ft_evt_0024,GENERAL,0.9361195153053811,0.961988621652844,0.9375768977225124,0.9550862908363342
ft_tkt_0009453,ft_sal_005038,ft_evt_0024,GENERAL,0.9361195153053811,0.9490489987572883,0.9493426388248728,0.9498218297958374
ft_tkt_0009454,ft_sal_005039,ft_evt_0024,GENERAL,0.9361195153053811,0.9549448045525356,0.9517870863142007,0.9478439092636108
ft_tkt_0009455,ft_sal_005039,ft_evt_0024,GENERAL,0.9361195153053811,0.9549448045525356,0.9517870863142007,0.9478439092636108
ft_tkt_0009456,ft_sal_005039,ft_evt_0024,GENERAL,0.9361195153053811,0.9549448045525356,0.9517870863142007,0.9478439092636108
ft_tkt_0009457,ft_sal_005039,ft_evt_0024,GENERAL,0.9361195153053811,0.9549448045525356,0.9517870863142007,0.9478439092636108
ft_tkt_0009458,ft_sal_005040,ft_evt_0024,GENERAL,0.9361195153053811,0.9314905289045738,0.93449845082213,0.950698733329773
ft_tkt_0009459,ft_sal_005041,ft_evt_0024,PREFERENCIAL,0.9331061337242351,0.9458331053283339,0.9403951890762365,0.9595446586608887
ft_tkt_0009460,ft_sal_005041,ft_evt_0024,PREFERENCIAL,0.9331061337242351,0.9458331053283339,0.9403951890762365,0.9595446586608887
ft_tkt_0009461,ft_sal_005042,ft_evt_0024,GENERAL,0.9361195153053811,0.96148248415878,0.9421565812662862,0.9530766606330872
ft_tkt_0009462,ft_sal_005042,ft_evt_0024,GENERAL,0.9361195153053811,0.96148248415878,0.9421565812662862,0.9530766606330872
ft_tkt_0009463,ft_sal_005043,ft_evt_0024,GENERAL,0.9361195153053811,0.9423210916304051,0.9447978030776434,0.9320868253707886
ft_tkt_0009464,ft_sal_005044,ft_evt_0024,GENERAL,0.9361195153053811,0.9477718694156491,0.9567793940061403,0.9543915390968323
ft_tkt_0009465,ft_sal_005044,ft_evt_0024,GENERAL,0.9361195153053811,0.9477718694156491,0.9567793940061403,0.9543915390968323
ft_tkt_0009466,ft_sal_005045,ft_evt_0024,PREFERENCIAL,0.9331061337242351,0.9599232435990008,0.9314649202725563,0.9452379941940308
ft_tkt_0009467,ft_sal_005045,ft_evt_0024,PREFERENCIAL,0.9331061337242351,0.9599232435990008,0.9314649202725563,0.9452379941940308
ft_tkt_0009468,ft_sal_005046,ft_evt_0024,VIP,0.937698148842865,0.9641477889100262,0.9517612230765207,0.9550508260726929
ft_tkt_0009469,ft_sal_005046,ft_evt_0024,VIP,0.937698148842865,0.9641477889100262,0.9517612230765207,0.9550508260726929
ft_tkt_0009470,ft_sal_005046,ft_evt_0024,VIP,0.937698148842865,0.9641477889100262,0.9517612230765207,0.9550508260726929
ft_tkt_0009471,ft_sal_005047,ft_evt_0024,VIP,0.937698148842865,0.9641579838720694,0.9585073043378883,0.9536022543907166
ft_tkt_0009472,ft_sal_005048,ft_evt_0024,PREFERENCIAL,0.9331061337242351,0.9614613635017901,0.9592093245703375,0.9652601480484009
ft_tkt_0009473,ft_sal_005049,ft_evt_0024,GENERAL,0.9361195153053811,0.9126574619292727,0.9344462684591838,0.9317439198493958
ft_tkt_0009474,ft_sal_005049,ft_evt_0024,GENERAL,0.9361195153053811,0.9126574619292727,0.9344462684591838,0.9317439198493958
ft_tkt_0009475,ft_sal_005050,ft_evt_0024,CORTESÍA,0.3910763515334876,0.3004745877927735,0.31271217154020065,0.2531004548072815
ft_tkt_0009476,ft_sal_005051,ft_evt_0024,PREFERENCIAL,0.9331061337242351,0.953053583423329,0.952726611401255,0.960922122001648
ft_tkt_0009477,ft_sal_005052,ft_evt_0024,GENERAL,0.9361195153053811,0.9571194870324083,0.9513650342542814,0.9532549977302551
ft_tkt_0009478,ft_sal_005052,ft_evt_0024,GENERAL,0.9361195153053811,0.9571194870324083,0.9513650342542814,0.9532549977302551
ft_tkt_0009479,ft_sal_005053,ft_evt_0024,VIP,0.937698148842865,0.9438904427023078,0.9353311082995199,0.9424203634262085
ft_tkt_0009480,ft_sal_005054,ft_evt_0024,GENERAL,0.9361195153053811,0.9539235817662743,0.9502985363695688,0.9090925455093384
ft_tkt_0009481,ft_sal_005055,ft_evt_0024,GENERAL,0.9361195153053811,0.9640288892130038,0.9503406606019034,0.9590676426887512
ft_tkt_0009482,ft_sal_005055,ft_evt_0024,GENERAL,0.9361195153053811,0.9640288892130038,0.9503406606019034,0.9590676426887512
ft_tkt_0009483,ft_sal_005056,ft_evt_0024,GENERAL,0.9361195153053811,0.9373696635842006,0.9383367486101771,0.9196069836616516
ft_tkt_0009484,ft_sal_005056,ft_evt_0024,GENERAL,0.9361195153053811,0.9373696635842006,0.9383367486101771,0.9196069836616516
ft_tkt_0009485,ft_sal_005056,ft_evt_0024,GENERAL,0.9361195153053811,0.9373696635842006,0.9383367486101771,0.9196069836616516
ft_tkt_0009486,ft_sal_005057,ft_evt_0024,GENERAL,0.9361195153053811,0.9555285420128115,0.9431289726521213,0.9335670471191406
ft_tkt_0009487,ft_sal_005058,ft_evt_0024,GENERAL,0.9361195153053811,0.9500492848511286,0.9516876889160613,0.9581750631332397
ft_tkt_0009488,ft_sal_005059,ft_evt_0024,PREFERENCIAL,0.9331061337242351,0.9534133577855081,0.9384317084722135,0.9374130964279175
ft_tkt_0009489,ft_sal_005059,ft_evt_0024,PREFERENCIAL,0.9331061337242351,0.9534133577855081,0.9384317084722135,0.9374130964279175
ft_tkt_0009490,ft_sal_005060,ft_evt_0024,GENERAL,0.9361195153053811,0.9541643660272359,0.9382962993580072,0.9419906735420227
ft_tkt_0009491,ft_sal_005060,ft_evt_0024,GENERAL,0.9361195153053811,0.9541643660272359,0.9382962993580072,0.9419906735420227
ft_tkt_0009492,ft_sal_005061,ft_evt_0024,GENERAL,0.9361195153053811,0.9402050913040468,0.9362677699306439,0.9569019079208374
ft_tkt_0009493,ft_sal_005062,ft_evt_0024,CORTESÍA,0.3910763515334876,0.3442779322443619,0.44588625575699636,0.5097898840904236
ft_tkt_0009494,ft_sal_005063,ft_evt_0024,GENERAL,0.9361195153053811,0.9476397620039847,0.9443307325493824,0.9382750988006592
ft_tkt_0009495,ft_sal_005064,ft_evt_0024,VIP,0.937698148842865,0.9587420521419961,0.9346284633594353,0.9447293281555176
ft_tkt_0009496,ft_sal_005065,ft_evt_0024,GENERAL,0.9361195153053811,0.9495906031605232,0.9516876889160613,0.9413092136383057
ft_tkt_0009497,ft_sal_005066,ft_evt_0024,GENERAL,0.9361195153053811,0.9251460210283571,0.9359520867272936,0.9151661396026611
ft_tkt_0009498,ft_sal_005066,ft_evt_0024,GENERAL,0.9361195153053811,0.9251460210283571,0.9359520867272936,0.9151661396026611
ft_tkt_0009499,ft_sal_005067,ft_evt_0024,GENERAL,0.9361195153053811,0.9301437446208939,0.9360967946677843,0.9503023624420166
ft_tkt_0009500,ft_sal_005067,ft_evt_0024,GENERAL,0.9361195153053811,0.9301437446208939,0.9360967946677843,0.9503023624420166
ft_tkt_0009501,ft_sal_005068,ft_evt_0024,GENERAL,0.9361195153053811,0.9589772445457613,0.9556878207662322,0.9464643001556396
ft_tkt_0009502,ft_sal_005069,ft_evt_0024,PREFERENCIAL,0.9331061337242351,0.9102599822887938,0.931241744762085,0.9508345723152161
ft_tkt_0009503,ft_sal_005069,ft_evt_0024,PREFERENCIAL,0.9331061337242351,0.9102599822887938,0.931241744762085,0.9508345723152161
ft_tkt_0009504,ft_sal_005069,ft_evt_0024,PREFERENCIAL,0.9331061337242351,0.9102599822887938,0.931241744762085,0.9508345723152161
ft_tkt_0009505,ft_sal_005070,ft_evt_0024,VIP,0.937698148842865,0.9662662091662552,0.9528978369055708,0.9687080979347229
ft_tkt_0009506,ft_sal_005070,ft_evt_0024,VIP,0.937698148842865,0.9662662091662552,0.9528978369055708,0.9687080979347229
ft_tkt_0009507,ft_sal_005071,ft_evt_0024,CORTESÍA,0.3910763515334876,0.40757076109275064,0.41820073425216353,0.4749067723751068
ft_tkt_0009508,ft_sal_005071,ft_evt_0024,CORTESÍA,0.3910763515334876,0.40757076109275064,0.41820073425216353,0.4749067723751068
ft_tkt_0009509,ft_sal_005072,ft_evt_0024,CORTESÍA,0.3910763515334876,0.4830658345146319,0.5183684880180437,0.510593056678772
ft_tkt_0009510,ft_sal_005073,ft_evt_0024,GENERAL,0.9361195153053811,0.9448506221337637,0.9460299398740251,0.9507074356079102
ft_tkt_0009511,ft_sal_005074,ft_evt_0024,CORTESÍA,0.3910763515334876,0.42013884288143793,0.48029319851131447,0.5828610062599182
ft_tkt_0009512,ft_sal_005075,ft_evt_0024,GENERAL,0.9361195153053811,0.9507150359455131,0.9524733390104254,0.9659455418586731
ft_tkt_0009513,ft_sal_005076,ft_evt_0024,GENERAL,0.9361195153053811,0.9572788671144552,0.9511675485504059,0.9621791839599609
ft_tkt_0009514,ft_sal_005076,ft_evt_0024,GENERAL,0.9361195153053811,0.9572788671144552,0.9511675485504059,0.9621791839599609
ft_tkt_0009515,ft_sal_005077,ft_evt_0024,CORTESÍA,0.3910763515334876,0.5451806515896388,0.47617788165173447,0.5240647196769714
ft_tkt_0009516,ft_sal_005077,ft_evt_0024,CORTESÍA,0.3910763515334876,0.5451806515896388,0.47617788165173447,0.5240647196769714
ft_tkt_0009517,ft_sal_005077,ft_evt_0024,CORTESÍA,0.3910763515334876,0.5451806515896388,0.47617788165173447,0.5240647196769714
ft_tkt_0009518,ft_sal_005078,ft_evt_0024,CORTESÍA,0.3910763515334876,0.3819625121387643,0.45631005012757064,0.5553885698318481
ft_tkt_0009519,ft_sal_005078,ft_evt_0024,CORTESÍA,0.3910763515334876,0.3819625121387643,0.45631005012757064,0.5553885698318481
ft_tkt_0009520,ft_sal_005078,ft_evt_0024,CORTESÍA,0.3910763515334876,0.3819625121387643,0.45631005012757064,0.5553885698318481
ft_tkt_0009521,ft_sal_005079,ft_evt_0024,GENERAL,0.9361195153053811,0.9336331555870724,0.9479641121746969,0.960844874382019
ft_tkt_0009522,ft_sal_005080,ft_evt_0007,CORTESÍA,0.3910763515334876,0.5161799202006353,0.35752338970376657,0.4582304060459137
ft_tkt_0009523,ft_sal_005081,ft_evt_0007,CORTESÍA,0.3910763515334876,0.4802102024871679,0.4129276268093774,0.3955235481262207
ft_tkt_0009524,ft_sal_005081,ft_evt_0007,CORTESÍA,0.3910763515334876,0.4802102024871679,0.4129276268093774,0.3955235481262207
ft_tkt_0009525,ft_sal_005081,ft_evt_0007,CORTESÍA,0.3910763515334876,0.4802102024871679,0.4129276268093774,0.3955235481262207
ft_tkt_0009526,ft_sal_005081,ft_evt_0007,CORTESÍA,0.3910763515334876,0.4802102024871679,0.4129276268093774,0.3955235481262207
ft_tkt_0009527,ft_sal_005082,ft_evt_0007,CORTESÍA,0.3910763515334876,0.42075367140543457,0.3361188611000353,0.31979137659072876
ft_tkt_0009528,ft_sal_005082,ft_evt_0007,CORTESÍA,0.3910763515334876,0.42075367140543457,0.3361188611000353,0.31979137659072876
ft_tkt_0009529,ft_sal_005083,ft_evt_0007,CORTESÍA,0.3910763515334876,0.5297519954154268,0.32190892827242934,0.3061288595199585
ft_tkt_0009530,ft_sal_005084,ft_evt_0007,CORTESÍA,0.3910763515334876,0.5888124670995539,0.45384829485234524,0.577541172504425
ft_tkt_0009531,ft_sal_005084,ft_evt_0007,CORTESÍA,0.3910763515334876,0.5888124670995539,0.45384829485234524,0.577541172504425
ft_tkt_0009532,ft_sal_005085,ft_evt_0007,CORTESÍA,0.3910763515334876,0.5945770481093631,0.4765915428313162,0.5642127394676208
ft_tkt_0009533,ft_sal_005085,ft_evt_0007,CORTESÍA,0.3910763515334876,0.5945770481093631,0.4765915428313162,0.5642127394676208
ft_tkt_0009534,ft_sal_005086,ft_evt_0007,CORTESÍA,0.3910763515334876,0.5509616118131243,0.44333204733843196,0.5731946229934692
ft_tkt_0009535,ft_sal_005086,ft_evt_0007,CORTESÍA,0.3910763515334876,0.5509616118131243,0.44333204733843196,0.5731946229934692
ft_tkt_0009536,ft_sal_005086,ft_evt_0007,CORTESÍA,0.3910763515334876,0.5509616118131243,0.44333204733843196,0.5731946229934692
ft_tkt_0009537,ft_sal_005087,ft_evt_0007,CORTESÍA,0.3910763515334876,0.46811534503161184,0.3414322762062918,0.33661124110221863
ft_tkt_0009538,ft_sal_005087,ft_evt_0007,CORTESÍA,0.3910763515334876,0.46811534503161184,0.3414322762062918,0.33661124110221863
ft_tkt_0009539,ft_sal_005088,ft_evt_0007,CORTESÍA,0.3910763515334876,0.639198435127331,0.44510924303771127,0.5174129605293274
ft_tkt_0009540,ft_sal_005088,ft_evt_0007,CORTESÍA,0.3910763515334876,0.639198435127331,0.44510924303771127,0.5174129605293274
ft_tkt_0009541,ft_sal_005089,ft_evt_0007,CORTESÍA,0.3910763515334876,0.827566695070856,0.49427878323164554,0.47702756524086
ft_tkt_0009542,ft_sal_005090,ft_evt_0007,CORTESÍA,0.3910763515334876,0.5889862968360643,0.45424727996629966,0.5377629399299622
ft_tkt_0009543,ft_sal_005090,ft_evt_0007,CORTESÍA,0.3910763515334876,0.5889862968360643,0.45424727996629966,0.5377629399299622
ft_tkt_0009544,ft_sal_005090,ft_evt_0007,CORTESÍA,0.3910763515334876,0.5889862968360643,0.45424727996629966,0.5377629399299622
ft_tkt_0009545,ft_sal_005091,ft_evt_0007,CORTESÍA,0.3910763515334876,0.6902265684118688,0.42900012561972295,0.518965482711792
ft_tkt_0009546,ft_sal_005092,ft_evt_0007,CORTESÍA,0.3910763515334876,0.49504836469574615,0.4145399238664204,0.4418637454509735
ft_tkt_0009547,ft_sal_005092,ft_evt_0007,CORTESÍA,0.3910763515334876,0.49504836469574615,0.4145399238664204,0.4418637454509735
ft_tkt_0009548,ft_sal_005092,ft_evt_0007,CORTESÍA,0.3910763515334876,0.49504836469574615,0.4145399238664204,0.4418637454509735
ft_tkt_0009549,ft_sal_005093,ft_evt_0007,CORTESÍA,0.3910763515334876,0.5051020446787317,0.3417797073616174,0.3795565366744995
ft_tkt_0009550,ft_sal_005093,ft_evt_0007,CORTESÍA,0.3910763515334876,0.5051020446787317,0.3417797073616174,0.3795565366744995
ft_tkt_0009551,ft_sal_005094,ft_evt_0007,CORTESÍA,0.3910763515334876,0.4889923303917715,0.39615613161413865,0.4574757218360901
ft_tkt_0009552,ft_sal_005094,ft_evt_0007,CORTESÍA,0.3910763515334876,0.4889923303917715,0.39615613161413865,0.4574757218360901
ft_tkt_0009553,ft_sal_005095,ft_evt_0007,CORTESÍA,0.3910763515334876,0.521658400653044,0.42951712884281873,0.44749048352241516
ft_tkt_0009554,ft_sal_005095,ft_evt_0007,CORTESÍA,0.3910763515334876,0.521658400653044,0.42951712884281873,0.44749048352241516
ft_tkt_0009555,ft_sal_005095,ft_evt_0007,CORTESÍA,0.3910763515334876,0.521658400653044,0.42951712884281873,0.44749048352241516
ft_tkt_0009556,ft_sal_005096,ft_evt_0007,CORTESÍA,0.3910763515334876,0.3940180941840932,0.3211100303225483,0.23511631786823273
ft_tkt_0009557,ft_sal_005097,ft_evt_0007,CORTESÍA,0.3910763515334876,0.5105889754255886,0.41290150463457426,0.4772053062915802
ft_tkt_0009558,ft_sal_005097,ft_evt_0007,CORTESÍA,0.3910763515334876,0.5105889754255886,0.41290150463457426,0.4772053062915802
ft_tkt_0009559,ft_sal_005098,ft_evt_0007,CORTESÍA,0.3910763515334876,0.6726121992421553,0.4526618885729591,0.5342370867729187
ft_tkt_0009560,ft_sal_005098,ft_evt_0007,CORTESÍA,0.3910763515334876,0.6726121992421553,0.4526618885729591,0.5342370867729187
ft_tkt_0009561,ft_sal_005099,ft_evt_0007,CORTESÍA,0.3910763515334876,0.6059618718234363,0.411208754966171,0.44740426540374756
ft_tkt_0009562,ft_sal_005100,ft_evt_0007,CORTESÍA,0.3910763515334876,0.7182566588069592,0.431242939142854,0.4178709387779236
ft_tkt_0009563,ft_sal_005101,ft_evt_0007,CORTESÍA,0.3910763515334876,0.5481529083345128,0.35902800659531947,0.49029305577278137
ft_tkt_0009564,ft_sal_005102,ft_evt_0007,CORTESÍA,0.3910763515334876,0.4911095163353401,0.29273323814192775,0.4589611887931824
ft_tkt_0009565,ft_sal_005103,ft_evt_0007,CORTESÍA,0.3910763515334876,0.507507075866048,0.3963599858291892,0.4671049416065216
ft_tkt_0009566,ft_sal_005103,ft_evt_0007,CORTESÍA,0.3910763515334876,0.507507075866048,0.3963599858291892,0.4671049416065216
ft_tkt_0009567,ft_sal_005103,ft_evt_0007,CORTESÍA,0.3910763515334876,0.507507075866048,0.3963599858291892,0.4671049416065216
ft_tkt_0009568,ft_sal_005103,ft_evt_0007,CORTESÍA,0.3910763515334876,0.507507075866048,0.3963599858291892,0.4671049416065216
ft_tkt_0009569,ft_sal_005104,ft_evt_0007,CORTESÍA,0.3910763515334876,0.7679288393789875,0.48302223967671387,0.48091134428977966
ft_tkt_0009570,ft_sal_005105,ft_evt_0007,CORTESÍA,0.3910763515334876,0.49042346081404437,0.377656984848587,0.3201657235622406
ft_tkt_0009571,ft_sal_005106,ft_evt_0007,CORTESÍA,0.3910763515334876,0.5111103762185847,0.35000331488523506,0.31689581274986267
ft_tkt_0009572,ft_sal_005106,ft_evt_0007,CORTESÍA,0.3910763515334876,0.5111103762185847,0.35000331488523506,0.31689581274986267
ft_tkt_0009573,ft_sal_005107,ft_evt_0007,CORTESÍA,0.3910763515334876,0.5493544388086786,0.454529049357766,0.5186494588851929
ft_tkt_0009574,ft_sal_005108,ft_evt_0007,CORTESÍA,0.3910763515334876,0.41541126263342476,0.3004262902449668,0.22505344450473785
ft_tkt_0009575,ft_sal_005109,ft_evt_0007,CORTESÍA,0.3910763515334876,0.5088235003158851,0.39104147780224097,0.44890543818473816
ft_tkt_0009576,ft_sal_005109,ft_evt_0007,CORTESÍA,0.3910763515334876,0.5088235003158851,0.39104147780224097,0.44890543818473816
ft_tkt_0009577,ft_sal_005109,ft_evt_0007,CORTESÍA,0.3910763515334876,0.5088235003158851,0.39104147780224097,0.44890543818473816
ft_tkt_0009578,ft_sal_005109,ft_evt_0007,CORTESÍA,0.3910763515334876,0.5088235003158851,0.39104147780224097,0.44890543818473816
ft_tkt_0009579,ft_sal_005110,ft_evt_0007,CORTESÍA,0.3910763515334876,0.4764785683405554,0.415509946239123,0.43700799345970154
ft_tkt_0009580,ft_sal_005110,ft_evt_0007,CORTESÍA,0.3910763515334876,0.4764785683405554,0.415509946239123,0.43700799345970154
ft_tkt_0009581,ft_sal_005110,ft_evt_0007,CORTESÍA,0.3910763515334876,0.4764785683405554,0.415509946239123,0.43700799345970154
ft_tkt_0009582,ft_sal_005110,ft_evt_0007,CORTESÍA,0.3910763515334876,0.4764785683405554,0.415509946239123,0.43700799345970154
ft_tkt_0009583,ft_sal_005111,ft_evt_0007,CORTESÍA,0.3910763515334876,0.5779407718695461,0.34611961479917674,0.3503485321998596
ft_tkt_0009584,ft_sal_005111,ft_evt_0007,CORTESÍA,0.3910763515334876,0.5779407718695461,0.34611961479917674,0.3503485321998596
ft_tkt_0009585,ft_sal_005111,ft_evt_0007,CORTESÍA,0.3910763515334876,0.5779407718695461,0.34611961479917674,0.3503485321998596
ft_tkt_0009586,ft_sal_005111,ft_evt_0007,CORTESÍA,0.3910763515334876,0.5779407718695461,0.34611961479917674,0.3503485321998596
ft_tkt_0009587,ft_sal_005111,ft_evt_0007,CORTESÍA,0.3910763515334876,0.5779407718695461,0.34611961479917674,0.3503485321998596
ft_tkt_0009588,ft_sal_005111,ft_evt_0007,CORTESÍA,0.3910763515334876,0.5779407718695461,0.34611961479917674,0.3503485321998596
ft_tkt_0009589,ft_sal_005112,ft_evt_0007,CORTESÍA,0.3910763515334876,0.41667770364845724,0.3427848990777174,0.42271745204925537
ft_tkt_0009590,ft_sal_005112,ft_evt_0007,CORTESÍA,0.3910763515334876,0.41667770364845724,0.3427848990777174,0.42271745204925537
ft_tkt_0009591,ft_sal_005113,ft_evt_0007,CORTESÍA,0.3910763515334876,0.5794396197303068,0.4752328147012353,0.5285717844963074
ft_tkt_0009592,ft_sal_005113,ft_evt_0007,CORTESÍA,0.3910763515334876,0.5794396197303068,0.4752328147012353,0.5285717844963074
ft_tkt_0009593,ft_sal_005113,ft_evt_0007,CORTESÍA,0.3910763515334876,0.5794396197303068,0.4752328147012353,0.5285717844963074
ft_tkt_0009594,ft_sal_005113,ft_evt_0007,CORTESÍA,0.3910763515334876,0.5794396197303068,0.4752328147012353,0.5285717844963074
ft_tkt_0009595,ft_sal_005113,ft_evt_0007,CORTESÍA,0.3910763515334876,0.5794396197303068,0.4752328147012353,0.5285717844963074
ft_tkt_0009596,ft_sal_005113,ft_evt_0007,CORTESÍA,0.3910763515334876,0.5794396197303068,0.4752328147012353,0.5285717844963074
ft_tkt_0009597,ft_sal_005114,ft_evt_0007,CORTESÍA,0.3910763515334876,0.4877805121415678,0.3757708833521215,0.44513139128685
ft_tkt_0009598,ft_sal_005114,ft_evt_0007,CORTESÍA,0.3910763515334876,0.4877805121415678,0.3757708833521215,0.44513139128685
ft_tkt_0009599,ft_sal_005115,ft_evt_0007,CORTESÍA,0.3910763515334876,0.43708737551179155,0.2738741380597967,0.2686769664287567
ft_tkt_0009600,ft_sal_005116,ft_evt_0042,GENERAL,0.9361195153053811,0.9143645214103494,0.9322762529966505,0.9025202393531799
ft_tkt_0009601,ft_sal_005116,ft_evt_0042,GENERAL,0.9361195153053811,0.9143645214103494,0.9322762529966505,0.9025202393531799
ft_tkt_0009602,ft_sal_005116,ft_evt_0042,GENERAL,0.9361195153053811,0.9143645214103494,0.9322762529966505,0.9025202393531799
ft_tkt_0009603,ft_sal_005117,ft_evt_0042,VIP,0.937698148842865,0.9912019911037153,0.9576737255325226,0.9671278595924377
ft_tkt_0009604,ft_sal_005118,ft_evt_0042,GENERAL,0.9361195153053811,0.9162655255798482,0.9401920087866333,0.9039765000343323
ft_tkt_0009605,ft_sal_005119,ft_evt_0042,GENERAL,0.9361195153053811,0.9425505059961597,0.9467846881310736,0.9464836716651917
ft_tkt_0009606,ft_sal_005120,ft_evt_0042,PREFERENCIAL,0.9331061337242351,0.9553973542331028,0.9417855350331125,0.9559769630432129
ft_tkt_0009607,ft_sal_005120,ft_evt_0042,PREFERENCIAL,0.9331061337242351,0.9553973542331028,0.9417855350331125,0.9559769630432129
ft_tkt_0009608,ft_sal_005121,ft_evt_0042,CORTESÍA,0.3910763515334876,0.34220091795092716,0.39896564903949583,0.3717721104621887
ft_tkt_0009609,ft_sal_005122,ft_evt_0042,VIP,0.937698148842865,0.9387737077761942,0.9515720203022424,0.9530915021896362
ft_tkt_0009610,ft_sal_005122,ft_evt_0042,VIP,0.937698148842865,0.9387737077761942,0.9515720203022424,0.9530915021896362
ft_tkt_0009611,ft_sal_005123,ft_evt_0042,CORTESÍA,0.3910763515334876,0.4085656756103877,0.4842270977427945,0.4722161293029785
ft_tkt_0009612,ft_sal_005123,ft_evt_0042,CORTESÍA,0.3910763515334876,0.4085656756103877,0.4842270977427945,0.4722161293029785
ft_tkt_0009613,ft_sal_005123,ft_evt_0042,CORTESÍA,0.3910763515334876,0.4085656756103877,0.4842270977427945,0.4722161293029785
ft_tkt_0009614,ft_sal_005124,ft_evt_0042,CORTESÍA,0.3910763515334876,0.3706289586434396,0.4845109539411649,0.45221763849258423
ft_tkt_0009615,ft_sal_005125,ft_evt_0042,CORTESÍA,0.3910763515334876,0.18461907700056568,0.2884664849455178,0.2631078362464905
ft_tkt_0009616,ft_sal_005126,ft_evt_0042,GENERAL,0.9361195153053811,0.922627647792809,0.9281729682188101,0.9211189150810242
ft_tkt_0009617,ft_sal_005126,ft_evt_0042,GENERAL,0.9361195153053811,0.922627647792809,0.9281729682188101,0.9211189150810242
ft_tkt_0009618,ft_sal_005126,ft_evt_0042,GENERAL,0.9361195153053811,0.922627647792809,0.9281729682188101,0.9211189150810242
ft_tkt_0009619,ft_sal_005127,ft_evt_0042,GENERAL,0.9361195153053811,0.9466863301203254,0.9449328917969271,0.9438117146492004
ft_tkt_0009620,ft_sal_005127,ft_evt_0042,GENERAL,0.9361195153053811,0.9466863301203254,0.9449328917969271,0.9438117146492004
ft_tkt_0009621,ft_sal_005127,ft_evt_0042,GENERAL,0.9361195153053811,0.9466863301203254,0.9449328917969271,0.9438117146492004
ft_tkt_0009622,ft_sal_005127,ft_evt_0042,GENERAL,0.9361195153053811,0.9466863301203254,0.9449328917969271,0.9438117146492004
ft_tkt_0009623,ft_sal_005128,ft_evt_0042,GENERAL,0.9361195153053811,0.941936191894214,0.9467846881310736,0.9481231570243835
ft_tkt_0009624,ft_sal_005129,ft_evt_0042,PREFERENCIAL,0.9331061337242351,0.9536269163387792,0.9473375148807678,0.9531500935554504
ft_tkt_0009625,ft_sal_005129,ft_evt_0042,PREFERENCIAL,0.9331061337242351,0.9536269163387792,0.9473375148807678,0.9531500935554504
ft_tkt_0009626,ft_sal_005130,ft_evt_0042,GENERAL,0.9361195153053811,0.9275563673202503,0.9360998229610511,0.9318017959594727
ft_tkt_0009627,ft_sal_005130,ft_evt_0042,GENERAL,0.9361195153053811,0.9275563673202503,0.9360998229610511,0.9318017959594727
ft_tkt_0009628,ft_sal_005130,ft_evt_0042,GENERAL,0.9361195153053811,0.9275563673202503,0.9360998229610511,0.9318017959594727
ft_tkt_0009629,ft_sal_005131,ft_evt_0042,GENERAL,0.9361195153053811,0.9491035905281899,0.945878014007809,0.9434898495674133
ft_tkt_0009630,ft_sal_005131,ft_evt_0042,GENERAL,0.9361195153053811,0.9491035905281899,0.945878014007809,0.9434898495674133
ft_tkt_0009631,ft_sal_005132,ft_evt_0042,CORTESÍA,0.3910763515334876,0.3845013933679208,0.37645995169852364,0.4487283229827881
ft_tkt_0009632,ft_sal_005133,ft_evt_0042,PREFERENCIAL,0.9331061337242351,0.9529963447873641,0.9473375148807678,0.9590435028076172
ft_tkt_0009633,ft_sal_005133,ft_evt_0042,PREFERENCIAL,0.9331061337242351,0.9529963447873641,0.9473375148807678,0.9590435028076172
ft_tkt_0009634,ft_sal_005134,ft_evt_0042,GENERAL,0.9361195153053811,0.9421157104658043,0.9409158290057589,0.9345551133155823
ft_tkt_0009635,ft_sal_005134,ft_evt_0042,GENERAL,0.9361195153053811,0.9421157104658043,0.9409158290057589,0.9345551133155823
ft_tkt_0009636,ft_sal_005134,ft_evt_0042,GENERAL,0.9361195153053811,0.9421157104658043,0.9409158290057589,0.9345551133155823
ft_tkt_0009637,ft_sal_005134,ft_evt_0042,GENERAL,0.9361195153053811,0.9421157104658043,0.9409158290057589,0.9345551133155823
ft_tkt_0009638,ft_sal_005135,ft_evt_0042,VIP,0.937698148842865,0.9230767457706982,0.9444612020845091,0.9447188973426819
ft_tkt_0009639,ft_sal_005136,ft_evt_0042,VIP,0.937698148842865,0.9569020807403665,0.9482283789688142,0.9557105898857117
ft_tkt_0009640,ft_sal_005137,ft_evt_0042,GENERAL,0.9361195153053811,0.9263177976040607,0.9346977121358072,0.9196760654449463
ft_tkt_0009641,ft_sal_005137,ft_evt_0042,GENERAL,0.9361195153053811,0.9263177976040607,0.9346977121358072,0.9196760654449463
ft_tkt_0009642,ft_sal_005138,ft_evt_0042,VIP,0.937698148842865,0.9526065365099652,0.9382284310719452,0.9381962418556213
ft_tkt_0009643,ft_sal_005138,ft_evt_0042,VIP,0.937698148842865,0.9526065365099652,0.9382284310719452,0.9381962418556213
ft_tkt_0009644,ft_sal_005138,ft_evt_0042,VIP,0.937698148842865,0.9526065365099652,0.9382284310719452,0.9381962418556213
ft_tkt_0009645,ft_sal_005138,ft_evt_0042,VIP,0.937698148842865,0.9526065365099652,0.9382284310719452,0.9381962418556213
ft_tkt_0009646,ft_sal_005138,ft_evt_0042,VIP,0.937698148842865,0.9526065365099652,0.9382284310719452,0.9381962418556213
ft_tkt_0009647,ft_sal_005138,ft_evt_0042,VIP,0.937698148842865,0.9526065365099652,0.9382284310719452,0.9381962418556213
ft_tkt_0009648,ft_sal_005139,ft_evt_0042,CORTESÍA,0.3910763515334876,0.30114764039743624,0.378605773467656,0.3175866901874542
ft_tkt_0009649,ft_sal_005139,ft_evt_0042,CORTESÍA,0.3910763515334876,0.30114764039743624,0.378605773467656,0.3175866901874542
ft_tkt_0009650,ft_sal_005139,ft_evt_0042,CORTESÍA,0.3910763515334876,0.30114764039743624,0.378605773467656,0.3175866901874542
ft_tkt_0009651,ft_sal_005139,ft_evt_0042,CORTESÍA,0.3910763515334876,0.30114764039743624,0.378605773467656,0.3175866901874542
ft_tkt_0009652,ft_sal_005140,ft_evt_0042,CORTESÍA,0.3910763515334876,0.2891335213142229,0.42478959007848965,0.3644767701625824
ft_tkt_0009653,ft_sal_005140,ft_evt_0042,CORTESÍA,0.3910763515334876,0.2891335213142229,0.42478959007848965,0.3644767701625824
ft_tkt_0009654,ft_sal_005141,ft_evt_0042,PREFERENCIAL,0.9331061337242351,0.9528135188258879,0.9418558023706322,0.952495813369751
ft_tkt_0009655,ft_sal_005142,ft_evt_0042,GENERAL,0.9361195153053811,0.9205782803443062,0.9256271453813982,0.9026994109153748
ft_tkt_0009656,ft_sal_005143,ft_evt_0042,PREFERENCIAL,0.9331061337242351,0.9384318376991551,0.9425094795544178,0.948686957359314
ft_tkt_0009657,ft_sal_005143,ft_evt_0042,PREFERENCIAL,0.9331061337242351,0.9384318376991551,0.9425094795544178,0.948686957359314
ft_tkt_0009658,ft_sal_005143,ft_evt_0042,PREFERENCIAL,0.9331061337242351,0.9384318376991551,0.9425094795544178,0.948686957359314
ft_tkt_0009659,ft_sal_005144,ft_evt_0042,CORTESÍA,0.3910763515334876,0.30967163956569743,0.40541997901512367,0.36199820041656494
ft_tkt_0009660,ft_sal_005144,ft_evt_0042,CORTESÍA,0.3910763515334876,0.30967163956569743,0.40541997901512367,0.36199820041656494
ft_tkt_0009661,ft_sal_005144,ft_evt_0042,CORTESÍA,0.3910763515334876,0.30967163956569743,0.40541997901512367,0.36199820041656494
ft_tkt_0009662,ft_sal_005144,ft_evt_0042,CORTESÍA,0.3910763515334876,0.30967163956569743,0.40541997901512367,0.36199820041656494
ft_tkt_0009663,ft_sal_005145,ft_evt_0042,CORTESÍA,0.3910763515334876,0.3693610251492096,0.4845109539411649,0.45407605171203613
ft_tkt_0009664,ft_sal_005146,ft_evt_0042,GENERAL,0.9361195153053811,0.9479187622443931,0.9442726881584559,0.9453724026679993
ft_tkt_0009665,ft_sal_005146,ft_evt_0042,GENERAL,0.9361195153053811,0.9479187622443931,0.9442726881584559,0.9453724026679993
ft_tkt_0009666,ft_sal_005146,ft_evt_0042,GENERAL,0.9361195153053811,0.9479187622443931,0.9442726881584559,0.9453724026679993
ft_tkt_0009667,ft_sal_005147,ft_evt_0042,GENERAL,0.9361195153053811,0.9455206019685061,0.9361759766387218,0.9102736115455627
ft_tkt_0009668,ft_sal_005148,ft_evt_0042,CORTESÍA,0.3910763515334876,0.36721939988908847,0.48396494613284347,0.45478108525276184
ft_tkt_0009669,ft_sal_005149,ft_evt_0042,GENERAL,0.9361195153053811,0.9084878633635353,0.9248411391164157,0.9141057729721069
ft_tkt_0009670,ft_sal_005150,ft_evt_0042,VIP,0.937698148842865,0.9196372346146285,0.9371996378413976,0.9521571397781372
ft_tkt_0009671,ft_sal_005151,ft_evt_0016,GENERAL,0.9361195153053811,0.8245854500728814,0.9106611511729314,0.9157447218894958
ft_tkt_0009672,ft_sal_005152,ft_evt_0016,CORTESÍA,0.3910763515334876,0.1914045707848107,0.24467048419738405,0.24630360305309296
ft_tkt_0009673,ft_sal_005152,ft_evt_0016,CORTESÍA,0.3910763515334876,0.1914045707848107,0.24467048419738405,0.24630360305309296
ft_tkt_0009674,ft_sal_005152,ft_evt_0016,CORTESÍA,0.3910763515334876,0.1914045707848107,0.24467048419738405,0.24630360305309296
ft_tkt_0009675,ft_sal_005153,ft_evt_0016,GENERAL,0.9361195153053811,0.8400947597455072,0.8917573677611359,0.9177717566490173
ft_tkt_0009676,ft_sal_005154,ft_evt_0016,GENERAL,0.9361195153053811,0.8699751248259009,0.891929734917503,0.9109737277030945
ft_tkt_0009677,ft_sal_005154,ft_evt_0016,GENERAL,0.9361195153053811,0.8699751248259009,0.891929734917503,0.9109737277030945
ft_tkt_0009678,ft_sal_005155,ft_evt_0016,GENERAL,0.9361195153053811,0.8203461968867839,0.8875158267899063,0.8688273429870605
ft_tkt_0009679,ft_sal_005156,ft_evt_0016,CORTESÍA,0.3910763515334876,0.12572340813904642,0.17671632699386752,0.14746682345867157
ft_tkt_0009680,ft_sal_005157,ft_evt_0016,GENERAL,0.9361195153053811,0.8637704200704375,0.932072064011139,0.9216071963310242
ft_tkt_0009681,ft_sal_005157,ft_evt_0016,GENERAL,0.9361195153053811,0.8637704200704375,0.932072064011139,0.9216071963310242
ft_tkt_0009682,ft_sal_005157,ft_evt_0016,GENERAL,0.9361195153053811,0.8637704200704375,0.932072064011139,0.9216071963310242
ft_tkt_0009683,ft_sal_005158,ft_evt_0016,GENERAL,0.9361195153053811,0.8568744370205431,0.9180831419533244,0.90873122215271
ft_tkt_0009684,ft_sal_005159,ft_evt_0016,GENERAL,0.9361195153053811,0.8077688329910232,0.8840407671934086,0.8849895596504211
ft_tkt_0009685,ft_sal_005160,ft_evt_0016,CORTESÍA,0.3910763515334876,0.10585810367197167,0.19229375335591747,0.24814485013484955
ft_tkt_0009686,ft_sal_005160,ft_evt_0016,CORTESÍA,0.3910763515334876,0.10585810367197167,0.19229375335591747,0.24814485013484955
ft_tkt_0009687,ft_sal_005161,ft_evt_0016,CORTESÍA,0.3910763515334876,0.22305563370181142,0.3228832705508466,0.39761772751808167
ft_tkt_0009688,ft_sal_005161,ft_evt_0016,CORTESÍA,0.3910763515334876,0.22305563370181142,0.3228832705508466,0.39761772751808167
ft_tkt_0009689,ft_sal_005162,ft_evt_0016,CORTESÍA,0.3910763515334876,0.2823025816932684,0.3617737453779759,0.4449683725833893
ft_tkt_0009690,ft_sal_005162,ft_evt_0016,CORTESÍA,0.3910763515334876,0.2823025816932684,0.3617737453779759,0.4449683725833893
ft_tkt_0009691,ft_sal_005163,ft_evt_0016,PREFERENCIAL,0.9331061337242351,0.789527655012773,0.8948503260617513,0.8931666612625122
ft_tkt_0009692,ft_sal_005163,ft_evt_0016,PREFERENCIAL,0.9331061337242351,0.789527655012773,0.8948503260617513,0.8931666612625122
ft_tkt_0009693,ft_sal_005163,ft_evt_0016,PREFERENCIAL,0.9331061337242351,0.789527655012773,0.8948503260617513,0.8931666612625122
ft_tkt_0009694,ft_sal_005164,ft_evt_0016,CORTESÍA,0.3910763515334876,0.17703152919617962,0.24659087060600715,0.2562444806098938
ft_tkt_0009695,ft_sal_005164,ft_evt_0016,CORTESÍA,0.3910763515334876,0.17703152919617962,0.24659087060600715,0.2562444806098938
ft_tkt_0009696,ft_sal_005165,ft_evt_0016,GENERAL,0.9361195153053811,0.787895578987471,0.9029347722248069,0.9327408075332642
ft_tkt_0009697,ft_sal_005166,ft_evt_0016,GENERAL,0.9361195153053811,0.7658053458061792,0.9102570833578657,0.8804107904434204
ft_tkt_0009698,ft_sal_005167,ft_evt_0016,GENERAL,0.9361195153053811,0.7716087478992391,0.9092398727592383,0.9224607348442078
ft_tkt_0009699,ft_sal_005168,ft_evt_0016,CORTESÍA,0.3910763515334876,0.23074866775520347,0.2752911218335378,0.30756857991218567
ft_tkt_0009700,ft_sal_005168,ft_evt_0016,CORTESÍA,0.3910763515334876,0.23074866775520347,0.2752911218335378,0.30756857991218567
ft_tkt_0009701,ft_sal_005169,ft_evt_0016,CORTESÍA,0.3910763515334876,0.42818530360878576,0.367168918474174,0.46811261773109436
ft_tkt_0009702,ft_sal_005169,ft_evt_0016,CORTESÍA,0.3910763515334876,0.42818530360878576,0.367168918474174,0.46811261773109436
ft_tkt_0009703,ft_sal_005170,ft_evt_0016,CORTESÍA,0.3910763515334876,0.41386305595563844,0.348655956411459,0.3945266604423523
ft_tkt_0009704,ft_sal_005171,ft_evt_0016,CORTESÍA,0.3910763515334876,0.2098229304202829,0.2548693331236631,0.30844298005104065
ft_tkt_0009705,ft_sal_005171,ft_evt_0016,CORTESÍA,0.3910763515334876,0.2098229304202829,0.2548693331236631,0.30844298005104065
ft_tkt_0009706,ft_sal_005171,ft_evt_0016,CORTESÍA,0.3910763515334876,0.2098229304202829,0.2548693331236631,0.30844298005104065
ft_tkt_0009707,ft_sal_005172,ft_evt_0016,CORTESÍA,0.3910763515334876,0.16888915584677017,0.27538714843755435,0.30704230070114136
ft_tkt_0009708,ft_sal_005172,ft_evt_0016,CORTESÍA,0.3910763515334876,0.16888915584677017,0.27538714843755435,0.30704230070114136
ft_tkt_0009709,ft_sal_005173,ft_evt_0016,CORTESÍA,0.3910763515334876,0.14026148931831406,0.2462055486272446,0.20557774603366852
ft_tkt_0009710,ft_sal_005174,ft_evt_0016,GENERAL,0.9361195153053811,0.8425017225224033,0.8937472468273959,0.8857174515724182
ft_tkt_0009711,ft_sal_005174,ft_evt_0016,GENERAL,0.9361195153053811,0.8425017225224033,0.8937472468273959,0.8857174515724182
ft_tkt_0009712,ft_sal_005174,ft_evt_0016,GENERAL,0.9361195153053811,0.8425017225224033,0.8937472468273959,0.8857174515724182
ft_tkt_0009713,ft_sal_005174,ft_evt_0016,GENERAL,0.9361195153053811,0.8425017225224033,0.8937472468273959,0.8857174515724182
ft_tkt_0009714,ft_sal_005175,ft_evt_0016,VIP,0.937698148842865,0.775026101952681,0.8964607497173366,0.8560939431190491
ft_tkt_0009715,ft_sal_005175,ft_evt_0016,VIP,0.937698148842865,0.775026101952681,0.8964607497173366,0.8560939431190491
ft_tkt_0009716,ft_sal_005176,ft_evt_0016,CORTESÍA,0.3910763515334876,0.2823025816932684,0.3617737453779759,0.4449683725833893
ft_tkt_0009717,ft_sal_005176,ft_evt_0016,CORTESÍA,0.3910763515334876,0.2823025816932684,0.3617737453779759,0.4449683725833893
ft_tkt_0009718,ft_sal_005177,ft_evt_0016,CORTESÍA,0.3910763515334876,0.1910943850090767,0.2413109833259021,0.2257540374994278
ft_tkt_0009719,ft_sal_005177,ft_evt_0016,CORTESÍA,0.3910763515334876,0.1910943850090767,0.2413109833259021,0.2257540374994278
ft_tkt_0009720,ft_sal_005178,ft_evt_0016,CORTESÍA,0.3910763515334876,0.1664975618727478,0.2421241558231134,0.24731068313121796
ft_tkt_0009721,ft_sal_005178,ft_evt_0016,CORTESÍA,0.3910763515334876,0.1664975618727478,0.2421241558231134,0.24731068313121796
ft_tkt_0009722,ft_sal_005179,ft_evt_0016,CORTESÍA,0.3910763515334876,0.21783534221056058,0.2912094744254221,0.35373008251190186
ft_tkt_0009723,ft_sal_005179,ft_evt_0016,CORTESÍA,0.3910763515334876,0.21783534221056058,0.2912094744254221,0.35373008251190186
ft_tkt_0009724,ft_sal_005180,ft_evt_0016,GENERAL,0.9361195153053811,0.8520432311872571,0.9009047117526756,0.9002478122711182
ft_tkt_0009725,ft_sal_005180,ft_evt_0016,GENERAL,0.9361195153053811,0.8520432311872571,0.9009047117526756,0.9002478122711182
ft_tkt_0009726,ft_sal_005181,ft_evt_0016,GENERAL,0.9361195153053811,0.8117599546121617,0.8905203221027379,0.8700331449508667
ft_tkt_0009727,ft_sal_005182,ft_evt_0016,GENERAL,0.9361195153053811,0.9429595507554787,0.9289499585622918,0.903771162033081
ft_tkt_0009728,ft_sal_005183,ft_evt_0016,PREFERENCIAL,0.9331061337242351,0.6424306454291245,0.8360178526663193,0.8710721135139465
ft_tkt_0009729,ft_sal_005184,ft_evt_0016,CORTESÍA,0.3910763515334876,0.3865861098678193,0.3231897845709899,0.38858649134635925
ft_tkt_0009730,ft_sal_005185,ft_evt_0016,CORTESÍA,0.3910763515334876,0.13724716684618377,0.19902694197528414,0.228692889213562
ft_tkt_0009731,ft_sal_005186,ft_evt_0016,GENERAL,0.9361195153053811,0.8387250298116596,0.895720393641599,0.8728770017623901
ft_tkt_0009732,ft_sal_005186,ft_evt_0016,GENERAL,0.9361195153053811,0.8387250298116596,0.895720393641599,0.8728770017623901
ft_tkt_0009733,ft_sal_005187,ft_evt_0016,GENERAL,0.9361195153053811,0.9582628921196321,0.8830971480130496,0.8767306804656982
ft_tkt_0009734,ft_sal_005188,ft_evt_0016,CORTESÍA,0.3910763515334876,0.18037087783534425,0.2534371860957765,0.2817781865596771
ft_tkt_0009735,ft_sal_005189,ft_evt_0016,GENERAL,0.9361195153053811,0.8337133563226944,0.8911153426061448,0.9014697670936584
ft_tkt_0009736,ft_sal_005189,ft_evt_0016,GENERAL,0.9361195153053811,0.8337133563226944,0.8911153426061448,0.9014697670936584
ft_tkt_0009737,ft_sal_005190,ft_evt_0016,CORTESÍA,0.3910763515334876,0.20663061861102308,0.2608294462832438,0.3073228895664215
ft_tkt_0009738,ft_sal_005190,ft_evt_0016,CORTESÍA,0.3910763515334876,0.20663061861102308,0.2608294462832438,0.3073228895664215
ft_tkt_0009739,ft_sal_005190,ft_evt_0016,CORTESÍA,0.3910763515334876,0.20663061861102308,0.2608294462832438,0.3073228895664215
ft_tkt_0009740,ft_sal_005190,ft_evt_0016,CORTESÍA,0.3910763515334876,0.20663061861102308,0.2608294462832438,0.3073228895664215
ft_tkt_0009741,ft_sal_005191,ft_evt_0016,PREFERENCIAL,0.9331061337242351,0.8465133818026422,0.9185787890497632,0.913504958152771
ft_tkt_0009742,ft_sal_005191,ft_evt_0016,PREFERENCIAL,0.9331061337242351,0.8465133818026422,0.9185787890497632,0.913504958152771
ft_tkt_0009743,ft_sal_005191,ft_evt_0016,PREFERENCIAL,0.9331061337242351,0.8465133818026422,0.9185787890497632,0.913504958152771
ft_tkt_0009744,ft_sal_005191,ft_evt_0016,PREFERENCIAL,0.9331061337242351,0.8465133818026422,0.9185787890497632,0.913504958152771
ft_tkt_0009745,ft_sal_005192,ft_evt_0016,CORTESÍA,0.3910763515334876,0.20034973969330366,0.2957829410426322,0.3120575547218323
ft_tkt_0009746,ft_sal_005192,ft_evt_0016,CORTESÍA,0.3910763515334876,0.20034973969330366,0.2957829410426322,0.3120575547218323
ft_tkt_0009747,ft_sal_005192,ft_evt_0016,CORTESÍA,0.3910763515334876,0.20034973969330366,0.2957829410426322,0.3120575547218323
ft_tkt_0009748,ft_sal_005192,ft_evt_0016,CORTESÍA,0.3910763515334876,0.20034973969330366,0.2957829410426322,0.3120575547218323
ft_tkt_0009749,ft_sal_005192,ft_evt_0016,CORTESÍA,0.3910763515334876,0.20034973969330366,0.2957829410426322,0.3120575547218323
ft_tkt_0009750,ft_sal_005192,ft_evt_0016,CORTESÍA,0.3910763515334876,0.20034973969330366,0.2957829410426322,0.3120575547218323
ft_tkt_0009751,ft_sal_005193,ft_evt_0016,GENERAL,0.9361195153053811,0.7797889438952303,0.9155072703769839,0.9280300140380859
ft_tkt_0009752,ft_sal_005194,ft_evt_0016,PREFERENCIAL,0.9331061337242351,0.772722817637552,0.8903308763390417,0.8827932476997375
ft_tkt_0009753,ft_sal_005195,ft_evt_0016,CORTESÍA,0.3910763515334876,0.3065501692766146,0.293214832920323,0.32085323333740234
ft_tkt_0009754,ft_sal_005195,ft_evt_0016,CORTESÍA,0.3910763515334876,0.3065501692766146,0.293214832920323,0.32085323333740234
ft_tkt_0009755,ft_sal_005196,ft_evt_0016,CORTESÍA,0.3910763515334876,0.17660597454069962,0.22358186754342557,0.24610000848770142
ft_tkt_0009756,ft_sal_005197,ft_evt_0016,PREFERENCIAL,0.9331061337242351,0.6402241416538363,0.8924939756050643,0.8864517211914062
ft_tkt_0009757,ft_sal_005198,ft_evt_0016,CORTESÍA,0.3910763515334876,0.24631277338487922,0.24762106995883604,0.2524833679199219
ft_tkt_0009758,ft_sal_005198,ft_evt_0016,CORTESÍA,0.3910763515334876,0.24631277338487922,0.24762106995883604,0.2524833679199219
ft_tkt_0009759,ft_sal_005199,ft_evt_0048,GENERAL,0.9361195153053811,0.9450019669712546,0.952547040285617,0.9435140490531921
ft_tkt_0009760,ft_sal_005200,ft_evt_0048,GENERAL,0.9361195153053811,0.9179774899558493,0.9209321547240463,0.8830833435058594
ft_tkt_0009761,ft_sal_005200,ft_evt_0048,GENERAL,0.9361195153053811,0.9179774899558493,0.9209321547240463,0.8830833435058594
ft_tkt_0009762,ft_sal_005200,ft_evt_0048,GENERAL,0.9361195153053811,0.917977489955849,0.9209321547240463,0.8830833435058594
ft_tkt_0009763,ft_sal_005201,ft_evt_0048,GENERAL,0.9361195153053811,0.8969767774267158,0.9202200819836324,0.931465208530426
ft_tkt_0009764,ft_sal_005201,ft_evt_0048,GENERAL,0.9361195153053811,0.8969767774267158,0.9202200819836324,0.931465208530426
ft_tkt_0009765,ft_sal_005202,ft_evt_0048,VIP,0.937698148842865,0.9381080810851439,0.9263431029242937,0.955705463886261
ft_tkt_0009766,ft_sal_005202,ft_evt_0048,VIP,0.937698148842865,0.9381080810851439,0.9263431029242937,0.955705463886261
ft_tkt_0009767,ft_sal_005203,ft_evt_0048,GENERAL,0.9361195153053811,0.94101146821125,0.9141856732127925,0.9333906769752502
ft_tkt_0009768,ft_sal_005203,ft_evt_0048,GENERAL,0.9361195153053811,0.94101146821125,0.9141856732127925,0.9333906769752502
ft_tkt_0009769,ft_sal_005204,ft_evt_0048,GENERAL,0.9361195153053811,0.9401722537720659,0.9220901705438901,0.9353221654891968
ft_tkt_0009770,ft_sal_005204,ft_evt_0048,GENERAL,0.9361195153053811,0.9401722537720659,0.9220901705438901,0.9353221654891968
ft_tkt_0009771,ft_sal_005205,ft_evt_0048,GENERAL,0.9361195153053811,0.907705906158236,0.9282396137897877,0.9106266498565674
ft_tkt_0009772,ft_sal_005206,ft_evt_0048,GENERAL,0.9361195153053811,0.9415454496386894,0.9327055331345391,0.9394194483757019
ft_tkt_0009773,ft_sal_005206,ft_evt_0048,GENERAL,0.9361195153053811,0.9415454496386894,0.9327055331345391,0.9394194483757019
ft_tkt_0009774,ft_sal_005207,ft_evt_0048,GENERAL,0.9361195153053811,0.9410093331811008,0.9323269576354697,0.9293630123138428
ft_tkt_0009775,ft_sal_005207,ft_evt_0048,GENERAL,0.9361195153053811,0.9410093331811008,0.9323269576354697,0.9293630123138428
ft_tkt_0009776,ft_sal_005208,ft_evt_0048,GENERAL,0.9361195153053811,0.8228713686638016,0.8775660174093779,0.8606748580932617
ft_tkt_0009777,ft_sal_005209,ft_evt_0048,GENERAL,0.9361195153053811,0.9396990668343325,0.9203220219691643,0.9250405430793762
ft_tkt_0009778,ft_sal_005210,ft_evt_0048,CORTESÍA,0.3910763515334876,0.34147721497220973,0.392231804321031,0.34324103593826294
ft_tkt_0009779,ft_sal_005211,ft_evt_0048,PREFERENCIAL,0.9331061337242351,0.9643691601841567,0.9536137078707713,0.9564858675003052
ft_tkt_0009780,ft_sal_005212,ft_evt_0048,VIP,0.937698148842865,0.9135861666662639,0.9325716650392137,0.9484653472900391
ft_tkt_0009781,ft_sal_005213,ft_evt_0048,VIP,0.937698148842865,0.9524786172982845,0.9349821800313165,0.9522094130516052
ft_tkt_0009782,ft_sal_005213,ft_evt_0048,VIP,0.937698148842865,0.9524786172982845,0.9349821800313165,0.9522094130516052
ft_tkt_0009783,ft_sal_005214,ft_evt_0048,GENERAL,0.9361195153053811,0.9310218476604347,0.9335038664755845,0.9204280376434326
ft_tkt_0009784,ft_sal_005215,ft_evt_0048,GENERAL,0.9361195153053811,0.9324087310957202,0.9328380122950723,0.9367932677268982
ft_tkt_0009785,ft_sal_005216,ft_evt_0048,GENERAL,0.9361195153053811,0.9237403282299688,0.9241885374191706,0.944675624370575
ft_tkt_0009786,ft_sal_005217,ft_evt_0048,GENERAL,0.9361195153053811,0.9468323221179012,0.9554218425492461,0.9544939994812012
ft_tkt_0009787,ft_sal_005218,ft_evt_0048,VIP,0.937698148842865,0.935982348797606,0.9295419420042124,0.9464101791381836
ft_tkt_0009788,ft_sal_005218,ft_evt_0048,VIP,0.937698148842865,0.935982348797606,0.9295419420042124,0.9464101791381836
ft_tkt_0009789,ft_sal_005219,ft_evt_0048,CORTESÍA,0.3910763515334876,0.25497645486490617,0.31103492833393437,0.23548732697963715
ft_tkt_0009790,ft_sal_005219,ft_evt_0048,CORTESÍA,0.3910763515334876,0.25497645486490617,0.31103492833393437,0.23548732697963715
ft_tkt_0009791,ft_sal_005220,ft_evt_0048,CORTESÍA,0.3910763515334876,0.3794759408013665,0.4405733309923131,0.5285855531692505
ft_tkt_0009792,ft_sal_005220,ft_evt_0048,CORTESÍA,0.3910763515334876,0.3794759408013665,0.4405733309923131,0.5285855531692505
ft_tkt_0009793,ft_sal_005221,ft_evt_0048,PREFERENCIAL,0.9331061337242351,0.9581693598790828,0.9333369969466484,0.9423657059669495
ft_tkt_0009794,ft_sal_005221,ft_evt_0048,PREFERENCIAL,0.9331061337242351,0.9581693598790828,0.9333369969466484,0.9423657059669495
ft_tkt_0009795,ft_sal_005221,ft_evt_0048,PREFERENCIAL,0.9331061337242351,0.9581693598790828,0.9333369969466484,0.9423657059669495
ft_tkt_0009796,ft_sal_005222,ft_evt_0048,GENERAL,0.9361195153053811,0.9601516501594818,0.954421079152386,0.9407369494438171
ft_tkt_0009797,ft_sal_005223,ft_evt_0048,CORTESÍA,0.3910763515334876,0.3829885550341114,0.3928826926959548,0.3653583228588104
ft_tkt_0009798,ft_sal_005223,ft_evt_0048,CORTESÍA,0.3910763515334876,0.3829885550341114,0.3928826926959548,0.3653583228588104
ft_tkt_0009799,ft_sal_005224,ft_evt_0048,GENERAL,0.9361195153053811,0.9411443171775834,0.9323456859048137,0.9299501776695251
ft_tkt_0009800,ft_sal_005224,ft_evt_0048,GENERAL,0.9361195153053811,0.9411443171775834,0.9323456859048137,0.9299501776695251
ft_tkt_0009801,ft_sal_005225,ft_evt_0048,GENERAL,0.9361195153053811,0.8952480858471281,0.9239637716765025,0.929439902305603
ft_tkt_0009802,ft_sal_005226,ft_evt_0048,CORTESÍA,0.3910763515334876,0.3799960410937447,0.3910993330443828,0.3742911219596863
ft_tkt_0009803,ft_sal_005226,ft_evt_0048,CORTESÍA,0.3910763515334876,0.3799960410937447,0.3910993330443828,0.3742911219596863
ft_tkt_0009804,ft_sal_005226,ft_evt_0048,CORTESÍA,0.3910763515334876,0.3799960410937447,0.3910993330443828,0.3742911219596863
ft_tkt_0009805,ft_sal_005227,ft_evt_0048,PREFERENCIAL,0.9331061337242351,0.9463386398294678,0.9215359868952222,0.9122017025947571
ft_tkt_0009806,ft_sal_005227,ft_evt_0048,PREFERENCIAL,0.9331061337242351,0.9463386398294678,0.9215359868952222,0.9122017025947571
ft_tkt_0009807,ft_sal_005228,ft_evt_0048,GENERAL,0.9361195153053811,0.9323966881565414,0.9328566093174365,0.9381250143051147
ft_tkt_0009808,ft_sal_005229,ft_evt_0048,GENERAL,0.9361195153053811,0.9420520710209774,0.932724164194546,0.9382911324501038
ft_tkt_0009809,ft_sal_005229,ft_evt_0048,GENERAL,0.9361195153053811,0.9420520710209774,0.932724164194546,0.9382911324501038
ft_tkt_0009810,ft_sal_005230,ft_evt_0048,GENERAL,0.9361195153053811,0.9605789582443941,0.9433639615742111,0.9576951861381531
ft_tkt_0009811,ft_sal_005230,ft_evt_0048,GENERAL,0.9361195153053811,0.9605789582443941,0.9433639615742111,0.9576951861381531
ft_tkt_0009812,ft_sal_005231,ft_evt_0048,CORTESÍA,0.3910763515334876,0.3829885550341114,0.3928826926959548,0.3653583228588104
ft_tkt_0009813,ft_sal_005231,ft_evt_0048,CORTESÍA,0.3910763515334876,0.3829885550341114,0.3928826926959548,0.3653583228588104
ft_tkt_0009814,ft_sal_005232,ft_evt_0048,GENERAL,0.9361195153053811,0.9308702095347409,0.9330336503089909,0.9220646619796753
ft_tkt_0009815,ft_sal_005233,ft_evt_0048,PREFERENCIAL,0.9331061337242351,0.9255327246178242,0.9184677515984562,0.9366386532783508
ft_tkt_0009816,ft_sal_005233,ft_evt_0048,PREFERENCIAL,0.9331061337242351,0.9255327246178242,0.9184677515984562,0.9366386532783508
ft_tkt_0009817,ft_sal_005233,ft_evt_0048,PREFERENCIAL,0.9331061337242351,0.9255327246178242,0.9184677515984562,0.9366386532783508
ft_tkt_0009818,ft_sal_005234,ft_evt_0048,CORTESÍA,0.3910763515334876,0.17049069008182827,0.30888819637612114,0.1996660977602005
ft_tkt_0009819,ft_sal_005235,ft_evt_0048,CORTESÍA,0.3910763515334876,0.3262582374015793,0.37503581779158246,0.33639076352119446
ft_tkt_0009820,ft_sal_005236,ft_evt_0048,PREFERENCIAL,0.9331061337242351,0.9313957004528864,0.926840641003632,0.9443584084510803
ft_tkt_0009821,ft_sal_005236,ft_evt_0048,PREFERENCIAL,0.9331061337242351,0.9313957004528864,0.926840641003632,0.9443584084510803
ft_tkt_0009822,ft_sal_005237,ft_evt_0048,VIP,0.937698148842865,0.9412079043771638,0.955076971892183,0.9588411450386047
ft_tkt_0009823,ft_sal_005238,ft_evt_0048,CORTESÍA,0.3910763515334876,0.1769551142022648,0.31354588152336627,0.2589614987373352
ft_tkt_0009824,ft_sal_005239,ft_evt_0048,PREFERENCIAL,0.9331061337242351,0.9645866057486551,0.9458824676122132,0.9482557773590088
ft_tkt_0009825,ft_sal_005240,ft_evt_0048,VIP,0.937698148842865,0.9028760800001123,0.8991644793763338,0.9096133708953857
ft_tkt_0009826,ft_sal_005241,ft_evt_0048,PREFERENCIAL,0.9331061337242351,0.9107051276003625,0.9188638044497779,0.939002513885498
ft_tkt_0009827,ft_sal_005241,ft_evt_0048,PREFERENCIAL,0.9331061337242351,0.9107051276003625,0.9188638044497779,0.939002513885498
ft_tkt_0009828,ft_sal_005242,ft_evt_0048,VIP,0.937698148842865,0.966465974384413,0.9358125894452144,0.9520763754844666
ft_tkt_0009829,ft_sal_005242,ft_evt_0048,VIP,0.937698148842865,0.966465974384413,0.9358125894452144,0.9520763754844666
ft_tkt_0009830,ft_sal_005243,ft_evt_0048,CORTESÍA,0.3910763515334876,0.27639283128782166,0.33280980439015045,0.2699808180332184
ft_tkt_0009831,ft_sal_005243,ft_evt_0048,CORTESÍA,0.3910763515334876,0.27639283128782166,0.33280980439015045,0.2699808180332184
ft_tkt_0009832,ft_sal_005244,ft_evt_0048,GENERAL,0.9361195153053811,0.9042249458514544,0.8965446768231836,0.9220637679100037
ft_tkt_0009833,ft_sal_005244,ft_evt_0048,GENERAL,0.9361195153053811,0.9042249458514544,0.8965446768231836,0.9220637679100037
ft_tkt_0009834,ft_sal_005245,ft_evt_0048,GENERAL,0.9361195153053811,0.9395770248118235,0.9316000459704525,0.9253678917884827
ft_tkt_0009835,ft_sal_005245,ft_evt_0048,GENERAL,0.9361195153053811,0.9395770248118235,0.9316000459704525,0.9253678917884827
ft_tkt_0009836,ft_sal_005245,ft_evt_0048,GENERAL,0.9361195153053811,0.9395770248118235,0.9316000459704525,0.9253678917884827
ft_tkt_0009837,ft_sal_005246,ft_evt_0048,GENERAL,0.9361195153053811,0.9188739016048346,0.9298157026289492,0.9246786832809448
ft_tkt_0009838,ft_sal_005247,ft_evt_0048,GENERAL,0.9361195153053811,0.9407956970587884,0.9323269576354697,0.9293478727340698
ft_tkt_0009839,ft_sal_005247,ft_evt_0048,GENERAL,0.9361195153053811,0.9407956970587884,0.9323269576354697,0.9293478727340698
ft_tkt_0009840,ft_sal_005248,ft_evt_0048,PREFERENCIAL,0.9331061337242351,0.9419310163749751,0.9324875160172554,0.9535946249961853
ft_tkt_0009841,ft_sal_005248,ft_evt_0048,PREFERENCIAL,0.9331061337242351,0.9419310163749751,0.9324875160172554,0.9535946249961853
ft_tkt_0009842,ft_sal_005248,ft_evt_0048,PREFERENCIAL,0.9331061337242351,0.9419310163749751,0.9324875160172554,0.9535946249961853
ft_tkt_0009843,ft_sal_005249,ft_evt_0048,GENERAL,0.9361195153053811,0.8884137050409261,0.9066968476477472,0.8872185349464417
ft_tkt_0009844,ft_sal_005249,ft_evt_0048,GENERAL,0.9361195153053811,0.8884137050409261,0.9066968476477472,0.8872185349464417
ft_tkt_0009845,ft_sal_005249,ft_evt_0048,GENERAL,0.9361195153053811,0.8884137050409261,0.9066968476477472,0.8872185349464417
ft_tkt_0009846,ft_sal_005249,ft_evt_0048,GENERAL,0.9361195153053811,0.8884137050409261,0.9066968476477472,0.8872185349464417
ft_tkt_0009847,ft_sal_005250,ft_evt_0048,GENERAL,0.9361195153053811,0.9160823857903283,0.9163362023041838,0.8812472224235535
ft_tkt_0009848,ft_sal_005250,ft_evt_0048,GENERAL,0.9361195153053811,0.9160823857903283,0.9163362023041838,0.8812472224235535
ft_tkt_0009849,ft_sal_005250,ft_evt_0048,GENERAL,0.9361195153053811,0.9160823857903283,0.9163362023041838,0.8812472224235535
ft_tkt_0009850,ft_sal_005251,ft_evt_0048,CORTESÍA,0.3910763515334876,0.3789122643596256,0.39015156252665345,0.3532005846500397
ft_tkt_0009851,ft_sal_005251,ft_evt_0048,CORTESÍA,0.3910763515334876,0.3789122643596256,0.39015156252665345,0.3532005846500397
ft_tkt_0009852,ft_sal_005251,ft_evt_0048,CORTESÍA,0.3910763515334876,0.3789122643596256,0.39015156252665345,0.3532005846500397
ft_tkt_0009853,ft_sal_005252,ft_evt_0048,GENERAL,0.9361195153053811,0.9185883357605402,0.9183910856097937,0.9204453825950623
ft_tkt_0009854,ft_sal_005252,ft_evt_0048,GENERAL,0.9361195153053811,0.9185883357605402,0.9183910856097937,0.9204453825950623
ft_tkt_0009855,ft_sal_005253,ft_evt_0048,GENERAL,0.9361195153053811,0.9518578676598249,0.9337306140162911,0.9388693571090698
ft_tkt_0009856,ft_sal_005254,ft_evt_0048,PREFERENCIAL,0.9331061337242351,0.9495661367304015,0.9267707995735677,0.9547970294952393
ft_tkt_0009857,ft_sal_005255,ft_evt_0048,PREFERENCIAL,0.9331061337242351,0.9544463764434777,0.9535329795189877,0.9636549949645996
ft_tkt_0009858,ft_sal_005255,ft_evt_0048,PREFERENCIAL,0.9331061337242351,0.9544463764434777,0.9535329795189877,0.9636549949645996
ft_tkt_0009859,ft_sal_005256,ft_evt_0048,GENERAL,0.9361195153053811,0.9376862213487102,0.9326561158254842,0.9237785935401917
ft_tkt_0009860,ft_sal_005256,ft_evt_0048,GENERAL,0.9361195153053811,0.9376862213487102,0.9326561158254842,0.9237785935401917
ft_tkt_0009861,ft_sal_005256,ft_evt_0048,GENERAL,0.9361195153053811,0.9376862213487102,0.9326561158254842,0.9237785935401917
ft_tkt_0009862,ft_sal_005257,ft_evt_0048,VIP,0.937698148842865,0.9355172034831651,0.9244671904709651,0.934590220451355
ft_tkt_0009863,ft_sal_005257,ft_evt_0048,VIP,0.937698148842865,0.9355172034831651,0.9244671904709651,0.934590220451355
ft_tkt_0009864,ft_sal_005258,ft_evt_0048,CORTESÍA,0.3910763515334876,0.4549016579669612,0.39198485032330643,0.3740791380405426
ft_tkt_0009865,ft_sal_005258,ft_evt_0048,CORTESÍA,0.3910763515334876,0.4549016579669612,0.39198485032330643,0.3740791380405426
ft_tkt_0009866,ft_sal_005258,ft_evt_0048,CORTESÍA,0.3910763515334876,0.4549016579669612,0.39198485032330643,0.3740791380405426
ft_tkt_0009867,ft_sal_005258,ft_evt_0048,CORTESÍA,0.3910763515334876,0.4549016579669612,0.39198485032330643,0.3740791380405426
ft_tkt_0009868,ft_sal_005258,ft_evt_0048,CORTESÍA,0.3910763515334876,0.4549016579669612,0.39198485032330643,0.3740791380405426
ft_tkt_0009869,ft_sal_005258,ft_evt_0048,CORTESÍA,0.3910763515334876,0.4549016579669612,0.39198485032330643,0.3740791380405426
ft_tkt_0009870,ft_sal_005259,ft_evt_0048,GENERAL,0.9361195153053811,0.9024734294475144,0.9284777647782494,0.9556823372840881
ft_tkt_0009871,ft_sal_005260,ft_evt_0048,PREFERENCIAL,0.9331061337242351,0.8992411398723182,0.9216558263886823,0.9326254725456238
ft_tkt_0009872,ft_sal_005260,ft_evt_0048,PREFERENCIAL,0.9331061337242351,0.8992411398723182,0.9216558263886823,0.9326254725456238
ft_tkt_0009873,ft_sal_005260,ft_evt_0048,PREFERENCIAL,0.9331061337242351,0.8992411398723182,0.9216558263886823,0.9326254725456238
ft_tkt_0009874,ft_sal_005260,ft_evt_0048,PREFERENCIAL,0.9331061337242351,0.8992411398723182,0.9216558263886823,0.9326254725456238
ft_tkt_0009875,ft_sal_005261,ft_evt_0048,GENERAL,0.9361195153053811,0.9363078824952118,0.916444134605395,0.9115471243858337
ft_tkt_0009876,ft_sal_005261,ft_evt_0048,GENERAL,0.9361195153053811,0.9363078824952118,0.916444134605395,0.9115471243858337
ft_tkt_0009877,ft_sal_005261,ft_evt_0048,GENERAL,0.9361195153053811,0.9363078824952118,0.916444134605395,0.9115471243858337
ft_tkt_0009878,ft_sal_005261,ft_evt_0048,GENERAL,0.9361195153053811,0.9363078824952118,0.916444134605395,0.9115471243858337
ft_tkt_0009879,ft_sal_005262,ft_evt_0048,CORTESÍA,0.3910763515334876,0.3410861074355676,0.32489619401682535,0.2672695815563202
ft_tkt_0009880,ft_sal_005263,ft_evt_0048,GENERAL,0.9361195153053811,0.9408414904012252,0.9276024721856067,0.9493048191070557
ft_tkt_0009881,ft_sal_005264,ft_evt_0048,CORTESÍA,0.3910763515334876,0.3836809273980791,0.39383281325497554,0.37761110067367554
ft_tkt_0009882,ft_sal_005264,ft_evt_0048,CORTESÍA,0.3910763515334876,0.3836809273980791,0.39383281325497554,0.37761110067367554
ft_tkt_0009883,ft_sal_005265,ft_evt_0048,CORTESÍA,0.3910763515334876,0.3108934555223011,0.3669664172840149,0.3486984968185425
ft_tkt_0009884,ft_sal_005265,ft_evt_0048,CORTESÍA,0.3910763515334876,0.3108934555223011,0.3669664172840149,0.3486984968185425
ft_tkt_0009885,ft_sal_005266,ft_evt_0048,PREFERENCIAL,0.9331061337242351,0.9412449419534776,0.9328105867011423,0.9493145942687988
ft_tkt_0009886,ft_sal_005266,ft_evt_0048,PREFERENCIAL,0.9331061337242351,0.9412449419534776,0.9328105867011423,0.9493145942687988
ft_tkt_0009887,ft_sal_005266,ft_evt_0048,PREFERENCIAL,0.9331061337242351,0.9412449419534776,0.9328105867011423,0.9493145942687988
ft_tkt_0009888,ft_sal_005267,ft_evt_0048,GENERAL,0.9361195153053811,0.940981867827354,0.9323269576354697,0.9299501776695251
ft_tkt_0009889,ft_sal_005267,ft_evt_0048,GENERAL,0.9361195153053811,0.940981867827354,0.9323269576354697,0.9299501776695251
ft_tkt_0009890,ft_sal_005268,ft_evt_0048,GENERAL,0.9361195153053811,0.9418899275879075,0.9323819939320664,0.9394194483757019
ft_tkt_0009891,ft_sal_005268,ft_evt_0048,GENERAL,0.9361195153053811,0.9418899275879075,0.9323819939320664,0.9394194483757019
ft_tkt_0009892,ft_sal_005269,ft_evt_0048,GENERAL,0.9361195153053811,0.9013364573786428,0.9194710626159474,0.9131377935409546
ft_tkt_0009893,ft_sal_005269,ft_evt_0048,GENERAL,0.9361195153053811,0.9013364573786428,0.9194710626159474,0.9131377935409546
ft_tkt_0009894,ft_sal_005269,ft_evt_0048,GENERAL,0.9361195153053811,0.9013364573786428,0.9194710626159474,0.9131377935409546
ft_tkt_0009895,ft_sal_005269,ft_evt_0048,GENERAL,0.9361195153053811,0.9013364573786428,0.9194710626159474,0.9131377935409546
ft_tkt_0009896,ft_sal_005270,ft_evt_0048,GENERAL,0.9361195153053811,0.9319710048434137,0.9328566093174365,0.936195969581604
ft_tkt_0009897,ft_sal_005271,ft_evt_0048,CORTESÍA,0.3910763515334876,0.4260816411333944,0.3955835035757533,0.35425516963005066
ft_tkt_0009898,ft_sal_005272,ft_evt_0048,CORTESÍA,0.3910763515334876,0.34288997547587446,0.3931813702116022,0.3640716075897217
ft_tkt_0009899,ft_sal_005273,ft_evt_0048,PREFERENCIAL,0.9331061337242351,0.9349963821454951,0.9332070895663704,0.936156690120697
ft_tkt_0009900,ft_sal_005274,ft_evt_0048,GENERAL,0.9361195153053811,0.9139336393345701,0.9241822286366147,0.9347017407417297
ft_tkt_0009901,ft_sal_005275,ft_evt_0048,GENERAL,0.9361195153053811,0.9567857026304759,0.923670886256001,0.9294185042381287
ft_tkt_0009902,ft_sal_005275,ft_evt_0048,GENERAL,0.9361195153053811,0.9567857026304759,0.923670886256001,0.9294185042381287
ft_tkt_0009903,ft_sal_005275,ft_evt_0048,GENERAL,0.9361195153053811,0.9567857026304759,0.923670886256001,0.9294185042381287
ft_tkt_0009904,ft_sal_005276,ft_evt_0048,VIP,0.937698148842865,0.9224791314947723,0.9269741390285091,0.943799614906311
ft_tkt_0009905,ft_sal_005276,ft_evt_0048,VIP,0.937698148842865,0.9224791314947723,0.9269741390285091,0.943799614906311
ft_tkt_0009906,ft_sal_005276,ft_evt_0048,VIP,0.937698148842865,0.9224791314947723,0.9269741390285091,0.943799614906311
ft_tkt_0009907,ft_sal_005276,ft_evt_0048,VIP,0.937698148842865,0.9224791314947723,0.9269741390285091,0.943799614906311
ft_tkt_0009908,ft_sal_005276,ft_evt_0048,VIP,0.937698148842865,0.9224791314947723,0.9269741390285091,0.943799614906311
ft_tkt_0009909,ft_sal_005276,ft_evt_0048,VIP,0.937698148842865,0.9224791314947723,0.9269741390285091,0.943799614906311
ft_tkt_0009910,ft_sal_005277,ft_evt_0048,GENERAL,0.9361195153053811,0.9218260079499784,0.9261043743557004,0.9632241129875183
ft_tkt_0009911,ft_sal_005278,ft_evt_0048,GENERAL,0.9361195153053811,0.9127775762818416,0.927708832477321,0.9624990224838257
ft_tkt_0009912,ft_sal_005279,ft_evt_0048,CORTESÍA,0.3910763515334876,0.40312870275256135,0.36024778058185164,0.36124104261398315
ft_tkt_0009913,ft_sal_005279,ft_evt_0048,CORTESÍA,0.3910763515334876,0.40312870275256135,0.36024778058185164,0.36124104261398315
ft_tkt_0009914,ft_sal_005280,ft_evt_0048,VIP,0.937698148842865,0.9457322580874794,0.9346339436386514,0.9384428262710571
ft_tkt_0009915,ft_sal_005281,ft_evt_0048,CORTESÍA,0.3910763515334876,0.35010246301656656,0.3385192638121631,0.3893011510372162
ft_tkt_0009916,ft_sal_005282,ft_evt_0048,CORTESÍA,0.3910763515334876,0.34194782480622676,0.392231804321031,0.35200971364974976
ft_tkt_0009917,ft_sal_005283,ft_evt_0048,CORTESÍA,0.3910763515334876,0.3427014462209291,0.3931813702116022,0.3640716075897217
ft_tkt_0009918,ft_sal_005284,ft_evt_0048,GENERAL,0.9361195153053811,0.9099857869843235,0.9111483142461893,0.9081477522850037
ft_tkt_0009919,ft_sal_005284,ft_evt_0048,GENERAL,0.9361195153053811,0.9099857869843235,0.9111483142461893,0.9081477522850037
ft_tkt_0009920,ft_sal_005284,ft_evt_0048,GENERAL,0.9361195153053811,0.9099857869843235,0.9111483142461893,0.9081477522850037
ft_tkt_0009921,ft_sal_005284,ft_evt_0048,GENERAL,0.9361195153053811,0.9099857869843235,0.9111483142461893,0.9081477522850037
ft_tkt_0009922,ft_sal_005284,ft_evt_0048,GENERAL,0.9361195153053811,0.9099857869843235,0.9111483142461893,0.9081477522850037
ft_tkt_0009923,ft_sal_005284,ft_evt_0048,GENERAL,0.9361195153053811,0.9099857869843235,0.9111483142461893,0.9081477522850037
ft_tkt_0009924,ft_sal_005285,ft_evt_0048,CORTESÍA,0.3910763515334876,0.3839778028560188,0.39672101369284135,0.3832051157951355
ft_tkt_0009925,ft_sal_005285,ft_evt_0048,CORTESÍA,0.3910763515334876,0.3839778028560188,0.39672101369284135,0.3832051157951355
ft_tkt_0009926,ft_sal_005286,ft_evt_0048,CORTESÍA,0.3910763515334876,0.3074048144664351,0.3454644995672513,0.3326372504234314
ft_tkt_0009927,ft_sal_005286,ft_evt_0048,CORTESÍA,0.3910763515334876,0.3074048144664351,0.3454644995672513,0.3326372504234314
ft_tkt_0009928,ft_sal_005287,ft_evt_0048,GENERAL,0.9361195153053811,0.8756415655307402,0.9289984965099333,0.9444704651832581
ft_tkt_0009929,ft_sal_005288,ft_evt_0048,GENERAL,0.9361195153053811,0.9447400532600918,0.9168853006742018,0.9321514368057251
ft_tkt_0009930,ft_sal_005288,ft_evt_0048,GENERAL,0.9361195153053811,0.9447400532600918,0.9168853006742018,0.9321514368057251
ft_tkt_0009931,ft_sal_005289,ft_evt_0048,GENERAL,0.9361195153053811,0.910865401013484,0.9191405505249978,0.9335985779762268
ft_tkt_0009932,ft_sal_005289,ft_evt_0048,GENERAL,0.9361195153053811,0.910865401013484,0.9191405505249978,0.9335985779762268
ft_tkt_0009933,ft_sal_005289,ft_evt_0048,GENERAL,0.9361195153053811,0.910865401013484,0.9191405505249978,0.9335985779762268
ft_tkt_0009934,ft_sal_005290,ft_evt_0048,CORTESÍA,0.3910763515334876,0.28288425305595266,0.34769287700135765,0.3409925103187561
ft_tkt_0009935,ft_sal_005290,ft_evt_0048,CORTESÍA,0.3910763515334876,0.28288425305595266,0.34769287700135765,0.3409925103187561
ft_tkt_0009936,ft_sal_005290,ft_evt_0048,CORTESÍA,0.3910763515334876,0.28288425305595266,0.34769287700135765,0.3409925103187561
ft_tkt_0009937,ft_sal_005291,ft_evt_0048,GENERAL,0.9361195153053811,0.9154043608732854,0.923847043556701,0.9345188736915588
ft_tkt_0009938,ft_sal_005292,ft_evt_0048,PREFERENCIAL,0.9331061337242351,0.9349085115687955,0.9323022816055015,0.9500526785850525
ft_tkt_0009939,ft_sal_005292,ft_evt_0048,PREFERENCIAL,0.9331061337242351,0.9349085115687955,0.9323022816055015,0.9500526785850525
ft_tkt_0009940,ft_sal_005292,ft_evt_0048,PREFERENCIAL,0.9331061337242351,0.9349085115687955,0.9323022816055015,0.9500526785850525
ft_tkt_0009941,ft_sal_005292,ft_evt_0048,PREFERENCIAL,0.9331061337242351,0.9349085115687955,0.9323022816055015,0.9500526785850525
ft_tkt_0009942,ft_sal_005292,ft_evt_0048,PREFERENCIAL,0.9331061337242351,0.9349085115687955,0.9323022816055015,0.9500526785850525
ft_tkt_0009943,ft_sal_005292,ft_evt_0048,PREFERENCIAL,0.9331061337242351,0.9349085115687955,0.9323022816055015,0.9500526785850525
ft_tkt_0009944,ft_sal_005293,ft_evt_0048,GENERAL,0.9361195153053811,0.9195039050540027,0.9220322387468245,0.9036835432052612
ft_tkt_0009945,ft_sal_005293,ft_evt_0048,GENERAL,0.9361195153053811,0.9195039050540027,0.9220322387468245,0.9036835432052612
ft_tkt_0009946,ft_sal_005294,ft_evt_0048,VIP,0.937698148842865,0.926716570704458,0.9243717174280912,0.9302706718444824
ft_tkt_0009947,ft_sal_005295,ft_evt_0048,CORTESÍA,0.3910763515334876,0.27087515360150805,0.31454556813593915,0.23051173985004425
ft_tkt_0009948,ft_sal_005295,ft_evt_0048,CORTESÍA,0.3910763515334876,0.27087515360150805,0.31454556813593915,0.23051173985004425
ft_tkt_0009949,ft_sal_005296,ft_evt_0048,CORTESÍA,0.3910763515334876,0.32144604201511606,0.3369761055822205,0.30927443504333496
ft_tkt_0009950,ft_sal_005296,ft_evt_0048,CORTESÍA,0.3910763515334876,0.32144604201511606,0.3369761055822205,0.30927443504333496
ft_tkt_0009951,ft_sal_005297,ft_evt_0048,CORTESÍA,0.3910763515334876,0.38009462493250445,0.3910993330443828,0.3742911219596863
ft_tkt_0009952,ft_sal_005297,ft_evt_0048,CORTESÍA,0.3910763515334876,0.38009462493250445,0.3910993330443828,0.3742911219596863
ft_tkt_0009953,ft_sal_005297,ft_evt_0048,CORTESÍA,0.3910763515334876,0.38009462493250445,0.3910993330443828,0.3742911219596863
ft_tkt_0009954,ft_sal_005298,ft_evt_0048,CORTESÍA,0.3910763515334876,0.16103520086336806,0.2550588005182697,0.24307815730571747
ft_tkt_0009955,ft_sal_005299,ft_evt_0048,PREFERENCIAL,0.9331061337242351,0.9271237238692662,0.9235916752598498,0.9316191077232361
ft_tkt_0009956,ft_sal_005299,ft_evt_0048,PREFERENCIAL,0.9331061337242351,0.9271237238692662,0.9235916752598498,0.9316191077232361
ft_tkt_0009957,ft_sal_005300,ft_evt_0048,PREFERENCIAL,0.9331061337242351,0.9536236339745916,0.9340585715335139,0.9383305907249451
ft_tkt_0009958,ft_sal_005301,ft_evt_0048,GENERAL,0.9361195153053811,0.931530652005691,0.9331838905510825,0.9219332337379456
ft_tkt_0009959,ft_sal_005302,ft_evt_0048,CORTESÍA,0.3910763515334876,0.34820409825532106,0.44062159832579834,0.5314704179763794
ft_tkt_0009960,ft_sal_005302,ft_evt_0048,CORTESÍA,0.3910763515334876,0.34820409825532106,0.44062159832579834,0.5314704179763794
ft_tkt_0009961,ft_sal_005303,ft_evt_0048,CORTESÍA,0.3910763515334876,0.20897836377943246,0.2888052818008989,0.20508532226085663
ft_tkt_0009962,ft_sal_005304,ft_evt_0048,GENERAL,0.9361195153053811,0.8563020460020614,0.9249401458629375,0.9482244849205017
ft_tkt_0009963,ft_sal_005305,ft_evt_0048,CORTESÍA,0.3910763515334876,0.3346263472532247,0.3583635884727864,0.29178252816200256
ft_tkt_0009964,ft_sal_005305,ft_evt_0048,CORTESÍA,0.3910763515334876,0.3346263472532247,0.3583635884727864,0.29178252816200256
ft_tkt_0009965,ft_sal_005306,ft_evt_0048,CORTESÍA,0.3910763515334876,0.2121735324650507,0.3350176274250701,0.2854653298854828
ft_tkt_0009966,ft_sal_005307,ft_evt_0048,PREFERENCIAL,0.9331061337242351,0.9072130530611865,0.9254020309450841,0.9286929965019226
ft_tkt_0009967,ft_sal_005307,ft_evt_0048,PREFERENCIAL,0.9331061337242351,0.9072130530611865,0.9254020309450841,0.9286929965019226
ft_tkt_0009968,ft_sal_005308,ft_evt_0048,PREFERENCIAL,0.9331061337242351,0.8767591027110443,0.8846986297843258,0.8865247964859009
ft_tkt_0009969,ft_sal_005309,ft_evt_0062,CORTESÍA,0.3910763515334876,0.29805535035846276,0.40963182711094853,0.4391266405582428
ft_tkt_0009970,ft_sal_005310,ft_evt_0062,CORTESÍA,0.3910763515334876,0.3364286763195854,0.411943320654223,0.46275225281715393
ft_tkt_0009971,ft_sal_005310,ft_evt_0062,CORTESÍA,0.3910763515334876,0.3364286763195854,0.411943320654223,0.46275225281715393
ft_tkt_0009972,ft_sal_005311,ft_evt_0062,CORTESÍA,0.3910763515334876,0.24130786921860986,0.27134158903618283,0.39147913455963135
ft_tkt_0009973,ft_sal_005312,ft_evt_0062,CORTESÍA,0.3910763515334876,0.23613907132941991,0.36339128953082794,0.3698243200778961
ft_tkt_0009974,ft_sal_005313,ft_evt_0062,CORTESÍA,0.3910763515334876,0.41966372426243903,0.4153483477704544,0.4521654546260834
ft_tkt_0009975,ft_sal_005313,ft_evt_0062,CORTESÍA,0.3910763515334876,0.41966372426243903,0.4153483477704544,0.4521654546260834
ft_tkt_0009976,ft_sal_005314,ft_evt_0062,CORTESÍA,0.3910763515334876,0.1930221934183429,0.26653732605051345,0.3160149157047272
ft_tkt_0009977,ft_sal_005315,ft_evt_0062,CORTESÍA,0.3910763515334876,0.1682595759043246,0.30082048181728177,0.23074086010456085
ft_tkt_0009978,ft_sal_005316,ft_evt_0062,CORTESÍA,0.3910763515334876,0.2112574647791939,0.29873910852427854,0.374471515417099
ft_tkt_0009979,ft_sal_005317,ft_evt_0062,CORTESÍA,0.3910763515334876,0.297355491936432,0.40866928811735204,0.426244854927063
ft_tkt_0009980,ft_sal_005318,ft_evt_0062,CORTESÍA,0.3910763515334876,0.2987561545544025,0.4153177477271415,0.4449803829193115
ft_tkt_0009981,ft_sal_005319,ft_evt_0062,CORTESÍA,0.3910763515334876,0.2406073508998181,0.3411333453197179,0.35157445073127747
ft_tkt_0009982,ft_sal_005319,ft_evt_0062,CORTESÍA,0.3910763515334876,0.2406073508998181,0.3411333453197179,0.35157445073127747
ft_tkt_0009983,ft_sal_005319,ft_evt_0062,CORTESÍA,0.3910763515334876,0.2406073508998181,0.3411333453197179,0.35157445073127747
ft_tkt_0009984,ft_sal_005319,ft_evt_0062,CORTESÍA,0.3910763515334876,0.2406073508998181,0.3411333453197179,0.35157445073127747
ft_tkt_0009985,ft_sal_005320,ft_evt_0062,CORTESÍA,0.3910763515334876,0.3765053085493314,0.4120662161468942,0.4158467948436737
ft_tkt_0009986,ft_sal_005321,ft_evt_0062,CORTESÍA,0.3910763515334876,0.29849324202101457,0.4153177477271415,0.4449803829193115
ft_tkt_0009987,ft_sal_005322,ft_evt_0062,CORTESÍA,0.3910763515334876,0.33596178432535295,0.41097913125651186,0.44973310828208923
ft_tkt_0009988,ft_sal_005322,ft_evt_0062,CORTESÍA,0.3910763515334876,0.33596178432535295,0.41097913125651186,0.44973310828208923
ft_tkt_0009989,ft_sal_005323,ft_evt_0062,CORTESÍA,0.3910763515334876,0.3333242610382893,0.40916898927513196,0.4592360556125641
ft_tkt_0009990,ft_sal_005323,ft_evt_0062,CORTESÍA,0.3910763515334876,0.3333242610382893,0.40916898927513196,0.4592360556125641
ft_tkt_0009991,ft_sal_005323,ft_evt_0062,CORTESÍA,0.3910763515334876,0.3333242610382893,0.40916898927513196,0.4592360556125641
ft_tkt_0009992,ft_sal_005324,ft_evt_0062,CORTESÍA,0.3910763515334876,0.2685328351918029,0.3630949216095957,0.3743155896663666
ft_tkt_0009993,ft_sal_005324,ft_evt_0062,CORTESÍA,0.3910763515334876,0.2685328351918029,0.3630949216095957,0.3743155896663666
ft_tkt_0009994,ft_sal_005325,ft_evt_0062,CORTESÍA,0.3910763515334876,0.30034830723486877,0.3436218603209816,0.45098480582237244
ft_tkt_0009995,ft_sal_005326,ft_evt_0062,CORTESÍA,0.3910763515334876,0.27726179528228645,0.3482954675793739,0.37238070368766785
ft_tkt_0009996,ft_sal_005326,ft_evt_0062,CORTESÍA,0.3910763515334876,0.27726179528228645,0.3482954675793739,0.37238070368766785
ft_tkt_0009997,ft_sal_005327,ft_evt_0062,CORTESÍA,0.3910763515334876,0.2694378616101816,0.36401619732732027,0.38668572902679443
ft_tkt_0009998,ft_sal_005327,ft_evt_0062,CORTESÍA,0.3910763515334876,0.2694378616101816,0.36401619732732027,0.38668572902679443
ft_tkt_0009999,ft_sal_005328,ft_evt_0062,CORTESÍA,0.3910763515334876,0.3364286763195854,0.411943320654223,0.46275225281715393
ft_tkt_0010000,ft_sal_005328,ft_evt_0062,CORTESÍA,0.3910763515334876,0.3364286763195854,0.411943320654223,0.46275225281715393
ft_tkt_0010001,ft_sal_005329,ft_evt_0062,CORTESÍA,0.3910763515334876,0.2972680770935999,0.40866928811735204,0.426244854927063
ft_tkt_0010002,ft_sal_005330,ft_evt_0062,CORTESÍA,0.3910763515334876,0.33605513734227144,0.41097913125651186,0.44973310828208923
ft_tkt_0010003,ft_sal_005330,ft_evt_0062,CORTESÍA,0.3910763515334876,0.33605513734227144,0.41097913125651186,0.44973310828208923
ft_tkt_0010004,ft_sal_005331,ft_evt_0062,CORTESÍA,0.3910763515334876,0.2970932898016243,0.40866928811735204,0.41681650280952454
ft_tkt_0010005,ft_sal_005332,ft_evt_0062,CORTESÍA,0.3910763515334876,0.37974593531797235,0.3279012303362956,0.3047963082790375
ft_tkt_0010006,ft_sal_005333,ft_evt_0062,CORTESÍA,0.3910763515334876,0.23900529607322704,0.2959012032363582,0.40810802578926086
ft_tkt_0010007,ft_sal_005334,ft_evt_0062,CORTESÍA,0.3910763515334876,0.29840563370329665,0.40963182711094853,0.4391266405582428
ft_tkt_0010008,ft_sal_005335,ft_evt_0062,CORTESÍA,0.3910763515334876,0.2540875356592005,0.3032709840209568,0.3123650848865509
ft_tkt_0010009,ft_sal_005335,ft_evt_0062,CORTESÍA,0.3910763515334876,0.2540875356592005,0.3032709840209568,0.3123650848865509
ft_tkt_0010010,ft_sal_005335,ft_evt_0062,CORTESÍA,0.3910763515334876,0.2540875356592005,0.3032709840209568,0.3123650848865509
ft_tkt_0010011,ft_sal_005336,ft_evt_0062,CORTESÍA,0.3910763515334876,0.29823046245837853,0.40963182711094853,0.4391266405582428
ft_tkt_0010012,ft_sal_005337,ft_evt_0062,CORTESÍA,0.3910763515334876,0.30230518906428744,0.27596277174673695,0.3703024387359619
ft_tkt_0010013,ft_sal_005338,ft_evt_0062,CORTESÍA,0.3910763515334876,0.2497082650053609,0.37313584518662946,0.36251020431518555
ft_tkt_0010014,ft_sal_005339,ft_evt_0062,CORTESÍA,0.3910763515334876,0.26828634415730657,0.3630949216095957,0.36530452966690063
ft_tkt_0010015,ft_sal_005339,ft_evt_0062,CORTESÍA,0.3910763515334876,0.26828634415730657,0.3630949216095957,0.36530452966690063
ft_tkt_0010016,ft_sal_005340,ft_evt_0062,CORTESÍA,0.3910763515334876,0.1610501260107691,0.29481201664097445,0.23405887186527252
ft_tkt_0010017,ft_sal_005340,ft_evt_0062,CORTESÍA,0.3910763515334876,0.1610501260107691,0.29481201664097445,0.23405887186527252
ft_tkt_0010018,ft_sal_005341,ft_evt_0062,CORTESÍA,0.3910763515334876,0.29718067603101334,0.40866928811735204,0.41681650280952454
ft_tkt_0010019,ft_sal_005342,ft_evt_0062,CORTESÍA,0.3910763515334876,0.2396142767425457,0.3299795065515191,0.30493631958961487
ft_tkt_0010020,ft_sal_005342,ft_evt_0062,CORTESÍA,0.3910763515334876,0.2396142767425457,0.3299795065515191,0.30493631958961487
ft_tkt_0010021,ft_sal_005342,ft_evt_0062,CORTESÍA,0.3910763515334876,0.2396142767425457,0.3299795065515191,0.30493631958961487
ft_tkt_0010022,ft_sal_005343,ft_evt_0062,CORTESÍA,0.3910763515334876,0.24962462385915904,0.2609904282104096,0.2560175657272339
ft_tkt_0010023,ft_sal_005343,ft_evt_0062,CORTESÍA,0.3910763515334876,0.24962462385915904,0.2609904282104096,0.2560175657272339
ft_tkt_0010024,ft_sal_005344,ft_evt_0062,CORTESÍA,0.3910763515334876,0.2985808651133813,0.4153177477271415,0.4449803829193115
ft_tkt_0010025,ft_sal_005345,ft_evt_0062,CORTESÍA,0.3910763515334876,0.2987561545544025,0.4153177477271415,0.4449803829193115
ft_tkt_0010026,ft_sal_005346,ft_evt_0062,CORTESÍA,0.3910763515334876,0.3333242610382893,0.40916898927513196,0.4592360556125641
ft_tkt_0010027,ft_sal_005346,ft_evt_0062,CORTESÍA,0.3910763515334876,0.3333242610382893,0.40916898927513196,0.4592360556125641
ft_tkt_0010028,ft_sal_005346,ft_evt_0062,CORTESÍA,0.3910763515334876,0.3333242610382893,0.40916898927513196,0.4592360556125641
ft_tkt_0010029,ft_sal_005347,ft_evt_0062,CORTESÍA,0.3910763515334876,0.26172413917723397,0.3453699673489471,0.39591532945632935
ft_tkt_0010030,ft_sal_005347,ft_evt_0062,CORTESÍA,0.3910763515334876,0.26172413917723397,0.3453699673489471,0.39591532945632935
ft_tkt_0010031,ft_sal_005348,ft_evt_0062,CORTESÍA,0.3910763515334876,0.2577064795754422,0.36640530339366867,0.3557102382183075
ft_tkt_0010032,ft_sal_005348,ft_evt_0062,CORTESÍA,0.3910763515334876,0.2577064795754422,0.36640530339366867,0.3557102382183075
ft_tkt_0010033,ft_sal_005348,ft_evt_0062,CORTESÍA,0.3910763515334876,0.2577064795754422,0.36640530339366867,0.3557102382183075
ft_tkt_0010034,ft_sal_005349,ft_evt_0062,CORTESÍA,0.3910763515334876,0.214401975840301,0.3013256248232614,0.3974166214466095
ft_tkt_0010035,ft_sal_005350,ft_evt_0062,CORTESÍA,0.3910763515334876,0.23416173676173382,0.3472990213228971,0.3442469835281372
ft_tkt_0010036,ft_sal_005350,ft_evt_0062,CORTESÍA,0.3910763515334876,0.23416173676173382,0.3472990213228971,0.3442469835281372
ft_tkt_0010037,ft_sal_005350,ft_evt_0062,CORTESÍA,0.3910763515334876,0.23416173676173382,0.3472990213228971,0.3442469835281372
ft_tkt_0010038,ft_sal_005351,ft_evt_0062,CORTESÍA,0.3910763515334876,0.27840470875614953,0.34057814081228494,0.3755151331424713
ft_tkt_0010039,ft_sal_005351,ft_evt_0062,CORTESÍA,0.3910763515334876,0.27840470875614953,0.34057814081228494,0.3755151331424713
ft_tkt_0010040,ft_sal_005352,ft_evt_0062,CORTESÍA,0.3910763515334876,0.2702250952871927,0.3390002408870603,0.3547080457210541
ft_tkt_0010041,ft_sal_005353,ft_evt_0062,CORTESÍA,0.3910763515334876,0.2378300141073329,0.3198324054557924,0.27437153458595276
ft_tkt_0010042,ft_sal_005353,ft_evt_0062,CORTESÍA,0.3910763515334876,0.2378300141073329,0.3198324054557924,0.27437153458595276
ft_tkt_0010043,ft_sal_005354,ft_evt_0062,CORTESÍA,0.3910763515334876,0.1956942817861289,0.29867735424764563,0.2424655556678772
ft_tkt_0010044,ft_sal_005355,ft_evt_0062,CORTESÍA,0.3910763515334876,0.33596178432535295,0.41097913125651186,0.44973310828208923
ft_tkt_0010045,ft_sal_005355,ft_evt_0062,CORTESÍA,0.3910763515334876,0.33596178432535295,0.41097913125651186,0.44973310828208923
ft_tkt_0010046,ft_sal_005356,ft_evt_0062,CORTESÍA,0.3910763515334876,0.3775863850113701,0.41873080617007474,0.43447136878967285
ft_tkt_0010047,ft_sal_005357,ft_evt_0062,CORTESÍA,0.3910763515334876,0.297799979537726,0.3384502062282117,0.2589018940925598
ft_tkt_0010048,ft_sal_005358,ft_evt_0062,CORTESÍA,0.3910763515334876,0.33605513734227144,0.41097913125651186,0.44973310828208923
ft_tkt_0010049,ft_sal_005358,ft_evt_0062,CORTESÍA,0.3910763515334876,0.33605513734227144,0.41097913125651186,0.44973310828208923
ft_tkt_0010050,ft_sal_005359,ft_evt_0062,CORTESÍA,0.3910763515334876,0.29770530266912804,0.40866928811735204,0.426244854927063
ft_tkt_0010051,ft_sal_005360,ft_evt_0062,CORTESÍA,0.3910763515334876,0.23591070304585343,0.31030153058391274,0.38406428694725037
ft_tkt_0010052,ft_sal_005361,ft_evt_0062,CORTESÍA,0.3910763515334876,0.29866850192472294,0.4153177477271415,0.4449803829193115
ft_tkt_0010053,ft_sal_005362,ft_evt_0062,CORTESÍA,0.3910763515334876,0.29770530266912804,0.40866928811735204,0.426244854927063
ft_tkt_0010054,ft_sal_005363,ft_evt_0062,CORTESÍA,0.3910763515334876,0.33202379718360725,0.4082067858544362,0.43669968843460083
ft_tkt_0010055,ft_sal_005363,ft_evt_0062,CORTESÍA,0.3910763515334876,0.33202379718360725,0.4082067858544362,0.43669968843460083
ft_tkt_0010056,ft_sal_005363,ft_evt_0062,CORTESÍA,0.3910763515334876,0.33202379718360725,0.4082067858544362,0.43669968843460083
ft_tkt_0010057,ft_sal_005364,ft_evt_0062,CORTESÍA,0.3910763515334876,0.3307874273775787,0.4052885448874873,0.5069414377212524
ft_tkt_0010058,ft_sal_005364,ft_evt_0062,CORTESÍA,0.3910763515334876,0.3307874273775787,0.4052885448874873,0.5069414377212524
ft_tkt_0010059,ft_sal_005365,ft_evt_0062,CORTESÍA,0.3910763515334876,0.25181401965693545,0.3364731213291925,0.3742614984512329
ft_tkt_0010060,ft_sal_005365,ft_evt_0062,CORTESÍA,0.3910763515334876,0.25181401965693545,0.3364731213291925,0.3742614984512329
ft_tkt_0010061,ft_sal_005366,ft_evt_0062,CORTESÍA,0.3910763515334876,0.29805535035846276,0.40963182711094853,0.4391266405582428
ft_tkt_0010062,ft_sal_005367,ft_evt_0062,CORTESÍA,0.3910763515334876,0.29569713686793797,0.40866928811735204,0.41681650280952454
ft_tkt_0010063,ft_sal_005368,ft_evt_0062,CORTESÍA,0.3910763515334876,0.2897939950995896,0.42427707462202224,0.3809015452861786
ft_tkt_0010064,ft_sal_005369,ft_evt_0062,CORTESÍA,0.3910763515334876,0.3581854633203008,0.30666846732026865,0.37801122665405273
ft_tkt_0010065,ft_sal_005370,ft_evt_0062,CORTESÍA,0.3910763515334876,0.2979678159725152,0.40866928811735204,0.426244854927063
ft_tkt_0010066,ft_sal_005371,ft_evt_0062,CORTESÍA,0.3910763515334876,0.3361485031677866,0.41097913125651186,0.44973310828208923
ft_tkt_0010067,ft_sal_005371,ft_evt_0062,CORTESÍA,0.3910763515334876,0.3361485031677866,0.41097913125651186,0.44973310828208923
ft_tkt_0010068,ft_sal_005372,ft_evt_0062,CORTESÍA,0.3910763515334876,0.29840563370329665,0.40963182711094853,0.4391266405582428
ft_tkt_0010069,ft_sal_005373,ft_evt_0062,CORTESÍA,0.3910763515334876,0.18136854759695176,0.2960927475959834,0.2567290961742401
ft_tkt_0010070,ft_sal_005374,ft_evt_0062,CORTESÍA,0.3910763515334876,0.15112633706894651,0.26535361772409455,0.19414889812469482
ft_tkt_0010071,ft_sal_005375,ft_evt_0062,CORTESÍA,0.3910763515334876,0.2436308307224122,0.32156208639688827,0.31449267268180847
ft_tkt_0010072,ft_sal_005375,ft_evt_0062,CORTESÍA,0.3910763515334876,0.2436308307224122,0.32156208639688827,0.31449267268180847
ft_tkt_0010073,ft_sal_005375,ft_evt_0062,CORTESÍA,0.3910763515334876,0.2436308307224122,0.32156208639688827,0.31449267268180847
ft_tkt_0010074,ft_sal_005376,ft_evt_0062,CORTESÍA,0.3910763515334876,0.2353098687168554,0.35706643235384256,0.35224485397338867
ft_tkt_0010075,ft_sal_005377,ft_evt_0062,CORTESÍA,0.3910763515334876,0.24842250578975114,0.34205083341177983,0.38330337405204773
ft_tkt_0010076,ft_sal_005378,ft_evt_0062,CORTESÍA,0.3910763515334876,0.2420456821436578,0.31246151571916836,0.2824680507183075
ft_tkt_0010077,ft_sal_005379,ft_evt_0062,CORTESÍA,0.3910763515334876,0.2469169505575001,0.3043879533721351,0.30333858728408813
ft_tkt_0010078,ft_sal_005379,ft_evt_0062,CORTESÍA,0.3910763515334876,0.2469169505575001,0.3043879533721351,0.30333858728408813
ft_tkt_0010079,ft_sal_005380,ft_evt_0062,CORTESÍA,0.3910763515334876,0.3000525621349432,0.3687942971097107,0.4012826979160309
ft_tkt_0010080,ft_sal_005381,ft_evt_0062,CORTESÍA,0.3910763515334876,0.3883353154349398,0.4251334825262146,0.55400550365448
ft_tkt_0010081,ft_sal_005381,ft_evt_0062,CORTESÍA,0.3910763515334876,0.3883353154349398,0.4251334825262146,0.55400550365448
ft_tkt_0010082,ft_sal_005382,ft_evt_0062,CORTESÍA,0.3910763515334876,0.3075742822593376,0.3401002936910297,0.4184986650943756
ft_tkt_0010083,ft_sal_005383,ft_evt_0062,CORTESÍA,0.3910763515334876,0.1996440085072961,0.3039809980770615,0.35883596539497375
ft_tkt_0010084,ft_sal_005384,ft_evt_0062,CORTESÍA,0.3910763515334876,0.29056255089310984,0.3187316767395859,0.3031984865665436
ft_tkt_0010085,ft_sal_005385,ft_evt_0062,CORTESÍA,0.3910763515334876,0.37786167805614784,0.33268419520043857,0.2969745993614197
ft_tkt_0010086,ft_sal_005386,ft_evt_0062,CORTESÍA,0.3910763515334876,0.30521222402077436,0.40540196204755286,0.4465627372264862
ft_tkt_0010087,ft_sal_005386,ft_evt_0062,CORTESÍA,0.3910763515334876,0.30521222402077436,0.40540196204755286,0.4465627372264862
ft_tkt_0010088,ft_sal_005387,ft_evt_0062,CORTESÍA,0.3910763515334876,0.2525915775093919,0.3010617353909099,0.31576138734817505
ft_tkt_0010089,ft_sal_005387,ft_evt_0062,CORTESÍA,0.3910763515334876,0.2525915775093919,0.3010617353909099,0.31576138734817505
ft_tkt_0010090,ft_sal_005387,ft_evt_0062,CORTESÍA,0.3910763515334876,0.2525915775093919,0.3010617353909099,0.31576138734817505
ft_tkt_0010091,ft_sal_005388,ft_evt_0062,CORTESÍA,0.3910763515334876,0.2511058048725823,0.3424900156913345,0.3424850106239319
ft_tkt_0010092,ft_sal_005388,ft_evt_0062,CORTESÍA,0.3910763515334876,0.2511058048725823,0.3424900156913345,0.3424850106239319
ft_tkt_0010093,ft_sal_005388,ft_evt_0062,CORTESÍA,0.3910763515334876,0.2511058048725823,0.3424900156913345,0.3424850106239319
ft_tkt_0010094,ft_sal_005388,ft_evt_0062,CORTESÍA,0.3910763515334876,0.2511058048725823,0.3424900156913345,0.3424850106239319
ft_tkt_0010095,ft_sal_005389,ft_evt_0062,CORTESÍA,0.3910763515334876,0.2977927926490139,0.40866928811735204,0.426244854927063
ft_tkt_0010096,ft_sal_005390,ft_evt_0062,CORTESÍA,0.3910763515334876,0.2005311449405768,0.32253308992201646,0.28757244348526
ft_tkt_0010097,ft_sal_005390,ft_evt_0062,CORTESÍA,0.3910763515334876,0.2005311449405768,0.32253308992201646,0.28757244348526
ft_tkt_0010098,ft_sal_005391,ft_evt_0062,CORTESÍA,0.3910763515334876,0.2987561545544025,0.4153177477271415,0.4449803829193115
ft_tkt_0010099,ft_sal_005392,ft_evt_0062,CORTESÍA,0.3910763515334876,0.1458948391950362,0.2851715079558141,0.26102083921432495
ft_tkt_0010100,ft_sal_005393,ft_evt_0062,CORTESÍA,0.3910763515334876,0.14554907870136205,0.28353357588273786,0.20019599795341492
ft_tkt_0010101,ft_sal_005394,ft_evt_0062,CORTESÍA,0.3910763515334876,0.3038611325389742,0.3624766773639241,0.39170366525650024
ft_tkt_0010102,ft_sal_005394,ft_evt_0062,CORTESÍA,0.3910763515334876,0.3038611325389742,0.3624766773639241,0.39170366525650024
ft_tkt_0010103,ft_sal_005395,ft_evt_0062,CORTESÍA,0.3910763515334876,0.3325405225149762,0.3698508677349083,0.396409809589386
ft_tkt_0010104,ft_sal_005396,ft_evt_0062,CORTESÍA,0.3910763515334876,0.2976178274991258,0.40866928811735204,0.426244854927063
ft_tkt_0010105,ft_sal_005397,ft_evt_0062,CORTESÍA,0.3910763515334876,0.29191379779154764,0.3958932374426803,0.49336567521095276
ft_tkt_0010106,ft_sal_005397,ft_evt_0062,CORTESÍA,0.3910763515334876,0.29191379779154764,0.3958932374426803,0.49336567521095276
ft_tkt_0010107,ft_sal_005398,ft_evt_0062,CORTESÍA,0.3910763515334876,0.3236400200789623,0.40763709774061513,0.4555432200431824
ft_tkt_0010108,ft_sal_005398,ft_evt_0062,CORTESÍA,0.3910763515334876,0.3236400200789623,0.40763709774061513,0.4555432200431824
ft_tkt_0010109,ft_sal_005398,ft_evt_0062,CORTESÍA,0.3910763515334876,0.3236400200789623,0.40763709774061513,0.4555432200431824
ft_tkt_0010110,ft_sal_005398,ft_evt_0062,CORTESÍA,0.3910763515334876,0.3236400200789623,0.40763709774061513,0.4555432200431824
ft_tkt_0010111,ft_sal_005398,ft_evt_0062,CORTESÍA,0.3910763515334876,0.3236400200789623,0.40763709774061513,0.4555432200431824
ft_tkt_0010112,ft_sal_005398,ft_evt_0062,CORTESÍA,0.3910763515334876,0.3236400200789623,0.40763709774061513,0.4555432200431824
ft_tkt_0010113,ft_sal_005399,ft_evt_0062,CORTESÍA,0.3910763515334876,0.23956122947561861,0.29144139452992035,0.24143455922603607
ft_tkt_0010114,ft_sal_005400,ft_evt_0062,CORTESÍA,0.3910763515334876,0.2983180412151883,0.40963182711094853,0.4391266405582428
ft_tkt_0010115,ft_sal_005401,ft_evt_0062,CORTESÍA,0.3910763515334876,0.3363352721016795,0.41097913125651186,0.44973310828208923
ft_tkt_0010116,ft_sal_005401,ft_evt_0062,CORTESÍA,0.3910763515334876,0.3363352721016795,0.41097913125651186,0.44973310828208923
ft_tkt_0010117,ft_sal_005402,ft_evt_0062,CORTESÍA,0.3910763515334876,0.3361485031677866,0.41097913125651186,0.44973310828208923
ft_tkt_0010118,ft_sal_005402,ft_evt_0062,CORTESÍA,0.3910763515334876,0.3361485031677866,0.41097913125651186,0.44973310828208923
ft_tkt_0010119,ft_sal_005403,ft_evt_0062,CORTESÍA,0.3910763515334876,0.33540193775252053,0.41097913125651186,0.4401837885379791
ft_tkt_0010120,ft_sal_005403,ft_evt_0062,CORTESÍA,0.3910763515334876,0.33540193775252053,0.41097913125651186,0.4401837885379791
ft_tkt_0010121,ft_sal_005404,ft_evt_0062,CORTESÍA,0.3910763515334876,0.22722859844378224,0.306913946500405,0.20253315567970276
ft_tkt_0010122,ft_sal_005405,ft_evt_0062,CORTESÍA,0.3910763515334876,0.2979678159725152,0.40866928811735204,0.426244854927063
ft_tkt_0010123,ft_sal_005406,ft_evt_0062,CORTESÍA,0.3910763515334876,0.27151439004470046,0.4396231310827135,0.41789305210113525
ft_tkt_0010124,ft_sal_005407,ft_evt_0062,CORTESÍA,0.3910763515334876,0.2917385358224702,0.36136633795235995,0.3475880026817322
ft_tkt_0010125,ft_sal_005407,ft_evt_0062,CORTESÍA,0.3910763515334876,0.2917385358224702,0.36136633795235995,0.3475880026817322
ft_tkt_0010126,ft_sal_005408,ft_evt_0062,CORTESÍA,0.3910763515334876,0.2505592950585641,0.29611412507399226,0.28382933139801025
ft_tkt_0010127,ft_sal_005408,ft_evt_0062,CORTESÍA,0.3910763515334876,0.2505592950585641,0.29611412507399226,0.28382933139801025
ft_tkt_0010128,ft_sal_005408,ft_evt_0062,CORTESÍA,0.3910763515334876,0.2505592950585641,0.29611412507399226,0.28382933139801025
ft_tkt_0010129,ft_sal_005408,ft_evt_0062,CORTESÍA,0.3910763515334876,0.2505592950585641,0.29611412507399226,0.28382933139801025
ft_tkt_0010130,ft_sal_005409,ft_evt_0062,CORTESÍA,0.3910763515334876,0.2556023159332298,0.3375427643556149,0.3474358916282654
ft_tkt_0010131,ft_sal_005410,ft_evt_0062,CORTESÍA,0.3910763515334876,0.23986612583482378,0.2971940733853334,0.2459576427936554
ft_tkt_0010132,ft_sal_005411,ft_evt_0062,CORTESÍA,0.3910763515334876,0.3371763665405399,0.4176386286304529,0.4686577320098877
ft_tkt_0010133,ft_sal_005411,ft_evt_0062,CORTESÍA,0.3910763515334876,0.3371763665405399,0.4176386286304529,0.4686577320098877
ft_tkt_0010134,ft_sal_005412,ft_evt_0062,CORTESÍA,0.3910763515334876,0.41976563298141806,0.4153483477704544,0.4521654546260834
ft_tkt_0010135,ft_sal_005412,ft_evt_0062,CORTESÍA,0.3910763515334876,0.41976563298141806,0.4153483477704544,0.4521654546260834
ft_tkt_0010136,ft_sal_005413,ft_evt_0062,CORTESÍA,0.3910763515334876,0.1252981515093818,0.24509440340979577,0.20633625984191895
ft_tkt_0010137,ft_sal_005414,ft_evt_0062,CORTESÍA,0.3910763515334876,0.23636556761168256,0.36339128953082794,0.3698243200778961
ft_tkt_0010138,ft_sal_005415,ft_evt_0062,CORTESÍA,0.3910763515334876,0.21809671876009923,0.2860255756820726,0.30308499932289124
ft_tkt_0010139,ft_sal_005416,ft_evt_0062,CORTESÍA,0.3910763515334876,0.19522483912127225,0.2977054642114995,0.38946980237960815
ft_tkt_0010140,ft_sal_005417,ft_evt_0062,CORTESÍA,0.3910763515334876,0.2876003829773029,0.296273545878938,0.3886331021785736
ft_tkt_0010141,ft_sal_005418,ft_evt_0062,CORTESÍA,0.3910763515334876,0.17429441639254942,0.29948955747027883,0.3102594017982483
ft_tkt_0010142,ft_sal_005418,ft_evt_0062,CORTESÍA,0.3910763515334876,0.17429441639254942,0.29948955747027883,0.3102594017982483
ft_tkt_0010143,ft_sal_005419,ft_evt_0062,CORTESÍA,0.3910763515334876,0.33652209220283447,0.411943320654223,0.46275225281715393
ft_tkt_0010144,ft_sal_005419,ft_evt_0062,CORTESÍA,0.3910763515334876,0.33652209220283447,0.411943320654223,0.46275225281715393
ft_tkt_0010145,ft_sal_005420,ft_evt_0062,CORTESÍA,0.3910763515334876,0.4016666722797338,0.4142354263899306,0.49409234523773193
ft_tkt_0010146,ft_sal_005420,ft_evt_0062,CORTESÍA,0.3910763515334876,0.4016666722797338,0.4142354263899306,0.49409234523773193
ft_tkt_0010147,ft_sal_005421,ft_evt_0062,CORTESÍA,0.3910763515334876,0.33295243942664643,0.4082067858544362,0.4462336599826813
ft_tkt_0010148,ft_sal_005421,ft_evt_0062,CORTESÍA,0.3910763515334876,0.33295243942664643,0.4082067858544362,0.4462336599826813
ft_tkt_0010149,ft_sal_005421,ft_evt_0062,CORTESÍA,0.3910763515334876,0.33295243942664643,0.4082067858544362,0.4462336599826813
ft_tkt_0010150,ft_sal_005422,ft_evt_0062,CORTESÍA,0.3910763515334876,0.17674043115640292,0.2977054642114995,0.38946980237960815
ft_tkt_0010151,ft_sal_005423,ft_evt_0062,CORTESÍA,0.3910763515334876,0.29718067603101334,0.40866928811735204,0.41681650280952454
ft_tkt_0010152,ft_sal_005424,ft_evt_0062,CORTESÍA,0.3910763515334876,0.36741555066907805,0.33899616234629915,0.3309442698955536
ft_tkt_0010153,ft_sal_005425,ft_evt_0062,CORTESÍA,0.3910763515334876,0.3356818033012008,0.41097913125651186,0.44973310828208923
ft_tkt_0010154,ft_sal_005425,ft_evt_0062,CORTESÍA,0.3910763515334876,0.3356818033012008,0.41097913125651186,0.44973310828208923
ft_tkt_0010155,ft_sal_005426,ft_evt_0062,CORTESÍA,0.3910763515334876,0.21258488899842579,0.30986802207240066,0.385212242603302
ft_tkt_0010156,ft_sal_005427,ft_evt_0062,CORTESÍA,0.3910763515334876,0.27509457565212825,0.33551478064015444,0.3832457959651947
ft_tkt_0010157,ft_sal_005428,ft_evt_0062,CORTESÍA,0.3910763515334876,0.23920529678298447,0.327948016654633,0.33261728286743164
ft_tkt_0010158,ft_sal_005428,ft_evt_0062,CORTESÍA,0.3910763515334876,0.23920529678298447,0.327948016654633,0.33261728286743164
ft_tkt_0010159,ft_sal_005429,ft_evt_0062,CORTESÍA,0.3910763515334876,0.3324879555825394,0.4082067858544362,0.4462336599826813
ft_tkt_0010160,ft_sal_005429,ft_evt_0062,CORTESÍA,0.3910763515334876,0.3324879555825394,0.4082067858544362,0.4462336599826813
ft_tkt_0010161,ft_sal_005429,ft_evt_0062,CORTESÍA,0.3910763515334876,0.3324879555825394,0.4082067858544362,0.4462336599826813
ft_tkt_0010162,ft_sal_005430,ft_evt_0062,CORTESÍA,0.3910763515334876,0.2977927926490139,0.40866928811735204,0.426244854927063
ft_tkt_0010163,ft_sal_005431,ft_evt_0062,CORTESÍA,0.3910763515334876,0.4159680884480383,0.41256717296799456,0.44866251945495605
ft_tkt_0010164,ft_sal_005431,ft_evt_0062,CORTESÍA,0.3910763515334876,0.4159680884480383,0.41256717296799456,0.44866251945495605
ft_tkt_0010165,ft_sal_005431,ft_evt_0062,CORTESÍA,0.3910763515334876,0.4159680884480383,0.41256717296799456,0.44866251945495605
ft_tkt_0010166,ft_sal_005432,ft_evt_0062,CORTESÍA,0.3910763515334876,0.33953391790303417,0.34972228759220475,0.3776831328868866
ft_tkt_0010167,ft_sal_005432,ft_evt_0062,CORTESÍA,0.3910763515334876,0.33953391790303417,0.34972228759220475,0.3776831328868866
ft_tkt_0010168,ft_sal_005432,ft_evt_0062,CORTESÍA,0.3910763515334876,0.33953391790303417,0.34972228759220475,0.3776831328868866
ft_tkt_0010169,ft_sal_005433,ft_evt_0062,CORTESÍA,0.3910763515334876,0.29805535035846276,0.40963182711094853,0.4391266405582428
ft_tkt_0010170,ft_sal_005434,ft_evt_0062,CORTESÍA,0.3910763515334876,0.2599256616094755,0.2980008738841556,0.3512915074825287
ft_tkt_0010171,ft_sal_005435,ft_evt_0062,CORTESÍA,0.3910763515334876,0.21826131459949275,0.3259356838524137,0.29501476883888245
ft_tkt_0010172,ft_sal_005436,ft_evt_0062,CORTESÍA,0.3910763515334876,0.24799686418219108,0.3094600638307699,0.302916020154953
ft_tkt_0010173,ft_sal_005436,ft_evt_0062,CORTESÍA,0.3910763515334876,0.24799686418219108,0.3094600638307699,0.302916020154953
ft_tkt_0010174,ft_sal_005437,ft_evt_0062,CORTESÍA,0.3910763515334876,0.2975303681923345,0.40866928811735204,0.426244854927063
ft_tkt_0010175,ft_sal_005438,ft_evt_0062,CORTESÍA,0.3910763515334876,0.25253295475153026,0.35672713919275056,0.3612448573112488
ft_tkt_0010176,ft_sal_005438,ft_evt_0062,CORTESÍA,0.3910763515334876,0.25253295475153026,0.35672713919275056,0.3612448573112488
ft_tkt_0010177,ft_sal_005438,ft_evt_0062,CORTESÍA,0.3910763515334876,0.25253295475153026,0.35672713919275056,0.3612448573112488
ft_tkt_0010178,ft_sal_005438,ft_evt_0062,CORTESÍA,0.3910763515334876,0.25253295475153026,0.35672713919275056,0.3612448573112488
ft_tkt_0010179,ft_sal_005439,ft_evt_0062,CORTESÍA,0.3910763515334876,0.2975303681923345,0.40866928811735204,0.426244854927063
ft_tkt_0010180,ft_sal_005440,ft_evt_0062,CORTESÍA,0.3910763515334876,0.23591272503546346,0.35798100939172733,0.36431029438972473
ft_tkt_0010181,ft_sal_005441,ft_evt_0062,CORTESÍA,0.3910763515334876,0.2221057436208136,0.24872795722249721,0.294966459274292
ft_tkt_0010182,ft_sal_005442,ft_evt_0062,CORTESÍA,0.3910763515334876,0.29840563370329665,0.40963182711094853,0.4391266405582428
ft_tkt_0010183,ft_sal_005443,ft_evt_0062,CORTESÍA,0.3910763515334876,0.22971325067265463,0.3204537996860237,0.3131384253501892
ft_tkt_0010184,ft_sal_005444,ft_evt_0062,CORTESÍA,0.3910763515334876,0.2981428984879978,0.40963182711094853,0.4391266405582428
ft_tkt_0010185,ft_sal_005445,ft_evt_0062,CORTESÍA,0.3910763515334876,0.37591614736847717,0.4120662161468942,0.4064854681491852
ft_tkt_0010186,ft_sal_005446,ft_evt_0062,CORTESÍA,0.3910763515334876,0.2884398691661271,0.32085202998274914,0.3943718671798706
ft_tkt_0010187,ft_sal_005446,ft_evt_0062,CORTESÍA,0.3910763515334876,0.2884398691661271,0.32085202998274914,0.3943718671798706
ft_tkt_0010188,ft_sal_005447,ft_evt_0062,CORTESÍA,0.3910763515334876,0.37591614736847717,0.4120662161468942,0.4064854681491852
ft_tkt_0010189,ft_sal_005448,ft_evt_0062,CORTESÍA,0.3910763515334876,0.297355491936432,0.40866928811735204,0.426244854927063
ft_tkt_0010190,ft_sal_005449,ft_evt_0062,CORTESÍA,0.3910763515334876,0.33285951732358315,0.4082067858544362,0.4462336599826813
ft_tkt_0010191,ft_sal_005449,ft_evt_0062,CORTESÍA,0.3910763515334876,0.33285951732358315,0.4082067858544362,0.4462336599826813
ft_tkt_0010192,ft_sal_005449,ft_evt_0062,CORTESÍA,0.3910763515334876,0.33285951732358315,0.4082067858544362,0.4462336599826813
ft_tkt_0010193,ft_sal_005450,ft_evt_0062,CORTESÍA,0.3910763515334876,0.32940185254778215,0.4049768735613985,0.4338245689868927
ft_tkt_0010194,ft_sal_005450,ft_evt_0062,CORTESÍA,0.3910763515334876,0.32940185254778215,0.4049768735613985,0.4338245689868927
ft_tkt_0010195,ft_sal_005450,ft_evt_0062,CORTESÍA,0.3910763515334876,0.32940185254778215,0.4049768735613985,0.4338245689868927
ft_tkt_0010196,ft_sal_005450,ft_evt_0062,CORTESÍA,0.3910763515334876,0.32940185254778215,0.4049768735613985,0.4338245689868927
ft_tkt_0010197,ft_sal_005451,ft_evt_0062,CORTESÍA,0.3910763515334876,0.29849324202101457,0.4153177477271415,0.4449803829193115
ft_tkt_0010198,ft_sal_005452,ft_evt_0062,CORTESÍA,0.3910763515334876,0.2514575374059462,0.3555983373998421,0.39304348826408386
ft_tkt_0010199,ft_sal_005452,ft_evt_0062,CORTESÍA,0.3910763515334876,0.2514575374059462,0.3555983373998421,0.39304348826408386
ft_tkt_0010200,ft_sal_005452,ft_evt_0062,CORTESÍA,0.3910763515334876,0.2514575374059462,0.3555983373998421,0.39304348826408386
ft_tkt_0010201,ft_sal_005452,ft_evt_0062,CORTESÍA,0.3910763515334876,0.2514575374059462,0.3555983373998421,0.39304348826408386
ft_tkt_0010202,ft_sal_005452,ft_evt_0062,CORTESÍA,0.3910763515334876,0.2514575374059462,0.3555983373998421,0.39304348826408386
ft_tkt_0010203,ft_sal_005452,ft_evt_0062,CORTESÍA,0.3910763515334876,0.2514575374059462,0.3555983373998421,0.39304348826408386
ft_tkt_0010204,ft_sal_005453,ft_evt_0062,CORTESÍA,0.3910763515334876,0.1623320309730623,0.31802070438630486,0.2729488015174866
ft_tkt_0010205,ft_sal_005454,ft_evt_0062,CORTESÍA,0.3910763515334876,0.33558850269336515,0.41097913125651186,0.44973310828208923
ft_tkt_0010206,ft_sal_005454,ft_evt_0062,CORTESÍA,0.3910763515334876,0.33558850269336515,0.41097913125651186,0.44973310828208923
ft_tkt_0010207,ft_sal_005455,ft_evt_0062,CORTESÍA,0.3910763515334876,0.2970932898016243,0.40866928811735204,0.41681650280952454
ft_tkt_0010208,ft_sal_005456,ft_evt_0062,CORTESÍA,0.3910763515334876,0.27344229388544233,0.272816857327598,0.25093594193458557
ft_tkt_0010209,ft_sal_005457,ft_evt_0062,CORTESÍA,0.3910763515334876,0.32975315637796293,0.3769121123692276,0.4483954906463623
ft_tkt_0010210,ft_sal_005457,ft_evt_0062,CORTESÍA,0.3910763515334876,0.32975315637796293,0.3769121123692276,0.4483954906463623
ft_tkt_0010211,ft_sal_005458,ft_evt_0062,CORTESÍA,0.3910763515334876,0.2970059194576688,0.40866928811735204,0.41681650280952454
ft_tkt_0010212,ft_sal_005459,ft_evt_0062,CORTESÍA,0.3910763515334876,0.3356818033012008,0.41097913125651186,0.44973310828208923
ft_tkt_0010213,ft_sal_005459,ft_evt_0062,CORTESÍA,0.3910763515334876,0.3356818033012008,0.41097913125651186,0.44973310828208923
ft_tkt_0010214,ft_sal_005460,ft_evt_0062,CORTESÍA,0.3910763515334876,0.14771233714637064,0.26236698743314985,0.27245837450027466
ft_tkt_0010215,ft_sal_005461,ft_evt_0062,CORTESÍA,0.3910763515334876,0.26919084556058076,0.36401619732732027,0.38668572902679443
ft_tkt_0010216,ft_sal_005461,ft_evt_0062,CORTESÍA,0.3910763515334876,0.26919084556058076,0.36401619732732027,0.38668572902679443
ft_tkt_0010217,ft_sal_005462,ft_evt_0062,CORTESÍA,0.3910763515334876,0.29823046245837853,0.40963182711094853,0.4391266405582428
ft_tkt_0010218,ft_sal_005463,ft_evt_0062,CORTESÍA,0.3910763515334876,0.33596178432535295,0.41097913125651186,0.44973310828208923
ft_tkt_0010219,ft_sal_005463,ft_evt_0062,CORTESÍA,0.3910763515334876,0.33596178432535295,0.41097913125651186,0.44973310828208923
ft_tkt_0010220,ft_sal_005464,ft_evt_0062,CORTESÍA,0.3910763515334876,0.2879705723316213,0.33903316169740744,0.41047340631484985
ft_tkt_0010221,ft_sal_005464,ft_evt_0062,CORTESÍA,0.3910763515334876,0.2879705723316213,0.33903316169740744,0.41047340631484985
ft_tkt_0010222,ft_sal_005465,ft_evt_0062,CORTESÍA,0.3910763515334876,0.2663759564361773,0.36136629338246795,0.3833351135253906
ft_tkt_0010223,ft_sal_005465,ft_evt_0062,CORTESÍA,0.3910763515334876,0.2663759564361773,0.36136629338246795,0.3833351135253906
ft_tkt_0010224,ft_sal_005465,ft_evt_0062,CORTESÍA,0.3910763515334876,0.2663759564361773,0.36136629338246795,0.3833351135253906
ft_tkt_0010225,ft_sal_005466,ft_evt_0062,CORTESÍA,0.3910763515334876,0.29823046245837853,0.40963182711094853,0.4391266405582428
ft_tkt_0010226,ft_sal_005467,ft_evt_0062,CORTESÍA,0.3910763515334876,0.29849324202101457,0.4153177477271415,0.4449803829193115
ft_tkt_0010227,ft_sal_005468,ft_evt_0062,CORTESÍA,0.3910763515334876,0.33211660212720284,0.4082067858544362,0.43669968843460083
ft_tkt_0010228,ft_sal_005468,ft_evt_0062,CORTESÍA,0.3910763515334876,0.33211660212720284,0.4082067858544362,0.43669968843460083
ft_tkt_0010229,ft_sal_005468,ft_evt_0062,CORTESÍA,0.3910763515334876,0.33211660212720284,0.4082067858544362,0.43669968843460083
ft_tkt_0010230,ft_sal_005469,ft_evt_0062,CORTESÍA,0.3910763515334876,0.2785781334030065,0.3374876167150124,0.3584112524986267
ft_tkt_0010231,ft_sal_005469,ft_evt_0062,CORTESÍA,0.3910763515334876,0.2785781334030065,0.3374876167150124,0.3584112524986267
ft_tkt_0010232,ft_sal_005470,ft_evt_0062,CORTESÍA,0.3910763515334876,0.33624188067574357,0.41097913125651186,0.44973310828208923
ft_tkt_0010233,ft_sal_005470,ft_evt_0062,CORTESÍA,0.3910763515334876,0.33624188067574357,0.41097913125651186,0.44973310828208923
ft_tkt_0010234,ft_sal_005471,ft_evt_0062,CORTESÍA,0.3910763515334876,0.3366155219878738,0.411943320654223,0.46275225281715393
ft_tkt_0010235,ft_sal_005471,ft_evt_0062,CORTESÍA,0.3910763515334876,0.3366155219878738,0.411943320654223,0.46275225281715393
ft_tkt_0010236,ft_sal_005472,ft_evt_0062,CORTESÍA,0.3910763515334876,0.2621685144896786,0.2813241301964233,0.29730847477912903
ft_tkt_0010237,ft_sal_005473,ft_evt_0062,CORTESÍA,0.3910763515334876,0.33689588685091015,0.4176386286304529,0.4686577320098877
ft_tkt_0010238,ft_sal_005473,ft_evt_0062,CORTESÍA,0.3910763515334876,0.33689588685091015,0.4176386286304529,0.4686577320098877
ft_tkt_0010239,ft_sal_005474,ft_evt_0062,CORTESÍA,0.3910763515334876,0.33558850269336515,0.41097913125651186,0.44973310828208923
ft_tkt_0010240,ft_sal_005474,ft_evt_0062,CORTESÍA,0.3910763515334876,0.33558850269336515,0.41097913125651186,0.44973310828208923
ft_tkt_0010241,ft_sal_005475,ft_evt_0062,CORTESÍA,0.3910763515334876,0.2685598108823338,0.3228426239105432,0.30423012375831604
ft_tkt_0010242,ft_sal_005476,ft_evt_0062,CORTESÍA,0.3910763515334876,0.42037722625835355,0.4210570246785186,0.45805105566978455
ft_tkt_0010243,ft_sal_005476,ft_evt_0062,CORTESÍA,0.3910763515334876,0.42037722625835355,0.4210570246785186,0.45805105566978455
ft_tkt_0010244,ft_sal_005477,ft_evt_0062,CORTESÍA,0.3910763515334876,0.2944786298528809,0.40866928811735204,0.41681650280952454
ft_tkt_0010245,ft_sal_005478,ft_evt_0062,CORTESÍA,0.3910763515334876,0.30399855749985644,0.3624766773639241,0.39170366525650024
ft_tkt_0010246,ft_sal_005478,ft_evt_0062,CORTESÍA,0.3910763515334876,0.30399855749985644,0.3624766773639241,0.39170366525650024
ft_tkt_0010247,ft_sal_005479,ft_evt_0062,CORTESÍA,0.3910763515334876,0.2985808651133813,0.4153177477271415,0.4449803829193115
ft_tkt_0010248,ft_sal_005480,ft_evt_0062,CORTESÍA,0.3910763515334876,0.33558850269336515,0.41097913125651186,0.44973310828208923
ft_tkt_0010249,ft_sal_005480,ft_evt_0062,CORTESÍA,0.3910763515334876,0.33558850269336515,0.41097913125651186,0.44973310828208923
ft_tkt_0010250,ft_sal_005481,ft_evt_0062,CORTESÍA,0.3910763515334876,0.41416260277769823,0.4174854782892994,0.4477298855781555
ft_tkt_0010251,ft_sal_005482,ft_evt_0062,CORTESÍA,0.3910763515334876,0.2873643291751704,0.3597302962423031,0.43291956186294556
ft_tkt_0010252,ft_sal_005482,ft_evt_0062,CORTESÍA,0.3910763515334876,0.2873643291751704,0.3597302962423031,0.43291956186294556
ft_tkt_0010253,ft_sal_005482,ft_evt_0062,CORTESÍA,0.3910763515334876,0.2873643291751704,0.3597302962423031,0.43291956186294556
ft_tkt_0010254,ft_sal_005483,ft_evt_0062,CORTESÍA,0.3910763515334876,0.2116535118071813,0.3094844251008876,0.3808481991291046
ft_tkt_0010255,ft_sal_005484,ft_evt_0034,PREFERENCIAL,0.9331061337242351,0.9369772348895515,0.94940958993283,0.9377790689468384
ft_tkt_0010256,ft_sal_005485,ft_evt_0034,GENERAL,0.9361195153053811,0.9277288846109274,0.9316243130359436,0.8897354006767273
ft_tkt_0010257,ft_sal_005485,ft_evt_0034,GENERAL,0.9361195153053811,0.9277288846109274,0.9316243130359436,0.8897354006767273
ft_tkt_0010258,ft_sal_005485,ft_evt_0034,GENERAL,0.9361195153053811,0.9277288846109274,0.9316243130359436,0.8897354006767273
ft_tkt_0010259,ft_sal_005486,ft_evt_0034,GENERAL,0.9361195153053811,0.9285802529016147,0.9335132947514941,0.9083393812179565
ft_tkt_0010260,ft_sal_005486,ft_evt_0034,GENERAL,0.9361195153053811,0.9285802529016147,0.9335132947514941,0.9083393812179565
ft_tkt_0010261,ft_sal_005486,ft_evt_0034,GENERAL,0.9361195153053811,0.9285802529016147,0.9335132947514941,0.9083393812179565
ft_tkt_0010262,ft_sal_005486,ft_evt_0034,GENERAL,0.9361195153053811,0.9285802529016147,0.9335132947514941,0.9083393812179565
ft_tkt_0010263,ft_sal_005487,ft_evt_0034,PREFERENCIAL,0.9331061337242351,0.9305018688226898,0.9391560785439871,0.9198222756385803
ft_tkt_0010264,ft_sal_005487,ft_evt_0034,PREFERENCIAL,0.9331061337242351,0.9305018688226898,0.9391560785439871,0.9198222756385803
ft_tkt_0010265,ft_sal_005488,ft_evt_0034,CORTESÍA,0.3910763515334876,0.3127288587555931,0.3880143649270885,0.29449886083602905
ft_tkt_0010266,ft_sal_005488,ft_evt_0034,CORTESÍA,0.3910763515334876,0.3127288587555931,0.3880143649270885,0.29449886083602905
ft_tkt_0010267,ft_sal_005488,ft_evt_0034,CORTESÍA,0.3910763515334876,0.3127288587555931,0.3880143649270885,0.29449886083602905
ft_tkt_0010268,ft_sal_005488,ft_evt_0034,CORTESÍA,0.3910763515334876,0.3127288587555931,0.3880143649270885,0.29449886083602905
ft_tkt_0010269,ft_sal_005488,ft_evt_0034,CORTESÍA,0.3910763515334876,0.3127288587555931,0.3880143649270885,0.29449886083602905
ft_tkt_0010270,ft_sal_005488,ft_evt_0034,CORTESÍA,0.3910763515334876,0.3127288587555931,0.3880143649270885,0.29449886083602905
ft_tkt_0010271,ft_sal_005489,ft_evt_0034,PREFERENCIAL,0.9331061337242351,0.9246478520217448,0.9330783003128352,0.9146509766578674
ft_tkt_0010272,ft_sal_005489,ft_evt_0034,PREFERENCIAL,0.9331061337242351,0.9246478520217448,0.9330783003128352,0.9146509766578674
ft_tkt_0010273,ft_sal_005490,ft_evt_0034,GENERAL,0.9361195153053811,0.9802074826116843,0.9489768982079752,0.9348312020301819
ft_tkt_0010274,ft_sal_005491,ft_evt_0034,CORTESÍA,0.3910763515334876,0.43045487878614475,0.4311168853460915,0.3994377553462982
ft_tkt_0010275,ft_sal_005491,ft_evt_0034,CORTESÍA,0.3910763515334876,0.43045487878614475,0.4311168853460915,0.3994377553462982
ft_tkt_0010276,ft_sal_005492,ft_evt_0034,GENERAL,0.9361195153053811,0.9357229989844871,0.9307773227232305,0.9282680749893188
ft_tkt_0010277,ft_sal_005492,ft_evt_0034,GENERAL,0.9361195153053811,0.9357229989844871,0.9307773227232305,0.9282680749893188
ft_tkt_0010278,ft_sal_005493,ft_evt_0034,GENERAL,0.9361195153053811,0.9573156418719375,0.9445463349412402,0.934853196144104
ft_tkt_0010279,ft_sal_005494,ft_evt_0034,CORTESÍA,0.3910763515334876,0.3825397925610701,0.4589434535202167,0.3927704095840454
ft_tkt_0010280,ft_sal_005495,ft_evt_0034,GENERAL,0.9361195153053811,0.9636403880318274,0.9437307302335987,0.9253620505332947
ft_tkt_0010281,ft_sal_005495,ft_evt_0034,GENERAL,0.9361195153053811,0.9636403880318274,0.9437307302335987,0.9253620505332947
ft_tkt_0010282,ft_sal_005496,ft_evt_0034,GENERAL,0.9361195153053811,0.9488296957812833,0.9448296062250487,0.9419456124305725
ft_tkt_0010283,ft_sal_005496,ft_evt_0034,GENERAL,0.9361195153053811,0.9488296957812833,0.9448296062250487,0.9419456124305725
ft_tkt_0010284,ft_sal_005497,ft_evt_0034,GENERAL,0.9361195153053811,0.9309575737614445,0.9376072299261579,0.9348036050796509
ft_tkt_0010285,ft_sal_005497,ft_evt_0034,GENERAL,0.9361195153053811,0.9309575737614445,0.9376072299261579,0.9348036050796509
ft_tkt_0010286,ft_sal_005498,ft_evt_0034,GENERAL,0.9361195153053811,0.9172062028858018,0.9340732068273053,0.9257786273956299
ft_tkt_0010287,ft_sal_005498,ft_evt_0034,GENERAL,0.9361195153053811,0.9172062028858018,0.9340732068273053,0.9257786273956299
ft_tkt_0010288,ft_sal_005499,ft_evt_0034,PREFERENCIAL,0.9331061337242351,0.9406023033138504,0.9449241784262976,0.9349876046180725
ft_tkt_0010289,ft_sal_005500,ft_evt_0034,CORTESÍA,0.3910763515334876,0.38772095312977795,0.43044756443457544,0.3874719440937042
ft_tkt_0010290,ft_sal_005501,ft_evt_0034,PREFERENCIAL,0.9331061337242351,0.8639476822418222,0.8891129677732718,0.8808964490890503
ft_tkt_0010291,ft_sal_005501,ft_evt_0034,PREFERENCIAL,0.9331061337242351,0.8639476822418222,0.8891129677732718,0.8808964490890503
ft_tkt_0010292,ft_sal_005502,ft_evt_0034,GENERAL,0.9361195153053811,0.9488008816363479,0.944098136269747,0.9288942217826843
ft_tkt_0010293,ft_sal_005502,ft_evt_0034,GENERAL,0.9361195153053811,0.9488008816363479,0.944098136269747,0.9288942217826843
ft_tkt_0010294,ft_sal_005503,ft_evt_0034,CORTESÍA,0.3910763515334876,0.38460794419129246,0.4097519954077916,0.30282190442085266
ft_tkt_0010295,ft_sal_005504,ft_evt_0034,CORTESÍA,0.3910763515334876,0.42738122680438734,0.33702121183710493,0.30767473578453064
ft_tkt_0010296,ft_sal_005504,ft_evt_0034,CORTESÍA,0.3910763515334876,0.42738122680438734,0.33702121183710493,0.30767473578453064
ft_tkt_0010297,ft_sal_005505,ft_evt_0034,PREFERENCIAL,0.9331061337242351,0.9577887199926547,0.9456840206288064,0.9333784580230713
ft_tkt_0010298,ft_sal_005506,ft_evt_0034,CORTESÍA,0.3910763515334876,0.4243497648836251,0.4278650190494925,0.4074605107307434
ft_tkt_0010299,ft_sal_005506,ft_evt_0034,CORTESÍA,0.3910763515334876,0.4243497648836251,0.4278650190494925,0.4074605107307434
ft_tkt_0010300,ft_sal_005506,ft_evt_0034,CORTESÍA,0.3910763515334876,0.4243497648836251,0.4278650190494925,0.4074605107307434
ft_tkt_0010301,ft_sal_005506,ft_evt_0034,CORTESÍA,0.3910763515334876,0.4243497648836251,0.4278650190494925,0.4074605107307434
ft_tkt_0010302,ft_sal_005507,ft_evt_0034,GENERAL,0.9361195153053811,0.940243994906981,0.9449241784262976,0.9322725534439087
ft_tkt_0010303,ft_sal_005508,ft_evt_0034,VIP,0.937698148842865,0.952304789745866,0.9481313601911764,0.9472007751464844
ft_tkt_0010304,ft_sal_005508,ft_evt_0034,VIP,0.937698148842865,0.952304789745866,0.9481313601911764,0.9472007751464844
ft_tkt_0010305,ft_sal_005508,ft_evt_0034,VIP,0.937698148842865,0.952304789745866,0.9481313601911764,0.9472007751464844
ft_tkt_0010306,ft_sal_005509,ft_evt_0034,GENERAL,0.9361195153053811,0.9116198336927824,0.92391957224443,0.8832616806030273
ft_tkt_0010307,ft_sal_005509,ft_evt_0034,GENERAL,0.9361195153053811,0.9116198336927824,0.92391957224443,0.8832616806030273
ft_tkt_0010308,ft_sal_005509,ft_evt_0034,GENERAL,0.9361195153053811,0.9116198336927824,0.92391957224443,0.8832616806030273
ft_tkt_0010309,ft_sal_005510,ft_evt_0034,CORTESÍA,0.3910763515334876,0.3881183488398052,0.43044756443457544,0.3874719440937042
ft_tkt_0010310,ft_sal_005511,ft_evt_0034,GENERAL,0.9361195153053811,0.9488756594440387,0.9448296062250487,0.9433835744857788
ft_tkt_0010311,ft_sal_005511,ft_evt_0034,GENERAL,0.9361195153053811,0.9488756594440387,0.9448296062250487,0.9433835744857788
ft_tkt_0010312,ft_sal_005512,ft_evt_0034,CORTESÍA,0.3910763515334876,0.38623587926490666,0.46436831783958205,0.47987106442451477
ft_tkt_0010313,ft_sal_005512,ft_evt_0034,CORTESÍA,0.3910763515334876,0.38623587926490666,0.46436831783958205,0.47987106442451477
ft_tkt_0010314,ft_sal_005513,ft_evt_0034,GENERAL,0.9361195153053811,0.9307845953593574,0.9384180926795407,0.9326618909835815
ft_tkt_0010315,ft_sal_005513,ft_evt_0034,GENERAL,0.9361195153053811,0.9307845953593574,0.9384180926795407,0.9326618909835815
ft_tkt_0010316,ft_sal_005514,ft_evt_0050,GENERAL,0.9361195153053811,0.9513783472920565,0.9343858843038632,0.919104278087616
ft_tkt_0010317,ft_sal_005515,ft_evt_0050,GENERAL,0.9361195153053811,0.9692015248787239,0.9204831156499894,0.9190605878829956
ft_tkt_0010318,ft_sal_005515,ft_evt_0050,GENERAL,0.9361195153053811,0.9692015248787239,0.9204831156499894,0.9190605878829956
ft_tkt_0010319,ft_sal_005516,ft_evt_0050,GENERAL,0.9361195153053811,0.956796821085273,0.919449466508636,0.9192571043968201
ft_tkt_0010320,ft_sal_005516,ft_evt_0050,GENERAL,0.9361195153053811,0.956796821085273,0.919449466508636,0.9192571043968201
ft_tkt_0010321,ft_sal_005517,ft_evt_0050,VIP,0.937698148842865,0.9555483803405532,0.9336563064287233,0.954338014125824
ft_tkt_0010322,ft_sal_005517,ft_evt_0050,VIP,0.937698148842865,0.9555483803405532,0.9336563064287233,0.954338014125824
ft_tkt_0010323,ft_sal_005517,ft_evt_0050,VIP,0.937698148842865,0.9555483803405532,0.9336563064287233,0.954338014125824
ft_tkt_0010324,ft_sal_005517,ft_evt_0050,VIP,0.937698148842865,0.9555483803405532,0.9336563064287233,0.954338014125824
ft_tkt_0010325,ft_sal_005518,ft_evt_0050,GENERAL,0.9361195153053811,0.949939919420413,0.9346259020219307,0.9063538908958435
ft_tkt_0010326,ft_sal_005519,ft_evt_0050,GENERAL,0.9361195153053811,0.9464438822020347,0.9446275674491799,0.9198651313781738
ft_tkt_0010327,ft_sal_005520,ft_evt_0050,PREFERENCIAL,0.9331061337242351,0.9066997569718112,0.9143352052999789,0.8983089327812195
ft_tkt_0010328,ft_sal_005521,ft_evt_0050,GENERAL,0.9361195153053811,0.9435679870979331,0.9292499113627303,0.8917837738990784
ft_tkt_0010329,ft_sal_005521,ft_evt_0050,GENERAL,0.9361195153053811,0.9435679870979331,0.9292499113627303,0.8917837738990784
ft_tkt_0010330,ft_sal_005522,ft_evt_0050,GENERAL,0.9361195153053811,0.93927058073619,0.9356886216441762,0.9155734181404114
ft_tkt_0010331,ft_sal_005523,ft_evt_0050,GENERAL,0.9361195153053811,0.9661912145248113,0.936591990220168,0.9189246892929077
ft_tkt_0010332,ft_sal_005524,ft_evt_0050,VIP,0.937698148842865,0.9766586086607467,0.9393075921661692,0.9445009827613831
ft_tkt_0010333,ft_sal_005525,ft_evt_0050,PREFERENCIAL,0.9331061337242351,0.9500494293442332,0.9318701081965385,0.944794237613678
ft_tkt_0010334,ft_sal_005525,ft_evt_0050,PREFERENCIAL,0.9331061337242351,0.9500494293442332,0.9318701081965385,0.944794237613678
ft_tkt_0010335,ft_sal_005525,ft_evt_0050,PREFERENCIAL,0.9331061337242351,0.9500494293442332,0.9318701081965385,0.944794237613678
ft_tkt_0010336,ft_sal_005526,ft_evt_0050,GENERAL,0.9361195153053811,0.9559100991362022,0.92057663909527,0.9166577458381653
ft_tkt_0010337,ft_sal_005526,ft_evt_0050,GENERAL,0.9361195153053811,0.9559100991362022,0.92057663909527,0.9166577458381653
ft_tkt_0010338,ft_sal_005526,ft_evt_0050,GENERAL,0.9361195153053811,0.9559100991362022,0.92057663909527,0.9166577458381653
ft_tkt_0010339,ft_sal_005527,ft_evt_0050,CORTESÍA,0.3910763515334876,0.3952073758344751,0.365968689704744,0.371425062417984
ft_tkt_0010340,ft_sal_005528,ft_evt_0050,VIP,0.937698148842865,0.9720775237178622,0.9312558072484818,0.9449880719184875
ft_tkt_0010341,ft_sal_005528,ft_evt_0050,VIP,0.937698148842865,0.9720775237178622,0.9312558072484818,0.9449880719184875
ft_tkt_0010342,ft_sal_005529,ft_evt_0050,GENERAL,0.9361195153053811,0.9695367877548425,0.9210840264994729,0.9171034693717957
ft_tkt_0010343,ft_sal_005529,ft_evt_0050,GENERAL,0.9361195153053811,0.9695367877548425,0.9210840264994729,0.9171034693717957
ft_tkt_0010344,ft_sal_005530,ft_evt_0050,GENERAL,0.9361195153053811,0.9175943943646264,0.9244739469338775,0.9358361959457397
ft_tkt_0010345,ft_sal_005531,ft_evt_0050,CORTESÍA,0.3910763515334876,0.41016950624341325,0.32811476924092686,0.4206744134426117
ft_tkt_0010346,ft_sal_005532,ft_evt_0050,PREFERENCIAL,0.9331061337242351,0.9414221937533207,0.9293339019249153,0.9412896037101746
ft_tkt_0010347,ft_sal_005532,ft_evt_0050,PREFERENCIAL,0.9331061337242351,0.9414221937533207,0.9293339019249153,0.9412896037101746
ft_tkt_0010348,ft_sal_005533,ft_evt_0050,PREFERENCIAL,0.9331061337242351,0.9623811375378549,0.937125417196869,0.9429359436035156
ft_tkt_0010349,ft_sal_005533,ft_evt_0050,PREFERENCIAL,0.9331061337242351,0.9623811375378549,0.937125417196869,0.9429359436035156
ft_tkt_0010350,ft_sal_005534,ft_evt_0050,PREFERENCIAL,0.9331061337242351,0.944855600567298,0.9371034787200188,0.9144286513328552
ft_tkt_0010351,ft_sal_005535,ft_evt_0050,GENERAL,0.9361195153053811,0.9483925888760041,0.9235155385557887,0.9353277683258057
ft_tkt_0010352,ft_sal_005535,ft_evt_0050,GENERAL,0.9361195153053811,0.9483925888760041,0.9235155385557887,0.9353277683258057
ft_tkt_0010353,ft_sal_005536,ft_evt_0050,PREFERENCIAL,0.9331061337242351,0.9259007484048414,0.92393398305728,0.9444584250450134
ft_tkt_0010354,ft_sal_005536,ft_evt_0050,PREFERENCIAL,0.9331061337242351,0.9259007484048414,0.92393398305728,0.9444584250450134
ft_tkt_0010355,ft_sal_005537,ft_evt_0050,VIP,0.937698148842865,0.9675372689503464,0.9380053652784531,0.957832932472229
ft_tkt_0010356,ft_sal_005537,ft_evt_0050,VIP,0.937698148842865,0.9675372689503464,0.9380053652784531,0.957832932472229
ft_tkt_0010357,ft_sal_005537,ft_evt_0050,VIP,0.937698148842865,0.9675372689503464,0.9380053652784531,0.957832932472229
ft_tkt_0010358,ft_sal_005537,ft_evt_0050,VIP,0.937698148842865,0.9675372689503464,0.9380053652784531,0.957832932472229
ft_tkt_0010359,ft_sal_005538,ft_evt_0050,GENERAL,0.9361195153053811,0.9395700910274262,0.8954775918015779,0.8995463848114014
ft_tkt_0010360,ft_sal_005538,ft_evt_0050,GENERAL,0.9361195153053811,0.9395700910274262,0.8954775918015779,0.8995463848114014
ft_tkt_0010361,ft_sal_005538,ft_evt_0050,GENERAL,0.9361195153053811,0.9395700910274262,0.8954775918015779,0.8995463848114014
ft_tkt_0010362,ft_sal_005539,ft_evt_0050,VIP,0.937698148842865,0.97952118143695,0.9382732156800987,0.9507953524589539
ft_tkt_0010363,ft_sal_005539,ft_evt_0050,VIP,0.937698148842865,0.97952118143695,0.9382732156800987,0.9507953524589539
ft_tkt_0010364,ft_sal_005540,ft_evt_0050,PREFERENCIAL,0.9331061337242351,0.9676308580521188,0.9507238766248326,0.9478713274002075
ft_tkt_0010365,ft_sal_005541,ft_evt_0050,VIP,0.937698148842865,0.9581581847447176,0.9350853548023392,0.9543651342391968
ft_tkt_0010366,ft_sal_005542,ft_evt_0050,GENERAL,0.9361195153053811,0.9653416321605255,0.9260708039597441,0.9167625904083252
ft_tkt_0010367,ft_sal_005542,ft_evt_0050,GENERAL,0.9361195153053811,0.9653416321605255,0.9260708039597441,0.9167625904083252
ft_tkt_0010368,ft_sal_005543,ft_evt_0050,VIP,0.937698148842865,0.9677343236981413,0.9550889242154051,0.9689170718193054
ft_tkt_0010369,ft_sal_005543,ft_evt_0050,VIP,0.937698148842865,0.9677343236981413,0.9550889242154051,0.9689170718193054
ft_tkt_0010370,ft_sal_005543,ft_evt_0050,VIP,0.937698148842865,0.9677343236981413,0.9550889242154051,0.9689170718193054
ft_tkt_0010371,ft_sal_005544,ft_evt_0050,GENERAL,0.9361195153053811,0.941961940510768,0.9226504010413744,0.8821206092834473
ft_tkt_0010372,ft_sal_005544,ft_evt_0050,GENERAL,0.9361195153053811,0.941961940510768,0.9226504010413744,0.8821206092834473
ft_tkt_0010373,ft_sal_005545,ft_evt_0050,GENERAL,0.9361195153053811,0.9500988611580906,0.9346259020219307,0.9063538908958435
ft_tkt_0010374,ft_sal_005546,ft_evt_0050,GENERAL,0.9361195153053811,0.9637982248759924,0.9426116622362819,0.9349139332771301
ft_tkt_0010375,ft_sal_005546,ft_evt_0050,GENERAL,0.9361195153053811,0.9637982248759924,0.9426116622362819,0.9349139332771301
ft_tkt_0010376,ft_sal_005547,ft_evt_0050,GENERAL,0.9361195153053811,0.9552934643865129,0.919449466508636,0.9185881018638611
ft_tkt_0010377,ft_sal_005547,ft_evt_0050,GENERAL,0.9361195153053811,0.9552934643865129,0.919449466508636,0.9185881018638611
ft_tkt_0010378,ft_sal_005548,ft_evt_0050,GENERAL,0.9361195153053811,0.9367065640245691,0.9028483436034347,0.8984783291816711
ft_tkt_0010379,ft_sal_005548,ft_evt_0050,GENERAL,0.9361195153053811,0.9367065640245691,0.9028483436034347,0.8984783291816711
ft_tkt_0010380,ft_sal_005549,ft_evt_0050,GENERAL,0.9361195153053811,0.9590128354306803,0.9361769707046934,0.9296919703483582
ft_tkt_0010381,ft_sal_005549,ft_evt_0050,GENERAL,0.9361195153053811,0.9590128354306803,0.9361769707046934,0.9296919703483582
ft_tkt_0010382,ft_sal_005550,ft_evt_0050,GENERAL,0.9361195153053811,0.9685538120212908,0.920814670129653,0.9183315634727478
ft_tkt_0010383,ft_sal_005550,ft_evt_0050,GENERAL,0.9361195153053811,0.9685538120212908,0.920814670129653,0.9183315634727478
ft_tkt_0010384,ft_sal_005550,ft_evt_0050,GENERAL,0.9361195153053811,0.9685538120212908,0.920814670129653,0.9183315634727478
ft_tkt_0010385,ft_sal_005551,ft_evt_0050,VIP,0.937698148842865,0.9789882786217979,0.9599894206250478,0.9725770354270935
ft_tkt_0010386,ft_sal_005551,ft_evt_0050,VIP,0.937698148842865,0.9789882786217979,0.9599894206250478,0.9725770354270935
ft_tkt_0010387,ft_sal_005552,ft_evt_0050,VIP,0.937698148842865,0.9621567559317269,0.9299416866375736,0.9541192650794983
ft_tkt_0010388,ft_sal_005552,ft_evt_0050,VIP,0.937698148842865,0.9621567559317269,0.9299416866375736,0.9541192650794983
ft_tkt_0010389,ft_sal_005553,ft_evt_0050,VIP,0.937698148842865,0.9674799294854204,0.9385022959937588,0.9448970556259155
ft_tkt_0010390,ft_sal_005554,ft_evt_0050,GENERAL,0.9361195153053811,0.9492863289337052,0.9205971249399224,0.9064845442771912
ft_tkt_0010391,ft_sal_005555,ft_evt_0050,GENERAL,0.9361195153053811,0.950865031137685,0.9343858843038632,0.9220620393753052
ft_tkt_0010392,ft_sal_005556,ft_evt_0050,GENERAL,0.9361195153053811,0.9155189920186108,0.9345874072692245,0.9374862313270569
ft_tkt_0010393,ft_sal_005557,ft_evt_0050,GENERAL,0.9361195153053811,0.9444809114647841,0.9332128000464851,0.9220426082611084
ft_tkt_0010394,ft_sal_005557,ft_evt_0050,GENERAL,0.9361195153053811,0.9444809114647841,0.9332128000464851,0.9220426082611084
ft_tkt_0010395,ft_sal_005558,ft_evt_0050,GENERAL,0.9361195153053811,0.9568992101591713,0.9355496414903988,0.9320597052574158
ft_tkt_0010396,ft_sal_005558,ft_evt_0050,GENERAL,0.9361195153053811,0.9568992101591713,0.9355496414903988,0.9320597052574158
ft_tkt_0010397,ft_sal_005558,ft_evt_0050,GENERAL,0.9361195153053811,0.9568992101591713,0.9355496414903988,0.9320597052574158
ft_tkt_0010398,ft_sal_005559,ft_evt_0050,GENERAL,0.9361195153053811,0.943099416066409,0.9304538023525888,0.9304935932159424
ft_tkt_0010399,ft_sal_005559,ft_evt_0050,GENERAL,0.9361195153053811,0.943099416066409,0.9304538023525888,0.9304935932159424
ft_tkt_0010400,ft_sal_005560,ft_evt_0050,GENERAL,0.9361195153053811,0.9571324637345703,0.9202441742875955,0.9185466766357422
ft_tkt_0010401,ft_sal_005560,ft_evt_0050,GENERAL,0.9361195153053811,0.9571324637345703,0.9202441742875955,0.9185466766357422
ft_tkt_0010402,ft_sal_005561,ft_evt_0050,VIP,0.937698148842865,0.9548292078981245,0.9244576697193191,0.9149592518806458
ft_tkt_0010403,ft_sal_005561,ft_evt_0050,VIP,0.937698148842865,0.9548292078981245,0.9244576697193191,0.9149592518806458
ft_tkt_0010404,ft_sal_005562,ft_evt_0050,VIP,0.937698148842865,0.9683574521490375,0.9393532947155063,0.9582502245903015
ft_tkt_0010405,ft_sal_005562,ft_evt_0050,VIP,0.937698148842865,0.9683574521490375,0.9393532947155063,0.9582502245903015
ft_tkt_0010406,ft_sal_005562,ft_evt_0050,VIP,0.937698148842865,0.9683574521490375,0.9393532947155063,0.9582502245903015
ft_tkt_0010407,ft_sal_005562,ft_evt_0050,VIP,0.937698148842865,0.9683574521490375,0.9393532947155063,0.9582502245903015
ft_tkt_0010408,ft_sal_005563,ft_evt_0050,GENERAL,0.9361195153053811,0.9556651106367341,0.9203906858766833,0.9166577458381653
ft_tkt_0010409,ft_sal_005563,ft_evt_0050,GENERAL,0.9361195153053811,0.9556651106367341,0.9203906858766833,0.9166577458381653
ft_tkt_0010410,ft_sal_005563,ft_evt_0050,GENERAL,0.9361195153053811,0.9556651106367341,0.9203906858766833,0.9166577458381653
ft_tkt_0010411,ft_sal_005564,ft_evt_0050,GENERAL,0.9361195153053811,0.9345358751817509,0.91342080107365,0.9122629165649414
ft_tkt_0010412,ft_sal_005564,ft_evt_0050,GENERAL,0.9361195153053811,0.9345358751817509,0.91342080107365,0.9122629165649414
ft_tkt_0010413,ft_sal_005565,ft_evt_0050,GENERAL,0.9361195153053811,0.9525626274502652,0.9368054613327989,0.9171850085258484
ft_tkt_0010414,ft_sal_005566,ft_evt_0050,GENERAL,0.9361195153053811,0.9388018004191132,0.9151511980912352,0.920506477355957
ft_tkt_0010415,ft_sal_005566,ft_evt_0050,GENERAL,0.9361195153053811,0.9388018004191132,0.9151511980912352,0.920506477355957
ft_tkt_0010416,ft_sal_005566,ft_evt_0050,GENERAL,0.9361195153053811,0.9388018004191132,0.9151511980912352,0.920506477355957
ft_tkt_0010417,ft_sal_005566,ft_evt_0050,GENERAL,0.9361195153053811,0.9388018004191132,0.9151511980912352,0.920506477355957
ft_tkt_0010418,ft_sal_005567,ft_evt_0050,GENERAL,0.9361195153053811,0.9243569466852489,0.9369075047498113,0.9419577717781067
ft_tkt_0010419,ft_sal_005568,ft_evt_0050,GENERAL,0.9361195153053811,0.9502547663463922,0.904800279595851,0.8985544443130493
ft_tkt_0010420,ft_sal_005568,ft_evt_0050,GENERAL,0.9361195153053811,0.9502547663463922,0.904800279595851,0.8985544443130493
ft_tkt_0010421,ft_sal_005569,ft_evt_0050,GENERAL,0.9361195153053811,0.9677531983608305,0.9467935089782263,0.9271003603935242
ft_tkt_0010422,ft_sal_005570,ft_evt_0050,GENERAL,0.9361195153053811,0.9579966724992718,0.9053966459757287,0.8965409398078918
ft_tkt_0010423,ft_sal_005570,ft_evt_0050,GENERAL,0.9361195153053811,0.9579966724992718,0.9053966459757287,0.8965409398078918
ft_tkt_0010424,ft_sal_005570,ft_evt_0050,GENERAL,0.9361195153053811,0.9579966724992718,0.9053966459757287,0.8965409398078918
ft_tkt_0010425,ft_sal_005571,ft_evt_0050,VIP,0.937698148842865,0.9716426798506269,0.9388142218465554,0.9597427248954773
ft_tkt_0010426,ft_sal_005571,ft_evt_0050,VIP,0.937698148842865,0.9716426798506269,0.9388142218465554,0.9597427248954773
ft_tkt_0010427,ft_sal_005572,ft_evt_0050,VIP,0.937698148842865,0.9704051330135528,0.9300353637116034,0.9282192587852478
ft_tkt_0010428,ft_sal_005573,ft_evt_0050,GENERAL,0.9361195153053811,0.9852924921586246,0.9551190321498124,0.931547224521637
ft_tkt_0010429,ft_sal_005574,ft_evt_0050,GENERAL,0.9361195153053811,0.9398385274374125,0.9130661764772167,0.9377537965774536
ft_tkt_0010430,ft_sal_005574,ft_evt_0050,GENERAL,0.9361195153053811,0.9398385274374125,0.9130661764772167,0.9377537965774536
ft_tkt_0010431,ft_sal_005575,ft_evt_0050,GENERAL,0.9361195153053811,0.9494349421779816,0.9198565136018725,0.9058494567871094
ft_tkt_0010432,ft_sal_005576,ft_evt_0050,GENERAL,0.9361195153053811,0.941636508231578,0.9081497686926449,0.9269641041755676
ft_tkt_0010433,ft_sal_005576,ft_evt_0050,GENERAL,0.9361195153053811,0.941636508231578,0.9081497686926449,0.9269641041755676
ft_tkt_0010434,ft_sal_005577,ft_evt_0050,PREFERENCIAL,0.9331061337242351,0.9518336860441373,0.9264723441143693,0.9310262799263
ft_tkt_0010435,ft_sal_005577,ft_evt_0050,PREFERENCIAL,0.9331061337242351,0.9518336860441373,0.9264723441143693,0.9310262799263
ft_tkt_0010436,ft_sal_005578,ft_evt_0050,PREFERENCIAL,0.9331061337242351,0.9483634480931933,0.9328435749593722,0.9413610696792603
ft_tkt_0010437,ft_sal_005578,ft_evt_0050,PREFERENCIAL,0.9331061337242351,0.9483634480931933,0.9328435749593722,0.9413610696792603
ft_tkt_0010438,ft_sal_005579,ft_evt_0050,GENERAL,0.9361195153053811,0.9554035723220193,0.9197849553177863,0.9173410534858704
ft_tkt_0010439,ft_sal_005579,ft_evt_0050,GENERAL,0.9361195153053811,0.9554035723220193,0.9197849553177863,0.9173410534858704
ft_tkt_0010440,ft_sal_005579,ft_evt_0050,GENERAL,0.9361195153053811,0.9554035723220193,0.9197849553177863,0.9173410534858704
ft_tkt_0010441,ft_sal_005580,ft_evt_0050,GENERAL,0.9361195153053811,0.9568311466595795,0.9200575102677336,0.917304277420044
ft_tkt_0010442,ft_sal_005580,ft_evt_0050,GENERAL,0.9361195153053811,0.9568311466595795,0.9200575102677336,0.917304277420044
ft_tkt_0010443,ft_sal_005581,ft_evt_0050,GENERAL,0.9361195153053811,0.9575005037070223,0.9255281161536772,0.9291472434997559
ft_tkt_0010444,ft_sal_005581,ft_evt_0050,GENERAL,0.9361195153053811,0.9575005037070223,0.9255281161536772,0.9291472434997559
ft_tkt_0010445,ft_sal_005582,ft_evt_0050,GENERAL,0.9361195153053811,0.9587017715693154,0.9435843700157016,0.9392679929733276
ft_tkt_0010446,ft_sal_005582,ft_evt_0050,GENERAL,0.9361195153053811,0.9587017715693154,0.9435843700157016,0.9392679929733276
ft_tkt_0010447,ft_sal_005583,ft_evt_0050,GENERAL,0.9361195153053811,0.9793602031128837,0.9539702940711248,0.9366098046302795
ft_tkt_0010448,ft_sal_005584,ft_evt_0050,GENERAL,0.9361195153053811,0.9693623605369903,0.9383547149018419,0.931159257888794
ft_tkt_0010449,ft_sal_005584,ft_evt_0050,GENERAL,0.9361195153053811,0.9693623605369903,0.9383547149018419,0.931159257888794
ft_tkt_0010450,ft_sal_005584,ft_evt_0050,GENERAL,0.9361195153053811,0.9693623605369903,0.9383547149018419,0.931159257888794
ft_tkt_0010451,ft_sal_005584,ft_evt_0050,GENERAL,0.9361195153053811,0.9693623605369903,0.9383547149018419,0.931159257888794
ft_tkt_0010452,ft_sal_005585,ft_evt_0050,GENERAL,0.9361195153053811,0.9561547350707423,0.9307759869145329,0.9287590980529785
ft_tkt_0010453,ft_sal_005586,ft_evt_0050,VIP,0.937698148842865,0.9702153459321271,0.937455108769961,0.9407563805580139
ft_tkt_0010454,ft_sal_005586,ft_evt_0050,VIP,0.937698148842865,0.9702153459321271,0.937455108769961,0.9407563805580139
ft_tkt_0010455,ft_sal_005587,ft_evt_0050,PREFERENCIAL,0.9331061337242351,0.9624335507655998,0.937455108769961,0.9438482522964478
ft_tkt_0010456,ft_sal_005587,ft_evt_0050,PREFERENCIAL,0.9331061337242351,0.9624335507655998,0.937455108769961,0.9438482522964478
ft_tkt_0010457,ft_sal_005588,ft_evt_0050,VIP,0.937698148842865,0.9711609201283543,0.937455108769961,0.9500325918197632
ft_tkt_0010458,ft_sal_005588,ft_evt_0050,VIP,0.937698148842865,0.9711609201283543,0.937455108769961,0.9500325918197632
ft_tkt_0010459,ft_sal_005589,ft_evt_0050,VIP,0.937698148842865,0.9705994799336937,0.937455108769961,0.949537456035614
ft_tkt_0010460,ft_sal_005589,ft_evt_0050,VIP,0.937698148842865,0.9705994799336937,0.937455108769961,0.949537456035614
ft_tkt_0010461,ft_sal_005590,ft_evt_0050,GENERAL,0.9361195153053811,0.9466021738821169,0.9288017766624196,0.9360142946243286
ft_tkt_0010462,ft_sal_005590,ft_evt_0050,GENERAL,0.9361195153053811,0.9466021738821169,0.9288017766624196,0.9360142946243286
ft_tkt_0010463,ft_sal_005591,ft_evt_0050,PREFERENCIAL,0.9331061337242351,0.9118622357544172,0.9181812567988851,0.9328603744506836
ft_tkt_0010464,ft_sal_005592,ft_evt_0050,VIP,0.937698148842865,0.9614503824697909,0.9302184627345494,0.9466858506202698
ft_tkt_0010465,ft_sal_005592,ft_evt_0050,VIP,0.937698148842865,0.9614503824697909,0.9302184627345494,0.9466858506202698
ft_tkt_0010466,ft_sal_005593,ft_evt_0050,VIP,0.937698148842865,0.9648565726439369,0.9386864867306098,0.9607589244842529
ft_tkt_0010467,ft_sal_005593,ft_evt_0050,VIP,0.937698148842865,0.9648565726439369,0.9386864867306098,0.9607589244842529
ft_tkt_0010468,ft_sal_005593,ft_evt_0050,VIP,0.937698148842865,0.9648565726439369,0.9386864867306098,0.9607589244842529
ft_tkt_0010469,ft_sal_005593,ft_evt_0050,VIP,0.937698148842865,0.9648565726439369,0.9386864867306098,0.9607589244842529
ft_tkt_0010470,ft_sal_005593,ft_evt_0050,VIP,0.937698148842865,0.9648565726439369,0.9386864867306098,0.9607589244842529
ft_tkt_0010471,ft_sal_005593,ft_evt_0050,VIP,0.937698148842865,0.9648565726439369,0.9386864867306098,0.9607589244842529
ft_tkt_0010472,ft_sal_005594,ft_evt_0050,GENERAL,0.9361195153053811,0.9152700884657593,0.9033221419520441,0.9169690608978271
ft_tkt_0010473,ft_sal_005595,ft_evt_0050,GENERAL,0.9361195153053811,0.9330085424592403,0.921547286526844,0.9091494083404541
ft_tkt_0010474,ft_sal_005595,ft_evt_0050,GENERAL,0.9361195153053811,0.9330085424592403,0.921547286526844,0.9091494083404541
ft_tkt_0010475,ft_sal_005596,ft_evt_0050,GENERAL,0.9361195153053811,0.9862524054320798,0.9432159231536155,0.9310110807418823
ft_tkt_0010476,ft_sal_005597,ft_evt_0050,GENERAL,0.9361195153053811,0.9444119952852638,0.9285794633850168,0.9212639927864075
ft_tkt_0010477,ft_sal_005598,ft_evt_0050,GENERAL,0.9361195153053811,0.9452619166930112,0.925197922895837,0.900407612323761
ft_tkt_0010478,ft_sal_005598,ft_evt_0050,GENERAL,0.9361195153053811,0.9452619166930112,0.925197922895837,0.900407612323761
ft_tkt_0010479,ft_sal_005599,ft_evt_0050,VIP,0.937698148842865,0.9544866266440011,0.9345677864049549,0.9578728675842285
ft_tkt_0010480,ft_sal_005599,ft_evt_0050,VIP,0.937698148842865,0.9544866266440011,0.9345677864049549,0.9578728675842285
ft_tkt_0010481,ft_sal_005599,ft_evt_0050,VIP,0.937698148842865,0.9544866266440011,0.9345677864049549,0.9578728675842285
ft_tkt_0010482,ft_sal_005599,ft_evt_0050,VIP,0.937698148842865,0.9544866266440011,0.9345677864049549,0.9578728675842285
ft_tkt_0010483,ft_sal_005600,ft_evt_0050,GENERAL,0.9361195153053811,0.9225857856618576,0.9253739827042914,0.929366946220398
ft_tkt_0010484,ft_sal_005600,ft_evt_0050,GENERAL,0.9361195153053811,0.9225857856618576,0.9253739827042914,0.929366946220398
ft_tkt_0010485,ft_sal_005601,ft_evt_0050,GENERAL,0.9361195153053811,0.9587654187601353,0.9361769707046934,0.9296919703483582
ft_tkt_0010486,ft_sal_005601,ft_evt_0050,GENERAL,0.9361195153053811,0.9587654187601353,0.9361769707046934,0.9296919703483582
ft_tkt_0010487,ft_sal_005602,ft_evt_0050,PREFERENCIAL,0.9331061337242351,0.9624868111703532,0.937455108769961,0.9429359436035156
ft_tkt_0010488,ft_sal_005602,ft_evt_0050,PREFERENCIAL,0.9331061337242351,0.9624868111703532,0.937455108769961,0.9429359436035156
ft_tkt_0010489,ft_sal_005603,ft_evt_0050,VIP,0.937698148842865,0.9549224399133917,0.9311371762002966,0.9571932554244995
ft_tkt_0010490,ft_sal_005603,ft_evt_0050,VIP,0.937698148842865,0.9549224399133917,0.9311371762002966,0.9571932554244995
ft_tkt_0010491,ft_sal_005604,ft_evt_0050,CORTESÍA,0.3910763515334876,0.3951073705686819,0.365968689704744,0.371425062417984
ft_tkt_0010492,ft_sal_005605,ft_evt_0050,GENERAL,0.9361195153053811,0.969400553856695,0.9210840264994729,0.9171034693717957
ft_tkt_0010493,ft_sal_005605,ft_evt_0050,GENERAL,0.9361195153053811,0.969400553856695,0.9210840264994729,0.9171034693717957
ft_tkt_0010494,ft_sal_005606,ft_evt_0050,PREFERENCIAL,0.9331061337242351,0.9613594358192674,0.9377206846644079,0.9538236260414124
ft_tkt_0010495,ft_sal_005606,ft_evt_0050,PREFERENCIAL,0.9331061337242351,0.9613594358192674,0.9377206846644079,0.9538236260414124
ft_tkt_0010496,ft_sal_005606,ft_evt_0050,PREFERENCIAL,0.9331061337242351,0.9613594358192674,0.9377206846644079,0.9538236260414124
ft_tkt_0010497,ft_sal_005607,ft_evt_0050,GENERAL,0.9361195153053811,0.9494951712037976,0.9198565136018725,0.9058494567871094
ft_tkt_0010498,ft_sal_005608,ft_evt_0050,GENERAL,0.9361195153053811,0.9641866173415438,0.9450266138105753,0.9367278814315796
ft_tkt_0010499,ft_sal_005608,ft_evt_0050,GENERAL,0.9361195153053811,0.9641866173415438,0.9450266138105753,0.9367278814315796
ft_tkt_0010500,ft_sal_005609,ft_evt_0050,PREFERENCIAL,0.9331061337242351,0.9402751483858702,0.9417390037347214,0.957161009311676
ft_tkt_0010501,ft_sal_005610,ft_evt_0050,GENERAL,0.9361195153053811,0.9514968310843858,0.9349882497663599,0.9179041981697083
ft_tkt_0010502,ft_sal_005611,ft_evt_0050,GENERAL,0.9361195153053811,0.9316079220915985,0.9370025462275084,0.9430394768714905
ft_tkt_0010503,ft_sal_005612,ft_evt_0050,GENERAL,0.9361195153053811,0.9407127309309278,0.9255303456637285,0.9312818646430969
ft_tkt_0010504,ft_sal_005613,ft_evt_0050,GENERAL,0.9361195153053811,0.947786933949905,0.9115493013173405,0.893684983253479
ft_tkt_0010505,ft_sal_005614,ft_evt_0050,GENERAL,0.9361195153053811,0.9512864887959601,0.9357531266453512,0.9188827872276306
ft_tkt_0010506,ft_sal_005615,ft_evt_0050,CORTESÍA,0.3910763515334876,0.39610782418234264,0.365968689704744,0.371425062417984
ft_tkt_0010507,ft_sal_005616,ft_evt_0050,GENERAL,0.9361195153053811,0.9504897409981801,0.9104825869066111,0.9092982411384583
ft_tkt_0010508,ft_sal_005616,ft_evt_0050,GENERAL,0.9361195153053811,0.9504897409981801,0.9104825869066111,0.9092982411384583
ft_tkt_0010509,ft_sal_005616,ft_evt_0050,GENERAL,0.9361195153053811,0.9504897409981801,0.9104825869066111,0.9092982411384583
ft_tkt_0010510,ft_sal_005617,ft_evt_0050,PREFERENCIAL,0.9331061337242351,0.9565288689379357,0.9370511965480086,0.958705723285675
ft_tkt_0010511,ft_sal_005618,ft_evt_0050,PREFERENCIAL,0.9331061337242351,0.9568901590528924,0.9285020052243736,0.9343340396881104
ft_tkt_0010512,ft_sal_005618,ft_evt_0050,PREFERENCIAL,0.9331061337242351,0.9568901590528924,0.9285020052243736,0.9343340396881104
ft_tkt_0010513,ft_sal_005619,ft_evt_0050,GENERAL,0.9361195153053811,0.9711013514498229,0.937507843218012,0.9280091524124146
ft_tkt_0010514,ft_sal_005619,ft_evt_0050,GENERAL,0.9361195153053811,0.9711013514498229,0.937507843218012,0.9280091524124146
ft_tkt_0010515,ft_sal_005620,ft_evt_0050,CORTESÍA,0.3910763515334876,0.39480740506949846,0.365968689704744,0.371425062417984
ft_tkt_0010516,ft_sal_005621,ft_evt_0050,GENERAL,0.9361195153053811,0.9546873821034031,0.9276264371617935,0.9186176657676697
ft_tkt_0010517,ft_sal_005621,ft_evt_0050,GENERAL,0.9361195153053811,0.9546873821034031,0.9276264371617935,0.9186176657676697
ft_tkt_0010518,ft_sal_005622,ft_evt_0050,GENERAL,0.9361195153053811,0.9126217378722318,0.9163857524614871,0.8974918127059937
ft_tkt_0010519,ft_sal_005622,ft_evt_0050,GENERAL,0.9361195153053811,0.9126217378722318,0.9163857524614871,0.8974918127059937
ft_tkt_0010520,ft_sal_005623,ft_evt_0050,GENERAL,0.9361195153053811,0.9498178332188733,0.9200436061587938,0.9063538908958435
ft_tkt_0010521,ft_sal_005624,ft_evt_0050,PREFERENCIAL,0.9331061337242351,0.9721440018539667,0.934213795278975,0.9443976879119873
ft_tkt_0010522,ft_sal_005624,ft_evt_0050,PREFERENCIAL,0.9331061337242351,0.9721440018539667,0.934213795278975,0.9443976879119873
ft_tkt_0010523,ft_sal_005625,ft_evt_0050,GENERAL,0.9361195153053811,0.9356486900743496,0.9249975571485205,0.8936097621917725
ft_tkt_0010524,ft_sal_005626,ft_evt_0050,GENERAL,0.9361195153053811,0.9564850499829437,0.9370406667096179,0.9209348559379578
ft_tkt_0010525,ft_sal_005626,ft_evt_0050,GENERAL,0.9361195153053811,0.9564850499829437,0.9370406667096179,0.9209348559379578
ft_tkt_0010526,ft_sal_005626,ft_evt_0050,GENERAL,0.9361195153053811,0.9564850499829437,0.9370406667096179,0.9209348559379578
ft_tkt_0010527,ft_sal_005626,ft_evt_0050,GENERAL,0.9361195153053811,0.9564850499829437,0.9370406667096179,0.9209348559379578
ft_tkt_0010528,ft_sal_005627,ft_evt_0050,PREFERENCIAL,0.9331061337242351,0.9560704015913856,0.9368054613327989,0.9357068538665771
ft_tkt_0010529,ft_sal_005628,ft_evt_0050,PREFERENCIAL,0.9331061337242351,0.9573019621964037,0.9371367180947814,0.9363982081413269
ft_tkt_0010530,ft_sal_005629,ft_evt_0050,VIP,0.937698148842865,0.9721112125373633,0.9388142218465554,0.958416759967804
ft_tkt_0010531,ft_sal_005629,ft_evt_0050,VIP,0.937698148842865,0.9721112125373633,0.9388142218465554,0.958416759967804
ft_tkt_0010532,ft_sal_005630,ft_evt_0050,GENERAL,0.9361195153053811,0.9298265334931094,0.9271917098223083,0.8829305768013
ft_tkt_0010533,ft_sal_005631,ft_evt_0050,GENERAL,0.9361195153053811,0.9447375057775333,0.8983496381357484,0.8918428421020508
ft_tkt_0010534,ft_sal_005632,ft_evt_0050,GENERAL,0.9361195153053811,0.9493507426012503,0.949453459930107,0.9281069040298462
ft_tkt_0010535,ft_sal_005633,ft_evt_0050,VIP,0.937698148842865,0.9854631842272867,0.9577409546556299,0.9600430130958557
ft_tkt_0010536,ft_sal_005634,ft_evt_0050,GENERAL,0.9361195153053811,0.945804173740601,0.9369434343562543,0.8883888125419617
ft_tkt_0010537,ft_sal_005635,ft_evt_0050,GENERAL,0.9361195153053811,0.9546505693589517,0.9211209659475857,0.9201576709747314
ft_tkt_0010538,ft_sal_005635,ft_evt_0050,GENERAL,0.9361195153053811,0.9546505693589517,0.9211209659475857,0.9201576709747314
ft_tkt_0010539,ft_sal_005635,ft_evt_0050,GENERAL,0.9361195153053811,0.9546505693589517,0.9211209659475857,0.9201576709747314
ft_tkt_0010540,ft_sal_005635,ft_evt_0050,GENERAL,0.9361195153053811,0.9546505693589517,0.9211209659475857,0.9201576709747314
ft_tkt_0010541,ft_sal_005636,ft_evt_0050,VIP,0.937698148842865,0.971119789640855,0.937455108769961,0.9500325918197632
ft_tkt_0010542,ft_sal_005636,ft_evt_0050,VIP,0.937698148842865,0.971119789640855,0.937455108769961,0.9500325918197632
ft_tkt_0010543,ft_sal_005637,ft_evt_0050,GENERAL,0.9361195153053811,0.969382021971114,0.9204831156499894,0.918390154838562
ft_tkt_0010544,ft_sal_005637,ft_evt_0050,GENERAL,0.9361195153053811,0.969382021971114,0.9204831156499894,0.918390154838562
ft_tkt_0010545,ft_sal_005638,ft_evt_0050,GENERAL,0.9361195153053811,0.921990387250737,0.9091414241649115,0.9035826921463013
ft_tkt_0010546,ft_sal_005638,ft_evt_0050,GENERAL,0.9361195153053811,0.921990387250737,0.9091414241649115,0.9035826921463013
ft_tkt_0010547,ft_sal_005639,ft_evt_0050,GENERAL,0.9361195153053811,0.967589654577903,0.9215413924119861,0.9188343286514282
ft_tkt_0010548,ft_sal_005639,ft_evt_0050,GENERAL,0.9361195153053811,0.967589654577903,0.9215413924119861,0.9188343286514282
ft_tkt_0010549,ft_sal_005639,ft_evt_0050,GENERAL,0.9361195153053811,0.967589654577903,0.9215413924119861,0.9188343286514282
ft_tkt_0010550,ft_sal_005639,ft_evt_0050,GENERAL,0.9361195153053811,0.967589654577903,0.9215413924119861,0.9188343286514282
ft_tkt_0010551,ft_sal_005640,ft_evt_0050,GENERAL,0.9361195153053811,0.9561315733193102,0.9370406667096179,0.9212437868118286
ft_tkt_0010552,ft_sal_005640,ft_evt_0050,GENERAL,0.9361195153053811,0.9561315733193102,0.9370406667096179,0.9212437868118286
ft_tkt_0010553,ft_sal_005640,ft_evt_0050,GENERAL,0.9361195153053811,0.9561315733193102,0.9370406667096179,0.9212437868118286
ft_tkt_0010554,ft_sal_005640,ft_evt_0050,GENERAL,0.9361195153053811,0.9561315733193102,0.9370406667096179,0.9212437868118286
ft_tkt_0010555,ft_sal_005641,ft_evt_0050,GENERAL,0.9361195153053811,0.9316995252552919,0.9113928945939281,0.8994690179824829
ft_tkt_0010556,ft_sal_005641,ft_evt_0050,GENERAL,0.9361195153053811,0.9316995252552919,0.9113928945939281,0.8994690179824829
ft_tkt_0010557,ft_sal_005642,ft_evt_0050,GENERAL,0.9361195153053811,0.953330314601324,0.9364036853410594,0.9451695084571838
ft_tkt_0010558,ft_sal_005642,ft_evt_0050,GENERAL,0.9361195153053811,0.953330314601324,0.9364036853410594,0.9451695084571838
ft_tkt_0010559,ft_sal_005642,ft_evt_0050,GENERAL,0.9361195153053811,0.953330314601324,0.9364036853410594,0.9451695084571838
ft_tkt_0010560,ft_sal_005642,ft_evt_0050,GENERAL,0.9361195153053811,0.953330314601324,0.9364036853410594,0.9451695084571838
ft_tkt_0010561,ft_sal_005642,ft_evt_0050,GENERAL,0.9361195153053811,0.953330314601324,0.9364036853410594,0.9451695084571838
ft_tkt_0010562,ft_sal_005642,ft_evt_0050,GENERAL,0.9361195153053811,0.953330314601324,0.9364036853410594,0.9451695084571838
ft_tkt_0010563,ft_sal_005643,ft_evt_0050,GENERAL,0.9361195153053811,0.9570689692481689,0.9355496414903988,0.9320597052574158
ft_tkt_0010564,ft_sal_005643,ft_evt_0050,GENERAL,0.9361195153053811,0.9570689692481689,0.9355496414903988,0.9320597052574158
ft_tkt_0010565,ft_sal_005643,ft_evt_0050,GENERAL,0.9361195153053811,0.9570689692481689,0.9355496414903988,0.9320597052574158
ft_tkt_0010566,ft_sal_005644,ft_evt_0050,GENERAL,0.9361195153053811,0.9379961049118017,0.9056207612101922,0.9182074069976807
ft_tkt_0010567,ft_sal_005644,ft_evt_0050,GENERAL,0.9361195153053811,0.9379961049118017,0.9056207612101922,0.9182074069976807
ft_tkt_0010568,ft_sal_005644,ft_evt_0050,GENERAL,0.9361195153053811,0.9379961049118017,0.9056207612101922,0.9182074069976807
ft_tkt_0010569,ft_sal_005644,ft_evt_0050,GENERAL,0.9361195153053811,0.9379961049118017,0.9056207612101922,0.9182074069976807
ft_tkt_0010570,ft_sal_005645,ft_evt_0050,GENERAL,0.9361195153053811,0.9708943168625853,0.937530163677157,0.9080467820167542
ft_tkt_0010571,ft_sal_005646,ft_evt_0050,GENERAL,0.9361195153053811,0.9666700507426944,0.9413277660150903,0.9438917636871338
ft_tkt_0010572,ft_sal_005646,ft_evt_0050,GENERAL,0.9361195153053811,0.9666700507426944,0.9413277660150903,0.9438917636871338
ft_tkt_0010573,ft_sal_005647,ft_evt_0050,GENERAL,0.9361195153053811,0.9528599580679098,0.9253465364662579,0.9285710453987122
ft_tkt_0010574,ft_sal_005647,ft_evt_0050,GENERAL,0.9361195153053811,0.9528599580679098,0.9253465364662579,0.9285710453987122
ft_tkt_0010575,ft_sal_005647,ft_evt_0050,GENERAL,0.9361195153053811,0.9528599580679098,0.9253465364662579,0.9285710453987122
ft_tkt_0010576,ft_sal_005648,ft_evt_0050,GENERAL,0.9361195153053811,0.9500220262287489,0.9346259020219307,0.9241055846214294
ft_tkt_0010577,ft_sal_005649,ft_evt_0050,GENERAL,0.9361195153053811,0.9749331808937657,0.9073157795483777,0.9343370795249939
ft_tkt_0010578,ft_sal_005650,ft_evt_0050,PREFERENCIAL,0.9331061337242351,0.9622218829324367,0.937125417196869,0.9429359436035156
ft_tkt_0010579,ft_sal_005650,ft_evt_0050,PREFERENCIAL,0.9331061337242351,0.9622218829324367,0.937125417196869,0.9429359436035156
ft_tkt_0010580,ft_sal_005651,ft_evt_0050,GENERAL,0.9361195153053811,0.9495753709970711,0.9198565136018725,0.9058494567871094
ft_tkt_0010581,ft_sal_005652,ft_evt_0050,VIP,0.937698148842865,0.9822841776595678,0.9341614977370531,0.9452653527259827
ft_tkt_0010582,ft_sal_005653,ft_evt_0050,GENERAL,0.9361195153053811,0.9597343895681872,0.9353755747245314,0.910269558429718
ft_tkt_0010583,ft_sal_005654,ft_evt_0050,GENERAL,0.9361195153053811,0.9391840607234663,0.9325890795823668,0.940010666847229
ft_tkt_0010584,ft_sal_005655,ft_evt_0050,PREFERENCIAL,0.9331061337242351,0.9221553926877946,0.9213176172076321,0.9347409009933472
ft_tkt_0010585,ft_sal_005655,ft_evt_0050,PREFERENCIAL,0.9331061337242351,0.9221553926877946,0.9213176172076321,0.9347409009933472
ft_tkt_0010586,ft_sal_005656,ft_evt_0050,PREFERENCIAL,0.9331061337242351,0.9570968608615833,0.9371367180947814,0.9391129612922668
ft_tkt_0010587,ft_sal_005657,ft_evt_0050,VIP,0.937698148842865,0.9795547277277231,0.9382732156800987,0.9507953524589539
ft_tkt_0010588,ft_sal_005657,ft_evt_0050,VIP,0.937698148842865,0.9795547277277231,0.9382732156800987,0.9507953524589539
ft_tkt_0010589,ft_sal_005658,ft_evt_0050,VIP,0.937698148842865,0.958971667556628,0.929298873276013,0.9543327689170837
ft_tkt_0010590,ft_sal_005658,ft_evt_0050,VIP,0.937698148842865,0.958971667556628,0.929298873276013,0.9543327689170837
ft_tkt_0010591,ft_sal_005658,ft_evt_0050,VIP,0.937698148842865,0.958971667556628,0.929298873276013,0.9543327689170837
ft_tkt_0010592,ft_sal_005659,ft_evt_0050,GENERAL,0.9361195153053811,0.9509796828332101,0.9343858843038632,0.9229439496994019
ft_tkt_0010593,ft_sal_005660,ft_evt_0050,GENERAL,0.9361195153053811,0.9551618713012179,0.9068695120857468,0.9070509672164917
ft_tkt_0010594,ft_sal_005660,ft_evt_0050,GENERAL,0.9361195153053811,0.9551618713012179,0.9068695120857468,0.9070509672164917
ft_tkt_0010595,ft_sal_005661,ft_evt_0050,VIP,0.937698148842865,0.9686589113802763,0.9385022959937588,0.9441900253295898
ft_tkt_0010596,ft_sal_005662,ft_evt_0050,GENERAL,0.9361195153053811,0.9569156531923941,0.9331325647568692,0.936323881149292
ft_tkt_0010597,ft_sal_005663,ft_evt_0050,GENERAL,0.9361195153053811,0.9201470949167396,0.9083460532902395,0.8979698419570923
ft_tkt_0010598,ft_sal_005663,ft_evt_0050,GENERAL,0.9361195153053811,0.9201470949167396,0.9083460532902395,0.8979698419570923
ft_tkt_0010599,ft_sal_005664,ft_evt_0050,GENERAL,0.9361195153053811,0.9413144731518857,0.9327792547940055,0.931186854839325
ft_tkt_0010600,ft_sal_005665,ft_evt_0050,GENERAL,0.9361195153053811,0.949452422398644,0.9192470752396309,0.9058494567871094
ft_tkt_0010601,ft_sal_005666,ft_evt_0050,GENERAL,0.9361195153053811,0.966025046951224,0.936591990220168,0.9174960851669312
ft_tkt_0010602,ft_sal_005667,ft_evt_0050,GENERAL,0.9361195153053811,0.9559981889104568,0.92057663909527,0.9166577458381653
ft_tkt_0010603,ft_sal_005667,ft_evt_0050,GENERAL,0.9361195153053811,0.9559981889104568,0.92057663909527,0.9166577458381653
ft_tkt_0010604,ft_sal_005667,ft_evt_0050,GENERAL,0.9361195153053811,0.9559981889104568,0.92057663909527,0.9166577458381653
ft_tkt_0010605,ft_sal_005668,ft_evt_0050,GENERAL,0.9361195153053811,0.9313847443680789,0.9255829469963027,0.9213985800743103
ft_tkt_0010606,ft_sal_005668,ft_evt_0050,GENERAL,0.9361195153053811,0.9313847443680789,0.9255829469963027,0.9213985800743103
ft_tkt_0010607,ft_sal_005669,ft_evt_0050,GENERAL,0.9361195153053811,0.9762802768213406,0.9467814816828146,0.9309017658233643
ft_tkt_0010608,ft_sal_005670,ft_evt_0050,GENERAL,0.9361195153053811,0.9320237523762437,0.910997042557451,0.905414342880249
ft_tkt_0010609,ft_sal_005671,ft_evt_0050,PREFERENCIAL,0.9331061337242351,0.9577553925506398,0.9371367180947814,0.9383700489997864
ft_tkt_0010610,ft_sal_005672,ft_evt_0050,GENERAL,0.9361195153053811,0.9386430715406967,0.9063913788132142,0.9238488078117371
ft_tkt_0010611,ft_sal_005672,ft_evt_0050,GENERAL,0.9361195153053811,0.9386430715406967,0.9063913788132142,0.9238488078117371
ft_tkt_0010612,ft_sal_005672,ft_evt_0050,GENERAL,0.9361195153053811,0.9386430715406967,0.9063913788132142,0.9238488078117371
ft_tkt_0010613,ft_sal_005672,ft_evt_0050,GENERAL,0.9361195153053811,0.9386430715406967,0.9063913788132142,0.9238488078117371
ft_tkt_0010614,ft_sal_005672,ft_evt_0050,GENERAL,0.9361195153053811,0.9386430715406967,0.9063913788132142,0.9238488078117371
ft_tkt_0010615,ft_sal_005672,ft_evt_0050,GENERAL,0.9361195153053811,0.9386430715406967,0.9063913788132142,0.9238488078117371
ft_tkt_0010616,ft_sal_005673,ft_evt_0050,GENERAL,0.9361195153053811,0.9414810296634748,0.9148842818595617,0.9080348014831543
ft_tkt_0010617,ft_sal_005673,ft_evt_0050,GENERAL,0.9361195153053811,0.9414810296634748,0.9148842818595617,0.9080348014831543
ft_tkt_0010618,ft_sal_005674,ft_evt_0050,PREFERENCIAL,0.9331061337242351,0.9613527761249753,0.9296072866306049,0.9377108812332153
ft_tkt_0010619,ft_sal_005674,ft_evt_0050,PREFERENCIAL,0.9331061337242351,0.9613527761249753,0.9296072866306049,0.9377108812332153
ft_tkt_0010620,ft_sal_005675,ft_evt_0050,GENERAL,0.9361195153053811,0.9519057122184141,0.9357531266453512,0.9185654520988464
ft_tkt_0010621,ft_sal_005676,ft_evt_0050,GENERAL,0.9361195153053811,0.9496528562124036,0.9192470752396309,0.9058494567871094
ft_tkt_0010622,ft_sal_005677,ft_evt_0050,GENERAL,0.9361195153053811,0.9561439507982556,0.911230304189669,0.9171785712242126
ft_tkt_0010623,ft_sal_005677,ft_evt_0050,GENERAL,0.9361195153053811,0.9561439507982556,0.911230304189669,0.9171785712242126
ft_tkt_0010624,ft_sal_005678,ft_evt_0050,VIP,0.937698148842865,0.9721403541257766,0.9474992253674887,0.9437084197998047
ft_tkt_0010625,ft_sal_005679,ft_evt_0050,VIP,0.937698148842865,0.9715273452194169,0.9388142218465554,0.9597427248954773
ft_tkt_0010626,ft_sal_005679,ft_evt_0050,VIP,0.937698148842865,0.9715273452194169,0.9388142218465554,0.9597427248954773
ft_tkt_0010627,ft_sal_005680,ft_evt_0050,GENERAL,0.9361195153053811,0.9564028373585577,0.9158547898789293,0.8870218396186829
ft_tkt_0010628,ft_sal_005681,ft_evt_0050,GENERAL,0.9361195153053811,0.9642109598597873,0.9354784688011774,0.9061293005943298
ft_tkt_0010629,ft_sal_005682,ft_evt_0050,GENERAL,0.9361195153053811,0.9558446044099023,0.9197849553177863,0.9166577458381653
ft_tkt_0010630,ft_sal_005682,ft_evt_0050,GENERAL,0.9361195153053811,0.9558446044099023,0.9197849553177863,0.9166577458381653
ft_tkt_0010631,ft_sal_005682,ft_evt_0050,GENERAL,0.9361195153053811,0.9558446044099023,0.9197849553177863,0.9166577458381653
ft_tkt_0010632,ft_sal_005683,ft_evt_0050,GENERAL,0.9361195153053811,0.9665426484474593,0.933487756676339,0.9099285006523132
ft_tkt_0010633,ft_sal_005684,ft_evt_0050,PREFERENCIAL,0.9331061337242351,0.9158600194973442,0.9342056043713862,0.9440709948539734
ft_tkt_0010634,ft_sal_005685,ft_evt_0050,GENERAL,0.9361195153053811,0.9493424338076193,0.9241286389602158,0.9244113564491272
ft_tkt_0010635,ft_sal_005685,ft_evt_0050,GENERAL,0.9361195153053811,0.9493424338076193,0.9241286389602158,0.9244113564491272
ft_tkt_0010636,ft_sal_005686,ft_evt_0050,PREFERENCIAL,0.9331061337242351,0.9171254851443199,0.9345495370791279,0.9440730214118958
ft_tkt_0010637,ft_sal_005687,ft_evt_0050,PREFERENCIAL,0.9331061337242351,0.9637415027372846,0.937455108769961,0.9327643513679504
ft_tkt_0010638,ft_sal_005687,ft_evt_0050,PREFERENCIAL,0.9331061337242351,0.9637415027372846,0.937455108769961,0.9327643513679504
ft_tkt_0010639,ft_sal_005688,ft_evt_0050,GENERAL,0.9361195153053811,0.9699612389940239,0.9296285185942355,0.913399875164032
ft_tkt_0010640,ft_sal_005689,ft_evt_0050,GENERAL,0.9361195153053811,0.9606357005195337,0.9439892057623243,0.9242516756057739
ft_tkt_0010641,ft_sal_005690,ft_evt_0050,PREFERENCIAL,0.9331061337242351,0.921436011665267,0.9553277648052818,0.9515901803970337
ft_tkt_0010642,ft_sal_005691,ft_evt_0050,VIP,0.937698148842865,0.9650347001312874,0.928937376871783,0.9619277119636536
ft_tkt_0010643,ft_sal_005691,ft_evt_0050,VIP,0.937698148842865,0.9650347001312874,0.928937376871783,0.9619277119636536
ft_tkt_0010644,ft_sal_005692,ft_evt_0050,GENERAL,0.9361195153053811,0.950938125636213,0.9343858843038632,0.9241055846214294
ft_tkt_0010645,ft_sal_005693,ft_evt_0050,GENERAL,0.9361195153053811,0.9296391748767469,0.9278260908009227,0.9046435952186584
ft_tkt_0010646,ft_sal_005694,ft_evt_0050,PREFERENCIAL,0.9331061337242351,0.96287718172799,0.937455108769961,0.9438482522964478
ft_tkt_0010647,ft_sal_005694,ft_evt_0050,PREFERENCIAL,0.9331061337242351,0.96287718172799,0.937455108769961,0.9438482522964478
ft_tkt_0010648,ft_sal_005695,ft_evt_0050,GENERAL,0.9361195153053811,0.9286184332262897,0.923366310022056,0.929905116558075
ft_tkt_0010649,ft_sal_005695,ft_evt_0050,GENERAL,0.9361195153053811,0.9286184332262897,0.923366310022056,0.929905116558075
ft_tkt_0010650,ft_sal_005695,ft_evt_0050,GENERAL,0.9361195153053811,0.9286184332262897,0.923366310022056,0.929905116558075
ft_tkt_0010651,ft_sal_005696,ft_evt_0050,GENERAL,0.9361195153053811,0.9253291322120712,0.9251641098396881,0.9065991640090942
ft_tkt_0010652,ft_sal_005696,ft_evt_0050,GENERAL,0.9361195153053811,0.9253291322120712,0.9251641098396881,0.9065991640090942
ft_tkt_0010653,ft_sal_005697,ft_evt_0050,PREFERENCIAL,0.9331061337242351,0.9449659004250265,0.926521433474621,0.8998408317565918
ft_tkt_0010654,ft_sal_005698,ft_evt_0050,GENERAL,0.9361195153053811,0.9767893800604855,0.9451611599006738,0.9145975112915039
ft_tkt_0010655,ft_sal_005699,ft_evt_0050,GENERAL,0.9361195153053811,0.9509431677988572,0.9343858843038632,0.9220620393753052
ft_tkt_0010656,ft_sal_005700,ft_evt_0050,CORTESÍA,0.3910763515334876,0.5203323761360779,0.47824568588295,0.552647590637207
ft_tkt_0010657,ft_sal_005700,ft_evt_0050,CORTESÍA,0.3910763515334876,0.5203323761360779,0.47824568588295,0.552647590637207
ft_tkt_0010658,ft_sal_005701,ft_evt_0050,PREFERENCIAL,0.9331061337242351,0.9589937201366383,0.9290664226057,0.9338822960853577
ft_tkt_0010659,ft_sal_005702,ft_evt_0050,PREFERENCIAL,0.9331061337242351,0.9577362640757568,0.9371367180947814,0.9383700489997864
ft_tkt_0010660,ft_sal_005703,ft_evt_0050,GENERAL,0.9361195153053811,0.9328876535101943,0.9097044432530371,0.9035666584968567
ft_tkt_0010661,ft_sal_005704,ft_evt_0050,VIP,0.937698148842865,0.9570562214535082,0.9388723995640024,0.9553361535072327
ft_tkt_0010662,ft_sal_005705,ft_evt_0050,PREFERENCIAL,0.9331061337242351,0.9572163657120509,0.9371367180947814,0.9363982081413269
ft_tkt_0010663,ft_sal_005706,ft_evt_0050,PREFERENCIAL,0.9331061337242351,0.9540903443235644,0.9341279680424357,0.946398138999939
ft_tkt_0010664,ft_sal_005706,ft_evt_0050,PREFERENCIAL,0.9331061337242351,0.9540903443235644,0.9341279680424357,0.946398138999939
ft_tkt_0010665,ft_sal_005707,ft_evt_0050,GENERAL,0.9361195153053811,0.9667867221660157,0.9446139829353295,0.9157382845878601
ft_tkt_0010666,ft_sal_005708,ft_evt_0050,VIP,0.937698148842865,0.9679944799223236,0.9385022959937588,0.9438159465789795
ft_tkt_0010667,ft_sal_005709,ft_evt_0050,GENERAL,0.9361195153053811,0.9508234016511331,0.9343858843038632,0.9229439496994019
ft_tkt_0010668,ft_sal_005710,ft_evt_0050,PREFERENCIAL,0.9331061337242351,0.9366146835800283,0.923644377752895,0.9062129259109497
ft_tkt_0010669,ft_sal_005711,ft_evt_0050,GENERAL,0.9361195153053811,0.9454226609244955,0.9262273091917904,0.8909572958946228
ft_tkt_0010670,ft_sal_005711,ft_evt_0050,GENERAL,0.9361195153053811,0.9454226609244955,0.9262273091917904,0.8909572958946228
ft_tkt_0010671,ft_sal_005711,ft_evt_0050,GENERAL,0.9361195153053811,0.9454226609244955,0.9262273091917904,0.8909572958946228
ft_tkt_0010672,ft_sal_005712,ft_evt_0050,VIP,0.937698148842865,0.9729974461629263,0.9541145410991316,0.9510859847068787
ft_tkt_0010673,ft_sal_005713,ft_evt_0050,VIP,0.937698148842865,0.9666784937754901,0.9371367180947814,0.9426684975624084
ft_tkt_0010674,ft_sal_005714,ft_evt_0050,VIP,0.937698148842865,0.9437180847956989,0.8998792986799314,0.9348207116127014
ft_tkt_0010675,ft_sal_005714,ft_evt_0050,VIP,0.937698148842865,0.9437180847956989,0.8998792986799314,0.9348207116127014
ft_tkt_0010676,ft_sal_005714,ft_evt_0050,VIP,0.937698148842865,0.9437180847956989,0.8998792986799314,0.9348207116127014
ft_tkt_0010677,ft_sal_005714,ft_evt_0050,VIP,0.937698148842865,0.9437180847956989,0.8998792986799314,0.9348207116127014
ft_tkt_0010678,ft_sal_005715,ft_evt_0050,PREFERENCIAL,0.9331061337242351,0.9540513700919132,0.9313339554904857,0.9419295787811279
ft_tkt_0010679,ft_sal_005715,ft_evt_0050,PREFERENCIAL,0.9331061337242351,0.9540513700919132,0.9313339554904857,0.9419295787811279
ft_tkt_0010680,ft_sal_005716,ft_evt_0050,GENERAL,0.9361195153053811,0.8934060544302029,0.88570238471958,0.8734973073005676
ft_tkt_0010681,ft_sal_005717,ft_evt_0050,GENERAL,0.9361195153053811,0.9286936011786372,0.9285141080618448,0.9296141862869263
ft_tkt_0010682,ft_sal_005717,ft_evt_0050,GENERAL,0.9361195153053811,0.9286936011786372,0.9285141080618448,0.9296141862869263
ft_tkt_0010683,ft_sal_005718,ft_evt_0050,GENERAL,0.9361195153053811,0.9489630608206093,0.9205971249399224,0.9064845442771912
ft_tkt_0010684,ft_sal_005719,ft_evt_0050,PREFERENCIAL,0.9331061337242351,0.9597623212386909,0.9380993318058717,0.9511731266975403
ft_tkt_0010685,ft_sal_005719,ft_evt_0050,PREFERENCIAL,0.9331061337242351,0.9597623212386909,0.9380993318058717,0.9511731266975403
ft_tkt_0010686,ft_sal_005719,ft_evt_0050,PREFERENCIAL,0.9331061337242351,0.9597623212386909,0.9380993318058717,0.9511731266975403
ft_tkt_0010687,ft_sal_005719,ft_evt_0050,PREFERENCIAL,0.9331061337242351,0.9597623212386909,0.9380993318058717,0.9511731266975403
ft_tkt_0010688,ft_sal_005720,ft_evt_0050,PREFERENCIAL,0.9331061337242351,0.9466417415307351,0.9278784134104932,0.9252403378486633
ft_tkt_0010689,ft_sal_005720,ft_evt_0050,PREFERENCIAL,0.9331061337242351,0.9466417415307351,0.9278784134104932,0.9252403378486633
ft_tkt_0010690,ft_sal_005721,ft_evt_0050,PREFERENCIAL,0.9331061337242351,0.9574649545222106,0.9380770551798512,0.9262642860412598
ft_tkt_0010691,ft_sal_005722,ft_evt_0050,PREFERENCIAL,0.9331061337242351,0.9571328312111891,0.9371367180947814,0.9376276731491089
ft_tkt_0010692,ft_sal_005723,ft_evt_0050,GENERAL,0.9361195153053811,0.9513783472920565,0.9343858843038632,0.919104278087616
ft_tkt_0010693,ft_sal_005724,ft_evt_0050,GENERAL,0.9361195153053811,0.9232932591787214,0.9041325217567076,0.8839302659034729
ft_tkt_0010694,ft_sal_005724,ft_evt_0050,GENERAL,0.9361195153053811,0.9232932591787214,0.9041325217567076,0.8839302659034729
ft_tkt_0010695,ft_sal_005724,ft_evt_0050,GENERAL,0.9361195153053811,0.9232932591787214,0.9041325217567076,0.8839302659034729
ft_tkt_0010696,ft_sal_005725,ft_evt_0050,GENERAL,0.9361195153053811,0.9619477786421086,0.9379284324988962,0.949634850025177
ft_tkt_0010697,ft_sal_005726,ft_evt_0050,GENERAL,0.9361195153053811,0.9512401656474837,0.9343858843038632,0.9212049841880798
ft_tkt_0010698,ft_sal_005727,ft_evt_0050,PREFERENCIAL,0.9331061337242351,0.9632269520590651,0.937455108769961,0.9449421763420105
ft_tkt_0010699,ft_sal_005727,ft_evt_0050,PREFERENCIAL,0.9331061337242351,0.9632269520590651,0.937455108769961,0.9449421763420105
ft_tkt_0010700,ft_sal_005728,ft_evt_0050,PREFERENCIAL,0.9331061337242351,0.9738411334767397,0.9382732156800987,0.9477714896202087
ft_tkt_0010701,ft_sal_005728,ft_evt_0050,PREFERENCIAL,0.9331061337242351,0.9738411334767397,0.9382732156800987,0.9477714896202087
ft_tkt_0010702,ft_sal_005729,ft_evt_0050,VIP,0.937698148842865,0.9678922978443013,0.9385022959937588,0.9441900253295898
ft_tkt_0010703,ft_sal_005730,ft_evt_0050,GENERAL,0.9361195153053811,0.8979853116124588,0.8998243477721377,0.8969942927360535
ft_tkt_0010704,ft_sal_005730,ft_evt_0050,GENERAL,0.9361195153053811,0.8979853116124588,0.8998243477721377,0.8969942927360535
ft_tkt_0010705,ft_sal_005730,ft_evt_0050,GENERAL,0.9361195153053811,0.8979853116124588,0.8998243477721377,0.8969942927360535
ft_tkt_0010706,ft_sal_005730,ft_evt_0050,GENERAL,0.9361195153053811,0.8979853116124588,0.8998243477721377,0.8969942927360535
ft_tkt_0010707,ft_sal_005730,ft_evt_0050,GENERAL,0.9361195153053811,0.8979853116124588,0.8998243477721377,0.8969942927360535
ft_tkt_0010708,ft_sal_005730,ft_evt_0050,GENERAL,0.9361195153053811,0.8979853116124588,0.8998243477721377,0.8969942927360535
ft_tkt_0010709,ft_sal_005731,ft_evt_0050,GENERAL,0.9361195153053811,0.9564235678225587,0.919449466508636,0.9171785712242126
ft_tkt_0010710,ft_sal_005731,ft_evt_0050,GENERAL,0.9361195153053811,0.9564235678225587,0.919449466508636,0.9171785712242126
ft_tkt_0010711,ft_sal_005732,ft_evt_0050,GENERAL,0.9361195153053811,0.9497484728842055,0.9273623628536594,0.9249395728111267
ft_tkt_0010712,ft_sal_005732,ft_evt_0050,GENERAL,0.9361195153053811,0.9497484728842055,0.9273623628536594,0.9249395728111267
ft_tkt_0010713,ft_sal_005733,ft_evt_0050,GENERAL,0.9361195153053811,0.9573578206850236,0.9355496414903988,0.9319362640380859
ft_tkt_0010714,ft_sal_005733,ft_evt_0050,GENERAL,0.9361195153053811,0.9573578206850236,0.9355496414903988,0.9319362640380859
ft_tkt_0010715,ft_sal_005733,ft_evt_0050,GENERAL,0.9361195153053811,0.9573578206850236,0.9355496414903988,0.9319362640380859
ft_tkt_0010716,ft_sal_005734,ft_evt_0050,PREFERENCIAL,0.9331061337242351,0.9694499747069608,0.9371421008744915,0.9567726850509644
ft_tkt_0010717,ft_sal_005735,ft_evt_0050,GENERAL,0.9361195153053811,0.9533425522778065,0.92618175022153,0.9097059965133667
ft_tkt_0010718,ft_sal_005735,ft_evt_0050,GENERAL,0.9361195153053811,0.9533425522778065,0.92618175022153,0.9097059965133667
ft_tkt_0010719,ft_sal_005736,ft_evt_0050,GENERAL,0.9361195153053811,0.9393561452985572,0.932414464027707,0.9279398918151855
ft_tkt_0010720,ft_sal_005737,ft_evt_0050,GENERAL,0.9361195153053811,0.9065355792067187,0.8787177847208967,0.8738188147544861
ft_tkt_0010721,ft_sal_005738,ft_evt_0050,GENERAL,0.9361195153053811,0.9403352871718191,0.9025089782278499,0.8915243148803711
ft_tkt_0010722,ft_sal_005738,ft_evt_0050,GENERAL,0.9361195153053811,0.9403352871718191,0.9025089782278499,0.8915243148803711
ft_tkt_0010723,ft_sal_005739,ft_evt_0050,VIP,0.937698148842865,0.9811136283038219,0.9588300450725729,0.95622718334198
ft_tkt_0010724,ft_sal_005740,ft_evt_0050,GENERAL,0.9361195153053811,0.9495527336810279,0.9192470752396309,0.9058494567871094
ft_tkt_0010725,ft_sal_005741,ft_evt_0050,GENERAL,0.9361195153053811,0.9337615869686176,0.9475881821689671,0.9117121696472168
ft_tkt_0010726,ft_sal_005742,ft_evt_0050,GENERAL,0.9361195153053811,0.9374086973505853,0.9045648106813631,0.9070679545402527
ft_tkt_0010727,ft_sal_005742,ft_evt_0050,GENERAL,0.9361195153053811,0.9374086973505853,0.9045648106813631,0.9070679545402527
ft_tkt_0010728,ft_sal_005743,ft_evt_0050,GENERAL,0.9361195153053811,0.9494349421779816,0.9198565136018725,0.9058494567871094
ft_tkt_0010729,ft_sal_005744,ft_evt_0050,PREFERENCIAL,0.9331061337242351,0.9551530192083235,0.9272570317208931,0.9182932376861572
ft_tkt_0010730,ft_sal_005744,ft_evt_0050,PREFERENCIAL,0.9331061337242351,0.9551530192083235,0.9272570317208931,0.9182932376861572
ft_tkt_0010731,ft_sal_005745,ft_evt_0050,GENERAL,0.9361195153053811,0.9510381667745949,0.9343858843038632,0.9229439496994019
ft_tkt_0010732,ft_sal_005746,ft_evt_0050,GENERAL,0.9361195153053811,0.9551394620583132,0.9111855161030561,0.8707863688468933
ft_tkt_0010733,ft_sal_005747,ft_evt_0050,GENERAL,0.9361195153053811,0.919770965450453,0.9306410128402044,0.9308738708496094
ft_tkt_0010734,ft_sal_005748,ft_evt_0050,GENERAL,0.9361195153053811,0.9356101936930105,0.933024269707415,0.9062787890434265
ft_tkt_0010735,ft_sal_005749,ft_evt_0050,GENERAL,0.9361195153053811,0.9402284251621295,0.9280648456141247,0.9208603501319885
ft_tkt_0010736,ft_sal_005749,ft_evt_0050,GENERAL,0.9361195153053811,0.9402284251621295,0.9280648456141247,0.9208603501319885
ft_tkt_0010737,ft_sal_005750,ft_evt_0050,CORTESÍA,0.3910763515334876,0.6864118349362244,0.4782609396050421,0.5052626132965088
ft_tkt_0010738,ft_sal_005751,ft_evt_0050,PREFERENCIAL,0.9331061337242351,0.9612437721159288,0.9321110714328431,0.940621554851532
ft_tkt_0010739,ft_sal_005752,ft_evt_0050,GENERAL,0.9361195153053811,0.9372438690083928,0.9241511705001058,0.9039384722709656
ft_tkt_0010740,ft_sal_005753,ft_evt_0025,GENERAL,0.9361195153053811,0.9455148522161395,0.951808176730733,0.9272670745849609
ft_tkt_0010741,ft_sal_005753,ft_evt_0025,GENERAL,0.9361195153053811,0.9455148522161395,0.951808176730733,0.9272670745849609
ft_tkt_0010742,ft_sal_005754,ft_evt_0025,VIP,0.937698148842865,0.9473941841219113,0.9410490161566607,0.9456095099449158
ft_tkt_0010743,ft_sal_005754,ft_evt_0025,VIP,0.937698148842865,0.9473941841219113,0.9410490161566607,0.9456095099449158
ft_tkt_0010744,ft_sal_005754,ft_evt_0025,VIP,0.937698148842865,0.9473941841219113,0.9410490161566607,0.9456095099449158
ft_tkt_0010745,ft_sal_005754,ft_evt_0025,VIP,0.937698148842865,0.9473941841219113,0.9410490161566607,0.9456095099449158
ft_tkt_0010746,ft_sal_005755,ft_evt_0025,PREFERENCIAL,0.9331061337242351,0.9605301923584464,0.9429789892261341,0.9486535787582397
ft_tkt_0010747,ft_sal_005755,ft_evt_0025,PREFERENCIAL,0.9331061337242351,0.9605301923584464,0.9429789892261341,0.9486535787582397
ft_tkt_0010748,ft_sal_005756,ft_evt_0025,GENERAL,0.9361195153053811,0.9495463805102655,0.94211342334727,0.9600816965103149
ft_tkt_0010749,ft_sal_005757,ft_evt_0025,GENERAL,0.9361195153053811,0.9423421484954863,0.945577821137461,0.9372919201850891
ft_tkt_0010750,ft_sal_005758,ft_evt_0025,GENERAL,0.9361195153053811,0.9199401696785345,0.9206059661520252,0.9046984910964966
ft_tkt_0010751,ft_sal_005758,ft_evt_0025,GENERAL,0.9361195153053811,0.9199401696785345,0.9206059661520252,0.9046984910964966
ft_tkt_0010752,ft_sal_005758,ft_evt_0025,GENERAL,0.9361195153053811,0.9199401696785345,0.9206059661520252,0.9046984910964966
ft_tkt_0010753,ft_sal_005759,ft_evt_0025,VIP,0.937698148842865,0.9542491814460377,0.9390426895930248,0.9567194581031799
ft_tkt_0010754,ft_sal_005759,ft_evt_0025,VIP,0.937698148842865,0.9542491814460377,0.9390426895930248,0.9567194581031799
ft_tkt_0010755,ft_sal_005760,ft_evt_0025,GENERAL,0.9361195153053811,0.9465990958095146,0.9240635086299154,0.8898428082466125
ft_tkt_0010756,ft_sal_005760,ft_evt_0025,GENERAL,0.9361195153053811,0.9465990958095146,0.9240635086299154,0.8898428082466125
ft_tkt_0010757,ft_sal_005760,ft_evt_0025,GENERAL,0.9361195153053811,0.9465990958095146,0.9240635086299154,0.8898428082466125
ft_tkt_0010758,ft_sal_005760,ft_evt_0025,GENERAL,0.9361195153053811,0.9465990958095146,0.9240635086299154,0.8898428082466125
ft_tkt_0010759,ft_sal_005761,ft_evt_0025,GENERAL,0.9361195153053811,0.8689699914921791,0.9174842552955299,0.8709454536437988
ft_tkt_0010760,ft_sal_005761,ft_evt_0025,GENERAL,0.9361195153053811,0.8689699914921791,0.9174842552955299,0.8709454536437988
ft_tkt_0010761,ft_sal_005762,ft_evt_0025,CORTESÍA,0.3910763515334876,0.456392844042291,0.49150635053541736,0.47038358449935913
ft_tkt_0010762,ft_sal_005763,ft_evt_0025,GENERAL,0.9361195153053811,0.9139107812660259,0.9309294567199942,0.8310633301734924
ft_tkt_0010763,ft_sal_005763,ft_evt_0025,GENERAL,0.9361195153053811,0.9139107812660259,0.9309294567199942,0.8310633301734924
ft_tkt_0010764,ft_sal_005763,ft_evt_0025,GENERAL,0.9361195153053811,0.9139107812660259,0.9309294567199942,0.8310633301734924
ft_tkt_0010765,ft_sal_005763,ft_evt_0025,GENERAL,0.9361195153053811,0.9139107812660259,0.9309294567199942,0.8310633301734924
ft_tkt_0010766,ft_sal_005764,ft_evt_0025,CORTESÍA,0.3910763515334876,0.16921601517285426,0.32150972547323636,0.2656339108943939
ft_tkt_0010767,ft_sal_005764,ft_evt_0025,CORTESÍA,0.3910763515334876,0.16921601517285426,0.32150972547323636,0.2656339108943939
ft_tkt_0010768,ft_sal_005765,ft_evt_0025,CORTESÍA,0.3910763515334876,0.29564393298929886,0.3465496526292279,0.28316205739974976
ft_tkt_0010769,ft_sal_005766,ft_evt_0025,GENERAL,0.9361195153053811,0.867468315856114,0.9148276256712908,0.8841177225112915
ft_tkt_0010770,ft_sal_005766,ft_evt_0025,GENERAL,0.9361195153053811,0.867468315856114,0.9148276256712908,0.8841177225112915
ft_tkt_0010771,ft_sal_005767,ft_evt_0025,GENERAL,0.9361195153053811,0.9080371891842044,0.9263898723078446,0.9195318818092346
ft_tkt_0010772,ft_sal_005767,ft_evt_0025,GENERAL,0.9361195153053811,0.9080371891842044,0.9263898723078446,0.9195318818092346
ft_tkt_0010773,ft_sal_005768,ft_evt_0025,GENERAL,0.9361195153053811,0.9385026304546417,0.9194115518730627,0.8788707852363586
ft_tkt_0010774,ft_sal_005768,ft_evt_0025,GENERAL,0.9361195153053811,0.9385026304546417,0.9194115518730627,0.8788707852363586
ft_tkt_0010775,ft_sal_005768,ft_evt_0025,GENERAL,0.9361195153053811,0.9385026304546417,0.9194115518730627,0.8788707852363586
ft_tkt_0010776,ft_sal_005769,ft_evt_0025,GENERAL,0.9361195153053811,0.9011557201332048,0.9330554501258055,0.9213362336158752
ft_tkt_0010777,ft_sal_005769,ft_evt_0025,GENERAL,0.9361195153053811,0.9011557201332048,0.9330554501258055,0.9213362336158752
ft_tkt_0010778,ft_sal_005770,ft_evt_0025,GENERAL,0.9361195153053811,0.8634241164209877,0.9323522213105523,0.8398130536079407
ft_tkt_0010779,ft_sal_005771,ft_evt_0025,PREFERENCIAL,0.9331061337242351,0.9503653198526562,0.9640322564001708,0.9479817748069763
ft_tkt_0010780,ft_sal_005772,ft_evt_0025,GENERAL,0.9361195153053811,0.9308279643543018,0.937464828531287,0.9219374060630798
ft_tkt_0010781,ft_sal_005772,ft_evt_0025,GENERAL,0.9361195153053811,0.9308279643543018,0.937464828531287,0.9219374060630798
ft_tkt_0010782,ft_sal_005772,ft_evt_0025,GENERAL,0.9361195153053811,0.9308279643543018,0.937464828531287,0.9219374060630798
ft_tkt_0010783,ft_sal_005773,ft_evt_0025,GENERAL,0.9361195153053811,0.9418274194362141,0.9339439566715714,0.9208371043205261
ft_tkt_0010784,ft_sal_005774,ft_evt_0025,GENERAL,0.9361195153053811,0.9425460024838563,0.9370712475441202,0.9324432015419006
ft_tkt_0010785,ft_sal_005775,ft_evt_0025,GENERAL,0.9361195153053811,0.9613503653171089,0.946594530762418,0.9468548893928528
ft_tkt_0010786,ft_sal_005775,ft_evt_0025,GENERAL,0.9361195153053811,0.9613503653171089,0.946594530762418,0.9468548893928528
ft_tkt_0010787,ft_sal_005775,ft_evt_0025,GENERAL,0.9361195153053811,0.9613503653171089,0.946594530762418,0.9468548893928528
ft_tkt_0010788,ft_sal_005775,ft_evt_0025,GENERAL,0.9361195153053811,0.9613503653171089,0.946594530762418,0.9468548893928528
ft_tkt_0010789,ft_sal_005775,ft_evt_0025,GENERAL,0.9361195153053811,0.9613503653171089,0.946594530762418,0.9468548893928528
ft_tkt_0010790,ft_sal_005775,ft_evt_0025,GENERAL,0.9361195153053811,0.9613503653171089,0.946594530762418,0.9468548893928528
ft_tkt_0010791,ft_sal_005776,ft_evt_0025,GENERAL,0.9361195153053811,0.9050086430540798,0.9278769243016111,0.9050536155700684
ft_tkt_0010792,ft_sal_005777,ft_evt_0025,CORTESÍA,0.3910763515334876,0.2820263393985021,0.32512381544222635,0.4529867470264435
ft_tkt_0010793,ft_sal_005778,ft_evt_0025,GENERAL,0.9361195153053811,0.9581673600605884,0.9529691294006828,0.9164069890975952
ft_tkt_0010794,ft_sal_005779,ft_evt_0025,PREFERENCIAL,0.9331061337242351,0.9423262336134247,0.9461564405865653,0.933699369430542
ft_tkt_0010795,ft_sal_005780,ft_evt_0025,GENERAL,0.9361195153053811,0.9501884644053873,0.9393502921783479,0.8927425146102905
ft_tkt_0010796,ft_sal_005781,ft_evt_0025,GENERAL,0.9361195153053811,0.9502593006815758,0.9348601959375947,0.907020092010498
ft_tkt_0010797,ft_sal_005781,ft_evt_0025,GENERAL,0.9361195153053811,0.9502593006815758,0.9348601959375947,0.907020092010498
ft_tkt_0010798,ft_sal_005782,ft_evt_0025,GENERAL,0.9361195153053811,0.9415014337723573,0.9339439566715714,0.9208371043205261
ft_tkt_0010799,ft_sal_005783,ft_evt_0025,GENERAL,0.9361195153053811,0.9452068049415289,0.9457197614096028,0.9342670440673828
ft_tkt_0010800,ft_sal_005783,ft_evt_0025,GENERAL,0.9361195153053811,0.9452068049415289,0.9457197614096028,0.9342670440673828
ft_tkt_0010801,ft_sal_005783,ft_evt_0025,GENERAL,0.9361195153053811,0.9452068049415289,0.9457197614096028,0.9342670440673828
ft_tkt_0010802,ft_sal_005783,ft_evt_0025,GENERAL,0.9361195153053811,0.9452068049415289,0.9457197614096028,0.9342670440673828
ft_tkt_0010803,ft_sal_005783,ft_evt_0025,GENERAL,0.9361195153053811,0.9452068049415289,0.9457197614096028,0.9342670440673828
ft_tkt_0010804,ft_sal_005783,ft_evt_0025,GENERAL,0.9361195153053811,0.9452068049415289,0.9457197614096028,0.9342670440673828
ft_tkt_0010805,ft_sal_005784,ft_evt_0025,GENERAL,0.9361195153053811,0.9464123651294779,0.9356044799120018,0.8691773414611816
ft_tkt_0010806,ft_sal_005785,ft_evt_0025,CORTESÍA,0.3910763515334876,0.3002158977892843,0.36501799241827293,0.38634398579597473
ft_tkt_0010807,ft_sal_005785,ft_evt_0025,CORTESÍA,0.3910763515334876,0.3002158977892843,0.36501799241827293,0.38634398579597473
ft_tkt_0010808,ft_sal_005786,ft_evt_0025,GENERAL,0.9361195153053811,0.9849801779344426,0.9604533713124439,0.9226344227790833
ft_tkt_0010809,ft_sal_005787,ft_evt_0025,PREFERENCIAL,0.9331061337242351,0.9302644620038093,0.9438457112790619,0.9691370725631714
ft_tkt_0010810,ft_sal_005788,ft_evt_0025,GENERAL,0.9361195153053811,0.947199297952125,0.9568872644218442,0.9120655655860901
ft_tkt_0010811,ft_sal_005789,ft_evt_0025,PREFERENCIAL,0.9331061337242351,0.9179024430656157,0.9324866302748368,0.9321606755256653
ft_tkt_0010812,ft_sal_005789,ft_evt_0025,PREFERENCIAL,0.9331061337242351,0.9179024430656157,0.9324866302748368,0.9321606755256653
ft_tkt_0010813,ft_sal_005789,ft_evt_0025,PREFERENCIAL,0.9331061337242351,0.9179024430656157,0.9324866302748368,0.9321606755256653
ft_tkt_0010814,ft_sal_005790,ft_evt_0025,GENERAL,0.9361195153053811,0.9161410133070422,0.9342532962567196,0.9017324447631836
ft_tkt_0010815,ft_sal_005791,ft_evt_0025,PREFERENCIAL,0.9331061337242351,0.935416297549145,0.9377200009452294,0.9287275671958923
ft_tkt_0010816,ft_sal_005791,ft_evt_0025,PREFERENCIAL,0.9331061337242351,0.935416297549145,0.9377200009452294,0.9287275671958923
ft_tkt_0010817,ft_sal_005792,ft_evt_0025,VIP,0.937698148842865,0.9439486230061902,0.9450375308300468,0.9659464955329895
ft_tkt_0010818,ft_sal_005793,ft_evt_0025,GENERAL,0.9361195153053811,0.9423709601295657,0.9358131283372991,0.9237810373306274
ft_tkt_0010819,ft_sal_005794,ft_evt_0025,GENERAL,0.9361195153053811,0.9053350129294311,0.937852280706944,0.944152295589447
ft_tkt_0010820,ft_sal_005795,ft_evt_0025,VIP,0.937698148842865,0.9524440684831722,0.9435974716038024,0.9507890939712524
ft_tkt_0010821,ft_sal_005796,ft_evt_0025,GENERAL,0.9361195153053811,0.9149797805478458,0.9194217476607659,0.8961255550384521
ft_tkt_0010822,ft_sal_005796,ft_evt_0025,GENERAL,0.9361195153053811,0.9149797805478458,0.9194217476607659,0.8961255550384521
ft_tkt_0010823,ft_sal_005797,ft_evt_0025,VIP,0.937698148842865,0.9477493102351428,0.9391964239722679,0.9560035467147827
ft_tkt_0010824,ft_sal_005798,ft_evt_0025,PREFERENCIAL,0.9331061337242351,0.9231071079602158,0.9350357011335638,0.9540764093399048
ft_tkt_0010825,ft_sal_005798,ft_evt_0025,PREFERENCIAL,0.9331061337242351,0.9231071079602158,0.9350357011335638,0.9540764093399048
ft_tkt_0010826,ft_sal_005799,ft_evt_0025,VIP,0.937698148842865,0.9492484795934633,0.9441080635299333,0.9472730755805969
ft_tkt_0010827,ft_sal_005799,ft_evt_0025,VIP,0.937698148842865,0.9492484795934633,0.9441080635299333,0.9472730755805969
ft_tkt_0010828,ft_sal_005799,ft_evt_0025,VIP,0.937698148842865,0.9492484795934633,0.9441080635299333,0.9472730755805969
ft_tkt_0010829,ft_sal_005799,ft_evt_0025,VIP,0.937698148842865,0.9492484795934633,0.9441080635299333,0.9472730755805969
ft_tkt_0010830,ft_sal_005800,ft_evt_0025,VIP,0.937698148842865,0.9652050283140191,0.9623574423760051,0.966537594795227
ft_tkt_0010831,ft_sal_005800,ft_evt_0025,VIP,0.937698148842865,0.9652050283140191,0.9623574423760051,0.966537594795227
ft_tkt_0010832,ft_sal_005801,ft_evt_0025,VIP,0.937698148842865,0.9417521426571608,0.9395746535027025,0.9542818665504456
ft_tkt_0010833,ft_sal_005801,ft_evt_0025,VIP,0.937698148842865,0.9417521426571608,0.9395746535027025,0.9542818665504456
ft_tkt_0010834,ft_sal_005801,ft_evt_0025,VIP,0.937698148842865,0.9417521426571608,0.9395746535027025,0.9542818665504456
ft_tkt_0010835,ft_sal_005801,ft_evt_0025,VIP,0.937698148842865,0.9417521426571608,0.9395746535027025,0.9542818665504456
ft_tkt_0010836,ft_sal_005802,ft_evt_0025,GENERAL,0.9361195153053811,0.9571205588053653,0.96048706137516,0.9380158185958862
ft_tkt_0010837,ft_sal_005802,ft_evt_0025,GENERAL,0.9361195153053811,0.9571205588053653,0.96048706137516,0.9380158185958862
ft_tkt_0010838,ft_sal_005803,ft_evt_0008,GENERAL,0.9361195153053811,0.9506194843510262,0.9466349990849607,0.9457364082336426
ft_tkt_0010839,ft_sal_005803,ft_evt_0008,GENERAL,0.9361195153053811,0.9506194843510262,0.9466349990849607,0.9457364082336426
ft_tkt_0010840,ft_sal_005804,ft_evt_0008,GENERAL,0.9361195153053811,0.9550937648929145,0.9376715677985274,0.9255489110946655
ft_tkt_0010841,ft_sal_005805,ft_evt_0008,GENERAL,0.9361195153053811,0.9267643023694334,0.9361261747035158,0.921882688999176
ft_tkt_0010842,ft_sal_005805,ft_evt_0008,GENERAL,0.9361195153053811,0.9267643023694334,0.9361261747035158,0.921882688999176
ft_tkt_0010843,ft_sal_005806,ft_evt_0008,CORTESÍA,0.3910763515334876,0.2884056694501817,0.3258964901265833,0.41330423951148987
ft_tkt_0010844,ft_sal_005806,ft_evt_0008,CORTESÍA,0.3910763515334876,0.2884056694501817,0.3258964901265833,0.41330423951148987
ft_tkt_0010845,ft_sal_005807,ft_evt_0008,GENERAL,0.9361195153053811,0.9137069275450687,0.9388752985002402,0.9270977973937988
ft_tkt_0010846,ft_sal_005807,ft_evt_0008,GENERAL,0.9361195153053811,0.9137069275450687,0.9388752985002402,0.9270977973937988
ft_tkt_0010847,ft_sal_005807,ft_evt_0008,GENERAL,0.9361195153053811,0.9137069275450687,0.9388752985002402,0.9270977973937988
ft_tkt_0010848,ft_sal_005807,ft_evt_0008,GENERAL,0.9361195153053811,0.9137069275450687,0.9388752985002402,0.9270977973937988
ft_tkt_0010849,ft_sal_005807,ft_evt_0008,GENERAL,0.9361195153053811,0.9137069275450687,0.9388752985002402,0.9270977973937988
ft_tkt_0010850,ft_sal_005807,ft_evt_0008,GENERAL,0.9361195153053811,0.9137069275450687,0.9388752985002402,0.9270977973937988
ft_tkt_0010851,ft_sal_005808,ft_evt_0008,CORTESÍA,0.3910763515334876,0.1791487494909808,0.25825552545596064,0.368204265832901
ft_tkt_0010852,ft_sal_005808,ft_evt_0008,CORTESÍA,0.3910763515334876,0.1791487494909808,0.25825552545596064,0.368204265832901
ft_tkt_0010853,ft_sal_005809,ft_evt_0008,GENERAL,0.9361195153053811,0.8648127657476423,0.9274835675890217,0.9404816031455994
ft_tkt_0010854,ft_sal_005810,ft_evt_0008,PREFERENCIAL,0.9331061337242351,0.9368891875581925,0.9254429644639423,0.9480785727500916
ft_tkt_0010855,ft_sal_005811,ft_evt_0008,GENERAL,0.9361195153053811,0.9069156142285565,0.9173171760358444,0.8852678537368774
ft_tkt_0010856,ft_sal_005812,ft_evt_0008,GENERAL,0.9361195153053811,0.9508812761578329,0.9466349990849607,0.9462546706199646
ft_tkt_0010857,ft_sal_005812,ft_evt_0008,GENERAL,0.9361195153053811,0.9508812761578329,0.9466349990849607,0.9462546706199646
ft_tkt_0010858,ft_sal_005813,ft_evt_0008,VIP,0.937698148842865,0.9517423313415343,0.9338634022978718,0.9368371963500977
ft_tkt_0010859,ft_sal_005814,ft_evt_0008,GENERAL,0.9361195153053811,0.9360762293110735,0.9507158954258835,0.9222192764282227
ft_tkt_0010860,ft_sal_005815,ft_evt_0008,GENERAL,0.9361195153053811,0.9320270204714599,0.9332154369874767,0.9129481911659241
ft_tkt_0010861,ft_sal_005815,ft_evt_0008,GENERAL,0.9361195153053811,0.9320270204714599,0.9332154369874767,0.9129481911659241
ft_tkt_0010862,ft_sal_005815,ft_evt_0008,GENERAL,0.9361195153053811,0.9320270204714599,0.9332154369874767,0.9129481911659241
ft_tkt_0010863,ft_sal_005815,ft_evt_0008,GENERAL,0.9361195153053811,0.9320270204714599,0.9332154369874767,0.9129481911659241
ft_tkt_0010864,ft_sal_005816,ft_evt_0008,GENERAL,0.9361195153053811,0.919978314232307,0.9386515898332133,0.914840579032898
ft_tkt_0010865,ft_sal_005816,ft_evt_0008,GENERAL,0.9361195153053811,0.919978314232307,0.9386515898332133,0.914840579032898
ft_tkt_0010866,ft_sal_005816,ft_evt_0008,GENERAL,0.9361195153053811,0.919978314232307,0.9386515898332133,0.914840579032898
ft_tkt_0010867,ft_sal_005816,ft_evt_0008,GENERAL,0.9361195153053811,0.919978314232307,0.9386515898332133,0.914840579032898
ft_tkt_0010868,ft_sal_005817,ft_evt_0008,GENERAL,0.9361195153053811,0.9598148175492822,0.9384371445335156,0.9132145643234253
ft_tkt_0010869,ft_sal_005818,ft_evt_0008,GENERAL,0.9361195153053811,0.932571487918479,0.939644773679488,0.9096099138259888
ft_tkt_0010870,ft_sal_005819,ft_evt_0008,GENERAL,0.9361195153053811,0.9494328234427589,0.9344318032435049,0.910735011100769
ft_tkt_0010871,ft_sal_005819,ft_evt_0008,GENERAL,0.9361195153053811,0.9494328234427589,0.9344318032435049,0.910735011100769
ft_tkt_0010872,ft_sal_005819,ft_evt_0008,GENERAL,0.9361195153053811,0.9494328234427589,0.9344318032435049,0.910735011100769
ft_tkt_0010873,ft_sal_005819,ft_evt_0008,GENERAL,0.9361195153053811,0.9494328234427589,0.9344318032435049,0.910735011100769
ft_tkt_0010874,ft_sal_005820,ft_evt_0008,GENERAL,0.9361195153053811,0.9487314331036683,0.9460507726377315,0.9319857358932495
ft_tkt_0010875,ft_sal_005820,ft_evt_0008,GENERAL,0.9361195153053811,0.9487314331036683,0.9460507726377315,0.9319857358932495
ft_tkt_0010876,ft_sal_005820,ft_evt_0008,GENERAL,0.9361195153053811,0.9487314331036683,0.9460507726377315,0.9319857358932495
ft_tkt_0010877,ft_sal_005821,ft_evt_0008,GENERAL,0.9361195153053811,0.8518131400450772,0.926107731669103,0.8681952953338623
ft_tkt_0010878,ft_sal_005822,ft_evt_0008,GENERAL,0.9361195153053811,0.9074413912279626,0.9406774560333125,0.9042239189147949
ft_tkt_0010879,ft_sal_005823,ft_evt_0008,GENERAL,0.9361195153053811,0.9637371189322628,0.9464542084773924,0.9474682211875916
ft_tkt_0010880,ft_sal_005823,ft_evt_0008,GENERAL,0.9361195153053811,0.9637371189322628,0.9464542084773924,0.9474682211875916
ft_tkt_0010881,ft_sal_005823,ft_evt_0008,GENERAL,0.9361195153053811,0.9637371189322628,0.9464542084773924,0.9474682211875916
ft_tkt_0010882,ft_sal_005824,ft_evt_0008,GENERAL,0.9361195153053811,0.8071745048424974,0.8925533545915381,0.9164333343505859
ft_tkt_0010883,ft_sal_005824,ft_evt_0008,GENERAL,0.9361195153053811,0.8071745048424974,0.8925533545915381,0.9164333343505859
ft_tkt_0010884,ft_sal_005824,ft_evt_0008,GENERAL,0.9361195153053811,0.8071745048424974,0.8925533545915381,0.9164333343505859
ft_tkt_0010885,ft_sal_005825,ft_evt_0008,GENERAL,0.9361195153053811,0.9451356506965385,0.9540107568305382,0.9505439400672913
ft_tkt_0010886,ft_sal_005825,ft_evt_0008,GENERAL,0.9361195153053811,0.9451356506965385,0.9540107568305382,0.9505439400672913
ft_tkt_0010887,ft_sal_005826,ft_evt_0008,GENERAL,0.9361195153053811,0.9370710837695987,0.9295541676118927,0.9288462996482849
ft_tkt_0010888,ft_sal_005827,ft_evt_0008,GENERAL,0.9361195153053811,0.9502648236539581,0.945507302522128,0.9365108013153076
ft_tkt_0010889,ft_sal_005827,ft_evt_0008,GENERAL,0.9361195153053811,0.9502648236539581,0.945507302522128,0.9365108013153076
ft_tkt_0010890,ft_sal_005828,ft_evt_0008,GENERAL,0.9361195153053811,0.9327613019617145,0.9336704328754676,0.9200608730316162
ft_tkt_0010891,ft_sal_005828,ft_evt_0008,GENERAL,0.9361195153053811,0.9327613019617145,0.9336704328754676,0.9200608730316162
ft_tkt_0010892,ft_sal_005829,ft_evt_0008,GENERAL,0.9361195153053811,0.8821750668071241,0.9320122394388572,0.9297550320625305
ft_tkt_0010893,ft_sal_005830,ft_evt_0008,GENERAL,0.9361195153053811,0.9312830782767404,0.9307585401222512,0.9034689664840698
ft_tkt_0010894,ft_sal_005830,ft_evt_0008,GENERAL,0.9361195153053811,0.9312830782767404,0.9307585401222512,0.9034689664840698
ft_tkt_0010895,ft_sal_005831,ft_evt_0008,PREFERENCIAL,0.9331061337242351,0.9742290675066119,0.9544014732228592,0.9370117783546448
ft_tkt_0010896,ft_sal_005832,ft_evt_0046,CORTESÍA,0.3910763515334876,0.2921930010822407,0.39505430621326176,0.40251386165618896
ft_tkt_0010897,ft_sal_005832,ft_evt_0046,CORTESÍA,0.3910763515334876,0.2921930010822407,0.39505430621326176,0.40251386165618896
ft_tkt_0010898,ft_sal_005833,ft_evt_0046,GENERAL,0.9361195153053811,0.9048219178757994,0.9262243792451345,0.9282753467559814
ft_tkt_0010899,ft_sal_005834,ft_evt_0046,CORTESÍA,0.3910763515334876,0.354389373826168,0.46265360812276723,0.5076693892478943
ft_tkt_0010900,ft_sal_005834,ft_evt_0046,CORTESÍA,0.3910763515334876,0.354389373826168,0.46265360812276723,0.5076693892478943
ft_tkt_0010901,ft_sal_005835,ft_evt_0046,GENERAL,0.9361195153053811,0.8088313249814544,0.9304682906673893,0.9379362463951111
ft_tkt_0010902,ft_sal_005836,ft_evt_0046,CORTESÍA,0.3910763515334876,0.24304364337506534,0.3350868999896542,0.320220023393631
ft_tkt_0010903,ft_sal_005836,ft_evt_0046,CORTESÍA,0.3910763515334876,0.24304364337506534,0.3350868999896542,0.320220023393631
ft_tkt_0010904,ft_sal_005837,ft_evt_0046,CORTESÍA,0.3910763515334876,0.2813271676566307,0.31438436067433795,0.21853983402252197
ft_tkt_0010905,ft_sal_005838,ft_evt_0046,GENERAL,0.9361195153053811,0.8875231603431872,0.917286119472639,0.9261478185653687
ft_tkt_0010906,ft_sal_005838,ft_evt_0046,GENERAL,0.9361195153053811,0.8875231603431872,0.917286119472639,0.9261478185653687
ft_tkt_0010907,ft_sal_005839,ft_evt_0046,GENERAL,0.9361195153053811,0.8867603538834474,0.9151303673385168,0.9133564233779907
ft_tkt_0010908,ft_sal_005839,ft_evt_0046,GENERAL,0.9361195153053811,0.8867603538834474,0.9151303673385168,0.9133564233779907
ft_tkt_0010909,ft_sal_005839,ft_evt_0046,GENERAL,0.9361195153053811,0.8867603538834474,0.9151303673385168,0.9133564233779907
ft_tkt_0010910,ft_sal_005840,ft_evt_0046,GENERAL,0.9361195153053811,0.810583169397671,0.917812774443682,0.9000735282897949
ft_tkt_0010911,ft_sal_005841,ft_evt_0046,CORTESÍA,0.3910763515334876,0.2658588170730198,0.3661611759099414,0.3183203339576721
ft_tkt_0010912,ft_sal_005842,ft_evt_0046,CORTESÍA,0.3910763515334876,0.2656138892667699,0.3661611759099414,0.3183203339576721
ft_tkt_0010913,ft_sal_005843,ft_evt_0046,GENERAL,0.9361195153053811,0.869640325867883,0.9048349347639096,0.8288765549659729
ft_tkt_0010914,ft_sal_005843,ft_evt_0046,GENERAL,0.9361195153053811,0.869640325867883,0.9048349347639096,0.8288765549659729
ft_tkt_0010915,ft_sal_005843,ft_evt_0046,GENERAL,0.9361195153053811,0.869640325867883,0.9048349347639096,0.8288765549659729
ft_tkt_0010916,ft_sal_005843,ft_evt_0046,GENERAL,0.9361195153053811,0.869640325867883,0.9048349347639096,0.8288765549659729
ft_tkt_0010917,ft_sal_005844,ft_evt_0046,PREFERENCIAL,0.9331061337242351,0.8435276168405519,0.9157673865703377,0.9125137329101562
ft_tkt_0010918,ft_sal_005845,ft_evt_0046,PREFERENCIAL,0.9331061337242351,0.9241275001616511,0.9179869749588416,0.9197911024093628
ft_tkt_0010919,ft_sal_005846,ft_evt_0046,CORTESÍA,0.3910763515334876,0.1994188019589215,0.2905179639601122,0.1740143746137619
ft_tkt_0010920,ft_sal_005847,ft_evt_0046,GENERAL,0.9361195153053811,0.8595351946768802,0.9117752362287134,0.8845754861831665
ft_tkt_0010921,ft_sal_005847,ft_evt_0046,GENERAL,0.9361195153053811,0.8595351946768802,0.9117752362287134,0.8845754861831665
ft_tkt_0010922,ft_sal_005847,ft_evt_0046,GENERAL,0.9361195153053811,0.8595351946768802,0.9117752362287134,0.8845754861831665
ft_tkt_0010923,ft_sal_005848,ft_evt_0046,CORTESÍA,0.3910763515334876,0.17404856114645226,0.3003187078884092,0.28439831733703613
ft_tkt_0010924,ft_sal_005849,ft_evt_0046,GENERAL,0.9361195153053811,0.8734061721401417,0.9087448539698744,0.8958069682121277
ft_tkt_0010925,ft_sal_005849,ft_evt_0046,GENERAL,0.9361195153053811,0.8734061721401417,0.9087448539698744,0.8958069682121277
ft_tkt_0010926,ft_sal_005849,ft_evt_0046,GENERAL,0.9361195153053811,0.8734061721401417,0.9087448539698744,0.8958069682121277
ft_tkt_0010927,ft_sal_005849,ft_evt_0046,GENERAL,0.9361195153053811,0.8734061721401417,0.9087448539698744,0.8958069682121277
ft_tkt_0010928,ft_sal_005850,ft_evt_0046,GENERAL,0.9361195153053811,0.9095883728579126,0.9132392280382945,0.8880807161331177
ft_tkt_0010929,ft_sal_005851,ft_evt_0046,CORTESÍA,0.3910763515334876,0.2024024595672424,0.32911094784940104,0.28024736046791077
ft_tkt_0010930,ft_sal_005852,ft_evt_0046,GENERAL,0.9361195153053811,0.8973220112373408,0.9154201573612272,0.9234325289726257
ft_tkt_0010931,ft_sal_005853,ft_evt_0046,GENERAL,0.9361195153053811,0.9050855789205925,0.924782520550822,0.9322533011436462
ft_tkt_0010932,ft_sal_005854,ft_evt_0046,GENERAL,0.9361195153053811,0.917083813495138,0.9269796402901546,0.91367107629776
ft_tkt_0010933,ft_sal_005854,ft_evt_0046,GENERAL,0.9361195153053811,0.917083813495138,0.9269796402901546,0.91367107629776
ft_tkt_0010934,ft_sal_005855,ft_evt_0046,GENERAL,0.9361195153053811,0.8979961673198901,0.9155360312931738,0.8523308634757996
ft_tkt_0010935,ft_sal_005855,ft_evt_0046,GENERAL,0.9361195153053811,0.8979961673198901,0.9155360312931738,0.8523308634757996
ft_tkt_0010936,ft_sal_005856,ft_evt_0046,GENERAL,0.9361195153053811,0.8904233854997897,0.9129452078955854,0.869756817817688
ft_tkt_0010937,ft_sal_005857,ft_evt_0046,GENERAL,0.9361195153053811,0.8678411346868957,0.9175592611872445,0.8604305982589722
ft_tkt_0010938,ft_sal_005858,ft_evt_0046,GENERAL,0.9361195153053811,0.8761294681747918,0.916665125183213,0.9142736792564392
ft_tkt_0010939,ft_sal_005859,ft_evt_0046,CORTESÍA,0.3910763515334876,0.30195778484026853,0.36679491104595885,0.33104410767555237
ft_tkt_0010940,ft_sal_005859,ft_evt_0046,CORTESÍA,0.3910763515334876,0.30195778484026853,0.36679491104595885,0.33104410767555237
ft_tkt_0010941,ft_sal_005860,ft_evt_0046,CORTESÍA,0.3910763515334876,0.34980386449793793,0.4595337235462978,0.5026373267173767
ft_tkt_0010942,ft_sal_005860,ft_evt_0046,CORTESÍA,0.3910763515334876,0.34980386449793793,0.4595337235462978,0.5026373267173767
ft_tkt_0010943,ft_sal_005861,ft_evt_0046,GENERAL,0.9361195153053811,0.9076214975641459,0.9281304457655798,0.9346290826797485
ft_tkt_0010944,ft_sal_005861,ft_evt_0046,GENERAL,0.9361195153053811,0.9076214975641459,0.9281304457655798,0.9346290826797485
ft_tkt_0010945,ft_sal_005861,ft_evt_0046,GENERAL,0.9361195153053811,0.9076214975641459,0.9281304457655798,0.9346290826797485
ft_tkt_0010946,ft_sal_005861,ft_evt_0046,GENERAL,0.9361195153053811,0.9076214975641459,0.9281304457655798,0.9346290826797485
ft_tkt_0010947,ft_sal_005861,ft_evt_0046,GENERAL,0.9361195153053811,0.9076214975641459,0.9281304457655798,0.9346290826797485
ft_tkt_0010948,ft_sal_005861,ft_evt_0046,GENERAL,0.9361195153053811,0.9076214975641459,0.9281304457655798,0.9346290826797485
ft_tkt_0010949,ft_sal_005862,ft_evt_0046,PREFERENCIAL,0.9331061337242351,0.8927952062132465,0.9114609655430596,0.912799060344696
ft_tkt_0010950,ft_sal_005862,ft_evt_0046,PREFERENCIAL,0.9331061337242351,0.8927952062132465,0.9114609655430596,0.912799060344696
ft_tkt_0010951,ft_sal_005862,ft_evt_0046,PREFERENCIAL,0.9331061337242351,0.8927952062132465,0.9114609655430596,0.912799060344696
ft_tkt_0010952,ft_sal_005863,ft_evt_0046,CORTESÍA,0.3910763515334876,0.3013407809269662,0.36679491104595885,0.33104410767555237
ft_tkt_0010953,ft_sal_005863,ft_evt_0046,CORTESÍA,0.3910763515334876,0.3013407809269662,0.36679491104595885,0.33104410767555237
ft_tkt_0010954,ft_sal_005864,ft_evt_0046,GENERAL,0.9361195153053811,0.9147031616722937,0.9272862466095257,0.9227805733680725
ft_tkt_0010955,ft_sal_005864,ft_evt_0046,GENERAL,0.9361195153053811,0.9147031616722937,0.9272862466095257,0.9227805733680725
ft_tkt_0010956,ft_sal_005864,ft_evt_0046,GENERAL,0.9361195153053811,0.9147031616722937,0.9272862466095257,0.9227805733680725
ft_tkt_0010957,ft_sal_005865,ft_evt_0046,GENERAL,0.9361195153053811,0.9401431344820891,0.9266272403663351,0.91713947057724
ft_tkt_0010958,ft_sal_005865,ft_evt_0046,GENERAL,0.9361195153053811,0.9401431344820891,0.9266272403663351,0.91713947057724
ft_tkt_0010959,ft_sal_005866,ft_evt_0046,GENERAL,0.9361195153053811,0.9449542059683237,0.9486699319928718,0.940883219242096
ft_tkt_0010960,ft_sal_005867,ft_evt_0046,CORTESÍA,0.3910763515334876,0.2754511859469319,0.37620258016663227,0.3613492548465729
ft_tkt_0010961,ft_sal_005867,ft_evt_0046,CORTESÍA,0.3910763515334876,0.2754511859469319,0.37620258016663227,0.3613492548465729
ft_tkt_0010962,ft_sal_005868,ft_evt_0046,CORTESÍA,0.3910763515334876,0.23281129109101242,0.3166985801679898,0.2319430410861969
ft_tkt_0010963,ft_sal_005868,ft_evt_0046,CORTESÍA,0.3910763515334876,0.23281129109101242,0.3166985801679898,0.2319430410861969
ft_tkt_0010964,ft_sal_005869,ft_evt_0046,GENERAL,0.9361195153053811,0.912253500527534,0.9279582228020379,0.9148075580596924
ft_tkt_0010965,ft_sal_005869,ft_evt_0046,GENERAL,0.9361195153053811,0.912253500527534,0.9279582228020379,0.9148075580596924
ft_tkt_0010966,ft_sal_005869,ft_evt_0046,GENERAL,0.9361195153053811,0.912253500527534,0.9279582228020379,0.9148075580596924
ft_tkt_0010967,ft_sal_005869,ft_evt_0046,GENERAL,0.9361195153053811,0.912253500527534,0.9279582228020379,0.9148075580596924
ft_tkt_0010968,ft_sal_005870,ft_evt_0046,GENERAL,0.9361195153053811,0.8849228941082817,0.9115125262889393,0.9195104241371155
ft_tkt_0010969,ft_sal_005870,ft_evt_0046,GENERAL,0.9361195153053811,0.8849228941082817,0.9115125262889393,0.9195104241371155
ft_tkt_0010970,ft_sal_005871,ft_evt_0046,GENERAL,0.9361195153053811,0.9123057837892945,0.9177943006874792,0.9179881811141968
ft_tkt_0010971,ft_sal_005871,ft_evt_0046,GENERAL,0.9361195153053811,0.9123057837892945,0.9177943006874792,0.9179881811141968
ft_tkt_0010972,ft_sal_005872,ft_evt_0046,PREFERENCIAL,0.9331061337242351,0.939903378399845,0.928221947689499,0.9380127787590027
ft_tkt_0010973,ft_sal_005872,ft_evt_0046,PREFERENCIAL,0.9331061337242351,0.939903378399845,0.928221947689499,0.9380127787590027
ft_tkt_0010974,ft_sal_005872,ft_evt_0046,PREFERENCIAL,0.9331061337242351,0.939903378399845,0.928221947689499,0.9380127787590027
ft_tkt_0010975,ft_sal_005873,ft_evt_0046,GENERAL,0.9361195153053811,0.9167549163547227,0.9256670097089074,0.9221475124359131
ft_tkt_0010976,ft_sal_005873,ft_evt_0046,GENERAL,0.9361195153053811,0.9167549163547227,0.9256670097089074,0.9221475124359131
ft_tkt_0010977,ft_sal_005874,ft_evt_0046,CORTESÍA,0.3910763515334876,0.2403047095402041,0.3703686478355942,0.4133681356906891
ft_tkt_0010978,ft_sal_005874,ft_evt_0046,CORTESÍA,0.3910763515334876,0.2403047095402041,0.3703686478355942,0.4133681356906891
ft_tkt_0010979,ft_sal_005875,ft_evt_0046,GENERAL,0.9361195153053811,0.9075307981260072,0.934472999782224,0.9252066612243652
ft_tkt_0010980,ft_sal_005876,ft_evt_0046,GENERAL,0.9361195153053811,0.933320912611172,0.9209153546017129,0.9340336918830872
ft_tkt_0010981,ft_sal_005877,ft_evt_0046,PREFERENCIAL,0.9331061337242351,0.9083720388829094,0.9266067552088775,0.9245981574058533
ft_tkt_0010982,ft_sal_005878,ft_evt_0046,CORTESÍA,0.3910763515334876,0.3016932669621387,0.36679491104595885,0.33104410767555237
ft_tkt_0010983,ft_sal_005878,ft_evt_0046,CORTESÍA,0.3910763515334876,0.3016932669621387,0.36679491104595885,0.33104410767555237
ft_tkt_0010984,ft_sal_005879,ft_evt_0046,PREFERENCIAL,0.9331061337242351,0.8368926558032644,0.9197171761380389,0.9149409532546997
ft_tkt_0010985,ft_sal_005880,ft_evt_0046,PREFERENCIAL,0.9331061337242351,0.8687480841825144,0.9177130974259456,0.9133074879646301
ft_tkt_0010986,ft_sal_005880,ft_evt_0046,PREFERENCIAL,0.9331061337242351,0.8687480841825144,0.9177130974259456,0.9133074879646301
ft_tkt_0010987,ft_sal_005881,ft_evt_0046,VIP,0.937698148842865,0.9291107215129503,0.9162556758330967,0.9060941934585571
ft_tkt_0010988,ft_sal_005881,ft_evt_0046,VIP,0.937698148842865,0.9291107215129503,0.9162556758330967,0.9060941934585571
ft_tkt_0010989,ft_sal_005881,ft_evt_0046,VIP,0.937698148842865,0.9291107215129503,0.9162556758330967,0.9060941934585571
ft_tkt_0010990,ft_sal_005881,ft_evt_0046,VIP,0.937698148842865,0.9291107215129503,0.9162556758330967,0.9060941934585571
ft_tkt_0010991,ft_sal_005882,ft_evt_0046,CORTESÍA,0.3910763515334876,0.21530123710136276,0.3120213371694164,0.20840321481227875
ft_tkt_0010992,ft_sal_005882,ft_evt_0046,CORTESÍA,0.3910763515334876,0.21530123710136276,0.3120213371694164,0.20840321481227875
ft_tkt_0010993,ft_sal_005882,ft_evt_0046,CORTESÍA,0.3910763515334876,0.21530123710136276,0.3120213371694164,0.20840321481227875
ft_tkt_0010994,ft_sal_005883,ft_evt_0046,GENERAL,0.9361195153053811,0.9158092846614954,0.916020256371517,0.9087579846382141
ft_tkt_0010995,ft_sal_005884,ft_evt_0046,GENERAL,0.9361195153053811,0.9173103200323012,0.9260798882445508,0.9245480298995972
ft_tkt_0010996,ft_sal_005884,ft_evt_0046,GENERAL,0.9361195153053811,0.9173103200323012,0.9260798882445508,0.9245480298995972
ft_tkt_0010997,ft_sal_005885,ft_evt_0046,GENERAL,0.9361195153053811,0.8625346475913432,0.9146364941198725,0.8466588854789734
ft_tkt_0010998,ft_sal_005885,ft_evt_0046,GENERAL,0.9361195153053811,0.8625346475913432,0.9146364941198725,0.8466588854789734
ft_tkt_0010999,ft_sal_005886,ft_evt_0046,CORTESÍA,0.3910763515334876,0.2656138892667699,0.3661611759099414,0.3183203339576721
ft_tkt_0011000,ft_sal_005887,ft_evt_0046,PREFERENCIAL,0.9331061337242351,0.9420611588565665,0.9275429062486044,0.9265398383140564
ft_tkt_0011001,ft_sal_005887,ft_evt_0046,PREFERENCIAL,0.9331061337242351,0.9420611588565665,0.9275429062486044,0.9265398383140564
ft_tkt_0011002,ft_sal_005888,ft_evt_0046,CORTESÍA,0.3910763515334876,0.2975392556352006,0.36784963312899466,0.32791784405708313
ft_tkt_0011003,ft_sal_005888,ft_evt_0046,CORTESÍA,0.3910763515334876,0.2975392556352006,0.36784963312899466,0.32791784405708313
ft_tkt_0011004,ft_sal_005888,ft_evt_0046,CORTESÍA,0.3910763515334876,0.2975392556352006,0.36784963312899466,0.32791784405708313
ft_tkt_0011005,ft_sal_005889,ft_evt_0046,GENERAL,0.9361195153053811,0.9310318914869827,0.9271779762532907,0.925212025642395
ft_tkt_0011006,ft_sal_005890,ft_evt_0046,CORTESÍA,0.3910763515334876,0.23465366690208986,0.3130989097209654,0.2526730000972748
ft_tkt_0011007,ft_sal_005891,ft_evt_0046,GENERAL,0.9361195153053811,0.9169937382454609,0.9268074864459,0.9131073951721191
ft_tkt_0011008,ft_sal_005891,ft_evt_0046,GENERAL,0.9361195153053811,0.9169937382454609,0.9268074864459,0.9131073951721191
ft_tkt_0011009,ft_sal_005892,ft_evt_0046,VIP,0.937698148842865,0.8607829806967937,0.8967853441124438,0.8952478170394897
ft_tkt_0011010,ft_sal_005892,ft_evt_0046,VIP,0.937698148842865,0.8607829806967937,0.8967853441124438,0.8952478170394897
ft_tkt_0011011,ft_sal_005893,ft_evt_0046,CORTESÍA,0.3910763515334876,0.22129276157516548,0.3266660561037978,0.25505325198173523
ft_tkt_0011012,ft_sal_005893,ft_evt_0046,CORTESÍA,0.3910763515334876,0.22129276157516548,0.3266660561037978,0.25505325198173523
ft_tkt_0011013,ft_sal_005893,ft_evt_0046,CORTESÍA,0.3910763515334876,0.22129276157516548,0.3266660561037978,0.25505325198173523
ft_tkt_0011014,ft_sal_005893,ft_evt_0046,CORTESÍA,0.3910763515334876,0.22129276157516548,0.3266660561037978,0.25505325198173523
ft_tkt_0011015,ft_sal_005894,ft_evt_0046,GENERAL,0.9361195153053811,0.9046841225471476,0.9251115400696815,0.931877851486206
ft_tkt_0011016,ft_sal_005895,ft_evt_0046,VIP,0.937698148842865,0.8963777547605896,0.9171666171316323,0.9285246133804321
ft_tkt_0011017,ft_sal_005895,ft_evt_0046,VIP,0.937698148842865,0.8963777547605896,0.9171666171316323,0.9285246133804321
ft_tkt_0011018,ft_sal_005896,ft_evt_0046,VIP,0.937698148842865,0.8949250106263459,0.9208427838639973,0.9108738303184509
ft_tkt_0011019,ft_sal_005897,ft_evt_0046,CORTESÍA,0.3910763515334876,0.27037695940797385,0.32206749880218827,0.29582032561302185
ft_tkt_0011020,ft_sal_005897,ft_evt_0046,CORTESÍA,0.3910763515334876,0.27037695940797385,0.32206749880218827,0.29582032561302185
ft_tkt_0011021,ft_sal_005898,ft_evt_0046,CORTESÍA,0.3910763515334876,0.24616386348496896,0.3497116524318121,0.3073837459087372
ft_tkt_0011022,ft_sal_005898,ft_evt_0046,CORTESÍA,0.3910763515334876,0.24616386348496896,0.3497116524318121,0.3073837459087372
ft_tkt_0011023,ft_sal_005898,ft_evt_0046,CORTESÍA,0.3910763515334876,0.24616386348496896,0.3497116524318121,0.3073837459087372
ft_tkt_0011024,ft_sal_005899,ft_evt_0046,PREFERENCIAL,0.9331061337242351,0.9216906393032233,0.915398353535646,0.9100478291511536
ft_tkt_0011025,ft_sal_005900,ft_evt_0046,PREFERENCIAL,0.9331061337242351,0.9192854541636784,0.9269743222836957,0.9283018708229065
ft_tkt_0011026,ft_sal_005900,ft_evt_0046,PREFERENCIAL,0.9331061337242351,0.9192854541636784,0.9269743222836957,0.9283018708229065
ft_tkt_0011027,ft_sal_005901,ft_evt_0046,CORTESÍA,0.3910763515334876,0.3007244956751956,0.36679491104595885,0.33104410767555237
ft_tkt_0011028,ft_sal_005901,ft_evt_0046,CORTESÍA,0.3910763515334876,0.3007244956751956,0.36679491104595885,0.33104410767555237
ft_tkt_0011029,ft_sal_005902,ft_evt_0046,GENERAL,0.9361195153053811,0.870727511051057,0.9178696989665502,0.8907078504562378
ft_tkt_0011030,ft_sal_005902,ft_evt_0046,GENERAL,0.9361195153053811,0.870727511051057,0.9178696989665502,0.8907078504562378
ft_tkt_0011031,ft_sal_005902,ft_evt_0046,GENERAL,0.9361195153053811,0.870727511051057,0.9178696989665502,0.8907078504562378
ft_tkt_0011032,ft_sal_005902,ft_evt_0046,GENERAL,0.9361195153053811,0.870727511051057,0.9178696989665502,0.8907078504562378
ft_tkt_0011033,ft_sal_005902,ft_evt_0046,GENERAL,0.9361195153053811,0.870727511051057,0.9178696989665502,0.8907078504562378
ft_tkt_0011034,ft_sal_005902,ft_evt_0046,GENERAL,0.9361195153053811,0.870727511051057,0.9178696989665502,0.8907078504562378
ft_tkt_0011035,ft_sal_005903,ft_evt_0046,CORTESÍA,0.3910763515334876,0.29437355076024063,0.36798940462871765,0.3198900818824768
ft_tkt_0011036,ft_sal_005903,ft_evt_0046,CORTESÍA,0.3910763515334876,0.29437355076024063,0.36798940462871765,0.3198900818824768
ft_tkt_0011037,ft_sal_005903,ft_evt_0046,CORTESÍA,0.3910763515334876,0.29437355076024063,0.36798940462871765,0.3198900818824768
ft_tkt_0011038,ft_sal_005903,ft_evt_0046,CORTESÍA,0.3910763515334876,0.29437355076024063,0.36798940462871765,0.3198900818824768
ft_tkt_0011039,ft_sal_005904,ft_evt_0046,CORTESÍA,0.3910763515334876,0.3772031146860203,0.37112020649601435,0.32315725088119507
ft_tkt_0011040,ft_sal_005904,ft_evt_0046,CORTESÍA,0.3910763515334876,0.3772031146860203,0.37112020649601435,0.32315725088119507
ft_tkt_0011041,ft_sal_005904,ft_evt_0046,CORTESÍA,0.3910763515334876,0.3772031146860203,0.37112020649601435,0.32315725088119507
ft_tkt_0011042,ft_sal_005905,ft_evt_0046,CORTESÍA,0.3910763515334876,0.26594049200849523,0.3661611759099414,0.3183203339576721
ft_tkt_0011043,ft_sal_005906,ft_evt_0046,GENERAL,0.9361195153053811,0.8294437364311106,0.9229908460338946,0.9198282361030579
ft_tkt_0011044,ft_sal_005907,ft_evt_0046,GENERAL,0.9361195153053811,0.8729390004210246,0.916963093212773,0.9133415222167969
ft_tkt_0011045,ft_sal_005908,ft_evt_0046,GENERAL,0.9361195153053811,0.957334023732983,0.951757228507443,0.9212947487831116
ft_tkt_0011046,ft_sal_005909,ft_evt_0046,GENERAL,0.9361195153053811,0.8747404365972343,0.9154951864287946,0.9252349138259888
ft_tkt_0011047,ft_sal_005909,ft_evt_0046,GENERAL,0.9361195153053811,0.8747404365972343,0.9154951864287946,0.9252349138259888
ft_tkt_0011048,ft_sal_005910,ft_evt_0046,GENERAL,0.9361195153053811,0.9300329188139604,0.927895607485642,0.9057523012161255
ft_tkt_0011049,ft_sal_005911,ft_evt_0046,CORTESÍA,0.3910763515334876,0.26504295213325846,0.3661611759099414,0.3183203339576721
ft_tkt_0011050,ft_sal_005912,ft_evt_0046,GENERAL,0.9361195153053811,0.8790913831493677,0.9228550016294712,0.9030192494392395
ft_tkt_0011051,ft_sal_005912,ft_evt_0046,GENERAL,0.9361195153053811,0.8790913831493677,0.9228550016294712,0.9030192494392395
ft_tkt_0011052,ft_sal_005912,ft_evt_0046,GENERAL,0.9361195153053811,0.8790913831493677,0.9228550016294712,0.9030192494392395
ft_tkt_0011053,ft_sal_005913,ft_evt_0046,GENERAL,0.9361195153053811,0.9104544020252205,0.9172244686179614,0.9210957884788513
ft_tkt_0011054,ft_sal_005913,ft_evt_0046,GENERAL,0.9361195153053811,0.9104544020252205,0.9172244686179614,0.9210957884788513
ft_tkt_0011055,ft_sal_005913,ft_evt_0046,GENERAL,0.9361195153053811,0.9104544020252205,0.9172244686179614,0.9210957884788513
ft_tkt_0011056,ft_sal_005913,ft_evt_0046,GENERAL,0.9361195153053811,0.9104544020252205,0.9172244686179614,0.9210957884788513
ft_tkt_0011057,ft_sal_005913,ft_evt_0046,GENERAL,0.9361195153053811,0.9104544020252205,0.9172244686179614,0.9210957884788513
ft_tkt_0011058,ft_sal_005913,ft_evt_0046,GENERAL,0.9361195153053811,0.9104544020252205,0.9172244686179614,0.9210957884788513
ft_tkt_0011059,ft_sal_005914,ft_evt_0046,CORTESÍA,0.3910763515334876,0.22409975377161326,0.3320670870215268,0.3018284738063812
ft_tkt_0011060,ft_sal_005914,ft_evt_0046,CORTESÍA,0.3910763515334876,0.22409975377161326,0.3320670870215268,0.3018284738063812
ft_tkt_0011061,ft_sal_005914,ft_evt_0046,CORTESÍA,0.3910763515334876,0.22409975377161326,0.3320670870215268,0.3018284738063812
ft_tkt_0011062,ft_sal_005915,ft_evt_0046,GENERAL,0.9361195153053811,0.9039971345740965,0.9262243792451345,0.9238298535346985
ft_tkt_0011063,ft_sal_005916,ft_evt_0046,CORTESÍA,0.3910763515334876,0.3002847308361728,0.36679491104595885,0.33104410767555237
ft_tkt_0011064,ft_sal_005916,ft_evt_0046,CORTESÍA,0.3910763515334876,0.30028473083617274,0.36679491104595885,0.33104410767555237
ft_tkt_0011065,ft_sal_005917,ft_evt_0046,CORTESÍA,0.3910763515334876,0.26439141276035494,0.3661611759099414,0.3183203339576721
ft_tkt_0011066,ft_sal_005918,ft_evt_0046,VIP,0.937698148842865,0.8906651660728947,0.9088405068403442,0.9034692645072937
ft_tkt_0011067,ft_sal_005918,ft_evt_0046,VIP,0.937698148842865,0.8906651660728947,0.9088405068403442,0.9034692645072937
ft_tkt_0011068,ft_sal_005919,ft_evt_0046,CORTESÍA,0.3910763515334876,0.19133795372698842,0.3277338833121265,0.23604141175746918
ft_tkt_0011069,ft_sal_005919,ft_evt_0046,CORTESÍA,0.3910763515334876,0.19133795372698842,0.3277338833121265,0.23604141175746918
ft_tkt_0011070,ft_sal_005919,ft_evt_0046,CORTESÍA,0.3910763515334876,0.19133795372698842,0.3277338833121265,0.23604141175746918
ft_tkt_0011071,ft_sal_005920,ft_evt_0046,CORTESÍA,0.3910763515334876,0.1651006775865591,0.31705674521811655,0.231923907995224
ft_tkt_0011072,ft_sal_005921,ft_evt_0046,GENERAL,0.9361195153053811,0.9524210023089303,0.9499989380320348,0.9373024702072144
ft_tkt_0011073,ft_sal_005922,ft_evt_0046,VIP,0.937698148842865,0.9119733703117833,0.9194934381499341,0.9046096205711365
ft_tkt_0011074,ft_sal_005922,ft_evt_0046,VIP,0.937698148842865,0.9119733703117833,0.9194934381499341,0.9046096205711365
ft_tkt_0011075,ft_sal_005922,ft_evt_0046,VIP,0.937698148842865,0.9119733703117833,0.9194934381499341,0.9046096205711365
ft_tkt_0011076,ft_sal_005922,ft_evt_0046,VIP,0.937698148842865,0.9119733703117833,0.9194934381499341,0.9046096205711365
ft_tkt_0011077,ft_sal_005922,ft_evt_0046,VIP,0.937698148842865,0.9119733703117833,0.9194934381499341,0.9046096205711365
ft_tkt_0011078,ft_sal_005922,ft_evt_0046,VIP,0.937698148842865,0.9119733703117833,0.9194934381499341,0.9046096205711365
ft_tkt_0011079,ft_sal_005923,ft_evt_0046,PREFERENCIAL,0.9331061337242351,0.8757214808715169,0.9205208357003074,0.9259800314903259
ft_tkt_0011080,ft_sal_005923,ft_evt_0046,PREFERENCIAL,0.9331061337242351,0.8757214808715169,0.9205208357003074,0.9259800314903259
ft_tkt_0011081,ft_sal_005924,ft_evt_0046,GENERAL,0.9361195153053811,0.91392621605862,0.9090942543241839,0.8588945269584656
ft_tkt_0011082,ft_sal_005924,ft_evt_0046,GENERAL,0.9361195153053811,0.91392621605862,0.9090942543241839,0.8588945269584656
ft_tkt_0011083,ft_sal_005924,ft_evt_0046,GENERAL,0.9361195153053811,0.91392621605862,0.9090942543241839,0.8588945269584656
ft_tkt_0011084,ft_sal_005924,ft_evt_0046,GENERAL,0.9361195153053811,0.91392621605862,0.9090942543241839,0.8588945269584656
ft_tkt_0011085,ft_sal_005925,ft_evt_0046,CORTESÍA,0.3910763515334876,0.26431004324913415,0.3661611759099414,0.3183203339576721
ft_tkt_0011086,ft_sal_005926,ft_evt_0046,GENERAL,0.9361195153053811,0.9406302026168895,0.9270352057649748,0.9226199388504028
ft_tkt_0011087,ft_sal_005926,ft_evt_0046,GENERAL,0.9361195153053811,0.9406302026168895,0.9270352057649748,0.9226199388504028
ft_tkt_0011088,ft_sal_005927,ft_evt_0046,PREFERENCIAL,0.9331061337242351,0.9200628155477963,0.9269743222836957,0.9311119318008423
ft_tkt_0011089,ft_sal_005927,ft_evt_0046,PREFERENCIAL,0.9331061337242351,0.9200628155477963,0.9269743222836957,0.9311119318008423
ft_tkt_0011090,ft_sal_005928,ft_evt_0046,GENERAL,0.9361195153053811,0.8794532922286045,0.9144963695363116,0.9236851334571838
ft_tkt_0011091,ft_sal_005928,ft_evt_0046,GENERAL,0.9361195153053811,0.8794532922286045,0.9144963695363116,0.9236851334571838
ft_tkt_0011092,ft_sal_005929,ft_evt_0046,CORTESÍA,0.3910763515334876,0.30037265464409996,0.36679491104595885,0.33104410767555237
ft_tkt_0011093,ft_sal_005929,ft_evt_0046,CORTESÍA,0.3910763515334876,0.30037265464409996,0.36679491104595885,0.33104410767555237
ft_tkt_0011094,ft_sal_005930,ft_evt_0046,CORTESÍA,0.3910763515334876,0.26594049200849523,0.3661611759099414,0.3183203339576721
ft_tkt_0011095,ft_sal_005931,ft_evt_0046,VIP,0.937698148842865,0.8547747093329601,0.9005353543859999,0.9041600823402405
ft_tkt_0011096,ft_sal_005931,ft_evt_0046,VIP,0.937698148842865,0.8547747093329601,0.9005353543859999,0.9041600823402405
ft_tkt_0011097,ft_sal_005931,ft_evt_0046,VIP,0.937698148842865,0.8547747093329601,0.9005353543859999,0.9041600823402405
ft_tkt_0011098,ft_sal_005932,ft_evt_0046,CORTESÍA,0.3910763515334876,0.32202541012602903,0.3605381747495558,0.3565525412559509
ft_tkt_0011099,ft_sal_005933,ft_evt_0046,VIP,0.937698148842865,0.9024099093423279,0.9190121391334846,0.9092186093330383
ft_tkt_0011100,ft_sal_005934,ft_evt_0046,CORTESÍA,0.3910763515334876,0.3180237060189985,0.4397076008072803,0.3688986599445343
ft_tkt_0011101,ft_sal_005935,ft_evt_0046,PREFERENCIAL,0.9331061337242351,0.9070705782625981,0.9262243792451345,0.9260368943214417
ft_tkt_0011102,ft_sal_005936,ft_evt_0046,CORTESÍA,0.3910763515334876,0.2698065348510371,0.31666462377748583,0.22829735279083252
ft_tkt_0011103,ft_sal_005936,ft_evt_0046,CORTESÍA,0.3910763515334876,0.2698065348510371,0.31666462377748583,0.22829735279083252
ft_tkt_0011104,ft_sal_005936,ft_evt_0046,CORTESÍA,0.3910763515334876,0.2698065348510371,0.31666462377748583,0.22829735279083252
ft_tkt_0011105,ft_sal_005937,ft_evt_0046,GENERAL,0.9361195153053811,0.8692856783092459,0.9150754143282602,0.895210325717926
ft_tkt_0011106,ft_sal_005937,ft_evt_0046,GENERAL,0.9361195153053811,0.8692856783092459,0.9150754143282602,0.895210325717926
ft_tkt_0011107,ft_sal_005938,ft_evt_0046,CORTESÍA,0.3910763515334876,0.24848320532291537,0.32458141901418774,0.3366561830043793
ft_tkt_0011108,ft_sal_005939,ft_evt_0046,VIP,0.937698148842865,0.9315984946850041,0.9285438250728557,0.9327569603919983
ft_tkt_0011109,ft_sal_005939,ft_evt_0046,VIP,0.937698148842865,0.9315984946850041,0.9285438250728557,0.9327569603919983
ft_tkt_0011110,ft_sal_005940,ft_evt_0046,GENERAL,0.9361195153053811,0.898785266464967,0.911533664962087,0.9135257005691528
ft_tkt_0011111,ft_sal_005940,ft_evt_0046,GENERAL,0.9361195153053811,0.898785266464967,0.911533664962087,0.9135257005691528
ft_tkt_0011112,ft_sal_005941,ft_evt_0046,CORTESÍA,0.3910763515334876,0.19749134650164912,0.29579775314115164,0.25041162967681885
ft_tkt_0011113,ft_sal_005941,ft_evt_0046,CORTESÍA,0.3910763515334876,0.19749134650164912,0.29579775314115164,0.25041162967681885
ft_tkt_0011114,ft_sal_005942,ft_evt_0046,PREFERENCIAL,0.9331061337242351,0.9196670772072876,0.9269743222836957,0.929763674736023
ft_tkt_0011115,ft_sal_005942,ft_evt_0046,PREFERENCIAL,0.9331061337242351,0.9196670772072876,0.9269743222836957,0.929763674736023
ft_tkt_0011116,ft_sal_005943,ft_evt_0046,CORTESÍA,0.3910763515334876,0.3016051232356004,0.36679491104595885,0.33104410767555237
ft_tkt_0011117,ft_sal_005943,ft_evt_0046,CORTESÍA,0.3910763515334876,0.3016051232356004,0.36679491104595885,0.33104410767555237
ft_tkt_0011118,ft_sal_005944,ft_evt_0046,GENERAL,0.9361195153053811,0.9103390259665969,0.915231000913147,0.897968590259552
ft_tkt_0011119,ft_sal_005944,ft_evt_0046,GENERAL,0.9361195153053811,0.9103390259665969,0.915231000913147,0.897968590259552
ft_tkt_0011120,ft_sal_005944,ft_evt_0046,GENERAL,0.9361195153053811,0.9103390259665969,0.915231000913147,0.897968590259552
ft_tkt_0011121,ft_sal_005945,ft_evt_0046,VIP,0.937698148842865,0.8772646954444706,0.9203563099263894,0.9098991751670837
ft_tkt_0011122,ft_sal_005945,ft_evt_0046,VIP,0.937698148842865,0.8772646954444706,0.9203563099263894,0.9098991751670837
ft_tkt_0011123,ft_sal_005945,ft_evt_0046,VIP,0.937698148842865,0.8772646954444706,0.9203563099263894,0.9098991751670837
ft_tkt_0011124,ft_sal_005945,ft_evt_0046,VIP,0.937698148842865,0.8772646954444706,0.9203563099263894,0.9098991751670837
ft_tkt_0011125,ft_sal_005945,ft_evt_0046,VIP,0.937698148842865,0.8772646954444706,0.9203563099263894,0.9098991751670837
ft_tkt_0011126,ft_sal_005945,ft_evt_0046,VIP,0.937698148842865,0.8772646954444706,0.9203563099263894,0.9098991751670837
ft_tkt_0011127,ft_sal_005946,ft_evt_0046,GENERAL,0.9361195153053811,0.9048195122920106,0.9262243792451345,0.9249279499053955
ft_tkt_0011128,ft_sal_005947,ft_evt_0046,CORTESÍA,0.3910763515334876,0.38068023960706665,0.37006159647232895,0.32626020908355713
ft_tkt_0011129,ft_sal_005947,ft_evt_0046,CORTESÍA,0.3910763515334876,0.38068023960706665,0.37006159647232895,0.32626020908355713
ft_tkt_0011130,ft_sal_005948,ft_evt_0046,CORTESÍA,0.3910763515334876,0.3805815959456676,0.37006159647232895,0.32626020908355713
ft_tkt_0011131,ft_sal_005948,ft_evt_0046,CORTESÍA,0.3910763515334876,0.3805815959456676,0.37006159647232895,0.32626020908355713
ft_tkt_0011132,ft_sal_005949,ft_evt_0046,GENERAL,0.9361195153053811,0.8729844781554007,0.917220242056417,0.9328738451004028
ft_tkt_0011133,ft_sal_005950,ft_evt_0046,GENERAL,0.9361195153053811,0.89628694109665,0.9466906924435461,0.9456576108932495
ft_tkt_0011134,ft_sal_005950,ft_evt_0046,GENERAL,0.9361195153053811,0.89628694109665,0.9466906924435461,0.9456576108932495
ft_tkt_0011135,ft_sal_005951,ft_evt_0046,GENERAL,0.9361195153053811,0.9027675917033755,0.9264377630815348,0.9120887517929077
ft_tkt_0011136,ft_sal_005952,ft_evt_0046,CORTESÍA,0.3910763515334876,0.2938741145570112,0.46970514900933746,0.4747133255004883
ft_tkt_0011137,ft_sal_005952,ft_evt_0046,CORTESÍA,0.3910763515334876,0.2938741145570112,0.46970514900933746,0.4747133255004883
ft_tkt_0011138,ft_sal_005953,ft_evt_0046,GENERAL,0.9361195153053811,0.8675239835860756,0.9099600654090911,0.9016304016113281
ft_tkt_0011139,ft_sal_005953,ft_evt_0046,GENERAL,0.9361195153053811,0.8675239835860756,0.9099600654090911,0.9016304016113281
ft_tkt_0011140,ft_sal_005954,ft_evt_0046,GENERAL,0.9361195153053811,0.8717741594835878,0.9172008692133184,0.898407518863678
ft_tkt_0011141,ft_sal_005955,ft_evt_0046,CORTESÍA,0.3910763515334876,0.18477615093515465,0.33680973578151374,0.24376152455806732
ft_tkt_0011142,ft_sal_005956,ft_evt_0046,PREFERENCIAL,0.9331061337242351,0.8750705080370796,0.9255920376680457,0.8847900032997131
ft_tkt_0011143,ft_sal_005957,ft_evt_0046,CORTESÍA,0.3910763515334876,0.2680630044000013,0.33294152755625106,0.27383023500442505
ft_tkt_0011144,ft_sal_005957,ft_evt_0046,CORTESÍA,0.3910763515334876,0.2680630044000013,0.33294152755625106,0.27383023500442505
ft_tkt_0011145,ft_sal_005958,ft_evt_0046,PREFERENCIAL,0.9331061337242351,0.9423989139362384,0.9279189801702244,0.9265398383140564
ft_tkt_0011146,ft_sal_005958,ft_evt_0046,PREFERENCIAL,0.9331061337242351,0.9423989139362384,0.9279189801702244,0.9265398383140564
ft_tkt_0011147,ft_sal_005959,ft_evt_0046,PREFERENCIAL,0.9331061337242351,0.9163051392964296,0.921571127544489,0.9331265687942505
ft_tkt_0011148,ft_sal_005959,ft_evt_0046,PREFERENCIAL,0.9331061337242351,0.9163051392964296,0.921571127544489,0.9331265687942505
ft_tkt_0011149,ft_sal_005959,ft_evt_0046,PREFERENCIAL,0.9331061337242351,0.9163051392964296,0.921571127544489,0.9331265687942505
ft_tkt_0011150,ft_sal_005960,ft_evt_0046,CORTESÍA,0.3910763515334876,0.10990620040114403,0.25207736781900736,0.18136169016361237
ft_tkt_0011151,ft_sal_005961,ft_evt_0046,CORTESÍA,0.3910763515334876,0.19646087567956252,0.29659797313040703,0.2122911810874939
ft_tkt_0011152,ft_sal_005961,ft_evt_0046,CORTESÍA,0.3910763515334876,0.19646087567956252,0.29659797313040703,0.2122911810874939
ft_tkt_0011153,ft_sal_005962,ft_evt_0046,GENERAL,0.9361195153053811,0.9300828329572167,0.9486333136590044,0.9415932297706604
ft_tkt_0011154,ft_sal_005962,ft_evt_0046,GENERAL,0.9361195153053811,0.9300828329572167,0.9486333136590044,0.9415932297706604
ft_tkt_0011155,ft_sal_005963,ft_evt_0046,GENERAL,0.9361195153053811,0.9173794868315259,0.891813827855584,0.8564415574073792
ft_tkt_0011156,ft_sal_005964,ft_evt_0046,CORTESÍA,0.3910763515334876,0.18762388923773904,0.32555923963710975,0.21707187592983246
ft_tkt_0011157,ft_sal_005965,ft_evt_0046,PREFERENCIAL,0.9331061337242351,0.908460228498068,0.9266067552088775,0.9253513813018799
ft_tkt_0011158,ft_sal_005966,ft_evt_0046,PREFERENCIAL,0.9331061337242351,0.8616444215965844,0.9166710190573403,0.9021611213684082
ft_tkt_0011159,ft_sal_005966,ft_evt_0046,PREFERENCIAL,0.9331061337242351,0.8616444215965844,0.9166710190573403,0.9021611213684082
ft_tkt_0011160,ft_sal_005967,ft_evt_0046,CORTESÍA,0.3910763515334876,0.23904552838909668,0.4318158636985669,0.3593374490737915
ft_tkt_0011161,ft_sal_005968,ft_evt_0046,GENERAL,0.9361195153053811,0.8849992480429376,0.8889234887115764,0.9221391081809998
ft_tkt_0011162,ft_sal_005968,ft_evt_0046,GENERAL,0.9361195153053811,0.8849992480429376,0.8889234887115764,0.9221391081809998
ft_tkt_0011163,ft_sal_005969,ft_evt_0046,GENERAL,0.9361195153053811,0.9299911572318225,0.9280654006381522,0.9062572717666626
ft_tkt_0011164,ft_sal_005970,ft_evt_0046,PREFERENCIAL,0.9331061337242351,0.9277920629460299,0.9213197495077041,0.9045364856719971
ft_tkt_0011165,ft_sal_005970,ft_evt_0046,PREFERENCIAL,0.9331061337242351,0.9277920629460299,0.9213197495077041,0.9045364856719971
ft_tkt_0011166,ft_sal_005971,ft_evt_0046,GENERAL,0.9361195153053811,0.9025666270025308,0.9264377630815348,0.9132720828056335
ft_tkt_0011167,ft_sal_005972,ft_evt_0046,PREFERENCIAL,0.9331061337242351,0.8758004931296186,0.9218131480541082,0.9211506843566895
ft_tkt_0011168,ft_sal_005972,ft_evt_0046,PREFERENCIAL,0.9331061337242351,0.8758004931296186,0.9218131480541082,0.9211506843566895
ft_tkt_0011169,ft_sal_005973,ft_evt_0046,GENERAL,0.9361195153053811,0.9164616195445917,0.9256670097089074,0.9202235341072083
ft_tkt_0011170,ft_sal_005973,ft_evt_0046,GENERAL,0.9361195153053811,0.9164616195445917,0.9256670097089074,0.9202235341072083
ft_tkt_0011171,ft_sal_005974,ft_evt_0046,GENERAL,0.9361195153053811,0.8283802735152387,0.8943606967904796,0.8762645721435547
ft_tkt_0011172,ft_sal_005974,ft_evt_0046,GENERAL,0.9361195153053811,0.8283802735152387,0.8943606967904796,0.8762645721435547
ft_tkt_0011173,ft_sal_005975,ft_evt_0046,VIP,0.937698148842865,0.8841227341415038,0.9260549772753291,0.920935869216919
ft_tkt_0011174,ft_sal_005976,ft_evt_0046,PREFERENCIAL,0.9331061337242351,0.8771069072438542,0.9208427838639973,0.9114546775817871
ft_tkt_0011175,ft_sal_005977,ft_evt_0046,PREFERENCIAL,0.9331061337242351,0.8822062556442121,0.9119532440395509,0.9028851985931396
ft_tkt_0011176,ft_sal_005977,ft_evt_0046,PREFERENCIAL,0.9331061337242351,0.8822062556442121,0.9119532440395509,0.9028851985931396
ft_tkt_0011177,ft_sal_005978,ft_evt_0046,GENERAL,0.9361195153053811,0.8988030654951702,0.9001400513617899,0.9203386306762695
ft_tkt_0011178,ft_sal_005978,ft_evt_0046,GENERAL,0.9361195153053811,0.8988030654951702,0.9001400513617899,0.9203386306762695
ft_tkt_0011179,ft_sal_005979,ft_evt_0046,GENERAL,0.9361195153053811,0.9036018118763274,0.9271225109563775,0.9216587543487549
ft_tkt_0011180,ft_sal_005980,ft_evt_0046,CORTESÍA,0.3910763515334876,0.2383661195591639,0.34163115226740837,0.30636146664619446
ft_tkt_0011181,ft_sal_005980,ft_evt_0046,CORTESÍA,0.3910763515334876,0.2383661195591639,0.34163115226740837,0.30636146664619446
ft_tkt_0011182,ft_sal_005981,ft_evt_0046,GENERAL,0.9361195153053811,0.9179529072844119,0.9260798882445508,0.9254612922668457
ft_tkt_0011183,ft_sal_005981,ft_evt_0046,GENERAL,0.9361195153053811,0.9179529072844119,0.9260798882445508,0.9254612922668457
ft_tkt_0011184,ft_sal_005982,ft_evt_0046,CORTESÍA,0.3910763515334876,0.2658588170730198,0.3661611759099414,0.3183203339576721
ft_tkt_0011185,ft_sal_005983,ft_evt_0046,CORTESÍA,0.3910763515334876,0.3009005037189059,0.36679491104595885,0.33104410767555237
ft_tkt_0011186,ft_sal_005983,ft_evt_0046,CORTESÍA,0.3910763515334876,0.3009005037189059,0.36679491104595885,0.33104410767555237
ft_tkt_0011187,ft_sal_005984,ft_evt_0046,CORTESÍA,0.3910763515334876,0.23888151119906928,0.3312591074180006,0.2934510111808777
ft_tkt_0011188,ft_sal_005984,ft_evt_0046,CORTESÍA,0.3910763515334876,0.23888151119906928,0.3312591074180006,0.2934510111808777
ft_tkt_0011189,ft_sal_005985,ft_evt_0046,GENERAL,0.9361195153053811,0.9172049043889992,0.9260798882445508,0.9247961044311523
ft_tkt_0011190,ft_sal_005985,ft_evt_0046,GENERAL,0.9361195153053811,0.9172049043889992,0.9260798882445508,0.9247961044311523
ft_tkt_0011191,ft_sal_005986,ft_evt_0046,GENERAL,0.9361195153053811,0.8785657210527136,0.911792903275155,0.9222826361656189
ft_tkt_0011192,ft_sal_005986,ft_evt_0046,GENERAL,0.9361195153053811,0.8785657210527136,0.911792903275155,0.9222826361656189
ft_tkt_0011193,ft_sal_005987,ft_evt_0046,GENERAL,0.9361195153053811,0.9040842455576398,0.9262243792451345,0.9229906797409058
ft_tkt_0011194,ft_sal_005988,ft_evt_0046,CORTESÍA,0.3910763515334876,0.3621933005103378,0.4696699947555753,0.43913590908050537
ft_tkt_0011195,ft_sal_005989,ft_evt_0046,GENERAL,0.9361195153053811,0.881765899466764,0.9163855460941992,0.9087502360343933
ft_tkt_0011196,ft_sal_005990,ft_evt_0046,GENERAL,0.9361195153053811,0.8978942352175482,0.9194688095036933,0.9062644243240356
ft_tkt_0011197,ft_sal_005990,ft_evt_0046,GENERAL,0.9361195153053811,0.8978942352175482,0.9194688095036933,0.9062644243240356
ft_tkt_0011198,ft_sal_005991,ft_evt_0046,CORTESÍA,0.3910763515334876,0.2183577029421466,0.31960407635465576,0.2705584466457367
ft_tkt_0011199,ft_sal_005991,ft_evt_0046,CORTESÍA,0.3910763515334876,0.2183577029421466,0.31960407635465576,0.2705584466457367
ft_tkt_0011200,ft_sal_005991,ft_evt_0046,CORTESÍA,0.3910763515334876,0.2183577029421466,0.31960407635465576,0.2705584466457367
ft_tkt_0011201,ft_sal_005992,ft_evt_0046,GENERAL,0.9361195153053811,0.8765920020426311,0.9228639088382404,0.9463765621185303
ft_tkt_0011202,ft_sal_005993,ft_evt_0046,CORTESÍA,0.3910763515334876,0.1836241400911428,0.31482328605244314,0.23619604110717773
ft_tkt_0011203,ft_sal_005994,ft_evt_0046,VIP,0.937698148842865,0.9280949366355955,0.9291098204066346,0.93448805809021
ft_tkt_0011204,ft_sal_005994,ft_evt_0046,VIP,0.937698148842865,0.9280949366355955,0.9291098204066346,0.93448805809021
ft_tkt_0011205,ft_sal_005994,ft_evt_0046,VIP,0.937698148842865,0.9280949366355955,0.9291098204066346,0.93448805809021
ft_tkt_0011206,ft_sal_005995,ft_evt_0046,GENERAL,0.9361195153053811,0.8164683785771929,0.9059147027397044,0.8821282386779785
ft_tkt_0011207,ft_sal_005995,ft_evt_0046,GENERAL,0.9361195153053811,0.8164683785771929,0.9059147027397044,0.8821282386779785
ft_tkt_0011208,ft_sal_005996,ft_evt_0046,GENERAL,0.9361195153053811,0.8671442286534452,0.9162360130838165,0.9183347821235657
ft_tkt_0011209,ft_sal_005996,ft_evt_0046,GENERAL,0.9361195153053811,0.8671442286534452,0.9162360130838165,0.9183347821235657
ft_tkt_0011210,ft_sal_005997,ft_evt_0046,VIP,0.937698148842865,0.8972999405264949,0.9213129941274928,0.9188511967658997
ft_tkt_0011211,ft_sal_005998,ft_evt_0046,CORTESÍA,0.3910763515334876,0.29713920543574956,0.41821577684402594,0.3709055781364441
ft_tkt_0011212,ft_sal_005999,ft_evt_0046,PREFERENCIAL,0.9331061337242351,0.9102096662275057,0.9164021283602793,0.924988329410553
ft_tkt_0011213,ft_sal_005999,ft_evt_0046,PREFERENCIAL,0.9331061337242351,0.9102096662275057,0.9164021283602793,0.924988329410553
ft_tkt_0011214,ft_sal_006000,ft_evt_0046,GENERAL,0.9361195153053811,0.8629425646278598,0.9128869967719052,0.8804154396057129
ft_tkt_0011215,ft_sal_006001,ft_evt_0046,CORTESÍA,0.3910763515334876,0.38641026454396565,0.44986221733985077,0.5005117058753967
ft_tkt_0011216,ft_sal_006001,ft_evt_0046,CORTESÍA,0.3910763515334876,0.38641026454396565,0.44986221733985077,0.5005117058753967
ft_tkt_0011217,ft_sal_006002,ft_evt_0046,GENERAL,0.9361195153053811,0.8889952329469374,0.9173061244595382,0.899567186832428
ft_tkt_0011218,ft_sal_006002,ft_evt_0046,GENERAL,0.9361195153053811,0.8889952329469374,0.9173061244595382,0.899567186832428
ft_tkt_0011219,ft_sal_006003,ft_evt_0046,CORTESÍA,0.3910763515334876,0.16787738330363125,0.2827801784911806,0.17171292006969452
ft_tkt_0011220,ft_sal_006003,ft_evt_0046,CORTESÍA,0.3910763515334876,0.16787738330363125,0.2827801784911806,0.17171292006969452
ft_tkt_0011221,ft_sal_006003,ft_evt_0046,CORTESÍA,0.3910763515334876,0.16787738330363125,0.2827801784911806,0.17171292006969452
ft_tkt_0011222,ft_sal_006003,ft_evt_0046,CORTESÍA,0.3910763515334876,0.16787738330363125,0.2827801784911806,0.17171292006969452
ft_tkt_0011223,ft_sal_006004,ft_evt_0046,VIP,0.937698148842865,0.9247880292124863,0.9291665573247693,0.9342111349105835
ft_tkt_0011224,ft_sal_006004,ft_evt_0046,VIP,0.937698148842865,0.9247880292124863,0.9291665573247693,0.9342111349105835
ft_tkt_0011225,ft_sal_006004,ft_evt_0046,VIP,0.937698148842865,0.9247880292124863,0.9291665573247693,0.9342111349105835
ft_tkt_0011226,ft_sal_006004,ft_evt_0046,VIP,0.937698148842865,0.9247880292124863,0.9291665573247693,0.9342111349105835
ft_tkt_0011227,ft_sal_006005,ft_evt_0046,GENERAL,0.9361195153053811,0.9402372502364276,0.9266272403663351,0.91713947057724
ft_tkt_0011228,ft_sal_006005,ft_evt_0046,GENERAL,0.9361195153053811,0.9402372502364276,0.9266272403663351,0.91713947057724
ft_tkt_0011229,ft_sal_006006,ft_evt_0046,GENERAL,0.9361195153053811,0.8820153921781978,0.911926403079398,0.8516026735305786
ft_tkt_0011230,ft_sal_006006,ft_evt_0046,GENERAL,0.9361195153053811,0.8820153921781978,0.911926403079398,0.8516026735305786
ft_tkt_0011231,ft_sal_006006,ft_evt_0046,GENERAL,0.9361195153053811,0.8820153921781978,0.911926403079398,0.8516026735305786
ft_tkt_0011232,ft_sal_006007,ft_evt_0046,PREFERENCIAL,0.9331061337242351,0.8966653552460118,0.9134449267096932,0.9169795513153076
ft_tkt_0011233,ft_sal_006007,ft_evt_0046,PREFERENCIAL,0.9331061337242351,0.8966653552460118,0.9134449267096932,0.9169795513153076
ft_tkt_0011234,ft_sal_006008,ft_evt_0046,GENERAL,0.9361195153053811,0.8000882016039361,0.9108918428323076,0.8834042549133301
ft_tkt_0011235,ft_sal_006009,ft_evt_0046,CORTESÍA,0.3910763515334876,0.19418805884327622,0.30505640988125404,0.23848088085651398
ft_tkt_0011236,ft_sal_006010,ft_evt_0046,GENERAL,0.9361195153053811,0.9172947711565631,0.9260798882445508,0.9247961044311523
ft_tkt_0011237,ft_sal_006010,ft_evt_0046,GENERAL,0.9361195153053811,0.9172947711565631,0.9260798882445508,0.9247961044311523
ft_tkt_0011238,ft_sal_006011,ft_evt_0046,VIP,0.937698148842865,0.8987688896918251,0.9300056270025495,0.9319442510604858
ft_tkt_0011239,ft_sal_006012,ft_evt_0046,GENERAL,0.9361195153053811,0.9147935957787972,0.926901808645784,0.9243698120117188
ft_tkt_0011240,ft_sal_006012,ft_evt_0046,GENERAL,0.9361195153053811,0.9147935957787972,0.926901808645784,0.9243698120117188
ft_tkt_0011241,ft_sal_006012,ft_evt_0046,GENERAL,0.9361195153053811,0.9147935957787972,0.926901808645784,0.9243698120117188
ft_tkt_0011242,ft_sal_006013,ft_evt_0046,VIP,0.937698148842865,0.9011075891546961,0.9190121391334846,0.9086328744888306
ft_tkt_0011243,ft_sal_006014,ft_evt_0046,CORTESÍA,0.3910763515334876,0.2122606443250709,0.33091903958911556,0.2721218466758728
ft_tkt_0011244,ft_sal_006014,ft_evt_0046,CORTESÍA,0.3910763515334876,0.2122606443250709,0.33091903958911556,0.2721218466758728
ft_tkt_0011245,ft_sal_006014,ft_evt_0046,CORTESÍA,0.3910763515334876,0.2122606443250709,0.33091903958911556,0.2721218466758728
ft_tkt_0011246,ft_sal_006014,ft_evt_0046,CORTESÍA,0.3910763515334876,0.2122606443250709,0.33091903958911556,0.2721218466758728
ft_tkt_0011247,ft_sal_006014,ft_evt_0046,CORTESÍA,0.3910763515334876,0.2122606443250709,0.33091903958911556,0.2721218466758728
ft_tkt_0011248,ft_sal_006014,ft_evt_0046,CORTESÍA,0.3910763515334876,0.2122606443250709,0.33091903958911556,0.2721218466758728
ft_tkt_0011249,ft_sal_006015,ft_evt_0046,PREFERENCIAL,0.9331061337242351,0.8692862513971187,0.9018807517042199,0.9210878014564514
ft_tkt_0011250,ft_sal_006016,ft_evt_0046,CORTESÍA,0.3910763515334876,0.19004395618536804,0.30681219254204184,0.2817089855670929
ft_tkt_0011251,ft_sal_006016,ft_evt_0046,CORTESÍA,0.3910763515334876,0.19004395618536804,0.30681219254204184,0.2817089855670929
ft_tkt_0011252,ft_sal_006017,ft_evt_0046,GENERAL,0.9361195153053811,0.8799493731172666,0.9235156830826429,0.926291823387146
ft_tkt_0011253,ft_sal_006018,ft_evt_0046,PREFERENCIAL,0.9331061337242351,0.8626683902730955,0.9171658834449551,0.9236756563186646
ft_tkt_0011254,ft_sal_006018,ft_evt_0046,PREFERENCIAL,0.9331061337242351,0.8626683902730955,0.9171658834449551,0.9236756563186646
ft_tkt_0011255,ft_sal_006018,ft_evt_0046,PREFERENCIAL,0.9331061337242351,0.8626683902730955,0.9171658834449551,0.9236756563186646
ft_tkt_0011256,ft_sal_006018,ft_evt_0046,PREFERENCIAL,0.9331061337242351,0.8626683902730955,0.9171658834449551,0.9236756563186646
ft_tkt_0011257,ft_sal_006018,ft_evt_0046,PREFERENCIAL,0.9331061337242351,0.8626683902730955,0.9171658834449551,0.9236756563186646
ft_tkt_0011258,ft_sal_006018,ft_evt_0046,PREFERENCIAL,0.9331061337242351,0.8626683902730955,0.9171658834449551,0.9236756563186646
ft_tkt_0011259,ft_sal_006019,ft_evt_0046,PREFERENCIAL,0.9331061337242351,0.9162775214909794,0.9272809491812093,0.9303567409515381
ft_tkt_0011260,ft_sal_006019,ft_evt_0046,PREFERENCIAL,0.9331061337242351,0.9162775214909794,0.9272809491812093,0.9303567409515381
ft_tkt_0011261,ft_sal_006019,ft_evt_0046,PREFERENCIAL,0.9331061337242351,0.9162775214909794,0.9272809491812093,0.9303567409515381
ft_tkt_0011262,ft_sal_006020,ft_evt_0046,CORTESÍA,0.3910763515334876,0.4356686342452163,0.44139854721387584,0.42061421275138855
ft_tkt_0011263,ft_sal_006021,ft_evt_0046,GENERAL,0.9361195153053811,0.8799381853235745,0.9147348398834945,0.9293819665908813
ft_tkt_0011264,ft_sal_006021,ft_evt_0046,GENERAL,0.9361195153053811,0.8799381853235745,0.9147348398834945,0.9293819665908813
ft_tkt_0011265,ft_sal_006022,ft_evt_0046,VIP,0.937698148842865,0.9292433551259247,0.9162627315968457,0.9169657230377197
ft_tkt_0011266,ft_sal_006022,ft_evt_0046,VIP,0.937698148842865,0.9292433551259247,0.9162627315968457,0.9169657230377197
ft_tkt_0011267,ft_sal_006023,ft_evt_0046,CORTESÍA,0.3910763515334876,0.2428273788796781,0.32268866412185626,0.2088542878627777
ft_tkt_0011268,ft_sal_006024,ft_evt_0046,GENERAL,0.9361195153053811,0.8688512036383342,0.9142306699831773,0.9058616757392883
ft_tkt_0011269,ft_sal_006024,ft_evt_0046,GENERAL,0.9361195153053811,0.8688512036383342,0.9142306699831773,0.9058616757392883
ft_tkt_0011270,ft_sal_006024,ft_evt_0046,GENERAL,0.9361195153053811,0.8688512036383342,0.9142306699831773,0.9058616757392883
ft_tkt_0011271,ft_sal_006025,ft_evt_0046,GENERAL,0.9361195153053811,0.8164288652397585,0.9175589756909908,0.8914468884468079
ft_tkt_0011272,ft_sal_006026,ft_evt_0046,VIP,0.937698148842865,0.9473042515969976,0.920204233170207,0.934330403804779
ft_tkt_0011273,ft_sal_006026,ft_evt_0046,VIP,0.937698148842865,0.9473042515969976,0.920204233170207,0.934330403804779
ft_tkt_0011274,ft_sal_006027,ft_evt_0046,GENERAL,0.9361195153053811,0.8891351600404017,0.9201597479633932,0.9054409265518188
ft_tkt_0011275,ft_sal_006027,ft_evt_0046,GENERAL,0.9361195153053811,0.8891351600404017,0.9201597479633932,0.9054409265518188
ft_tkt_0011276,ft_sal_006028,ft_evt_0046,GENERAL,0.9361195153053811,0.8481332125672243,0.9071805837850266,0.9314736723899841
ft_tkt_0011277,ft_sal_006029,ft_evt_0046,GENERAL,0.9361195153053811,0.8996784944164444,0.9158212785802962,0.905302107334137
ft_tkt_0011278,ft_sal_006029,ft_evt_0046,GENERAL,0.9361195153053811,0.8996784944164444,0.9158212785802962,0.905302107334137
ft_tkt_0011279,ft_sal_006030,ft_evt_0046,GENERAL,0.9361195153053811,0.9174941672336775,0.9137520856953361,0.9205402731895447
ft_tkt_0011280,ft_sal_006030,ft_evt_0046,GENERAL,0.9361195153053811,0.9174941672336775,0.9137520856953361,0.9205402731895447
ft_tkt_0011281,ft_sal_006030,ft_evt_0046,GENERAL,0.9361195153053811,0.9174941672336775,0.9137520856953361,0.9205402731895447
ft_tkt_0011282,ft_sal_006031,ft_evt_0046,GENERAL,0.9361195153053811,0.9568264675337903,0.9487695733134331,0.9378734230995178
ft_tkt_0011283,ft_sal_006032,ft_evt_0046,CORTESÍA,0.3910763515334876,0.37354273380414754,0.3712604908677802,0.315191388130188
ft_tkt_0011284,ft_sal_006032,ft_evt_0046,CORTESÍA,0.3910763515334876,0.37354273380414754,0.3712604908677802,0.315191388130188
ft_tkt_0011285,ft_sal_006032,ft_evt_0046,CORTESÍA,0.3910763515334876,0.37354273380414754,0.3712604908677802,0.315191388130188
ft_tkt_0011286,ft_sal_006032,ft_evt_0046,CORTESÍA,0.3910763515334876,0.37354273380414754,0.3712604908677802,0.315191388130188
ft_tkt_0011287,ft_sal_006033,ft_evt_0046,GENERAL,0.9361195153053811,0.8948464547642133,0.9304923538225612,0.933110237121582
ft_tkt_0011288,ft_sal_006034,ft_evt_0046,GENERAL,0.9361195153053811,0.9493744653366173,0.9472853651752774,0.9282621741294861
ft_tkt_0011289,ft_sal_006035,ft_evt_0046,CORTESÍA,0.3910763515334876,0.3012526968133167,0.36679491104595885,0.33104410767555237
ft_tkt_0011290,ft_sal_006035,ft_evt_0046,CORTESÍA,0.3910763515334876,0.3012526968133167,0.36679491104595885,0.33104410767555237
ft_tkt_0011291,ft_sal_006036,ft_evt_0046,GENERAL,0.9361195153053811,0.930292043008555,0.9273424724424408,0.9079739451408386
ft_tkt_0011292,ft_sal_006037,ft_evt_0046,CORTESÍA,0.3910763515334876,0.23897435983819568,0.34163115226740837,0.30636146664619446
ft_tkt_0011293,ft_sal_006037,ft_evt_0046,CORTESÍA,0.3910763515334876,0.23897435983819568,0.34163115226740837,0.30636146664619446
ft_tkt_0011294,ft_sal_006038,ft_evt_0046,GENERAL,0.9361195153053811,0.9045187685759722,0.9262243792451345,0.9229906797409058
ft_tkt_0011295,ft_sal_006039,ft_evt_0046,GENERAL,0.9361195153053811,0.9034415244611718,0.9510084695803418,0.9385433793067932
ft_tkt_0011296,ft_sal_006040,ft_evt_0046,CORTESÍA,0.3910763515334876,0.43085786702248235,0.4480676230393847,0.450980544090271
ft_tkt_0011297,ft_sal_006041,ft_evt_0046,GENERAL,0.9361195153053811,0.8525899589012929,0.9291703047225579,0.9393802285194397
ft_tkt_0011298,ft_sal_006042,ft_evt_0046,GENERAL,0.9361195153053811,0.9174688724964825,0.9260798882445508,0.9245480298995972
ft_tkt_0011299,ft_sal_006042,ft_evt_0046,GENERAL,0.9361195153053811,0.9174688724964825,0.9260798882445508,0.9245480298995972
ft_tkt_0011300,ft_sal_006043,ft_evt_0046,CORTESÍA,0.3910763515334876,0.21997087820006017,0.2831580320910272,0.18720324337482452
ft_tkt_0011301,ft_sal_006044,ft_evt_0046,GENERAL,0.9361195153053811,0.8671862386699143,0.9118265103617854,0.8950910568237305
ft_tkt_0011302,ft_sal_006044,ft_evt_0046,GENERAL,0.9361195153053811,0.8671862386699143,0.9118265103617854,0.8950910568237305
ft_tkt_0011303,ft_sal_006045,ft_evt_0046,PREFERENCIAL,0.9331061337242351,0.8795193690691281,0.9169925929601337,0.9344090819358826
ft_tkt_0011304,ft_sal_006046,ft_evt_0046,GENERAL,0.9361195153053811,0.9149929794893781,0.926901808645784,0.9288083910942078
ft_tkt_0011305,ft_sal_006046,ft_evt_0046,GENERAL,0.9361195153053811,0.9149929794893781,0.926901808645784,0.9288083910942078
ft_tkt_0011306,ft_sal_006046,ft_evt_0046,GENERAL,0.9361195153053811,0.9149929794893781,0.926901808645784,0.9288083910942078
ft_tkt_0011307,ft_sal_006047,ft_evt_0046,GENERAL,0.9361195153053811,0.9097936720777953,0.9165185974131622,0.9216681718826294
ft_tkt_0011308,ft_sal_006047,ft_evt_0046,GENERAL,0.9361195153053811,0.9097936720777953,0.9165185974131622,0.9216681718826294
ft_tkt_0011309,ft_sal_006048,ft_evt_0046,GENERAL,0.9361195153053811,0.9534204480812035,0.9429699733999749,0.9425705075263977
ft_tkt_0011310,ft_sal_006049,ft_evt_0046,GENERAL,0.9361195153053811,0.9049803447502494,0.9262243792451345,0.9270034432411194
ft_tkt_0011311,ft_sal_006050,ft_evt_0046,PREFERENCIAL,0.9331061337242351,0.8976751675163199,0.9440727798853898,0.9228094220161438
ft_tkt_0011312,ft_sal_006050,ft_evt_0046,PREFERENCIAL,0.9331061337242351,0.8976751675163199,0.9440727798853898,0.9228094220161438
ft_tkt_0011313,ft_sal_006051,ft_evt_0046,VIP,0.937698148842865,0.9013235794703867,0.9196916752588318,0.9201512932777405
ft_tkt_0011314,ft_sal_006051,ft_evt_0046,VIP,0.937698148842865,0.9013235794703867,0.9196916752588318,0.9201512932777405
ft_tkt_0011315,ft_sal_006051,ft_evt_0046,VIP,0.937698148842865,0.9013235794703867,0.9196916752588318,0.9201512932777405
ft_tkt_0011316,ft_sal_006051,ft_evt_0046,VIP,0.937698148842865,0.9013235794703867,0.9196916752588318,0.9201512932777405
ft_tkt_0011317,ft_sal_006052,ft_evt_0046,PREFERENCIAL,0.9331061337242351,0.9088029642101004,0.9266067552088775,0.9233163595199585
ft_tkt_0011318,ft_sal_006053,ft_evt_0046,GENERAL,0.9361195153053811,0.9124988015088675,0.9272343019428161,0.9164464473724365
ft_tkt_0011319,ft_sal_006053,ft_evt_0046,GENERAL,0.9361195153053811,0.9124988015088675,0.9272343019428161,0.9164464473724365
ft_tkt_0011320,ft_sal_006053,ft_evt_0046,GENERAL,0.9361195153053811,0.9124988015088675,0.9272343019428161,0.9164464473724365
ft_tkt_0011321,ft_sal_006053,ft_evt_0046,GENERAL,0.9361195153053811,0.9124988015088675,0.9272343019428161,0.9164464473724365
ft_tkt_0011322,ft_sal_006054,ft_evt_0046,CORTESÍA,0.3910763515334876,0.263740901250916,0.3661611759099414,0.3183203339576721
ft_tkt_0011323,ft_sal_006055,ft_evt_0043,CORTESÍA,0.3910763515334876,0.510336676313734,0.43342011392468477,0.4161692261695862
ft_tkt_0011324,ft_sal_006056,ft_evt_0043,CORTESÍA,0.3910763515334876,0.5553827115036921,0.43409053416267507,0.4415450096130371
ft_tkt_0011325,ft_sal_006056,ft_evt_0043,CORTESÍA,0.3910763515334876,0.5553827115036921,0.43409053416267507,0.4415450096130371
ft_tkt_0011326,ft_sal_006057,ft_evt_0043,CORTESÍA,0.3910763515334876,0.5539357394115774,0.43409053416267507,0.4415450096130371
ft_tkt_0011327,ft_sal_006057,ft_evt_0043,CORTESÍA,0.3910763515334876,0.5539357394115774,0.43409053416267507,0.4415450096130371
ft_tkt_0011328,ft_sal_006058,ft_evt_0043,CORTESÍA,0.3910763515334876,0.4048374578571336,0.299256311895485,0.2654648423194885
ft_tkt_0011329,ft_sal_006059,ft_evt_0043,CORTESÍA,0.3910763515334876,0.3880216389263559,0.3133804189826549,0.26542219519615173
ft_tkt_0011330,ft_sal_006059,ft_evt_0043,CORTESÍA,0.3910763515334876,0.3880216389263559,0.3133804189826549,0.26542219519615173
ft_tkt_0011331,ft_sal_006059,ft_evt_0043,CORTESÍA,0.3910763515334876,0.3880216389263559,0.3133804189826549,0.26542219519615173
ft_tkt_0011332,ft_sal_006060,ft_evt_0043,CORTESÍA,0.3910763515334876,0.48166973621773673,0.3427692716626817,0.3273426294326782
ft_tkt_0011333,ft_sal_006061,ft_evt_0043,CORTESÍA,0.3910763515334876,0.5538323485366206,0.43409053416267507,0.4415450096130371
ft_tkt_0011334,ft_sal_006061,ft_evt_0043,CORTESÍA,0.3910763515334876,0.5538323485366206,0.43409053416267507,0.4415450096130371
ft_tkt_0011335,ft_sal_006062,ft_evt_0043,CORTESÍA,0.3910763515334876,0.47110180118056516,0.3216583963870104,0.3182961940765381
ft_tkt_0011336,ft_sal_006062,ft_evt_0043,CORTESÍA,0.3910763515334876,0.47110180118056516,0.3216583963870104,0.3182961940765381
ft_tkt_0011337,ft_sal_006063,ft_evt_0043,CORTESÍA,0.3910763515334876,0.5040376269893712,0.3753081979789251,0.3197367191314697
ft_tkt_0011338,ft_sal_006064,ft_evt_0043,CORTESÍA,0.3910763515334876,0.46587686118220784,0.33118184694907016,0.3308212161064148
ft_tkt_0011339,ft_sal_006064,ft_evt_0043,CORTESÍA,0.3910763515334876,0.46587686118220784,0.33118184694907016,0.3308212161064148
ft_tkt_0011340,ft_sal_006065,ft_evt_0043,CORTESÍA,0.3910763515334876,0.31692538808393234,0.2904248445652789,0.29177922010421753
ft_tkt_0011341,ft_sal_006066,ft_evt_0043,CORTESÍA,0.3910763515334876,0.5733931686865268,0.44105915760538683,0.5256736278533936
ft_tkt_0011342,ft_sal_006066,ft_evt_0043,CORTESÍA,0.3910763515334876,0.5733931686865268,0.44105915760538683,0.5256736278533936
ft_tkt_0011343,ft_sal_006067,ft_evt_0043,CORTESÍA,0.3910763515334876,0.5107549119472455,0.43342011392468477,0.4161692261695862
ft_tkt_0011344,ft_sal_006068,ft_evt_0043,CORTESÍA,0.3910763515334876,0.4552439264209883,0.3499018473393711,0.33522137999534607
ft_tkt_0011345,ft_sal_006068,ft_evt_0043,CORTESÍA,0.3910763515334876,0.4552439264209883,0.3499018473393711,0.33522137999534607
ft_tkt_0011346,ft_sal_006069,ft_evt_0043,CORTESÍA,0.3910763515334876,0.5092910270792722,0.43342011392468477,0.4161692261695862
ft_tkt_0011347,ft_sal_006070,ft_evt_0043,CORTESÍA,0.3910763515334876,0.5268688794037492,0.387833118296035,0.479129821062088
ft_tkt_0011348,ft_sal_006070,ft_evt_0043,CORTESÍA,0.3910763515334876,0.5268688794037492,0.387833118296035,0.479129821062088
ft_tkt_0011349,ft_sal_006071,ft_evt_0043,CORTESÍA,0.3910763515334876,0.614516924792925,0.3554859472255062,0.3801594376564026
ft_tkt_0011350,ft_sal_006072,ft_evt_0043,CORTESÍA,0.3910763515334876,0.5110685785098728,0.43342011392468477,0.4161692261695862
ft_tkt_0011351,ft_sal_006073,ft_evt_0043,CORTESÍA,0.3910763515334876,0.5106503541138911,0.43342011392468477,0.4161692261695862
ft_tkt_0011352,ft_sal_006074,ft_evt_0043,CORTESÍA,0.3910763515334876,0.4312203903939992,0.37361487953120665,0.34990307688713074
ft_tkt_0011353,ft_sal_006075,ft_evt_0043,CORTESÍA,0.3910763515334876,0.550592829529231,0.4331410393068561,0.43365678191185
ft_tkt_0011354,ft_sal_006075,ft_evt_0043,CORTESÍA,0.3910763515334876,0.550592829529231,0.4331410393068561,0.43365678191185
ft_tkt_0011355,ft_sal_006075,ft_evt_0043,CORTESÍA,0.3910763515334876,0.550592829529231,0.4331410393068561,0.43365678191185
ft_tkt_0011356,ft_sal_006076,ft_evt_0043,CORTESÍA,0.3910763515334876,0.42416961058473496,0.31734872122284974,0.2869037687778473
ft_tkt_0011357,ft_sal_006076,ft_evt_0043,CORTESÍA,0.3910763515334876,0.42416961058473496,0.31734872122284974,0.2869037687778473
ft_tkt_0011358,ft_sal_006076,ft_evt_0043,CORTESÍA,0.3910763515334876,0.42416961058473496,0.31734872122284974,0.2869037687778473
ft_tkt_0011359,ft_sal_006076,ft_evt_0043,CORTESÍA,0.3910763515334876,0.42416961058473496,0.31734872122284974,0.2869037687778473
ft_tkt_0011360,ft_sal_006077,ft_evt_0043,CORTESÍA,0.3910763515334876,0.532210830724101,0.4290366331209816,0.4838753938674927
ft_tkt_0011361,ft_sal_006077,ft_evt_0043,CORTESÍA,0.3910763515334876,0.532210830724101,0.4290366331209816,0.4838753938674927
ft_tkt_0011362,ft_sal_006077,ft_evt_0043,CORTESÍA,0.3910763515334876,0.532210830724101,0.4290366331209816,0.4838753938674927
ft_tkt_0011363,ft_sal_006077,ft_evt_0043,CORTESÍA,0.3910763515334876,0.532210830724101,0.4290366331209816,0.4838753938674927
ft_tkt_0011364,ft_sal_006078,ft_evt_0043,CORTESÍA,0.3910763515334876,0.5285225133050386,0.45118927177848606,0.42960771918296814
ft_tkt_0011365,ft_sal_006079,ft_evt_0043,CORTESÍA,0.3910763515334876,0.5401221340323005,0.43158495777195766,0.43000608682632446
ft_tkt_0011366,ft_sal_006079,ft_evt_0043,CORTESÍA,0.3910763515334876,0.5401221340323005,0.43158495777195766,0.43000608682632446
ft_tkt_0011367,ft_sal_006079,ft_evt_0043,CORTESÍA,0.3910763515334876,0.5401221340323005,0.43158495777195766,0.43000608682632446
ft_tkt_0011368,ft_sal_006079,ft_evt_0043,CORTESÍA,0.3910763515334876,0.5401221340323005,0.43158495777195766,0.43000608682632446
ft_tkt_0011369,ft_sal_006079,ft_evt_0043,CORTESÍA,0.3910763515334876,0.5401221340323005,0.43158495777195766,0.43000608682632446
ft_tkt_0011370,ft_sal_006079,ft_evt_0043,CORTESÍA,0.3910763515334876,0.5401221340323005,0.43158495777195766,0.43000608682632446
ft_tkt_0011371,ft_sal_006080,ft_evt_0043,CORTESÍA,0.3910763515334876,0.4291471789273469,0.28358223047761794,0.30971890687942505
ft_tkt_0011372,ft_sal_006081,ft_evt_0043,CORTESÍA,0.3910763515334876,0.5099184274634904,0.43342011392468477,0.4161692261695862
ft_tkt_0011373,ft_sal_006082,ft_evt_0043,CORTESÍA,0.3910763515334876,0.5550727241639402,0.43409053416267507,0.4415450096130371
ft_tkt_0011374,ft_sal_006082,ft_evt_0043,CORTESÍA,0.3910763515334876,0.5550727241639402,0.43409053416267507,0.4415450096130371
ft_tkt_0011375,ft_sal_006083,ft_evt_0043,CORTESÍA,0.3910763515334876,0.4697777470516258,0.3636986661138013,0.32078906893730164
ft_tkt_0011376,ft_sal_006083,ft_evt_0043,CORTESÍA,0.3910763515334876,0.4697777470516258,0.3636986661138013,0.32078906893730164
ft_tkt_0011377,ft_sal_006084,ft_evt_0043,CORTESÍA,0.3910763515334876,0.5535221492407758,0.43409053416267507,0.4415450096130371
ft_tkt_0011378,ft_sal_006084,ft_evt_0043,CORTESÍA,0.3910763515334876,0.5535221492407758,0.43409053416267507,0.4415450096130371
ft_tkt_0011379,ft_sal_006085,ft_evt_0043,CORTESÍA,0.3910763515334876,0.5451238948207462,0.40854387998616154,0.49593016505241394
ft_tkt_0011380,ft_sal_006085,ft_evt_0043,CORTESÍA,0.3910763515334876,0.5451238948207462,0.40854387998616154,0.49593016505241394
ft_tkt_0011381,ft_sal_006086,ft_evt_0043,CORTESÍA,0.3910763515334876,0.47655365327900007,0.2722461632871636,0.2687414884567261
ft_tkt_0011382,ft_sal_006087,ft_evt_0043,CORTESÍA,0.3910763515334876,0.4834237625547616,0.39138419094296034,0.37712809443473816
ft_tkt_0011383,ft_sal_006088,ft_evt_0043,CORTESÍA,0.3910763515334876,0.4610839110347414,0.2958109425200964,0.29178380966186523
ft_tkt_0011384,ft_sal_006088,ft_evt_0043,CORTESÍA,0.3910763515334876,0.4610839110347414,0.2958109425200964,0.29178380966186523
ft_tkt_0011385,ft_sal_006089,ft_evt_0043,CORTESÍA,0.3910763515334876,0.5086123061098121,0.34240146171065494,0.35881730914115906
ft_tkt_0011386,ft_sal_006090,ft_evt_0043,CORTESÍA,0.3910763515334876,0.5112776843064037,0.43342011392468477,0.4161692261695862
ft_tkt_0011387,ft_sal_006091,ft_evt_0043,CORTESÍA,0.3910763515334876,0.562926521985492,0.290087388410592,0.27221718430519104
ft_tkt_0011388,ft_sal_006092,ft_evt_0017,GENERAL,0.9361195153053811,0.8526495490263659,0.906240510333525,0.8898822665214539
ft_tkt_0011389,ft_sal_006092,ft_evt_0017,GENERAL,0.9361195153053811,0.8526495490263659,0.906240510333525,0.8898822665214539
ft_tkt_0011390,ft_sal_006093,ft_evt_0017,GENERAL,0.9361195153053811,0.7837310008993935,0.8837254845498269,0.895118772983551
ft_tkt_0011391,ft_sal_006094,ft_evt_0017,CORTESÍA,0.3910763515334876,0.21612273102146076,0.34029262708489044,0.3441292941570282
ft_tkt_0011392,ft_sal_006094,ft_evt_0017,CORTESÍA,0.3910763515334876,0.21612273102146076,0.34029262708489044,0.3441292941570282
ft_tkt_0011393,ft_sal_006095,ft_evt_0017,CORTESÍA,0.3910763515334876,0.21257772003597575,0.3377237144751277,0.33693140745162964
ft_tkt_0011394,ft_sal_006095,ft_evt_0017,CORTESÍA,0.3910763515334876,0.21257772003597575,0.3377237144751277,0.33693140745162964
ft_tkt_0011395,ft_sal_006095,ft_evt_0017,CORTESÍA,0.3910763515334876,0.21257772003597575,0.3377237144751277,0.33693140745162964
ft_tkt_0011396,ft_sal_006096,ft_evt_0017,CORTESÍA,0.3910763515334876,0.35399721695886477,0.35558837033711327,0.3713281750679016
ft_tkt_0011397,ft_sal_006097,ft_evt_0017,PREFERENCIAL,0.9331061337242351,0.8478638079996557,0.9233755087360966,0.9043801426887512
ft_tkt_0011398,ft_sal_006098,ft_evt_0017,GENERAL,0.9361195153053811,0.8002393681892576,0.9005639026433421,0.8838504552841187
ft_tkt_0011399,ft_sal_006098,ft_evt_0017,GENERAL,0.9361195153053811,0.8002393681892576,0.9005639026433421,0.8838504552841187
ft_tkt_0011400,ft_sal_006099,ft_evt_0017,GENERAL,0.9361195153053811,0.8034673314628661,0.9132997860306064,0.9012888669967651
ft_tkt_0011401,ft_sal_006100,ft_evt_0017,GENERAL,0.9361195153053811,0.8483282292292359,0.9229776974509707,0.9129557609558105
ft_tkt_0011402,ft_sal_006101,ft_evt_0017,GENERAL,0.9361195153053811,0.8484426905948902,0.9229776974509707,0.9016605615615845
ft_tkt_0011403,ft_sal_006102,ft_evt_0017,CORTESÍA,0.3910763515334876,0.1481805143603688,0.24123354299354444,0.1640303134918213
ft_tkt_0011404,ft_sal_006102,ft_evt_0017,CORTESÍA,0.3910763515334876,0.1481805143603688,0.24123354299354444,0.1640303134918213
ft_tkt_0011405,ft_sal_006103,ft_evt_0017,CORTESÍA,0.3910763515334876,0.11894541282376508,0.22272689285464461,0.18264618515968323
ft_tkt_0011406,ft_sal_006104,ft_evt_0017,CORTESÍA,0.3910763515334876,0.1449771159478775,0.26887303735503054,0.23959290981292725
ft_tkt_0011407,ft_sal_006104,ft_evt_0017,CORTESÍA,0.3910763515334876,0.1449771159478775,0.26887303735503054,0.23959290981292725
ft_tkt_0011408,ft_sal_006105,ft_evt_0017,GENERAL,0.9361195153053811,0.804261925686809,0.9055055165814699,0.8936838507652283
ft_tkt_0011409,ft_sal_006105,ft_evt_0017,GENERAL,0.9361195153053811,0.804261925686809,0.9055055165814699,0.8936838507652283
ft_tkt_0011410,ft_sal_006106,ft_evt_0017,GENERAL,0.9361195153053811,0.8488076110644192,0.9229776974509707,0.9141918420791626
ft_tkt_0011411,ft_sal_006107,ft_evt_0017,GENERAL,0.9361195153053811,0.8129878297795429,0.9006166459557366,0.879968523979187
ft_tkt_0011412,ft_sal_006107,ft_evt_0017,GENERAL,0.9361195153053811,0.8129878297795429,0.9006166459557366,0.879968523979187
ft_tkt_0011413,ft_sal_006108,ft_evt_0017,PREFERENCIAL,0.9331061337242351,0.9314817597612052,0.9346601787514722,0.9166668653488159
ft_tkt_0011414,ft_sal_006108,ft_evt_0017,PREFERENCIAL,0.9331061337242351,0.9314817597612052,0.9346601787514722,0.9166668653488159
ft_tkt_0011415,ft_sal_006109,ft_evt_0017,PREFERENCIAL,0.9331061337242351,0.7945869161355368,0.9047010554156946,0.90269535779953
ft_tkt_0011416,ft_sal_006109,ft_evt_0017,PREFERENCIAL,0.9331061337242351,0.7945869161355368,0.9047010554156946,0.90269535779953
ft_tkt_0011417,ft_sal_006109,ft_evt_0017,PREFERENCIAL,0.9331061337242351,0.7945869161355368,0.9047010554156946,0.90269535779953
ft_tkt_0011418,ft_sal_006109,ft_evt_0017,PREFERENCIAL,0.9331061337242351,0.7945869161355368,0.9047010554156946,0.90269535779953
ft_tkt_0011419,ft_sal_006109,ft_evt_0017,PREFERENCIAL,0.9331061337242351,0.7945869161355368,0.9047010554156946,0.90269535779953
ft_tkt_0011420,ft_sal_006109,ft_evt_0017,PREFERENCIAL,0.9331061337242351,0.7945869161355368,0.9047010554156946,0.90269535779953
ft_tkt_0011421,ft_sal_006110,ft_evt_0017,GENERAL,0.9361195153053811,0.849110616879769,0.9229776974509707,0.9028584957122803
ft_tkt_0011422,ft_sal_006111,ft_evt_0017,CORTESÍA,0.3910763515334876,0.14400999392356575,0.2891518786311081,0.27253514528274536
ft_tkt_0011423,ft_sal_006112,ft_evt_0017,CORTESÍA,0.3910763515334876,0.1867647441563267,0.340543615330716,0.3243710696697235
ft_tkt_0011424,ft_sal_006113,ft_evt_0017,GENERAL,0.9361195153053811,0.7920879973869521,0.9050130782398181,0.8870344161987305
ft_tkt_0011425,ft_sal_006113,ft_evt_0017,GENERAL,0.9361195153053811,0.7920879973869521,0.9050130782398181,0.8870344161987305
ft_tkt_0011426,ft_sal_006114,ft_evt_0017,PREFERENCIAL,0.9331061337242351,0.7188236217669358,0.9201315982406746,0.9070589542388916
ft_tkt_0011427,ft_sal_006115,ft_evt_0017,GENERAL,0.9361195153053811,0.9317397352658479,0.9262846723113447,0.9368239045143127
ft_tkt_0011428,ft_sal_006116,ft_evt_0017,GENERAL,0.9361195153053811,0.7351590814172321,0.885260018969874,0.8591504693031311
ft_tkt_0011429,ft_sal_006116,ft_evt_0017,GENERAL,0.9361195153053811,0.7351590814172321,0.885260018969874,0.8591504693031311
ft_tkt_0011430,ft_sal_006116,ft_evt_0017,GENERAL,0.9361195153053811,0.7351590814172321,0.885260018969874,0.8591504693031311
ft_tkt_0011431,ft_sal_006116,ft_evt_0017,GENERAL,0.9361195153053811,0.7351590814172321,0.885260018969874,0.8591504693031311
ft_tkt_0011432,ft_sal_006116,ft_evt_0017,GENERAL,0.9361195153053811,0.7351590814172321,0.885260018969874,0.8591504693031311
ft_tkt_0011433,ft_sal_006116,ft_evt_0017,GENERAL,0.9361195153053811,0.7351590814172321,0.885260018969874,0.8591504693031311
ft_tkt_0011434,ft_sal_006117,ft_evt_0017,CORTESÍA,0.3910763515334876,0.216051853696389,0.34029262708489044,0.3441292941570282
ft_tkt_0011435,ft_sal_006117,ft_evt_0017,CORTESÍA,0.3910763515334876,0.216051853696389,0.34029262708489044,0.3441292941570282
ft_tkt_0011436,ft_sal_006118,ft_evt_0054,CORTESÍA,0.3910763515334876,0.13635475277474182,0.2818097491072237,0.2515813708305359
ft_tkt_0011437,ft_sal_006118,ft_evt_0054,CORTESÍA,0.3910763515334876,0.13635475277474182,0.2818097491072237,0.2515813708305359
ft_tkt_0011438,ft_sal_006119,ft_evt_0054,CORTESÍA,0.3910763515334876,0.24048218799787652,0.40813258309806105,0.4123300015926361
ft_tkt_0011439,ft_sal_006119,ft_evt_0054,CORTESÍA,0.3910763515334876,0.24048218799787652,0.40813258309806105,0.4123300015926361
ft_tkt_0011440,ft_sal_006120,ft_evt_0054,CORTESÍA,0.3910763515334876,0.20924952385783624,0.4058277157233136,0.39146703481674194
ft_tkt_0011441,ft_sal_006121,ft_evt_0054,CORTESÍA,0.3910763515334876,0.215330361452086,0.33971725818173004,0.3446570932865143
ft_tkt_0011442,ft_sal_006122,ft_evt_0054,CORTESÍA,0.3910763515334876,0.16918986175695386,0.28521035651145515,0.2557468116283417
ft_tkt_0011443,ft_sal_006123,ft_evt_0054,CORTESÍA,0.3910763515334876,0.2511489709754423,0.27179014671803914,0.3377286493778229
ft_tkt_0011444,ft_sal_006124,ft_evt_0054,CORTESÍA,0.3910763515334876,0.126300593475891,0.3010833919221208,0.2582554519176483
ft_tkt_0011445,ft_sal_006124,ft_evt_0054,CORTESÍA,0.3910763515334876,0.126300593475891,0.3010833919221208,0.2582554519176483
ft_tkt_0011446,ft_sal_006124,ft_evt_0054,CORTESÍA,0.3910763515334876,0.126300593475891,0.3010833919221208,0.2582554519176483
ft_tkt_0011447,ft_sal_006125,ft_evt_0054,CORTESÍA,0.3910763515334876,0.2095959036913279,0.4058277157233136,0.39146703481674194
ft_tkt_0011448,ft_sal_006126,ft_evt_0054,CORTESÍA,0.3910763515334876,0.18838502949740527,0.37975342240967686,0.3876844644546509
ft_tkt_0011449,ft_sal_006126,ft_evt_0054,CORTESÍA,0.3910763515334876,0.18838502949740527,0.37975342240967686,0.3876844644546509
ft_tkt_0011450,ft_sal_006127,ft_evt_0054,CORTESÍA,0.3910763515334876,0.1963767635367001,0.30301126381049215,0.20238880813121796
ft_tkt_0011451,ft_sal_006128,ft_evt_0054,CORTESÍA,0.3910763515334876,0.23672386975727375,0.365341006337869,0.27144524455070496
ft_tkt_0011452,ft_sal_006129,ft_evt_0054,CORTESÍA,0.3910763515334876,0.17130549216371774,0.30440397875086284,0.25715526938438416
ft_tkt_0011453,ft_sal_006129,ft_evt_0054,CORTESÍA,0.3910763515334876,0.17130549216371774,0.30440397875086284,0.25715526938438416
ft_tkt_0011454,ft_sal_006130,ft_evt_0054,CORTESÍA,0.3910763515334876,0.1657803342667563,0.26117799934199165,0.346465528011322
ft_tkt_0011455,ft_sal_006131,ft_evt_0054,CORTESÍA,0.3910763515334876,0.1551865603579562,0.3065220878682772,0.2575884461402893
ft_tkt_0011456,ft_sal_006131,ft_evt_0054,CORTESÍA,0.3910763515334876,0.1551865603579562,0.3065220878682772,0.2575884461402893
ft_tkt_0011457,ft_sal_006132,ft_evt_0054,CORTESÍA,0.3910763515334876,0.18900018011990413,0.3348511387807586,0.3544606566429138
ft_tkt_0011458,ft_sal_006133,ft_evt_0054,CORTESÍA,0.3910763515334876,0.23994762027638836,0.40813258309806105,0.4123300015926361
ft_tkt_0011459,ft_sal_006133,ft_evt_0054,CORTESÍA,0.3910763515334876,0.23994762027638836,0.40813258309806105,0.4123300015926361
ft_tkt_0011460,ft_sal_006134,ft_evt_0054,CORTESÍA,0.3910763515334876,0.22003489868545067,0.33761062160392563,0.32390332221984863
ft_tkt_0011461,ft_sal_006134,ft_evt_0054,CORTESÍA,0.3910763515334876,0.22003489868545067,0.33761062160392563,0.32390332221984863
ft_tkt_0011462,ft_sal_006134,ft_evt_0054,CORTESÍA,0.3910763515334876,0.22003489868545067,0.33761062160392563,0.32390332221984863
ft_tkt_0011463,ft_sal_006135,ft_evt_0054,CORTESÍA,0.3910763515334876,0.21188115587757317,0.3390274972712122,0.24723003804683685
ft_tkt_0011464,ft_sal_006136,ft_evt_0054,CORTESÍA,0.3910763515334876,0.3202979375210549,0.3670903810312125,0.32320645451545715
ft_tkt_0011465,ft_sal_006137,ft_evt_0054,CORTESÍA,0.3910763515334876,0.2100121147398437,0.4058277157233136,0.39146703481674194
ft_tkt_0011466,ft_sal_006138,ft_evt_0054,CORTESÍA,0.3910763515334876,0.16536579434313892,0.3174961815109016,0.2548219859600067
ft_tkt_0011467,ft_sal_006138,ft_evt_0054,CORTESÍA,0.3910763515334876,0.16536579434313892,0.3174961815109016,0.2548219859600067
ft_tkt_0011468,ft_sal_006139,ft_evt_0054,CORTESÍA,0.3910763515334876,0.20918029909240657,0.4058277157233136,0.39146703481674194
ft_tkt_0011469,ft_sal_006140,ft_evt_0054,CORTESÍA,0.3910763515334876,0.2398713196134781,0.40813258309806105,0.4123300015926361
ft_tkt_0011470,ft_sal_006140,ft_evt_0054,CORTESÍA,0.3910763515334876,0.2398713196134781,0.40813258309806105,0.4123300015926361
ft_tkt_0011471,ft_sal_006141,ft_evt_0054,CORTESÍA,0.3910763515334876,0.14452751418176288,0.29051884173992765,0.2714717388153076
ft_tkt_0011472,ft_sal_006142,ft_evt_0054,CORTESÍA,0.3910763515334876,0.21035942027247753,0.4058277157233136,0.39146703481674194
ft_tkt_0011473,ft_sal_006143,ft_evt_0054,CORTESÍA,0.3910763515334876,0.18293825954680196,0.3452272982488284,0.3617425262928009
ft_tkt_0011474,ft_sal_006143,ft_evt_0054,CORTESÍA,0.3910763515334876,0.18293825954680196,0.3452272982488284,0.3617425262928009
ft_tkt_0011475,ft_sal_006143,ft_evt_0054,CORTESÍA,0.3910763515334876,0.18293825954680196,0.3452272982488284,0.3617425262928009
ft_tkt_0011476,ft_sal_006144,ft_evt_0054,CORTESÍA,0.3910763515334876,0.23520170339413193,0.4021435152389646,0.39679041504859924
ft_tkt_0011477,ft_sal_006144,ft_evt_0054,CORTESÍA,0.3910763515334876,0.23520170339413193,0.4021435152389646,0.39679041504859924
ft_tkt_0011478,ft_sal_006144,ft_evt_0054,CORTESÍA,0.3910763515334876,0.23520170339413193,0.4021435152389646,0.39679041504859924
ft_tkt_0011479,ft_sal_006144,ft_evt_0054,CORTESÍA,0.3910763515334876,0.23520170339413193,0.4021435152389646,0.39679041504859924
ft_tkt_0011480,ft_sal_006145,ft_evt_0054,CORTESÍA,0.3910763515334876,0.1602159192167158,0.32869244036164985,0.3002825975418091
ft_tkt_0011481,ft_sal_006145,ft_evt_0054,CORTESÍA,0.3910763515334876,0.1602159192167158,0.32869244036164985,0.3002825975418091
ft_tkt_0011482,ft_sal_006145,ft_evt_0054,CORTESÍA,0.3910763515334876,0.1602159192167158,0.32869244036164985,0.3002825975418091
ft_tkt_0011483,ft_sal_006145,ft_evt_0054,CORTESÍA,0.3910763515334876,0.1602159192167158,0.32869244036164985,0.3002825975418091
ft_tkt_0011484,ft_sal_006146,ft_evt_0054,CORTESÍA,0.3910763515334876,0.17711766052242248,0.4006504479146135,0.44072481989860535
ft_tkt_0011485,ft_sal_006146,ft_evt_0054,CORTESÍA,0.3910763515334876,0.17711766052242248,0.4006504479146135,0.44072481989860535
ft_tkt_0011486,ft_sal_006146,ft_evt_0054,CORTESÍA,0.3910763515334876,0.17711766052242248,0.4006504479146135,0.44072481989860535
ft_tkt_0011487,ft_sal_006147,ft_evt_0054,CORTESÍA,0.3910763515334876,0.2373924098471407,0.40645751338967157,0.5261197686195374
ft_tkt_0011488,ft_sal_006147,ft_evt_0054,CORTESÍA,0.3910763515334876,0.2373924098471407,0.40645751338967157,0.5261197686195374
ft_tkt_0011489,ft_sal_006148,ft_evt_0054,CORTESÍA,0.3910763515334876,0.14546670043354834,0.2957392576481682,0.26581305265426636
ft_tkt_0011490,ft_sal_006149,ft_evt_0054,CORTESÍA,0.3910763515334876,0.3078152009482487,0.4189754359443469,0.4121994376182556
ft_tkt_0011491,ft_sal_006150,ft_evt_0054,CORTESÍA,0.3910763515334876,0.18410808842408488,0.34942340648797193,0.3475792407989502
ft_tkt_0011492,ft_sal_006150,ft_evt_0054,CORTESÍA,0.3910763515334876,0.18410808842408488,0.34942340648797193,0.3475792407989502
ft_tkt_0011493,ft_sal_006151,ft_evt_0054,CORTESÍA,0.3910763515334876,0.3010534022501129,0.3315625938409735,0.3608054220676422
ft_tkt_0011494,ft_sal_006152,ft_evt_0054,CORTESÍA,0.3910763515334876,0.20973457304604268,0.4058277157233136,0.39146703481674194
ft_tkt_0011495,ft_sal_006153,ft_evt_0054,CORTESÍA,0.3910763515334876,0.24078801965654598,0.40813258309806105,0.4123300015926361
ft_tkt_0011496,ft_sal_006153,ft_evt_0054,CORTESÍA,0.3910763515334876,0.24078801965654578,0.40813258309806105,0.4123300015926361
ft_tkt_0011497,ft_sal_006154,ft_evt_0054,CORTESÍA,0.3910763515334876,0.16045214857494797,0.3164184047881122,0.2287922203540802
ft_tkt_0011498,ft_sal_006155,ft_evt_0054,CORTESÍA,0.3910763515334876,0.17388805437447896,0.33262678402981394,0.3255698084831238
ft_tkt_0011499,ft_sal_006155,ft_evt_0054,CORTESÍA,0.3910763515334876,0.17388805437447896,0.33262678402981394,0.3255698084831238
ft_tkt_0011500,ft_sal_006156,ft_evt_0054,CORTESÍA,0.3910763515334876,0.19518353158068452,0.3438133226675281,0.3477144241333008
ft_tkt_0011501,ft_sal_006156,ft_evt_0054,CORTESÍA,0.3910763515334876,0.19518353158068452,0.3438133226675281,0.3477144241333008
ft_tkt_0011502,ft_sal_006157,ft_evt_0054,CORTESÍA,0.3910763515334876,0.19315579760962187,0.35241625175613145,0.377907931804657
ft_tkt_0011503,ft_sal_006157,ft_evt_0054,CORTESÍA,0.3910763515334876,0.19315579760962187,0.35241625175613145,0.377907931804657
ft_tkt_0011504,ft_sal_006157,ft_evt_0054,CORTESÍA,0.3910763515334876,0.19315579760962187,0.35241625175613145,0.377907931804657
ft_tkt_0011505,ft_sal_006157,ft_evt_0054,CORTESÍA,0.3910763515334876,0.19315579760962187,0.35241625175613145,0.377907931804657
ft_tkt_0011506,ft_sal_006158,ft_evt_0054,CORTESÍA,0.3910763515334876,0.19017857924525922,0.33751922674244383,0.3315044939517975
ft_tkt_0011507,ft_sal_006158,ft_evt_0054,CORTESÍA,0.3910763515334876,0.19017857924525922,0.33751922674244383,0.3315044939517975
ft_tkt_0011508,ft_sal_006158,ft_evt_0054,CORTESÍA,0.3910763515334876,0.19017857924525922,0.33751922674244383,0.3315044939517975
ft_tkt_0011509,ft_sal_006159,ft_evt_0054,CORTESÍA,0.3910763515334876,0.23550290277877997,0.4021435152389646,0.39679041504859924
ft_tkt_0011510,ft_sal_006159,ft_evt_0054,CORTESÍA,0.3910763515334876,0.23550290277877997,0.4021435152389646,0.39679041504859924
ft_tkt_0011511,ft_sal_006159,ft_evt_0054,CORTESÍA,0.3910763515334876,0.23550290277877997,0.4021435152389646,0.39679041504859924
ft_tkt_0011512,ft_sal_006159,ft_evt_0054,CORTESÍA,0.3910763515334876,0.23550290277877997,0.4021435152389646,0.39679041504859924
ft_tkt_0011513,ft_sal_006160,ft_evt_0054,CORTESÍA,0.3910763515334876,0.1559681798188498,0.29234325433040464,0.2741784453392029
ft_tkt_0011514,ft_sal_006160,ft_evt_0054,CORTESÍA,0.3910763515334876,0.1559681798188498,0.29234325433040464,0.2741784453392029
ft_tkt_0011515,ft_sal_006161,ft_evt_0054,CORTESÍA,0.3910763515334876,0.5008906844173208,0.44585971864378865,0.4166249632835388
ft_tkt_0011516,ft_sal_006162,ft_evt_0054,CORTESÍA,0.3910763515334876,0.1361486298906095,0.2735071376792723,0.17874327301979065
ft_tkt_0011517,ft_sal_006163,ft_evt_0054,CORTESÍA,0.3910763515334876,0.15296729438654347,0.30420159899126026,0.19990088045597076
ft_tkt_0011518,ft_sal_006164,ft_evt_0054,CORTESÍA,0.3910763515334876,0.23450652552253629,0.33869127706246555,0.28627967834472656
ft_tkt_0011519,ft_sal_006164,ft_evt_0054,CORTESÍA,0.3910763515334876,0.23450652552253629,0.33869127706246555,0.28627967834472656
ft_tkt_0011520,ft_sal_006165,ft_evt_0054,CORTESÍA,0.3910763515334876,0.1284720623828648,0.29009137015729203,0.19773797690868378
ft_tkt_0011521,ft_sal_006166,ft_evt_0054,CORTESÍA,0.3910763515334876,0.12779606582563793,0.28572687694523885,0.26357945799827576
ft_tkt_0011522,ft_sal_006167,ft_evt_0054,CORTESÍA,0.3910763515334876,0.22523844839035878,0.42475011873955104,0.37832802534103394
ft_tkt_0011523,ft_sal_006168,ft_evt_0054,CORTESÍA,0.3910763515334876,0.3779623594054118,0.4062732310872689,0.44437089562416077
ft_tkt_0011524,ft_sal_006169,ft_evt_0054,CORTESÍA,0.3910763515334876,0.11948256745376351,0.3328318896526004,0.26640668511390686
ft_tkt_0011525,ft_sal_006170,ft_evt_0054,CORTESÍA,0.3910763515334876,0.19293945747019037,0.35031908690253905,0.3297698497772217
ft_tkt_0011526,ft_sal_006170,ft_evt_0054,CORTESÍA,0.3910763515334876,0.19293945747019037,0.35031908690253905,0.3297698497772217
ft_tkt_0011527,ft_sal_006170,ft_evt_0054,CORTESÍA,0.3910763515334876,0.19293945747019037,0.35031908690253905,0.3297698497772217
ft_tkt_0011528,ft_sal_006171,ft_evt_0054,CORTESÍA,0.3910763515334876,0.17412252034284545,0.33262678402981394,0.30053016543388367
ft_tkt_0011529,ft_sal_006171,ft_evt_0054,CORTESÍA,0.3910763515334876,0.17412252034284545,0.33262678402981394,0.30053016543388367
ft_tkt_0011530,ft_sal_006172,ft_evt_0054,CORTESÍA,0.3910763515334876,0.23167844244323987,0.3565776931361774,0.31744810938835144
ft_tkt_0011531,ft_sal_006172,ft_evt_0054,CORTESÍA,0.3910763515334876,0.23167844244323987,0.3565776931361774,0.31744810938835144
ft_tkt_0011532,ft_sal_006172,ft_evt_0054,CORTESÍA,0.3910763515334876,0.23167844244323987,0.3565776931361774,0.31744810938835144
ft_tkt_0011533,ft_sal_006172,ft_evt_0054,CORTESÍA,0.3910763515334876,0.23167844244323987,0.3565776931361774,0.31744810938835144
ft_tkt_0011534,ft_sal_006172,ft_evt_0054,CORTESÍA,0.3910763515334876,0.23167844244323987,0.3565776931361774,0.31744810938835144
ft_tkt_0011535,ft_sal_006172,ft_evt_0054,CORTESÍA,0.3910763515334876,0.23167844244323987,0.3565776931361774,0.31744810938835144
ft_tkt_0011536,ft_sal_006173,ft_evt_0054,CORTESÍA,0.3910763515334876,0.3115571645940311,0.4115281546412472,0.4049419164657593
ft_tkt_0011537,ft_sal_006173,ft_evt_0054,CORTESÍA,0.3910763515334876,0.3115571645940311,0.4115281546412472,0.4049419164657593
ft_tkt_0011538,ft_sal_006174,ft_evt_0054,CORTESÍA,0.3910763515334876,0.19229841764758288,0.30905855715248504,0.2910367548465729
ft_tkt_0011539,ft_sal_006175,ft_evt_0054,CORTESÍA,0.3910763515334876,0.18236664197241925,0.3438515081619022,0.36144325137138367
ft_tkt_0011540,ft_sal_006175,ft_evt_0054,CORTESÍA,0.3910763515334876,0.18236664197241925,0.3438515081619022,0.36144325137138367
ft_tkt_0011541,ft_sal_006176,ft_evt_0054,CORTESÍA,0.3910763515334876,0.238477159138972,0.4053662248073422,0.4089052677154541
ft_tkt_0011542,ft_sal_006176,ft_evt_0054,CORTESÍA,0.3910763515334876,0.238477159138972,0.4053662248073422,0.4089052677154541
ft_tkt_0011543,ft_sal_006176,ft_evt_0054,CORTESÍA,0.3910763515334876,0.238477159138972,0.4053662248073422,0.4089052677154541
ft_tkt_0011544,ft_sal_006177,ft_evt_0054,CORTESÍA,0.3910763515334876,0.156057980722744,0.3367664263448086,0.28649547696113586
ft_tkt_0011545,ft_sal_006177,ft_evt_0054,CORTESÍA,0.3910763515334876,0.156057980722744,0.3367664263448086,0.28649547696113586
ft_tkt_0011546,ft_sal_006178,ft_evt_0054,CORTESÍA,0.3910763515334876,0.15298204375379837,0.2952502120980229,0.33303701877593994
ft_tkt_0011547,ft_sal_006179,ft_evt_0054,CORTESÍA,0.3910763515334876,0.23809742768186912,0.4053662248073422,0.4089052677154541
ft_tkt_0011548,ft_sal_006179,ft_evt_0054,CORTESÍA,0.3910763515334876,0.23809742768186912,0.4053662248073422,0.4089052677154541
ft_tkt_0011549,ft_sal_006179,ft_evt_0054,CORTESÍA,0.3910763515334876,0.23809742768186912,0.4053662248073422,0.4089052677154541
ft_tkt_0011550,ft_sal_006180,ft_evt_0054,CORTESÍA,0.3910763515334876,0.0808821348039912,0.3030429955773911,0.20693041384220123
ft_tkt_0011551,ft_sal_006181,ft_evt_0054,CORTESÍA,0.3910763515334876,0.2373392144424947,0.4053662248073422,0.4089052677154541
ft_tkt_0011552,ft_sal_006181,ft_evt_0054,CORTESÍA,0.3910763515334876,0.2373392144424947,0.4053662248073422,0.4089052677154541
ft_tkt_0011553,ft_sal_006181,ft_evt_0054,CORTESÍA,0.3910763515334876,0.2373392144424947,0.4053662248073422,0.4089052677154541
ft_tkt_0011554,ft_sal_006182,ft_evt_0054,CORTESÍA,0.3910763515334876,0.2741790504653298,0.409217369566905,0.38420841097831726
ft_tkt_0011555,ft_sal_006183,ft_evt_0054,CORTESÍA,0.3910763515334876,0.1799955853893451,0.2866174095052955,0.22062280774116516
ft_tkt_0011556,ft_sal_006184,ft_evt_0054,CORTESÍA,0.3910763515334876,0.27451224826868087,0.409217369566905,0.38420841097831726
ft_tkt_0011557,ft_sal_006185,ft_evt_0054,CORTESÍA,0.3910763515334876,0.19061215278998422,0.355074849660271,0.3658311367034912
ft_tkt_0011558,ft_sal_006185,ft_evt_0054,CORTESÍA,0.3910763515334876,0.19061215278998422,0.355074849660271,0.3658311367034912
ft_tkt_0011559,ft_sal_006185,ft_evt_0054,CORTESÍA,0.3910763515334876,0.19061215278998422,0.355074849660271,0.3658311367034912
ft_tkt_0011560,ft_sal_006185,ft_evt_0054,CORTESÍA,0.3910763515334876,0.19061215278998422,0.355074849660271,0.3658311367034912
ft_tkt_0011561,ft_sal_006186,ft_evt_0054,CORTESÍA,0.3910763515334876,0.18705161258964997,0.32239807261703685,0.2491510808467865
ft_tkt_0011562,ft_sal_006187,ft_evt_0054,CORTESÍA,0.3910763515334876,0.2089727242061807,0.4058277157233136,0.39146703481674194
ft_tkt_0011563,ft_sal_006188,ft_evt_0054,CORTESÍA,0.3910763515334876,0.2095959036913279,0.4058277157233136,0.39146703481674194
ft_tkt_0011564,ft_sal_006189,ft_evt_0054,CORTESÍA,0.3910763515334876,0.20987330978436722,0.4058277157233136,0.39146703481674194
ft_tkt_0011565,ft_sal_006190,ft_evt_0054,CORTESÍA,0.3910763515334876,0.15907433823227762,0.2374872715784758,0.1683281511068344
ft_tkt_0011566,ft_sal_006191,ft_evt_0054,CORTESÍA,0.3910763515334876,0.07486420377748704,0.28002238893311354,0.22685441374778748
ft_tkt_0011567,ft_sal_006192,ft_evt_0054,CORTESÍA,0.3910763515334876,0.14886304515738427,0.24101021294210356,0.19169393181800842
ft_tkt_0011568,ft_sal_006193,ft_evt_0054,CORTESÍA,0.3910763515334876,0.17635485038945337,0.3328512877695582,0.31138962507247925
ft_tkt_0011569,ft_sal_006193,ft_evt_0054,CORTESÍA,0.3910763515334876,0.17635485038945337,0.3328512877695582,0.31138962507247925
ft_tkt_0011570,ft_sal_006194,ft_evt_0054,CORTESÍA,0.3910763515334876,0.2000551485022669,0.29949169562797595,0.2670561373233795
ft_tkt_0011571,ft_sal_006194,ft_evt_0054,CORTESÍA,0.3910763515334876,0.2000551485022669,0.29949169562797595,0.2670561373233795
ft_tkt_0011572,ft_sal_006195,ft_evt_0054,CORTESÍA,0.3910763515334876,0.1509071947054711,0.3062178031556439,0.18786375224590302
ft_tkt_0011573,ft_sal_006196,ft_evt_0054,CORTESÍA,0.3910763515334876,0.17714896368558106,0.3733537169793186,0.32808980345726013
ft_tkt_0011574,ft_sal_006197,ft_evt_0054,CORTESÍA,0.3910763515334876,0.11680039629153291,0.2802765314105899,0.19921188056468964
ft_tkt_0011575,ft_sal_006198,ft_evt_0054,CORTESÍA,0.3910763515334876,0.24010027050479046,0.40813258309806105,0.4123300015926361
ft_tkt_0011576,ft_sal_006198,ft_evt_0054,CORTESÍA,0.3910763515334876,0.24010027050479046,0.40813258309806105,0.4123300015926361
ft_tkt_0011577,ft_sal_006199,ft_evt_0054,CORTESÍA,0.3910763515334876,0.13709974967168703,0.29071316941762565,0.26674073934555054
ft_tkt_0011578,ft_sal_006199,ft_evt_0054,CORTESÍA,0.3910763515334876,0.13709974967168703,0.29071316941762565,0.26674073934555054
ft_tkt_0011579,ft_sal_006200,ft_evt_0054,CORTESÍA,0.3910763515334876,0.15996435320906657,0.3063240952787197,0.33105790615081787
ft_tkt_0011580,ft_sal_006201,ft_evt_0054,CORTESÍA,0.3910763515334876,0.15403233770163538,0.3040963007183335,0.26228341460227966
ft_tkt_0011581,ft_sal_006201,ft_evt_0054,CORTESÍA,0.3910763515334876,0.15403233770163538,0.3040963007183335,0.26228341460227966
ft_tkt_0011582,ft_sal_006202,ft_evt_0054,CORTESÍA,0.3910763515334876,0.24094103596369035,0.40813258309806105,0.4123300015926361
ft_tkt_0011583,ft_sal_006202,ft_evt_0054,CORTESÍA,0.3910763515334876,0.24094103596369035,0.40813258309806105,0.4123300015926361
ft_tkt_0011584,ft_sal_006203,ft_evt_0054,CORTESÍA,0.3910763515334876,0.1763268504039369,0.3311464324351239,0.3273974061012268
ft_tkt_0011585,ft_sal_006203,ft_evt_0054,CORTESÍA,0.3910763515334876,0.1763268504039369,0.3311464324351239,0.3273974061012268
ft_tkt_0011586,ft_sal_006204,ft_evt_0054,CORTESÍA,0.3910763515334876,0.3050772548203177,0.40552339898826945,0.38949623703956604
ft_tkt_0011587,ft_sal_006204,ft_evt_0054,CORTESÍA,0.3910763515334876,0.3050772548203177,0.40552339898826945,0.38949623703956604
ft_tkt_0011588,ft_sal_006204,ft_evt_0054,CORTESÍA,0.3910763515334876,0.3050772548203177,0.40552339898826945,0.38949623703956604
ft_tkt_0011589,ft_sal_006204,ft_evt_0054,CORTESÍA,0.3910763515334876,0.3050772548203177,0.40552339898826945,0.38949623703956604
ft_tkt_0011590,ft_sal_006205,ft_evt_0054,CORTESÍA,0.3910763515334876,0.2609006963470408,0.40092715406201146,0.5279451608657837
ft_tkt_0011591,ft_sal_006205,ft_evt_0054,CORTESÍA,0.3910763515334876,0.2609006963470408,0.40092715406201146,0.5279451608657837
ft_tkt_0011592,ft_sal_006205,ft_evt_0054,CORTESÍA,0.3910763515334876,0.2609006963470408,0.40092715406201146,0.5279451608657837
ft_tkt_0011593,ft_sal_006206,ft_evt_0054,CORTESÍA,0.3910763515334876,0.16602934853387752,0.3330149799141074,0.3163433074951172
ft_tkt_0011594,ft_sal_006206,ft_evt_0054,CORTESÍA,0.3910763515334876,0.16602934853387752,0.3330149799141074,0.3163433074951172
ft_tkt_0011595,ft_sal_006207,ft_evt_0054,CORTESÍA,0.3910763515334876,0.11635796994717956,0.26522519942165407,0.18429617583751678
ft_tkt_0011596,ft_sal_006208,ft_evt_0054,CORTESÍA,0.3910763515334876,0.2373392144424947,0.4053662248073422,0.4089052677154541
ft_tkt_0011597,ft_sal_006208,ft_evt_0054,CORTESÍA,0.3910763515334876,0.2373392144424947,0.4053662248073422,0.4089052677154541
ft_tkt_0011598,ft_sal_006208,ft_evt_0054,CORTESÍA,0.3910763515334876,0.2373392144424947,0.4053662248073422,0.4089052677154541
ft_tkt_0011599,ft_sal_006209,ft_evt_0054,CORTESÍA,0.3910763515334876,0.17040392176224226,0.3032503465204705,0.34460052847862244
ft_tkt_0011600,ft_sal_006210,ft_evt_0054,CORTESÍA,0.3910763515334876,0.14187688032136067,0.23570259285554548,0.24756060540676117
ft_tkt_0011601,ft_sal_006211,ft_evt_0054,CORTESÍA,0.3910763515334876,0.19357841605990678,0.3379394481105757,0.35628944635391235
ft_tkt_0011602,ft_sal_006211,ft_evt_0054,CORTESÍA,0.3910763515334876,0.19357841605990678,0.3379394481105757,0.35628944635391235
ft_tkt_0011603,ft_sal_006212,ft_evt_0054,CORTESÍA,0.3910763515334876,0.24063507063725634,0.40813258309806105,0.4123300015926361
ft_tkt_0011604,ft_sal_006212,ft_evt_0054,CORTESÍA,0.3910763515334876,0.24063507063725634,0.40813258309806105,0.4123300015926361
ft_tkt_0011605,ft_sal_006213,ft_evt_0054,CORTESÍA,0.3910763515334876,0.24040577111542158,0.40813258309806105,0.4123300015926361
ft_tkt_0011606,ft_sal_006213,ft_evt_0054,CORTESÍA,0.3910763515334876,0.24040577111542158,0.40813258309806105,0.4123300015926361
ft_tkt_0011607,ft_sal_006214,ft_evt_0054,CORTESÍA,0.3910763515334876,0.12347664996306643,0.3064677087090462,0.3015173375606537
ft_tkt_0011608,ft_sal_006214,ft_evt_0054,CORTESÍA,0.3910763515334876,0.12347664996306643,0.3064677087090462,0.3015173375606537
ft_tkt_0011609,ft_sal_006214,ft_evt_0054,CORTESÍA,0.3910763515334876,0.12347664996306643,0.3064677087090462,0.3015173375606537
ft_tkt_0011610,ft_sal_006214,ft_evt_0054,CORTESÍA,0.3910763515334876,0.12347664996306643,0.3064677087090462,0.3015173375606537
ft_tkt_0011611,ft_sal_006214,ft_evt_0054,CORTESÍA,0.3910763515334876,0.12347664996306643,0.3064677087090462,0.3015173375606537
ft_tkt_0011612,ft_sal_006214,ft_evt_0054,CORTESÍA,0.3910763515334876,0.12347664996306643,0.3064677087090462,0.3015173375606537
ft_tkt_0011613,ft_sal_006215,ft_evt_0054,CORTESÍA,0.3910763515334876,0.40252036229045135,0.4189754359443469,0.39230406284332275
ft_tkt_0011614,ft_sal_006216,ft_evt_0054,CORTESÍA,0.3910763515334876,0.17554830516481693,0.2945286369959836,0.2033820003271103
ft_tkt_0011615,ft_sal_006217,ft_evt_0054,CORTESÍA,0.3910763515334876,0.08346712921858004,0.25464640418510687,0.29240626096725464
ft_tkt_0011616,ft_sal_006217,ft_evt_0054,CORTESÍA,0.3910763515334876,0.08346712921858004,0.25464640418510687,0.29240626096725464
ft_tkt_0011617,ft_sal_006217,ft_evt_0054,CORTESÍA,0.3910763515334876,0.08346712921858004,0.25464640418510687,0.29240626096725464
ft_tkt_0011618,ft_sal_006218,ft_evt_0054,CORTESÍA,0.3910763515334876,0.23505120422096648,0.4021435152389646,0.39679041504859924
ft_tkt_0011619,ft_sal_006218,ft_evt_0054,CORTESÍA,0.3910763515334876,0.23505120422096648,0.4021435152389646,0.39679041504859924
ft_tkt_0011620,ft_sal_006218,ft_evt_0054,CORTESÍA,0.3910763515334876,0.23505120422096648,0.4021435152389646,0.39679041504859924
ft_tkt_0011621,ft_sal_006218,ft_evt_0054,CORTESÍA,0.3910763515334876,0.23505120422096648,0.4021435152389646,0.39679041504859924
ft_tkt_0011622,ft_sal_006219,ft_evt_0054,CORTESÍA,0.3910763515334876,0.16316083011749868,0.3155164849331011,0.30584952235221863
ft_tkt_0011623,ft_sal_006219,ft_evt_0054,CORTESÍA,0.3910763515334876,0.16316083011749868,0.3155164849331011,0.30584952235221863
ft_tkt_0011624,ft_sal_006219,ft_evt_0054,CORTESÍA,0.3910763515334876,0.16316083011749868,0.3155164849331011,0.30584952235221863
ft_tkt_0011625,ft_sal_006219,ft_evt_0054,CORTESÍA,0.3910763515334876,0.16316083011749868,0.3155164849331011,0.30584952235221863
ft_tkt_0011626,ft_sal_006219,ft_evt_0054,CORTESÍA,0.3910763515334876,0.16316083011749868,0.3155164849331011,0.30584952235221863
ft_tkt_0011627,ft_sal_006219,ft_evt_0054,CORTESÍA,0.3910763515334876,0.16316083011749868,0.3155164849331011,0.30584952235221863
ft_tkt_0011628,ft_sal_006220,ft_evt_0054,CORTESÍA,0.3910763515334876,0.24078801965654598,0.40813258309806105,0.4123300015926361
ft_tkt_0011629,ft_sal_006220,ft_evt_0054,CORTESÍA,0.3910763515334876,0.24078801965654598,0.40813258309806105,0.4123300015926361
ft_tkt_0011630,ft_sal_006221,ft_evt_0054,CORTESÍA,0.3910763515334876,0.17031335306963707,0.30095226070878905,0.2147066295146942
ft_tkt_0011631,ft_sal_006222,ft_evt_0054,CORTESÍA,0.3910763515334876,0.209526593866844,0.4058277157233136,0.39146703481674194
ft_tkt_0011632,ft_sal_006223,ft_evt_0054,CORTESÍA,0.3910763515334876,0.18465143432110684,0.30233439974682214,0.2834432125091553
ft_tkt_0011633,ft_sal_006223,ft_evt_0054,CORTESÍA,0.3910763515334876,0.18465143432110684,0.30233439974682214,0.2834432125091553
ft_tkt_0011634,ft_sal_006224,ft_evt_0054,CORTESÍA,0.3910763515334876,0.15483176979402116,0.32709715621456653,0.2874900698661804
ft_tkt_0011635,ft_sal_006224,ft_evt_0054,CORTESÍA,0.3910763515334876,0.15483176979402116,0.32709715621456653,0.2874900698661804
ft_tkt_0011636,ft_sal_006224,ft_evt_0054,CORTESÍA,0.3910763515334876,0.15483176979402116,0.32709715621456653,0.2874900698661804
ft_tkt_0011637,ft_sal_006224,ft_evt_0054,CORTESÍA,0.3910763515334876,0.15483176979402116,0.32709715621456653,0.2874900698661804
ft_tkt_0011638,ft_sal_006225,ft_evt_0054,CORTESÍA,0.3910763515334876,0.23266105230322998,0.346637855763094,0.3355907201766968
ft_tkt_0011639,ft_sal_006225,ft_evt_0054,CORTESÍA,0.3910763515334876,0.23266105230322998,0.346637855763094,0.3355907201766968
ft_tkt_0011640,ft_sal_006226,ft_evt_0054,CORTESÍA,0.3910763515334876,0.15642650964709393,0.3367664263448086,0.3221592605113983
ft_tkt_0011641,ft_sal_006226,ft_evt_0054,CORTESÍA,0.3910763515334876,0.15642650964709393,0.3367664263448086,0.3221592605113983
ft_tkt_0011642,ft_sal_006227,ft_evt_0054,CORTESÍA,0.3910763515334876,0.08337268061026915,0.260662510602485,0.2529129385948181
ft_tkt_0011643,ft_sal_006228,ft_evt_0054,CORTESÍA,0.3910763515334876,0.12616753023126262,0.32876236480459053,0.28230148553848267
ft_tkt_0011644,ft_sal_006229,ft_evt_0054,CORTESÍA,0.3910763515334876,0.3352821408164915,0.40779853534881594,0.535932183265686
ft_tkt_0011645,ft_sal_006229,ft_evt_0054,CORTESÍA,0.3910763515334876,0.3352821408164915,0.40779853534881594,0.535932183265686
ft_tkt_0011646,ft_sal_006230,ft_evt_0054,CORTESÍA,0.3910763515334876,0.22992796100552326,0.40383883920733554,0.4053138196468353
ft_tkt_0011647,ft_sal_006230,ft_evt_0054,CORTESÍA,0.3910763515334876,0.22992796100552326,0.40383883920733554,0.4053138196468353
ft_tkt_0011648,ft_sal_006230,ft_evt_0054,CORTESÍA,0.3910763515334876,0.22992796100552326,0.40383883920733554,0.4053138196468353
ft_tkt_0011649,ft_sal_006230,ft_evt_0054,CORTESÍA,0.3910763515334876,0.22992796100552326,0.40383883920733554,0.4053138196468353
ft_tkt_0011650,ft_sal_006230,ft_evt_0054,CORTESÍA,0.3910763515334876,0.22992796100552326,0.40383883920733554,0.4053138196468353
ft_tkt_0011651,ft_sal_006230,ft_evt_0054,CORTESÍA,0.3910763515334876,0.22992796100552326,0.40383883920733554,0.4053138196468353
ft_tkt_0011652,ft_sal_006231,ft_evt_0054,CORTESÍA,0.3910763515334876,0.13817507479040164,0.2794264817473268,0.21801163256168365
ft_tkt_0011653,ft_sal_006232,ft_evt_0054,CORTESÍA,0.3910763515334876,0.22843113003482637,0.41096848202906516,0.3969043791294098
ft_tkt_0011654,ft_sal_006233,ft_evt_0054,CORTESÍA,0.3910763515334876,0.28501564409549807,0.3733537169793186,0.3318716585636139
ft_tkt_0011655,ft_sal_006234,ft_evt_0054,CORTESÍA,0.3910763515334876,0.12825428582533754,0.298918258722829,0.3086862564086914
ft_tkt_0011656,ft_sal_006235,ft_evt_0054,CORTESÍA,0.3910763515334876,0.24109411771209585,0.40813258309806105,0.4123300015926361
ft_tkt_0011657,ft_sal_006235,ft_evt_0054,CORTESÍA,0.3910763515334876,0.24109411771209585,0.40813258309806105,0.4123300015926361
ft_tkt_0011658,ft_sal_006236,ft_evt_0054,CORTESÍA,0.3910763515334876,0.16114068244087645,0.29817991699626634,0.24395373463630676
ft_tkt_0011659,ft_sal_006237,ft_evt_0054,CORTESÍA,0.3910763515334876,0.24094103596369035,0.40813258309806105,0.4123300015926361
ft_tkt_0011660,ft_sal_006237,ft_evt_0054,CORTESÍA,0.3910763515334876,0.24094103596369035,0.40813258309806105,0.4123300015926361
ft_tkt_0011661,ft_sal_006238,ft_evt_0054,CORTESÍA,0.3910763515334876,0.17305167508654096,0.35666078545694146,0.28186020255088806
ft_tkt_0011662,ft_sal_006239,ft_evt_0054,CORTESÍA,0.3910763515334876,0.17527924355583807,0.31423229763916977,0.3206120431423187
ft_tkt_0011663,ft_sal_006239,ft_evt_0054,CORTESÍA,0.3910763515334876,0.17527924355583807,0.31423229763916977,0.3206120431423187
ft_tkt_0011664,ft_sal_006240,ft_evt_0054,CORTESÍA,0.3910763515334876,0.2512712853944039,0.365293553644217,0.32144129276275635
ft_tkt_0011665,ft_sal_006240,ft_evt_0054,CORTESÍA,0.3910763515334876,0.2512712853944039,0.365293553644217,0.32144129276275635
ft_tkt_0011666,ft_sal_006240,ft_evt_0054,CORTESÍA,0.3910763515334876,0.2512712853944039,0.365293553644217,0.32144129276275635
ft_tkt_0011667,ft_sal_006240,ft_evt_0054,CORTESÍA,0.3910763515334876,0.2512712853944039,0.365293553644217,0.32144129276275635
ft_tkt_0011668,ft_sal_006241,ft_evt_0054,CORTESÍA,0.3910763515334876,0.3553522897427976,0.35603037337729815,0.29761168360710144
ft_tkt_0011669,ft_sal_006242,ft_evt_0054,CORTESÍA,0.3910763515334876,0.2373392144424947,0.4053662248073422,0.4089052677154541
ft_tkt_0011670,ft_sal_006242,ft_evt_0054,CORTESÍA,0.3910763515334876,0.2373392144424947,0.4053662248073422,0.4089052677154541
ft_tkt_0011671,ft_sal_006242,ft_evt_0054,CORTESÍA,0.3910763515334876,0.2373392144424947,0.4053662248073422,0.4089052677154541
ft_tkt_0011672,ft_sal_006243,ft_evt_0054,CORTESÍA,0.3910763515334876,0.31039165200110913,0.4115281546412472,0.4049419164657593
ft_tkt_0011673,ft_sal_006243,ft_evt_0054,CORTESÍA,0.3910763515334876,0.31039165200110913,0.4115281546412472,0.4049419164657593
ft_tkt_0011674,ft_sal_006244,ft_evt_0054,CORTESÍA,0.3910763515334876,0.14356635876494844,0.2768456805720248,0.17891250550746918
ft_tkt_0011675,ft_sal_006245,ft_evt_0054,CORTESÍA,0.3910763515334876,0.1894348399837448,0.3289477375264335,0.24825161695480347
ft_tkt_0011676,ft_sal_006246,ft_evt_0054,CORTESÍA,0.3910763515334876,0.25423338267276085,0.34881034127141913,0.3228225111961365
ft_tkt_0011677,ft_sal_006246,ft_evt_0054,CORTESÍA,0.3910763515334876,0.25423338267276085,0.34881034127141913,0.3228225111961365
ft_tkt_0011678,ft_sal_006247,ft_evt_0054,CORTESÍA,0.3910763515334876,0.20966522952975886,0.4058277157233136,0.39146703481674194
ft_tkt_0011679,ft_sal_006248,ft_evt_0054,CORTESÍA,0.3910763515334876,0.1263734828489371,0.27610929772824744,0.2071675807237625
ft_tkt_0011680,ft_sal_006248,ft_evt_0054,CORTESÍA,0.3910763515334876,0.1263734828489371,0.27610929772824744,0.2071675807237625
ft_tkt_0011681,ft_sal_006249,ft_evt_0054,CORTESÍA,0.3910763515334876,0.20980393340843184,0.4058277157233136,0.39146703481674194
ft_tkt_0011682,ft_sal_006250,ft_evt_0054,CORTESÍA,0.3910763515334876,0.21035942027247753,0.4058277157233136,0.39146703481674194
ft_tkt_0011683,ft_sal_006251,ft_evt_0054,CORTESÍA,0.3910763515334876,0.2081935696931338,0.29478575881868385,0.20946773886680603
ft_tkt_0011684,ft_sal_006252,ft_evt_0054,CORTESÍA,0.3910763515334876,0.20980393340843184,0.4058277157233136,0.39146703481674194
ft_tkt_0011685,ft_sal_006253,ft_evt_0054,CORTESÍA,0.3910763515334876,0.18067966344546266,0.30385535585240925,0.265205055475235
ft_tkt_0011686,ft_sal_006253,ft_evt_0054,CORTESÍA,0.3910763515334876,0.18067966344546266,0.30385535585240925,0.265205055475235
ft_tkt_0011687,ft_sal_006254,ft_evt_0054,CORTESÍA,0.3910763515334876,0.21679160933719085,0.312275981746081,0.32992786169052124
ft_tkt_0011688,ft_sal_006254,ft_evt_0054,CORTESÍA,0.3910763515334876,0.21679160933719085,0.312275981746081,0.32992786169052124
ft_tkt_0011689,ft_sal_006254,ft_evt_0054,CORTESÍA,0.3910763515334876,0.21679160933719085,0.312275981746081,0.32992786169052124
ft_tkt_0011690,ft_sal_006255,ft_evt_0054,CORTESÍA,0.3910763515334876,0.20691254380817375,0.34768076358311817,0.3234458863735199
ft_tkt_0011691,ft_sal_006255,ft_evt_0054,CORTESÍA,0.3910763515334876,0.20691254380817375,0.34768076358311817,0.3234458863735199
ft_tkt_0011692,ft_sal_006255,ft_evt_0054,CORTESÍA,0.3910763515334876,0.20691254380817375,0.34768076358311817,0.3234458863735199
ft_tkt_0011693,ft_sal_006256,ft_evt_0054,CORTESÍA,0.3910763515334876,0.16028486552995938,0.3422977951221634,0.29076075553894043
ft_tkt_0011694,ft_sal_006256,ft_evt_0054,CORTESÍA,0.3910763515334876,0.16028486552995938,0.3422977951221634,0.29076075553894043
ft_tkt_0011695,ft_sal_006256,ft_evt_0054,CORTESÍA,0.3910763515334876,0.16028486552995938,0.3422977951221634,0.29076075553894043
ft_tkt_0011696,ft_sal_006256,ft_evt_0054,CORTESÍA,0.3910763515334876,0.16028486552995938,0.3422977951221634,0.29076075553894043
ft_tkt_0011697,ft_sal_006256,ft_evt_0054,CORTESÍA,0.3910763515334876,0.16028486552995938,0.3422977951221634,0.29076075553894043
ft_tkt_0011698,ft_sal_006256,ft_evt_0054,CORTESÍA,0.3910763515334876,0.16028486552995938,0.3422977951221634,0.29076075553894043
ft_tkt_0011699,ft_sal_006257,ft_evt_0054,CORTESÍA,0.3910763515334876,0.17333640331670522,0.3402569054291708,0.3220973610877991
ft_tkt_0011700,ft_sal_006257,ft_evt_0054,CORTESÍA,0.3910763515334876,0.17333640331670522,0.3402569054291708,0.3220973610877991
ft_tkt_0011701,ft_sal_006258,ft_evt_0054,CORTESÍA,0.3910763515334876,0.17546585134627146,0.3434652022915241,0.3373684883117676
ft_tkt_0011702,ft_sal_006258,ft_evt_0054,CORTESÍA,0.3910763515334876,0.17546585134627146,0.3434652022915241,0.3373684883117676
ft_tkt_0011703,ft_sal_006259,ft_evt_0054,CORTESÍA,0.3910763515334876,0.1496333712158839,0.33473890343350987,0.2928304970264435
ft_tkt_0011704,ft_sal_006260,ft_evt_0054,CORTESÍA,0.3910763515334876,0.2100121147398437,0.4058277157233136,0.39146703481674194
ft_tkt_0011705,ft_sal_006261,ft_evt_0054,CORTESÍA,0.3910763515334876,0.16660350708739408,0.30697449080817374,0.3249996304512024
ft_tkt_0011706,ft_sal_006262,ft_evt_0054,CORTESÍA,0.3910763515334876,0.17025097294676894,0.3349049475418183,0.31971275806427
ft_tkt_0011707,ft_sal_006262,ft_evt_0054,CORTESÍA,0.3910763515334876,0.17025097294676894,0.3349049475418183,0.31971275806427
ft_tkt_0011708,ft_sal_006262,ft_evt_0054,CORTESÍA,0.3910763515334876,0.17025097294676894,0.3349049475418183,0.31971275806427
ft_tkt_0011709,ft_sal_006263,ft_evt_0035,CORTESÍA,0.3910763515334876,0.23977851371125034,0.36565236818126423,0.34281685948371887
ft_tkt_0011710,ft_sal_006263,ft_evt_0035,CORTESÍA,0.3910763515334876,0.23977851371125034,0.36565236818126423,0.34281685948371887
ft_tkt_0011711,ft_sal_006264,ft_evt_0035,GENERAL,0.9361195153053811,0.9691304972273278,0.9441651356050179,0.9601418972015381
ft_tkt_0011712,ft_sal_006265,ft_evt_0035,VIP,0.937698148842865,0.9197963642698735,0.9442916665382544,0.9553953409194946
ft_tkt_0011713,ft_sal_006265,ft_evt_0035,VIP,0.937698148842865,0.9197963642698735,0.9442916665382544,0.9553953409194946
ft_tkt_0011714,ft_sal_006265,ft_evt_0035,VIP,0.937698148842865,0.9197963642698735,0.9442916665382544,0.9553953409194946
ft_tkt_0011715,ft_sal_006265,ft_evt_0035,VIP,0.937698148842865,0.9197963642698735,0.9442916665382544,0.9553953409194946
ft_tkt_0011716,ft_sal_006265,ft_evt_0035,VIP,0.937698148842865,0.9197963642698735,0.9442916665382544,0.9553953409194946
ft_tkt_0011717,ft_sal_006265,ft_evt_0035,VIP,0.937698148842865,0.9197963642698735,0.9442916665382544,0.9553953409194946
ft_tkt_0011718,ft_sal_006266,ft_evt_0035,GENERAL,0.9361195153053811,0.8523217906032282,0.9269448769124391,0.9039174318313599
ft_tkt_0011719,ft_sal_006267,ft_evt_0035,CORTESÍA,0.3910763515334876,0.2580838836898447,0.4254883758673874,0.3795247972011566
ft_tkt_0011720,ft_sal_006268,ft_evt_0035,GENERAL,0.9361195153053811,0.8730641320245055,0.9390754818256422,0.93476802110672
ft_tkt_0011721,ft_sal_006269,ft_evt_0035,CORTESÍA,0.3910763515334876,0.1739166510228097,0.3360239316378558,0.3445209264755249
ft_tkt_0011722,ft_sal_006270,ft_evt_0035,VIP,0.937698148842865,0.9073884835295773,0.9336806444184049,0.927139163017273
ft_tkt_0011723,ft_sal_006271,ft_evt_0035,CORTESÍA,0.3910763515334876,0.36864740409634345,0.4496727310126504,0.3560067415237427
ft_tkt_0011724,ft_sal_006272,ft_evt_0035,CORTESÍA,0.3910763515334876,0.2584846755670091,0.4254883758673874,0.3795247972011566
ft_tkt_0011725,ft_sal_006273,ft_evt_0035,CORTESÍA,0.3910763515334876,0.2866882718346594,0.4219420483736928,0.380683034658432
ft_tkt_0011726,ft_sal_006273,ft_evt_0035,CORTESÍA,0.3910763515334876,0.2866882718346594,0.4219420483736928,0.380683034658432
ft_tkt_0011727,ft_sal_006273,ft_evt_0035,CORTESÍA,0.3910763515334876,0.2866882718346594,0.4219420483736928,0.380683034658432
ft_tkt_0011728,ft_sal_006273,ft_evt_0035,CORTESÍA,0.3910763515334876,0.2866882718346594,0.4219420483736928,0.380683034658432
ft_tkt_0011729,ft_sal_006274,ft_evt_0035,GENERAL,0.9361195153053811,0.7915090917320599,0.9011894256783451,0.8845661282539368
ft_tkt_0011730,ft_sal_006274,ft_evt_0035,GENERAL,0.9361195153053811,0.7915090917320599,0.9011894256783451,0.8845661282539368
ft_tkt_0011731,ft_sal_006275,ft_evt_0035,GENERAL,0.9361195153053811,0.9041068363031044,0.9423642714571964,0.9387978911399841
ft_tkt_0011732,ft_sal_006276,ft_evt_0035,GENERAL,0.9361195153053811,0.902040779152519,0.9399350697072852,0.9224874973297119
ft_tkt_0011733,ft_sal_006277,ft_evt_0035,GENERAL,0.9361195153053811,0.9143854100033308,0.9424484675434672,0.9446040391921997
ft_tkt_0011734,ft_sal_006277,ft_evt_0035,GENERAL,0.9361195153053811,0.9143854100033308,0.9424484675434672,0.9446040391921997
ft_tkt_0011735,ft_sal_006277,ft_evt_0035,GENERAL,0.9361195153053811,0.9143854100033308,0.9424484675434672,0.9446040391921997
ft_tkt_0011736,ft_sal_006278,ft_evt_0035,VIP,0.937698148842865,0.9462227224475976,0.9435364657921731,0.9454957842826843
ft_tkt_0011737,ft_sal_006279,ft_evt_0035,GENERAL,0.9361195153053811,0.8705030601010395,0.9276914117715549,0.8770199418067932
ft_tkt_0011738,ft_sal_006279,ft_evt_0035,GENERAL,0.9361195153053811,0.8705030601010395,0.9276914117715549,0.8770199418067932
ft_tkt_0011739,ft_sal_006279,ft_evt_0035,GENERAL,0.9361195153053811,0.8705030601010395,0.9276914117715549,0.8770199418067932
ft_tkt_0011740,ft_sal_006279,ft_evt_0035,GENERAL,0.9361195153053811,0.8705030601010395,0.9276914117715549,0.8770199418067932
ft_tkt_0011741,ft_sal_006280,ft_evt_0035,GENERAL,0.9361195153053811,0.8466039675860458,0.9192786568536458,0.8613853454589844
ft_tkt_0011742,ft_sal_006281,ft_evt_0035,GENERAL,0.9361195153053811,0.8725470440866421,0.9314908278226627,0.9345702528953552
ft_tkt_0011743,ft_sal_006281,ft_evt_0035,GENERAL,0.9361195153053811,0.8725470440866421,0.9314908278226627,0.9345702528953552
ft_tkt_0011744,ft_sal_006282,ft_evt_0035,GENERAL,0.9361195153053811,0.9152983322848206,0.9392964690107183,0.9323532581329346
ft_tkt_0011745,ft_sal_006282,ft_evt_0035,GENERAL,0.9361195153053811,0.9152983322848206,0.9392964690107183,0.9323532581329346
ft_tkt_0011746,ft_sal_006283,ft_evt_0035,GENERAL,0.9361195153053811,0.8512642132764342,0.9305747859868432,0.9222666025161743
ft_tkt_0011747,ft_sal_006283,ft_evt_0035,GENERAL,0.9361195153053811,0.8512642132764342,0.9305747859868432,0.9222666025161743
ft_tkt_0011748,ft_sal_006284,ft_evt_0035,GENERAL,0.9361195153053811,0.881108169722016,0.9309789013088965,0.9183923602104187
ft_tkt_0011749,ft_sal_006284,ft_evt_0035,GENERAL,0.9361195153053811,0.881108169722016,0.9309789013088965,0.9183923602104187
ft_tkt_0011750,ft_sal_006284,ft_evt_0035,GENERAL,0.9361195153053811,0.881108169722016,0.9309789013088965,0.9183923602104187
ft_tkt_0011751,ft_sal_006284,ft_evt_0035,GENERAL,0.9361195153053811,0.881108169722016,0.9309789013088965,0.9183923602104187
ft_tkt_0011752,ft_sal_006285,ft_evt_0035,GENERAL,0.9361195153053811,0.9512076380440014,0.948911133401994,0.9352890253067017
ft_tkt_0011753,ft_sal_006286,ft_evt_0035,PREFERENCIAL,0.9331061337242351,0.9744546714505158,0.9478899542559673,0.9403132796287537
ft_tkt_0011754,ft_sal_006287,ft_evt_0035,CORTESÍA,0.3910763515334876,0.3932300934761817,0.33012056218133945,0.4352751076221466
ft_tkt_0011755,ft_sal_006288,ft_evt_0035,PREFERENCIAL,0.9331061337242351,0.8686422738450149,0.9107804564868438,0.9025248885154724
ft_tkt_0011756,ft_sal_006289,ft_evt_0035,CORTESÍA,0.3910763515334876,0.3669990848731985,0.45682391067660394,0.42338719964027405
ft_tkt_0011757,ft_sal_006289,ft_evt_0035,CORTESÍA,0.3910763515334876,0.3669990848731985,0.45682391067660394,0.42338719964027405
ft_tkt_0011758,ft_sal_006290,ft_evt_0035,CORTESÍA,0.3910763515334876,0.25824415160449493,0.4254883758673874,0.3795247972011566
ft_tkt_0011759,ft_sal_006291,ft_evt_0035,GENERAL,0.9361195153053811,0.8729438312957853,0.9309386725154591,0.938398003578186
ft_tkt_0011760,ft_sal_006291,ft_evt_0035,GENERAL,0.9361195153053811,0.8729438312957853,0.9309386725154591,0.938398003578186
ft_tkt_0011761,ft_sal_006292,ft_evt_0035,GENERAL,0.9361195153053811,0.9159868704745605,0.9402036245963173,0.9306996464729309
ft_tkt_0011762,ft_sal_006292,ft_evt_0035,GENERAL,0.9361195153053811,0.9159868704745605,0.9402036245963173,0.9306996464729309
ft_tkt_0011763,ft_sal_006293,ft_evt_0035,PREFERENCIAL,0.9331061337242351,0.9130939797423038,0.9334862876936677,0.9201169013977051
ft_tkt_0011764,ft_sal_006293,ft_evt_0035,PREFERENCIAL,0.9331061337242351,0.9130939797423038,0.9334862876936677,0.9201169013977051
ft_tkt_0011765,ft_sal_006294,ft_evt_0035,PREFERENCIAL,0.9331061337242351,0.9074272295667196,0.9311782129184779,0.9363794922828674
ft_tkt_0011766,ft_sal_006295,ft_evt_0035,VIP,0.937698148842865,0.9241373290212173,0.9426681729838756,0.943725049495697
ft_tkt_0011767,ft_sal_006296,ft_evt_0035,GENERAL,0.9361195153053811,0.8703052023850768,0.9301312168093662,0.9040109515190125
ft_tkt_0011768,ft_sal_006296,ft_evt_0035,GENERAL,0.9361195153053811,0.8703052023850768,0.9301312168093662,0.9040109515190125
ft_tkt_0011769,ft_sal_006297,ft_evt_0035,GENERAL,0.9361195153053811,0.8438252494560042,0.9230227678808625,0.8979127407073975
ft_tkt_0011770,ft_sal_006297,ft_evt_0035,GENERAL,0.9361195153053811,0.8438252494560042,0.9230227678808625,0.8979127407073975
ft_tkt_0011771,ft_sal_006297,ft_evt_0035,GENERAL,0.9361195153053811,0.8438252494560042,0.9230227678808625,0.8979127407073975
ft_tkt_0011772,ft_sal_006298,ft_evt_0035,CORTESÍA,0.3910763515334876,0.25840448534245364,0.4254883758673874,0.3795247972011566
ft_tkt_0011773,ft_sal_006299,ft_evt_0035,CORTESÍA,0.3910763515334876,0.25795580740030405,0.3662134252121575,0.24200209975242615
ft_tkt_0011774,ft_sal_006300,ft_evt_0035,GENERAL,0.9361195153053811,0.871020142110053,0.9323626977426606,0.9299931526184082
ft_tkt_0011775,ft_sal_006300,ft_evt_0035,GENERAL,0.9361195153053811,0.871020142110053,0.9323626977426606,0.9299931526184082
ft_tkt_0011776,ft_sal_006301,ft_evt_0026,CORTESÍA,0.3910763515334876,0.27004925448022954,0.3640018230029292,0.36968791484832764
ft_tkt_0011777,ft_sal_006301,ft_evt_0026,CORTESÍA,0.3910763515334876,0.27004925448022954,0.3640018230029292,0.36968791484832764
ft_tkt_0011778,ft_sal_006302,ft_evt_0026,GENERAL,0.9361195153053811,0.9017004012259059,0.9323660745273566,0.9353957176208496
ft_tkt_0011779,ft_sal_006303,ft_evt_0026,GENERAL,0.9361195153053811,0.9294788103885359,0.9338536672180994,0.9479999542236328
ft_tkt_0011780,ft_sal_006303,ft_evt_0026,GENERAL,0.9361195153053811,0.9294788103885359,0.9338536672180994,0.9479999542236328
ft_tkt_0011781,ft_sal_006304,ft_evt_0026,GENERAL,0.9361195153053811,0.9648749115728671,0.9504828059413107,0.9227092266082764
ft_tkt_0011782,ft_sal_006305,ft_evt_0026,GENERAL,0.9361195153053811,0.8995143148105673,0.9312243765784077,0.9457023739814758
ft_tkt_0011783,ft_sal_006306,ft_evt_0026,GENERAL,0.9361195153053811,0.9370114732208135,0.9520558439715193,0.9214432239532471
ft_tkt_0011784,ft_sal_006307,ft_evt_0026,PREFERENCIAL,0.9331061337242351,0.8780773981335609,0.9358761366164043,0.9519361257553101
ft_tkt_0011785,ft_sal_006308,ft_evt_0026,GENERAL,0.9361195153053811,0.9120446511847609,0.9318289485858178,0.9233036637306213
ft_tkt_0011786,ft_sal_006308,ft_evt_0026,GENERAL,0.9361195153053811,0.9120446511847609,0.9318289485858178,0.9233036637306213
ft_tkt_0011787,ft_sal_006309,ft_evt_0026,CORTESÍA,0.3910763515334876,0.2935760823249421,0.37234401514846277,0.40138617157936096
ft_tkt_0011788,ft_sal_006310,ft_evt_0026,VIP,0.937698148842865,0.9436427518040523,0.9482689987097591,0.9560912847518921
ft_tkt_0011789,ft_sal_006311,ft_evt_0026,GENERAL,0.9361195153053811,0.9169950247316092,0.9493878417276402,0.9343428611755371
ft_tkt_0011790,ft_sal_006311,ft_evt_0026,GENERAL,0.9361195153053811,0.9169950247316092,0.9493878417276402,0.9343428611755371
ft_tkt_0011791,ft_sal_006312,ft_evt_0026,PREFERENCIAL,0.9331061337242351,0.94837284115053,0.9467443658936175,0.9489783644676208
ft_tkt_0011792,ft_sal_006313,ft_evt_0026,PREFERENCIAL,0.9331061337242351,0.9257868881415162,0.9503705846587386,0.9432809948921204
ft_tkt_0011793,ft_sal_006314,ft_evt_0026,GENERAL,0.9361195153053811,0.92651067478129,0.951709489798272,0.9505119323730469
ft_tkt_0011794,ft_sal_006314,ft_evt_0026,GENERAL,0.9361195153053811,0.92651067478129,0.951709489798272,0.9505119323730469
ft_tkt_0011795,ft_sal_006315,ft_evt_0026,CORTESÍA,0.3910763515334876,0.32925106371556956,0.40980799436729726,0.467054545879364
ft_tkt_0011796,ft_sal_006315,ft_evt_0026,CORTESÍA,0.3910763515334876,0.32925106371556956,0.40980799436729726,0.467054545879364
ft_tkt_0011797,ft_sal_006316,ft_evt_0026,GENERAL,0.9361195153053811,0.9370402283851803,0.953052159229825,0.9395687580108643
ft_tkt_0011798,ft_sal_006316,ft_evt_0026,GENERAL,0.9361195153053811,0.9370402283851803,0.953052159229825,0.9395687580108643
ft_tkt_0011799,ft_sal_006317,ft_evt_0026,GENERAL,0.9361195153053811,0.886987246764821,0.9302215485790006,0.8873928189277649
ft_tkt_0011800,ft_sal_006318,ft_evt_0026,GENERAL,0.9361195153053811,0.9299263384319925,0.9363979758901695,0.8926514387130737
ft_tkt_0011801,ft_sal_006319,ft_evt_0026,GENERAL,0.9361195153053811,0.9191063727852704,0.9524480389718908,0.9213898777961731
ft_tkt_0011802,ft_sal_006319,ft_evt_0026,GENERAL,0.9361195153053811,0.9191063727852704,0.9524480389718908,0.9213898777961731
ft_tkt_0011803,ft_sal_006319,ft_evt_0026,GENERAL,0.9361195153053811,0.9191063727852704,0.9524480389718908,0.9213898777961731
ft_tkt_0011804,ft_sal_006319,ft_evt_0026,GENERAL,0.9361195153053811,0.9191063727852704,0.9524480389718908,0.9213898777961731
ft_tkt_0011805,ft_sal_006320,ft_evt_0026,GENERAL,0.9361195153053811,0.892329764480085,0.929477415064526,0.8862209916114807
ft_tkt_0011806,ft_sal_006320,ft_evt_0026,GENERAL,0.9361195153053811,0.892329764480085,0.929477415064526,0.8862209916114807
ft_tkt_0011807,ft_sal_006320,ft_evt_0026,GENERAL,0.9361195153053811,0.892329764480085,0.929477415064526,0.8862209916114807
ft_tkt_0011808,ft_sal_006320,ft_evt_0026,GENERAL,0.9361195153053811,0.892329764480085,0.929477415064526,0.8862209916114807
ft_tkt_0011809,ft_sal_006320,ft_evt_0026,GENERAL,0.9361195153053811,0.892329764480085,0.929477415064526,0.8862209916114807
ft_tkt_0011810,ft_sal_006320,ft_evt_0026,GENERAL,0.9361195153053811,0.892329764480085,0.929477415064526,0.8862209916114807
ft_tkt_0011811,ft_sal_006321,ft_evt_0026,CORTESÍA,0.3910763515334876,0.2924612895086045,0.4091479626418944,0.4466996192932129
ft_tkt_0011812,ft_sal_006322,ft_evt_0026,VIP,0.937698148842865,0.9369562617972935,0.9374730584167617,0.9502284526824951
ft_tkt_0011813,ft_sal_006322,ft_evt_0026,VIP,0.937698148842865,0.9369562617972935,0.9374730584167617,0.9502284526824951
ft_tkt_0011814,ft_sal_006323,ft_evt_0026,GENERAL,0.9361195153053811,0.857221308480662,0.9300936685395081,0.9357842803001404
ft_tkt_0011815,ft_sal_006324,ft_evt_0026,VIP,0.937698148842865,0.9359727849221628,0.938350880502521,0.9425095319747925
ft_tkt_0011816,ft_sal_006324,ft_evt_0026,VIP,0.937698148842865,0.9359727849221628,0.938350880502521,0.9425095319747925
ft_tkt_0011817,ft_sal_006325,ft_evt_0026,PREFERENCIAL,0.9331061337242351,0.9031594321530979,0.9319044012130538,0.9464221596717834
ft_tkt_0011818,ft_sal_006326,ft_evt_0026,VIP,0.937698148842865,0.9222325964592415,0.935104281910281,0.9456538558006287
ft_tkt_0011819,ft_sal_006326,ft_evt_0026,VIP,0.937698148842865,0.9222325964592415,0.935104281910281,0.9456538558006287
ft_tkt_0011820,ft_sal_006327,ft_evt_0026,GENERAL,0.9361195153053811,0.9216216655738932,0.9468263770653512,0.9335300922393799
ft_tkt_0011821,ft_sal_006328,ft_evt_0026,GENERAL,0.9361195153053811,0.9090443920458466,0.9514410495000186,0.9324995875358582
ft_tkt_0011822,ft_sal_006328,ft_evt_0026,GENERAL,0.9361195153053811,0.9090443920458466,0.9514410495000186,0.9324995875358582
ft_tkt_0011823,ft_sal_006329,ft_evt_0026,PREFERENCIAL,0.9331061337242351,0.9419886433538611,0.9338898162684072,0.9534490704536438
ft_tkt_0011824,ft_sal_006330,ft_evt_0026,GENERAL,0.9361195153053811,0.9433513715710132,0.9464608440660929,0.9337210655212402
ft_tkt_0011825,ft_sal_006331,ft_evt_0026,CORTESÍA,0.3910763515334876,0.35393568238213957,0.46457846961642246,0.5237887501716614
ft_tkt_0011826,ft_sal_006331,ft_evt_0026,CORTESÍA,0.3910763515334876,0.35393568238213957,0.46457846961642246,0.5237887501716614
ft_tkt_0011827,ft_sal_006332,ft_evt_0026,CORTESÍA,0.3910763515334876,0.1433802828799446,0.27254309855872944,0.19529889523983002
ft_tkt_0011828,ft_sal_006333,ft_evt_0026,PREFERENCIAL,0.9331061337242351,0.9197346504818026,0.9358786261204388,0.9457768797874451
ft_tkt_0011829,ft_sal_006333,ft_evt_0026,PREFERENCIAL,0.9331061337242351,0.9197346504818026,0.9358786261204388,0.9457768797874451
ft_tkt_0011830,ft_sal_006334,ft_evt_0026,GENERAL,0.9361195153053811,0.9062494919794042,0.9339103938412859,0.9238999485969543
ft_tkt_0011831,ft_sal_006334,ft_evt_0026,GENERAL,0.9361195153053811,0.9062494919794042,0.9339103938412859,0.9238999485969543
ft_tkt_0011832,ft_sal_006334,ft_evt_0026,GENERAL,0.9361195153053811,0.9062494919794042,0.9339103938412859,0.9238999485969543
ft_tkt_0011833,ft_sal_006335,ft_evt_0026,GENERAL,0.9361195153053811,0.9253415353851987,0.952155544415098,0.9488222599029541
ft_tkt_0011834,ft_sal_006335,ft_evt_0026,GENERAL,0.9361195153053811,0.9253415353851987,0.952155544415098,0.9488222599029541
ft_tkt_0011835,ft_sal_006336,ft_evt_0026,GENERAL,0.9361195153053811,0.9191384330549958,0.9445741806333876,0.9402124285697937
ft_tkt_0011836,ft_sal_006337,ft_evt_0026,VIP,0.937698148842865,0.9609306947671514,0.9537706976075427,0.9652950763702393
ft_tkt_0011837,ft_sal_006337,ft_evt_0026,VIP,0.937698148842865,0.9609306947671514,0.9537706976075427,0.9652950763702393
ft_tkt_0011838,ft_sal_006338,ft_evt_0026,PREFERENCIAL,0.9331061337242351,0.8843695380910896,0.9329165132372246,0.9208335876464844
ft_tkt_0011839,ft_sal_006339,ft_evt_0009,VIP,0.937698148842865,0.9480974906128192,0.9504314293350844,0.9677694439888
ft_tkt_0011840,ft_sal_006339,ft_evt_0009,VIP,0.937698148842865,0.9480974906128192,0.9504314293350844,0.9677694439888
ft_tkt_0011841,ft_sal_006340,ft_evt_0009,GENERAL,0.9361195153053811,0.8480352010491531,0.9258181161861918,0.8679446578025818
ft_tkt_0011842,ft_sal_006341,ft_evt_0009,GENERAL,0.9361195153053811,0.8775408723973105,0.9377026490435625,0.9179912805557251
ft_tkt_0011843,ft_sal_006341,ft_evt_0009,GENERAL,0.9361195153053811,0.8775408723973105,0.9377026490435625,0.9179912805557251
ft_tkt_0011844,ft_sal_006342,ft_evt_0009,GENERAL,0.9361195153053811,0.9572951201365156,0.9555728884974012,0.9294534921646118
ft_tkt_0011845,ft_sal_006343,ft_evt_0009,PREFERENCIAL,0.9331061337242351,0.9418453163838323,0.9487041040728958,0.9477378726005554
ft_tkt_0011846,ft_sal_006344,ft_evt_0009,VIP,0.937698148842865,0.9503346177446217,0.9397611771302191,0.95179682970047
ft_tkt_0011847,ft_sal_006344,ft_evt_0009,VIP,0.937698148842865,0.9503346177446217,0.9397611771302191,0.95179682970047
ft_tkt_0011848,ft_sal_006345,ft_evt_0009,GENERAL,0.9361195153053811,0.8738813908920886,0.9337688069449076,0.9223089218139648
ft_tkt_0011849,ft_sal_006345,ft_evt_0009,GENERAL,0.9361195153053811,0.8738813908920886,0.9337688069449076,0.9223089218139648
ft_tkt_0011850,ft_sal_006346,ft_evt_0009,GENERAL,0.9361195153053811,0.9258130176130939,0.9503381432417605,0.9307209849357605
ft_tkt_0011851,ft_sal_006346,ft_evt_0009,GENERAL,0.9361195153053811,0.9258130176130939,0.9503381432417605,0.9307209849357605
ft_tkt_0011852,ft_sal_006347,ft_evt_0009,VIP,0.937698148842865,0.9040650025640042,0.9381786464666302,0.9340803027153015
ft_tkt_0011853,ft_sal_006348,ft_evt_0009,CORTESÍA,0.3910763515334876,0.23338327592760205,0.357197943599882,0.29810744524002075
ft_tkt_0011854,ft_sal_006349,ft_evt_0009,GENERAL,0.9361195153053811,0.8977956640774529,0.9398873711865304,0.9261534214019775
ft_tkt_0011855,ft_sal_006350,ft_evt_0009,GENERAL,0.9361195153053811,0.8801390861007653,0.943330153916319,0.9528850317001343
ft_tkt_0011856,ft_sal_006350,ft_evt_0009,GENERAL,0.9361195153053811,0.8801390861007653,0.943330153916319,0.9528850317001343
ft_tkt_0011857,ft_sal_006350,ft_evt_0009,GENERAL,0.9361195153053811,0.8801390861007653,0.943330153916319,0.9528850317001343
ft_tkt_0011858,ft_sal_006350,ft_evt_0009,GENERAL,0.9361195153053811,0.8801390861007653,0.943330153916319,0.9528850317001343
ft_tkt_0011859,ft_sal_006350,ft_evt_0009,GENERAL,0.9361195153053811,0.8801390861007653,0.943330153916319,0.9528850317001343
ft_tkt_0011860,ft_sal_006350,ft_evt_0009,GENERAL,0.9361195153053811,0.8801390861007653,0.943330153916319,0.9528850317001343
ft_tkt_0011861,ft_sal_006351,ft_evt_0009,PREFERENCIAL,0.9331061337242351,0.8841335929474794,0.9389792768837316,0.941207230091095
ft_tkt_0011862,ft_sal_006351,ft_evt_0009,PREFERENCIAL,0.9331061337242351,0.8841335929474794,0.9389792768837316,0.941207230091095
ft_tkt_0011863,ft_sal_006352,ft_evt_0009,VIP,0.937698148842865,0.9373464394361204,0.9387317641015879,0.9495129585266113
ft_tkt_0011864,ft_sal_006352,ft_evt_0009,VIP,0.937698148842865,0.9373464394361204,0.9387317641015879,0.9495129585266113
ft_tkt_0011865,ft_sal_006353,ft_evt_0009,PREFERENCIAL,0.9331061337242351,0.9116713056118482,0.9556955540716696,0.9497977495193481
ft_tkt_0011866,ft_sal_006354,ft_evt_0009,PREFERENCIAL,0.9331061337242351,0.8837330923177252,0.939086486600839,0.9280382394790649
ft_tkt_0011867,ft_sal_006354,ft_evt_0009,PREFERENCIAL,0.9331061337242351,0.8837330923177252,0.939086486600839,0.9280382394790649
ft_tkt_0011868,ft_sal_006354,ft_evt_0009,PREFERENCIAL,0.9331061337242351,0.8837330923177252,0.939086486600839,0.9280382394790649
ft_tkt_0011869,ft_sal_006355,ft_evt_0009,GENERAL,0.9361195153053811,0.8841356472578179,0.9332541571978152,0.9408837556838989
ft_tkt_0011870,ft_sal_006356,ft_evt_0009,CORTESÍA,0.3910763515334876,0.21740320498834984,0.3266568873961441,0.3134554922580719
ft_tkt_0011871,ft_sal_006356,ft_evt_0009,CORTESÍA,0.3910763515334876,0.21740320498834984,0.3266568873961441,0.3134554922580719
ft_tkt_0011872,ft_sal_006357,ft_evt_0009,PREFERENCIAL,0.9331061337242351,0.8847620576458661,0.9379442612639823,0.9436439871788025
ft_tkt_0011873,ft_sal_006357,ft_evt_0009,PREFERENCIAL,0.9331061337242351,0.8847620576458661,0.9379442612639823,0.9436439871788025
ft_tkt_0011874,ft_sal_006357,ft_evt_0009,PREFERENCIAL,0.9331061337242351,0.8847620576458661,0.9379442612639823,0.9436439871788025
ft_tkt_0011875,ft_sal_006357,ft_evt_0009,PREFERENCIAL,0.9331061337242351,0.8847620576458661,0.9379442612639823,0.9436439871788025
ft_tkt_0011876,ft_sal_006358,ft_evt_0044,PREFERENCIAL,0.9331061337242351,0.930717647138408,0.93765991399778,0.9453604817390442
ft_tkt_0011877,ft_sal_006358,ft_evt_0044,PREFERENCIAL,0.9331061337242351,0.930717647138408,0.93765991399778,0.9453604817390442
ft_tkt_0011878,ft_sal_006358,ft_evt_0044,PREFERENCIAL,0.9331061337242351,0.930717647138408,0.93765991399778,0.9453604817390442
ft_tkt_0011879,ft_sal_006359,ft_evt_0044,VIP,0.937698148842865,0.8617088465687623,0.934269464033848,0.9546842575073242
ft_tkt_0011880,ft_sal_006359,ft_evt_0044,VIP,0.937698148842865,0.8617088465687623,0.934269464033848,0.9546842575073242
ft_tkt_0011881,ft_sal_006359,ft_evt_0044,VIP,0.937698148842865,0.8617088465687623,0.934269464033848,0.9546842575073242
ft_tkt_0011882,ft_sal_006359,ft_evt_0044,VIP,0.937698148842865,0.8617088465687623,0.934269464033848,0.9546842575073242
ft_tkt_0011883,ft_sal_006359,ft_evt_0044,VIP,0.937698148842865,0.8617088465687623,0.934269464033848,0.9546842575073242
ft_tkt_0011884,ft_sal_006359,ft_evt_0044,VIP,0.937698148842865,0.8617088465687623,0.934269464033848,0.9546842575073242
ft_tkt_0011885,ft_sal_006360,ft_evt_0044,GENERAL,0.9361195153053811,0.8836696001743322,0.9329982620120068,0.9309163093566895
ft_tkt_0011886,ft_sal_006361,ft_evt_0044,CORTESÍA,0.3910763515334876,0.3051734113569435,0.32918735303783175,0.2606333792209625
ft_tkt_0011887,ft_sal_006362,ft_evt_0044,GENERAL,0.9361195153053811,0.8797654976841762,0.909987360910009,0.8564110398292542
ft_tkt_0011888,ft_sal_006362,ft_evt_0044,GENERAL,0.9361195153053811,0.8797654976841762,0.909987360910009,0.8564110398292542
ft_tkt_0011889,ft_sal_006362,ft_evt_0044,GENERAL,0.9361195153053811,0.8797654976841762,0.909987360910009,0.8564110398292542
ft_tkt_0011890,ft_sal_006362,ft_evt_0044,GENERAL,0.9361195153053811,0.8797654976841762,0.909987360910009,0.8564110398292542
ft_tkt_0011891,ft_sal_006363,ft_evt_0044,CORTESÍA,0.3910763515334876,0.2572620336673469,0.41062098602283686,0.3697272837162018
ft_tkt_0011892,ft_sal_006364,ft_evt_0044,CORTESÍA,0.3910763515334876,0.20152329684504638,0.3879593508238198,0.3678981065750122
ft_tkt_0011893,ft_sal_006365,ft_evt_0044,VIP,0.937698148842865,0.9156941149117908,0.9384751628821765,0.9572367072105408
ft_tkt_0011894,ft_sal_006365,ft_evt_0044,VIP,0.937698148842865,0.9156941149117908,0.9384751628821765,0.9572367072105408
ft_tkt_0011895,ft_sal_006365,ft_evt_0044,VIP,0.937698148842865,0.9156941149117908,0.9384751628821765,0.9572367072105408
ft_tkt_0011896,ft_sal_006365,ft_evt_0044,VIP,0.937698148842865,0.9156941149117908,0.9384751628821765,0.9572367072105408
ft_tkt_0011897,ft_sal_006366,ft_evt_0044,GENERAL,0.9361195153053811,0.9076769200702236,0.9422722084117151,0.9282057285308838
ft_tkt_0011898,ft_sal_006367,ft_evt_0044,CORTESÍA,0.3910763515334876,0.2607904628997767,0.33223769289940996,0.2835085690021515
ft_tkt_0011899,ft_sal_006368,ft_evt_0044,GENERAL,0.9361195153053811,0.878181427413471,0.9311047559766393,0.9177860617637634
ft_tkt_0011900,ft_sal_006368,ft_evt_0044,GENERAL,0.9361195153053811,0.878181427413471,0.9311047559766393,0.9177860617637634
ft_tkt_0011901,ft_sal_006368,ft_evt_0044,GENERAL,0.9361195153053811,0.878181427413471,0.9311047559766393,0.9177860617637634
ft_tkt_0011902,ft_sal_006368,ft_evt_0044,GENERAL,0.9361195153053811,0.878181427413471,0.9311047559766393,0.9177860617637634
ft_tkt_0011903,ft_sal_006369,ft_evt_0044,PREFERENCIAL,0.9331061337242351,0.8886966500658884,0.940077165750797,0.933506429195404
ft_tkt_0011904,ft_sal_006370,ft_evt_0044,PREFERENCIAL,0.9331061337242351,0.9490033288925408,0.9514526570820132,0.9544244408607483
ft_tkt_0011905,ft_sal_006370,ft_evt_0044,PREFERENCIAL,0.9331061337242351,0.9490033288925408,0.9514526570820132,0.9544244408607483
ft_tkt_0011906,ft_sal_006371,ft_evt_0044,GENERAL,0.9361195153053811,0.8778053739832108,0.9306916643027084,0.9385403394699097
ft_tkt_0011907,ft_sal_006371,ft_evt_0044,GENERAL,0.9361195153053811,0.8778053739832108,0.9306916643027084,0.9385403394699097
ft_tkt_0011908,ft_sal_006371,ft_evt_0044,GENERAL,0.9361195153053811,0.8778053739832108,0.9306916643027084,0.9385403394699097
ft_tkt_0011909,ft_sal_006371,ft_evt_0044,GENERAL,0.9361195153053811,0.8778053739832108,0.9306916643027084,0.9385403394699097
ft_tkt_0011910,ft_sal_006371,ft_evt_0044,GENERAL,0.9361195153053811,0.8778053739832108,0.9306916643027084,0.9385403394699097
ft_tkt_0011911,ft_sal_006371,ft_evt_0044,GENERAL,0.9361195153053811,0.8778053739832108,0.9306916643027084,0.9385403394699097
ft_tkt_0011912,ft_sal_006372,ft_evt_0044,CORTESÍA,0.3910763515334876,0.21549632754231457,0.3517150486734035,0.307070791721344
ft_tkt_0011913,ft_sal_006372,ft_evt_0044,CORTESÍA,0.3910763515334876,0.21549632754231457,0.3517150486734035,0.307070791721344
ft_tkt_0011914,ft_sal_006373,ft_evt_0044,PREFERENCIAL,0.9331061337242351,0.9322618276414749,0.9564859199548332,0.9692909121513367
ft_tkt_0011915,ft_sal_006373,ft_evt_0044,PREFERENCIAL,0.9331061337242351,0.9322618276414749,0.9564859199548332,0.9692909121513367
ft_tkt_0011916,ft_sal_006373,ft_evt_0044,PREFERENCIAL,0.9331061337242351,0.9322618276414749,0.9564859199548332,0.9692909121513367
ft_tkt_0011917,ft_sal_006374,ft_evt_0044,PREFERENCIAL,0.9331061337242351,0.9174391257838547,0.9450060602761357,0.9442119002342224
ft_tkt_0011918,ft_sal_006375,ft_evt_0044,GENERAL,0.9361195153053811,0.9067333106392408,0.9420936970273748,0.9066641330718994
ft_tkt_0011919,ft_sal_006376,ft_evt_0044,GENERAL,0.9361195153053811,0.937485112534049,0.9542862104298948,0.930561900138855
ft_tkt_0011920,ft_sal_006377,ft_evt_0044,GENERAL,0.9361195153053811,0.9095705112947692,0.94341041888596,0.9243158102035522
ft_tkt_0011921,ft_sal_006378,ft_evt_0044,VIP,0.937698148842865,0.9919273277794427,0.9526327496184895,0.9625353217124939
ft_tkt_0011922,ft_sal_006379,ft_evt_0044,GENERAL,0.9361195153053811,0.8779483068659447,0.9338013848999095,0.8694502115249634
ft_tkt_0011923,ft_sal_006380,ft_evt_0044,PREFERENCIAL,0.9331061337242351,0.8969263953389466,0.9366420580820893,0.935321033000946
ft_tkt_0011924,ft_sal_006380,ft_evt_0044,PREFERENCIAL,0.9331061337242351,0.8969263953389466,0.9366420580820893,0.935321033000946
ft_tkt_0011925,ft_sal_006380,ft_evt_0044,PREFERENCIAL,0.9331061337242351,0.8969263953389466,0.9366420580820893,0.935321033000946
ft_tkt_0011926,ft_sal_006381,ft_evt_0044,CORTESÍA,0.3910763515334876,0.14357576128043878,0.2910179220235197,0.2335290163755417
ft_tkt_0011927,ft_sal_006382,ft_evt_0044,GENERAL,0.9361195153053811,0.9185506988141248,0.9423083767554238,0.9393634796142578
ft_tkt_0011928,ft_sal_006382,ft_evt_0044,GENERAL,0.9361195153053811,0.9185506988141248,0.9423083767554238,0.9393634796142578
ft_tkt_0011929,ft_sal_006382,ft_evt_0044,GENERAL,0.9361195153053811,0.9185506988141248,0.9423083767554238,0.9393634796142578
ft_tkt_0011930,ft_sal_006383,ft_evt_0044,CORTESÍA,0.3910763515334876,0.29352596309126633,0.4112817399355002,0.3923551142215729
ft_tkt_0011931,ft_sal_006383,ft_evt_0044,CORTESÍA,0.3910763515334876,0.29352596309126633,0.4112817399355002,0.3923551142215729
